InvoiceID,InvoiceNumber,CustomerID,OrderID,InvoiceDate,DueDate,SubTotal,TaxAmount,TotalAmount,InvoiceStatus,CreatedBy
INV-808fc41a-5eac-43b9-84d6-12633f04542a,IS300000,CID-001,808fc41a-5eac-43b9-84d6-12633f04542a,2026-04-19,2026-05-19,1829.96,160.12,1990.08,Paid,SampleGen
INV-2aaed450-2e4d-41e3-816f-e5a80fba4beb,IS300001,CID-001,2aaed450-2e4d-41e3-816f-e5a80fba4beb,2021-05-10,2021-06-09,3919.94,343.0,4262.94,Paid,SampleGen
INV-2be88b22-007c-435c-ae0b-f3e652130658,IS300002,CID-001,2be88b22-007c-435c-ae0b-f3e652130658,2025-09-26,2025-10-26,2614.97,228.81,2843.78,Paid,SampleGen
INV-a9a0462f-3339-4559-90cd-f0885a30da16,IS300003,CID-001,a9a0462f-3339-4559-90cd-f0885a30da16,2026-06-29,2026-07-29,2299.93,201.25,2501.18,Paid,SampleGen
INV-3ae71ca7-8198-46c2-addd-cfbd1bb743c1,IS300004,CID-002,3ae71ca7-8198-46c2-addd-cfbd1bb743c1,2022-06-13,2022-07-13,789.96,69.12,859.08,Paid,SampleGen
INV-b4ea736f-a3bd-443c-965d-f7446a4b20b9,IS300005,CID-003,b4ea736f-a3bd-443c-965d-f7446a4b20b9,2025-05-16,2025-06-15,3579.94,313.25,3893.19,Paid,SampleGen
INV-8ac8bcf5-f387-4133-89a2-912c7b908aca,IS300006,CID-003,8ac8bcf5-f387-4133-89a2-912c7b908aca,2024-02-24,2024-03-25,4699.94,411.25,5111.19,Paid,SampleGen
INV-0893c1ec-ec5a-40fa-b479-df7c0b0b5f80,IS300007,CID-003,0893c1ec-ec5a-40fa-b479-df7c0b0b5f80,2021-07-01,2021-07-31,2709.95,237.12,2947.07,Paid,SampleGen
INV-f31e59c0-2c8e-4a1d-8a97-0e545309cc61,IS300008,CID-003,f31e59c0-2c8e-4a1d-8a97-0e545309cc61,2022-06-06,2022-07-06,839.96,73.5,913.46,Paid,SampleGen
INV-9df43b67-bade-4396-b06a-dc76e7b0bd47,IS300009,CID-003,9df43b67-bade-4396-b06a-dc76e7b0bd47,2023-01-02,2023-02-01,1059.96,92.75,1152.71,Paid,SampleGen
INV-cbbfa51b-3994-435c-939c-01c6d2edd679,IS300010,CID-004,cbbfa51b-3994-435c-939c-01c6d2edd679,2021-08-27,2021-09-26,14.99,1.31,16.3,Paid,SampleGen
INV-814ad11b-b02a-4f81-9d23-97da8456d837,IS300011,CID-005,814ad11b-b02a-4f81-9d23-97da8456d837,2022-12-18,2023-01-17,899.98,78.75,978.73,Paid,SampleGen
INV-7292ff72-f61d-4569-b8e1-ff0b99098a64,IS300012,CID-005,7292ff72-f61d-4569-b8e1-ff0b99098a64,2024-11-23,2024-12-23,1359.95,118.99,1478.94,Paid,SampleGen
INV-f9ed93db-6df3-4ba2-bcb8-bc1f7dc476b1,IS300013,CID-005,f9ed93db-6df3-4ba2-bcb8-bc1f7dc476b1,2021-05-03,2021-06-02,1359.96,119.0,1478.96,Paid,SampleGen
INV-e9e3b1b2-3ebd-4449-a106-d8c3bbb1bb2c,IS300014,CID-005,e9e3b1b2-3ebd-4449-a106-d8c3bbb1bb2c,2026-01-09,2026-02-08,2029.94,177.61,2207.55,Paid,SampleGen
INV-8bef4f29-752f-43cf-9f46-c5e298a33b3d,IS300015,CID-006,8bef4f29-752f-43cf-9f46-c5e298a33b3d,2021-09-29,2021-10-29,2049.96,179.37,2229.33,Paid,SampleGen
INV-4e7c53fa-1778-48c1-a4c6-0151c6f89eb2,IS300016,CID-006,4e7c53fa-1778-48c1-a4c6-0151c6f89eb2,2026-06-28,2026-07-28,1679.94,147.0,1826.94,Paid,SampleGen
INV-e4f249b4-b994-41f7-97a8-6b9e1af0dfb2,IS300017,CID-006,e4f249b4-b994-41f7-97a8-6b9e1af0dfb2,2022-12-19,2023-01-18,3199.95,280.0,3479.95,Paid,SampleGen
INV-5330cd59-05bd-4e8b-99bb-e664f63c232f,IS300018,CID-006,5330cd59-05bd-4e8b-99bb-e664f63c232f,2025-12-09,2026-01-08,1099.98,96.25,1196.23,Paid,SampleGen
INV-6ea5b7f8-1472-4a7b-9eae-64210d4cce76,IS300019,CID-007,6ea5b7f8-1472-4a7b-9eae-64210d4cce76,2025-12-27,2026-01-26,2599.97,227.5,2827.47,Paid,SampleGen
INV-bb8c595a-fb18-490f-b2c1-e23e6160083a,IS300020,CID-007,bb8c595a-fb18-490f-b2c1-e23e6160083a,2026-10-17,2026-11-16,2629.95,230.11,2860.06,Paid,SampleGen
INV-21ccda0c-37a6-4d7a-a822-4721114da688,IS300021,CID-008,21ccda0c-37a6-4d7a-a822-4721114da688,2021-05-15,2021-06-14,1099.98,96.25,1196.23,Paid,SampleGen
INV-e6d03e30-4d4b-4eb6-85f2-ffb7597a82ef,IS300022,CID-008,e6d03e30-4d4b-4eb6-85f2-ffb7597a82ef,2024-03-31,2024-04-30,799.98,70.0,869.98,Paid,SampleGen
INV-7cdcccc3-49e9-41a9-b891-beb04547ae87,IS300023,CID-009,7cdcccc3-49e9-41a9-b891-beb04547ae87,2021-09-11,2021-10-11,1779.95,155.75,1935.7,Paid,SampleGen
INV-8ef75dd7-f2b7-467a-a233-7205a66962e5,IS300024,CID-010,8ef75dd7-f2b7-467a-a233-7205a66962e5,2024-09-20,2024-10-20,1899.95,166.25,2066.2,Paid,SampleGen
INV-9b71793a-376a-46ee-a73b-7c7094231a3a,IS300025,CID-010,9b71793a-376a-46ee-a73b-7c7094231a3a,2021-06-08,2021-07-08,349.97,30.62,380.59,Paid,SampleGen
INV-135271f5-e1d0-4ec9-941a-9bd82f952b98,IS300026,CID-010,135271f5-e1d0-4ec9-941a-9bd82f952b98,2023-10-26,2023-11-25,1209.97,105.87,1315.84,Paid,SampleGen
INV-7677db67-25bd-4fd7-b154-67a3acc8421e,IS300027,CID-010,7677db67-25bd-4fd7-b154-67a3acc8421e,2021-07-19,2021-08-18,3299.93,288.75,3588.68,Paid,SampleGen
INV-b5744d92-b966-490c-ad89-344d62d95b51,IS300028,CID-010,b5744d92-b966-490c-ad89-344d62d95b51,2025-01-01,2025-01-31,699.98,61.25,761.23,Paid,SampleGen
INV-5f4b9ff9-580c-4986-b3db-f8187f774b54,IS300029,CID-010,5f4b9ff9-580c-4986-b3db-f8187f774b54,2025-07-22,2025-08-21,1759.95,153.99,1913.94,Paid,SampleGen
INV-abdc803d-bba5-41e5-b269-faf73bd81ff3,IS300030,CID-011,abdc803d-bba5-41e5-b269-faf73bd81ff3,2023-12-13,2024-01-12,2449.96,214.37,2664.33,Paid,SampleGen
INV-176cc2eb-b39c-4d96-b108-43dec29caa43,IS300031,CID-011,176cc2eb-b39c-4d96-b108-43dec29caa43,2025-05-01,2025-05-31,399.99,35.0,434.99,Paid,SampleGen
INV-4a80fe26-5897-47dd-88d1-f77d1458ffa7,IS300032,CID-011,4a80fe26-5897-47dd-88d1-f77d1458ffa7,2023-07-05,2023-08-04,219.97,19.25,239.22,Paid,SampleGen
INV-4ea85bf2-709d-4dc9-b3bd-d74bf1d8cde1,IS300033,CID-011,4ea85bf2-709d-4dc9-b3bd-d74bf1d8cde1,2023-05-03,2023-06-02,2389.96,209.12,2599.08,Paid,SampleGen
INV-b7865066-4b27-4ed5-89ce-ef5e504c2c75,IS300034,CID-012,b7865066-4b27-4ed5-89ce-ef5e504c2c75,2021-01-23,2021-02-22,2599.98,227.5,2827.48,Paid,SampleGen
INV-cfe2d42d-7067-4ea5-8e55-03af11bcaa03,IS300035,CID-012,cfe2d42d-7067-4ea5-8e55-03af11bcaa03,2025-06-12,2025-07-12,629.96,55.12,685.08,Paid,SampleGen
INV-cdea81e0-21aa-414a-92b2-17949824c161,IS300036,CID-013,cdea81e0-21aa-414a-92b2-17949824c161,2023-04-15,2023-05-15,1379.97,120.75,1500.72,Paid,SampleGen
INV-cfb39dfa-283c-4f57-aa69-2b51839963be,IS300037,CID-013,cfb39dfa-283c-4f57-aa69-2b51839963be,2023-12-08,2024-01-07,749.97,65.62,815.59,Paid,SampleGen
INV-1e4c71db-125e-4b49-b37c-ccb705304a31,IS300038,CID-013,1e4c71db-125e-4b49-b37c-ccb705304a31,2025-10-14,2025-11-13,2499.93,218.75,2718.68,Paid,SampleGen
INV-599cba47-4146-4ba0-90bf-07d09bd83fc3,IS300039,CID-014,599cba47-4146-4ba0-90bf-07d09bd83fc3,2025-08-16,2025-09-15,1074.95,94.06,1169.01,Paid,SampleGen
INV-4e15b9cd-634d-4c62-91d6-8cea7c0dbc71,IS300040,CID-014,4e15b9cd-634d-4c62-91d6-8cea7c0dbc71,2024-08-17,2024-09-16,2179.94,190.74,2370.68,Paid,SampleGen
INV-21896dfa-25db-4c9e-9c95-a0a3d3522288,IS300041,CID-015,21896dfa-25db-4c9e-9c95-a0a3d3522288,2025-08-19,2025-09-18,1059.92,92.75,1152.67,Paid,SampleGen
INV-0ffa35cc-3c6f-4aaa-8d07-33ec9c1d1d92,IS300042,CID-015,0ffa35cc-3c6f-4aaa-8d07-33ec9c1d1d92,2025-08-31,2025-09-30,2099.97,183.75,2283.72,Paid,SampleGen
INV-eb03fd84-5832-406b-840f-c15ceed5905f,IS300043,CID-016,eb03fd84-5832-406b-840f-c15ceed5905f,2022-04-26,2022-05-26,1399.98,122.5,1522.48,Paid,SampleGen
INV-48243a64-2730-4a0b-9e73-ad30a0e711a3,IS300044,CID-016,48243a64-2730-4a0b-9e73-ad30a0e711a3,2024-12-01,2024-12-31,1099.97,96.25,1196.22,Paid,SampleGen
INV-34add744-eeab-4932-829e-840a03f62715,IS300045,CID-017,34add744-eeab-4932-829e-840a03f62715,2025-12-30,2026-01-29,2429.95,212.62,2642.57,Paid,SampleGen
INV-10b9c3f6-733e-499e-9775-82c448200994,IS300046,CID-017,10b9c3f6-733e-499e-9775-82c448200994,2026-10-16,2026-11-15,3059.94,267.75,3327.69,Paid,SampleGen
INV-7cd7485e-ff76-4132-b217-61db6576c3d0,IS300047,CID-017,7cd7485e-ff76-4132-b217-61db6576c3d0,2024-04-02,2024-05-02,319.98,28.0,347.98,Paid,SampleGen
INV-f7197948-6424-44f5-b6cc-7f5ac4cd3a55,IS300048,CID-017,f7197948-6424-44f5-b6cc-7f5ac4cd3a55,2025-09-21,2025-10-21,2309.95,202.12,2512.07,Paid,SampleGen
INV-01f89be9-7401-406b-9abf-ce366b46ddfe,IS300049,CID-017,01f89be9-7401-406b-9abf-ce366b46ddfe,2025-06-27,2025-07-27,499.98,43.75,543.73,Paid,SampleGen
INV-e55447c9-f93e-467c-8c0a-004814797ede,IS300050,CID-018,e55447c9-f93e-467c-8c0a-004814797ede,2025-09-04,2025-10-04,1299.98,113.75,1413.73,Paid,SampleGen
INV-77571c14-ce0e-404f-9e8f-1030b40c6469,IS300051,CID-018,77571c14-ce0e-404f-9e8f-1030b40c6469,2026-07-07,2026-08-06,1654.95,144.8,1799.75,Paid,SampleGen
INV-23292c58-826f-4f04-bdfb-1e872ac219a8,IS300052,CID-019,23292c58-826f-4f04-bdfb-1e872ac219a8,2024-04-07,2024-05-07,1009.96,88.37,1098.33,Paid,SampleGen
INV-ab9f151d-b3a4-4220-bee3-99a381ea493b,IS300053,CID-019,ab9f151d-b3a4-4220-bee3-99a381ea493b,2021-01-26,2021-02-25,899.98,78.75,978.73,Paid,SampleGen
INV-2c89e079-1f32-408e-b2c8-aacac53c0269,IS300054,CID-019,2c89e079-1f32-408e-b2c8-aacac53c0269,2025-01-30,2025-03-01,1099.97,96.25,1196.22,Paid,SampleGen
INV-ae371c13-f775-4203-88ea-1b1f40d34003,IS300055,CID-019,ae371c13-f775-4203-88ea-1b1f40d34003,2026-06-20,2026-07-20,264.98,23.18,288.16,Paid,SampleGen
INV-7cd509f0-4e31-48c2-8cc8-061d3f8c5217,IS300056,CID-020,7cd509f0-4e31-48c2-8cc8-061d3f8c5217,2022-01-13,2022-02-12,2659.94,232.74,2892.68,Paid,SampleGen
INV-767106a5-f9b6-400d-98cd-6389587827a1,IS300057,CID-020,767106a5-f9b6-400d-98cd-6389587827a1,2023-09-08,2023-10-08,1184.94,103.68,1288.62,Paid,SampleGen
INV-c6a7bbf1-65bc-42d9-84d8-148836e1cccd,IS300058,CID-020,c6a7bbf1-65bc-42d9-84d8-148836e1cccd,2024-08-25,2024-09-24,2329.94,203.87,2533.81,Paid,SampleGen
INV-c6efbd83-dbee-4514-90c6-7e75b655886b,IS300059,CID-020,c6efbd83-dbee-4514-90c6-7e75b655886b,2022-07-20,2022-08-19,1149.95,100.62,1250.57,Paid,SampleGen
INV-e1d9b691-4fbe-4dfd-959b-f05c749466d2,IS300060,CID-020,e1d9b691-4fbe-4dfd-959b-f05c749466d2,2022-05-04,2022-06-03,379.98,33.25,413.23,Paid,SampleGen
INV-f7d693de-33aa-4361-b07b-3a24bf1f4a2b,IS300061,CID-020,f7d693de-33aa-4361-b07b-3a24bf1f4a2b,2023-02-26,2023-03-28,3709.94,324.62,4034.56,Paid,SampleGen
INV-cc09216f-a9e2-4040-ac88-c6ac9c11fe24,IS300062,CID-021,cc09216f-a9e2-4040-ac88-c6ac9c11fe24,2024-05-24,2024-06-23,879.95,77.0,956.95,Paid,SampleGen
INV-75bb403f-b83e-4614-965a-db6978f0bf5e,IS300063,CID-021,75bb403f-b83e-4614-965a-db6978f0bf5e,2026-01-26,2026-02-25,3499.96,306.25,3806.21,Paid,SampleGen
INV-b8314ecc-fec1-49a0-89c2-b1d226ad87aa,IS300064,CID-021,b8314ecc-fec1-49a0-89c2-b1d226ad87aa,2025-10-27,2025-11-26,1729.95,151.37,1881.32,Paid,SampleGen
INV-c56b9da6-a548-4dd7-8d70-d4f53b4d7429,IS300065,CID-021,c56b9da6-a548-4dd7-8d70-d4f53b4d7429,2024-07-30,2024-08-29,1339.96,117.25,1457.21,Paid,SampleGen
INV-3819fedb-eda4-4aea-b32d-2eca020e56f6,IS300066,CID-022,3819fedb-eda4-4aea-b32d-2eca020e56f6,2024-04-02,2024-05-02,1609.97,140.87,1750.84,Paid,SampleGen
INV-f8e29aa4-523e-44cf-9266-9d56f4b4171d,IS300067,CID-022,f8e29aa4-523e-44cf-9266-9d56f4b4171d,2025-02-08,2025-03-10,1949.97,170.62,2120.59,Paid,SampleGen
INV-dcc52891-05a4-4446-9911-f236a2b3c927,IS300068,CID-022,dcc52891-05a4-4446-9911-f236a2b3c927,2021-08-06,2021-09-05,3339.94,292.25,3632.19,Paid,SampleGen
INV-fcc37031-9991-4c18-aebd-f551e7f75c14,IS300069,CID-022,fcc37031-9991-4c18-aebd-f551e7f75c14,2024-01-15,2024-02-14,259.98,22.75,282.73,Paid,SampleGen
INV-c419664c-f6d7-447b-96d8-3a5cf02fc694,IS300070,CID-023,c419664c-f6d7-447b-96d8-3a5cf02fc694,2023-08-03,2023-09-02,189.99,16.62,206.61,Paid,SampleGen
INV-d189b883-12f1-44ec-a58c-d88225165934,IS300071,CID-023,d189b883-12f1-44ec-a58c-d88225165934,2025-09-22,2025-10-22,1299.99,113.75,1413.74,Paid,SampleGen
INV-0435cd46-0975-4706-8bd9-e887954c1b6b,IS300072,CID-023,0435cd46-0975-4706-8bd9-e887954c1b6b,2026-05-06,2026-06-05,3289.95,287.87,3577.82,Paid,SampleGen
INV-c40efcd4-e355-49db-a358-0d24517b7bb2,IS300073,CID-023,c40efcd4-e355-49db-a358-0d24517b7bb2,2025-06-21,2025-07-21,239.98,21.0,260.98,Paid,SampleGen
INV-73fdf6a3-ae6a-4f9f-a2bb-e9133720fa55,IS300074,CID-023,73fdf6a3-ae6a-4f9f-a2bb-e9133720fa55,2024-03-31,2024-04-30,569.97,49.87,619.84,Paid,SampleGen
INV-c68b6079-5ba4-4c66-829e-e0b0edb80762,IS300075,CID-023,c68b6079-5ba4-4c66-829e-e0b0edb80762,2024-04-29,2024-05-29,1799.95,157.49,1957.44,Paid,SampleGen
INV-94506287-0d85-40e6-b0ac-b616ddcdc321,IS300076,CID-024,94506287-0d85-40e6-b0ac-b616ddcdc321,2021-11-07,2021-12-07,649.99,56.87,706.86,Paid,SampleGen
INV-5c0ed62e-8799-4df8-9357-6b69f971549c,IS300077,CID-024,5c0ed62e-8799-4df8-9357-6b69f971549c,2023-09-16,2023-10-16,2479.95,216.99,2696.94,Paid,SampleGen
INV-f055396c-9283-4047-9ceb-50bae4d27860,IS300078,CID-024,f055396c-9283-4047-9ceb-50bae4d27860,2024-08-06,2024-09-05,1699.95,148.75,1848.7,Paid,SampleGen
INV-44d3153f-d911-41a2-9b3f-1bc88d7d9a5a,IS300079,CID-025,44d3153f-d911-41a2-9b3f-1bc88d7d9a5a,2021-03-07,2021-04-06,679.95,59.49,739.44,Paid,SampleGen
INV-20279b93-dd1d-4363-a875-6844625c238b,IS300080,CID-025,20279b93-dd1d-4363-a875-6844625c238b,2022-05-28,2022-06-27,299.97,26.25,326.22,Paid,SampleGen
INV-6292162f-9ced-4fd5-ab9b-94efd17f5c3d,IS300081,CID-026,6292162f-9ced-4fd5-ab9b-94efd17f5c3d,2026-02-09,2026-03-11,2689.94,235.37,2925.31,Paid,SampleGen
INV-f159ab3a-1220-4136-a67a-b3a9c9bc0c35,IS300082,CID-026,f159ab3a-1220-4136-a67a-b3a9c9bc0c35,2024-03-20,2024-04-19,189.99,16.62,206.61,Paid,SampleGen
INV-711f085d-451b-4af6-9d1a-499e0732afde,IS300083,CID-027,711f085d-451b-4af6-9d1a-499e0732afde,2026-06-21,2026-07-21,2229.94,195.12,2425.06,Paid,SampleGen
INV-d502297c-3e02-452d-92a0-17d628705748,IS300084,CID-027,d502297c-3e02-452d-92a0-17d628705748,2024-05-02,2024-06-01,599.98,52.5,652.48,Paid,SampleGen
INV-a6fc3c53-9127-405f-ba13-d26036654cf1,IS300085,CID-028,a6fc3c53-9127-405f-ba13-d26036654cf1,2024-06-24,2024-07-24,3199.96,280.0,3479.96,Paid,SampleGen
INV-80b7d303-19fa-4bf5-a0be-1a3b38417f5d,IS300086,CID-028,80b7d303-19fa-4bf5-a0be-1a3b38417f5d,2022-10-16,2022-11-15,1519.96,133.0,1652.96,Paid,SampleGen
INV-dfa36b0f-c58b-4807-8435-168d9ab3cdfa,IS300087,CID-028,dfa36b0f-c58b-4807-8435-168d9ab3cdfa,2021-07-04,2021-08-03,709.98,62.12,772.1,Paid,SampleGen
INV-a103859f-7949-4cc1-9532-f2d63a10bb7c,IS300088,CID-028,a103859f-7949-4cc1-9532-f2d63a10bb7c,2026-07-11,2026-08-10,919.98,80.5,1000.48,Paid,SampleGen
INV-32ef3db6-8ae5-42ac-a7fe-eab24d286a6d,IS300089,CID-028,32ef3db6-8ae5-42ac-a7fe-eab24d286a6d,2026-05-11,2026-06-10,369.97,32.37,402.34,Paid,SampleGen
INV-9823a757-af82-43dd-9b77-4ade3212043a,IS300090,CID-028,9823a757-af82-43dd-9b77-4ade3212043a,2021-01-28,2021-02-27,1169.94,102.37,1272.31,Paid,SampleGen
INV-b8af9c16-e919-4753-87b3-b35dfed03ebb,IS300091,CID-028,b8af9c16-e919-4753-87b3-b35dfed03ebb,2022-05-05,2022-06-04,1749.96,153.12,1903.08,Paid,SampleGen
INV-7fa50785-969f-48dc-a133-7e069decd3f7,IS300092,CID-029,7fa50785-969f-48dc-a133-7e069decd3f7,2021-09-03,2021-10-03,499.98,43.75,543.73,Paid,SampleGen
INV-ad6c24ec-9c82-4ea5-af3d-0b6ccd467bff,IS300093,CID-029,ad6c24ec-9c82-4ea5-af3d-0b6ccd467bff,2023-02-20,2023-03-22,449.99,39.37,489.36,Paid,SampleGen
INV-8f9d7c32-4200-4127-b4f0-b0799af9d2a2,IS300094,CID-029,8f9d7c32-4200-4127-b4f0-b0799af9d2a2,2026-09-22,2026-10-22,3149.94,275.62,3425.56,Paid,SampleGen
INV-08bb9e29-d184-4945-8d67-81e47a2a8549,IS300095,CID-029,08bb9e29-d184-4945-8d67-81e47a2a8549,2025-01-06,2025-02-05,359.98,31.5,391.48,Paid,SampleGen
INV-db354f9a-3949-4010-b804-08d381e24e09,IS300096,CID-030,db354f9a-3949-4010-b804-08d381e24e09,2021-03-07,2021-04-06,409.97,35.87,445.84,Paid,SampleGen
INV-70f13d40-3bc4-4fcd-a537-57466d90a086,IS300097,CID-031,70f13d40-3bc4-4fcd-a537-57466d90a086,2024-08-09,2024-09-08,1599.97,140.0,1739.97,Paid,SampleGen
INV-9a850744-fe01-4ce3-9148-8f1a622ce493,IS300098,CID-031,9a850744-fe01-4ce3-9148-8f1a622ce493,2021-05-14,2021-06-13,79.99,7.0,86.99,Paid,SampleGen
INV-f3519f0a-5e4c-4d10-8109-5051f7060688,IS300099,CID-031,f3519f0a-5e4c-4d10-8109-5051f7060688,2023-09-03,2023-10-03,379.98,33.25,413.23,Paid,SampleGen
INV-e74ee310-d85e-4fce-a8ce-b90e84edfd3d,IS300100,CID-032,e74ee310-d85e-4fce-a8ce-b90e84edfd3d,2021-01-26,2021-02-25,2459.93,215.25,2675.18,Paid,SampleGen
INV-faa74917-b4e9-48f0-b9ba-0dda97e72af0,IS300101,CID-032,faa74917-b4e9-48f0-b9ba-0dda97e72af0,2026-06-17,2026-07-17,3479.94,304.5,3784.44,Paid,SampleGen
INV-002107f1-7e65-4ace-b8d3-3a213700eb67,IS300102,CID-033,002107f1-7e65-4ace-b8d3-3a213700eb67,2023-08-05,2023-09-04,189.99,16.62,206.61,Paid,SampleGen
INV-ded5e3fd-99b3-4782-8a91-a57cefee6401,IS300103,CID-034,ded5e3fd-99b3-4782-8a91-a57cefee6401,2024-09-30,2024-10-30,649.99,56.87,706.86,Paid,SampleGen
INV-98c915a4-be98-4d71-a7df-bd324ff13911,IS300104,CID-035,98c915a4-be98-4d71-a7df-bd324ff13911,2024-05-09,2024-06-08,459.97,40.25,500.22,Paid,SampleGen
INV-a41831e1-501a-44dc-a4a6-734c6662f2b3,IS300105,CID-035,a41831e1-501a-44dc-a4a6-734c6662f2b3,2023-06-18,2023-07-18,699.95,61.24,761.19,Paid,SampleGen
INV-1317f9dc-befa-4f1c-82ae-dce368d64c94,IS300106,CID-036,1317f9dc-befa-4f1c-82ae-dce368d64c94,2022-12-07,2023-01-06,549.99,48.12,598.11,Paid,SampleGen
INV-0856fe36-9f14-4935-9a07-eec9d0be3d84,IS300107,CID-036,0856fe36-9f14-4935-9a07-eec9d0be3d84,2023-09-19,2023-10-19,2249.96,196.87,2446.83,Paid,SampleGen
INV-b3b11a09-3e4f-47cd-ae42-686e4d466f16,IS300108,CID-036,b3b11a09-3e4f-47cd-ae42-686e4d466f16,2021-01-12,2021-02-11,2599.98,227.5,2827.48,Paid,SampleGen
INV-e3a6dc03-348e-48ff-9774-5adfc6b7046f,IS300109,CID-037,e3a6dc03-348e-48ff-9774-5adfc6b7046f,2026-03-24,2026-04-23,769.98,67.37,837.35,Paid,SampleGen
INV-21f1a8f6-aa55-42af-9c75-5776ee9af4df,IS300110,CID-037,21f1a8f6-aa55-42af-9c75-5776ee9af4df,2026-11-17,2026-12-17,119.98,10.5,130.48,Paid,SampleGen
INV-6b3c65aa-8bc0-4177-a38b-20ce0e9653f6,IS300111,CID-038,6b3c65aa-8bc0-4177-a38b-20ce0e9653f6,2022-02-15,2022-03-17,2559.94,223.99,2783.93,Paid,SampleGen
INV-142b766e-e641-4a25-9349-1a42a4217232,IS300112,CID-038,142b766e-e641-4a25-9349-1a42a4217232,2026-04-02,2026-05-02,1749.97,153.12,1903.09,Paid,SampleGen
INV-f3383053-1f51-4a49-a89f-bb47450da73a,IS300113,CID-038,f3383053-1f51-4a49-a89f-bb47450da73a,2021-12-04,2022-01-03,299.99,26.25,326.24,Paid,SampleGen
INV-bd4cbdaa-6188-489d-a2fb-11ddaa041cdb,IS300114,CID-038,bd4cbdaa-6188-489d-a2fb-11ddaa041cdb,2023-06-01,2023-07-01,1399.96,122.5,1522.46,Paid,SampleGen
INV-258fe642-c116-439c-ba96-8eb1bf3f87a4,IS300115,CID-039,258fe642-c116-439c-ba96-8eb1bf3f87a4,2025-02-10,2025-03-12,579.99,50.75,630.74,Paid,SampleGen
INV-c47d07ad-afde-4667-8bcd-f20e69f0395f,IS300116,CID-039,c47d07ad-afde-4667-8bcd-f20e69f0395f,2024-07-13,2024-08-12,379.98,33.25,413.23,Paid,SampleGen
INV-4bc5740b-dc6c-415b-94e5-73676c4a695d,IS300117,CID-039,4bc5740b-dc6c-415b-94e5-73676c4a695d,2026-09-19,2026-10-19,5199.94,455.0,5654.94,Paid,SampleGen
INV-6aa1e341-05a4-40fb-b497-a1f9aa337a38,IS300118,CID-039,6aa1e341-05a4-40fb-b497-a1f9aa337a38,2024-07-08,2024-08-07,159.98,14.0,173.98,Paid,SampleGen
INV-e86c3ca0-ba3d-4dcc-bb44-f2a5543abf31,IS300119,CID-039,e86c3ca0-ba3d-4dcc-bb44-f2a5543abf31,2024-09-11,2024-10-11,1159.98,101.5,1261.48,Paid,SampleGen
INV-324833f4-28b9-4f88-a86b-3ba7b4362cd7,IS300120,CID-039,324833f4-28b9-4f88-a86b-3ba7b4362cd7,2021-03-05,2021-04-04,2999.97,262.5,3262.47,Paid,SampleGen
INV-0e2765ad-5a16-4e2b-9efc-ce9f0c874b8e,IS300121,CID-040,0e2765ad-5a16-4e2b-9efc-ce9f0c874b8e,2021-03-04,2021-04-03,3779.95,330.75,4110.7,Paid,SampleGen
INV-ecaaca71-5c09-4ea1-829e-32dd462f893d,IS300122,CID-040,ecaaca71-5c09-4ea1-829e-32dd462f893d,2024-12-31,2025-01-30,799.98,70.0,869.98,Paid,SampleGen
INV-978da81a-ee56-423d-9216-2864360c3682,IS300123,CID-040,978da81a-ee56-423d-9216-2864360c3682,2026-01-27,2026-02-26,1529.95,133.87,1663.82,Paid,SampleGen
INV-7374dda1-8570-4c10-b97b-718e1f0dbb20,IS300124,CID-041,7374dda1-8570-4c10-b97b-718e1f0dbb20,2023-05-24,2023-06-23,2149.97,188.12,2338.09,Paid,SampleGen
INV-8c5e0d4f-8e46-4c5d-836c-4211d7c83060,IS300125,CID-041,8c5e0d4f-8e46-4c5d-836c-4211d7c83060,2022-02-13,2022-03-15,1529.96,133.87,1663.83,Paid,SampleGen
INV-4d3004c7-b178-4c2a-9a2b-4ac5f31a53b5,IS300126,CID-041,4d3004c7-b178-4c2a-9a2b-4ac5f31a53b5,2022-01-10,2022-02-09,2629.95,230.12,2860.07,Paid,SampleGen
INV-4f5e3d6a-5a8f-42db-82a2-36d079879121,IS300127,CID-041,4f5e3d6a-5a8f-42db-82a2-36d079879121,2025-05-11,2025-06-10,3119.95,273.0,3392.95,Paid,SampleGen
INV-7eb997ff-c5cb-4867-a6d6-146a3b99b61b,IS300128,CID-042,7eb997ff-c5cb-4867-a6d6-146a3b99b61b,2023-05-20,2023-06-19,1459.96,127.75,1587.71,Paid,SampleGen
INV-68154473-ed43-473b-9c26-1db83afce547,IS300129,CID-042,68154473-ed43-473b-9c26-1db83afce547,2025-05-28,2025-06-27,1559.94,136.5,1696.44,Paid,SampleGen
INV-fd33cc07-49d4-4c6d-8cb9-e9b6e37fc6d3,IS300130,CID-042,fd33cc07-49d4-4c6d-8cb9-e9b6e37fc6d3,2024-04-17,2024-05-17,909.96,79.62,989.58,Paid,SampleGen
INV-28ecf9e9-ae5f-4a89-b17d-55baceee6e15,IS300131,CID-043,28ecf9e9-ae5f-4a89-b17d-55baceee6e15,2026-10-15,2026-11-14,599.98,52.5,652.48,Paid,SampleGen
INV-82e1622c-adcd-49bd-bcfa-c94d3e153208,IS300132,CID-044,82e1622c-adcd-49bd-bcfa-c94d3e153208,2025-03-23,2025-04-22,409.97,35.87,445.84,Paid,SampleGen
INV-3b48faad-0f07-44e0-9320-c409e844b30e,IS300133,CID-045,3b48faad-0f07-44e0-9320-c409e844b30e,2025-10-29,2025-11-28,649.99,56.87,706.86,Paid,SampleGen
INV-ef7cd114-4953-47df-808f-547833f60912,IS300134,CID-046,ef7cd114-4953-47df-808f-547833f60912,2025-04-18,2025-05-18,3249.97,284.37,3534.34,Paid,SampleGen
INV-79bca518-d536-429a-8b83-eda2cbfe767e,IS300135,CID-046,79bca518-d536-429a-8b83-eda2cbfe767e,2025-01-25,2025-02-24,849.97,74.37,924.34,Paid,SampleGen
INV-6c47d544-b2e9-41c6-be3a-bee2a6c70e03,IS300136,CID-046,6c47d544-b2e9-41c6-be3a-bee2a6c70e03,2024-06-13,2024-07-13,1439.94,125.99,1565.93,Paid,SampleGen
INV-4a49dace-f0e5-4c42-aa17-910d9bb2a2cd,IS300137,CID-047,4a49dace-f0e5-4c42-aa17-910d9bb2a2cd,2024-12-12,2025-01-11,974.96,85.31,1060.27,Paid,SampleGen
INV-3d150285-fbab-40f7-9ffd-4d189e0f2636,IS300138,CID-047,3d150285-fbab-40f7-9ffd-4d189e0f2636,2026-07-26,2026-08-25,59.99,5.25,65.24,Paid,SampleGen
INV-191ffd72-f287-4347-8536-8efef9587b87,IS300139,CID-047,191ffd72-f287-4347-8536-8efef9587b87,2021-09-16,2021-10-16,2209.93,193.37,2403.3,Paid,SampleGen
INV-bee90f6e-4277-4205-b385-03dca9ecaf9c,IS300140,CID-047,bee90f6e-4277-4205-b385-03dca9ecaf9c,2025-05-23,2025-06-22,899.98,78.75,978.73,Paid,SampleGen
INV-c92f607e-d231-4863-af50-33eaf7eca865,IS300141,CID-048,c92f607e-d231-4863-af50-33eaf7eca865,2026-04-20,2026-05-20,149.99,13.12,163.11,Paid,SampleGen
INV-b84cd853-3ab4-4aef-a969-12a6cb8b9368,IS300142,CID-048,b84cd853-3ab4-4aef-a969-12a6cb8b9368,2021-06-08,2021-07-08,649.99,56.87,706.86,Paid,SampleGen
INV-65841d1f-bda2-4256-af91-b55ca6134959,IS300143,CID-048,65841d1f-bda2-4256-af91-b55ca6134959,2021-07-05,2021-08-04,2449.97,214.37,2664.34,Paid,SampleGen
INV-7fa56294-152f-4458-84f3-58ca69cc2291,IS300144,CID-048,7fa56294-152f-4458-84f3-58ca69cc2291,2024-05-22,2024-06-21,159.98,14.0,173.98,Paid,SampleGen
INV-fcbc6933-2bcb-4514-8b6a-1c39b5be9502,IS300145,CID-049,fcbc6933-2bcb-4514-8b6a-1c39b5be9502,2026-04-11,2026-05-11,929.96,81.37,1011.33,Paid,SampleGen
INV-2c39a2d3-d9e3-4f9f-bcef-df3deda57d80,IS300146,CID-050,2c39a2d3-d9e3-4f9f-bcef-df3deda57d80,2022-11-09,2022-12-09,2839.95,248.5,3088.45,Paid,SampleGen
INV-1de224b4-b4d9-4369-b0da-87c43219a376,IS300147,CID-051,1de224b4-b4d9-4369-b0da-87c43219a376,2023-01-20,2023-02-19,2249.95,196.87,2446.82,Paid,SampleGen
INV-b42a3b89-106a-4ab7-946d-80f8839e87ea,IS300148,CID-052,b42a3b89-106a-4ab7-946d-80f8839e87ea,2025-04-24,2025-05-24,1899.94,166.24,2066.18,Paid,SampleGen
INV-cfc875dc-aa0b-4e69-9f1c-4887de1c68c5,IS300149,CID-052,cfc875dc-aa0b-4e69-9f1c-4887de1c68c5,2022-09-28,2022-10-28,979.98,85.75,1065.73,Paid,SampleGen
INV-049fb834-2e35-4cd5-b8c7-b163c79aa268,IS300150,CID-053,049fb834-2e35-4cd5-b8c7-b163c79aa268,2023-06-28,2023-07-28,899.98,78.75,978.73,Paid,SampleGen
INV-70dc04ca-75ed-44be-8653-68163e22833a,IS300151,CID-053,70dc04ca-75ed-44be-8653-68163e22833a,2023-09-09,2023-10-09,1379.97,120.75,1500.72,Paid,SampleGen
INV-a587d865-e895-40ff-807e-9f1d22dce91a,IS300152,CID-054,a587d865-e895-40ff-807e-9f1d22dce91a,2026-05-03,2026-06-02,249.99,21.87,271.86,Paid,SampleGen
INV-7fd7cd44-2adf-42ca-84bc-a1f586dbc935,IS300153,CID-054,7fd7cd44-2adf-42ca-84bc-a1f586dbc935,2021-01-08,2021-02-07,1049.97,91.87,1141.84,Paid,SampleGen
INV-5d847cf6-acb9-402f-a60a-ff4f1c716447,IS300154,CID-054,5d847cf6-acb9-402f-a60a-ff4f1c716447,2025-07-15,2025-08-14,379.98,33.25,413.23,Paid,SampleGen
INV-75fe3bcc-0ec1-4433-addb-26b393f1d72c,IS300155,CID-054,75fe3bcc-0ec1-4433-addb-26b393f1d72c,2021-11-06,2021-12-06,2019.96,176.75,2196.71,Paid,SampleGen
INV-447b0957-43b4-4bc5-8378-e94e07c5e32c,IS300156,CID-054,447b0957-43b4-4bc5-8378-e94e07c5e32c,2026-11-19,2026-12-19,2849.96,249.37,3099.33,Paid,SampleGen
INV-d721145a-4146-489c-b8ae-e30dd6966a5e,IS300157,CID-055,d721145a-4146-489c-b8ae-e30dd6966a5e,2025-11-09,2025-12-09,2239.94,195.99,2435.93,Paid,SampleGen
INV-b1eed904-bf3c-4d67-93ec-50f1fbf4df3d,IS300158,CID-057,b1eed904-bf3c-4d67-93ec-50f1fbf4df3d,2025-02-12,2025-03-14,1749.93,153.12,1903.05,Paid,SampleGen
INV-de1808a1-6c32-4c43-b26c-32ba84021828,IS300159,CID-057,de1808a1-6c32-4c43-b26c-32ba84021828,2021-08-16,2021-09-15,1309.94,114.62,1424.56,Paid,SampleGen
INV-8fb79396-ef47-4180-a8ef-a72444e6d226,IS300160,CID-058,8fb79396-ef47-4180-a8ef-a72444e6d226,2022-11-18,2022-12-18,2629.96,230.12,2860.08,Paid,SampleGen
INV-0d95f814-e34d-404b-97a7-9bd2767e2bf4,IS300161,CID-058,0d95f814-e34d-404b-97a7-9bd2767e2bf4,2021-05-05,2021-06-04,3149.94,275.62,3425.56,Paid,SampleGen
INV-ddbb96a2-b1d9-44cf-9842-35f315fcbfc7,IS300162,CID-059,ddbb96a2-b1d9-44cf-9842-35f315fcbfc7,2021-11-02,2021-12-02,1459.94,127.75,1587.69,Paid,SampleGen
INV-cc2c0982-3584-4d77-87ed-942aeb0d2170,IS300163,CID-059,cc2c0982-3584-4d77-87ed-942aeb0d2170,2021-08-02,2021-09-01,379.98,33.25,413.23,Paid,SampleGen
INV-7c2b0c21-4323-4683-8524-16504509e988,IS300164,CID-059,7c2b0c21-4323-4683-8524-16504509e988,2021-02-03,2021-03-05,2999.94,262.5,3262.44,Paid,SampleGen
INV-6f19ba3b-3615-4004-8197-226e666b885b,IS300165,CID-060,6f19ba3b-3615-4004-8197-226e666b885b,2026-08-04,2026-09-03,849.95,74.37,924.32,Paid,SampleGen
INV-f66bdfc1-559c-4014-a4ac-ad4b9c497c11,IS300166,CID-060,f66bdfc1-559c-4014-a4ac-ad4b9c497c11,2026-04-20,2026-05-20,1149.97,100.62,1250.59,Paid,SampleGen
INV-f802c2d2-968c-45e8-8ebe-eca98c14fd9f,IS300167,CID-061,f802c2d2-968c-45e8-8ebe-eca98c14fd9f,2023-08-19,2023-09-18,539.96,47.25,587.21,Paid,SampleGen
INV-e584ce56-9d2e-42ba-9d44-00097d5bc182,IS300168,CID-061,e584ce56-9d2e-42ba-9d44-00097d5bc182,2022-10-25,2022-11-24,599.98,52.5,652.48,Paid,SampleGen
INV-cf8f0df0-f2f5-4951-989a-1530161cc09c,IS300169,CID-062,cf8f0df0-f2f5-4951-989a-1530161cc09c,2026-05-13,2026-06-12,1199.96,105.0,1304.96,Paid,SampleGen
INV-4bc4ab8c-71cf-4d86-9ede-45e30360cde9,IS300170,CID-062,4bc4ab8c-71cf-4d86-9ede-45e30360cde9,2024-03-25,2024-04-24,349.97,30.62,380.59,Paid,SampleGen
INV-9986511c-8aea-468a-a661-0da7b5277a53,IS300171,CID-062,9986511c-8aea-468a-a661-0da7b5277a53,2022-02-05,2022-03-07,5049.95,441.87,5491.82,Paid,SampleGen
INV-6f840e95-e21c-4e67-96cc-a2de0b82729f,IS300172,CID-062,6f840e95-e21c-4e67-96cc-a2de0b82729f,2022-07-14,2022-08-13,379.98,33.25,413.23,Paid,SampleGen
INV-dd5e44de-850e-4390-a552-604d5fb2ce54,IS300173,CID-062,dd5e44de-850e-4390-a552-604d5fb2ce54,2023-12-19,2024-01-18,899.98,78.75,978.73,Paid,SampleGen
INV-e681ee7a-d76b-4477-9f50-1d85a4140689,IS300174,CID-062,e681ee7a-d76b-4477-9f50-1d85a4140689,2026-07-26,2026-08-25,1219.95,106.75,1326.7,Paid,SampleGen
INV-310ba26c-e13b-417c-8780-c0d0b12e320d,IS300175,CID-062,310ba26c-e13b-417c-8780-c0d0b12e320d,2023-08-29,2023-09-28,1539.96,134.75,1674.71,Paid,SampleGen
INV-1f1fffb6-9699-4617-8a32-4fe420d9ebde,IS300176,CID-063,1f1fffb6-9699-4617-8a32-4fe420d9ebde,2026-02-17,2026-03-19,499.98,43.75,543.73,Paid,SampleGen
INV-9bea8aa2-0f31-4567-b69b-9985c8d3900c,IS300177,CID-063,9bea8aa2-0f31-4567-b69b-9985c8d3900c,2026-02-03,2026-03-05,2699.97,236.25,2936.22,Paid,SampleGen
INV-9be65260-d5bd-41fc-ae69-f88aefbedf6d,IS300178,CID-063,9be65260-d5bd-41fc-ae69-f88aefbedf6d,2024-03-29,2024-04-28,1699.96,148.74,1848.7,Paid,SampleGen
INV-8cab6435-d6fa-4ffd-ad2d-3088f157e4f4,IS300179,CID-063,8cab6435-d6fa-4ffd-ad2d-3088f157e4f4,2023-02-10,2023-03-12,1809.97,158.37,1968.34,Paid,SampleGen
INV-ff85d666-9a9a-43c1-9282-c39f391c7ece,IS300180,CID-063,ff85d666-9a9a-43c1-9282-c39f391c7ece,2023-03-18,2023-04-17,439.96,38.5,478.46,Paid,SampleGen
INV-1c65a36f-4338-4b41-8da4-b2bb4f270c27,IS300181,CID-063,1c65a36f-4338-4b41-8da4-b2bb4f270c27,2021-12-12,2022-01-11,1029.96,90.12,1120.08,Paid,SampleGen
INV-f24149d1-e9fe-4f8f-90ea-87a187cc18da,IS300182,CID-063,f24149d1-e9fe-4f8f-90ea-87a187cc18da,2023-09-19,2023-10-19,3799.95,332.5,4132.45,Paid,SampleGen
INV-431e7ed2-6900-4a34-b2c2-145cc7a83a6d,IS300183,CID-064,431e7ed2-6900-4a34-b2c2-145cc7a83a6d,2023-08-15,2023-09-14,2599.98,227.5,2827.48,Paid,SampleGen
INV-3e546e50-96b5-40f8-8376-43ee0b242477,IS300184,CID-065,3e546e50-96b5-40f8-8376-43ee0b242477,2025-11-26,2025-12-26,1599.96,140.0,1739.96,Paid,SampleGen
INV-6ce18da0-f8cf-4595-bd12-d5f1c21b3e3b,IS300185,CID-065,6ce18da0-f8cf-4595-bd12-d5f1c21b3e3b,2026-12-28,2027-01-27,649.97,56.87,706.84,Paid,SampleGen
INV-d4f411a6-dd1b-483d-b133-f1608b2fab8f,IS300186,CID-065,d4f411a6-dd1b-483d-b133-f1608b2fab8f,2025-06-23,2025-07-23,1719.97,150.5,1870.47,Paid,SampleGen
INV-63d0bf91-cb47-4f7a-ab28-26bc97b3bd89,IS300187,CID-065,63d0bf91-cb47-4f7a-ab28-26bc97b3bd89,2021-02-11,2021-03-13,3949.95,345.62,4295.57,Paid,SampleGen
INV-25d0956c-1d24-4bfb-9a14-837bbd1b69ac,IS300188,CID-066,25d0956c-1d24-4bfb-9a14-837bbd1b69ac,2024-04-10,2024-05-10,1719.97,150.5,1870.47,Paid,SampleGen
INV-b3578491-6dce-4960-b050-6810a18a7b7b,IS300189,CID-066,b3578491-6dce-4960-b050-6810a18a7b7b,2022-06-21,2022-07-21,409.96,35.87,445.83,Paid,SampleGen
INV-559f0cc0-fdd8-40ca-b8f0-dad0793629d8,IS300190,CID-067,559f0cc0-fdd8-40ca-b8f0-dad0793629d8,2025-11-28,2025-12-28,5039.94,440.99,5480.93,Paid,SampleGen
INV-d699c129-ab4f-4d87-b144-54b45451b822,IS300191,CID-068,d699c129-ab4f-4d87-b144-54b45451b822,2026-08-30,2026-09-29,469.96,41.12,511.08,Paid,SampleGen
INV-ca35a012-50ec-4221-b451-cd3a8639a4f1,IS300192,CID-068,ca35a012-50ec-4221-b451-cd3a8639a4f1,2025-06-23,2025-07-23,3479.95,304.5,3784.45,Paid,SampleGen
INV-a0613d35-e450-47de-bae2-54a3ad5d5e5c,IS300193,CID-068,a0613d35-e450-47de-bae2-54a3ad5d5e5c,2021-11-30,2021-12-30,449.99,39.37,489.36,Paid,SampleGen
INV-b484e321-a2e8-40b9-8b8d-0fd93fd6edc0,IS300194,CID-069,b484e321-a2e8-40b9-8b8d-0fd93fd6edc0,2024-01-12,2024-02-11,899.99,78.75,978.74,Paid,SampleGen
INV-382ca43d-f25b-48c4-983a-2fd900122e81,IS300195,CID-069,382ca43d-f25b-48c4-983a-2fd900122e81,2025-03-08,2025-04-07,159.98,14.0,173.98,Paid,SampleGen
INV-add0cfbb-5915-4b1a-8f93-251992036764,IS300196,CID-069,add0cfbb-5915-4b1a-8f93-251992036764,2021-07-06,2021-08-05,1999.96,174.99,2174.95,Paid,SampleGen
INV-88fbaf92-784c-42ba-9305-e1ef6491b4bf,IS300197,CID-069,88fbaf92-784c-42ba-9305-e1ef6491b4bf,2021-07-01,2021-07-31,3109.95,272.12,3382.07,Paid,SampleGen
INV-bc961b95-8629-4d5b-8fb0-5052fe09dafb,IS300198,CID-069,bc961b95-8629-4d5b-8fb0-5052fe09dafb,2022-10-31,2022-11-30,3399.96,297.5,3697.46,Paid,SampleGen
INV-25dcb801-4c73-456e-a0d2-f65482c46e86,IS300199,CID-069,25dcb801-4c73-456e-a0d2-f65482c46e86,2024-08-11,2024-09-10,799.99,70.0,869.99,Paid,SampleGen
INV-cee17422-b2c1-4953-a350-df212488e0b2,IS300200,CID-069,cee17422-b2c1-4953-a350-df212488e0b2,2022-04-13,2022-05-13,1449.94,126.87,1576.81,Paid,SampleGen
INV-db05b247-2201-4563-a6d3-66d87d9d01aa,IS300201,CID-070,db05b247-2201-4563-a6d3-66d87d9d01aa,2022-12-24,2023-01-23,2899.95,253.75,3153.7,Paid,SampleGen
INV-f0759220-d491-4235-8037-9fe690edca60,IS300202,CID-071,f0759220-d491-4235-8037-9fe690edca60,2024-07-20,2024-08-19,1799.95,157.5,1957.45,Paid,SampleGen
INV-433c2156-f372-4c46-9563-5205345711cd,IS300203,CID-071,433c2156-f372-4c46-9563-5205345711cd,2021-01-23,2021-02-22,2479.95,216.99,2696.94,Paid,SampleGen
INV-363aa7e6-3bcc-4061-b3ac-2df8accb1cfb,IS300204,CID-071,363aa7e6-3bcc-4061-b3ac-2df8accb1cfb,2025-07-31,2025-08-30,239.98,21.0,260.98,Paid,SampleGen
INV-5ee9c6f0-4b66-4768-b725-f88a58febdbf,IS300205,CID-072,5ee9c6f0-4b66-4768-b725-f88a58febdbf,2026-11-10,2026-12-10,549.98,48.12,598.1,Paid,SampleGen
INV-afe412fe-d5de-4ff4-ae28-0b24991c82fb,IS300206,CID-072,afe412fe-d5de-4ff4-ae28-0b24991c82fb,2023-04-08,2023-05-08,379.98,33.25,413.23,Paid,SampleGen
INV-3fde31d4-b187-4f14-8842-3b8ec8d33fb9,IS300207,CID-072,3fde31d4-b187-4f14-8842-3b8ec8d33fb9,2021-12-01,2021-12-31,4199.92,367.5,4567.42,Paid,SampleGen
INV-b08fdd2f-ea83-4746-a5bb-845085acd4bf,IS300208,CID-072,b08fdd2f-ea83-4746-a5bb-845085acd4bf,2026-10-16,2026-11-15,1029.96,90.12,1120.08,Paid,SampleGen
INV-70093c80-cf03-4ed7-9faa-56cdc0f42077,IS300209,CID-073,70093c80-cf03-4ed7-9faa-56cdc0f42077,2021-01-25,2021-02-24,379.98,33.25,413.23,Paid,SampleGen
INV-427fbe8d-24e3-4fb7-9874-51c9f59c2487,IS300210,CID-074,427fbe8d-24e3-4fb7-9874-51c9f59c2487,2026-09-17,2026-10-17,3979.95,348.25,4328.2,Paid,SampleGen
INV-e1f7fcff-b5b3-4c44-8a96-c4e8e4e8044c,IS300211,CID-074,e1f7fcff-b5b3-4c44-8a96-c4e8e4e8044c,2021-07-23,2021-08-22,1599.98,140.0,1739.98,Paid,SampleGen
INV-e86e7115-358c-4a86-80a9-f8c6a9a4974c,IS300212,CID-074,e86e7115-358c-4a86-80a9-f8c6a9a4974c,2026-11-12,2026-12-12,319.98,28.0,347.98,Paid,SampleGen
INV-f9ad5cc9-d291-4930-9b15-5ec8cc7d4468,IS300213,CID-074,f9ad5cc9-d291-4930-9b15-5ec8cc7d4468,2022-03-05,2022-04-04,3459.94,302.75,3762.69,Paid,SampleGen
INV-5bd25fdb-6e5d-40ac-a12f-07547c6bcc68,IS300214,CID-074,5bd25fdb-6e5d-40ac-a12f-07547c6bcc68,2024-03-11,2024-04-10,969.94,84.87,1054.81,Paid,SampleGen
INV-9603badc-70fa-40a0-a77c-439e8b844bf1,IS300215,CID-075,9603badc-70fa-40a0-a77c-439e8b844bf1,2021-12-06,2022-01-05,1849.96,161.87,2011.83,Paid,SampleGen
INV-91488fc3-8dcc-4aad-8059-bd9401dfe52e,IS300216,CID-075,91488fc3-8dcc-4aad-8059-bd9401dfe52e,2021-05-02,2021-06-01,3209.95,280.87,3490.82,Paid,SampleGen
INV-23b38948-de3f-46aa-8123-550b30fc023f,IS300217,CID-076,23b38948-de3f-46aa-8123-550b30fc023f,2024-02-22,2024-03-23,499.98,43.75,543.73,Paid,SampleGen
INV-1ecc4e54-0921-4acc-840a-dbe61d4dac74,IS300218,CID-076,1ecc4e54-0921-4acc-840a-dbe61d4dac74,2024-10-03,2024-11-02,4899.94,428.75,5328.69,Paid,SampleGen
INV-b8007d1f-d78d-42e3-a419-5bd85872ba24,IS300219,CID-076,b8007d1f-d78d-42e3-a419-5bd85872ba24,2023-02-13,2023-03-15,1129.94,98.87,1228.81,Paid,SampleGen
INV-633c2f22-b670-47eb-aa28-79076f3690ca,IS300220,CID-076,633c2f22-b670-47eb-aa28-79076f3690ca,2025-02-07,2025-03-09,4149.95,363.12,4513.07,Paid,SampleGen
INV-c131ebbd-c92f-4c12-a98a-6b027823dee3,IS300221,CID-076,c131ebbd-c92f-4c12-a98a-6b027823dee3,2026-01-24,2026-02-23,549.99,48.12,598.11,Paid,SampleGen
INV-07d47c37-ae53-4f4c-880a-558f7f2e6a3d,IS300222,CID-077,07d47c37-ae53-4f4c-880a-558f7f2e6a3d,2026-09-07,2026-10-07,1279.97,112.0,1391.97,Paid,SampleGen
INV-2249792f-1b48-464d-9402-9fb02dc17c32,IS300223,CID-077,2249792f-1b48-464d-9402-9fb02dc17c32,2024-09-29,2024-10-29,2519.93,220.5,2740.43,Paid,SampleGen
INV-b37f2f01-8726-49ba-8109-3c0a986f37d1,IS300224,CID-077,b37f2f01-8726-49ba-8109-3c0a986f37d1,2024-12-22,2025-01-21,2049.96,179.37,2229.33,Paid,SampleGen
INV-9ff82187-232d-4baa-a1e9-d4b52f8f5814,IS300225,CID-077,9ff82187-232d-4baa-a1e9-d4b52f8f5814,2021-01-20,2021-02-19,2599.97,227.49,2827.46,Paid,SampleGen
INV-4d0db765-59a4-4c43-baa0-9878083be759,IS300226,CID-077,4d0db765-59a4-4c43-baa0-9878083be759,2022-04-18,2022-05-18,239.98,21.0,260.98,Paid,SampleGen
INV-fb0d92ca-4b7a-40a6-841d-d17a170e0a43,IS300227,CID-078,fb0d92ca-4b7a-40a6-841d-d17a170e0a43,2022-07-30,2022-08-29,3639.93,318.5,3958.43,Paid,SampleGen
INV-c23c8774-3e2b-46bd-9e69-b946527f6ee0,IS300228,CID-078,c23c8774-3e2b-46bd-9e69-b946527f6ee0,2023-03-05,2023-04-04,559.96,49.0,608.96,Paid,SampleGen
INV-cbebb420-9e05-496b-a01e-23a9fa5f4fb4,IS300229,CID-079,cbebb420-9e05-496b-a01e-23a9fa5f4fb4,2021-08-13,2021-09-12,979.96,85.75,1065.71,Paid,SampleGen
INV-665399c3-13e7-4990-a287-9d2215f8e338,IS300230,CID-079,665399c3-13e7-4990-a287-9d2215f8e338,2023-03-06,2023-04-05,249.99,21.87,271.86,Paid,SampleGen
INV-fb50c23c-1717-4e87-98c4-e2b2c16ab0ae,IS300231,CID-079,fb50c23c-1717-4e87-98c4-e2b2c16ab0ae,2025-09-14,2025-10-14,439.96,38.5,478.46,Paid,SampleGen
INV-951751eb-b017-4f2c-8d4f-9a623f492f97,IS300232,CID-079,951751eb-b017-4f2c-8d4f-9a623f492f97,2022-07-27,2022-08-26,824.96,72.18,897.14,Paid,SampleGen
INV-6f79963d-9608-451a-9a7b-011b91830aa0,IS300233,CID-080,6f79963d-9608-451a-9a7b-011b91830aa0,2023-07-14,2023-08-13,159.98,14.0,173.98,Paid,SampleGen
INV-f43de1c6-dc2f-4b1f-b6fb-1176307a00d8,IS300234,CID-081,f43de1c6-dc2f-4b1f-b6fb-1176307a00d8,2024-12-22,2025-01-21,2029.97,177.62,2207.59,Paid,SampleGen
INV-80d3c928-c21f-40b6-ad4a-648d89d4f407,IS300235,CID-081,80d3c928-c21f-40b6-ad4a-648d89d4f407,2021-02-10,2021-03-12,1299.99,113.75,1413.74,Paid,SampleGen
INV-33bbf600-4be9-4247-9a66-ccde0d14371f,IS300236,CID-081,33bbf600-4be9-4247-9a66-ccde0d14371f,2022-08-29,2022-09-28,239.98,21.0,260.98,Paid,SampleGen
INV-6e5fc3c0-8248-4589-82a1-5f65e96029fc,IS300237,CID-082,6e5fc3c0-8248-4589-82a1-5f65e96029fc,2021-02-20,2021-03-22,1749.94,153.12,1903.06,Paid,SampleGen
INV-4431e5dd-4c38-4bf7-bcf6-0f20db0a2fbd,IS300238,CID-082,4431e5dd-4c38-4bf7-bcf6-0f20db0a2fbd,2023-05-30,2023-06-29,319.98,28.0,347.98,Paid,SampleGen
INV-594da33b-3c70-4c28-90e2-a3e673e37ec7,IS300239,CID-082,594da33b-3c70-4c28-90e2-a3e673e37ec7,2022-11-19,2022-12-19,2599.98,227.5,2827.48,Paid,SampleGen
INV-910661b1-ed3c-4ab2-8aa2-a6a5f349dad3,IS300240,CID-082,910661b1-ed3c-4ab2-8aa2-a6a5f349dad3,2025-08-19,2025-09-18,1299.96,113.75,1413.71,Paid,SampleGen
INV-db5a5381-b216-44e5-b575-0e02cebbcd84,IS300241,CID-083,db5a5381-b216-44e5-b575-0e02cebbcd84,2022-06-18,2022-07-18,649.99,56.87,706.86,Paid,SampleGen
INV-5ecdd553-d5e0-46cc-9952-739b1390dd0d,IS300242,CID-083,5ecdd553-d5e0-46cc-9952-739b1390dd0d,2022-09-19,2022-10-19,2719.93,238.0,2957.93,Paid,SampleGen
INV-09712ed5-ef84-4c36-9185-722260cdb389,IS300243,CID-083,09712ed5-ef84-4c36-9185-722260cdb389,2024-10-23,2024-11-22,799.98,70.0,869.98,Paid,SampleGen
INV-cfcfbbd9-8a8b-4a59-b66f-d36bb3c96e2d,IS300244,CID-084,cfcfbbd9-8a8b-4a59-b66f-d36bb3c96e2d,2026-05-25,2026-06-24,2499.95,218.74,2718.69,Paid,SampleGen
INV-b5c44299-89e2-44d6-be2e-0680aaecaf14,IS300245,CID-084,b5c44299-89e2-44d6-be2e-0680aaecaf14,2023-10-11,2023-11-10,499.98,43.75,543.73,Paid,SampleGen
INV-28dddf79-6a59-444c-889e-8cb365e31f93,IS300246,CID-084,28dddf79-6a59-444c-889e-8cb365e31f93,2024-06-23,2024-07-23,3499.94,306.25,3806.19,Paid,SampleGen
INV-8a48624f-af0c-489d-840d-1506fb6dfc2f,IS300247,CID-084,8a48624f-af0c-489d-840d-1506fb6dfc2f,2021-05-10,2021-06-09,1299.98,113.75,1413.73,Paid,SampleGen
INV-86a76d83-88f1-4162-b83c-e3a803271de0,IS300248,CID-085,86a76d83-88f1-4162-b83c-e3a803271de0,2026-03-23,2026-04-22,1959.96,171.5,2131.46,Paid,SampleGen
INV-71a9a0be-ad0b-4cba-953b-4b88d5fed280,IS300249,CID-085,71a9a0be-ad0b-4cba-953b-4b88d5fed280,2024-07-06,2024-08-05,2674.95,234.06,2909.01,Paid,SampleGen
INV-c30b7ba7-d706-44da-8120-c8ede541e68d,IS300250,CID-086,c30b7ba7-d706-44da-8120-c8ede541e68d,2024-03-09,2024-04-08,4149.95,363.12,4513.07,Paid,SampleGen
INV-9b718305-11fa-48ef-9b0f-d62110068330,IS300251,CID-086,9b718305-11fa-48ef-9b0f-d62110068330,2025-10-11,2025-11-10,3349.95,293.12,3643.07,Paid,SampleGen
INV-5e46f2d1-015a-45e9-9dc5-0fb942b88d26,IS300252,CID-087,5e46f2d1-015a-45e9-9dc5-0fb942b88d26,2026-11-30,2026-12-30,1329.96,116.37,1446.33,Paid,SampleGen
INV-c9538780-9c9d-4907-b33d-f1e20b6fec7e,IS300253,CID-087,c9538780-9c9d-4907-b33d-f1e20b6fec7e,2023-10-05,2023-11-04,1279.97,111.99,1391.96,Paid,SampleGen
INV-8471e10e-494c-4803-84f8-e889a2c18435,IS300254,CID-088,8471e10e-494c-4803-84f8-e889a2c18435,2021-06-03,2021-07-03,419.97,36.74,456.71,Paid,SampleGen
INV-0f8764cf-1e20-48cc-9eb0-ed4b2ca1dbd5,IS300255,CID-089,0f8764cf-1e20-48cc-9eb0-ed4b2ca1dbd5,2022-06-02,2022-07-02,979.96,85.75,1065.71,Paid,SampleGen
INV-7cf5a484-c487-469b-a5ee-a3778b62efc7,IS300256,CID-089,7cf5a484-c487-469b-a5ee-a3778b62efc7,2025-02-21,2025-03-23,3649.93,319.37,3969.3,Paid,SampleGen
INV-e5956b28-4873-4c1b-913c-4c9399d5db4b,IS300257,CID-090,e5956b28-4873-4c1b-913c-4c9399d5db4b,2026-07-19,2026-08-18,519.95,45.5,565.45,Paid,SampleGen
INV-32547001-1416-40da-9b17-30d1ef0f66e3,IS300258,CID-090,32547001-1416-40da-9b17-30d1ef0f66e3,2021-01-09,2021-02-08,1449.98,126.87,1576.85,Paid,SampleGen
INV-86af28b4-8621-4637-9ea5-a774f81066d3,IS300259,CID-091,86af28b4-8621-4637-9ea5-a774f81066d3,2023-03-12,2023-04-11,1949.95,170.62,2120.57,Paid,SampleGen
INV-19573d93-8766-485c-a211-67935e28964c,IS300260,CID-091,19573d93-8766-485c-a211-67935e28964c,2026-02-23,2026-03-25,2049.96,179.37,2229.33,Paid,SampleGen
INV-8e8c0922-9f27-4cb1-8f87-6a40b6109c84,IS300261,CID-092,8e8c0922-9f27-4cb1-8f87-6a40b6109c84,2025-07-13,2025-08-12,1379.93,120.74,1500.67,Paid,SampleGen
INV-1a3b69c9-1a75-419a-accb-10412d2116c9,IS300262,CID-092,1a3b69c9-1a75-419a-accb-10412d2116c9,2024-04-29,2024-05-29,1219.96,106.75,1326.71,Paid,SampleGen
INV-a7ebc454-f274-4b1e-a43b-a2414b5d1af9,IS300263,CID-092,a7ebc454-f274-4b1e-a43b-a2414b5d1af9,2023-09-17,2023-10-17,2209.94,193.37,2403.31,Paid,SampleGen
INV-99136ddd-2bdd-4c04-98b0-f94ed190fa93,IS300264,CID-092,99136ddd-2bdd-4c04-98b0-f94ed190fa93,2025-02-02,2025-03-04,799.98,69.99,869.97,Paid,SampleGen
INV-ad3f7ec7-b0e0-4844-b60d-084eff32c13a,IS300265,CID-092,ad3f7ec7-b0e0-4844-b60d-084eff32c13a,2024-11-20,2024-12-20,3799.94,332.5,4132.44,Paid,SampleGen
INV-061c9f21-b113-4342-a756-86c1ed5a6f25,IS300266,CID-093,061c9f21-b113-4342-a756-86c1ed5a6f25,2021-04-28,2021-05-28,489.98,42.87,532.85,Paid,SampleGen
INV-be02316f-9182-498d-aa7c-1aa01501bb6c,IS300267,CID-093,be02316f-9182-498d-aa7c-1aa01501bb6c,2024-01-21,2024-02-20,1119.96,97.99,1217.95,Paid,SampleGen
INV-c7674e08-fb8e-4bb1-bc08-ff50a2b4e30d,IS300268,CID-093,c7674e08-fb8e-4bb1-bc08-ff50a2b4e30d,2025-12-20,2026-01-19,599.98,52.5,652.48,Paid,SampleGen
INV-d9494dc1-8dd8-4751-8600-271ff751f03d,IS300269,CID-094,d9494dc1-8dd8-4751-8600-271ff751f03d,2024-11-22,2024-12-22,2059.94,180.25,2240.19,Paid,SampleGen
INV-7b4cafbe-4726-47a3-83eb-4352e795e34a,IS300270,CID-095,7b4cafbe-4726-47a3-83eb-4352e795e34a,2026-12-09,2027-01-08,499.98,43.75,543.73,Paid,SampleGen
INV-7b04b9a9-2d08-43fb-851b-2b9e723dd7dd,IS300271,CID-095,7b04b9a9-2d08-43fb-851b-2b9e723dd7dd,2025-03-19,2025-04-18,1239.94,108.5,1348.44,Paid,SampleGen
INV-edae2d78-9151-47d5-835e-8556a68d5de3,IS300272,CID-095,edae2d78-9151-47d5-835e-8556a68d5de3,2025-01-09,2025-02-08,1829.96,160.12,1990.08,Paid,SampleGen
INV-2c64e35a-4180-45db-918b-cdb95966c8c4,IS300273,CID-095,2c64e35a-4180-45db-918b-cdb95966c8c4,2025-06-30,2025-07-30,929.96,81.36,1011.32,Paid,SampleGen
INV-8132b5c3-0b2f-428a-b8a6-ab5f07c15868,IS300274,CID-096,8132b5c3-0b2f-428a-b8a6-ab5f07c15868,2022-05-25,2022-06-24,2559.94,224.0,2783.94,Paid,SampleGen
INV-f527cc56-fcf4-4e7c-9c6e-f48df0050e36,IS300275,CID-096,f527cc56-fcf4-4e7c-9c6e-f48df0050e36,2021-01-23,2021-02-22,1849.95,161.87,2011.82,Paid,SampleGen
INV-3d4d843c-be9e-42c9-8f51-edf78833fc75,IS300276,CID-096,3d4d843c-be9e-42c9-8f51-edf78833fc75,2021-08-14,2021-09-13,749.96,65.62,815.58,Paid,SampleGen
INV-a5c42a8f-3303-4a8c-9633-eb259794af72,IS300277,CID-097,a5c42a8f-3303-4a8c-9633-eb259794af72,2023-05-20,2023-06-19,659.96,57.74,717.7,Paid,SampleGen
INV-509a0201-0f64-4da8-a34b-c5621e55b99d,IS300278,CID-097,509a0201-0f64-4da8-a34b-c5621e55b99d,2026-09-24,2026-10-24,899.98,78.75,978.73,Paid,SampleGen
INV-bdc0adb2-6872-4124-9309-5a6e9bbe2af9,IS300279,CID-097,bdc0adb2-6872-4124-9309-5a6e9bbe2af9,2021-11-08,2021-12-08,1329.95,116.37,1446.32,Paid,SampleGen
INV-145b69cb-e5b3-4f60-839e-df63071a080a,IS300280,CID-097,145b69cb-e5b3-4f60-839e-df63071a080a,2021-10-15,2021-11-14,1299.99,113.75,1413.74,Paid,SampleGen
INV-b90d5802-95a7-4834-8cae-527a266e7621,IS300281,CID-098,b90d5802-95a7-4834-8cae-527a266e7621,2025-02-14,2025-03-16,179.99,15.75,195.74,Paid,SampleGen
INV-90d854a3-a52a-48e3-b1c1-569469caf458,IS300282,CID-098,90d854a3-a52a-48e3-b1c1-569469caf458,2024-05-21,2024-06-20,1559.96,136.49,1696.45,Paid,SampleGen
INV-c4169509-bc46-4fd3-909f-ef3991172c78,IS300283,CID-099,c4169509-bc46-4fd3-909f-ef3991172c78,2024-09-01,2024-10-01,1879.95,164.5,2044.45,Paid,SampleGen
INV-f38ac986-8739-446b-9117-23b9c20b1814,IS300284,CID-099,f38ac986-8739-446b-9117-23b9c20b1814,2021-01-23,2021-02-22,1299.99,113.75,1413.74,Paid,SampleGen
INV-4cc6ba77-aad8-4ba4-a4b6-c20ab5f585dc,IS300285,CID-099,4cc6ba77-aad8-4ba4-a4b6-c20ab5f585dc,2024-07-19,2024-08-18,334.96,29.31,364.27,Paid,SampleGen
INV-a5367954-80c8-45d0-bfb9-b45741d9831b,IS300286,CID-100,a5367954-80c8-45d0-bfb9-b45741d9831b,2022-02-27,2022-03-29,129.99,11.37,141.36,Paid,SampleGen
INV-ce538655-2118-4de8-ba54-f625039fb116,IS300287,CID-100,ce538655-2118-4de8-ba54-f625039fb116,2021-11-17,2021-12-17,379.98,33.25,413.23,Paid,SampleGen
INV-3c0f6998-ffad-4532-b753-83b826e0392a,IS300288,CID-100,3c0f6998-ffad-4532-b753-83b826e0392a,2021-01-08,2021-02-07,2309.94,202.12,2512.06,Paid,SampleGen
INV-2acc31d5-a9f8-4533-a0b2-e50fb7b0264e,IS300289,CID-101,2acc31d5-a9f8-4533-a0b2-e50fb7b0264e,2025-01-21,2025-02-20,1539.97,134.75,1674.72,Paid,SampleGen
INV-aeb66e00-d769-4d54-8a72-7986aeca3d24,IS300290,CID-102,aeb66e00-d769-4d54-8a72-7986aeca3d24,2021-06-29,2021-07-29,1369.96,119.87,1489.83,Paid,SampleGen
INV-f8e311fb-9c4b-4315-bcf5-6a158c3c86e0,IS300291,CID-102,f8e311fb-9c4b-4315-bcf5-6a158c3c86e0,2025-08-14,2025-09-13,2669.93,233.62,2903.55,Paid,SampleGen
INV-5a798f22-acba-4783-9133-e07604251cbc,IS300292,CID-102,5a798f22-acba-4783-9133-e07604251cbc,2026-03-07,2026-04-06,3409.95,298.37,3708.32,Paid,SampleGen
INV-9b63dd9e-b57b-483c-9164-1b19b8001c0e,IS300293,CID-102,9b63dd9e-b57b-483c-9164-1b19b8001c0e,2021-05-28,2021-06-27,339.97,29.75,369.72,Paid,SampleGen
INV-40d1ad2e-5171-4079-87e7-b4975a67792c,IS300294,CID-103,40d1ad2e-5171-4079-87e7-b4975a67792c,2025-02-24,2025-03-26,3249.96,284.37,3534.33,Paid,SampleGen
INV-759943ee-e7e7-4c51-877f-0b8542a2266c,IS300295,CID-103,759943ee-e7e7-4c51-877f-0b8542a2266c,2021-12-14,2022-01-13,1299.99,113.75,1413.74,Paid,SampleGen
INV-685db1ce-eeed-4598-9a8b-214f67ea31ea,IS300296,CID-103,685db1ce-eeed-4598-9a8b-214f67ea31ea,2024-05-14,2024-06-13,1699.95,148.75,1848.7,Paid,SampleGen
INV-e0ca384f-76a2-4c72-9442-d808072fbacc,IS300297,CID-104,e0ca384f-76a2-4c72-9442-d808072fbacc,2026-06-21,2026-07-21,699.95,61.25,761.2,Paid,SampleGen
INV-275cdfbf-3c8b-4e0b-86af-18dd637cd7d8,IS300298,CID-104,275cdfbf-3c8b-4e0b-86af-18dd637cd7d8,2026-06-07,2026-07-07,1899.96,166.25,2066.21,Paid,SampleGen
INV-c992c5bc-7ea5-4845-b179-3b28ede9d19d,IS300299,CID-105,c992c5bc-7ea5-4845-b179-3b28ede9d19d,2022-06-28,2022-07-28,449.99,39.37,489.36,Paid,SampleGen
INV-3af76657-ad1b-4662-beab-e8f4834b3a52,IS300300,CID-106,3af76657-ad1b-4662-beab-e8f4834b3a52,2021-10-22,2021-11-21,399.99,35.0,434.99,Paid,SampleGen
INV-2a7e1a09-1bcd-4537-af27-8b99b5ec6050,IS300301,CID-106,2a7e1a09-1bcd-4537-af27-8b99b5ec6050,2025-04-24,2025-05-24,1429.96,125.12,1555.08,Paid,SampleGen
INV-f149aa71-0db1-48a3-a9ae-8f6cebf47f32,IS300302,CID-107,f149aa71-0db1-48a3-a9ae-8f6cebf47f32,2023-10-10,2023-11-09,1199.97,105.0,1304.97,Paid,SampleGen
INV-c4e82c46-3c61-45bb-bea4-3d97cc3270b2,IS300303,CID-107,c4e82c46-3c61-45bb-bea4-3d97cc3270b2,2021-09-07,2021-10-07,569.96,49.87,619.83,Paid,SampleGen
INV-300274e0-70c6-4b83-b62e-507a7cd06c16,IS300304,CID-108,300274e0-70c6-4b83-b62e-507a7cd06c16,2025-07-20,2025-08-19,1899.97,166.25,2066.22,Paid,SampleGen
INV-a31ff23d-a2f5-4556-847f-58e32665d9cf,IS300305,CID-108,a31ff23d-a2f5-4556-847f-58e32665d9cf,2026-12-28,2027-01-27,3249.97,284.37,3534.34,Paid,SampleGen
INV-3143ba78-bfe0-4ee6-8e85-7fab6b4c1c36,IS300306,CID-109,3143ba78-bfe0-4ee6-8e85-7fab6b4c1c36,2025-08-11,2025-09-10,349.99,30.62,380.61,Paid,SampleGen
INV-19233583-793d-4ac3-8fb1-93ef46d7aa35,IS300307,CID-109,19233583-793d-4ac3-8fb1-93ef46d7aa35,2021-12-05,2022-01-04,3849.94,336.87,4186.81,Paid,SampleGen
INV-6fa5644a-a258-443e-8f96-e1383ecdccdb,IS300308,CID-110,6fa5644a-a258-443e-8f96-e1383ecdccdb,2022-08-11,2022-09-10,1509.95,132.12,1642.07,Paid,SampleGen
INV-bea0f0e8-1114-4256-833a-31baa75fdb2d,IS300309,CID-111,bea0f0e8-1114-4256-833a-31baa75fdb2d,2022-06-18,2022-07-18,349.97,30.62,380.59,Paid,SampleGen
INV-874ed07d-4116-4263-8bb7-e0b6724a24d6,IS300310,CID-111,874ed07d-4116-4263-8bb7-e0b6724a24d6,2023-12-22,2024-01-21,664.98,58.18,723.16,Paid,SampleGen
INV-5431b7ec-29be-4a2a-b2a2-27154ba681ba,IS300311,CID-111,5431b7ec-29be-4a2a-b2a2-27154ba681ba,2023-07-29,2023-08-28,3059.95,267.75,3327.7,Paid,SampleGen
INV-6aee24bc-5161-4a5f-812c-8910be7dd9e6,IS300312,CID-111,6aee24bc-5161-4a5f-812c-8910be7dd9e6,2024-04-14,2024-05-14,1079.97,94.5,1174.47,Paid,SampleGen
INV-7dd34e69-9987-4677-ba50-6b5a403b2c94,IS300313,CID-112,7dd34e69-9987-4677-ba50-6b5a403b2c94,2025-01-19,2025-02-18,2529.95,221.37,2751.32,Paid,SampleGen
INV-258bc110-a587-43fc-9012-6c020eaed1f5,IS300314,CID-112,258bc110-a587-43fc-9012-6c020eaed1f5,2021-10-01,2021-10-31,1509.93,132.12,1642.05,Paid,SampleGen
INV-12cf7f78-89b6-44ed-b048-832d218a2bcf,IS300315,CID-112,12cf7f78-89b6-44ed-b048-832d218a2bcf,2023-10-24,2023-11-23,2459.94,215.25,2675.19,Paid,SampleGen
INV-ab80ac81-c4a5-4357-9e07-3d5f25cff414,IS300316,CID-113,ab80ac81-c4a5-4357-9e07-3d5f25cff414,2025-10-27,2025-11-26,2099.96,183.75,2283.71,Paid,SampleGen
INV-9b6d4f35-2515-4282-8a06-c3c5ac2b0d8e,IS300317,CID-114,9b6d4f35-2515-4282-8a06-c3c5ac2b0d8e,2022-01-06,2022-02-05,479.97,41.99,521.96,Paid,SampleGen
INV-23443b61-4f45-4b85-ab61-a4911a826801,IS300318,CID-114,23443b61-4f45-4b85-ab61-a4911a826801,2024-02-24,2024-03-25,899.98,78.75,978.73,Paid,SampleGen
INV-57057e90-503d-4a45-a7e2-9ae6388c24bf,IS300319,CID-114,57057e90-503d-4a45-a7e2-9ae6388c24bf,2021-11-23,2021-12-23,499.98,43.75,543.73,Paid,SampleGen
INV-1dc9d2b6-8b2f-455f-b97f-50c859541e4f,IS300320,CID-114,1dc9d2b6-8b2f-455f-b97f-50c859541e4f,2023-01-09,2023-02-08,4189.93,366.62,4556.55,Paid,SampleGen
INV-3abfaa1e-8fa1-460d-8d76-9e11017c6bd0,IS300321,CID-114,3abfaa1e-8fa1-460d-8d76-9e11017c6bd0,2021-10-30,2021-11-29,119.99,10.5,130.49,Paid,SampleGen
INV-3be7f28e-a13c-4f2b-9b07-e5ca2ee7bffb,IS300322,CID-115,3be7f28e-a13c-4f2b-9b07-e5ca2ee7bffb,2023-07-10,2023-08-09,2739.95,239.74,2979.69,Paid,SampleGen
INV-eab7e756-f540-4ba1-85c1-2f06edeb4552,IS300323,CID-115,eab7e756-f540-4ba1-85c1-2f06edeb4552,2025-01-18,2025-02-17,2039.96,178.5,2218.46,Paid,SampleGen
INV-0c855475-7911-417c-843c-a53be7599526,IS300324,CID-115,0c855475-7911-417c-843c-a53be7599526,2022-09-21,2022-10-21,779.97,68.25,848.22,Paid,SampleGen
INV-0f6a27ba-69b8-4293-88a2-814794f379e8,IS300325,CID-115,0f6a27ba-69b8-4293-88a2-814794f379e8,2021-01-04,2021-02-03,1549.93,135.62,1685.55,Paid,SampleGen
INV-27162e06-9518-4ffb-802e-8cea1a897be5,IS300326,CID-116,27162e06-9518-4ffb-802e-8cea1a897be5,2021-01-15,2021-02-14,1549.94,135.62,1685.56,Paid,SampleGen
INV-2e853d60-e815-4e06-a8d5-f6432dc5e34d,IS300327,CID-116,2e853d60-e815-4e06-a8d5-f6432dc5e34d,2025-06-13,2025-07-13,79.99,7.0,86.99,Paid,SampleGen
INV-993dc5a7-0c9b-4352-be18-ad6216267d59,IS300328,CID-116,993dc5a7-0c9b-4352-be18-ad6216267d59,2021-11-25,2021-12-25,1699.96,148.74,1848.7,Paid,SampleGen
INV-f8219b35-1b74-4966-89d9-2f18d7d63cd1,IS300329,CID-116,f8219b35-1b74-4966-89d9-2f18d7d63cd1,2021-10-08,2021-11-07,649.98,56.87,706.85,Paid,SampleGen
INV-28351d66-a689-4b08-81b7-13593008dedb,IS300330,CID-116,28351d66-a689-4b08-81b7-13593008dedb,2026-02-15,2026-03-17,1259.93,110.25,1370.18,Paid,SampleGen
INV-bbe8511f-fa01-4aa6-bfaa-c25f99ab80c1,IS300331,CID-117,bbe8511f-fa01-4aa6-bfaa-c25f99ab80c1,2023-08-01,2023-08-31,159.98,14.0,173.98,Paid,SampleGen
INV-3bad738d-0f00-42b3-baff-4ed84633fc9e,IS300332,CID-117,3bad738d-0f00-42b3-baff-4ed84633fc9e,2025-05-10,2025-06-09,3029.94,265.12,3295.06,Paid,SampleGen
INV-3c1d87a5-199e-4f18-ba7b-943121f96419,IS300333,CID-117,3c1d87a5-199e-4f18-ba7b-943121f96419,2023-04-29,2023-05-29,769.96,67.37,837.33,Paid,SampleGen
INV-dfefdc5c-e4d6-4923-946b-0d4fccc58b3e,IS300334,CID-118,dfefdc5c-e4d6-4923-946b-0d4fccc58b3e,2022-09-13,2022-10-13,1329.97,116.37,1446.34,Paid,SampleGen
INV-eb3dba93-97ee-4e0b-b878-98a3e5d076d2,IS300335,CID-118,eb3dba93-97ee-4e0b-b878-98a3e5d076d2,2025-07-07,2025-08-06,1079.95,94.49,1174.44,Paid,SampleGen
INV-9e0e850d-131d-4eea-9293-384ea918c332,IS300336,CID-119,9e0e850d-131d-4eea-9293-384ea918c332,2022-08-09,2022-09-08,2369.93,207.37,2577.3,Paid,SampleGen
INV-bd66641e-6c46-44f1-ab18-bc27af2c6af0,IS300337,CID-119,bd66641e-6c46-44f1-ab18-bc27af2c6af0,2021-05-20,2021-06-19,199.99,17.5,217.49,Paid,SampleGen
INV-4fe7c522-ef09-4d0d-bfac-6205d76954e7,IS300338,CID-119,4fe7c522-ef09-4d0d-bfac-6205d76954e7,2023-06-25,2023-07-25,419.98,36.75,456.73,Paid,SampleGen
INV-f093c84f-7719-4bf7-b47e-778c511b3c87,IS300339,CID-119,f093c84f-7719-4bf7-b47e-778c511b3c87,2023-02-17,2023-03-19,1589.96,139.12,1729.08,Paid,SampleGen
INV-adfc683d-d5b2-4db2-881a-a034cebeea6b,IS300340,CID-120,adfc683d-d5b2-4db2-881a-a034cebeea6b,2024-03-23,2024-04-22,549.96,48.12,598.08,Paid,SampleGen
INV-d6a9c471-d958-42eb-9caf-1c0d4bfd4147,IS300341,CID-120,d6a9c471-d958-42eb-9caf-1c0d4bfd4147,2025-01-12,2025-02-11,2729.96,238.87,2968.83,Paid,SampleGen
INV-1fa84cb9-660a-4d84-a5a2-2e370290c651,IS300342,CID-120,1fa84cb9-660a-4d84-a5a2-2e370290c651,2026-03-15,2026-04-14,1709.95,149.62,1859.57,Paid,SampleGen
INV-497c2136-0ee0-4c43-91f2-7f1bfcf2557f,IS300343,CID-120,497c2136-0ee0-4c43-91f2-7f1bfcf2557f,2024-10-19,2024-11-18,1289.95,112.87,1402.82,Paid,SampleGen
INV-4cd259b2-87da-413d-8e56-ea1cc9240389,IS300344,CID-121,4cd259b2-87da-413d-8e56-ea1cc9240389,2025-06-21,2025-07-21,819.95,71.74,891.69,Paid,SampleGen
INV-8d4d4a66-3144-47a5-95ce-2f6d5fe8c46b,IS300345,CID-121,8d4d4a66-3144-47a5-95ce-2f6d5fe8c46b,2022-03-13,2022-04-12,379.98,33.25,413.23,Paid,SampleGen
INV-7064ca04-3774-432b-8a71-5dea140133c6,IS300346,CID-121,7064ca04-3774-432b-8a71-5dea140133c6,2024-07-07,2024-08-06,649.99,56.87,706.86,Paid,SampleGen
INV-d181cb6f-4651-4ea7-9ebe-b1e960c0293b,IS300347,CID-121,d181cb6f-4651-4ea7-9ebe-b1e960c0293b,2021-12-28,2022-01-27,3399.96,297.5,3697.46,Paid,SampleGen
INV-e68697ee-efec-4cdf-957c-6841f656ddf8,IS300348,CID-121,e68697ee-efec-4cdf-957c-6841f656ddf8,2023-04-01,2023-05-01,1129.97,98.87,1228.84,Paid,SampleGen
INV-c552128c-d45e-419c-8190-c55443eec0e7,IS300349,CID-122,c552128c-d45e-419c-8190-c55443eec0e7,2022-04-05,2022-05-05,2599.98,227.5,2827.48,Paid,SampleGen
INV-4863f04e-00d9-4c72-bb0b-bd2a0a246126,IS300350,CID-122,4863f04e-00d9-4c72-bb0b-bd2a0a246126,2025-10-21,2025-11-20,1829.95,160.12,1990.07,Paid,SampleGen
INV-279ffc07-2f56-46d9-90bf-a49f29b3c2f7,IS300351,CID-123,279ffc07-2f56-46d9-90bf-a49f29b3c2f7,2023-07-26,2023-08-25,319.96,28.0,347.96,Paid,SampleGen
INV-8424a007-6f22-4e74-b81f-520a51c03840,IS300352,CID-123,8424a007-6f22-4e74-b81f-520a51c03840,2024-04-16,2024-05-16,399.97,35.0,434.97,Paid,SampleGen
INV-d6008564-992c-4cc4-a8ce-d28689584018,IS300353,CID-124,d6008564-992c-4cc4-a8ce-d28689584018,2022-12-17,2023-01-16,1799.95,157.49,1957.44,Paid,SampleGen
INV-9a5c781b-e7dd-4a93-851b-fc8f9a0c1ac4,IS300354,CID-124,9a5c781b-e7dd-4a93-851b-fc8f9a0c1ac4,2021-08-15,2021-09-14,1859.95,162.75,2022.7,Paid,SampleGen
INV-a95d719d-13f8-4487-8c1b-19b626abdf34,IS300355,CID-124,a95d719d-13f8-4487-8c1b-19b626abdf34,2022-03-08,2022-04-07,1909.93,167.12,2077.05,Paid,SampleGen
INV-6390f3dc-3f4f-4519-8b6d-d9d27aeddb6b,IS300356,CID-125,6390f3dc-3f4f-4519-8b6d-d9d27aeddb6b,2024-11-06,2024-12-06,1299.98,113.75,1413.73,Paid,SampleGen
INV-c11bbe95-60ff-4744-b77e-d301f6859509,IS300357,CID-125,c11bbe95-60ff-4744-b77e-d301f6859509,2024-04-15,2024-05-15,1339.95,117.25,1457.2,Paid,SampleGen
INV-9228b660-302e-4f4d-99d4-7f1368706475,IS300358,CID-126,9228b660-302e-4f4d-99d4-7f1368706475,2021-05-18,2021-06-17,119.98,10.5,130.48,Paid,SampleGen
INV-69ca6db1-6ed3-479b-894c-5d39fcc76326,IS300359,CID-126,69ca6db1-6ed3-479b-894c-5d39fcc76326,2022-08-02,2022-09-01,1599.94,140.0,1739.94,Paid,SampleGen
INV-dc339669-7ef9-4242-9db1-fc563a03cd57,IS300360,CID-127,dc339669-7ef9-4242-9db1-fc563a03cd57,2024-10-08,2024-11-07,1999.97,175.0,2174.97,Paid,SampleGen
INV-7b846d95-fda4-4b36-9fee-b689a48a5102,IS300361,CID-127,7b846d95-fda4-4b36-9fee-b689a48a5102,2021-02-14,2021-03-16,1799.98,157.5,1957.48,Paid,SampleGen
INV-519e79c6-02de-428c-889b-0e323f7cd51e,IS300362,CID-127,519e79c6-02de-428c-889b-0e323f7cd51e,2022-02-09,2022-03-11,1964.95,171.93,2136.88,Paid,SampleGen
INV-b587f589-da84-47e4-8abc-3280add14c18,IS300363,CID-127,b587f589-da84-47e4-8abc-3280add14c18,2022-11-03,2022-12-03,2354.93,206.06,2560.99,Paid,SampleGen
INV-7165e85f-5eb1-4424-82ce-bfe747b67be5,IS300364,CID-127,7165e85f-5eb1-4424-82ce-bfe747b67be5,2025-09-04,2025-10-04,149.99,13.12,163.11,Paid,SampleGen
INV-357da4f3-bebc-4aee-8dec-c39224d8b87a,IS300365,CID-128,357da4f3-bebc-4aee-8dec-c39224d8b87a,2025-04-11,2025-05-11,1809.96,158.37,1968.33,Paid,SampleGen
INV-1911d74c-4411-4759-994f-90058cf59be1,IS300366,CID-128,1911d74c-4411-4759-994f-90058cf59be1,2021-05-24,2021-06-23,3659.93,320.25,3980.18,Paid,SampleGen
INV-f0c928c1-b6de-432f-b6e2-5cec93b2b5b5,IS300367,CID-129,f0c928c1-b6de-432f-b6e2-5cec93b2b5b5,2025-09-06,2025-10-06,469.96,41.12,511.08,Paid,SampleGen
INV-4513b73b-edf3-4e6b-bfde-0f9354f3db8f,IS300368,CID-129,4513b73b-edf3-4e6b-bfde-0f9354f3db8f,2026-12-08,2027-01-07,1639.96,143.49,1783.45,Paid,SampleGen
INV-6d2e6b47-4b2e-4029-b9b0-ba61deb590e3,IS300369,CID-130,6d2e6b47-4b2e-4029-b9b0-ba61deb590e3,2024-03-04,2024-04-03,1099.95,96.25,1196.2,Paid,SampleGen
INV-4ca68cb8-472a-4d12-869d-8b1168cde89f,IS300370,CID-131,4ca68cb8-472a-4d12-869d-8b1168cde89f,2025-11-21,2025-12-21,2059.92,180.25,2240.17,Paid,SampleGen
INV-17240f6d-989f-439c-88ee-13ba5cb61159,IS300371,CID-131,17240f6d-989f-439c-88ee-13ba5cb61159,2021-12-27,2022-01-26,679.97,59.49,739.46,Paid,SampleGen
INV-9f2f26f3-e2a5-47c2-a39b-fc2a9fd7917d,IS300372,CID-132,9f2f26f3-e2a5-47c2-a39b-fc2a9fd7917d,2022-07-25,2022-08-24,1039.97,91.0,1130.97,Paid,SampleGen
INV-cfbc8d10-fc2a-4f0f-9db5-1d1e5cc42323,IS300373,CID-132,cfbc8d10-fc2a-4f0f-9db5-1d1e5cc42323,2021-07-19,2021-08-18,1999.95,175.0,2174.95,Paid,SampleGen
INV-eb1b42ab-bb6e-4ddd-98e9-1eb93cf80b64,IS300374,CID-133,eb1b42ab-bb6e-4ddd-98e9-1eb93cf80b64,2023-03-18,2023-04-17,299.99,26.25,326.24,Paid,SampleGen
INV-989ca78f-ac3b-4a36-916a-8d22cfec3827,IS300375,CID-133,989ca78f-ac3b-4a36-916a-8d22cfec3827,2024-07-13,2024-08-12,1789.97,156.62,1946.59,Paid,SampleGen
INV-e0b69352-5b27-417f-bbd1-ac5a8e53c0ed,IS300376,CID-133,e0b69352-5b27-417f-bbd1-ac5a8e53c0ed,2025-07-05,2025-08-04,1409.96,123.37,1533.33,Paid,SampleGen
INV-3baa9521-c65a-47b5-a997-f6bbb42851d7,IS300377,CID-133,3baa9521-c65a-47b5-a997-f6bbb42851d7,2025-03-26,2025-04-25,119.98,10.5,130.48,Paid,SampleGen
INV-00fe0237-0dd5-4909-a370-9fc4405a4b58,IS300378,CID-133,00fe0237-0dd5-4909-a370-9fc4405a4b58,2025-10-12,2025-11-11,2099.96,183.75,2283.71,Paid,SampleGen
INV-80271939-384a-4b0d-8401-b4ae1a8fb77e,IS300379,CID-134,80271939-384a-4b0d-8401-b4ae1a8fb77e,2022-12-09,2023-01-08,1879.97,164.5,2044.47,Paid,SampleGen
INV-845ed89e-7788-40a7-be44-ce6781e5ece4,IS300380,CID-134,845ed89e-7788-40a7-be44-ce6781e5ece4,2022-07-28,2022-08-27,1539.96,134.75,1674.71,Paid,SampleGen
INV-cf92231b-0045-4b9a-b68b-dfd06b24eb5d,IS300381,CID-134,cf92231b-0045-4b9a-b68b-dfd06b24eb5d,2026-03-26,2026-04-25,3779.93,330.75,4110.68,Paid,SampleGen
INV-f877fbb3-1835-447f-baae-aff997814242,IS300382,CID-134,f877fbb3-1835-447f-baae-aff997814242,2024-05-22,2024-06-21,609.97,53.37,663.34,Paid,SampleGen
INV-f36f00bb-b5ce-43f9-adec-1cb6539c2f3d,IS300383,CID-135,f36f00bb-b5ce-43f9-adec-1cb6539c2f3d,2022-02-03,2022-03-05,899.99,78.75,978.74,Paid,SampleGen
INV-254dfc99-edf6-4719-827e-4ed847673b88,IS300384,CID-136,254dfc99-edf6-4719-827e-4ed847673b88,2025-01-01,2025-01-31,579.97,50.75,630.72,Paid,SampleGen
INV-8eb8d734-df86-49a6-8203-598916030744,IS300385,CID-136,8eb8d734-df86-49a6-8203-598916030744,2025-09-16,2025-10-16,1229.95,107.62,1337.57,Paid,SampleGen
INV-9d9527f3-7db4-4292-b1e7-360fc274bc4c,IS300386,CID-136,9d9527f3-7db4-4292-b1e7-360fc274bc4c,2023-11-06,2023-12-06,1809.95,158.37,1968.32,Paid,SampleGen
INV-aa3182eb-36ec-46c8-8aaa-b5ffeecc1b30,IS300387,CID-136,aa3182eb-36ec-46c8-8aaa-b5ffeecc1b30,2021-11-04,2021-12-04,1299.99,113.75,1413.74,Paid,SampleGen
INV-03c8ccb5-d754-4031-98d8-7e53d4df5d2b,IS300388,CID-137,03c8ccb5-d754-4031-98d8-7e53d4df5d2b,2026-04-28,2026-05-28,1099.98,96.25,1196.23,Paid,SampleGen
INV-2cd8789a-fbe2-442a-8872-46b65d0efed2,IS300389,CID-137,2cd8789a-fbe2-442a-8872-46b65d0efed2,2023-07-20,2023-08-19,1309.96,114.62,1424.58,Paid,SampleGen
INV-496c9ac6-f591-4f53-a6cb-0509d5dcd40f,IS300390,CID-137,496c9ac6-f591-4f53-a6cb-0509d5dcd40f,2025-02-22,2025-03-24,1829.94,160.12,1990.06,Paid,SampleGen
INV-88383566-810e-4b43-a3df-8a4cd75199c7,IS300391,CID-137,88383566-810e-4b43-a3df-8a4cd75199c7,2025-12-04,2026-01-03,2349.95,205.62,2555.57,Paid,SampleGen
INV-4356875e-6793-46d6-b0ea-30c3a8f12e52,IS300392,CID-138,4356875e-6793-46d6-b0ea-30c3a8f12e52,2022-12-01,2022-12-31,1259.95,110.25,1370.2,Paid,SampleGen
INV-3a332c0c-5994-410f-adde-53ab8000c54b,IS300393,CID-138,3a332c0c-5994-410f-adde-53ab8000c54b,2022-12-17,2023-01-16,1059.97,92.75,1152.72,Paid,SampleGen
INV-3f42169f-a69d-46eb-a4d1-2519e15d3d47,IS300394,CID-138,3f42169f-a69d-46eb-a4d1-2519e15d3d47,2024-12-25,2025-01-24,2109.96,184.62,2294.58,Paid,SampleGen
INV-d99217ed-879e-4a9f-9aa4-02966a41744e,IS300395,CID-138,d99217ed-879e-4a9f-9aa4-02966a41744e,2025-02-07,2025-03-09,1214.95,106.31,1321.26,Paid,SampleGen
INV-7c5ee94a-8de1-4e38-b24c-792985163877,IS300396,CID-139,7c5ee94a-8de1-4e38-b24c-792985163877,2021-11-23,2021-12-23,799.98,70.0,869.98,Paid,SampleGen
INV-775d6835-6bcd-47b0-acb7-7fb94a955d87,IS300397,CID-139,775d6835-6bcd-47b0-acb7-7fb94a955d87,2026-04-28,2026-05-28,739.96,64.75,804.71,Paid,SampleGen
INV-6f1cb4b0-33c2-4ade-b3c1-9ff57f6cd952,IS300398,CID-139,6f1cb4b0-33c2-4ade-b3c1-9ff57f6cd952,2023-03-04,2023-04-03,1019.94,89.25,1109.19,Paid,SampleGen
INV-7c7ee834-9fef-4066-8067-8fcff5d57e38,IS300399,CID-139,7c7ee834-9fef-4066-8067-8fcff5d57e38,2024-11-20,2024-12-20,149.99,13.12,163.11,Paid,SampleGen
INV-7d4e2872-79df-452e-8e35-11cd6e8ef6cb,IS300400,CID-140,7d4e2872-79df-452e-8e35-11cd6e8ef6cb,2024-05-01,2024-05-31,1299.98,113.75,1413.73,Paid,SampleGen
INV-a0a225f8-5f86-474d-a602-39f45a8e56fe,IS300401,CID-141,a0a225f8-5f86-474d-a602-39f45a8e56fe,2026-04-06,2026-05-06,1219.95,106.75,1326.7,Paid,SampleGen
INV-f543be9d-9c41-4292-9049-1875f7414fd3,IS300402,CID-142,f543be9d-9c41-4292-9049-1875f7414fd3,2021-08-01,2021-08-31,1809.94,158.37,1968.31,Paid,SampleGen
INV-fb452479-4e14-4518-be3e-c805e9743d83,IS300403,CID-142,fb452479-4e14-4518-be3e-c805e9743d83,2022-02-26,2022-03-28,1799.98,157.5,1957.48,Paid,SampleGen
INV-e4fa66a0-b1b4-421a-994f-828ac21aa0c4,IS300404,CID-143,e4fa66a0-b1b4-421a-994f-828ac21aa0c4,2023-12-29,2024-01-28,59.99,5.25,65.24,Paid,SampleGen
INV-0acd0f54-0039-4258-a165-fe4374110257,IS300405,CID-144,0acd0f54-0039-4258-a165-fe4374110257,2025-06-08,2025-07-08,1449.98,126.87,1576.85,Paid,SampleGen
INV-f1197047-d0e0-4ca4-80cd-e0d7cf236466,IS300406,CID-145,f1197047-d0e0-4ca4-80cd-e0d7cf236466,2026-08-28,2026-09-27,1919.94,168.0,2087.94,Paid,SampleGen
INV-69d0a679-40db-4c99-960c-acddbe674ea6,IS300407,CID-146,69d0a679-40db-4c99-960c-acddbe674ea6,2026-12-23,2027-01-22,2149.97,188.12,2338.09,Paid,SampleGen
INV-4cb9de5d-2262-4497-acca-309485680757,IS300408,CID-146,4cb9de5d-2262-4497-acca-309485680757,2024-05-11,2024-06-10,1369.94,119.87,1489.81,Paid,SampleGen
INV-2c3be7a4-fd83-4478-9ee6-7d5e1ead6c2d,IS300409,CID-146,2c3be7a4-fd83-4478-9ee6-7d5e1ead6c2d,2022-02-16,2022-03-18,449.99,39.37,489.36,Paid,SampleGen
INV-9293eef7-dfd3-4699-aa06-516b6323b97d,IS300410,CID-147,9293eef7-dfd3-4699-aa06-516b6323b97d,2023-10-11,2023-11-10,739.96,64.75,804.71,Paid,SampleGen
INV-e64c5ad5-fd71-4ebd-89cf-8a1b72b7d396,IS300411,CID-147,e64c5ad5-fd71-4ebd-89cf-8a1b72b7d396,2025-09-02,2025-10-02,299.99,26.25,326.24,Paid,SampleGen
INV-106db32b-4bb6-445f-823b-5a222ecc8dad,IS300412,CID-147,106db32b-4bb6-445f-823b-5a222ecc8dad,2023-11-24,2023-12-24,1299.98,113.75,1413.73,Paid,SampleGen
INV-b61778eb-24b6-4e2f-9078-df925df5f7a7,IS300413,CID-147,b61778eb-24b6-4e2f-9078-df925df5f7a7,2024-03-24,2024-04-23,1779.97,155.75,1935.72,Paid,SampleGen
INV-baec8ac6-97e6-4f94-8d45-4b2f885c330a,IS300414,CID-148,baec8ac6-97e6-4f94-8d45-4b2f885c330a,2025-11-06,2025-12-06,2049.94,179.37,2229.31,Paid,SampleGen
INV-dadb8cb9-258e-43f3-9a18-5cc0fb246333,IS300415,CID-149,dadb8cb9-258e-43f3-9a18-5cc0fb246333,2022-12-12,2023-01-11,549.99,48.12,598.11,Paid,SampleGen
INV-04ba57d0-f75c-456c-967c-61af7fe50193,IS300416,CID-149,04ba57d0-f75c-456c-967c-61af7fe50193,2023-12-16,2024-01-15,3999.94,350.0,4349.94,Paid,SampleGen
INV-8a275482-0690-4696-814b-b329a6c100b8,IS300417,CID-149,8a275482-0690-4696-814b-b329a6c100b8,2026-03-24,2026-04-23,199.98,17.5,217.48,Paid,SampleGen
INV-f8e327ab-4ee6-48c1-895d-92f0883fec1e,IS300418,CID-149,f8e327ab-4ee6-48c1-895d-92f0883fec1e,2026-02-07,2026-03-09,4349.95,380.62,4730.57,Paid,SampleGen
INV-3d29d7f4-903b-4a17-9d64-c718b4a5532d,IS300419,CID-149,3d29d7f4-903b-4a17-9d64-c718b4a5532d,2021-08-14,2021-09-13,499.98,43.75,543.73,Paid,SampleGen
INV-627d34d8-23f5-4015-9bcb-0a5732e7a2a3,IS300420,CID-150,627d34d8-23f5-4015-9bcb-0a5732e7a2a3,2024-10-12,2024-11-11,1279.96,112.0,1391.96,Paid,SampleGen
INV-e92e5713-ba35-4b7d-9061-bb223ab04fb4,IS300421,CID-150,e92e5713-ba35-4b7d-9061-bb223ab04fb4,2026-04-03,2026-05-03,1379.93,120.75,1500.68,Paid,SampleGen
INV-72eb664a-6942-489b-bbcb-2194de76521b,IS300422,CID-151,72eb664a-6942-489b-bbcb-2194de76521b,2022-09-09,2022-10-09,239.96,21.0,260.96,Paid,SampleGen
INV-3bc24146-caaf-4355-80d0-100184ade1d8,IS300423,CID-152,3bc24146-caaf-4355-80d0-100184ade1d8,2021-09-02,2021-10-02,999.98,87.5,1087.48,Paid,SampleGen
INV-5a39972d-fe38-44f4-a72b-4f14cfc16e32,IS300424,CID-152,5a39972d-fe38-44f4-a72b-4f14cfc16e32,2022-06-19,2022-07-19,379.98,33.25,413.23,Paid,SampleGen
INV-4d6874b3-7128-474b-87ee-7894c45d3c10,IS300425,CID-153,4d6874b3-7128-474b-87ee-7894c45d3c10,2022-01-15,2022-02-14,3549.94,310.62,3860.56,Paid,SampleGen
INV-d8cf2700-cba8-40bd-9f49-be4abce1990a,IS300426,CID-154,d8cf2700-cba8-40bd-9f49-be4abce1990a,2024-03-22,2024-04-21,479.97,42.0,521.97,Paid,SampleGen
INV-00208314-7049-4f79-b4dd-7aeb85c4c292,IS300427,CID-155,00208314-7049-4f79-b4dd-7aeb85c4c292,2024-09-28,2024-10-28,2389.94,209.12,2599.06,Paid,SampleGen
INV-6c0c56d1-ef83-469b-8612-587ff9a6ee89,IS300428,CID-156,6c0c56d1-ef83-469b-8612-587ff9a6ee89,2025-12-01,2025-12-31,829.96,72.62,902.58,Paid,SampleGen
INV-076e3689-4012-40a8-a5ed-533a0d7a54b0,IS300429,CID-156,076e3689-4012-40a8-a5ed-533a0d7a54b0,2026-05-11,2026-06-10,3479.93,304.5,3784.43,Paid,SampleGen
INV-5953e220-1b5f-4028-b1b5-6185ceedb0b1,IS300430,CID-157,5953e220-1b5f-4028-b1b5-6185ceedb0b1,2026-10-28,2026-11-27,3149.93,275.62,3425.55,Paid,SampleGen
INV-c7d2bf36-7e1f-4698-adf7-2b1ad288747d,IS300431,CID-157,c7d2bf36-7e1f-4698-adf7-2b1ad288747d,2023-04-10,2023-05-10,1419.98,124.25,1544.23,Paid,SampleGen
INV-c14160ae-9cb2-4ce6-baca-f975c4034f44,IS300432,CID-158,c14160ae-9cb2-4ce6-baca-f975c4034f44,2024-11-17,2024-12-17,1419.96,124.25,1544.21,Paid,SampleGen
INV-5c28e5db-708e-4a0a-8ef4-88870e84e037,IS300433,CID-158,5c28e5db-708e-4a0a-8ef4-88870e84e037,2022-05-21,2022-06-20,499.98,43.75,543.73,Paid,SampleGen
INV-ab6fe62d-c78f-4306-b503-ae0fbbcf1632,IS300434,CID-158,ab6fe62d-c78f-4306-b503-ae0fbbcf1632,2021-12-15,2022-01-14,4429.94,387.62,4817.56,Paid,SampleGen
INV-e7a00245-5767-457e-96b6-61a2466360d4,IS300435,CID-158,e7a00245-5767-457e-96b6-61a2466360d4,2026-05-24,2026-06-23,399.98,35.0,434.98,Paid,SampleGen
INV-2ba89ca9-3032-4785-8f6f-74c50ef36453,IS300436,CID-159,2ba89ca9-3032-4785-8f6f-74c50ef36453,2022-10-21,2022-11-20,1699.97,148.75,1848.72,Paid,SampleGen
INV-38b894aa-e46e-4c58-a891-15a6624fe020,IS300437,CID-159,38b894aa-e46e-4c58-a891-15a6624fe020,2025-11-11,2025-12-11,2099.94,183.74,2283.68,Paid,SampleGen
INV-4a5df58d-ebda-45b0-8bc3-c36c4268e5d2,IS300438,CID-159,4a5df58d-ebda-45b0-8bc3-c36c4268e5d2,2026-09-27,2026-10-27,1709.95,149.62,1859.57,Paid,SampleGen
INV-9947ccaf-067a-4fca-9d27-0184e94d02f9,IS300439,CID-160,9947ccaf-067a-4fca-9d27-0184e94d02f9,2024-03-09,2024-04-08,1609.95,140.87,1750.82,Paid,SampleGen
INV-e43b975c-3073-4348-881d-04d296216c77,IS300440,CID-160,e43b975c-3073-4348-881d-04d296216c77,2023-02-01,2023-03-03,2339.95,204.74,2544.69,Paid,SampleGen
INV-9bbb47a4-19f2-416c-926a-e47dc98de12b,IS300441,CID-160,9bbb47a4-19f2-416c-926a-e47dc98de12b,2023-02-02,2023-03-04,3729.94,326.37,4056.31,Paid,SampleGen
INV-392f8ed4-a351-4f5b-8683-3e17869fb0ee,IS300442,CID-160,392f8ed4-a351-4f5b-8683-3e17869fb0ee,2022-05-27,2022-06-26,99.99,8.75,108.74,Paid,SampleGen
INV-f68594b2-bf1d-4d05-8001-43fea731eb70,IS300443,CID-160,f68594b2-bf1d-4d05-8001-43fea731eb70,2023-09-21,2023-10-21,3439.94,301.0,3740.94,Paid,SampleGen
INV-ed887d90-a316-4a2a-8792-7490219ec8cf,IS300444,CID-161,ed887d90-a316-4a2a-8792-7490219ec8cf,2025-08-22,2025-09-21,1419.95,124.25,1544.2,Paid,SampleGen
INV-e6a3e435-dce1-42f5-86c2-60a8c3a15931,IS300445,CID-161,e6a3e435-dce1-42f5-86c2-60a8c3a15931,2022-01-17,2022-02-16,3799.94,332.5,4132.44,Paid,SampleGen
INV-5663a1d0-1b3c-47bf-af25-a4aa46375002,IS300446,CID-161,5663a1d0-1b3c-47bf-af25-a4aa46375002,2022-12-22,2023-01-21,1959.96,171.5,2131.46,Paid,SampleGen
INV-c2a6c9a4-d650-4b21-9fdb-b1a3317568dd,IS300447,CID-162,c2a6c9a4-d650-4b21-9fdb-b1a3317568dd,2025-04-28,2025-05-28,1499.94,131.25,1631.19,Paid,SampleGen
INV-5fa8c53c-38f4-4ca4-a1b3-f0dfbb48fb4d,IS300448,CID-163,5fa8c53c-38f4-4ca4-a1b3-f0dfbb48fb4d,2023-05-30,2023-06-29,2069.94,181.12,2251.06,Paid,SampleGen
INV-2feb6453-719e-44e1-87cc-6ca0d9cdf578,IS300449,CID-163,2feb6453-719e-44e1-87cc-6ca0d9cdf578,2026-09-09,2026-10-09,714.97,62.55,777.52,Paid,SampleGen
INV-ec15f86d-5a9d-4899-afaa-8521f70effcd,IS300450,CID-163,ec15f86d-5a9d-4899-afaa-8521f70effcd,2021-07-29,2021-08-28,1609.96,140.87,1750.83,Paid,SampleGen
INV-989cf38a-eba3-451b-82ed-d6e7172b8d34,IS300451,CID-164,989cf38a-eba3-451b-82ed-d6e7172b8d34,2026-06-09,2026-07-09,529.96,46.37,576.33,Paid,SampleGen
INV-8a962051-b773-4f3d-be77-5ad3b1255963,IS300452,CID-164,8a962051-b773-4f3d-be77-5ad3b1255963,2022-04-17,2022-05-17,979.97,85.75,1065.72,Paid,SampleGen
INV-f370991f-d0ae-4840-80f0-4a408ebd6634,IS300453,CID-165,f370991f-d0ae-4840-80f0-4a408ebd6634,2026-08-12,2026-09-11,1829.96,160.12,1990.08,Paid,SampleGen
INV-d378a583-ffb4-4196-8992-597c777b6576,IS300454,CID-166,d378a583-ffb4-4196-8992-597c777b6576,2022-07-23,2022-08-22,899.99,78.75,978.74,Paid,SampleGen
INV-8aaff0b8-e0dc-4047-a09e-075d8ed6a2ee,IS300455,CID-166,8aaff0b8-e0dc-4047-a09e-075d8ed6a2ee,2024-02-01,2024-03-02,3349.95,293.12,3643.07,Paid,SampleGen
INV-bb6098eb-c919-4b48-9c58-5f49227a79c9,IS300456,CID-166,bb6098eb-c919-4b48-9c58-5f49227a79c9,2022-11-27,2022-12-27,3809.95,333.37,4143.32,Paid,SampleGen
INV-eb4bf6c5-b7bb-4265-9641-5ea3f7d34809,IS300457,CID-166,eb4bf6c5-b7bb-4265-9641-5ea3f7d34809,2026-04-16,2026-05-16,799.98,70.0,869.98,Paid,SampleGen
INV-62b40036-a941-4c35-ab19-0aba60288585,IS300458,CID-166,62b40036-a941-4c35-ab19-0aba60288585,2021-03-19,2021-04-18,539.96,47.25,587.21,Paid,SampleGen
INV-ffc5da35-af6e-4e77-bc29-ef2fc1f2f438,IS300459,CID-166,ffc5da35-af6e-4e77-bc29-ef2fc1f2f438,2021-04-28,2021-05-28,989.94,86.62,1076.56,Paid,SampleGen
INV-a59b564c-7ae9-415e-bc95-eb35e5b6dd97,IS300460,CID-166,a59b564c-7ae9-415e-bc95-eb35e5b6dd97,2025-07-08,2025-08-07,394.97,34.56,429.53,Paid,SampleGen
INV-f3378451-e8b1-4212-91fd-002c01581d75,IS300461,CID-167,f3378451-e8b1-4212-91fd-002c01581d75,2023-06-15,2023-07-15,1969.95,172.37,2142.32,Paid,SampleGen
INV-cc0f19ab-f848-4e15-bcaf-4f09a6dfd7b8,IS300462,CID-167,cc0f19ab-f848-4e15-bcaf-4f09a6dfd7b8,2024-05-22,2024-06-21,319.98,28.0,347.98,Paid,SampleGen
INV-8240a435-729b-4727-96d5-9242e373bae9,IS300463,CID-167,8240a435-729b-4727-96d5-9242e373bae9,2021-02-06,2021-03-08,3629.95,317.62,3947.57,Paid,SampleGen
INV-34adde91-a72e-4696-ba78-ad082f435639,IS300464,CID-167,34adde91-a72e-4696-ba78-ad082f435639,2026-10-07,2026-11-06,1119.95,98.0,1217.95,Paid,SampleGen
INV-205dccec-8f86-4c70-b326-a83fd2de44a5,IS300465,CID-167,205dccec-8f86-4c70-b326-a83fd2de44a5,2022-05-04,2022-06-03,889.97,77.87,967.84,Paid,SampleGen
INV-397d648b-468b-427a-8d94-09a1dae2d281,IS300466,CID-167,397d648b-468b-427a-8d94-09a1dae2d281,2024-02-28,2024-03-29,1659.96,145.25,1805.21,Paid,SampleGen
INV-14598865-e59d-40dc-811a-40e02b0163b1,IS300467,CID-168,14598865-e59d-40dc-811a-40e02b0163b1,2026-10-08,2026-11-07,1799.95,157.49,1957.44,Paid,SampleGen
INV-10f7c6e1-c1bd-41bc-afc2-cdc9a2a590f1,IS300468,CID-168,10f7c6e1-c1bd-41bc-afc2-cdc9a2a590f1,2022-04-13,2022-05-13,939.97,82.25,1022.22,Paid,SampleGen
INV-8d5ca052-9007-4301-8f23-7e29c8c551f0,IS300469,CID-168,8d5ca052-9007-4301-8f23-7e29c8c551f0,2021-09-28,2021-10-28,259.98,22.75,282.73,Paid,SampleGen
INV-bf6c37ff-3dc3-4383-ac3d-dd4fbfe0320d,IS300470,CID-168,bf6c37ff-3dc3-4383-ac3d-dd4fbfe0320d,2022-02-27,2022-03-29,5299.94,463.75,5763.69,Paid,SampleGen
INV-ca816ff3-d512-446f-99c0-43d95beb9cb9,IS300471,CID-169,ca816ff3-d512-446f-99c0-43d95beb9cb9,2022-07-22,2022-08-21,1259.96,110.24,1370.2,Paid,SampleGen
INV-0a1770ec-cec9-4d35-b9cf-5a2b5990d2aa,IS300472,CID-169,0a1770ec-cec9-4d35-b9cf-5a2b5990d2aa,2021-11-19,2021-12-19,1749.95,153.12,1903.07,Paid,SampleGen
INV-464d92fc-a428-476c-8506-edfcc71a92cf,IS300473,CID-170,464d92fc-a428-476c-8506-edfcc71a92cf,2021-02-06,2021-03-08,1859.95,162.75,2022.7,Paid,SampleGen
INV-36aac927-e836-4b18-85d4-1def82ee5d00,IS300474,CID-170,36aac927-e836-4b18-85d4-1def82ee5d00,2022-02-20,2022-03-22,949.96,83.12,1033.08,Paid,SampleGen
INV-e19a97af-e743-480f-9679-7de91f1767db,IS300475,CID-171,e19a97af-e743-480f-9679-7de91f1767db,2022-01-12,2022-02-11,1809.94,158.37,1968.31,Paid,SampleGen
INV-7edf5fa7-0379-49a1-80bb-0eb5a7797efb,IS300476,CID-171,7edf5fa7-0379-49a1-80bb-0eb5a7797efb,2026-07-28,2026-08-27,1049.98,91.87,1141.85,Paid,SampleGen
INV-0f5e16b2-e036-4ba9-86b9-b69b03c898f8,IS300477,CID-172,0f5e16b2-e036-4ba9-86b9-b69b03c898f8,2025-10-06,2025-11-05,3219.92,281.75,3501.67,Paid,SampleGen
INV-e7faf99b-5dfb-4001-aced-e7d073f18e45,IS300478,CID-172,e7faf99b-5dfb-4001-aced-e7d073f18e45,2021-09-30,2021-10-30,3289.94,287.87,3577.81,Paid,SampleGen
INV-211ea6f0-5c5f-4f95-a8e7-c77c55216a8e,IS300479,CID-172,211ea6f0-5c5f-4f95-a8e7-c77c55216a8e,2024-07-31,2024-08-30,1649.95,144.37,1794.32,Paid,SampleGen
INV-eb861fba-b953-49b6-83e9-6c4b00c175c2,IS300480,CID-172,eb861fba-b953-49b6-83e9-6c4b00c175c2,2024-12-16,2025-01-15,4399.96,385.0,4784.96,Paid,SampleGen
INV-a73b844a-2d3c-4704-bffa-bee564d9b4fb,IS300481,CID-172,a73b844a-2d3c-4704-bffa-bee564d9b4fb,2023-07-20,2023-08-19,149.96,13.12,163.08,Paid,SampleGen
INV-bc5247b1-d320-4453-862d-e45eaaf7a825,IS300482,CID-172,bc5247b1-d320-4453-862d-e45eaaf7a825,2024-07-18,2024-08-17,799.96,70.0,869.96,Paid,SampleGen
INV-af76d734-9a17-452e-a44a-a7d5adc03bb4,IS300483,CID-173,af76d734-9a17-452e-a44a-a7d5adc03bb4,2024-08-18,2024-09-17,1219.97,106.75,1326.72,Paid,SampleGen
INV-a6624c60-9644-4628-86e4-e1acc6a484c8,IS300484,CID-173,a6624c60-9644-4628-86e4-e1acc6a484c8,2022-12-17,2023-01-16,1199.96,105.0,1304.96,Paid,SampleGen
INV-ce0555ff-f069-4db4-a98a-de9fc36c7d88,IS300485,CID-173,ce0555ff-f069-4db4-a98a-de9fc36c7d88,2021-06-21,2021-07-21,1679.97,147.0,1826.97,Paid,SampleGen
INV-6367bbbd-160e-4794-9dee-3caef66db9d1,IS300486,CID-173,6367bbbd-160e-4794-9dee-3caef66db9d1,2024-09-28,2024-10-28,1099.98,96.24,1196.22,Paid,SampleGen
INV-60777c7b-7c86-428c-bbfa-5082c21cc48e,IS300487,CID-174,60777c7b-7c86-428c-bbfa-5082c21cc48e,2023-04-14,2023-05-14,159.98,14.0,173.98,Paid,SampleGen
INV-b8d612fe-5711-44eb-811b-0103b6b48856,IS300488,CID-174,b8d612fe-5711-44eb-811b-0103b6b48856,2022-11-04,2022-12-04,1299.99,113.75,1413.74,Paid,SampleGen
INV-9d97a1db-5b23-4497-850c-953ca62c9e38,IS300489,CID-175,9d97a1db-5b23-4497-850c-953ca62c9e38,2024-03-29,2024-04-28,1199.97,105.0,1304.97,Paid,SampleGen
INV-26bc653e-d76b-458b-88b6-ae60049f4282,IS300490,CID-175,26bc653e-d76b-458b-88b6-ae60049f4282,2024-10-30,2024-11-29,1279.95,112.0,1391.95,Paid,SampleGen
INV-b540cb3e-fdaf-4a02-b997-306d5ad32101,IS300491,CID-176,b540cb3e-fdaf-4a02-b997-306d5ad32101,2026-11-14,2026-12-14,1709.96,149.62,1859.58,Paid,SampleGen
INV-e2afceb5-869d-4d75-85e8-d5c75d20609b,IS300492,CID-176,e2afceb5-869d-4d75-85e8-d5c75d20609b,2021-12-06,2022-01-05,2979.94,260.75,3240.69,Paid,SampleGen
INV-e02aae20-17fb-4df4-94ae-39e7a51cc4e7,IS300493,CID-176,e02aae20-17fb-4df4-94ae-39e7a51cc4e7,2025-12-05,2026-01-04,649.99,56.87,706.86,Paid,SampleGen
INV-8d8ab941-0f69-49b5-b66a-ea7994dfeec9,IS300494,CID-177,8d8ab941-0f69-49b5-b66a-ea7994dfeec9,2025-02-22,2025-03-24,779.98,68.24,848.22,Paid,SampleGen
INV-ac73c599-33e8-4f2f-bad0-afe9c1849000,IS300495,CID-177,ac73c599-33e8-4f2f-bad0-afe9c1849000,2021-05-17,2021-06-16,1459.95,127.75,1587.7,Paid,SampleGen
INV-dc33822d-131b-4c1e-b4fa-f38ce381fc11,IS300496,CID-178,dc33822d-131b-4c1e-b4fa-f38ce381fc11,2024-12-20,2025-01-19,2659.94,232.75,2892.69,Paid,SampleGen
INV-d70caf8d-2ff2-4a77-bfa9-f3176d878b89,IS300497,CID-178,d70caf8d-2ff2-4a77-bfa9-f3176d878b89,2025-09-11,2025-10-11,2379.94,208.25,2588.19,Paid,SampleGen
INV-95678c80-b279-4803-8597-d41f6a703bc8,IS300498,CID-179,95678c80-b279-4803-8597-d41f6a703bc8,2021-07-27,2021-08-26,699.96,61.25,761.21,Paid,SampleGen
INV-8b100fa9-1261-4185-bf00-6eb82767a0a8,IS300499,CID-179,8b100fa9-1261-4185-bf00-6eb82767a0a8,2021-01-17,2021-02-16,1609.97,140.87,1750.84,Paid,SampleGen
INV-22f45917-8c0f-4fe9-9590-1a4422d056d2,IS300500,CID-180,22f45917-8c0f-4fe9-9590-1a4422d056d2,2026-12-01,2026-12-31,459.97,40.25,500.22,Paid,SampleGen
INV-03dbaca8-b805-4389-82e1-3ddfd86f30a6,IS300501,CID-180,03dbaca8-b805-4389-82e1-3ddfd86f30a6,2021-05-24,2021-06-23,1539.93,134.75,1674.68,Paid,SampleGen
INV-dffd9d2a-fdb2-431f-8ef2-9b1945787b73,IS300502,CID-180,dffd9d2a-fdb2-431f-8ef2-9b1945787b73,2024-05-20,2024-06-19,679.96,59.5,739.46,Paid,SampleGen
INV-be206288-05dc-41de-8242-43561236d79e,IS300503,CID-181,be206288-05dc-41de-8242-43561236d79e,2022-02-23,2022-03-25,1949.94,170.62,2120.56,Paid,SampleGen
INV-715bf39d-2bd8-41f5-869e-a9f50b596c0d,IS300504,CID-182,715bf39d-2bd8-41f5-869e-a9f50b596c0d,2021-03-21,2021-04-20,529.97,46.37,576.34,Paid,SampleGen
INV-ca6ec9de-67bc-4871-b06c-57e31f6ce150,IS300505,CID-183,ca6ec9de-67bc-4871-b06c-57e31f6ce150,2023-08-02,2023-09-01,959.97,84.0,1043.97,Paid,SampleGen
INV-32e0c4dc-6566-4510-b0df-ac20487404a6,IS300506,CID-183,32e0c4dc-6566-4510-b0df-ac20487404a6,2024-01-08,2024-02-07,2799.95,245.0,3044.95,Paid,SampleGen
INV-0afff49b-af73-45f2-b779-7f5e10908180,IS300507,CID-184,0afff49b-af73-45f2-b779-7f5e10908180,2023-07-19,2023-08-18,489.97,42.87,532.84,Paid,SampleGen
INV-b6efd40f-3b4c-4e8c-afa2-3056ebf27d22,IS300508,CID-184,b6efd40f-3b4c-4e8c-afa2-3056ebf27d22,2025-06-16,2025-07-16,579.96,50.74,630.7,Paid,SampleGen
INV-aac24453-9186-4ea5-bb42-7152345f8864,IS300509,CID-184,aac24453-9186-4ea5-bb42-7152345f8864,2022-07-14,2022-08-13,1739.96,152.24,1892.2,Paid,SampleGen
INV-f25ed86d-c90b-419b-b234-ab6a5fe64179,IS300510,CID-184,f25ed86d-c90b-419b-b234-ab6a5fe64179,2025-08-22,2025-09-21,899.97,78.75,978.72,Paid,SampleGen
INV-950f3449-431a-45d8-9590-cf9d9608993d,IS300511,CID-185,950f3449-431a-45d8-9590-cf9d9608993d,2021-06-11,2021-07-11,649.99,56.87,706.86,Paid,SampleGen
INV-65fba08d-f974-4b46-84a6-aae7b9599ec8,IS300512,CID-185,65fba08d-f974-4b46-84a6-aae7b9599ec8,2022-12-01,2022-12-31,569.97,49.87,619.84,Paid,SampleGen
INV-cc0cce4c-ac02-4a82-8d3e-a31dbbe891ec,IS300513,CID-185,cc0cce4c-ac02-4a82-8d3e-a31dbbe891ec,2024-11-03,2024-12-03,1299.95,113.75,1413.7,Paid,SampleGen
INV-c6d6afd2-5baa-4912-b1fd-6057f149dbf7,IS300514,CID-185,c6d6afd2-5baa-4912-b1fd-6057f149dbf7,2023-09-14,2023-10-14,2899.96,253.74,3153.7,Paid,SampleGen
INV-980f4ae5-aa54-4d34-abbf-99c3570ab5d4,IS300515,CID-186,980f4ae5-aa54-4d34-abbf-99c3570ab5d4,2023-11-10,2023-12-10,1879.97,164.5,2044.47,Paid,SampleGen
INV-bb00c3fa-a07f-4651-98ce-7acd89b7cf56,IS300516,CID-186,bb00c3fa-a07f-4651-98ce-7acd89b7cf56,2023-05-22,2023-06-21,199.99,17.5,217.49,Paid,SampleGen
INV-31f32742-14c4-4f7e-af1f-7784d9b9187f,IS300517,CID-187,31f32742-14c4-4f7e-af1f-7784d9b9187f,2026-08-09,2026-09-08,2029.96,177.62,2207.58,Paid,SampleGen
INV-a3a6b222-3d03-417f-b300-41ceb251bb8c,IS300518,CID-187,a3a6b222-3d03-417f-b300-41ceb251bb8c,2025-02-01,2025-03-03,579.99,50.75,630.74,Paid,SampleGen
INV-311dc279-01b9-47fd-ad06-c702cab8c3c2,IS300519,CID-188,311dc279-01b9-47fd-ad06-c702cab8c3c2,2022-04-02,2022-05-02,309.98,27.12,337.1,Paid,SampleGen
INV-245008ad-6d1b-4bf7-8895-7fbf8e648c48,IS300520,CID-188,245008ad-6d1b-4bf7-8895-7fbf8e648c48,2026-05-03,2026-06-02,1129.96,98.87,1228.83,Paid,SampleGen
INV-40b98fb1-f0ea-451d-9e08-af859ef3223e,IS300521,CID-188,40b98fb1-f0ea-451d-9e08-af859ef3223e,2026-09-26,2026-10-26,4209.93,368.37,4578.3,Paid,SampleGen
INV-00901ae7-1b1b-47c1-8d05-4318abbd2884,IS300522,CID-188,00901ae7-1b1b-47c1-8d05-4318abbd2884,2023-02-15,2023-03-17,349.99,30.62,380.61,Paid,SampleGen
INV-8d2d92ec-7845-4345-a7fd-226c72854b97,IS300523,CID-189,8d2d92ec-7845-4345-a7fd-226c72854b97,2024-05-19,2024-06-18,379.98,33.25,413.23,Paid,SampleGen
INV-16f2902e-55b4-4b1f-b0b0-1e47f4107cc4,IS300524,CID-189,16f2902e-55b4-4b1f-b0b0-1e47f4107cc4,2024-01-30,2024-02-29,1479.95,129.5,1609.45,Paid,SampleGen
INV-b0af906d-ede3-4508-aae5-7a587d1b575f,IS300525,CID-190,b0af906d-ede3-4508-aae5-7a587d1b575f,2022-05-01,2022-05-31,2299.92,201.25,2501.17,Paid,SampleGen
INV-ccf7718c-465d-4124-87a0-1aafac0bc8d1,IS300526,CID-191,ccf7718c-465d-4124-87a0-1aafac0bc8d1,2024-10-17,2024-11-16,2699.94,236.25,2936.19,Paid,SampleGen
INV-4d14bec5-0593-4265-a0e0-ac246d12703d,IS300527,CID-192,4d14bec5-0593-4265-a0e0-ac246d12703d,2023-11-25,2023-12-25,539.97,47.24,587.21,Paid,SampleGen
INV-80fa2729-1118-42c2-b766-c1b13fa2dab0,IS300528,CID-192,80fa2729-1118-42c2-b766-c1b13fa2dab0,2025-09-29,2025-10-29,799.98,70.0,869.98,Paid,SampleGen
INV-962a7b5f-64a8-4d2f-a1b7-c374e35cbbc3,IS300529,CID-192,962a7b5f-64a8-4d2f-a1b7-c374e35cbbc3,2025-03-19,2025-04-18,1649.96,144.37,1794.33,Paid,SampleGen
INV-cc2d493d-aba8-4b30-a7a5-77bd82a20573,IS300530,CID-194,cc2d493d-aba8-4b30-a7a5-77bd82a20573,2023-12-27,2024-01-26,1539.96,134.75,1674.71,Paid,SampleGen
INV-fa1bcac3-d2a9-4f17-8c8b-75aec5f19a86,IS300531,CID-194,fa1bcac3-d2a9-4f17-8c8b-75aec5f19a86,2026-02-24,2026-03-26,1249.97,109.37,1359.34,Paid,SampleGen
INV-8add65da-48cd-47c2-a9d6-e95dad59f74e,IS300532,CID-195,8add65da-48cd-47c2-a9d6-e95dad59f74e,2025-06-22,2025-07-22,319.97,28.0,347.97,Paid,SampleGen
INV-5990c277-4333-4962-892f-171b56385c16,IS300533,CID-195,5990c277-4333-4962-892f-171b56385c16,2026-10-27,2026-11-26,869.95,76.12,946.07,Paid,SampleGen
INV-77fecfd5-829e-4f79-8a65-58ea3e6e12ac,IS300534,CID-195,77fecfd5-829e-4f79-8a65-58ea3e6e12ac,2024-07-26,2024-08-25,1599.98,140.0,1739.98,Paid,SampleGen
INV-8236be3f-9376-4924-8c25-dd2ad77410cc,IS300535,CID-196,8236be3f-9376-4924-8c25-dd2ad77410cc,2024-08-17,2024-09-16,299.99,26.25,326.24,Paid,SampleGen
INV-9173c5ab-5b41-426c-8a3b-16d64f6b8ec3,IS300536,CID-196,9173c5ab-5b41-426c-8a3b-16d64f6b8ec3,2022-02-11,2022-03-13,2309.95,202.12,2512.07,Paid,SampleGen
INV-44da3c69-2129-4f3d-9811-462cdb267d43,IS300537,CID-197,44da3c69-2129-4f3d-9811-462cdb267d43,2023-06-16,2023-07-16,79.99,7.0,86.99,Paid,SampleGen
INV-a6406569-3103-41c7-8e37-a0de38566ee4,IS300538,CID-197,a6406569-3103-41c7-8e37-a0de38566ee4,2026-08-26,2026-09-25,309.98,27.12,337.1,Paid,SampleGen
INV-bb569892-d797-4cea-b2fb-a168faa5a4ba,IS300539,CID-197,bb569892-d797-4cea-b2fb-a168faa5a4ba,2025-08-02,2025-09-01,859.95,75.25,935.2,Paid,SampleGen
INV-792c93d9-6af5-49b6-beeb-b21454a55104,IS300540,CID-197,792c93d9-6af5-49b6-beeb-b21454a55104,2022-05-27,2022-06-26,1059.96,92.75,1152.71,Paid,SampleGen
INV-ef2b4a8e-42d3-43b7-b6b7-37472030a9cf,IS300541,CID-197,ef2b4a8e-42d3-43b7-b6b7-37472030a9cf,2026-07-09,2026-08-08,919.98,80.5,1000.48,Paid,SampleGen
INV-ba6f2b04-230f-4218-af48-0268d18ee1b8,IS300542,CID-197,ba6f2b04-230f-4218-af48-0268d18ee1b8,2026-08-27,2026-09-26,279.97,24.5,304.47,Paid,SampleGen
INV-39d6aa30-3f84-4768-87cf-ffba3e5d6820,IS300543,CID-197,39d6aa30-3f84-4768-87cf-ffba3e5d6820,2025-02-07,2025-03-09,119.99,10.5,130.49,Paid,SampleGen
INV-e37e4d18-2610-4bd0-9843-9bd8e1251ecb,IS300544,CID-197,e37e4d18-2610-4bd0-9843-9bd8e1251ecb,2021-12-05,2022-01-04,2449.94,214.37,2664.31,Paid,SampleGen
INV-b5d5b85a-6919-42c8-8785-9d722a3e8782,IS300545,CID-197,b5d5b85a-6919-42c8-8785-9d722a3e8782,2026-04-04,2026-05-04,1319.94,115.5,1435.44,Paid,SampleGen
INV-356ead5f-1311-4799-aab9-1963a870afb9,IS300546,CID-198,356ead5f-1311-4799-aab9-1963a870afb9,2023-11-02,2023-12-02,3549.95,310.62,3860.57,Paid,SampleGen
INV-94a8a454-1b4f-4af6-8ea4-e249ee4df393,IS300547,CID-198,94a8a454-1b4f-4af6-8ea4-e249ee4df393,2025-03-08,2025-04-07,1459.94,127.75,1587.69,Paid,SampleGen
INV-27c68b10-a229-4ea1-822c-d7d8a2eefdc8,IS300548,CID-198,27c68b10-a229-4ea1-822c-d7d8a2eefdc8,2023-06-05,2023-07-05,1499.96,131.25,1631.21,Paid,SampleGen
INV-2fa1d143-2deb-4c83-9785-376ded9ad983,IS300549,CID-198,2fa1d143-2deb-4c83-9785-376ded9ad983,2021-03-22,2021-04-21,2559.95,223.99,2783.94,Paid,SampleGen
INV-115b4715-f461-4478-8e52-1020e3c46219,IS300550,CID-198,115b4715-f461-4478-8e52-1020e3c46219,2025-06-21,2025-07-21,3059.94,267.75,3327.69,Paid,SampleGen
INV-d5c71066-f094-4b75-8105-cf99c736fa41,IS300551,CID-198,d5c71066-f094-4b75-8105-cf99c736fa41,2026-02-05,2026-03-07,1029.96,90.12,1120.08,Paid,SampleGen
INV-4146d8cd-c3e7-42ba-8d3c-4d4ee53b8c7d,IS300552,CID-199,4146d8cd-c3e7-42ba-8d3c-4d4ee53b8c7d,2024-09-15,2024-10-15,344.96,30.18,375.14,Paid,SampleGen
INV-4bd559d5-c747-4b72-9818-15ce17dec1fd,IS300553,CID-199,4bd559d5-c747-4b72-9818-15ce17dec1fd,2021-11-30,2021-12-30,1699.96,148.75,1848.71,Paid,SampleGen
INV-e50ed15e-f47c-4f3b-8431-090a02696736,IS300554,CID-199,e50ed15e-f47c-4f3b-8431-090a02696736,2025-04-05,2025-05-05,1299.98,113.75,1413.73,Paid,SampleGen
INV-0da96d9b-2a03-45d2-b994-4e0f806d4beb,IS300555,CID-200,0da96d9b-2a03-45d2-b994-4e0f806d4beb,2026-01-18,2026-02-17,1429.96,125.12,1555.08,Paid,SampleGen
INV-3f9424e9-e116-4d38-a418-d0ae716b8ead,IS300556,CID-200,3f9424e9-e116-4d38-a418-d0ae716b8ead,2023-11-13,2023-12-13,1149.98,100.62,1250.6,Paid,SampleGen
INV-138ba5f5-485a-4e29-aa2f-09bf32b683cf,IS300557,CID-201,138ba5f5-485a-4e29-aa2f-09bf32b683cf,2026-07-03,2026-08-02,1379.94,120.75,1500.69,Paid,SampleGen
INV-9c2aaeab-507e-40fe-b0e2-f2bde956c8ff,IS300558,CID-202,9c2aaeab-507e-40fe-b0e2-f2bde956c8ff,2022-02-05,2022-03-07,1199.94,105.0,1304.94,Paid,SampleGen
INV-197ba73b-ce10-4161-8e96-7ebb2f1b3370,IS300559,CID-203,197ba73b-ce10-4161-8e96-7ebb2f1b3370,2022-04-28,2022-05-28,79.99,7.0,86.99,Paid,SampleGen
INV-68bfbee9-7198-4b75-a36d-4703c02ca944,IS300560,CID-203,68bfbee9-7198-4b75-a36d-4703c02ca944,2023-02-20,2023-03-22,1729.93,151.37,1881.3,Paid,SampleGen
INV-c68403a4-a9b9-4a77-9021-e5bbc8ba988b,IS300561,CID-203,c68403a4-a9b9-4a77-9021-e5bbc8ba988b,2022-12-28,2023-01-27,2229.95,195.12,2425.07,Paid,SampleGen
INV-02257bab-c4dd-41ad-927d-18caa76ea2d6,IS300562,CID-203,02257bab-c4dd-41ad-927d-18caa76ea2d6,2026-09-05,2026-10-05,799.98,70.0,869.98,Paid,SampleGen
INV-5542b6d9-da07-4033-891f-d9f908e61361,IS300563,CID-203,5542b6d9-da07-4033-891f-d9f908e61361,2024-03-01,2024-03-31,3329.95,291.37,3621.32,Paid,SampleGen
INV-3078bb1c-61ca-412d-b741-0a0e5c1aae83,IS300564,CID-204,3078bb1c-61ca-412d-b741-0a0e5c1aae83,2022-06-05,2022-07-05,374.95,32.81,407.76,Paid,SampleGen
INV-9c1e1a22-b20d-4c16-a138-2acb7a6174ee,IS300565,CID-204,9c1e1a22-b20d-4c16-a138-2acb7a6174ee,2025-08-18,2025-09-17,499.98,43.75,543.73,Paid,SampleGen
INV-e368e230-34db-4708-a8a2-c77874cbb67c,IS300566,CID-204,e368e230-34db-4708-a8a2-c77874cbb67c,2023-11-20,2023-12-20,1379.92,120.75,1500.67,Paid,SampleGen
INV-c63f008c-720c-4588-96d5-420a9ba25843,IS300567,CID-204,c63f008c-720c-4588-96d5-420a9ba25843,2021-05-27,2021-06-26,239.97,21.0,260.97,Paid,SampleGen
INV-a21195a1-f796-4deb-a1da-f33adb6366a3,IS300568,CID-204,a21195a1-f796-4deb-a1da-f33adb6366a3,2021-10-14,2021-11-13,3209.93,280.87,3490.8,Paid,SampleGen
INV-c18e0279-00c2-41b4-afb0-100fd8b6876a,IS300569,CID-204,c18e0279-00c2-41b4-afb0-100fd8b6876a,2022-04-26,2022-05-26,1289.94,112.87,1402.81,Paid,SampleGen
INV-ecfb07c8-d4de-4e7c-ab74-724fb396e53c,IS300570,CID-204,ecfb07c8-d4de-4e7c-ab74-724fb396e53c,2025-02-15,2025-03-17,389.96,34.12,424.08,Paid,SampleGen
INV-75f570a1-9c83-4695-8626-ea9622c4a364,IS300571,CID-204,75f570a1-9c83-4695-8626-ea9622c4a364,2025-04-01,2025-05-01,259.98,22.75,282.73,Paid,SampleGen
INV-2eb9232d-d64e-45e9-abc5-18d8355ce2e8,IS300572,CID-204,2eb9232d-d64e-45e9-abc5-18d8355ce2e8,2026-12-24,2027-01-23,4779.93,418.25,5198.18,Paid,SampleGen
INV-4c8dd23c-477f-49d7-9366-0725ce412079,IS300573,CID-205,4c8dd23c-477f-49d7-9366-0725ce412079,2022-02-01,2022-03-03,1679.95,147.0,1826.95,Paid,SampleGen
INV-14edb59f-b891-4ecc-a182-f7d20a6ab96f,IS300574,CID-205,14edb59f-b891-4ecc-a182-f7d20a6ab96f,2021-11-05,2021-12-05,2819.94,246.75,3066.69,Paid,SampleGen
INV-34966588-cc1b-461a-9471-916b0a783be4,IS300575,CID-205,34966588-cc1b-461a-9471-916b0a783be4,2024-07-19,2024-08-18,1629.96,142.62,1772.58,Paid,SampleGen
INV-6d31392c-909a-4623-8a00-bcac0df9b921,IS300576,CID-206,6d31392c-909a-4623-8a00-bcac0df9b921,2021-02-04,2021-03-06,4929.94,431.37,5361.31,Paid,SampleGen
INV-a7e28eb0-0d95-49e7-b478-6e696978dacf,IS300577,CID-206,a7e28eb0-0d95-49e7-b478-6e696978dacf,2026-12-03,2027-01-02,4559.93,399.0,4958.93,Paid,SampleGen
INV-b8dc3a68-b8b8-455b-922c-f7f0ef4f436f,IS300578,CID-207,b8dc3a68-b8b8-455b-922c-f7f0ef4f436f,2026-06-01,2026-07-01,1349.94,118.12,1468.06,Paid,SampleGen
INV-3b443f21-bff9-4e2b-b815-31a93d5862fb,IS300579,CID-207,3b443f21-bff9-4e2b-b815-31a93d5862fb,2024-06-26,2024-07-26,2599.96,227.5,2827.46,Paid,SampleGen
INV-53a5219e-7878-4642-8dda-c7f715166be6,IS300580,CID-208,53a5219e-7878-4642-8dda-c7f715166be6,2021-08-28,2021-09-27,2179.96,190.74,2370.7,Paid,SampleGen
INV-78ca26ff-aa23-4dcf-a8eb-f1a1bc13b6fa,IS300581,CID-208,78ca26ff-aa23-4dcf-a8eb-f1a1bc13b6fa,2021-02-14,2021-03-16,599.98,52.5,652.48,Paid,SampleGen
INV-673f8c05-6e1a-4dea-ac5a-694ab762de7c,IS300582,CID-208,673f8c05-6e1a-4dea-ac5a-694ab762de7c,2024-10-04,2024-11-03,2199.96,192.5,2392.46,Paid,SampleGen
INV-e197f5d3-ae8b-4cac-a777-57e79f3cf345,IS300583,CID-208,e197f5d3-ae8b-4cac-a777-57e79f3cf345,2021-10-30,2021-11-29,4859.92,425.25,5285.17,Paid,SampleGen
INV-9c8ce310-257f-4e46-9009-2157aa52f4dc,IS300584,CID-208,9c8ce310-257f-4e46-9009-2157aa52f4dc,2023-05-08,2023-06-07,1079.95,94.5,1174.45,Paid,SampleGen
INV-6d92bb0b-a9f1-40c9-a450-50ae10cb48ec,IS300585,CID-208,6d92bb0b-a9f1-40c9-a450-50ae10cb48ec,2021-09-27,2021-10-27,2879.92,252.0,3131.92,Paid,SampleGen
INV-d0936ece-6908-4607-810b-46ba21bd44e6,IS300586,CID-208,d0936ece-6908-4607-810b-46ba21bd44e6,2023-11-02,2023-12-02,599.97,52.5,652.47,Paid,SampleGen
INV-bc3579ad-8eee-4946-9ae9-9f23198d3804,IS300587,CID-209,bc3579ad-8eee-4946-9ae9-9f23198d3804,2021-09-22,2021-10-22,259.98,22.75,282.73,Paid,SampleGen
INV-a29479f0-928a-4849-935d-2c937e62dd1d,IS300588,CID-209,a29479f0-928a-4849-935d-2c937e62dd1d,2024-08-25,2024-09-24,599.98,52.5,652.48,Paid,SampleGen
INV-507f94b7-982c-47c0-a42c-3550a81776d6,IS300589,CID-210,507f94b7-982c-47c0-a42c-3550a81776d6,2026-10-24,2026-11-23,219.98,19.25,239.23,Paid,SampleGen
INV-f27c17db-0f8e-454d-b27c-427ce67f1ef6,IS300590,CID-210,f27c17db-0f8e-454d-b27c-427ce67f1ef6,2023-03-10,2023-04-09,1029.93,90.12,1120.05,Paid,SampleGen
INV-d05dc1f4-b624-4132-bfca-cd950c188249,IS300591,CID-211,d05dc1f4-b624-4132-bfca-cd950c188249,2022-07-08,2022-08-07,869.96,76.12,946.08,Paid,SampleGen
INV-cadc6ed9-2b25-4ee6-bfd1-4d90c20387c0,IS300592,CID-211,cadc6ed9-2b25-4ee6-bfd1-4d90c20387c0,2022-01-07,2022-02-06,1819.93,159.25,1979.18,Paid,SampleGen
INV-3e053456-a526-408a-b67f-8744000d5388,IS300593,CID-211,3e053456-a526-408a-b67f-8744000d5388,2022-10-01,2022-10-31,4059.94,355.25,4415.19,Paid,SampleGen
INV-0d8c11ef-5cf8-4719-b36f-1879f29f0688,IS300594,CID-212,0d8c11ef-5cf8-4719-b36f-1879f29f0688,2023-01-07,2023-02-06,4549.95,398.12,4948.07,Paid,SampleGen
INV-5dfb2f7a-657f-48f6-ae09-3a2fdc7ef672,IS300595,CID-212,5dfb2f7a-657f-48f6-ae09-3a2fdc7ef672,2026-04-24,2026-05-24,909.97,79.62,989.59,Paid,SampleGen
INV-c18c0bdd-ad8d-49cc-af83-61445cbf5f17,IS300596,CID-212,c18c0bdd-ad8d-49cc-af83-61445cbf5f17,2024-06-27,2024-07-27,939.96,82.24,1022.2,Paid,SampleGen
INV-1b7395ce-f6eb-430c-b5a4-87a251ee22ee,IS300597,CID-213,1b7395ce-f6eb-430c-b5a4-87a251ee22ee,2021-05-22,2021-06-21,119.99,10.5,130.49,Paid,SampleGen
INV-317d8031-df21-4fc3-9def-c79f635e409f,IS300598,CID-213,317d8031-df21-4fc3-9def-c79f635e409f,2022-12-20,2023-01-19,2159.95,189.0,2348.95,Paid,SampleGen
INV-3d0073de-a2f5-4823-a885-6083491da7ed,IS300599,CID-214,3d0073de-a2f5-4823-a885-6083491da7ed,2022-07-23,2022-08-22,949.98,83.12,1033.1,Paid,SampleGen
INV-0ebc8aba-b3c9-46c3-b407-7a384d45221e,IS300600,CID-215,0ebc8aba-b3c9-46c3-b407-7a384d45221e,2023-10-26,2023-11-25,499.96,43.75,543.71,Paid,SampleGen
INV-08de6a31-7d48-4617-9da4-178aa9b3cd25,IS300601,CID-215,08de6a31-7d48-4617-9da4-178aa9b3cd25,2021-08-15,2021-09-14,299.99,26.25,326.24,Paid,SampleGen
INV-bc3c19c3-b8d6-4e5b-841f-5c27d1972571,IS300602,CID-215,bc3c19c3-b8d6-4e5b-841f-5c27d1972571,2023-10-14,2023-11-13,1159.98,101.5,1261.48,Paid,SampleGen
INV-e94d3661-656c-4559-8ebf-73cfb02fecee,IS300603,CID-215,e94d3661-656c-4559-8ebf-73cfb02fecee,2022-04-02,2022-05-02,729.97,63.87,793.84,Paid,SampleGen
INV-7a693317-f70c-4e5c-9b6f-0e21bf57f31b,IS300604,CID-215,7a693317-f70c-4e5c-9b6f-0e21bf57f31b,2024-11-07,2024-12-07,629.95,55.12,685.07,Paid,SampleGen
INV-5df2ae43-dc22-483c-8ed0-cf0aa366e903,IS300605,CID-215,5df2ae43-dc22-483c-8ed0-cf0aa366e903,2021-10-05,2021-11-04,849.98,74.37,924.35,Paid,SampleGen
INV-7db058de-1da9-4a72-b866-0d50b7a2db6c,IS300606,CID-215,7db058de-1da9-4a72-b866-0d50b7a2db6c,2022-07-07,2022-08-06,1299.98,113.75,1413.73,Paid,SampleGen
INV-d503d616-4487-425f-ab09-24c7284f1e65,IS300607,CID-216,d503d616-4487-425f-ab09-24c7284f1e65,2023-12-09,2024-01-08,5649.95,494.37,6144.32,Paid,SampleGen
INV-896fb9da-7055-494c-86a0-e17bb716379b,IS300608,CID-216,896fb9da-7055-494c-86a0-e17bb716379b,2025-11-02,2025-12-02,2229.94,195.12,2425.06,Paid,SampleGen
INV-296f0b9d-28b3-4ea1-b860-a42547f5eb23,IS300609,CID-217,296f0b9d-28b3-4ea1-b860-a42547f5eb23,2023-10-18,2023-11-17,2669.93,233.62,2903.55,Paid,SampleGen
INV-c7df85bf-51db-4158-9c19-eec41774bf80,IS300610,CID-217,c7df85bf-51db-4158-9c19-eec41774bf80,2025-11-26,2025-12-26,2449.95,214.37,2664.32,Paid,SampleGen
INV-6870c755-d931-4a2d-8336-2bc3eccaf8d6,IS300611,CID-218,6870c755-d931-4a2d-8336-2bc3eccaf8d6,2024-08-15,2024-09-14,1539.97,134.75,1674.72,Paid,SampleGen
INV-eb818660-bfa8-4193-860d-844d289c8861,IS300612,CID-218,eb818660-bfa8-4193-860d-844d289c8861,2022-02-26,2022-03-28,3759.96,329.0,4088.96,Paid,SampleGen
INV-1b755de8-61e6-484d-80dd-4f32fe953e16,IS300613,CID-218,1b755de8-61e6-484d-80dd-4f32fe953e16,2024-09-17,2024-10-17,3669.94,321.12,3991.06,Paid,SampleGen
INV-ee557402-a264-4ce0-b6e3-8e8416753b0c,IS300614,CID-218,ee557402-a264-4ce0-b6e3-8e8416753b0c,2023-09-07,2023-10-07,589.98,51.62,641.6,Paid,SampleGen
INV-f3d768ad-d59e-43be-b1e1-93ded545fa00,IS300615,CID-219,f3d768ad-d59e-43be-b1e1-93ded545fa00,2022-08-23,2022-09-22,159.98,14.0,173.98,Paid,SampleGen
INV-57fbf03f-5fdf-443e-ac88-2763c785c1a2,IS300616,CID-219,57fbf03f-5fdf-443e-ac88-2763c785c1a2,2025-04-27,2025-05-27,3059.93,267.75,3327.68,Paid,SampleGen
INV-db2002d6-2bca-4f14-b016-76e853d372b1,IS300617,CID-220,db2002d6-2bca-4f14-b016-76e853d372b1,2022-09-07,2022-10-07,2799.95,245.0,3044.95,Paid,SampleGen
INV-52258d63-2f72-4b15-96a0-4992962fe211,IS300618,CID-220,52258d63-2f72-4b15-96a0-4992962fe211,2025-06-07,2025-07-07,2709.95,237.12,2947.07,Paid,SampleGen
INV-7ba787be-a1b3-4b18-b201-80c4e451b5de,IS300619,CID-220,7ba787be-a1b3-4b18-b201-80c4e451b5de,2022-11-07,2022-12-07,1549.95,135.62,1685.57,Paid,SampleGen
INV-cb068368-434c-4a0a-a7a3-94340dcfff96,IS300620,CID-220,cb068368-434c-4a0a-a7a3-94340dcfff96,2025-06-09,2025-07-09,909.96,79.62,989.58,Paid,SampleGen
INV-84934a7b-06b6-483a-9150-44d03dba5269,IS300621,CID-220,84934a7b-06b6-483a-9150-44d03dba5269,2025-04-15,2025-05-15,1159.95,101.49,1261.44,Paid,SampleGen
INV-f4cfb532-bb8c-4e6b-bfb1-78e0aaf9c4a1,IS300622,CID-220,f4cfb532-bb8c-4e6b-bfb1-78e0aaf9c4a1,2023-03-16,2023-04-15,1359.96,119.0,1478.96,Paid,SampleGen
INV-21a4d757-0be5-4c2e-a0d6-dd31b089e937,IS300623,CID-220,21a4d757-0be5-4c2e-a0d6-dd31b089e937,2023-06-27,2023-07-27,1599.92,140.0,1739.92,Paid,SampleGen
INV-b16098db-4465-401a-b38b-76e660fcf947,IS300624,CID-220,b16098db-4465-401a-b38b-76e660fcf947,2022-09-27,2022-10-27,819.96,71.75,891.71,Paid,SampleGen
INV-9b61fc30-91d8-472c-99a9-adf178f64ef2,IS300625,CID-221,9b61fc30-91d8-472c-99a9-adf178f64ef2,2025-08-17,2025-09-16,2329.96,203.87,2533.83,Paid,SampleGen
INV-2c33144d-63a8-4f2f-b42e-9ad8bef57c08,IS300626,CID-221,2c33144d-63a8-4f2f-b42e-9ad8bef57c08,2026-01-21,2026-02-20,1589.93,139.12,1729.05,Paid,SampleGen
INV-0208bef8-654e-4064-8e91-ef5c329b8a9a,IS300627,CID-221,0208bef8-654e-4064-8e91-ef5c329b8a9a,2021-04-02,2021-05-02,299.99,26.25,326.24,Paid,SampleGen
INV-ca228034-739d-4c12-bec7-17c33c8177c0,IS300628,CID-222,ca228034-739d-4c12-bec7-17c33c8177c0,2021-06-08,2021-07-08,319.98,28.0,347.98,Paid,SampleGen
INV-f63996c7-716b-45d7-86e3-2a32094fbf00,IS300629,CID-222,f63996c7-716b-45d7-86e3-2a32094fbf00,2023-05-16,2023-06-15,1429.95,125.12,1555.07,Paid,SampleGen
INV-5967700f-235f-4c6f-a26c-66b10dacfcee,IS300630,CID-223,5967700f-235f-4c6f-a26c-66b10dacfcee,2021-02-15,2021-03-17,1969.93,172.37,2142.3,Paid,SampleGen
INV-bd86f9c8-840b-4d8a-b6bd-b5e05919be9f,IS300631,CID-223,bd86f9c8-840b-4d8a-b6bd-b5e05919be9f,2025-03-29,2025-04-28,59.99,5.25,65.24,Paid,SampleGen
INV-20947d42-4dd9-45f3-96f6-5ea4668f56cc,IS300632,CID-223,20947d42-4dd9-45f3-96f6-5ea4668f56cc,2021-03-06,2021-04-05,459.97,40.25,500.22,Paid,SampleGen
INV-f8b1d3b6-ce0e-4269-8c50-8484d2a72b18,IS300633,CID-223,f8b1d3b6-ce0e-4269-8c50-8484d2a72b18,2022-07-17,2022-08-16,1599.98,140.0,1739.98,Paid,SampleGen
INV-7ca6e620-f05b-4bd4-b4cd-ee247153eacf,IS300634,CID-223,7ca6e620-f05b-4bd4-b4cd-ee247153eacf,2022-06-08,2022-07-08,619.97,54.25,674.22,Paid,SampleGen
INV-64224e42-12bf-4f9b-846f-6c1ebb1e0754,IS300635,CID-223,64224e42-12bf-4f9b-846f-6c1ebb1e0754,2022-12-24,2023-01-23,2439.94,213.5,2653.44,Paid,SampleGen
INV-9ee6d185-f24a-47d0-b2e5-b5eb3041d913,IS300636,CID-224,9ee6d185-f24a-47d0-b2e5-b5eb3041d913,2022-10-21,2022-11-20,219.97,19.25,239.22,Paid,SampleGen
INV-da40a820-1bc5-462d-9da5-45ad4f716432,IS300637,CID-224,da40a820-1bc5-462d-9da5-45ad4f716432,2025-06-20,2025-07-20,2179.94,190.75,2370.69,Paid,SampleGen
INV-7a261216-3607-4dac-b2eb-80ff507a5fbb,IS300638,CID-225,7a261216-3607-4dac-b2eb-80ff507a5fbb,2022-03-19,2022-04-18,3809.94,333.37,4143.31,Paid,SampleGen
INV-54892c22-1ee2-438d-a9be-ab01c33e3095,IS300639,CID-225,54892c22-1ee2-438d-a9be-ab01c33e3095,2025-05-22,2025-06-21,539.97,47.25,587.22,Paid,SampleGen
INV-1f817ca2-004b-427a-a832-2d1ff8e09083,IS300640,CID-225,1f817ca2-004b-427a-a832-2d1ff8e09083,2022-08-29,2022-09-28,1259.95,110.25,1370.2,Paid,SampleGen
INV-2651470e-2620-4708-8208-dc8c81f02104,IS300641,CID-225,2651470e-2620-4708-8208-dc8c81f02104,2025-08-03,2025-09-02,919.96,80.5,1000.46,Paid,SampleGen
INV-5187f6f9-b28a-433e-b3d4-b9360ee50e87,IS300642,CID-226,5187f6f9-b28a-433e-b3d4-b9360ee50e87,2023-10-14,2023-11-13,499.97,43.75,543.72,Paid,SampleGen
INV-f3711da5-dfa2-4441-b5e1-4188fd5a8f57,IS300643,CID-227,f3711da5-dfa2-4441-b5e1-4188fd5a8f57,2026-06-06,2026-07-06,1889.95,165.37,2055.32,Paid,SampleGen
INV-6eedf954-8bf3-4745-ba09-14c5da155730,IS300644,CID-227,6eedf954-8bf3-4745-ba09-14c5da155730,2022-11-29,2022-12-29,159.98,14.0,173.98,Paid,SampleGen
INV-104b6a66-53b7-410c-802c-01a338d3a23d,IS300645,CID-228,104b6a66-53b7-410c-802c-01a338d3a23d,2026-01-18,2026-02-17,579.97,50.75,630.72,Paid,SampleGen
INV-89a04a61-e4df-4494-bade-c49dfff880ca,IS300646,CID-228,89a04a61-e4df-4494-bade-c49dfff880ca,2026-03-08,2026-04-07,1729.96,151.37,1881.33,Paid,SampleGen
INV-cf9047f7-00d7-4620-b942-65d572cfc913,IS300647,CID-228,cf9047f7-00d7-4620-b942-65d572cfc913,2022-11-10,2022-12-10,1449.98,126.87,1576.85,Paid,SampleGen
INV-f3e2637f-e05f-43bd-97f1-b65fbbdaabc6,IS300648,CID-229,f3e2637f-e05f-43bd-97f1-b65fbbdaabc6,2024-06-28,2024-07-28,199.98,17.5,217.48,Paid,SampleGen
INV-16d5529c-698d-438f-9749-cb942c40f87f,IS300649,CID-229,16d5529c-698d-438f-9749-cb942c40f87f,2022-05-06,2022-06-05,1959.95,171.5,2131.45,Paid,SampleGen
INV-cd5ad204-9b60-4cdf-a493-58c71f43473a,IS300650,CID-229,cd5ad204-9b60-4cdf-a493-58c71f43473a,2025-08-24,2025-09-23,189.99,16.62,206.61,Paid,SampleGen
INV-3cd5e994-294e-4c07-9623-fa6ec2128336,IS300651,CID-229,3cd5e994-294e-4c07-9623-fa6ec2128336,2021-09-21,2021-10-21,419.98,36.75,456.73,Paid,SampleGen
INV-5a9a95cd-de86-44cf-958a-374b8e64af5c,IS300652,CID-229,5a9a95cd-de86-44cf-958a-374b8e64af5c,2023-12-21,2024-01-20,2299.96,201.24,2501.2,Paid,SampleGen
INV-fb0d5dfd-1efe-4423-ac6b-f126c5d89ca0,IS300653,CID-230,fb0d5dfd-1efe-4423-ac6b-f126c5d89ca0,2026-02-18,2026-03-20,2649.96,231.87,2881.83,Paid,SampleGen
INV-3a0f3024-c2de-43b0-bfea-1413b1c81951,IS300654,CID-230,3a0f3024-c2de-43b0-bfea-1413b1c81951,2025-12-11,2026-01-10,1559.97,136.5,1696.47,Paid,SampleGen
INV-f1a90858-94ed-419d-9593-f95f453ebb35,IS300655,CID-230,f1a90858-94ed-419d-9593-f95f453ebb35,2023-08-04,2023-09-03,1024.95,89.68,1114.63,Paid,SampleGen
INV-ec2dc8b2-0be6-4052-add2-d12fe9f3c29d,IS300656,CID-230,ec2dc8b2-0be6-4052-add2-d12fe9f3c29d,2021-07-10,2021-08-09,189.99,16.62,206.61,Paid,SampleGen
INV-167510ed-0ecc-49d2-9ba9-efaf2802e746,IS300657,CID-231,167510ed-0ecc-49d2-9ba9-efaf2802e746,2026-07-23,2026-08-22,1919.94,168.0,2087.94,Paid,SampleGen
INV-132aa76e-e9db-4c02-b5a9-7f5394faf5c4,IS300658,CID-231,132aa76e-e9db-4c02-b5a9-7f5394faf5c4,2021-09-18,2021-10-18,299.98,26.25,326.23,Paid,SampleGen
INV-567a4ae1-04a1-4bdb-9120-a4fd9296b379,IS300659,CID-232,567a4ae1-04a1-4bdb-9120-a4fd9296b379,2025-08-09,2025-09-08,1829.96,160.12,1990.08,Paid,SampleGen
INV-0e5138c1-f816-4e7f-8aac-4f933410fe0c,IS300660,CID-233,0e5138c1-f816-4e7f-8aac-4f933410fe0c,2021-04-29,2021-05-29,1339.95,117.25,1457.2,Paid,SampleGen
INV-de1dc347-46e8-4963-af8d-afd6b67b7d36,IS300661,CID-233,de1dc347-46e8-4963-af8d-afd6b67b7d36,2024-01-27,2024-02-26,649.99,56.87,706.86,Paid,SampleGen
INV-aaf138d4-b364-47f0-88d4-edf5ef692178,IS300662,CID-233,aaf138d4-b364-47f0-88d4-edf5ef692178,2021-08-09,2021-09-08,3439.94,301.0,3740.94,Paid,SampleGen
INV-4ee6bd33-8fa5-4550-82ea-c693472271f8,IS300663,CID-234,4ee6bd33-8fa5-4550-82ea-c693472271f8,2022-04-23,2022-05-23,3049.96,266.87,3316.83,Paid,SampleGen
INV-802bea34-45f2-42b5-b90b-6dc3d877ad19,IS300664,CID-235,802bea34-45f2-42b5-b90b-6dc3d877ad19,2025-01-31,2025-03-02,349.99,30.62,380.61,Paid,SampleGen
INV-c82b838e-9e85-4346-871a-eb181c370a49,IS300665,CID-235,c82b838e-9e85-4346-871a-eb181c370a49,2021-10-12,2021-11-11,1299.98,113.75,1413.73,Paid,SampleGen
INV-30eda591-c434-4ec5-b966-12733d0ffc4c,IS300666,CID-235,30eda591-c434-4ec5-b966-12733d0ffc4c,2022-04-05,2022-05-05,2189.96,191.62,2381.58,Paid,SampleGen
INV-d3976fff-9442-4fbb-a285-24b312aa2df9,IS300667,CID-236,d3976fff-9442-4fbb-a285-24b312aa2df9,2025-06-08,2025-07-08,2029.95,177.62,2207.57,Paid,SampleGen
INV-ef5e32ff-f140-4986-bac7-ed1b221d2c01,IS300668,CID-236,ef5e32ff-f140-4986-bac7-ed1b221d2c01,2026-07-30,2026-08-29,119.99,10.5,130.49,Paid,SampleGen
INV-2cabbb08-357c-4374-aaf8-7a1743ea001d,IS300669,CID-236,2cabbb08-357c-4374-aaf8-7a1743ea001d,2024-09-05,2024-10-05,2149.94,188.12,2338.06,Paid,SampleGen
INV-d33e0f7a-b36f-4b13-8df3-10ba3c644482,IS300670,CID-236,d33e0f7a-b36f-4b13-8df3-10ba3c644482,2025-05-07,2025-06-06,2779.96,243.25,3023.21,Paid,SampleGen
INV-bcf41f33-39fc-48cf-a18d-3c88764d3c42,IS300671,CID-236,bcf41f33-39fc-48cf-a18d-3c88764d3c42,2026-12-03,2027-01-02,249.99,21.87,271.86,Paid,SampleGen
INV-68b47eef-036b-4898-aada-b995e8f3e84e,IS300672,CID-236,68b47eef-036b-4898-aada-b995e8f3e84e,2021-03-29,2021-04-28,1079.97,94.5,1174.47,Paid,SampleGen
INV-4280430c-4e82-4d81-b40c-3e45019453e4,IS300673,CID-236,4280430c-4e82-4d81-b40c-3e45019453e4,2026-05-21,2026-06-20,599.95,52.5,652.45,Paid,SampleGen
INV-5f550f2b-8fc8-499b-af40-271ad089e4bc,IS300674,CID-236,5f550f2b-8fc8-499b-af40-271ad089e4bc,2022-12-24,2023-01-23,649.98,56.87,706.85,Paid,SampleGen
INV-561ee42a-3710-4418-8158-db871ac01fbd,IS300675,CID-236,561ee42a-3710-4418-8158-db871ac01fbd,2024-09-21,2024-10-21,3539.92,309.75,3849.67,Paid,SampleGen
INV-e41324ca-80d9-42a9-bfc1-af491f52beb6,IS300676,CID-236,e41324ca-80d9-42a9-bfc1-af491f52beb6,2026-07-14,2026-08-13,809.97,70.87,880.84,Paid,SampleGen
INV-8f15c946-3677-43a4-8e4e-f31f38004a3a,IS300677,CID-236,8f15c946-3677-43a4-8e4e-f31f38004a3a,2021-06-20,2021-07-20,359.98,31.5,391.48,Paid,SampleGen
INV-165b8854-6f72-4c43-8c7f-597b8261d8fe,IS300678,CID-236,165b8854-6f72-4c43-8c7f-597b8261d8fe,2021-02-15,2021-03-17,2309.94,202.12,2512.06,Paid,SampleGen
INV-3b836719-5c1a-4198-949c-41f684fbfa02,IS300679,CID-237,3b836719-5c1a-4198-949c-41f684fbfa02,2024-10-21,2024-11-20,2319.95,203.0,2522.95,Paid,SampleGen
INV-ab41cc34-f015-4936-aeaa-ff63ae2cf29c,IS300680,CID-237,ab41cc34-f015-4936-aeaa-ff63ae2cf29c,2026-05-02,2026-06-01,969.94,84.87,1054.81,Paid,SampleGen
INV-e26fea99-33bc-421c-9877-98c4d6a45728,IS300681,CID-237,e26fea99-33bc-421c-9877-98c4d6a45728,2025-02-24,2025-03-26,3549.96,310.62,3860.58,Paid,SampleGen
INV-7c0ac2d0-64fd-42d9-8ac6-6f88ac983068,IS300682,CID-237,7c0ac2d0-64fd-42d9-8ac6-6f88ac983068,2026-09-19,2026-10-19,2019.94,176.75,2196.69,Paid,SampleGen
INV-9864e6bd-7c2b-4019-bf28-c5ead8ec1c10,IS300683,CID-238,9864e6bd-7c2b-4019-bf28-c5ead8ec1c10,2023-01-18,2023-02-17,1099.98,96.24,1196.22,Paid,SampleGen
INV-1de1f5a4-27f8-4c8a-90df-8ae833dd12bc,IS300684,CID-239,1de1f5a4-27f8-4c8a-90df-8ae833dd12bc,2023-02-05,2023-03-07,2959.94,259.0,3218.94,Paid,SampleGen
INV-21ef2287-59dc-43e4-918d-cc99ebaa0624,IS300685,CID-239,21ef2287-59dc-43e4-918d-cc99ebaa0624,2024-05-09,2024-06-08,649.96,56.87,706.83,Paid,SampleGen
INV-a78ff51b-5257-40c8-a547-dd8c7f74dbbe,IS300686,CID-239,a78ff51b-5257-40c8-a547-dd8c7f74dbbe,2024-06-15,2024-07-15,2749.96,240.62,2990.58,Paid,SampleGen
INV-b8d7eb87-cba0-4927-8442-55acf1631de3,IS300687,CID-239,b8d7eb87-cba0-4927-8442-55acf1631de3,2026-11-21,2026-12-21,799.98,69.99,869.97,Paid,SampleGen
INV-ec4f7432-7e15-4cff-bd03-60564ff92847,IS300688,CID-240,ec4f7432-7e15-4cff-bd03-60564ff92847,2021-09-26,2021-10-26,1549.98,135.62,1685.6,Paid,SampleGen
INV-2a7e2154-5e28-4dd2-accb-b7a5419d8165,IS300689,CID-240,2a7e2154-5e28-4dd2-accb-b7a5419d8165,2022-12-10,2023-01-09,2449.97,214.37,2664.34,Paid,SampleGen
INV-e0e30538-a344-4568-b7d0-35cddc0d29a2,IS300690,CID-241,e0e30538-a344-4568-b7d0-35cddc0d29a2,2022-03-06,2022-04-05,1099.96,96.25,1196.21,Paid,SampleGen
INV-7c1635d0-e230-4232-841b-72cc418fc3c7,IS300691,CID-241,7c1635d0-e230-4232-841b-72cc418fc3c7,2026-07-27,2026-08-26,699.96,61.24,761.2,Paid,SampleGen
INV-0c25484b-ed1d-48f4-b395-4999779fc9f7,IS300692,CID-242,0c25484b-ed1d-48f4-b395-4999779fc9f7,2026-08-23,2026-09-22,2789.96,244.12,3034.08,Paid,SampleGen
INV-16fe66c0-6fac-42b0-9883-dfd2a22492ab,IS300693,CID-242,16fe66c0-6fac-42b0-9883-dfd2a22492ab,2025-12-26,2026-01-25,2159.94,188.99,2348.93,Paid,SampleGen
INV-4112a585-5664-4a70-9e8c-9df02fa399b3,IS300694,CID-243,4112a585-5664-4a70-9e8c-9df02fa399b3,2026-10-14,2026-11-13,2149.94,188.12,2338.06,Paid,SampleGen
INV-2e51500c-6378-4f82-aa54-8b5d52c2e274,IS300695,CID-244,2e51500c-6378-4f82-aa54-8b5d52c2e274,2023-05-10,2023-06-09,189.99,16.62,206.61,Paid,SampleGen
INV-67eec499-fc18-4744-b20d-5c23f9d0bd3a,IS300696,CID-244,67eec499-fc18-4744-b20d-5c23f9d0bd3a,2023-06-27,2023-07-27,1899.96,166.24,2066.2,Paid,SampleGen
INV-98be6fba-5d8a-44bd-878e-5c3b5d43132a,IS300697,CID-244,98be6fba-5d8a-44bd-878e-5c3b5d43132a,2026-05-26,2026-06-25,599.98,52.5,652.48,Paid,SampleGen
INV-da1d8885-31c5-4db7-b08a-fed68e0a5786,IS300698,CID-245,da1d8885-31c5-4db7-b08a-fed68e0a5786,2022-04-01,2022-05-01,1739.94,152.25,1892.19,Paid,SampleGen
INV-62f191b3-de61-4297-93ee-016e655e61ee,IS300699,CID-245,62f191b3-de61-4297-93ee-016e655e61ee,2025-12-06,2026-01-05,1799.97,157.5,1957.47,Paid,SampleGen
INV-5507d1ac-2a47-47bd-a21d-47f3c57331f8,IS300700,CID-247,5507d1ac-2a47-47bd-a21d-47f3c57331f8,2025-12-31,2026-01-30,1979.96,173.24,2153.2,Paid,SampleGen
INV-5dd5253d-067f-43a9-9ebd-924537215d55,IS300701,CID-247,5dd5253d-067f-43a9-9ebd-924537215d55,2022-05-06,2022-06-05,1579.94,138.25,1718.19,Paid,SampleGen
INV-9cd76e9d-96c4-4260-a24b-c3808ae04bcb,IS300702,CID-248,9cd76e9d-96c4-4260-a24b-c3808ae04bcb,2024-03-16,2024-04-15,4639.92,406.0,5045.92,Paid,SampleGen
INV-69707c45-3282-4da3-8f6e-7da7fcbb5c2a,IS300703,CID-249,69707c45-3282-4da3-8f6e-7da7fcbb5c2a,2026-03-08,2026-04-07,189.99,16.62,206.61,Paid,SampleGen
INV-e76e31ec-57d1-4133-b701-9289e18f0552,IS300704,CID-250,e76e31ec-57d1-4133-b701-9289e18f0552,2026-08-28,2026-09-27,2169.92,189.87,2359.79,Paid,SampleGen
INV-4826a80b-b6dc-4555-a09e-27f910981eed,IS300705,CID-250,4826a80b-b6dc-4555-a09e-27f910981eed,2022-06-13,2022-07-13,539.97,47.25,587.22,Paid,SampleGen
INV-3c8c7407-dc22-4f6a-a198-01e397b3c446,IS300706,CID-250,3c8c7407-dc22-4f6a-a198-01e397b3c446,2023-09-18,2023-10-18,1559.96,136.5,1696.46,Paid,SampleGen
INV-2bad6d73-1755-40cc-bce6-dab9ac5da80a,IS300707,CID-250,2bad6d73-1755-40cc-bce6-dab9ac5da80a,2024-05-24,2024-06-23,799.99,70.0,869.99,Paid,SampleGen
INV-c8f6bb97-001e-4186-b57f-fc7da6a83dfe,IS300708,CID-250,c8f6bb97-001e-4186-b57f-fc7da6a83dfe,2025-06-27,2025-07-27,1689.96,147.87,1837.83,Paid,SampleGen
INV-9a578aa2-0953-41f6-ae87-f680799c14d9,IS300709,CID-251,9a578aa2-0953-41f6-ae87-f680799c14d9,2022-10-31,2022-11-30,649.99,56.87,706.86,Paid,SampleGen
INV-2b8b5c7f-69e1-4c63-90a5-d62ed550ad1a,IS300710,CID-251,2b8b5c7f-69e1-4c63-90a5-d62ed550ad1a,2023-07-05,2023-08-04,119.99,10.5,130.49,Paid,SampleGen
INV-bdcbc9b8-6ec7-43f4-9207-b2a7f6334644,IS300711,CID-252,bdcbc9b8-6ec7-43f4-9207-b2a7f6334644,2021-02-26,2021-03-28,1959.96,171.49,2131.45,Paid,SampleGen
INV-0d28b3f7-1481-48de-a1c7-922e92729887,IS300712,CID-253,0d28b3f7-1481-48de-a1c7-922e92729887,2024-11-13,2024-12-13,3009.93,263.37,3273.3,Paid,SampleGen
INV-09280ab9-92cf-44d3-aa33-421f34ad8424,IS300713,CID-253,09280ab9-92cf-44d3-aa33-421f34ad8424,2022-04-15,2022-05-15,199.98,17.5,217.48,Paid,SampleGen
INV-b012f74b-b121-4877-aa6d-4b2aba198fda,IS300714,CID-253,b012f74b-b121-4877-aa6d-4b2aba198fda,2021-07-13,2021-08-12,379.98,33.25,413.23,Paid,SampleGen
INV-e85aa061-4109-4d3a-8c9f-933517e7b63a,IS300715,CID-253,e85aa061-4109-4d3a-8c9f-933517e7b63a,2021-08-24,2021-09-23,79.99,7.0,86.99,Paid,SampleGen
INV-dce55ba7-14a7-4aa1-b72d-8047f0c4ee5d,IS300716,CID-254,dce55ba7-14a7-4aa1-b72d-8047f0c4ee5d,2023-09-04,2023-10-04,1074.94,94.06,1169.0,Paid,SampleGen
INV-5fd3d56e-dd80-41f3-a4ba-77425de4deb4,IS300717,CID-254,5fd3d56e-dd80-41f3-a4ba-77425de4deb4,2023-09-09,2023-10-09,1159.96,101.5,1261.46,Paid,SampleGen
INV-939e39cb-771f-4f30-a61c-5d111d40a199,IS300718,CID-254,939e39cb-771f-4f30-a61c-5d111d40a199,2024-12-22,2025-01-21,1099.98,96.25,1196.23,Paid,SampleGen
INV-d12460b2-ae65-4be4-aaa6-3bea190207f2,IS300719,CID-254,d12460b2-ae65-4be4-aaa6-3bea190207f2,2023-07-12,2023-08-11,1039.97,91.0,1130.97,Paid,SampleGen
INV-8e5e6aa5-6d96-4828-9486-e8a5372cb303,IS300720,CID-255,8e5e6aa5-6d96-4828-9486-e8a5372cb303,2022-06-11,2022-07-11,2519.93,220.5,2740.43,Paid,SampleGen
INV-29382c37-a135-4706-9529-952e6cc6a1d2,IS300721,CID-255,29382c37-a135-4706-9529-952e6cc6a1d2,2021-12-01,2021-12-31,359.98,31.5,391.48,Paid,SampleGen
INV-6fdc1a59-eaf2-49af-a617-2d7e0bc3066a,IS300722,CID-255,6fdc1a59-eaf2-49af-a617-2d7e0bc3066a,2021-04-08,2021-05-08,3399.93,297.5,3697.43,Paid,SampleGen
INV-2bd24f7c-c778-4e20-9bf3-c5d7495ec622,IS300723,CID-256,2bd24f7c-c778-4e20-9bf3-c5d7495ec622,2025-05-10,2025-06-09,829.98,72.62,902.6,Paid,SampleGen
INV-da99d297-be40-4f2d-94e5-d5b54b425ebd,IS300724,CID-257,da99d297-be40-4f2d-94e5-d5b54b425ebd,2024-01-15,2024-02-14,649.99,56.87,706.86,Paid,SampleGen
INV-44e138cf-486c-4814-bc49-f0e6b41361f2,IS300725,CID-258,44e138cf-486c-4814-bc49-f0e6b41361f2,2021-01-06,2021-02-05,1719.93,150.5,1870.43,Paid,SampleGen
INV-1f730bf4-dd4b-410a-bde2-98e8b9bc2770,IS300726,CID-258,1f730bf4-dd4b-410a-bde2-98e8b9bc2770,2021-12-17,2022-01-16,2599.98,227.5,2827.48,Paid,SampleGen
INV-457dae76-a4d6-492f-8c9f-742b2fa2a00f,IS300727,CID-259,457dae76-a4d6-492f-8c9f-742b2fa2a00f,2024-03-17,2024-04-16,799.97,70.0,869.97,Paid,SampleGen
INV-b43869a2-79a2-4710-991d-d91d23a05945,IS300728,CID-259,b43869a2-79a2-4710-991d-d91d23a05945,2023-08-25,2023-09-24,1149.93,100.62,1250.55,Paid,SampleGen
INV-5a61a228-65b3-4678-8f7b-732515532a1f,IS300729,CID-260,5a61a228-65b3-4678-8f7b-732515532a1f,2025-05-09,2025-06-08,1199.95,105.0,1304.95,Paid,SampleGen
INV-91c5ce3f-106c-4075-8e59-f156824bc89f,IS300730,CID-260,91c5ce3f-106c-4075-8e59-f156824bc89f,2026-08-09,2026-09-08,799.99,70.0,869.99,Paid,SampleGen
INV-727a4a5e-a869-4169-9feb-c8c4cdfc95b7,IS300731,CID-261,727a4a5e-a869-4169-9feb-c8c4cdfc95b7,2025-03-11,2025-04-10,719.97,63.0,782.97,Paid,SampleGen
INV-d078b771-364f-4371-b7cc-721e26229844,IS300732,CID-261,d078b771-364f-4371-b7cc-721e26229844,2023-07-23,2023-08-22,309.98,27.12,337.1,Paid,SampleGen
INV-18b36342-4bc6-4e39-9118-861ab00da59c,IS300733,CID-262,18b36342-4bc6-4e39-9118-861ab00da59c,2021-02-06,2021-03-08,2049.96,179.37,2229.33,Paid,SampleGen
INV-feff2396-c713-49b2-ad64-a51a91c36c42,IS300734,CID-262,feff2396-c713-49b2-ad64-a51a91c36c42,2022-11-10,2022-12-10,399.99,35.0,434.99,Paid,SampleGen
INV-1550a274-cdbf-4f95-a8b1-785414ae3980,IS300735,CID-263,1550a274-cdbf-4f95-a8b1-785414ae3980,2024-01-10,2024-02-09,1929.97,168.87,2098.84,Paid,SampleGen
INV-0f65c95b-36bc-47d2-b68d-41d62f03bce2,IS300736,CID-263,0f65c95b-36bc-47d2-b68d-41d62f03bce2,2025-11-04,2025-12-04,2609.95,228.37,2838.32,Paid,SampleGen
INV-db2fc831-c648-4521-9ca1-8b4967f55406,IS300737,CID-264,db2fc831-c648-4521-9ca1-8b4967f55406,2026-05-06,2026-06-05,3199.94,280.0,3479.94,Paid,SampleGen
INV-563222f3-9882-48a7-a4fe-ace45298a429,IS300738,CID-265,563222f3-9882-48a7-a4fe-ace45298a429,2023-11-23,2023-12-23,2249.96,196.86,2446.82,Paid,SampleGen
INV-96a6bde2-c9dd-4237-be40-6386a22bb13e,IS300739,CID-265,96a6bde2-c9dd-4237-be40-6386a22bb13e,2025-04-10,2025-05-10,79.99,7.0,86.99,Paid,SampleGen
INV-86d5dedf-b056-41e7-a539-205bf65de15a,IS300740,CID-265,86d5dedf-b056-41e7-a539-205bf65de15a,2022-05-26,2022-06-25,1539.96,134.74,1674.7,Paid,SampleGen
INV-a39087ec-8150-4294-849c-6d0ee519fa6e,IS300741,CID-265,a39087ec-8150-4294-849c-6d0ee519fa6e,2023-11-24,2023-12-24,2514.95,220.06,2735.01,Paid,SampleGen
INV-258d049a-053e-45fb-bf2d-b40f9f08b399,IS300742,CID-266,258d049a-053e-45fb-bf2d-b40f9f08b399,2025-03-17,2025-04-16,579.99,50.75,630.74,Paid,SampleGen
INV-7c46bcf7-9442-4155-8f6f-7ed969a2be92,IS300743,CID-266,7c46bcf7-9442-4155-8f6f-7ed969a2be92,2025-09-03,2025-10-03,2339.95,204.75,2544.7,Paid,SampleGen
INV-75d46141-5fa8-4c01-9a5c-9bdf87ff545f,IS300744,CID-266,75d46141-5fa8-4c01-9a5c-9bdf87ff545f,2022-02-27,2022-03-29,3479.95,304.5,3784.45,Paid,SampleGen
INV-7ad8785e-0510-441d-a2f2-e4aa98718305,IS300745,CID-266,7ad8785e-0510-441d-a2f2-e4aa98718305,2026-10-18,2026-11-17,1699.96,148.75,1848.71,Paid,SampleGen
INV-1e43f93a-662c-4f2f-8b35-d7e0f8563fa3,IS300746,CID-266,1e43f93a-662c-4f2f-8b35-d7e0f8563fa3,2021-09-21,2021-10-21,119.99,10.5,130.49,Paid,SampleGen
INV-ba1a044d-e76d-4f8b-92ce-79cce04c9d17,IS300747,CID-266,ba1a044d-e76d-4f8b-92ce-79cce04c9d17,2022-03-10,2022-04-09,1459.97,127.75,1587.72,Paid,SampleGen
INV-e7305f4c-78f4-446d-af12-68e15bacb925,IS300748,CID-266,e7305f4c-78f4-446d-af12-68e15bacb925,2024-02-11,2024-03-12,1029.98,90.12,1120.1,Paid,SampleGen
INV-dab59f3f-1de0-4d2c-b4c0-00848154656a,IS300749,CID-266,dab59f3f-1de0-4d2c-b4c0-00848154656a,2024-03-05,2024-04-04,2349.96,205.62,2555.58,Paid,SampleGen
INV-89ec5fb9-91d1-4beb-9f8e-fceb1a6be101,IS300750,CID-266,89ec5fb9-91d1-4beb-9f8e-fceb1a6be101,2021-07-22,2021-08-21,159.98,14.0,173.98,Paid,SampleGen
INV-30ca9d70-ab3f-4175-b012-3a59d1cb571c,IS300751,CID-267,30ca9d70-ab3f-4175-b012-3a59d1cb571c,2023-09-26,2023-10-26,399.99,35.0,434.99,Paid,SampleGen
INV-417784db-2140-4b9b-8271-3ef4c21fdec8,IS300752,CID-267,417784db-2140-4b9b-8271-3ef4c21fdec8,2024-10-15,2024-11-14,1849.95,161.87,2011.82,Paid,SampleGen
INV-1e87df58-d8ae-4465-a99f-614795c238b4,IS300753,CID-268,1e87df58-d8ae-4465-a99f-614795c238b4,2021-12-07,2022-01-06,1599.98,140.0,1739.98,Paid,SampleGen
INV-19b7c91b-20e9-4997-b124-6f4ace7de1b3,IS300754,CID-268,19b7c91b-20e9-4997-b124-6f4ace7de1b3,2021-11-02,2021-12-02,619.97,54.25,674.22,Paid,SampleGen
INV-f899ca61-881c-483a-9527-1646d2316f7b,IS300755,CID-268,f899ca61-881c-483a-9527-1646d2316f7b,2023-09-07,2023-10-07,2649.94,231.87,2881.81,Paid,SampleGen
INV-3b83a86e-473f-4b11-a0d1-b60abc3b6336,IS300756,CID-268,3b83a86e-473f-4b11-a0d1-b60abc3b6336,2023-12-21,2024-01-20,2679.97,234.5,2914.47,Paid,SampleGen
INV-6e0e1af1-cd46-4ebb-869d-c80ea1397243,IS300757,CID-269,6e0e1af1-cd46-4ebb-869d-c80ea1397243,2026-10-09,2026-11-08,949.97,83.12,1033.09,Paid,SampleGen
INV-5264abf3-1a1d-46ed-adac-cbd166b162ba,IS300758,CID-269,5264abf3-1a1d-46ed-adac-cbd166b162ba,2023-03-16,2023-04-15,2709.93,237.12,2947.05,Paid,SampleGen
INV-6a7864e7-c8b0-4201-9225-c378899a9828,IS300759,CID-269,6a7864e7-c8b0-4201-9225-c378899a9828,2022-11-11,2022-12-11,2019.94,176.75,2196.69,Paid,SampleGen
INV-3367b3c3-f0f8-49a8-a4e7-4e4e819947be,IS300760,CID-270,3367b3c3-f0f8-49a8-a4e7-4e4e819947be,2022-04-04,2022-05-04,79.99,7.0,86.99,Paid,SampleGen
INV-ee742fe1-a873-426c-8a2a-15a606a30785,IS300761,CID-271,ee742fe1-a873-426c-8a2a-15a606a30785,2022-12-03,2023-01-02,2459.95,215.25,2675.2,Paid,SampleGen
INV-ed629670-3732-4141-90c9-0866e675f64e,IS300762,CID-271,ed629670-3732-4141-90c9-0866e675f64e,2022-11-30,2022-12-30,2219.94,194.25,2414.19,Paid,SampleGen
INV-c886ed0d-3fa1-4a36-98c2-723a0590da1a,IS300763,CID-271,c886ed0d-3fa1-4a36-98c2-723a0590da1a,2025-05-16,2025-06-15,1309.94,114.62,1424.56,Paid,SampleGen
INV-b7a3975c-9e9f-4503-b048-b129c315847a,IS300764,CID-272,b7a3975c-9e9f-4503-b048-b129c315847a,2026-03-30,2026-04-29,369.98,32.37,402.35,Paid,SampleGen
INV-33ac97c5-01cf-49c6-b4f8-37ed9c7fdb57,IS300765,CID-272,33ac97c5-01cf-49c6-b4f8-37ed9c7fdb57,2023-10-04,2023-11-03,2749.96,240.62,2990.58,Paid,SampleGen
INV-dd6169be-eb8a-485b-9e31-ee47cdd7a2c5,IS300766,CID-272,dd6169be-eb8a-485b-9e31-ee47cdd7a2c5,2023-07-14,2023-08-13,1599.98,140.0,1739.98,Paid,SampleGen
INV-4b981741-6b4a-4b1a-9533-4700bfff3bc6,IS300767,CID-272,4b981741-6b4a-4b1a-9533-4700bfff3bc6,2026-11-27,2026-12-27,3139.94,274.75,3414.69,Paid,SampleGen
INV-f66a1a53-7474-43d9-b20c-70d9dc3323bd,IS300768,CID-273,f66a1a53-7474-43d9-b20c-70d9dc3323bd,2023-12-24,2024-01-23,649.98,56.87,706.85,Paid,SampleGen
INV-19d7633c-3cba-45c3-afcc-be31a6234cfd,IS300769,CID-273,19d7633c-3cba-45c3-afcc-be31a6234cfd,2021-12-19,2022-01-18,5699.94,498.75,6198.69,Paid,SampleGen
INV-267a368c-5783-481a-aa96-b82fe9de6a37,IS300770,CID-273,267a368c-5783-481a-aa96-b82fe9de6a37,2025-01-17,2025-02-16,2599.96,227.5,2827.46,Paid,SampleGen
INV-a6ac8bd4-9969-4b0a-9692-76e0f48adb57,IS300771,CID-273,a6ac8bd4-9969-4b0a-9692-76e0f48adb57,2025-09-19,2025-10-19,2729.93,238.87,2968.8,Paid,SampleGen
INV-6750d7d2-9eea-4a42-93b0-f980ec72f615,IS300772,CID-273,6750d7d2-9eea-4a42-93b0-f980ec72f615,2024-02-15,2024-03-16,1529.96,133.87,1663.83,Paid,SampleGen
INV-868a6e0d-fa8a-43b2-893d-5807645439ef,IS300773,CID-273,868a6e0d-fa8a-43b2-893d-5807645439ef,2026-02-03,2026-03-05,1049.97,91.87,1141.84,Paid,SampleGen
INV-4630f970-1cb8-4f59-ad81-92ffa511d290,IS300774,CID-274,4630f970-1cb8-4f59-ad81-92ffa511d290,2021-09-15,2021-10-15,3659.93,320.25,3980.18,Paid,SampleGen
INV-acf60bfa-60cd-4236-9dea-d9f2ff654909,IS300775,CID-274,acf60bfa-60cd-4236-9dea-d9f2ff654909,2021-05-05,2021-06-04,239.98,21.0,260.98,Paid,SampleGen
INV-37a2f44c-d4dd-4d59-a8ab-bc6230e88244,IS300776,CID-275,37a2f44c-d4dd-4d59-a8ab-bc6230e88244,2024-11-27,2024-12-27,1789.95,156.62,1946.57,Paid,SampleGen
INV-5671cf0f-d993-4b64-a4b9-dadae8882733,IS300777,CID-276,5671cf0f-d993-4b64-a4b9-dadae8882733,2026-01-11,2026-02-10,709.97,62.12,772.09,Paid,SampleGen
INV-56fcfada-7576-4710-a331-e52845d05833,IS300778,CID-276,56fcfada-7576-4710-a331-e52845d05833,2023-12-14,2024-01-13,799.96,69.99,869.95,Paid,SampleGen
INV-193dde9e-5559-4d5b-bf84-980de3e51c7c,IS300779,CID-277,193dde9e-5559-4d5b-bf84-980de3e51c7c,2022-03-13,2022-04-12,1199.95,105.0,1304.95,Paid,SampleGen
INV-add9c29e-0f51-4991-88af-0023bb03ecf9,IS300780,CID-277,add9c29e-0f51-4991-88af-0023bb03ecf9,2023-03-17,2023-04-16,1539.96,134.75,1674.71,Paid,SampleGen
INV-2d7a5271-cdc3-4190-af96-270ffe57eca2,IS300781,CID-277,2d7a5271-cdc3-4190-af96-270ffe57eca2,2022-11-21,2022-12-21,1049.97,91.87,1141.84,Paid,SampleGen
INV-fa2a45a4-0f81-4fa4-9e40-68b625211308,IS300782,CID-277,fa2a45a4-0f81-4fa4-9e40-68b625211308,2022-10-29,2022-11-28,1749.97,153.12,1903.09,Paid,SampleGen
INV-11d9c4ef-a687-4b6d-a1c8-79d5ae3f16ac,IS300783,CID-277,11d9c4ef-a687-4b6d-a1c8-79d5ae3f16ac,2024-04-06,2024-05-06,239.98,21.0,260.98,Paid,SampleGen
INV-9aba8ef6-5454-4211-ad22-effef5b1eec2,IS300784,CID-277,9aba8ef6-5454-4211-ad22-effef5b1eec2,2021-08-09,2021-09-08,799.96,70.0,869.96,Paid,SampleGen
INV-122109d8-5833-45f9-a085-f4669189cc77,IS300785,CID-278,122109d8-5833-45f9-a085-f4669189cc77,2021-04-13,2021-05-13,1999.93,175.0,2174.93,Paid,SampleGen
INV-10a77cc6-6b32-40a8-ade4-46463c2e2df1,IS300786,CID-278,10a77cc6-6b32-40a8-ade4-46463c2e2df1,2023-10-16,2023-11-15,799.97,70.0,869.97,Paid,SampleGen
INV-3a14352a-2a73-4fdd-8e70-075dff202713,IS300787,CID-279,3a14352a-2a73-4fdd-8e70-075dff202713,2026-09-02,2026-10-02,879.97,77.0,956.97,Paid,SampleGen
INV-e5d61e27-344a-42e6-a07c-f419569ce2a5,IS300788,CID-279,e5d61e27-344a-42e6-a07c-f419569ce2a5,2026-09-18,2026-10-18,2679.97,234.5,2914.47,Paid,SampleGen
INV-059f061c-9756-4aec-a2ac-125802343fdb,IS300789,CID-279,059f061c-9756-4aec-a2ac-125802343fdb,2023-07-19,2023-08-18,1299.98,113.75,1413.73,Paid,SampleGen
INV-537e62fd-3f02-4c06-8461-2fe73892ca0f,IS300790,CID-280,537e62fd-3f02-4c06-8461-2fe73892ca0f,2022-07-06,2022-08-05,2879.93,252.0,3131.93,Paid,SampleGen
INV-9c1aa3e0-13ff-45fb-96dc-24c95e6231b4,IS300791,CID-280,9c1aa3e0-13ff-45fb-96dc-24c95e6231b4,2024-10-27,2024-11-26,1799.97,157.5,1957.47,Paid,SampleGen
INV-70574a76-0bb3-4a86-bbd0-f8dbc2644bdb,IS300792,CID-280,70574a76-0bb3-4a86-bbd0-f8dbc2644bdb,2026-12-26,2027-01-25,5099.94,446.25,5546.19,Paid,SampleGen
INV-0fde32a7-73b4-4141-9182-777efda43891,IS300793,CID-280,0fde32a7-73b4-4141-9182-777efda43891,2024-08-04,2024-09-03,459.97,40.25,500.22,Paid,SampleGen
INV-08b48f5f-fa23-4138-9c0a-18766ab1d5b0,IS300794,CID-280,08b48f5f-fa23-4138-9c0a-18766ab1d5b0,2025-03-24,2025-04-23,2649.93,231.87,2881.8,Paid,SampleGen
INV-6fac4c8d-294f-470e-a5e2-1de6a227ea51,IS300795,CID-281,6fac4c8d-294f-470e-a5e2-1de6a227ea51,2021-08-04,2021-09-03,249.99,21.87,271.86,Paid,SampleGen
INV-778070bd-e1d4-4fb6-ac12-345be77c740d,IS300796,CID-281,778070bd-e1d4-4fb6-ac12-345be77c740d,2026-03-26,2026-04-25,2109.96,184.62,2294.58,Paid,SampleGen
INV-5187bfae-fe88-4414-965b-3aeb73a13cb7,IS300797,CID-281,5187bfae-fe88-4414-965b-3aeb73a13cb7,2021-11-06,2021-12-06,1649.94,144.37,1794.31,Paid,SampleGen
INV-397c0522-6a76-4cd8-a510-e56593378edf,IS300798,CID-281,397c0522-6a76-4cd8-a510-e56593378edf,2023-01-07,2023-02-06,2039.94,178.49,2218.43,Paid,SampleGen
INV-c8993e01-c6a2-42cf-8f9e-e1eacd130507,IS300799,CID-281,c8993e01-c6a2-42cf-8f9e-e1eacd130507,2022-10-01,2022-10-31,399.99,35.0,434.99,Paid,SampleGen
INV-a1ac7ab4-8a00-4474-a456-e1628f7729f3,IS300800,CID-281,a1ac7ab4-8a00-4474-a456-e1628f7729f3,2021-07-09,2021-08-08,1159.92,101.5,1261.42,Paid,SampleGen
INV-5e6e14cf-64c9-4f04-9ae2-a06b576d832a,IS300801,CID-281,5e6e14cf-64c9-4f04-9ae2-a06b576d832a,2024-05-15,2024-06-14,349.97,30.62,380.59,Paid,SampleGen
INV-0a477bce-3018-481c-8d6a-8f0c8148dc25,IS300802,CID-282,0a477bce-3018-481c-8d6a-8f0c8148dc25,2023-08-16,2023-09-15,1429.97,125.12,1555.09,Paid,SampleGen
INV-baac4e9c-e58d-4f7a-b0b5-11e13c91a889,IS300803,CID-283,baac4e9c-e58d-4f7a-b0b5-11e13c91a889,2026-04-16,2026-05-16,799.99,70.0,869.99,Paid,SampleGen
INV-60f1d53a-2f26-4f28-815c-644e1dca8233,IS300804,CID-283,60f1d53a-2f26-4f28-815c-644e1dca8233,2023-08-26,2023-09-25,499.97,43.75,543.72,Paid,SampleGen
INV-9395fd2a-766b-49f1-b468-bbcbf242cb55,IS300805,CID-283,9395fd2a-766b-49f1-b468-bbcbf242cb55,2024-07-09,2024-08-08,1729.96,151.37,1881.33,Paid,SampleGen
INV-34a536a1-2bb0-404e-9625-36c359fafb93,IS300806,CID-283,34a536a1-2bb0-404e-9625-36c359fafb93,2026-10-20,2026-11-19,1599.95,140.0,1739.95,Paid,SampleGen
INV-304ac917-51e6-4492-a0cd-6563ea28b608,IS300807,CID-283,304ac917-51e6-4492-a0cd-6563ea28b608,2026-08-15,2026-09-14,209.98,18.37,228.35,Paid,SampleGen
INV-ff188b19-1ae4-4e7c-8400-083262439c0d,IS300808,CID-284,ff188b19-1ae4-4e7c-8400-083262439c0d,2023-10-13,2023-11-12,1639.95,143.5,1783.45,Paid,SampleGen
INV-04be3975-2c91-4249-b1c7-9061066cd475,IS300809,CID-284,04be3975-2c91-4249-b1c7-9061066cd475,2021-10-07,2021-11-06,1549.96,135.62,1685.58,Paid,SampleGen
INV-1e3d50ee-a59f-4061-9eee-3c8da7dd2e49,IS300810,CID-284,1e3d50ee-a59f-4061-9eee-3c8da7dd2e49,2022-04-14,2022-05-14,1489.97,130.36,1620.33,Paid,SampleGen
INV-541d29af-55ab-414e-9230-1f336207c1cd,IS300811,CID-284,541d29af-55ab-414e-9230-1f336207c1cd,2026-05-17,2026-06-16,959.96,84.0,1043.96,Paid,SampleGen
INV-825426ef-534e-45d9-917a-6f550f55d5cf,IS300812,CID-284,825426ef-534e-45d9-917a-6f550f55d5cf,2021-06-02,2021-07-02,1759.95,154.0,1913.95,Paid,SampleGen
INV-b78cbefe-dd85-4e15-a3c8-fd44a6913a94,IS300813,CID-285,b78cbefe-dd85-4e15-a3c8-fd44a6913a94,2026-06-12,2026-07-12,3709.93,324.62,4034.55,Paid,SampleGen
INV-ea1b3e95-77af-454c-80a3-f5e5ce46dd24,IS300814,CID-285,ea1b3e95-77af-454c-80a3-f5e5ce46dd24,2021-12-24,2022-01-23,1699.97,148.75,1848.72,Paid,SampleGen
INV-b3d17518-395e-460c-a7b8-a399c7e22ee6,IS300815,CID-286,b3d17518-395e-460c-a7b8-a399c7e22ee6,2021-08-19,2021-09-18,119.99,10.5,130.49,Paid,SampleGen
INV-eb7aeee4-85bd-4d09-8769-1ff681c86cb6,IS300816,CID-286,eb7aeee4-85bd-4d09-8769-1ff681c86cb6,2022-03-20,2022-04-19,2099.95,183.75,2283.7,Paid,SampleGen
INV-d6fe2e85-e4a8-4e1b-b942-c139aca4a327,IS300817,CID-286,d6fe2e85-e4a8-4e1b-b942-c139aca4a327,2025-05-14,2025-06-13,359.98,31.5,391.48,Paid,SampleGen
INV-a0c52695-594c-4e15-b647-44a9d214f288,IS300818,CID-286,a0c52695-594c-4e15-b647-44a9d214f288,2022-03-10,2022-04-09,959.96,84.0,1043.96,Paid,SampleGen
INV-e659c448-b9f1-4350-b058-7948a5d100e5,IS300819,CID-287,e659c448-b9f1-4350-b058-7948a5d100e5,2026-04-13,2026-05-13,879.94,77.0,956.94,Paid,SampleGen
INV-0c4b5967-fdc4-4a5c-a9cb-ff2c7173a8b6,IS300820,CID-287,0c4b5967-fdc4-4a5c-a9cb-ff2c7173a8b6,2024-02-29,2024-03-30,599.98,52.5,652.48,Paid,SampleGen
INV-5b43878d-1af6-4042-8420-a79ee5ba4547,IS300821,CID-287,5b43878d-1af6-4042-8420-a79ee5ba4547,2024-09-16,2024-10-16,1009.97,88.37,1098.34,Paid,SampleGen
INV-1699e84b-3af7-4d4b-a706-0c1beb5b0b1c,IS300822,CID-287,1699e84b-3af7-4d4b-a706-0c1beb5b0b1c,2025-07-08,2025-08-07,459.97,40.25,500.22,Paid,SampleGen
INV-77ef137d-5d32-46bf-af02-477e1fd52942,IS300823,CID-287,77ef137d-5d32-46bf-af02-477e1fd52942,2024-10-19,2024-11-18,1914.96,167.56,2082.52,Paid,SampleGen
INV-368a75d5-4bff-4821-9a1c-95798b73cdd8,IS300824,CID-287,368a75d5-4bff-4821-9a1c-95798b73cdd8,2025-11-09,2025-12-09,149.99,13.12,163.11,Paid,SampleGen
INV-a6dea515-7bc5-4e74-9e3b-e17c7b67fd05,IS300825,CID-287,a6dea515-7bc5-4e74-9e3b-e17c7b67fd05,2025-02-01,2025-03-03,1314.96,115.05,1430.01,Paid,SampleGen
INV-88015a54-1e98-4e55-a275-61e47de35cb8,IS300826,CID-288,88015a54-1e98-4e55-a275-61e47de35cb8,2021-11-16,2021-12-16,459.97,40.25,500.22,Paid,SampleGen
INV-31165fd1-18c5-4387-be73-0913c72676c6,IS300827,CID-288,31165fd1-18c5-4387-be73-0913c72676c6,2025-09-06,2025-10-06,2229.94,195.12,2425.06,Paid,SampleGen
INV-8ef5698d-65ba-4cb0-8226-630a4d498fc6,IS300828,CID-288,8ef5698d-65ba-4cb0-8226-630a4d498fc6,2021-01-09,2021-02-08,2009.94,175.87,2185.81,Paid,SampleGen
INV-f8dfb22b-b2a6-4811-a493-c2adb2ac3af2,IS300829,CID-288,f8dfb22b-b2a6-4811-a493-c2adb2ac3af2,2026-12-23,2027-01-22,3199.94,280.0,3479.94,Paid,SampleGen
INV-bbeac9f5-f3c3-47ed-b323-f087d3f5b564,IS300830,CID-289,bbeac9f5-f3c3-47ed-b323-f087d3f5b564,2026-03-07,2026-04-06,29.98,2.62,32.6,Paid,SampleGen
INV-4b4b270d-4bf4-4967-9bea-a270e500dbcb,IS300831,CID-290,4b4b270d-4bf4-4967-9bea-a270e500dbcb,2023-03-07,2023-04-06,3849.96,336.87,4186.83,Paid,SampleGen
INV-4affcba2-96a2-41bd-acbf-6a3c275c2fe1,IS300832,CID-290,4affcba2-96a2-41bd-acbf-6a3c275c2fe1,2021-02-26,2021-03-28,199.99,17.5,217.49,Paid,SampleGen
INV-61187437-16ec-425e-84b4-1b02d1dced22,IS300833,CID-290,61187437-16ec-425e-84b4-1b02d1dced22,2023-04-28,2023-05-28,329.98,28.87,358.85,Paid,SampleGen
INV-16755bbb-ea00-43c0-a123-d8bd89ff1767,IS300834,CID-291,16755bbb-ea00-43c0-a123-d8bd89ff1767,2022-11-10,2022-12-10,2929.95,256.37,3186.32,Paid,SampleGen
INV-64bb7d7a-186f-49a6-a6da-991411b20e82,IS300835,CID-291,64bb7d7a-186f-49a6-a6da-991411b20e82,2021-09-18,2021-10-18,1759.94,154.0,1913.94,Paid,SampleGen
INV-1eecb8e1-096f-40f5-adb3-9ca9ca5d5127,IS300836,CID-292,1eecb8e1-096f-40f5-adb3-9ca9ca5d5127,2022-08-30,2022-09-29,1159.98,101.5,1261.48,Paid,SampleGen
INV-ebd0b14b-8979-4e90-b30d-3eea4f0912ff,IS300837,CID-292,ebd0b14b-8979-4e90-b30d-3eea4f0912ff,2022-10-24,2022-11-23,414.94,36.3,451.24,Paid,SampleGen
INV-87e76193-90af-47ec-a316-8b81913f56c6,IS300838,CID-293,87e76193-90af-47ec-a316-8b81913f56c6,2023-06-06,2023-07-06,1099.98,96.25,1196.23,Paid,SampleGen
INV-4a2a9576-0ecc-42e9-bc8c-b09dc0ad5989,IS300839,CID-293,4a2a9576-0ecc-42e9-bc8c-b09dc0ad5989,2025-01-14,2025-02-13,4049.96,354.37,4404.33,Paid,SampleGen
INV-f0687b0d-3670-4538-9dfc-947d331146d1,IS300840,CID-293,f0687b0d-3670-4538-9dfc-947d331146d1,2023-05-29,2023-06-28,1299.98,113.75,1413.73,Paid,SampleGen
INV-0b8cae80-204f-4200-b992-d0dd00a347f9,IS300841,CID-293,0b8cae80-204f-4200-b992-d0dd00a347f9,2023-11-04,2023-12-04,594.98,52.06,647.04,Paid,SampleGen
INV-aad232e6-d7bc-45e6-8530-c488fcec5c77,IS300842,CID-293,aad232e6-d7bc-45e6-8530-c488fcec5c77,2023-03-29,2023-04-28,249.99,21.87,271.86,Paid,SampleGen
INV-abedcef9-a465-4f2d-a1d8-4a695dd5dad9,IS300843,CID-293,abedcef9-a465-4f2d-a1d8-4a695dd5dad9,2023-09-10,2023-10-10,879.96,77.0,956.96,Paid,SampleGen
INV-05944238-a231-44e3-bec2-bdb2a60201f9,IS300844,CID-294,05944238-a231-44e3-bec2-bdb2a60201f9,2022-05-14,2022-06-13,3649.95,319.37,3969.32,Paid,SampleGen
INV-02b79092-4ac7-415e-ae6c-ebdd6a367dfb,IS300845,CID-294,02b79092-4ac7-415e-ae6c-ebdd6a367dfb,2025-05-12,2025-06-11,3479.94,304.5,3784.44,Paid,SampleGen
INV-b15d1ca0-f9e5-4f75-89cf-d838cdef50d2,IS300846,CID-294,b15d1ca0-f9e5-4f75-89cf-d838cdef50d2,2025-04-26,2025-05-26,1809.97,158.37,1968.34,Paid,SampleGen
INV-08f806b2-63d6-4c98-ae3d-9ce120d551b3,IS300847,CID-294,08f806b2-63d6-4c98-ae3d-9ce120d551b3,2025-12-10,2026-01-09,1339.95,117.25,1457.2,Paid,SampleGen
INV-3a529b8a-b45d-4d62-9dc6-b12726b28860,IS300848,CID-294,3a529b8a-b45d-4d62-9dc6-b12726b28860,2025-05-16,2025-06-15,509.96,44.62,554.58,Paid,SampleGen
INV-db6073ea-e09e-48bc-aa1b-2837f149e194,IS300849,CID-294,db6073ea-e09e-48bc-aa1b-2837f149e194,2021-09-20,2021-10-20,119.99,10.5,130.49,Paid,SampleGen
INV-e70c3a2d-007c-477b-b100-c96119555d63,IS300850,CID-295,e70c3a2d-007c-477b-b100-c96119555d63,2025-04-06,2025-05-06,809.97,70.87,880.84,Paid,SampleGen
INV-34a8ce56-1d85-425f-ac8c-3e80d9ce4aa0,IS300851,CID-295,34a8ce56-1d85-425f-ac8c-3e80d9ce4aa0,2026-12-19,2027-01-18,29.98,2.62,32.6,Paid,SampleGen
INV-77246313-068f-4900-a1b2-ad56b1dae4e5,IS300852,CID-295,77246313-068f-4900-a1b2-ad56b1dae4e5,2024-01-28,2024-02-27,359.98,31.5,391.48,Paid,SampleGen
INV-27f4e524-733d-4945-99fb-cfa4641f222b,IS300853,CID-295,27f4e524-733d-4945-99fb-cfa4641f222b,2023-10-03,2023-11-02,129.99,11.37,141.36,Paid,SampleGen
INV-cc17ab53-e37a-4c38-87b5-2bba37959f0a,IS300854,CID-295,cc17ab53-e37a-4c38-87b5-2bba37959f0a,2025-01-16,2025-02-15,2029.95,177.62,2207.57,Paid,SampleGen
INV-cb92f94d-9f1d-4214-a840-6586792771bc,IS300855,CID-295,cb92f94d-9f1d-4214-a840-6586792771bc,2025-11-08,2025-12-08,749.97,65.62,815.59,Paid,SampleGen
INV-349054f1-c77a-4394-8f8d-5037a25e8e4c,IS300856,CID-296,349054f1-c77a-4394-8f8d-5037a25e8e4c,2022-08-26,2022-09-25,699.96,61.25,761.21,Paid,SampleGen
INV-624e0938-9f98-42ed-83de-9b2033ed7802,IS300857,CID-296,624e0938-9f98-42ed-83de-9b2033ed7802,2026-08-17,2026-09-16,294.96,25.81,320.77,Paid,SampleGen
INV-80f23817-4c50-4e16-9837-cad3423474ed,IS300858,CID-296,80f23817-4c50-4e16-9837-cad3423474ed,2022-06-30,2022-07-30,2999.95,262.5,3262.45,Paid,SampleGen
INV-17ccc96b-b842-447c-a7fc-a00d8099093e,IS300859,CID-297,17ccc96b-b842-447c-a7fc-a00d8099093e,2025-02-02,2025-03-04,1474.95,129.06,1604.01,Paid,SampleGen
INV-f27ca6cc-d27c-4603-9c4b-8179e5bacd2b,IS300860,CID-297,f27ca6cc-d27c-4603-9c4b-8179e5bacd2b,2026-09-30,2026-10-30,1799.98,157.5,1957.48,Paid,SampleGen
INV-3c808f35-b32d-4e57-a768-2ce0096e53f1,IS300861,CID-298,3c808f35-b32d-4e57-a768-2ce0096e53f1,2022-03-25,2022-04-24,1089.97,95.37,1185.34,Paid,SampleGen
INV-8e6431cf-76fd-4e3f-b264-db727b47a331,IS300862,CID-298,8e6431cf-76fd-4e3f-b264-db727b47a331,2022-04-02,2022-05-02,409.96,35.87,445.83,Paid,SampleGen
INV-b92e04db-bac6-4227-a04a-443aef229c56,IS300863,CID-298,b92e04db-bac6-4227-a04a-443aef229c56,2021-01-23,2021-02-22,1714.97,150.06,1865.03,Paid,SampleGen
INV-98dc2f4a-1951-43b7-8af2-0cfaebc51d58,IS300864,CID-298,98dc2f4a-1951-43b7-8af2-0cfaebc51d58,2021-09-17,2021-10-17,1299.98,113.75,1413.73,Paid,SampleGen
INV-e609a30b-3cf5-4055-9322-27687a9bdb43,IS300865,CID-298,e609a30b-3cf5-4055-9322-27687a9bdb43,2023-07-23,2023-08-22,889.97,77.86,967.83,Paid,SampleGen
INV-bc5f5bdc-8a90-4e01-8363-a7c56630098b,IS300866,CID-298,bc5f5bdc-8a90-4e01-8363-a7c56630098b,2024-03-01,2024-03-31,2299.93,201.25,2501.18,Paid,SampleGen
INV-56893272-f6fe-4d2d-bdb3-39758203e549,IS300867,CID-298,56893272-f6fe-4d2d-bdb3-39758203e549,2023-06-04,2023-07-04,239.97,21.0,260.97,Paid,SampleGen
INV-980a96c5-ed4f-4c47-a488-be96ea30793e,IS300868,CID-299,980a96c5-ed4f-4c47-a488-be96ea30793e,2022-06-13,2022-07-13,359.98,31.5,391.48,Paid,SampleGen
INV-a34df12a-4c70-45c4-9f0a-20956d92f455,IS300869,CID-299,a34df12a-4c70-45c4-9f0a-20956d92f455,2022-07-18,2022-08-17,459.97,40.25,500.22,Paid,SampleGen
INV-b24f9eb6-a9a2-43dc-8938-3d4f83a8ca7f,IS300870,CID-300,b24f9eb6-a9a2-43dc-8938-3d4f83a8ca7f,2021-10-05,2021-11-04,3669.94,321.12,3991.06,Paid,SampleGen
INV-0841cd1d-752f-46de-ae3b-d407b5da49a4,IS300871,CID-300,0841cd1d-752f-46de-ae3b-d407b5da49a4,2023-12-29,2024-01-28,1319.94,115.5,1435.44,Paid,SampleGen
INV-4ab87af8-9b6f-4db7-bb17-e50431967634,IS300872,CID-301,4ab87af8-9b6f-4db7-bb17-e50431967634,2025-07-18,2025-08-17,1439.95,126.0,1565.95,Paid,SampleGen
INV-dbfd521a-9e9c-49dd-b07c-c28ca0435215,IS300873,CID-301,dbfd521a-9e9c-49dd-b07c-c28ca0435215,2022-06-17,2022-07-17,1499.96,131.24,1631.2,Paid,SampleGen
INV-d6ed17d3-efd5-4ec6-bb40-24f7b9925e4a,IS300874,CID-301,d6ed17d3-efd5-4ec6-bb40-24f7b9925e4a,2024-06-19,2024-07-19,1609.94,140.87,1750.81,Paid,SampleGen
INV-a279afc0-84fb-45b2-bc06-0fa517d79a9f,IS300875,CID-301,a279afc0-84fb-45b2-bc06-0fa517d79a9f,2023-05-06,2023-06-05,899.99,78.75,978.74,Paid,SampleGen
INV-8b9d7ef4-3769-4832-a844-7fe3142a2c78,IS300876,CID-301,8b9d7ef4-3769-4832-a844-7fe3142a2c78,2024-05-22,2024-06-21,419.96,36.75,456.71,Paid,SampleGen
INV-625ba2fd-9ea1-43c1-a1f7-dbbd6b9adbc9,IS300877,CID-301,625ba2fd-9ea1-43c1-a1f7-dbbd6b9adbc9,2026-03-09,2026-04-08,2039.96,178.5,2218.46,Paid,SampleGen
INV-0aee09f2-efd4-4fa3-8e10-1bb9d7db4b1b,IS300878,CID-301,0aee09f2-efd4-4fa3-8e10-1bb9d7db4b1b,2024-11-22,2024-12-22,1029.98,90.12,1120.1,Paid,SampleGen
INV-d58c6ab1-c182-4a8c-843f-a6c9d1b108bb,IS300879,CID-302,d58c6ab1-c182-4a8c-843f-a6c9d1b108bb,2022-07-23,2022-08-22,1379.97,120.75,1500.72,Paid,SampleGen
INV-ff011b45-a551-4538-8116-6824ce6e557d,IS300880,CID-302,ff011b45-a551-4538-8116-6824ce6e557d,2026-01-27,2026-02-26,3299.95,288.75,3588.7,Paid,SampleGen
INV-a64c0d34-ba5c-4c49-86f8-aae6a370f0b3,IS300881,CID-302,a64c0d34-ba5c-4c49-86f8-aae6a370f0b3,2025-02-17,2025-03-19,4759.94,416.5,5176.44,Paid,SampleGen
INV-670ed37e-02bf-42b1-a674-8e820d8ee3c4,IS300882,CID-302,670ed37e-02bf-42b1-a674-8e820d8ee3c4,2026-01-28,2026-02-27,614.97,53.81,668.78,Paid,SampleGen
INV-fb589cb2-8089-4d3e-8f76-5465171cdd24,IS300883,CID-302,fb589cb2-8089-4d3e-8f76-5465171cdd24,2023-03-22,2023-04-21,2509.93,219.62,2729.55,Paid,SampleGen
INV-9a0ba31c-d03f-4638-a61d-af360d93cb1c,IS300884,CID-302,9a0ba31c-d03f-4638-a61d-af360d93cb1c,2023-08-08,2023-09-07,379.98,33.25,413.23,Paid,SampleGen
INV-49ba82e6-6d9a-460c-9a48-7a18f1964421,IS300885,CID-302,49ba82e6-6d9a-460c-9a48-7a18f1964421,2022-12-28,2023-01-27,409.97,35.87,445.84,Paid,SampleGen
INV-29702d02-40df-4b4a-8e0e-130c59aabf21,IS300886,CID-303,29702d02-40df-4b4a-8e0e-130c59aabf21,2022-11-25,2022-12-25,1379.96,120.74,1500.7,Paid,SampleGen
INV-13218e7d-a755-4c07-a34d-8eaa0b322a06,IS300887,CID-303,13218e7d-a755-4c07-a34d-8eaa0b322a06,2022-10-21,2022-11-20,1679.97,147.0,1826.97,Paid,SampleGen
INV-1cdb1e3f-ea37-4cc2-8640-ee2a8c96513c,IS300888,CID-304,1cdb1e3f-ea37-4cc2-8640-ee2a8c96513c,2021-05-19,2021-06-18,719.97,63.0,782.97,Paid,SampleGen
INV-120084b0-70d9-403e-8e02-ae8c907d2500,IS300889,CID-304,120084b0-70d9-403e-8e02-ae8c907d2500,2025-09-22,2025-10-22,629.96,55.12,685.08,Paid,SampleGen
INV-1db489f6-26e7-4f7e-8273-44f1b0caf2c9,IS300890,CID-304,1db489f6-26e7-4f7e-8273-44f1b0caf2c9,2026-05-18,2026-06-17,619.96,54.25,674.21,Paid,SampleGen
INV-b8735c0d-9145-4ae5-bd42-d669802645cb,IS300891,CID-305,b8735c0d-9145-4ae5-bd42-d669802645cb,2022-07-27,2022-08-26,2599.98,227.5,2827.48,Paid,SampleGen
INV-f9591549-3eb8-46ae-9077-078720994fdb,IS300892,CID-305,f9591549-3eb8-46ae-9077-078720994fdb,2026-01-14,2026-02-13,3349.96,293.12,3643.08,Paid,SampleGen
INV-4eeceea0-b7ba-4b32-a2d4-9f73a83e6d2c,IS300893,CID-305,4eeceea0-b7ba-4b32-a2d4-9f73a83e6d2c,2023-05-20,2023-06-19,1999.95,175.0,2174.95,Paid,SampleGen
INV-2cf77e8c-21bf-4b69-8b21-cd317291f2b2,IS300894,CID-305,2cf77e8c-21bf-4b69-8b21-cd317291f2b2,2026-06-26,2026-07-26,174.97,15.31,190.28,Paid,SampleGen
INV-84f06939-8e30-4afa-81e5-7193edd58af1,IS300895,CID-306,84f06939-8e30-4afa-81e5-7193edd58af1,2024-11-26,2024-12-26,579.99,50.75,630.74,Paid,SampleGen
INV-2bf177f6-b339-4afc-92be-b45071a47d21,IS300896,CID-307,2bf177f6-b339-4afc-92be-b45071a47d21,2022-02-10,2022-03-12,3209.95,280.87,3490.82,Paid,SampleGen
INV-4783eee4-1e81-43f5-83c0-99bd595c1bbb,IS300897,CID-307,4783eee4-1e81-43f5-83c0-99bd595c1bbb,2023-10-08,2023-11-07,1429.96,125.12,1555.08,Paid,SampleGen
INV-1d22d152-132b-464b-a5b1-170a6c8141a8,IS300898,CID-308,1d22d152-132b-464b-a5b1-170a6c8141a8,2022-10-07,2022-11-06,799.98,70.0,869.98,Paid,SampleGen
INV-1b29da34-5fcc-4b46-bc64-efc5e2904338,IS300899,CID-308,1b29da34-5fcc-4b46-bc64-efc5e2904338,2021-07-14,2021-08-13,2199.96,192.5,2392.46,Paid,SampleGen
INV-88490fec-d06d-446a-afcf-8c31c43d3d4d,IS300900,CID-308,88490fec-d06d-446a-afcf-8c31c43d3d4d,2022-09-08,2022-10-08,1559.95,136.5,1696.45,Paid,SampleGen
INV-0e4960cc-5971-448a-8d2c-3146e4a894f1,IS300901,CID-309,0e4960cc-5971-448a-8d2c-3146e4a894f1,2026-04-24,2026-05-24,999.96,87.5,1087.46,Paid,SampleGen
INV-e47637e2-aec1-4b0c-ab29-fd12bbf569a6,IS300902,CID-309,e47637e2-aec1-4b0c-ab29-fd12bbf569a6,2026-12-02,2027-01-01,1549.94,135.62,1685.56,Paid,SampleGen
INV-8f5b9a4d-18bd-4ad8-babf-ea04bd0e58ea,IS300903,CID-309,8f5b9a4d-18bd-4ad8-babf-ea04bd0e58ea,2021-03-03,2021-04-02,1249.97,109.37,1359.34,Paid,SampleGen
INV-54b1da78-2456-44d8-9e42-48389ed4262d,IS300904,CID-309,54b1da78-2456-44d8-9e42-48389ed4262d,2022-05-15,2022-06-14,649.99,56.87,706.86,Paid,SampleGen
INV-64a2afc6-8f4b-49f1-9f78-c6d36a62f383,IS300905,CID-309,64a2afc6-8f4b-49f1-9f78-c6d36a62f383,2025-09-24,2025-10-24,239.98,21.0,260.98,Paid,SampleGen
INV-9fda0ddf-467d-4441-ad7e-441a8f3c3d82,IS300906,CID-310,9fda0ddf-467d-4441-ad7e-441a8f3c3d82,2026-01-30,2026-03-01,3499.97,306.25,3806.22,Paid,SampleGen
INV-a08eb8b6-55ba-4f19-94c3-85dfc0e956b4,IS300907,CID-311,a08eb8b6-55ba-4f19-94c3-85dfc0e956b4,2022-02-01,2022-03-03,1159.96,101.5,1261.46,Paid,SampleGen
INV-40370fdc-e72b-4417-af0b-faa0f484772c,IS300908,CID-312,40370fdc-e72b-4417-af0b-faa0f484772c,2022-10-26,2022-11-25,149.99,13.12,163.11,Paid,SampleGen
INV-52ce0db7-f219-4b99-8750-aaecabe3fadb,IS300909,CID-312,52ce0db7-f219-4b99-8750-aaecabe3fadb,2025-03-30,2025-04-29,1009.93,88.37,1098.3,Paid,SampleGen
INV-3c376668-3507-411d-8ccb-613aac8addb9,IS300910,CID-313,3c376668-3507-411d-8ccb-613aac8addb9,2026-11-01,2026-12-01,1029.98,90.12,1120.1,Paid,SampleGen
INV-0147172c-b1f6-4979-b43d-23e6bd44157b,IS300911,CID-313,0147172c-b1f6-4979-b43d-23e6bd44157b,2022-02-24,2022-03-26,2924.94,255.93,3180.87,Paid,SampleGen
INV-4b4120f6-46b2-4de2-a849-b9a18cef788c,IS300912,CID-313,4b4120f6-46b2-4de2-a849-b9a18cef788c,2022-11-27,2022-12-27,2699.96,236.25,2936.21,Paid,SampleGen
INV-fe54c91b-e449-495b-b7b0-4a147c0ece71,IS300913,CID-313,fe54c91b-e449-495b-b7b0-4a147c0ece71,2026-06-13,2026-07-13,1489.97,130.37,1620.34,Paid,SampleGen
INV-06425af1-5a07-4869-bf3d-b48f61237a29,IS300914,CID-313,06425af1-5a07-4869-bf3d-b48f61237a29,2021-09-17,2021-10-17,4719.94,413.0,5132.94,Paid,SampleGen
INV-b2b531d9-bd41-4553-ac59-cd0ffedd5da6,IS300915,CID-313,b2b531d9-bd41-4553-ac59-cd0ffedd5da6,2021-06-08,2021-07-08,1379.97,120.75,1500.72,Paid,SampleGen
INV-0ff26dd0-2955-4ad2-8721-ceb185a064be,IS300916,CID-314,0ff26dd0-2955-4ad2-8721-ceb185a064be,2022-01-13,2022-02-12,1099.95,96.25,1196.2,Paid,SampleGen
INV-98f555d1-df12-4b8e-b311-347912ba6b47,IS300917,CID-314,98f555d1-df12-4b8e-b311-347912ba6b47,2022-07-12,2022-08-11,159.98,14.0,173.98,Paid,SampleGen
INV-1a093d8c-60eb-4639-b185-8fad31aa0117,IS300918,CID-315,1a093d8c-60eb-4639-b185-8fad31aa0117,2021-01-02,2021-02-01,3399.94,297.49,3697.43,Paid,SampleGen
INV-cda82617-8098-490f-9355-6dd1fec27e91,IS300919,CID-315,cda82617-8098-490f-9355-6dd1fec27e91,2026-07-18,2026-08-17,384.97,33.68,418.65,Paid,SampleGen
INV-8aabeef6-f4e4-45a0-af3c-84fec3524d92,IS300920,CID-315,8aabeef6-f4e4-45a0-af3c-84fec3524d92,2024-05-27,2024-06-26,4099.95,358.75,4458.7,Paid,SampleGen
INV-251e1408-2acd-4813-84de-5f6f491f3831,IS300921,CID-316,251e1408-2acd-4813-84de-5f6f491f3831,2026-09-16,2026-10-16,1799.96,157.5,1957.46,Paid,SampleGen
INV-071a7da8-6d00-43aa-bfac-3be5d9f30996,IS300922,CID-316,071a7da8-6d00-43aa-bfac-3be5d9f30996,2024-10-02,2024-11-01,629.96,55.11,685.07,Paid,SampleGen
INV-ad1b1291-7ad9-465d-83fc-8dc70cf2eaa7,IS300923,CID-317,ad1b1291-7ad9-465d-83fc-8dc70cf2eaa7,2022-12-19,2023-01-18,149.99,13.12,163.11,Paid,SampleGen
INV-e88bebb1-64ae-40db-a407-c39f0eb0043b,IS300924,CID-317,e88bebb1-64ae-40db-a407-c39f0eb0043b,2024-04-23,2024-05-23,239.98,21.0,260.98,Paid,SampleGen
INV-beb84d84-a82a-4b0f-bf50-a823f1c59a00,IS300925,CID-317,beb84d84-a82a-4b0f-bf50-a823f1c59a00,2021-09-26,2021-10-26,199.98,17.5,217.48,Paid,SampleGen
INV-ebc54b48-6631-40da-9803-2fd73818b275,IS300926,CID-317,ebc54b48-6631-40da-9803-2fd73818b275,2025-05-10,2025-06-09,239.98,21.0,260.98,Paid,SampleGen
INV-71cb8383-f2b7-40c2-850b-b441311b9cd3,IS300927,CID-318,71cb8383-f2b7-40c2-850b-b441311b9cd3,2021-06-09,2021-07-09,499.97,43.75,543.72,Paid,SampleGen
INV-8c4fbdb0-8b6b-4682-ab6b-3ba8b0b46a4a,IS300928,CID-318,8c4fbdb0-8b6b-4682-ab6b-3ba8b0b46a4a,2024-08-28,2024-09-27,1649.95,144.37,1794.32,Paid,SampleGen
INV-f68a54dc-3810-4759-bdc1-66bce4cc309d,IS300929,CID-319,f68a54dc-3810-4759-bdc1-66bce4cc309d,2022-05-12,2022-06-11,309.98,27.12,337.1,Paid,SampleGen
INV-c4329943-a290-44d6-b6e8-20b0aa3809c5,IS300930,CID-319,c4329943-a290-44d6-b6e8-20b0aa3809c5,2025-07-12,2025-08-11,859.96,75.25,935.21,Paid,SampleGen
INV-5d922812-f6b6-4c7b-a1e2-901850659ebf,IS300931,CID-319,5d922812-f6b6-4c7b-a1e2-901850659ebf,2026-04-06,2026-05-06,559.94,49.0,608.94,Paid,SampleGen
INV-211d1d5a-270f-4574-8ffd-e5daf824a0a9,IS300932,CID-320,211d1d5a-270f-4574-8ffd-e5daf824a0a9,2025-03-18,2025-04-17,2269.94,198.62,2468.56,Paid,SampleGen
INV-5b630696-3ee2-4a5b-9547-2758694bdb81,IS300933,CID-320,5b630696-3ee2-4a5b-9547-2758694bdb81,2025-10-27,2025-11-26,1099.98,96.25,1196.23,Paid,SampleGen
INV-c3c2c4dd-3c9e-4529-8452-b44145cd8e5b,IS300934,CID-321,c3c2c4dd-3c9e-4529-8452-b44145cd8e5b,2023-07-05,2023-08-04,199.97,17.5,217.47,Paid,SampleGen
INV-ecac3d2c-c25c-4478-982d-48ed937ef73f,IS300935,CID-322,ecac3d2c-c25c-4478-982d-48ed937ef73f,2022-11-16,2022-12-16,1799.98,157.5,1957.48,Paid,SampleGen
INV-de3e597d-7182-48d7-b857-54ae7b722012,IS300936,CID-322,de3e597d-7182-48d7-b857-54ae7b722012,2024-03-29,2024-04-28,129.99,11.37,141.36,Paid,SampleGen
INV-ab849f2b-300a-40a0-9252-7694976cfd9a,IS300937,CID-322,ab849f2b-300a-40a0-9252-7694976cfd9a,2024-02-14,2024-03-15,2939.93,257.25,3197.18,Paid,SampleGen
INV-0c5430da-034a-423e-82f3-16053a6b8ec1,IS300938,CID-323,0c5430da-034a-423e-82f3-16053a6b8ec1,2026-01-03,2026-02-02,1599.95,140.0,1739.95,Paid,SampleGen
INV-df336922-9e05-4027-a5a3-6de764d5acd8,IS300939,CID-324,df336922-9e05-4027-a5a3-6de764d5acd8,2021-06-02,2021-07-02,2139.95,187.25,2327.2,Paid,SampleGen
INV-6bc848bb-e998-420b-9962-c5db456d7f75,IS300940,CID-324,6bc848bb-e998-420b-9962-c5db456d7f75,2026-09-20,2026-10-20,359.98,31.5,391.48,Paid,SampleGen
INV-c22404b9-6e8c-461d-8127-0248a1c8884c,IS300941,CID-324,c22404b9-6e8c-461d-8127-0248a1c8884c,2026-08-24,2026-09-23,2404.94,210.43,2615.37,Paid,SampleGen
INV-b1b7f437-601e-41ac-b452-2e0175004839,IS300942,CID-325,b1b7f437-601e-41ac-b452-2e0175004839,2021-01-22,2021-02-21,2249.97,196.87,2446.84,Paid,SampleGen
INV-2c61bb4c-2a38-49ae-a9c1-3282b4e58dbd,IS300943,CID-325,2c61bb4c-2a38-49ae-a9c1-3282b4e58dbd,2024-05-14,2024-06-13,379.98,33.25,413.23,Paid,SampleGen
INV-55f522b9-8b96-484d-b45a-0bd769aa196c,IS300944,CID-326,55f522b9-8b96-484d-b45a-0bd769aa196c,2025-12-15,2026-01-14,4309.95,377.12,4687.07,Paid,SampleGen
INV-8393a411-bf7c-40f3-93b2-3966f3cebddf,IS300945,CID-326,8393a411-bf7c-40f3-93b2-3966f3cebddf,2025-03-21,2025-04-20,649.99,56.87,706.86,Paid,SampleGen
INV-cd3f85ea-d6fc-403a-a617-137acc28bce0,IS300946,CID-326,cd3f85ea-d6fc-403a-a617-137acc28bce0,2021-09-01,2021-10-01,159.98,14.0,173.98,Paid,SampleGen
INV-79d17917-a02d-4eda-8e06-dfb6c9c9d7a2,IS300947,CID-327,79d17917-a02d-4eda-8e06-dfb6c9c9d7a2,2022-05-13,2022-06-12,129.99,11.37,141.36,Paid,SampleGen
INV-14d496e4-b0e0-4ce5-ac34-e7ecdc7641de,IS300948,CID-327,14d496e4-b0e0-4ce5-ac34-e7ecdc7641de,2026-05-05,2026-06-04,189.99,16.62,206.61,Paid,SampleGen
INV-9e91285e-010b-4389-8130-1dd6b2453bda,IS300949,CID-327,9e91285e-010b-4389-8130-1dd6b2453bda,2024-10-05,2024-11-04,2279.92,199.5,2479.42,Paid,SampleGen
INV-32365ea1-1b3f-40ac-9e96-a7efefc3e017,IS300950,CID-327,32365ea1-1b3f-40ac-9e96-a7efefc3e017,2023-08-02,2023-09-01,819.93,71.75,891.68,Paid,SampleGen
INV-f7d191ba-1169-4bf9-acd6-067b04edba94,IS300951,CID-328,f7d191ba-1169-4bf9-acd6-067b04edba94,2024-11-15,2024-12-15,2519.94,220.5,2740.44,Paid,SampleGen
INV-df9f69f4-e76c-4bb1-9733-050d09e68bf4,IS300952,CID-328,df9f69f4-e76c-4bb1-9733-050d09e68bf4,2026-01-29,2026-02-28,649.99,56.87,706.86,Paid,SampleGen
INV-86c9c2b5-8bd6-48a5-a51d-3468ce449f7f,IS300953,CID-329,86c9c2b5-8bd6-48a5-a51d-3468ce449f7f,2026-06-14,2026-07-14,909.96,79.62,989.58,Paid,SampleGen
INV-1a69be4d-c7c8-4255-b2a7-51ff688d795b,IS300954,CID-329,1a69be4d-c7c8-4255-b2a7-51ff688d795b,2022-08-12,2022-09-11,489.97,42.87,532.84,Paid,SampleGen
INV-ff230314-a8a7-402b-94ba-1b8c0b045752,IS300955,CID-329,ff230314-a8a7-402b-94ba-1b8c0b045752,2025-08-29,2025-09-28,79.99,7.0,86.99,Paid,SampleGen
INV-8da50f4f-e856-41df-9e4a-d5ec6e6d6a54,IS300956,CID-330,8da50f4f-e856-41df-9e4a-d5ec6e6d6a54,2025-06-12,2025-07-12,99.99,8.75,108.74,Paid,SampleGen
INV-6f0999c3-2bc5-45fe-a885-ac3154d6af19,IS300957,CID-330,6f0999c3-2bc5-45fe-a885-ac3154d6af19,2024-02-26,2024-03-27,549.99,48.12,598.11,Paid,SampleGen
INV-a361cb0f-195f-423f-a086-1119c85722fe,IS300958,CID-331,a361cb0f-195f-423f-a086-1119c85722fe,2026-08-07,2026-09-06,1599.97,140.0,1739.97,Paid,SampleGen
INV-23108639-9d30-42d9-b5dc-b9d0995f4bdf,IS300959,CID-331,23108639-9d30-42d9-b5dc-b9d0995f4bdf,2022-07-07,2022-08-06,2599.93,227.5,2827.43,Paid,SampleGen
INV-f5cf198f-7edb-4e8d-a4a1-14eee9d7536f,IS300960,CID-331,f5cf198f-7edb-4e8d-a4a1-14eee9d7536f,2023-07-21,2023-08-20,719.97,63.0,782.97,Paid,SampleGen
INV-c8618736-d689-4629-8726-5dea2333f643,IS300961,CID-331,c8618736-d689-4629-8726-5dea2333f643,2021-10-19,2021-11-18,789.96,69.12,859.08,Paid,SampleGen
INV-3524456b-e64f-430d-8601-b372c9d5b55d,IS300962,CID-331,3524456b-e64f-430d-8601-b372c9d5b55d,2022-06-21,2022-07-21,1004.95,87.93,1092.88,Paid,SampleGen
INV-7dae5400-1f89-4d24-ad77-3041a492e8e9,IS300963,CID-331,7dae5400-1f89-4d24-ad77-3041a492e8e9,2025-06-18,2025-07-18,759.96,66.5,826.46,Paid,SampleGen
INV-64683ef6-3420-487a-8410-457133ef988f,IS300964,CID-331,64683ef6-3420-487a-8410-457133ef988f,2022-05-29,2022-06-28,159.98,14.0,173.98,Paid,SampleGen
INV-3189c674-518e-4e89-a2b4-54f845d63fe5,IS300965,CID-332,3189c674-518e-4e89-a2b4-54f845d63fe5,2021-04-12,2021-05-12,299.99,26.25,326.24,Paid,SampleGen
INV-1e5828ff-e7dc-48e5-937f-85114cb6ed62,IS300966,CID-332,1e5828ff-e7dc-48e5-937f-85114cb6ed62,2022-12-19,2023-01-18,2539.94,222.25,2762.19,Paid,SampleGen
INV-3e780ec5-2290-4e30-b54f-aa83e8e820f5,IS300967,CID-332,3e780ec5-2290-4e30-b54f-aa83e8e820f5,2025-06-23,2025-07-23,669.96,58.62,728.58,Paid,SampleGen
INV-d0ac9357-885a-4fc6-ba3a-eabd46ccf8c6,IS300968,CID-333,d0ac9357-885a-4fc6-ba3a-eabd46ccf8c6,2022-09-21,2022-10-21,1559.96,136.5,1696.46,Paid,SampleGen
INV-2ff66fb1-cd54-419f-8fc1-7c64995b3bb0,IS300969,CID-333,2ff66fb1-cd54-419f-8fc1-7c64995b3bb0,2024-05-15,2024-06-14,1299.98,113.75,1413.73,Paid,SampleGen
INV-c2d102d8-7c8d-41c5-b590-4d0aed32ec4f,IS300970,CID-334,c2d102d8-7c8d-41c5-b590-4d0aed32ec4f,2021-05-27,2021-06-26,2599.98,227.5,2827.48,Paid,SampleGen
INV-f90c9091-bb23-46c8-b652-d4aab6e02b7e,IS300971,CID-334,f90c9091-bb23-46c8-b652-d4aab6e02b7e,2026-03-09,2026-04-08,349.97,30.62,380.59,Paid,SampleGen
INV-407216c8-4f48-4b7b-8514-bf88e47a93df,IS300972,CID-335,407216c8-4f48-4b7b-8514-bf88e47a93df,2025-01-02,2025-02-01,2299.96,201.25,2501.21,Paid,SampleGen
INV-ef10a97c-c060-4bc1-9ef9-a1d5d68523b8,IS300973,CID-335,ef10a97c-c060-4bc1-9ef9-a1d5d68523b8,2023-05-19,2023-06-18,249.99,21.87,271.86,Paid,SampleGen
INV-92289ed1-c827-4e3d-8279-fd0edfd84d2a,IS300974,CID-335,92289ed1-c827-4e3d-8279-fd0edfd84d2a,2022-02-07,2022-03-09,2699.97,236.25,2936.22,Paid,SampleGen
INV-bfe27c85-9621-4fb9-a4e7-ce1030e0557c,IS300975,CID-335,bfe27c85-9621-4fb9-a4e7-ce1030e0557c,2026-07-02,2026-08-01,1079.93,94.49,1174.42,Paid,SampleGen
INV-0c59a33d-97df-400c-80ea-45a31155e2ce,IS300976,CID-335,0c59a33d-97df-400c-80ea-45a31155e2ce,2021-01-13,2021-02-12,1999.94,175.0,2174.94,Paid,SampleGen
INV-8c575283-f6e0-4d3e-a6ce-e980d3490c7c,IS300977,CID-336,8c575283-f6e0-4d3e-a6ce-e980d3490c7c,2026-12-22,2027-01-21,3649.94,319.37,3969.31,Paid,SampleGen
INV-d976729e-017c-46ae-8e31-21ab274e29b2,IS300978,CID-336,d976729e-017c-46ae-8e31-21ab274e29b2,2026-01-23,2026-02-22,899.98,78.75,978.73,Paid,SampleGen
INV-5d24d670-3a5c-4056-90af-71e2b766f527,IS300979,CID-337,5d24d670-3a5c-4056-90af-71e2b766f527,2021-07-04,2021-08-03,619.96,54.25,674.21,Paid,SampleGen
INV-c1baeb5d-7265-453b-bd1d-fcae4c385d7d,IS300980,CID-337,c1baeb5d-7265-453b-bd1d-fcae4c385d7d,2026-04-19,2026-05-19,399.97,35.0,434.97,Paid,SampleGen
INV-a919fb63-6376-41ce-9cee-f7e87e854d01,IS300981,CID-337,a919fb63-6376-41ce-9cee-f7e87e854d01,2025-08-30,2025-09-29,379.98,33.25,413.23,Paid,SampleGen
INV-c0a90932-3551-41af-b910-2d9c04814a56,IS300982,CID-338,c0a90932-3551-41af-b910-2d9c04814a56,2021-08-23,2021-09-22,2069.96,181.12,2251.08,Paid,SampleGen
INV-1810219b-f202-49f4-94e8-4e6ef7715233,IS300983,CID-338,1810219b-f202-49f4-94e8-4e6ef7715233,2025-06-08,2025-07-08,1669.93,146.12,1816.05,Paid,SampleGen
INV-31224b74-9208-4eb3-b27d-bd85b0d56f54,IS300984,CID-338,31224b74-9208-4eb3-b27d-bd85b0d56f54,2022-06-11,2022-07-11,2339.95,204.75,2544.7,Paid,SampleGen
INV-c0890fda-8d69-4e1d-a818-81bb43f4cbb3,IS300985,CID-339,c0890fda-8d69-4e1d-a818-81bb43f4cbb3,2025-10-08,2025-11-07,1299.99,113.75,1413.74,Paid,SampleGen
INV-20437609-a850-4dab-883a-ee7dace8dacc,IS300986,CID-339,20437609-a850-4dab-883a-ee7dace8dacc,2022-10-04,2022-11-03,499.98,43.75,543.73,Paid,SampleGen
INV-357ca5a0-6973-4e7d-af11-72b3439e6e10,IS300987,CID-339,357ca5a0-6973-4e7d-af11-72b3439e6e10,2026-05-01,2026-05-31,1279.95,112.0,1391.95,Paid,SampleGen
INV-6f618f2f-2eb2-4d27-b387-19557d739bfc,IS300988,CID-340,6f618f2f-2eb2-4d27-b387-19557d739bfc,2023-10-13,2023-11-12,4239.93,371.0,4610.93,Paid,SampleGen
INV-268cffee-d6a4-4fde-9865-469ad4cf16de,IS300989,CID-340,268cffee-d6a4-4fde-9865-469ad4cf16de,2026-02-09,2026-03-11,2819.94,246.75,3066.69,Paid,SampleGen
INV-d8c5029a-de50-4ce1-9daf-388f7f9e7914,IS300990,CID-341,d8c5029a-de50-4ce1-9daf-388f7f9e7914,2026-09-19,2026-10-19,2599.98,227.5,2827.48,Paid,SampleGen
INV-eef018b9-c617-4acb-baa6-3b389728ce6b,IS300991,CID-341,eef018b9-c617-4acb-baa6-3b389728ce6b,2023-06-12,2023-07-12,1109.96,97.12,1207.08,Paid,SampleGen
INV-ce8ee27a-91b7-4ef1-af37-16455a3be5ce,IS300992,CID-341,ce8ee27a-91b7-4ef1-af37-16455a3be5ce,2024-04-04,2024-05-04,899.99,78.75,978.74,Paid,SampleGen
INV-a39bd556-72ea-45d7-939e-7b3765e66ab3,IS300993,CID-341,a39bd556-72ea-45d7-939e-7b3765e66ab3,2025-01-12,2025-02-11,1749.95,153.12,1903.07,Paid,SampleGen
INV-d6a90891-fdf4-4e84-8ac5-11b2c019ee09,IS300994,CID-341,d6a90891-fdf4-4e84-8ac5-11b2c019ee09,2026-08-25,2026-09-24,1854.95,162.31,2017.26,Paid,SampleGen
INV-0ca239fa-9ac3-462a-81a4-27bc086f4646,IS300995,CID-342,0ca239fa-9ac3-462a-81a4-27bc086f4646,2023-11-23,2023-12-23,379.98,33.25,413.23,Paid,SampleGen
INV-c65f5a7c-47b6-4724-ba32-3645f69597cb,IS300996,CID-343,c65f5a7c-47b6-4724-ba32-3645f69597cb,2023-07-24,2023-08-23,319.96,28.0,347.96,Paid,SampleGen
INV-e4bcdd2e-241a-4c73-9e1c-9b7d55f1c09b,IS300997,CID-344,e4bcdd2e-241a-4c73-9e1c-9b7d55f1c09b,2026-12-31,2027-01-30,1419.96,124.25,1544.21,Paid,SampleGen
INV-3b223f2d-6502-42db-8440-267d33a6b2bd,IS300998,CID-345,3b223f2d-6502-42db-8440-267d33a6b2bd,2021-07-30,2021-08-29,2179.93,190.74,2370.67,Paid,SampleGen
INV-4bc099f7-59ca-4572-8d62-fbbe7f17e6f1,IS300999,CID-345,4bc099f7-59ca-4572-8d62-fbbe7f17e6f1,2026-05-11,2026-06-10,1449.94,126.87,1576.81,Paid,SampleGen
INV-b1ab0885-80f7-4e63-9084-36f792a8b1b6,IS301000,CID-346,b1ab0885-80f7-4e63-9084-36f792a8b1b6,2025-10-20,2025-11-19,149.99,13.12,163.11,Paid,SampleGen
INV-20a69698-e1b2-45d6-84de-d1bd550d1282,IS301001,CID-346,20a69698-e1b2-45d6-84de-d1bd550d1282,2022-03-15,2022-04-14,349.99,30.62,380.61,Paid,SampleGen
INV-155071bd-0ec0-4c20-8ff6-eff97e3d6aa1,IS301002,CID-346,155071bd-0ec0-4c20-8ff6-eff97e3d6aa1,2025-06-18,2025-07-18,579.95,50.75,630.7,Paid,SampleGen
INV-542ea36b-0e37-4c33-83de-05501cf5da70,IS301003,CID-347,542ea36b-0e37-4c33-83de-05501cf5da70,2021-12-31,2022-01-30,1259.95,110.25,1370.2,Paid,SampleGen
INV-2e77b67c-7acf-4695-83e9-48b55265431c,IS301004,CID-348,2e77b67c-7acf-4695-83e9-48b55265431c,2026-10-23,2026-11-22,499.98,43.75,543.73,Paid,SampleGen
INV-4132fa5d-f850-49b6-9919-9545f3028ee0,IS301005,CID-348,4132fa5d-f850-49b6-9919-9545f3028ee0,2024-08-12,2024-09-11,379.98,33.25,413.23,Paid,SampleGen
INV-230cfbf5-62b3-4c1d-8533-fdd9dec1288d,IS301006,CID-348,230cfbf5-62b3-4c1d-8533-fdd9dec1288d,2025-02-06,2025-03-08,2259.96,197.75,2457.71,Paid,SampleGen
INV-7c2abd21-a66e-4fbc-a885-b9e89f0c3834,IS301007,CID-349,7c2abd21-a66e-4fbc-a885-b9e89f0c3834,2025-10-13,2025-11-12,519.97,45.5,565.47,Paid,SampleGen
INV-7509f217-6527-41ef-89ba-1702875c4eb9,IS301008,CID-349,7509f217-6527-41ef-89ba-1702875c4eb9,2025-08-17,2025-09-16,159.98,14.0,173.98,Paid,SampleGen
INV-6b23a070-8e56-4939-9bb6-653fb9aa3e8f,IS301009,CID-350,6b23a070-8e56-4939-9bb6-653fb9aa3e8f,2021-06-20,2021-07-20,1539.95,134.75,1674.7,Paid,SampleGen
INV-35b42dc3-65c1-424d-b69a-66c6d7ead837,IS301010,CID-350,35b42dc3-65c1-424d-b69a-66c6d7ead837,2025-08-21,2025-09-20,1304.96,114.18,1419.14,Paid,SampleGen
INV-f7a187e0-fb02-4adf-8460-37ef89ed2c15,IS301011,CID-351,f7a187e0-fb02-4adf-8460-37ef89ed2c15,2025-11-15,2025-12-15,1469.95,128.62,1598.57,Paid,SampleGen
INV-e461b698-0fd9-4f01-aa43-87e4d95fc9f1,IS301012,CID-352,e461b698-0fd9-4f01-aa43-87e4d95fc9f1,2022-05-26,2022-06-25,1489.97,130.37,1620.34,Paid,SampleGen
INV-504f8e6f-9646-45ee-9562-79ae0829a627,IS301013,CID-352,504f8e6f-9646-45ee-9562-79ae0829a627,2021-09-21,2021-10-21,1879.97,164.5,2044.47,Paid,SampleGen
INV-f4855741-02c2-4f68-8f12-4fefc3833cf7,IS301014,CID-352,f4855741-02c2-4f68-8f12-4fefc3833cf7,2025-07-22,2025-08-21,239.97,21.0,260.97,Paid,SampleGen
INV-ecfaf936-e905-48e0-928c-72aae6b7ca32,IS301015,CID-353,ecfaf936-e905-48e0-928c-72aae6b7ca32,2022-01-03,2022-02-02,1399.97,122.5,1522.47,Paid,SampleGen
INV-9c3c4137-a61d-4fcf-a36d-2c1a1cd73924,IS301016,CID-353,9c3c4137-a61d-4fcf-a36d-2c1a1cd73924,2025-06-21,2025-07-21,959.97,84.0,1043.97,Paid,SampleGen
INV-18ee85cc-3fe3-4196-abf3-636e3362de53,IS301017,CID-353,18ee85cc-3fe3-4196-abf3-636e3362de53,2021-08-01,2021-08-31,2249.96,196.87,2446.83,Paid,SampleGen
INV-816e23ed-6fe4-4341-963e-7c145c879633,IS301018,CID-353,816e23ed-6fe4-4341-963e-7c145c879633,2022-04-23,2022-05-23,739.97,64.75,804.72,Paid,SampleGen
INV-1ddef194-6709-40aa-b4d7-72a1b6394fc7,IS301019,CID-354,1ddef194-6709-40aa-b4d7-72a1b6394fc7,2021-07-22,2021-08-21,559.98,49.0,608.98,Paid,SampleGen
INV-61dd1f29-848f-403a-8e16-7314b79fe2be,IS301020,CID-354,61dd1f29-848f-403a-8e16-7314b79fe2be,2025-12-10,2026-01-09,459.97,40.25,500.22,Paid,SampleGen
INV-9cc4cb57-5c78-4c5f-b09a-03cadb78447f,IS301021,CID-355,9cc4cb57-5c78-4c5f-b09a-03cadb78447f,2023-03-06,2023-04-05,1169.95,102.37,1272.32,Paid,SampleGen
INV-43fd2412-38f3-4361-be6b-9d877377b4bb,IS301022,CID-355,43fd2412-38f3-4361-be6b-9d877377b4bb,2024-10-30,2024-11-29,989.97,86.62,1076.59,Paid,SampleGen
INV-249a7b28-3275-459c-8239-f72f3b9e3ba4,IS301023,CID-356,249a7b28-3275-459c-8239-f72f3b9e3ba4,2022-11-10,2022-12-10,149.99,13.12,163.11,Paid,SampleGen
INV-d12536f0-3aa5-475a-91f6-dc72f1b783c5,IS301024,CID-356,d12536f0-3aa5-475a-91f6-dc72f1b783c5,2022-03-15,2022-04-14,1639.94,143.5,1783.44,Paid,SampleGen
INV-889593eb-9257-42a1-8263-39a84980dbca,IS301025,CID-356,889593eb-9257-42a1-8263-39a84980dbca,2025-04-02,2025-05-02,1179.97,103.25,1283.22,Paid,SampleGen
INV-d11a8402-4f64-40c5-99f1-0e37f9f5a53a,IS301026,CID-356,d11a8402-4f64-40c5-99f1-0e37f9f5a53a,2021-05-16,2021-06-15,1609.97,140.87,1750.84,Paid,SampleGen
INV-ace470d3-af62-4e30-9837-4fea910e3094,IS301027,CID-356,ace470d3-af62-4e30-9837-4fea910e3094,2025-04-07,2025-05-07,159.99,14.0,173.99,Paid,SampleGen
INV-ae52b8a6-406e-428e-ae88-771642cc2974,IS301028,CID-356,ae52b8a6-406e-428e-ae88-771642cc2974,2023-10-16,2023-11-15,1819.92,159.25,1979.17,Paid,SampleGen
INV-700e91f4-20dd-4142-8c42-a0cb5e76b611,IS301029,CID-356,700e91f4-20dd-4142-8c42-a0cb5e76b611,2025-08-06,2025-09-05,2369.96,207.37,2577.33,Paid,SampleGen
INV-692b5d83-4469-4cab-9ed7-74bc7b1daa02,IS301030,CID-357,692b5d83-4469-4cab-9ed7-74bc7b1daa02,2026-07-31,2026-08-30,1179.97,103.25,1283.22,Paid,SampleGen
INV-4ef62c93-67bd-4bcc-9b3d-06543085e701,IS301031,CID-357,4ef62c93-67bd-4bcc-9b3d-06543085e701,2025-02-15,2025-03-17,1189.96,104.12,1294.08,Paid,SampleGen
INV-132d543c-31bb-48b3-a549-6d5d34d67e52,IS301032,CID-357,132d543c-31bb-48b3-a549-6d5d34d67e52,2023-03-21,2023-04-20,689.95,60.37,750.32,Paid,SampleGen
INV-a1d137fd-930d-43da-99e7-28d59862a0d7,IS301033,CID-357,a1d137fd-930d-43da-99e7-28d59862a0d7,2021-04-15,2021-05-15,599.98,52.5,652.48,Paid,SampleGen
INV-e618cbb2-ae74-4f79-b198-430930ef1be6,IS301034,CID-357,e618cbb2-ae74-4f79-b198-430930ef1be6,2023-09-30,2023-10-30,1999.96,174.99,2174.95,Paid,SampleGen
INV-c6e53457-fedb-4979-a39f-633d7d8b8e62,IS301035,CID-357,c6e53457-fedb-4979-a39f-633d7d8b8e62,2023-12-03,2024-01-02,5059.93,442.75,5502.68,Paid,SampleGen
INV-3b7a017b-dc8a-41da-8eb6-d13c958d5ced,IS301036,CID-358,3b7a017b-dc8a-41da-8eb6-d13c958d5ced,2022-05-07,2022-06-06,1599.96,140.0,1739.96,Paid,SampleGen
INV-c47e644c-4539-4504-a930-07caa8e0e417,IS301037,CID-359,c47e644c-4539-4504-a930-07caa8e0e417,2025-07-12,2025-08-11,1729.96,151.37,1881.33,Paid,SampleGen
INV-c04dc6ae-4a18-4585-8685-44e44bff51c0,IS301038,CID-359,c04dc6ae-4a18-4585-8685-44e44bff51c0,2021-08-11,2021-09-10,649.96,56.87,706.83,Paid,SampleGen
INV-0565f185-04a7-422b-9b69-a4f2da3138be,IS301039,CID-360,0565f185-04a7-422b-9b69-a4f2da3138be,2025-12-30,2026-01-29,2599.96,227.5,2827.46,Paid,SampleGen
INV-a53f9bfe-4596-4d38-9c57-fdd77867d4b9,IS301040,CID-360,a53f9bfe-4596-4d38-9c57-fdd77867d4b9,2023-10-22,2023-11-21,2859.94,250.25,3110.19,Paid,SampleGen
INV-bc4f55e1-df64-4c88-8cd9-0a4852726253,IS301041,CID-360,bc4f55e1-df64-4c88-8cd9-0a4852726253,2023-06-28,2023-07-28,189.99,16.62,206.61,Paid,SampleGen
INV-68f09842-97cc-4a5e-aeec-79f542206046,IS301042,CID-360,68f09842-97cc-4a5e-aeec-79f542206046,2022-06-05,2022-07-05,349.95,30.62,380.57,Paid,SampleGen
INV-9a09b3c7-bdbb-42d7-8a75-2e44eea97844,IS301043,CID-361,9a09b3c7-bdbb-42d7-8a75-2e44eea97844,2022-04-18,2022-05-18,1149.97,100.62,1250.59,Paid,SampleGen
INV-1855169c-536e-4ad4-95ba-d9e79587817e,IS301044,CID-361,1855169c-536e-4ad4-95ba-d9e79587817e,2026-01-10,2026-02-09,449.94,39.37,489.31,Paid,SampleGen
INV-b48e22c1-c3a1-4350-a227-72ab086b31c2,IS301045,CID-362,b48e22c1-c3a1-4350-a227-72ab086b31c2,2026-10-21,2026-11-20,949.97,83.12,1033.09,Paid,SampleGen
INV-0f4fabf6-69d5-4cb3-91c1-0e634cd8b3bb,IS301046,CID-363,0f4fabf6-69d5-4cb3-91c1-0e634cd8b3bb,2021-01-19,2021-02-18,2599.95,227.5,2827.45,Paid,SampleGen
INV-518db30c-ce1a-41ee-b0ff-482fdd7d14c3,IS301047,CID-364,518db30c-ce1a-41ee-b0ff-482fdd7d14c3,2022-02-13,2022-03-15,1349.98,118.12,1468.1,Paid,SampleGen
INV-763c874a-8aa3-4193-b84d-898139aed024,IS301048,CID-364,763c874a-8aa3-4193-b84d-898139aed024,2021-07-25,2021-08-24,1489.97,130.37,1620.34,Paid,SampleGen
INV-3860fda8-b87d-4216-8fde-7aa8204f1166,IS301049,CID-364,3860fda8-b87d-4216-8fde-7aa8204f1166,2026-09-17,2026-10-17,2149.96,188.12,2338.08,Paid,SampleGen
INV-65c1e85f-9220-4e31-8603-df96b6dcaf4e,IS301050,CID-364,65c1e85f-9220-4e31-8603-df96b6dcaf4e,2022-04-23,2022-05-23,599.98,52.5,652.48,Paid,SampleGen
INV-5ec72ec0-1db0-45a3-a82d-55cb934d4bf7,IS301051,CID-365,5ec72ec0-1db0-45a3-a82d-55cb934d4bf7,2023-03-21,2023-04-20,1299.98,113.75,1413.73,Paid,SampleGen
INV-e0da704a-9be1-4dc0-a963-980a71f3937f,IS301052,CID-366,e0da704a-9be1-4dc0-a963-980a71f3937f,2025-04-26,2025-05-26,789.97,69.12,859.09,Paid,SampleGen
INV-208cfef0-cada-4866-9087-be84d63b8e2a,IS301053,CID-367,208cfef0-cada-4866-9087-be84d63b8e2a,2025-06-28,2025-07-28,249.99,21.87,271.86,Paid,SampleGen
INV-a781c507-d5c0-4536-ac74-c86429d7269f,IS301054,CID-368,a781c507-d5c0-4536-ac74-c86429d7269f,2024-09-04,2024-10-04,1359.95,119.0,1478.95,Paid,SampleGen
INV-c8e189e9-fe23-4433-bcf1-53c507b55d32,IS301055,CID-369,c8e189e9-fe23-4433-bcf1-53c507b55d32,2021-12-09,2022-01-08,1199.96,104.99,1304.95,Paid,SampleGen
INV-eb995012-9390-45d4-9c5f-0de3daa09cb4,IS301056,CID-369,eb995012-9390-45d4-9c5f-0de3daa09cb4,2026-05-01,2026-05-31,809.94,70.87,880.81,Paid,SampleGen
INV-94224c20-47de-43f0-88d1-f6b9d360cf8c,IS301057,CID-370,94224c20-47de-43f0-88d1-f6b9d360cf8c,2024-11-26,2024-12-26,2049.97,179.37,2229.34,Paid,SampleGen
INV-d8a975bd-4920-4675-8e63-9adba1a36fda,IS301058,CID-370,d8a975bd-4920-4675-8e63-9adba1a36fda,2023-09-25,2023-10-25,349.99,30.62,380.61,Paid,SampleGen
INV-fb01c639-8c12-40e1-9754-2e764e635788,IS301059,CID-371,fb01c639-8c12-40e1-9754-2e764e635788,2025-11-08,2025-12-08,4049.94,354.37,4404.31,Paid,SampleGen
INV-14f9411d-2b81-4bb8-8666-357427d6ddb7,IS301060,CID-371,14f9411d-2b81-4bb8-8666-357427d6ddb7,2022-11-05,2022-12-05,1729.96,151.37,1881.33,Paid,SampleGen
INV-f04ac612-6656-4ac3-8611-5b66b04c2fcc,IS301061,CID-372,f04ac612-6656-4ac3-8611-5b66b04c2fcc,2025-03-02,2025-04-01,379.98,33.25,413.23,Paid,SampleGen
INV-9b2c7843-fea7-4759-bc8c-b0e5b5220521,IS301062,CID-372,9b2c7843-fea7-4759-bc8c-b0e5b5220521,2023-11-06,2023-12-06,1049.98,91.87,1141.85,Paid,SampleGen
INV-f31be598-82a8-4bfc-aabd-308142c1182d,IS301063,CID-373,f31be598-82a8-4bfc-aabd-308142c1182d,2022-01-10,2022-02-09,2599.95,227.5,2827.45,Paid,SampleGen
INV-cc4a7a16-b27a-436d-8680-291ea72d17c8,IS301064,CID-373,cc4a7a16-b27a-436d-8680-291ea72d17c8,2022-03-05,2022-04-04,2299.94,201.25,2501.19,Paid,SampleGen
INV-126bb8d0-ccac-468c-a831-81b7933bc461,IS301065,CID-374,126bb8d0-ccac-468c-a831-81b7933bc461,2023-06-08,2023-07-08,819.96,71.74,891.7,Paid,SampleGen
INV-600ec68f-51eb-4d5e-aba8-c0f37d6fbe43,IS301066,CID-374,600ec68f-51eb-4d5e-aba8-c0f37d6fbe43,2026-04-28,2026-05-28,499.98,43.75,543.73,Paid,SampleGen
INV-0c9754c2-e08c-4f70-8ff4-38b1457956a3,IS301067,CID-374,0c9754c2-e08c-4f70-8ff4-38b1457956a3,2021-01-27,2021-02-26,5949.94,520.62,6470.56,Paid,SampleGen
INV-852e00a1-3cee-43b1-a2c7-1291df4bb9f2,IS301068,CID-374,852e00a1-3cee-43b1-a2c7-1291df4bb9f2,2024-11-07,2024-12-07,1299.99,113.75,1413.74,Paid,SampleGen
INV-790130f7-bee7-4e95-a1d9-b8efc3f63729,IS301069,CID-375,790130f7-bee7-4e95-a1d9-b8efc3f63729,2023-03-25,2023-04-24,1039.94,91.0,1130.94,Paid,SampleGen
INV-44e89444-a43b-41cf-9cae-f5180d594c44,IS301070,CID-376,44e89444-a43b-41cf-9cae-f5180d594c44,2022-09-26,2022-10-26,2579.95,225.75,2805.7,Paid,SampleGen
INV-4034e275-dbd9-497f-8528-4cd3c7ff7fe0,IS301071,CID-377,4034e275-dbd9-497f-8528-4cd3c7ff7fe0,2023-03-25,2023-04-24,1699.94,148.74,1848.68,Paid,SampleGen
INV-0a23b6c6-0619-4eaf-aa8a-95bccd206ff8,IS301072,CID-377,0a23b6c6-0619-4eaf-aa8a-95bccd206ff8,2024-07-04,2024-08-03,239.98,21.0,260.98,Paid,SampleGen
INV-e93f99e1-1a04-4ad8-b479-154906e875d3,IS301073,CID-377,e93f99e1-1a04-4ad8-b479-154906e875d3,2023-03-21,2023-04-20,2979.93,260.75,3240.68,Paid,SampleGen
INV-f25d9a9d-cf60-450a-9fc5-576bd7de4d80,IS301074,CID-377,f25d9a9d-cf60-450a-9fc5-576bd7de4d80,2022-05-29,2022-06-28,1779.95,155.74,1935.69,Paid,SampleGen
INV-2b1a9953-110e-4440-9783-935afac6ffcd,IS301075,CID-377,2b1a9953-110e-4440-9783-935afac6ffcd,2023-05-26,2023-06-25,2499.94,218.75,2718.69,Paid,SampleGen
INV-f2be1ba3-f9c0-4c48-91eb-5efed1b08cc5,IS301076,CID-378,f2be1ba3-f9c0-4c48-91eb-5efed1b08cc5,2026-02-15,2026-03-17,3039.94,266.0,3305.94,Paid,SampleGen
INV-05732e20-ba1d-4585-ae35-5245835c9920,IS301077,CID-378,05732e20-ba1d-4585-ae35-5245835c9920,2026-08-30,2026-09-29,849.97,74.37,924.34,Paid,SampleGen
INV-f163f3fa-4979-4a99-821f-d55340589656,IS301078,CID-379,f163f3fa-4979-4a99-821f-d55340589656,2025-03-06,2025-04-05,1459.96,127.75,1587.71,Paid,SampleGen
INV-87a93219-d501-46c2-876d-e0aaf2267cf1,IS301079,CID-379,87a93219-d501-46c2-876d-e0aaf2267cf1,2026-03-08,2026-04-07,2959.92,259.0,3218.92,Paid,SampleGen
INV-a5ad8300-aebf-420e-a9f7-1baec06d17a3,IS301080,CID-379,a5ad8300-aebf-420e-a9f7-1baec06d17a3,2023-02-21,2023-03-23,899.99,78.75,978.74,Paid,SampleGen
INV-ea97e48c-2b93-4de4-86c6-51f6220db9f0,IS301081,CID-379,ea97e48c-2b93-4de4-86c6-51f6220db9f0,2022-05-28,2022-06-27,1364.96,119.43,1484.39,Paid,SampleGen
INV-f30a1828-5a30-4d85-9aa2-d97d05deb766,IS301082,CID-379,f30a1828-5a30-4d85-9aa2-d97d05deb766,2024-03-08,2024-04-07,679.97,59.5,739.47,Paid,SampleGen
INV-d7ada9af-93fc-432e-89e9-ff8339b4157e,IS301083,CID-380,d7ada9af-93fc-432e-89e9-ff8339b4157e,2026-10-30,2026-11-29,3279.95,287.0,3566.95,Paid,SampleGen
INV-d9a79019-51c6-4597-b356-44e15b71e97b,IS301084,CID-380,d9a79019-51c6-4597-b356-44e15b71e97b,2021-05-11,2021-06-10,1039.97,90.99,1130.96,Paid,SampleGen
INV-f056ecfc-3e66-4eb8-8612-14713e3948c3,IS301085,CID-381,f056ecfc-3e66-4eb8-8612-14713e3948c3,2022-04-06,2022-05-06,549.99,48.12,598.11,Paid,SampleGen
INV-14b02bb1-68ca-4704-bce5-eb69cee96c2e,IS301086,CID-381,14b02bb1-68ca-4704-bce5-eb69cee96c2e,2023-09-22,2023-10-22,569.97,49.87,619.84,Paid,SampleGen
INV-45fdfb6a-b4ee-44bd-ba59-5b1eb3a92317,IS301087,CID-382,45fdfb6a-b4ee-44bd-ba59-5b1eb3a92317,2021-09-19,2021-10-19,3099.97,271.25,3371.22,Paid,SampleGen
INV-ec51450a-58a5-42b6-8dd7-b202e17c136f,IS301088,CID-382,ec51450a-58a5-42b6-8dd7-b202e17c136f,2021-05-19,2021-06-18,2159.93,189.0,2348.93,Paid,SampleGen
INV-d6e07ba8-7a3f-4a1b-aceb-f3fb0bb6aedf,IS301089,CID-383,d6e07ba8-7a3f-4a1b-aceb-f3fb0bb6aedf,2025-04-04,2025-05-04,1369.96,119.87,1489.83,Paid,SampleGen
INV-2ebe9d03-1462-4812-b4d2-4de2bd2df108,IS301090,CID-384,2ebe9d03-1462-4812-b4d2-4de2bd2df108,2023-04-15,2023-05-15,1159.93,101.5,1261.43,Paid,SampleGen
INV-c0acbbe0-f2d9-4eb1-9ff3-ccc587544526,IS301091,CID-384,c0acbbe0-f2d9-4eb1-9ff3-ccc587544526,2021-07-14,2021-08-13,359.97,31.5,391.47,Paid,SampleGen
INV-c1b24e2f-49e9-4d9c-acfe-53a8a80683e4,IS301092,CID-384,c1b24e2f-49e9-4d9c-acfe-53a8a80683e4,2024-12-20,2025-01-19,129.99,11.37,141.36,Paid,SampleGen
INV-64d942c6-d52a-492f-995c-1752a057a3c3,IS301093,CID-385,64d942c6-d52a-492f-995c-1752a057a3c3,2025-04-01,2025-05-01,1759.95,154.0,1913.95,Paid,SampleGen
INV-b6e4fc8d-cd0d-4efa-a79d-a306eefbb9c6,IS301094,CID-385,b6e4fc8d-cd0d-4efa-a79d-a306eefbb9c6,2025-09-21,2025-10-21,189.99,16.62,206.61,Paid,SampleGen
INV-6c676ad5-5d2a-487c-9e0f-275f37307b56,IS301095,CID-385,6c676ad5-5d2a-487c-9e0f-275f37307b56,2026-08-05,2026-09-04,759.96,66.5,826.46,Paid,SampleGen
INV-3e93d91b-bb53-4572-bbc3-533440101d90,IS301096,CID-385,3e93d91b-bb53-4572-bbc3-533440101d90,2024-02-07,2024-03-08,4679.93,409.5,5089.43,Paid,SampleGen
INV-c9045052-4b9f-46f2-8e42-11a99dd70ce8,IS301097,CID-385,c9045052-4b9f-46f2-8e42-11a99dd70ce8,2021-04-18,2021-05-18,1449.97,126.87,1576.84,Paid,SampleGen
INV-a7fd3099-453a-4232-8ab5-926a5b1f2ba7,IS301098,CID-385,a7fd3099-453a-4232-8ab5-926a5b1f2ba7,2021-06-19,2021-07-19,3129.93,273.87,3403.8,Paid,SampleGen
INV-276ca062-1730-4446-bee7-9583152de59e,IS301099,CID-385,276ca062-1730-4446-bee7-9583152de59e,2021-01-28,2021-02-27,1859.96,162.75,2022.71,Paid,SampleGen
INV-db448e31-4067-4e97-a341-439528218729,IS301100,CID-385,db448e31-4067-4e97-a341-439528218729,2024-05-07,2024-06-06,1989.93,174.12,2164.05,Paid,SampleGen
INV-393de736-f30d-4191-aec4-2eb65e34da4e,IS301101,CID-385,393de736-f30d-4191-aec4-2eb65e34da4e,2024-07-17,2024-08-16,349.97,30.62,380.59,Paid,SampleGen
INV-80e58b7b-7d7c-40bd-9140-ada9ee6d2fe8,IS301102,CID-386,80e58b7b-7d7c-40bd-9140-ada9ee6d2fe8,2023-01-24,2023-02-23,1699.98,148.75,1848.73,Paid,SampleGen
INV-7ca56215-8749-49c1-b1f2-84ae330ef3de,IS301103,CID-386,7ca56215-8749-49c1-b1f2-84ae330ef3de,2024-06-01,2024-07-01,1399.95,122.5,1522.45,Paid,SampleGen
INV-77188111-ec1c-4379-91c2-a1533220ec15,IS301104,CID-386,77188111-ec1c-4379-91c2-a1533220ec15,2026-08-04,2026-09-03,679.94,59.5,739.44,Paid,SampleGen
INV-a415f075-5fed-445a-b1b5-1d438a4f91b6,IS301105,CID-386,a415f075-5fed-445a-b1b5-1d438a4f91b6,2023-11-27,2023-12-27,569.97,49.87,619.84,Paid,SampleGen
INV-c4a03f53-142c-4867-813b-327662d8dcc0,IS301106,CID-386,c4a03f53-142c-4867-813b-327662d8dcc0,2023-05-06,2023-06-05,309.98,27.12,337.1,Paid,SampleGen
INV-781dffa0-a997-47f9-aeda-e54cad6bd310,IS301107,CID-387,781dffa0-a997-47f9-aeda-e54cad6bd310,2026-03-12,2026-04-11,529.96,46.37,576.33,Paid,SampleGen
INV-9d7a0d86-dafb-45ae-bb2d-f5baf6d84bab,IS301108,CID-387,9d7a0d86-dafb-45ae-bb2d-f5baf6d84bab,2023-04-01,2023-05-01,3699.96,323.75,4023.71,Paid,SampleGen
INV-c6781fe1-9f1f-41b5-a768-a71285a515ca,IS301109,CID-388,c6781fe1-9f1f-41b5-a768-a71285a515ca,2022-04-29,2022-05-29,3349.95,293.11,3643.06,Paid,SampleGen
INV-ee95adfd-105d-4c4b-abc6-bfd9e6456f9d,IS301110,CID-388,ee95adfd-105d-4c4b-abc6-bfd9e6456f9d,2025-11-06,2025-12-06,979.98,85.75,1065.73,Paid,SampleGen
INV-5918256e-29f0-4225-87cc-088a5a8983ca,IS301111,CID-389,5918256e-29f0-4225-87cc-088a5a8983ca,2026-02-09,2026-03-11,2599.98,227.5,2827.48,Paid,SampleGen
INV-4822a5ac-65ac-4c00-9570-46c6cc346386,IS301112,CID-389,4822a5ac-65ac-4c00-9570-46c6cc346386,2026-03-30,2026-04-29,599.97,52.49,652.46,Paid,SampleGen
INV-9c43ee6d-3d88-4603-a390-52127af17129,IS301113,CID-389,9c43ee6d-3d88-4603-a390-52127af17129,2026-12-27,2027-01-26,1749.98,153.12,1903.1,Paid,SampleGen
INV-05ab1f1f-ef2b-427f-af0d-25b14bed73b7,IS301114,CID-389,05ab1f1f-ef2b-427f-af0d-25b14bed73b7,2021-01-18,2021-02-17,1799.94,157.49,1957.43,Paid,SampleGen
INV-df17d1d6-6a65-49b7-a502-306db8a03554,IS301115,CID-389,df17d1d6-6a65-49b7-a502-306db8a03554,2024-11-11,2024-12-11,349.99,30.62,380.61,Paid,SampleGen
INV-72f156dd-013c-428c-b944-8b26fce5f9c6,IS301116,CID-390,72f156dd-013c-428c-b944-8b26fce5f9c6,2021-08-08,2021-09-07,619.96,54.25,674.21,Paid,SampleGen
INV-eb4725b7-a32a-4fb3-8085-3611a011fd8a,IS301117,CID-390,eb4725b7-a32a-4fb3-8085-3611a011fd8a,2021-07-01,2021-07-31,499.97,43.75,543.72,Paid,SampleGen
INV-0283074d-e1b4-4ddd-a947-9cd4ce80c1b1,IS301118,CID-390,0283074d-e1b4-4ddd-a947-9cd4ce80c1b1,2021-04-28,2021-05-28,59.99,5.25,65.24,Paid,SampleGen
INV-ddb372e9-9d8e-4c77-8ee4-39517a933917,IS301119,CID-390,ddb372e9-9d8e-4c77-8ee4-39517a933917,2024-06-15,2024-07-15,379.96,33.25,413.21,Paid,SampleGen
INV-41172055-224a-466e-8ec8-03a7453324b6,IS301120,CID-390,41172055-224a-466e-8ec8-03a7453324b6,2024-04-03,2024-05-03,1239.96,108.49,1348.45,Paid,SampleGen
INV-dc9a4376-f183-45be-8df9-fc13076c5318,IS301121,CID-391,dc9a4376-f183-45be-8df9-fc13076c5318,2026-03-13,2026-04-12,1179.95,103.25,1283.2,Paid,SampleGen
INV-6a25266e-a150-4a9a-b3f0-d1c856c7c326,IS301122,CID-391,6a25266e-a150-4a9a-b3f0-d1c856c7c326,2026-07-26,2026-08-25,1839.94,161.0,2000.94,Paid,SampleGen
INV-35f414fa-14bc-407a-9f19-c84d78cc290e,IS301123,CID-392,35f414fa-14bc-407a-9f19-c84d78cc290e,2026-03-07,2026-04-06,1729.95,151.37,1881.32,Paid,SampleGen
INV-72bc206c-8bc1-4047-9b80-b55643a67fed,IS301124,CID-393,72bc206c-8bc1-4047-9b80-b55643a67fed,2026-06-16,2026-07-16,189.99,16.62,206.61,Paid,SampleGen
INV-2db25a9a-3340-42e6-b153-e78245d0d43b,IS301125,CID-393,2db25a9a-3340-42e6-b153-e78245d0d43b,2024-12-18,2025-01-17,599.98,52.5,652.48,Paid,SampleGen
INV-4728074a-f336-4cb7-8e3e-27411073f445,IS301126,CID-393,4728074a-f336-4cb7-8e3e-27411073f445,2026-04-05,2026-05-05,119.99,10.5,130.49,Paid,SampleGen
INV-6bb24286-759c-45ef-9d09-044518a601ee,IS301127,CID-393,6bb24286-759c-45ef-9d09-044518a601ee,2026-11-27,2026-12-27,119.98,10.5,130.48,Paid,SampleGen
INV-35a46863-742d-49fa-836f-6c05b2140abd,IS301128,CID-393,35a46863-742d-49fa-836f-6c05b2140abd,2025-03-08,2025-04-07,1159.98,101.5,1261.48,Paid,SampleGen
INV-45d76635-b84b-4075-96ed-40cd83d441b5,IS301129,CID-393,45d76635-b84b-4075-96ed-40cd83d441b5,2021-01-09,2021-02-08,2359.95,206.5,2566.45,Paid,SampleGen
INV-57a573a4-4733-4ba2-9e38-230be4169cfd,IS301130,CID-394,57a573a4-4733-4ba2-9e38-230be4169cfd,2022-08-18,2022-09-17,319.97,28.0,347.97,Paid,SampleGen
INV-efa791f9-f2c3-4162-979b-311fa5220edd,IS301131,CID-394,efa791f9-f2c3-4162-979b-311fa5220edd,2026-02-05,2026-03-07,1099.98,96.25,1196.23,Paid,SampleGen
INV-f0245be4-bd25-475d-9f09-011a727e9f1e,IS301132,CID-394,f0245be4-bd25-475d-9f09-011a727e9f1e,2024-02-13,2024-03-14,149.99,13.12,163.11,Paid,SampleGen
INV-65f8b976-1110-4d45-a5a8-f741506162fe,IS301133,CID-394,65f8b976-1110-4d45-a5a8-f741506162fe,2023-04-06,2023-05-06,159.98,14.0,173.98,Paid,SampleGen
INV-7794fb8f-6a79-427f-b57c-60a506ece6b1,IS301134,CID-395,7794fb8f-6a79-427f-b57c-60a506ece6b1,2021-10-15,2021-11-14,1299.98,113.75,1413.73,Paid,SampleGen
INV-203a2378-f3d5-4c67-93a7-a972babe14a2,IS301135,CID-395,203a2378-f3d5-4c67-93a7-a972babe14a2,2023-11-29,2023-12-29,1549.96,135.61,1685.57,Paid,SampleGen
INV-89c18d27-10d5-4bad-b240-9c22599764b1,IS301136,CID-396,89c18d27-10d5-4bad-b240-9c22599764b1,2021-11-16,2021-12-16,1759.93,154.0,1913.93,Paid,SampleGen
INV-97c6ec35-5946-43ce-a933-df10647df2fb,IS301137,CID-397,97c6ec35-5946-43ce-a933-df10647df2fb,2025-08-24,2025-09-23,889.97,77.87,967.84,Paid,SampleGen
INV-5102738a-5fa9-427d-b46d-a5b5edf4684d,IS301138,CID-397,5102738a-5fa9-427d-b46d-a5b5edf4684d,2026-08-11,2026-09-10,239.98,21.0,260.98,Paid,SampleGen
INV-6de22585-b433-44a3-b130-f987f47d1644,IS301139,CID-397,6de22585-b433-44a3-b130-f987f47d1644,2024-10-23,2024-11-22,979.98,85.75,1065.73,Paid,SampleGen
INV-2196845c-03f8-4062-a621-7862519b4871,IS301140,CID-397,2196845c-03f8-4062-a621-7862519b4871,2024-05-20,2024-06-19,2579.95,225.75,2805.7,Paid,SampleGen
INV-ea99218f-453f-4ec0-898c-54be30293c9a,IS301141,CID-397,ea99218f-453f-4ec0-898c-54be30293c9a,2026-01-25,2026-02-24,1849.95,161.87,2011.82,Paid,SampleGen
INV-f57cb5e3-a710-4fa2-abdd-494bd1fab15a,IS301142,CID-398,f57cb5e3-a710-4fa2-abdd-494bd1fab15a,2023-04-22,2023-05-22,1299.99,113.75,1413.74,Paid,SampleGen
INV-5347653e-8c5e-4d97-82ab-f745a725f9ee,IS301143,CID-398,5347653e-8c5e-4d97-82ab-f745a725f9ee,2026-08-01,2026-08-31,979.96,85.75,1065.71,Paid,SampleGen
INV-b692fe18-56aa-40ca-9312-51211b1f2fff,IS301144,CID-398,b692fe18-56aa-40ca-9312-51211b1f2fff,2023-12-07,2024-01-06,459.97,40.25,500.22,Paid,SampleGen
INV-19df81c5-4277-42e0-8585-d434774d86c3,IS301145,CID-399,19df81c5-4277-42e0-8585-d434774d86c3,2022-05-10,2022-06-09,1159.98,101.5,1261.48,Paid,SampleGen
INV-693d43b1-ee2a-48f4-a77a-8b55655c3000,IS301146,CID-399,693d43b1-ee2a-48f4-a77a-8b55655c3000,2026-06-04,2026-07-04,529.96,46.37,576.33,Paid,SampleGen
INV-216d5f84-285b-43de-908b-0b91414a1bb3,IS301147,CID-399,216d5f84-285b-43de-908b-0b91414a1bb3,2024-05-18,2024-06-17,579.99,50.75,630.74,Paid,SampleGen
INV-6d4c6f16-052a-464f-aca2-40e24385849b,IS301148,CID-399,6d4c6f16-052a-464f-aca2-40e24385849b,2021-01-09,2021-02-08,2599.98,227.5,2827.48,Paid,SampleGen
INV-b4be451c-57ac-47ac-b775-28a3b99a207e,IS301149,CID-400,b4be451c-57ac-47ac-b775-28a3b99a207e,2025-04-28,2025-05-28,999.96,87.5,1087.46,Paid,SampleGen
INV-b23c28d7-72e7-4bbb-9c1f-b91d37e446b9,IS301150,CID-400,b23c28d7-72e7-4bbb-9c1f-b91d37e446b9,2026-03-05,2026-04-04,279.97,24.5,304.47,Paid,SampleGen
INV-088d4194-b33e-4e84-b99e-c5e02c2ced02,IS301151,CID-400,088d4194-b33e-4e84-b99e-c5e02c2ced02,2023-07-29,2023-08-28,599.98,52.5,652.48,Paid,SampleGen
INV-681b8b21-1d13-4c04-87b5-26c69a1f1806,IS301152,CID-400,681b8b21-1d13-4c04-87b5-26c69a1f1806,2023-10-20,2023-11-19,799.98,69.99,869.97,Paid,SampleGen
INV-10bb5258-acc6-4d27-ac7f-5d20de63339d,IS301153,CID-400,10bb5258-acc6-4d27-ac7f-5d20de63339d,2023-06-01,2023-07-01,649.96,56.87,706.83,Paid,SampleGen
INV-0d43b240-49d0-485c-83db-db51e9f2cf74,IS301154,CID-401,0d43b240-49d0-485c-83db-db51e9f2cf74,2022-07-11,2022-08-10,429.97,37.62,467.59,Paid,SampleGen
INV-7257e25d-dfb8-4e52-be1b-3c4e34c25aba,IS301155,CID-402,7257e25d-dfb8-4e52-be1b-3c4e34c25aba,2022-05-18,2022-06-17,949.97,83.12,1033.09,Paid,SampleGen
INV-710b5697-024b-4e4a-9aa5-74c2a951cb04,IS301156,CID-402,710b5697-024b-4e4a-9aa5-74c2a951cb04,2023-12-21,2024-01-20,3529.94,308.87,3838.81,Paid,SampleGen
INV-247b7d43-9e75-4dd1-b1f1-34dde22c69fa,IS301157,CID-403,247b7d43-9e75-4dd1-b1f1-34dde22c69fa,2024-04-21,2024-05-21,2389.96,209.12,2599.08,Paid,SampleGen
INV-8eac06c6-13a9-4f51-8563-a42ef8fd604d,IS301158,CID-404,8eac06c6-13a9-4f51-8563-a42ef8fd604d,2022-10-17,2022-11-16,3739.93,327.25,4067.18,Paid,SampleGen
INV-761fe916-b08c-42fe-9062-10919364054b,IS301159,CID-404,761fe916-b08c-42fe-9062-10919364054b,2022-10-16,2022-11-15,1799.96,157.49,1957.45,Paid,SampleGen
INV-1b5f5539-55c6-4b57-a7cd-2d47edae9000,IS301160,CID-404,1b5f5539-55c6-4b57-a7cd-2d47edae9000,2024-03-16,2024-04-15,1089.97,95.37,1185.34,Paid,SampleGen
INV-1bbd6bac-cfc3-4073-b6c6-36930156a47b,IS301161,CID-405,1bbd6bac-cfc3-4073-b6c6-36930156a47b,2022-03-31,2022-04-30,559.96,49.0,608.96,Paid,SampleGen
INV-5112f21b-3461-4379-ae7e-e1362b11ce24,IS301162,CID-405,5112f21b-3461-4379-ae7e-e1362b11ce24,2025-10-28,2025-11-27,579.98,50.75,630.73,Paid,SampleGen
INV-ca512432-eddd-41a3-b4c0-f55cf0f41479,IS301163,CID-405,ca512432-eddd-41a3-b4c0-f55cf0f41479,2026-02-07,2026-03-09,3249.94,284.37,3534.31,Paid,SampleGen
INV-6499dd21-2033-492a-8506-2876ae601925,IS301164,CID-406,6499dd21-2033-492a-8506-2876ae601925,2025-03-14,2025-04-13,379.98,33.25,413.23,Paid,SampleGen
INV-4118ef01-0c21-485c-a8a1-c0fd5d5a5ad1,IS301165,CID-406,4118ef01-0c21-485c-a8a1-c0fd5d5a5ad1,2024-08-03,2024-09-02,1129.94,98.87,1228.81,Paid,SampleGen
INV-4ff22745-f45c-4026-8fd2-9ac6c6d582e8,IS301166,CID-406,4ff22745-f45c-4026-8fd2-9ac6c6d582e8,2026-12-02,2027-01-01,449.99,39.37,489.36,Paid,SampleGen
INV-ccd999e8-1219-4e7a-9ef7-8e154507f5c9,IS301167,CID-406,ccd999e8-1219-4e7a-9ef7-8e154507f5c9,2021-01-06,2021-02-05,949.97,83.12,1033.09,Paid,SampleGen
INV-dc0eb020-d491-45d4-87e3-61c8035ad033,IS301168,CID-406,dc0eb020-d491-45d4-87e3-61c8035ad033,2026-01-20,2026-02-19,1299.97,113.75,1413.72,Paid,SampleGen
INV-3da48e19-b10b-49fb-bf75-75c1a3aa0b6e,IS301169,CID-406,3da48e19-b10b-49fb-bf75-75c1a3aa0b6e,2026-05-21,2026-06-20,889.93,77.87,967.8,Paid,SampleGen
INV-dc5a833b-a141-4df8-b340-6bce4f55a9fc,IS301170,CID-407,dc5a833b-a141-4df8-b340-6bce4f55a9fc,2024-08-21,2024-09-20,329.97,28.87,358.84,Paid,SampleGen
INV-e1e5e7c1-17ef-4a70-b375-a6bfbebfec28,IS301171,CID-407,e1e5e7c1-17ef-4a70-b375-a6bfbebfec28,2024-06-20,2024-07-20,1219.94,106.75,1326.69,Paid,SampleGen
INV-dac0b30d-2ef6-4d9a-a65f-b2013b1aebef,IS301172,CID-408,dac0b30d-2ef6-4d9a-a65f-b2013b1aebef,2023-07-26,2023-08-25,2449.97,214.37,2664.34,Paid,SampleGen
INV-fd27c7da-f525-4d5a-a469-9ae0aa1bde53,IS301173,CID-408,fd27c7da-f525-4d5a-a469-9ae0aa1bde53,2023-03-14,2023-04-13,1099.96,96.24,1196.2,Paid,SampleGen
INV-ba2ce863-7323-45c8-a1f9-981adb28093a,IS301174,CID-408,ba2ce863-7323-45c8-a1f9-981adb28093a,2024-04-06,2024-05-06,1349.97,118.12,1468.09,Paid,SampleGen
INV-77f0671a-f474-404c-94e9-9b17f03cb07a,IS301175,CID-408,77f0671a-f474-404c-94e9-9b17f03cb07a,2026-10-25,2026-11-24,599.98,52.5,652.48,Paid,SampleGen
INV-a58442ea-50ab-4f8c-bb34-a0e31525371e,IS301176,CID-409,a58442ea-50ab-4f8c-bb34-a0e31525371e,2024-09-25,2024-10-25,199.99,17.5,217.49,Paid,SampleGen
INV-b9d4cb3e-2c66-4a1f-a548-ee54507c965d,IS301177,CID-409,b9d4cb3e-2c66-4a1f-a548-ee54507c965d,2024-03-11,2024-04-10,239.97,21.0,260.97,Paid,SampleGen
INV-6b43c1cb-0097-4de3-8807-a97a7b5a321b,IS301178,CID-410,6b43c1cb-0097-4de3-8807-a97a7b5a321b,2021-09-09,2021-10-09,1759.93,154.0,1913.93,Paid,SampleGen
INV-2b07c66f-f329-46cc-984a-3cad30192485,IS301179,CID-410,2b07c66f-f329-46cc-984a-3cad30192485,2023-12-27,2024-01-26,1679.95,147.0,1826.95,Paid,SampleGen
INV-0240495c-905d-4812-8a48-e7584feff882,IS301180,CID-410,0240495c-905d-4812-8a48-e7584feff882,2023-04-15,2023-05-15,4789.93,419.12,5209.05,Paid,SampleGen
INV-bca2bede-74ab-40e4-be12-2095faed6e87,IS301181,CID-410,bca2bede-74ab-40e4-be12-2095faed6e87,2023-02-17,2023-03-19,2509.95,219.62,2729.57,Paid,SampleGen
INV-4838379d-9a5b-464e-9e66-cb9aad690fd7,IS301182,CID-410,4838379d-9a5b-464e-9e66-cb9aad690fd7,2022-07-07,2022-08-06,379.95,33.24,413.19,Paid,SampleGen
INV-2a72e1c4-55a2-40d1-86ae-2da3e6fa810c,IS301183,CID-410,2a72e1c4-55a2-40d1-86ae-2da3e6fa810c,2024-09-06,2024-10-06,2059.93,180.25,2240.18,Paid,SampleGen
INV-79831392-4b99-4881-b88b-d6e7068293da,IS301184,CID-410,79831392-4b99-4881-b88b-d6e7068293da,2022-05-27,2022-06-26,659.97,57.75,717.72,Paid,SampleGen
INV-12956f09-fa34-4b70-9eb2-8f936fa868a7,IS301185,CID-411,12956f09-fa34-4b70-9eb2-8f936fa868a7,2021-02-07,2021-03-09,3419.95,299.25,3719.2,Paid,SampleGen
INV-5a789b5d-5d90-42ea-8336-de18833a2345,IS301186,CID-411,5a789b5d-5d90-42ea-8336-de18833a2345,2021-02-05,2021-03-07,1439.97,125.99,1565.96,Paid,SampleGen
INV-9f385c79-fc64-4283-8ceb-a6a0f87e311a,IS301187,CID-411,9f385c79-fc64-4283-8ceb-a6a0f87e311a,2024-12-16,2025-01-15,899.99,78.75,978.74,Paid,SampleGen
INV-22aab0c4-c5b3-4ffc-80b8-17db33fde6ba,IS301188,CID-411,22aab0c4-c5b3-4ffc-80b8-17db33fde6ba,2025-01-02,2025-02-01,1379.94,120.75,1500.69,Paid,SampleGen
INV-7a2667f2-0915-4320-aeb5-96402276423a,IS301189,CID-412,7a2667f2-0915-4320-aeb5-96402276423a,2021-08-10,2021-09-09,2049.97,179.37,2229.34,Paid,SampleGen
INV-72a21ac0-8a9e-468d-a9d0-f9289b98e912,IS301190,CID-413,72a21ac0-8a9e-468d-a9d0-f9289b98e912,2024-11-12,2024-12-12,709.98,62.12,772.1,Paid,SampleGen
INV-7fa0f8c3-0a94-4a8e-8b34-f8595c977d14,IS301191,CID-414,7fa0f8c3-0a94-4a8e-8b34-f8595c977d14,2024-09-21,2024-10-21,699.98,61.25,761.23,Paid,SampleGen
INV-556fe51f-e7b1-476d-a782-13f7b10d85e4,IS301192,CID-414,556fe51f-e7b1-476d-a782-13f7b10d85e4,2025-08-30,2025-09-29,1779.95,155.74,1935.69,Paid,SampleGen
INV-0d086c6c-8a18-40c8-9ce8-dfec037a509b,IS301193,CID-415,0d086c6c-8a18-40c8-9ce8-dfec037a509b,2023-06-21,2023-07-21,649.99,56.87,706.86,Paid,SampleGen
INV-6df865b4-6c3d-4f46-b375-c2b05da0f834,IS301194,CID-415,6df865b4-6c3d-4f46-b375-c2b05da0f834,2026-07-09,2026-08-08,3589.95,314.12,3904.07,Paid,SampleGen
INV-c3db667f-3c59-4751-8931-168bd5c12d38,IS301195,CID-415,c3db667f-3c59-4751-8931-168bd5c12d38,2023-02-22,2023-03-24,2279.96,199.5,2479.46,Paid,SampleGen
INV-ec58136b-0db0-4c7e-a7d3-37f604950f67,IS301196,CID-416,ec58136b-0db0-4c7e-a7d3-37f604950f67,2026-12-29,2027-01-28,2039.95,178.5,2218.45,Paid,SampleGen
INV-9737ca62-3dbb-4188-bccd-ae894aaec3c0,IS301197,CID-416,9737ca62-3dbb-4188-bccd-ae894aaec3c0,2025-01-21,2025-02-20,99.99,8.75,108.74,Paid,SampleGen
INV-632d1c3b-0db8-4e4d-9b04-53497be1e332,IS301198,CID-416,632d1c3b-0db8-4e4d-9b04-53497be1e332,2021-06-05,2021-07-05,1029.94,90.12,1120.06,Paid,SampleGen
INV-bdd7a74c-411e-4384-80ca-ff7cf16f786c,IS301199,CID-416,bdd7a74c-411e-4384-80ca-ff7cf16f786c,2025-12-27,2026-01-26,1279.96,112.0,1391.96,Paid,SampleGen
INV-47acac44-8c06-46b2-86f9-f5bab0618ec6,IS301200,CID-417,47acac44-8c06-46b2-86f9-f5bab0618ec6,2025-10-08,2025-11-07,299.98,26.25,326.23,Paid,SampleGen
INV-fe363606-ac82-4647-a794-c93a762213c4,IS301201,CID-418,fe363606-ac82-4647-a794-c93a762213c4,2023-03-18,2023-04-17,3139.94,274.75,3414.69,Paid,SampleGen
INV-85ab3496-71e8-4299-ac99-2cd03a6c8f3b,IS301202,CID-419,85ab3496-71e8-4299-ac99-2cd03a6c8f3b,2021-10-04,2021-11-03,1929.93,168.87,2098.8,Paid,SampleGen
INV-8dab80d6-9c42-4442-8f1b-e8af6d8168f6,IS301203,CID-419,8dab80d6-9c42-4442-8f1b-e8af6d8168f6,2025-10-14,2025-11-13,3209.95,280.87,3490.82,Paid,SampleGen
INV-651869b8-db8f-4a9c-b7cf-f78e7ae600bb,IS301204,CID-419,651869b8-db8f-4a9c-b7cf-f78e7ae600bb,2022-07-10,2022-08-09,919.95,80.49,1000.44,Paid,SampleGen
INV-4a0ba11f-ac4f-46d5-b4bb-0d6970318f69,IS301205,CID-419,4a0ba11f-ac4f-46d5-b4bb-0d6970318f69,2025-03-15,2025-04-14,829.98,72.62,902.6,Paid,SampleGen
INV-59aa9a79-e2ee-43cb-8860-e96eadad6589,IS301206,CID-420,59aa9a79-e2ee-43cb-8860-e96eadad6589,2026-02-22,2026-03-24,299.99,26.25,326.24,Paid,SampleGen
INV-90755530-347e-45c2-b13b-70dc95af9084,IS301207,CID-420,90755530-347e-45c2-b13b-70dc95af9084,2022-12-24,2023-01-23,1799.95,157.49,1957.44,Paid,SampleGen
INV-0607ded1-cd29-41e1-b852-4462297aaef5,IS301208,CID-420,0607ded1-cd29-41e1-b852-4462297aaef5,2024-10-21,2024-11-20,2049.97,179.37,2229.34,Paid,SampleGen
INV-f41fc89b-34fc-4c63-a344-fc8e9b3c9c54,IS301209,CID-420,f41fc89b-34fc-4c63-a344-fc8e9b3c9c54,2026-10-31,2026-11-30,649.99,56.87,706.86,Paid,SampleGen
INV-3e4f7d6d-b56d-4674-ab72-c28cf328f0b6,IS301210,CID-420,3e4f7d6d-b56d-4674-ab72-c28cf328f0b6,2024-01-07,2024-02-06,2299.94,201.24,2501.18,Paid,SampleGen
INV-c88409c4-dcfc-435f-8318-f422acba1853,IS301211,CID-420,c88409c4-dcfc-435f-8318-f422acba1853,2022-05-09,2022-06-08,589.96,51.62,641.58,Paid,SampleGen
INV-d55edb57-4000-4cd2-8911-45add887fcee,IS301212,CID-420,d55edb57-4000-4cd2-8911-45add887fcee,2023-04-28,2023-05-28,1099.94,96.25,1196.19,Paid,SampleGen
INV-7664d516-0dac-4fc4-8035-a1bf36dfc598,IS301213,CID-420,7664d516-0dac-4fc4-8035-a1bf36dfc598,2026-05-05,2026-06-04,649.99,56.87,706.86,Paid,SampleGen
INV-7fd882f2-e0e7-4120-999c-7e4d3f98d69b,IS301214,CID-420,7fd882f2-e0e7-4120-999c-7e4d3f98d69b,2025-09-18,2025-10-18,549.99,48.12,598.11,Paid,SampleGen
INV-c805b5cb-eadb-4d9b-ab49-cea82dfdf81e,IS301215,CID-420,c805b5cb-eadb-4d9b-ab49-cea82dfdf81e,2024-09-08,2024-10-08,2599.96,227.5,2827.46,Paid,SampleGen
INV-30139830-c96b-4b99-bcfd-afa4f1586fd5,IS301216,CID-420,30139830-c96b-4b99-bcfd-afa4f1586fd5,2022-05-18,2022-06-17,2139.93,187.25,2327.18,Paid,SampleGen
INV-a938f924-1119-4d8e-9df9-df8452c2fa54,IS301217,CID-421,a938f924-1119-4d8e-9df9-df8452c2fa54,2021-04-25,2021-05-25,1849.94,161.87,2011.81,Paid,SampleGen
INV-ac8a0ad6-3854-4f89-95c3-47aedcc3f30d,IS301218,CID-421,ac8a0ad6-3854-4f89-95c3-47aedcc3f30d,2025-10-19,2025-11-18,409.96,35.87,445.83,Paid,SampleGen
INV-a8c38206-00c5-4821-bf85-8a6948efd921,IS301219,CID-421,a8c38206-00c5-4821-bf85-8a6948efd921,2026-07-05,2026-08-04,1459.96,127.75,1587.71,Paid,SampleGen
INV-07d8e4d5-4e81-42ab-89b3-4e284f4b5522,IS301220,CID-421,07d8e4d5-4e81-42ab-89b3-4e284f4b5522,2024-06-08,2024-07-08,1849.97,161.87,2011.84,Paid,SampleGen
INV-892e2b25-c2c7-47f1-b3bb-15a3cc549860,IS301221,CID-422,892e2b25-c2c7-47f1-b3bb-15a3cc549860,2024-01-27,2024-02-26,2599.98,227.5,2827.48,Paid,SampleGen
INV-d094c053-2dc4-4685-bdc7-145a46004320,IS301222,CID-422,d094c053-2dc4-4685-bdc7-145a46004320,2021-04-18,2021-05-18,949.94,83.12,1033.06,Paid,SampleGen
INV-14320bfe-6920-46ba-80ca-6065fcaa3129,IS301223,CID-422,14320bfe-6920-46ba-80ca-6065fcaa3129,2022-10-16,2022-11-15,1359.94,118.99,1478.93,Paid,SampleGen
INV-86b715bd-6d73-4235-bccf-3111d5265521,IS301224,CID-422,86b715bd-6d73-4235-bccf-3111d5265521,2022-10-10,2022-11-09,399.98,35.0,434.98,Paid,SampleGen
INV-6ea1dd0a-c72e-4f78-a483-56743b935e54,IS301225,CID-423,6ea1dd0a-c72e-4f78-a483-56743b935e54,2022-04-19,2022-05-19,269.98,23.62,293.6,Paid,SampleGen
INV-9c86b7f0-30c1-4caf-ba71-d0793efb0c73,IS301226,CID-424,9c86b7f0-30c1-4caf-ba71-d0793efb0c73,2026-07-13,2026-08-12,589.95,51.62,641.57,Paid,SampleGen
INV-8703db23-da9b-4a94-b056-754960ebc0e5,IS301227,CID-425,8703db23-da9b-4a94-b056-754960ebc0e5,2026-04-14,2026-05-14,1729.94,151.37,1881.31,Paid,SampleGen
INV-0b27371c-59b3-4adf-978a-84c533f2b56b,IS301228,CID-425,0b27371c-59b3-4adf-978a-84c533f2b56b,2022-01-20,2022-02-19,899.99,78.75,978.74,Paid,SampleGen
INV-9dc934fb-bf35-4051-9c95-90b6d40e5433,IS301229,CID-425,9dc934fb-bf35-4051-9c95-90b6d40e5433,2024-12-08,2025-01-07,1199.98,104.99,1304.97,Paid,SampleGen
INV-c8c59f58-a349-4dee-bc73-4d98d963229f,IS301230,CID-425,c8c59f58-a349-4dee-bc73-4d98d963229f,2022-09-12,2022-10-12,989.97,86.62,1076.59,Paid,SampleGen
INV-eb88114f-c909-4f40-b025-aa3622a297e1,IS301231,CID-426,eb88114f-c909-4f40-b025-aa3622a297e1,2022-10-25,2022-11-24,1569.96,137.37,1707.33,Paid,SampleGen
INV-66788d43-0da6-48f9-97e5-ab4ea7b0f20f,IS301232,CID-427,66788d43-0da6-48f9-97e5-ab4ea7b0f20f,2024-06-10,2024-07-10,2409.93,210.87,2620.8,Paid,SampleGen
INV-c5a68f46-3ca1-41a7-a8f2-553b8d1ee5c4,IS301233,CID-427,c5a68f46-3ca1-41a7-a8f2-553b8d1ee5c4,2023-09-21,2023-10-21,119.99,10.5,130.49,Paid,SampleGen
INV-1f0997ca-1975-4376-8709-5b993880a391,IS301234,CID-427,1f0997ca-1975-4376-8709-5b993880a391,2023-03-30,2023-04-29,3109.93,272.12,3382.05,Paid,SampleGen
INV-14821816-1f79-4e2c-8417-7f17c1211d6b,IS301235,CID-427,14821816-1f79-4e2c-8417-7f17c1211d6b,2025-09-06,2025-10-06,2029.97,177.62,2207.59,Paid,SampleGen
INV-6ed961a5-41be-4433-a7e3-9076cb39a319,IS301236,CID-428,6ed961a5-41be-4433-a7e3-9076cb39a319,2026-08-04,2026-09-03,599.98,52.5,652.48,Paid,SampleGen
INV-915fa5c1-4b0b-40dc-8bbf-b1619e142fff,IS301237,CID-428,915fa5c1-4b0b-40dc-8bbf-b1619e142fff,2025-06-04,2025-07-04,619.96,54.24,674.2,Paid,SampleGen
INV-da66dd73-b9dc-44c5-8d63-36313932c283,IS301238,CID-429,da66dd73-b9dc-44c5-8d63-36313932c283,2022-06-24,2022-07-24,1079.96,94.5,1174.46,Paid,SampleGen
INV-c45d7d4d-ef12-45a6-9eed-8a8b706a3fd4,IS301239,CID-429,c45d7d4d-ef12-45a6-9eed-8a8b706a3fd4,2022-05-03,2022-06-02,499.98,43.75,543.73,Paid,SampleGen
INV-0ec8edb3-aa9b-4a50-9c78-1b33c165e1bf,IS301240,CID-429,0ec8edb3-aa9b-4a50-9c78-1b33c165e1bf,2023-01-06,2023-02-05,314.97,27.56,342.53,Paid,SampleGen
INV-6f13f0ab-a2da-4736-abd9-8272941c840c,IS301241,CID-430,6f13f0ab-a2da-4736-abd9-8272941c840c,2022-07-01,2022-07-31,229.96,20.12,250.08,Paid,SampleGen
INV-d578255e-1cb0-46f2-95b6-ef03168a8fd9,IS301242,CID-430,d578255e-1cb0-46f2-95b6-ef03168a8fd9,2023-11-29,2023-12-29,4159.93,364.0,4523.93,Paid,SampleGen
INV-51a66989-4225-4a4a-b8fe-9fbd820f6ab8,IS301243,CID-430,51a66989-4225-4a4a-b8fe-9fbd820f6ab8,2024-04-17,2024-05-17,999.98,87.49,1087.47,Paid,SampleGen
INV-a3733c41-cf35-4113-9c96-45d72c3bd7c4,IS301244,CID-430,a3733c41-cf35-4113-9c96-45d72c3bd7c4,2022-09-20,2022-10-20,899.98,78.75,978.73,Paid,SampleGen
INV-cd079deb-b92d-4102-95e2-71eb434c7ec2,IS301245,CID-431,cd079deb-b92d-4102-95e2-71eb434c7ec2,2022-12-27,2023-01-26,129.99,11.37,141.36,Paid,SampleGen
INV-cbc3cf6c-b659-46c5-a25d-d3e06eef2098,IS301246,CID-431,cbc3cf6c-b659-46c5-a25d-d3e06eef2098,2026-05-29,2026-06-28,1119.95,97.99,1217.94,Paid,SampleGen
INV-3feed7fd-eed3-4002-8a66-ba83b4265e91,IS301247,CID-431,3feed7fd-eed3-4002-8a66-ba83b4265e91,2025-02-23,2025-03-25,2714.94,237.56,2952.5,Paid,SampleGen
INV-bfc1bc2d-f45c-4960-9f0d-b15ab831022a,IS301248,CID-432,bfc1bc2d-f45c-4960-9f0d-b15ab831022a,2025-12-28,2026-01-27,1279.94,111.99,1391.93,Paid,SampleGen
INV-4b9b8991-0a14-49dc-960c-591782ec7df0,IS301249,CID-432,4b9b8991-0a14-49dc-960c-591782ec7df0,2024-01-05,2024-02-04,1799.94,157.5,1957.44,Paid,SampleGen
INV-a5d5aecf-f7dd-4e10-8e46-e2f23159bb60,IS301250,CID-432,a5d5aecf-f7dd-4e10-8e46-e2f23159bb60,2021-08-16,2021-09-15,819.95,71.75,891.7,Paid,SampleGen
INV-6190f0de-1e98-4ca0-8206-f1c6c5cbaf0b,IS301251,CID-433,6190f0de-1e98-4ca0-8206-f1c6c5cbaf0b,2024-02-17,2024-03-18,2149.96,188.12,2338.08,Paid,SampleGen
INV-bf618a42-bb7f-49f1-8bc8-3e0059262567,IS301252,CID-434,bf618a42-bb7f-49f1-8bc8-3e0059262567,2023-03-29,2023-04-28,1429.96,125.12,1555.08,Paid,SampleGen
INV-738da7f4-d93e-420c-95d5-0e963c977e76,IS301253,CID-434,738da7f4-d93e-420c-95d5-0e963c977e76,2022-08-08,2022-09-07,3609.93,315.87,3925.8,Paid,SampleGen
INV-1a026e05-4e1f-44b7-acc6-45ae0ce8956f,IS301254,CID-435,1a026e05-4e1f-44b7-acc6-45ae0ce8956f,2024-08-09,2024-09-08,949.95,83.12,1033.07,Paid,SampleGen
INV-b7d28ffc-9625-4ab9-84d6-d002690a3704,IS301255,CID-435,b7d28ffc-9625-4ab9-84d6-d002690a3704,2023-03-15,2023-04-14,3879.94,339.5,4219.44,Paid,SampleGen
INV-443288bc-f492-4573-8d0d-fa3f49e12068,IS301256,CID-435,443288bc-f492-4573-8d0d-fa3f49e12068,2026-05-29,2026-06-28,1679.97,147.0,1826.97,Paid,SampleGen
INV-7873e762-46ec-448a-a4be-3fc23caa501e,IS301257,CID-435,7873e762-46ec-448a-a4be-3fc23caa501e,2025-12-13,2026-01-12,5359.93,469.0,5828.93,Paid,SampleGen
INV-2f24412d-b224-4024-986c-d6f2dd3db4a5,IS301258,CID-436,2f24412d-b224-4024-986c-d6f2dd3db4a5,2023-04-21,2023-05-21,1349.95,118.12,1468.07,Paid,SampleGen
INV-3d1c8165-0262-46aa-8f2b-23c1240eec7c,IS301259,CID-436,3d1c8165-0262-46aa-8f2b-23c1240eec7c,2026-04-25,2026-05-25,1039.96,91.0,1130.96,Paid,SampleGen
INV-456ad5eb-3e93-4311-a3d2-b412bbcb3d8d,IS301260,CID-436,456ad5eb-3e93-4311-a3d2-b412bbcb3d8d,2026-01-12,2026-02-11,409.97,35.87,445.84,Paid,SampleGen
INV-13ed478a-cb6c-4a3e-bf97-325f2f3abc4b,IS301261,CID-436,13ed478a-cb6c-4a3e-bf97-325f2f3abc4b,2023-05-26,2023-06-25,349.99,30.62,380.61,Paid,SampleGen
INV-cc88cb7d-ca74-41fd-8689-66c3fb6161fa,IS301262,CID-436,cc88cb7d-ca74-41fd-8689-66c3fb6161fa,2025-11-27,2025-12-27,1144.97,100.18,1245.15,Paid,SampleGen
INV-6445c020-e97b-4eab-84a2-6b5b9881ff91,IS301263,CID-437,6445c020-e97b-4eab-84a2-6b5b9881ff91,2026-08-26,2026-09-25,1069.95,93.62,1163.57,Paid,SampleGen
INV-ac18a4c8-3404-4c61-87b3-c6820b0f9e85,IS301264,CID-437,ac18a4c8-3404-4c61-87b3-c6820b0f9e85,2024-04-01,2024-05-01,919.94,80.5,1000.44,Paid,SampleGen
INV-524dc653-81d4-4ec7-827e-03b0882ea701,IS301265,CID-437,524dc653-81d4-4ec7-827e-03b0882ea701,2025-06-04,2025-07-04,1679.97,147.0,1826.97,Paid,SampleGen
INV-e2b397e4-d651-4357-a6a7-76932c1da285,IS301266,CID-438,e2b397e4-d651-4357-a6a7-76932c1da285,2024-01-23,2024-02-22,549.99,48.12,598.11,Paid,SampleGen
INV-65701516-f67b-4120-999f-1e870941f998,IS301267,CID-438,65701516-f67b-4120-999f-1e870941f998,2022-06-16,2022-07-16,3079.93,269.5,3349.43,Paid,SampleGen
INV-5c7a48c9-25b1-4d84-8e08-d63cd0839388,IS301268,CID-438,5c7a48c9-25b1-4d84-8e08-d63cd0839388,2025-03-13,2025-04-12,79.99,7.0,86.99,Paid,SampleGen
INV-96138c69-6b62-4b53-ade9-049906efe4bf,IS301269,CID-438,96138c69-6b62-4b53-ade9-049906efe4bf,2026-10-25,2026-11-24,3179.96,278.25,3458.21,Paid,SampleGen
INV-a9744e72-27fe-4189-93d9-259df1b6e3f3,IS301270,CID-438,a9744e72-27fe-4189-93d9-259df1b6e3f3,2025-05-05,2025-06-04,1489.98,130.37,1620.35,Paid,SampleGen
INV-cd3250ea-7379-4fe0-bd29-94e4109ec7c5,IS301271,CID-438,cd3250ea-7379-4fe0-bd29-94e4109ec7c5,2024-01-03,2024-02-02,149.99,13.12,163.11,Paid,SampleGen
INV-4713ba3c-fc96-4736-bebf-f9962b549625,IS301272,CID-438,4713ba3c-fc96-4736-bebf-f9962b549625,2023-03-21,2023-04-20,789.96,69.12,859.08,Paid,SampleGen
INV-16810211-2fc4-4dfb-b4c4-8730afac57e4,IS301273,CID-439,16810211-2fc4-4dfb-b4c4-8730afac57e4,2021-04-23,2021-05-23,2099.96,183.75,2283.71,Paid,SampleGen
INV-511772b5-d3c5-45b4-8cfc-df18b13b73a7,IS301274,CID-439,511772b5-d3c5-45b4-8cfc-df18b13b73a7,2022-06-18,2022-07-18,729.98,63.87,793.85,Paid,SampleGen
INV-3caf2e1e-9908-41b6-b1d3-1ff6cfd94501,IS301275,CID-439,3caf2e1e-9908-41b6-b1d3-1ff6cfd94501,2024-10-02,2024-11-01,99.99,8.75,108.74,Paid,SampleGen
INV-ab1e8e3e-839a-43dd-914f-331c771788b9,IS301276,CID-439,ab1e8e3e-839a-43dd-914f-331c771788b9,2026-01-31,2026-03-02,379.98,33.25,413.23,Paid,SampleGen
INV-aee5d12b-52af-469a-8783-5e528e9f20d4,IS301277,CID-440,aee5d12b-52af-469a-8783-5e528e9f20d4,2023-03-20,2023-04-19,1219.97,106.75,1326.72,Paid,SampleGen
INV-afaf932c-4e89-4649-a021-3deef4c858de,IS301278,CID-440,afaf932c-4e89-4649-a021-3deef4c858de,2025-10-23,2025-11-22,1359.96,118.99,1478.95,Paid,SampleGen
INV-c6370daa-fb5f-46d0-9178-fca889a1e0e0,IS301279,CID-441,c6370daa-fb5f-46d0-9178-fca889a1e0e0,2026-03-13,2026-04-12,2309.93,202.12,2512.05,Paid,SampleGen
INV-8b79a92a-207e-4068-9626-f0a21a9bf902,IS301280,CID-441,8b79a92a-207e-4068-9626-f0a21a9bf902,2024-02-06,2024-03-07,4799.94,420.0,5219.94,Paid,SampleGen
INV-c3cb1be7-ce02-475a-bd01-29e6b23d7552,IS301281,CID-441,c3cb1be7-ce02-475a-bd01-29e6b23d7552,2025-02-05,2025-03-07,499.98,43.75,543.73,Paid,SampleGen
INV-bc809da5-98f5-40fa-ae2b-37afa682d506,IS301282,CID-441,bc809da5-98f5-40fa-ae2b-37afa682d506,2026-06-06,2026-07-06,799.99,70.0,869.99,Paid,SampleGen
INV-8be74bd7-e4c6-4fcc-801b-2c08c1eb6ded,IS301283,CID-441,8be74bd7-e4c6-4fcc-801b-2c08c1eb6ded,2021-04-28,2021-05-28,349.97,30.62,380.59,Paid,SampleGen
INV-0079785e-8f40-4e32-91e0-da6a0e332336,IS301284,CID-441,0079785e-8f40-4e32-91e0-da6a0e332336,2025-11-21,2025-12-21,2599.98,227.5,2827.48,Paid,SampleGen
INV-bd0381fa-8dca-43a9-b20a-af2b9b540f74,IS301285,CID-441,bd0381fa-8dca-43a9-b20a-af2b9b540f74,2026-09-16,2026-10-16,119.99,10.5,130.49,Paid,SampleGen
INV-1757a0ce-7e81-4140-8cf3-ae4cff65bbad,IS301286,CID-442,1757a0ce-7e81-4140-8cf3-ae4cff65bbad,2023-09-13,2023-10-13,1299.98,113.75,1413.73,Paid,SampleGen
INV-d02363ee-0442-4d02-b22f-ea45e87d1dbb,IS301287,CID-442,d02363ee-0442-4d02-b22f-ea45e87d1dbb,2022-09-25,2022-10-25,2259.94,197.75,2457.69,Paid,SampleGen
INV-4c66d436-0006-4f93-8dde-57326d6d12f8,IS301288,CID-443,4c66d436-0006-4f93-8dde-57326d6d12f8,2026-01-13,2026-02-12,2459.97,215.25,2675.22,Paid,SampleGen
INV-a3545f5e-d4bb-4b6a-8dbc-59774cce0fd9,IS301289,CID-444,a3545f5e-d4bb-4b6a-8dbc-59774cce0fd9,2024-06-27,2024-07-27,349.97,30.62,380.59,Paid,SampleGen
INV-5ecd734c-a4ef-462c-a730-f6be539c96ea,IS301290,CID-444,5ecd734c-a4ef-462c-a730-f6be539c96ea,2026-09-08,2026-10-08,1519.96,133.0,1652.96,Paid,SampleGen
INV-c08aee97-1ee9-471e-b13b-2ce0f44b5caf,IS301291,CID-444,c08aee97-1ee9-471e-b13b-2ce0f44b5caf,2023-01-17,2023-02-16,1849.98,161.87,2011.85,Paid,SampleGen
INV-cef964a4-517f-4cff-9386-7263df82c519,IS301292,CID-445,cef964a4-517f-4cff-9386-7263df82c519,2022-09-14,2022-10-14,2039.96,178.5,2218.46,Paid,SampleGen
INV-edda2381-0494-46b2-a4bd-aa223fc2f64a,IS301293,CID-445,edda2381-0494-46b2-a4bd-aa223fc2f64a,2026-12-19,2027-01-18,1419.95,124.24,1544.19,Paid,SampleGen
INV-5379caeb-0292-491a-a909-82627c384ef2,IS301294,CID-446,5379caeb-0292-491a-a909-82627c384ef2,2023-12-02,2024-01-01,399.99,35.0,434.99,Paid,SampleGen
INV-53a0f1f0-1352-4a02-821d-509e3775dc5f,IS301295,CID-446,53a0f1f0-1352-4a02-821d-509e3775dc5f,2026-01-02,2026-02-01,199.99,17.5,217.49,Paid,SampleGen
INV-d95c2741-5631-4a33-a225-13ef355458b3,IS301296,CID-447,d95c2741-5631-4a33-a225-13ef355458b3,2026-05-05,2026-06-04,1449.97,126.87,1576.84,Paid,SampleGen
INV-6e3a1bfd-591d-46cd-bfb5-ea592d96607e,IS301297,CID-448,6e3a1bfd-591d-46cd-bfb5-ea592d96607e,2023-06-08,2023-07-08,2189.95,191.62,2381.57,Paid,SampleGen
INV-6f80263a-9efc-45cd-a818-cbee676b06bd,IS301298,CID-448,6f80263a-9efc-45cd-a818-cbee676b06bd,2021-05-10,2021-06-09,2039.94,178.5,2218.44,Paid,SampleGen
INV-012e8f27-12a5-4d02-90f1-bcbe10c0821e,IS301299,CID-449,012e8f27-12a5-4d02-90f1-bcbe10c0821e,2023-05-02,2023-06-01,299.99,26.25,326.24,Paid,SampleGen
INV-a2826b0a-9243-4958-9755-c9abd4a5cbb6,IS301300,CID-449,a2826b0a-9243-4958-9755-c9abd4a5cbb6,2025-12-28,2026-01-27,2319.96,203.0,2522.96,Paid,SampleGen
INV-63bfc847-010b-4b4c-805a-d798c87899d6,IS301301,CID-450,63bfc847-010b-4b4c-805a-d798c87899d6,2026-07-23,2026-08-22,819.96,71.75,891.71,Paid,SampleGen
INV-a21ec207-6f97-46d1-b8e3-85108d08e452,IS301302,CID-450,a21ec207-6f97-46d1-b8e3-85108d08e452,2021-05-21,2021-06-20,499.98,43.75,543.73,Paid,SampleGen
INV-04603165-bbd2-48af-82d0-bdba64466cca,IS301303,CID-451,04603165-bbd2-48af-82d0-bdba64466cca,2021-05-15,2021-06-14,699.97,61.25,761.22,Paid,SampleGen
INV-4677e9d1-03c2-4ab7-a9fe-abf4ef6b46dc,IS301304,CID-451,4677e9d1-03c2-4ab7-a9fe-abf4ef6b46dc,2024-03-05,2024-04-04,1139.94,99.74,1239.68,Paid,SampleGen
INV-95edd617-0574-45d7-abf5-53342a73619d,IS301305,CID-451,95edd617-0574-45d7-abf5-53342a73619d,2023-02-02,2023-03-04,1949.95,170.62,2120.57,Paid,SampleGen
INV-689aa82c-9c49-449f-8ad4-12092f34a177,IS301306,CID-451,689aa82c-9c49-449f-8ad4-12092f34a177,2021-03-21,2021-04-20,1679.97,147.0,1826.97,Paid,SampleGen
INV-b0125f89-6528-487c-9a15-294b79e48f5b,IS301307,CID-451,b0125f89-6528-487c-9a15-294b79e48f5b,2022-08-31,2022-09-30,429.97,37.62,467.59,Paid,SampleGen
INV-c2b1727a-42a8-421e-83ae-36bac50dd484,IS301308,CID-452,c2b1727a-42a8-421e-83ae-36bac50dd484,2023-06-06,2023-07-06,559.95,49.0,608.95,Paid,SampleGen
INV-0fc1b249-05ca-4e51-a5af-3a0a7f4e7c7d,IS301309,CID-452,0fc1b249-05ca-4e51-a5af-3a0a7f4e7c7d,2021-12-07,2022-01-06,299.99,26.25,326.24,Paid,SampleGen
INV-4e25320c-2d67-4e87-98d2-9661076f8326,IS301310,CID-453,4e25320c-2d67-4e87-98d2-9661076f8326,2021-09-08,2021-10-08,1839.94,161.0,2000.94,Paid,SampleGen
INV-b12fc1fb-c330-49a2-bd4e-51934f188e67,IS301311,CID-453,b12fc1fb-c330-49a2-bd4e-51934f188e67,2023-11-04,2023-12-04,1539.95,134.75,1674.7,Paid,SampleGen
INV-d15588a7-dbad-45a3-8c5e-8cbc65ca7893,IS301312,CID-454,d15588a7-dbad-45a3-8c5e-8cbc65ca7893,2024-10-07,2024-11-06,1899.94,166.24,2066.18,Paid,SampleGen
INV-11999100-edbb-4211-bfd2-fdf5f0f28102,IS301313,CID-454,11999100-edbb-4211-bfd2-fdf5f0f28102,2021-04-26,2021-05-26,909.94,79.62,989.56,Paid,SampleGen
INV-20218279-71c2-4755-a7f7-b4b893dd9595,IS301314,CID-455,20218279-71c2-4755-a7f7-b4b893dd9595,2021-07-23,2021-08-22,549.96,48.12,598.08,Paid,SampleGen
INV-6355d824-5077-4f0c-95b5-1581d37b4d76,IS301315,CID-455,6355d824-5077-4f0c-95b5-1581d37b4d76,2021-04-20,2021-05-20,1759.93,154.0,1913.93,Paid,SampleGen
INV-3e802750-2c67-4b25-bfda-3dde957ede47,IS301316,CID-456,3e802750-2c67-4b25-bfda-3dde957ede47,2024-04-09,2024-05-09,1469.96,128.62,1598.58,Paid,SampleGen
INV-2500356d-6526-4dd4-bff9-9fbf67012424,IS301317,CID-456,2500356d-6526-4dd4-bff9-9fbf67012424,2024-11-06,2024-12-06,919.97,80.5,1000.47,Paid,SampleGen
INV-5190ce7f-19df-4696-9c9c-f3df55b41f4f,IS301318,CID-457,5190ce7f-19df-4696-9c9c-f3df55b41f4f,2021-12-09,2022-01-08,3499.96,306.25,3806.21,Paid,SampleGen
INV-88302661-db34-4229-a373-90c96e9cf8d1,IS301319,CID-457,88302661-db34-4229-a373-90c96e9cf8d1,2025-12-02,2026-01-01,2599.96,227.5,2827.46,Paid,SampleGen
INV-c4b597c7-2da9-4599-83d5-0b1531a300c9,IS301320,CID-457,c4b597c7-2da9-4599-83d5-0b1531a300c9,2026-07-18,2026-08-17,349.97,30.62,380.59,Paid,SampleGen
INV-136c272d-c124-4d36-a136-f28b2b06ffe4,IS301321,CID-457,136c272d-c124-4d36-a136-f28b2b06ffe4,2026-05-03,2026-06-02,1619.95,141.75,1761.7,Paid,SampleGen
INV-2b3aefba-9997-4c3d-aafd-001393119904,IS301322,CID-458,2b3aefba-9997-4c3d-aafd-001393119904,2021-10-20,2021-11-19,1549.96,135.61,1685.57,Paid,SampleGen
INV-573cafe8-c84f-4b7d-9050-883b4d37e598,IS301323,CID-458,573cafe8-c84f-4b7d-9050-883b4d37e598,2023-10-14,2023-11-13,1199.97,104.99,1304.96,Paid,SampleGen
INV-796b1c34-3fe3-496a-bae4-540464a026bd,IS301324,CID-459,796b1c34-3fe3-496a-bae4-540464a026bd,2026-11-12,2026-12-12,1299.99,113.75,1413.74,Paid,SampleGen
INV-fe468019-68b5-4860-a5d3-9e03bc8c63ed,IS301325,CID-459,fe468019-68b5-4860-a5d3-9e03bc8c63ed,2022-06-19,2022-07-19,2599.95,227.5,2827.45,Paid,SampleGen
INV-2c73490d-a243-4af0-92b6-6de592e44579,IS301326,CID-459,2c73490d-a243-4af0-92b6-6de592e44579,2021-07-17,2021-08-16,1479.96,129.5,1609.46,Paid,SampleGen
INV-f302d76b-76d7-4f45-a652-7471526c25ff,IS301327,CID-460,f302d76b-76d7-4f45-a652-7471526c25ff,2025-04-16,2025-05-16,379.98,33.25,413.23,Paid,SampleGen
INV-370beafd-2662-43a1-9633-d3d5c5beab88,IS301328,CID-460,370beafd-2662-43a1-9633-d3d5c5beab88,2026-01-23,2026-02-22,1399.96,122.5,1522.46,Paid,SampleGen
INV-25e3ee42-39b6-478b-8dc9-007aa612dc5f,IS301329,CID-460,25e3ee42-39b6-478b-8dc9-007aa612dc5f,2022-10-02,2022-11-01,5879.93,514.5,6394.43,Paid,SampleGen
INV-ba0bca52-eb70-40c8-b132-396788799d74,IS301330,CID-461,ba0bca52-eb70-40c8-b132-396788799d74,2025-05-25,2025-06-24,159.98,14.0,173.98,Paid,SampleGen
INV-e4215d3b-5d30-41a7-af8f-63f9b019ed7f,IS301331,CID-461,e4215d3b-5d30-41a7-af8f-63f9b019ed7f,2023-10-21,2023-11-20,1299.95,113.74,1413.69,Paid,SampleGen
INV-ed315a74-fdb1-40dc-aa6a-2f6ff2db5748,IS301332,CID-462,ed315a74-fdb1-40dc-aa6a-2f6ff2db5748,2021-09-02,2021-10-02,609.97,53.37,663.34,Paid,SampleGen
INV-4ffb1c01-1ab5-4a9d-98ca-a5f3e7100b14,IS301333,CID-463,4ffb1c01-1ab5-4a9d-98ca-a5f3e7100b14,2021-05-09,2021-06-08,379.98,33.25,413.23,Paid,SampleGen
INV-a793827c-0625-45d3-bcc9-9169978feb3f,IS301334,CID-463,a793827c-0625-45d3-bcc9-9169978feb3f,2023-07-23,2023-08-22,2299.96,201.25,2501.21,Paid,SampleGen
INV-3400d9cf-42fe-4a96-a821-293bb63f819f,IS301335,CID-464,3400d9cf-42fe-4a96-a821-293bb63f819f,2023-03-07,2023-04-06,879.97,76.99,956.96,Paid,SampleGen
INV-d001db0a-1fe4-4d3d-b10b-2ebd379f2950,IS301336,CID-464,d001db0a-1fe4-4d3d-b10b-2ebd379f2950,2026-09-13,2026-10-13,649.99,56.87,706.86,Paid,SampleGen
INV-265ebf85-0432-4f32-81b3-bdc23afb6f28,IS301337,CID-464,265ebf85-0432-4f32-81b3-bdc23afb6f28,2024-06-14,2024-07-14,1559.95,136.5,1696.45,Paid,SampleGen
INV-cf6218c7-7729-4edc-9cff-dd030c0d023e,IS301338,CID-464,cf6218c7-7729-4edc-9cff-dd030c0d023e,2024-09-26,2024-10-26,1299.97,113.74,1413.71,Paid,SampleGen
INV-8174cd7b-5e0d-45f1-9cac-16343fc8b785,IS301339,CID-465,8174cd7b-5e0d-45f1-9cac-16343fc8b785,2025-06-25,2025-07-25,899.98,78.75,978.73,Paid,SampleGen
INV-c9d8007b-a6c4-4ada-ad23-a3234394fc92,IS301340,CID-465,c9d8007b-a6c4-4ada-ad23-a3234394fc92,2021-01-29,2021-02-28,149.99,13.12,163.11,Paid,SampleGen
INV-49794d88-7f0d-4c96-a6b2-6c6e60dd729f,IS301341,CID-466,49794d88-7f0d-4c96-a6b2-6c6e60dd729f,2023-01-25,2023-02-24,1989.96,174.12,2164.08,Paid,SampleGen
INV-08e3c95d-cc8a-4296-be42-a00b4516d8f9,IS301342,CID-466,08e3c95d-cc8a-4296-be42-a00b4516d8f9,2021-10-29,2021-11-28,1399.95,122.5,1522.45,Paid,SampleGen
INV-224ce06b-f0c0-4ab4-9d46-bc20112a0014,IS301343,CID-467,224ce06b-f0c0-4ab4-9d46-bc20112a0014,2026-02-18,2026-03-20,4929.92,431.37,5361.29,Paid,SampleGen
INV-6bee033c-b54b-4c19-a83f-0d818f375570,IS301344,CID-467,6bee033c-b54b-4c19-a83f-0d818f375570,2025-07-05,2025-08-04,3119.93,273.0,3392.93,Paid,SampleGen
INV-c36fa207-4b31-40b8-9b6c-660543b8f5be,IS301345,CID-468,c36fa207-4b31-40b8-9b6c-660543b8f5be,2023-05-01,2023-05-31,379.98,33.25,413.23,Paid,SampleGen
INV-2bc177a4-b510-426d-aa35-e891cafcc29e,IS301346,CID-468,2bc177a4-b510-426d-aa35-e891cafcc29e,2024-03-24,2024-04-23,1949.97,170.62,2120.59,Paid,SampleGen
INV-8faa5eb4-0ea8-44a7-93d4-3750b291488f,IS301347,CID-468,8faa5eb4-0ea8-44a7-93d4-3750b291488f,2021-05-07,2021-06-06,619.96,54.25,674.21,Paid,SampleGen
INV-265c0d85-9464-4bf7-b243-1729ffbf2cdc,IS301348,CID-468,265c0d85-9464-4bf7-b243-1729ffbf2cdc,2024-03-07,2024-04-06,659.97,57.75,717.72,Paid,SampleGen
INV-0b92be23-9621-464a-ae5b-9d14b8858e7d,IS301349,CID-469,0b92be23-9621-464a-ae5b-9d14b8858e7d,2021-09-03,2021-10-03,3899.94,341.25,4241.19,Paid,SampleGen
INV-a3eb0493-14ff-4d8d-86ac-4f1443af1ec8,IS301350,CID-469,a3eb0493-14ff-4d8d-86ac-4f1443af1ec8,2021-10-11,2021-11-10,249.99,21.87,271.86,Paid,SampleGen
INV-d419ce08-2991-46e4-bd3f-f554dd48be93,IS301351,CID-469,d419ce08-2991-46e4-bd3f-f554dd48be93,2023-07-25,2023-08-24,119.99,10.5,130.49,Paid,SampleGen
INV-22ff471c-04ca-46c5-87c1-8848dfa54d81,IS301352,CID-470,22ff471c-04ca-46c5-87c1-8848dfa54d81,2022-12-04,2023-01-03,1199.98,104.99,1304.97,Paid,SampleGen
INV-5d641db5-0612-4baf-aee5-e2500e6a8df1,IS301353,CID-471,5d641db5-0612-4baf-aee5-e2500e6a8df1,2021-12-03,2022-01-02,2049.95,179.36,2229.31,Paid,SampleGen
INV-ae730885-b253-49a7-83b2-29c0b9d1044d,IS301354,CID-471,ae730885-b253-49a7-83b2-29c0b9d1044d,2021-05-17,2021-06-16,299.99,26.25,326.24,Paid,SampleGen
INV-b82f2a64-7b62-4082-b8cc-f87a6c7585d5,IS301355,CID-472,b82f2a64-7b62-4082-b8cc-f87a6c7585d5,2025-01-07,2025-02-06,349.98,30.62,380.6,Paid,SampleGen
INV-5c9ffb44-5aaf-4fe9-be8e-41320ca2dc56,IS301356,CID-472,5c9ffb44-5aaf-4fe9-be8e-41320ca2dc56,2023-03-28,2023-04-27,1269.96,111.12,1381.08,Paid,SampleGen
INV-e0095155-d2c0-49a4-9721-31893e131536,IS301357,CID-473,e0095155-d2c0-49a4-9721-31893e131536,2023-07-19,2023-08-18,399.98,35.0,434.98,Paid,SampleGen
INV-8bdc0576-4aca-42d4-9172-d268ea845adb,IS301358,CID-473,8bdc0576-4aca-42d4-9172-d268ea845adb,2026-10-25,2026-11-24,879.97,77.0,956.97,Paid,SampleGen
INV-5e975232-921f-486a-94a2-b2c79f4de17a,IS301359,CID-474,5e975232-921f-486a-94a2-b2c79f4de17a,2025-12-05,2026-01-04,2559.95,224.0,2783.95,Paid,SampleGen
INV-0adfa48f-f175-494d-80ef-5ba5aba192b2,IS301360,CID-474,0adfa48f-f175-494d-80ef-5ba5aba192b2,2022-03-15,2022-04-14,1299.98,113.75,1413.73,Paid,SampleGen
INV-3678653c-b275-43b1-96bc-9754c0f3b2c8,IS301361,CID-474,3678653c-b275-43b1-96bc-9754c0f3b2c8,2024-12-20,2025-01-19,3499.97,306.25,3806.22,Paid,SampleGen
INV-56dc2fad-76e2-465c-8242-5741f798c278,IS301362,CID-474,56dc2fad-76e2-465c-8242-5741f798c278,2024-08-20,2024-09-19,279.96,24.5,304.46,Paid,SampleGen
INV-5b5ccbb2-d620-4486-b83f-8791f1587c53,IS301363,CID-474,5b5ccbb2-d620-4486-b83f-8791f1587c53,2022-09-02,2022-10-02,2359.92,206.5,2566.42,Paid,SampleGen
INV-ef28279d-e361-4ebc-894e-18ea1703071c,IS301364,CID-475,ef28279d-e361-4ebc-894e-18ea1703071c,2023-09-30,2023-10-30,429.96,37.62,467.58,Paid,SampleGen
INV-9323f267-b80d-42c5-97a4-18b8963f3879,IS301365,CID-476,9323f267-b80d-42c5-97a4-18b8963f3879,2025-12-04,2026-01-03,1299.99,113.75,1413.74,Paid,SampleGen
INV-b219914e-13cd-4338-a88a-0b4feb584f0d,IS301366,CID-477,b219914e-13cd-4338-a88a-0b4feb584f0d,2022-01-09,2022-02-08,649.99,56.87,706.86,Paid,SampleGen
INV-a09c6b87-d4df-4d5b-876f-d9f66b84cc3e,IS301367,CID-477,a09c6b87-d4df-4d5b-876f-d9f66b84cc3e,2024-03-21,2024-04-20,1749.94,153.12,1903.06,Paid,SampleGen
INV-65d05e52-c46c-401f-a783-82e3b5f18b0e,IS301368,CID-478,65d05e52-c46c-401f-a783-82e3b5f18b0e,2026-09-29,2026-10-29,799.98,70.0,869.98,Paid,SampleGen
INV-af20e3e2-0fb2-4cb9-87ab-bd26a8f0f362,IS301369,CID-478,af20e3e2-0fb2-4cb9-87ab-bd26a8f0f362,2021-01-18,2021-02-17,1049.97,91.87,1141.84,Paid,SampleGen
INV-b372fc1c-6d0a-4a09-b1f4-2ddc2e02917d,IS301370,CID-479,b372fc1c-6d0a-4a09-b1f4-2ddc2e02917d,2022-12-03,2023-01-02,3399.94,297.5,3697.44,Paid,SampleGen
INV-8e930480-1cd5-4eaa-8c5e-e167040010c0,IS301371,CID-480,8e930480-1cd5-4eaa-8c5e-e167040010c0,2022-02-23,2022-03-25,2749.95,240.62,2990.57,Paid,SampleGen
INV-99f314bf-d403-4c66-8d48-a4b6be50c51b,IS301372,CID-481,99f314bf-d403-4c66-8d48-a4b6be50c51b,2024-10-02,2024-11-01,1099.97,96.25,1196.22,Paid,SampleGen
INV-624b0399-dc82-484c-a437-a209cc88bd8e,IS301373,CID-481,624b0399-dc82-484c-a437-a209cc88bd8e,2024-01-12,2024-02-11,1749.98,153.12,1903.1,Paid,SampleGen
INV-dbd94009-bc04-433c-8505-2264b5074bad,IS301374,CID-481,dbd94009-bc04-433c-8505-2264b5074bad,2025-05-15,2025-06-14,1459.96,127.75,1587.71,Paid,SampleGen
INV-4a72d628-308f-4de0-8ad0-eb0dd591c882,IS301375,CID-482,4a72d628-308f-4de0-8ad0-eb0dd591c882,2023-01-08,2023-02-07,3249.97,284.37,3534.34,Paid,SampleGen
INV-b2b23826-a817-4a37-84d3-1cfd72704341,IS301376,CID-483,b2b23826-a817-4a37-84d3-1cfd72704341,2023-12-22,2024-01-21,4299.94,376.25,4676.19,Paid,SampleGen
INV-d154351e-aa29-4555-8c8e-5b0c8a6bffe2,IS301377,CID-484,d154351e-aa29-4555-8c8e-5b0c8a6bffe2,2022-03-12,2022-04-11,1649.94,144.37,1794.31,Paid,SampleGen
INV-bc3d792e-d258-4189-8cac-57e8c51e89ca,IS301378,CID-484,bc3d792e-d258-4189-8cac-57e8c51e89ca,2026-05-12,2026-06-11,1739.95,152.25,1892.2,Paid,SampleGen
INV-1bb4649e-7a7c-4ae3-b0ff-f0c59eb08215,IS301379,CID-484,1bb4649e-7a7c-4ae3-b0ff-f0c59eb08215,2024-01-07,2024-02-06,4099.95,358.75,4458.7,Paid,SampleGen
INV-33f60a84-33c5-4678-b874-95ede4eecea6,IS301380,CID-484,33f60a84-33c5-4678-b874-95ede4eecea6,2021-12-09,2022-01-08,3339.95,292.25,3632.2,Paid,SampleGen
INV-c43a4660-39dc-41b6-bdf5-cc7db4bb5724,IS301381,CID-484,c43a4660-39dc-41b6-bdf5-cc7db4bb5724,2021-04-08,2021-05-08,1099.96,96.25,1196.21,Paid,SampleGen
INV-f24a1a0b-2a3e-4ae8-98b3-5d3361e8e5a2,IS301382,CID-484,f24a1a0b-2a3e-4ae8-98b3-5d3361e8e5a2,2026-04-23,2026-05-23,1699.96,148.75,1848.71,Paid,SampleGen
INV-0a1e0930-f884-4a14-9c15-df8bfa8e314b,IS301383,CID-485,0a1e0930-f884-4a14-9c15-df8bfa8e314b,2025-11-07,2025-12-07,1494.96,130.81,1625.77,Paid,SampleGen
INV-d58b8112-929b-47bb-8891-15665c3f856e,IS301384,CID-486,d58b8112-929b-47bb-8891-15665c3f856e,2026-12-07,2027-01-06,599.95,52.5,652.45,Paid,SampleGen
INV-d5e4adf1-5900-457d-9ecc-ace4241429ae,IS301385,CID-487,d5e4adf1-5900-457d-9ecc-ace4241429ae,2022-02-26,2022-03-28,1799.95,157.5,1957.45,Paid,SampleGen
INV-2eb3ec1b-a5ad-4507-8f38-435129b84740,IS301386,CID-487,2eb3ec1b-a5ad-4507-8f38-435129b84740,2023-10-13,2023-11-12,899.98,78.75,978.73,Paid,SampleGen
INV-fdae077c-89de-4410-9d47-4d1c0b1054ab,IS301387,CID-488,fdae077c-89de-4410-9d47-4d1c0b1054ab,2021-12-03,2022-01-02,1129.96,98.87,1228.83,Paid,SampleGen
INV-ef8fb5ae-5e77-4495-9987-b9eafd2ac787,IS301388,CID-489,ef8fb5ae-5e77-4495-9987-b9eafd2ac787,2024-10-03,2024-11-02,2999.93,262.5,3262.43,Paid,SampleGen
INV-ef4bcd06-76a6-4427-badd-3b67c7fd74e2,IS301389,CID-489,ef4bcd06-76a6-4427-badd-3b67c7fd74e2,2021-08-24,2021-09-23,649.99,56.87,706.86,Paid,SampleGen
INV-f725ec55-4093-445b-9cb8-8c6fcc6570dd,IS301390,CID-490,f725ec55-4093-445b-9cb8-8c6fcc6570dd,2024-06-15,2024-07-15,119.99,10.5,130.49,Paid,SampleGen
INV-efc82b90-726f-406e-9918-ed33bd40ee9c,IS301391,CID-490,efc82b90-726f-406e-9918-ed33bd40ee9c,2026-10-28,2026-11-27,1449.95,126.87,1576.82,Paid,SampleGen
INV-a600aeb7-26f6-4928-a2ce-e492c4955d54,IS301392,CID-490,a600aeb7-26f6-4928-a2ce-e492c4955d54,2026-11-06,2026-12-06,414.97,36.31,451.28,Paid,SampleGen
INV-fef82252-0a51-4f1d-a176-8d577434d28d,IS301393,CID-490,fef82252-0a51-4f1d-a176-8d577434d28d,2026-06-17,2026-07-17,379.98,33.25,413.23,Paid,SampleGen
INV-28d977b8-bf2c-4bc4-97f8-1b7ab15577a9,IS301394,CID-490,28d977b8-bf2c-4bc4-97f8-1b7ab15577a9,2023-09-17,2023-10-17,3099.93,271.25,3371.18,Paid,SampleGen
INV-07c3def2-71e9-46b7-81b6-9169f832e7de,IS301395,CID-490,07c3def2-71e9-46b7-81b6-9169f832e7de,2022-10-04,2022-11-03,5099.93,446.25,5546.18,Paid,SampleGen
INV-afce96b3-247d-465a-b621-e5e109d4c2ec,IS301396,CID-490,afce96b3-247d-465a-b621-e5e109d4c2ec,2025-07-01,2025-07-31,1649.93,144.37,1794.3,Paid,SampleGen
INV-36693c03-b333-4412-b30b-f06f7db98236,IS301397,CID-490,36693c03-b333-4412-b30b-f06f7db98236,2022-05-29,2022-06-28,1769.93,154.87,1924.8,Paid,SampleGen
INV-c6e49275-9f21-4459-8d4d-830ca931c030,IS301398,CID-490,c6e49275-9f21-4459-8d4d-830ca931c030,2021-09-17,2021-10-17,2139.94,187.25,2327.19,Paid,SampleGen
INV-3a06b2a7-4caa-4377-bea1-18176a5d412e,IS301399,CID-491,3a06b2a7-4caa-4377-bea1-18176a5d412e,2025-01-02,2025-02-01,2449.97,214.37,2664.34,Paid,SampleGen
INV-f17230eb-3290-4f1d-be19-cb40d1ba7d60,IS301400,CID-491,f17230eb-3290-4f1d-be19-cb40d1ba7d60,2026-05-05,2026-06-04,319.98,28.0,347.98,Paid,SampleGen
INV-985cb4fe-f52e-4be0-a1e9-aec34481547a,IS301401,CID-491,985cb4fe-f52e-4be0-a1e9-aec34481547a,2021-01-20,2021-02-19,3959.94,346.5,4306.44,Paid,SampleGen
INV-bd3ef6fd-0292-4eb5-bc53-1f3ad4876935,IS301402,CID-492,bd3ef6fd-0292-4eb5-bc53-1f3ad4876935,2023-12-06,2024-01-05,2609.95,228.37,2838.32,Paid,SampleGen
INV-63ee6d89-e340-4c21-b55e-31d43b1593e2,IS301403,CID-492,63ee6d89-e340-4c21-b55e-31d43b1593e2,2021-11-25,2021-12-25,949.97,83.12,1033.09,Paid,SampleGen
INV-2975c12e-d778-450d-bc06-b1b409f03beb,IS301404,CID-492,2975c12e-d778-450d-bc06-b1b409f03beb,2021-07-29,2021-08-28,2339.94,204.75,2544.69,Paid,SampleGen
INV-74e098f8-efe7-42c5-8ddb-08cc5f115126,IS301405,CID-493,74e098f8-efe7-42c5-8ddb-08cc5f115126,2023-06-16,2023-07-16,2899.96,253.75,3153.71,Paid,SampleGen
INV-76cb12c3-6643-4a65-9036-e33b533aa819,IS301406,CID-493,76cb12c3-6643-4a65-9036-e33b533aa819,2021-06-30,2021-07-30,159.98,14.0,173.98,Paid,SampleGen
INV-af2588fd-352c-4d0d-96b1-4c6b3c5828c2,IS301407,CID-493,af2588fd-352c-4d0d-96b1-4c6b3c5828c2,2023-02-02,2023-03-04,799.98,70.0,869.98,Paid,SampleGen
INV-b0a786e3-f0e1-4980-a8e9-f00ca29f0e19,IS301408,CID-493,b0a786e3-f0e1-4980-a8e9-f00ca29f0e19,2021-03-09,2021-04-08,319.98,28.0,347.98,Paid,SampleGen
INV-20b9a979-4bda-4a8e-9c0a-00edc7c38465,IS301409,CID-494,20b9a979-4bda-4a8e-9c0a-00edc7c38465,2021-10-04,2021-11-03,3489.95,305.37,3795.32,Paid,SampleGen
INV-652c2015-20b5-41c5-a1e0-462c98b55447,IS301410,CID-494,652c2015-20b5-41c5-a1e0-462c98b55447,2021-01-16,2021-02-15,159.99,14.0,173.99,Paid,SampleGen
INV-3707b1ba-ca5e-4e28-8eee-a53d2efe1c34,IS301411,CID-495,3707b1ba-ca5e-4e28-8eee-a53d2efe1c34,2025-05-26,2025-06-25,119.99,10.5,130.49,Paid,SampleGen
INV-143c9339-ba76-4d06-b40d-f8b2a7b5883a,IS301412,CID-495,143c9339-ba76-4d06-b40d-f8b2a7b5883a,2024-11-13,2024-12-13,1069.93,93.62,1163.55,Paid,SampleGen
INV-dabfc3fc-c43f-4afb-b3ca-13f2cf091658,IS301413,CID-496,dabfc3fc-c43f-4afb-b3ca-13f2cf091658,2023-06-28,2023-07-28,79.99,7.0,86.99,Paid,SampleGen
INV-354f49ce-6d57-4a19-9575-6e96929014b9,IS301414,CID-496,354f49ce-6d57-4a19-9575-6e96929014b9,2025-12-23,2026-01-22,499.98,43.75,543.73,Paid,SampleGen
INV-515ee056-ebce-440f-af1c-69be9d87ba28,IS301415,CID-497,515ee056-ebce-440f-af1c-69be9d87ba28,2023-06-05,2023-07-05,294.96,25.81,320.77,Paid,SampleGen
INV-7826b676-ff97-4c97-b6ba-48780db12b89,IS301416,CID-497,7826b676-ff97-4c97-b6ba-48780db12b89,2025-08-26,2025-09-25,889.96,77.87,967.83,Paid,SampleGen
INV-b5c61902-44ce-4221-8149-0292fb5fdf0f,IS301417,CID-497,b5c61902-44ce-4221-8149-0292fb5fdf0f,2023-05-17,2023-06-16,409.97,35.87,445.84,Paid,SampleGen
INV-eff192a0-89ae-4ce2-b0ad-be719c1e47fe,IS301418,CID-497,eff192a0-89ae-4ce2-b0ad-be719c1e47fe,2025-05-03,2025-06-02,509.95,44.62,554.57,Paid,SampleGen
INV-60ec62fe-9f64-4820-870b-781e40ded3fd,IS301419,CID-498,60ec62fe-9f64-4820-870b-781e40ded3fd,2021-07-23,2021-08-22,14.99,1.31,16.3,Paid,SampleGen
INV-00a1a529-0c7a-4ce4-b545-260a4ce7a57d,IS301420,CID-498,00a1a529-0c7a-4ce4-b545-260a4ce7a57d,2023-04-17,2023-05-17,1179.96,103.25,1283.21,Paid,SampleGen
INV-c614251c-c66b-45c8-a421-b95f7674e321,IS301421,CID-501,c614251c-c66b-45c8-a421-b95f7674e321,2021-11-27,2021-12-27,2949.93,258.12,3208.05,Paid,SampleGen
INV-2d37a4df-3eb0-46ea-8853-314a93e12166,IS301422,CID-501,2d37a4df-3eb0-46ea-8853-314a93e12166,2021-06-06,2021-07-06,649.96,56.87,706.83,Paid,SampleGen
INV-f028dabf-c2f9-47db-b4a7-cb0b0ffe2add,IS301423,CID-502,f028dabf-c2f9-47db-b4a7-cb0b0ffe2add,2024-10-15,2024-11-14,1399.96,122.5,1522.46,Paid,SampleGen
INV-c9dda26a-09d9-4c84-94c7-23cb02c51f1d,IS301424,CID-502,c9dda26a-09d9-4c84-94c7-23cb02c51f1d,2021-03-04,2021-04-03,429.96,37.62,467.58,Paid,SampleGen
INV-64945df3-f1ef-408c-97e8-a66621808639,IS301425,CID-502,64945df3-f1ef-408c-97e8-a66621808639,2026-08-13,2026-09-12,239.97,21.0,260.97,Paid,SampleGen
INV-3cfdfb34-617b-4a68-a1a2-9e5878d1db2c,IS301426,CID-503,3cfdfb34-617b-4a68-a1a2-9e5878d1db2c,2021-05-02,2021-06-01,1299.96,113.75,1413.71,Paid,SampleGen
INV-ecf638b2-a2b1-467e-aa4a-221359dec363,IS301427,CID-503,ecf638b2-a2b1-467e-aa4a-221359dec363,2021-01-14,2021-02-13,899.99,78.75,978.74,Paid,SampleGen
INV-3fe54efc-97e9-4043-982c-1ef14ab3a4fe,IS301428,CID-503,3fe54efc-97e9-4043-982c-1ef14ab3a4fe,2021-03-19,2021-04-18,2279.96,199.5,2479.46,Paid,SampleGen
INV-1046709f-2fd9-4633-bcf2-bcaad34029fc,IS301429,CID-503,1046709f-2fd9-4633-bcf2-bcaad34029fc,2021-05-04,2021-06-03,1639.94,143.5,1783.44,Paid,SampleGen
INV-11d5c8d4-11ed-4290-b915-c56bbab5c61e,IS301430,CID-504,11d5c8d4-11ed-4290-b915-c56bbab5c61e,2021-08-05,2021-09-04,239.98,21.0,260.98,Paid,SampleGen
INV-cc9edbea-0c12-43a6-8e08-2f8f8924a412,IS301431,CID-504,cc9edbea-0c12-43a6-8e08-2f8f8924a412,2021-09-11,2021-10-11,1879.96,164.5,2044.46,Paid,SampleGen
INV-5f935ab8-aeef-46e5-82d6-4a88a43d552a,IS301432,CID-505,5f935ab8-aeef-46e5-82d6-4a88a43d552a,2025-07-17,2025-08-16,1449.94,126.87,1576.81,Paid,SampleGen
INV-8fc67e21-b1ff-461f-8aec-ad8bcb7638a4,IS301433,CID-505,8fc67e21-b1ff-461f-8aec-ad8bcb7638a4,2022-03-15,2022-04-14,379.98,33.25,413.23,Paid,SampleGen
INV-54f289b8-eadd-420b-8f78-b906c203300e,IS301434,CID-505,54f289b8-eadd-420b-8f78-b906c203300e,2024-04-07,2024-05-07,2679.96,234.5,2914.46,Paid,SampleGen
INV-4d1ffe47-987d-409f-9c90-1136fe0fc7f3,IS301435,CID-505,4d1ffe47-987d-409f-9c90-1136fe0fc7f3,2021-07-02,2021-08-01,3899.96,341.25,4241.21,Paid,SampleGen
INV-426532b8-ebb2-46d7-bb09-686c1ab21b3a,IS301436,CID-506,426532b8-ebb2-46d7-bb09-686c1ab21b3a,2022-05-24,2022-06-23,739.94,64.75,804.69,Paid,SampleGen
INV-5455b2c0-af20-409e-9ac4-7f654cb5119a,IS301437,CID-506,5455b2c0-af20-409e-9ac4-7f654cb5119a,2025-09-27,2025-10-27,1159.98,101.5,1261.48,Paid,SampleGen
INV-bd7a0214-15a7-4084-91ec-5bdebd963ab2,IS301438,CID-506,bd7a0214-15a7-4084-91ec-5bdebd963ab2,2025-06-09,2025-07-09,1119.95,97.99,1217.94,Paid,SampleGen
INV-607808f3-2d9c-4d6d-bb1d-4134e7b91231,IS301439,CID-506,607808f3-2d9c-4d6d-bb1d-4134e7b91231,2024-04-14,2024-05-14,769.96,67.37,837.33,Paid,SampleGen
INV-f14b0aa2-f9ef-4499-a709-6d9b946202b0,IS301440,CID-506,f14b0aa2-f9ef-4499-a709-6d9b946202b0,2025-09-06,2025-10-06,2699.96,236.25,2936.21,Paid,SampleGen
INV-a1ead64f-d164-4173-9390-2dcab647fcb5,IS301441,CID-506,a1ead64f-d164-4173-9390-2dcab647fcb5,2022-01-17,2022-02-16,1649.97,144.37,1794.34,Paid,SampleGen
INV-95ef09ff-8e7b-49b7-9bfc-e9833eaf8801,IS301442,CID-506,95ef09ff-8e7b-49b7-9bfc-e9833eaf8801,2025-09-25,2025-10-25,999.97,87.5,1087.47,Paid,SampleGen
INV-7e9ca91b-011b-49b4-80ac-3dfaf9825c20,IS301443,CID-507,7e9ca91b-011b-49b4-80ac-3dfaf9825c20,2022-11-27,2022-12-27,4659.92,407.75,5067.67,Paid,SampleGen
INV-b7603010-bc84-4a3a-bc58-9bbb6e9ad032,IS301444,CID-507,b7603010-bc84-4a3a-bc58-9bbb6e9ad032,2026-10-17,2026-11-16,3359.94,294.0,3653.94,Paid,SampleGen
INV-37120f2c-8b80-4fca-b960-27191963ac7b,IS301445,CID-508,37120f2c-8b80-4fca-b960-27191963ac7b,2024-01-12,2024-02-11,4659.94,407.75,5067.69,Paid,SampleGen
INV-79fe3b15-c70c-40aa-8535-aabc3da9c05e,IS301446,CID-508,79fe3b15-c70c-40aa-8535-aabc3da9c05e,2026-02-20,2026-03-22,249.99,21.87,271.86,Paid,SampleGen
INV-9e0eb1d5-feb2-462f-be40-4ea3960ca431,IS301447,CID-508,9e0eb1d5-feb2-462f-be40-4ea3960ca431,2021-09-27,2021-10-27,1349.95,118.12,1468.07,Paid,SampleGen
INV-ae49207b-3c53-40df-9212-1afc54824a62,IS301448,CID-508,ae49207b-3c53-40df-9212-1afc54824a62,2023-03-28,2023-04-27,1139.95,99.74,1239.69,Paid,SampleGen
INV-00bef1b4-e7e9-476f-9804-5f86e775035f,IS301449,CID-508,00bef1b4-e7e9-476f-9804-5f86e775035f,2023-09-01,2023-10-01,1279.96,112.0,1391.96,Paid,SampleGen
INV-3cb62e70-75cc-43f5-ac8c-8ab9a4b38e36,IS301450,CID-508,3cb62e70-75cc-43f5-ac8c-8ab9a4b38e36,2026-10-18,2026-11-17,909.97,79.62,989.59,Paid,SampleGen
INV-02da6353-6428-4ea4-896b-f4bc91df6704,IS301451,CID-508,02da6353-6428-4ea4-896b-f4bc91df6704,2023-08-12,2023-09-11,1909.94,167.12,2077.06,Paid,SampleGen
INV-ac1dd3b0-6525-4674-897b-5baced06a5da,IS301452,CID-508,ac1dd3b0-6525-4674-897b-5baced06a5da,2021-10-24,2021-11-23,3359.93,294.0,3653.93,Paid,SampleGen
INV-3a8a6ae2-1d11-4862-a371-e2baa6ac3f3f,IS301453,CID-509,3a8a6ae2-1d11-4862-a371-e2baa6ac3f3f,2026-05-15,2026-06-14,1299.98,113.75,1413.73,Paid,SampleGen
INV-9e5c4516-75a0-457f-9ab0-1d16f567f176,IS301454,CID-510,9e5c4516-75a0-457f-9ab0-1d16f567f176,2023-09-11,2023-10-11,2599.96,227.5,2827.46,Paid,SampleGen
INV-dc5e3238-cff9-4826-a2ad-80599be77243,IS301455,CID-510,dc5e3238-cff9-4826-a2ad-80599be77243,2021-05-09,2021-06-08,539.97,47.25,587.22,Paid,SampleGen
INV-b7d34432-8ba0-44cb-ad3b-c24e44fbfd3b,IS301456,CID-510,b7d34432-8ba0-44cb-ad3b-c24e44fbfd3b,2024-01-07,2024-02-06,3349.95,293.12,3643.07,Paid,SampleGen
INV-be4594fd-0827-4e6a-a4d7-da1f696b4594,IS301457,CID-510,be4594fd-0827-4e6a-a4d7-da1f696b4594,2026-06-25,2026-07-25,3139.95,274.75,3414.7,Paid,SampleGen
INV-aa1eef5f-520a-46d1-a209-36cd57a4b800,IS301458,CID-510,aa1eef5f-520a-46d1-a209-36cd57a4b800,2025-09-10,2025-10-10,129.99,11.37,141.36,Paid,SampleGen
INV-45f8e38a-df58-4612-b78a-f26ea673a5a5,IS301459,CID-510,45f8e38a-df58-4612-b78a-f26ea673a5a5,2023-11-25,2023-12-25,799.97,70.0,869.97,Paid,SampleGen
INV-34d1db76-e536-47a5-a58d-57abba219199,IS301460,CID-510,34d1db76-e536-47a5-a58d-57abba219199,2023-09-06,2023-10-06,249.98,21.87,271.85,Paid,SampleGen
INV-319c5f8e-4510-41df-8c86-68b47f41e35d,IS301461,CID-510,319c5f8e-4510-41df-8c86-68b47f41e35d,2023-04-24,2023-05-24,3149.95,275.62,3425.57,Paid,SampleGen
INV-60a40995-b32c-4146-b451-36b2043aa4ab,IS301462,CID-510,60a40995-b32c-4146-b451-36b2043aa4ab,2022-12-17,2023-01-16,2279.95,199.5,2479.45,Paid,SampleGen
INV-43232567-3049-4e1a-a54e-2ff1005d61da,IS301463,CID-511,43232567-3049-4e1a-a54e-2ff1005d61da,2026-05-25,2026-06-24,159.98,14.0,173.98,Paid,SampleGen
INV-57a3090c-4397-4e8b-9ba7-0166e2bad6eb,IS301464,CID-511,57a3090c-4397-4e8b-9ba7-0166e2bad6eb,2025-12-03,2026-01-02,1309.95,114.62,1424.57,Paid,SampleGen
INV-fd78adbd-7010-4e0e-81d4-565b868107c5,IS301465,CID-511,fd78adbd-7010-4e0e-81d4-565b868107c5,2022-03-14,2022-04-13,2269.95,198.62,2468.57,Paid,SampleGen
INV-342eb62a-ec78-4b91-9553-38c3942ec16d,IS301466,CID-511,342eb62a-ec78-4b91-9553-38c3942ec16d,2022-09-07,2022-10-07,1929.94,168.87,2098.81,Paid,SampleGen
INV-385afbb7-6d79-428d-a3d0-8a77bcf9f9ba,IS301467,CID-511,385afbb7-6d79-428d-a3d0-8a77bcf9f9ba,2024-06-12,2024-07-12,509.96,44.62,554.58,Paid,SampleGen
INV-740d61a8-30e4-4312-be56-5dafebf7a5a7,IS301468,CID-511,740d61a8-30e4-4312-be56-5dafebf7a5a7,2023-06-06,2023-07-06,239.98,21.0,260.98,Paid,SampleGen
INV-3c27cdf2-00d0-449b-b935-c697e251df75,IS301469,CID-512,3c27cdf2-00d0-449b-b935-c697e251df75,2026-06-21,2026-07-21,1379.97,120.75,1500.72,Paid,SampleGen
INV-9c94735e-f46a-40e0-ab5f-aee41775f486,IS301470,CID-512,9c94735e-f46a-40e0-ab5f-aee41775f486,2026-06-06,2026-07-06,1769.94,154.87,1924.81,Paid,SampleGen
INV-41830f15-7fea-44b2-a4dc-cdb5abe56ea9,IS301471,CID-512,41830f15-7fea-44b2-a4dc-cdb5abe56ea9,2024-07-10,2024-08-09,799.96,70.0,869.96,Paid,SampleGen
INV-297f6e2d-4fc7-489e-af1b-cce7af7fc147,IS301472,CID-513,297f6e2d-4fc7-489e-af1b-cce7af7fc147,2023-08-13,2023-09-12,1369.96,119.87,1489.83,Paid,SampleGen
