PaymentID,InvoiceID,CustomerID,PaymentDate,PaymentAmount,PaymentMethod,PaymentStatus,CreatedBy
PAY-808fc41a-5eac-43b9-84d6-12633f04542a,INV-808fc41a-5eac-43b9-84d6-12633f04542a,CID-001,2026-04-19,1990.08,VISA,Completed,SampleGen
PAY-2aaed450-2e4d-41e3-816f-e5a80fba4beb,INV-2aaed450-2e4d-41e3-816f-e5a80fba4beb,CID-001,2021-05-10,4262.94,MC,Completed,SampleGen
PAY-2be88b22-007c-435c-ae0b-f3e652130658,INV-2be88b22-007c-435c-ae0b-f3e652130658,CID-001,2025-09-26,2843.78,AmEx,Completed,SampleGen
PAY-a9a0462f-3339-4559-90cd-f0885a30da16,INV-a9a0462f-3339-4559-90cd-f0885a30da16,CID-001,2026-06-29,2501.18,MC,Completed,SampleGen
PAY-3ae71ca7-8198-46c2-addd-cfbd1bb743c1,INV-3ae71ca7-8198-46c2-addd-cfbd1bb743c1,CID-002,2022-06-13,859.08,VISA,Completed,SampleGen
PAY-b4ea736f-a3bd-443c-965d-f7446a4b20b9,INV-b4ea736f-a3bd-443c-965d-f7446a4b20b9,CID-003,2025-05-16,3893.19,MC,Completed,SampleGen
PAY-8ac8bcf5-f387-4133-89a2-912c7b908aca,INV-8ac8bcf5-f387-4133-89a2-912c7b908aca,CID-003,2024-02-24,5111.19,Discover,Completed,SampleGen
PAY-0893c1ec-ec5a-40fa-b479-df7c0b0b5f80,INV-0893c1ec-ec5a-40fa-b479-df7c0b0b5f80,CID-003,2021-07-01,2947.07,PayPal,Completed,SampleGen
PAY-f31e59c0-2c8e-4a1d-8a97-0e545309cc61,INV-f31e59c0-2c8e-4a1d-8a97-0e545309cc61,CID-003,2022-06-06,913.46,AmEx,Completed,SampleGen
PAY-9df43b67-bade-4396-b06a-dc76e7b0bd47,INV-9df43b67-bade-4396-b06a-dc76e7b0bd47,CID-003,2023-01-02,1152.71,MC,Completed,SampleGen
PAY-cbbfa51b-3994-435c-939c-01c6d2edd679,INV-cbbfa51b-3994-435c-939c-01c6d2edd679,CID-004,2021-08-27,16.3,Discover,Completed,SampleGen
PAY-814ad11b-b02a-4f81-9d23-97da8456d837,INV-814ad11b-b02a-4f81-9d23-97da8456d837,CID-005,2022-12-18,978.73,VISA,Completed,SampleGen
PAY-7292ff72-f61d-4569-b8e1-ff0b99098a64,INV-7292ff72-f61d-4569-b8e1-ff0b99098a64,CID-005,2024-11-23,1478.94,MC,Completed,SampleGen
PAY-f9ed93db-6df3-4ba2-bcb8-bc1f7dc476b1,INV-f9ed93db-6df3-4ba2-bcb8-bc1f7dc476b1,CID-005,2021-05-03,1478.96,MC,Completed,SampleGen
PAY-e9e3b1b2-3ebd-4449-a106-d8c3bbb1bb2c,INV-e9e3b1b2-3ebd-4449-a106-d8c3bbb1bb2c,CID-005,2026-01-09,2207.55,VISA,Completed,SampleGen
PAY-8bef4f29-752f-43cf-9f46-c5e298a33b3d,INV-8bef4f29-752f-43cf-9f46-c5e298a33b3d,CID-006,2021-09-29,2229.33,VISA,Completed,SampleGen
PAY-4e7c53fa-1778-48c1-a4c6-0151c6f89eb2,INV-4e7c53fa-1778-48c1-a4c6-0151c6f89eb2,CID-006,2026-06-28,1826.94,PayPal,Completed,SampleGen
PAY-e4f249b4-b994-41f7-97a8-6b9e1af0dfb2,INV-e4f249b4-b994-41f7-97a8-6b9e1af0dfb2,CID-006,2022-12-19,3479.95,PayPal,Completed,SampleGen
PAY-5330cd59-05bd-4e8b-99bb-e664f63c232f,INV-5330cd59-05bd-4e8b-99bb-e664f63c232f,CID-006,2025-12-09,1196.23,VISA,Completed,SampleGen
PAY-6ea5b7f8-1472-4a7b-9eae-64210d4cce76,INV-6ea5b7f8-1472-4a7b-9eae-64210d4cce76,CID-007,2025-12-27,2827.47,VISA,Completed,SampleGen
PAY-bb8c595a-fb18-490f-b2c1-e23e6160083a,INV-bb8c595a-fb18-490f-b2c1-e23e6160083a,CID-007,2026-10-17,2860.06,VISA,Completed,SampleGen
PAY-21ccda0c-37a6-4d7a-a822-4721114da688,INV-21ccda0c-37a6-4d7a-a822-4721114da688,CID-008,2021-05-15,1196.23,PayPal,Completed,SampleGen
PAY-e6d03e30-4d4b-4eb6-85f2-ffb7597a82ef,INV-e6d03e30-4d4b-4eb6-85f2-ffb7597a82ef,CID-008,2024-03-31,869.98,PayPal,Completed,SampleGen
PAY-7cdcccc3-49e9-41a9-b891-beb04547ae87,INV-7cdcccc3-49e9-41a9-b891-beb04547ae87,CID-009,2021-09-11,1935.7,PayPal,Completed,SampleGen
PAY-8ef75dd7-f2b7-467a-a233-7205a66962e5,INV-8ef75dd7-f2b7-467a-a233-7205a66962e5,CID-010,2024-09-20,2066.2,Discover,Completed,SampleGen
PAY-9b71793a-376a-46ee-a73b-7c7094231a3a,INV-9b71793a-376a-46ee-a73b-7c7094231a3a,CID-010,2021-06-08,380.59,VISA,Completed,SampleGen
PAY-135271f5-e1d0-4ec9-941a-9bd82f952b98,INV-135271f5-e1d0-4ec9-941a-9bd82f952b98,CID-010,2023-10-26,1315.84,MC,Completed,SampleGen
PAY-7677db67-25bd-4fd7-b154-67a3acc8421e,INV-7677db67-25bd-4fd7-b154-67a3acc8421e,CID-010,2021-07-19,3588.68,VISA,Completed,SampleGen
PAY-b5744d92-b966-490c-ad89-344d62d95b51,INV-b5744d92-b966-490c-ad89-344d62d95b51,CID-010,2025-01-01,761.23,VISA,Completed,SampleGen
PAY-5f4b9ff9-580c-4986-b3db-f8187f774b54,INV-5f4b9ff9-580c-4986-b3db-f8187f774b54,CID-010,2025-07-22,1913.94,AmEx,Completed,SampleGen
PAY-abdc803d-bba5-41e5-b269-faf73bd81ff3,INV-abdc803d-bba5-41e5-b269-faf73bd81ff3,CID-011,2023-12-13,2664.33,MC,Completed,SampleGen
PAY-176cc2eb-b39c-4d96-b108-43dec29caa43,INV-176cc2eb-b39c-4d96-b108-43dec29caa43,CID-011,2025-05-01,434.99,Discover,Completed,SampleGen
PAY-4a80fe26-5897-47dd-88d1-f77d1458ffa7,INV-4a80fe26-5897-47dd-88d1-f77d1458ffa7,CID-011,2023-07-05,239.22,PayPal,Completed,SampleGen
PAY-4ea85bf2-709d-4dc9-b3bd-d74bf1d8cde1,INV-4ea85bf2-709d-4dc9-b3bd-d74bf1d8cde1,CID-011,2023-05-03,2599.08,AmEx,Completed,SampleGen
PAY-b7865066-4b27-4ed5-89ce-ef5e504c2c75,INV-b7865066-4b27-4ed5-89ce-ef5e504c2c75,CID-012,2021-01-23,2827.48,MC,Completed,SampleGen
PAY-cfe2d42d-7067-4ea5-8e55-03af11bcaa03,INV-cfe2d42d-7067-4ea5-8e55-03af11bcaa03,CID-012,2025-06-12,685.08,AmEx,Completed,SampleGen
PAY-cdea81e0-21aa-414a-92b2-17949824c161,INV-cdea81e0-21aa-414a-92b2-17949824c161,CID-013,2023-04-15,1500.72,Discover,Completed,SampleGen
PAY-cfb39dfa-283c-4f57-aa69-2b51839963be,INV-cfb39dfa-283c-4f57-aa69-2b51839963be,CID-013,2023-12-08,815.59,Discover,Completed,SampleGen
PAY-1e4c71db-125e-4b49-b37c-ccb705304a31,INV-1e4c71db-125e-4b49-b37c-ccb705304a31,CID-013,2025-10-14,2718.68,PayPal,Completed,SampleGen
PAY-599cba47-4146-4ba0-90bf-07d09bd83fc3,INV-599cba47-4146-4ba0-90bf-07d09bd83fc3,CID-014,2025-08-16,1169.01,PayPal,Completed,SampleGen
PAY-4e15b9cd-634d-4c62-91d6-8cea7c0dbc71,INV-4e15b9cd-634d-4c62-91d6-8cea7c0dbc71,CID-014,2024-08-17,2370.68,VISA,Completed,SampleGen
PAY-21896dfa-25db-4c9e-9c95-a0a3d3522288,INV-21896dfa-25db-4c9e-9c95-a0a3d3522288,CID-015,2025-08-19,1152.67,AmEx,Completed,SampleGen
PAY-0ffa35cc-3c6f-4aaa-8d07-33ec9c1d1d92,INV-0ffa35cc-3c6f-4aaa-8d07-33ec9c1d1d92,CID-015,2025-08-31,2283.72,VISA,Completed,SampleGen
PAY-eb03fd84-5832-406b-840f-c15ceed5905f,INV-eb03fd84-5832-406b-840f-c15ceed5905f,CID-016,2022-04-26,1522.48,VISA,Completed,SampleGen
PAY-48243a64-2730-4a0b-9e73-ad30a0e711a3,INV-48243a64-2730-4a0b-9e73-ad30a0e711a3,CID-016,2024-12-01,1196.22,AmEx,Completed,SampleGen
PAY-34add744-eeab-4932-829e-840a03f62715,INV-34add744-eeab-4932-829e-840a03f62715,CID-017,2025-12-30,2642.57,VISA,Completed,SampleGen
PAY-10b9c3f6-733e-499e-9775-82c448200994,INV-10b9c3f6-733e-499e-9775-82c448200994,CID-017,2026-10-16,3327.69,Discover,Completed,SampleGen
PAY-7cd7485e-ff76-4132-b217-61db6576c3d0,INV-7cd7485e-ff76-4132-b217-61db6576c3d0,CID-017,2024-04-02,347.98,AmEx,Completed,SampleGen
PAY-f7197948-6424-44f5-b6cc-7f5ac4cd3a55,INV-f7197948-6424-44f5-b6cc-7f5ac4cd3a55,CID-017,2025-09-21,2512.07,MC,Completed,SampleGen
PAY-01f89be9-7401-406b-9abf-ce366b46ddfe,INV-01f89be9-7401-406b-9abf-ce366b46ddfe,CID-017,2025-06-27,543.73,PayPal,Completed,SampleGen
PAY-e55447c9-f93e-467c-8c0a-004814797ede,INV-e55447c9-f93e-467c-8c0a-004814797ede,CID-018,2025-09-04,1413.73,PayPal,Completed,SampleGen
PAY-77571c14-ce0e-404f-9e8f-1030b40c6469,INV-77571c14-ce0e-404f-9e8f-1030b40c6469,CID-018,2026-07-07,1799.75,VISA,Completed,SampleGen
PAY-23292c58-826f-4f04-bdfb-1e872ac219a8,INV-23292c58-826f-4f04-bdfb-1e872ac219a8,CID-019,2024-04-07,1098.33,VISA,Completed,SampleGen
PAY-ab9f151d-b3a4-4220-bee3-99a381ea493b,INV-ab9f151d-b3a4-4220-bee3-99a381ea493b,CID-019,2021-01-26,978.73,Discover,Completed,SampleGen
PAY-2c89e079-1f32-408e-b2c8-aacac53c0269,INV-2c89e079-1f32-408e-b2c8-aacac53c0269,CID-019,2025-01-30,1196.22,AmEx,Completed,SampleGen
PAY-ae371c13-f775-4203-88ea-1b1f40d34003,INV-ae371c13-f775-4203-88ea-1b1f40d34003,CID-019,2026-06-20,288.16,AmEx,Completed,SampleGen
PAY-7cd509f0-4e31-48c2-8cc8-061d3f8c5217,INV-7cd509f0-4e31-48c2-8cc8-061d3f8c5217,CID-020,2022-01-13,2892.68,VISA,Completed,SampleGen
PAY-767106a5-f9b6-400d-98cd-6389587827a1,INV-767106a5-f9b6-400d-98cd-6389587827a1,CID-020,2023-09-08,1288.62,MC,Completed,SampleGen
PAY-c6a7bbf1-65bc-42d9-84d8-148836e1cccd,INV-c6a7bbf1-65bc-42d9-84d8-148836e1cccd,CID-020,2024-08-25,2533.81,MC,Completed,SampleGen
PAY-c6efbd83-dbee-4514-90c6-7e75b655886b,INV-c6efbd83-dbee-4514-90c6-7e75b655886b,CID-020,2022-07-20,1250.57,PayPal,Completed,SampleGen
PAY-e1d9b691-4fbe-4dfd-959b-f05c749466d2,INV-e1d9b691-4fbe-4dfd-959b-f05c749466d2,CID-020,2022-05-04,413.23,VISA,Completed,SampleGen
PAY-f7d693de-33aa-4361-b07b-3a24bf1f4a2b,INV-f7d693de-33aa-4361-b07b-3a24bf1f4a2b,CID-020,2023-02-26,4034.56,MC,Completed,SampleGen
PAY-cc09216f-a9e2-4040-ac88-c6ac9c11fe24,INV-cc09216f-a9e2-4040-ac88-c6ac9c11fe24,CID-021,2024-05-24,956.95,VISA,Completed,SampleGen
PAY-75bb403f-b83e-4614-965a-db6978f0bf5e,INV-75bb403f-b83e-4614-965a-db6978f0bf5e,CID-021,2026-01-26,3806.21,VISA,Completed,SampleGen
PAY-b8314ecc-fec1-49a0-89c2-b1d226ad87aa,INV-b8314ecc-fec1-49a0-89c2-b1d226ad87aa,CID-021,2025-10-27,1881.32,AmEx,Completed,SampleGen
PAY-c56b9da6-a548-4dd7-8d70-d4f53b4d7429,INV-c56b9da6-a548-4dd7-8d70-d4f53b4d7429,CID-021,2024-07-30,1457.21,VISA,Completed,SampleGen
PAY-3819fedb-eda4-4aea-b32d-2eca020e56f6,INV-3819fedb-eda4-4aea-b32d-2eca020e56f6,CID-022,2024-04-02,1750.84,AmEx,Completed,SampleGen
PAY-f8e29aa4-523e-44cf-9266-9d56f4b4171d,INV-f8e29aa4-523e-44cf-9266-9d56f4b4171d,CID-022,2025-02-08,2120.59,PayPal,Completed,SampleGen
PAY-dcc52891-05a4-4446-9911-f236a2b3c927,INV-dcc52891-05a4-4446-9911-f236a2b3c927,CID-022,2021-08-06,3632.19,PayPal,Completed,SampleGen
PAY-fcc37031-9991-4c18-aebd-f551e7f75c14,INV-fcc37031-9991-4c18-aebd-f551e7f75c14,CID-022,2024-01-15,282.73,VISA,Completed,SampleGen
PAY-c419664c-f6d7-447b-96d8-3a5cf02fc694,INV-c419664c-f6d7-447b-96d8-3a5cf02fc694,CID-023,2023-08-03,206.61,PayPal,Completed,SampleGen
PAY-d189b883-12f1-44ec-a58c-d88225165934,INV-d189b883-12f1-44ec-a58c-d88225165934,CID-023,2025-09-22,1413.74,VISA,Completed,SampleGen
PAY-0435cd46-0975-4706-8bd9-e887954c1b6b,INV-0435cd46-0975-4706-8bd9-e887954c1b6b,CID-023,2026-05-06,3577.82,VISA,Completed,SampleGen
PAY-c40efcd4-e355-49db-a358-0d24517b7bb2,INV-c40efcd4-e355-49db-a358-0d24517b7bb2,CID-023,2025-06-21,260.98,Discover,Completed,SampleGen
PAY-73fdf6a3-ae6a-4f9f-a2bb-e9133720fa55,INV-73fdf6a3-ae6a-4f9f-a2bb-e9133720fa55,CID-023,2024-03-31,619.84,PayPal,Completed,SampleGen
PAY-c68b6079-5ba4-4c66-829e-e0b0edb80762,INV-c68b6079-5ba4-4c66-829e-e0b0edb80762,CID-023,2024-04-29,1957.44,AmEx,Completed,SampleGen
PAY-94506287-0d85-40e6-b0ac-b616ddcdc321,INV-94506287-0d85-40e6-b0ac-b616ddcdc321,CID-024,2021-11-07,706.86,MC,Completed,SampleGen
PAY-5c0ed62e-8799-4df8-9357-6b69f971549c,INV-5c0ed62e-8799-4df8-9357-6b69f971549c,CID-024,2023-09-16,2696.94,Discover,Completed,SampleGen
PAY-f055396c-9283-4047-9ceb-50bae4d27860,INV-f055396c-9283-4047-9ceb-50bae4d27860,CID-024,2024-08-06,1848.7,MC,Completed,SampleGen
PAY-44d3153f-d911-41a2-9b3f-1bc88d7d9a5a,INV-44d3153f-d911-41a2-9b3f-1bc88d7d9a5a,CID-025,2021-03-07,739.44,MC,Completed,SampleGen
PAY-20279b93-dd1d-4363-a875-6844625c238b,INV-20279b93-dd1d-4363-a875-6844625c238b,CID-025,2022-05-28,326.22,Discover,Completed,SampleGen
PAY-6292162f-9ced-4fd5-ab9b-94efd17f5c3d,INV-6292162f-9ced-4fd5-ab9b-94efd17f5c3d,CID-026,2026-02-09,2925.31,PayPal,Completed,SampleGen
PAY-f159ab3a-1220-4136-a67a-b3a9c9bc0c35,INV-f159ab3a-1220-4136-a67a-b3a9c9bc0c35,CID-026,2024-03-20,206.61,AmEx,Completed,SampleGen
PAY-711f085d-451b-4af6-9d1a-499e0732afde,INV-711f085d-451b-4af6-9d1a-499e0732afde,CID-027,2026-06-21,2425.06,MC,Completed,SampleGen
PAY-d502297c-3e02-452d-92a0-17d628705748,INV-d502297c-3e02-452d-92a0-17d628705748,CID-027,2024-05-02,652.48,AmEx,Completed,SampleGen
PAY-a6fc3c53-9127-405f-ba13-d26036654cf1,INV-a6fc3c53-9127-405f-ba13-d26036654cf1,CID-028,2024-06-24,3479.96,PayPal,Completed,SampleGen
PAY-80b7d303-19fa-4bf5-a0be-1a3b38417f5d,INV-80b7d303-19fa-4bf5-a0be-1a3b38417f5d,CID-028,2022-10-16,1652.96,AmEx,Completed,SampleGen
PAY-dfa36b0f-c58b-4807-8435-168d9ab3cdfa,INV-dfa36b0f-c58b-4807-8435-168d9ab3cdfa,CID-028,2021-07-04,772.1,Discover,Completed,SampleGen
PAY-a103859f-7949-4cc1-9532-f2d63a10bb7c,INV-a103859f-7949-4cc1-9532-f2d63a10bb7c,CID-028,2026-07-11,1000.48,Discover,Completed,SampleGen
PAY-32ef3db6-8ae5-42ac-a7fe-eab24d286a6d,INV-32ef3db6-8ae5-42ac-a7fe-eab24d286a6d,CID-028,2026-05-11,402.34,MC,Completed,SampleGen
PAY-9823a757-af82-43dd-9b77-4ade3212043a,INV-9823a757-af82-43dd-9b77-4ade3212043a,CID-028,2021-01-28,1272.31,Discover,Completed,SampleGen
PAY-b8af9c16-e919-4753-87b3-b35dfed03ebb,INV-b8af9c16-e919-4753-87b3-b35dfed03ebb,CID-028,2022-05-05,1903.08,VISA,Completed,SampleGen
PAY-7fa50785-969f-48dc-a133-7e069decd3f7,INV-7fa50785-969f-48dc-a133-7e069decd3f7,CID-029,2021-09-03,543.73,VISA,Completed,SampleGen
PAY-ad6c24ec-9c82-4ea5-af3d-0b6ccd467bff,INV-ad6c24ec-9c82-4ea5-af3d-0b6ccd467bff,CID-029,2023-02-20,489.36,PayPal,Completed,SampleGen
PAY-8f9d7c32-4200-4127-b4f0-b0799af9d2a2,INV-8f9d7c32-4200-4127-b4f0-b0799af9d2a2,CID-029,2026-09-22,3425.56,VISA,Completed,SampleGen
PAY-08bb9e29-d184-4945-8d67-81e47a2a8549,INV-08bb9e29-d184-4945-8d67-81e47a2a8549,CID-029,2025-01-06,391.48,VISA,Completed,SampleGen
PAY-db354f9a-3949-4010-b804-08d381e24e09,INV-db354f9a-3949-4010-b804-08d381e24e09,CID-030,2021-03-07,445.84,PayPal,Completed,SampleGen
PAY-70f13d40-3bc4-4fcd-a537-57466d90a086,INV-70f13d40-3bc4-4fcd-a537-57466d90a086,CID-031,2024-08-09,1739.97,MC,Completed,SampleGen
PAY-9a850744-fe01-4ce3-9148-8f1a622ce493,INV-9a850744-fe01-4ce3-9148-8f1a622ce493,CID-031,2021-05-14,86.99,Discover,Completed,SampleGen
PAY-f3519f0a-5e4c-4d10-8109-5051f7060688,INV-f3519f0a-5e4c-4d10-8109-5051f7060688,CID-031,2023-09-03,413.23,VISA,Completed,SampleGen
PAY-e74ee310-d85e-4fce-a8ce-b90e84edfd3d,INV-e74ee310-d85e-4fce-a8ce-b90e84edfd3d,CID-032,2021-01-26,2675.18,VISA,Completed,SampleGen
PAY-faa74917-b4e9-48f0-b9ba-0dda97e72af0,INV-faa74917-b4e9-48f0-b9ba-0dda97e72af0,CID-032,2026-06-17,3784.44,PayPal,Completed,SampleGen
PAY-002107f1-7e65-4ace-b8d3-3a213700eb67,INV-002107f1-7e65-4ace-b8d3-3a213700eb67,CID-033,2023-08-05,206.61,MC,Completed,SampleGen
PAY-ded5e3fd-99b3-4782-8a91-a57cefee6401,INV-ded5e3fd-99b3-4782-8a91-a57cefee6401,CID-034,2024-09-30,706.86,MC,Completed,SampleGen
PAY-98c915a4-be98-4d71-a7df-bd324ff13911,INV-98c915a4-be98-4d71-a7df-bd324ff13911,CID-035,2024-05-09,500.22,AmEx,Completed,SampleGen
PAY-a41831e1-501a-44dc-a4a6-734c6662f2b3,INV-a41831e1-501a-44dc-a4a6-734c6662f2b3,CID-035,2023-06-18,761.19,AmEx,Completed,SampleGen
PAY-1317f9dc-befa-4f1c-82ae-dce368d64c94,INV-1317f9dc-befa-4f1c-82ae-dce368d64c94,CID-036,2022-12-07,598.11,VISA,Completed,SampleGen
PAY-0856fe36-9f14-4935-9a07-eec9d0be3d84,INV-0856fe36-9f14-4935-9a07-eec9d0be3d84,CID-036,2023-09-19,2446.83,VISA,Completed,SampleGen
PAY-b3b11a09-3e4f-47cd-ae42-686e4d466f16,INV-b3b11a09-3e4f-47cd-ae42-686e4d466f16,CID-036,2021-01-12,2827.48,VISA,Completed,SampleGen
PAY-e3a6dc03-348e-48ff-9774-5adfc6b7046f,INV-e3a6dc03-348e-48ff-9774-5adfc6b7046f,CID-037,2026-03-24,837.35,VISA,Completed,SampleGen
PAY-21f1a8f6-aa55-42af-9c75-5776ee9af4df,INV-21f1a8f6-aa55-42af-9c75-5776ee9af4df,CID-037,2026-11-17,130.48,AmEx,Completed,SampleGen
PAY-6b3c65aa-8bc0-4177-a38b-20ce0e9653f6,INV-6b3c65aa-8bc0-4177-a38b-20ce0e9653f6,CID-038,2022-02-15,2783.93,VISA,Completed,SampleGen
PAY-142b766e-e641-4a25-9349-1a42a4217232,INV-142b766e-e641-4a25-9349-1a42a4217232,CID-038,2026-04-02,1903.09,VISA,Completed,SampleGen
PAY-f3383053-1f51-4a49-a89f-bb47450da73a,INV-f3383053-1f51-4a49-a89f-bb47450da73a,CID-038,2021-12-04,326.24,PayPal,Completed,SampleGen
PAY-bd4cbdaa-6188-489d-a2fb-11ddaa041cdb,INV-bd4cbdaa-6188-489d-a2fb-11ddaa041cdb,CID-038,2023-06-01,1522.46,PayPal,Completed,SampleGen
PAY-258fe642-c116-439c-ba96-8eb1bf3f87a4,INV-258fe642-c116-439c-ba96-8eb1bf3f87a4,CID-039,2025-02-10,630.74,Discover,Completed,SampleGen
PAY-c47d07ad-afde-4667-8bcd-f20e69f0395f,INV-c47d07ad-afde-4667-8bcd-f20e69f0395f,CID-039,2024-07-13,413.23,PayPal,Completed,SampleGen
PAY-4bc5740b-dc6c-415b-94e5-73676c4a695d,INV-4bc5740b-dc6c-415b-94e5-73676c4a695d,CID-039,2026-09-19,5654.94,MC,Completed,SampleGen
PAY-6aa1e341-05a4-40fb-b497-a1f9aa337a38,INV-6aa1e341-05a4-40fb-b497-a1f9aa337a38,CID-039,2024-07-08,173.98,VISA,Completed,SampleGen
PAY-e86c3ca0-ba3d-4dcc-bb44-f2a5543abf31,INV-e86c3ca0-ba3d-4dcc-bb44-f2a5543abf31,CID-039,2024-09-11,1261.48,PayPal,Completed,SampleGen
PAY-324833f4-28b9-4f88-a86b-3ba7b4362cd7,INV-324833f4-28b9-4f88-a86b-3ba7b4362cd7,CID-039,2021-03-05,3262.47,MC,Completed,SampleGen
PAY-0e2765ad-5a16-4e2b-9efc-ce9f0c874b8e,INV-0e2765ad-5a16-4e2b-9efc-ce9f0c874b8e,CID-040,2021-03-04,4110.7,PayPal,Completed,SampleGen
PAY-ecaaca71-5c09-4ea1-829e-32dd462f893d,INV-ecaaca71-5c09-4ea1-829e-32dd462f893d,CID-040,2024-12-31,869.98,VISA,Completed,SampleGen
PAY-978da81a-ee56-423d-9216-2864360c3682,INV-978da81a-ee56-423d-9216-2864360c3682,CID-040,2026-01-27,1663.82,MC,Completed,SampleGen
PAY-7374dda1-8570-4c10-b97b-718e1f0dbb20,INV-7374dda1-8570-4c10-b97b-718e1f0dbb20,CID-041,2023-05-24,2338.09,VISA,Completed,SampleGen
PAY-8c5e0d4f-8e46-4c5d-836c-4211d7c83060,INV-8c5e0d4f-8e46-4c5d-836c-4211d7c83060,CID-041,2022-02-13,1663.83,VISA,Completed,SampleGen
PAY-4d3004c7-b178-4c2a-9a2b-4ac5f31a53b5,INV-4d3004c7-b178-4c2a-9a2b-4ac5f31a53b5,CID-041,2022-01-10,2860.07,AmEx,Completed,SampleGen
PAY-4f5e3d6a-5a8f-42db-82a2-36d079879121,INV-4f5e3d6a-5a8f-42db-82a2-36d079879121,CID-041,2025-05-11,3392.95,VISA,Completed,SampleGen
PAY-7eb997ff-c5cb-4867-a6d6-146a3b99b61b,INV-7eb997ff-c5cb-4867-a6d6-146a3b99b61b,CID-042,2023-05-20,1587.71,AmEx,Completed,SampleGen
PAY-68154473-ed43-473b-9c26-1db83afce547,INV-68154473-ed43-473b-9c26-1db83afce547,CID-042,2025-05-28,1696.44,VISA,Completed,SampleGen
PAY-fd33cc07-49d4-4c6d-8cb9-e9b6e37fc6d3,INV-fd33cc07-49d4-4c6d-8cb9-e9b6e37fc6d3,CID-042,2024-04-17,989.58,VISA,Completed,SampleGen
PAY-28ecf9e9-ae5f-4a89-b17d-55baceee6e15,INV-28ecf9e9-ae5f-4a89-b17d-55baceee6e15,CID-043,2026-10-15,652.48,MC,Completed,SampleGen
PAY-82e1622c-adcd-49bd-bcfa-c94d3e153208,INV-82e1622c-adcd-49bd-bcfa-c94d3e153208,CID-044,2025-03-23,445.84,AmEx,Completed,SampleGen
PAY-3b48faad-0f07-44e0-9320-c409e844b30e,INV-3b48faad-0f07-44e0-9320-c409e844b30e,CID-045,2025-10-29,706.86,VISA,Completed,SampleGen
PAY-ef7cd114-4953-47df-808f-547833f60912,INV-ef7cd114-4953-47df-808f-547833f60912,CID-046,2025-04-18,3534.34,Discover,Completed,SampleGen
PAY-79bca518-d536-429a-8b83-eda2cbfe767e,INV-79bca518-d536-429a-8b83-eda2cbfe767e,CID-046,2025-01-25,924.34,PayPal,Completed,SampleGen
PAY-6c47d544-b2e9-41c6-be3a-bee2a6c70e03,INV-6c47d544-b2e9-41c6-be3a-bee2a6c70e03,CID-046,2024-06-13,1565.93,MC,Completed,SampleGen
PAY-4a49dace-f0e5-4c42-aa17-910d9bb2a2cd,INV-4a49dace-f0e5-4c42-aa17-910d9bb2a2cd,CID-047,2024-12-12,1060.27,VISA,Completed,SampleGen
PAY-3d150285-fbab-40f7-9ffd-4d189e0f2636,INV-3d150285-fbab-40f7-9ffd-4d189e0f2636,CID-047,2026-07-26,65.24,VISA,Completed,SampleGen
PAY-191ffd72-f287-4347-8536-8efef9587b87,INV-191ffd72-f287-4347-8536-8efef9587b87,CID-047,2021-09-16,2403.3,AmEx,Completed,SampleGen
PAY-bee90f6e-4277-4205-b385-03dca9ecaf9c,INV-bee90f6e-4277-4205-b385-03dca9ecaf9c,CID-047,2025-05-23,978.73,AmEx,Completed,SampleGen
PAY-c92f607e-d231-4863-af50-33eaf7eca865,INV-c92f607e-d231-4863-af50-33eaf7eca865,CID-048,2026-04-20,163.11,PayPal,Completed,SampleGen
PAY-b84cd853-3ab4-4aef-a969-12a6cb8b9368,INV-b84cd853-3ab4-4aef-a969-12a6cb8b9368,CID-048,2021-06-08,706.86,Discover,Completed,SampleGen
PAY-65841d1f-bda2-4256-af91-b55ca6134959,INV-65841d1f-bda2-4256-af91-b55ca6134959,CID-048,2021-07-05,2664.34,AmEx,Completed,SampleGen
PAY-7fa56294-152f-4458-84f3-58ca69cc2291,INV-7fa56294-152f-4458-84f3-58ca69cc2291,CID-048,2024-05-22,173.98,VISA,Completed,SampleGen
PAY-fcbc6933-2bcb-4514-8b6a-1c39b5be9502,INV-fcbc6933-2bcb-4514-8b6a-1c39b5be9502,CID-049,2026-04-11,1011.33,VISA,Completed,SampleGen
PAY-2c39a2d3-d9e3-4f9f-bcef-df3deda57d80,INV-2c39a2d3-d9e3-4f9f-bcef-df3deda57d80,CID-050,2022-11-09,3088.45,PayPal,Completed,SampleGen
PAY-1de224b4-b4d9-4369-b0da-87c43219a376,INV-1de224b4-b4d9-4369-b0da-87c43219a376,CID-051,2023-01-20,2446.82,VISA,Completed,SampleGen
PAY-b42a3b89-106a-4ab7-946d-80f8839e87ea,INV-b42a3b89-106a-4ab7-946d-80f8839e87ea,CID-052,2025-04-24,2066.18,Discover,Completed,SampleGen
PAY-cfc875dc-aa0b-4e69-9f1c-4887de1c68c5,INV-cfc875dc-aa0b-4e69-9f1c-4887de1c68c5,CID-052,2022-09-28,1065.73,PayPal,Completed,SampleGen
PAY-049fb834-2e35-4cd5-b8c7-b163c79aa268,INV-049fb834-2e35-4cd5-b8c7-b163c79aa268,CID-053,2023-06-28,978.73,VISA,Completed,SampleGen
PAY-70dc04ca-75ed-44be-8653-68163e22833a,INV-70dc04ca-75ed-44be-8653-68163e22833a,CID-053,2023-09-09,1500.72,MC,Completed,SampleGen
PAY-a587d865-e895-40ff-807e-9f1d22dce91a,INV-a587d865-e895-40ff-807e-9f1d22dce91a,CID-054,2026-05-03,271.86,VISA,Completed,SampleGen
PAY-7fd7cd44-2adf-42ca-84bc-a1f586dbc935,INV-7fd7cd44-2adf-42ca-84bc-a1f586dbc935,CID-054,2021-01-08,1141.84,Discover,Completed,SampleGen
PAY-5d847cf6-acb9-402f-a60a-ff4f1c716447,INV-5d847cf6-acb9-402f-a60a-ff4f1c716447,CID-054,2025-07-15,413.23,MC,Completed,SampleGen
PAY-75fe3bcc-0ec1-4433-addb-26b393f1d72c,INV-75fe3bcc-0ec1-4433-addb-26b393f1d72c,CID-054,2021-11-06,2196.71,PayPal,Completed,SampleGen
PAY-447b0957-43b4-4bc5-8378-e94e07c5e32c,INV-447b0957-43b4-4bc5-8378-e94e07c5e32c,CID-054,2026-11-19,3099.33,MC,Completed,SampleGen
PAY-d721145a-4146-489c-b8ae-e30dd6966a5e,INV-d721145a-4146-489c-b8ae-e30dd6966a5e,CID-055,2025-11-09,2435.93,VISA,Completed,SampleGen
PAY-b1eed904-bf3c-4d67-93ec-50f1fbf4df3d,INV-b1eed904-bf3c-4d67-93ec-50f1fbf4df3d,CID-057,2025-02-12,1903.05,Discover,Completed,SampleGen
PAY-de1808a1-6c32-4c43-b26c-32ba84021828,INV-de1808a1-6c32-4c43-b26c-32ba84021828,CID-057,2021-08-16,1424.56,MC,Completed,SampleGen
PAY-8fb79396-ef47-4180-a8ef-a72444e6d226,INV-8fb79396-ef47-4180-a8ef-a72444e6d226,CID-058,2022-11-18,2860.08,Discover,Completed,SampleGen
PAY-0d95f814-e34d-404b-97a7-9bd2767e2bf4,INV-0d95f814-e34d-404b-97a7-9bd2767e2bf4,CID-058,2021-05-05,3425.56,Discover,Completed,SampleGen
PAY-ddbb96a2-b1d9-44cf-9842-35f315fcbfc7,INV-ddbb96a2-b1d9-44cf-9842-35f315fcbfc7,CID-059,2021-11-02,1587.69,PayPal,Completed,SampleGen
PAY-cc2c0982-3584-4d77-87ed-942aeb0d2170,INV-cc2c0982-3584-4d77-87ed-942aeb0d2170,CID-059,2021-08-02,413.23,Discover,Completed,SampleGen
PAY-7c2b0c21-4323-4683-8524-16504509e988,INV-7c2b0c21-4323-4683-8524-16504509e988,CID-059,2021-02-03,3262.44,AmEx,Completed,SampleGen
PAY-6f19ba3b-3615-4004-8197-226e666b885b,INV-6f19ba3b-3615-4004-8197-226e666b885b,CID-060,2026-08-04,924.32,MC,Completed,SampleGen
PAY-f66bdfc1-559c-4014-a4ac-ad4b9c497c11,INV-f66bdfc1-559c-4014-a4ac-ad4b9c497c11,CID-060,2026-04-20,1250.59,VISA,Completed,SampleGen
PAY-f802c2d2-968c-45e8-8ebe-eca98c14fd9f,INV-f802c2d2-968c-45e8-8ebe-eca98c14fd9f,CID-061,2023-08-19,587.21,PayPal,Completed,SampleGen
PAY-e584ce56-9d2e-42ba-9d44-00097d5bc182,INV-e584ce56-9d2e-42ba-9d44-00097d5bc182,CID-061,2022-10-25,652.48,VISA,Completed,SampleGen
PAY-cf8f0df0-f2f5-4951-989a-1530161cc09c,INV-cf8f0df0-f2f5-4951-989a-1530161cc09c,CID-062,2026-05-13,1304.96,PayPal,Completed,SampleGen
PAY-4bc4ab8c-71cf-4d86-9ede-45e30360cde9,INV-4bc4ab8c-71cf-4d86-9ede-45e30360cde9,CID-062,2024-03-25,380.59,MC,Completed,SampleGen
PAY-9986511c-8aea-468a-a661-0da7b5277a53,INV-9986511c-8aea-468a-a661-0da7b5277a53,CID-062,2022-02-05,5491.82,AmEx,Completed,SampleGen
PAY-6f840e95-e21c-4e67-96cc-a2de0b82729f,INV-6f840e95-e21c-4e67-96cc-a2de0b82729f,CID-062,2022-07-14,413.23,AmEx,Completed,SampleGen
PAY-dd5e44de-850e-4390-a552-604d5fb2ce54,INV-dd5e44de-850e-4390-a552-604d5fb2ce54,CID-062,2023-12-19,978.73,MC,Completed,SampleGen
PAY-e681ee7a-d76b-4477-9f50-1d85a4140689,INV-e681ee7a-d76b-4477-9f50-1d85a4140689,CID-062,2026-07-26,1326.7,VISA,Completed,SampleGen
PAY-310ba26c-e13b-417c-8780-c0d0b12e320d,INV-310ba26c-e13b-417c-8780-c0d0b12e320d,CID-062,2023-08-29,1674.71,VISA,Completed,SampleGen
PAY-1f1fffb6-9699-4617-8a32-4fe420d9ebde,INV-1f1fffb6-9699-4617-8a32-4fe420d9ebde,CID-063,2026-02-17,543.73,Discover,Completed,SampleGen
PAY-9bea8aa2-0f31-4567-b69b-9985c8d3900c,INV-9bea8aa2-0f31-4567-b69b-9985c8d3900c,CID-063,2026-02-03,2936.22,AmEx,Completed,SampleGen
PAY-9be65260-d5bd-41fc-ae69-f88aefbedf6d,INV-9be65260-d5bd-41fc-ae69-f88aefbedf6d,CID-063,2024-03-29,1848.7,AmEx,Completed,SampleGen
PAY-8cab6435-d6fa-4ffd-ad2d-3088f157e4f4,INV-8cab6435-d6fa-4ffd-ad2d-3088f157e4f4,CID-063,2023-02-10,1968.34,MC,Completed,SampleGen
PAY-ff85d666-9a9a-43c1-9282-c39f391c7ece,INV-ff85d666-9a9a-43c1-9282-c39f391c7ece,CID-063,2023-03-18,478.46,MC,Completed,SampleGen
PAY-1c65a36f-4338-4b41-8da4-b2bb4f270c27,INV-1c65a36f-4338-4b41-8da4-b2bb4f270c27,CID-063,2021-12-12,1120.08,AmEx,Completed,SampleGen
PAY-f24149d1-e9fe-4f8f-90ea-87a187cc18da,INV-f24149d1-e9fe-4f8f-90ea-87a187cc18da,CID-063,2023-09-19,4132.45,MC,Completed,SampleGen
PAY-431e7ed2-6900-4a34-b2c2-145cc7a83a6d,INV-431e7ed2-6900-4a34-b2c2-145cc7a83a6d,CID-064,2023-08-15,2827.48,AmEx,Completed,SampleGen
PAY-3e546e50-96b5-40f8-8376-43ee0b242477,INV-3e546e50-96b5-40f8-8376-43ee0b242477,CID-065,2025-11-26,1739.96,VISA,Completed,SampleGen
PAY-6ce18da0-f8cf-4595-bd12-d5f1c21b3e3b,INV-6ce18da0-f8cf-4595-bd12-d5f1c21b3e3b,CID-065,2026-12-28,706.84,VISA,Completed,SampleGen
PAY-d4f411a6-dd1b-483d-b133-f1608b2fab8f,INV-d4f411a6-dd1b-483d-b133-f1608b2fab8f,CID-065,2025-06-23,1870.47,VISA,Completed,SampleGen
PAY-63d0bf91-cb47-4f7a-ab28-26bc97b3bd89,INV-63d0bf91-cb47-4f7a-ab28-26bc97b3bd89,CID-065,2021-02-11,4295.57,AmEx,Completed,SampleGen
PAY-25d0956c-1d24-4bfb-9a14-837bbd1b69ac,INV-25d0956c-1d24-4bfb-9a14-837bbd1b69ac,CID-066,2024-04-10,1870.47,Discover,Completed,SampleGen
PAY-b3578491-6dce-4960-b050-6810a18a7b7b,INV-b3578491-6dce-4960-b050-6810a18a7b7b,CID-066,2022-06-21,445.83,PayPal,Completed,SampleGen
PAY-559f0cc0-fdd8-40ca-b8f0-dad0793629d8,INV-559f0cc0-fdd8-40ca-b8f0-dad0793629d8,CID-067,2025-11-28,5480.93,AmEx,Completed,SampleGen
PAY-d699c129-ab4f-4d87-b144-54b45451b822,INV-d699c129-ab4f-4d87-b144-54b45451b822,CID-068,2026-08-30,511.08,PayPal,Completed,SampleGen
PAY-ca35a012-50ec-4221-b451-cd3a8639a4f1,INV-ca35a012-50ec-4221-b451-cd3a8639a4f1,CID-068,2025-06-23,3784.45,AmEx,Completed,SampleGen
PAY-a0613d35-e450-47de-bae2-54a3ad5d5e5c,INV-a0613d35-e450-47de-bae2-54a3ad5d5e5c,CID-068,2021-11-30,489.36,MC,Completed,SampleGen
PAY-b484e321-a2e8-40b9-8b8d-0fd93fd6edc0,INV-b484e321-a2e8-40b9-8b8d-0fd93fd6edc0,CID-069,2024-01-12,978.74,AmEx,Completed,SampleGen
PAY-382ca43d-f25b-48c4-983a-2fd900122e81,INV-382ca43d-f25b-48c4-983a-2fd900122e81,CID-069,2025-03-08,173.98,MC,Completed,SampleGen
PAY-add0cfbb-5915-4b1a-8f93-251992036764,INV-add0cfbb-5915-4b1a-8f93-251992036764,CID-069,2021-07-06,2174.95,PayPal,Completed,SampleGen
PAY-88fbaf92-784c-42ba-9305-e1ef6491b4bf,INV-88fbaf92-784c-42ba-9305-e1ef6491b4bf,CID-069,2021-07-01,3382.07,VISA,Completed,SampleGen
PAY-bc961b95-8629-4d5b-8fb0-5052fe09dafb,INV-bc961b95-8629-4d5b-8fb0-5052fe09dafb,CID-069,2022-10-31,3697.46,VISA,Completed,SampleGen
PAY-25dcb801-4c73-456e-a0d2-f65482c46e86,INV-25dcb801-4c73-456e-a0d2-f65482c46e86,CID-069,2024-08-11,869.99,MC,Completed,SampleGen
PAY-cee17422-b2c1-4953-a350-df212488e0b2,INV-cee17422-b2c1-4953-a350-df212488e0b2,CID-069,2022-04-13,1576.81,MC,Completed,SampleGen
PAY-db05b247-2201-4563-a6d3-66d87d9d01aa,INV-db05b247-2201-4563-a6d3-66d87d9d01aa,CID-070,2022-12-24,3153.7,MC,Completed,SampleGen
PAY-f0759220-d491-4235-8037-9fe690edca60,INV-f0759220-d491-4235-8037-9fe690edca60,CID-071,2024-07-20,1957.45,MC,Completed,SampleGen
PAY-433c2156-f372-4c46-9563-5205345711cd,INV-433c2156-f372-4c46-9563-5205345711cd,CID-071,2021-01-23,2696.94,AmEx,Completed,SampleGen
PAY-363aa7e6-3bcc-4061-b3ac-2df8accb1cfb,INV-363aa7e6-3bcc-4061-b3ac-2df8accb1cfb,CID-071,2025-07-31,260.98,MC,Completed,SampleGen
PAY-5ee9c6f0-4b66-4768-b725-f88a58febdbf,INV-5ee9c6f0-4b66-4768-b725-f88a58febdbf,CID-072,2026-11-10,598.1,AmEx,Completed,SampleGen
PAY-afe412fe-d5de-4ff4-ae28-0b24991c82fb,INV-afe412fe-d5de-4ff4-ae28-0b24991c82fb,CID-072,2023-04-08,413.23,AmEx,Completed,SampleGen
PAY-3fde31d4-b187-4f14-8842-3b8ec8d33fb9,INV-3fde31d4-b187-4f14-8842-3b8ec8d33fb9,CID-072,2021-12-01,4567.42,VISA,Completed,SampleGen
PAY-b08fdd2f-ea83-4746-a5bb-845085acd4bf,INV-b08fdd2f-ea83-4746-a5bb-845085acd4bf,CID-072,2026-10-16,1120.08,VISA,Completed,SampleGen
PAY-70093c80-cf03-4ed7-9faa-56cdc0f42077,INV-70093c80-cf03-4ed7-9faa-56cdc0f42077,CID-073,2021-01-25,413.23,VISA,Completed,SampleGen
PAY-427fbe8d-24e3-4fb7-9874-51c9f59c2487,INV-427fbe8d-24e3-4fb7-9874-51c9f59c2487,CID-074,2026-09-17,4328.2,MC,Completed,SampleGen
PAY-e1f7fcff-b5b3-4c44-8a96-c4e8e4e8044c,INV-e1f7fcff-b5b3-4c44-8a96-c4e8e4e8044c,CID-074,2021-07-23,1739.98,Discover,Completed,SampleGen
PAY-e86e7115-358c-4a86-80a9-f8c6a9a4974c,INV-e86e7115-358c-4a86-80a9-f8c6a9a4974c,CID-074,2026-11-12,347.98,VISA,Completed,SampleGen
PAY-f9ad5cc9-d291-4930-9b15-5ec8cc7d4468,INV-f9ad5cc9-d291-4930-9b15-5ec8cc7d4468,CID-074,2022-03-05,3762.69,VISA,Completed,SampleGen
PAY-5bd25fdb-6e5d-40ac-a12f-07547c6bcc68,INV-5bd25fdb-6e5d-40ac-a12f-07547c6bcc68,CID-074,2024-03-11,1054.81,PayPal,Completed,SampleGen
PAY-9603badc-70fa-40a0-a77c-439e8b844bf1,INV-9603badc-70fa-40a0-a77c-439e8b844bf1,CID-075,2021-12-06,2011.83,MC,Completed,SampleGen
PAY-91488fc3-8dcc-4aad-8059-bd9401dfe52e,INV-91488fc3-8dcc-4aad-8059-bd9401dfe52e,CID-075,2021-05-02,3490.82,AmEx,Completed,SampleGen
PAY-23b38948-de3f-46aa-8123-550b30fc023f,INV-23b38948-de3f-46aa-8123-550b30fc023f,CID-076,2024-02-22,543.73,VISA,Completed,SampleGen
PAY-1ecc4e54-0921-4acc-840a-dbe61d4dac74,INV-1ecc4e54-0921-4acc-840a-dbe61d4dac74,CID-076,2024-10-03,5328.69,AmEx,Completed,SampleGen
PAY-b8007d1f-d78d-42e3-a419-5bd85872ba24,INV-b8007d1f-d78d-42e3-a419-5bd85872ba24,CID-076,2023-02-13,1228.81,Discover,Completed,SampleGen
PAY-633c2f22-b670-47eb-aa28-79076f3690ca,INV-633c2f22-b670-47eb-aa28-79076f3690ca,CID-076,2025-02-07,4513.07,AmEx,Completed,SampleGen
PAY-c131ebbd-c92f-4c12-a98a-6b027823dee3,INV-c131ebbd-c92f-4c12-a98a-6b027823dee3,CID-076,2026-01-24,598.11,VISA,Completed,SampleGen
PAY-07d47c37-ae53-4f4c-880a-558f7f2e6a3d,INV-07d47c37-ae53-4f4c-880a-558f7f2e6a3d,CID-077,2026-09-07,1391.97,AmEx,Completed,SampleGen
PAY-2249792f-1b48-464d-9402-9fb02dc17c32,INV-2249792f-1b48-464d-9402-9fb02dc17c32,CID-077,2024-09-29,2740.43,VISA,Completed,SampleGen
PAY-b37f2f01-8726-49ba-8109-3c0a986f37d1,INV-b37f2f01-8726-49ba-8109-3c0a986f37d1,CID-077,2024-12-22,2229.33,PayPal,Completed,SampleGen
PAY-9ff82187-232d-4baa-a1e9-d4b52f8f5814,INV-9ff82187-232d-4baa-a1e9-d4b52f8f5814,CID-077,2021-01-20,2827.46,AmEx,Completed,SampleGen
PAY-4d0db765-59a4-4c43-baa0-9878083be759,INV-4d0db765-59a4-4c43-baa0-9878083be759,CID-077,2022-04-18,260.98,VISA,Completed,SampleGen
PAY-fb0d92ca-4b7a-40a6-841d-d17a170e0a43,INV-fb0d92ca-4b7a-40a6-841d-d17a170e0a43,CID-078,2022-07-30,3958.43,VISA,Completed,SampleGen
PAY-c23c8774-3e2b-46bd-9e69-b946527f6ee0,INV-c23c8774-3e2b-46bd-9e69-b946527f6ee0,CID-078,2023-03-05,608.96,PayPal,Completed,SampleGen
PAY-cbebb420-9e05-496b-a01e-23a9fa5f4fb4,INV-cbebb420-9e05-496b-a01e-23a9fa5f4fb4,CID-079,2021-08-13,1065.71,MC,Completed,SampleGen
PAY-665399c3-13e7-4990-a287-9d2215f8e338,INV-665399c3-13e7-4990-a287-9d2215f8e338,CID-079,2023-03-06,271.86,VISA,Completed,SampleGen
PAY-fb50c23c-1717-4e87-98c4-e2b2c16ab0ae,INV-fb50c23c-1717-4e87-98c4-e2b2c16ab0ae,CID-079,2025-09-14,478.46,Discover,Completed,SampleGen
PAY-951751eb-b017-4f2c-8d4f-9a623f492f97,INV-951751eb-b017-4f2c-8d4f-9a623f492f97,CID-079,2022-07-27,897.14,VISA,Completed,SampleGen
PAY-6f79963d-9608-451a-9a7b-011b91830aa0,INV-6f79963d-9608-451a-9a7b-011b91830aa0,CID-080,2023-07-14,173.98,AmEx,Completed,SampleGen
PAY-f43de1c6-dc2f-4b1f-b6fb-1176307a00d8,INV-f43de1c6-dc2f-4b1f-b6fb-1176307a00d8,CID-081,2024-12-22,2207.59,MC,Completed,SampleGen
PAY-80d3c928-c21f-40b6-ad4a-648d89d4f407,INV-80d3c928-c21f-40b6-ad4a-648d89d4f407,CID-081,2021-02-10,1413.74,MC,Completed,SampleGen
PAY-33bbf600-4be9-4247-9a66-ccde0d14371f,INV-33bbf600-4be9-4247-9a66-ccde0d14371f,CID-081,2022-08-29,260.98,VISA,Completed,SampleGen
PAY-6e5fc3c0-8248-4589-82a1-5f65e96029fc,INV-6e5fc3c0-8248-4589-82a1-5f65e96029fc,CID-082,2021-02-20,1903.06,AmEx,Completed,SampleGen
PAY-4431e5dd-4c38-4bf7-bcf6-0f20db0a2fbd,INV-4431e5dd-4c38-4bf7-bcf6-0f20db0a2fbd,CID-082,2023-05-30,347.98,MC,Completed,SampleGen
PAY-594da33b-3c70-4c28-90e2-a3e673e37ec7,INV-594da33b-3c70-4c28-90e2-a3e673e37ec7,CID-082,2022-11-19,2827.48,AmEx,Completed,SampleGen
PAY-910661b1-ed3c-4ab2-8aa2-a6a5f349dad3,INV-910661b1-ed3c-4ab2-8aa2-a6a5f349dad3,CID-082,2025-08-19,1413.71,VISA,Completed,SampleGen
PAY-db5a5381-b216-44e5-b575-0e02cebbcd84,INV-db5a5381-b216-44e5-b575-0e02cebbcd84,CID-083,2022-06-18,706.86,MC,Completed,SampleGen
PAY-5ecdd553-d5e0-46cc-9952-739b1390dd0d,INV-5ecdd553-d5e0-46cc-9952-739b1390dd0d,CID-083,2022-09-19,2957.93,VISA,Completed,SampleGen
PAY-09712ed5-ef84-4c36-9185-722260cdb389,INV-09712ed5-ef84-4c36-9185-722260cdb389,CID-083,2024-10-23,869.98,PayPal,Completed,SampleGen
PAY-cfcfbbd9-8a8b-4a59-b66f-d36bb3c96e2d,INV-cfcfbbd9-8a8b-4a59-b66f-d36bb3c96e2d,CID-084,2026-05-25,2718.69,VISA,Completed,SampleGen
PAY-b5c44299-89e2-44d6-be2e-0680aaecaf14,INV-b5c44299-89e2-44d6-be2e-0680aaecaf14,CID-084,2023-10-11,543.73,AmEx,Completed,SampleGen
PAY-28dddf79-6a59-444c-889e-8cb365e31f93,INV-28dddf79-6a59-444c-889e-8cb365e31f93,CID-084,2024-06-23,3806.19,MC,Completed,SampleGen
PAY-8a48624f-af0c-489d-840d-1506fb6dfc2f,INV-8a48624f-af0c-489d-840d-1506fb6dfc2f,CID-084,2021-05-10,1413.73,AmEx,Completed,SampleGen
PAY-86a76d83-88f1-4162-b83c-e3a803271de0,INV-86a76d83-88f1-4162-b83c-e3a803271de0,CID-085,2026-03-23,2131.46,VISA,Completed,SampleGen
PAY-71a9a0be-ad0b-4cba-953b-4b88d5fed280,INV-71a9a0be-ad0b-4cba-953b-4b88d5fed280,CID-085,2024-07-06,2909.01,AmEx,Completed,SampleGen
PAY-c30b7ba7-d706-44da-8120-c8ede541e68d,INV-c30b7ba7-d706-44da-8120-c8ede541e68d,CID-086,2024-03-09,4513.07,PayPal,Completed,SampleGen
PAY-9b718305-11fa-48ef-9b0f-d62110068330,INV-9b718305-11fa-48ef-9b0f-d62110068330,CID-086,2025-10-11,3643.07,AmEx,Completed,SampleGen
PAY-5e46f2d1-015a-45e9-9dc5-0fb942b88d26,INV-5e46f2d1-015a-45e9-9dc5-0fb942b88d26,CID-087,2026-11-30,1446.33,VISA,Completed,SampleGen
PAY-c9538780-9c9d-4907-b33d-f1e20b6fec7e,INV-c9538780-9c9d-4907-b33d-f1e20b6fec7e,CID-087,2023-10-05,1391.96,MC,Completed,SampleGen
PAY-8471e10e-494c-4803-84f8-e889a2c18435,INV-8471e10e-494c-4803-84f8-e889a2c18435,CID-088,2021-06-03,456.71,Discover,Completed,SampleGen
PAY-0f8764cf-1e20-48cc-9eb0-ed4b2ca1dbd5,INV-0f8764cf-1e20-48cc-9eb0-ed4b2ca1dbd5,CID-089,2022-06-02,1065.71,AmEx,Completed,SampleGen
PAY-7cf5a484-c487-469b-a5ee-a3778b62efc7,INV-7cf5a484-c487-469b-a5ee-a3778b62efc7,CID-089,2025-02-21,3969.3,MC,Completed,SampleGen
PAY-e5956b28-4873-4c1b-913c-4c9399d5db4b,INV-e5956b28-4873-4c1b-913c-4c9399d5db4b,CID-090,2026-07-19,565.45,MC,Completed,SampleGen
PAY-32547001-1416-40da-9b17-30d1ef0f66e3,INV-32547001-1416-40da-9b17-30d1ef0f66e3,CID-090,2021-01-09,1576.85,VISA,Completed,SampleGen
PAY-86af28b4-8621-4637-9ea5-a774f81066d3,INV-86af28b4-8621-4637-9ea5-a774f81066d3,CID-091,2023-03-12,2120.57,PayPal,Completed,SampleGen
PAY-19573d93-8766-485c-a211-67935e28964c,INV-19573d93-8766-485c-a211-67935e28964c,CID-091,2026-02-23,2229.33,MC,Completed,SampleGen
PAY-8e8c0922-9f27-4cb1-8f87-6a40b6109c84,INV-8e8c0922-9f27-4cb1-8f87-6a40b6109c84,CID-092,2025-07-13,1500.67,MC,Completed,SampleGen
PAY-1a3b69c9-1a75-419a-accb-10412d2116c9,INV-1a3b69c9-1a75-419a-accb-10412d2116c9,CID-092,2024-04-29,1326.71,PayPal,Completed,SampleGen
PAY-a7ebc454-f274-4b1e-a43b-a2414b5d1af9,INV-a7ebc454-f274-4b1e-a43b-a2414b5d1af9,CID-092,2023-09-17,2403.31,PayPal,Completed,SampleGen
PAY-99136ddd-2bdd-4c04-98b0-f94ed190fa93,INV-99136ddd-2bdd-4c04-98b0-f94ed190fa93,CID-092,2025-02-02,869.97,MC,Completed,SampleGen
PAY-ad3f7ec7-b0e0-4844-b60d-084eff32c13a,INV-ad3f7ec7-b0e0-4844-b60d-084eff32c13a,CID-092,2024-11-20,4132.44,MC,Completed,SampleGen
PAY-061c9f21-b113-4342-a756-86c1ed5a6f25,INV-061c9f21-b113-4342-a756-86c1ed5a6f25,CID-093,2021-04-28,532.85,PayPal,Completed,SampleGen
PAY-be02316f-9182-498d-aa7c-1aa01501bb6c,INV-be02316f-9182-498d-aa7c-1aa01501bb6c,CID-093,2024-01-21,1217.95,AmEx,Completed,SampleGen
PAY-c7674e08-fb8e-4bb1-bc08-ff50a2b4e30d,INV-c7674e08-fb8e-4bb1-bc08-ff50a2b4e30d,CID-093,2025-12-20,652.48,MC,Completed,SampleGen
PAY-d9494dc1-8dd8-4751-8600-271ff751f03d,INV-d9494dc1-8dd8-4751-8600-271ff751f03d,CID-094,2024-11-22,2240.19,VISA,Completed,SampleGen
PAY-7b4cafbe-4726-47a3-83eb-4352e795e34a,INV-7b4cafbe-4726-47a3-83eb-4352e795e34a,CID-095,2026-12-09,543.73,PayPal,Completed,SampleGen
PAY-7b04b9a9-2d08-43fb-851b-2b9e723dd7dd,INV-7b04b9a9-2d08-43fb-851b-2b9e723dd7dd,CID-095,2025-03-19,1348.44,VISA,Completed,SampleGen
PAY-edae2d78-9151-47d5-835e-8556a68d5de3,INV-edae2d78-9151-47d5-835e-8556a68d5de3,CID-095,2025-01-09,1990.08,VISA,Completed,SampleGen
PAY-2c64e35a-4180-45db-918b-cdb95966c8c4,INV-2c64e35a-4180-45db-918b-cdb95966c8c4,CID-095,2025-06-30,1011.32,VISA,Completed,SampleGen
PAY-8132b5c3-0b2f-428a-b8a6-ab5f07c15868,INV-8132b5c3-0b2f-428a-b8a6-ab5f07c15868,CID-096,2022-05-25,2783.94,MC,Completed,SampleGen
PAY-f527cc56-fcf4-4e7c-9c6e-f48df0050e36,INV-f527cc56-fcf4-4e7c-9c6e-f48df0050e36,CID-096,2021-01-23,2011.82,MC,Completed,SampleGen
PAY-3d4d843c-be9e-42c9-8f51-edf78833fc75,INV-3d4d843c-be9e-42c9-8f51-edf78833fc75,CID-096,2021-08-14,815.58,Discover,Completed,SampleGen
PAY-a5c42a8f-3303-4a8c-9633-eb259794af72,INV-a5c42a8f-3303-4a8c-9633-eb259794af72,CID-097,2023-05-20,717.7,PayPal,Completed,SampleGen
PAY-509a0201-0f64-4da8-a34b-c5621e55b99d,INV-509a0201-0f64-4da8-a34b-c5621e55b99d,CID-097,2026-09-24,978.73,PayPal,Completed,SampleGen
PAY-bdc0adb2-6872-4124-9309-5a6e9bbe2af9,INV-bdc0adb2-6872-4124-9309-5a6e9bbe2af9,CID-097,2021-11-08,1446.32,Discover,Completed,SampleGen
PAY-145b69cb-e5b3-4f60-839e-df63071a080a,INV-145b69cb-e5b3-4f60-839e-df63071a080a,CID-097,2021-10-15,1413.74,VISA,Completed,SampleGen
PAY-b90d5802-95a7-4834-8cae-527a266e7621,INV-b90d5802-95a7-4834-8cae-527a266e7621,CID-098,2025-02-14,195.74,AmEx,Completed,SampleGen
PAY-90d854a3-a52a-48e3-b1c1-569469caf458,INV-90d854a3-a52a-48e3-b1c1-569469caf458,CID-098,2024-05-21,1696.45,VISA,Completed,SampleGen
PAY-c4169509-bc46-4fd3-909f-ef3991172c78,INV-c4169509-bc46-4fd3-909f-ef3991172c78,CID-099,2024-09-01,2044.45,AmEx,Completed,SampleGen
PAY-f38ac986-8739-446b-9117-23b9c20b1814,INV-f38ac986-8739-446b-9117-23b9c20b1814,CID-099,2021-01-23,1413.74,PayPal,Completed,SampleGen
PAY-4cc6ba77-aad8-4ba4-a4b6-c20ab5f585dc,INV-4cc6ba77-aad8-4ba4-a4b6-c20ab5f585dc,CID-099,2024-07-19,364.27,VISA,Completed,SampleGen
PAY-a5367954-80c8-45d0-bfb9-b45741d9831b,INV-a5367954-80c8-45d0-bfb9-b45741d9831b,CID-100,2022-02-27,141.36,AmEx,Completed,SampleGen
PAY-ce538655-2118-4de8-ba54-f625039fb116,INV-ce538655-2118-4de8-ba54-f625039fb116,CID-100,2021-11-17,413.23,VISA,Completed,SampleGen
PAY-3c0f6998-ffad-4532-b753-83b826e0392a,INV-3c0f6998-ffad-4532-b753-83b826e0392a,CID-100,2021-01-08,2512.06,VISA,Completed,SampleGen
PAY-2acc31d5-a9f8-4533-a0b2-e50fb7b0264e,INV-2acc31d5-a9f8-4533-a0b2-e50fb7b0264e,CID-101,2025-01-21,1674.72,MC,Completed,SampleGen
PAY-aeb66e00-d769-4d54-8a72-7986aeca3d24,INV-aeb66e00-d769-4d54-8a72-7986aeca3d24,CID-102,2021-06-29,1489.83,PayPal,Completed,SampleGen
PAY-f8e311fb-9c4b-4315-bcf5-6a158c3c86e0,INV-f8e311fb-9c4b-4315-bcf5-6a158c3c86e0,CID-102,2025-08-14,2903.55,VISA,Completed,SampleGen
PAY-5a798f22-acba-4783-9133-e07604251cbc,INV-5a798f22-acba-4783-9133-e07604251cbc,CID-102,2026-03-07,3708.32,AmEx,Completed,SampleGen
PAY-9b63dd9e-b57b-483c-9164-1b19b8001c0e,INV-9b63dd9e-b57b-483c-9164-1b19b8001c0e,CID-102,2021-05-28,369.72,VISA,Completed,SampleGen
PAY-40d1ad2e-5171-4079-87e7-b4975a67792c,INV-40d1ad2e-5171-4079-87e7-b4975a67792c,CID-103,2025-02-24,3534.33,VISA,Completed,SampleGen
PAY-759943ee-e7e7-4c51-877f-0b8542a2266c,INV-759943ee-e7e7-4c51-877f-0b8542a2266c,CID-103,2021-12-14,1413.74,MC,Completed,SampleGen
PAY-685db1ce-eeed-4598-9a8b-214f67ea31ea,INV-685db1ce-eeed-4598-9a8b-214f67ea31ea,CID-103,2024-05-14,1848.7,MC,Completed,SampleGen
PAY-e0ca384f-76a2-4c72-9442-d808072fbacc,INV-e0ca384f-76a2-4c72-9442-d808072fbacc,CID-104,2026-06-21,761.2,AmEx,Completed,SampleGen
PAY-275cdfbf-3c8b-4e0b-86af-18dd637cd7d8,INV-275cdfbf-3c8b-4e0b-86af-18dd637cd7d8,CID-104,2026-06-07,2066.21,AmEx,Completed,SampleGen
PAY-c992c5bc-7ea5-4845-b179-3b28ede9d19d,INV-c992c5bc-7ea5-4845-b179-3b28ede9d19d,CID-105,2022-06-28,489.36,VISA,Completed,SampleGen
PAY-3af76657-ad1b-4662-beab-e8f4834b3a52,INV-3af76657-ad1b-4662-beab-e8f4834b3a52,CID-106,2021-10-22,434.99,PayPal,Completed,SampleGen
PAY-2a7e1a09-1bcd-4537-af27-8b99b5ec6050,INV-2a7e1a09-1bcd-4537-af27-8b99b5ec6050,CID-106,2025-04-24,1555.08,PayPal,Completed,SampleGen
PAY-f149aa71-0db1-48a3-a9ae-8f6cebf47f32,INV-f149aa71-0db1-48a3-a9ae-8f6cebf47f32,CID-107,2023-10-10,1304.97,PayPal,Completed,SampleGen
PAY-c4e82c46-3c61-45bb-bea4-3d97cc3270b2,INV-c4e82c46-3c61-45bb-bea4-3d97cc3270b2,CID-107,2021-09-07,619.83,AmEx,Completed,SampleGen
PAY-300274e0-70c6-4b83-b62e-507a7cd06c16,INV-300274e0-70c6-4b83-b62e-507a7cd06c16,CID-108,2025-07-20,2066.22,AmEx,Completed,SampleGen
PAY-a31ff23d-a2f5-4556-847f-58e32665d9cf,INV-a31ff23d-a2f5-4556-847f-58e32665d9cf,CID-108,2026-12-28,3534.34,VISA,Completed,SampleGen
PAY-3143ba78-bfe0-4ee6-8e85-7fab6b4c1c36,INV-3143ba78-bfe0-4ee6-8e85-7fab6b4c1c36,CID-109,2025-08-11,380.61,VISA,Completed,SampleGen
PAY-19233583-793d-4ac3-8fb1-93ef46d7aa35,INV-19233583-793d-4ac3-8fb1-93ef46d7aa35,CID-109,2021-12-05,4186.81,PayPal,Completed,SampleGen
PAY-6fa5644a-a258-443e-8f96-e1383ecdccdb,INV-6fa5644a-a258-443e-8f96-e1383ecdccdb,CID-110,2022-08-11,1642.07,AmEx,Completed,SampleGen
PAY-bea0f0e8-1114-4256-833a-31baa75fdb2d,INV-bea0f0e8-1114-4256-833a-31baa75fdb2d,CID-111,2022-06-18,380.59,PayPal,Completed,SampleGen
PAY-874ed07d-4116-4263-8bb7-e0b6724a24d6,INV-874ed07d-4116-4263-8bb7-e0b6724a24d6,CID-111,2023-12-22,723.16,PayPal,Completed,SampleGen
PAY-5431b7ec-29be-4a2a-b2a2-27154ba681ba,INV-5431b7ec-29be-4a2a-b2a2-27154ba681ba,CID-111,2023-07-29,3327.7,AmEx,Completed,SampleGen
PAY-6aee24bc-5161-4a5f-812c-8910be7dd9e6,INV-6aee24bc-5161-4a5f-812c-8910be7dd9e6,CID-111,2024-04-14,1174.47,VISA,Completed,SampleGen
PAY-7dd34e69-9987-4677-ba50-6b5a403b2c94,INV-7dd34e69-9987-4677-ba50-6b5a403b2c94,CID-112,2025-01-19,2751.32,VISA,Completed,SampleGen
PAY-258bc110-a587-43fc-9012-6c020eaed1f5,INV-258bc110-a587-43fc-9012-6c020eaed1f5,CID-112,2021-10-01,1642.05,MC,Completed,SampleGen
PAY-12cf7f78-89b6-44ed-b048-832d218a2bcf,INV-12cf7f78-89b6-44ed-b048-832d218a2bcf,CID-112,2023-10-24,2675.19,MC,Completed,SampleGen
PAY-ab80ac81-c4a5-4357-9e07-3d5f25cff414,INV-ab80ac81-c4a5-4357-9e07-3d5f25cff414,CID-113,2025-10-27,2283.71,MC,Completed,SampleGen
PAY-9b6d4f35-2515-4282-8a06-c3c5ac2b0d8e,INV-9b6d4f35-2515-4282-8a06-c3c5ac2b0d8e,CID-114,2022-01-06,521.96,VISA,Completed,SampleGen
PAY-23443b61-4f45-4b85-ab61-a4911a826801,INV-23443b61-4f45-4b85-ab61-a4911a826801,CID-114,2024-02-24,978.73,AmEx,Completed,SampleGen
PAY-57057e90-503d-4a45-a7e2-9ae6388c24bf,INV-57057e90-503d-4a45-a7e2-9ae6388c24bf,CID-114,2021-11-23,543.73,AmEx,Completed,SampleGen
PAY-1dc9d2b6-8b2f-455f-b97f-50c859541e4f,INV-1dc9d2b6-8b2f-455f-b97f-50c859541e4f,CID-114,2023-01-09,4556.55,MC,Completed,SampleGen
PAY-3abfaa1e-8fa1-460d-8d76-9e11017c6bd0,INV-3abfaa1e-8fa1-460d-8d76-9e11017c6bd0,CID-114,2021-10-30,130.49,MC,Completed,SampleGen
PAY-3be7f28e-a13c-4f2b-9b07-e5ca2ee7bffb,INV-3be7f28e-a13c-4f2b-9b07-e5ca2ee7bffb,CID-115,2023-07-10,2979.69,Discover,Completed,SampleGen
PAY-eab7e756-f540-4ba1-85c1-2f06edeb4552,INV-eab7e756-f540-4ba1-85c1-2f06edeb4552,CID-115,2025-01-18,2218.46,AmEx,Completed,SampleGen
PAY-0c855475-7911-417c-843c-a53be7599526,INV-0c855475-7911-417c-843c-a53be7599526,CID-115,2022-09-21,848.22,Discover,Completed,SampleGen
PAY-0f6a27ba-69b8-4293-88a2-814794f379e8,INV-0f6a27ba-69b8-4293-88a2-814794f379e8,CID-115,2021-01-04,1685.55,MC,Completed,SampleGen
PAY-27162e06-9518-4ffb-802e-8cea1a897be5,INV-27162e06-9518-4ffb-802e-8cea1a897be5,CID-116,2021-01-15,1685.56,MC,Completed,SampleGen
PAY-2e853d60-e815-4e06-a8d5-f6432dc5e34d,INV-2e853d60-e815-4e06-a8d5-f6432dc5e34d,CID-116,2025-06-13,86.99,PayPal,Completed,SampleGen
PAY-993dc5a7-0c9b-4352-be18-ad6216267d59,INV-993dc5a7-0c9b-4352-be18-ad6216267d59,CID-116,2021-11-25,1848.7,PayPal,Completed,SampleGen
PAY-f8219b35-1b74-4966-89d9-2f18d7d63cd1,INV-f8219b35-1b74-4966-89d9-2f18d7d63cd1,CID-116,2021-10-08,706.85,AmEx,Completed,SampleGen
PAY-28351d66-a689-4b08-81b7-13593008dedb,INV-28351d66-a689-4b08-81b7-13593008dedb,CID-116,2026-02-15,1370.18,VISA,Completed,SampleGen
PAY-bbe8511f-fa01-4aa6-bfaa-c25f99ab80c1,INV-bbe8511f-fa01-4aa6-bfaa-c25f99ab80c1,CID-117,2023-08-01,173.98,AmEx,Completed,SampleGen
PAY-3bad738d-0f00-42b3-baff-4ed84633fc9e,INV-3bad738d-0f00-42b3-baff-4ed84633fc9e,CID-117,2025-05-10,3295.06,AmEx,Completed,SampleGen
PAY-3c1d87a5-199e-4f18-ba7b-943121f96419,INV-3c1d87a5-199e-4f18-ba7b-943121f96419,CID-117,2023-04-29,837.33,VISA,Completed,SampleGen
PAY-dfefdc5c-e4d6-4923-946b-0d4fccc58b3e,INV-dfefdc5c-e4d6-4923-946b-0d4fccc58b3e,CID-118,2022-09-13,1446.34,VISA,Completed,SampleGen
PAY-eb3dba93-97ee-4e0b-b878-98a3e5d076d2,INV-eb3dba93-97ee-4e0b-b878-98a3e5d076d2,CID-118,2025-07-07,1174.44,AmEx,Completed,SampleGen
PAY-9e0e850d-131d-4eea-9293-384ea918c332,INV-9e0e850d-131d-4eea-9293-384ea918c332,CID-119,2022-08-09,2577.3,VISA,Completed,SampleGen
PAY-bd66641e-6c46-44f1-ab18-bc27af2c6af0,INV-bd66641e-6c46-44f1-ab18-bc27af2c6af0,CID-119,2021-05-20,217.49,VISA,Completed,SampleGen
PAY-4fe7c522-ef09-4d0d-bfac-6205d76954e7,INV-4fe7c522-ef09-4d0d-bfac-6205d76954e7,CID-119,2023-06-25,456.73,MC,Completed,SampleGen
PAY-f093c84f-7719-4bf7-b47e-778c511b3c87,INV-f093c84f-7719-4bf7-b47e-778c511b3c87,CID-119,2023-02-17,1729.08,VISA,Completed,SampleGen
PAY-adfc683d-d5b2-4db2-881a-a034cebeea6b,INV-adfc683d-d5b2-4db2-881a-a034cebeea6b,CID-120,2024-03-23,598.08,MC,Completed,SampleGen
PAY-d6a9c471-d958-42eb-9caf-1c0d4bfd4147,INV-d6a9c471-d958-42eb-9caf-1c0d4bfd4147,CID-120,2025-01-12,2968.83,PayPal,Completed,SampleGen
PAY-1fa84cb9-660a-4d84-a5a2-2e370290c651,INV-1fa84cb9-660a-4d84-a5a2-2e370290c651,CID-120,2026-03-15,1859.57,AmEx,Completed,SampleGen
PAY-497c2136-0ee0-4c43-91f2-7f1bfcf2557f,INV-497c2136-0ee0-4c43-91f2-7f1bfcf2557f,CID-120,2024-10-19,1402.82,AmEx,Completed,SampleGen
PAY-4cd259b2-87da-413d-8e56-ea1cc9240389,INV-4cd259b2-87da-413d-8e56-ea1cc9240389,CID-121,2025-06-21,891.69,AmEx,Completed,SampleGen
PAY-8d4d4a66-3144-47a5-95ce-2f6d5fe8c46b,INV-8d4d4a66-3144-47a5-95ce-2f6d5fe8c46b,CID-121,2022-03-13,413.23,VISA,Completed,SampleGen
PAY-7064ca04-3774-432b-8a71-5dea140133c6,INV-7064ca04-3774-432b-8a71-5dea140133c6,CID-121,2024-07-07,706.86,VISA,Completed,SampleGen
PAY-d181cb6f-4651-4ea7-9ebe-b1e960c0293b,INV-d181cb6f-4651-4ea7-9ebe-b1e960c0293b,CID-121,2021-12-28,3697.46,AmEx,Completed,SampleGen
PAY-e68697ee-efec-4cdf-957c-6841f656ddf8,INV-e68697ee-efec-4cdf-957c-6841f656ddf8,CID-121,2023-04-01,1228.84,PayPal,Completed,SampleGen
PAY-c552128c-d45e-419c-8190-c55443eec0e7,INV-c552128c-d45e-419c-8190-c55443eec0e7,CID-122,2022-04-05,2827.48,Discover,Completed,SampleGen
PAY-4863f04e-00d9-4c72-bb0b-bd2a0a246126,INV-4863f04e-00d9-4c72-bb0b-bd2a0a246126,CID-122,2025-10-21,1990.07,PayPal,Completed,SampleGen
PAY-279ffc07-2f56-46d9-90bf-a49f29b3c2f7,INV-279ffc07-2f56-46d9-90bf-a49f29b3c2f7,CID-123,2023-07-26,347.96,VISA,Completed,SampleGen
PAY-8424a007-6f22-4e74-b81f-520a51c03840,INV-8424a007-6f22-4e74-b81f-520a51c03840,CID-123,2024-04-16,434.97,AmEx,Completed,SampleGen
PAY-d6008564-992c-4cc4-a8ce-d28689584018,INV-d6008564-992c-4cc4-a8ce-d28689584018,CID-124,2022-12-17,1957.44,AmEx,Completed,SampleGen
PAY-9a5c781b-e7dd-4a93-851b-fc8f9a0c1ac4,INV-9a5c781b-e7dd-4a93-851b-fc8f9a0c1ac4,CID-124,2021-08-15,2022.7,MC,Completed,SampleGen
PAY-a95d719d-13f8-4487-8c1b-19b626abdf34,INV-a95d719d-13f8-4487-8c1b-19b626abdf34,CID-124,2022-03-08,2077.05,Discover,Completed,SampleGen
PAY-6390f3dc-3f4f-4519-8b6d-d9d27aeddb6b,INV-6390f3dc-3f4f-4519-8b6d-d9d27aeddb6b,CID-125,2024-11-06,1413.73,Discover,Completed,SampleGen
PAY-c11bbe95-60ff-4744-b77e-d301f6859509,INV-c11bbe95-60ff-4744-b77e-d301f6859509,CID-125,2024-04-15,1457.2,VISA,Completed,SampleGen
PAY-9228b660-302e-4f4d-99d4-7f1368706475,INV-9228b660-302e-4f4d-99d4-7f1368706475,CID-126,2021-05-18,130.48,AmEx,Completed,SampleGen
PAY-69ca6db1-6ed3-479b-894c-5d39fcc76326,INV-69ca6db1-6ed3-479b-894c-5d39fcc76326,CID-126,2022-08-02,1739.94,MC,Completed,SampleGen
PAY-dc339669-7ef9-4242-9db1-fc563a03cd57,INV-dc339669-7ef9-4242-9db1-fc563a03cd57,CID-127,2024-10-08,2174.97,PayPal,Completed,SampleGen
PAY-7b846d95-fda4-4b36-9fee-b689a48a5102,INV-7b846d95-fda4-4b36-9fee-b689a48a5102,CID-127,2021-02-14,1957.48,PayPal,Completed,SampleGen
PAY-519e79c6-02de-428c-889b-0e323f7cd51e,INV-519e79c6-02de-428c-889b-0e323f7cd51e,CID-127,2022-02-09,2136.88,PayPal,Completed,SampleGen
PAY-b587f589-da84-47e4-8abc-3280add14c18,INV-b587f589-da84-47e4-8abc-3280add14c18,CID-127,2022-11-03,2560.99,AmEx,Completed,SampleGen
PAY-7165e85f-5eb1-4424-82ce-bfe747b67be5,INV-7165e85f-5eb1-4424-82ce-bfe747b67be5,CID-127,2025-09-04,163.11,MC,Completed,SampleGen
PAY-357da4f3-bebc-4aee-8dec-c39224d8b87a,INV-357da4f3-bebc-4aee-8dec-c39224d8b87a,CID-128,2025-04-11,1968.33,MC,Completed,SampleGen
PAY-1911d74c-4411-4759-994f-90058cf59be1,INV-1911d74c-4411-4759-994f-90058cf59be1,CID-128,2021-05-24,3980.18,Discover,Completed,SampleGen
PAY-f0c928c1-b6de-432f-b6e2-5cec93b2b5b5,INV-f0c928c1-b6de-432f-b6e2-5cec93b2b5b5,CID-129,2025-09-06,511.08,MC,Completed,SampleGen
PAY-4513b73b-edf3-4e6b-bfde-0f9354f3db8f,INV-4513b73b-edf3-4e6b-bfde-0f9354f3db8f,CID-129,2026-12-08,1783.45,VISA,Completed,SampleGen
PAY-6d2e6b47-4b2e-4029-b9b0-ba61deb590e3,INV-6d2e6b47-4b2e-4029-b9b0-ba61deb590e3,CID-130,2024-03-04,1196.2,PayPal,Completed,SampleGen
PAY-4ca68cb8-472a-4d12-869d-8b1168cde89f,INV-4ca68cb8-472a-4d12-869d-8b1168cde89f,CID-131,2025-11-21,2240.17,VISA,Completed,SampleGen
PAY-17240f6d-989f-439c-88ee-13ba5cb61159,INV-17240f6d-989f-439c-88ee-13ba5cb61159,CID-131,2021-12-27,739.46,VISA,Completed,SampleGen
PAY-9f2f26f3-e2a5-47c2-a39b-fc2a9fd7917d,INV-9f2f26f3-e2a5-47c2-a39b-fc2a9fd7917d,CID-132,2022-07-25,1130.97,VISA,Completed,SampleGen
PAY-cfbc8d10-fc2a-4f0f-9db5-1d1e5cc42323,INV-cfbc8d10-fc2a-4f0f-9db5-1d1e5cc42323,CID-132,2021-07-19,2174.95,VISA,Completed,SampleGen
PAY-eb1b42ab-bb6e-4ddd-98e9-1eb93cf80b64,INV-eb1b42ab-bb6e-4ddd-98e9-1eb93cf80b64,CID-133,2023-03-18,326.24,VISA,Completed,SampleGen
PAY-989ca78f-ac3b-4a36-916a-8d22cfec3827,INV-989ca78f-ac3b-4a36-916a-8d22cfec3827,CID-133,2024-07-13,1946.59,VISA,Completed,SampleGen
PAY-e0b69352-5b27-417f-bbd1-ac5a8e53c0ed,INV-e0b69352-5b27-417f-bbd1-ac5a8e53c0ed,CID-133,2025-07-05,1533.33,AmEx,Completed,SampleGen
PAY-3baa9521-c65a-47b5-a997-f6bbb42851d7,INV-3baa9521-c65a-47b5-a997-f6bbb42851d7,CID-133,2025-03-26,130.48,VISA,Completed,SampleGen
PAY-00fe0237-0dd5-4909-a370-9fc4405a4b58,INV-00fe0237-0dd5-4909-a370-9fc4405a4b58,CID-133,2025-10-12,2283.71,AmEx,Completed,SampleGen
PAY-80271939-384a-4b0d-8401-b4ae1a8fb77e,INV-80271939-384a-4b0d-8401-b4ae1a8fb77e,CID-134,2022-12-09,2044.47,AmEx,Completed,SampleGen
PAY-845ed89e-7788-40a7-be44-ce6781e5ece4,INV-845ed89e-7788-40a7-be44-ce6781e5ece4,CID-134,2022-07-28,1674.71,PayPal,Completed,SampleGen
PAY-cf92231b-0045-4b9a-b68b-dfd06b24eb5d,INV-cf92231b-0045-4b9a-b68b-dfd06b24eb5d,CID-134,2026-03-26,4110.68,VISA,Completed,SampleGen
PAY-f877fbb3-1835-447f-baae-aff997814242,INV-f877fbb3-1835-447f-baae-aff997814242,CID-134,2024-05-22,663.34,AmEx,Completed,SampleGen
PAY-f36f00bb-b5ce-43f9-adec-1cb6539c2f3d,INV-f36f00bb-b5ce-43f9-adec-1cb6539c2f3d,CID-135,2022-02-03,978.74,VISA,Completed,SampleGen
PAY-254dfc99-edf6-4719-827e-4ed847673b88,INV-254dfc99-edf6-4719-827e-4ed847673b88,CID-136,2025-01-01,630.72,VISA,Completed,SampleGen
PAY-8eb8d734-df86-49a6-8203-598916030744,INV-8eb8d734-df86-49a6-8203-598916030744,CID-136,2025-09-16,1337.57,AmEx,Completed,SampleGen
PAY-9d9527f3-7db4-4292-b1e7-360fc274bc4c,INV-9d9527f3-7db4-4292-b1e7-360fc274bc4c,CID-136,2023-11-06,1968.32,VISA,Completed,SampleGen
PAY-aa3182eb-36ec-46c8-8aaa-b5ffeecc1b30,INV-aa3182eb-36ec-46c8-8aaa-b5ffeecc1b30,CID-136,2021-11-04,1413.74,VISA,Completed,SampleGen
PAY-03c8ccb5-d754-4031-98d8-7e53d4df5d2b,INV-03c8ccb5-d754-4031-98d8-7e53d4df5d2b,CID-137,2026-04-28,1196.23,PayPal,Completed,SampleGen
PAY-2cd8789a-fbe2-442a-8872-46b65d0efed2,INV-2cd8789a-fbe2-442a-8872-46b65d0efed2,CID-137,2023-07-20,1424.58,AmEx,Completed,SampleGen
PAY-496c9ac6-f591-4f53-a6cb-0509d5dcd40f,INV-496c9ac6-f591-4f53-a6cb-0509d5dcd40f,CID-137,2025-02-22,1990.06,VISA,Completed,SampleGen
PAY-88383566-810e-4b43-a3df-8a4cd75199c7,INV-88383566-810e-4b43-a3df-8a4cd75199c7,CID-137,2025-12-04,2555.57,AmEx,Completed,SampleGen
PAY-4356875e-6793-46d6-b0ea-30c3a8f12e52,INV-4356875e-6793-46d6-b0ea-30c3a8f12e52,CID-138,2022-12-01,1370.2,AmEx,Completed,SampleGen
PAY-3a332c0c-5994-410f-adde-53ab8000c54b,INV-3a332c0c-5994-410f-adde-53ab8000c54b,CID-138,2022-12-17,1152.72,VISA,Completed,SampleGen
PAY-3f42169f-a69d-46eb-a4d1-2519e15d3d47,INV-3f42169f-a69d-46eb-a4d1-2519e15d3d47,CID-138,2024-12-25,2294.58,AmEx,Completed,SampleGen
PAY-d99217ed-879e-4a9f-9aa4-02966a41744e,INV-d99217ed-879e-4a9f-9aa4-02966a41744e,CID-138,2025-02-07,1321.26,VISA,Completed,SampleGen
PAY-7c5ee94a-8de1-4e38-b24c-792985163877,INV-7c5ee94a-8de1-4e38-b24c-792985163877,CID-139,2021-11-23,869.98,PayPal,Completed,SampleGen
PAY-775d6835-6bcd-47b0-acb7-7fb94a955d87,INV-775d6835-6bcd-47b0-acb7-7fb94a955d87,CID-139,2026-04-28,804.71,VISA,Completed,SampleGen
PAY-6f1cb4b0-33c2-4ade-b3c1-9ff57f6cd952,INV-6f1cb4b0-33c2-4ade-b3c1-9ff57f6cd952,CID-139,2023-03-04,1109.19,MC,Completed,SampleGen
PAY-7c7ee834-9fef-4066-8067-8fcff5d57e38,INV-7c7ee834-9fef-4066-8067-8fcff5d57e38,CID-139,2024-11-20,163.11,MC,Completed,SampleGen
PAY-7d4e2872-79df-452e-8e35-11cd6e8ef6cb,INV-7d4e2872-79df-452e-8e35-11cd6e8ef6cb,CID-140,2024-05-01,1413.73,MC,Completed,SampleGen
PAY-a0a225f8-5f86-474d-a602-39f45a8e56fe,INV-a0a225f8-5f86-474d-a602-39f45a8e56fe,CID-141,2026-04-06,1326.7,AmEx,Completed,SampleGen
PAY-f543be9d-9c41-4292-9049-1875f7414fd3,INV-f543be9d-9c41-4292-9049-1875f7414fd3,CID-142,2021-08-01,1968.31,AmEx,Completed,SampleGen
PAY-fb452479-4e14-4518-be3e-c805e9743d83,INV-fb452479-4e14-4518-be3e-c805e9743d83,CID-142,2022-02-26,1957.48,PayPal,Completed,SampleGen
PAY-e4fa66a0-b1b4-421a-994f-828ac21aa0c4,INV-e4fa66a0-b1b4-421a-994f-828ac21aa0c4,CID-143,2023-12-29,65.24,AmEx,Completed,SampleGen
PAY-0acd0f54-0039-4258-a165-fe4374110257,INV-0acd0f54-0039-4258-a165-fe4374110257,CID-144,2025-06-08,1576.85,MC,Completed,SampleGen
PAY-f1197047-d0e0-4ca4-80cd-e0d7cf236466,INV-f1197047-d0e0-4ca4-80cd-e0d7cf236466,CID-145,2026-08-28,2087.94,MC,Completed,SampleGen
PAY-69d0a679-40db-4c99-960c-acddbe674ea6,INV-69d0a679-40db-4c99-960c-acddbe674ea6,CID-146,2026-12-23,2338.09,PayPal,Completed,SampleGen
PAY-4cb9de5d-2262-4497-acca-309485680757,INV-4cb9de5d-2262-4497-acca-309485680757,CID-146,2024-05-11,1489.81,Discover,Completed,SampleGen
PAY-2c3be7a4-fd83-4478-9ee6-7d5e1ead6c2d,INV-2c3be7a4-fd83-4478-9ee6-7d5e1ead6c2d,CID-146,2022-02-16,489.36,VISA,Completed,SampleGen
PAY-9293eef7-dfd3-4699-aa06-516b6323b97d,INV-9293eef7-dfd3-4699-aa06-516b6323b97d,CID-147,2023-10-11,804.71,MC,Completed,SampleGen
PAY-e64c5ad5-fd71-4ebd-89cf-8a1b72b7d396,INV-e64c5ad5-fd71-4ebd-89cf-8a1b72b7d396,CID-147,2025-09-02,326.24,MC,Completed,SampleGen
PAY-106db32b-4bb6-445f-823b-5a222ecc8dad,INV-106db32b-4bb6-445f-823b-5a222ecc8dad,CID-147,2023-11-24,1413.73,VISA,Completed,SampleGen
PAY-b61778eb-24b6-4e2f-9078-df925df5f7a7,INV-b61778eb-24b6-4e2f-9078-df925df5f7a7,CID-147,2024-03-24,1935.72,VISA,Completed,SampleGen
PAY-baec8ac6-97e6-4f94-8d45-4b2f885c330a,INV-baec8ac6-97e6-4f94-8d45-4b2f885c330a,CID-148,2025-11-06,2229.31,PayPal,Completed,SampleGen
PAY-dadb8cb9-258e-43f3-9a18-5cc0fb246333,INV-dadb8cb9-258e-43f3-9a18-5cc0fb246333,CID-149,2022-12-12,598.11,VISA,Completed,SampleGen
PAY-04ba57d0-f75c-456c-967c-61af7fe50193,INV-04ba57d0-f75c-456c-967c-61af7fe50193,CID-149,2023-12-16,4349.94,VISA,Completed,SampleGen
PAY-8a275482-0690-4696-814b-b329a6c100b8,INV-8a275482-0690-4696-814b-b329a6c100b8,CID-149,2026-03-24,217.48,MC,Completed,SampleGen
PAY-f8e327ab-4ee6-48c1-895d-92f0883fec1e,INV-f8e327ab-4ee6-48c1-895d-92f0883fec1e,CID-149,2026-02-07,4730.57,VISA,Completed,SampleGen
PAY-3d29d7f4-903b-4a17-9d64-c718b4a5532d,INV-3d29d7f4-903b-4a17-9d64-c718b4a5532d,CID-149,2021-08-14,543.73,VISA,Completed,SampleGen
PAY-627d34d8-23f5-4015-9bcb-0a5732e7a2a3,INV-627d34d8-23f5-4015-9bcb-0a5732e7a2a3,CID-150,2024-10-12,1391.96,AmEx,Completed,SampleGen
PAY-e92e5713-ba35-4b7d-9061-bb223ab04fb4,INV-e92e5713-ba35-4b7d-9061-bb223ab04fb4,CID-150,2026-04-03,1500.68,MC,Completed,SampleGen
PAY-72eb664a-6942-489b-bbcb-2194de76521b,INV-72eb664a-6942-489b-bbcb-2194de76521b,CID-151,2022-09-09,260.96,PayPal,Completed,SampleGen
PAY-3bc24146-caaf-4355-80d0-100184ade1d8,INV-3bc24146-caaf-4355-80d0-100184ade1d8,CID-152,2021-09-02,1087.48,AmEx,Completed,SampleGen
PAY-5a39972d-fe38-44f4-a72b-4f14cfc16e32,INV-5a39972d-fe38-44f4-a72b-4f14cfc16e32,CID-152,2022-06-19,413.23,MC,Completed,SampleGen
PAY-4d6874b3-7128-474b-87ee-7894c45d3c10,INV-4d6874b3-7128-474b-87ee-7894c45d3c10,CID-153,2022-01-15,3860.56,MC,Completed,SampleGen
PAY-d8cf2700-cba8-40bd-9f49-be4abce1990a,INV-d8cf2700-cba8-40bd-9f49-be4abce1990a,CID-154,2024-03-22,521.97,AmEx,Completed,SampleGen
PAY-00208314-7049-4f79-b4dd-7aeb85c4c292,INV-00208314-7049-4f79-b4dd-7aeb85c4c292,CID-155,2024-09-28,2599.06,Discover,Completed,SampleGen
PAY-6c0c56d1-ef83-469b-8612-587ff9a6ee89,INV-6c0c56d1-ef83-469b-8612-587ff9a6ee89,CID-156,2025-12-01,902.58,AmEx,Completed,SampleGen
PAY-076e3689-4012-40a8-a5ed-533a0d7a54b0,INV-076e3689-4012-40a8-a5ed-533a0d7a54b0,CID-156,2026-05-11,3784.43,PayPal,Completed,SampleGen
PAY-5953e220-1b5f-4028-b1b5-6185ceedb0b1,INV-5953e220-1b5f-4028-b1b5-6185ceedb0b1,CID-157,2026-10-28,3425.55,VISA,Completed,SampleGen
PAY-c7d2bf36-7e1f-4698-adf7-2b1ad288747d,INV-c7d2bf36-7e1f-4698-adf7-2b1ad288747d,CID-157,2023-04-10,1544.23,MC,Completed,SampleGen
PAY-c14160ae-9cb2-4ce6-baca-f975c4034f44,INV-c14160ae-9cb2-4ce6-baca-f975c4034f44,CID-158,2024-11-17,1544.21,AmEx,Completed,SampleGen
PAY-5c28e5db-708e-4a0a-8ef4-88870e84e037,INV-5c28e5db-708e-4a0a-8ef4-88870e84e037,CID-158,2022-05-21,543.73,AmEx,Completed,SampleGen
PAY-ab6fe62d-c78f-4306-b503-ae0fbbcf1632,INV-ab6fe62d-c78f-4306-b503-ae0fbbcf1632,CID-158,2021-12-15,4817.56,AmEx,Completed,SampleGen
PAY-e7a00245-5767-457e-96b6-61a2466360d4,INV-e7a00245-5767-457e-96b6-61a2466360d4,CID-158,2026-05-24,434.98,VISA,Completed,SampleGen
PAY-2ba89ca9-3032-4785-8f6f-74c50ef36453,INV-2ba89ca9-3032-4785-8f6f-74c50ef36453,CID-159,2022-10-21,1848.72,VISA,Completed,SampleGen
PAY-38b894aa-e46e-4c58-a891-15a6624fe020,INV-38b894aa-e46e-4c58-a891-15a6624fe020,CID-159,2025-11-11,2283.68,MC,Completed,SampleGen
PAY-4a5df58d-ebda-45b0-8bc3-c36c4268e5d2,INV-4a5df58d-ebda-45b0-8bc3-c36c4268e5d2,CID-159,2026-09-27,1859.57,VISA,Completed,SampleGen
PAY-9947ccaf-067a-4fca-9d27-0184e94d02f9,INV-9947ccaf-067a-4fca-9d27-0184e94d02f9,CID-160,2024-03-09,1750.82,Discover,Completed,SampleGen
PAY-e43b975c-3073-4348-881d-04d296216c77,INV-e43b975c-3073-4348-881d-04d296216c77,CID-160,2023-02-01,2544.69,Discover,Completed,SampleGen
PAY-9bbb47a4-19f2-416c-926a-e47dc98de12b,INV-9bbb47a4-19f2-416c-926a-e47dc98de12b,CID-160,2023-02-02,4056.31,AmEx,Completed,SampleGen
PAY-392f8ed4-a351-4f5b-8683-3e17869fb0ee,INV-392f8ed4-a351-4f5b-8683-3e17869fb0ee,CID-160,2022-05-27,108.74,PayPal,Completed,SampleGen
PAY-f68594b2-bf1d-4d05-8001-43fea731eb70,INV-f68594b2-bf1d-4d05-8001-43fea731eb70,CID-160,2023-09-21,3740.94,VISA,Completed,SampleGen
PAY-ed887d90-a316-4a2a-8792-7490219ec8cf,INV-ed887d90-a316-4a2a-8792-7490219ec8cf,CID-161,2025-08-22,1544.2,VISA,Completed,SampleGen
PAY-e6a3e435-dce1-42f5-86c2-60a8c3a15931,INV-e6a3e435-dce1-42f5-86c2-60a8c3a15931,CID-161,2022-01-17,4132.44,MC,Completed,SampleGen
PAY-5663a1d0-1b3c-47bf-af25-a4aa46375002,INV-5663a1d0-1b3c-47bf-af25-a4aa46375002,CID-161,2022-12-22,2131.46,VISA,Completed,SampleGen
PAY-c2a6c9a4-d650-4b21-9fdb-b1a3317568dd,INV-c2a6c9a4-d650-4b21-9fdb-b1a3317568dd,CID-162,2025-04-28,1631.19,VISA,Completed,SampleGen
PAY-5fa8c53c-38f4-4ca4-a1b3-f0dfbb48fb4d,INV-5fa8c53c-38f4-4ca4-a1b3-f0dfbb48fb4d,CID-163,2023-05-30,2251.06,Discover,Completed,SampleGen
PAY-2feb6453-719e-44e1-87cc-6ca0d9cdf578,INV-2feb6453-719e-44e1-87cc-6ca0d9cdf578,CID-163,2026-09-09,777.52,AmEx,Completed,SampleGen
PAY-ec15f86d-5a9d-4899-afaa-8521f70effcd,INV-ec15f86d-5a9d-4899-afaa-8521f70effcd,CID-163,2021-07-29,1750.83,Discover,Completed,SampleGen
PAY-989cf38a-eba3-451b-82ed-d6e7172b8d34,INV-989cf38a-eba3-451b-82ed-d6e7172b8d34,CID-164,2026-06-09,576.33,MC,Completed,SampleGen
PAY-8a962051-b773-4f3d-be77-5ad3b1255963,INV-8a962051-b773-4f3d-be77-5ad3b1255963,CID-164,2022-04-17,1065.72,VISA,Completed,SampleGen
PAY-f370991f-d0ae-4840-80f0-4a408ebd6634,INV-f370991f-d0ae-4840-80f0-4a408ebd6634,CID-165,2026-08-12,1990.08,VISA,Completed,SampleGen
PAY-d378a583-ffb4-4196-8992-597c777b6576,INV-d378a583-ffb4-4196-8992-597c777b6576,CID-166,2022-07-23,978.74,MC,Completed,SampleGen
PAY-8aaff0b8-e0dc-4047-a09e-075d8ed6a2ee,INV-8aaff0b8-e0dc-4047-a09e-075d8ed6a2ee,CID-166,2024-02-01,3643.07,VISA,Completed,SampleGen
PAY-bb6098eb-c919-4b48-9c58-5f49227a79c9,INV-bb6098eb-c919-4b48-9c58-5f49227a79c9,CID-166,2022-11-27,4143.32,AmEx,Completed,SampleGen
PAY-eb4bf6c5-b7bb-4265-9641-5ea3f7d34809,INV-eb4bf6c5-b7bb-4265-9641-5ea3f7d34809,CID-166,2026-04-16,869.98,VISA,Completed,SampleGen
PAY-62b40036-a941-4c35-ab19-0aba60288585,INV-62b40036-a941-4c35-ab19-0aba60288585,CID-166,2021-03-19,587.21,AmEx,Completed,SampleGen
PAY-ffc5da35-af6e-4e77-bc29-ef2fc1f2f438,INV-ffc5da35-af6e-4e77-bc29-ef2fc1f2f438,CID-166,2021-04-28,1076.56,VISA,Completed,SampleGen
PAY-a59b564c-7ae9-415e-bc95-eb35e5b6dd97,INV-a59b564c-7ae9-415e-bc95-eb35e5b6dd97,CID-166,2025-07-08,429.53,MC,Completed,SampleGen
PAY-f3378451-e8b1-4212-91fd-002c01581d75,INV-f3378451-e8b1-4212-91fd-002c01581d75,CID-167,2023-06-15,2142.32,VISA,Completed,SampleGen
PAY-cc0f19ab-f848-4e15-bcaf-4f09a6dfd7b8,INV-cc0f19ab-f848-4e15-bcaf-4f09a6dfd7b8,CID-167,2024-05-22,347.98,VISA,Completed,SampleGen
PAY-8240a435-729b-4727-96d5-9242e373bae9,INV-8240a435-729b-4727-96d5-9242e373bae9,CID-167,2021-02-06,3947.57,PayPal,Completed,SampleGen
PAY-34adde91-a72e-4696-ba78-ad082f435639,INV-34adde91-a72e-4696-ba78-ad082f435639,CID-167,2026-10-07,1217.95,PayPal,Completed,SampleGen
PAY-205dccec-8f86-4c70-b326-a83fd2de44a5,INV-205dccec-8f86-4c70-b326-a83fd2de44a5,CID-167,2022-05-04,967.84,MC,Completed,SampleGen
PAY-397d648b-468b-427a-8d94-09a1dae2d281,INV-397d648b-468b-427a-8d94-09a1dae2d281,CID-167,2024-02-28,1805.21,MC,Completed,SampleGen
PAY-14598865-e59d-40dc-811a-40e02b0163b1,INV-14598865-e59d-40dc-811a-40e02b0163b1,CID-168,2026-10-08,1957.44,Discover,Completed,SampleGen
PAY-10f7c6e1-c1bd-41bc-afc2-cdc9a2a590f1,INV-10f7c6e1-c1bd-41bc-afc2-cdc9a2a590f1,CID-168,2022-04-13,1022.22,VISA,Completed,SampleGen
PAY-8d5ca052-9007-4301-8f23-7e29c8c551f0,INV-8d5ca052-9007-4301-8f23-7e29c8c551f0,CID-168,2021-09-28,282.73,AmEx,Completed,SampleGen
PAY-bf6c37ff-3dc3-4383-ac3d-dd4fbfe0320d,INV-bf6c37ff-3dc3-4383-ac3d-dd4fbfe0320d,CID-168,2022-02-27,5763.69,PayPal,Completed,SampleGen
PAY-ca816ff3-d512-446f-99c0-43d95beb9cb9,INV-ca816ff3-d512-446f-99c0-43d95beb9cb9,CID-169,2022-07-22,1370.2,VISA,Completed,SampleGen
PAY-0a1770ec-cec9-4d35-b9cf-5a2b5990d2aa,INV-0a1770ec-cec9-4d35-b9cf-5a2b5990d2aa,CID-169,2021-11-19,1903.07,AmEx,Completed,SampleGen
PAY-464d92fc-a428-476c-8506-edfcc71a92cf,INV-464d92fc-a428-476c-8506-edfcc71a92cf,CID-170,2021-02-06,2022.7,VISA,Completed,SampleGen
PAY-36aac927-e836-4b18-85d4-1def82ee5d00,INV-36aac927-e836-4b18-85d4-1def82ee5d00,CID-170,2022-02-20,1033.08,VISA,Completed,SampleGen
PAY-e19a97af-e743-480f-9679-7de91f1767db,INV-e19a97af-e743-480f-9679-7de91f1767db,CID-171,2022-01-12,1968.31,MC,Completed,SampleGen
PAY-7edf5fa7-0379-49a1-80bb-0eb5a7797efb,INV-7edf5fa7-0379-49a1-80bb-0eb5a7797efb,CID-171,2026-07-28,1141.85,Discover,Completed,SampleGen
PAY-0f5e16b2-e036-4ba9-86b9-b69b03c898f8,INV-0f5e16b2-e036-4ba9-86b9-b69b03c898f8,CID-172,2025-10-06,3501.67,VISA,Completed,SampleGen
PAY-e7faf99b-5dfb-4001-aced-e7d073f18e45,INV-e7faf99b-5dfb-4001-aced-e7d073f18e45,CID-172,2021-09-30,3577.81,VISA,Completed,SampleGen
PAY-211ea6f0-5c5f-4f95-a8e7-c77c55216a8e,INV-211ea6f0-5c5f-4f95-a8e7-c77c55216a8e,CID-172,2024-07-31,1794.32,PayPal,Completed,SampleGen
PAY-eb861fba-b953-49b6-83e9-6c4b00c175c2,INV-eb861fba-b953-49b6-83e9-6c4b00c175c2,CID-172,2024-12-16,4784.96,PayPal,Completed,SampleGen
PAY-a73b844a-2d3c-4704-bffa-bee564d9b4fb,INV-a73b844a-2d3c-4704-bffa-bee564d9b4fb,CID-172,2023-07-20,163.08,Discover,Completed,SampleGen
PAY-bc5247b1-d320-4453-862d-e45eaaf7a825,INV-bc5247b1-d320-4453-862d-e45eaaf7a825,CID-172,2024-07-18,869.96,PayPal,Completed,SampleGen
PAY-af76d734-9a17-452e-a44a-a7d5adc03bb4,INV-af76d734-9a17-452e-a44a-a7d5adc03bb4,CID-173,2024-08-18,1326.72,PayPal,Completed,SampleGen
PAY-a6624c60-9644-4628-86e4-e1acc6a484c8,INV-a6624c60-9644-4628-86e4-e1acc6a484c8,CID-173,2022-12-17,1304.96,PayPal,Completed,SampleGen
PAY-ce0555ff-f069-4db4-a98a-de9fc36c7d88,INV-ce0555ff-f069-4db4-a98a-de9fc36c7d88,CID-173,2021-06-21,1826.97,MC,Completed,SampleGen
PAY-6367bbbd-160e-4794-9dee-3caef66db9d1,INV-6367bbbd-160e-4794-9dee-3caef66db9d1,CID-173,2024-09-28,1196.22,AmEx,Completed,SampleGen
PAY-60777c7b-7c86-428c-bbfa-5082c21cc48e,INV-60777c7b-7c86-428c-bbfa-5082c21cc48e,CID-174,2023-04-14,173.98,MC,Completed,SampleGen
PAY-b8d612fe-5711-44eb-811b-0103b6b48856,INV-b8d612fe-5711-44eb-811b-0103b6b48856,CID-174,2022-11-04,1413.74,VISA,Completed,SampleGen
PAY-9d97a1db-5b23-4497-850c-953ca62c9e38,INV-9d97a1db-5b23-4497-850c-953ca62c9e38,CID-175,2024-03-29,1304.97,VISA,Completed,SampleGen
PAY-26bc653e-d76b-458b-88b6-ae60049f4282,INV-26bc653e-d76b-458b-88b6-ae60049f4282,CID-175,2024-10-30,1391.95,VISA,Completed,SampleGen
PAY-b540cb3e-fdaf-4a02-b997-306d5ad32101,INV-b540cb3e-fdaf-4a02-b997-306d5ad32101,CID-176,2026-11-14,1859.58,MC,Completed,SampleGen
PAY-e2afceb5-869d-4d75-85e8-d5c75d20609b,INV-e2afceb5-869d-4d75-85e8-d5c75d20609b,CID-176,2021-12-06,3240.69,AmEx,Completed,SampleGen
PAY-e02aae20-17fb-4df4-94ae-39e7a51cc4e7,INV-e02aae20-17fb-4df4-94ae-39e7a51cc4e7,CID-176,2025-12-05,706.86,MC,Completed,SampleGen
PAY-8d8ab941-0f69-49b5-b66a-ea7994dfeec9,INV-8d8ab941-0f69-49b5-b66a-ea7994dfeec9,CID-177,2025-02-22,848.22,AmEx,Completed,SampleGen
PAY-ac73c599-33e8-4f2f-bad0-afe9c1849000,INV-ac73c599-33e8-4f2f-bad0-afe9c1849000,CID-177,2021-05-17,1587.7,Discover,Completed,SampleGen
PAY-dc33822d-131b-4c1e-b4fa-f38ce381fc11,INV-dc33822d-131b-4c1e-b4fa-f38ce381fc11,CID-178,2024-12-20,2892.69,MC,Completed,SampleGen
PAY-d70caf8d-2ff2-4a77-bfa9-f3176d878b89,INV-d70caf8d-2ff2-4a77-bfa9-f3176d878b89,CID-178,2025-09-11,2588.19,Discover,Completed,SampleGen
PAY-95678c80-b279-4803-8597-d41f6a703bc8,INV-95678c80-b279-4803-8597-d41f6a703bc8,CID-179,2021-07-27,761.21,Discover,Completed,SampleGen
PAY-8b100fa9-1261-4185-bf00-6eb82767a0a8,INV-8b100fa9-1261-4185-bf00-6eb82767a0a8,CID-179,2021-01-17,1750.84,PayPal,Completed,SampleGen
PAY-22f45917-8c0f-4fe9-9590-1a4422d056d2,INV-22f45917-8c0f-4fe9-9590-1a4422d056d2,CID-180,2026-12-01,500.22,VISA,Completed,SampleGen
PAY-03dbaca8-b805-4389-82e1-3ddfd86f30a6,INV-03dbaca8-b805-4389-82e1-3ddfd86f30a6,CID-180,2021-05-24,1674.68,MC,Completed,SampleGen
PAY-dffd9d2a-fdb2-431f-8ef2-9b1945787b73,INV-dffd9d2a-fdb2-431f-8ef2-9b1945787b73,CID-180,2024-05-20,739.46,VISA,Completed,SampleGen
PAY-be206288-05dc-41de-8242-43561236d79e,INV-be206288-05dc-41de-8242-43561236d79e,CID-181,2022-02-23,2120.56,AmEx,Completed,SampleGen
PAY-715bf39d-2bd8-41f5-869e-a9f50b596c0d,INV-715bf39d-2bd8-41f5-869e-a9f50b596c0d,CID-182,2021-03-21,576.34,AmEx,Completed,SampleGen
PAY-ca6ec9de-67bc-4871-b06c-57e31f6ce150,INV-ca6ec9de-67bc-4871-b06c-57e31f6ce150,CID-183,2023-08-02,1043.97,VISA,Completed,SampleGen
PAY-32e0c4dc-6566-4510-b0df-ac20487404a6,INV-32e0c4dc-6566-4510-b0df-ac20487404a6,CID-183,2024-01-08,3044.95,PayPal,Completed,SampleGen
PAY-0afff49b-af73-45f2-b779-7f5e10908180,INV-0afff49b-af73-45f2-b779-7f5e10908180,CID-184,2023-07-19,532.84,VISA,Completed,SampleGen
PAY-b6efd40f-3b4c-4e8c-afa2-3056ebf27d22,INV-b6efd40f-3b4c-4e8c-afa2-3056ebf27d22,CID-184,2025-06-16,630.7,PayPal,Completed,SampleGen
PAY-aac24453-9186-4ea5-bb42-7152345f8864,INV-aac24453-9186-4ea5-bb42-7152345f8864,CID-184,2022-07-14,1892.2,VISA,Completed,SampleGen
PAY-f25ed86d-c90b-419b-b234-ab6a5fe64179,INV-f25ed86d-c90b-419b-b234-ab6a5fe64179,CID-184,2025-08-22,978.72,AmEx,Completed,SampleGen
PAY-950f3449-431a-45d8-9590-cf9d9608993d,INV-950f3449-431a-45d8-9590-cf9d9608993d,CID-185,2021-06-11,706.86,MC,Completed,SampleGen
PAY-65fba08d-f974-4b46-84a6-aae7b9599ec8,INV-65fba08d-f974-4b46-84a6-aae7b9599ec8,CID-185,2022-12-01,619.84,VISA,Completed,SampleGen
PAY-cc0cce4c-ac02-4a82-8d3e-a31dbbe891ec,INV-cc0cce4c-ac02-4a82-8d3e-a31dbbe891ec,CID-185,2024-11-03,1413.7,PayPal,Completed,SampleGen
PAY-c6d6afd2-5baa-4912-b1fd-6057f149dbf7,INV-c6d6afd2-5baa-4912-b1fd-6057f149dbf7,CID-185,2023-09-14,3153.7,MC,Completed,SampleGen
PAY-980f4ae5-aa54-4d34-abbf-99c3570ab5d4,INV-980f4ae5-aa54-4d34-abbf-99c3570ab5d4,CID-186,2023-11-10,2044.47,VISA,Completed,SampleGen
PAY-bb00c3fa-a07f-4651-98ce-7acd89b7cf56,INV-bb00c3fa-a07f-4651-98ce-7acd89b7cf56,CID-186,2023-05-22,217.49,AmEx,Completed,SampleGen
PAY-31f32742-14c4-4f7e-af1f-7784d9b9187f,INV-31f32742-14c4-4f7e-af1f-7784d9b9187f,CID-187,2026-08-09,2207.58,AmEx,Completed,SampleGen
PAY-a3a6b222-3d03-417f-b300-41ceb251bb8c,INV-a3a6b222-3d03-417f-b300-41ceb251bb8c,CID-187,2025-02-01,630.74,AmEx,Completed,SampleGen
PAY-311dc279-01b9-47fd-ad06-c702cab8c3c2,INV-311dc279-01b9-47fd-ad06-c702cab8c3c2,CID-188,2022-04-02,337.1,VISA,Completed,SampleGen
PAY-245008ad-6d1b-4bf7-8895-7fbf8e648c48,INV-245008ad-6d1b-4bf7-8895-7fbf8e648c48,CID-188,2026-05-03,1228.83,AmEx,Completed,SampleGen
PAY-40b98fb1-f0ea-451d-9e08-af859ef3223e,INV-40b98fb1-f0ea-451d-9e08-af859ef3223e,CID-188,2026-09-26,4578.3,MC,Completed,SampleGen
PAY-00901ae7-1b1b-47c1-8d05-4318abbd2884,INV-00901ae7-1b1b-47c1-8d05-4318abbd2884,CID-188,2023-02-15,380.61,PayPal,Completed,SampleGen
PAY-8d2d92ec-7845-4345-a7fd-226c72854b97,INV-8d2d92ec-7845-4345-a7fd-226c72854b97,CID-189,2024-05-19,413.23,VISA,Completed,SampleGen
PAY-16f2902e-55b4-4b1f-b0b0-1e47f4107cc4,INV-16f2902e-55b4-4b1f-b0b0-1e47f4107cc4,CID-189,2024-01-30,1609.45,VISA,Completed,SampleGen
PAY-b0af906d-ede3-4508-aae5-7a587d1b575f,INV-b0af906d-ede3-4508-aae5-7a587d1b575f,CID-190,2022-05-01,2501.17,Discover,Completed,SampleGen
PAY-ccf7718c-465d-4124-87a0-1aafac0bc8d1,INV-ccf7718c-465d-4124-87a0-1aafac0bc8d1,CID-191,2024-10-17,2936.19,AmEx,Completed,SampleGen
PAY-4d14bec5-0593-4265-a0e0-ac246d12703d,INV-4d14bec5-0593-4265-a0e0-ac246d12703d,CID-192,2023-11-25,587.21,MC,Completed,SampleGen
PAY-80fa2729-1118-42c2-b766-c1b13fa2dab0,INV-80fa2729-1118-42c2-b766-c1b13fa2dab0,CID-192,2025-09-29,869.98,Discover,Completed,SampleGen
PAY-962a7b5f-64a8-4d2f-a1b7-c374e35cbbc3,INV-962a7b5f-64a8-4d2f-a1b7-c374e35cbbc3,CID-192,2025-03-19,1794.33,PayPal,Completed,SampleGen
PAY-cc2d493d-aba8-4b30-a7a5-77bd82a20573,INV-cc2d493d-aba8-4b30-a7a5-77bd82a20573,CID-194,2023-12-27,1674.71,PayPal,Completed,SampleGen
PAY-fa1bcac3-d2a9-4f17-8c8b-75aec5f19a86,INV-fa1bcac3-d2a9-4f17-8c8b-75aec5f19a86,CID-194,2026-02-24,1359.34,VISA,Completed,SampleGen
PAY-8add65da-48cd-47c2-a9d6-e95dad59f74e,INV-8add65da-48cd-47c2-a9d6-e95dad59f74e,CID-195,2025-06-22,347.97,AmEx,Completed,SampleGen
PAY-5990c277-4333-4962-892f-171b56385c16,INV-5990c277-4333-4962-892f-171b56385c16,CID-195,2026-10-27,946.07,VISA,Completed,SampleGen
PAY-77fecfd5-829e-4f79-8a65-58ea3e6e12ac,INV-77fecfd5-829e-4f79-8a65-58ea3e6e12ac,CID-195,2024-07-26,1739.98,MC,Completed,SampleGen
PAY-8236be3f-9376-4924-8c25-dd2ad77410cc,INV-8236be3f-9376-4924-8c25-dd2ad77410cc,CID-196,2024-08-17,326.24,MC,Completed,SampleGen
PAY-9173c5ab-5b41-426c-8a3b-16d64f6b8ec3,INV-9173c5ab-5b41-426c-8a3b-16d64f6b8ec3,CID-196,2022-02-11,2512.07,MC,Completed,SampleGen
PAY-44da3c69-2129-4f3d-9811-462cdb267d43,INV-44da3c69-2129-4f3d-9811-462cdb267d43,CID-197,2023-06-16,86.99,AmEx,Completed,SampleGen
PAY-a6406569-3103-41c7-8e37-a0de38566ee4,INV-a6406569-3103-41c7-8e37-a0de38566ee4,CID-197,2026-08-26,337.1,MC,Completed,SampleGen
PAY-bb569892-d797-4cea-b2fb-a168faa5a4ba,INV-bb569892-d797-4cea-b2fb-a168faa5a4ba,CID-197,2025-08-02,935.2,AmEx,Completed,SampleGen
PAY-792c93d9-6af5-49b6-beeb-b21454a55104,INV-792c93d9-6af5-49b6-beeb-b21454a55104,CID-197,2022-05-27,1152.71,VISA,Completed,SampleGen
PAY-ef2b4a8e-42d3-43b7-b6b7-37472030a9cf,INV-ef2b4a8e-42d3-43b7-b6b7-37472030a9cf,CID-197,2026-07-09,1000.48,AmEx,Completed,SampleGen
PAY-ba6f2b04-230f-4218-af48-0268d18ee1b8,INV-ba6f2b04-230f-4218-af48-0268d18ee1b8,CID-197,2026-08-27,304.47,AmEx,Completed,SampleGen
PAY-39d6aa30-3f84-4768-87cf-ffba3e5d6820,INV-39d6aa30-3f84-4768-87cf-ffba3e5d6820,CID-197,2025-02-07,130.49,MC,Completed,SampleGen
PAY-e37e4d18-2610-4bd0-9843-9bd8e1251ecb,INV-e37e4d18-2610-4bd0-9843-9bd8e1251ecb,CID-197,2021-12-05,2664.31,MC,Completed,SampleGen
PAY-b5d5b85a-6919-42c8-8785-9d722a3e8782,INV-b5d5b85a-6919-42c8-8785-9d722a3e8782,CID-197,2026-04-04,1435.44,VISA,Completed,SampleGen
PAY-356ead5f-1311-4799-aab9-1963a870afb9,INV-356ead5f-1311-4799-aab9-1963a870afb9,CID-198,2023-11-02,3860.57,PayPal,Completed,SampleGen
PAY-94a8a454-1b4f-4af6-8ea4-e249ee4df393,INV-94a8a454-1b4f-4af6-8ea4-e249ee4df393,CID-198,2025-03-08,1587.69,MC,Completed,SampleGen
PAY-27c68b10-a229-4ea1-822c-d7d8a2eefdc8,INV-27c68b10-a229-4ea1-822c-d7d8a2eefdc8,CID-198,2023-06-05,1631.21,PayPal,Completed,SampleGen
PAY-2fa1d143-2deb-4c83-9785-376ded9ad983,INV-2fa1d143-2deb-4c83-9785-376ded9ad983,CID-198,2021-03-22,2783.94,PayPal,Completed,SampleGen
PAY-115b4715-f461-4478-8e52-1020e3c46219,INV-115b4715-f461-4478-8e52-1020e3c46219,CID-198,2025-06-21,3327.69,Discover,Completed,SampleGen
PAY-d5c71066-f094-4b75-8105-cf99c736fa41,INV-d5c71066-f094-4b75-8105-cf99c736fa41,CID-198,2026-02-05,1120.08,VISA,Completed,SampleGen
PAY-4146d8cd-c3e7-42ba-8d3c-4d4ee53b8c7d,INV-4146d8cd-c3e7-42ba-8d3c-4d4ee53b8c7d,CID-199,2024-09-15,375.14,AmEx,Completed,SampleGen
PAY-4bd559d5-c747-4b72-9818-15ce17dec1fd,INV-4bd559d5-c747-4b72-9818-15ce17dec1fd,CID-199,2021-11-30,1848.71,MC,Completed,SampleGen
PAY-e50ed15e-f47c-4f3b-8431-090a02696736,INV-e50ed15e-f47c-4f3b-8431-090a02696736,CID-199,2025-04-05,1413.73,AmEx,Completed,SampleGen
PAY-0da96d9b-2a03-45d2-b994-4e0f806d4beb,INV-0da96d9b-2a03-45d2-b994-4e0f806d4beb,CID-200,2026-01-18,1555.08,Discover,Completed,SampleGen
PAY-3f9424e9-e116-4d38-a418-d0ae716b8ead,INV-3f9424e9-e116-4d38-a418-d0ae716b8ead,CID-200,2023-11-13,1250.6,VISA,Completed,SampleGen
PAY-138ba5f5-485a-4e29-aa2f-09bf32b683cf,INV-138ba5f5-485a-4e29-aa2f-09bf32b683cf,CID-201,2026-07-03,1500.69,PayPal,Completed,SampleGen
PAY-9c2aaeab-507e-40fe-b0e2-f2bde956c8ff,INV-9c2aaeab-507e-40fe-b0e2-f2bde956c8ff,CID-202,2022-02-05,1304.94,MC,Completed,SampleGen
PAY-197ba73b-ce10-4161-8e96-7ebb2f1b3370,INV-197ba73b-ce10-4161-8e96-7ebb2f1b3370,CID-203,2022-04-28,86.99,VISA,Completed,SampleGen
PAY-68bfbee9-7198-4b75-a36d-4703c02ca944,INV-68bfbee9-7198-4b75-a36d-4703c02ca944,CID-203,2023-02-20,1881.3,VISA,Completed,SampleGen
PAY-c68403a4-a9b9-4a77-9021-e5bbc8ba988b,INV-c68403a4-a9b9-4a77-9021-e5bbc8ba988b,CID-203,2022-12-28,2425.07,MC,Completed,SampleGen
PAY-02257bab-c4dd-41ad-927d-18caa76ea2d6,INV-02257bab-c4dd-41ad-927d-18caa76ea2d6,CID-203,2026-09-05,869.98,AmEx,Completed,SampleGen
PAY-5542b6d9-da07-4033-891f-d9f908e61361,INV-5542b6d9-da07-4033-891f-d9f908e61361,CID-203,2024-03-01,3621.32,VISA,Completed,SampleGen
PAY-3078bb1c-61ca-412d-b741-0a0e5c1aae83,INV-3078bb1c-61ca-412d-b741-0a0e5c1aae83,CID-204,2022-06-05,407.76,VISA,Completed,SampleGen
PAY-9c1e1a22-b20d-4c16-a138-2acb7a6174ee,INV-9c1e1a22-b20d-4c16-a138-2acb7a6174ee,CID-204,2025-08-18,543.73,VISA,Completed,SampleGen
PAY-e368e230-34db-4708-a8a2-c77874cbb67c,INV-e368e230-34db-4708-a8a2-c77874cbb67c,CID-204,2023-11-20,1500.67,MC,Completed,SampleGen
PAY-c63f008c-720c-4588-96d5-420a9ba25843,INV-c63f008c-720c-4588-96d5-420a9ba25843,CID-204,2021-05-27,260.97,MC,Completed,SampleGen
PAY-a21195a1-f796-4deb-a1da-f33adb6366a3,INV-a21195a1-f796-4deb-a1da-f33adb6366a3,CID-204,2021-10-14,3490.8,VISA,Completed,SampleGen
PAY-c18e0279-00c2-41b4-afb0-100fd8b6876a,INV-c18e0279-00c2-41b4-afb0-100fd8b6876a,CID-204,2022-04-26,1402.81,VISA,Completed,SampleGen
PAY-ecfb07c8-d4de-4e7c-ab74-724fb396e53c,INV-ecfb07c8-d4de-4e7c-ab74-724fb396e53c,CID-204,2025-02-15,424.08,VISA,Completed,SampleGen
PAY-75f570a1-9c83-4695-8626-ea9622c4a364,INV-75f570a1-9c83-4695-8626-ea9622c4a364,CID-204,2025-04-01,282.73,VISA,Completed,SampleGen
PAY-2eb9232d-d64e-45e9-abc5-18d8355ce2e8,INV-2eb9232d-d64e-45e9-abc5-18d8355ce2e8,CID-204,2026-12-24,5198.18,MC,Completed,SampleGen
PAY-4c8dd23c-477f-49d7-9366-0725ce412079,INV-4c8dd23c-477f-49d7-9366-0725ce412079,CID-205,2022-02-01,1826.95,AmEx,Completed,SampleGen
PAY-14edb59f-b891-4ecc-a182-f7d20a6ab96f,INV-14edb59f-b891-4ecc-a182-f7d20a6ab96f,CID-205,2021-11-05,3066.69,MC,Completed,SampleGen
PAY-34966588-cc1b-461a-9471-916b0a783be4,INV-34966588-cc1b-461a-9471-916b0a783be4,CID-205,2024-07-19,1772.58,VISA,Completed,SampleGen
PAY-6d31392c-909a-4623-8a00-bcac0df9b921,INV-6d31392c-909a-4623-8a00-bcac0df9b921,CID-206,2021-02-04,5361.31,Discover,Completed,SampleGen
PAY-a7e28eb0-0d95-49e7-b478-6e696978dacf,INV-a7e28eb0-0d95-49e7-b478-6e696978dacf,CID-206,2026-12-03,4958.93,MC,Completed,SampleGen
PAY-b8dc3a68-b8b8-455b-922c-f7f0ef4f436f,INV-b8dc3a68-b8b8-455b-922c-f7f0ef4f436f,CID-207,2026-06-01,1468.06,VISA,Completed,SampleGen
PAY-3b443f21-bff9-4e2b-b815-31a93d5862fb,INV-3b443f21-bff9-4e2b-b815-31a93d5862fb,CID-207,2024-06-26,2827.46,AmEx,Completed,SampleGen
PAY-53a5219e-7878-4642-8dda-c7f715166be6,INV-53a5219e-7878-4642-8dda-c7f715166be6,CID-208,2021-08-28,2370.7,AmEx,Completed,SampleGen
PAY-78ca26ff-aa23-4dcf-a8eb-f1a1bc13b6fa,INV-78ca26ff-aa23-4dcf-a8eb-f1a1bc13b6fa,CID-208,2021-02-14,652.48,MC,Completed,SampleGen
PAY-673f8c05-6e1a-4dea-ac5a-694ab762de7c,INV-673f8c05-6e1a-4dea-ac5a-694ab762de7c,CID-208,2024-10-04,2392.46,AmEx,Completed,SampleGen
PAY-e197f5d3-ae8b-4cac-a777-57e79f3cf345,INV-e197f5d3-ae8b-4cac-a777-57e79f3cf345,CID-208,2021-10-30,5285.17,PayPal,Completed,SampleGen
PAY-9c8ce310-257f-4e46-9009-2157aa52f4dc,INV-9c8ce310-257f-4e46-9009-2157aa52f4dc,CID-208,2023-05-08,1174.45,MC,Completed,SampleGen
PAY-6d92bb0b-a9f1-40c9-a450-50ae10cb48ec,INV-6d92bb0b-a9f1-40c9-a450-50ae10cb48ec,CID-208,2021-09-27,3131.92,VISA,Completed,SampleGen
PAY-d0936ece-6908-4607-810b-46ba21bd44e6,INV-d0936ece-6908-4607-810b-46ba21bd44e6,CID-208,2023-11-02,652.47,PayPal,Completed,SampleGen
PAY-bc3579ad-8eee-4946-9ae9-9f23198d3804,INV-bc3579ad-8eee-4946-9ae9-9f23198d3804,CID-209,2021-09-22,282.73,MC,Completed,SampleGen
PAY-a29479f0-928a-4849-935d-2c937e62dd1d,INV-a29479f0-928a-4849-935d-2c937e62dd1d,CID-209,2024-08-25,652.48,MC,Completed,SampleGen
PAY-507f94b7-982c-47c0-a42c-3550a81776d6,INV-507f94b7-982c-47c0-a42c-3550a81776d6,CID-210,2026-10-24,239.23,MC,Completed,SampleGen
PAY-f27c17db-0f8e-454d-b27c-427ce67f1ef6,INV-f27c17db-0f8e-454d-b27c-427ce67f1ef6,CID-210,2023-03-10,1120.05,AmEx,Completed,SampleGen
PAY-d05dc1f4-b624-4132-bfca-cd950c188249,INV-d05dc1f4-b624-4132-bfca-cd950c188249,CID-211,2022-07-08,946.08,MC,Completed,SampleGen
PAY-cadc6ed9-2b25-4ee6-bfd1-4d90c20387c0,INV-cadc6ed9-2b25-4ee6-bfd1-4d90c20387c0,CID-211,2022-01-07,1979.18,PayPal,Completed,SampleGen
PAY-3e053456-a526-408a-b67f-8744000d5388,INV-3e053456-a526-408a-b67f-8744000d5388,CID-211,2022-10-01,4415.19,VISA,Completed,SampleGen
PAY-0d8c11ef-5cf8-4719-b36f-1879f29f0688,INV-0d8c11ef-5cf8-4719-b36f-1879f29f0688,CID-212,2023-01-07,4948.07,Discover,Completed,SampleGen
PAY-5dfb2f7a-657f-48f6-ae09-3a2fdc7ef672,INV-5dfb2f7a-657f-48f6-ae09-3a2fdc7ef672,CID-212,2026-04-24,989.59,MC,Completed,SampleGen
PAY-c18c0bdd-ad8d-49cc-af83-61445cbf5f17,INV-c18c0bdd-ad8d-49cc-af83-61445cbf5f17,CID-212,2024-06-27,1022.2,PayPal,Completed,SampleGen
PAY-1b7395ce-f6eb-430c-b5a4-87a251ee22ee,INV-1b7395ce-f6eb-430c-b5a4-87a251ee22ee,CID-213,2021-05-22,130.49,Discover,Completed,SampleGen
PAY-317d8031-df21-4fc3-9def-c79f635e409f,INV-317d8031-df21-4fc3-9def-c79f635e409f,CID-213,2022-12-20,2348.95,VISA,Completed,SampleGen
PAY-3d0073de-a2f5-4823-a885-6083491da7ed,INV-3d0073de-a2f5-4823-a885-6083491da7ed,CID-214,2022-07-23,1033.1,VISA,Completed,SampleGen
PAY-0ebc8aba-b3c9-46c3-b407-7a384d45221e,INV-0ebc8aba-b3c9-46c3-b407-7a384d45221e,CID-215,2023-10-26,543.71,VISA,Completed,SampleGen
PAY-08de6a31-7d48-4617-9da4-178aa9b3cd25,INV-08de6a31-7d48-4617-9da4-178aa9b3cd25,CID-215,2021-08-15,326.24,AmEx,Completed,SampleGen
PAY-bc3c19c3-b8d6-4e5b-841f-5c27d1972571,INV-bc3c19c3-b8d6-4e5b-841f-5c27d1972571,CID-215,2023-10-14,1261.48,MC,Completed,SampleGen
PAY-e94d3661-656c-4559-8ebf-73cfb02fecee,INV-e94d3661-656c-4559-8ebf-73cfb02fecee,CID-215,2022-04-02,793.84,VISA,Completed,SampleGen
PAY-7a693317-f70c-4e5c-9b6f-0e21bf57f31b,INV-7a693317-f70c-4e5c-9b6f-0e21bf57f31b,CID-215,2024-11-07,685.07,VISA,Completed,SampleGen
PAY-5df2ae43-dc22-483c-8ed0-cf0aa366e903,INV-5df2ae43-dc22-483c-8ed0-cf0aa366e903,CID-215,2021-10-05,924.35,AmEx,Completed,SampleGen
PAY-7db058de-1da9-4a72-b866-0d50b7a2db6c,INV-7db058de-1da9-4a72-b866-0d50b7a2db6c,CID-215,2022-07-07,1413.73,VISA,Completed,SampleGen
PAY-d503d616-4487-425f-ab09-24c7284f1e65,INV-d503d616-4487-425f-ab09-24c7284f1e65,CID-216,2023-12-09,6144.32,MC,Completed,SampleGen
PAY-896fb9da-7055-494c-86a0-e17bb716379b,INV-896fb9da-7055-494c-86a0-e17bb716379b,CID-216,2025-11-02,2425.06,MC,Completed,SampleGen
PAY-296f0b9d-28b3-4ea1-b860-a42547f5eb23,INV-296f0b9d-28b3-4ea1-b860-a42547f5eb23,CID-217,2023-10-18,2903.55,MC,Completed,SampleGen
PAY-c7df85bf-51db-4158-9c19-eec41774bf80,INV-c7df85bf-51db-4158-9c19-eec41774bf80,CID-217,2025-11-26,2664.32,VISA,Completed,SampleGen
PAY-6870c755-d931-4a2d-8336-2bc3eccaf8d6,INV-6870c755-d931-4a2d-8336-2bc3eccaf8d6,CID-218,2024-08-15,1674.72,MC,Completed,SampleGen
PAY-eb818660-bfa8-4193-860d-844d289c8861,INV-eb818660-bfa8-4193-860d-844d289c8861,CID-218,2022-02-26,4088.96,MC,Completed,SampleGen
PAY-1b755de8-61e6-484d-80dd-4f32fe953e16,INV-1b755de8-61e6-484d-80dd-4f32fe953e16,CID-218,2024-09-17,3991.06,MC,Completed,SampleGen
PAY-ee557402-a264-4ce0-b6e3-8e8416753b0c,INV-ee557402-a264-4ce0-b6e3-8e8416753b0c,CID-218,2023-09-07,641.6,MC,Completed,SampleGen
PAY-f3d768ad-d59e-43be-b1e1-93ded545fa00,INV-f3d768ad-d59e-43be-b1e1-93ded545fa00,CID-219,2022-08-23,173.98,Discover,Completed,SampleGen
PAY-57fbf03f-5fdf-443e-ac88-2763c785c1a2,INV-57fbf03f-5fdf-443e-ac88-2763c785c1a2,CID-219,2025-04-27,3327.68,AmEx,Completed,SampleGen
PAY-db2002d6-2bca-4f14-b016-76e853d372b1,INV-db2002d6-2bca-4f14-b016-76e853d372b1,CID-220,2022-09-07,3044.95,AmEx,Completed,SampleGen
PAY-52258d63-2f72-4b15-96a0-4992962fe211,INV-52258d63-2f72-4b15-96a0-4992962fe211,CID-220,2025-06-07,2947.07,VISA,Completed,SampleGen
PAY-7ba787be-a1b3-4b18-b201-80c4e451b5de,INV-7ba787be-a1b3-4b18-b201-80c4e451b5de,CID-220,2022-11-07,1685.57,VISA,Completed,SampleGen
PAY-cb068368-434c-4a0a-a7a3-94340dcfff96,INV-cb068368-434c-4a0a-a7a3-94340dcfff96,CID-220,2025-06-09,989.58,VISA,Completed,SampleGen
PAY-84934a7b-06b6-483a-9150-44d03dba5269,INV-84934a7b-06b6-483a-9150-44d03dba5269,CID-220,2025-04-15,1261.44,AmEx,Completed,SampleGen
PAY-f4cfb532-bb8c-4e6b-bfb1-78e0aaf9c4a1,INV-f4cfb532-bb8c-4e6b-bfb1-78e0aaf9c4a1,CID-220,2023-03-16,1478.96,PayPal,Completed,SampleGen
PAY-21a4d757-0be5-4c2e-a0d6-dd31b089e937,INV-21a4d757-0be5-4c2e-a0d6-dd31b089e937,CID-220,2023-06-27,1739.92,Discover,Completed,SampleGen
PAY-b16098db-4465-401a-b38b-76e660fcf947,INV-b16098db-4465-401a-b38b-76e660fcf947,CID-220,2022-09-27,891.71,VISA,Completed,SampleGen
PAY-9b61fc30-91d8-472c-99a9-adf178f64ef2,INV-9b61fc30-91d8-472c-99a9-adf178f64ef2,CID-221,2025-08-17,2533.83,MC,Completed,SampleGen
PAY-2c33144d-63a8-4f2f-b42e-9ad8bef57c08,INV-2c33144d-63a8-4f2f-b42e-9ad8bef57c08,CID-221,2026-01-21,1729.05,VISA,Completed,SampleGen
PAY-0208bef8-654e-4064-8e91-ef5c329b8a9a,INV-0208bef8-654e-4064-8e91-ef5c329b8a9a,CID-221,2021-04-02,326.24,VISA,Completed,SampleGen
PAY-ca228034-739d-4c12-bec7-17c33c8177c0,INV-ca228034-739d-4c12-bec7-17c33c8177c0,CID-222,2021-06-08,347.98,VISA,Completed,SampleGen
PAY-f63996c7-716b-45d7-86e3-2a32094fbf00,INV-f63996c7-716b-45d7-86e3-2a32094fbf00,CID-222,2023-05-16,1555.07,AmEx,Completed,SampleGen
PAY-5967700f-235f-4c6f-a26c-66b10dacfcee,INV-5967700f-235f-4c6f-a26c-66b10dacfcee,CID-223,2021-02-15,2142.3,MC,Completed,SampleGen
PAY-bd86f9c8-840b-4d8a-b6bd-b5e05919be9f,INV-bd86f9c8-840b-4d8a-b6bd-b5e05919be9f,CID-223,2025-03-29,65.24,VISA,Completed,SampleGen
PAY-20947d42-4dd9-45f3-96f6-5ea4668f56cc,INV-20947d42-4dd9-45f3-96f6-5ea4668f56cc,CID-223,2021-03-06,500.22,VISA,Completed,SampleGen
PAY-f8b1d3b6-ce0e-4269-8c50-8484d2a72b18,INV-f8b1d3b6-ce0e-4269-8c50-8484d2a72b18,CID-223,2022-07-17,1739.98,PayPal,Completed,SampleGen
PAY-7ca6e620-f05b-4bd4-b4cd-ee247153eacf,INV-7ca6e620-f05b-4bd4-b4cd-ee247153eacf,CID-223,2022-06-08,674.22,AmEx,Completed,SampleGen
PAY-64224e42-12bf-4f9b-846f-6c1ebb1e0754,INV-64224e42-12bf-4f9b-846f-6c1ebb1e0754,CID-223,2022-12-24,2653.44,AmEx,Completed,SampleGen
PAY-9ee6d185-f24a-47d0-b2e5-b5eb3041d913,INV-9ee6d185-f24a-47d0-b2e5-b5eb3041d913,CID-224,2022-10-21,239.22,VISA,Completed,SampleGen
PAY-da40a820-1bc5-462d-9da5-45ad4f716432,INV-da40a820-1bc5-462d-9da5-45ad4f716432,CID-224,2025-06-20,2370.69,VISA,Completed,SampleGen
PAY-7a261216-3607-4dac-b2eb-80ff507a5fbb,INV-7a261216-3607-4dac-b2eb-80ff507a5fbb,CID-225,2022-03-19,4143.31,AmEx,Completed,SampleGen
PAY-54892c22-1ee2-438d-a9be-ab01c33e3095,INV-54892c22-1ee2-438d-a9be-ab01c33e3095,CID-225,2025-05-22,587.22,VISA,Completed,SampleGen
PAY-1f817ca2-004b-427a-a832-2d1ff8e09083,INV-1f817ca2-004b-427a-a832-2d1ff8e09083,CID-225,2022-08-29,1370.2,VISA,Completed,SampleGen
PAY-2651470e-2620-4708-8208-dc8c81f02104,INV-2651470e-2620-4708-8208-dc8c81f02104,CID-225,2025-08-03,1000.46,AmEx,Completed,SampleGen
PAY-5187f6f9-b28a-433e-b3d4-b9360ee50e87,INV-5187f6f9-b28a-433e-b3d4-b9360ee50e87,CID-226,2023-10-14,543.72,AmEx,Completed,SampleGen
PAY-f3711da5-dfa2-4441-b5e1-4188fd5a8f57,INV-f3711da5-dfa2-4441-b5e1-4188fd5a8f57,CID-227,2026-06-06,2055.32,MC,Completed,SampleGen
PAY-6eedf954-8bf3-4745-ba09-14c5da155730,INV-6eedf954-8bf3-4745-ba09-14c5da155730,CID-227,2022-11-29,173.98,PayPal,Completed,SampleGen
PAY-104b6a66-53b7-410c-802c-01a338d3a23d,INV-104b6a66-53b7-410c-802c-01a338d3a23d,CID-228,2026-01-18,630.72,PayPal,Completed,SampleGen
PAY-89a04a61-e4df-4494-bade-c49dfff880ca,INV-89a04a61-e4df-4494-bade-c49dfff880ca,CID-228,2026-03-08,1881.33,PayPal,Completed,SampleGen
PAY-cf9047f7-00d7-4620-b942-65d572cfc913,INV-cf9047f7-00d7-4620-b942-65d572cfc913,CID-228,2022-11-10,1576.85,AmEx,Completed,SampleGen
PAY-f3e2637f-e05f-43bd-97f1-b65fbbdaabc6,INV-f3e2637f-e05f-43bd-97f1-b65fbbdaabc6,CID-229,2024-06-28,217.48,VISA,Completed,SampleGen
PAY-16d5529c-698d-438f-9749-cb942c40f87f,INV-16d5529c-698d-438f-9749-cb942c40f87f,CID-229,2022-05-06,2131.45,VISA,Completed,SampleGen
PAY-cd5ad204-9b60-4cdf-a493-58c71f43473a,INV-cd5ad204-9b60-4cdf-a493-58c71f43473a,CID-229,2025-08-24,206.61,MC,Completed,SampleGen
PAY-3cd5e994-294e-4c07-9623-fa6ec2128336,INV-3cd5e994-294e-4c07-9623-fa6ec2128336,CID-229,2021-09-21,456.73,MC,Completed,SampleGen
PAY-5a9a95cd-de86-44cf-958a-374b8e64af5c,INV-5a9a95cd-de86-44cf-958a-374b8e64af5c,CID-229,2023-12-21,2501.2,VISA,Completed,SampleGen
PAY-fb0d5dfd-1efe-4423-ac6b-f126c5d89ca0,INV-fb0d5dfd-1efe-4423-ac6b-f126c5d89ca0,CID-230,2026-02-18,2881.83,PayPal,Completed,SampleGen
PAY-3a0f3024-c2de-43b0-bfea-1413b1c81951,INV-3a0f3024-c2de-43b0-bfea-1413b1c81951,CID-230,2025-12-11,1696.47,VISA,Completed,SampleGen
PAY-f1a90858-94ed-419d-9593-f95f453ebb35,INV-f1a90858-94ed-419d-9593-f95f453ebb35,CID-230,2023-08-04,1114.63,AmEx,Completed,SampleGen
PAY-ec2dc8b2-0be6-4052-add2-d12fe9f3c29d,INV-ec2dc8b2-0be6-4052-add2-d12fe9f3c29d,CID-230,2021-07-10,206.61,AmEx,Completed,SampleGen
PAY-167510ed-0ecc-49d2-9ba9-efaf2802e746,INV-167510ed-0ecc-49d2-9ba9-efaf2802e746,CID-231,2026-07-23,2087.94,Discover,Completed,SampleGen
PAY-132aa76e-e9db-4c02-b5a9-7f5394faf5c4,INV-132aa76e-e9db-4c02-b5a9-7f5394faf5c4,CID-231,2021-09-18,326.23,VISA,Completed,SampleGen
PAY-567a4ae1-04a1-4bdb-9120-a4fd9296b379,INV-567a4ae1-04a1-4bdb-9120-a4fd9296b379,CID-232,2025-08-09,1990.08,MC,Completed,SampleGen
PAY-0e5138c1-f816-4e7f-8aac-4f933410fe0c,INV-0e5138c1-f816-4e7f-8aac-4f933410fe0c,CID-233,2021-04-29,1457.2,MC,Completed,SampleGen
PAY-de1dc347-46e8-4963-af8d-afd6b67b7d36,INV-de1dc347-46e8-4963-af8d-afd6b67b7d36,CID-233,2024-01-27,706.86,PayPal,Completed,SampleGen
PAY-aaf138d4-b364-47f0-88d4-edf5ef692178,INV-aaf138d4-b364-47f0-88d4-edf5ef692178,CID-233,2021-08-09,3740.94,Discover,Completed,SampleGen
PAY-4ee6bd33-8fa5-4550-82ea-c693472271f8,INV-4ee6bd33-8fa5-4550-82ea-c693472271f8,CID-234,2022-04-23,3316.83,MC,Completed,SampleGen
PAY-802bea34-45f2-42b5-b90b-6dc3d877ad19,INV-802bea34-45f2-42b5-b90b-6dc3d877ad19,CID-235,2025-01-31,380.61,MC,Completed,SampleGen
PAY-c82b838e-9e85-4346-871a-eb181c370a49,INV-c82b838e-9e85-4346-871a-eb181c370a49,CID-235,2021-10-12,1413.73,AmEx,Completed,SampleGen
PAY-30eda591-c434-4ec5-b966-12733d0ffc4c,INV-30eda591-c434-4ec5-b966-12733d0ffc4c,CID-235,2022-04-05,2381.58,VISA,Completed,SampleGen
PAY-d3976fff-9442-4fbb-a285-24b312aa2df9,INV-d3976fff-9442-4fbb-a285-24b312aa2df9,CID-236,2025-06-08,2207.57,MC,Completed,SampleGen
PAY-ef5e32ff-f140-4986-bac7-ed1b221d2c01,INV-ef5e32ff-f140-4986-bac7-ed1b221d2c01,CID-236,2026-07-30,130.49,PayPal,Completed,SampleGen
PAY-2cabbb08-357c-4374-aaf8-7a1743ea001d,INV-2cabbb08-357c-4374-aaf8-7a1743ea001d,CID-236,2024-09-05,2338.06,VISA,Completed,SampleGen
PAY-d33e0f7a-b36f-4b13-8df3-10ba3c644482,INV-d33e0f7a-b36f-4b13-8df3-10ba3c644482,CID-236,2025-05-07,3023.21,Discover,Completed,SampleGen
PAY-bcf41f33-39fc-48cf-a18d-3c88764d3c42,INV-bcf41f33-39fc-48cf-a18d-3c88764d3c42,CID-236,2026-12-03,271.86,MC,Completed,SampleGen
PAY-68b47eef-036b-4898-aada-b995e8f3e84e,INV-68b47eef-036b-4898-aada-b995e8f3e84e,CID-236,2021-03-29,1174.47,VISA,Completed,SampleGen
PAY-4280430c-4e82-4d81-b40c-3e45019453e4,INV-4280430c-4e82-4d81-b40c-3e45019453e4,CID-236,2026-05-21,652.45,Discover,Completed,SampleGen
PAY-5f550f2b-8fc8-499b-af40-271ad089e4bc,INV-5f550f2b-8fc8-499b-af40-271ad089e4bc,CID-236,2022-12-24,706.85,VISA,Completed,SampleGen
PAY-561ee42a-3710-4418-8158-db871ac01fbd,INV-561ee42a-3710-4418-8158-db871ac01fbd,CID-236,2024-09-21,3849.67,VISA,Completed,SampleGen
PAY-e41324ca-80d9-42a9-bfc1-af491f52beb6,INV-e41324ca-80d9-42a9-bfc1-af491f52beb6,CID-236,2026-07-14,880.84,PayPal,Completed,SampleGen
PAY-8f15c946-3677-43a4-8e4e-f31f38004a3a,INV-8f15c946-3677-43a4-8e4e-f31f38004a3a,CID-236,2021-06-20,391.48,VISA,Completed,SampleGen
PAY-165b8854-6f72-4c43-8c7f-597b8261d8fe,INV-165b8854-6f72-4c43-8c7f-597b8261d8fe,CID-236,2021-02-15,2512.06,PayPal,Completed,SampleGen
PAY-3b836719-5c1a-4198-949c-41f684fbfa02,INV-3b836719-5c1a-4198-949c-41f684fbfa02,CID-237,2024-10-21,2522.95,AmEx,Completed,SampleGen
PAY-ab41cc34-f015-4936-aeaa-ff63ae2cf29c,INV-ab41cc34-f015-4936-aeaa-ff63ae2cf29c,CID-237,2026-05-02,1054.81,MC,Completed,SampleGen
PAY-e26fea99-33bc-421c-9877-98c4d6a45728,INV-e26fea99-33bc-421c-9877-98c4d6a45728,CID-237,2025-02-24,3860.58,AmEx,Completed,SampleGen
PAY-7c0ac2d0-64fd-42d9-8ac6-6f88ac983068,INV-7c0ac2d0-64fd-42d9-8ac6-6f88ac983068,CID-237,2026-09-19,2196.69,Discover,Completed,SampleGen
PAY-9864e6bd-7c2b-4019-bf28-c5ead8ec1c10,INV-9864e6bd-7c2b-4019-bf28-c5ead8ec1c10,CID-238,2023-01-18,1196.22,MC,Completed,SampleGen
PAY-1de1f5a4-27f8-4c8a-90df-8ae833dd12bc,INV-1de1f5a4-27f8-4c8a-90df-8ae833dd12bc,CID-239,2023-02-05,3218.94,AmEx,Completed,SampleGen
PAY-21ef2287-59dc-43e4-918d-cc99ebaa0624,INV-21ef2287-59dc-43e4-918d-cc99ebaa0624,CID-239,2024-05-09,706.83,MC,Completed,SampleGen
PAY-a78ff51b-5257-40c8-a547-dd8c7f74dbbe,INV-a78ff51b-5257-40c8-a547-dd8c7f74dbbe,CID-239,2024-06-15,2990.58,VISA,Completed,SampleGen
PAY-b8d7eb87-cba0-4927-8442-55acf1631de3,INV-b8d7eb87-cba0-4927-8442-55acf1631de3,CID-239,2026-11-21,869.97,MC,Completed,SampleGen
PAY-ec4f7432-7e15-4cff-bd03-60564ff92847,INV-ec4f7432-7e15-4cff-bd03-60564ff92847,CID-240,2021-09-26,1685.6,VISA,Completed,SampleGen
PAY-2a7e2154-5e28-4dd2-accb-b7a5419d8165,INV-2a7e2154-5e28-4dd2-accb-b7a5419d8165,CID-240,2022-12-10,2664.34,MC,Completed,SampleGen
PAY-e0e30538-a344-4568-b7d0-35cddc0d29a2,INV-e0e30538-a344-4568-b7d0-35cddc0d29a2,CID-241,2022-03-06,1196.21,MC,Completed,SampleGen
PAY-7c1635d0-e230-4232-841b-72cc418fc3c7,INV-7c1635d0-e230-4232-841b-72cc418fc3c7,CID-241,2026-07-27,761.2,VISA,Completed,SampleGen
PAY-0c25484b-ed1d-48f4-b395-4999779fc9f7,INV-0c25484b-ed1d-48f4-b395-4999779fc9f7,CID-242,2026-08-23,3034.08,MC,Completed,SampleGen
PAY-16fe66c0-6fac-42b0-9883-dfd2a22492ab,INV-16fe66c0-6fac-42b0-9883-dfd2a22492ab,CID-242,2025-12-26,2348.93,MC,Completed,SampleGen
PAY-4112a585-5664-4a70-9e8c-9df02fa399b3,INV-4112a585-5664-4a70-9e8c-9df02fa399b3,CID-243,2026-10-14,2338.06,Discover,Completed,SampleGen
PAY-2e51500c-6378-4f82-aa54-8b5d52c2e274,INV-2e51500c-6378-4f82-aa54-8b5d52c2e274,CID-244,2023-05-10,206.61,AmEx,Completed,SampleGen
PAY-67eec499-fc18-4744-b20d-5c23f9d0bd3a,INV-67eec499-fc18-4744-b20d-5c23f9d0bd3a,CID-244,2023-06-27,2066.2,AmEx,Completed,SampleGen
PAY-98be6fba-5d8a-44bd-878e-5c3b5d43132a,INV-98be6fba-5d8a-44bd-878e-5c3b5d43132a,CID-244,2026-05-26,652.48,Discover,Completed,SampleGen
PAY-da1d8885-31c5-4db7-b08a-fed68e0a5786,INV-da1d8885-31c5-4db7-b08a-fed68e0a5786,CID-245,2022-04-01,1892.19,MC,Completed,SampleGen
PAY-62f191b3-de61-4297-93ee-016e655e61ee,INV-62f191b3-de61-4297-93ee-016e655e61ee,CID-245,2025-12-06,1957.47,MC,Completed,SampleGen
PAY-5507d1ac-2a47-47bd-a21d-47f3c57331f8,INV-5507d1ac-2a47-47bd-a21d-47f3c57331f8,CID-247,2025-12-31,2153.2,Discover,Completed,SampleGen
PAY-5dd5253d-067f-43a9-9ebd-924537215d55,INV-5dd5253d-067f-43a9-9ebd-924537215d55,CID-247,2022-05-06,1718.19,VISA,Completed,SampleGen
PAY-9cd76e9d-96c4-4260-a24b-c3808ae04bcb,INV-9cd76e9d-96c4-4260-a24b-c3808ae04bcb,CID-248,2024-03-16,5045.92,VISA,Completed,SampleGen
PAY-69707c45-3282-4da3-8f6e-7da7fcbb5c2a,INV-69707c45-3282-4da3-8f6e-7da7fcbb5c2a,CID-249,2026-03-08,206.61,AmEx,Completed,SampleGen
PAY-e76e31ec-57d1-4133-b701-9289e18f0552,INV-e76e31ec-57d1-4133-b701-9289e18f0552,CID-250,2026-08-28,2359.79,VISA,Completed,SampleGen
PAY-4826a80b-b6dc-4555-a09e-27f910981eed,INV-4826a80b-b6dc-4555-a09e-27f910981eed,CID-250,2022-06-13,587.22,VISA,Completed,SampleGen
PAY-3c8c7407-dc22-4f6a-a198-01e397b3c446,INV-3c8c7407-dc22-4f6a-a198-01e397b3c446,CID-250,2023-09-18,1696.46,Discover,Completed,SampleGen
PAY-2bad6d73-1755-40cc-bce6-dab9ac5da80a,INV-2bad6d73-1755-40cc-bce6-dab9ac5da80a,CID-250,2024-05-24,869.99,MC,Completed,SampleGen
PAY-c8f6bb97-001e-4186-b57f-fc7da6a83dfe,INV-c8f6bb97-001e-4186-b57f-fc7da6a83dfe,CID-250,2025-06-27,1837.83,VISA,Completed,SampleGen
PAY-9a578aa2-0953-41f6-ae87-f680799c14d9,INV-9a578aa2-0953-41f6-ae87-f680799c14d9,CID-251,2022-10-31,706.86,VISA,Completed,SampleGen
PAY-2b8b5c7f-69e1-4c63-90a5-d62ed550ad1a,INV-2b8b5c7f-69e1-4c63-90a5-d62ed550ad1a,CID-251,2023-07-05,130.49,MC,Completed,SampleGen
PAY-bdcbc9b8-6ec7-43f4-9207-b2a7f6334644,INV-bdcbc9b8-6ec7-43f4-9207-b2a7f6334644,CID-252,2021-02-26,2131.45,VISA,Completed,SampleGen
PAY-0d28b3f7-1481-48de-a1c7-922e92729887,INV-0d28b3f7-1481-48de-a1c7-922e92729887,CID-253,2024-11-13,3273.3,MC,Completed,SampleGen
PAY-09280ab9-92cf-44d3-aa33-421f34ad8424,INV-09280ab9-92cf-44d3-aa33-421f34ad8424,CID-253,2022-04-15,217.48,PayPal,Completed,SampleGen
PAY-b012f74b-b121-4877-aa6d-4b2aba198fda,INV-b012f74b-b121-4877-aa6d-4b2aba198fda,CID-253,2021-07-13,413.23,MC,Completed,SampleGen
PAY-e85aa061-4109-4d3a-8c9f-933517e7b63a,INV-e85aa061-4109-4d3a-8c9f-933517e7b63a,CID-253,2021-08-24,86.99,PayPal,Completed,SampleGen
PAY-dce55ba7-14a7-4aa1-b72d-8047f0c4ee5d,INV-dce55ba7-14a7-4aa1-b72d-8047f0c4ee5d,CID-254,2023-09-04,1169.0,MC,Completed,SampleGen
PAY-5fd3d56e-dd80-41f3-a4ba-77425de4deb4,INV-5fd3d56e-dd80-41f3-a4ba-77425de4deb4,CID-254,2023-09-09,1261.46,MC,Completed,SampleGen
PAY-939e39cb-771f-4f30-a61c-5d111d40a199,INV-939e39cb-771f-4f30-a61c-5d111d40a199,CID-254,2024-12-22,1196.23,MC,Completed,SampleGen
PAY-d12460b2-ae65-4be4-aaa6-3bea190207f2,INV-d12460b2-ae65-4be4-aaa6-3bea190207f2,CID-254,2023-07-12,1130.97,MC,Completed,SampleGen
PAY-8e5e6aa5-6d96-4828-9486-e8a5372cb303,INV-8e5e6aa5-6d96-4828-9486-e8a5372cb303,CID-255,2022-06-11,2740.43,PayPal,Completed,SampleGen
PAY-29382c37-a135-4706-9529-952e6cc6a1d2,INV-29382c37-a135-4706-9529-952e6cc6a1d2,CID-255,2021-12-01,391.48,VISA,Completed,SampleGen
PAY-6fdc1a59-eaf2-49af-a617-2d7e0bc3066a,INV-6fdc1a59-eaf2-49af-a617-2d7e0bc3066a,CID-255,2021-04-08,3697.43,VISA,Completed,SampleGen
PAY-2bd24f7c-c778-4e20-9bf3-c5d7495ec622,INV-2bd24f7c-c778-4e20-9bf3-c5d7495ec622,CID-256,2025-05-10,902.6,VISA,Completed,SampleGen
PAY-da99d297-be40-4f2d-94e5-d5b54b425ebd,INV-da99d297-be40-4f2d-94e5-d5b54b425ebd,CID-257,2024-01-15,706.86,MC,Completed,SampleGen
PAY-44e138cf-486c-4814-bc49-f0e6b41361f2,INV-44e138cf-486c-4814-bc49-f0e6b41361f2,CID-258,2021-01-06,1870.43,PayPal,Completed,SampleGen
PAY-1f730bf4-dd4b-410a-bde2-98e8b9bc2770,INV-1f730bf4-dd4b-410a-bde2-98e8b9bc2770,CID-258,2021-12-17,2827.48,Discover,Completed,SampleGen
PAY-457dae76-a4d6-492f-8c9f-742b2fa2a00f,INV-457dae76-a4d6-492f-8c9f-742b2fa2a00f,CID-259,2024-03-17,869.97,VISA,Completed,SampleGen
PAY-b43869a2-79a2-4710-991d-d91d23a05945,INV-b43869a2-79a2-4710-991d-d91d23a05945,CID-259,2023-08-25,1250.55,MC,Completed,SampleGen
PAY-5a61a228-65b3-4678-8f7b-732515532a1f,INV-5a61a228-65b3-4678-8f7b-732515532a1f,CID-260,2025-05-09,1304.95,VISA,Completed,SampleGen
PAY-91c5ce3f-106c-4075-8e59-f156824bc89f,INV-91c5ce3f-106c-4075-8e59-f156824bc89f,CID-260,2026-08-09,869.99,PayPal,Completed,SampleGen
PAY-727a4a5e-a869-4169-9feb-c8c4cdfc95b7,INV-727a4a5e-a869-4169-9feb-c8c4cdfc95b7,CID-261,2025-03-11,782.97,VISA,Completed,SampleGen
PAY-d078b771-364f-4371-b7cc-721e26229844,INV-d078b771-364f-4371-b7cc-721e26229844,CID-261,2023-07-23,337.1,Discover,Completed,SampleGen
PAY-18b36342-4bc6-4e39-9118-861ab00da59c,INV-18b36342-4bc6-4e39-9118-861ab00da59c,CID-262,2021-02-06,2229.33,Discover,Completed,SampleGen
PAY-feff2396-c713-49b2-ad64-a51a91c36c42,INV-feff2396-c713-49b2-ad64-a51a91c36c42,CID-262,2022-11-10,434.99,PayPal,Completed,SampleGen
PAY-1550a274-cdbf-4f95-a8b1-785414ae3980,INV-1550a274-cdbf-4f95-a8b1-785414ae3980,CID-263,2024-01-10,2098.84,VISA,Completed,SampleGen
PAY-0f65c95b-36bc-47d2-b68d-41d62f03bce2,INV-0f65c95b-36bc-47d2-b68d-41d62f03bce2,CID-263,2025-11-04,2838.32,Discover,Completed,SampleGen
PAY-db2fc831-c648-4521-9ca1-8b4967f55406,INV-db2fc831-c648-4521-9ca1-8b4967f55406,CID-264,2026-05-06,3479.94,MC,Completed,SampleGen
PAY-563222f3-9882-48a7-a4fe-ace45298a429,INV-563222f3-9882-48a7-a4fe-ace45298a429,CID-265,2023-11-23,2446.82,VISA,Completed,SampleGen
PAY-96a6bde2-c9dd-4237-be40-6386a22bb13e,INV-96a6bde2-c9dd-4237-be40-6386a22bb13e,CID-265,2025-04-10,86.99,VISA,Completed,SampleGen
PAY-86d5dedf-b056-41e7-a539-205bf65de15a,INV-86d5dedf-b056-41e7-a539-205bf65de15a,CID-265,2022-05-26,1674.7,AmEx,Completed,SampleGen
PAY-a39087ec-8150-4294-849c-6d0ee519fa6e,INV-a39087ec-8150-4294-849c-6d0ee519fa6e,CID-265,2023-11-24,2735.01,MC,Completed,SampleGen
PAY-258d049a-053e-45fb-bf2d-b40f9f08b399,INV-258d049a-053e-45fb-bf2d-b40f9f08b399,CID-266,2025-03-17,630.74,PayPal,Completed,SampleGen
PAY-7c46bcf7-9442-4155-8f6f-7ed969a2be92,INV-7c46bcf7-9442-4155-8f6f-7ed969a2be92,CID-266,2025-09-03,2544.7,MC,Completed,SampleGen
PAY-75d46141-5fa8-4c01-9a5c-9bdf87ff545f,INV-75d46141-5fa8-4c01-9a5c-9bdf87ff545f,CID-266,2022-02-27,3784.45,VISA,Completed,SampleGen
PAY-7ad8785e-0510-441d-a2f2-e4aa98718305,INV-7ad8785e-0510-441d-a2f2-e4aa98718305,CID-266,2026-10-18,1848.71,VISA,Completed,SampleGen
PAY-1e43f93a-662c-4f2f-8b35-d7e0f8563fa3,INV-1e43f93a-662c-4f2f-8b35-d7e0f8563fa3,CID-266,2021-09-21,130.49,VISA,Completed,SampleGen
PAY-ba1a044d-e76d-4f8b-92ce-79cce04c9d17,INV-ba1a044d-e76d-4f8b-92ce-79cce04c9d17,CID-266,2022-03-10,1587.72,MC,Completed,SampleGen
PAY-e7305f4c-78f4-446d-af12-68e15bacb925,INV-e7305f4c-78f4-446d-af12-68e15bacb925,CID-266,2024-02-11,1120.1,AmEx,Completed,SampleGen
PAY-dab59f3f-1de0-4d2c-b4c0-00848154656a,INV-dab59f3f-1de0-4d2c-b4c0-00848154656a,CID-266,2024-03-05,2555.58,MC,Completed,SampleGen
PAY-89ec5fb9-91d1-4beb-9f8e-fceb1a6be101,INV-89ec5fb9-91d1-4beb-9f8e-fceb1a6be101,CID-266,2021-07-22,173.98,AmEx,Completed,SampleGen
PAY-30ca9d70-ab3f-4175-b012-3a59d1cb571c,INV-30ca9d70-ab3f-4175-b012-3a59d1cb571c,CID-267,2023-09-26,434.99,VISA,Completed,SampleGen
PAY-417784db-2140-4b9b-8271-3ef4c21fdec8,INV-417784db-2140-4b9b-8271-3ef4c21fdec8,CID-267,2024-10-15,2011.82,AmEx,Completed,SampleGen
PAY-1e87df58-d8ae-4465-a99f-614795c238b4,INV-1e87df58-d8ae-4465-a99f-614795c238b4,CID-268,2021-12-07,1739.98,VISA,Completed,SampleGen
PAY-19b7c91b-20e9-4997-b124-6f4ace7de1b3,INV-19b7c91b-20e9-4997-b124-6f4ace7de1b3,CID-268,2021-11-02,674.22,PayPal,Completed,SampleGen
PAY-f899ca61-881c-483a-9527-1646d2316f7b,INV-f899ca61-881c-483a-9527-1646d2316f7b,CID-268,2023-09-07,2881.81,AmEx,Completed,SampleGen
PAY-3b83a86e-473f-4b11-a0d1-b60abc3b6336,INV-3b83a86e-473f-4b11-a0d1-b60abc3b6336,CID-268,2023-12-21,2914.47,VISA,Completed,SampleGen
PAY-6e0e1af1-cd46-4ebb-869d-c80ea1397243,INV-6e0e1af1-cd46-4ebb-869d-c80ea1397243,CID-269,2026-10-09,1033.09,MC,Completed,SampleGen
PAY-5264abf3-1a1d-46ed-adac-cbd166b162ba,INV-5264abf3-1a1d-46ed-adac-cbd166b162ba,CID-269,2023-03-16,2947.05,MC,Completed,SampleGen
PAY-6a7864e7-c8b0-4201-9225-c378899a9828,INV-6a7864e7-c8b0-4201-9225-c378899a9828,CID-269,2022-11-11,2196.69,VISA,Completed,SampleGen
PAY-3367b3c3-f0f8-49a8-a4e7-4e4e819947be,INV-3367b3c3-f0f8-49a8-a4e7-4e4e819947be,CID-270,2022-04-04,86.99,Discover,Completed,SampleGen
PAY-ee742fe1-a873-426c-8a2a-15a606a30785,INV-ee742fe1-a873-426c-8a2a-15a606a30785,CID-271,2022-12-03,2675.2,Discover,Completed,SampleGen
PAY-ed629670-3732-4141-90c9-0866e675f64e,INV-ed629670-3732-4141-90c9-0866e675f64e,CID-271,2022-11-30,2414.19,VISA,Completed,SampleGen
PAY-c886ed0d-3fa1-4a36-98c2-723a0590da1a,INV-c886ed0d-3fa1-4a36-98c2-723a0590da1a,CID-271,2025-05-16,1424.56,PayPal,Completed,SampleGen
PAY-b7a3975c-9e9f-4503-b048-b129c315847a,INV-b7a3975c-9e9f-4503-b048-b129c315847a,CID-272,2026-03-30,402.35,MC,Completed,SampleGen
PAY-33ac97c5-01cf-49c6-b4f8-37ed9c7fdb57,INV-33ac97c5-01cf-49c6-b4f8-37ed9c7fdb57,CID-272,2023-10-04,2990.58,VISA,Completed,SampleGen
PAY-dd6169be-eb8a-485b-9e31-ee47cdd7a2c5,INV-dd6169be-eb8a-485b-9e31-ee47cdd7a2c5,CID-272,2023-07-14,1739.98,VISA,Completed,SampleGen
PAY-4b981741-6b4a-4b1a-9533-4700bfff3bc6,INV-4b981741-6b4a-4b1a-9533-4700bfff3bc6,CID-272,2026-11-27,3414.69,PayPal,Completed,SampleGen
PAY-f66a1a53-7474-43d9-b20c-70d9dc3323bd,INV-f66a1a53-7474-43d9-b20c-70d9dc3323bd,CID-273,2023-12-24,706.85,VISA,Completed,SampleGen
PAY-19d7633c-3cba-45c3-afcc-be31a6234cfd,INV-19d7633c-3cba-45c3-afcc-be31a6234cfd,CID-273,2021-12-19,6198.69,AmEx,Completed,SampleGen
PAY-267a368c-5783-481a-aa96-b82fe9de6a37,INV-267a368c-5783-481a-aa96-b82fe9de6a37,CID-273,2025-01-17,2827.46,VISA,Completed,SampleGen
PAY-a6ac8bd4-9969-4b0a-9692-76e0f48adb57,INV-a6ac8bd4-9969-4b0a-9692-76e0f48adb57,CID-273,2025-09-19,2968.8,PayPal,Completed,SampleGen
PAY-6750d7d2-9eea-4a42-93b0-f980ec72f615,INV-6750d7d2-9eea-4a42-93b0-f980ec72f615,CID-273,2024-02-15,1663.83,AmEx,Completed,SampleGen
PAY-868a6e0d-fa8a-43b2-893d-5807645439ef,INV-868a6e0d-fa8a-43b2-893d-5807645439ef,CID-273,2026-02-03,1141.84,AmEx,Completed,SampleGen
PAY-4630f970-1cb8-4f59-ad81-92ffa511d290,INV-4630f970-1cb8-4f59-ad81-92ffa511d290,CID-274,2021-09-15,3980.18,AmEx,Completed,SampleGen
PAY-acf60bfa-60cd-4236-9dea-d9f2ff654909,INV-acf60bfa-60cd-4236-9dea-d9f2ff654909,CID-274,2021-05-05,260.98,PayPal,Completed,SampleGen
PAY-37a2f44c-d4dd-4d59-a8ab-bc6230e88244,INV-37a2f44c-d4dd-4d59-a8ab-bc6230e88244,CID-275,2024-11-27,1946.57,AmEx,Completed,SampleGen
PAY-5671cf0f-d993-4b64-a4b9-dadae8882733,INV-5671cf0f-d993-4b64-a4b9-dadae8882733,CID-276,2026-01-11,772.09,MC,Completed,SampleGen
PAY-56fcfada-7576-4710-a331-e52845d05833,INV-56fcfada-7576-4710-a331-e52845d05833,CID-276,2023-12-14,869.95,VISA,Completed,SampleGen
PAY-193dde9e-5559-4d5b-bf84-980de3e51c7c,INV-193dde9e-5559-4d5b-bf84-980de3e51c7c,CID-277,2022-03-13,1304.95,VISA,Completed,SampleGen
PAY-add9c29e-0f51-4991-88af-0023bb03ecf9,INV-add9c29e-0f51-4991-88af-0023bb03ecf9,CID-277,2023-03-17,1674.71,MC,Completed,SampleGen
PAY-2d7a5271-cdc3-4190-af96-270ffe57eca2,INV-2d7a5271-cdc3-4190-af96-270ffe57eca2,CID-277,2022-11-21,1141.84,MC,Completed,SampleGen
PAY-fa2a45a4-0f81-4fa4-9e40-68b625211308,INV-fa2a45a4-0f81-4fa4-9e40-68b625211308,CID-277,2022-10-29,1903.09,VISA,Completed,SampleGen
PAY-11d9c4ef-a687-4b6d-a1c8-79d5ae3f16ac,INV-11d9c4ef-a687-4b6d-a1c8-79d5ae3f16ac,CID-277,2024-04-06,260.98,AmEx,Completed,SampleGen
PAY-9aba8ef6-5454-4211-ad22-effef5b1eec2,INV-9aba8ef6-5454-4211-ad22-effef5b1eec2,CID-277,2021-08-09,869.96,AmEx,Completed,SampleGen
PAY-122109d8-5833-45f9-a085-f4669189cc77,INV-122109d8-5833-45f9-a085-f4669189cc77,CID-278,2021-04-13,2174.93,MC,Completed,SampleGen
PAY-10a77cc6-6b32-40a8-ade4-46463c2e2df1,INV-10a77cc6-6b32-40a8-ade4-46463c2e2df1,CID-278,2023-10-16,869.97,VISA,Completed,SampleGen
PAY-3a14352a-2a73-4fdd-8e70-075dff202713,INV-3a14352a-2a73-4fdd-8e70-075dff202713,CID-279,2026-09-02,956.97,VISA,Completed,SampleGen
PAY-e5d61e27-344a-42e6-a07c-f419569ce2a5,INV-e5d61e27-344a-42e6-a07c-f419569ce2a5,CID-279,2026-09-18,2914.47,VISA,Completed,SampleGen
PAY-059f061c-9756-4aec-a2ac-125802343fdb,INV-059f061c-9756-4aec-a2ac-125802343fdb,CID-279,2023-07-19,1413.73,AmEx,Completed,SampleGen
PAY-537e62fd-3f02-4c06-8461-2fe73892ca0f,INV-537e62fd-3f02-4c06-8461-2fe73892ca0f,CID-280,2022-07-06,3131.93,AmEx,Completed,SampleGen
PAY-9c1aa3e0-13ff-45fb-96dc-24c95e6231b4,INV-9c1aa3e0-13ff-45fb-96dc-24c95e6231b4,CID-280,2024-10-27,1957.47,VISA,Completed,SampleGen
PAY-70574a76-0bb3-4a86-bbd0-f8dbc2644bdb,INV-70574a76-0bb3-4a86-bbd0-f8dbc2644bdb,CID-280,2026-12-26,5546.19,VISA,Completed,SampleGen
PAY-0fde32a7-73b4-4141-9182-777efda43891,INV-0fde32a7-73b4-4141-9182-777efda43891,CID-280,2024-08-04,500.22,AmEx,Completed,SampleGen
PAY-08b48f5f-fa23-4138-9c0a-18766ab1d5b0,INV-08b48f5f-fa23-4138-9c0a-18766ab1d5b0,CID-280,2025-03-24,2881.8,AmEx,Completed,SampleGen
PAY-6fac4c8d-294f-470e-a5e2-1de6a227ea51,INV-6fac4c8d-294f-470e-a5e2-1de6a227ea51,CID-281,2021-08-04,271.86,VISA,Completed,SampleGen
PAY-778070bd-e1d4-4fb6-ac12-345be77c740d,INV-778070bd-e1d4-4fb6-ac12-345be77c740d,CID-281,2026-03-26,2294.58,VISA,Completed,SampleGen
PAY-5187bfae-fe88-4414-965b-3aeb73a13cb7,INV-5187bfae-fe88-4414-965b-3aeb73a13cb7,CID-281,2021-11-06,1794.31,MC,Completed,SampleGen
PAY-397c0522-6a76-4cd8-a510-e56593378edf,INV-397c0522-6a76-4cd8-a510-e56593378edf,CID-281,2023-01-07,2218.43,MC,Completed,SampleGen
PAY-c8993e01-c6a2-42cf-8f9e-e1eacd130507,INV-c8993e01-c6a2-42cf-8f9e-e1eacd130507,CID-281,2022-10-01,434.99,VISA,Completed,SampleGen
PAY-a1ac7ab4-8a00-4474-a456-e1628f7729f3,INV-a1ac7ab4-8a00-4474-a456-e1628f7729f3,CID-281,2021-07-09,1261.42,AmEx,Completed,SampleGen
PAY-5e6e14cf-64c9-4f04-9ae2-a06b576d832a,INV-5e6e14cf-64c9-4f04-9ae2-a06b576d832a,CID-281,2024-05-15,380.59,MC,Completed,SampleGen
PAY-0a477bce-3018-481c-8d6a-8f0c8148dc25,INV-0a477bce-3018-481c-8d6a-8f0c8148dc25,CID-282,2023-08-16,1555.09,MC,Completed,SampleGen
PAY-baac4e9c-e58d-4f7a-b0b5-11e13c91a889,INV-baac4e9c-e58d-4f7a-b0b5-11e13c91a889,CID-283,2026-04-16,869.99,Discover,Completed,SampleGen
PAY-60f1d53a-2f26-4f28-815c-644e1dca8233,INV-60f1d53a-2f26-4f28-815c-644e1dca8233,CID-283,2023-08-26,543.72,MC,Completed,SampleGen
PAY-9395fd2a-766b-49f1-b468-bbcbf242cb55,INV-9395fd2a-766b-49f1-b468-bbcbf242cb55,CID-283,2024-07-09,1881.33,MC,Completed,SampleGen
PAY-34a536a1-2bb0-404e-9625-36c359fafb93,INV-34a536a1-2bb0-404e-9625-36c359fafb93,CID-283,2026-10-20,1739.95,MC,Completed,SampleGen
PAY-304ac917-51e6-4492-a0cd-6563ea28b608,INV-304ac917-51e6-4492-a0cd-6563ea28b608,CID-283,2026-08-15,228.35,PayPal,Completed,SampleGen
PAY-ff188b19-1ae4-4e7c-8400-083262439c0d,INV-ff188b19-1ae4-4e7c-8400-083262439c0d,CID-284,2023-10-13,1783.45,MC,Completed,SampleGen
PAY-04be3975-2c91-4249-b1c7-9061066cd475,INV-04be3975-2c91-4249-b1c7-9061066cd475,CID-284,2021-10-07,1685.58,VISA,Completed,SampleGen
PAY-1e3d50ee-a59f-4061-9eee-3c8da7dd2e49,INV-1e3d50ee-a59f-4061-9eee-3c8da7dd2e49,CID-284,2022-04-14,1620.33,MC,Completed,SampleGen
PAY-541d29af-55ab-414e-9230-1f336207c1cd,INV-541d29af-55ab-414e-9230-1f336207c1cd,CID-284,2026-05-17,1043.96,AmEx,Completed,SampleGen
PAY-825426ef-534e-45d9-917a-6f550f55d5cf,INV-825426ef-534e-45d9-917a-6f550f55d5cf,CID-284,2021-06-02,1913.95,VISA,Completed,SampleGen
PAY-b78cbefe-dd85-4e15-a3c8-fd44a6913a94,INV-b78cbefe-dd85-4e15-a3c8-fd44a6913a94,CID-285,2026-06-12,4034.55,VISA,Completed,SampleGen
PAY-ea1b3e95-77af-454c-80a3-f5e5ce46dd24,INV-ea1b3e95-77af-454c-80a3-f5e5ce46dd24,CID-285,2021-12-24,1848.72,AmEx,Completed,SampleGen
PAY-b3d17518-395e-460c-a7b8-a399c7e22ee6,INV-b3d17518-395e-460c-a7b8-a399c7e22ee6,CID-286,2021-08-19,130.49,MC,Completed,SampleGen
PAY-eb7aeee4-85bd-4d09-8769-1ff681c86cb6,INV-eb7aeee4-85bd-4d09-8769-1ff681c86cb6,CID-286,2022-03-20,2283.7,MC,Completed,SampleGen
PAY-d6fe2e85-e4a8-4e1b-b942-c139aca4a327,INV-d6fe2e85-e4a8-4e1b-b942-c139aca4a327,CID-286,2025-05-14,391.48,AmEx,Completed,SampleGen
PAY-a0c52695-594c-4e15-b647-44a9d214f288,INV-a0c52695-594c-4e15-b647-44a9d214f288,CID-286,2022-03-10,1043.96,AmEx,Completed,SampleGen
PAY-e659c448-b9f1-4350-b058-7948a5d100e5,INV-e659c448-b9f1-4350-b058-7948a5d100e5,CID-287,2026-04-13,956.94,AmEx,Completed,SampleGen
PAY-0c4b5967-fdc4-4a5c-a9cb-ff2c7173a8b6,INV-0c4b5967-fdc4-4a5c-a9cb-ff2c7173a8b6,CID-287,2024-02-29,652.48,MC,Completed,SampleGen
PAY-5b43878d-1af6-4042-8420-a79ee5ba4547,INV-5b43878d-1af6-4042-8420-a79ee5ba4547,CID-287,2024-09-16,1098.34,VISA,Completed,SampleGen
PAY-1699e84b-3af7-4d4b-a706-0c1beb5b0b1c,INV-1699e84b-3af7-4d4b-a706-0c1beb5b0b1c,CID-287,2025-07-08,500.22,AmEx,Completed,SampleGen
PAY-77ef137d-5d32-46bf-af02-477e1fd52942,INV-77ef137d-5d32-46bf-af02-477e1fd52942,CID-287,2024-10-19,2082.52,MC,Completed,SampleGen
PAY-368a75d5-4bff-4821-9a1c-95798b73cdd8,INV-368a75d5-4bff-4821-9a1c-95798b73cdd8,CID-287,2025-11-09,163.11,PayPal,Completed,SampleGen
PAY-a6dea515-7bc5-4e74-9e3b-e17c7b67fd05,INV-a6dea515-7bc5-4e74-9e3b-e17c7b67fd05,CID-287,2025-02-01,1430.01,PayPal,Completed,SampleGen
PAY-88015a54-1e98-4e55-a275-61e47de35cb8,INV-88015a54-1e98-4e55-a275-61e47de35cb8,CID-288,2021-11-16,500.22,Discover,Completed,SampleGen
PAY-31165fd1-18c5-4387-be73-0913c72676c6,INV-31165fd1-18c5-4387-be73-0913c72676c6,CID-288,2025-09-06,2425.06,AmEx,Completed,SampleGen
PAY-8ef5698d-65ba-4cb0-8226-630a4d498fc6,INV-8ef5698d-65ba-4cb0-8226-630a4d498fc6,CID-288,2021-01-09,2185.81,AmEx,Completed,SampleGen
PAY-f8dfb22b-b2a6-4811-a493-c2adb2ac3af2,INV-f8dfb22b-b2a6-4811-a493-c2adb2ac3af2,CID-288,2026-12-23,3479.94,VISA,Completed,SampleGen
PAY-bbeac9f5-f3c3-47ed-b323-f087d3f5b564,INV-bbeac9f5-f3c3-47ed-b323-f087d3f5b564,CID-289,2026-03-07,32.6,VISA,Completed,SampleGen
PAY-4b4b270d-4bf4-4967-9bea-a270e500dbcb,INV-4b4b270d-4bf4-4967-9bea-a270e500dbcb,CID-290,2023-03-07,4186.83,VISA,Completed,SampleGen
PAY-4affcba2-96a2-41bd-acbf-6a3c275c2fe1,INV-4affcba2-96a2-41bd-acbf-6a3c275c2fe1,CID-290,2021-02-26,217.49,MC,Completed,SampleGen
PAY-61187437-16ec-425e-84b4-1b02d1dced22,INV-61187437-16ec-425e-84b4-1b02d1dced22,CID-290,2023-04-28,358.85,MC,Completed,SampleGen
PAY-16755bbb-ea00-43c0-a123-d8bd89ff1767,INV-16755bbb-ea00-43c0-a123-d8bd89ff1767,CID-291,2022-11-10,3186.32,AmEx,Completed,SampleGen
PAY-64bb7d7a-186f-49a6-a6da-991411b20e82,INV-64bb7d7a-186f-49a6-a6da-991411b20e82,CID-291,2021-09-18,1913.94,AmEx,Completed,SampleGen
PAY-1eecb8e1-096f-40f5-adb3-9ca9ca5d5127,INV-1eecb8e1-096f-40f5-adb3-9ca9ca5d5127,CID-292,2022-08-30,1261.48,AmEx,Completed,SampleGen
PAY-ebd0b14b-8979-4e90-b30d-3eea4f0912ff,INV-ebd0b14b-8979-4e90-b30d-3eea4f0912ff,CID-292,2022-10-24,451.24,VISA,Completed,SampleGen
PAY-87e76193-90af-47ec-a316-8b81913f56c6,INV-87e76193-90af-47ec-a316-8b81913f56c6,CID-293,2023-06-06,1196.23,MC,Completed,SampleGen
PAY-4a2a9576-0ecc-42e9-bc8c-b09dc0ad5989,INV-4a2a9576-0ecc-42e9-bc8c-b09dc0ad5989,CID-293,2025-01-14,4404.33,VISA,Completed,SampleGen
PAY-f0687b0d-3670-4538-9dfc-947d331146d1,INV-f0687b0d-3670-4538-9dfc-947d331146d1,CID-293,2023-05-29,1413.73,MC,Completed,SampleGen
PAY-0b8cae80-204f-4200-b992-d0dd00a347f9,INV-0b8cae80-204f-4200-b992-d0dd00a347f9,CID-293,2023-11-04,647.04,VISA,Completed,SampleGen
PAY-aad232e6-d7bc-45e6-8530-c488fcec5c77,INV-aad232e6-d7bc-45e6-8530-c488fcec5c77,CID-293,2023-03-29,271.86,VISA,Completed,SampleGen
PAY-abedcef9-a465-4f2d-a1d8-4a695dd5dad9,INV-abedcef9-a465-4f2d-a1d8-4a695dd5dad9,CID-293,2023-09-10,956.96,MC,Completed,SampleGen
PAY-05944238-a231-44e3-bec2-bdb2a60201f9,INV-05944238-a231-44e3-bec2-bdb2a60201f9,CID-294,2022-05-14,3969.32,MC,Completed,SampleGen
PAY-02b79092-4ac7-415e-ae6c-ebdd6a367dfb,INV-02b79092-4ac7-415e-ae6c-ebdd6a367dfb,CID-294,2025-05-12,3784.44,VISA,Completed,SampleGen
PAY-b15d1ca0-f9e5-4f75-89cf-d838cdef50d2,INV-b15d1ca0-f9e5-4f75-89cf-d838cdef50d2,CID-294,2025-04-26,1968.34,MC,Completed,SampleGen
PAY-08f806b2-63d6-4c98-ae3d-9ce120d551b3,INV-08f806b2-63d6-4c98-ae3d-9ce120d551b3,CID-294,2025-12-10,1457.2,VISA,Completed,SampleGen
PAY-3a529b8a-b45d-4d62-9dc6-b12726b28860,INV-3a529b8a-b45d-4d62-9dc6-b12726b28860,CID-294,2025-05-16,554.58,MC,Completed,SampleGen
PAY-db6073ea-e09e-48bc-aa1b-2837f149e194,INV-db6073ea-e09e-48bc-aa1b-2837f149e194,CID-294,2021-09-20,130.49,VISA,Completed,SampleGen
PAY-e70c3a2d-007c-477b-b100-c96119555d63,INV-e70c3a2d-007c-477b-b100-c96119555d63,CID-295,2025-04-06,880.84,Discover,Completed,SampleGen
PAY-34a8ce56-1d85-425f-ac8c-3e80d9ce4aa0,INV-34a8ce56-1d85-425f-ac8c-3e80d9ce4aa0,CID-295,2026-12-19,32.6,MC,Completed,SampleGen
PAY-77246313-068f-4900-a1b2-ad56b1dae4e5,INV-77246313-068f-4900-a1b2-ad56b1dae4e5,CID-295,2024-01-28,391.48,PayPal,Completed,SampleGen
PAY-27f4e524-733d-4945-99fb-cfa4641f222b,INV-27f4e524-733d-4945-99fb-cfa4641f222b,CID-295,2023-10-03,141.36,VISA,Completed,SampleGen
PAY-cc17ab53-e37a-4c38-87b5-2bba37959f0a,INV-cc17ab53-e37a-4c38-87b5-2bba37959f0a,CID-295,2025-01-16,2207.57,MC,Completed,SampleGen
PAY-cb92f94d-9f1d-4214-a840-6586792771bc,INV-cb92f94d-9f1d-4214-a840-6586792771bc,CID-295,2025-11-08,815.59,Discover,Completed,SampleGen
PAY-349054f1-c77a-4394-8f8d-5037a25e8e4c,INV-349054f1-c77a-4394-8f8d-5037a25e8e4c,CID-296,2022-08-26,761.21,AmEx,Completed,SampleGen
PAY-624e0938-9f98-42ed-83de-9b2033ed7802,INV-624e0938-9f98-42ed-83de-9b2033ed7802,CID-296,2026-08-17,320.77,PayPal,Completed,SampleGen
PAY-80f23817-4c50-4e16-9837-cad3423474ed,INV-80f23817-4c50-4e16-9837-cad3423474ed,CID-296,2022-06-30,3262.45,AmEx,Completed,SampleGen
PAY-17ccc96b-b842-447c-a7fc-a00d8099093e,INV-17ccc96b-b842-447c-a7fc-a00d8099093e,CID-297,2025-02-02,1604.01,PayPal,Completed,SampleGen
PAY-f27ca6cc-d27c-4603-9c4b-8179e5bacd2b,INV-f27ca6cc-d27c-4603-9c4b-8179e5bacd2b,CID-297,2026-09-30,1957.48,PayPal,Completed,SampleGen
PAY-3c808f35-b32d-4e57-a768-2ce0096e53f1,INV-3c808f35-b32d-4e57-a768-2ce0096e53f1,CID-298,2022-03-25,1185.34,MC,Completed,SampleGen
PAY-8e6431cf-76fd-4e3f-b264-db727b47a331,INV-8e6431cf-76fd-4e3f-b264-db727b47a331,CID-298,2022-04-02,445.83,AmEx,Completed,SampleGen
PAY-b92e04db-bac6-4227-a04a-443aef229c56,INV-b92e04db-bac6-4227-a04a-443aef229c56,CID-298,2021-01-23,1865.03,Discover,Completed,SampleGen
PAY-98dc2f4a-1951-43b7-8af2-0cfaebc51d58,INV-98dc2f4a-1951-43b7-8af2-0cfaebc51d58,CID-298,2021-09-17,1413.73,VISA,Completed,SampleGen
PAY-e609a30b-3cf5-4055-9322-27687a9bdb43,INV-e609a30b-3cf5-4055-9322-27687a9bdb43,CID-298,2023-07-23,967.83,VISA,Completed,SampleGen
PAY-bc5f5bdc-8a90-4e01-8363-a7c56630098b,INV-bc5f5bdc-8a90-4e01-8363-a7c56630098b,CID-298,2024-03-01,2501.18,MC,Completed,SampleGen
PAY-56893272-f6fe-4d2d-bdb3-39758203e549,INV-56893272-f6fe-4d2d-bdb3-39758203e549,CID-298,2023-06-04,260.97,VISA,Completed,SampleGen
PAY-980a96c5-ed4f-4c47-a488-be96ea30793e,INV-980a96c5-ed4f-4c47-a488-be96ea30793e,CID-299,2022-06-13,391.48,MC,Completed,SampleGen
PAY-a34df12a-4c70-45c4-9f0a-20956d92f455,INV-a34df12a-4c70-45c4-9f0a-20956d92f455,CID-299,2022-07-18,500.22,VISA,Completed,SampleGen
PAY-b24f9eb6-a9a2-43dc-8938-3d4f83a8ca7f,INV-b24f9eb6-a9a2-43dc-8938-3d4f83a8ca7f,CID-300,2021-10-05,3991.06,MC,Completed,SampleGen
PAY-0841cd1d-752f-46de-ae3b-d407b5da49a4,INV-0841cd1d-752f-46de-ae3b-d407b5da49a4,CID-300,2023-12-29,1435.44,PayPal,Completed,SampleGen
PAY-4ab87af8-9b6f-4db7-bb17-e50431967634,INV-4ab87af8-9b6f-4db7-bb17-e50431967634,CID-301,2025-07-18,1565.95,MC,Completed,SampleGen
PAY-dbfd521a-9e9c-49dd-b07c-c28ca0435215,INV-dbfd521a-9e9c-49dd-b07c-c28ca0435215,CID-301,2022-06-17,1631.2,VISA,Completed,SampleGen
PAY-d6ed17d3-efd5-4ec6-bb40-24f7b9925e4a,INV-d6ed17d3-efd5-4ec6-bb40-24f7b9925e4a,CID-301,2024-06-19,1750.81,VISA,Completed,SampleGen
PAY-a279afc0-84fb-45b2-bc06-0fa517d79a9f,INV-a279afc0-84fb-45b2-bc06-0fa517d79a9f,CID-301,2023-05-06,978.74,PayPal,Completed,SampleGen
PAY-8b9d7ef4-3769-4832-a844-7fe3142a2c78,INV-8b9d7ef4-3769-4832-a844-7fe3142a2c78,CID-301,2024-05-22,456.71,PayPal,Completed,SampleGen
PAY-625ba2fd-9ea1-43c1-a1f7-dbbd6b9adbc9,INV-625ba2fd-9ea1-43c1-a1f7-dbbd6b9adbc9,CID-301,2026-03-09,2218.46,VISA,Completed,SampleGen
PAY-0aee09f2-efd4-4fa3-8e10-1bb9d7db4b1b,INV-0aee09f2-efd4-4fa3-8e10-1bb9d7db4b1b,CID-301,2024-11-22,1120.1,MC,Completed,SampleGen
PAY-d58c6ab1-c182-4a8c-843f-a6c9d1b108bb,INV-d58c6ab1-c182-4a8c-843f-a6c9d1b108bb,CID-302,2022-07-23,1500.72,VISA,Completed,SampleGen
PAY-ff011b45-a551-4538-8116-6824ce6e557d,INV-ff011b45-a551-4538-8116-6824ce6e557d,CID-302,2026-01-27,3588.7,PayPal,Completed,SampleGen
PAY-a64c0d34-ba5c-4c49-86f8-aae6a370f0b3,INV-a64c0d34-ba5c-4c49-86f8-aae6a370f0b3,CID-302,2025-02-17,5176.44,AmEx,Completed,SampleGen
PAY-670ed37e-02bf-42b1-a674-8e820d8ee3c4,INV-670ed37e-02bf-42b1-a674-8e820d8ee3c4,CID-302,2026-01-28,668.78,PayPal,Completed,SampleGen
PAY-fb589cb2-8089-4d3e-8f76-5465171cdd24,INV-fb589cb2-8089-4d3e-8f76-5465171cdd24,CID-302,2023-03-22,2729.55,MC,Completed,SampleGen
PAY-9a0ba31c-d03f-4638-a61d-af360d93cb1c,INV-9a0ba31c-d03f-4638-a61d-af360d93cb1c,CID-302,2023-08-08,413.23,VISA,Completed,SampleGen
PAY-49ba82e6-6d9a-460c-9a48-7a18f1964421,INV-49ba82e6-6d9a-460c-9a48-7a18f1964421,CID-302,2022-12-28,445.84,Discover,Completed,SampleGen
PAY-29702d02-40df-4b4a-8e0e-130c59aabf21,INV-29702d02-40df-4b4a-8e0e-130c59aabf21,CID-303,2022-11-25,1500.7,AmEx,Completed,SampleGen
PAY-13218e7d-a755-4c07-a34d-8eaa0b322a06,INV-13218e7d-a755-4c07-a34d-8eaa0b322a06,CID-303,2022-10-21,1826.97,VISA,Completed,SampleGen
PAY-1cdb1e3f-ea37-4cc2-8640-ee2a8c96513c,INV-1cdb1e3f-ea37-4cc2-8640-ee2a8c96513c,CID-304,2021-05-19,782.97,VISA,Completed,SampleGen
PAY-120084b0-70d9-403e-8e02-ae8c907d2500,INV-120084b0-70d9-403e-8e02-ae8c907d2500,CID-304,2025-09-22,685.08,VISA,Completed,SampleGen
PAY-1db489f6-26e7-4f7e-8273-44f1b0caf2c9,INV-1db489f6-26e7-4f7e-8273-44f1b0caf2c9,CID-304,2026-05-18,674.21,AmEx,Completed,SampleGen
PAY-b8735c0d-9145-4ae5-bd42-d669802645cb,INV-b8735c0d-9145-4ae5-bd42-d669802645cb,CID-305,2022-07-27,2827.48,VISA,Completed,SampleGen
PAY-f9591549-3eb8-46ae-9077-078720994fdb,INV-f9591549-3eb8-46ae-9077-078720994fdb,CID-305,2026-01-14,3643.08,VISA,Completed,SampleGen
PAY-4eeceea0-b7ba-4b32-a2d4-9f73a83e6d2c,INV-4eeceea0-b7ba-4b32-a2d4-9f73a83e6d2c,CID-305,2023-05-20,2174.95,AmEx,Completed,SampleGen
PAY-2cf77e8c-21bf-4b69-8b21-cd317291f2b2,INV-2cf77e8c-21bf-4b69-8b21-cd317291f2b2,CID-305,2026-06-26,190.28,PayPal,Completed,SampleGen
PAY-84f06939-8e30-4afa-81e5-7193edd58af1,INV-84f06939-8e30-4afa-81e5-7193edd58af1,CID-306,2024-11-26,630.74,MC,Completed,SampleGen
PAY-2bf177f6-b339-4afc-92be-b45071a47d21,INV-2bf177f6-b339-4afc-92be-b45071a47d21,CID-307,2022-02-10,3490.82,VISA,Completed,SampleGen
PAY-4783eee4-1e81-43f5-83c0-99bd595c1bbb,INV-4783eee4-1e81-43f5-83c0-99bd595c1bbb,CID-307,2023-10-08,1555.08,MC,Completed,SampleGen
PAY-1d22d152-132b-464b-a5b1-170a6c8141a8,INV-1d22d152-132b-464b-a5b1-170a6c8141a8,CID-308,2022-10-07,869.98,MC,Completed,SampleGen
PAY-1b29da34-5fcc-4b46-bc64-efc5e2904338,INV-1b29da34-5fcc-4b46-bc64-efc5e2904338,CID-308,2021-07-14,2392.46,PayPal,Completed,SampleGen
PAY-88490fec-d06d-446a-afcf-8c31c43d3d4d,INV-88490fec-d06d-446a-afcf-8c31c43d3d4d,CID-308,2022-09-08,1696.45,MC,Completed,SampleGen
PAY-0e4960cc-5971-448a-8d2c-3146e4a894f1,INV-0e4960cc-5971-448a-8d2c-3146e4a894f1,CID-309,2026-04-24,1087.46,AmEx,Completed,SampleGen
PAY-e47637e2-aec1-4b0c-ab29-fd12bbf569a6,INV-e47637e2-aec1-4b0c-ab29-fd12bbf569a6,CID-309,2026-12-02,1685.56,Discover,Completed,SampleGen
PAY-8f5b9a4d-18bd-4ad8-babf-ea04bd0e58ea,INV-8f5b9a4d-18bd-4ad8-babf-ea04bd0e58ea,CID-309,2021-03-03,1359.34,AmEx,Completed,SampleGen
PAY-54b1da78-2456-44d8-9e42-48389ed4262d,INV-54b1da78-2456-44d8-9e42-48389ed4262d,CID-309,2022-05-15,706.86,AmEx,Completed,SampleGen
PAY-64a2afc6-8f4b-49f1-9f78-c6d36a62f383,INV-64a2afc6-8f4b-49f1-9f78-c6d36a62f383,CID-309,2025-09-24,260.98,MC,Completed,SampleGen
PAY-9fda0ddf-467d-4441-ad7e-441a8f3c3d82,INV-9fda0ddf-467d-4441-ad7e-441a8f3c3d82,CID-310,2026-01-30,3806.22,AmEx,Completed,SampleGen
PAY-a08eb8b6-55ba-4f19-94c3-85dfc0e956b4,INV-a08eb8b6-55ba-4f19-94c3-85dfc0e956b4,CID-311,2022-02-01,1261.46,AmEx,Completed,SampleGen
PAY-40370fdc-e72b-4417-af0b-faa0f484772c,INV-40370fdc-e72b-4417-af0b-faa0f484772c,CID-312,2022-10-26,163.11,VISA,Completed,SampleGen
PAY-52ce0db7-f219-4b99-8750-aaecabe3fadb,INV-52ce0db7-f219-4b99-8750-aaecabe3fadb,CID-312,2025-03-30,1098.3,AmEx,Completed,SampleGen
PAY-3c376668-3507-411d-8ccb-613aac8addb9,INV-3c376668-3507-411d-8ccb-613aac8addb9,CID-313,2026-11-01,1120.1,VISA,Completed,SampleGen
PAY-0147172c-b1f6-4979-b43d-23e6bd44157b,INV-0147172c-b1f6-4979-b43d-23e6bd44157b,CID-313,2022-02-24,3180.87,VISA,Completed,SampleGen
PAY-4b4120f6-46b2-4de2-a849-b9a18cef788c,INV-4b4120f6-46b2-4de2-a849-b9a18cef788c,CID-313,2022-11-27,2936.21,PayPal,Completed,SampleGen
PAY-fe54c91b-e449-495b-b7b0-4a147c0ece71,INV-fe54c91b-e449-495b-b7b0-4a147c0ece71,CID-313,2026-06-13,1620.34,Discover,Completed,SampleGen
PAY-06425af1-5a07-4869-bf3d-b48f61237a29,INV-06425af1-5a07-4869-bf3d-b48f61237a29,CID-313,2021-09-17,5132.94,VISA,Completed,SampleGen
PAY-b2b531d9-bd41-4553-ac59-cd0ffedd5da6,INV-b2b531d9-bd41-4553-ac59-cd0ffedd5da6,CID-313,2021-06-08,1500.72,AmEx,Completed,SampleGen
PAY-0ff26dd0-2955-4ad2-8721-ceb185a064be,INV-0ff26dd0-2955-4ad2-8721-ceb185a064be,CID-314,2022-01-13,1196.2,PayPal,Completed,SampleGen
PAY-98f555d1-df12-4b8e-b311-347912ba6b47,INV-98f555d1-df12-4b8e-b311-347912ba6b47,CID-314,2022-07-12,173.98,VISA,Completed,SampleGen
PAY-1a093d8c-60eb-4639-b185-8fad31aa0117,INV-1a093d8c-60eb-4639-b185-8fad31aa0117,CID-315,2021-01-02,3697.43,VISA,Completed,SampleGen
PAY-cda82617-8098-490f-9355-6dd1fec27e91,INV-cda82617-8098-490f-9355-6dd1fec27e91,CID-315,2026-07-18,418.65,MC,Completed,SampleGen
PAY-8aabeef6-f4e4-45a0-af3c-84fec3524d92,INV-8aabeef6-f4e4-45a0-af3c-84fec3524d92,CID-315,2024-05-27,4458.7,MC,Completed,SampleGen
PAY-251e1408-2acd-4813-84de-5f6f491f3831,INV-251e1408-2acd-4813-84de-5f6f491f3831,CID-316,2026-09-16,1957.46,AmEx,Completed,SampleGen
PAY-071a7da8-6d00-43aa-bfac-3be5d9f30996,INV-071a7da8-6d00-43aa-bfac-3be5d9f30996,CID-316,2024-10-02,685.07,MC,Completed,SampleGen
PAY-ad1b1291-7ad9-465d-83fc-8dc70cf2eaa7,INV-ad1b1291-7ad9-465d-83fc-8dc70cf2eaa7,CID-317,2022-12-19,163.11,MC,Completed,SampleGen
PAY-e88bebb1-64ae-40db-a407-c39f0eb0043b,INV-e88bebb1-64ae-40db-a407-c39f0eb0043b,CID-317,2024-04-23,260.98,VISA,Completed,SampleGen
PAY-beb84d84-a82a-4b0f-bf50-a823f1c59a00,INV-beb84d84-a82a-4b0f-bf50-a823f1c59a00,CID-317,2021-09-26,217.48,MC,Completed,SampleGen
PAY-ebc54b48-6631-40da-9803-2fd73818b275,INV-ebc54b48-6631-40da-9803-2fd73818b275,CID-317,2025-05-10,260.98,PayPal,Completed,SampleGen
PAY-71cb8383-f2b7-40c2-850b-b441311b9cd3,INV-71cb8383-f2b7-40c2-850b-b441311b9cd3,CID-318,2021-06-09,543.72,VISA,Completed,SampleGen
PAY-8c4fbdb0-8b6b-4682-ab6b-3ba8b0b46a4a,INV-8c4fbdb0-8b6b-4682-ab6b-3ba8b0b46a4a,CID-318,2024-08-28,1794.32,VISA,Completed,SampleGen
PAY-f68a54dc-3810-4759-bdc1-66bce4cc309d,INV-f68a54dc-3810-4759-bdc1-66bce4cc309d,CID-319,2022-05-12,337.1,VISA,Completed,SampleGen
PAY-c4329943-a290-44d6-b6e8-20b0aa3809c5,INV-c4329943-a290-44d6-b6e8-20b0aa3809c5,CID-319,2025-07-12,935.21,PayPal,Completed,SampleGen
PAY-5d922812-f6b6-4c7b-a1e2-901850659ebf,INV-5d922812-f6b6-4c7b-a1e2-901850659ebf,CID-319,2026-04-06,608.94,VISA,Completed,SampleGen
PAY-211d1d5a-270f-4574-8ffd-e5daf824a0a9,INV-211d1d5a-270f-4574-8ffd-e5daf824a0a9,CID-320,2025-03-18,2468.56,VISA,Completed,SampleGen
PAY-5b630696-3ee2-4a5b-9547-2758694bdb81,INV-5b630696-3ee2-4a5b-9547-2758694bdb81,CID-320,2025-10-27,1196.23,VISA,Completed,SampleGen
PAY-c3c2c4dd-3c9e-4529-8452-b44145cd8e5b,INV-c3c2c4dd-3c9e-4529-8452-b44145cd8e5b,CID-321,2023-07-05,217.47,VISA,Completed,SampleGen
PAY-ecac3d2c-c25c-4478-982d-48ed937ef73f,INV-ecac3d2c-c25c-4478-982d-48ed937ef73f,CID-322,2022-11-16,1957.48,VISA,Completed,SampleGen
PAY-de3e597d-7182-48d7-b857-54ae7b722012,INV-de3e597d-7182-48d7-b857-54ae7b722012,CID-322,2024-03-29,141.36,PayPal,Completed,SampleGen
PAY-ab849f2b-300a-40a0-9252-7694976cfd9a,INV-ab849f2b-300a-40a0-9252-7694976cfd9a,CID-322,2024-02-14,3197.18,VISA,Completed,SampleGen
PAY-0c5430da-034a-423e-82f3-16053a6b8ec1,INV-0c5430da-034a-423e-82f3-16053a6b8ec1,CID-323,2026-01-03,1739.95,MC,Completed,SampleGen
PAY-df336922-9e05-4027-a5a3-6de764d5acd8,INV-df336922-9e05-4027-a5a3-6de764d5acd8,CID-324,2021-06-02,2327.2,MC,Completed,SampleGen
PAY-6bc848bb-e998-420b-9962-c5db456d7f75,INV-6bc848bb-e998-420b-9962-c5db456d7f75,CID-324,2026-09-20,391.48,VISA,Completed,SampleGen
PAY-c22404b9-6e8c-461d-8127-0248a1c8884c,INV-c22404b9-6e8c-461d-8127-0248a1c8884c,CID-324,2026-08-24,2615.37,AmEx,Completed,SampleGen
PAY-b1b7f437-601e-41ac-b452-2e0175004839,INV-b1b7f437-601e-41ac-b452-2e0175004839,CID-325,2021-01-22,2446.84,PayPal,Completed,SampleGen
PAY-2c61bb4c-2a38-49ae-a9c1-3282b4e58dbd,INV-2c61bb4c-2a38-49ae-a9c1-3282b4e58dbd,CID-325,2024-05-14,413.23,PayPal,Completed,SampleGen
PAY-55f522b9-8b96-484d-b45a-0bd769aa196c,INV-55f522b9-8b96-484d-b45a-0bd769aa196c,CID-326,2025-12-15,4687.07,AmEx,Completed,SampleGen
PAY-8393a411-bf7c-40f3-93b2-3966f3cebddf,INV-8393a411-bf7c-40f3-93b2-3966f3cebddf,CID-326,2025-03-21,706.86,MC,Completed,SampleGen
PAY-cd3f85ea-d6fc-403a-a617-137acc28bce0,INV-cd3f85ea-d6fc-403a-a617-137acc28bce0,CID-326,2021-09-01,173.98,Discover,Completed,SampleGen
PAY-79d17917-a02d-4eda-8e06-dfb6c9c9d7a2,INV-79d17917-a02d-4eda-8e06-dfb6c9c9d7a2,CID-327,2022-05-13,141.36,MC,Completed,SampleGen
PAY-14d496e4-b0e0-4ce5-ac34-e7ecdc7641de,INV-14d496e4-b0e0-4ce5-ac34-e7ecdc7641de,CID-327,2026-05-05,206.61,AmEx,Completed,SampleGen
PAY-9e91285e-010b-4389-8130-1dd6b2453bda,INV-9e91285e-010b-4389-8130-1dd6b2453bda,CID-327,2024-10-05,2479.42,VISA,Completed,SampleGen
PAY-32365ea1-1b3f-40ac-9e96-a7efefc3e017,INV-32365ea1-1b3f-40ac-9e96-a7efefc3e017,CID-327,2023-08-02,891.68,PayPal,Completed,SampleGen
PAY-f7d191ba-1169-4bf9-acd6-067b04edba94,INV-f7d191ba-1169-4bf9-acd6-067b04edba94,CID-328,2024-11-15,2740.44,AmEx,Completed,SampleGen
PAY-df9f69f4-e76c-4bb1-9733-050d09e68bf4,INV-df9f69f4-e76c-4bb1-9733-050d09e68bf4,CID-328,2026-01-29,706.86,AmEx,Completed,SampleGen
PAY-86c9c2b5-8bd6-48a5-a51d-3468ce449f7f,INV-86c9c2b5-8bd6-48a5-a51d-3468ce449f7f,CID-329,2026-06-14,989.58,MC,Completed,SampleGen
PAY-1a69be4d-c7c8-4255-b2a7-51ff688d795b,INV-1a69be4d-c7c8-4255-b2a7-51ff688d795b,CID-329,2022-08-12,532.84,MC,Completed,SampleGen
PAY-ff230314-a8a7-402b-94ba-1b8c0b045752,INV-ff230314-a8a7-402b-94ba-1b8c0b045752,CID-329,2025-08-29,86.99,VISA,Completed,SampleGen
PAY-8da50f4f-e856-41df-9e4a-d5ec6e6d6a54,INV-8da50f4f-e856-41df-9e4a-d5ec6e6d6a54,CID-330,2025-06-12,108.74,MC,Completed,SampleGen
PAY-6f0999c3-2bc5-45fe-a885-ac3154d6af19,INV-6f0999c3-2bc5-45fe-a885-ac3154d6af19,CID-330,2024-02-26,598.11,VISA,Completed,SampleGen
PAY-a361cb0f-195f-423f-a086-1119c85722fe,INV-a361cb0f-195f-423f-a086-1119c85722fe,CID-331,2026-08-07,1739.97,AmEx,Completed,SampleGen
PAY-23108639-9d30-42d9-b5dc-b9d0995f4bdf,INV-23108639-9d30-42d9-b5dc-b9d0995f4bdf,CID-331,2022-07-07,2827.43,VISA,Completed,SampleGen
PAY-f5cf198f-7edb-4e8d-a4a1-14eee9d7536f,INV-f5cf198f-7edb-4e8d-a4a1-14eee9d7536f,CID-331,2023-07-21,782.97,PayPal,Completed,SampleGen
PAY-c8618736-d689-4629-8726-5dea2333f643,INV-c8618736-d689-4629-8726-5dea2333f643,CID-331,2021-10-19,859.08,VISA,Completed,SampleGen
PAY-3524456b-e64f-430d-8601-b372c9d5b55d,INV-3524456b-e64f-430d-8601-b372c9d5b55d,CID-331,2022-06-21,1092.88,VISA,Completed,SampleGen
PAY-7dae5400-1f89-4d24-ad77-3041a492e8e9,INV-7dae5400-1f89-4d24-ad77-3041a492e8e9,CID-331,2025-06-18,826.46,VISA,Completed,SampleGen
PAY-64683ef6-3420-487a-8410-457133ef988f,INV-64683ef6-3420-487a-8410-457133ef988f,CID-331,2022-05-29,173.98,AmEx,Completed,SampleGen
PAY-3189c674-518e-4e89-a2b4-54f845d63fe5,INV-3189c674-518e-4e89-a2b4-54f845d63fe5,CID-332,2021-04-12,326.24,PayPal,Completed,SampleGen
PAY-1e5828ff-e7dc-48e5-937f-85114cb6ed62,INV-1e5828ff-e7dc-48e5-937f-85114cb6ed62,CID-332,2022-12-19,2762.19,VISA,Completed,SampleGen
PAY-3e780ec5-2290-4e30-b54f-aa83e8e820f5,INV-3e780ec5-2290-4e30-b54f-aa83e8e820f5,CID-332,2025-06-23,728.58,MC,Completed,SampleGen
PAY-d0ac9357-885a-4fc6-ba3a-eabd46ccf8c6,INV-d0ac9357-885a-4fc6-ba3a-eabd46ccf8c6,CID-333,2022-09-21,1696.46,AmEx,Completed,SampleGen
PAY-2ff66fb1-cd54-419f-8fc1-7c64995b3bb0,INV-2ff66fb1-cd54-419f-8fc1-7c64995b3bb0,CID-333,2024-05-15,1413.73,VISA,Completed,SampleGen
PAY-c2d102d8-7c8d-41c5-b590-4d0aed32ec4f,INV-c2d102d8-7c8d-41c5-b590-4d0aed32ec4f,CID-334,2021-05-27,2827.48,MC,Completed,SampleGen
PAY-f90c9091-bb23-46c8-b652-d4aab6e02b7e,INV-f90c9091-bb23-46c8-b652-d4aab6e02b7e,CID-334,2026-03-09,380.59,MC,Completed,SampleGen
PAY-407216c8-4f48-4b7b-8514-bf88e47a93df,INV-407216c8-4f48-4b7b-8514-bf88e47a93df,CID-335,2025-01-02,2501.21,AmEx,Completed,SampleGen
PAY-ef10a97c-c060-4bc1-9ef9-a1d5d68523b8,INV-ef10a97c-c060-4bc1-9ef9-a1d5d68523b8,CID-335,2023-05-19,271.86,PayPal,Completed,SampleGen
PAY-92289ed1-c827-4e3d-8279-fd0edfd84d2a,INV-92289ed1-c827-4e3d-8279-fd0edfd84d2a,CID-335,2022-02-07,2936.22,AmEx,Completed,SampleGen
PAY-bfe27c85-9621-4fb9-a4e7-ce1030e0557c,INV-bfe27c85-9621-4fb9-a4e7-ce1030e0557c,CID-335,2026-07-02,1174.42,Discover,Completed,SampleGen
PAY-0c59a33d-97df-400c-80ea-45a31155e2ce,INV-0c59a33d-97df-400c-80ea-45a31155e2ce,CID-335,2021-01-13,2174.94,MC,Completed,SampleGen
PAY-8c575283-f6e0-4d3e-a6ce-e980d3490c7c,INV-8c575283-f6e0-4d3e-a6ce-e980d3490c7c,CID-336,2026-12-22,3969.31,MC,Completed,SampleGen
PAY-d976729e-017c-46ae-8e31-21ab274e29b2,INV-d976729e-017c-46ae-8e31-21ab274e29b2,CID-336,2026-01-23,978.73,MC,Completed,SampleGen
PAY-5d24d670-3a5c-4056-90af-71e2b766f527,INV-5d24d670-3a5c-4056-90af-71e2b766f527,CID-337,2021-07-04,674.21,VISA,Completed,SampleGen
PAY-c1baeb5d-7265-453b-bd1d-fcae4c385d7d,INV-c1baeb5d-7265-453b-bd1d-fcae4c385d7d,CID-337,2026-04-19,434.97,PayPal,Completed,SampleGen
PAY-a919fb63-6376-41ce-9cee-f7e87e854d01,INV-a919fb63-6376-41ce-9cee-f7e87e854d01,CID-337,2025-08-30,413.23,AmEx,Completed,SampleGen
PAY-c0a90932-3551-41af-b910-2d9c04814a56,INV-c0a90932-3551-41af-b910-2d9c04814a56,CID-338,2021-08-23,2251.08,AmEx,Completed,SampleGen
PAY-1810219b-f202-49f4-94e8-4e6ef7715233,INV-1810219b-f202-49f4-94e8-4e6ef7715233,CID-338,2025-06-08,1816.05,VISA,Completed,SampleGen
PAY-31224b74-9208-4eb3-b27d-bd85b0d56f54,INV-31224b74-9208-4eb3-b27d-bd85b0d56f54,CID-338,2022-06-11,2544.7,PayPal,Completed,SampleGen
PAY-c0890fda-8d69-4e1d-a818-81bb43f4cbb3,INV-c0890fda-8d69-4e1d-a818-81bb43f4cbb3,CID-339,2025-10-08,1413.74,VISA,Completed,SampleGen
PAY-20437609-a850-4dab-883a-ee7dace8dacc,INV-20437609-a850-4dab-883a-ee7dace8dacc,CID-339,2022-10-04,543.73,VISA,Completed,SampleGen
PAY-357ca5a0-6973-4e7d-af11-72b3439e6e10,INV-357ca5a0-6973-4e7d-af11-72b3439e6e10,CID-339,2026-05-01,1391.95,VISA,Completed,SampleGen
PAY-6f618f2f-2eb2-4d27-b387-19557d739bfc,INV-6f618f2f-2eb2-4d27-b387-19557d739bfc,CID-340,2023-10-13,4610.93,AmEx,Completed,SampleGen
PAY-268cffee-d6a4-4fde-9865-469ad4cf16de,INV-268cffee-d6a4-4fde-9865-469ad4cf16de,CID-340,2026-02-09,3066.69,MC,Completed,SampleGen
PAY-d8c5029a-de50-4ce1-9daf-388f7f9e7914,INV-d8c5029a-de50-4ce1-9daf-388f7f9e7914,CID-341,2026-09-19,2827.48,PayPal,Completed,SampleGen
PAY-eef018b9-c617-4acb-baa6-3b389728ce6b,INV-eef018b9-c617-4acb-baa6-3b389728ce6b,CID-341,2023-06-12,1207.08,MC,Completed,SampleGen
PAY-ce8ee27a-91b7-4ef1-af37-16455a3be5ce,INV-ce8ee27a-91b7-4ef1-af37-16455a3be5ce,CID-341,2024-04-04,978.74,MC,Completed,SampleGen
PAY-a39bd556-72ea-45d7-939e-7b3765e66ab3,INV-a39bd556-72ea-45d7-939e-7b3765e66ab3,CID-341,2025-01-12,1903.07,AmEx,Completed,SampleGen
PAY-d6a90891-fdf4-4e84-8ac5-11b2c019ee09,INV-d6a90891-fdf4-4e84-8ac5-11b2c019ee09,CID-341,2026-08-25,2017.26,Discover,Completed,SampleGen
PAY-0ca239fa-9ac3-462a-81a4-27bc086f4646,INV-0ca239fa-9ac3-462a-81a4-27bc086f4646,CID-342,2023-11-23,413.23,Discover,Completed,SampleGen
PAY-c65f5a7c-47b6-4724-ba32-3645f69597cb,INV-c65f5a7c-47b6-4724-ba32-3645f69597cb,CID-343,2023-07-24,347.96,Discover,Completed,SampleGen
PAY-e4bcdd2e-241a-4c73-9e1c-9b7d55f1c09b,INV-e4bcdd2e-241a-4c73-9e1c-9b7d55f1c09b,CID-344,2026-12-31,1544.21,AmEx,Completed,SampleGen
PAY-3b223f2d-6502-42db-8440-267d33a6b2bd,INV-3b223f2d-6502-42db-8440-267d33a6b2bd,CID-345,2021-07-30,2370.67,PayPal,Completed,SampleGen
PAY-4bc099f7-59ca-4572-8d62-fbbe7f17e6f1,INV-4bc099f7-59ca-4572-8d62-fbbe7f17e6f1,CID-345,2026-05-11,1576.81,VISA,Completed,SampleGen
PAY-b1ab0885-80f7-4e63-9084-36f792a8b1b6,INV-b1ab0885-80f7-4e63-9084-36f792a8b1b6,CID-346,2025-10-20,163.11,VISA,Completed,SampleGen
PAY-20a69698-e1b2-45d6-84de-d1bd550d1282,INV-20a69698-e1b2-45d6-84de-d1bd550d1282,CID-346,2022-03-15,380.61,Discover,Completed,SampleGen
PAY-155071bd-0ec0-4c20-8ff6-eff97e3d6aa1,INV-155071bd-0ec0-4c20-8ff6-eff97e3d6aa1,CID-346,2025-06-18,630.7,VISA,Completed,SampleGen
PAY-542ea36b-0e37-4c33-83de-05501cf5da70,INV-542ea36b-0e37-4c33-83de-05501cf5da70,CID-347,2021-12-31,1370.2,VISA,Completed,SampleGen
PAY-2e77b67c-7acf-4695-83e9-48b55265431c,INV-2e77b67c-7acf-4695-83e9-48b55265431c,CID-348,2026-10-23,543.73,AmEx,Completed,SampleGen
PAY-4132fa5d-f850-49b6-9919-9545f3028ee0,INV-4132fa5d-f850-49b6-9919-9545f3028ee0,CID-348,2024-08-12,413.23,MC,Completed,SampleGen
PAY-230cfbf5-62b3-4c1d-8533-fdd9dec1288d,INV-230cfbf5-62b3-4c1d-8533-fdd9dec1288d,CID-348,2025-02-06,2457.71,VISA,Completed,SampleGen
PAY-7c2abd21-a66e-4fbc-a885-b9e89f0c3834,INV-7c2abd21-a66e-4fbc-a885-b9e89f0c3834,CID-349,2025-10-13,565.47,Discover,Completed,SampleGen
PAY-7509f217-6527-41ef-89ba-1702875c4eb9,INV-7509f217-6527-41ef-89ba-1702875c4eb9,CID-349,2025-08-17,173.98,AmEx,Completed,SampleGen
PAY-6b23a070-8e56-4939-9bb6-653fb9aa3e8f,INV-6b23a070-8e56-4939-9bb6-653fb9aa3e8f,CID-350,2021-06-20,1674.7,VISA,Completed,SampleGen
PAY-35b42dc3-65c1-424d-b69a-66c6d7ead837,INV-35b42dc3-65c1-424d-b69a-66c6d7ead837,CID-350,2025-08-21,1419.14,PayPal,Completed,SampleGen
PAY-f7a187e0-fb02-4adf-8460-37ef89ed2c15,INV-f7a187e0-fb02-4adf-8460-37ef89ed2c15,CID-351,2025-11-15,1598.57,MC,Completed,SampleGen
PAY-e461b698-0fd9-4f01-aa43-87e4d95fc9f1,INV-e461b698-0fd9-4f01-aa43-87e4d95fc9f1,CID-352,2022-05-26,1620.34,VISA,Completed,SampleGen
PAY-504f8e6f-9646-45ee-9562-79ae0829a627,INV-504f8e6f-9646-45ee-9562-79ae0829a627,CID-352,2021-09-21,2044.47,AmEx,Completed,SampleGen
PAY-f4855741-02c2-4f68-8f12-4fefc3833cf7,INV-f4855741-02c2-4f68-8f12-4fefc3833cf7,CID-352,2025-07-22,260.97,VISA,Completed,SampleGen
PAY-ecfaf936-e905-48e0-928c-72aae6b7ca32,INV-ecfaf936-e905-48e0-928c-72aae6b7ca32,CID-353,2022-01-03,1522.47,VISA,Completed,SampleGen
PAY-9c3c4137-a61d-4fcf-a36d-2c1a1cd73924,INV-9c3c4137-a61d-4fcf-a36d-2c1a1cd73924,CID-353,2025-06-21,1043.97,AmEx,Completed,SampleGen
PAY-18ee85cc-3fe3-4196-abf3-636e3362de53,INV-18ee85cc-3fe3-4196-abf3-636e3362de53,CID-353,2021-08-01,2446.83,PayPal,Completed,SampleGen
PAY-816e23ed-6fe4-4341-963e-7c145c879633,INV-816e23ed-6fe4-4341-963e-7c145c879633,CID-353,2022-04-23,804.72,MC,Completed,SampleGen
PAY-1ddef194-6709-40aa-b4d7-72a1b6394fc7,INV-1ddef194-6709-40aa-b4d7-72a1b6394fc7,CID-354,2021-07-22,608.98,PayPal,Completed,SampleGen
PAY-61dd1f29-848f-403a-8e16-7314b79fe2be,INV-61dd1f29-848f-403a-8e16-7314b79fe2be,CID-354,2025-12-10,500.22,PayPal,Completed,SampleGen
PAY-9cc4cb57-5c78-4c5f-b09a-03cadb78447f,INV-9cc4cb57-5c78-4c5f-b09a-03cadb78447f,CID-355,2023-03-06,1272.32,VISA,Completed,SampleGen
PAY-43fd2412-38f3-4361-be6b-9d877377b4bb,INV-43fd2412-38f3-4361-be6b-9d877377b4bb,CID-355,2024-10-30,1076.59,VISA,Completed,SampleGen
PAY-249a7b28-3275-459c-8239-f72f3b9e3ba4,INV-249a7b28-3275-459c-8239-f72f3b9e3ba4,CID-356,2022-11-10,163.11,VISA,Completed,SampleGen
PAY-d12536f0-3aa5-475a-91f6-dc72f1b783c5,INV-d12536f0-3aa5-475a-91f6-dc72f1b783c5,CID-356,2022-03-15,1783.44,VISA,Completed,SampleGen
PAY-889593eb-9257-42a1-8263-39a84980dbca,INV-889593eb-9257-42a1-8263-39a84980dbca,CID-356,2025-04-02,1283.22,AmEx,Completed,SampleGen
PAY-d11a8402-4f64-40c5-99f1-0e37f9f5a53a,INV-d11a8402-4f64-40c5-99f1-0e37f9f5a53a,CID-356,2021-05-16,1750.84,VISA,Completed,SampleGen
PAY-ace470d3-af62-4e30-9837-4fea910e3094,INV-ace470d3-af62-4e30-9837-4fea910e3094,CID-356,2025-04-07,173.99,AmEx,Completed,SampleGen
PAY-ae52b8a6-406e-428e-ae88-771642cc2974,INV-ae52b8a6-406e-428e-ae88-771642cc2974,CID-356,2023-10-16,1979.17,Discover,Completed,SampleGen
PAY-700e91f4-20dd-4142-8c42-a0cb5e76b611,INV-700e91f4-20dd-4142-8c42-a0cb5e76b611,CID-356,2025-08-06,2577.33,AmEx,Completed,SampleGen
PAY-692b5d83-4469-4cab-9ed7-74bc7b1daa02,INV-692b5d83-4469-4cab-9ed7-74bc7b1daa02,CID-357,2026-07-31,1283.22,VISA,Completed,SampleGen
PAY-4ef62c93-67bd-4bcc-9b3d-06543085e701,INV-4ef62c93-67bd-4bcc-9b3d-06543085e701,CID-357,2025-02-15,1294.08,VISA,Completed,SampleGen
PAY-132d543c-31bb-48b3-a549-6d5d34d67e52,INV-132d543c-31bb-48b3-a549-6d5d34d67e52,CID-357,2023-03-21,750.32,PayPal,Completed,SampleGen
PAY-a1d137fd-930d-43da-99e7-28d59862a0d7,INV-a1d137fd-930d-43da-99e7-28d59862a0d7,CID-357,2021-04-15,652.48,PayPal,Completed,SampleGen
PAY-e618cbb2-ae74-4f79-b198-430930ef1be6,INV-e618cbb2-ae74-4f79-b198-430930ef1be6,CID-357,2023-09-30,2174.95,MC,Completed,SampleGen
PAY-c6e53457-fedb-4979-a39f-633d7d8b8e62,INV-c6e53457-fedb-4979-a39f-633d7d8b8e62,CID-357,2023-12-03,5502.68,PayPal,Completed,SampleGen
PAY-3b7a017b-dc8a-41da-8eb6-d13c958d5ced,INV-3b7a017b-dc8a-41da-8eb6-d13c958d5ced,CID-358,2022-05-07,1739.96,Discover,Completed,SampleGen
PAY-c47e644c-4539-4504-a930-07caa8e0e417,INV-c47e644c-4539-4504-a930-07caa8e0e417,CID-359,2025-07-12,1881.33,AmEx,Completed,SampleGen
PAY-c04dc6ae-4a18-4585-8685-44e44bff51c0,INV-c04dc6ae-4a18-4585-8685-44e44bff51c0,CID-359,2021-08-11,706.83,VISA,Completed,SampleGen
PAY-0565f185-04a7-422b-9b69-a4f2da3138be,INV-0565f185-04a7-422b-9b69-a4f2da3138be,CID-360,2025-12-30,2827.46,AmEx,Completed,SampleGen
PAY-a53f9bfe-4596-4d38-9c57-fdd77867d4b9,INV-a53f9bfe-4596-4d38-9c57-fdd77867d4b9,CID-360,2023-10-22,3110.19,PayPal,Completed,SampleGen
PAY-bc4f55e1-df64-4c88-8cd9-0a4852726253,INV-bc4f55e1-df64-4c88-8cd9-0a4852726253,CID-360,2023-06-28,206.61,AmEx,Completed,SampleGen
PAY-68f09842-97cc-4a5e-aeec-79f542206046,INV-68f09842-97cc-4a5e-aeec-79f542206046,CID-360,2022-06-05,380.57,PayPal,Completed,SampleGen
PAY-9a09b3c7-bdbb-42d7-8a75-2e44eea97844,INV-9a09b3c7-bdbb-42d7-8a75-2e44eea97844,CID-361,2022-04-18,1250.59,VISA,Completed,SampleGen
PAY-1855169c-536e-4ad4-95ba-d9e79587817e,INV-1855169c-536e-4ad4-95ba-d9e79587817e,CID-361,2026-01-10,489.31,MC,Completed,SampleGen
PAY-b48e22c1-c3a1-4350-a227-72ab086b31c2,INV-b48e22c1-c3a1-4350-a227-72ab086b31c2,CID-362,2026-10-21,1033.09,AmEx,Completed,SampleGen
PAY-0f4fabf6-69d5-4cb3-91c1-0e634cd8b3bb,INV-0f4fabf6-69d5-4cb3-91c1-0e634cd8b3bb,CID-363,2021-01-19,2827.45,MC,Completed,SampleGen
PAY-518db30c-ce1a-41ee-b0ff-482fdd7d14c3,INV-518db30c-ce1a-41ee-b0ff-482fdd7d14c3,CID-364,2022-02-13,1468.1,MC,Completed,SampleGen
PAY-763c874a-8aa3-4193-b84d-898139aed024,INV-763c874a-8aa3-4193-b84d-898139aed024,CID-364,2021-07-25,1620.34,MC,Completed,SampleGen
PAY-3860fda8-b87d-4216-8fde-7aa8204f1166,INV-3860fda8-b87d-4216-8fde-7aa8204f1166,CID-364,2026-09-17,2338.08,Discover,Completed,SampleGen
PAY-65c1e85f-9220-4e31-8603-df96b6dcaf4e,INV-65c1e85f-9220-4e31-8603-df96b6dcaf4e,CID-364,2022-04-23,652.48,AmEx,Completed,SampleGen
PAY-5ec72ec0-1db0-45a3-a82d-55cb934d4bf7,INV-5ec72ec0-1db0-45a3-a82d-55cb934d4bf7,CID-365,2023-03-21,1413.73,MC,Completed,SampleGen
PAY-e0da704a-9be1-4dc0-a963-980a71f3937f,INV-e0da704a-9be1-4dc0-a963-980a71f3937f,CID-366,2025-04-26,859.09,MC,Completed,SampleGen
PAY-208cfef0-cada-4866-9087-be84d63b8e2a,INV-208cfef0-cada-4866-9087-be84d63b8e2a,CID-367,2025-06-28,271.86,VISA,Completed,SampleGen
PAY-a781c507-d5c0-4536-ac74-c86429d7269f,INV-a781c507-d5c0-4536-ac74-c86429d7269f,CID-368,2024-09-04,1478.95,AmEx,Completed,SampleGen
PAY-c8e189e9-fe23-4433-bcf1-53c507b55d32,INV-c8e189e9-fe23-4433-bcf1-53c507b55d32,CID-369,2021-12-09,1304.95,MC,Completed,SampleGen
PAY-eb995012-9390-45d4-9c5f-0de3daa09cb4,INV-eb995012-9390-45d4-9c5f-0de3daa09cb4,CID-369,2026-05-01,880.81,AmEx,Completed,SampleGen
PAY-94224c20-47de-43f0-88d1-f6b9d360cf8c,INV-94224c20-47de-43f0-88d1-f6b9d360cf8c,CID-370,2024-11-26,2229.34,Discover,Completed,SampleGen
PAY-d8a975bd-4920-4675-8e63-9adba1a36fda,INV-d8a975bd-4920-4675-8e63-9adba1a36fda,CID-370,2023-09-25,380.61,MC,Completed,SampleGen
PAY-fb01c639-8c12-40e1-9754-2e764e635788,INV-fb01c639-8c12-40e1-9754-2e764e635788,CID-371,2025-11-08,4404.31,AmEx,Completed,SampleGen
PAY-14f9411d-2b81-4bb8-8666-357427d6ddb7,INV-14f9411d-2b81-4bb8-8666-357427d6ddb7,CID-371,2022-11-05,1881.33,VISA,Completed,SampleGen
PAY-f04ac612-6656-4ac3-8611-5b66b04c2fcc,INV-f04ac612-6656-4ac3-8611-5b66b04c2fcc,CID-372,2025-03-02,413.23,AmEx,Completed,SampleGen
PAY-9b2c7843-fea7-4759-bc8c-b0e5b5220521,INV-9b2c7843-fea7-4759-bc8c-b0e5b5220521,CID-372,2023-11-06,1141.85,Discover,Completed,SampleGen
PAY-f31be598-82a8-4bfc-aabd-308142c1182d,INV-f31be598-82a8-4bfc-aabd-308142c1182d,CID-373,2022-01-10,2827.45,MC,Completed,SampleGen
PAY-cc4a7a16-b27a-436d-8680-291ea72d17c8,INV-cc4a7a16-b27a-436d-8680-291ea72d17c8,CID-373,2022-03-05,2501.19,MC,Completed,SampleGen
PAY-126bb8d0-ccac-468c-a831-81b7933bc461,INV-126bb8d0-ccac-468c-a831-81b7933bc461,CID-374,2023-06-08,891.7,AmEx,Completed,SampleGen
PAY-600ec68f-51eb-4d5e-aba8-c0f37d6fbe43,INV-600ec68f-51eb-4d5e-aba8-c0f37d6fbe43,CID-374,2026-04-28,543.73,PayPal,Completed,SampleGen
PAY-0c9754c2-e08c-4f70-8ff4-38b1457956a3,INV-0c9754c2-e08c-4f70-8ff4-38b1457956a3,CID-374,2021-01-27,6470.56,PayPal,Completed,SampleGen
PAY-852e00a1-3cee-43b1-a2c7-1291df4bb9f2,INV-852e00a1-3cee-43b1-a2c7-1291df4bb9f2,CID-374,2024-11-07,1413.74,VISA,Completed,SampleGen
PAY-790130f7-bee7-4e95-a1d9-b8efc3f63729,INV-790130f7-bee7-4e95-a1d9-b8efc3f63729,CID-375,2023-03-25,1130.94,MC,Completed,SampleGen
PAY-44e89444-a43b-41cf-9cae-f5180d594c44,INV-44e89444-a43b-41cf-9cae-f5180d594c44,CID-376,2022-09-26,2805.7,MC,Completed,SampleGen
PAY-4034e275-dbd9-497f-8528-4cd3c7ff7fe0,INV-4034e275-dbd9-497f-8528-4cd3c7ff7fe0,CID-377,2023-03-25,1848.68,VISA,Completed,SampleGen
PAY-0a23b6c6-0619-4eaf-aa8a-95bccd206ff8,INV-0a23b6c6-0619-4eaf-aa8a-95bccd206ff8,CID-377,2024-07-04,260.98,MC,Completed,SampleGen
PAY-e93f99e1-1a04-4ad8-b479-154906e875d3,INV-e93f99e1-1a04-4ad8-b479-154906e875d3,CID-377,2023-03-21,3240.68,AmEx,Completed,SampleGen
PAY-f25d9a9d-cf60-450a-9fc5-576bd7de4d80,INV-f25d9a9d-cf60-450a-9fc5-576bd7de4d80,CID-377,2022-05-29,1935.69,MC,Completed,SampleGen
PAY-2b1a9953-110e-4440-9783-935afac6ffcd,INV-2b1a9953-110e-4440-9783-935afac6ffcd,CID-377,2023-05-26,2718.69,VISA,Completed,SampleGen
PAY-f2be1ba3-f9c0-4c48-91eb-5efed1b08cc5,INV-f2be1ba3-f9c0-4c48-91eb-5efed1b08cc5,CID-378,2026-02-15,3305.94,AmEx,Completed,SampleGen
PAY-05732e20-ba1d-4585-ae35-5245835c9920,INV-05732e20-ba1d-4585-ae35-5245835c9920,CID-378,2026-08-30,924.34,AmEx,Completed,SampleGen
PAY-f163f3fa-4979-4a99-821f-d55340589656,INV-f163f3fa-4979-4a99-821f-d55340589656,CID-379,2025-03-06,1587.71,AmEx,Completed,SampleGen
PAY-87a93219-d501-46c2-876d-e0aaf2267cf1,INV-87a93219-d501-46c2-876d-e0aaf2267cf1,CID-379,2026-03-08,3218.92,PayPal,Completed,SampleGen
PAY-a5ad8300-aebf-420e-a9f7-1baec06d17a3,INV-a5ad8300-aebf-420e-a9f7-1baec06d17a3,CID-379,2023-02-21,978.74,AmEx,Completed,SampleGen
PAY-ea97e48c-2b93-4de4-86c6-51f6220db9f0,INV-ea97e48c-2b93-4de4-86c6-51f6220db9f0,CID-379,2022-05-28,1484.39,MC,Completed,SampleGen
PAY-f30a1828-5a30-4d85-9aa2-d97d05deb766,INV-f30a1828-5a30-4d85-9aa2-d97d05deb766,CID-379,2024-03-08,739.47,VISA,Completed,SampleGen
PAY-d7ada9af-93fc-432e-89e9-ff8339b4157e,INV-d7ada9af-93fc-432e-89e9-ff8339b4157e,CID-380,2026-10-30,3566.95,MC,Completed,SampleGen
PAY-d9a79019-51c6-4597-b356-44e15b71e97b,INV-d9a79019-51c6-4597-b356-44e15b71e97b,CID-380,2021-05-11,1130.96,MC,Completed,SampleGen
PAY-f056ecfc-3e66-4eb8-8612-14713e3948c3,INV-f056ecfc-3e66-4eb8-8612-14713e3948c3,CID-381,2022-04-06,598.11,VISA,Completed,SampleGen
PAY-14b02bb1-68ca-4704-bce5-eb69cee96c2e,INV-14b02bb1-68ca-4704-bce5-eb69cee96c2e,CID-381,2023-09-22,619.84,VISA,Completed,SampleGen
PAY-45fdfb6a-b4ee-44bd-ba59-5b1eb3a92317,INV-45fdfb6a-b4ee-44bd-ba59-5b1eb3a92317,CID-382,2021-09-19,3371.22,PayPal,Completed,SampleGen
PAY-ec51450a-58a5-42b6-8dd7-b202e17c136f,INV-ec51450a-58a5-42b6-8dd7-b202e17c136f,CID-382,2021-05-19,2348.93,Discover,Completed,SampleGen
PAY-d6e07ba8-7a3f-4a1b-aceb-f3fb0bb6aedf,INV-d6e07ba8-7a3f-4a1b-aceb-f3fb0bb6aedf,CID-383,2025-04-04,1489.83,VISA,Completed,SampleGen
PAY-2ebe9d03-1462-4812-b4d2-4de2bd2df108,INV-2ebe9d03-1462-4812-b4d2-4de2bd2df108,CID-384,2023-04-15,1261.43,VISA,Completed,SampleGen
PAY-c0acbbe0-f2d9-4eb1-9ff3-ccc587544526,INV-c0acbbe0-f2d9-4eb1-9ff3-ccc587544526,CID-384,2021-07-14,391.47,MC,Completed,SampleGen
PAY-c1b24e2f-49e9-4d9c-acfe-53a8a80683e4,INV-c1b24e2f-49e9-4d9c-acfe-53a8a80683e4,CID-384,2024-12-20,141.36,VISA,Completed,SampleGen
PAY-64d942c6-d52a-492f-995c-1752a057a3c3,INV-64d942c6-d52a-492f-995c-1752a057a3c3,CID-385,2025-04-01,1913.95,AmEx,Completed,SampleGen
PAY-b6e4fc8d-cd0d-4efa-a79d-a306eefbb9c6,INV-b6e4fc8d-cd0d-4efa-a79d-a306eefbb9c6,CID-385,2025-09-21,206.61,Discover,Completed,SampleGen
PAY-6c676ad5-5d2a-487c-9e0f-275f37307b56,INV-6c676ad5-5d2a-487c-9e0f-275f37307b56,CID-385,2026-08-05,826.46,MC,Completed,SampleGen
PAY-3e93d91b-bb53-4572-bbc3-533440101d90,INV-3e93d91b-bb53-4572-bbc3-533440101d90,CID-385,2024-02-07,5089.43,MC,Completed,SampleGen
PAY-c9045052-4b9f-46f2-8e42-11a99dd70ce8,INV-c9045052-4b9f-46f2-8e42-11a99dd70ce8,CID-385,2021-04-18,1576.84,MC,Completed,SampleGen
PAY-a7fd3099-453a-4232-8ab5-926a5b1f2ba7,INV-a7fd3099-453a-4232-8ab5-926a5b1f2ba7,CID-385,2021-06-19,3403.8,PayPal,Completed,SampleGen
PAY-276ca062-1730-4446-bee7-9583152de59e,INV-276ca062-1730-4446-bee7-9583152de59e,CID-385,2021-01-28,2022.71,MC,Completed,SampleGen
PAY-db448e31-4067-4e97-a341-439528218729,INV-db448e31-4067-4e97-a341-439528218729,CID-385,2024-05-07,2164.05,VISA,Completed,SampleGen
PAY-393de736-f30d-4191-aec4-2eb65e34da4e,INV-393de736-f30d-4191-aec4-2eb65e34da4e,CID-385,2024-07-17,380.59,Discover,Completed,SampleGen
PAY-80e58b7b-7d7c-40bd-9140-ada9ee6d2fe8,INV-80e58b7b-7d7c-40bd-9140-ada9ee6d2fe8,CID-386,2023-01-24,1848.73,VISA,Completed,SampleGen
PAY-7ca56215-8749-49c1-b1f2-84ae330ef3de,INV-7ca56215-8749-49c1-b1f2-84ae330ef3de,CID-386,2024-06-01,1522.45,VISA,Completed,SampleGen
PAY-77188111-ec1c-4379-91c2-a1533220ec15,INV-77188111-ec1c-4379-91c2-a1533220ec15,CID-386,2026-08-04,739.44,AmEx,Completed,SampleGen
PAY-a415f075-5fed-445a-b1b5-1d438a4f91b6,INV-a415f075-5fed-445a-b1b5-1d438a4f91b6,CID-386,2023-11-27,619.84,VISA,Completed,SampleGen
PAY-c4a03f53-142c-4867-813b-327662d8dcc0,INV-c4a03f53-142c-4867-813b-327662d8dcc0,CID-386,2023-05-06,337.1,VISA,Completed,SampleGen
PAY-781dffa0-a997-47f9-aeda-e54cad6bd310,INV-781dffa0-a997-47f9-aeda-e54cad6bd310,CID-387,2026-03-12,576.33,MC,Completed,SampleGen
PAY-9d7a0d86-dafb-45ae-bb2d-f5baf6d84bab,INV-9d7a0d86-dafb-45ae-bb2d-f5baf6d84bab,CID-387,2023-04-01,4023.71,AmEx,Completed,SampleGen
PAY-c6781fe1-9f1f-41b5-a768-a71285a515ca,INV-c6781fe1-9f1f-41b5-a768-a71285a515ca,CID-388,2022-04-29,3643.06,VISA,Completed,SampleGen
PAY-ee95adfd-105d-4c4b-abc6-bfd9e6456f9d,INV-ee95adfd-105d-4c4b-abc6-bfd9e6456f9d,CID-388,2025-11-06,1065.73,MC,Completed,SampleGen
PAY-5918256e-29f0-4225-87cc-088a5a8983ca,INV-5918256e-29f0-4225-87cc-088a5a8983ca,CID-389,2026-02-09,2827.48,AmEx,Completed,SampleGen
PAY-4822a5ac-65ac-4c00-9570-46c6cc346386,INV-4822a5ac-65ac-4c00-9570-46c6cc346386,CID-389,2026-03-30,652.46,VISA,Completed,SampleGen
PAY-9c43ee6d-3d88-4603-a390-52127af17129,INV-9c43ee6d-3d88-4603-a390-52127af17129,CID-389,2026-12-27,1903.1,AmEx,Completed,SampleGen
PAY-05ab1f1f-ef2b-427f-af0d-25b14bed73b7,INV-05ab1f1f-ef2b-427f-af0d-25b14bed73b7,CID-389,2021-01-18,1957.43,AmEx,Completed,SampleGen
PAY-df17d1d6-6a65-49b7-a502-306db8a03554,INV-df17d1d6-6a65-49b7-a502-306db8a03554,CID-389,2024-11-11,380.61,Discover,Completed,SampleGen
PAY-72f156dd-013c-428c-b944-8b26fce5f9c6,INV-72f156dd-013c-428c-b944-8b26fce5f9c6,CID-390,2021-08-08,674.21,AmEx,Completed,SampleGen
PAY-eb4725b7-a32a-4fb3-8085-3611a011fd8a,INV-eb4725b7-a32a-4fb3-8085-3611a011fd8a,CID-390,2021-07-01,543.72,AmEx,Completed,SampleGen
PAY-0283074d-e1b4-4ddd-a947-9cd4ce80c1b1,INV-0283074d-e1b4-4ddd-a947-9cd4ce80c1b1,CID-390,2021-04-28,65.24,PayPal,Completed,SampleGen
PAY-ddb372e9-9d8e-4c77-8ee4-39517a933917,INV-ddb372e9-9d8e-4c77-8ee4-39517a933917,CID-390,2024-06-15,413.21,VISA,Completed,SampleGen
PAY-41172055-224a-466e-8ec8-03a7453324b6,INV-41172055-224a-466e-8ec8-03a7453324b6,CID-390,2024-04-03,1348.45,MC,Completed,SampleGen
PAY-dc9a4376-f183-45be-8df9-fc13076c5318,INV-dc9a4376-f183-45be-8df9-fc13076c5318,CID-391,2026-03-13,1283.2,Discover,Completed,SampleGen
PAY-6a25266e-a150-4a9a-b3f0-d1c856c7c326,INV-6a25266e-a150-4a9a-b3f0-d1c856c7c326,CID-391,2026-07-26,2000.94,VISA,Completed,SampleGen
PAY-35f414fa-14bc-407a-9f19-c84d78cc290e,INV-35f414fa-14bc-407a-9f19-c84d78cc290e,CID-392,2026-03-07,1881.32,PayPal,Completed,SampleGen
PAY-72bc206c-8bc1-4047-9b80-b55643a67fed,INV-72bc206c-8bc1-4047-9b80-b55643a67fed,CID-393,2026-06-16,206.61,AmEx,Completed,SampleGen
PAY-2db25a9a-3340-42e6-b153-e78245d0d43b,INV-2db25a9a-3340-42e6-b153-e78245d0d43b,CID-393,2024-12-18,652.48,VISA,Completed,SampleGen
PAY-4728074a-f336-4cb7-8e3e-27411073f445,INV-4728074a-f336-4cb7-8e3e-27411073f445,CID-393,2026-04-05,130.49,VISA,Completed,SampleGen
PAY-6bb24286-759c-45ef-9d09-044518a601ee,INV-6bb24286-759c-45ef-9d09-044518a601ee,CID-393,2026-11-27,130.48,VISA,Completed,SampleGen
PAY-35a46863-742d-49fa-836f-6c05b2140abd,INV-35a46863-742d-49fa-836f-6c05b2140abd,CID-393,2025-03-08,1261.48,AmEx,Completed,SampleGen
PAY-45d76635-b84b-4075-96ed-40cd83d441b5,INV-45d76635-b84b-4075-96ed-40cd83d441b5,CID-393,2021-01-09,2566.45,AmEx,Completed,SampleGen
PAY-57a573a4-4733-4ba2-9e38-230be4169cfd,INV-57a573a4-4733-4ba2-9e38-230be4169cfd,CID-394,2022-08-18,347.97,VISA,Completed,SampleGen
PAY-efa791f9-f2c3-4162-979b-311fa5220edd,INV-efa791f9-f2c3-4162-979b-311fa5220edd,CID-394,2026-02-05,1196.23,VISA,Completed,SampleGen
PAY-f0245be4-bd25-475d-9f09-011a727e9f1e,INV-f0245be4-bd25-475d-9f09-011a727e9f1e,CID-394,2024-02-13,163.11,MC,Completed,SampleGen
PAY-65f8b976-1110-4d45-a5a8-f741506162fe,INV-65f8b976-1110-4d45-a5a8-f741506162fe,CID-394,2023-04-06,173.98,MC,Completed,SampleGen
PAY-7794fb8f-6a79-427f-b57c-60a506ece6b1,INV-7794fb8f-6a79-427f-b57c-60a506ece6b1,CID-395,2021-10-15,1413.73,PayPal,Completed,SampleGen
PAY-203a2378-f3d5-4c67-93a7-a972babe14a2,INV-203a2378-f3d5-4c67-93a7-a972babe14a2,CID-395,2023-11-29,1685.57,PayPal,Completed,SampleGen
PAY-89c18d27-10d5-4bad-b240-9c22599764b1,INV-89c18d27-10d5-4bad-b240-9c22599764b1,CID-396,2021-11-16,1913.93,PayPal,Completed,SampleGen
PAY-97c6ec35-5946-43ce-a933-df10647df2fb,INV-97c6ec35-5946-43ce-a933-df10647df2fb,CID-397,2025-08-24,967.84,PayPal,Completed,SampleGen
PAY-5102738a-5fa9-427d-b46d-a5b5edf4684d,INV-5102738a-5fa9-427d-b46d-a5b5edf4684d,CID-397,2026-08-11,260.98,VISA,Completed,SampleGen
PAY-6de22585-b433-44a3-b130-f987f47d1644,INV-6de22585-b433-44a3-b130-f987f47d1644,CID-397,2024-10-23,1065.73,Discover,Completed,SampleGen
PAY-2196845c-03f8-4062-a621-7862519b4871,INV-2196845c-03f8-4062-a621-7862519b4871,CID-397,2024-05-20,2805.7,AmEx,Completed,SampleGen
PAY-ea99218f-453f-4ec0-898c-54be30293c9a,INV-ea99218f-453f-4ec0-898c-54be30293c9a,CID-397,2026-01-25,2011.82,PayPal,Completed,SampleGen
PAY-f57cb5e3-a710-4fa2-abdd-494bd1fab15a,INV-f57cb5e3-a710-4fa2-abdd-494bd1fab15a,CID-398,2023-04-22,1413.74,Discover,Completed,SampleGen
PAY-5347653e-8c5e-4d97-82ab-f745a725f9ee,INV-5347653e-8c5e-4d97-82ab-f745a725f9ee,CID-398,2026-08-01,1065.71,AmEx,Completed,SampleGen
PAY-b692fe18-56aa-40ca-9312-51211b1f2fff,INV-b692fe18-56aa-40ca-9312-51211b1f2fff,CID-398,2023-12-07,500.22,VISA,Completed,SampleGen
PAY-19df81c5-4277-42e0-8585-d434774d86c3,INV-19df81c5-4277-42e0-8585-d434774d86c3,CID-399,2022-05-10,1261.48,AmEx,Completed,SampleGen
PAY-693d43b1-ee2a-48f4-a77a-8b55655c3000,INV-693d43b1-ee2a-48f4-a77a-8b55655c3000,CID-399,2026-06-04,576.33,AmEx,Completed,SampleGen
PAY-216d5f84-285b-43de-908b-0b91414a1bb3,INV-216d5f84-285b-43de-908b-0b91414a1bb3,CID-399,2024-05-18,630.74,VISA,Completed,SampleGen
PAY-6d4c6f16-052a-464f-aca2-40e24385849b,INV-6d4c6f16-052a-464f-aca2-40e24385849b,CID-399,2021-01-09,2827.48,MC,Completed,SampleGen
PAY-b4be451c-57ac-47ac-b775-28a3b99a207e,INV-b4be451c-57ac-47ac-b775-28a3b99a207e,CID-400,2025-04-28,1087.46,VISA,Completed,SampleGen
PAY-b23c28d7-72e7-4bbb-9c1f-b91d37e446b9,INV-b23c28d7-72e7-4bbb-9c1f-b91d37e446b9,CID-400,2026-03-05,304.47,AmEx,Completed,SampleGen
PAY-088d4194-b33e-4e84-b99e-c5e02c2ced02,INV-088d4194-b33e-4e84-b99e-c5e02c2ced02,CID-400,2023-07-29,652.48,VISA,Completed,SampleGen
PAY-681b8b21-1d13-4c04-87b5-26c69a1f1806,INV-681b8b21-1d13-4c04-87b5-26c69a1f1806,CID-400,2023-10-20,869.97,VISA,Completed,SampleGen
PAY-10bb5258-acc6-4d27-ac7f-5d20de63339d,INV-10bb5258-acc6-4d27-ac7f-5d20de63339d,CID-400,2023-06-01,706.83,VISA,Completed,SampleGen
PAY-0d43b240-49d0-485c-83db-db51e9f2cf74,INV-0d43b240-49d0-485c-83db-db51e9f2cf74,CID-401,2022-07-11,467.59,MC,Completed,SampleGen
PAY-7257e25d-dfb8-4e52-be1b-3c4e34c25aba,INV-7257e25d-dfb8-4e52-be1b-3c4e34c25aba,CID-402,2022-05-18,1033.09,Discover,Completed,SampleGen
PAY-710b5697-024b-4e4a-9aa5-74c2a951cb04,INV-710b5697-024b-4e4a-9aa5-74c2a951cb04,CID-402,2023-12-21,3838.81,AmEx,Completed,SampleGen
PAY-247b7d43-9e75-4dd1-b1f1-34dde22c69fa,INV-247b7d43-9e75-4dd1-b1f1-34dde22c69fa,CID-403,2024-04-21,2599.08,MC,Completed,SampleGen
PAY-8eac06c6-13a9-4f51-8563-a42ef8fd604d,INV-8eac06c6-13a9-4f51-8563-a42ef8fd604d,CID-404,2022-10-17,4067.18,PayPal,Completed,SampleGen
PAY-761fe916-b08c-42fe-9062-10919364054b,INV-761fe916-b08c-42fe-9062-10919364054b,CID-404,2022-10-16,1957.45,AmEx,Completed,SampleGen
PAY-1b5f5539-55c6-4b57-a7cd-2d47edae9000,INV-1b5f5539-55c6-4b57-a7cd-2d47edae9000,CID-404,2024-03-16,1185.34,MC,Completed,SampleGen
PAY-1bbd6bac-cfc3-4073-b6c6-36930156a47b,INV-1bbd6bac-cfc3-4073-b6c6-36930156a47b,CID-405,2022-03-31,608.96,MC,Completed,SampleGen
PAY-5112f21b-3461-4379-ae7e-e1362b11ce24,INV-5112f21b-3461-4379-ae7e-e1362b11ce24,CID-405,2025-10-28,630.73,VISA,Completed,SampleGen
PAY-ca512432-eddd-41a3-b4c0-f55cf0f41479,INV-ca512432-eddd-41a3-b4c0-f55cf0f41479,CID-405,2026-02-07,3534.31,VISA,Completed,SampleGen
PAY-6499dd21-2033-492a-8506-2876ae601925,INV-6499dd21-2033-492a-8506-2876ae601925,CID-406,2025-03-14,413.23,VISA,Completed,SampleGen
PAY-4118ef01-0c21-485c-a8a1-c0fd5d5a5ad1,INV-4118ef01-0c21-485c-a8a1-c0fd5d5a5ad1,CID-406,2024-08-03,1228.81,PayPal,Completed,SampleGen
PAY-4ff22745-f45c-4026-8fd2-9ac6c6d582e8,INV-4ff22745-f45c-4026-8fd2-9ac6c6d582e8,CID-406,2026-12-02,489.36,VISA,Completed,SampleGen
PAY-ccd999e8-1219-4e7a-9ef7-8e154507f5c9,INV-ccd999e8-1219-4e7a-9ef7-8e154507f5c9,CID-406,2021-01-06,1033.09,AmEx,Completed,SampleGen
PAY-dc0eb020-d491-45d4-87e3-61c8035ad033,INV-dc0eb020-d491-45d4-87e3-61c8035ad033,CID-406,2026-01-20,1413.72,MC,Completed,SampleGen
PAY-3da48e19-b10b-49fb-bf75-75c1a3aa0b6e,INV-3da48e19-b10b-49fb-bf75-75c1a3aa0b6e,CID-406,2026-05-21,967.8,MC,Completed,SampleGen
PAY-dc5a833b-a141-4df8-b340-6bce4f55a9fc,INV-dc5a833b-a141-4df8-b340-6bce4f55a9fc,CID-407,2024-08-21,358.84,VISA,Completed,SampleGen
PAY-e1e5e7c1-17ef-4a70-b375-a6bfbebfec28,INV-e1e5e7c1-17ef-4a70-b375-a6bfbebfec28,CID-407,2024-06-20,1326.69,VISA,Completed,SampleGen
PAY-dac0b30d-2ef6-4d9a-a65f-b2013b1aebef,INV-dac0b30d-2ef6-4d9a-a65f-b2013b1aebef,CID-408,2023-07-26,2664.34,AmEx,Completed,SampleGen
PAY-fd27c7da-f525-4d5a-a469-9ae0aa1bde53,INV-fd27c7da-f525-4d5a-a469-9ae0aa1bde53,CID-408,2023-03-14,1196.2,PayPal,Completed,SampleGen
PAY-ba2ce863-7323-45c8-a1f9-981adb28093a,INV-ba2ce863-7323-45c8-a1f9-981adb28093a,CID-408,2024-04-06,1468.09,VISA,Completed,SampleGen
PAY-77f0671a-f474-404c-94e9-9b17f03cb07a,INV-77f0671a-f474-404c-94e9-9b17f03cb07a,CID-408,2026-10-25,652.48,AmEx,Completed,SampleGen
PAY-a58442ea-50ab-4f8c-bb34-a0e31525371e,INV-a58442ea-50ab-4f8c-bb34-a0e31525371e,CID-409,2024-09-25,217.49,AmEx,Completed,SampleGen
PAY-b9d4cb3e-2c66-4a1f-a548-ee54507c965d,INV-b9d4cb3e-2c66-4a1f-a548-ee54507c965d,CID-409,2024-03-11,260.97,AmEx,Completed,SampleGen
PAY-6b43c1cb-0097-4de3-8807-a97a7b5a321b,INV-6b43c1cb-0097-4de3-8807-a97a7b5a321b,CID-410,2021-09-09,1913.93,VISA,Completed,SampleGen
PAY-2b07c66f-f329-46cc-984a-3cad30192485,INV-2b07c66f-f329-46cc-984a-3cad30192485,CID-410,2023-12-27,1826.95,MC,Completed,SampleGen
PAY-0240495c-905d-4812-8a48-e7584feff882,INV-0240495c-905d-4812-8a48-e7584feff882,CID-410,2023-04-15,5209.05,Discover,Completed,SampleGen
PAY-bca2bede-74ab-40e4-be12-2095faed6e87,INV-bca2bede-74ab-40e4-be12-2095faed6e87,CID-410,2023-02-17,2729.57,VISA,Completed,SampleGen
PAY-4838379d-9a5b-464e-9e66-cb9aad690fd7,INV-4838379d-9a5b-464e-9e66-cb9aad690fd7,CID-410,2022-07-07,413.19,VISA,Completed,SampleGen
PAY-2a72e1c4-55a2-40d1-86ae-2da3e6fa810c,INV-2a72e1c4-55a2-40d1-86ae-2da3e6fa810c,CID-410,2024-09-06,2240.18,Discover,Completed,SampleGen
PAY-79831392-4b99-4881-b88b-d6e7068293da,INV-79831392-4b99-4881-b88b-d6e7068293da,CID-410,2022-05-27,717.72,PayPal,Completed,SampleGen
PAY-12956f09-fa34-4b70-9eb2-8f936fa868a7,INV-12956f09-fa34-4b70-9eb2-8f936fa868a7,CID-411,2021-02-07,3719.2,MC,Completed,SampleGen
PAY-5a789b5d-5d90-42ea-8336-de18833a2345,INV-5a789b5d-5d90-42ea-8336-de18833a2345,CID-411,2021-02-05,1565.96,VISA,Completed,SampleGen
PAY-9f385c79-fc64-4283-8ceb-a6a0f87e311a,INV-9f385c79-fc64-4283-8ceb-a6a0f87e311a,CID-411,2024-12-16,978.74,VISA,Completed,SampleGen
PAY-22aab0c4-c5b3-4ffc-80b8-17db33fde6ba,INV-22aab0c4-c5b3-4ffc-80b8-17db33fde6ba,CID-411,2025-01-02,1500.69,VISA,Completed,SampleGen
PAY-7a2667f2-0915-4320-aeb5-96402276423a,INV-7a2667f2-0915-4320-aeb5-96402276423a,CID-412,2021-08-10,2229.34,VISA,Completed,SampleGen
PAY-72a21ac0-8a9e-468d-a9d0-f9289b98e912,INV-72a21ac0-8a9e-468d-a9d0-f9289b98e912,CID-413,2024-11-12,772.1,VISA,Completed,SampleGen
PAY-7fa0f8c3-0a94-4a8e-8b34-f8595c977d14,INV-7fa0f8c3-0a94-4a8e-8b34-f8595c977d14,CID-414,2024-09-21,761.23,PayPal,Completed,SampleGen
PAY-556fe51f-e7b1-476d-a782-13f7b10d85e4,INV-556fe51f-e7b1-476d-a782-13f7b10d85e4,CID-414,2025-08-30,1935.69,AmEx,Completed,SampleGen
PAY-0d086c6c-8a18-40c8-9ce8-dfec037a509b,INV-0d086c6c-8a18-40c8-9ce8-dfec037a509b,CID-415,2023-06-21,706.86,VISA,Completed,SampleGen
PAY-6df865b4-6c3d-4f46-b375-c2b05da0f834,INV-6df865b4-6c3d-4f46-b375-c2b05da0f834,CID-415,2026-07-09,3904.07,MC,Completed,SampleGen
PAY-c3db667f-3c59-4751-8931-168bd5c12d38,INV-c3db667f-3c59-4751-8931-168bd5c12d38,CID-415,2023-02-22,2479.46,AmEx,Completed,SampleGen
PAY-ec58136b-0db0-4c7e-a7d3-37f604950f67,INV-ec58136b-0db0-4c7e-a7d3-37f604950f67,CID-416,2026-12-29,2218.45,AmEx,Completed,SampleGen
PAY-9737ca62-3dbb-4188-bccd-ae894aaec3c0,INV-9737ca62-3dbb-4188-bccd-ae894aaec3c0,CID-416,2025-01-21,108.74,PayPal,Completed,SampleGen
PAY-632d1c3b-0db8-4e4d-9b04-53497be1e332,INV-632d1c3b-0db8-4e4d-9b04-53497be1e332,CID-416,2021-06-05,1120.06,VISA,Completed,SampleGen
PAY-bdd7a74c-411e-4384-80ca-ff7cf16f786c,INV-bdd7a74c-411e-4384-80ca-ff7cf16f786c,CID-416,2025-12-27,1391.96,PayPal,Completed,SampleGen
PAY-47acac44-8c06-46b2-86f9-f5bab0618ec6,INV-47acac44-8c06-46b2-86f9-f5bab0618ec6,CID-417,2025-10-08,326.23,VISA,Completed,SampleGen
PAY-fe363606-ac82-4647-a794-c93a762213c4,INV-fe363606-ac82-4647-a794-c93a762213c4,CID-418,2023-03-18,3414.69,MC,Completed,SampleGen
PAY-85ab3496-71e8-4299-ac99-2cd03a6c8f3b,INV-85ab3496-71e8-4299-ac99-2cd03a6c8f3b,CID-419,2021-10-04,2098.8,MC,Completed,SampleGen
PAY-8dab80d6-9c42-4442-8f1b-e8af6d8168f6,INV-8dab80d6-9c42-4442-8f1b-e8af6d8168f6,CID-419,2025-10-14,3490.82,AmEx,Completed,SampleGen
PAY-651869b8-db8f-4a9c-b7cf-f78e7ae600bb,INV-651869b8-db8f-4a9c-b7cf-f78e7ae600bb,CID-419,2022-07-10,1000.44,Discover,Completed,SampleGen
PAY-4a0ba11f-ac4f-46d5-b4bb-0d6970318f69,INV-4a0ba11f-ac4f-46d5-b4bb-0d6970318f69,CID-419,2025-03-15,902.6,VISA,Completed,SampleGen
PAY-59aa9a79-e2ee-43cb-8860-e96eadad6589,INV-59aa9a79-e2ee-43cb-8860-e96eadad6589,CID-420,2026-02-22,326.24,MC,Completed,SampleGen
PAY-90755530-347e-45c2-b13b-70dc95af9084,INV-90755530-347e-45c2-b13b-70dc95af9084,CID-420,2022-12-24,1957.44,MC,Completed,SampleGen
PAY-0607ded1-cd29-41e1-b852-4462297aaef5,INV-0607ded1-cd29-41e1-b852-4462297aaef5,CID-420,2024-10-21,2229.34,MC,Completed,SampleGen
PAY-f41fc89b-34fc-4c63-a344-fc8e9b3c9c54,INV-f41fc89b-34fc-4c63-a344-fc8e9b3c9c54,CID-420,2026-10-31,706.86,AmEx,Completed,SampleGen
PAY-3e4f7d6d-b56d-4674-ab72-c28cf328f0b6,INV-3e4f7d6d-b56d-4674-ab72-c28cf328f0b6,CID-420,2024-01-07,2501.18,VISA,Completed,SampleGen
PAY-c88409c4-dcfc-435f-8318-f422acba1853,INV-c88409c4-dcfc-435f-8318-f422acba1853,CID-420,2022-05-09,641.58,Discover,Completed,SampleGen
PAY-d55edb57-4000-4cd2-8911-45add887fcee,INV-d55edb57-4000-4cd2-8911-45add887fcee,CID-420,2023-04-28,1196.19,VISA,Completed,SampleGen
PAY-7664d516-0dac-4fc4-8035-a1bf36dfc598,INV-7664d516-0dac-4fc4-8035-a1bf36dfc598,CID-420,2026-05-05,706.86,AmEx,Completed,SampleGen
PAY-7fd882f2-e0e7-4120-999c-7e4d3f98d69b,INV-7fd882f2-e0e7-4120-999c-7e4d3f98d69b,CID-420,2025-09-18,598.11,Discover,Completed,SampleGen
PAY-c805b5cb-eadb-4d9b-ab49-cea82dfdf81e,INV-c805b5cb-eadb-4d9b-ab49-cea82dfdf81e,CID-420,2024-09-08,2827.46,AmEx,Completed,SampleGen
PAY-30139830-c96b-4b99-bcfd-afa4f1586fd5,INV-30139830-c96b-4b99-bcfd-afa4f1586fd5,CID-420,2022-05-18,2327.18,AmEx,Completed,SampleGen
PAY-a938f924-1119-4d8e-9df9-df8452c2fa54,INV-a938f924-1119-4d8e-9df9-df8452c2fa54,CID-421,2021-04-25,2011.81,AmEx,Completed,SampleGen
PAY-ac8a0ad6-3854-4f89-95c3-47aedcc3f30d,INV-ac8a0ad6-3854-4f89-95c3-47aedcc3f30d,CID-421,2025-10-19,445.83,MC,Completed,SampleGen
PAY-a8c38206-00c5-4821-bf85-8a6948efd921,INV-a8c38206-00c5-4821-bf85-8a6948efd921,CID-421,2026-07-05,1587.71,VISA,Completed,SampleGen
PAY-07d8e4d5-4e81-42ab-89b3-4e284f4b5522,INV-07d8e4d5-4e81-42ab-89b3-4e284f4b5522,CID-421,2024-06-08,2011.84,VISA,Completed,SampleGen
PAY-892e2b25-c2c7-47f1-b3bb-15a3cc549860,INV-892e2b25-c2c7-47f1-b3bb-15a3cc549860,CID-422,2024-01-27,2827.48,PayPal,Completed,SampleGen
PAY-d094c053-2dc4-4685-bdc7-145a46004320,INV-d094c053-2dc4-4685-bdc7-145a46004320,CID-422,2021-04-18,1033.06,MC,Completed,SampleGen
PAY-14320bfe-6920-46ba-80ca-6065fcaa3129,INV-14320bfe-6920-46ba-80ca-6065fcaa3129,CID-422,2022-10-16,1478.93,VISA,Completed,SampleGen
PAY-86b715bd-6d73-4235-bccf-3111d5265521,INV-86b715bd-6d73-4235-bccf-3111d5265521,CID-422,2022-10-10,434.98,VISA,Completed,SampleGen
PAY-6ea1dd0a-c72e-4f78-a483-56743b935e54,INV-6ea1dd0a-c72e-4f78-a483-56743b935e54,CID-423,2022-04-19,293.6,MC,Completed,SampleGen
PAY-9c86b7f0-30c1-4caf-ba71-d0793efb0c73,INV-9c86b7f0-30c1-4caf-ba71-d0793efb0c73,CID-424,2026-07-13,641.57,MC,Completed,SampleGen
PAY-8703db23-da9b-4a94-b056-754960ebc0e5,INV-8703db23-da9b-4a94-b056-754960ebc0e5,CID-425,2026-04-14,1881.31,AmEx,Completed,SampleGen
PAY-0b27371c-59b3-4adf-978a-84c533f2b56b,INV-0b27371c-59b3-4adf-978a-84c533f2b56b,CID-425,2022-01-20,978.74,MC,Completed,SampleGen
PAY-9dc934fb-bf35-4051-9c95-90b6d40e5433,INV-9dc934fb-bf35-4051-9c95-90b6d40e5433,CID-425,2024-12-08,1304.97,MC,Completed,SampleGen
PAY-c8c59f58-a349-4dee-bc73-4d98d963229f,INV-c8c59f58-a349-4dee-bc73-4d98d963229f,CID-425,2022-09-12,1076.59,MC,Completed,SampleGen
PAY-eb88114f-c909-4f40-b025-aa3622a297e1,INV-eb88114f-c909-4f40-b025-aa3622a297e1,CID-426,2022-10-25,1707.33,MC,Completed,SampleGen
PAY-66788d43-0da6-48f9-97e5-ab4ea7b0f20f,INV-66788d43-0da6-48f9-97e5-ab4ea7b0f20f,CID-427,2024-06-10,2620.8,Discover,Completed,SampleGen
PAY-c5a68f46-3ca1-41a7-a8f2-553b8d1ee5c4,INV-c5a68f46-3ca1-41a7-a8f2-553b8d1ee5c4,CID-427,2023-09-21,130.49,PayPal,Completed,SampleGen
PAY-1f0997ca-1975-4376-8709-5b993880a391,INV-1f0997ca-1975-4376-8709-5b993880a391,CID-427,2023-03-30,3382.05,Discover,Completed,SampleGen
PAY-14821816-1f79-4e2c-8417-7f17c1211d6b,INV-14821816-1f79-4e2c-8417-7f17c1211d6b,CID-427,2025-09-06,2207.59,Discover,Completed,SampleGen
PAY-6ed961a5-41be-4433-a7e3-9076cb39a319,INV-6ed961a5-41be-4433-a7e3-9076cb39a319,CID-428,2026-08-04,652.48,VISA,Completed,SampleGen
PAY-915fa5c1-4b0b-40dc-8bbf-b1619e142fff,INV-915fa5c1-4b0b-40dc-8bbf-b1619e142fff,CID-428,2025-06-04,674.2,MC,Completed,SampleGen
PAY-da66dd73-b9dc-44c5-8d63-36313932c283,INV-da66dd73-b9dc-44c5-8d63-36313932c283,CID-429,2022-06-24,1174.46,MC,Completed,SampleGen
PAY-c45d7d4d-ef12-45a6-9eed-8a8b706a3fd4,INV-c45d7d4d-ef12-45a6-9eed-8a8b706a3fd4,CID-429,2022-05-03,543.73,PayPal,Completed,SampleGen
PAY-0ec8edb3-aa9b-4a50-9c78-1b33c165e1bf,INV-0ec8edb3-aa9b-4a50-9c78-1b33c165e1bf,CID-429,2023-01-06,342.53,VISA,Completed,SampleGen
PAY-6f13f0ab-a2da-4736-abd9-8272941c840c,INV-6f13f0ab-a2da-4736-abd9-8272941c840c,CID-430,2022-07-01,250.08,VISA,Completed,SampleGen
PAY-d578255e-1cb0-46f2-95b6-ef03168a8fd9,INV-d578255e-1cb0-46f2-95b6-ef03168a8fd9,CID-430,2023-11-29,4523.93,MC,Completed,SampleGen
PAY-51a66989-4225-4a4a-b8fe-9fbd820f6ab8,INV-51a66989-4225-4a4a-b8fe-9fbd820f6ab8,CID-430,2024-04-17,1087.47,AmEx,Completed,SampleGen
PAY-a3733c41-cf35-4113-9c96-45d72c3bd7c4,INV-a3733c41-cf35-4113-9c96-45d72c3bd7c4,CID-430,2022-09-20,978.73,MC,Completed,SampleGen
PAY-cd079deb-b92d-4102-95e2-71eb434c7ec2,INV-cd079deb-b92d-4102-95e2-71eb434c7ec2,CID-431,2022-12-27,141.36,AmEx,Completed,SampleGen
PAY-cbc3cf6c-b659-46c5-a25d-d3e06eef2098,INV-cbc3cf6c-b659-46c5-a25d-d3e06eef2098,CID-431,2026-05-29,1217.94,AmEx,Completed,SampleGen
PAY-3feed7fd-eed3-4002-8a66-ba83b4265e91,INV-3feed7fd-eed3-4002-8a66-ba83b4265e91,CID-431,2025-02-23,2952.5,VISA,Completed,SampleGen
PAY-bfc1bc2d-f45c-4960-9f0d-b15ab831022a,INV-bfc1bc2d-f45c-4960-9f0d-b15ab831022a,CID-432,2025-12-28,1391.93,VISA,Completed,SampleGen
PAY-4b9b8991-0a14-49dc-960c-591782ec7df0,INV-4b9b8991-0a14-49dc-960c-591782ec7df0,CID-432,2024-01-05,1957.44,Discover,Completed,SampleGen
PAY-a5d5aecf-f7dd-4e10-8e46-e2f23159bb60,INV-a5d5aecf-f7dd-4e10-8e46-e2f23159bb60,CID-432,2021-08-16,891.7,VISA,Completed,SampleGen
PAY-6190f0de-1e98-4ca0-8206-f1c6c5cbaf0b,INV-6190f0de-1e98-4ca0-8206-f1c6c5cbaf0b,CID-433,2024-02-17,2338.08,MC,Completed,SampleGen
PAY-bf618a42-bb7f-49f1-8bc8-3e0059262567,INV-bf618a42-bb7f-49f1-8bc8-3e0059262567,CID-434,2023-03-29,1555.08,VISA,Completed,SampleGen
PAY-738da7f4-d93e-420c-95d5-0e963c977e76,INV-738da7f4-d93e-420c-95d5-0e963c977e76,CID-434,2022-08-08,3925.8,Discover,Completed,SampleGen
PAY-1a026e05-4e1f-44b7-acc6-45ae0ce8956f,INV-1a026e05-4e1f-44b7-acc6-45ae0ce8956f,CID-435,2024-08-09,1033.07,PayPal,Completed,SampleGen
PAY-b7d28ffc-9625-4ab9-84d6-d002690a3704,INV-b7d28ffc-9625-4ab9-84d6-d002690a3704,CID-435,2023-03-15,4219.44,MC,Completed,SampleGen
PAY-443288bc-f492-4573-8d0d-fa3f49e12068,INV-443288bc-f492-4573-8d0d-fa3f49e12068,CID-435,2026-05-29,1826.97,AmEx,Completed,SampleGen
PAY-7873e762-46ec-448a-a4be-3fc23caa501e,INV-7873e762-46ec-448a-a4be-3fc23caa501e,CID-435,2025-12-13,5828.93,MC,Completed,SampleGen
PAY-2f24412d-b224-4024-986c-d6f2dd3db4a5,INV-2f24412d-b224-4024-986c-d6f2dd3db4a5,CID-436,2023-04-21,1468.07,MC,Completed,SampleGen
PAY-3d1c8165-0262-46aa-8f2b-23c1240eec7c,INV-3d1c8165-0262-46aa-8f2b-23c1240eec7c,CID-436,2026-04-25,1130.96,VISA,Completed,SampleGen
PAY-456ad5eb-3e93-4311-a3d2-b412bbcb3d8d,INV-456ad5eb-3e93-4311-a3d2-b412bbcb3d8d,CID-436,2026-01-12,445.84,AmEx,Completed,SampleGen
PAY-13ed478a-cb6c-4a3e-bf97-325f2f3abc4b,INV-13ed478a-cb6c-4a3e-bf97-325f2f3abc4b,CID-436,2023-05-26,380.61,VISA,Completed,SampleGen
PAY-cc88cb7d-ca74-41fd-8689-66c3fb6161fa,INV-cc88cb7d-ca74-41fd-8689-66c3fb6161fa,CID-436,2025-11-27,1245.15,MC,Completed,SampleGen
PAY-6445c020-e97b-4eab-84a2-6b5b9881ff91,INV-6445c020-e97b-4eab-84a2-6b5b9881ff91,CID-437,2026-08-26,1163.57,VISA,Completed,SampleGen
PAY-ac18a4c8-3404-4c61-87b3-c6820b0f9e85,INV-ac18a4c8-3404-4c61-87b3-c6820b0f9e85,CID-437,2024-04-01,1000.44,VISA,Completed,SampleGen
PAY-524dc653-81d4-4ec7-827e-03b0882ea701,INV-524dc653-81d4-4ec7-827e-03b0882ea701,CID-437,2025-06-04,1826.97,PayPal,Completed,SampleGen
PAY-e2b397e4-d651-4357-a6a7-76932c1da285,INV-e2b397e4-d651-4357-a6a7-76932c1da285,CID-438,2024-01-23,598.11,Discover,Completed,SampleGen
PAY-65701516-f67b-4120-999f-1e870941f998,INV-65701516-f67b-4120-999f-1e870941f998,CID-438,2022-06-16,3349.43,PayPal,Completed,SampleGen
PAY-5c7a48c9-25b1-4d84-8e08-d63cd0839388,INV-5c7a48c9-25b1-4d84-8e08-d63cd0839388,CID-438,2025-03-13,86.99,VISA,Completed,SampleGen
PAY-96138c69-6b62-4b53-ade9-049906efe4bf,INV-96138c69-6b62-4b53-ade9-049906efe4bf,CID-438,2026-10-25,3458.21,MC,Completed,SampleGen
PAY-a9744e72-27fe-4189-93d9-259df1b6e3f3,INV-a9744e72-27fe-4189-93d9-259df1b6e3f3,CID-438,2025-05-05,1620.35,MC,Completed,SampleGen
PAY-cd3250ea-7379-4fe0-bd29-94e4109ec7c5,INV-cd3250ea-7379-4fe0-bd29-94e4109ec7c5,CID-438,2024-01-03,163.11,MC,Completed,SampleGen
PAY-4713ba3c-fc96-4736-bebf-f9962b549625,INV-4713ba3c-fc96-4736-bebf-f9962b549625,CID-438,2023-03-21,859.08,MC,Completed,SampleGen
PAY-16810211-2fc4-4dfb-b4c4-8730afac57e4,INV-16810211-2fc4-4dfb-b4c4-8730afac57e4,CID-439,2021-04-23,2283.71,VISA,Completed,SampleGen
PAY-511772b5-d3c5-45b4-8cfc-df18b13b73a7,INV-511772b5-d3c5-45b4-8cfc-df18b13b73a7,CID-439,2022-06-18,793.85,MC,Completed,SampleGen
PAY-3caf2e1e-9908-41b6-b1d3-1ff6cfd94501,INV-3caf2e1e-9908-41b6-b1d3-1ff6cfd94501,CID-439,2024-10-02,108.74,MC,Completed,SampleGen
PAY-ab1e8e3e-839a-43dd-914f-331c771788b9,INV-ab1e8e3e-839a-43dd-914f-331c771788b9,CID-439,2026-01-31,413.23,AmEx,Completed,SampleGen
PAY-aee5d12b-52af-469a-8783-5e528e9f20d4,INV-aee5d12b-52af-469a-8783-5e528e9f20d4,CID-440,2023-03-20,1326.72,MC,Completed,SampleGen
PAY-afaf932c-4e89-4649-a021-3deef4c858de,INV-afaf932c-4e89-4649-a021-3deef4c858de,CID-440,2025-10-23,1478.95,AmEx,Completed,SampleGen
PAY-c6370daa-fb5f-46d0-9178-fca889a1e0e0,INV-c6370daa-fb5f-46d0-9178-fca889a1e0e0,CID-441,2026-03-13,2512.05,MC,Completed,SampleGen
PAY-8b79a92a-207e-4068-9626-f0a21a9bf902,INV-8b79a92a-207e-4068-9626-f0a21a9bf902,CID-441,2024-02-06,5219.94,MC,Completed,SampleGen
PAY-c3cb1be7-ce02-475a-bd01-29e6b23d7552,INV-c3cb1be7-ce02-475a-bd01-29e6b23d7552,CID-441,2025-02-05,543.73,MC,Completed,SampleGen
PAY-bc809da5-98f5-40fa-ae2b-37afa682d506,INV-bc809da5-98f5-40fa-ae2b-37afa682d506,CID-441,2026-06-06,869.99,AmEx,Completed,SampleGen
PAY-8be74bd7-e4c6-4fcc-801b-2c08c1eb6ded,INV-8be74bd7-e4c6-4fcc-801b-2c08c1eb6ded,CID-441,2021-04-28,380.59,MC,Completed,SampleGen
PAY-0079785e-8f40-4e32-91e0-da6a0e332336,INV-0079785e-8f40-4e32-91e0-da6a0e332336,CID-441,2025-11-21,2827.48,AmEx,Completed,SampleGen
PAY-bd0381fa-8dca-43a9-b20a-af2b9b540f74,INV-bd0381fa-8dca-43a9-b20a-af2b9b540f74,CID-441,2026-09-16,130.49,MC,Completed,SampleGen
PAY-1757a0ce-7e81-4140-8cf3-ae4cff65bbad,INV-1757a0ce-7e81-4140-8cf3-ae4cff65bbad,CID-442,2023-09-13,1413.73,PayPal,Completed,SampleGen
PAY-d02363ee-0442-4d02-b22f-ea45e87d1dbb,INV-d02363ee-0442-4d02-b22f-ea45e87d1dbb,CID-442,2022-09-25,2457.69,PayPal,Completed,SampleGen
PAY-4c66d436-0006-4f93-8dde-57326d6d12f8,INV-4c66d436-0006-4f93-8dde-57326d6d12f8,CID-443,2026-01-13,2675.22,MC,Completed,SampleGen
PAY-a3545f5e-d4bb-4b6a-8dbc-59774cce0fd9,INV-a3545f5e-d4bb-4b6a-8dbc-59774cce0fd9,CID-444,2024-06-27,380.59,PayPal,Completed,SampleGen
PAY-5ecd734c-a4ef-462c-a730-f6be539c96ea,INV-5ecd734c-a4ef-462c-a730-f6be539c96ea,CID-444,2026-09-08,1652.96,VISA,Completed,SampleGen
PAY-c08aee97-1ee9-471e-b13b-2ce0f44b5caf,INV-c08aee97-1ee9-471e-b13b-2ce0f44b5caf,CID-444,2023-01-17,2011.85,AmEx,Completed,SampleGen
PAY-cef964a4-517f-4cff-9386-7263df82c519,INV-cef964a4-517f-4cff-9386-7263df82c519,CID-445,2022-09-14,2218.46,VISA,Completed,SampleGen
PAY-edda2381-0494-46b2-a4bd-aa223fc2f64a,INV-edda2381-0494-46b2-a4bd-aa223fc2f64a,CID-445,2026-12-19,1544.19,AmEx,Completed,SampleGen
PAY-5379caeb-0292-491a-a909-82627c384ef2,INV-5379caeb-0292-491a-a909-82627c384ef2,CID-446,2023-12-02,434.99,Discover,Completed,SampleGen
PAY-53a0f1f0-1352-4a02-821d-509e3775dc5f,INV-53a0f1f0-1352-4a02-821d-509e3775dc5f,CID-446,2026-01-02,217.49,VISA,Completed,SampleGen
PAY-d95c2741-5631-4a33-a225-13ef355458b3,INV-d95c2741-5631-4a33-a225-13ef355458b3,CID-447,2026-05-05,1576.84,Discover,Completed,SampleGen
PAY-6e3a1bfd-591d-46cd-bfb5-ea592d96607e,INV-6e3a1bfd-591d-46cd-bfb5-ea592d96607e,CID-448,2023-06-08,2381.57,Discover,Completed,SampleGen
PAY-6f80263a-9efc-45cd-a818-cbee676b06bd,INV-6f80263a-9efc-45cd-a818-cbee676b06bd,CID-448,2021-05-10,2218.44,Discover,Completed,SampleGen
PAY-012e8f27-12a5-4d02-90f1-bcbe10c0821e,INV-012e8f27-12a5-4d02-90f1-bcbe10c0821e,CID-449,2023-05-02,326.24,VISA,Completed,SampleGen
PAY-a2826b0a-9243-4958-9755-c9abd4a5cbb6,INV-a2826b0a-9243-4958-9755-c9abd4a5cbb6,CID-449,2025-12-28,2522.96,MC,Completed,SampleGen
PAY-63bfc847-010b-4b4c-805a-d798c87899d6,INV-63bfc847-010b-4b4c-805a-d798c87899d6,CID-450,2026-07-23,891.71,MC,Completed,SampleGen
PAY-a21ec207-6f97-46d1-b8e3-85108d08e452,INV-a21ec207-6f97-46d1-b8e3-85108d08e452,CID-450,2021-05-21,543.73,AmEx,Completed,SampleGen
PAY-04603165-bbd2-48af-82d0-bdba64466cca,INV-04603165-bbd2-48af-82d0-bdba64466cca,CID-451,2021-05-15,761.22,VISA,Completed,SampleGen
PAY-4677e9d1-03c2-4ab7-a9fe-abf4ef6b46dc,INV-4677e9d1-03c2-4ab7-a9fe-abf4ef6b46dc,CID-451,2024-03-05,1239.68,VISA,Completed,SampleGen
PAY-95edd617-0574-45d7-abf5-53342a73619d,INV-95edd617-0574-45d7-abf5-53342a73619d,CID-451,2023-02-02,2120.57,AmEx,Completed,SampleGen
PAY-689aa82c-9c49-449f-8ad4-12092f34a177,INV-689aa82c-9c49-449f-8ad4-12092f34a177,CID-451,2021-03-21,1826.97,Discover,Completed,SampleGen
PAY-b0125f89-6528-487c-9a15-294b79e48f5b,INV-b0125f89-6528-487c-9a15-294b79e48f5b,CID-451,2022-08-31,467.59,PayPal,Completed,SampleGen
PAY-c2b1727a-42a8-421e-83ae-36bac50dd484,INV-c2b1727a-42a8-421e-83ae-36bac50dd484,CID-452,2023-06-06,608.95,VISA,Completed,SampleGen
PAY-0fc1b249-05ca-4e51-a5af-3a0a7f4e7c7d,INV-0fc1b249-05ca-4e51-a5af-3a0a7f4e7c7d,CID-452,2021-12-07,326.24,Discover,Completed,SampleGen
PAY-4e25320c-2d67-4e87-98d2-9661076f8326,INV-4e25320c-2d67-4e87-98d2-9661076f8326,CID-453,2021-09-08,2000.94,AmEx,Completed,SampleGen
PAY-b12fc1fb-c330-49a2-bd4e-51934f188e67,INV-b12fc1fb-c330-49a2-bd4e-51934f188e67,CID-453,2023-11-04,1674.7,VISA,Completed,SampleGen
PAY-d15588a7-dbad-45a3-8c5e-8cbc65ca7893,INV-d15588a7-dbad-45a3-8c5e-8cbc65ca7893,CID-454,2024-10-07,2066.18,PayPal,Completed,SampleGen
PAY-11999100-edbb-4211-bfd2-fdf5f0f28102,INV-11999100-edbb-4211-bfd2-fdf5f0f28102,CID-454,2021-04-26,989.56,PayPal,Completed,SampleGen
PAY-20218279-71c2-4755-a7f7-b4b893dd9595,INV-20218279-71c2-4755-a7f7-b4b893dd9595,CID-455,2021-07-23,598.08,MC,Completed,SampleGen
PAY-6355d824-5077-4f0c-95b5-1581d37b4d76,INV-6355d824-5077-4f0c-95b5-1581d37b4d76,CID-455,2021-04-20,1913.93,VISA,Completed,SampleGen
PAY-3e802750-2c67-4b25-bfda-3dde957ede47,INV-3e802750-2c67-4b25-bfda-3dde957ede47,CID-456,2024-04-09,1598.58,VISA,Completed,SampleGen
PAY-2500356d-6526-4dd4-bff9-9fbf67012424,INV-2500356d-6526-4dd4-bff9-9fbf67012424,CID-456,2024-11-06,1000.47,AmEx,Completed,SampleGen
PAY-5190ce7f-19df-4696-9c9c-f3df55b41f4f,INV-5190ce7f-19df-4696-9c9c-f3df55b41f4f,CID-457,2021-12-09,3806.21,MC,Completed,SampleGen
PAY-88302661-db34-4229-a373-90c96e9cf8d1,INV-88302661-db34-4229-a373-90c96e9cf8d1,CID-457,2025-12-02,2827.46,VISA,Completed,SampleGen
PAY-c4b597c7-2da9-4599-83d5-0b1531a300c9,INV-c4b597c7-2da9-4599-83d5-0b1531a300c9,CID-457,2026-07-18,380.59,AmEx,Completed,SampleGen
PAY-136c272d-c124-4d36-a136-f28b2b06ffe4,INV-136c272d-c124-4d36-a136-f28b2b06ffe4,CID-457,2026-05-03,1761.7,MC,Completed,SampleGen
PAY-2b3aefba-9997-4c3d-aafd-001393119904,INV-2b3aefba-9997-4c3d-aafd-001393119904,CID-458,2021-10-20,1685.57,VISA,Completed,SampleGen
PAY-573cafe8-c84f-4b7d-9050-883b4d37e598,INV-573cafe8-c84f-4b7d-9050-883b4d37e598,CID-458,2023-10-14,1304.96,VISA,Completed,SampleGen
PAY-796b1c34-3fe3-496a-bae4-540464a026bd,INV-796b1c34-3fe3-496a-bae4-540464a026bd,CID-459,2026-11-12,1413.74,Discover,Completed,SampleGen
PAY-fe468019-68b5-4860-a5d3-9e03bc8c63ed,INV-fe468019-68b5-4860-a5d3-9e03bc8c63ed,CID-459,2022-06-19,2827.45,VISA,Completed,SampleGen
PAY-2c73490d-a243-4af0-92b6-6de592e44579,INV-2c73490d-a243-4af0-92b6-6de592e44579,CID-459,2021-07-17,1609.46,VISA,Completed,SampleGen
PAY-f302d76b-76d7-4f45-a652-7471526c25ff,INV-f302d76b-76d7-4f45-a652-7471526c25ff,CID-460,2025-04-16,413.23,VISA,Completed,SampleGen
PAY-370beafd-2662-43a1-9633-d3d5c5beab88,INV-370beafd-2662-43a1-9633-d3d5c5beab88,CID-460,2026-01-23,1522.46,AmEx,Completed,SampleGen
PAY-25e3ee42-39b6-478b-8dc9-007aa612dc5f,INV-25e3ee42-39b6-478b-8dc9-007aa612dc5f,CID-460,2022-10-02,6394.43,AmEx,Completed,SampleGen
PAY-ba0bca52-eb70-40c8-b132-396788799d74,INV-ba0bca52-eb70-40c8-b132-396788799d74,CID-461,2025-05-25,173.98,AmEx,Completed,SampleGen
PAY-e4215d3b-5d30-41a7-af8f-63f9b019ed7f,INV-e4215d3b-5d30-41a7-af8f-63f9b019ed7f,CID-461,2023-10-21,1413.69,MC,Completed,SampleGen
PAY-ed315a74-fdb1-40dc-aa6a-2f6ff2db5748,INV-ed315a74-fdb1-40dc-aa6a-2f6ff2db5748,CID-462,2021-09-02,663.34,PayPal,Completed,SampleGen
PAY-4ffb1c01-1ab5-4a9d-98ca-a5f3e7100b14,INV-4ffb1c01-1ab5-4a9d-98ca-a5f3e7100b14,CID-463,2021-05-09,413.23,AmEx,Completed,SampleGen
PAY-a793827c-0625-45d3-bcc9-9169978feb3f,INV-a793827c-0625-45d3-bcc9-9169978feb3f,CID-463,2023-07-23,2501.21,AmEx,Completed,SampleGen
PAY-3400d9cf-42fe-4a96-a821-293bb63f819f,INV-3400d9cf-42fe-4a96-a821-293bb63f819f,CID-464,2023-03-07,956.96,VISA,Completed,SampleGen
PAY-d001db0a-1fe4-4d3d-b10b-2ebd379f2950,INV-d001db0a-1fe4-4d3d-b10b-2ebd379f2950,CID-464,2026-09-13,706.86,VISA,Completed,SampleGen
PAY-265ebf85-0432-4f32-81b3-bdc23afb6f28,INV-265ebf85-0432-4f32-81b3-bdc23afb6f28,CID-464,2024-06-14,1696.45,MC,Completed,SampleGen
PAY-cf6218c7-7729-4edc-9cff-dd030c0d023e,INV-cf6218c7-7729-4edc-9cff-dd030c0d023e,CID-464,2024-09-26,1413.71,VISA,Completed,SampleGen
PAY-8174cd7b-5e0d-45f1-9cac-16343fc8b785,INV-8174cd7b-5e0d-45f1-9cac-16343fc8b785,CID-465,2025-06-25,978.73,MC,Completed,SampleGen
PAY-c9d8007b-a6c4-4ada-ad23-a3234394fc92,INV-c9d8007b-a6c4-4ada-ad23-a3234394fc92,CID-465,2021-01-29,163.11,AmEx,Completed,SampleGen
PAY-49794d88-7f0d-4c96-a6b2-6c6e60dd729f,INV-49794d88-7f0d-4c96-a6b2-6c6e60dd729f,CID-466,2023-01-25,2164.08,MC,Completed,SampleGen
PAY-08e3c95d-cc8a-4296-be42-a00b4516d8f9,INV-08e3c95d-cc8a-4296-be42-a00b4516d8f9,CID-466,2021-10-29,1522.45,MC,Completed,SampleGen
PAY-224ce06b-f0c0-4ab4-9d46-bc20112a0014,INV-224ce06b-f0c0-4ab4-9d46-bc20112a0014,CID-467,2026-02-18,5361.29,PayPal,Completed,SampleGen
PAY-6bee033c-b54b-4c19-a83f-0d818f375570,INV-6bee033c-b54b-4c19-a83f-0d818f375570,CID-467,2025-07-05,3392.93,AmEx,Completed,SampleGen
PAY-c36fa207-4b31-40b8-9b6c-660543b8f5be,INV-c36fa207-4b31-40b8-9b6c-660543b8f5be,CID-468,2023-05-01,413.23,MC,Completed,SampleGen
PAY-2bc177a4-b510-426d-aa35-e891cafcc29e,INV-2bc177a4-b510-426d-aa35-e891cafcc29e,CID-468,2024-03-24,2120.59,Discover,Completed,SampleGen
PAY-8faa5eb4-0ea8-44a7-93d4-3750b291488f,INV-8faa5eb4-0ea8-44a7-93d4-3750b291488f,CID-468,2021-05-07,674.21,AmEx,Completed,SampleGen
PAY-265c0d85-9464-4bf7-b243-1729ffbf2cdc,INV-265c0d85-9464-4bf7-b243-1729ffbf2cdc,CID-468,2024-03-07,717.72,PayPal,Completed,SampleGen
PAY-0b92be23-9621-464a-ae5b-9d14b8858e7d,INV-0b92be23-9621-464a-ae5b-9d14b8858e7d,CID-469,2021-09-03,4241.19,VISA,Completed,SampleGen
PAY-a3eb0493-14ff-4d8d-86ac-4f1443af1ec8,INV-a3eb0493-14ff-4d8d-86ac-4f1443af1ec8,CID-469,2021-10-11,271.86,Discover,Completed,SampleGen
PAY-d419ce08-2991-46e4-bd3f-f554dd48be93,INV-d419ce08-2991-46e4-bd3f-f554dd48be93,CID-469,2023-07-25,130.49,VISA,Completed,SampleGen
PAY-22ff471c-04ca-46c5-87c1-8848dfa54d81,INV-22ff471c-04ca-46c5-87c1-8848dfa54d81,CID-470,2022-12-04,1304.97,MC,Completed,SampleGen
PAY-5d641db5-0612-4baf-aee5-e2500e6a8df1,INV-5d641db5-0612-4baf-aee5-e2500e6a8df1,CID-471,2021-12-03,2229.31,AmEx,Completed,SampleGen
PAY-ae730885-b253-49a7-83b2-29c0b9d1044d,INV-ae730885-b253-49a7-83b2-29c0b9d1044d,CID-471,2021-05-17,326.24,AmEx,Completed,SampleGen
PAY-b82f2a64-7b62-4082-b8cc-f87a6c7585d5,INV-b82f2a64-7b62-4082-b8cc-f87a6c7585d5,CID-472,2025-01-07,380.6,VISA,Completed,SampleGen
PAY-5c9ffb44-5aaf-4fe9-be8e-41320ca2dc56,INV-5c9ffb44-5aaf-4fe9-be8e-41320ca2dc56,CID-472,2023-03-28,1381.08,VISA,Completed,SampleGen
PAY-e0095155-d2c0-49a4-9721-31893e131536,INV-e0095155-d2c0-49a4-9721-31893e131536,CID-473,2023-07-19,434.98,VISA,Completed,SampleGen
PAY-8bdc0576-4aca-42d4-9172-d268ea845adb,INV-8bdc0576-4aca-42d4-9172-d268ea845adb,CID-473,2026-10-25,956.97,VISA,Completed,SampleGen
PAY-5e975232-921f-486a-94a2-b2c79f4de17a,INV-5e975232-921f-486a-94a2-b2c79f4de17a,CID-474,2025-12-05,2783.95,VISA,Completed,SampleGen
PAY-0adfa48f-f175-494d-80ef-5ba5aba192b2,INV-0adfa48f-f175-494d-80ef-5ba5aba192b2,CID-474,2022-03-15,1413.73,VISA,Completed,SampleGen
PAY-3678653c-b275-43b1-96bc-9754c0f3b2c8,INV-3678653c-b275-43b1-96bc-9754c0f3b2c8,CID-474,2024-12-20,3806.22,AmEx,Completed,SampleGen
PAY-56dc2fad-76e2-465c-8242-5741f798c278,INV-56dc2fad-76e2-465c-8242-5741f798c278,CID-474,2024-08-20,304.46,AmEx,Completed,SampleGen
PAY-5b5ccbb2-d620-4486-b83f-8791f1587c53,INV-5b5ccbb2-d620-4486-b83f-8791f1587c53,CID-474,2022-09-02,2566.42,AmEx,Completed,SampleGen
PAY-ef28279d-e361-4ebc-894e-18ea1703071c,INV-ef28279d-e361-4ebc-894e-18ea1703071c,CID-475,2023-09-30,467.58,VISA,Completed,SampleGen
PAY-9323f267-b80d-42c5-97a4-18b8963f3879,INV-9323f267-b80d-42c5-97a4-18b8963f3879,CID-476,2025-12-04,1413.74,AmEx,Completed,SampleGen
PAY-b219914e-13cd-4338-a88a-0b4feb584f0d,INV-b219914e-13cd-4338-a88a-0b4feb584f0d,CID-477,2022-01-09,706.86,MC,Completed,SampleGen
PAY-a09c6b87-d4df-4d5b-876f-d9f66b84cc3e,INV-a09c6b87-d4df-4d5b-876f-d9f66b84cc3e,CID-477,2024-03-21,1903.06,PayPal,Completed,SampleGen
PAY-65d05e52-c46c-401f-a783-82e3b5f18b0e,INV-65d05e52-c46c-401f-a783-82e3b5f18b0e,CID-478,2026-09-29,869.98,MC,Completed,SampleGen
PAY-af20e3e2-0fb2-4cb9-87ab-bd26a8f0f362,INV-af20e3e2-0fb2-4cb9-87ab-bd26a8f0f362,CID-478,2021-01-18,1141.84,VISA,Completed,SampleGen
PAY-b372fc1c-6d0a-4a09-b1f4-2ddc2e02917d,INV-b372fc1c-6d0a-4a09-b1f4-2ddc2e02917d,CID-479,2022-12-03,3697.44,AmEx,Completed,SampleGen
PAY-8e930480-1cd5-4eaa-8c5e-e167040010c0,INV-8e930480-1cd5-4eaa-8c5e-e167040010c0,CID-480,2022-02-23,2990.57,AmEx,Completed,SampleGen
PAY-99f314bf-d403-4c66-8d48-a4b6be50c51b,INV-99f314bf-d403-4c66-8d48-a4b6be50c51b,CID-481,2024-10-02,1196.22,MC,Completed,SampleGen
PAY-624b0399-dc82-484c-a437-a209cc88bd8e,INV-624b0399-dc82-484c-a437-a209cc88bd8e,CID-481,2024-01-12,1903.1,AmEx,Completed,SampleGen
PAY-dbd94009-bc04-433c-8505-2264b5074bad,INV-dbd94009-bc04-433c-8505-2264b5074bad,CID-481,2025-05-15,1587.71,PayPal,Completed,SampleGen
PAY-4a72d628-308f-4de0-8ad0-eb0dd591c882,INV-4a72d628-308f-4de0-8ad0-eb0dd591c882,CID-482,2023-01-08,3534.34,AmEx,Completed,SampleGen
PAY-b2b23826-a817-4a37-84d3-1cfd72704341,INV-b2b23826-a817-4a37-84d3-1cfd72704341,CID-483,2023-12-22,4676.19,MC,Completed,SampleGen
PAY-d154351e-aa29-4555-8c8e-5b0c8a6bffe2,INV-d154351e-aa29-4555-8c8e-5b0c8a6bffe2,CID-484,2022-03-12,1794.31,PayPal,Completed,SampleGen
PAY-bc3d792e-d258-4189-8cac-57e8c51e89ca,INV-bc3d792e-d258-4189-8cac-57e8c51e89ca,CID-484,2026-05-12,1892.2,VISA,Completed,SampleGen
PAY-1bb4649e-7a7c-4ae3-b0ff-f0c59eb08215,INV-1bb4649e-7a7c-4ae3-b0ff-f0c59eb08215,CID-484,2024-01-07,4458.7,PayPal,Completed,SampleGen
PAY-33f60a84-33c5-4678-b874-95ede4eecea6,INV-33f60a84-33c5-4678-b874-95ede4eecea6,CID-484,2021-12-09,3632.2,PayPal,Completed,SampleGen
PAY-c43a4660-39dc-41b6-bdf5-cc7db4bb5724,INV-c43a4660-39dc-41b6-bdf5-cc7db4bb5724,CID-484,2021-04-08,1196.21,PayPal,Completed,SampleGen
PAY-f24a1a0b-2a3e-4ae8-98b3-5d3361e8e5a2,INV-f24a1a0b-2a3e-4ae8-98b3-5d3361e8e5a2,CID-484,2026-04-23,1848.71,AmEx,Completed,SampleGen
PAY-0a1e0930-f884-4a14-9c15-df8bfa8e314b,INV-0a1e0930-f884-4a14-9c15-df8bfa8e314b,CID-485,2025-11-07,1625.77,MC,Completed,SampleGen
PAY-d58b8112-929b-47bb-8891-15665c3f856e,INV-d58b8112-929b-47bb-8891-15665c3f856e,CID-486,2026-12-07,652.45,MC,Completed,SampleGen
PAY-d5e4adf1-5900-457d-9ecc-ace4241429ae,INV-d5e4adf1-5900-457d-9ecc-ace4241429ae,CID-487,2022-02-26,1957.45,MC,Completed,SampleGen
PAY-2eb3ec1b-a5ad-4507-8f38-435129b84740,INV-2eb3ec1b-a5ad-4507-8f38-435129b84740,CID-487,2023-10-13,978.73,Discover,Completed,SampleGen
PAY-fdae077c-89de-4410-9d47-4d1c0b1054ab,INV-fdae077c-89de-4410-9d47-4d1c0b1054ab,CID-488,2021-12-03,1228.83,MC,Completed,SampleGen
PAY-ef8fb5ae-5e77-4495-9987-b9eafd2ac787,INV-ef8fb5ae-5e77-4495-9987-b9eafd2ac787,CID-489,2024-10-03,3262.43,VISA,Completed,SampleGen
PAY-ef4bcd06-76a6-4427-badd-3b67c7fd74e2,INV-ef4bcd06-76a6-4427-badd-3b67c7fd74e2,CID-489,2021-08-24,706.86,MC,Completed,SampleGen
PAY-f725ec55-4093-445b-9cb8-8c6fcc6570dd,INV-f725ec55-4093-445b-9cb8-8c6fcc6570dd,CID-490,2024-06-15,130.49,MC,Completed,SampleGen
PAY-efc82b90-726f-406e-9918-ed33bd40ee9c,INV-efc82b90-726f-406e-9918-ed33bd40ee9c,CID-490,2026-10-28,1576.82,AmEx,Completed,SampleGen
PAY-a600aeb7-26f6-4928-a2ce-e492c4955d54,INV-a600aeb7-26f6-4928-a2ce-e492c4955d54,CID-490,2026-11-06,451.28,AmEx,Completed,SampleGen
PAY-fef82252-0a51-4f1d-a176-8d577434d28d,INV-fef82252-0a51-4f1d-a176-8d577434d28d,CID-490,2026-06-17,413.23,AmEx,Completed,SampleGen
PAY-28d977b8-bf2c-4bc4-97f8-1b7ab15577a9,INV-28d977b8-bf2c-4bc4-97f8-1b7ab15577a9,CID-490,2023-09-17,3371.18,VISA,Completed,SampleGen
PAY-07c3def2-71e9-46b7-81b6-9169f832e7de,INV-07c3def2-71e9-46b7-81b6-9169f832e7de,CID-490,2022-10-04,5546.18,AmEx,Completed,SampleGen
PAY-afce96b3-247d-465a-b621-e5e109d4c2ec,INV-afce96b3-247d-465a-b621-e5e109d4c2ec,CID-490,2025-07-01,1794.3,VISA,Completed,SampleGen
PAY-36693c03-b333-4412-b30b-f06f7db98236,INV-36693c03-b333-4412-b30b-f06f7db98236,CID-490,2022-05-29,1924.8,MC,Completed,SampleGen
PAY-c6e49275-9f21-4459-8d4d-830ca931c030,INV-c6e49275-9f21-4459-8d4d-830ca931c030,CID-490,2021-09-17,2327.19,VISA,Completed,SampleGen
PAY-3a06b2a7-4caa-4377-bea1-18176a5d412e,INV-3a06b2a7-4caa-4377-bea1-18176a5d412e,CID-491,2025-01-02,2664.34,Discover,Completed,SampleGen
PAY-f17230eb-3290-4f1d-be19-cb40d1ba7d60,INV-f17230eb-3290-4f1d-be19-cb40d1ba7d60,CID-491,2026-05-05,347.98,VISA,Completed,SampleGen
PAY-985cb4fe-f52e-4be0-a1e9-aec34481547a,INV-985cb4fe-f52e-4be0-a1e9-aec34481547a,CID-491,2021-01-20,4306.44,MC,Completed,SampleGen
PAY-bd3ef6fd-0292-4eb5-bc53-1f3ad4876935,INV-bd3ef6fd-0292-4eb5-bc53-1f3ad4876935,CID-492,2023-12-06,2838.32,VISA,Completed,SampleGen
PAY-63ee6d89-e340-4c21-b55e-31d43b1593e2,INV-63ee6d89-e340-4c21-b55e-31d43b1593e2,CID-492,2021-11-25,1033.09,Discover,Completed,SampleGen
PAY-2975c12e-d778-450d-bc06-b1b409f03beb,INV-2975c12e-d778-450d-bc06-b1b409f03beb,CID-492,2021-07-29,2544.69,VISA,Completed,SampleGen
PAY-74e098f8-efe7-42c5-8ddb-08cc5f115126,INV-74e098f8-efe7-42c5-8ddb-08cc5f115126,CID-493,2023-06-16,3153.71,PayPal,Completed,SampleGen
PAY-76cb12c3-6643-4a65-9036-e33b533aa819,INV-76cb12c3-6643-4a65-9036-e33b533aa819,CID-493,2021-06-30,173.98,PayPal,Completed,SampleGen
PAY-af2588fd-352c-4d0d-96b1-4c6b3c5828c2,INV-af2588fd-352c-4d0d-96b1-4c6b3c5828c2,CID-493,2023-02-02,869.98,PayPal,Completed,SampleGen
PAY-b0a786e3-f0e1-4980-a8e9-f00ca29f0e19,INV-b0a786e3-f0e1-4980-a8e9-f00ca29f0e19,CID-493,2021-03-09,347.98,MC,Completed,SampleGen
PAY-20b9a979-4bda-4a8e-9c0a-00edc7c38465,INV-20b9a979-4bda-4a8e-9c0a-00edc7c38465,CID-494,2021-10-04,3795.32,VISA,Completed,SampleGen
PAY-652c2015-20b5-41c5-a1e0-462c98b55447,INV-652c2015-20b5-41c5-a1e0-462c98b55447,CID-494,2021-01-16,173.99,AmEx,Completed,SampleGen
PAY-3707b1ba-ca5e-4e28-8eee-a53d2efe1c34,INV-3707b1ba-ca5e-4e28-8eee-a53d2efe1c34,CID-495,2025-05-26,130.49,Discover,Completed,SampleGen
PAY-143c9339-ba76-4d06-b40d-f8b2a7b5883a,INV-143c9339-ba76-4d06-b40d-f8b2a7b5883a,CID-495,2024-11-13,1163.55,Discover,Completed,SampleGen
PAY-dabfc3fc-c43f-4afb-b3ca-13f2cf091658,INV-dabfc3fc-c43f-4afb-b3ca-13f2cf091658,CID-496,2023-06-28,86.99,MC,Completed,SampleGen
PAY-354f49ce-6d57-4a19-9575-6e96929014b9,INV-354f49ce-6d57-4a19-9575-6e96929014b9,CID-496,2025-12-23,543.73,MC,Completed,SampleGen
PAY-515ee056-ebce-440f-af1c-69be9d87ba28,INV-515ee056-ebce-440f-af1c-69be9d87ba28,CID-497,2023-06-05,320.77,VISA,Completed,SampleGen
PAY-7826b676-ff97-4c97-b6ba-48780db12b89,INV-7826b676-ff97-4c97-b6ba-48780db12b89,CID-497,2025-08-26,967.83,PayPal,Completed,SampleGen
PAY-b5c61902-44ce-4221-8149-0292fb5fdf0f,INV-b5c61902-44ce-4221-8149-0292fb5fdf0f,CID-497,2023-05-17,445.84,AmEx,Completed,SampleGen
PAY-eff192a0-89ae-4ce2-b0ad-be719c1e47fe,INV-eff192a0-89ae-4ce2-b0ad-be719c1e47fe,CID-497,2025-05-03,554.57,AmEx,Completed,SampleGen
PAY-60ec62fe-9f64-4820-870b-781e40ded3fd,INV-60ec62fe-9f64-4820-870b-781e40ded3fd,CID-498,2021-07-23,16.3,AmEx,Completed,SampleGen
PAY-00a1a529-0c7a-4ce4-b545-260a4ce7a57d,INV-00a1a529-0c7a-4ce4-b545-260a4ce7a57d,CID-498,2023-04-17,1283.21,MC,Completed,SampleGen
PAY-c614251c-c66b-45c8-a421-b95f7674e321,INV-c614251c-c66b-45c8-a421-b95f7674e321,CID-501,2021-11-27,3208.05,VISA,Completed,SampleGen
PAY-2d37a4df-3eb0-46ea-8853-314a93e12166,INV-2d37a4df-3eb0-46ea-8853-314a93e12166,CID-501,2021-06-06,706.83,Discover,Completed,SampleGen
PAY-f028dabf-c2f9-47db-b4a7-cb0b0ffe2add,INV-f028dabf-c2f9-47db-b4a7-cb0b0ffe2add,CID-502,2024-10-15,1522.46,MC,Completed,SampleGen
PAY-c9dda26a-09d9-4c84-94c7-23cb02c51f1d,INV-c9dda26a-09d9-4c84-94c7-23cb02c51f1d,CID-502,2021-03-04,467.58,VISA,Completed,SampleGen
PAY-64945df3-f1ef-408c-97e8-a66621808639,INV-64945df3-f1ef-408c-97e8-a66621808639,CID-502,2026-08-13,260.97,MC,Completed,SampleGen
PAY-3cfdfb34-617b-4a68-a1a2-9e5878d1db2c,INV-3cfdfb34-617b-4a68-a1a2-9e5878d1db2c,CID-503,2021-05-02,1413.71,AmEx,Completed,SampleGen
PAY-ecf638b2-a2b1-467e-aa4a-221359dec363,INV-ecf638b2-a2b1-467e-aa4a-221359dec363,CID-503,2021-01-14,978.74,AmEx,Completed,SampleGen
PAY-3fe54efc-97e9-4043-982c-1ef14ab3a4fe,INV-3fe54efc-97e9-4043-982c-1ef14ab3a4fe,CID-503,2021-03-19,2479.46,AmEx,Completed,SampleGen
PAY-1046709f-2fd9-4633-bcf2-bcaad34029fc,INV-1046709f-2fd9-4633-bcf2-bcaad34029fc,CID-503,2021-05-04,1783.44,VISA,Completed,SampleGen
PAY-11d5c8d4-11ed-4290-b915-c56bbab5c61e,INV-11d5c8d4-11ed-4290-b915-c56bbab5c61e,CID-504,2021-08-05,260.98,VISA,Completed,SampleGen
PAY-cc9edbea-0c12-43a6-8e08-2f8f8924a412,INV-cc9edbea-0c12-43a6-8e08-2f8f8924a412,CID-504,2021-09-11,2044.46,AmEx,Completed,SampleGen
PAY-5f935ab8-aeef-46e5-82d6-4a88a43d552a,INV-5f935ab8-aeef-46e5-82d6-4a88a43d552a,CID-505,2025-07-17,1576.81,PayPal,Completed,SampleGen
PAY-8fc67e21-b1ff-461f-8aec-ad8bcb7638a4,INV-8fc67e21-b1ff-461f-8aec-ad8bcb7638a4,CID-505,2022-03-15,413.23,MC,Completed,SampleGen
PAY-54f289b8-eadd-420b-8f78-b906c203300e,INV-54f289b8-eadd-420b-8f78-b906c203300e,CID-505,2024-04-07,2914.46,MC,Completed,SampleGen
PAY-4d1ffe47-987d-409f-9c90-1136fe0fc7f3,INV-4d1ffe47-987d-409f-9c90-1136fe0fc7f3,CID-505,2021-07-02,4241.21,AmEx,Completed,SampleGen
PAY-426532b8-ebb2-46d7-bb09-686c1ab21b3a,INV-426532b8-ebb2-46d7-bb09-686c1ab21b3a,CID-506,2022-05-24,804.69,PayPal,Completed,SampleGen
PAY-5455b2c0-af20-409e-9ac4-7f654cb5119a,INV-5455b2c0-af20-409e-9ac4-7f654cb5119a,CID-506,2025-09-27,1261.48,VISA,Completed,SampleGen
PAY-bd7a0214-15a7-4084-91ec-5bdebd963ab2,INV-bd7a0214-15a7-4084-91ec-5bdebd963ab2,CID-506,2025-06-09,1217.94,PayPal,Completed,SampleGen
PAY-607808f3-2d9c-4d6d-bb1d-4134e7b91231,INV-607808f3-2d9c-4d6d-bb1d-4134e7b91231,CID-506,2024-04-14,837.33,PayPal,Completed,SampleGen
PAY-f14b0aa2-f9ef-4499-a709-6d9b946202b0,INV-f14b0aa2-f9ef-4499-a709-6d9b946202b0,CID-506,2025-09-06,2936.21,VISA,Completed,SampleGen
PAY-a1ead64f-d164-4173-9390-2dcab647fcb5,INV-a1ead64f-d164-4173-9390-2dcab647fcb5,CID-506,2022-01-17,1794.34,VISA,Completed,SampleGen
PAY-95ef09ff-8e7b-49b7-9bfc-e9833eaf8801,INV-95ef09ff-8e7b-49b7-9bfc-e9833eaf8801,CID-506,2025-09-25,1087.47,MC,Completed,SampleGen
PAY-7e9ca91b-011b-49b4-80ac-3dfaf9825c20,INV-7e9ca91b-011b-49b4-80ac-3dfaf9825c20,CID-507,2022-11-27,5067.67,VISA,Completed,SampleGen
PAY-b7603010-bc84-4a3a-bc58-9bbb6e9ad032,INV-b7603010-bc84-4a3a-bc58-9bbb6e9ad032,CID-507,2026-10-17,3653.94,VISA,Completed,SampleGen
PAY-37120f2c-8b80-4fca-b960-27191963ac7b,INV-37120f2c-8b80-4fca-b960-27191963ac7b,CID-508,2024-01-12,5067.69,Discover,Completed,SampleGen
PAY-79fe3b15-c70c-40aa-8535-aabc3da9c05e,INV-79fe3b15-c70c-40aa-8535-aabc3da9c05e,CID-508,2026-02-20,271.86,VISA,Completed,SampleGen
PAY-9e0eb1d5-feb2-462f-be40-4ea3960ca431,INV-9e0eb1d5-feb2-462f-be40-4ea3960ca431,CID-508,2021-09-27,1468.07,VISA,Completed,SampleGen
PAY-ae49207b-3c53-40df-9212-1afc54824a62,INV-ae49207b-3c53-40df-9212-1afc54824a62,CID-508,2023-03-28,1239.69,MC,Completed,SampleGen
PAY-00bef1b4-e7e9-476f-9804-5f86e775035f,INV-00bef1b4-e7e9-476f-9804-5f86e775035f,CID-508,2023-09-01,1391.96,MC,Completed,SampleGen
PAY-3cb62e70-75cc-43f5-ac8c-8ab9a4b38e36,INV-3cb62e70-75cc-43f5-ac8c-8ab9a4b38e36,CID-508,2026-10-18,989.59,VISA,Completed,SampleGen
PAY-02da6353-6428-4ea4-896b-f4bc91df6704,INV-02da6353-6428-4ea4-896b-f4bc91df6704,CID-508,2023-08-12,2077.06,VISA,Completed,SampleGen
PAY-ac1dd3b0-6525-4674-897b-5baced06a5da,INV-ac1dd3b0-6525-4674-897b-5baced06a5da,CID-508,2021-10-24,3653.93,VISA,Completed,SampleGen
PAY-3a8a6ae2-1d11-4862-a371-e2baa6ac3f3f,INV-3a8a6ae2-1d11-4862-a371-e2baa6ac3f3f,CID-509,2026-05-15,1413.73,Discover,Completed,SampleGen
PAY-9e5c4516-75a0-457f-9ab0-1d16f567f176,INV-9e5c4516-75a0-457f-9ab0-1d16f567f176,CID-510,2023-09-11,2827.46,MC,Completed,SampleGen
PAY-dc5e3238-cff9-4826-a2ad-80599be77243,INV-dc5e3238-cff9-4826-a2ad-80599be77243,CID-510,2021-05-09,587.22,MC,Completed,SampleGen
PAY-b7d34432-8ba0-44cb-ad3b-c24e44fbfd3b,INV-b7d34432-8ba0-44cb-ad3b-c24e44fbfd3b,CID-510,2024-01-07,3643.07,VISA,Completed,SampleGen
PAY-be4594fd-0827-4e6a-a4d7-da1f696b4594,INV-be4594fd-0827-4e6a-a4d7-da1f696b4594,CID-510,2026-06-25,3414.7,AmEx,Completed,SampleGen
PAY-aa1eef5f-520a-46d1-a209-36cd57a4b800,INV-aa1eef5f-520a-46d1-a209-36cd57a4b800,CID-510,2025-09-10,141.36,PayPal,Completed,SampleGen
PAY-45f8e38a-df58-4612-b78a-f26ea673a5a5,INV-45f8e38a-df58-4612-b78a-f26ea673a5a5,CID-510,2023-11-25,869.97,VISA,Completed,SampleGen
PAY-34d1db76-e536-47a5-a58d-57abba219199,INV-34d1db76-e536-47a5-a58d-57abba219199,CID-510,2023-09-06,271.85,Discover,Completed,SampleGen
PAY-319c5f8e-4510-41df-8c86-68b47f41e35d,INV-319c5f8e-4510-41df-8c86-68b47f41e35d,CID-510,2023-04-24,3425.57,VISA,Completed,SampleGen
PAY-60a40995-b32c-4146-b451-36b2043aa4ab,INV-60a40995-b32c-4146-b451-36b2043aa4ab,CID-510,2022-12-17,2479.45,VISA,Completed,SampleGen
PAY-43232567-3049-4e1a-a54e-2ff1005d61da,INV-43232567-3049-4e1a-a54e-2ff1005d61da,CID-511,2026-05-25,173.98,MC,Completed,SampleGen
PAY-57a3090c-4397-4e8b-9ba7-0166e2bad6eb,INV-57a3090c-4397-4e8b-9ba7-0166e2bad6eb,CID-511,2025-12-03,1424.57,VISA,Completed,SampleGen
PAY-fd78adbd-7010-4e0e-81d4-565b868107c5,INV-fd78adbd-7010-4e0e-81d4-565b868107c5,CID-511,2022-03-14,2468.57,VISA,Completed,SampleGen
PAY-342eb62a-ec78-4b91-9553-38c3942ec16d,INV-342eb62a-ec78-4b91-9553-38c3942ec16d,CID-511,2022-09-07,2098.81,PayPal,Completed,SampleGen
PAY-385afbb7-6d79-428d-a3d0-8a77bcf9f9ba,INV-385afbb7-6d79-428d-a3d0-8a77bcf9f9ba,CID-511,2024-06-12,554.58,VISA,Completed,SampleGen
PAY-740d61a8-30e4-4312-be56-5dafebf7a5a7,INV-740d61a8-30e4-4312-be56-5dafebf7a5a7,CID-511,2023-06-06,260.98,AmEx,Completed,SampleGen
PAY-3c27cdf2-00d0-449b-b935-c697e251df75,INV-3c27cdf2-00d0-449b-b935-c697e251df75,CID-512,2026-06-21,1500.72,PayPal,Completed,SampleGen
PAY-9c94735e-f46a-40e0-ab5f-aee41775f486,INV-9c94735e-f46a-40e0-ab5f-aee41775f486,CID-512,2026-06-06,1924.81,MC,Completed,SampleGen
PAY-41830f15-7fea-44b2-a4dc-cdb5abe56ea9,INV-41830f15-7fea-44b2-a4dc-cdb5abe56ea9,CID-512,2024-07-10,869.96,MC,Completed,SampleGen
PAY-297f6e2d-4fc7-489e-af1b-cce7af7fc147,INV-297f6e2d-4fc7-489e-af1b-cce7af7fc147,CID-513,2023-08-13,1489.83,VISA,Completed,SampleGen
