OrderID,PaymentMethod,TransactionID
667301f7-add5-4190-b044-b2888964986b,Discover,32d1155a-bb17-44ac-bac8-be3d1f2ddd80
673a4a82-3a71-4413-a317-c334c7152fb6,MC,dca8ce3d-a07a-4fdb-a847-99e66522a2b8
8fda0749-9697-4144-8653-e8c16e2441ab,VISA,69630981-173f-4014-9786-140f006b2916
9a040b6b-b03c-4f17-9ccb-117a7381b417,PayPal,11470e53-ffce-492d-a68e-4e96fab8dc07
0154c66e-f3d7-4b1c-8ca9-8e3c5d47d771,VISA,c0a20688-0ce8-451d-9319-021fa364ca66
c892a798-557e-40f0-a293-0ebbc6375f1d,MC,f076e177-ca1c-42ab-88ad-8a4299f0c145
d0f5599d-481e-4bb6-a896-b25a1d27444b,Discover,d742d800-573c-4a59-a3f1-54945554f2c5
2304ef12-0fb2-4bd7-9984-a43117c82339,VISA,199d0c66-5e64-447c-8724-8ff8c278ec2a
06221894-33f8-405f-80a5-522c332dd3a6,MC,f397b4fe-4163-4eab-8b12-4b42321c2875
5e8383c8-bab2-4d55-b178-4b990f9ef5e4,VISA,4c457f34-d7f3-47ed-a196-2093714a616f
29f4a615-b94f-4732-8aa3-88e95ea68ec4,AmEx,4d45dbac-785a-4dae-b289-8aa70313e51d
b26743ea-c7d8-4900-9bf4-807f4554c503,MC,40d8fe7c-85d8-4b5f-b881-40fd2c3d6075
be1aa871-7f48-4d15-9237-278ea850e607,VISA,c02a5e74-3786-4255-8426-7a1c7598252b
2bf1b586-441a-4084-b47b-3f53d30e8504,Discover,a84a9b0a-8775-4f7d-90f5-97bebd0ca2e3
aef1315d-9d09-4bbe-b4f8-4c8a4cbf1fa0,PayPal,655ab851-adf1-4e79-accf-d4672da2025b
a83b8d26-19d5-421a-9658-76a38c10342c,AmEx,1fb4ce93-f143-42fc-9572-05935bdf3714
7d00cd46-e369-4371-aeed-5bcae5e7b760,PayPal,c50f1457-48c8-4c13-b585-958125ee0636
59eb2743-4769-40ef-9db1-33839f0f906a,VISA,45ab24ea-19a7-4a72-bf7f-829d0c44ba05
e55b5d09-543a-44de-a753-9bed80c001b1,MC,75ce228b-d8da-41fb-8d22-86e407031488
c5aa9a3b-f9af-4d65-9c25-f8fd0085ef95,MC,c5f25b02-9d34-475f-a63f-e6a34b16cb63
63e81850-119a-4b09-8b99-d86e7cdf3a73,AmEx,52687cf6-3332-4033-9fc7-ad3f40a23c8d
2ddafcb6-2f23-41a4-b944-0e3f5a9387d9,Discover,27378fbe-41e8-4bf0-bc68-57c03715c9c2
38cfa39e-6c94-427d-94de-7c4929ca4569,PayPal,25b0c834-eeae-4fc2-b49c-e68be31d0592
20ce0af6-6d16-4c6f-b338-3a50a152641d,AmEx,4f27a07c-ccb4-4fec-b6cb-c9276889ef85
1dac489b-9c72-4802-8c32-8cd26c6cdffa,AmEx,037462ab-29e6-42ac-a63e-6cb58cf898f4
58c5cc0b-5689-4755-b34b-1e4b8b5abec9,PayPal,4e14e13a-87a4-42ac-9eb0-aaae60bb6085
3d38f67c-fcab-4a9a-a402-55954f74b010,PayPal,dc224e74-e9d1-42f5-8621-57de8c2d3ad3
1671753c-4af5-47ed-ae51-7a25561390a1,PayPal,4ea7c68c-f433-445d-8111-bcba3aa8148b
0c0db3da-a6af-4311-a8d9-3a77aebd1e3e,MC,b236e7e4-6ddf-4897-9ef1-ec625a19a2e0
e76a3c6f-65b9-410b-ae13-dbb967537d83,MC,c90c93d8-ba04-4960-8237-6408fffafba8
b09c4641-c878-4744-ab07-115289afc0ba,MC,61b15dbd-9b22-4111-94f1-dbab4946bef2
897c2c2a-580d-4acf-92a2-b9ce0c9bb121,VISA,0681a32d-0cd6-410b-994b-8ed659912578
dc313d93-a4e9-4907-be3c-0ef5dd93f0fb,PayPal,1af25188-e91c-42e6-b9ea-7be6d204046f
88ef85b3-2a92-43f2-bf17-f73fa0b556b2,VISA,a7a9edd1-5de2-4a5f-a35b-7429b3b7e9af
359c50bd-f780-4b33-b30c-48cdf1912abe,Discover,1b43c8fa-24df-47f8-b4bc-e71cffdf02ff
f9cc17e9-6157-41c7-9a4b-59a6dd1c0831,MC,7fe51b24-f5f8-4c79-b7d9-2b1228a877e7
25a0da9d-be06-4ac2-8234-73fcb9fde89a,MC,8447489d-a3ca-4fe9-a5d2-f08bf13b23fb
f42e5c54-c555-4d59-832d-638363878748,AmEx,b45be5d4-2a40-49c3-ab85-25270e5bd4c7
cb897b33-39de-4237-bbc7-a5a1329e0cf4,VISA,21ef22ea-34f3-4f90-b744-3c90068a0f94
ccc97d78-a5ff-401e-8e30-ec17203b6051,MC,ae768b01-7270-4439-b8a8-c74917548d0a
86fba88f-e2c0-4226-a9ff-d9be1ecb5174,MC,b9168876-243c-4806-9523-68865d6c8428
20576d20-22f9-4456-baaa-1c84c73693e1,PayPal,162743a6-c14b-47a8-a11f-28a2b7e2d93e
2583183d-4b76-49c3-b3ec-583dbb0e7c69,PayPal,a7945783-9292-4a4a-a906-00541987c83f
b86df0f7-fc0c-4a57-88eb-4818e7c0dd96,VISA,e01c197d-563c-4979-bdc1-0379eb8bb9df
c9503d6d-7ee6-4e41-950b-ac03538bccd4,Discover,2770959e-ee97-42de-8d93-fe1ea4b2203f
a9335d9a-0832-43c6-aa0d-3b4236e3032d,MC,4cff8493-c7e5-40f1-8f62-86b5f5d70b1a
f2a3dd7d-e67b-4f0a-81b5-4d7fa67e7edc,MC,de4c89d7-8d21-4196-94a7-f2b6cb4f94c3
f232dc8d-31e6-4beb-a0ec-f327d299c064,MC,c5e8c1ab-71fc-4ad2-90cf-4999aaf2bc0b
44b0b4eb-637a-49aa-8345-a48cb40203ff,PayPal,8e0337a2-9d99-4564-9741-b938f28d88c3
cb32bbba-e096-4b88-b291-db3d4ae7d8cb,PayPal,3f796a5a-fce0-49da-9040-cd960dc1ca6d
d9edabf3-ff27-494b-912e-878bfa0607d5,VISA,df06844b-5174-4d40-97bf-33f571166a90
28c2bb89-a97a-4389-ba11-9effe8c2fc27,AmEx,56f50fc0-a08d-492b-bdc7-bf56c057ed64
a852f546-a53f-4e48-8818-eb600aef8178,Discover,a0591bc6-0397-4958-810d-38aad3d24143
f6ea67b3-dbdb-4470-a82b-a46ba3f7d1d5,PayPal,294e1e45-e3ea-4e7f-bf90-ff65ddea23b0
9e474933-0142-4f43-aca5-13d4cac6f304,MC,cfc7d562-bc96-4121-b2f8-92c0b3dfd0b1
c09192cd-f0c9-44e6-a1e6-06cc6b955ac7,MC,0e7f4a29-02e5-4869-81b6-4806331be0c4
51560a58-c421-4b4f-bbca-161c5fdb25a1,VISA,936057b5-1abd-442e-90e2-257e1d3219b8
8a89e769-5593-4480-8c84-0a3b971e313f,PayPal,51f22adf-43fd-4a71-a1f0-e98781ac4fc7
adccdc0c-f10f-44aa-af5f-d2475c94ec65,AmEx,31af318c-0510-4045-bf4d-f118c2e1fd6b
9771faac-715b-40c0-b0f1-cbc9d52790d2,MC,8e0c0aab-c39c-4409-81e4-86d36f869d93
272bc7e2-8788-4fbb-8196-cb2642ec9bc3,AmEx,0d9a9be2-f51f-4a48-892c-2531a4efaf6c
bdb79269-5a08-4b56-a2a4-95c32ffdcc75,MC,c8ac48e6-4c18-4f35-8623-bce282fce397
a94e8a3a-b64e-41cd-950a-bbe6b73d30b2,PayPal,4f572d5f-8dc6-4c4b-8182-cf917bb7631f
373d97d0-39fc-494c-8f26-aa091c186ba6,MC,9cf21e05-b3dd-4ea7-a702-272d8702b0bd
efc317b6-c52b-460f-8702-e41c1a3061ce,MC,dca92dee-58ef-45ef-a91b-376b8e27040d
0fb95978-f2e6-4364-8e8d-3aabaa3989df,PayPal,13f586b7-7141-4e8f-8b4d-b0a35c33a287
0a6d27e6-598b-4742-958d-5ed3a77d6b65,AmEx,24b87023-b970-41f4-86f2-dbe33faad7a4
b770937a-b472-4848-9ac6-dadbfb0f1bbd,PayPal,6ddbd028-5d54-4ae7-bdd4-b7fdea649379
8aa77655-83eb-4641-9942-842fba8a2b63,Discover,6d1c4b77-8327-40ce-83cd-5bbbd9fe5e86
740c52b8-58de-4ae0-a49d-e63515377156,VISA,7cb1c795-cacd-4086-bab4-8579ba3126fb
d4dfd8ed-4134-4601-910d-6a70a610eccd,PayPal,53742144-68c1-4ea3-830f-2e81ef569abe
8feec238-790e-4452-9174-3534cee7432b,PayPal,146e4b48-dccf-495a-8d28-c9d6cbc3036c
b1ba649e-8e36-471a-9938-ee11894e84e0,MC,03d3e235-323a-407d-8a52-c6bf4c944cd6
c7fe4659-91a0-4432-8dd8-4e6626b54732,VISA,1f84bcd7-e9a0-4f4a-bdd8-83cf4a86f4f5
258822a4-aaad-4789-bff7-2e554d14dce5,VISA,5a251f96-1191-47e1-9fe7-ff26696b7be1
1f3c2fce-cc96-4da1-88d3-96f0e7f07848,AmEx,41538274-b904-48ac-a0f7-18f7d593778b
d6f6c33c-484a-4222-b177-25e7d4b8af04,VISA,fe5c1b1d-56ca-4a7a-be9c-9acaefd7d538
c031f3bc-12b5-4824-915e-719cd638bef6,VISA,e1384aac-24e1-44c7-8cf7-9e1cfbbbdb31
0fe199f1-5c26-4aab-b2f5-49b7dce73f0a,VISA,feceb378-5b1c-4cf8-89fd-75f93bb9eb68
c848a84c-ae97-4641-a451-da6135699333,PayPal,f372d2a5-4d96-4cf0-b1a7-d27bdbbf0221
94a9b88e-b970-43ff-b19d-c0ba3e16e309,VISA,e4aae72e-ef90-4237-bda7-066f93863745
f0c0bcd8-4e61-42af-83df-b82737a69b05,AmEx,be9e3762-8b5e-4ab2-b571-66cfe13b72f6
dd69cb87-71de-4c63-a5f5-d1e724c405e1,AmEx,9dcae529-8733-4a10-8ac8-bcab62f07be2
fb2b264b-920f-45b2-86d7-bae7f1d597f2,VISA,e5b3b65f-61a5-4fcc-9f82-4e144babee8e
ec0ad24f-2108-4dd3-aa8b-36de482954e9,VISA,964e79b1-ac53-4356-91cb-b0da06523497
a74cf816-7d67-402f-bf25-51ad25b3f754,VISA,07ac9139-ee4e-480c-967a-a3f7a37b8810
ac7445c0-e5e2-4fc0-b0b4-86aae9716748,PayPal,23223275-8203-4db7-bc62-9b6dca69a768
d6db1177-443b-4ba6-92b6-d7ba219e913a,AmEx,5c823118-1222-431d-888d-b9ddc9661794
ec5b0c7d-591b-47b7-9aa2-decfbd15c147,MC,d9fee76d-8507-43f4-9f3d-75aaba869b9b
f38b6370-e8c0-4dc0-9318-ddfc91f5287d,VISA,b93d0a82-b97b-4255-bd1c-fe0bf3c99a7a
2653e9d6-c41a-46be-95f3-74026c71c237,Discover,37d19561-05f9-421e-877e-d126049ad32d
a9356153-5837-4b9c-83e2-dbaa75faa6af,AmEx,84a729b6-3413-4019-9fc0-40f3f1fbf733
ba33611b-05d3-4d5c-8ec9-ef84d9ded0a1,VISA,02899f6a-0de9-411a-a1d9-c638e1d3f166
59d3513a-f6e3-4da4-a5cc-4a069e3a29dc,MC,9e24a226-cb0d-47b2-8fe0-71ceec87eec5
4978cc78-eecf-4e3d-8145-3a647addc78b,MC,c84f08d4-c96e-43da-a64b-25feb3661dcd
754df47e-5adb-449c-a317-4ec61811f4a9,PayPal,13612813-22b0-4c8f-b472-3662ff35263a
80dd47da-898f-4d3c-9e2f-d70b9b52c5a7,Discover,2d2cd40d-3909-4638-ad4e-85c6fc435836
c4211a0b-4572-49fd-add2-a92c35a83425,VISA,a69761a9-1b3f-4d74-94be-d68bd97a2ba2
c2a040f0-7711-4328-8272-6d7f902e9805,AmEx,0a71273d-2615-4043-a7e6-1d2e3ba16468
3889ea86-3aee-451d-a9fe-3f37f24b5b70,VISA,56371a90-20ce-4362-9756-8c867c34584c
139809c5-9253-48c1-80e3-dd9c4b534a72,MC,b335958c-8e9b-4e3d-b146-35a2cc3fa12c
b75f98f1-2b28-404a-8db1-590b2a966a42,AmEx,d5372030-dc15-4620-adce-0af9ef00c99c
718c62a3-656b-4c1b-9653-53f27383ac86,MC,e8543efe-8754-4644-919d-5f87b49fdbb9
521f624e-b1be-441a-8622-5e3f3928be24,Discover,3bc6ff66-fd61-45cd-a0fa-43c30e239990
7810d711-9310-4dbc-b4ae-c837f951bbe5,MC,70ec1a16-a3c9-4c1c-ab0d-12ec8f2fb123
ef21e5a1-ba87-4367-824b-523324f47b3e,VISA,19c0b0fd-af7f-4845-a143-75d4e6ce4a37
132eaa2e-676d-40bf-8abe-2ce92186d5b3,VISA,8d15cf59-95ee-4d36-9087-8224d0a80b0b
0d15615f-fd64-4198-90a1-f40458abe66d,MC,a5a7f402-9af4-4827-a79e-c1142df114ef
52a94757-85a8-4a53-8053-61a7ed907656,MC,14d2164c-f50c-413c-9a8a-57c4ccae69cb
02d1c68a-daa5-4e0d-ac0b-00acc61e565f,VISA,bdf9c3c8-2cc6-4c09-a982-5319fd2be345
f0bc6fe0-864d-476c-a951-fe7a0d7ad40e,MC,267e4847-46ac-4e9f-aa92-ac168d673936
0cf811c5-5e23-4476-8d98-1cae7f177dff,MC,6fecfc88-edc8-48e0-8221-60c1b275f968
c70a812d-a439-4dba-a831-a9060461433f,MC,a3a30c9a-3b48-4b68-905a-8f94406d3687
8591b9da-91a2-4838-a5ef-5606ecb949fd,MC,80abd34e-b1cd-4309-b231-717c4fb7984f
ae04b868-dafc-45c8-adce-277763a1c18f,PayPal,b0d79541-1adc-47e5-b135-73b9295d788a
45fe7330-8a37-4c71-8024-a68348e48b14,MC,6c41c5b9-016b-49b6-baad-fc0f48facf48
fcddc469-7d1c-4e00-b6ca-1742deb33ac5,MC,6b69dea9-52ac-4313-9ad9-635eb6375ff2
a5b0e78c-1f54-4aa1-9200-a36577dd0d08,VISA,61ecd33d-fce5-4dd0-805f-6672641d16fb
36031f4d-1413-4835-88fb-5e45184ac1e7,AmEx,380a4c18-affc-4422-a407-0a8a1682c591
d07ba603-439a-4956-960a-480f0ea3455d,AmEx,6f61ec65-a319-4c80-988c-279cd5be3d48
a839cd8b-9e59-496b-b60c-3abd3c8c8560,VISA,ad51e2db-d58a-4ebb-9873-001fceb9c02e
397e2f34-123e-41c3-a382-720714639045,MC,f9e78d4d-6df0-4278-9750-aeedbb5ae90a
8c9af3bc-6ec4-41c5-b429-c62a66e0d2c9,PayPal,e83631b7-08f0-4b5a-a7ae-7c79390ad9d7
adf23cbf-37ff-4625-92d1-b1e5f22ae8b4,MC,29f80043-7906-4697-91ce-63339383050a
3eefa656-5f66-47fb-90f3-61a6540f0715,MC,dc76a63b-2c44-42f2-918a-37e9413ba6b0
b5a6905f-7247-438f-9245-f875a11884ab,PayPal,88486cd6-8ca5-4337-92f7-00593d0a83b3
5b52a232-14e7-4935-8355-80af1918169b,VISA,b9706658-eb77-4744-b337-01a1c9d2de6d
60952131-543f-411e-94a4-c81d05467f39,PayPal,16578219-3975-41f9-a5b5-2334fb77510f
2503e089-93c4-4a09-8034-3eba81b1b6df,VISA,fea86610-6a87-4e97-ae23-428661172773
885f1b1d-4327-40f2-8a0e-32fb3d112e9c,MC,6a0607cf-b309-4f7d-b65b-94857eede40d
d52740c6-29a9-4b6f-97bd-c8b16b218f25,Discover,1c4f028b-3f7f-415c-9331-2f7d033a9316
64f4d7bb-63fe-4997-9412-4c240a054d4b,MC,216c91b6-9dbe-45e3-bb24-4595b5d40740
f0dd06c2-52bb-4b08-a757-5021e3b0119c,MC,5807476f-7b9b-44fb-ae4f-0e889545f9d5
82b9e6ba-6043-4601-9d07-f45c544d97bf,VISA,50efd6bc-625c-4daf-9adb-2c71a3db4f4d
80111aa1-d0eb-4221-9f4e-6018c32572e9,VISA,cfa5f7a7-323d-48fd-ad94-5aa3dcce2fcd
642078e6-6c93-431e-953f-ebf0e9ffa9d9,PayPal,935a0de7-be3d-4ae3-8d7e-a46640b3d0c7
b6462653-27ab-446e-a0e0-608f1bc304e5,VISA,6bae596e-7973-4f68-8cf6-fe4b32de77c8
d78054d1-e60a-4e21-9446-d670a9d3fe79,VISA,c028ca21-df52-4663-9794-345f96c01f23
3fcf4ec7-5b0e-4e5d-97c2-9a23111f0c98,AmEx,2e51574c-7ad8-4bb0-9eab-236c7693f58d
48e47989-e20d-4cd0-bec7-065e463eb436,VISA,a47ce3fa-191d-435f-ae8a-23e6135a8a49
7492c17f-2cc2-4a84-8cc1-ce301e569c48,MC,fcf56603-f20b-41e6-8f1f-afaa65c49d59
f73bdbf6-b088-459c-9017-20acbe91f3dc,VISA,0eb8dce6-0b27-461c-b4a2-5c42e5f21387
fc16f8a9-6c8e-4fa3-9d25-334473c16ffa,PayPal,3d33d24c-806b-4d6e-b5ad-ff66c55e1fa3
c7af7b43-72a4-4336-a95e-4342068595d2,VISA,e741e09f-4b87-4e98-b7cf-9eeb26bf0956
61bfe2c8-6177-4c84-9c89-7553cf91c6ad,AmEx,84d4b137-8180-4ec9-9099-7bd9b0c80d2b
bb90cb6e-8834-4502-b241-29dc50656125,VISA,1e51ecb2-7963-4547-bfe9-b7dba77955ba
cbc3ed63-6d37-47d3-b955-a1e939603462,AmEx,226d43dd-d98a-4a88-a745-e935e02cb478
e05a158d-5f1a-437e-9040-87b866185325,VISA,52328e6e-c295-419d-a4b1-0da9834a3ac0
e2dbfea3-d3a6-49e8-b999-dca473e1071e,AmEx,b6674835-4a9d-468c-98fd-eed29197336a
ec54e972-b742-41db-bd3b-eccb22d0d12e,PayPal,af934aa6-ba30-4865-8160-76c033e1dfa6
998bb891-b195-4865-a434-c590ca0a96b1,VISA,400aa296-bbab-4595-9cda-f3c7c317fb67
317e6180-78b7-4132-a6f1-2bfdb328c40a,VISA,c35b6275-f597-467b-9331-e979d8cd9ac0
efbcca66-7a01-44c5-805b-7ed045c47223,VISA,2ec76f2c-a2e3-495f-9b21-f94dca60f83f
03956ff4-22c0-4594-94e7-e21bd3a698b8,VISA,e1e591b2-5e34-410b-9f77-9a759b123736
2773f0bf-bc87-4338-a696-319b4d0d5aca,MC,45bb1641-2839-4162-b53f-e558dd1920c7
c5d9ed57-4990-4655-b8ea-5a39c8ba693f,Discover,887f42aa-e2ba-4cf3-a886-2f1f54fa2ffc
047b8813-5033-455e-965b-61ad4c91f88b,MC,7dba1042-ee17-45db-afb1-6a7f50f81531
0130d279-71da-43ad-988e-a22cf33c70bd,VISA,bb9303e1-44d8-401f-8d19-0395d0043243
7575902e-a961-4846-a945-a9fecb22a282,MC,af17fb26-febf-47dd-882a-f43533054b1c
3b00afbb-cffc-4934-92fb-152e1608113b,MC,0ec0301f-efa5-4f30-884b-6e2442bc4a7b
d5981598-70aa-4a37-aabb-86f055d31206,MC,da9aef63-d757-47d0-8a10-3c2b83ee721b
c5f5ba05-6a7e-41fc-8598-380faa56310a,MC,7b65c3a7-20d4-4ddf-af3b-62cdda566509
9cd2debf-7052-40f9-8270-ec618f5459de,AmEx,7aa4bf23-63b8-4cfa-872d-9f44b904f13e
71c44925-52aa-4ece-a6e4-c06c1cde4d99,VISA,0e4b4ed2-6cff-4881-9ed6-270e9146e7e7
e21799d7-b103-432b-9f46-3ef9b30ce7d0,VISA,56d9a0bc-51ae-4d01-b141-dfd24f617f2f
c9cea25a-a2a1-452e-aa14-92f33d1b079b,PayPal,997992bc-719e-44dd-a135-bc5f120c7ed1
d100ffc7-4361-4b01-8ee2-7d1ae3d66310,PayPal,a6ba6833-0313-4a15-b625-417f84068c6e
7ee53247-f23b-401a-bffb-23215c85f482,AmEx,dcdf16b3-f523-4f70-b831-e4a5a0e6d7c0
e292c1c2-c70b-4477-9614-d88dba9833ab,VISA,45471662-3ea5-4d90-b320-032b2518b035
97ac7dd5-e0ea-4fbb-86f6-aeb7315dd4a0,VISA,883d4f9d-ec5b-416e-8ba3-3eeca9532bcb
19275974-78c4-4c9b-98de-a08889d71215,VISA,be250f9c-579a-40b8-9301-0a3f776251f0
25f56949-28ee-44f5-aacb-212b35c0ac10,MC,6977171d-15d7-4ee0-a2cb-97062243f67e
85a49249-edbe-40b5-9b39-b4dac80c33f7,PayPal,9624f2aa-d970-482c-9223-304f4ec25014
f86a1d5b-1ac5-4902-957b-4bb7af98237e,AmEx,a3f00101-6592-4619-9b66-aeba23ed777f
406596cb-bce8-4d01-a0e5-1ef17adb4bb6,PayPal,31a928bf-8426-4cbf-a3e6-cab9f10bf741
2fb83249-d675-47d7-ab7b-ed946652d8df,Discover,712b66b9-a4e8-47ac-a416-fb365366543d
42a1e76e-5fdf-4dae-9b32-2371945155e1,AmEx,a5d6165a-704e-492c-a427-df9162e78746
26f0d694-690d-4852-ba95-406bc57f6475,VISA,ff88c57e-52bd-4cfc-a09b-fb7ee3678213
8e604480-4bf9-4801-9d70-4cafaa230ce7,MC,3c4d9643-6b27-4481-acc5-66c8e46f05d9
f50f2c56-da5c-48c2-a25b-d4b6d72089d2,MC,e371e2fd-eade-4fa6-b441-fc8e85f6cb7e
c06b24bf-d49a-46f5-b77a-ae46bb929e9f,PayPal,228b42d5-c4be-4042-a4a9-257ecec6e7f7
851b9aa0-5aca-4067-869b-14a34a5ea9eb,AmEx,aa13155c-a909-43da-a3a7-872502d8160a
c72e33bc-d77a-4713-a536-c90b54978dc6,PayPal,4cce3a3a-cfbf-4586-bed3-25adb24c7924
e0a5ce03-e656-4bf0-94ce-3d213d53bcf0,MC,78ae7979-b5a7-4ecc-974e-3ac6dc1fb0c4
2ecd7038-0864-4df7-ba4e-98b11845d6bc,MC,4a196ef9-6e92-4926-87d8-e87dfa648437
0508d6f5-daa7-43af-902c-a07f76766da5,MC,fd7bcfa1-010b-4644-b896-d26bd3f5304d
c6932188-d152-40b5-b29b-ebfbfaed7b16,Discover,eaf71a5f-1783-4dce-88ea-7835e954b26f
9f9a3a86-f557-43b9-84e8-b80780c9ee55,VISA,aa402bed-35a3-4e01-8820-dc38b3eb9587
ebdabf32-8d54-46e9-99f1-873004a752fd,Discover,5ca2dfc1-896b-4463-93ae-e619614e58d6
8b1b8a82-7305-446c-98f4-8b4de13edb8c,PayPal,39eba7c4-6f35-4485-b3be-af6e549eaaf7
9bb2ef77-c671-4669-94cf-ccac1524f949,MC,674d083f-171f-4690-bd8e-4fd13f93bd48
be23b5af-f6da-4e9e-9a95-22483295c611,Discover,0a9dfe58-e975-4262-84bd-b29bc6b5fe1a
5006096d-6f6f-4c91-abfd-62d2006a9cc9,PayPal,9d44fbc7-af74-4478-b844-9bf05269ffc4
96a4d167-5ea0-4b88-859c-5b0a347e5060,PayPal,92437aaa-a8ed-4095-b0b2-b527fd7d789f
703ba761-095e-4ee9-a204-eb854ea77473,MC,9cd26bf6-76a4-4e63-a970-315a2b5358c9
845d2262-872d-4647-8661-a7fcc7bf5b8d,VISA,089ce249-d486-4949-a05d-27f9e9c7ce27
bcf7e691-bb14-4f0a-afe7-0b0a915d80c4,VISA,ad08851b-acca-4f3b-a157-5a05331336d4
3a10befd-58b2-4652-bd05-d91e4f73925c,MC,590bee9e-c0b7-4226-a68e-862bff46914e
ee84f4ec-8dbb-4408-a77c-6559baecfafd,VISA,05eb1a3f-5e63-445c-85c2-68e2e28afd39
9b0b74a6-d3a2-4e97-916c-a2b3b01a40f0,AmEx,896a0f83-fb8e-494a-92db-a3ba5282f0e3
d78db69b-eb01-4512-8956-ef71acf6e8ae,Discover,6947834f-5032-4daa-97d3-c5c59bd9b26c
2434da64-785c-4f0c-8d4b-4d95b44872ea,Discover,983bc32d-82a5-4f45-8009-c4d8100bcbef
dd92a033-d985-4881-a35f-b9a0a2dd5578,VISA,d5a68798-b5af-420e-8755-4bd582e22cd1
95b4a466-e0d5-4be3-940f-89c8a570d0a5,PayPal,f518c4fd-ad66-4e4e-90c9-d8923b07badc
8134cfb8-c4b5-4edc-a9cd-439f33486bfa,VISA,834bed09-af4e-48f6-8ee3-7ea0e485a64b
759d510f-81f7-407d-b019-fda3673402a2,AmEx,bd955868-059b-4494-947e-667098e4264c
789bad0f-05db-4a0c-b209-a0d189ce941a,VISA,b772a72c-02bc-4261-a814-b8f305be06e0
2f1779e7-b62d-44f8-94d3-22eceb67b475,AmEx,709dee10-87a6-4cb3-b23d-58aa234ff354
055fc7d7-6d05-4ad0-b0ab-2cf3a7769c8c,AmEx,16a7f187-295d-470c-8625-5c24bbb1ebac
e3696d45-229b-4b3c-a9d7-f27de777ff42,PayPal,f5951921-c7c6-4a4b-b0cc-d3d9a5d376ac
5b0a4642-2e1d-4aa4-861b-da37ad40b661,MC,a5c43ac5-e345-4813-960d-267008e3a0c9
1d74fadb-6d06-46a1-8d4e-eaae94e9789e,VISA,28f6ff3d-d4c7-4d18-9d91-fceb62910481
b6d9f937-483d-4d3b-bfce-5b56afed6bc5,AmEx,26426c08-c2a2-4da4-8a2d-103f4c21aa8e
dd09f8d3-50c4-4d82-bd98-ecc091e0d883,VISA,749d61bd-965c-49e7-9561-bb243617f848
32e905a6-a4a1-48e3-bb78-05116f62f8fe,AmEx,7a8c3057-d165-419a-84fa-9b08aca2a569
18be9537-2fc7-44b3-91b4-3480d5d8f72f,AmEx,35b750be-8ff6-449f-9924-76d02c1c4d62
9868bbca-e6ea-4bc3-81fb-6d727f8d82b4,VISA,0d2f1b24-6169-48dd-b222-fc1302a35194
6bcb2612-9bc2-4d3b-8d3e-bbf1f3188fe1,VISA,a235fd53-78c8-4f4c-b941-7fca47386ada
2dbbe753-645d-44a1-8a7c-ce7883ad6339,MC,aa2d2191-4068-4edf-a4f1-f6402a1e4f12
3aa737bd-1a39-41ae-8f47-4b32f70b1677,VISA,29c5869f-b5d6-44ca-88ab-77b0da77f7de
417d0f0b-2e01-44eb-ae40-964b4a44ac82,MC,dd360639-afac-4c3f-abf3-fb9a72d3606f
9b5b30bb-0904-4e74-a8a8-46684bea4501,MC,8d0a1ccd-381c-48ad-8779-9b3765586db1
a76c9c65-7558-4dca-9075-91cbb5fa502d,PayPal,e978de58-6285-4fd3-9b9f-de7dba507f7c
f08ed1a5-0832-4e32-adf7-0cd350764ddf,VISA,8125059a-9fa3-40f4-ab76-658815edf26f
634cd586-f93f-4a38-9d04-44518a84fa41,VISA,18daed9a-e040-487a-b830-6b0c2db7edcc
19aadf9f-eaa3-49c6-9209-04c90829d27d,AmEx,c7379a2f-024d-402f-8f5b-1d3292bc4190
73b7c86b-669d-4091-a5f2-7cf36dc4def0,MC,491f53e0-0f39-46ae-8dc2-b8397d4ebe6e
cc2a7e80-cabc-4e48-b4c1-92044d348991,AmEx,78014f18-43e9-4002-936e-3150da3eb532
a1ba2d57-18ee-4e9d-aa18-21d086c767df,AmEx,8c732120-2a10-480a-8b34-8c9e47a4481d
cd8d12d8-ca01-4588-8770-25f5d6aecfa2,AmEx,03bf963f-6838-40c9-8a8f-1e45d23062c3
b144c47d-5618-4c93-b6a3-86dfaf1958dc,VISA,fbeee637-61c8-45b3-aa5b-5c2cfec641c2
6b25125e-904c-46f6-9929-1e4929acf6f0,MC,883f1b85-3c56-4814-8309-e8298026203d
e09439bc-40de-41eb-9bc4-d9e62ba733c3,PayPal,c371621f-2376-422a-a7de-0c338fb8bb9b
2e1434c9-2706-43ac-86ed-8bf36e6b2166,AmEx,8dbf1782-dd07-4373-9900-d332710a2f0d
73e1e70e-68cd-4398-933b-903971aa761a,Discover,0bafe3e9-2847-4f5d-aa70-58dbd90b98f4
c405782a-0f08-434b-bf24-15f2ee09aae1,VISA,06bb61c8-7060-4cd2-a8ef-86ee21fb5af4
0c693993-3979-4b20-8075-158d79e82011,AmEx,ac125a42-9bfa-4bc5-a768-e3525bf4f46f
8645da8e-97b5-4cac-86ba-a0579c4db87d,MC,a5d6a348-6c2d-4da3-9bcf-195748ec43d9
ae13d604-5ad0-4efa-9e04-f1758c5d5a17,VISA,088f1855-9f5e-4f70-b5fb-d0ee0dc97b8f
78f0b49a-7c3e-4ebf-a2f2-2887730a9ff2,PayPal,eb9e3ae2-7ba1-4fad-84ec-07531c2723de
0b99acfe-57d6-4316-944d-00b81295a400,VISA,339cfc6b-b4f0-4b53-b41c-dbe7d4bf746a
b730f06c-7988-4592-b929-83ff6420a689,MC,2d68cb3c-3f8f-4475-947f-f63b1a310904
a21b5e92-8d28-4eee-b8b4-a8f0c994ecdb,MC,d9b4ea6c-191a-4586-83bf-ff1716e87890
c32725d9-b499-46bb-b634-9a1883262084,VISA,9a4ffb94-a281-4ae6-abe3-ae10d902a5ee
42b4c064-71c1-4ece-b778-1243b6bf350d,VISA,4e8f6476-e178-4576-aa85-d736b83321a8
cf7a5432-01e3-403e-b782-d7b9d219c700,PayPal,e79580b8-1203-48ef-85a9-f4ef64393ce6
00e2861e-e92e-40b4-ae85-950622c9cd5e,PayPal,2b1f6d58-53b6-46bf-9e6a-a746d955da92
029c53d0-4f6b-4fe1-9f54-e15c2d2853b6,VISA,5a55a8b6-57ad-4143-8807-01321bf94b2e
57766bd3-269a-4e7a-a935-cd03e29a87ff,PayPal,3c68d91e-46e3-462a-b522-73abfcfdc4cd
f09e1899-a888-4c0f-87a1-d00281c29f1c,Discover,d3f157ea-3d31-45a6-9bf9-023a3fa788df
9754cb0f-b25a-46c5-a8cd-b1be829f8b91,VISA,170c96e1-399e-42e4-b670-007683ba3e82
e748a695-efb0-4dfe-ac38-f1337b928881,AmEx,8dcf8201-0d7a-414e-9af2-10087be8e64e
25140895-0ea9-44ec-ba39-707aaf5bd118,MC,5b240671-538b-4fca-ad2c-023e8a741160
a849f231-edca-4289-9f7d-092732d5529b,PayPal,882d7e78-6957-440a-b8c0-537ab21e7701
08fe9abd-8ddc-4774-aacc-9b3d1316401a,VISA,3810c8d3-f553-4d34-bf91-3ba1122e723c
3359e047-9faf-4457-b7d1-e78c0482dc4e,AmEx,6aa38095-4487-4d57-a1cd-1c8225b188cd
db514fe6-cdc1-4ff0-9829-a4416c2afcf7,PayPal,ec6d90f0-d7b8-4526-8861-e3fa2341cd7c
355cdbc4-d09d-4041-b22d-b67d448d2cb2,PayPal,5ffb91f3-fe02-4a99-9dac-da0e2c17f7f4
291e3587-22c4-4469-98df-6bb9eb207daa,PayPal,d259fe11-ca88-4c9c-8c0e-07a9afceac7a
a4f6a351-5324-4993-bae5-a438ae85ac26,AmEx,af817113-2dcf-4add-800d-b26803a5a56e
052eff78-1836-488c-a097-ae42578dc0d5,AmEx,6355fa71-669f-4fec-a719-53a57ae2b49a
711cadd6-6b9d-4264-a96c-c2578794d6d8,PayPal,1abfc384-7169-4afc-8248-9990393cfb4e
7a3d2ffd-9ecb-451e-8e54-504d3458b5da,VISA,5b94d7c8-ac0c-4e64-804a-c13d3baac750
13b3523e-ab4d-4f4c-898d-87b42335da05,VISA,b91b24c2-9c5b-493d-b025-4e3139541505
632d5619-9e36-47b4-92db-15b4bb891eec,VISA,ee77e4f8-8859-469e-ae18-b217288e2de1
813e535b-320c-401b-b652-85ffafe827fd,MC,2fda65b1-3656-404a-9618-3f17ea711051
2338cb21-73e7-463f-add1-13fcfa61c4cb,AmEx,2c2f7bde-3a79-495d-ab6d-5d88faf31c12
0f104576-be7e-4e8a-a0bb-a6e18873c402,VISA,1f46e095-6a5e-4d3a-bcd3-577c1bcf629f
508d059b-28ca-41dd-81e6-e2fdd1b86d28,MC,200fa60f-6594-4e88-a2a3-97ebecaf316f
55729d7a-dbb4-4df9-8442-2645cee297e5,VISA,c2726325-f22f-407b-aa88-17064094321f
e31d2bd2-2282-4bab-a00e-a3d28779977f,MC,70569134-c353-432b-931a-066b267e7da4
1a099ef0-8455-4884-85b3-960a1b34171c,Discover,0b4c7397-3fef-479b-ba30-b82ef10f1e14
95eaf041-bf83-4fe8-ade8-a1f21eadc764,VISA,d49d6da7-c612-468e-8d33-03ee907f4706
72984c57-5d17-4f18-a676-794d31ec200b,Discover,4148a392-75f3-4515-a1d3-8ba6f118afbb
e220b5a5-82e0-49a9-bb37-672c5a608d5e,AmEx,67936da6-443c-4d5f-8d1c-f43e2bd16f9d
93b45e36-731a-4794-83f9-19f7cdbb6009,Discover,5b4d2619-b651-40b4-a693-eb86a162538b
2a229371-f88e-4c86-9085-f5a36a62fc9e,VISA,c5325345-0ad0-40c5-9f44-69c9088af6ef
c482278c-723b-4c8b-a023-9e84ca00d58e,Discover,26f2268c-560f-4482-b1e3-8abbf8b4b9e4
5891c625-b9f5-4067-9cc4-852e6503fd01,MC,b2fe7365-f08b-4860-bc2e-8882845b9af3
cb217c0b-8f62-49c9-ad18-4c665511ee9e,AmEx,046cb831-66cb-41bf-b7c9-a8b9d183ccc5
c0237161-6389-47d2-9d89-20d7db14c880,AmEx,3d57e53b-b83b-4fdd-981a-7e507eacb8a5
5594de90-10f0-4938-a38a-a960edadca7d,VISA,f15d824f-d815-4ae0-9415-4a4818d437a0
79680ac5-f3df-41b3-8c64-1a14bd6c928c,VISA,4192500a-39bd-4947-9d3f-402e58c41231
998b2b0a-24cb-45c1-b1f6-3771376d9029,AmEx,499f3c69-9177-4706-a424-714b77253dd3
7ee51b04-541a-4ada-986d-58b833a5a765,PayPal,edc61855-f2d2-4614-88f6-c0d82e150260
e132fcc5-47b4-4e8a-8c8f-02790918ecff,MC,c4218c96-3fbe-4fd3-9bf8-3685f67d539a
939a8e27-85d0-4682-a70b-d7a2d8ae4fc6,PayPal,01eeff44-cf78-477f-8c2e-62c1a9e5cb83
6be6d7cb-e66a-4f14-b2c0-049cd35cd0b8,Discover,f6fd0c78-fd5b-4324-8ef3-4ddd02db937d
ee44790c-2ad2-4ef0-b6d3-ff3b043e5ae6,PayPal,f301f90e-8bc2-4000-83ff-77340a5eecdd
8794e30c-2acf-4ca1-9f8f-27eacd80e93a,VISA,3e7f1a99-2f9b-4393-81e3-0721cd49d82b
72965e89-d9c4-4a93-bddb-6404471de65f,VISA,b214adec-e103-4f0f-8ab9-6799b9a19adc
2a1c8f5d-3e17-4432-a012-7572dacaa331,VISA,84043c60-5284-42b9-a685-511f7b848fad
3ec43d7b-1db9-4c82-9770-13a40c235a14,VISA,9125a5f0-85f2-4f75-a2d8-e59469958b2e
fdb5504d-d428-4ecd-8fb9-158d0226011a,AmEx,0c75add3-b1a6-4706-928f-905bfa153f16
11d73e20-03e0-47d1-8a6d-096f11942e51,MC,6e9ee45a-a231-4fc0-bba7-9486f4ace654
607b2e81-b723-4610-b22e-d19795246e97,MC,7ad2ba69-c6f5-411f-ac28-46ca7e42905c
97c8ddcf-2c3f-4e86-a94a-fd81ccc9878f,VISA,81673986-b649-4fa9-943b-70e586bacbb1
91860de3-a3f0-48ce-8062-b8e896b1b0ee,MC,d40b1d56-4752-4c15-a7a1-236712e4eec6
c219229f-81bf-4421-9d17-bf72a77a9f73,MC,c7dc5e77-a5eb-4992-b8f9-03eb05420fed
83384d5f-c27a-47a8-af00-b953f0b1eed3,VISA,e6bf3921-5844-4485-9245-56e6f577730c
62b16eba-7aec-48e9-aae2-6aaa3d984d60,PayPal,86d93643-6c72-414d-bb04-ec78e0b7ab4f
6d86d37c-9aaf-4752-a619-8ae862215276,VISA,f788c3e8-3441-453b-845c-9498c18cc387
c3015f60-b56d-42d3-ba40-1bfbeec7de59,MC,3a90f2e2-1792-4f70-9666-7d2651abf6d1
83fe7db5-8b7c-49af-bc5f-b2aeec38c136,VISA,e10cadbe-e595-4907-ba90-111fda4b0e10
7dc893c5-e25c-4a8e-8c6a-9fbb6cd0898f,MC,f0cc687d-e279-4fb3-82c5-7edc2a345435
ba8f138d-77fd-469e-8342-99aa9609b9e5,AmEx,d083c914-e0e4-4140-b7e8-6332e6d92887
bb0f1c52-b2ec-4af7-a732-fa289a163a3d,VISA,72b26edb-fcba-4a23-9c9e-29d2724a10cf
6e77c1f0-001d-4f1d-8e76-810c340663ce,MC,d0b19ff0-dba2-4db1-a572-a3d0058877d6
c6652d78-c64e-4bd3-9ab0-f74321fab654,MC,1cd3f21b-f5a2-47d3-9d77-209ce5896179
d834eeb8-f01c-44b9-b417-dd84d93b3471,AmEx,f3c2c2ac-2ba4-47c2-be19-cf4bcfd842a2
26623fc6-0adf-4e8b-81d3-7447652a3515,PayPal,f6cb3256-e4f6-47bf-be5d-3f99d4541255
d5a54542-83f3-4573-b828-e956caad0150,AmEx,9bc9a731-7fab-4526-91ae-071a01cb86c2
42c49454-1541-4ca7-8021-c19c6a79506b,AmEx,6e0e8dc6-6c02-47b0-9a6c-98a634d21357
b5c785a9-062d-45dd-b9b0-83ab5d170512,VISA,1c879f2b-0592-4bcf-a29e-cf8672dc8b2a
6bc6eb52-58ce-4681-a32b-f0dc20dade22,AmEx,1effab94-f5c7-4cc4-bb19-d5cd531f8db3
030461b5-e22b-41a1-80f2-b7a9de7bc19c,AmEx,eb0b5fab-f9be-42ac-9aae-1b54bcb1e8c8
2bce877c-7395-460a-a075-2f7d1f42ec25,VISA,e5da30e0-9ff9-4a01-a4e9-2dbfc39c4703
70566095-da95-42ae-ac25-bd6c203abb9e,MC,e37b0d73-f5b7-4f8b-9c6e-3f1671889c72
f8be0769-b359-4220-82b6-08867632e352,Discover,aa6a1d04-9181-406e-b443-bc9270de2273
cbd5e7ff-95e8-4b09-9841-2cfe3f1d933f,PayPal,3a5b87a3-de09-4db8-b83d-ac9491eaee9a
7d74d8be-f213-4d35-a78e-6b89b41c8529,VISA,f06adc28-5f46-499e-b371-97ed2e7fe6fd
7c0c5641-9247-4915-9a88-23e61e35d819,VISA,e5696ab8-3424-4d75-a134-e6e2d559b70b
3e502d95-0b7a-4781-b5e1-d4c35cef8924,VISA,3924e500-dfce-4723-9f61-d65d6da3e534
34186f9a-f42d-4d6d-a967-9d36ef1819be,VISA,172c71c5-7a17-44cc-80b4-2df6625b8380
395b4061-df24-48c5-b3f2-eb99799d0167,AmEx,c7496f1e-25ca-4692-bf18-8961d6389b1e
03d38b1d-7aa2-4f15-8143-694b3e743e4b,VISA,b6163c6d-2faa-4677-a653-b8dbb5ca4385
8757fb67-52f5-43bf-a9e4-bd2e0f060a7a,VISA,14de02c1-0cfb-4712-8e1e-1bb2461e4cc6
72fb7bfe-46e3-4ed8-8423-1ccc6cf6db0e,VISA,6aefde4e-aa43-440f-870c-5da6f78410a4
ef3a110a-b92f-4a3e-b25e-66958a8288f6,MC,ead6e000-c0c2-4b0b-b13b-d2b6368530aa
74d1a6d6-82ad-4914-a541-cf3f5b7ae5e6,VISA,1b6b0d2e-209f-41d4-a3e0-719c6bd27ddd
d11de69b-888a-46a6-b965-8d172d190dc0,Discover,5f65d0b2-6b2c-4704-8578-3531af71d828
d8d95789-b6c0-4adf-a105-399159782c51,VISA,ae6f19e2-ed41-41f3-8635-5900e91c2e3d
91300e70-0ba6-480f-9e74-0bcd2ef6fb24,MC,e7d35b58-675a-4749-aa81-9a5b0793c287
3fd9da45-7289-4337-9b69-ee78aec29fb2,MC,974c2f04-4f2b-4fd7-8f1e-df124002f641
8fa624db-2158-4a41-b0fb-65e54e730d7e,VISA,17df876d-0235-4666-90d2-8e7bf8fb5af5
0a3f0d54-cf6f-4476-9540-e2c6fded6493,AmEx,cfb7561b-a943-438d-bd5b-11ded6f810a1
330c0884-eece-4289-8ed1-405a525b82e8,VISA,5e3a79ce-a584-4c1a-a957-8008600cecbf
7b73d9a7-93a3-4c80-ba6d-b80c61b96d59,VISA,01bf10fa-3a01-4820-b4e6-ce7d188bcfa2
c1335e26-6267-467a-90ac-759c10c97405,MC,97c2a132-5d01-483d-9163-42bf72b64eb2
4036345e-82cd-4b72-b0c3-19643e8e50b2,MC,44daec3a-26c1-4e2b-91d5-52af72e8630f
f572c4b6-5267-407b-9868-08a5200902c1,Discover,f049a37f-9518-450e-9ae0-6595e83ed275
8c0c7a04-6394-480f-88a4-1c0727123a72,VISA,50147970-139e-4f11-8f7e-e7014620a0a6
2b9ea9b3-cbc4-4ba0-9f98-623b3941dda2,MC,841eb1a0-98c3-4989-9ecd-a5fc7dfadf71
2f5a1f40-b6b2-42e8-9287-16e4c1dbd457,VISA,daece500-d5e1-403f-97db-e72524dd89e1
8ebf69eb-3d8e-42cc-bb46-b6bddfff9105,VISA,bed474bc-99df-47f5-9d9d-4d48449b8a00
8bea155f-3857-487c-9db6-acead5757d59,MC,175aee63-9146-485a-bc99-92c1a85d7935
04ed2223-5b56-4089-8056-8975b4147f92,Discover,1a3a84bd-bcd2-4414-b768-dc338596ee2c
d2908ed2-e2a0-4684-a964-9aadb219b9cf,Discover,3d4178bc-e5f3-493e-bf12-237866724b17
6f923684-f0b2-4e62-a35e-dbaad9118637,AmEx,dd2fee9f-2c07-4e2d-af07-1f578b581002
c75d893d-acdf-4929-ab9d-6bb074f9dd9f,MC,70c35724-e9ed-4401-aa35-f8bbfefb142f
94319d15-f3fd-4f8b-87da-4afd8e9dd378,PayPal,58f6cea8-fa57-40dc-8eb6-6a2a25d0a198
f2ec4b31-88c5-4e09-aa6b-de806eb06f51,VISA,2e299492-631c-49c7-a3b3-9b34d2d7c344
7a51227e-7f1c-4d93-b6aa-5bbdf53437b5,VISA,6949abbc-b8ab-4a2f-9555-1e19c2ae5ff8
f4e3a694-7a57-4395-8fa8-94e264e98ba9,VISA,2b8bb266-2d0b-45f6-88fb-19cf98d03f3d
9145e0ef-8a41-40a7-823e-c6252e770491,PayPal,ea7d877b-4680-4267-b813-25917a607b17
1fde2c9a-d93c-410a-a1f6-6f643aacf997,MC,894766ce-4502-456f-b6d5-931ec5004b8b
f9dc4b88-12c1-42fd-827a-69e7f17dd6fc,VISA,eb9b3dac-f13b-4211-9929-1fbdfb1b4562
f258586a-f3f1-4e9f-84d7-d15e14481047,VISA,c15c005d-0a3e-4bdc-a2e6-1a7ab8ae8398
84b99170-f2f2-40f2-9016-d2e0f6d4e004,VISA,ef28fa50-9376-4a84-ab1d-f5eae46e5175
1d2b1138-c675-4aef-a5dc-a2ef7ca815fc,VISA,77484418-8ec9-410f-aae5-f06e21ac5570
252ab4eb-e5d2-4d69-88b0-acc4b06929f9,MC,613e8362-fe9b-4362-a64c-6d2c36ca4a9d
12fd8864-d5ae-471e-87b7-495f7b18b6d5,VISA,feafecd1-ae80-4381-a156-ef40a9e54afe
d14eceb3-fc69-47e6-898f-4fe68d297205,AmEx,c1bd76f8-64d0-45c4-8829-87e5115f389e
7ecf0f58-46a8-4e12-84a8-c0cf4e031371,Discover,fa1583eb-572b-4e16-9b62-3b05f1119701
3dfe9728-1c25-411e-aee6-71030e414071,VISA,253655c0-b84a-47a9-a071-24e87ca74df9
2c40e745-42d4-418f-a070-fe15845c838c,AmEx,81b67d5e-6258-47b6-bad9-983184d5f785
775c9715-e671-4741-b341-e371a94588a1,Discover,82f8d50a-02bb-4da5-8da5-38c5fe4fb6dc
e6961de1-4d44-42b7-8822-5d5635d14cb5,Discover,bcba9209-fbdd-4d91-989c-5912b180c6f8
08bbfd3d-9dd7-4705-bddd-0282b76114c0,MC,86e2c51c-6f12-4370-9237-0f8b0f25c01b
6c6971e4-f84c-4b25-8a77-549c2e0e2e76,VISA,79614cec-b9f3-4bb6-b3f0-79585fc5e227
be3c6645-8997-4bee-92af-c4f8b205f22e,MC,ebe5e645-4204-4488-898e-a2e5843c9c12
f9f78196-9f93-4536-8cb9-634c069318f7,MC,72081639-024b-447b-8d43-8a9216836400
6e66434e-3062-4f87-ac38-0a71bc864a7b,AmEx,ebfb4b25-1b6f-4311-99ad-f61a4face8d9
b45b97ee-2314-489d-b0b7-e4bcba6bb31a,AmEx,5cb60026-d2ae-4fe3-a48a-404fc41e8e3c
033076ca-c3ed-47df-8f26-4af2b05af8f7,VISA,e74b176e-05ef-4a77-91d0-04a36ddf282d
f451754b-834d-492f-8e46-5a93445598f3,PayPal,78968256-f3d9-4203-808e-ea15eefde84e
08e4089e-17a8-412d-8b13-6ce6ac39717e,VISA,db6ecd0c-ba62-45e1-969b-a8ff64d4a171
4fc465d9-4b47-43ff-8f07-1bdd7e5efd5d,VISA,29818f8c-59dc-413f-b6cc-c27583b86696
799a1541-a7fe-439a-a126-7836d7c4f3c8,MC,176f3cb0-9ac5-47bf-857a-a7096bd24efe
24338531-e6e1-4001-828a-4f1c512817fc,AmEx,b64b2a85-97c2-4122-baf0-ce45ea093588
4c6038ab-fc3c-42cb-ae12-f5310e98f684,Discover,b2d79500-4db2-4128-a528-71d02760be44
f085b659-1eda-4677-bdbd-38ef8fe12dcc,VISA,3e3bd22c-0ca3-4590-9ebb-4d9018efdc1a
12511680-b2ea-4ff6-8d67-3c5ac6766db2,Discover,1356f056-01d3-4979-81d1-4761cbd3cb0f
7862135d-164b-4478-b62d-27ffeb64655c,PayPal,2a11febb-05f8-499e-9bb6-59121d1f218a
13398124-0fcc-44b7-b3c5-6c928920be75,MC,400872d8-cedc-4f1d-bc59-d8bccbc121ed
f41199ca-93da-4f8c-b238-fc460ba691c0,VISA,5037ec0f-bfd3-4077-a1d9-1fa50fd96f7b
1b0fc5c3-938c-4905-816a-4af90d12317b,PayPal,3843e1a1-410d-4cb4-953a-844fe90d9a12
4a6de48e-4417-4767-9e77-ca689a734edd,VISA,5d2252ec-8848-43a5-8254-b8169f2529b6
ca697dcb-c467-4737-a9e7-92f129be24c7,VISA,e803b914-9bb1-486c-872b-c47ae5164a1e
b4639ef6-464a-4d59-af71-a21071b5cb39,MC,4a9525c2-c6b4-4582-8de0-d601b996874f
668a6fe1-b5ad-4b92-885d-d699b72364bf,VISA,ae2da707-f54e-49c4-b145-425862f37930
165ccbad-7d66-4da7-b0e3-60ca2dd2fa22,MC,fd76b875-0f9f-4553-ac3b-add4cf949ced
3ff5b762-cf48-4fe0-9081-000e3e6aac72,VISA,d1b736f9-f14a-437d-a955-3a7e4af6db28
d8cab4d0-0f50-4118-b8c6-b992c75b613e,VISA,ae657be5-501e-4a3e-a07b-f64995de2f32
d057c6b5-751f-4929-98a4-0504e18a2e9c,PayPal,60d0052f-e22a-4565-8f93-fb11dc3c26d9
d57e68ea-5152-4928-9f04-5b060ec96ec9,PayPal,b54c742a-0853-4677-99ba-3552a26a2d74
d54eebb2-18a2-4dca-afb2-2fae20196e52,MC,557b9c02-ba1a-46a6-9da7-aa9c1a497f20
3ffebc71-41c6-4710-8d1c-39ea86dd453b,MC,84736f87-f5ee-43ae-a4b7-a73abff9390f
bc46f15f-fe4e-486b-b0a6-cdd9c801b7ea,PayPal,80435c99-4cef-435d-935b-f641fa099d0e
57ad6fd1-dcaa-4798-8f00-cf15cf90c6cb,AmEx,3e027fa9-0315-472c-96e0-eee3d7d241be
60e69e9e-7adb-43e8-ac23-4b8925fd85f0,Discover,d98784e0-3096-4558-8f8f-6516f7b6afc7
1a00dfa3-b5f0-4aa0-a1f4-28f634aee969,AmEx,a68b6eae-34b4-4780-a62a-7d8e63e96d26
52dae1db-4cde-4937-ade0-0466a50ae91c,VISA,384c09b6-9857-42d7-9378-46cabef6e016
f7bb0f72-4117-402e-904d-6aa8bcd6cebc,Discover,619e440d-3c23-4c57-b6cb-fed749345eef
f3515435-3a67-4ba5-89ff-073d2d5b0365,MC,a7ad8bc3-55b8-4998-bbf4-4cdf46f2947e
9e2a33c3-0165-4f9a-953a-4a0b5e22c0b1,MC,772ad54d-852b-4826-8df2-83a3bfae7be4
63d51b7f-65bd-4836-b2aa-62c5515efbb5,MC,d64535d6-8b94-469f-84eb-73a053981292
00ca93ff-ddfa-431a-b309-282a8eb74943,Discover,a77bf0ca-8d3b-4348-88ae-f3b4a095f731
18e21804-0bdc-451a-a741-55c99dec8e10,Discover,e24f7b27-88b2-45e2-9fa8-506f9b82c896
e5e9cc31-48f3-4ae3-8511-35fd960c3721,Discover,2d7bb852-6f01-4921-a390-5251df8d9262
ee5547c8-6a1c-47a2-96b6-b36f428a62a9,MC,7aa04373-1ef5-4000-9551-032ff5c14d0e
8d0ef045-43c1-460f-a0af-fd60f9f2f175,VISA,d187f775-2d95-457c-b61f-2501f1d38266
c1f3e48a-d384-4ffe-87f1-f389668b404b,PayPal,4ea1900c-f5eb-4378-9e77-31e5dde7089f
756d16f2-1dfb-4526-ae6c-92094f954fae,VISA,565e38e9-f46d-4aa1-ae59-24cca202eb53
535fabaf-3878-441c-b139-fea6dcdd3be0,AmEx,6805aa83-5444-4a0c-a475-5235b16344be
3097773b-521c-4e76-8a2d-5335e7e8fb0f,MC,dee8f6b2-43fc-4358-b26d-0f624b9c5b47
fac87bd0-9e66-4e5a-a515-0be31f4ff7dd,VISA,a1a24fab-43e4-4c5b-ac02-c3b388544b4a
691510be-d8b6-4f27-a759-bbf284e9f82a,AmEx,7fecb64e-9c27-47a7-82eb-e4f2fb7577fd
8a389daa-2477-458c-a9ee-e1dc6dfdd52a,VISA,50b9df8b-f2e7-4899-aa36-8a2f4df255c4
9d11799e-824a-4ead-bbaa-bcd572b9a297,PayPal,3f857c33-ac3c-4f35-aae2-61bcb0de3694
df4a84e9-3d51-48d2-8086-9e6f2dd00fe9,MC,7d5163b9-2605-46e6-8a82-3f13eb4bf4c6
152dea6f-8d5d-45fb-bcaa-01930a85c80b,VISA,32165b1f-11d9-41f3-944f-84b8f09fa146
40fa841d-0cba-4f97-bc60-f633d39c5a04,Discover,62210a66-2ac3-4819-b92d-9a18c3ebed0a
bd6d88c0-88d0-47db-aa91-acbe1283dd33,MC,80b148f3-c6b3-477c-8e8c-ea6178aff024
d0b0a440-73b0-4f6f-b59a-9e88af68ffe8,MC,3c0a1b79-d236-416d-ab5b-a142d7f61987
9b2786c6-cd13-4c59-b950-37c7b980bab7,PayPal,423fe5ea-3fe3-4815-a39d-78f36a7ec82b
8a81a8f6-ec52-452d-90c7-f8787151105a,Discover,8de12581-a9ef-4382-888b-e2d12f73f499
833d4a15-7697-49b8-a56e-e854ce76ba08,MC,db7497af-cc16-4b63-a92a-e02232ad5ef5
a735d3d7-1ee2-4e29-9577-6380cadceeea,VISA,82628dd8-e33f-48c4-9600-894e7496f740
77b16461-c28a-4f78-ba2e-93733b1f9b06,MC,1edc18b6-14a1-4b48-b11e-c86dee1b5ffd
92692e2d-aef2-41a2-a56b-dadb0e37ee5f,Discover,3c624b06-5966-47ba-bd76-839085c40fc7
8d00fe89-0420-4ece-b3a5-21f3cfa8d3f5,VISA,bb10a7a2-ea13-4348-9a8b-b1021c2ca31b
6e4b73b5-7220-42cd-9c63-32e5215ab74d,MC,093eec6a-cc06-42d3-aebf-e28295d40b5c
71d1a61f-f2b0-4319-b338-f4e2da14e230,VISA,1325096f-0efa-4704-b2be-56abaa51e112
76894d71-909b-4485-9937-84d9ba1f3611,Discover,3857df4e-316e-46ba-b2e8-5daf0bfadc3f
59bb7b3a-f910-46bf-a3ab-fd2633bd0cd3,MC,0c78610a-ac70-4e0f-bbd2-665ae6662887
b94beb53-a7b3-44cc-8c46-609eb08a25c2,VISA,d8d8c4e1-6327-489e-adf8-bd67622d106b
5d5e287f-b941-4678-be59-3ca9f11d1216,AmEx,52bfea72-8edc-4aba-ba8a-7192ec6d05c9
7615150d-8bde-4bc6-806a-ace9ab48add4,PayPal,0b69d21c-4ff5-4f8d-84ef-99c9fe378416
1d553bfd-ce0a-4ab9-a557-d43da8b2501d,AmEx,20fe66c2-aa83-4929-b872-480e80476ffb
0bd57aa1-ca17-4f2d-a9ca-c67c456c6d44,VISA,d9f51c85-ea4e-41d4-8aa7-4373d6c69db9
48983bbe-9a77-4dbf-94d2-9f5f844d6e94,MC,0eba8808-18b6-4acd-a3cc-0e728c88af63
94c26e3c-7507-4857-88e3-794c22b3ce1c,Discover,cc37dd03-eb6b-4063-999d-041316ddca2b
f6cb4cda-48c1-4356-b216-478b6ca938e5,MC,ff8f6573-a594-4753-bebf-0748f63b1397
c6fc89dc-f4ab-42ef-baa8-ae8f55e53006,MC,ac17f2f8-356a-4eb0-b941-00ff1ffd08cf
7998a50d-3aef-41ff-b1c2-d80ef6c1c9d7,VISA,f1d86d27-82e2-4a5c-a1a6-a3ffab5c51d7
c7ed80aa-fe70-47dd-a50d-d8ec806dc7f5,AmEx,df12f50e-a5e8-4ea1-8b17-039c95413e52
7877c68d-acad-49cf-b679-163d80e4c41c,VISA,a7a306aa-e54b-4498-8e11-159b3263ce78
bf25b52e-d92e-44b4-acd4-fa8ecf074542,Discover,6e7de6a3-38d1-4f17-a42a-22faf61eb7c7
870d3bce-b85f-406f-873f-0d6211500caf,Discover,9526f43c-0370-4baa-8feb-8f06c743ae8d
00753074-5c0e-49b8-816e-465bb87b2079,VISA,7043cecb-1c71-4340-b22c-8bc5c2e134c5
5a54c15b-95de-4682-a568-1526d52383a4,MC,711258b6-0365-4850-8f82-8817408d2a3b
68355cf8-862b-4525-b1e4-bfaa85351ab3,VISA,10e92472-1ca9-4dd2-86c5-e3a3f0abb4d7
dec97efe-5cac-4353-a93e-dbebc6a78fe6,VISA,af9a738a-0723-4d81-9d51-86fecc2b653e
94eaa2b3-47f7-4a5d-bc98-ec0e22003c18,VISA,55a605ad-afe3-44ed-88a4-226c12557e1c
ec014b94-b326-4a5f-a72f-4a21a68f777e,Discover,6affbb36-e170-4b89-8638-f3cc6fbfaeb1
a855f695-b004-4442-8ccb-be900aba9c6f,AmEx,f420e220-3373-4a87-979f-01a9dee7cb05
74dee1b7-7a44-4edf-ae5f-f417c1a497a3,VISA,132ad245-c3c4-4eb4-841e-f6eeeb1e610d
845416a4-ac65-46ec-99a6-612ceb0ab33f,AmEx,148951ec-d69d-498b-91e3-5300dce200ee
8b209d26-ad36-46cb-a98e-65ebc6f718e6,VISA,3a261a8f-c66b-4224-b701-87a9d849fe34
cf069df1-9c4c-4a74-ae54-cdfdc8e52bbf,VISA,506ffbce-fb6e-4877-bc23-20d0d46285ec
87d704d2-959e-4c6f-8274-c4c3999d5bd5,AmEx,636f3e53-53c5-4ede-aa07-46fbf8197b7a
85ce383a-c6b6-4038-bb4d-d9d58310ee5b,AmEx,f69be505-2b24-4471-8a62-4a179b125d48
5f6f09a9-5d38-4c59-8749-f86059ad5c1e,PayPal,b189ce6a-3cd9-47be-832c-a0eb519e8047
6f580c93-a76b-4141-b6b4-dd449e753257,PayPal,0659bc0a-766a-413b-841a-ac1fc68f7b5f
3aceab16-fe35-4227-a02b-ce08b35e4863,VISA,f96152bb-cc11-42c7-9a7f-56ac51ba2bbf
342585bb-7177-4e0a-8ae5-a484fd12e90f,AmEx,39e6f3e7-a710-4418-a1e5-da2e1810bb04
b87023bb-d7b8-47b5-a62f-81c30067cb72,AmEx,9fdac4ed-5e19-4074-aa2c-8444a8ff810f
84e254e5-6faf-4f04-a407-664dac05e7f7,AmEx,4725188e-5e99-44fe-a981-6e369f29c635
aea6b84c-a1fe-4e25-b0b2-3a64758dabea,VISA,092d742d-f171-448c-81de-e694805479c5
653e6b66-4080-419c-a493-3eb0d6a148d0,AmEx,03d51691-6d72-4a43-a38a-ff0c7009077d
58bf08af-c8a1-4706-bda7-fc0edf1caac3,MC,36274468-3eca-49a5-9080-2b17264b894a
4fc2b823-d669-4ac8-868d-5205e33e7762,PayPal,7697d1e5-42c7-4225-80d9-0166b59c5168
6f0e1119-fe87-408a-93d8-e20669e464ac,MC,d1fedef0-29cd-43bc-8261-16eb1f652781
486edb9f-1575-4107-9ac5-74389f269a51,MC,9c9f8349-7ded-4062-9862-5d52f9036850
ce749c96-b541-44ed-b8ac-2a247005cab2,VISA,7ae969c6-058e-465f-a4db-3c1d3cc7c09a
a6ffc44a-0654-4286-981c-d231bdd9123c,VISA,75b393ae-3722-4065-9b77-a001a05692f6
7aecdf57-1ff3-4ed0-affc-82545ca28ea6,Discover,b9580cb4-4047-430f-90ef-b0ebfa510ec2
c736a3c9-bd61-4066-b917-f2ddb7f226e6,VISA,9001fbe9-ce56-4738-9319-8a5139a24c31
a19048f5-ed98-4690-a3e1-9a510f5a09c1,MC,d41f06cf-73a4-4228-bebc-ca76b94bee6e
4aca6883-b23a-49f7-ade2-785a937db0af,VISA,ad1aee8e-6dfb-40fa-a979-d539b9d13d3c
cd710397-2803-4d93-9fb1-e36a567aa362,Discover,e6152b94-e3b2-4554-8c79-15bb9c393f2d
f3d43003-3b56-4611-aa1d-71199175a0ff,PayPal,bfc3c1fa-b411-4e7d-8fed-e12a828abe06
1724ed1d-bcbd-4b07-8531-455c1d9b28ca,PayPal,f8a91d5a-a6fb-4872-baea-af4010093635
3649b9c6-fc1b-477a-a36c-f9b926ad7334,Discover,41cb9deb-1139-486a-a4a6-42401e4c807d
d16e889d-badb-446b-aeea-a7a62c7873f0,VISA,c25e589e-93fd-457c-ba35-2e672a55b675
b9717f17-b4f2-44a2-8612-bb15d6b6aa5d,AmEx,78efac09-0691-4152-b6e7-85ce947129d5
72479526-16a4-41df-9b70-19a33032e04b,Discover,d7b84cd9-98a7-4051-965c-6ea25da153ff
3b6330e2-6ca3-45df-bea5-ad46dcfcfcab,VISA,5d13a6cd-4b1d-4405-bf32-4b1ebf086b17
cc52c2b5-45e5-4fc1-9825-77a2d3d48859,PayPal,42c875d0-f348-41e8-8393-36f7c3eec6ad
6a31ec59-c098-44d2-9b16-038f0b97cffa,Discover,b5f258da-6105-4176-ba98-b78cec135545
b6008024-920d-40c3-9d3c-1ac80bc16f13,MC,8369679a-4362-45e6-b7d8-857609066f91
f5927ae3-d691-4ef9-bca3-9cbd67543c06,Discover,aebcc144-d28f-4b0e-8227-cea9899549e3
97d4e1a5-bb8d-4444-949f-7ac88a16647e,AmEx,fcaef024-7d82-41d2-8685-55a24dfd0652
15722c55-d1d5-4aaf-b2bf-119f4ba2c43d,PayPal,aa91858b-8b90-46ea-ae3d-d564765ac655
22be30b2-53f9-436b-b067-202e03020f5a,MC,a1ae7465-0078-4e19-8913-e4b5512fa36c
717dd480-f720-4473-b39d-3a0a960fa9e3,VISA,f0e169d8-475c-4b34-9652-0fcfc366d32b
d6d131ca-7fd7-4f54-8497-f226218ab9a7,VISA,6165bf6d-3e03-4f86-bc88-cf4044ca2b18
7f74799e-2ad6-4728-8214-ddc48aaebb60,VISA,331e5b87-8e2c-4ea0-953c-b6f7d036a887
17dc849e-054d-4097-88e2-7786f18f1c67,VISA,16f34763-9c59-4fb0-aff6-c8a32b4c4a60
73c95135-6617-44e8-8073-f322a48fec76,VISA,b4b8d167-caa6-4f04-b2e6-aa446b8d3a18
db275989-f830-4c1d-a218-63e544617b11,PayPal,b0209e69-c932-48cf-9e17-61a8e0e0d7df
049a4afa-6d7d-4e26-9b40-5f3c2c06f10b,Discover,5cf36378-aa20-4e23-8880-0ae81c2e555d
7c519b9e-e20a-407f-8266-9e9fec698c3e,PayPal,94b537cf-c9bd-4be0-ab23-2d0a4f1a4e22
7f72e283-6d66-4133-afaf-7f2a014b4e3d,MC,03bf70ba-a541-4127-96f1-7c898b176e2a
7986e66b-47d0-4696-b025-c70072cf2895,AmEx,a9e586d1-078e-4118-b89c-21decb7bd9dc
4e836379-a0d5-445b-8258-472945dc7cb3,PayPal,bcc88ac1-798c-4ad1-9bac-0358f1751bc3
67bd0f87-2a62-46ed-ac54-8bade630a541,Discover,eca4ceed-0b00-4c5e-ae91-5d63011a990d
1472096f-d6d2-4dea-872a-d32102711c31,PayPal,5da49bc4-d47f-46d1-a0cc-bbb650a5db95
dd13d59a-99ee-49e4-b21b-6061efcaeaae,Discover,97a26951-deb2-4e50-898f-c09e5d137e71
48a2cd74-d852-47b7-9ac7-a524055fb71e,MC,4c8f29f4-7cc7-4669-a0c7-320045959370
2cb1f690-95fe-4d44-beae-b5be0cf87c69,VISA,14562842-7a75-4149-a5d0-6bafe8bd94c3
0dff26ba-e732-452c-bba1-048c05163a5b,MC,f1296d4e-0feb-4b32-8001-4fcff5f77a4c
558d9927-a922-4bf0-b89f-f0a0316d9110,VISA,6b332a6d-1324-4091-9fd7-65fc7d56cb58
50ecb330-052d-4015-b337-928f427e5792,MC,e7d1c1a3-1467-4675-90fe-4a4fd356f71d
ee33d3fb-f3c0-433e-a4a4-cd1e241c5f88,MC,1651e289-404d-4c8a-82f4-a1e31281e439
dd1ac566-f030-4d11-94d6-f354586183a1,AmEx,ece89fbc-a575-4440-ae41-186600c61381
8bcbb4b4-3a32-4ecd-a64c-90d794b9883c,VISA,013dbe79-f325-4d76-a052-5759e32d006b
e768c88a-412c-4571-baa7-1ba81779c2f5,AmEx,89e75026-524d-42ce-9fd4-29885171c77d
8d61a4b1-b043-4b4b-bf46-f044d884a131,VISA,836f5237-5528-47fb-ac89-d407bf3d8522
0c527af3-9761-4a3b-aa1d-a1f395d87d4c,AmEx,64b31d47-3c88-4cb7-bd1a-edf55d72296d
fb6c42f7-8721-45f3-a561-638ff3569aae,MC,6aadb8ef-c25c-45a7-9cd6-8215d575da48
242a3781-9c74-4feb-9ced-cc09f6e157d8,VISA,51e71468-f45d-45e8-b442-de2a47344ebc
40c978d7-6d80-496c-85a4-4724365019f1,MC,e0fad3ce-2b7c-4950-8077-b348e11d3487
eda68ad0-6f5b-4d53-a437-4f560fafafb0,VISA,eefe5d76-b53e-45e1-a401-f44347b831c7
8bf4333e-8711-47f9-b48f-7de08f20e9fe,PayPal,064d7ba4-8173-4a7d-a8ce-bfddd1f647d4
6b0fb616-87cf-4524-ab4e-1d654ea1ab9a,MC,71516d54-ec81-42a1-88f9-48dc7bc90675
0c32db3b-2835-48b0-b7c9-46b17097acbc,MC,15c77466-baac-4764-92aa-7b5e46449f15
90fabef1-2fe8-420b-8a4d-6b1801a88aef,AmEx,34317e6a-c6f7-4ec6-9398-469784ed47df
223a3b6f-4c2c-4125-8a6d-43f27a5ec4e5,MC,dba62ddb-a16c-4d59-8ee6-151981af48f8
49a6cb50-c9d4-4436-bc52-e22f3a8e4e75,MC,efd05670-d806-4896-9d61-56f140372fe5
338fe103-bb38-4299-a405-8e1004a549c2,VISA,d8f388e8-2d62-44cd-8539-7408ef73c60b
bf285b4f-a3e3-4ce4-82d7-fd6fa75b7156,Discover,f32cb9b0-2f60-4942-8db7-2b3bafa57b97
304a428a-e71a-442c-be50-d11dc4e26990,VISA,7155bdf5-20a5-490e-9633-c8a89caf363a
c8ff517b-7b21-4b4a-8a78-3c9cb55792ed,VISA,20cd967f-f7b1-474d-9b15-90df071b494e
4d92a965-b1af-4f03-8ca2-c0fb55f4178d,VISA,b3a9ab45-971a-4895-b3ab-1a4a8603f8f8
3ec95b2d-3ae4-4c0d-b8dd-ac092a9df063,MC,22429424-8408-4c39-aa6e-35222ec15246
e06a7708-9737-4120-bc5b-5903fa1ce42b,VISA,9d3bdc52-acf4-4d7e-8a93-724796fac9f3
3ca91536-f269-40e9-a4ff-92bb029d2c90,Discover,9d38a062-5095-4290-a5fc-816da7e7360f
e9b8b586-94fc-4991-a51e-248002c8b9d9,VISA,a97f9899-c47d-4e2a-b7de-a0c99d8c3f8b
be287e82-bd2a-460d-9d37-2ea86850e162,AmEx,a8b005be-ccb9-40b2-a7f4-0fcd5eb7992b
2c50736b-396b-4455-bccb-7176a98e494b,Discover,088f3832-f906-4050-9be9-ac505ec895da
74a1316b-1514-4f65-a3a9-dc17ebef16ca,MC,0c9207b4-442d-44cc-bf2e-2a63353090b2
0dbb4bc7-439d-4875-b35d-7a8d63ff7160,MC,cd880c3a-b4bb-4537-8b0d-3ed1bda75d39
3f8184f9-a401-4009-abfb-976aab7b7838,VISA,4dcab362-af9a-48cf-820a-6e14e51a0f7c
734e9faa-2828-45b8-88dd-4194261fa207,VISA,5bc09877-4241-46be-9d6e-e572b6a7588b
445fbecf-9326-4f2b-8ca5-b7694bb9c985,AmEx,75b4d5a4-c40a-4217-910b-db03fef460c2
501dde31-2b73-4151-aa05-55b36be3cd4d,PayPal,163c87aa-556e-4a55-8a5e-06c2c6b4b7ea
b97c4a9c-0794-422c-bc7f-3ec8edfa2520,VISA,c77add75-5ac3-4da2-8dfa-503e6806cdda
2efd1909-aee1-4a0d-81eb-9ceab4821e5a,MC,f19567d9-336b-4a54-a581-b73d25a7d021
c9ea8398-b046-42ad-a292-2fe02ad9c490,AmEx,fa6cdf38-33c3-45da-8405-006386cab2ac
09e26fd3-30ea-4907-87a2-477c5608c23d,MC,0b54e2c1-d229-408e-8f84-2e45abb34e01
a6d77230-51d5-42bf-a173-056689207e20,AmEx,a3260330-1798-428f-b263-6e1f9e7d6451
0cd3af87-63cf-49d7-8205-f983454c581e,AmEx,a2720c89-bff0-4f33-a9aa-1034fcb343e6
e0aee874-9dd3-4519-8213-aa584a7b4a3c,MC,48b46456-7cb5-417a-be95-df3ddf817c3b
9baf477b-f7bc-4a19-a7fc-52c2553f9ad0,VISA,7db697ff-db90-4735-9d3b-3b56cb7aefbf
b75f9b38-f631-4731-963e-7ac255c32419,AmEx,b09d995a-6832-4382-9fa3-65bd6896e071
44bb2a10-12a3-40f0-896d-d9f376931c5a,AmEx,7f88b105-6969-48ef-a9f6-f877762d685d
bccd4700-fe58-4ab1-b07d-706736dab1c9,AmEx,aae826cd-2031-4886-a2b0-40bc886bd26a
29f96897-f54f-41cd-b702-9f63ed8cf86c,AmEx,3a3ddf50-c15f-4ba2-955b-fd2888814bac
cdafc458-fde1-46da-baae-6b0251b55a7b,Discover,1b0d821e-f8ff-4132-8250-a4822212f773
f7d224ae-f9d9-48c8-a094-5230462fa424,PayPal,f6381b8d-dc18-49f9-b157-452f98011814
4bbbdea7-4084-4f09-a54b-c21a1c639a1f,VISA,f2b98097-cb9c-444c-8de6-210b870a432c
b7827d1e-e71f-4546-8976-d57b5117bd40,MC,c7ff73a2-28c8-4ee6-8f42-f930024ef5a7
ef072a36-b868-4a7b-a83c-736f3c52a994,MC,f93c3cbf-78ae-491b-8e13-c4d6829f263f
ef9eefa3-2da0-4a1c-9799-a7ec6a87ef2d,VISA,b53b2e24-dce6-49d9-8394-82b0a3672b16
51034ff5-df5c-4d78-af14-cdd0381630cd,Discover,cc26cf6f-79da-4f9a-8fcf-f068cbd1074d
6bee4926-cbc2-4c7d-ba00-4e9ca490adea,MC,4abb326e-27d1-4466-9d2b-883b4c24cc36
5a64182e-4880-4407-8d93-94a03303200a,Discover,0fc09a66-9073-4b30-86d1-174a5e43f739
87607c79-d9e8-4593-8e19-bdc316a2a098,VISA,ede8ddca-5ba0-4f83-bcb3-71ecc43bead9
1a107439-8c88-4ea8-aad4-0ce0b9617c0c,MC,b60b0b07-124c-4120-b579-ace16664631e
eb8de5b0-a30c-4455-bb33-b469055a25a7,MC,962470a1-4e31-47d0-a396-b087c724e15d
31159e62-22ba-46c0-960b-305cbd6d6781,MC,13cc7272-2d73-45ab-b27b-c79868548ad6
40e68271-f62e-4dcf-a039-406f0f34edf0,VISA,6a0256d3-e8a3-4184-9a0d-49ed76adb72a
3c377b98-1b79-431a-bfa5-c02c7584dc5c,VISA,f38d3133-34e1-40a7-bf63-5caee7ecd637
2334b37a-19cf-47a6-bdc6-7f33249a687d,VISA,4e1ea6d0-37bf-446d-8046-d380093bf142
b9443cfb-c282-44e6-9d16-08cf005a673b,Discover,365a0620-f3c4-4ca4-83f1-6262639e78b9
8f28e064-25a6-4ff0-bf38-e56621eeca7c,AmEx,dcb32ad4-61fb-4985-ad04-449b1863f63f
f05b0c14-f1d0-414d-a3cc-fb923e3733a9,PayPal,5d3df497-2143-44ed-a4cf-4266e50d1682
abf7ee64-b044-45ec-85ed-fad378f19f9b,VISA,5ececf22-b52c-499e-8b28-65f44d109e18
f04ca93c-3fe4-4824-8209-1ea153833feb,MC,e97c8449-94bb-47d4-a645-0215acea2e34
77a05fa3-2dd4-4d54-8e57-b10800b0e45d,MC,531ca1cd-2588-4d23-adac-a8f0d2952418
9bad4230-9419-4c3b-9433-74e2a8d42a93,AmEx,17d81616-67a4-4e27-8b01-28cc916428fd
9e58656d-2881-40ee-ac6b-cc59c137374a,VISA,aa2b8406-72ea-42c3-90b6-deeaa8339104
ed998b0f-d60d-47d9-91ca-478f04c3d908,MC,5342d288-5864-437b-9af0-48fb0c7dd342
2143e665-0563-42ce-8bbc-116563c86f4d,VISA,6477c777-be42-4168-b3fb-079ec686d74b
7fadb149-f0fa-48dc-86bd-335cd7fba7b6,MC,2e7c4b35-5f57-4d11-ad5c-0a1f4dec33db
0d9d7471-2510-40fd-984a-b21aa97af491,AmEx,53effa7a-e198-466c-803f-17c9a75525f8
cada9015-2a48-44eb-b413-a4ff6309cadd,MC,f6fec7bc-3c97-4c86-9ac8-d614aa4265f5
7ab35ccd-c841-40a6-87c1-a947b17862b5,AmEx,d45793ee-5672-4ba7-9198-f3475b1e476f
c0c4f8a5-e2a4-4df1-ae2f-1be24d4b6939,PayPal,cdb6f849-f38f-4f97-a65f-2215d714bcee
8d343805-80be-426a-8bd2-4452c1b1d0aa,MC,9bc7596e-fe51-4694-8a40-2fd34559e0eb
a452a9d5-5e83-4ea8-ac58-e71e5fd6fabb,PayPal,a540273f-02fe-4554-883d-3f6150ac42d7
d6bd08d3-92b1-478d-9fff-883b93f50eb4,MC,f04af785-3453-4343-8815-23eefc29e341
55afd790-057a-4406-b142-6a3e108cf8eb,MC,89faccd1-0170-4537-85a6-3db6dcd9b5bd
200b5043-ffa9-40a2-b121-d7038d649fd2,MC,38433e11-d772-47f6-b874-5328928e22bd
d1484e4a-1f5b-4864-9be0-e2f9292aeae3,VISA,c857b8dd-1939-4de0-82a1-d1f46bce706f
b95aac75-a596-46f2-a76c-d6c0dd8fa624,VISA,af625bf8-5924-441b-865e-9d0e8da40e05
ee7080a6-e041-45de-a3b7-7208975c3e21,AmEx,ad22a737-edbb-413b-a301-f4f37abb04fe
cab1f647-c18d-4a5b-8d83-cb4791c04a04,AmEx,f2cfa36d-191f-40d3-bfc9-1023665defe0
242039cb-8fbe-42f2-9fde-14f67a3a57ca,VISA,fc5b0b38-b69d-41fa-b0b4-d40533acae80
f7fb6019-63bb-4423-87f2-2d4637abc16b,Discover,3c24e195-03a2-4fa1-87d5-7282c5e7bf07
4512d601-2e30-4084-92ff-19d52877f6bb,AmEx,7731c54e-ffc0-45c3-bbea-8ebc20bb4a5a
bb738501-e296-483f-8c00-53d0142b5ba0,VISA,08ce197e-55ed-41fc-babf-1fe921e36c18
e4e377b3-b372-4b1a-95dd-bc0fabd8f2c6,AmEx,9c305f61-94f9-4649-9109-d07d9f443928
2e350074-f773-494a-a4d0-b8e11b0bb941,MC,787f1fec-9b8e-4945-956d-bb548f4bf164
f4f1d82a-f793-4748-8df7-da2f595b56e8,PayPal,eeec2170-7a1f-407c-9901-25f403890cd8
53ec9e39-7f24-4fd9-b111-397ddc812d85,VISA,9a63d551-18f4-430e-92ba-032edee908ca
fa773ba8-4219-4c96-94a9-fb1c1e500887,AmEx,7c1d531c-e3ed-4af2-bdf4-e3bfa3537343
2d84a980-b35f-4e92-ae33-5a66843c8a48,PayPal,28728d30-958a-4351-a657-e69bdfe184ae
f35b096c-5609-4b4b-8d4f-971670590d93,VISA,35b7f4e2-9bd9-4a24-a18d-1b00c5c2145b
e02c3714-cd6c-4016-bb5a-921f760d6326,PayPal,262b6eeb-01fc-4977-8d9e-0076928278b7
e3d74581-0c5e-4251-8429-4fd2bfdb40cc,Discover,3634061b-cd15-4782-9512-5f7552bb772b
d579c244-64e4-45d8-926a-3a43d8e8dca3,MC,9c7eb3b7-9b56-4d6a-b414-2d551f2be69e
8c08a466-fbd4-4368-88a9-477ab88b7b56,PayPal,6bfee6fe-1e73-4e2e-afda-9029f867d277
943ae7f1-890a-42e8-b1a4-dcd4cbe1c4f0,AmEx,293af665-534b-4f1e-81d6-0e804ae85352
7ea17eec-9121-498b-85fb-642c512b54e1,VISA,5d9e20bc-92d7-4651-972c-57248c7bd80b
605e423c-61d3-4ce8-9975-d24b3948e672,VISA,c6c983e5-2471-4e06-a8d1-eab2cefa79e4
ec5eac0e-be63-44d9-be64-28e48e7228e5,VISA,228121b9-72bd-4a97-a9ac-c47eb203c3c1
b179a104-15ad-4420-809d-176c1c07b791,VISA,7ca9774b-1fc3-4537-95fd-182186900594
37a323a5-ede1-41a5-9124-0e9ba25adea4,MC,ccc7383d-642b-482d-b5ef-2af9cf6172b6
6bf4fe2c-c29f-4436-9025-3dec70314d40,Discover,30fbe029-f048-4116-91d3-938f3845db73
1d33407b-66d9-431a-97f2-03fc931da77b,VISA,a4a43f29-32f3-4965-9b31-e8e8e02e1d18
a6601796-7937-4493-be09-21c830ad9e62,VISA,139e4e19-233f-47c5-95bc-2711c8b4b0ab
8e697d66-5a86-4c3a-83d9-95d9f67cf34c,PayPal,783d3553-7d2e-479a-a994-18a470f4625e
dbe7453a-4dce-40a4-aa64-a936090888cd,AmEx,b2df2eaa-b10b-49ff-8a81-2c9d2cfcf2e9
54345427-e30e-4da6-8eb4-260f347e2b9c,AmEx,86ede73e-70e5-45ae-be3a-c21ec92f2e33
449ab31a-52ec-4488-93d0-c1968d48398e,MC,a95a7b71-fb2e-4a38-a916-0ea3819d0747
20c2b8bf-9808-49d3-95d7-acd199ed5c9a,VISA,8d364e53-de45-4c0d-945b-cc9fa7b8f56a
9e26deb3-d75f-4fb1-a841-287ca936d18f,VISA,77b2e019-be88-493b-9480-1a8d15799409
f5cb8363-f4e2-4ad0-9d56-f99d613f8a19,AmEx,8def47ea-aae9-4ddc-ae70-dad0664d392a
4cd05842-7a41-4f99-a446-5ef6d8f8d5e3,PayPal,53fc8e0c-640d-432d-a092-c8fb8e2e5715
5f75b4b7-a390-4c7b-bf6c-120774b092a7,AmEx,241ee99e-3a41-4ce2-af25-41083bede935
1e4ae19b-2346-43c9-a196-64ccfdd58865,VISA,9191baa8-6299-4a7d-9601-c03e5fda5ea0
94e92e6d-18b9-4a93-abb1-e61804c01dfc,VISA,e2830842-cf5d-4c93-b531-b9c0acaa4516
abb9d6ff-d8d2-47d7-bb25-014a711be79f,AmEx,6f5eebe2-afad-4e7e-a1f3-26a1672e5303
4a478d95-8538-4123-8e6a-8bdc3216bcf5,VISA,370f5bc6-5015-4b0e-b3d3-32d2eb8b5020
4eab5a8a-c193-4e56-bac9-96417a86fc8a,Discover,c7d827b7-a5cf-48fc-95cb-027b5a4941b0
141f5d5e-8a98-44c9-b880-c4d90aea546a,PayPal,be13a735-1ade-4b4b-b082-cce8e9e7f2bd
61bd7774-cf93-4b58-a503-c2f0ded7ce88,VISA,a6cdaa74-ac44-4960-875a-d7135fffe99e
0a21a8b7-fa18-4a4c-bc00-3672f6f7796e,MC,c685f660-b3d4-4499-931e-6e00ab801469
3f597bb6-4e66-4004-99ce-3ddc9f8fc830,VISA,40cee817-ece1-47f9-94fb-77fa74c55adb
e3af9165-1b26-4287-b6fe-3551cbee99fa,VISA,32ff5962-4630-418d-9797-312f15b3b290
0e842d7f-bcde-4ad1-b73a-361837b2f680,MC,2daf209e-8dcc-493b-983e-220bbb061e7f
ddc9810b-0a07-4f2c-b903-3dcd31f65b2c,MC,153d11ee-5ef9-4e04-9969-1ea0c50cce6a
e859ce94-5b12-4399-a099-19babd0e729b,AmEx,5d343cf6-693b-4f7e-8bff-e4e4ce7bc0f3
8ab61e13-79f4-4f1f-9c87-196558c3d5c5,MC,789a70bc-34d1-4c94-9761-c9f327e4add7
ac2d661a-bd5f-410f-a054-3042b2c149d8,VISA,637db1cf-e0e8-46fe-987c-08e8a8ddf66c
5bbcb97d-0cbb-4e11-82af-264873fe79b0,AmEx,ca0d553f-5775-4663-af9f-e5ef0c80f3d6
396aa78f-9b51-4acd-b787-651f46f36ba6,VISA,9ad5f210-dee8-4a4d-9ce3-753beb65fa53
e8b39f27-1553-42e9-9882-0fe1d4af99fd,VISA,1899e5e6-97a5-4f59-be4e-6cc702a84ba3
2ed5e3bc-9151-45de-afae-99d7aaec9588,AmEx,e1a9b534-0053-4fcf-a66b-de6598868a5f
5eabe19e-48f7-4378-b6e4-ba64a7778b28,Discover,5c4ccee1-22a0-47d4-ad51-fa19534076ea
b4acbf7b-41a6-4c9e-bb66-a0f474977496,VISA,bed7dbd0-c772-412f-a902-e8d61b0bb95b
5652c4ae-9253-4911-a587-9513135774bb,MC,3bc0dcc6-9797-4354-999a-a539e2761a6b
427553ee-3ff0-4f24-a504-e3a201834175,PayPal,04c7a352-5b35-45a6-958b-93df08cc8ca5
de3ca7f5-3769-4a15-a78a-04f9227184ca,VISA,938cbe6e-1adb-4a51-99f5-62a8a533b200
7bcb6a7d-bc92-41f7-a0b4-ada264656792,VISA,2d203637-1f0e-4d6a-8b34-eb01d1a90d66
24f8aedb-09e3-4bc1-b366-a3dab108c1bd,VISA,8dd180a6-f5c7-4cee-a29d-43947606f6b7
7376f178-95c1-4e2e-974e-492d867d4215,Discover,d8d23c7c-9b28-4ec4-aa6c-9692c9226f7d
e2966c90-2f59-43be-8502-958be3f7c42d,PayPal,d1617709-7e2c-4e4b-ae65-eb4a9ff9a713
028c3fc5-6af5-48a1-a7ba-ee8613ea2e5c,AmEx,08cb61ad-12c4-450e-be4c-30630f9a1bd6
e1743270-d9c2-45d4-aa9c-5cbbf54e8767,AmEx,d2d2e651-a1c4-4679-8fb6-a830f1c3cd32
bbb8ff28-112c-4ff7-8575-05664597010d,VISA,f1a03c48-d0b1-4e71-b88b-9a5836258447
8d2bfbf4-f0ef-41f1-b8e0-75c8666dbc61,AmEx,8c0ffd5c-f3f8-4540-9fe4-c28c5dd92b5c
ddcb39bf-0afb-4d3a-b15f-6d449858fb72,Discover,fbc88187-42fa-4693-97f1-7233c567f53a
abf9700b-6373-4e19-8575-89f340f533f7,MC,53f2dff1-1eb0-4475-8a4c-bd115ab0f93b
3baa5c90-cb5d-416c-b714-a9492978e6a9,VISA,2449931f-2102-4d8d-9cb6-ee37419e8bb1
770da6b6-7f63-47af-9b9b-5f4d2f072f18,AmEx,92d3c08d-a754-402c-ae75-de2f4c06b8d5
8fd88658-bb72-4ced-86d2-7daef1167a17,PayPal,526d5238-d2df-4413-8b2e-2d54026f9ba2
46d57da2-840b-4a80-a725-02a385774864,VISA,0fad4741-b1cb-4896-a3fe-16cd27cf9931
c538418b-dfb9-444f-b715-6146350d8e28,VISA,fdcc05f2-45b3-4cb0-8448-117fb08094b5
07bb2706-1c67-4ce6-8245-a13660b2db52,MC,998255fd-b2df-4f0f-ad51-76b2ad08eeef
0ce3c41f-36bd-45e2-bab5-592794f9fcf7,MC,c0a09a3c-b9c8-4e3f-b4c1-d249bfc88c1d
fdf1937a-df37-4d63-9d28-64d31b32b000,Discover,407aea77-7acd-4e24-9943-b479d4b84c8a
7aef48b5-4cfa-4857-be7e-2a0adbb2e1ee,VISA,39584abc-5fe4-4b80-a233-b58a9f314049
07f2fbf1-8d60-4654-b8f0-d4d7968fbfa6,MC,cd6cffc8-a770-4075-918a-5b3c20a3df13
19ce5c2d-79a6-421f-8df2-76c99efd7239,VISA,edc5d859-1971-4a43-b25c-1334eb0c46b4
43b25f04-35e0-42d7-994e-96c8b4ef9fd5,AmEx,6c874ae1-c52d-48cf-8546-9a6c23917400
975c3f82-cb26-40e4-8dbf-8013b7e85de7,MC,11e563fe-4dfc-44d7-b9d7-54549e8c618b
6702958f-444f-446c-afb6-f2f2abd11f4b,PayPal,36d02d97-958e-4a16-bab9-dfb294c8f68b
87e8151d-2d6a-468b-b325-acad74c7163c,VISA,db6b832b-9eb7-43b5-ae6b-dd5213edfed2
0f1bdfce-0347-401f-9a5e-49f5a949cbd4,VISA,9d0e9c36-04cf-44ff-bc44-1db3db0fb501
4e205d88-6063-4c92-a8e5-708f21edf0df,AmEx,7beec1f6-aa0c-4830-aa62-b901980528df
310e6939-6ca1-4c2a-952f-4733288aa450,Discover,3efba4d8-1a53-4bb0-bc50-957cffb4f529
e03723f7-eec2-4b8d-88b5-a662f0f5dd34,PayPal,1850b0e6-4d8d-4139-8579-8e73535c0a84
c522930e-a9cf-4ae8-bd43-4f92ffbd04a0,MC,b25b125e-43db-48cd-a530-a2ee8cebbbad
f7190fa0-e491-4c19-86a4-b8db919f9956,AmEx,4e7e6c8d-00e1-41f4-aa1f-51c3a5e7d4ce
606543bf-db5b-4911-bd53-b5de4b175152,AmEx,8f8f704b-44bd-4f92-aaa5-dfa4dfaecd9d
6aeddc6f-d8a1-4217-8bbe-e1049559d990,VISA,590b5dd8-b8c3-4df4-8a07-42e73b55781d
899903b6-8d0e-43a4-8502-6b5359b1a03a,Discover,b380786e-299c-49a4-b43c-7861c6e199de
7f5323cc-0efb-402a-a850-3122c2fc3c80,VISA,40b8cdce-d12e-4666-9526-ea7633f8a88f
3946e35a-8556-4527-b729-c61b191c74a0,PayPal,1045b5f4-7d1a-4a08-bd2d-7148d028691d
53b27b85-deaf-41bb-9fd5-8185630964f5,Discover,03f90ccd-ad46-4209-8fa2-ac34be0fc0cc
f719defa-84ca-409d-a63f-3fdd0e3e81d6,VISA,ec6a2170-4e28-4446-9170-1299f7adc338
4e38cc28-a9ce-474c-9be8-a3dda0dd7dba,VISA,3a8bceaf-1eea-4f7f-a9c6-c0838664f6b3
e5a22fbf-5884-4a2a-8e7f-7217656b0d14,AmEx,1f944521-fa2c-420c-99c6-07ec546c353a
79b230e4-699e-4685-80cb-0ae734c1ca36,MC,fff1c00c-8756-4a5f-bc6b-56e57d14c9c0
ae8f7604-9133-4750-b12d-8ba1312afb6d,Discover,f8e8b97d-2f5a-4c6f-a3e9-6bf38d817511
b6fb61fb-4fbc-45f6-a918-1191e912e820,Discover,3540b1a1-ddec-4f73-8981-1c68cc51daa0
b78a8498-a4d4-482a-b2be-4d09afb25831,Discover,f4cf3aea-3de5-4830-952e-1c19e6e8fd98
dc2ce069-3d56-48e9-8fbd-967edc070771,MC,81c57c7e-58dd-40a7-9c03-214b5462c31a
5f536550-fc0f-4466-8fa1-9e7ea61c03f3,AmEx,be28e84a-8961-4195-b569-f34610e80717
00734e75-692e-459a-9efb-bd6793b5bcad,VISA,a5862610-a69b-4a5f-9b41-da250b85ff4d
2a9e298b-4b3d-409a-92ea-3e751d8630c4,VISA,82c05f20-dd35-4dd6-991c-2988538a34a3
d5758fba-3763-4a22-8014-95fe65ff2150,PayPal,1c1ce540-d5be-47e4-a3bd-847e1697eee6
4a421a30-9e3f-462c-9524-7c9734484b7c,Discover,33caaccf-3889-44de-ad1f-626310caaf06
c8595b30-7d2e-4948-ae7c-339b5e2a3e1f,AmEx,779ad933-2607-4994-a8f8-9e4f4439c6cb
1b87af41-edc7-4057-86c8-03cb71d5b6bf,PayPal,4ed10fff-b32f-438f-a2cf-91e5d4e7cb57
2e78c91f-83f7-4cbb-87c9-ab3a9bc16fab,PayPal,8338060c-84b4-4cdd-9533-c4000192bdf4
cde306e7-23fc-4d4d-ab87-13de7dd4e666,VISA,8dbd71ca-4a51-4e83-8fca-d1b13e2e6202
512a033c-43ce-4e10-8a83-3c7a6eeac277,PayPal,38c75853-c6b7-4237-a4a0-c6b9dd09c90c
8e45fa9f-dc00-4bc5-9b90-be636818f983,VISA,b6ed7456-f2f0-45a6-9699-9d3c61c67a15
fa6883d0-62c7-4de9-9c90-3ebcc8222086,VISA,d1c1946d-ceb8-40b6-82f9-9ea65195003e
7e5f8665-7574-4789-ba76-7550bde76dea,AmEx,c5478be8-60e2-45d2-8d86-44338f6e3b75
9335d283-3458-4359-b55d-caef1df1eacf,VISA,2d78536a-708f-4ee8-b854-7430e3c906b7
7c1f0566-e316-4c1a-a571-164501a8f843,Discover,c9b65f34-cd10-4b7f-9129-c05e06146fab
22e2cd60-6d65-4ba2-a1cb-fd7f407ab374,VISA,8e0f660d-d936-4579-9b11-54ab24f72e1b
b3737ad5-1bfd-41eb-9818-ea15b2d19d06,MC,14a010dc-18bf-4c78-a571-8dca54869b9e
d2c5b932-3458-48dc-a4da-d89eafafb359,MC,e4f9b8ec-a0f6-4fbb-a728-55e011a4c2e0
5f5b7ab8-ce5d-4a73-9f98-052b84aa106e,MC,4eb68ba9-a91e-4686-80e0-a63bca4521c4
239eb7e7-0846-4eaa-a19e-13a176ef882f,AmEx,a93f2ef3-b8ad-489e-8feb-4f46f20f0c72
e0f38c0b-1d9a-4dd7-8ce3-173df4378d85,Discover,f7f564d5-512a-44d5-a860-cd5ba3057d4a
5bdf26ab-21a3-4010-9911-07a4233acc88,MC,66165134-4cdf-45b4-9b02-a666c37dcf56
629934a5-9110-4602-8e3b-45fe990dcd7a,PayPal,a9f776f2-5b9f-4fca-85b5-7b062106fef8
90fba607-a128-4a68-bc97-e8fe389aa80d,AmEx,50328fdf-26e0-4fd3-9804-22e5346d79d4
368481ac-72ac-4bf6-bc58-648f2f6d21b4,VISA,723d6f2c-78ca-4e9a-972b-57b6567537f7
700d4d2e-96e6-447f-97c1-91905e394b5a,PayPal,5d408dfa-d43b-4e29-a286-ec8eae47c026
df03e6fe-1fa5-4a57-956c-c93c2b529bb3,MC,fa95a956-72bd-466c-996b-03dbbcd5c4fc
8c49ecf7-2417-4c67-b0aa-8b3bb5fbd4f3,VISA,b8d8e3c0-c00c-4f18-9d73-f6bc2786397e
dfaec877-fec7-4122-91c9-b601b3d53f54,PayPal,93735d2a-90c5-4e04-9ef7-cdbeed131495
4c17f71c-c089-4655-8e30-bd3173293918,MC,b49f8d96-c232-4e4c-b07b-7497fb25debb
a01028eb-f905-476d-b85d-fa58e95f3562,PayPal,5dc424cf-97d2-43bf-b630-76f44155f43c
332e3eef-a80d-49db-b68d-64d18dcf48d4,MC,329bbf85-a5d1-4031-9782-5236adc782bc
63c0f938-706b-4162-9b9c-d159967bd13d,Discover,727cf182-280b-4ef3-ad70-e9baa2df7052
4515f4a9-4292-4665-8157-70981e7e29ad,MC,406552cc-061f-4bca-b413-88bc73fab0e1
365dc86f-7ced-420c-8902-863d493c3d81,Discover,9ab85596-9c09-4937-8d4c-b14ed04e458f
8122d4df-72a0-4ec6-b3cd-337b1601af3c,PayPal,26700e74-aad8-47b3-b032-583bfa3cd555
d33f1e78-821e-49e2-871a-4fc27241d455,MC,cd640a06-9395-4bfa-96ee-714d4daff40b
d80a91f5-5ad0-4f67-b0d6-32895208e264,MC,8b8ab9f0-bdde-4dd9-8d18-6d0005d76178
068f1931-4d67-4194-924f-17cd3d1a7d50,PayPal,92e3774c-c3a3-451e-9eef-d00c8c3f7f57
818b1eec-f0f8-48a7-bd56-32763b83eef0,PayPal,7404e96a-d453-4796-ad74-6865e58fb7f3
82d39811-421f-4831-92d4-5b4a1244a685,PayPal,263ef727-1b36-4093-b2de-7fe1885260c8
7e3e5259-a67e-4d7e-88e6-77dad741e636,Discover,bad6887f-72a2-4d6d-9bf7-bafcc124206d
e8768b1d-9409-4e72-8014-88857566d4ca,PayPal,1afb994d-ca28-4205-bab9-a5a365647b3c
a473db44-da7d-46dc-8d12-a45dfff3acd0,MC,ee0bd963-3981-4e52-89bf-fc3b5018a50a
8a719c2e-5540-489f-ab96-586a09d9cb24,MC,11eead98-c4ed-43b2-b2cc-87dab4ab4453
c9c163a5-c51a-4813-8c8d-025e546cf066,VISA,7bff8d1c-d809-4cf5-8c80-88bcd1a7dd89
dbb83694-8bd9-41c6-b158-ad7605edcbd7,PayPal,9bc1c993-abf3-4332-80b6-51b043850b0e
8c1fac4a-28cb-4739-92f3-2f297129bd64,Discover,5eaa4446-88af-4ceb-89a8-b8491d69ed80
5634ea19-6b55-4170-b88b-f2b2b64d4a92,MC,a17c3f6b-33e9-4166-ac17-6ea9efef9127
a24e619b-e8db-4e28-82ec-14e905afc70f,AmEx,04da8f4d-07bc-47ad-a400-89c0d69a4d64
399f2144-a60f-4992-98d4-513d91cd0353,MC,d8063ad1-9075-463d-a5c9-590e02685a59
d2cecefa-923d-4596-b7c2-41003aefb506,MC,2e7da9dc-1b1e-4780-8bf7-8e7f269df650
fb620270-0646-406b-953c-0e2b95d2e932,VISA,434e2151-e487-463c-8122-60b267c678b3
0b1a52b4-ed83-4a47-a3a9-92353d8f61af,AmEx,6962fcd0-9b25-4a8a-b1c5-322aea5f200a
3de097c8-3ae5-4c53-82d1-06f4c8329602,PayPal,6eb76385-0074-4968-98c8-784dd77793cb
54c7d02b-0d6e-4882-a47c-e40c48863f95,Discover,77a51352-ca64-4d11-94b4-418b79c9a47f
375b38d1-ec83-4ad0-b40a-d4c76d7aa6dc,VISA,858ec74f-148c-41d4-aba1-2ecc62c93c5c
3a6a0d41-baf0-4b9b-a670-a61611e8f864,AmEx,81fd97e4-a9b2-4c56-a633-77e08fcb5e7d
50735ca2-1dc9-4e6f-9442-b2c6537a07fb,PayPal,d54e8db6-69ba-4e54-b5d8-7043c3b46de3
4d906a15-bb2b-4f42-9ceb-8b80d638559f,AmEx,bd08f39e-8b0f-4d16-b843-f0e33d4735c0
26e2b042-79c4-4e4c-97da-f876c54c8eba,PayPal,628cf3fa-31c5-4550-a55a-edeb3aaa93d1
e375029d-fc9a-4927-acc9-fd41ffb69e0d,Discover,ba7edbdd-cd0e-4413-8622-b4053183e447
4b6a6ff2-20e0-43e8-8c87-bc52d0aaeb45,PayPal,e3780dd3-439b-4433-8e70-f36f7e59ead4
248b4049-e3e0-40bb-8695-34cc6b4c8a12,VISA,2ba7a73c-96c9-4532-b351-34050fc4fd10
710da958-01e0-4158-8fa1-a908e8af757d,PayPal,b7f68b34-5809-4c1a-aa0c-8d0b7cf6734f
81651136-5f4f-4685-a717-5824b84ea902,Discover,e4f9fb65-ff24-4128-9e96-928d407b30d6
be7382e8-8f7b-4caf-9c87-5908e855eb40,MC,8ca64dc2-565b-42df-b391-bb6eef53e2d8
de6882c4-14aa-4ecf-b762-39e970b24986,VISA,38941ce7-09d9-4f65-acaa-e2bdca89d72a
46296059-3e3b-4461-a806-ac890388247b,Discover,47eefde6-29e8-4bea-9666-b2e7ccadbc8f
fb4f94c5-816b-47fd-8a3d-abe1ead72c35,MC,2193970c-55af-412d-808d-adf0d996de20
7d9e5e0d-9158-48a3-aa03-f649563e75dd,AmEx,6e169dea-872a-4724-87a8-1ec490e7046d
c53111e1-77ca-4951-92b4-7abfc59abda2,VISA,6414d2fd-53df-4bbe-be84-8a3a0feed1c2
f9797508-0c4c-4d62-af9b-23bf0cf82641,VISA,bb5d0213-57ce-42ce-9f0f-fdab1af1ed0f
a6c5836e-5155-41c0-81af-c265101a99af,AmEx,0fda3052-718a-476a-b891-8b3f3f392802
83354b95-4e1f-49f1-b422-0466a18a25bf,AmEx,3ef78d01-97b2-4b11-925d-314409184df1
fe01b7ee-7952-4c05-af87-c870a809f7b3,VISA,30d7e7b3-fd3e-4ede-bd5f-4b7813a39602
3d1cb946-38bb-4257-99c5-53c49ddcb204,MC,22af3743-a08b-40b9-b9fe-cebc036e02d0
17ea2814-0cec-4e18-a2a2-5e431d583f41,VISA,a709a168-d0cc-452c-941c-0ee93fb27313
6824c55b-16fe-4712-b836-be507d793ad8,MC,8b076eb4-8f71-4263-b25f-84dc695edf83
a8aa053d-31ef-414b-b4a0-dd55982bd2be,MC,873719b4-5ee6-4f40-9e4e-358f02931a22
a847c112-fb5f-4c49-8f2f-4ab073333c5d,VISA,7ac2ac69-bfa4-44c3-8c31-062fbd82d8c7
a8c10c89-790a-4c82-bc5e-7e339b54a207,VISA,c1ebf8a2-99b4-4f39-9d5a-18e7062fae6e
9181a4df-be33-4b4a-a829-a02c28f5146d,MC,549ed100-5ec0-4b3b-b1dc-3e0f18cd705e
c54402b4-532e-4f41-a176-55fdc16c5ccd,Discover,64ff0891-6ca6-4971-a5d2-00587f04f85e
1f211125-ba8e-4af4-a614-11ec89acf71e,VISA,a3b4884b-2d35-43f5-9914-566a1df42fdd
2ae3a129-5966-47d7-921b-482b4f815a7a,VISA,a5c9db7d-305d-44a0-b676-e4ebc652482b
34ac6bad-86ff-42e3-8277-904c97ab3af3,AmEx,a6b9c23f-e0ed-46c7-a612-7a2ac57ef3a6
2ac09441-b3a8-45b2-847e-d0a5ca4b8a05,VISA,8f70901d-5038-4419-a61a-4b68eff0e878
9ca48c34-a49c-434e-ba4a-ee3a9eee4b72,MC,de611f7b-242b-406e-a7ef-4b7e4a884238
4bdcb12e-ee49-41d7-bc06-c5a18fe0e8f8,MC,be664b47-34a4-48c4-886b-1e43a3470319
6f55dcb0-77af-4089-8bcb-ecbc6f57f97a,PayPal,4e21a0df-2b8f-4ff1-8dea-35a88259817c
751f25e3-4760-47a0-968b-1fabb04a8635,MC,0058105d-8e86-48ce-b62b-5c810e8bc389
a3f955b8-39c7-4ec2-b9a0-c19f28d31c8b,AmEx,1db2b8f2-88e7-47be-aaf9-2819f80c2352
785794d9-5f80-4e2b-8990-8343311d97d9,MC,1aa5e2b4-81d0-4229-8322-453acd053954
370b7b7a-ba23-42f0-852d-deb769688d52,VISA,4df11ac1-32ee-4b09-9721-fc1744baa73d
3294e089-ff4e-4cb1-b9be-7c5a74a982b9,PayPal,08ea3cf2-f396-4435-9d47-6d55853cd281
82a17d9c-8498-4c8b-ba2f-78f5b7d0132d,MC,edfa2a9f-4e89-4d0d-9b6b-cb62dfb1c958
346fa41d-28b4-4792-986a-e390b3a2df42,PayPal,6624db10-0aaf-48c7-8c8d-80f136334a9c
efa1c6c6-a590-4d64-bc8c-e69e414fdce3,MC,78ac9105-1d8b-4dfd-8840-6248f425d187
d382c2a4-6aac-467b-994e-f842dbc33464,AmEx,c6d07e03-b4cb-4d89-afc1-7bfc81a04095
f4cea9c7-23ac-4da9-ab79-8d92240da024,VISA,bc3a301b-13b1-451a-bb4b-a6c60496e597
8d82fc8e-1b08-409b-9d58-ad3c70704c0b,PayPal,1edb369d-6a27-4dd2-9fd7-d4d4de531200
c4a745dd-bf5e-42c2-9c8e-cf0f882cac68,MC,b7189f30-f9c1-4069-a88c-9dc99195b745
d8fdf60c-a930-4f68-8f0d-a0ccd65e79aa,VISA,2af49ee1-264c-4b7c-9700-1eb765c02348
df394c14-4e42-4a28-bf83-9bfcc4d78861,MC,79cca993-2658-4f56-bd42-275d04ba14f4
4f08fbdd-1517-4d38-a03a-b7159db7e110,PayPal,134b5164-c026-4cf6-837a-3352c1b02131
a082c72b-8b71-4e3f-b895-0a920d7727bf,Discover,66e26ff1-913f-4dfe-a5fd-394680eaa886
e9dfdc43-f028-4a4a-b4ce-bb2ae511bd1f,MC,7e4ac4dc-552d-4640-a383-16e97e4f1b19
18a6139b-d9f4-4e19-8d7a-63fdafe56d70,MC,5032f1b2-faaf-4170-ae54-5a94bdf0388c
1c72482e-1c6c-4111-a98f-416089a99ad5,AmEx,2b1ccf21-33ce-4f0f-8d04-6aa4718abb0a
7b9315c8-ec8d-4585-a0c9-9111ec8743e9,AmEx,1ea39b06-2213-405e-b638-aa1e7a1f1f35
39c941a8-ff71-4d4b-ac18-ad71233913ff,Discover,c8adaffd-df1e-416e-87d0-42296307738a
a3fe816a-e48f-4a50-94f9-ab4fd72720c0,MC,9ffc11e3-c573-423d-9c2c-0ed7315142f8
5f55adfd-b68c-4129-943d-7b04329a23e5,PayPal,6370e1ee-a38d-4fa3-a283-5bdef301e8f3
8c4bee48-06ef-4b71-8324-90e99f28cff4,AmEx,5b6e51f6-0173-4f23-bed5-e26272b912af
7440065c-3bd0-4840-b30c-9883d138ac93,Discover,13b33c88-4596-47a5-bf8b-4c08fd81e3ad
4cc0c603-287a-457c-b0b0-a72ca7908633,MC,73ab91b9-5a27-4634-9181-c23386871c13
39c76d3a-881a-4f92-91bc-2bebacd0100b,MC,894938ef-44e7-4e2f-a603-aeb0d0db8a6e
184ea1a4-23af-4877-b781-2c5bb219496a,AmEx,c26ca5d7-e1f3-4061-bc01-f726cfdbcc0d
c62b2a4f-d306-4a62-b753-9dc34108d719,MC,efa5da9f-a629-46d2-af28-80f38de46afb
7eb596b3-997b-4701-ab7c-c88a9dc6986b,PayPal,46bb0592-06d8-4f01-9c1f-85aa0c702279
ef339724-f6cd-4668-8536-5fe853e0ec4d,VISA,f629ef05-53b1-416c-b763-90f742f55f3a
612a179b-8739-4b51-8026-9e46f9a2f057,Discover,77b9134c-f130-4ea2-9e18-47171338f50e
7c7c7f9d-9de8-4766-b26a-79cde2c578b6,PayPal,6150ffb0-e217-4d34-adfb-09b4e983c34e
e03acfcb-9be2-4859-8c4d-db4a1e58f2be,AmEx,07d3e49d-c2b7-400d-8322-045c9a425acf
57c7cdc8-3a5b-4e93-944f-d318e8073686,Discover,08184d94-5b77-4994-ab13-8affc7d815dd
35ee5fa0-d49c-4e0b-a82d-9980ea7d527e,VISA,5f22fa8c-ec4a-4990-a0b1-919bfd817b41
59908087-d316-4c9b-877f-2f02b7380bff,PayPal,56b3482d-afb4-4413-8698-2e6fe1062726
b9b26087-69c2-4a25-8565-f44d0400bc28,VISA,62fe027f-9600-4b7d-9d04-18a1b44710d7
eca1e7fc-ab1e-4fd6-b651-1b5da470afa2,AmEx,1b262209-6c8b-4bae-8c6e-c1681b32e5a8
e2ad2cef-0427-473c-8c61-d52ae91548bd,MC,c7693f4e-201b-4cf7-a1b2-475d1a2f3f31
3ad7ab53-2acf-4deb-aed7-87c64a2d7664,VISA,f26b52fe-6ee5-4cc2-a347-3b27bad19a57
511dbdcc-a06c-429a-95e9-8c7048bf16e6,AmEx,abf4aa02-eae9-4b78-b8d6-b5ac795fd9f3
aeb0b385-ab1f-4bd4-bb37-65efd14b5e9e,AmEx,6f21edd7-259f-43e4-9517-1778deeefc6d
8aa31309-7559-4e49-8014-6940c0b12829,PayPal,86d0169a-095e-4d9c-86ae-194edaf81b21
37670e53-6d63-4f62-bdaa-d83ed9d364b2,MC,6a332582-9ea7-4302-96c1-cf8bfecfed6d
4eb30ed2-3a01-43b2-9dab-210cc03f52d0,VISA,ec0a95fc-8688-42be-a043-bf30248e4955
5556fea4-2cd5-449d-8001-08a2c13f4268,Discover,6baba1dc-0200-4a9e-a5e1-05d214995ca1
191eb916-89b5-40ad-86df-f8f9ead13f00,VISA,9011f30e-7815-4430-b6be-068025e5c90f
a7ac630e-f9f1-48b5-9caf-8f76684527aa,VISA,819111ee-f260-41c6-b018-26f746783f5d
4a808e75-c661-48a1-85a6-70168eae7643,AmEx,17f59839-d779-4ee3-924c-7dac9cd1d6a5
db0c57f1-1690-42d9-a2ae-0e7af07c4fac,VISA,799a662b-0b12-40a6-a6a7-93aabee77ec6
30fd45f8-d533-44d7-9021-03aa697753fb,VISA,adc27923-5b8e-4dc2-adf1-30058b5d29b4
64cc06ae-4614-46f9-95ca-e62c5dc028bb,PayPal,7087eb7d-0cec-4003-a12a-ff4d3dfcd825
481cf480-7233-4d22-b53a-d67e256627b3,PayPal,041051c9-063a-445d-a77b-b7d6afa73544
41adaa44-28d4-4466-94da-3e658db6fe65,Discover,cee0f425-39b3-4b9e-8547-e4e33004e2f6
29c1a171-3d67-4124-b177-2185d1ea7cd0,MC,e285fe9a-c36c-4592-85a5-afb604baf957
4cd6b188-ab1d-417f-906f-da17e341491a,Discover,a410b24d-d572-491b-aaff-0e429f29aab3
c5666aa1-b78b-4bd5-9092-54348fe114ad,VISA,28b9b372-087a-468f-8f4c-e028922993c7
0e129606-102e-4e80-9f58-f2560736fb3f,Discover,86c95637-b0ae-4281-bc99-38361718bdd8
af1e4da6-5635-4daf-89d7-0a2b93754712,VISA,72f61e39-5d29-4238-b179-98d0320d65ad
6bf1bbbe-effd-4fbb-87ce-96e92368a566,VISA,ca870883-cabf-442d-96a0-75914548e186
431d0187-ce4d-43fb-897a-26e906c76f02,AmEx,68c03af5-1eba-4db2-8e3a-91061b2fb55a
4f380f0d-6c6a-4763-a2fd-4e3aabb33e4d,VISA,07cbeba5-b38c-4065-9b12-3047f5d68077
b53e637a-3c6d-44fc-a1d5-0b68e740f0f7,VISA,d960dccc-d444-4557-9573-d1838f003e0a
b9fe1dd2-4597-4417-9c2b-cbf22ac906f4,AmEx,2c59e2df-0b06-4f37-856d-1c0bd58032d2
63239018-6688-4fe7-8ea5-d71f6b31de6c,AmEx,68fa3550-4e4d-4e59-bb6f-eb309f2eaa9c
4e14ad1a-e7f6-441c-8ae0-eafa1f86fd51,PayPal,37dc371f-a31e-4405-9f5a-49186a698981
c36e8f4d-5028-455b-87dc-973cee2054a8,AmEx,c8821f6f-b115-41f0-a512-12c7b0a05b05
3e732663-60f8-44d4-b69d-0606ebdbcd12,AmEx,a274d618-0373-4977-b329-d8dc73541645
866c35a0-ff0a-4728-83d5-d05082b85b94,MC,cd41af4e-f100-405d-bf5d-26db6f1d3f4d
c346eca2-9078-4274-8d7f-25e12e06261d,MC,1f3a5b0c-227a-4c3a-8961-1f6fe7955878
ed97b9d9-79ec-4302-8ce0-920a5580f7f0,VISA,777600f6-ed27-47a5-9904-b7d09e6bf2e8
6b378a91-abd5-443c-bc7b-2630ee2e7879,MC,8ff19db0-e90f-4922-87c4-f56098487842
fb5a6ed8-054f-4851-a6e4-9fdb4e1d6104,AmEx,53359145-30e6-47fd-854c-87a86e978ddc
bf1bc717-2044-471e-a0e1-15efb77a3b7e,MC,78b3740f-88f4-4f74-950a-27098d198103
18a9b698-f9f7-44d7-8a9e-6e04f233e284,PayPal,9aa75cb8-ab27-48c9-b8aa-33b8cd6538bb
f23c795e-b9a2-4ca7-ae3a-0a9a6766ab82,MC,c2f28d3a-f9cd-4801-9482-c4dcb7ffa079
ab724ec0-f463-40d8-b8fd-204aa214ecb9,VISA,bd85a622-130f-4d3c-bfaf-8dc679992867
4999919f-9108-4a76-9983-71c76dbcd1e6,MC,c97c1d15-daba-4245-9aad-9fd0b64eb0cd
1ed6ccda-c97d-4328-9e8b-a95890c1c722,AmEx,6aa69598-bf25-4b06-aaa8-2c4e893661ee
18c20859-aac4-4cdd-982a-94104f38f635,VISA,c0f5ae56-cf29-4a14-845c-945972cca838
290107cc-e9aa-490c-9691-0c7802dd0cfa,MC,90d91741-8fc4-4e51-aa7d-7a033ff17058
385d783b-d445-43cf-991a-31ab91e69060,VISA,41026e76-f240-4893-b60a-716f11465747
9787611e-5e6f-4dba-8ee1-e19ef3a873b8,VISA,7723de91-2c0c-40a9-adfc-fcee46e2df14
67c71281-3db2-43ff-b6d9-e8dddf09724d,AmEx,e075c519-093e-4384-b727-7f57ecd1e1e8
c6bb936d-bd89-400e-ac3c-5dedff82a5b2,PayPal,3327f5ad-e681-432c-b53f-cad073146dac
383dc3fd-c82b-4197-a715-ca63d59c3b96,MC,4e476385-91ae-4608-861c-86d93349653f
dd1eab50-da49-4dbc-9ff3-7c352c101101,VISA,966e9f5f-070c-4653-b510-e3d55dbc5a21
f85dafb3-d290-41f8-bae1-fe695c39d1b9,VISA,1b48b172-ceaa-4046-80b6-bf09b6aa03f6
caf9f6b3-75ee-483e-855b-d26deb41e1ce,PayPal,6c19073a-2a8c-43c3-85a9-d92a9969e76b
a16399cc-e6b8-4404-b075-a4c0f8c2cac1,PayPal,8246ecb4-e3ab-4ce6-9de2-bd9ff83acb38
4e404ad7-8803-4aac-9ec6-e522f43118d5,MC,76050976-8714-478e-9f1a-487c195eca33
c434b0b7-2f53-4f7c-a7e0-a6cc5ea0dae4,AmEx,fb804542-082a-499c-8dae-d97ff9e831a2
eff627cb-f384-4a9e-9568-3645f30e9c05,AmEx,3ce33ae0-5fac-4a22-a13d-7e3e06cc185e
d620d688-1b32-4d4a-bb81-4dc9b6f21a21,AmEx,0da3471c-053c-450b-8b36-71ab88e03418
5595f236-0a4f-4dda-b230-73320257dcd0,VISA,1f85bd6a-4f33-4db6-ae89-190094a76c5b
0e944335-b277-422f-ac44-5e28730e69e2,MC,e1d878e9-939d-46fc-84e3-fb6ebd935cd2
b33f24d7-20b0-4c0f-a313-7e49f89a9b53,MC,a8253773-f3e0-4dcd-b303-96b494e276bc
be495f09-8f7f-4264-b505-738348a6f311,VISA,3915ceb6-0718-4d61-bd4f-6a6275d9cfc7
fef2024a-d6e8-42e3-a022-2ed861f8109a,PayPal,08a7f44a-1bb3-4e30-a81e-2da8c3edaf02
29ed9ea9-a416-45ca-931e-22644cfb86ed,MC,7c5eb6a2-d03b-4afc-9e84-e8d7f4df6bf5
76d7efe0-008a-43ed-bbb5-d61f4339ea35,AmEx,1e2d2c5e-3fd0-4a37-9df2-55718c91c086
ad38d48a-ff52-4514-b60e-fb1556fb1a7e,AmEx,c429e85c-df3a-40cf-af3d-7c38d7d1372d
e838a167-aae3-4dc0-b01c-e3df44c5b4e3,PayPal,4ad14538-8a26-4488-95fb-a1b9cee86c23
c1375e8c-2e85-4b8e-afba-44b8a8883c6a,PayPal,aa18769d-64cb-4e5e-ae78-1386f5e43346
e8fabae8-9c1b-4a6f-818d-ee7d8d37bd42,PayPal,77e10512-3093-4eca-abb9-88176feb6fa9
248996b6-027e-4e18-a674-81c54206af6e,AmEx,f5867768-07e4-459b-9b08-7b5e2f1af843
fb3d484f-52dc-4c1e-a9da-783fd9c0750f,PayPal,92a2a554-2ee0-4a89-98de-c80bcc810177
c8261879-699e-4ad3-9c29-1de7f0b8fa7c,Discover,ec2a4f68-8a49-4e72-9945-3ee9a6735836
181eb8de-f6f7-418b-8191-9a5252865536,AmEx,c4cf3aa4-4fb1-4545-8abd-0d7c8cdf1089
e875f9b8-dc97-445d-8028-bc0806e0297d,MC,ef11cd9c-0861-4072-a2ca-42f7b61aeedf
9b932f39-4d53-4372-bf77-b8a6ed6ba314,VISA,379653fa-29ad-4f03-be75-be9cd1ac5b4b
55cd0a0a-d68b-4c1e-b42e-3db6cd72a287,VISA,4808e841-967d-4352-8eb8-75b1026a3dd5
a7bec92a-975f-4b2c-b53b-e1e9ce25600d,VISA,2ec75432-e2fc-4ba1-a18d-f6e6a249cbc9
99d3e012-9872-4ce0-acab-97b916fd1141,VISA,5caac001-2ce3-4ed5-b9a9-443e0369fad8
60642f7b-b404-4e6c-a8ab-e46d3b913b54,AmEx,6bfd129b-632a-402e-9963-ffe155685400
74701608-c769-4ef4-a7ee-876a41abe66f,MC,5ad73f7f-57d9-42cc-bc62-1bbeb804c9fd
fdd4a14f-3157-4be0-b748-be9cf2b3b81b,AmEx,1910e5fc-a01f-48a3-860a-0da9a972e45c
0064eb2f-39e3-4548-8959-946a180e5ee7,PayPal,7ea8f84a-d0d7-48ed-85a1-ec1b7250429b
f32cb51e-e11f-4cf4-bf9c-f1b4b53d7b59,VISA,0a747b3b-f581-4504-ac58-5191828a2b01
955190b9-1187-4693-a8e0-b77cfeeda8cc,VISA,66c46971-e2a7-48c7-9493-cb6d5f80956b
6a12f2f9-c605-4f32-b078-317095ce284a,VISA,0a84790e-a04f-4576-a4f3-03ecf1db80d0
9dd00484-00f0-446a-8f05-46df2c4dcc0a,VISA,9912e6fa-d215-455f-ba72-439ecc373d02
9ba0433e-0d3f-46a5-880c-c49657e7e438,AmEx,ffbdaa30-7799-4fd3-bb8f-0f4dfb68d8f6
4779e42b-fffa-41f6-bd7b-b54e13344bb9,Discover,dd39218b-5bd5-4750-8955-e84fa0fda091
e3597bad-eed1-46d2-8136-ffec2b0c2f94,VISA,2f37858b-bfd1-43de-b247-b85a5caf7fbd
3d4412bd-0173-4915-8161-8e4eff2b1bbd,MC,9128ce32-3538-4dc4-beb4-f1fe4da8cbd2
c4039075-f6be-437a-983b-effbb2b88b0d,VISA,131a3e0a-c3f0-429d-bf2c-9753fe4fff95
4d522a0e-e684-4da8-a90a-ee197fc6eb46,VISA,20aec197-2efb-43e9-924e-4d7399c9a2a4
82d4a7be-8333-4b77-abe9-0ee5ebbdba42,Discover,f6e9487b-42d0-4663-a8e3-4179f9357dae
75d5acdd-dadd-4387-8c95-54548f5925a2,AmEx,66e8dc3c-c207-466a-bc99-276ddd716b3d
456e942e-a56f-4997-8904-142dea624d56,VISA,ee1cead5-3a92-4231-9565-a74bc25c6a64
80d7c86a-4155-4593-83f0-93a78ccc12e7,VISA,3ae6c829-cabb-4154-9116-77a88dd22842
f2b9b277-d9c0-41fc-a964-23a09bc0e838,AmEx,d7b05757-ac34-4886-9aa3-11930259e1a9
9ed2df15-ef52-44b6-b876-d081ea1f5cae,Discover,2d313848-9a21-4fd1-bc01-b6607d89d565
606b65f7-3fc5-4a2a-9620-20ba56652d31,MC,031803bc-d77e-4b0d-980e-2f8b28e16303
16fe6668-243f-44cd-a207-f75ef3c761d9,AmEx,8fbd8405-ac18-4514-b8f9-1c2153b586ac
4af41003-b5e3-4359-9f5e-b0573fade0a9,MC,66a459f4-bcab-46e8-a6bc-2005336b226b
c66deba4-b470-4e94-85a3-b6883392e8cc,VISA,c548a694-7f31-4e4b-85d8-53c16cbd4b83
2cf7f33a-5d52-43dc-a089-bc1e642438af,MC,bebdfe14-4bb4-46f1-a794-a29597836707
a557ddec-c536-401b-a5ff-00b50e417bd5,Discover,ec1021af-7580-4575-b57a-bfb323e7973f
ffc90b12-16d5-4fa5-82f9-fce169eb9de1,PayPal,114e763f-1f03-4515-99c2-1b757d3b45af
6596b0f6-29e2-4bff-9013-82f10eb72beb,AmEx,5163d18c-aa0a-4fb1-8d22-9d83f6b4b9bb
537e2fc5-a4b9-4340-97e8-8dc735ef3884,AmEx,dea50741-d631-4426-8bd9-31356e7b043d
7efad9f6-e758-44bd-b4e0-35294e3b0bc2,VISA,baa2e791-b367-42c4-8dc0-4d9d54c5d417
cd70dff7-2adb-4e81-9302-38b8feaac7e1,MC,dfb706b1-0231-41cf-9c6c-a9b397e08ad2
5bef2ccc-2a4d-40f9-a191-af007651fc53,VISA,981fb52c-ffe5-4d62-9fde-dfd637481150
1d854459-550d-41b1-a3d9-b0a04dfde86a,PayPal,c41af919-a0aa-445b-b736-c7d94c8ba284
287dafdc-834b-4b57-901f-dda5bdbbd718,MC,dfa4dcce-b5c3-4ab0-90b4-ee82b3a739be
6261313d-aee3-4a5c-8204-333200c54cc3,VISA,0a8e81d8-252c-4649-8bde-9c6f33c3384a
12992451-7c90-4f7c-b50e-02b79e808d3c,MC,0f218326-9ee4-4ac1-8dce-bcd385ca43ee
176510c6-7651-48fd-baf1-70d0c9c274e1,PayPal,415095c0-77c9-4f35-b077-51193ebfa03b
92c90e26-44c9-48aa-86b4-05dad10fb4d3,VISA,4397843e-85ab-4147-9f8b-a864c6553067
825806b7-f87c-4953-b46d-97146f6a9007,AmEx,a37fc7c1-f2be-4c41-8d9d-89669be7d732
48bc1d14-3ee2-44ab-b6b4-7e0d07b5dc7c,MC,44afbd16-8125-4d93-bb58-90a85f7d42dc
b47e1290-d304-4e5b-8c90-edd89f7b6015,Discover,4956d83c-f6e4-4b50-8ec3-ea47eed3b081
5ca04651-c9cb-4395-a65c-59781ab1965b,AmEx,1a99fb46-e5c7-47d7-abd3-aa670fc7f5cd
acc15619-2dfd-46c6-934c-4a72a29555eb,MC,50093a80-a9d1-4ec3-862a-5d7a3c9032ea
c45f8c92-7361-4811-a0a4-723c08791831,PayPal,2f7ca2b6-6109-4b7f-b9c5-e7ca77bec1c3
b7551e83-7553-4476-8d2a-9530c28ed3fc,VISA,366de055-a2fd-435a-bc6b-86dda8c07a48
a5a96ea6-517b-477d-b64c-4c711346a3a7,PayPal,f904c31a-2b9e-46da-ac1a-4a86a8aa9a24
59f79583-e262-47bb-9554-5c852e757fee,MC,44e59be3-263d-42aa-a961-e1f8ab34a4ae
c85524b8-e7cf-4ec0-8833-570a02a0434f,AmEx,8d040cf2-08a0-4889-9875-c877ce71f455
2ec9a93c-75ac-4527-8451-5273dcca6b9f,AmEx,1866ecc6-3d5e-4d51-a22f-dcdac7d046f7
cf703931-5e61-465f-b804-df93f09f1830,PayPal,d075d6a5-3ab0-493d-9071-7a876a54aaaf
14b6efd4-cd37-4ca2-9a63-14d075a5e190,VISA,c8e27ab3-c97c-481a-bd16-5b000995fdad
cf2d7848-efbc-4a40-a37c-930b9693856d,VISA,b9e7848e-667d-407b-ab38-b9c1c4089150
5c8b73d5-d6b2-4f4a-9121-de5a6e767bc1,VISA,fbcb2031-ffac-42b9-bb29-af002ee67731
8098bee7-031c-4099-8862-5713e0e27057,MC,f3a28a03-7000-4d55-b153-2ea4120758cc
fad88d33-344e-4291-a47b-3ccbc5021dde,AmEx,b6e40f7c-3f1e-467c-bc3e-6d618120d1a9
a6b1cdd4-2910-4b65-9b9a-546d7304d101,VISA,b06da1e2-630c-437e-8465-a53353bc9f3e
79966b6d-2ddf-403f-9c94-2e4d578a39be,VISA,ac708a6b-5b6f-4773-a9f0-ca517693ecf0
53c5da88-7711-4f7a-92f7-c9e871137ac0,Discover,2f1a994a-0211-4da2-8b9b-cfec854121c9
94a9a424-7176-47d9-bf2d-9dbbb06faffc,MC,2ae68197-baee-47b2-9e02-c5faf4070cb4
aec09e43-df98-4258-a38c-445262589e35,MC,ace86062-b30c-419c-b5ef-b144b86a5097
5c32985a-bf43-4195-b316-0156652649c9,MC,4c2793fd-34ca-4a45-93f7-9f3ecacc7d9c
5f318fe9-42da-45e3-88eb-638b02f6b153,VISA,eec7abc7-163c-4aa1-a960-ff0555bd33dd
de11694e-6040-4f9f-b675-60ce4562edc5,MC,8ec073d8-e1de-4577-a4ff-e3e71c2cd534
adf62546-2054-4677-84d5-702d36bacf23,AmEx,5f2cb7b8-1e71-4582-962f-a390b9719d8c
2ef54b5a-e512-40f5-b033-ec138f54b718,VISA,8107a7c9-c986-4498-90eb-7fb3b96db3ad
fe3c114e-37e1-4faf-8d6b-ecfed127c3ae,AmEx,8ca67c5c-3e39-421b-88d6-5da8ac5edc16
30b42477-db89-4ea0-bee1-a1f95f8112af,AmEx,ad7c0e2b-fde5-426d-9390-e1579cd068fa
0f0b5b37-59f5-4d3e-a0f1-3c7f7af194e5,MC,78f33eeb-8f71-4d03-bf58-b23205bacaca
cceda88b-71f6-4b94-b296-775e0905c4be,PayPal,4d9197ba-b99c-4da4-b757-e5319b138a17
07e22f93-6f8a-4df7-aaa9-1a1313f19b7e,VISA,29e4de41-abe7-48ae-a019-b0c407a6d2e5
2670c2fb-44bd-4428-a02b-f4dfb69201fa,VISA,db0858f4-574b-4586-bfb1-1ba87eb7458e
4ac60fbc-be10-4723-b80a-2c033b0434f6,AmEx,4640fc96-e03a-487d-9f29-a5e38ce5070e
319f54d1-01ed-446a-ac21-cad921d4b223,MC,3fd81baf-ee0f-464d-9c98-2a988b840d60
1443cad5-0a57-483f-aef5-481d5121725f,Discover,03eb8546-4ae2-4a11-8f18-bda24bf292f2
9cd67dfe-95c7-42d0-959d-31088de6d3de,PayPal,6a7553de-9771-4601-9c4d-62c5f40cae3e
82917b5c-4d06-4b5e-8551-78b4ec6a0289,MC,28b13e2a-55ca-4839-9a21-890343703308
743bfafc-bb87-4ebb-b755-fcab5708093e,MC,dfa016b9-c848-467e-a932-d8734fe9eb59
0478509d-87ed-4511-bf67-66d56c4290e7,VISA,83709fc5-527d-450f-a4ec-eeb547ce4232
1552d7e3-7c9d-4b12-9fad-6460bbdf0a11,VISA,7c74aebd-de07-439b-aff9-b41fc1ff58ff
4aa90779-7663-42a0-a9b6-cdb9e150bdef,VISA,08c25426-8871-4374-8741-dd4f52fb44e0
b671226e-91e6-4051-864a-575a7f4c2b40,VISA,8e729778-826b-450c-ac33-46b22a1af49b
f5e1f1e5-59bb-4fcf-9cec-b19b82603fba,PayPal,40197f79-4027-455c-b5d8-2b109f310be9
9f517c70-6982-4550-badc-d780cd63d17c,VISA,fc5a0a1a-4efa-4140-98e8-f249ccc7091a
7c402931-7279-4ab2-9a99-cf428cf43f75,VISA,497a59c9-cefc-4b30-b831-0774329119b9
e8eb3ba9-7cb8-4daa-886e-cba5374e83eb,PayPal,7f9c987a-902c-45a3-8c2b-db5f16f30fe2
24a50423-8850-4f9f-a0c6-d04ea501c110,MC,6f378e04-9b46-4ab1-8bae-35fe59700679
51c2ea41-1ead-4ac2-8915-ebdd9d49423d,AmEx,cbad1871-26bb-4e57-b576-b55c9e7929ec
89615946-e652-47b7-8751-3800e6048fb1,AmEx,29d73a4b-80cb-414e-a4c5-4a60dc3c28fc
f5e98155-476c-4862-a16d-830356cd87a9,AmEx,b0c64103-7d95-483a-8ad0-d8bfcb0a3469
ff841ddd-2b14-4a12-baa4-0714a023d5ab,MC,fb84384a-a26b-4b84-b5f6-1ee35bd2d32c
96b898ea-a424-4910-8473-7f6f85323852,AmEx,4520e3c7-0fc8-4cc1-b010-40ee073e548c
6cc9ce71-b433-469c-a8d0-30d3e7a0bd13,VISA,60494daf-3b16-4fdf-be78-a81d00dc4a2d
a47d6706-1e0f-4f79-8292-5526c5cf6cd5,PayPal,92f2a974-f3b6-4552-9960-f9a119ed75a5
a053e4d6-2dc5-4df3-9902-fd613a11b17e,MC,86dcba91-07ae-4530-aa20-4987839b269e
bdd15add-7efb-4752-8a2b-a1b530841a1e,PayPal,e6e27d08-ed29-4115-97f8-be6c6f6d66db
f50bba40-a2db-4b91-96e7-762d16fd8d0d,VISA,3a602d57-28b6-42be-a674-f81c1978f974
92cd981e-c79e-4834-a951-a3b9ec99d576,PayPal,9982709b-90b4-431b-84b7-9ae8da86e2a0
de354fbe-d830-4fb3-9ff0-baca19c76ca4,MC,39c46253-0150-461f-8e02-6047656f3af9
cd7bbbd4-268f-4768-af1f-37c12362af0d,VISA,114829f4-94e2-43a8-abb3-a47e477af747
e3479a9e-e0e7-444e-9f91-9bbbb26b56b9,MC,7cb476f0-6bc6-4275-a871-6845197daf7e
e09e8206-23cd-48ac-868c-244f33d470f4,VISA,3f4da868-8f1c-4e1f-b72f-44968fa22616
1cdb0b08-f1bd-4911-96c7-731aea034ea0,MC,96e73962-03ea-46da-8c0c-e16acf857bab
56094073-ea99-411e-b5df-e6a95715dae5,AmEx,baf9b6d2-bf52-4e8e-9a24-d0228f829d1d
dd3272fb-ab4d-4777-a5d7-cb8caf23f41b,VISA,e011fc3e-f2f1-4bcc-a239-3c6e6629061a
671f7c11-7b21-4fa5-a4e4-0349f14b4698,Discover,5fea8f60-95dd-4d67-9ea8-f38eba7c9753
777046d1-3e61-403b-97b2-141e9cd67b4f,VISA,968ea53f-8903-46bb-896b-d24eb7ac541b
0b41c313-75c9-4215-ba95-5cd47774a353,MC,90735f15-0fea-4483-9443-0c32bc239d8e
9c32f609-5380-4803-b62f-00c3f55867f2,VISA,ff750fe4-4a79-4d83-8744-3de4f0b3b6dd
0935fee0-c921-4495-9fa2-c34f9ec221b6,MC,8569a705-b132-4ae9-ab36-764559e38034
af97f1bb-4b77-4fbd-9ae0-4a4c0ff1f770,VISA,fc69f451-1b77-464d-8977-5430846f4e3b
0ee11165-a58c-4f15-82f5-ec0d691833c7,AmEx,514c8435-6499-49ec-8c28-2e110e1a34d5
faeb7f2b-889c-4580-95e6-0126a6a3f956,AmEx,bf88a8fa-6e0a-455e-8266-588e3b324db7
3edd13f8-cc71-4145-b217-f5343df686c8,AmEx,4dba4df4-6256-457f-8844-9eea68f4bb45
6d4a1613-cc43-4330-a70e-b3fa82aa9b7b,Discover,76d3e689-aa4e-4c3f-8027-3064f972664b
96fdee74-f4f3-414b-8fc5-86e08e9c2d17,Discover,47c17cfe-6545-4ef7-b46d-78282659086a
e82d380d-203b-4520-a061-9ceb2a26564e,AmEx,68e0df6a-6172-4e53-89fb-4d424ef1d9d5
92c863d9-57e8-4d46-8ab1-358f0f112f17,MC,5a681c29-0231-4d8b-bbe3-9e06148585b4
b6ecd15b-c8c8-4b4f-9673-e3a71c59dfd2,Discover,08031826-8ca2-46d5-a604-36a14ea72591
953cfab3-a8b4-4355-a268-9efdc6e9318f,VISA,181b6650-209d-4a2a-b91d-b4fb5ea0a4ed
7c7f339a-d806-4c67-bc42-d3f0de1477e4,Discover,e2a151fb-1c9d-4306-bb4b-66c43123a78d
4fcbb618-7f67-44d4-9d9a-eb4f03a62285,PayPal,7dadc803-559f-4b89-bd4f-30a3c117d503
960132b6-4ae4-40a2-a8cd-bbea96696e3c,PayPal,e3914b5c-8858-4e64-94da-8a6c5c337200
26040b60-ae36-4138-8ce6-9fc8096ee2f3,MC,bc7e3c40-9489-4953-98eb-1ff6d397418c
3d2445d5-32f6-40b9-b4d1-62d33f60d81a,PayPal,a4db2770-7598-464d-a18b-421178ab64aa
e7ed9408-83e0-403c-870f-ac6867a02cc2,AmEx,153b35db-df99-4cbe-a924-dc8ec385636f
0e6c4278-bdb4-425f-8fa4-3be07decc164,MC,83015001-f159-4d95-8f16-9342664be96f
e983a13b-e282-4e8d-baf4-bbe55f2a2f66,Discover,75695298-6cf2-4d09-879f-28f7a8f73194
4258cf68-6933-48ae-93b7-1c75c1dfe549,VISA,47549541-91cb-4a57-aea2-c85f785c54ba
ab366c2e-0513-4ec0-93e5-2f272a483e06,PayPal,a8b1b22f-794e-4570-b2c0-01465a1f0d51
1b94a32f-d075-4635-95f8-57d66f9fcf84,MC,422210e5-63b6-441c-acbc-7f624f26d851
da58deb9-1f01-438d-915e-197c0ec9d078,MC,e7c7699d-cb4f-401e-a04e-3027f90fffc3
6073d822-4590-4b9d-8c12-54eb7e0f9a3c,MC,35019592-5252-4fc3-bea9-579a8b02a5b3
8b5eb7ef-4808-4643-a11f-5a2ad5e30f6b,VISA,3f7f82cf-72bc-4b9c-b359-b6359888948a
a521463a-2909-4b1a-b081-24d52c556d72,MC,f7fd648e-5ac9-4b20-89e6-4ddd4c6f8593
70851496-e96a-4542-9acc-c8a1a24e089a,Discover,19e0fd2e-c954-4fda-8f9b-5703848d330f
685780a9-45f8-44c1-baf5-c6e17d347a3f,PayPal,20763489-62be-453e-9d44-457308a65faa
250c74b7-55e4-42fc-ba28-a216043178dd,VISA,6fb46c8a-69fc-4f88-8418-839a3b2779b3
bba273c5-2233-45c8-8ff4-a6b930d5e105,Discover,1456d85b-5d11-4b7a-8635-005d35fda030
f57ff655-b500-4100-8f84-b3b570d1b566,PayPal,9ec50c42-126d-4f63-af60-c4a1ad3bb8ad
04ef132b-17df-4640-bb6b-4cf4fcc34aa8,VISA,26e32a2f-3c0e-4d21-b8d8-9d5bf4dce797
d5b78d0c-6a91-4d9a-bb65-db94246d2397,VISA,71e9743e-6663-40ab-8202-56f464c08e1f
16f5607c-7bc1-40cf-b7c5-4c7853aad843,VISA,f7d490b8-2461-4a83-8539-14c44066ee77
43220fa0-bfb3-4219-94a9-a15d9391a853,MC,5188b085-f40b-4939-b544-7f096137f76b
76e47a09-7840-478f-8adc-c262977e4618,VISA,bc9d2b8a-b42c-4f97-99c4-abf6c3e1ff8e
2f43de67-a2e8-4b79-b3d3-ddbe71e25d8f,VISA,c8238e50-6d9e-4d96-9ed1-45195fbc9d20
f3c4dfd9-73bb-4a6e-8ac4-a79be9a0342a,AmEx,08023e9c-9774-4b85-91a5-d32c054cc67c
73c1f5dd-ac61-472b-9030-9a02a16531b6,MC,cc4bc580-a563-4342-affa-5e6d1f41495e
8be756f2-e67d-4dc6-a54c-459c33ba7f2e,MC,75ce32bc-fc86-4b99-bf8a-f34d4152c4be
bb730d31-972e-4a7a-a2da-6f3830c9592f,MC,98d33408-9add-403b-b88d-707e24eb8fa3
1be2a423-2fa2-4235-8760-bc717dda2a8d,Discover,9f246a33-bb89-4714-a77b-85a3af04a4b8
fff6f2dd-7a0c-4c95-80cf-0a5acbbdedca,PayPal,cab325c7-82b3-4a69-b0cf-3bc66a605e76
80f649d5-d97a-4ac3-bbf3-144fc913864b,MC,6e1000d2-0470-4596-90f7-c7ffaeb60f13
9cc65176-f332-4864-a5b9-6179914325da,VISA,411c0f62-a122-4ea2-8afb-e18fd4f95e5e
c8af5bb8-3e6b-4caf-a971-4a161ca01515,VISA,3f6a51e7-78ed-45c4-9774-cdcfb1d5b173
de22a899-deb4-4f24-b302-1639107a01d5,VISA,f8b3a550-de02-4ebc-a70a-216609b68ba6
08ee70ee-0d68-4fc5-9594-4cacbd934e49,AmEx,ea65369e-b9a2-48f1-aff4-1684ed18d025
ccede0b6-9738-40f5-acbe-6f3da3ee5b75,MC,3233172b-d546-4d83-b533-8bfd9e9fcbed
6c1f0cc5-4a04-4d48-910a-2ab41d221aa0,MC,a447873d-f27f-4f03-a917-019e9fbafb01
de9e5556-4aea-451f-88d5-34014e98e305,Discover,217841ee-920a-4bbb-beb6-3e7c8b2b83cf
f91b95c6-625d-474d-ac53-701fa39e9059,Discover,f4a97aa4-9455-4bda-a134-61faea66d425
01eb2910-0e7e-4e66-873a-53899e49da81,Discover,3378d098-b51b-40fa-9118-038f0ca6b937
b039ffd6-3631-48f9-aa16-faa9506ec83b,AmEx,3fa60e25-6dd2-4567-9daa-dfe640ae18ce
b190a627-be2f-484a-87d2-36f0662b60bb,MC,16d6081d-e242-4e44-921a-1d7dc8354085
53e6455b-bbdd-4a7b-9947-d8e1ce3bc051,Discover,fcd6d241-ec7f-472a-9447-16961682e898
b84f5845-9c50-417b-a9fe-a63f6c702ddf,MC,112f9320-2903-430f-a9ff-a7090a1cec39
0799c65e-5f73-4a40-82e7-2200f6c8a49d,PayPal,5ede8d39-9104-41b3-8ab9-d75df68965ae
50dbc723-9fc3-4293-a819-bbaeb0e3d7b3,PayPal,35bf655b-042e-44ef-8e9c-873d32e1a359
685d7cca-3a26-4b77-ad79-248cb51b6cfb,VISA,b9c404f3-5e55-406b-8880-54d77e89e004
f5a84162-45f6-4242-810a-1af1ef3b7bf9,VISA,ff523908-1c92-419a-b464-4663ca0a480f
3c9a6d3a-5ac6-486e-abb3-2763be92c45c,VISA,85e21264-2657-4064-bd26-df704fa6b5e6
f5280c1b-d0a9-4de8-aae6-0e9486ad0c8e,VISA,d5d42c8e-8f37-480b-86e1-c2bf5a6866ef
53b3a361-6019-42c9-896d-63a6c1fbe759,VISA,8f8b4d19-8f74-475a-928e-14f3ebca382c
6f4a4f64-19e0-46b3-ab47-ecf4137c4a2b,AmEx,63e52b88-2039-45ef-b6ba-dc9f48b79ee3
2c47e0b6-b3be-4545-94b1-19e1f5124eec,VISA,6c06feb1-7841-4dcc-b608-2473b29f0bb0
4a446e3b-a017-4222-a0e3-ff7ff676aaed,VISA,1018db1b-b401-4a39-a369-4d88293bbac1
58c0c4cb-84a8-4dbf-bd62-29e3aa7b688f,VISA,1acecf86-c196-484d-aaba-fe9facf504c1
29dff3e4-f957-41b2-b3c9-156ec4f272dd,AmEx,32e953e0-0753-41c8-bc8f-6107dd8380a4
08d96d81-76a1-40e9-bd55-c0f9cb499285,PayPal,6c20f18a-51bd-4eb4-b539-29f4c151e531
6cfc87df-9c90-4365-abab-ab87e2ec6ee6,VISA,db0ba131-746a-4278-a6d7-4e4ccfe25072
ad8d2236-b337-4f55-8e53-775ae23fad92,MC,1ab94ef6-0c3c-40ff-b3e7-5331f68bddc1
88037b0a-2330-4c22-9caa-07270e5921f5,MC,3811f178-e322-462a-ab2d-d366e9f39bbe
3968bd54-2680-45de-bb8a-8f184b70e0f0,MC,cca1e44d-5841-4475-96d6-26a4dcbbaffd
e814aa85-afad-4533-b56a-1dc5a3553563,VISA,1f56aad7-6f75-442c-8069-1da7d72cb4e1
95231a08-20f9-49ff-a62b-c8423d85ffc6,AmEx,aeb4fbb1-8fec-4867-b5bf-39ae7f24ce95
551b3b62-5ea7-4d10-ac49-e332ad9e3945,VISA,c1ca21b7-5e35-4840-9104-0c36b484c1c0
313e46ec-134b-4d98-a487-29a512310c89,MC,34f67010-4ecd-4d54-a895-a27801712a24
2588980d-d6fe-46e4-b354-ff7d2323e6b7,AmEx,2ee96111-e4e1-406d-92d4-2e87cf83a9f8
6da60023-e20d-4d0f-aa9d-25342695f4da,Discover,8bfdef33-2d29-4aea-b0d1-ef60920fc84b
ceae1acf-ac23-4aa3-8a97-a5204d8f8abe,MC,b16ca759-c70b-4937-b2bf-d8555b126f03
438f4baa-9d4b-4c2c-af15-96a01a341cc6,VISA,19d28057-3fd6-4115-ab60-d0549e0d5295
e2c5285a-e27c-44c8-8fbb-80f1bd081125,Discover,842c179f-44dd-4d61-9fe4-fe514faacd2e
d73ae44d-d449-4268-990e-d930c7720f1c,PayPal,1ec6db2e-1d5f-418b-9af7-e2e216eb31de
72fed5d4-2fa8-4515-b32c-46f3f5a610df,MC,6e1662cd-ea7a-4353-bd88-edc64f0d0aac
50fffc31-43ce-4bc6-a9b6-ba1216ad9c4c,PayPal,62af5f77-d1db-4d33-83aa-4c48228ee0e4
949f63d1-1147-47cd-9718-93b0a37d81f0,PayPal,1c6f66e2-b80f-414a-844e-2d8bc09251e5
6ec2b723-f9fc-403a-8d6d-bf498ba52b2b,VISA,d22dc7b6-34a5-4b05-8387-a3956024e842
3259d7da-dea1-4170-8deb-327e24fb37de,MC,9a2eaa32-2e89-4eb7-8ef8-73ad1dea397a
e610de28-8103-4cfc-92ac-9af23578d70a,AmEx,cca9af43-c12f-4a1d-8c60-8371056b3bb0
d857e747-0326-4059-9373-e6a931993d81,VISA,1669c9ff-369b-450c-a4f8-c5c6b31414f9
b11e5344-56f0-4e25-9a0e-aa60f09a105a,AmEx,a5eb52e2-447f-41e1-9601-10ea9b88a64e
574367c7-6ab3-4a03-a842-f9bcd8b995ff,MC,5d0b01f6-ca00-4973-9703-61d712cee92c
be487332-fae5-47a5-9d95-5a245990a049,MC,ee93e5b0-d6d1-44df-aff2-fb352250eb33
65124f18-36eb-402c-a44a-d1012c1ad8f0,MC,97f67d19-afe1-4202-a603-357128ae7dc7
a378f806-a7c0-4e43-b9c5-4550ab7b533b,PayPal,e451ae67-d9ad-451d-806c-cf88c112f7fa
5000f764-5717-4495-b507-0d4b60a43310,PayPal,933b36d2-71a2-45fd-bbf1-1bf36d5b8feb
b2e40d94-95c1-4164-adb9-f6ab9fbb2431,PayPal,9220cd61-b645-4ffa-ae76-194c66897fee
4fcc0fb3-35dc-4955-85ee-db7294d04bb5,MC,075dddd6-be53-4467-a132-8b25584665a3
64d0c7b0-4dcb-46b5-8807-af06f1a0a776,AmEx,7fb59ebd-0c45-4126-a3c9-4ae3e5b1dcec
eee0bf5e-d6f2-43d2-b5d5-75ccea464835,MC,59d1ee80-c959-4365-a1ae-484527bbe089
b07a044c-83c5-4ee6-a208-63894d31c8be,VISA,94b6fe95-1170-4e22-ac7d-221262e19a6d
6a4ddf2e-c17a-492b-bb03-a37f2bf77430,VISA,6e1749a0-2e68-4c00-8a40-ae43cdbc0eb9
1c714333-7b96-4606-aae6-12f55d8ffbff,AmEx,84cffe28-80e7-47b2-aa69-ed038c346cc5
1c659b19-e000-4371-83f0-f6c440dd6b81,VISA,24552663-cf27-4c12-afc9-ee7dae81f8c0
3f71d24a-860b-4d98-8739-9c60cba47800,AmEx,e630ebf6-d90d-4282-a272-46ff60617fb0
26f9d9a1-bb59-4fe9-b116-36a9da2bda7a,MC,a4b337c8-939b-4d0b-8635-970eee692804
9e25fb5d-39f5-4ed0-8e05-8ef14d48c6df,VISA,39361d97-89d4-42e0-8cf5-4c388e59405b
6ff15604-1baf-491c-8220-6b3a7fed693d,AmEx,f191f15b-5aa5-4df5-8c68-d3171bfa871c
d911491b-b126-42d6-a7ba-fbb4a2828664,PayPal,543937dc-be66-4375-a2d3-5882a9a7dd57
4ad0c7a2-c82f-4b9b-993f-2fc603ddd871,Discover,3a5be85d-270f-4101-8e16-c700510cf2ff
730b76d5-3c15-466b-b9c3-6720c76ad5a2,PayPal,d038120f-9d67-4727-b35e-2840de902b31
388e4e97-f58a-4fcc-ac05-1f5ac8f96745,AmEx,99fb5985-b606-4a5f-9985-5c9800ebd3fb
860cea4f-30d5-48af-9270-d93e2d180972,MC,b4787b11-4be6-45ec-8344-29395234ed08
327d78d7-a62b-46e8-8d6d-b1fbcacfdfed,VISA,b9e1f31f-bc33-4383-b0ce-5824e462068a
bbe678f9-976c-44c9-b16d-f790f3595cbb,VISA,28255777-21ad-4734-beee-f1c314209dbb
74da6684-ad65-4a41-ac51-87265353db3a,PayPal,4b015237-cc3b-4d09-a14a-6b2f59a82af2
aba257a7-0314-4dda-a51e-06eb7fc596cd,AmEx,42803a79-cec0-4f42-a0e9-9a1ce1de73ea
8b2fcc35-19bb-4fb5-b05f-a3f0e6fa9770,PayPal,d9e64597-e0ec-43d5-b10d-ed9c76762163
ab5d7ecf-50b3-4227-9e4e-b779b17274a1,AmEx,696dc2d7-4e42-4e94-b7f4-98ec3c575ea3
62ce941b-40bb-4b6c-84ef-214b9aac055f,VISA,60c78609-dcaa-458c-b641-a2e7235aaa11
984ee7a3-c9b6-4dc4-bee7-cbf3a8468d6f,AmEx,8b7a3286-0ede-412c-9351-60c0c8c3ff5f
17ac93f8-3751-4563-9bae-f1acddae51c5,MC,6c34723a-c91f-4502-a709-7b1f4faa1b3d
82c6ce75-a9a6-4e8c-9543-eb7b1f645c8f,MC,3a9af82d-3c96-48b1-81f8-be64642bdab5
0e905d1b-c30d-422c-acad-c880368b59f3,VISA,f041ba8e-9103-483a-bd93-2ed601ec03d3
6608cf72-70d9-403c-9de5-3ae8b450b19b,MC,dfbce87a-f05d-41e3-9f55-982d2602488a
3de7abef-9382-4ade-9aba-3369801d2df7,AmEx,663e7df6-f8db-4637-b814-c786801bab02
dca5b560-0803-4c79-9641-87add5ee2c28,PayPal,3ebb5cb0-0b21-4f83-b9b9-5a514237abe7
f8a0fb38-7835-4185-bbc2-18bb259bf3bb,MC,b5fc5c8e-ae80-4772-a53f-53005c7dab9c
4c617173-8005-45f5-8d71-7e6f7ce9370d,Discover,1ee85fa0-5ff6-4145-8345-85078ef7a949
2b89afcb-b393-478f-83bd-30be3d6548f9,PayPal,fae5bef0-710d-495a-96f2-edb2073540b0
d3d15987-b2e6-49f5-a117-2bb1f791f947,VISA,135e3004-6a29-450f-858a-e10d880c3a25
12100a00-d527-49a8-bf3e-b5cbf3d4ff64,AmEx,46710a90-5011-4a7c-ae5a-5d3810caac65
7cce22f9-4ff4-4303-bac0-7cbe93d6392f,PayPal,baf23a50-4b6b-4d10-b85a-a2c67f6d4a3b
efdeace1-65e7-4316-933b-856121a53e96,PayPal,ba2fd8c3-465d-40e4-b4a9-48da72c03af8
7740dbcf-2fcd-4cd9-9030-914e44de4359,VISA,a7eb22b1-2d4a-4c3c-befc-ab9bd655b201
21fd7572-960e-4d8c-a8dd-df05e27389a7,PayPal,61ff4eeb-f63f-4dbe-b455-4c8b6c0c90e2
f22e99b4-9207-4f57-b24a-f27caefcece4,AmEx,e58b1ec2-3fc7-4254-b108-0517e1b63e99
f73d0e89-3982-49ad-969f-b369fd35684d,VISA,9e98bd53-5aa0-4a93-bd2f-9784ae95aa25
4124337c-a0c5-4f3e-8fd6-94e181de7141,PayPal,ef74f006-23e7-4943-b7ab-fa86700df652
26f73467-f2c4-4c38-ac56-be596e208335,MC,af5849f1-4121-47cd-a1f5-713441ef877b
2f0c2452-a962-46fe-9a73-718351ff3bcf,VISA,5debb9ca-63f3-43d1-994c-a19c53292097
3b43a609-b3c2-4ce7-aff2-6f827884afaf,VISA,360fb2fe-7692-416d-bfd8-0518fad2dbde
8c4e91a1-8748-47a0-a155-88811813d363,AmEx,e6e48491-ffdf-467f-a873-efee3105b91e
6552bf24-6348-46e7-8b47-a285a813c7f6,Discover,832b7888-4610-4ef3-845c-d6960dadaac9
99329cbb-6c38-4e05-a8d8-ccf68cc40a25,MC,4f437e8f-2762-4271-820a-dd2f42547793
de263281-867c-4faa-9e5b-41d751ad46e6,MC,17bf747a-f70a-497c-b210-a1cc6b3448a2
b7ef12b6-cef0-43e6-9436-4f16338ccfa2,MC,a2a701fd-afcc-4831-b3a0-f576efade66d
d465a893-a1ff-4d60-9939-9f5b00bb0ec3,Discover,fb9458a1-4744-4731-8ba4-fd206c89a7c9
735d6440-9318-4eb5-9592-9dbee8690078,VISA,a6205300-5c10-4632-8c9b-73a214315277
7455064a-5535-45a9-8e85-9b64de9f4186,VISA,a202e073-c7dc-4919-964d-84897a0cc3f8
ccb9049c-af11-4c50-9dc7-1f2038256303,AmEx,7acba8bd-3fda-4db5-9d0e-474e59c233d4
b5bad38d-d6c3-4c5c-86a9-09ad733f8772,PayPal,48526a0c-7542-48bb-a72a-bacbe3cccc54
27bbfd2f-afcb-4995-8677-bb04a5c4ac23,MC,e8712850-a787-4d81-9181-398c9c6f61d6
74c9f949-b9d4-417e-a219-f1064b101e88,Discover,f94bd0ed-a90d-4004-a715-120e487f016f
7649c3d8-145c-4109-9652-7b75cee14b98,AmEx,b7b637b6-5125-4eaa-abd0-452c8ce43612
e113f026-2dce-458f-b10e-a253d85c1947,PayPal,24b2c6d1-476a-4ed3-9ead-306f667c1260
ed6165ac-e12d-4a3d-b543-4e66915bded3,MC,60c6594e-5e3b-464a-9e51-ffbc8ecd41e8
b6abb9c0-132e-4797-be62-16a7ade6c171,Discover,3d5b6b91-b80b-45bb-8eb0-c91f7fc2df06
923ad7a7-3f32-4ee8-8a82-c1deb90528b2,MC,92bb7c0f-6ab2-4724-a174-cc51958360da
34918fbc-4743-490b-b511-323e51ca9e5a,VISA,28ae8b67-3b2d-4237-afe6-0df31a9df9e1
2f7af729-51c0-4be9-b10b-06bcbf8fbc61,PayPal,6195132f-d5bd-403a-9c94-64caa7fee886
036de848-a78b-428e-bac7-0179d9c27858,MC,699562bf-d0a1-470f-9dab-979b95c068ae
36903819-0cb5-4a41-aa50-73f9b76eb570,Discover,6fcca754-7970-492c-adc1-1e666a7287d8
459ca101-fc74-4535-818f-545cb6d24935,VISA,c227b5d5-efef-424a-afff-6551b9bebdbb
92f735b4-dfa8-4015-b406-cd27a72b6641,VISA,0bdb71b9-f25d-45d5-8ce6-77266d71e632
4a5cbae2-ecbf-4436-9114-b34334d96733,PayPal,b53ff327-bf4e-4407-8bc8-371d8cc46657
ee37dbc7-84d0-46d4-82aa-e6a9078e1db5,AmEx,08789019-f803-4aa3-8a9a-224344cb2d7a
1acb529e-30d2-4e55-9798-ff7413dde3d6,VISA,43872527-6636-475a-b44e-abe86cb42c39
3727a7c5-b43d-4cf0-bda1-20c8ee32bfd2,VISA,78760f05-98e4-4e13-825c-a44f64191fb3
cb3e9e0e-59d8-4961-9834-b308b1cf765e,MC,a824d50d-94e7-4ed3-b2ba-9caf2f440a88
3d01e006-8715-4a22-9a7b-9f1c70e35ea8,VISA,ac3df97f-e0b2-4cf1-a915-02d834579f6f
49327137-c083-4009-8e99-4a2ddf99e1ec,AmEx,114564c0-f79f-4787-97ec-0b1cc6bd54c8
30c99cde-657d-43a0-a329-1c38fb0de365,VISA,f92644e8-2ad8-442f-bf82-dd41e896fbbf
52963f18-048a-4b87-b6c9-b55224a2f076,PayPal,26daec9c-200a-43c9-a239-4affd95a11a2
e2ec878b-e56b-45af-955a-08d7aa408be5,Discover,f8db3d75-03db-47e6-8bea-6aaf66c413f6
2806564f-786f-443a-be30-3652598677b5,PayPal,b17cafc9-a0af-4475-aca1-209a781afbb5
7882f3be-71b3-4fb8-8627-52281cc617a3,VISA,dae4dca6-a4ef-4860-af38-e2e577e5d16d
d2e0aa95-ff9a-4c93-aeb1-7139857d928e,AmEx,7648c1c6-c76b-4652-917f-4f9bf584c6a8
b2641a48-915e-46f0-b035-62ac0feacd57,VISA,9e2dce66-8a87-4d0f-91a2-cbf2050c9fab
af00d975-fea1-4d50-ad5f-edd5076458f8,Discover,173e6029-80c7-40c1-81d4-f085ddf7a0c9
70cdff90-073e-44f6-b89b-300efb3229d3,MC,9244537d-204f-478b-8814-c781c350f126
56fc96d6-bda9-40cc-bb06-200965f286ea,MC,b6789e96-1d76-491f-8af7-a0f8dfade93d
78d472ef-40fb-4d10-9973-4a6c5f844ce4,VISA,39a9122a-4c22-46f3-a29a-aa98cb566061
af448499-4c4d-4780-b3b3-c0be6efa805d,VISA,5d33f904-bbf2-43c6-b523-2fb161988fe7
ea264fd4-8ecb-4350-9305-2948a13fac71,VISA,bc430bd8-4cd6-4dd9-94a8-9c81c7064d25
9dc959a9-051a-4f25-a8ad-76fc0686ae3f,PayPal,141499b8-27ad-4cc5-b978-8218e58adc0c
4cb90962-cc97-443b-a2a1-0bd668a40db7,AmEx,07769be6-52c1-45a9-8f57-f6f68e57d598
03a6ae16-77d3-4680-8979-605d5bd28347,AmEx,1cad5518-a885-48e5-9c04-d961d3aea246
ee4bea79-6725-40a8-8c65-9f5355420bb0,VISA,f296b401-1f4c-4f14-a50d-b1c516c20d44
de7a2c82-4e07-4da2-863b-cfa87e868a81,MC,7fcd1809-7040-4a62-9d30-1d18b7942851
c8833e26-b426-43e4-9afe-2444446ba3d9,AmEx,0f359685-21e1-4b5b-8d19-0b2aa51b06b7
3ff85edc-c019-4fdd-99a5-85312e7725ab,MC,06324666-265c-4cfe-99a6-69c27a7ddaf3
0ef2b3a4-e594-41e4-9a54-81487fd31c04,Discover,8dec3e85-6252-4a33-8fbc-0673ea0b0abe
81eef0bb-4748-41e8-b708-ec5ff990472c,VISA,98356842-a9c0-45f7-ae31-cd0113ff8488
e108fae6-9315-4f43-9129-337d6482b189,VISA,412a5f0d-4c4e-4a2c-85bd-488094a500ba
5a8f9efd-3341-429d-8dc7-bc5b5c17337f,VISA,ecf472a7-a5ba-4018-9e30-22ebb7ae4c9b
e2536aae-da47-4179-9575-5b17939b2efc,AmEx,e2bce2fd-1a7c-43f9-9c4e-2e1d8607ce7b
6784cb7e-6511-404f-b407-1ae4d5eb05f7,MC,efadbb9d-a58b-4a06-84de-b58238ac07c3
e539c1eb-662a-4d52-be76-f4db8ceb7148,VISA,4a63a568-0688-4591-96d7-962a96b6bb78
db5026a0-9ea9-4a62-adc5-318595db4007,VISA,05778529-a027-42bd-9beb-57d85ec5d421
fca58014-92d3-4de8-bc22-8fbca2812523,VISA,b8c90819-2681-45a3-b48e-ccf849999c54
b97809b4-2934-4a92-b47d-b7f3d316b75c,MC,f2926146-72b6-42f1-995b-cc3ed4626447
183c51d1-ceda-4cb6-afbe-3d7ebc243f5e,PayPal,2b0a4fff-26ee-4576-95fa-b74f097bfb1c
f3c812bb-9d7b-4a2f-a3ac-bb7bbd523c20,VISA,2f4e432b-d44a-476f-974a-b46cde1a286e
0a72078e-e552-4c8d-966a-133bf75daccf,MC,dd778215-02bc-4ed9-966e-77052eb18b6b
7d438338-4ebe-46f0-99ab-ede13c1d1281,Discover,98bfcb12-b4a4-4c12-95e8-401e4e61a1eb
8444752f-d391-4611-804d-d7f80091f17a,MC,7821057e-31b3-4d57-9e78-697200f92ad8
b1a142c6-bfe4-4bc3-be4a-d819c5b2b287,VISA,6a21e8e6-bcf8-4d91-8b6e-6930fbcdbfe3
d140dc10-4f3b-4878-aea2-90d9c490a533,AmEx,1e121a5d-5e6a-4c89-92fe-94942fb3ac0c
2bad6b07-9bd5-46b9-90da-dacba80ff004,AmEx,f9faa026-77e0-447a-8301-308705139766
6888ff9c-1212-472f-8123-bea02333f2aa,Discover,dad6b9f9-4748-4a57-85af-44458e900700
6ea15ca0-b206-4e30-b9d0-e2d7ae49d69b,VISA,3252c29c-4ee3-461e-9b72-dfab1c04fcc0
40bb7dd5-06d7-4410-83b7-2bffdcdaf6dd,VISA,fb219c6a-6dd4-453d-914e-043dbf2444d4
849f8d88-288e-4f29-9d29-a2338d8ff579,MC,462d489d-608e-4cb1-a2a9-006b1bad479d
d0760543-d583-4229-beb3-e27e5102abf5,PayPal,19907a22-d5d5-47e8-adc3-7294f04d43cc
ad511dad-c09e-458f-bf0e-7ede48094b5f,MC,a4a4dd51-3ec3-4f98-81fb-4e2432c7a838
d2380520-e115-472a-bb89-1ad826f2c203,PayPal,3d570aca-472a-434b-839a-a1f569785fbe
57692c23-0166-46a4-bcb4-3c61257c7ac4,AmEx,5b14ffde-c47d-449c-a173-20751041f8ef
176539db-6a13-4098-95cd-e685dba08e50,PayPal,729c6197-7c18-4ae9-9a14-3086907bab3e
9fa1bf56-5920-4764-bad4-58628e1cedda,MC,12dc77cf-7561-4c9f-b971-ee1473d8eb2b
79f6ae6d-92b7-476e-84e8-1a17fbfd31ee,AmEx,1c602e24-6f58-41d8-867e-98a8c6191b8f
452b777f-bc13-418f-aa96-a1b270f4887a,AmEx,4ef8eb2f-6589-4e49-926e-7301f5343715
5b3f4902-a87f-49b3-a8ff-c1dc086de6e4,AmEx,1177cb21-766f-4c6b-858d-1b6755e9f5e1
9e67af05-6f45-4d04-a134-5612af190c9d,VISA,ce45f7bb-127b-446d-b642-ffa79111e67f
2bcf74cc-cb32-4b84-ba06-4effb02d93f1,AmEx,6ac4177b-45a9-441d-8947-affaf94ba342
a106c6c2-ba0f-4f08-943e-668f254de285,PayPal,4f204bf5-3103-4616-9473-28818c7a537a
fa171131-9186-4968-96af-7765fe641597,AmEx,a7361ebc-1aec-4310-8626-d90d095d5a04
6e6db106-c7ba-42a6-aaa5-8014c5b87f2b,MC,b2874c4a-2204-4fc9-a921-c7eae36d0fdf
d4cb6d09-b55c-41d7-b067-9132e89f3805,VISA,27757b98-5936-44e0-a4bb-77752894338b
da9df5be-8abd-472e-8978-e984f83ce23c,Discover,abaafed3-8018-4db2-881f-884732ab737e
081b1b8e-3160-4298-99bf-171f286f456e,MC,3f7673b0-1a49-44b6-a07c-4f7b2b1382a6
c244cc29-d272-4a11-a20f-1ef00b0c2bc7,AmEx,61bf6679-1f99-4f39-88a5-0488a6df909b
4dc9de4b-7708-4b29-9497-9b4cbaa6a471,AmEx,689e237d-ef2e-47ef-ab30-f73bb22cf798
b36eca22-aadc-42a3-b0c2-46d7965fae00,PayPal,06484058-a093-4ffb-9578-6be9da7b7340
7a3ec9fe-65bd-477f-9d37-5b685dad1d0e,PayPal,aa37bd4b-9d5a-4922-a391-bf30d8c135f1
92a3b0a3-a0a5-4012-8e4b-1e09fe76626a,MC,2f8f9141-5241-4113-a3f6-24cbaa0505af
b9ace43a-4f91-4286-a7ad-9b76f4c009ac,MC,106cc7ae-c615-4ad1-8816-7782d4345a82
096bdf3b-7577-4cf4-800f-206443ba662b,Discover,9081ddb6-f67f-42c7-a8b5-2f5d6b17c15f
e68edccc-bca2-46a9-a760-9839772e3d1b,VISA,a57bb03d-0e7b-4f0a-94ed-9cdfb4957f7a
012daea9-e617-4359-aefb-183990b58392,VISA,8af608e6-6869-416b-a3b9-39f346cd2b31
3ffeac1d-b379-44c6-bac7-790a2bed9341,VISA,3000b8bd-5c49-4874-b7f7-a2963af64f1b
24b1fd99-0da9-4bb9-a9e8-e82bcf47cb5d,VISA,ab48328f-fbef-4372-b4e4-c09b6e7e363c
e0d314e8-c25a-446a-a939-ed1c19e17e2f,MC,63965ba0-9201-4700-aa4c-e00abfe0b233
356bac4b-c9f8-4d03-89a3-17ea69a5e275,AmEx,57e99c29-2ca8-47cf-a56d-44b8c9884f93
54d27812-e4df-4599-88cb-97ef9cde7efe,AmEx,67c149be-1106-4cbf-9c70-b2a1611ac89d
3cefb10f-c861-4044-9b38-29b87c707181,MC,d8a7bc59-dc5c-485a-9a59-6429c48d86d1
790164a9-1b12-4206-b472-ef51ea046754,MC,7d5ed76c-8054-4ee6-8b76-dddd16b5aff3
7a296a85-803c-40d9-acbf-d2a44dfa0740,PayPal,a210270d-6020-428d-805c-ff54ed47c9f8
7c8d4a4f-c631-4490-8982-c2456747bfe6,MC,3795efa2-cc5c-41ca-8872-a6bdb851d770
8b8b4486-c06e-4197-9052-8e4ad80f4f66,AmEx,403e0ac5-67bd-40ec-af75-0624573b9802
01eeed12-5773-415f-8337-23e02b4a2a8f,AmEx,970055d6-4a3a-4eac-bed4-cb18d980b759
4b017c5e-60c3-42d3-96d7-15b2d3b676f5,VISA,44f656ed-35a5-4747-859d-ee4853251ef8
c7177edc-8e88-43e4-b866-5102dd823c24,VISA,d48f60c0-7531-44f1-b6a7-3bb500bda662
0db3be7b-22cd-411a-b555-d86d661d68a2,VISA,79de0ced-9a4c-4e28-ba24-3867688e5068
70fdbff9-9115-44c8-88c2-071312adbe64,AmEx,9b160a7f-f337-4a62-bda5-abfed4a38afa
99c77c12-954a-4d14-bbb9-ce41fbf9d852,PayPal,1e9deceb-feb6-4ecb-a1c7-949b84bc9567
2c7f044e-f322-4f0c-8f7b-db1d2561aad0,AmEx,77b77185-bbdd-41f3-963e-82d656fe4c67
1ee77495-2775-44c2-af95-b118da2eba74,MC,2c7d63a6-ef74-4080-8b0d-b4f3620c9f25
9651188b-d52c-47b5-9411-e05dbd179723,AmEx,383beeb4-46c6-41ac-92d8-9ffb214a1ffe
aef6dce9-9f57-4fdc-a90e-5ac9994b64c8,MC,8085e9fb-009a-475b-ba01-e6e3d5fa9cc0
eab1c928-1958-4ce1-8839-7ec81543a472,PayPal,9e0f5ab3-a52b-426e-9855-e7b18300171b
4b2f40a7-c6ed-4d4d-9798-6e307211a67b,VISA,a93e5771-1ddf-47cf-b407-23d9610fca43
e1d7a7dd-68b7-456f-a43a-7af230a95b39,Discover,83f64b63-047a-4799-9b19-16f4a9ba6870
dcee842a-0c3a-4a3b-bb5d-0178d87e003f,AmEx,4fcc80d9-71fb-49af-90ad-78f9cc107caa
8df4ed8d-9faa-4ce5-b2c7-16e1d1fb30e9,MC,82b50894-06d9-4ef9-9cde-83ffe9d2221f
4cd94a1b-6654-413c-92a6-0e36d55a47e1,PayPal,783b6165-da8a-46d5-baae-39334110c54c
320b9bc4-bf54-4587-adbf-fa35401294c6,PayPal,2a51ad81-2808-465a-9b27-c29c087d48a4
e9061464-cdea-4f6c-88ca-8e5252610357,VISA,2623c1f2-d115-4061-ba10-11f67b3e8313
8c560225-7f85-4103-aa58-9656228a371c,VISA,0957f62a-bff8-472a-a69c-00c708e01612
c5374035-d09a-4e7f-8f42-e03e3c59a76d,AmEx,a6f727a2-ab55-4118-9fd7-34886ef912e9
2eabb561-f17b-4497-844b-c4ee133343fe,VISA,556cf719-f3dd-41fc-836f-064550e38c3c
77fb22e3-c910-4f3d-84b8-b63aaaefb4c0,VISA,dc39992d-f87d-45ff-9ca8-e62516934f05
a1653d64-9ffc-4bb0-a484-00c847b77f0f,Discover,62193fe3-cdac-4cfe-b12c-1ae3ceb59dd0
6630dd97-bfd0-4f36-bb05-418e9e2013c5,PayPal,02617634-bcbb-4f22-8d2e-89354fa50b6a
32c385e0-03c2-4125-a802-1a5afb2245ba,VISA,34290d02-c160-4b71-be29-86ed51ed4947
993edc00-5cda-4b18-822a-3451b769bd9f,VISA,30052c3a-9771-402d-a23a-b84f0308c6d9
14ab5e9b-517e-4195-8bb2-a5e20205477b,MC,59d569bd-37b7-4741-b239-0ee11a75b473
7c9e8936-83b4-4055-88ba-437e93671b7e,AmEx,f9860d48-0c09-4e85-a815-faa35d50eb73
cd4621d6-5874-45b2-8391-015fcd16ad80,VISA,b6de32ba-169e-4ad1-92f7-158941a47ddc
18bc02a4-0700-4155-b8ae-ac970abb02f5,VISA,289e4d32-279f-43f7-bd7d-ad54b508b74f
6b120b9a-d224-49ee-81eb-40201462c51c,PayPal,f66bde9c-6eb9-4ffa-96e7-88213740a945
87d6c30d-b85b-4470-a252-6920c134a2a0,VISA,45f58cd2-2c66-4682-be08-393a92f74e62
96258518-d610-4965-b4f7-c8772b2a8927,VISA,58b4fd99-aed6-4267-add9-a6db6a8da0a9
b791fa53-fb93-4e3d-af6c-4558c5b49b90,AmEx,3ba8a56e-3880-4f1e-af93-d56a2df33eec
6c9de082-9824-4ad0-b5a2-9f55a9c047d5,PayPal,f7d1f1df-2f91-4e9d-ae49-bc5fab86334f
2e3f0f7a-1322-450a-80a7-96f8e9827bae,VISA,12d00f8d-b591-46c2-962f-73b6c4f04ec2
3eccf16e-0174-48fb-9393-481e59fae9ce,MC,5e29e07b-e68f-4c6c-9a97-7928ab14042a
c5f2d55b-501e-4eae-a24c-6089df1226dc,AmEx,f1b7cbd3-467c-4d6c-8f66-fa730948312e
fc4d99c9-c57b-4ec3-a61e-fbd207e4a87a,MC,86bd7f82-497e-4b30-be36-74396666d90c
9a48a1f6-896a-4631-ac3f-8b0585a764db,AmEx,40440250-b560-435a-bf87-21014225f0b7
d87687f6-9f73-43ab-98dc-1e6fb2b058e3,MC,030d0c16-1acf-40af-9522-88a0e5513c2d
578b2d7a-8a88-4d57-a998-4abf9589e405,MC,935e11ed-d468-466d-9317-a4b8b3076c7a
8528ef11-2ae2-4942-9972-f8c37430b109,Discover,eeb8ad60-c26e-42e7-8a50-6513a4e5fc02
a9214a6e-f2e7-4226-9a02-58254721745c,MC,784af30d-d8b2-42f6-bc28-9f664a351834
d37e1bc3-f9d5-4034-a212-140926fb9695,MC,a3270a16-dee3-4b3c-a50f-9522c7564ff2
3b7693e8-dacb-4baa-bdd5-e1d49b4ff323,MC,4d924824-9ab4-4e2e-bec9-f9562ecffdfc
dbdbbd7a-ee7d-4f47-8c1c-16da56e5022b,MC,04c78a15-d3b5-44d8-a47e-1d27676ae601
62fe6d13-3912-422f-8b30-ebc77b473417,AmEx,79879541-0c26-4e25-a83a-210a4c83598f
9789ed12-2c84-4645-833e-6d77f95defa6,VISA,3d65a040-2fa6-4878-a426-816cf6807b16
a3671be7-f60a-478a-8b60-07d972677011,MC,d9758ed8-34d8-4688-8da1-382d70bed6b7
647b041c-2448-4969-9a2a-abcfc4734b26,Discover,0e0c5d7f-6945-4642-acd4-637441014a08
300280c6-0eb9-47f0-9d64-b0b88b58d6ef,VISA,7f1c9f6c-7208-4ede-b048-ee88dd376165
b59c707c-665f-423f-97d7-95a5f6bc3000,Discover,06d1dab3-82b9-414e-b951-42202e293616
588e1049-f32f-4c77-997f-e68e6de69423,VISA,32b74231-bf01-4cde-8a06-d3fccf038e25
2691aad8-38f9-497c-a6bc-3e563cd0d0f3,MC,ff7fec12-77c8-4597-820a-02f3439946f1
406142e9-6ab0-4691-931b-40f588dd3a95,AmEx,9b122b67-4ddc-46b9-96b2-deea6c8a133a
7784e27b-4778-4c6b-856c-6b3c0d7af7be,MC,4746391b-a102-415c-aa70-89f8cbeaa0c3
9ba4f113-e35f-47ef-8b2a-92254ebda2cf,VISA,364e6162-12a1-43f9-b3b1-24c99575304d
e5a864f7-9efc-4b89-a9f1-5b5f62f7e4bf,PayPal,17aa4723-666c-4aff-8415-a7a62bed402c
399c1282-d4ec-4951-b320-ba2a323849db,AmEx,21dc9996-4854-4415-bd49-3d2e965a26f8
07559a46-60ca-4e4a-9a06-78fc225d91e1,MC,6716871a-95a1-4bcb-b221-01952f08409a
362fac5e-c17f-4a3f-a5a7-9cb7143ebd60,AmEx,2f9d28c1-9973-41c1-822f-9aac18651ff5
df730751-d9d7-4384-a126-dcea0d0a631f,PayPal,bfac4ce5-0b11-4e2c-9907-4e2c73832832
aa749947-21f6-4a84-b94c-f5f2c04ea5d2,VISA,2a7f423a-088f-4e59-9efe-ce1ea0a7d095
1cfafd53-d55c-468d-a46d-35ef65d5ff80,MC,98dd11ac-9de4-4634-a08a-dfa57d228366
c923f5f2-1661-4db9-93ac-e0c888f2ce0c,MC,426576f6-b9b9-442e-8210-440597c6c734
36b9373d-d3bd-4a82-8267-ab008fe162e3,AmEx,d39e1b43-83de-4645-8cfa-fab0d6446cfd
a272211b-09b6-4969-b563-f4d69e36f656,PayPal,a3e37e23-226e-4f7b-9ecd-64b9bb9526e8
c7aae6d4-fc4b-46e6-9cd6-1010adf6953c,Discover,2b55e904-f4cb-4e59-a89d-b1900158b7d6
6d8ca00f-9ea3-46c5-b92d-ecdb0657ae25,MC,66d548c8-3e5f-4363-b61b-f19d0ead1023
9d658034-bf29-41bb-8bef-ce325a78fc31,VISA,bee139f0-9503-4833-b6b3-6be3f55fb5a3
f797af25-49b7-4bae-950e-96d7ce0870f7,AmEx,0438c03c-24e1-43e2-8567-548532e6e976
cda030db-4f87-4e37-9b12-1e6f12743f8e,Discover,f3ce3375-6b3a-45d8-8738-487e2f3e3a4d
fb33edd5-aa6a-4e70-ad5c-637aced6ad33,MC,50c1ef5d-f46b-4055-aa53-3fdbc54a3922
bfddc9ff-4f84-4b59-a577-899e592e7c05,Discover,1ca72188-ca49-41ea-96f9-0118bcfbaa25
ad9b124e-6d62-4a2b-9d61-7581ae201723,VISA,31662d49-f250-48fa-856c-d859d50680d7
cf43a0bc-4986-43bd-8652-f62401f1eab2,Discover,5c37a75e-d5d2-4cf4-81bd-d00f14ae5eea
ef88ea2e-5877-4519-8954-5ac536443bee,MC,79932979-500e-4b4d-a2f7-3ff146096e1c
2ed4e217-5bbb-4270-b254-b01dda74de4e,MC,a71aeb9a-d1dc-4174-b84d-85b1991c0ed0
35939621-28f5-410e-be16-44913014d8b7,VISA,dd45e847-0656-4eaf-afdd-9117b3a41b40
c26ef84a-11cb-4ccf-88a6-d3074aac40cc,VISA,265dcfca-cf56-4a76-83d6-ad78ecd27138
e2cddae0-d3ae-41f2-b4dd-fe273e521d27,VISA,45ea59bb-7ef2-4f80-abc6-e051ce96c08c
e2ceafd5-57fe-4590-8251-b457d59b4ce0,VISA,bf7dc8bd-4110-4534-9d43-76855e6c568a
1df032e5-4916-4c84-819d-b3b84ff1b4f0,Discover,3f4cd616-c4d6-4ac9-9e50-74baa1cb413f
c76ee305-35c0-42df-b482-0552ceaede2e,AmEx,7c05ae54-575d-4ee2-b839-c47386790b25
26e4225b-d9e6-4d89-9fc6-1b95d4c81d80,VISA,54b2eb55-c04b-48b4-a7e3-cf592690d29a
f7c4d82e-8686-4c99-9b39-cbb056fb4cb3,AmEx,593c5358-79ca-45ba-9133-f7deeed487d1
d0a92faf-dc6c-4de5-9066-3ad124a7ff51,Discover,e9b86f88-f3aa-4543-ad13-09a8b03c7b5e
271cca0b-7c6b-4424-945e-b6fba3115a20,PayPal,0360a67d-e262-4d57-9f87-d43f6e64fa0d
80d61941-2b76-47e0-bcf7-4acdaadc5ad9,AmEx,c8484b93-7311-4e10-88c1-780715f9044d
54dd4708-402d-40f5-a8b6-35b2e0a5e442,AmEx,ec927a7f-2f6a-48be-a335-f9a9343a04f8
24422a2d-2f16-4145-bc14-928c0c1b9f6e,MC,f996a125-c5c6-4f16-845e-a59a5a60b06f
0183ea1e-2c59-4978-b5a2-f76c5dcb7824,AmEx,f416753f-b62c-45e7-949f-ece589e3c946
2be78dde-f9d7-4411-b9a9-8d74141a5343,VISA,f102250f-6f5e-42ed-ac1f-e2efaa522ae6
f7a9fb65-3e9e-4e71-a99b-2c5b3927581f,PayPal,e1d1405f-d4f7-408a-b43b-dc9b97d811ae
b89356a9-1c68-49d0-969f-bd907c5fe3c5,MC,c8ff5861-e1c9-458c-b143-b7ef5bea49d5
9727f520-a5e4-4dc8-bcca-2c6726c57c08,MC,e8b16e63-b8d1-45c1-8db3-f74ccd9a0072
f8892a27-1ef1-4451-8a06-bc2e6662352b,AmEx,d7b268fb-45da-4171-8529-23445b57c4fd
4a73b424-b19f-48d7-bf08-0c3db858c599,MC,19ceaf34-4010-463c-8be7-b83ad3218b99
39ce7b0e-1aac-4e25-853c-0dc520b5d175,AmEx,c745acac-90e9-4bbd-b301-e5b704a2c87b
1e7f33ac-6cf0-4f8e-897e-0989c86c56f6,MC,28c1b059-0e81-44f8-a222-1210fa13adac
9da6499c-690f-45ed-b710-06428ce191c4,MC,599467e1-9f57-45c6-87e1-efd8162e5aa6
1dc1d115-4e88-4b67-a26f-17503fd0b868,MC,9d5ae9b0-f062-4a1e-9fc5-f88aefb67d2d
faf9dbeb-b4d2-4171-9ef3-1c9075c508c1,VISA,23ea5032-eac1-4b16-9bac-798fe0cffdd6
0054010b-97ae-4d20-9136-bd3de852d2ac,VISA,63a97d04-6743-4a1b-9a25-ef969bd954c7
c3907939-acb1-4e19-9c34-712799c54ffb,VISA,3c2fbd04-2abb-4256-a585-8d303d443713
bf05d542-88a7-45f9-9a2f-7f2697eadc6c,VISA,74d73088-c8d0-428b-8a01-3ae493251026
cbdf8b50-8655-405f-ac8f-b2bf5eddca46,MC,6910ce11-d8cf-4a97-9f12-76f78e2b06af
b0f0d112-9bf2-4b90-8083-9dcbc8984715,PayPal,e6365df8-1c45-4c52-8e2c-8247aefab71f
cf2620ac-4008-44ca-ab72-107cd8fd2bed,MC,dd9ab213-2919-42e4-9b4a-2324ffd6660e
b4472e96-e714-4017-a271-3f240e19f755,VISA,a543fc24-7be8-4392-b01a-3dc88de1bc20
6ad0b812-f91a-4e27-a0ee-c687220c04ef,MC,9a1e453e-1f3f-453a-8647-8a46cfd48fc6
a23856d6-f604-4785-bec5-379adfe28dd4,AmEx,b041b65b-6772-4dd0-9d69-182db1ac5415
790f0a6f-b25f-4505-8bc7-cdf3096d10cb,VISA,5afd74b0-d7be-4d7f-ac18-5cb2d5dd0578
bb688ede-d308-488c-bf7d-4b6a497f9962,PayPal,4cf660a8-51c3-4f11-9eaf-8e15952373ae
1ae0ce76-9a6a-4dc0-9bfd-77560c0da6f1,Discover,27c23621-2688-44c5-bd51-639f6ebee8f4
9a645cf0-23a4-40f8-bdcb-06065823e617,VISA,b80c95a0-e2aa-4e65-9c03-d95a0d56a500
2380c9f3-6a3d-4eef-9f61-a3dcf568f789,MC,dabd0040-a127-4f47-948a-834cb2297480
10d4a1e9-de46-404d-9b2b-11833226d698,VISA,f6a289f5-332f-4539-9158-f2f1c679710a
8d7ff605-e684-4ac3-b3ef-bdba462667ec,AmEx,29318e89-a48d-45f1-acae-88d93b37472d
8f41ac6d-ce4b-47c2-85b0-5365b5b929e0,VISA,0307aac5-54d8-4559-893b-93344a602505
38a38e17-5029-4767-9f3e-2f793008171c,AmEx,69956c15-468f-4fab-9863-69b076eea3d8
2f998451-10dc-4779-a1d3-6a46948bef79,MC,05048e76-6aef-49d9-b365-fa0cd134c731
8fd62970-ae6f-476f-a96a-1a5a9ed2a505,AmEx,a57f637c-88f2-4e64-9361-94445a6c5a14
52ea2162-3d2d-4404-b583-4ea7bc28711f,PayPal,29e1f31b-2bfc-4f90-984f-fde5025e119b
854ee427-6868-4115-be8d-7ed2a11dff7f,MC,12e42a37-db69-4fec-b29d-f6c1ac7fa8c2
56771a99-0c61-47b2-b6b1-70327228d04a,PayPal,d46790e3-0c1a-431c-9ba1-0ec4012ad9c9
e0dabbbf-ab81-4db7-b26a-23a57aeda9ff,VISA,44030ba3-4ac9-46a5-a705-98b09c8e09f9
ede6d533-07f7-42cf-bf1c-59b1fc355c4f,AmEx,b8a1c6d9-569e-4bfa-b05b-e3e73ce9405f
15343929-40d9-47e7-b712-c663bd8b96c2,MC,a9845ac5-e330-4cf8-88e0-769c9762aa5b
9f99efa5-affd-40bb-ae98-5cd394c28da2,Discover,6f43e773-3e38-484e-936c-9a05ba25f084
06bd5d8f-0742-45b4-b37f-5608de0df2cf,Discover,7b8ae79d-49bf-4590-aa2e-01e2914b964b
03819110-c05b-45df-905f-fc9c25f46647,MC,7b204fdc-993a-4c04-860e-ba05065e2b6a
577c5614-687a-4e3e-9005-9d96177a4d47,AmEx,690ac365-18b4-4af0-b809-6dc0f8e39c40
4f5a0b60-97a0-4fd6-acdb-7987886c2332,MC,26666c52-0535-4c1b-a017-db9ad92129d5
0e32ec42-5bef-4ad6-871b-71191374c05b,MC,bd786b69-505d-461b-954d-0268fd71bb41
c94a2a75-b0b0-48b3-a3d4-659b4560c907,AmEx,0a2e0a05-7634-4d91-abe4-7d4dfd076ed3
ed6ccf9f-b0e5-42f4-8161-32d5b06484f9,MC,b5a44d8b-d7b6-49e0-8b55-d2b80131ea04
6b86d8c3-7700-4fa2-b110-235ea6a043c2,AmEx,f6d57c93-b0ef-4c45-a414-927e94037aa8
59e75729-5eb8-4076-a948-2a5e37a5b5bb,VISA,5e4dfeb9-7003-4baa-8c38-57445eee93d5
2b55c000-8138-41e4-9cce-041967f54762,Discover,c819e209-7da0-4fc8-8191-6e7b767d6e69
540d016f-860b-4fd2-8359-1c7754d1b4a1,VISA,1e8c1495-14d2-469f-9c68-1aaaffbffbff
fae88482-4f5d-45d9-a535-96b86581cd8b,PayPal,209a94a5-8314-42a4-a452-52eb817b5037
08b141f3-9f0e-4ac3-a4b8-cfc84a89113b,AmEx,d54c99cb-42d4-42f1-a132-b6d55767bbf5
3d4d45b0-11f5-4364-83ad-586dd397fb4d,MC,a6bab1f2-340d-4ba6-9a1f-dd54d9b2d193
fb334102-d29e-48d5-aa78-a58d0484ebd7,VISA,7962c0db-49d1-40b5-bb2c-fe57e5114ad2
42827abb-2a1b-476a-b4c0-90b82d78aa01,AmEx,b418042e-bd11-402b-bd19-567706d2ff62
409b8612-6095-4f25-9e97-bc04da327480,AmEx,02a853b6-5d6d-44b4-8a58-41230ee3f66d
f31d91fd-296a-4423-82db-d87b9a0eba90,AmEx,b97b6007-6596-471c-9bbb-a37bbddf146a
1ca78180-02d5-4bdc-abbf-c6e7bcc9b6c5,VISA,2957351e-f7f4-441b-a9c7-2ccc7afb770d
de189639-5e8f-4c73-b03f-3bb328e0a97c,VISA,013564ab-b556-4081-b0b0-86266e426c70
a6298ed1-3b15-43f8-a809-26ac2727b001,MC,5d7b784b-25af-42a8-8b06-d2a50fb5a87d
4f14fc72-e7df-48d0-b4fd-ef9f0f64f3e0,MC,d66e717d-80ad-4fd8-9209-d249040d5301
52a031a2-21c7-4a47-9bd2-47fa89c2cb4b,MC,3cbd0a81-2c55-49f8-9216-837b56e213d6
9bed2575-7f61-4e48-9925-76d02b516824,AmEx,b794f444-40bb-44bd-83a9-91d1fc82a692
6e903714-a666-4384-a9f2-08edc4e7fc5e,MC,4161a098-d768-463b-88e0-3b339000dc51
c20371be-9750-42c2-9a1c-c3f7b1ca1f88,VISA,e2c08798-3879-4382-a3e0-ad4e01d00c2f
6ff73f1c-2db7-44fe-a2d2-86fb9e6c2f64,PayPal,f0babf3c-23ea-48b7-b564-383c3cfabc84
8c028f3a-fd4a-45b3-b3ae-ba10bbdbd66b,Discover,1a14dce3-320c-4bd7-9a23-56e1c0322a3a
2f8619e4-31e7-4f04-a493-dcf8218362b5,AmEx,7397f1e6-c382-45d7-9007-8b74b1fd4566
d8f5100c-9aa3-4d9a-b00d-49490d8e6c82,VISA,a7713b73-03ef-4e20-970d-b8c65b33855a
f53a7afd-83bf-42ca-94aa-8f20bf378df3,Discover,3522dd41-0d7c-4d19-9b73-495e4eeec5a8
de5ff7dd-6953-464e-b417-e95e2d83b210,VISA,5602bdcc-45f1-41a9-86c2-260791908103
27284baa-9310-42ab-8571-dcf7ca7dc600,AmEx,78c243af-d382-4de8-a63a-da5a09aa016f
97601d2d-157a-4573-9382-df30cdba89d1,AmEx,393fcb73-486e-46b1-85fa-adb61b4e191d
6447377b-455e-41c8-b9cf-71f4284d0fb0,MC,d635b3b2-288c-4bfd-8f5d-6c2dbc614ddc
3c9a2e13-6dbb-4111-808f-4dd3d76f693d,VISA,039f46d5-87c2-4890-b350-b6d78bacc0ff
1f7d25f9-4066-469c-b18a-9aaeb57b22f2,PayPal,695c7e2a-a373-44ea-8f0c-74fd5561c5ff
6f8bd27f-8135-49ce-8c79-a65c8ca576e0,MC,5f8e34c3-f12d-437b-a249-9a9c9abf43cb
4e9f7ab4-b749-4446-a457-22acea1451ca,AmEx,f395e04f-e796-4327-a892-2b8c0b989253
b58166bd-a31c-4f58-bb25-b1e73f77bc7c,MC,322a29a7-eaf0-4b9c-b39c-9720271664ed
20958655-fc7b-4b03-aa7a-b5babbd44c4c,MC,57079ca0-c8e9-4292-a3c6-265125563251
4a6d6bef-bd82-4067-9e56-dfdbdcd644f2,VISA,50333716-ccb0-4163-b3d4-d5aeec4e1b74
c8a31b2e-9ae4-471b-ae2d-c66b0d235650,MC,4be5402d-549e-4d52-8581-faba2d3d53af
e6c83402-deec-4d32-9d63-fd087c37d473,AmEx,6e75d8dc-ea49-457f-a3e1-ce39439f64b7
a6aeaa5b-1bf9-4f60-852b-dd2911b67e49,PayPal,7053dace-7310-4184-9892-0abb5421a5e6
69c2cd72-82c9-412d-a548-e9aebb1d375d,Discover,a74ea2f9-2139-483d-a70d-f7cbc487e959
124c1398-3a0b-415c-9d2a-79cc77fea954,PayPal,f20dc7ac-7803-43bb-9d8b-fb8fe25ac155
491f51f2-ec42-46ef-935a-ddd736cb6505,AmEx,c2d78e07-36b1-419a-a239-53d85f2f8c8c
792b6b29-d216-4f51-b59b-fbb6bfc9d71b,AmEx,44db2cd4-0898-4ca8-9f5a-2dcb3f0e8c7b
c7481bc6-d292-4b1e-9fb7-b29db60ff883,MC,df47ce5a-b7e0-4574-82e4-d2af00f4d082
4f958a9a-84d2-49de-9784-54d6a21ef9ee,VISA,92121bdb-bd64-469c-8803-9d98f353d7be
dfda0671-024f-4351-b50e-9337efde44f8,VISA,347e7958-7daa-480f-b24e-f9e76e2edc04
e386cd1d-3a38-47d2-a1ea-fead9971b60a,PayPal,e80f9ba1-1bda-4a12-8256-3c83f0e76f88
3c4d860c-bfca-4870-99b8-a6154890495e,VISA,c18bb322-db4d-4780-ade4-8d555cbd054b
8a74dd2e-318d-4b19-8fc0-cee214160500,Discover,85eb6320-0fc0-47af-9207-2eef2fe8b65c
fb4e951c-5be9-4db5-9c95-d465f82d32ce,AmEx,58160079-9c08-4231-aa2a-505b70fad369
d9b9888c-be0b-4492-a533-75223b8d8402,AmEx,37ac47f5-19b3-4f22-a6e3-94329e7d2226
d7f40c51-5427-427b-a9a9-527549107377,PayPal,63cb46a9-f80e-4ed0-84ac-45e4a6d4fdc9
1d9f1008-d7a7-4f4d-bd87-1010812e378a,AmEx,cdd280d8-f83c-42d7-b1d7-8a3f0a029e44
fd716448-6b30-40c7-96e3-19445765fc65,PayPal,b0dfa2ef-abf9-4bf9-b64e-ea4c79135e61
ef7f5355-1e99-4184-940d-3258a897d81e,MC,1f6b5c8c-5c5f-446d-bff3-f215b7e4d8cc
dc12f737-b5e6-4043-b0d6-49456e8ee14e,MC,22f390b6-9ebe-46a8-943b-582351927f4c
be421176-9fd1-4d78-9b4f-9c83d20199d8,PayPal,63bb0e18-b315-4a60-9f4a-6b0155414a30
8ab73c46-d6bd-4011-bbc7-c39594c5400a,VISA,570a2ec6-fc7e-4b25-b24f-50e477327b79
33323e74-2d6c-4ee4-82ca-4a821bfe9ce6,PayPal,de171bfe-3887-4e72-aac6-96cf165a933e
0d391e29-dce4-4011-bdd8-97c83f80c069,AmEx,3e1a68ee-4d7f-41ee-b677-b6ae628e1939
9f9a9ec7-3418-469f-8016-1c0961c62687,MC,43a53c1d-355f-4981-9d9c-656d2232cd54
c49a657c-5309-411c-a1a7-c671baf4ea18,PayPal,14fedd0c-82e5-4cb2-a64f-3cf498d6a15f
e4c03e2b-75d8-4a8f-ab3d-54dbfa74ddb6,MC,70438f03-29d5-4305-9d5d-6aa02e64f1a6
