OrderID,OrderLineNumber,ProductID,ProductName,Quantity,UnitPrice,LineTotal,DiscountAmount,TaxAmount
667301f7-add5-4190-b044-b2888964986b,1,3072,Hand Warmers - 10 Pack,1,14.99,14.99,0.0,1.31
673a4a82-3a71-4413-a317-c334c7152fb6,1,3051,Insulated Ski Jacket - Men's,2,299.99,599.98,0.0,52.5
673a4a82-3a71-4413-a317-c334c7152fb6,2,3033,Women's Performance Ski Boots,2,579.99,1159.98,0.0,101.5
673a4a82-3a71-4413-a317-c334c7152fb6,3,3051,Insulated Ski Jacket - Men's,2,299.99,599.98,0.0,52.5
8fda0749-9697-4144-8653-e8c16e2441ab,1,3013,Beginner's Choice Alpine Skis - 160cm,2,449.99,899.98,0.0,78.75
8fda0749-9697-4144-8653-e8c16e2441ab,2,3041,Carbon Fiber Racing Poles - 120cm,2,179.99,359.98,0.0,31.5
8fda0749-9697-4144-8653-e8c16e2441ab,3,3103,Snowboard Bindings - Pro,2,299.99,599.98,0.0,52.5
9a040b6b-b03c-4f17-9ccb-117a7381b417,1,3081,All-Temp Ski Wax Kit,1,79.99,79.99,0.0,7.0
0154c66e-f3d7-4b1c-8ca9-8e3c5d47d771,1,3071,Ski Boot Bag - Premium,2,59.99,119.98,0.0,10.5
0154c66e-f3d7-4b1c-8ca9-8e3c5d47d771,2,3101,Winter Boots - Insulated,2,159.99,319.98,0.0,28.0
0154c66e-f3d7-4b1c-8ca9-8e3c5d47d771,3,3082,Edge Tuning Tool Set,2,119.99,239.98,0.0,21.0
0154c66e-f3d7-4b1c-8ca9-8e3c5d47d771,4,3082,Edge Tuning Tool Set,2,119.99,239.98,0.0,21.0
c892a798-557e-40f0-a293-0ebbc6375f1d,1,3051,Insulated Ski Jacket - Men's,2,299.99,599.98,0.0,52.5
c892a798-557e-40f0-a293-0ebbc6375f1d,2,3013,Beginner's Choice Alpine Skis - 160cm,1,449.99,449.99,0.0,39.37
d0f5599d-481e-4bb6-a896-b25a1d27444b,1,3051,Insulated Ski Jacket - Men's,2,299.99,599.98,0.0,52.5
d0f5599d-481e-4bb6-a896-b25a1d27444b,2,3053,Waterproof Ski Pants,1,249.99,249.99,0.0,21.87
d0f5599d-481e-4bb6-a896-b25a1d27444b,3,3051,Insulated Ski Jacket - Men's,2,299.99,599.98,0.0,52.5
d0f5599d-481e-4bb6-a896-b25a1d27444b,4,3031,Pro Flex Racing Ski Boots,1,649.99,649.99,0.0,56.87
2304ef12-0fb2-4bd7-9984-a43117c82339,1,3011,Alpine Pro Racing Skis - 170cm,1,1299.99,1299.99,0.0,113.75
2304ef12-0fb2-4bd7-9984-a43117c82339,2,3052,Thermal Base Layer Set - Women's,1,149.99,149.99,0.0,13.12
2304ef12-0fb2-4bd7-9984-a43117c82339,3,3082,Edge Tuning Tool Set,2,119.99,239.98,0.0,21.0
06221894-33f8-405f-80a5-522c332dd3a6,1,3091,Freestyle Snowboard - 155cm,1,649.99,649.99,0.0,56.87
06221894-33f8-405f-80a5-522c332dd3a6,2,3103,Snowboard Bindings - Pro,1,299.99,299.99,0.0,26.25
5e8383c8-bab2-4d55-b178-4b990f9ef5e4,1,3081,All-Temp Ski Wax Kit,2,79.99,159.98,0.0,14.0
5e8383c8-bab2-4d55-b178-4b990f9ef5e4,2,3082,Edge Tuning Tool Set,2,119.99,239.98,0.0,21.0
29f4a615-b94f-4732-8aa3-88e95ea68ec4,1,3052,Thermal Base Layer Set - Women's,2,149.99,299.98,0.0,26.25
b26743ea-c7d8-4900-9bf4-807f4554c503,1,3053,Waterproof Ski Pants,2,249.99,499.98,0.0,43.75
b26743ea-c7d8-4900-9bf4-807f4554c503,2,3103,Snowboard Bindings - Pro,2,299.99,599.98,0.0,52.5
b26743ea-c7d8-4900-9bf4-807f4554c503,3,3091,Freestyle Snowboard - 155cm,1,649.99,649.99,0.0,56.87
b26743ea-c7d8-4900-9bf4-807f4554c503,4,3103,Snowboard Bindings - Pro,1,299.99,299.99,0.0,26.25
be1aa871-7f48-4d15-9237-278ea850e607,1,3091,Freestyle Snowboard - 155cm,2,649.99,1299.98,0.0,113.75
be1aa871-7f48-4d15-9237-278ea850e607,2,3033,Women's Performance Ski Boots,1,579.99,579.99,0.0,50.75
2bf1b586-441a-4084-b47b-3f53d30e8504,1,3033,Women's Performance Ski Boots,2,579.99,1159.98,0.0,101.5
2bf1b586-441a-4084-b47b-3f53d30e8504,2,3012,Mountain Master All-Terrain Skis - 165cm,1,899.99,899.99,0.0,78.75
2bf1b586-441a-4084-b47b-3f53d30e8504,3,3031,Pro Flex Racing Ski Boots,1,649.99,649.99,0.0,56.87
2bf1b586-441a-4084-b47b-3f53d30e8504,4,3011,Alpine Pro Racing Skis - 170cm,2,1299.99,2599.98,0.0,227.5
aef1315d-9d09-4bbe-b4f8-4c8a4cbf1fa0,1,3104,Ski Tuning Bench - Portable,2,189.99,379.98,0.0,33.25
aef1315d-9d09-4bbe-b4f8-4c8a4cbf1fa0,2,3101,Winter Boots - Insulated,2,159.99,319.98,0.0,28.0
aef1315d-9d09-4bbe-b4f8-4c8a4cbf1fa0,3,3082,Edge Tuning Tool Set,2,119.99,239.98,0.0,21.0
a83b8d26-19d5-421a-9658-76a38c10342c,1,3092,All-Mountain Snowboard - 158cm,2,799.99,1599.98,0.0,140.0
a83b8d26-19d5-421a-9658-76a38c10342c,2,3101,Winter Boots - Insulated,1,159.99,159.99,0.0,14.0
7d00cd46-e369-4371-aeed-5bcae5e7b760,1,3092,All-Mountain Snowboard - 158cm,2,799.99,1599.98,0.0,140.0
7d00cd46-e369-4371-aeed-5bcae5e7b760,2,3022,Backcountry Explorer XC Skis - 190cm,1,549.99,549.99,0.0,48.12
59eb2743-4769-40ef-9db1-33839f0f906a,1,3011,Alpine Pro Racing Skis - 170cm,2,1299.99,2599.98,0.0,227.5
59eb2743-4769-40ef-9db1-33839f0f906a,2,3052,Thermal Base Layer Set - Women's,1,149.99,149.99,0.0,13.12
e55b5d09-543a-44de-a753-9bed80c001b1,1,3052,Thermal Base Layer Set - Women's,2,149.99,299.98,0.0,26.25
e55b5d09-543a-44de-a753-9bed80c001b1,2,3051,Insulated Ski Jacket - Men's,2,299.99,599.98,0.0,52.5
c5aa9a3b-f9af-4d65-9c25-f8fd0085ef95,1,3081,All-Temp Ski Wax Kit,2,79.99,159.98,0.0,14.0
63e81850-119a-4b09-8b99-d86e7cdf3a73,1,3052,Thermal Base Layer Set - Women's,1,149.99,149.99,0.0,13.12
2ddafcb6-2f23-41a4-b944-0e3f5a9387d9,1,3021,Nordic Classic XC Skis - 185cm,2,349.99,699.98,0.0,61.25
2ddafcb6-2f23-41a4-b944-0e3f5a9387d9,2,3021,Nordic Classic XC Skis - 185cm,1,349.99,349.99,0.0,30.62
38cfa39e-6c94-427d-94de-7c4929ca4569,1,3012,Mountain Master All-Terrain Skis - 165cm,2,899.99,1799.98,0.0,157.5
38cfa39e-6c94-427d-94de-7c4929ca4569,2,3071,Ski Boot Bag - Premium,1,59.99,59.99,0.0,5.25
38cfa39e-6c94-427d-94de-7c4929ca4569,3,3012,Mountain Master All-Terrain Skis - 165cm,2,899.99,1799.98,0.0,157.5
20ce0af6-6d16-4c6f-b338-3a50a152641d,1,3051,Insulated Ski Jacket - Men's,2,299.99,599.98,0.0,52.5
20ce0af6-6d16-4c6f-b338-3a50a152641d,2,3061,Professional Ski Helmet,2,199.99,399.98,0.0,35.0
20ce0af6-6d16-4c6f-b338-3a50a152641d,3,3051,Insulated Ski Jacket - Men's,2,299.99,599.98,0.0,52.5
1dac489b-9c72-4802-8c32-8cd26c6cdffa,1,3092,All-Mountain Snowboard - 158cm,2,799.99,1599.98,0.0,140.0
58c5cc0b-5689-4755-b34b-1e4b8b5abec9,1,3091,Freestyle Snowboard - 155cm,2,649.99,1299.98,0.0,113.75
58c5cc0b-5689-4755-b34b-1e4b8b5abec9,2,3101,Winter Boots - Insulated,1,159.99,159.99,0.0,14.0
58c5cc0b-5689-4755-b34b-1e4b8b5abec9,3,3031,Pro Flex Racing Ski Boots,2,649.99,1299.98,0.0,113.75
3d38f67c-fcab-4a9a-a402-55954f74b010,1,3081,All-Temp Ski Wax Kit,2,79.99,159.98,0.0,14.0
3d38f67c-fcab-4a9a-a402-55954f74b010,2,3091,Freestyle Snowboard - 155cm,1,649.99,649.99,0.0,56.87
3d38f67c-fcab-4a9a-a402-55954f74b010,3,3082,Edge Tuning Tool Set,1,119.99,119.99,0.0,10.5
3d38f67c-fcab-4a9a-a402-55954f74b010,4,3053,Waterproof Ski Pants,2,249.99,499.98,0.0,43.75
1671753c-4af5-47ed-ae51-7a25561390a1,1,3032,Comfort Fit Recreational Boots,2,399.99,799.98,0.0,70.0
1671753c-4af5-47ed-ae51-7a25561390a1,2,3013,Beginner's Choice Alpine Skis - 160cm,2,449.99,899.98,0.0,78.75
1671753c-4af5-47ed-ae51-7a25561390a1,3,3032,Comfort Fit Recreational Boots,2,399.99,799.98,0.0,70.0
0c0db3da-a6af-4311-a8d9-3a77aebd1e3e,1,3051,Insulated Ski Jacket - Men's,2,299.99,599.98,0.0,52.5
0c0db3da-a6af-4311-a8d9-3a77aebd1e3e,2,3031,Pro Flex Racing Ski Boots,2,649.99,1299.98,0.0,113.75
0c0db3da-a6af-4311-a8d9-3a77aebd1e3e,3,3031,Pro Flex Racing Ski Boots,1,649.99,649.99,0.0,56.87
e76a3c6f-65b9-410b-ae13-dbb967537d83,1,3052,Thermal Base Layer Set - Women's,2,149.99,299.98,0.0,26.25
e76a3c6f-65b9-410b-ae13-dbb967537d83,2,3013,Beginner's Choice Alpine Skis - 160cm,2,449.99,899.98,0.0,78.75
e76a3c6f-65b9-410b-ae13-dbb967537d83,3,3031,Pro Flex Racing Ski Boots,2,649.99,1299.98,0.0,113.75
e76a3c6f-65b9-410b-ae13-dbb967537d83,4,3012,Mountain Master All-Terrain Skis - 165cm,2,899.99,1799.98,0.0,157.5
b09c4641-c878-4744-ab07-115289afc0ba,1,3072,Hand Warmers - 10 Pack,2,14.99,29.98,0.0,2.62
897c2c2a-580d-4acf-92a2-b9ce0c9bb121,1,3053,Waterproof Ski Pants,1,249.99,249.99,0.0,21.87
dc313d93-a4e9-4907-be3c-0ef5dd93f0fb,1,3033,Women's Performance Ski Boots,2,579.99,1159.98,0.0,101.5
dc313d93-a4e9-4907-be3c-0ef5dd93f0fb,2,3012,Mountain Master All-Terrain Skis - 165cm,1,899.99,899.99,0.0,78.75
dc313d93-a4e9-4907-be3c-0ef5dd93f0fb,3,3033,Women's Performance Ski Boots,1,579.99,579.99,0.0,50.75
dc313d93-a4e9-4907-be3c-0ef5dd93f0fb,4,3021,Nordic Classic XC Skis - 185cm,2,349.99,699.98,0.0,61.25
88ef85b3-2a92-43f2-bf17-f73fa0b556b2,1,3033,Women's Performance Ski Boots,1,579.99,579.99,0.0,50.75
88ef85b3-2a92-43f2-bf17-f73fa0b556b2,2,3104,Ski Tuning Bench - Portable,2,189.99,379.98,0.0,33.25
88ef85b3-2a92-43f2-bf17-f73fa0b556b2,3,3053,Waterproof Ski Pants,2,249.99,499.98,0.0,43.75
88ef85b3-2a92-43f2-bf17-f73fa0b556b2,4,3104,Ski Tuning Bench - Portable,2,189.99,379.98,0.0,33.25
359c50bd-f780-4b33-b30c-48cdf1912abe,1,3091,Freestyle Snowboard - 155cm,2,649.99,1299.98,0.0,113.75
f9cc17e9-6157-41c7-9a4b-59a6dd1c0831,1,3033,Women's Performance Ski Boots,1,579.99,579.99,0.0,50.75
25a0da9d-be06-4ac2-8234-73fcb9fde89a,1,3022,Backcountry Explorer XC Skis - 190cm,1,549.99,549.99,0.0,48.12
f42e5c54-c555-4d59-832d-638363878748,1,3032,Comfort Fit Recreational Boots,1,399.99,399.99,0.0,35.0
f42e5c54-c555-4d59-832d-638363878748,2,3051,Insulated Ski Jacket - Men's,2,299.99,599.98,0.0,52.5
f42e5c54-c555-4d59-832d-638363878748,3,3053,Waterproof Ski Pants,2,249.99,499.98,0.0,43.75
cb897b33-39de-4237-bbc7-a5a1329e0cf4,1,3103,Snowboard Bindings - Pro,1,299.99,299.99,0.0,26.25
cb897b33-39de-4237-bbc7-a5a1329e0cf4,2,3104,Ski Tuning Bench - Portable,2,189.99,379.98,0.0,33.25
cb897b33-39de-4237-bbc7-a5a1329e0cf4,3,3033,Women's Performance Ski Boots,2,579.99,1159.98,0.0,101.5
cb897b33-39de-4237-bbc7-a5a1329e0cf4,4,3012,Mountain Master All-Terrain Skis - 165cm,1,899.99,899.99,0.0,78.75
ccc97d78-a5ff-401e-8e30-ec17203b6051,1,3082,Edge Tuning Tool Set,1,119.99,119.99,0.0,10.5
ccc97d78-a5ff-401e-8e30-ec17203b6051,2,3031,Pro Flex Racing Ski Boots,2,649.99,1299.98,0.0,113.75
86fba88f-e2c0-4226-a9ff-d9be1ecb5174,1,3082,Edge Tuning Tool Set,2,119.99,239.98,0.0,21.0
20576d20-22f9-4456-baaa-1c84c73693e1,1,3103,Snowboard Bindings - Pro,1,299.99,299.99,0.0,26.25
20576d20-22f9-4456-baaa-1c84c73693e1,2,3101,Winter Boots - Insulated,1,159.99,159.99,0.0,14.0
20576d20-22f9-4456-baaa-1c84c73693e1,3,3104,Ski Tuning Bench - Portable,2,189.99,379.98,0.0,33.25
2583183d-4b76-49c3-b3ec-583dbb0e7c69,1,3033,Women's Performance Ski Boots,2,579.99,1159.98,0.0,101.5
2583183d-4b76-49c3-b3ec-583dbb0e7c69,2,3022,Backcountry Explorer XC Skis - 190cm,1,549.99,549.99,0.0,48.12
b86df0f7-fc0c-4a57-88eb-4818e7c0dd96,1,3013,Beginner's Choice Alpine Skis - 160cm,1,449.99,449.99,0.0,39.37
b86df0f7-fc0c-4a57-88eb-4818e7c0dd96,2,3082,Edge Tuning Tool Set,2,119.99,239.98,0.0,21.0
b86df0f7-fc0c-4a57-88eb-4818e7c0dd96,3,3033,Women's Performance Ski Boots,1,579.99,579.99,0.0,50.75
b86df0f7-fc0c-4a57-88eb-4818e7c0dd96,4,3091,Freestyle Snowboard - 155cm,1,649.99,649.99,0.0,56.87
c9503d6d-7ee6-4e41-950b-ac03538bccd4,1,3012,Mountain Master All-Terrain Skis - 165cm,1,899.99,899.99,0.0,78.75
c9503d6d-7ee6-4e41-950b-ac03538bccd4,2,3022,Backcountry Explorer XC Skis - 190cm,2,549.99,1099.98,0.0,96.25
c9503d6d-7ee6-4e41-950b-ac03538bccd4,3,3012,Mountain Master All-Terrain Skis - 165cm,1,899.99,899.99,0.0,78.75
c9503d6d-7ee6-4e41-950b-ac03538bccd4,4,3012,Mountain Master All-Terrain Skis - 165cm,2,899.99,1799.98,0.0,157.5
a9335d9a-0832-43c6-aa0d-3b4236e3032d,1,3031,Pro Flex Racing Ski Boots,2,649.99,1299.98,0.0,113.75
f2a3dd7d-e67b-4f0a-81b5-4d7fa67e7edc,1,3012,Mountain Master All-Terrain Skis - 165cm,2,899.99,1799.98,0.0,157.5
f2a3dd7d-e67b-4f0a-81b5-4d7fa67e7edc,2,3051,Insulated Ski Jacket - Men's,2,299.99,599.98,0.0,52.5
f232dc8d-31e6-4beb-a0ec-f327d299c064,1,3061,Professional Ski Helmet,2,199.99,399.98,0.0,35.0
f232dc8d-31e6-4beb-a0ec-f327d299c064,2,3013,Beginner's Choice Alpine Skis - 160cm,1,449.99,449.99,0.0,39.37
44b0b4eb-637a-49aa-8345-a48cb40203ff,1,3052,Thermal Base Layer Set - Women's,1,149.99,149.99,0.0,13.12
44b0b4eb-637a-49aa-8345-a48cb40203ff,2,3032,Comfort Fit Recreational Boots,2,399.99,799.98,0.0,70.0
44b0b4eb-637a-49aa-8345-a48cb40203ff,3,3051,Insulated Ski Jacket - Men's,1,299.99,299.99,0.0,26.25
44b0b4eb-637a-49aa-8345-a48cb40203ff,4,3082,Edge Tuning Tool Set,1,119.99,119.99,0.0,10.5
cb32bbba-e096-4b88-b291-db3d4ae7d8cb,1,3053,Waterproof Ski Pants,2,249.99,499.98,0.0,43.75
cb32bbba-e096-4b88-b291-db3d4ae7d8cb,2,3041,Carbon Fiber Racing Poles - 120cm,1,179.99,179.99,0.0,15.75
cb32bbba-e096-4b88-b291-db3d4ae7d8cb,3,3031,Pro Flex Racing Ski Boots,2,649.99,1299.98,0.0,113.75
d9edabf3-ff27-494b-912e-878bfa0607d5,1,3082,Edge Tuning Tool Set,1,119.99,119.99,0.0,10.5
d9edabf3-ff27-494b-912e-878bfa0607d5,2,3032,Comfort Fit Recreational Boots,2,399.99,799.98,0.0,70.0
d9edabf3-ff27-494b-912e-878bfa0607d5,3,3051,Insulated Ski Jacket - Men's,1,299.99,299.99,0.0,26.25
d9edabf3-ff27-494b-912e-878bfa0607d5,4,3101,Winter Boots - Insulated,2,159.99,319.98,0.0,28.0
28c2bb89-a97a-4389-ba11-9effe8c2fc27,1,3081,All-Temp Ski Wax Kit,1,79.99,79.99,0.0,7.0
28c2bb89-a97a-4389-ba11-9effe8c2fc27,2,3032,Comfort Fit Recreational Boots,1,399.99,399.99,0.0,35.0
28c2bb89-a97a-4389-ba11-9effe8c2fc27,3,3104,Ski Tuning Bench - Portable,2,189.99,379.98,0.0,33.25
28c2bb89-a97a-4389-ba11-9effe8c2fc27,4,3051,Insulated Ski Jacket - Men's,2,299.99,599.98,0.0,52.5
a852f546-a53f-4e48-8818-eb600aef8178,1,3033,Women's Performance Ski Boots,1,579.99,579.99,0.0,50.75
a852f546-a53f-4e48-8818-eb600aef8178,2,3011,Alpine Pro Racing Skis - 170cm,1,1299.99,1299.99,0.0,113.75
a852f546-a53f-4e48-8818-eb600aef8178,3,3032,Comfort Fit Recreational Boots,2,399.99,799.98,0.0,70.0
f6ea67b3-dbdb-4470-a82b-a46ba3f7d1d5,1,3011,Alpine Pro Racing Skis - 170cm,1,1299.99,1299.99,0.0,113.75
f6ea67b3-dbdb-4470-a82b-a46ba3f7d1d5,2,3104,Ski Tuning Bench - Portable,2,189.99,379.98,0.0,33.25
f6ea67b3-dbdb-4470-a82b-a46ba3f7d1d5,3,3033,Women's Performance Ski Boots,1,579.99,579.99,0.0,50.75
9e474933-0142-4f43-aca5-13d4cac6f304,1,3013,Beginner's Choice Alpine Skis - 160cm,2,449.99,899.98,0.0,78.75
9e474933-0142-4f43-aca5-13d4cac6f304,2,3071,Ski Boot Bag - Premium,1,59.99,59.99,0.0,5.25
c09192cd-f0c9-44e6-a1e6-06cc6b955ac7,1,3072,Hand Warmers - 10 Pack,1,14.99,14.99,0.0,1.31
c09192cd-f0c9-44e6-a1e6-06cc6b955ac7,2,3022,Backcountry Explorer XC Skis - 190cm,1,549.99,549.99,0.0,48.12
51560a58-c421-4b4f-bbca-161c5fdb25a1,1,3081,All-Temp Ski Wax Kit,1,79.99,79.99,0.0,7.0
51560a58-c421-4b4f-bbca-161c5fdb25a1,2,3104,Ski Tuning Bench - Portable,2,189.99,379.98,0.0,33.25
8a89e769-5593-4480-8c84-0a3b971e313f,1,3082,Edge Tuning Tool Set,2,119.99,239.98,0.0,21.0
8a89e769-5593-4480-8c84-0a3b971e313f,2,3091,Freestyle Snowboard - 155cm,1,649.99,649.99,0.0,56.87
adccdc0c-f10f-44aa-af5f-d2475c94ec65,1,3013,Beginner's Choice Alpine Skis - 160cm,2,449.99,899.98,0.0,78.75
9771faac-715b-40c0-b0f1-cbc9d52790d2,1,3042,Aluminum All-Mountain Poles - 115cm,2,99.99,199.98,0.0,17.5
272bc7e2-8788-4fbb-8196-cb2642ec9bc3,1,3082,Edge Tuning Tool Set,2,119.99,239.98,0.0,21.0
bdb79269-5a08-4b56-a2a4-95c32ffdcc75,1,3012,Mountain Master All-Terrain Skis - 165cm,2,899.99,1799.98,0.0,157.5
bdb79269-5a08-4b56-a2a4-95c32ffdcc75,2,3032,Comfort Fit Recreational Boots,2,399.99,799.98,0.0,70.0
a94e8a3a-b64e-41cd-950a-bbe6b73d30b2,1,3032,Comfort Fit Recreational Boots,1,399.99,399.99,0.0,35.0
373d97d0-39fc-494c-8f26-aa091c186ba6,1,3032,Comfort Fit Recreational Boots,2,399.99,799.98,0.0,70.0
373d97d0-39fc-494c-8f26-aa091c186ba6,2,3011,Alpine Pro Racing Skis - 170cm,1,1299.99,1299.99,0.0,113.75
373d97d0-39fc-494c-8f26-aa091c186ba6,3,3052,Thermal Base Layer Set - Women's,1,149.99,149.99,0.0,13.12
373d97d0-39fc-494c-8f26-aa091c186ba6,4,3052,Thermal Base Layer Set - Women's,1,149.99,149.99,0.0,13.12
efc317b6-c52b-460f-8702-e41c1a3061ce,1,3053,Waterproof Ski Pants,2,249.99,499.98,0.0,43.75
efc317b6-c52b-460f-8702-e41c1a3061ce,2,3091,Freestyle Snowboard - 155cm,1,649.99,649.99,0.0,56.87
0fb95978-f2e6-4364-8e8d-3aabaa3989df,1,3051,Insulated Ski Jacket - Men's,2,299.99,599.98,0.0,52.5
0fb95978-f2e6-4364-8e8d-3aabaa3989df,2,3041,Carbon Fiber Racing Poles - 120cm,2,179.99,359.98,0.0,31.5
0a6d27e6-598b-4742-958d-5ed3a77d6b65,1,3033,Women's Performance Ski Boots,2,579.99,1159.98,0.0,101.5
b770937a-b472-4848-9ac6-dadbfb0f1bbd,1,3013,Beginner's Choice Alpine Skis - 160cm,1,449.99,449.99,0.0,39.37
b770937a-b472-4848-9ac6-dadbfb0f1bbd,2,3081,All-Temp Ski Wax Kit,2,79.99,159.98,0.0,14.0
8aa77655-83eb-4641-9942-842fba8a2b63,1,3081,All-Temp Ski Wax Kit,2,79.99,159.98,0.0,14.0
740c52b8-58de-4ae0-a49d-e63515377156,1,3013,Beginner's Choice Alpine Skis - 160cm,2,449.99,899.98,0.0,78.75
740c52b8-58de-4ae0-a49d-e63515377156,2,3033,Women's Performance Ski Boots,2,579.99,1159.98,0.0,101.5
740c52b8-58de-4ae0-a49d-e63515377156,3,3104,Ski Tuning Bench - Portable,1,189.99,189.99,0.0,16.62
740c52b8-58de-4ae0-a49d-e63515377156,4,3081,All-Temp Ski Wax Kit,1,79.99,79.99,0.0,7.0
d4dfd8ed-4134-4601-910d-6a70a610eccd,1,3082,Edge Tuning Tool Set,1,119.99,119.99,0.0,10.5
d4dfd8ed-4134-4601-910d-6a70a610eccd,2,3062,Anti-Fog Ski Goggles,1,129.99,129.99,0.0,11.37
8feec238-790e-4452-9174-3534cee7432b,1,3062,Anti-Fog Ski Goggles,2,129.99,259.98,0.0,22.75
8feec238-790e-4452-9174-3534cee7432b,2,3104,Ski Tuning Bench - Portable,1,189.99,189.99,0.0,16.62
8feec238-790e-4452-9174-3534cee7432b,3,3104,Ski Tuning Bench - Portable,1,189.99,189.99,0.0,16.62
8feec238-790e-4452-9174-3534cee7432b,4,3081,All-Temp Ski Wax Kit,1,79.99,79.99,0.0,7.0
b1ba649e-8e36-471a-9938-ee11894e84e0,1,3104,Ski Tuning Bench - Portable,1,189.99,189.99,0.0,16.62
b1ba649e-8e36-471a-9938-ee11894e84e0,2,3092,All-Mountain Snowboard - 158cm,2,799.99,1599.98,0.0,140.0
b1ba649e-8e36-471a-9938-ee11894e84e0,3,3022,Backcountry Explorer XC Skis - 190cm,2,549.99,1099.98,0.0,96.25
b1ba649e-8e36-471a-9938-ee11894e84e0,4,3042,Aluminum All-Mountain Poles - 115cm,1,99.99,99.99,0.0,8.75
c7fe4659-91a0-4432-8dd8-4e6626b54732,1,3032,Comfort Fit Recreational Boots,1,399.99,399.99,0.0,35.0
c7fe4659-91a0-4432-8dd8-4e6626b54732,2,3104,Ski Tuning Bench - Portable,2,189.99,379.98,0.0,33.25
258822a4-aaad-4789-bff7-2e554d14dce5,1,3082,Edge Tuning Tool Set,1,119.99,119.99,0.0,10.5
258822a4-aaad-4789-bff7-2e554d14dce5,2,3104,Ski Tuning Bench - Portable,2,189.99,379.98,0.0,33.25
1f3c2fce-cc96-4da1-88d3-96f0e7f07848,1,3053,Waterproof Ski Pants,1,249.99,249.99,0.0,21.87
1f3c2fce-cc96-4da1-88d3-96f0e7f07848,2,3012,Mountain Master All-Terrain Skis - 165cm,1,899.99,899.99,0.0,78.75
1f3c2fce-cc96-4da1-88d3-96f0e7f07848,3,3032,Comfort Fit Recreational Boots,2,399.99,799.98,0.0,70.0
1f3c2fce-cc96-4da1-88d3-96f0e7f07848,4,3021,Nordic Classic XC Skis - 185cm,1,349.99,349.99,0.0,30.62
d6f6c33c-484a-4222-b177-25e7d4b8af04,1,3012,Mountain Master All-Terrain Skis - 165cm,1,899.99,899.99,0.0,78.75
d6f6c33c-484a-4222-b177-25e7d4b8af04,2,3032,Comfort Fit Recreational Boots,2,399.99,799.98,0.0,70.0
c031f3bc-12b5-4824-915e-719cd638bef6,1,3061,Professional Ski Helmet,2,199.99,399.98,0.0,35.0
c031f3bc-12b5-4824-915e-719cd638bef6,2,3051,Insulated Ski Jacket - Men's,2,299.99,599.98,0.0,52.5
c031f3bc-12b5-4824-915e-719cd638bef6,3,3041,Carbon Fiber Racing Poles - 120cm,2,179.99,359.98,0.0,31.5
c031f3bc-12b5-4824-915e-719cd638bef6,4,3022,Backcountry Explorer XC Skis - 190cm,2,549.99,1099.98,0.0,96.25
0fe199f1-5c26-4aab-b2f5-49b7dce73f0a,1,3033,Women's Performance Ski Boots,1,579.99,579.99,0.0,50.75
0fe199f1-5c26-4aab-b2f5-49b7dce73f0a,2,3102,Winter Hiking Boots - Waterproof,1,249.99,249.99,0.0,21.87
c848a84c-ae97-4641-a451-da6135699333,1,3022,Backcountry Explorer XC Skis - 190cm,1,549.99,549.99,0.0,48.12
c848a84c-ae97-4641-a451-da6135699333,2,3031,Pro Flex Racing Ski Boots,1,649.99,649.99,0.0,56.87
c848a84c-ae97-4641-a451-da6135699333,3,3013,Beginner's Choice Alpine Skis - 160cm,1,449.99,449.99,0.0,39.37
94a9b88e-b970-43ff-b19d-c0ba3e16e309,1,3033,Women's Performance Ski Boots,1,579.99,579.99,0.0,50.75
94a9b88e-b970-43ff-b19d-c0ba3e16e309,2,3081,All-Temp Ski Wax Kit,1,79.99,79.99,0.0,7.0
94a9b88e-b970-43ff-b19d-c0ba3e16e309,3,3032,Comfort Fit Recreational Boots,2,399.99,799.98,0.0,70.0
94a9b88e-b970-43ff-b19d-c0ba3e16e309,4,3051,Insulated Ski Jacket - Men's,1,299.99,299.99,0.0,26.25
f0c0bcd8-4e61-42af-83df-b82737a69b05,1,3081,All-Temp Ski Wax Kit,1,79.99,79.99,0.0,7.0
f0c0bcd8-4e61-42af-83df-b82737a69b05,2,3022,Backcountry Explorer XC Skis - 190cm,2,549.99,1099.98,0.0,96.25
f0c0bcd8-4e61-42af-83df-b82737a69b05,3,3031,Pro Flex Racing Ski Boots,1,649.99,649.99,0.0,56.87
f0c0bcd8-4e61-42af-83df-b82737a69b05,4,3033,Women's Performance Ski Boots,1,579.99,579.99,0.0,50.75
dd69cb87-71de-4c63-a5f5-d1e724c405e1,1,3082,Edge Tuning Tool Set,2,119.99,239.98,0.0,21.0
dd69cb87-71de-4c63-a5f5-d1e724c405e1,2,3081,All-Temp Ski Wax Kit,1,79.99,79.99,0.0,7.0
dd69cb87-71de-4c63-a5f5-d1e724c405e1,3,3082,Edge Tuning Tool Set,2,119.99,239.98,0.0,21.0
dd69cb87-71de-4c63-a5f5-d1e724c405e1,4,3032,Comfort Fit Recreational Boots,1,399.99,399.99,0.0,35.0
fb2b264b-920f-45b2-86d7-bae7f1d597f2,1,3012,Mountain Master All-Terrain Skis - 165cm,1,899.99,899.99,0.0,78.75
fb2b264b-920f-45b2-86d7-bae7f1d597f2,2,3031,Pro Flex Racing Ski Boots,2,649.99,1299.98,0.0,113.75
fb2b264b-920f-45b2-86d7-bae7f1d597f2,3,3011,Alpine Pro Racing Skis - 170cm,1,1299.99,1299.99,0.0,113.75
ec0ad24f-2108-4dd3-aa8b-36de482954e9,1,3081,All-Temp Ski Wax Kit,2,79.99,159.98,0.0,14.0
a74cf816-7d67-402f-bf25-51ad25b3f754,1,3031,Pro Flex Racing Ski Boots,2,649.99,1299.98,0.0,113.75
a74cf816-7d67-402f-bf25-51ad25b3f754,2,3041,Carbon Fiber Racing Poles - 120cm,1,179.99,179.99,0.0,15.75
a74cf816-7d67-402f-bf25-51ad25b3f754,3,3013,Beginner's Choice Alpine Skis - 160cm,1,449.99,449.99,0.0,39.37
ac7445c0-e5e2-4fc0-b0b4-86aae9716748,1,3053,Waterproof Ski Pants,2,249.99,499.98,0.0,43.75
ac7445c0-e5e2-4fc0-b0b4-86aae9716748,2,3104,Ski Tuning Bench - Portable,2,189.99,379.98,0.0,33.25
ac7445c0-e5e2-4fc0-b0b4-86aae9716748,3,3033,Women's Performance Ski Boots,1,579.99,579.99,0.0,50.75
ac7445c0-e5e2-4fc0-b0b4-86aae9716748,4,3052,Thermal Base Layer Set - Women's,1,149.99,149.99,0.0,13.12
d6db1177-443b-4ba6-92b6-d7ba219e913a,1,3012,Mountain Master All-Terrain Skis - 165cm,1,899.99,899.99,0.0,78.75
d6db1177-443b-4ba6-92b6-d7ba219e913a,2,3102,Winter Hiking Boots - Waterproof,2,249.99,499.98,0.0,43.75
ec5b0c7d-591b-47b7-9aa2-decfbd15c147,1,3071,Ski Boot Bag - Premium,1,59.99,59.99,0.0,5.25
ec5b0c7d-591b-47b7-9aa2-decfbd15c147,2,3033,Women's Performance Ski Boots,1,579.99,579.99,0.0,50.75
f38b6370-e8c0-4dc0-9318-ddfc91f5287d,1,3041,Carbon Fiber Racing Poles - 120cm,1,179.99,179.99,0.0,15.75
f38b6370-e8c0-4dc0-9318-ddfc91f5287d,2,3022,Backcountry Explorer XC Skis - 190cm,1,549.99,549.99,0.0,48.12
2653e9d6-c41a-46be-95f3-74026c71c237,1,3013,Beginner's Choice Alpine Skis - 160cm,2,449.99,899.98,0.0,78.75
a9356153-5837-4b9c-83e2-dbaa75faa6af,1,3031,Pro Flex Racing Ski Boots,1,649.99,649.99,0.0,56.87
a9356153-5837-4b9c-83e2-dbaa75faa6af,2,3051,Insulated Ski Jacket - Men's,1,299.99,299.99,0.0,26.25
ba33611b-05d3-4d5c-8ec9-ef84d9ded0a1,1,3082,Edge Tuning Tool Set,1,119.99,119.99,0.0,10.5
ba33611b-05d3-4d5c-8ec9-ef84d9ded0a1,2,3091,Freestyle Snowboard - 155cm,2,649.99,1299.98,0.0,113.75
ba33611b-05d3-4d5c-8ec9-ef84d9ded0a1,3,3062,Anti-Fog Ski Goggles,1,129.99,129.99,0.0,11.37
59d3513a-f6e3-4da4-a5cc-4a069e3a29dc,1,3104,Ski Tuning Bench - Portable,2,189.99,379.98,0.0,33.25
59d3513a-f6e3-4da4-a5cc-4a069e3a29dc,2,3032,Comfort Fit Recreational Boots,1,399.99,399.99,0.0,35.0
59d3513a-f6e3-4da4-a5cc-4a069e3a29dc,3,3052,Thermal Base Layer Set - Women's,1,149.99,149.99,0.0,13.12
59d3513a-f6e3-4da4-a5cc-4a069e3a29dc,4,3042,Aluminum All-Mountain Poles - 115cm,2,99.99,199.98,0.0,17.5
4978cc78-eecf-4e3d-8145-3a647addc78b,1,3033,Women's Performance Ski Boots,2,579.99,1159.98,0.0,101.5
4978cc78-eecf-4e3d-8145-3a647addc78b,2,3031,Pro Flex Racing Ski Boots,2,649.99,1299.98,0.0,113.75
4978cc78-eecf-4e3d-8145-3a647addc78b,3,3022,Backcountry Explorer XC Skis - 190cm,2,549.99,1099.98,0.0,96.25
754df47e-5adb-449c-a317-4ec61811f4a9,1,3103,Snowboard Bindings - Pro,1,299.99,299.99,0.0,26.25
754df47e-5adb-449c-a317-4ec61811f4a9,2,3103,Snowboard Bindings - Pro,1,299.99,299.99,0.0,26.25
754df47e-5adb-449c-a317-4ec61811f4a9,3,3104,Ski Tuning Bench - Portable,1,189.99,189.99,0.0,16.62
80dd47da-898f-4d3c-9e2f-d70b9b52c5a7,1,3104,Ski Tuning Bench - Portable,1,189.99,189.99,0.0,16.62
80dd47da-898f-4d3c-9e2f-d70b9b52c5a7,2,3081,All-Temp Ski Wax Kit,1,79.99,79.99,0.0,7.0
80dd47da-898f-4d3c-9e2f-d70b9b52c5a7,3,3021,Nordic Classic XC Skis - 185cm,2,349.99,699.98,0.0,61.25
c4211a0b-4572-49fd-add2-a92c35a83425,1,3052,Thermal Base Layer Set - Women's,1,149.99,149.99,0.0,13.12
c2a040f0-7711-4328-8272-6d7f902e9805,1,3101,Winter Boots - Insulated,2,159.99,319.98,0.0,28.0
3889ea86-3aee-451d-a9fe-3f37f24b5b70,1,3104,Ski Tuning Bench - Portable,1,189.99,189.99,0.0,16.62
3889ea86-3aee-451d-a9fe-3f37f24b5b70,2,3082,Edge Tuning Tool Set,1,119.99,119.99,0.0,10.5
139809c5-9253-48c1-80e3-dd9c4b534a72,1,3082,Edge Tuning Tool Set,2,119.99,239.98,0.0,21.0
139809c5-9253-48c1-80e3-dd9c4b534a72,2,3102,Winter Hiking Boots - Waterproof,1,249.99,249.99,0.0,21.87
139809c5-9253-48c1-80e3-dd9c4b534a72,3,3051,Insulated Ski Jacket - Men's,1,299.99,299.99,0.0,26.25
139809c5-9253-48c1-80e3-dd9c4b534a72,4,3012,Mountain Master All-Terrain Skis - 165cm,1,899.99,899.99,0.0,78.75
b75f98f1-2b28-404a-8db1-590b2a966a42,1,3033,Women's Performance Ski Boots,2,579.99,1159.98,0.0,101.5
b75f98f1-2b28-404a-8db1-590b2a966a42,2,3082,Edge Tuning Tool Set,1,119.99,119.99,0.0,10.5
b75f98f1-2b28-404a-8db1-590b2a966a42,3,3012,Mountain Master All-Terrain Skis - 165cm,1,899.99,899.99,0.0,78.75
718c62a3-656b-4c1b-9653-53f27383ac86,1,3103,Snowboard Bindings - Pro,1,299.99,299.99,0.0,26.25
521f624e-b1be-441a-8622-5e3f3928be24,1,3021,Nordic Classic XC Skis - 185cm,2,349.99,699.98,0.0,61.25
521f624e-b1be-441a-8622-5e3f3928be24,2,3022,Backcountry Explorer XC Skis - 190cm,2,549.99,1099.98,0.0,96.25
521f624e-b1be-441a-8622-5e3f3928be24,3,3021,Nordic Classic XC Skis - 185cm,1,349.99,349.99,0.0,30.62
521f624e-b1be-441a-8622-5e3f3928be24,4,3092,All-Mountain Snowboard - 158cm,1,799.99,799.99,0.0,70.0
7810d711-9310-4dbc-b4ae-c837f951bbe5,1,3031,Pro Flex Racing Ski Boots,1,649.99,649.99,0.0,56.87
ef21e5a1-ba87-4367-824b-523324f47b3e,1,3032,Comfort Fit Recreational Boots,1,399.99,399.99,0.0,35.0
132eaa2e-676d-40bf-8abe-2ce92186d5b3,1,3101,Winter Boots - Insulated,2,159.99,319.98,0.0,28.0
132eaa2e-676d-40bf-8abe-2ce92186d5b3,2,3031,Pro Flex Racing Ski Boots,1,649.99,649.99,0.0,56.87
132eaa2e-676d-40bf-8abe-2ce92186d5b3,3,3103,Snowboard Bindings - Pro,1,299.99,299.99,0.0,26.25
132eaa2e-676d-40bf-8abe-2ce92186d5b3,4,3091,Freestyle Snowboard - 155cm,2,649.99,1299.98,0.0,113.75
0d15615f-fd64-4198-90a1-f40458abe66d,1,3011,Alpine Pro Racing Skis - 170cm,1,1299.99,1299.99,0.0,113.75
0d15615f-fd64-4198-90a1-f40458abe66d,2,3092,All-Mountain Snowboard - 158cm,1,799.99,799.99,0.0,70.0
52a94757-85a8-4a53-8053-61a7ed907656,1,3091,Freestyle Snowboard - 155cm,2,649.99,1299.98,0.0,113.75
52a94757-85a8-4a53-8053-61a7ed907656,2,3091,Freestyle Snowboard - 155cm,1,649.99,649.99,0.0,56.87
02d1c68a-daa5-4e0d-ac0b-00acc61e565f,1,3013,Beginner's Choice Alpine Skis - 160cm,2,449.99,899.98,0.0,78.75
02d1c68a-daa5-4e0d-ac0b-00acc61e565f,2,3012,Mountain Master All-Terrain Skis - 165cm,2,899.99,1799.98,0.0,157.5
02d1c68a-daa5-4e0d-ac0b-00acc61e565f,3,3033,Women's Performance Ski Boots,2,579.99,1159.98,0.0,101.5
f0bc6fe0-864d-476c-a951-fe7a0d7ad40e,1,3042,Aluminum All-Mountain Poles - 115cm,2,99.99,199.98,0.0,17.5
f0bc6fe0-864d-476c-a951-fe7a0d7ad40e,2,3013,Beginner's Choice Alpine Skis - 160cm,2,449.99,899.98,0.0,78.75
0cf811c5-5e23-4476-8d98-1cae7f177dff,1,3052,Thermal Base Layer Set - Women's,1,149.99,149.99,0.0,13.12
0cf811c5-5e23-4476-8d98-1cae7f177dff,2,3021,Nordic Classic XC Skis - 185cm,2,349.99,699.98,0.0,61.25
c70a812d-a439-4dba-a831-a9060461433f,1,3031,Pro Flex Racing Ski Boots,2,649.99,1299.98,0.0,113.75
c70a812d-a439-4dba-a831-a9060461433f,2,3033,Women's Performance Ski Boots,1,579.99,579.99,0.0,50.75
c70a812d-a439-4dba-a831-a9060461433f,3,3062,Anti-Fog Ski Goggles,2,129.99,259.98,0.0,22.75
c70a812d-a439-4dba-a831-a9060461433f,4,3032,Comfort Fit Recreational Boots,2,399.99,799.98,0.0,70.0
8591b9da-91a2-4838-a5ef-5606ecb949fd,1,3082,Edge Tuning Tool Set,2,119.99,239.98,0.0,21.0
8591b9da-91a2-4838-a5ef-5606ecb949fd,2,3081,All-Temp Ski Wax Kit,2,79.99,159.98,0.0,14.0
8591b9da-91a2-4838-a5ef-5606ecb949fd,3,3041,Carbon Fiber Racing Poles - 120cm,1,179.99,179.99,0.0,15.75
8591b9da-91a2-4838-a5ef-5606ecb949fd,4,3011,Alpine Pro Racing Skis - 170cm,1,1299.99,1299.99,0.0,113.75
ae04b868-dafc-45c8-adce-277763a1c18f,1,3062,Anti-Fog Ski Goggles,1,129.99,129.99,0.0,11.37
45fe7330-8a37-4c71-8024-a68348e48b14,1,3072,Hand Warmers - 10 Pack,2,14.99,29.98,0.0,2.62
45fe7330-8a37-4c71-8024-a68348e48b14,2,3033,Women's Performance Ski Boots,2,579.99,1159.98,0.0,101.5
45fe7330-8a37-4c71-8024-a68348e48b14,3,3021,Nordic Classic XC Skis - 185cm,1,349.99,349.99,0.0,30.62
fcddc469-7d1c-4e00-b6ca-1742deb33ac5,1,3103,Snowboard Bindings - Pro,1,299.99,299.99,0.0,26.25
fcddc469-7d1c-4e00-b6ca-1742deb33ac5,2,3082,Edge Tuning Tool Set,1,119.99,119.99,0.0,10.5
fcddc469-7d1c-4e00-b6ca-1742deb33ac5,3,3013,Beginner's Choice Alpine Skis - 160cm,2,449.99,899.98,0.0,78.75
a5b0e78c-1f54-4aa1-9200-a36577dd0d08,1,3012,Mountain Master All-Terrain Skis - 165cm,1,899.99,899.99,0.0,78.75
a5b0e78c-1f54-4aa1-9200-a36577dd0d08,2,3011,Alpine Pro Racing Skis - 170cm,1,1299.99,1299.99,0.0,113.75
36031f4d-1413-4835-88fb-5e45184ac1e7,1,3031,Pro Flex Racing Ski Boots,2,649.99,1299.98,0.0,113.75
36031f4d-1413-4835-88fb-5e45184ac1e7,2,3032,Comfort Fit Recreational Boots,1,399.99,399.99,0.0,35.0
36031f4d-1413-4835-88fb-5e45184ac1e7,3,3042,Aluminum All-Mountain Poles - 115cm,2,99.99,199.98,0.0,17.5
d07ba603-439a-4956-960a-480f0ea3455d,1,3033,Women's Performance Ski Boots,2,579.99,1159.98,0.0,101.5
a839cd8b-9e59-496b-b60c-3abd3c8c8560,1,3104,Ski Tuning Bench - Portable,2,189.99,379.98,0.0,33.25
397e2f34-123e-41c3-a382-720714639045,1,3104,Ski Tuning Bench - Portable,1,189.99,189.99,0.0,16.62
397e2f34-123e-41c3-a382-720714639045,2,3012,Mountain Master All-Terrain Skis - 165cm,2,899.99,1799.98,0.0,157.5
8c9af3bc-6ec4-41c5-b429-c62a66e0d2c9,1,3082,Edge Tuning Tool Set,1,119.99,119.99,0.0,10.5
8c9af3bc-6ec4-41c5-b429-c62a66e0d2c9,2,3051,Insulated Ski Jacket - Men's,2,299.99,599.98,0.0,52.5
8c9af3bc-6ec4-41c5-b429-c62a66e0d2c9,3,3082,Edge Tuning Tool Set,2,119.99,239.98,0.0,21.0
8c9af3bc-6ec4-41c5-b429-c62a66e0d2c9,4,3102,Winter Hiking Boots - Waterproof,1,249.99,249.99,0.0,21.87
adf23cbf-37ff-4625-92d1-b1e5f22ae8b4,1,3052,Thermal Base Layer Set - Women's,2,149.99,299.98,0.0,26.25
adf23cbf-37ff-4625-92d1-b1e5f22ae8b4,2,3062,Anti-Fog Ski Goggles,2,129.99,259.98,0.0,22.75
adf23cbf-37ff-4625-92d1-b1e5f22ae8b4,3,3042,Aluminum All-Mountain Poles - 115cm,2,99.99,199.98,0.0,17.5
adf23cbf-37ff-4625-92d1-b1e5f22ae8b4,4,3053,Waterproof Ski Pants,1,249.99,249.99,0.0,21.87
3eefa656-5f66-47fb-90f3-61a6540f0715,1,3031,Pro Flex Racing Ski Boots,1,649.99,649.99,0.0,56.87
3eefa656-5f66-47fb-90f3-61a6540f0715,2,3051,Insulated Ski Jacket - Men's,2,299.99,599.98,0.0,52.5
b5a6905f-7247-438f-9245-f875a11884ab,1,3051,Insulated Ski Jacket - Men's,1,299.99,299.99,0.0,26.25
b5a6905f-7247-438f-9245-f875a11884ab,2,3081,All-Temp Ski Wax Kit,2,79.99,159.98,0.0,14.0
5b52a232-14e7-4935-8355-80af1918169b,1,3082,Edge Tuning Tool Set,2,119.99,239.98,0.0,21.0
60952131-543f-411e-94a4-c81d05467f39,1,3051,Insulated Ski Jacket - Men's,2,299.99,599.98,0.0,52.5
60952131-543f-411e-94a4-c81d05467f39,2,3051,Insulated Ski Jacket - Men's,2,299.99,599.98,0.0,52.5
60952131-543f-411e-94a4-c81d05467f39,3,3021,Nordic Classic XC Skis - 185cm,2,349.99,699.98,0.0,61.25
60952131-543f-411e-94a4-c81d05467f39,4,3033,Women's Performance Ski Boots,2,579.99,1159.98,0.0,101.5
2503e089-93c4-4a09-8034-3eba81b1b6df,1,3053,Waterproof Ski Pants,2,249.99,499.98,0.0,43.75
2503e089-93c4-4a09-8034-3eba81b1b6df,2,3082,Edge Tuning Tool Set,1,119.99,119.99,0.0,10.5
885f1b1d-4327-40f2-8a0e-32fb3d112e9c,1,3032,Comfort Fit Recreational Boots,2,399.99,799.98,0.0,70.0
885f1b1d-4327-40f2-8a0e-32fb3d112e9c,2,3021,Nordic Classic XC Skis - 185cm,1,349.99,349.99,0.0,30.62
885f1b1d-4327-40f2-8a0e-32fb3d112e9c,3,3011,Alpine Pro Racing Skis - 170cm,2,1299.99,2599.98,0.0,227.5
885f1b1d-4327-40f2-8a0e-32fb3d112e9c,4,3032,Comfort Fit Recreational Boots,1,399.99,399.99,0.0,35.0
d52740c6-29a9-4b6f-97bd-c8b16b218f25,1,3011,Alpine Pro Racing Skis - 170cm,2,1299.99,2599.98,0.0,227.5
d52740c6-29a9-4b6f-97bd-c8b16b218f25,2,3092,All-Mountain Snowboard - 158cm,1,799.99,799.99,0.0,70.0
64f4d7bb-63fe-4997-9412-4c240a054d4b,1,3104,Ski Tuning Bench - Portable,1,189.99,189.99,0.0,16.62
64f4d7bb-63fe-4997-9412-4c240a054d4b,2,3103,Snowboard Bindings - Pro,2,299.99,599.98,0.0,52.5
64f4d7bb-63fe-4997-9412-4c240a054d4b,3,3033,Women's Performance Ski Boots,2,579.99,1159.98,0.0,101.5
f0dd06c2-52bb-4b08-a757-5021e3b0119c,1,3041,Carbon Fiber Racing Poles - 120cm,1,179.99,179.99,0.0,15.75
f0dd06c2-52bb-4b08-a757-5021e3b0119c,2,3091,Freestyle Snowboard - 155cm,1,649.99,649.99,0.0,56.87
82b9e6ba-6043-4601-9d07-f45c544d97bf,1,3071,Ski Boot Bag - Premium,1,59.99,59.99,0.0,5.25
82b9e6ba-6043-4601-9d07-f45c544d97bf,2,3041,Carbon Fiber Racing Poles - 120cm,2,179.99,359.98,0.0,31.5
82b9e6ba-6043-4601-9d07-f45c544d97bf,3,3104,Ski Tuning Bench - Portable,2,189.99,379.98,0.0,33.25
82b9e6ba-6043-4601-9d07-f45c544d97bf,4,3031,Pro Flex Racing Ski Boots,1,649.99,649.99,0.0,56.87
80111aa1-d0eb-4221-9f4e-6018c32572e9,1,3012,Mountain Master All-Terrain Skis - 165cm,2,899.99,1799.98,0.0,157.5
80111aa1-d0eb-4221-9f4e-6018c32572e9,2,3081,All-Temp Ski Wax Kit,1,79.99,79.99,0.0,7.0
80111aa1-d0eb-4221-9f4e-6018c32572e9,3,3101,Winter Boots - Insulated,2,159.99,319.98,0.0,28.0
642078e6-6c93-431e-953f-ebf0e9ffa9d9,1,3033,Women's Performance Ski Boots,2,579.99,1159.98,0.0,101.5
642078e6-6c93-431e-953f-ebf0e9ffa9d9,2,3032,Comfort Fit Recreational Boots,1,399.99,399.99,0.0,35.0
b6462653-27ab-446e-a0e0-608f1bc304e5,1,3032,Comfort Fit Recreational Boots,2,399.99,799.98,0.0,70.0
b6462653-27ab-446e-a0e0-608f1bc304e5,2,3033,Women's Performance Ski Boots,1,579.99,579.99,0.0,50.75
b6462653-27ab-446e-a0e0-608f1bc304e5,3,3052,Thermal Base Layer Set - Women's,2,149.99,299.98,0.0,26.25
d78054d1-e60a-4e21-9446-d670a9d3fe79,1,3053,Waterproof Ski Pants,1,249.99,249.99,0.0,21.87
d78054d1-e60a-4e21-9446-d670a9d3fe79,2,3032,Comfort Fit Recreational Boots,2,399.99,799.98,0.0,70.0
d78054d1-e60a-4e21-9446-d670a9d3fe79,3,3031,Pro Flex Racing Ski Boots,2,649.99,1299.98,0.0,113.75
3fcf4ec7-5b0e-4e5d-97c2-9a23111f0c98,1,3082,Edge Tuning Tool Set,2,119.99,239.98,0.0,21.0
3fcf4ec7-5b0e-4e5d-97c2-9a23111f0c98,2,3011,Alpine Pro Racing Skis - 170cm,2,1299.99,2599.98,0.0,227.5
3fcf4ec7-5b0e-4e5d-97c2-9a23111f0c98,3,3103,Snowboard Bindings - Pro,2,299.99,599.98,0.0,52.5
3fcf4ec7-5b0e-4e5d-97c2-9a23111f0c98,4,3082,Edge Tuning Tool Set,2,119.99,239.98,0.0,21.0
48e47989-e20d-4cd0-bec7-065e463eb436,1,3013,Beginner's Choice Alpine Skis - 160cm,1,449.99,449.99,0.0,39.37
48e47989-e20d-4cd0-bec7-065e463eb436,2,3051,Insulated Ski Jacket - Men's,2,299.99,599.98,0.0,52.5
7492c17f-2cc2-4a84-8cc1-ce301e569c48,1,3033,Women's Performance Ski Boots,1,579.99,579.99,0.0,50.75
f73bdbf6-b088-459c-9017-20acbe91f3dc,1,3091,Freestyle Snowboard - 155cm,1,649.99,649.99,0.0,56.87
f73bdbf6-b088-459c-9017-20acbe91f3dc,2,3072,Hand Warmers - 10 Pack,1,14.99,14.99,0.0,1.31
f73bdbf6-b088-459c-9017-20acbe91f3dc,3,3091,Freestyle Snowboard - 155cm,2,649.99,1299.98,0.0,113.75
fc16f8a9-6c8e-4fa3-9d25-334473c16ffa,1,3082,Edge Tuning Tool Set,1,119.99,119.99,0.0,10.5
fc16f8a9-6c8e-4fa3-9d25-334473c16ffa,2,3033,Women's Performance Ski Boots,1,579.99,579.99,0.0,50.75
fc16f8a9-6c8e-4fa3-9d25-334473c16ffa,3,3072,Hand Warmers - 10 Pack,2,14.99,29.98,0.0,2.62
c7af7b43-72a4-4336-a95e-4342068595d2,1,3032,Comfort Fit Recreational Boots,1,399.99,399.99,0.0,35.0
c7af7b43-72a4-4336-a95e-4342068595d2,2,3053,Waterproof Ski Pants,2,249.99,499.98,0.0,43.75
c7af7b43-72a4-4336-a95e-4342068595d2,3,3013,Beginner's Choice Alpine Skis - 160cm,1,449.99,449.99,0.0,39.37
c7af7b43-72a4-4336-a95e-4342068595d2,4,3051,Insulated Ski Jacket - Men's,2,299.99,599.98,0.0,52.5
61bfe2c8-6177-4c84-9c89-7553cf91c6ad,1,3032,Comfort Fit Recreational Boots,1,399.99,399.99,0.0,35.0
61bfe2c8-6177-4c84-9c89-7553cf91c6ad,2,3082,Edge Tuning Tool Set,1,119.99,119.99,0.0,10.5
61bfe2c8-6177-4c84-9c89-7553cf91c6ad,3,3092,All-Mountain Snowboard - 158cm,2,799.99,1599.98,0.0,140.0
61bfe2c8-6177-4c84-9c89-7553cf91c6ad,4,3101,Winter Boots - Insulated,2,159.99,319.98,0.0,28.0
bb90cb6e-8834-4502-b241-29dc50656125,1,3012,Mountain Master All-Terrain Skis - 165cm,1,899.99,899.99,0.0,78.75
bb90cb6e-8834-4502-b241-29dc50656125,2,3012,Mountain Master All-Terrain Skis - 165cm,2,899.99,1799.98,0.0,157.5
bb90cb6e-8834-4502-b241-29dc50656125,3,3053,Waterproof Ski Pants,2,249.99,499.98,0.0,43.75
cbc3ed63-6d37-47d3-b955-a1e939603462,1,3081,All-Temp Ski Wax Kit,1,79.99,79.99,0.0,7.0
e05a158d-5f1a-437e-9040-87b866185325,1,3031,Pro Flex Racing Ski Boots,1,649.99,649.99,0.0,56.87
e05a158d-5f1a-437e-9040-87b866185325,2,3031,Pro Flex Racing Ski Boots,1,649.99,649.99,0.0,56.87
e2dbfea3-d3a6-49e8-b999-dca473e1071e,1,3071,Ski Boot Bag - Premium,2,59.99,119.98,0.0,10.5
ec54e972-b742-41db-bd3b-eccb22d0d12e,1,3081,All-Temp Ski Wax Kit,1,79.99,79.99,0.0,7.0
ec54e972-b742-41db-bd3b-eccb22d0d12e,2,3051,Insulated Ski Jacket - Men's,2,299.99,599.98,0.0,52.5
ec54e972-b742-41db-bd3b-eccb22d0d12e,3,3031,Pro Flex Racing Ski Boots,1,649.99,649.99,0.0,56.87
ec54e972-b742-41db-bd3b-eccb22d0d12e,4,3081,All-Temp Ski Wax Kit,2,79.99,159.98,0.0,14.0
998bb891-b195-4865-a434-c590ca0a96b1,1,3022,Backcountry Explorer XC Skis - 190cm,1,549.99,549.99,0.0,48.12
998bb891-b195-4865-a434-c590ca0a96b1,2,3013,Beginner's Choice Alpine Skis - 160cm,1,449.99,449.99,0.0,39.37
317e6180-78b7-4132-a6f1-2bfdb328c40a,1,3082,Edge Tuning Tool Set,1,119.99,119.99,0.0,10.5
317e6180-78b7-4132-a6f1-2bfdb328c40a,2,3013,Beginner's Choice Alpine Skis - 160cm,2,449.99,899.98,0.0,78.75
317e6180-78b7-4132-a6f1-2bfdb328c40a,3,3081,All-Temp Ski Wax Kit,1,79.99,79.99,0.0,7.0
efbcca66-7a01-44c5-805b-7ed045c47223,1,3082,Edge Tuning Tool Set,2,119.99,239.98,0.0,21.0
03956ff4-22c0-4594-94e7-e21bd3a698b8,1,3101,Winter Boots - Insulated,1,159.99,159.99,0.0,14.0
03956ff4-22c0-4594-94e7-e21bd3a698b8,2,3051,Insulated Ski Jacket - Men's,2,299.99,599.98,0.0,52.5
2773f0bf-bc87-4338-a696-319b4d0d5aca,1,3104,Ski Tuning Bench - Portable,1,189.99,189.99,0.0,16.62
2773f0bf-bc87-4338-a696-319b4d0d5aca,2,3012,Mountain Master All-Terrain Skis - 165cm,1,899.99,899.99,0.0,78.75
2773f0bf-bc87-4338-a696-319b4d0d5aca,3,3081,All-Temp Ski Wax Kit,2,79.99,159.98,0.0,14.0
c5d9ed57-4990-4655-b8ea-5a39c8ba693f,1,3053,Waterproof Ski Pants,1,249.99,249.99,0.0,21.87
c5d9ed57-4990-4655-b8ea-5a39c8ba693f,2,3022,Backcountry Explorer XC Skis - 190cm,2,549.99,1099.98,0.0,96.25
c5d9ed57-4990-4655-b8ea-5a39c8ba693f,3,3031,Pro Flex Racing Ski Boots,1,649.99,649.99,0.0,56.87
c5d9ed57-4990-4655-b8ea-5a39c8ba693f,4,3031,Pro Flex Racing Ski Boots,1,649.99,649.99,0.0,56.87
047b8813-5033-455e-965b-61ad4c91f88b,1,3022,Backcountry Explorer XC Skis - 190cm,2,549.99,1099.98,0.0,96.25
0130d279-71da-43ad-988e-a22cf33c70bd,1,3053,Waterproof Ski Pants,2,249.99,499.98,0.0,43.75
0130d279-71da-43ad-988e-a22cf33c70bd,2,3031,Pro Flex Racing Ski Boots,1,649.99,649.99,0.0,56.87
7575902e-a961-4846-a945-a9fecb22a282,1,3082,Edge Tuning Tool Set,2,119.99,239.98,0.0,21.0
7575902e-a961-4846-a945-a9fecb22a282,2,3033,Women's Performance Ski Boots,1,579.99,579.99,0.0,50.75
3b00afbb-cffc-4934-92fb-152e1608113b,1,3082,Edge Tuning Tool Set,1,119.99,119.99,0.0,10.5
d5981598-70aa-4a37-aabb-86f055d31206,1,3081,All-Temp Ski Wax Kit,1,79.99,79.99,0.0,7.0
d5981598-70aa-4a37-aabb-86f055d31206,2,3082,Edge Tuning Tool Set,2,119.99,239.98,0.0,21.0
c5f5ba05-6a7e-41fc-8598-380faa56310a,1,3042,Aluminum All-Mountain Poles - 115cm,2,99.99,199.98,0.0,17.5
c5f5ba05-6a7e-41fc-8598-380faa56310a,2,3022,Backcountry Explorer XC Skis - 190cm,2,549.99,1099.98,0.0,96.25
c5f5ba05-6a7e-41fc-8598-380faa56310a,3,3053,Waterproof Ski Pants,2,249.99,499.98,0.0,43.75
c5f5ba05-6a7e-41fc-8598-380faa56310a,4,3012,Mountain Master All-Terrain Skis - 165cm,1,899.99,899.99,0.0,78.75
9cd2debf-7052-40f9-8270-ec618f5459de,1,3033,Women's Performance Ski Boots,1,579.99,579.99,0.0,50.75
9cd2debf-7052-40f9-8270-ec618f5459de,2,3032,Comfort Fit Recreational Boots,2,399.99,799.98,0.0,70.0
9cd2debf-7052-40f9-8270-ec618f5459de,3,3012,Mountain Master All-Terrain Skis - 165cm,1,899.99,899.99,0.0,78.75
71c44925-52aa-4ece-a6e4-c06c1cde4d99,1,3052,Thermal Base Layer Set - Women's,2,149.99,299.98,0.0,26.25
71c44925-52aa-4ece-a6e4-c06c1cde4d99,2,3021,Nordic Classic XC Skis - 185cm,2,349.99,699.98,0.0,61.25
71c44925-52aa-4ece-a6e4-c06c1cde4d99,3,3013,Beginner's Choice Alpine Skis - 160cm,1,449.99,449.99,0.0,39.37
71c44925-52aa-4ece-a6e4-c06c1cde4d99,4,3022,Backcountry Explorer XC Skis - 190cm,2,549.99,1099.98,0.0,96.25
e21799d7-b103-432b-9f46-3ef9b30ce7d0,1,3081,All-Temp Ski Wax Kit,2,79.99,159.98,0.0,14.0
e21799d7-b103-432b-9f46-3ef9b30ce7d0,2,3053,Waterproof Ski Pants,1,249.99,249.99,0.0,21.87
e21799d7-b103-432b-9f46-3ef9b30ce7d0,3,3081,All-Temp Ski Wax Kit,1,79.99,79.99,0.0,7.0
e21799d7-b103-432b-9f46-3ef9b30ce7d0,4,3103,Snowboard Bindings - Pro,1,299.99,299.99,0.0,26.25
c9cea25a-a2a1-452e-aa14-92f33d1b079b,1,3053,Waterproof Ski Pants,2,249.99,499.98,0.0,43.75
c9cea25a-a2a1-452e-aa14-92f33d1b079b,2,3013,Beginner's Choice Alpine Skis - 160cm,2,449.99,899.98,0.0,78.75
c9cea25a-a2a1-452e-aa14-92f33d1b079b,3,3022,Backcountry Explorer XC Skis - 190cm,1,549.99,549.99,0.0,48.12
d100ffc7-4361-4b01-8ee2-7d1ae3d66310,1,3082,Edge Tuning Tool Set,2,119.99,239.98,0.0,21.0
d100ffc7-4361-4b01-8ee2-7d1ae3d66310,2,3052,Thermal Base Layer Set - Women's,2,149.99,299.98,0.0,26.25
7ee53247-f23b-401a-bffb-23215c85f482,1,3104,Ski Tuning Bench - Portable,1,189.99,189.99,0.0,16.62
7ee53247-f23b-401a-bffb-23215c85f482,2,3011,Alpine Pro Racing Skis - 170cm,1,1299.99,1299.99,0.0,113.75
e292c1c2-c70b-4477-9614-d88dba9833ab,1,3082,Edge Tuning Tool Set,2,119.99,239.98,0.0,21.0
97ac7dd5-e0ea-4fbb-86f6-aeb7315dd4a0,1,3072,Hand Warmers - 10 Pack,1,14.99,14.99,0.0,1.31
19275974-78c4-4c9b-98de-a08889d71215,1,3031,Pro Flex Racing Ski Boots,2,649.99,1299.98,0.0,113.75
19275974-78c4-4c9b-98de-a08889d71215,2,3011,Alpine Pro Racing Skis - 170cm,2,1299.99,2599.98,0.0,227.5
19275974-78c4-4c9b-98de-a08889d71215,3,3032,Comfort Fit Recreational Boots,1,399.99,399.99,0.0,35.0
19275974-78c4-4c9b-98de-a08889d71215,4,3031,Pro Flex Racing Ski Boots,1,649.99,649.99,0.0,56.87
25f56949-28ee-44f5-aacb-212b35c0ac10,1,3051,Insulated Ski Jacket - Men's,2,299.99,599.98,0.0,52.5
25f56949-28ee-44f5-aacb-212b35c0ac10,2,3102,Winter Hiking Boots - Waterproof,2,249.99,499.98,0.0,43.75
85a49249-edbe-40b5-9b39-b4dac80c33f7,1,3081,All-Temp Ski Wax Kit,2,79.99,159.98,0.0,14.0
f86a1d5b-1ac5-4902-957b-4bb7af98237e,1,3052,Thermal Base Layer Set - Women's,1,149.99,149.99,0.0,13.12
f86a1d5b-1ac5-4902-957b-4bb7af98237e,2,3082,Edge Tuning Tool Set,2,119.99,239.98,0.0,21.0
f86a1d5b-1ac5-4902-957b-4bb7af98237e,3,3031,Pro Flex Racing Ski Boots,1,649.99,649.99,0.0,56.87
f86a1d5b-1ac5-4902-957b-4bb7af98237e,4,3082,Edge Tuning Tool Set,2,119.99,239.98,0.0,21.0
406596cb-bce8-4d01-a0e5-1ef17adb4bb6,1,3012,Mountain Master All-Terrain Skis - 165cm,2,899.99,1799.98,0.0,157.5
406596cb-bce8-4d01-a0e5-1ef17adb4bb6,2,3062,Anti-Fog Ski Goggles,1,129.99,129.99,0.0,11.37
406596cb-bce8-4d01-a0e5-1ef17adb4bb6,3,3032,Comfort Fit Recreational Boots,2,399.99,799.98,0.0,70.0
406596cb-bce8-4d01-a0e5-1ef17adb4bb6,4,3022,Backcountry Explorer XC Skis - 190cm,1,549.99,549.99,0.0,48.12
2fb83249-d675-47d7-ab7b-ed946652d8df,1,3053,Waterproof Ski Pants,2,249.99,499.98,0.0,43.75
2fb83249-d675-47d7-ab7b-ed946652d8df,2,3011,Alpine Pro Racing Skis - 170cm,1,1299.99,1299.99,0.0,113.75
2fb83249-d675-47d7-ab7b-ed946652d8df,3,3082,Edge Tuning Tool Set,1,119.99,119.99,0.0,10.5
42a1e76e-5fdf-4dae-9b32-2371945155e1,1,3041,Carbon Fiber Racing Poles - 120cm,1,179.99,179.99,0.0,15.75
42a1e76e-5fdf-4dae-9b32-2371945155e1,2,3012,Mountain Master All-Terrain Skis - 165cm,1,899.99,899.99,0.0,78.75
42a1e76e-5fdf-4dae-9b32-2371945155e1,3,3052,Thermal Base Layer Set - Women's,2,149.99,299.98,0.0,26.25
42a1e76e-5fdf-4dae-9b32-2371945155e1,4,3041,Carbon Fiber Racing Poles - 120cm,1,179.99,179.99,0.0,15.75
26f0d694-690d-4852-ba95-406bc57f6475,1,3081,All-Temp Ski Wax Kit,2,79.99,159.98,0.0,14.0
26f0d694-690d-4852-ba95-406bc57f6475,2,3104,Ski Tuning Bench - Portable,1,189.99,189.99,0.0,16.62
8e604480-4bf9-4801-9d70-4cafaa230ce7,1,3013,Beginner's Choice Alpine Skis - 160cm,2,449.99,899.98,0.0,78.75
8e604480-4bf9-4801-9d70-4cafaa230ce7,2,3081,All-Temp Ski Wax Kit,2,79.99,159.98,0.0,14.0
f50f2c56-da5c-48c2-a25b-d4b6d72089d2,1,3103,Snowboard Bindings - Pro,1,299.99,299.99,0.0,26.25
f50f2c56-da5c-48c2-a25b-d4b6d72089d2,2,3104,Ski Tuning Bench - Portable,2,189.99,379.98,0.0,33.25
f50f2c56-da5c-48c2-a25b-d4b6d72089d2,3,3021,Nordic Classic XC Skis - 185cm,2,349.99,699.98,0.0,61.25
c06b24bf-d49a-46f5-b77a-ae46bb929e9f,1,3033,Women's Performance Ski Boots,2,579.99,1159.98,0.0,101.5
c06b24bf-d49a-46f5-b77a-ae46bb929e9f,2,3041,Carbon Fiber Racing Poles - 120cm,1,179.99,179.99,0.0,15.75
c06b24bf-d49a-46f5-b77a-ae46bb929e9f,3,3061,Professional Ski Helmet,1,199.99,199.99,0.0,17.5
851b9aa0-5aca-4067-869b-14a34a5ea9eb,1,3103,Snowboard Bindings - Pro,1,299.99,299.99,0.0,26.25
c72e33bc-d77a-4713-a536-c90b54978dc6,1,3092,All-Mountain Snowboard - 158cm,1,799.99,799.99,0.0,70.0
e0a5ce03-e656-4bf0-94ce-3d213d53bcf0,1,3011,Alpine Pro Racing Skis - 170cm,2,1299.99,2599.98,0.0,227.5
e0a5ce03-e656-4bf0-94ce-3d213d53bcf0,2,3061,Professional Ski Helmet,1,199.99,199.99,0.0,17.5
2ecd7038-0864-4df7-ba4e-98b11845d6bc,1,3032,Comfort Fit Recreational Boots,1,399.99,399.99,0.0,35.0
2ecd7038-0864-4df7-ba4e-98b11845d6bc,2,3021,Nordic Classic XC Skis - 185cm,1,349.99,349.99,0.0,30.62
2ecd7038-0864-4df7-ba4e-98b11845d6bc,3,3012,Mountain Master All-Terrain Skis - 165cm,2,899.99,1799.98,0.0,157.5
2ecd7038-0864-4df7-ba4e-98b11845d6bc,4,3011,Alpine Pro Racing Skis - 170cm,2,1299.99,2599.98,0.0,227.5
0508d6f5-daa7-43af-902c-a07f76766da5,1,3013,Beginner's Choice Alpine Skis - 160cm,1,449.99,449.99,0.0,39.37
0508d6f5-daa7-43af-902c-a07f76766da5,2,3053,Waterproof Ski Pants,1,249.99,249.99,0.0,21.87
0508d6f5-daa7-43af-902c-a07f76766da5,3,3011,Alpine Pro Racing Skis - 170cm,1,1299.99,1299.99,0.0,113.75
0508d6f5-daa7-43af-902c-a07f76766da5,4,3053,Waterproof Ski Pants,2,249.99,499.98,0.0,43.75
c6932188-d152-40b5-b29b-ebfbfaed7b16,1,3042,Aluminum All-Mountain Poles - 115cm,1,99.99,99.99,0.0,8.75
c6932188-d152-40b5-b29b-ebfbfaed7b16,2,3062,Anti-Fog Ski Goggles,1,129.99,129.99,0.0,11.37
9f9a3a86-f557-43b9-84e8-b80780c9ee55,1,3092,All-Mountain Snowboard - 158cm,1,799.99,799.99,0.0,70.0
ebdabf32-8d54-46e9-99f1-873004a752fd,1,3081,All-Temp Ski Wax Kit,1,79.99,79.99,0.0,7.0
ebdabf32-8d54-46e9-99f1-873004a752fd,2,3011,Alpine Pro Racing Skis - 170cm,1,1299.99,1299.99,0.0,113.75
ebdabf32-8d54-46e9-99f1-873004a752fd,3,3092,All-Mountain Snowboard - 158cm,1,799.99,799.99,0.0,70.0
ebdabf32-8d54-46e9-99f1-873004a752fd,4,3081,All-Temp Ski Wax Kit,2,79.99,159.98,0.0,14.0
8b1b8a82-7305-446c-98f4-8b4de13edb8c,1,3062,Anti-Fog Ski Goggles,1,129.99,129.99,0.0,11.37
9bb2ef77-c671-4669-94cf-ccac1524f949,1,3033,Women's Performance Ski Boots,2,579.99,1159.98,0.0,101.5
be23b5af-f6da-4e9e-9a95-22483295c611,1,3052,Thermal Base Layer Set - Women's,1,149.99,149.99,0.0,13.12
be23b5af-f6da-4e9e-9a95-22483295c611,2,3072,Hand Warmers - 10 Pack,2,14.99,29.98,0.0,2.62
be23b5af-f6da-4e9e-9a95-22483295c611,3,3071,Ski Boot Bag - Premium,1,59.99,59.99,0.0,5.25
5006096d-6f6f-4c91-abfd-62d2006a9cc9,1,3042,Aluminum All-Mountain Poles - 115cm,1,99.99,99.99,0.0,8.75
5006096d-6f6f-4c91-abfd-62d2006a9cc9,2,3071,Ski Boot Bag - Premium,1,59.99,59.99,0.0,5.25
5006096d-6f6f-4c91-abfd-62d2006a9cc9,3,3011,Alpine Pro Racing Skis - 170cm,2,1299.99,2599.98,0.0,227.5
96a4d167-5ea0-4b88-859c-5b0a347e5060,1,3092,All-Mountain Snowboard - 158cm,1,799.99,799.99,0.0,70.0
703ba761-095e-4ee9-a204-eb854ea77473,1,3032,Comfort Fit Recreational Boots,2,399.99,799.98,0.0,70.0
703ba761-095e-4ee9-a204-eb854ea77473,2,3051,Insulated Ski Jacket - Men's,1,299.99,299.99,0.0,26.25
703ba761-095e-4ee9-a204-eb854ea77473,3,3052,Thermal Base Layer Set - Women's,1,149.99,149.99,0.0,13.12
703ba761-095e-4ee9-a204-eb854ea77473,4,3032,Comfort Fit Recreational Boots,1,399.99,399.99,0.0,35.0
845d2262-872d-4647-8661-a7fcc7bf5b8d,1,3031,Pro Flex Racing Ski Boots,2,649.99,1299.98,0.0,113.75
845d2262-872d-4647-8661-a7fcc7bf5b8d,2,3032,Comfort Fit Recreational Boots,1,399.99,399.99,0.0,35.0
bcf7e691-bb14-4f0a-afe7-0b0a915d80c4,1,3104,Ski Tuning Bench - Portable,2,189.99,379.98,0.0,33.25
bcf7e691-bb14-4f0a-afe7-0b0a915d80c4,2,3031,Pro Flex Racing Ski Boots,1,649.99,649.99,0.0,56.87
bcf7e691-bb14-4f0a-afe7-0b0a915d80c4,3,3072,Hand Warmers - 10 Pack,2,14.99,29.98,0.0,2.62
bcf7e691-bb14-4f0a-afe7-0b0a915d80c4,4,3104,Ski Tuning Bench - Portable,1,189.99,189.99,0.0,16.62
3a10befd-58b2-4652-bd05-d91e4f73925c,1,3011,Alpine Pro Racing Skis - 170cm,2,1299.99,2599.98,0.0,227.5
ee84f4ec-8dbb-4408-a77c-6559baecfafd,1,3071,Ski Boot Bag - Premium,2,59.99,119.98,0.0,10.5
ee84f4ec-8dbb-4408-a77c-6559baecfafd,2,3051,Insulated Ski Jacket - Men's,1,299.99,299.99,0.0,26.25
9b0b74a6-d3a2-4e97-916c-a2b3b01a40f0,1,3103,Snowboard Bindings - Pro,2,299.99,599.98,0.0,52.5
9b0b74a6-d3a2-4e97-916c-a2b3b01a40f0,2,3021,Nordic Classic XC Skis - 185cm,2,349.99,699.98,0.0,61.25
9b0b74a6-d3a2-4e97-916c-a2b3b01a40f0,3,3103,Snowboard Bindings - Pro,2,299.99,599.98,0.0,52.5
d78db69b-eb01-4512-8956-ef71acf6e8ae,1,3032,Comfort Fit Recreational Boots,1,399.99,399.99,0.0,35.0
d78db69b-eb01-4512-8956-ef71acf6e8ae,2,3042,Aluminum All-Mountain Poles - 115cm,2,99.99,199.98,0.0,17.5
d78db69b-eb01-4512-8956-ef71acf6e8ae,3,3091,Freestyle Snowboard - 155cm,2,649.99,1299.98,0.0,113.75
d78db69b-eb01-4512-8956-ef71acf6e8ae,4,3103,Snowboard Bindings - Pro,2,299.99,599.98,0.0,52.5
2434da64-785c-4f0c-8d4b-4d95b44872ea,1,3052,Thermal Base Layer Set - Women's,2,149.99,299.98,0.0,26.25
2434da64-785c-4f0c-8d4b-4d95b44872ea,2,3051,Insulated Ski Jacket - Men's,1,299.99,299.99,0.0,26.25
dd92a033-d985-4881-a35f-b9a0a2dd5578,1,3052,Thermal Base Layer Set - Women's,1,149.99,149.99,0.0,13.12
95b4a466-e0d5-4be3-940f-89c8a570d0a5,1,3082,Edge Tuning Tool Set,1,119.99,119.99,0.0,10.5
8134cfb8-c4b5-4edc-a9cd-439f33486bfa,1,3031,Pro Flex Racing Ski Boots,1,649.99,649.99,0.0,56.87
8134cfb8-c4b5-4edc-a9cd-439f33486bfa,2,3012,Mountain Master All-Terrain Skis - 165cm,2,899.99,1799.98,0.0,157.5
8134cfb8-c4b5-4edc-a9cd-439f33486bfa,3,3101,Winter Boots - Insulated,2,159.99,319.98,0.0,28.0
759d510f-81f7-407d-b019-fda3673402a2,1,3012,Mountain Master All-Terrain Skis - 165cm,2,899.99,1799.98,0.0,157.5
759d510f-81f7-407d-b019-fda3673402a2,2,3032,Comfort Fit Recreational Boots,1,399.99,399.99,0.0,35.0
759d510f-81f7-407d-b019-fda3673402a2,3,3051,Insulated Ski Jacket - Men's,2,299.99,599.98,0.0,52.5
759d510f-81f7-407d-b019-fda3673402a2,4,3031,Pro Flex Racing Ski Boots,1,649.99,649.99,0.0,56.87
789bad0f-05db-4a0c-b209-a0d189ce941a,1,3104,Ski Tuning Bench - Portable,1,189.99,189.99,0.0,16.62
789bad0f-05db-4a0c-b209-a0d189ce941a,2,3104,Ski Tuning Bench - Portable,2,189.99,379.98,0.0,33.25
2f1779e7-b62d-44f8-94d3-22eceb67b475,1,3081,All-Temp Ski Wax Kit,2,79.99,159.98,0.0,14.0
2f1779e7-b62d-44f8-94d3-22eceb67b475,2,3082,Edge Tuning Tool Set,1,119.99,119.99,0.0,10.5
2f1779e7-b62d-44f8-94d3-22eceb67b475,3,3101,Winter Boots - Insulated,2,159.99,319.98,0.0,28.0
2f1779e7-b62d-44f8-94d3-22eceb67b475,4,3031,Pro Flex Racing Ski Boots,2,649.99,1299.98,0.0,113.75
055fc7d7-6d05-4ad0-b0ab-2cf3a7769c8c,1,3012,Mountain Master All-Terrain Skis - 165cm,1,899.99,899.99,0.0,78.75
e3696d45-229b-4b3c-a9d7-f27de777ff42,1,3104,Ski Tuning Bench - Portable,2,189.99,379.98,0.0,33.25
5b0a4642-2e1d-4aa4-861b-da37ad40b661,1,3071,Ski Boot Bag - Premium,2,59.99,119.98,0.0,10.5
1d74fadb-6d06-46a1-8d4e-eaae94e9789e,1,3103,Snowboard Bindings - Pro,1,299.99,299.99,0.0,26.25
b6d9f937-483d-4d3b-bfce-5b56afed6bc5,1,3072,Hand Warmers - 10 Pack,2,14.99,29.98,0.0,2.62
b6d9f937-483d-4d3b-bfce-5b56afed6bc5,2,3091,Freestyle Snowboard - 155cm,1,649.99,649.99,0.0,56.87
dd09f8d3-50c4-4d82-bd98-ecc091e0d883,1,3081,All-Temp Ski Wax Kit,2,79.99,159.98,0.0,14.0
dd09f8d3-50c4-4d82-bd98-ecc091e0d883,2,3082,Edge Tuning Tool Set,1,119.99,119.99,0.0,10.5
dd09f8d3-50c4-4d82-bd98-ecc091e0d883,3,3091,Freestyle Snowboard - 155cm,2,649.99,1299.98,0.0,113.75
32e905a6-a4a1-48e3-bb78-05116f62f8fe,1,3051,Insulated Ski Jacket - Men's,2,299.99,599.98,0.0,52.5
32e905a6-a4a1-48e3-bb78-05116f62f8fe,2,3051,Insulated Ski Jacket - Men's,1,299.99,299.99,0.0,26.25
32e905a6-a4a1-48e3-bb78-05116f62f8fe,3,3012,Mountain Master All-Terrain Skis - 165cm,2,899.99,1799.98,0.0,157.5
18be9537-2fc7-44b3-91b4-3480d5d8f72f,1,3021,Nordic Classic XC Skis - 185cm,1,349.99,349.99,0.0,30.62
18be9537-2fc7-44b3-91b4-3480d5d8f72f,2,3072,Hand Warmers - 10 Pack,2,14.99,29.98,0.0,2.62
18be9537-2fc7-44b3-91b4-3480d5d8f72f,3,3011,Alpine Pro Racing Skis - 170cm,2,1299.99,2599.98,0.0,227.5
18be9537-2fc7-44b3-91b4-3480d5d8f72f,4,3091,Freestyle Snowboard - 155cm,1,649.99,649.99,0.0,56.87
9868bbca-e6ea-4bc3-81fb-6d727f8d82b4,1,3041,Carbon Fiber Racing Poles - 120cm,1,179.99,179.99,0.0,15.75
9868bbca-e6ea-4bc3-81fb-6d727f8d82b4,2,3012,Mountain Master All-Terrain Skis - 165cm,1,899.99,899.99,0.0,78.75
9868bbca-e6ea-4bc3-81fb-6d727f8d82b4,3,3104,Ski Tuning Bench - Portable,1,189.99,189.99,0.0,16.62
6bcb2612-9bc2-4d3b-8d3e-bbf1f3188fe1,1,3062,Anti-Fog Ski Goggles,1,129.99,129.99,0.0,11.37
6bcb2612-9bc2-4d3b-8d3e-bbf1f3188fe1,2,3013,Beginner's Choice Alpine Skis - 160cm,1,449.99,449.99,0.0,39.37
2dbbe753-645d-44a1-8a7c-ce7883ad6339,1,3022,Backcountry Explorer XC Skis - 190cm,1,549.99,549.99,0.0,48.12
2dbbe753-645d-44a1-8a7c-ce7883ad6339,2,3082,Edge Tuning Tool Set,1,119.99,119.99,0.0,10.5
2dbbe753-645d-44a1-8a7c-ce7883ad6339,3,3104,Ski Tuning Bench - Portable,1,189.99,189.99,0.0,16.62
2dbbe753-645d-44a1-8a7c-ce7883ad6339,4,3104,Ski Tuning Bench - Portable,2,189.99,379.98,0.0,33.25
3aa737bd-1a39-41ae-8f47-4b32f70b1677,1,3091,Freestyle Snowboard - 155cm,1,649.99,649.99,0.0,56.87
3aa737bd-1a39-41ae-8f47-4b32f70b1677,2,3042,Aluminum All-Mountain Poles - 115cm,1,99.99,99.99,0.0,8.75
417d0f0b-2e01-44eb-ae40-964b4a44ac82,1,3081,All-Temp Ski Wax Kit,2,79.99,159.98,0.0,14.0
9b5b30bb-0904-4e74-a8a8-46684bea4501,1,3072,Hand Warmers - 10 Pack,2,14.99,29.98,0.0,2.62
a76c9c65-7558-4dca-9075-91cbb5fa502d,1,3092,All-Mountain Snowboard - 158cm,2,799.99,1599.98,0.0,140.0
a76c9c65-7558-4dca-9075-91cbb5fa502d,2,3103,Snowboard Bindings - Pro,2,299.99,599.98,0.0,52.5
f08ed1a5-0832-4e32-adf7-0cd350764ddf,1,3011,Alpine Pro Racing Skis - 170cm,2,1299.99,2599.98,0.0,227.5
634cd586-f93f-4a38-9d04-44518a84fa41,1,3042,Aluminum All-Mountain Poles - 115cm,2,99.99,199.98,0.0,17.5
19aadf9f-eaa3-49c6-9209-04c90829d27d,1,3022,Backcountry Explorer XC Skis - 190cm,2,549.99,1099.98,0.0,96.25
73b7c86b-669d-4091-a5f2-7cf36dc4def0,1,3103,Snowboard Bindings - Pro,1,299.99,299.99,0.0,26.25
73b7c86b-669d-4091-a5f2-7cf36dc4def0,2,3081,All-Temp Ski Wax Kit,1,79.99,79.99,0.0,7.0
73b7c86b-669d-4091-a5f2-7cf36dc4def0,3,3081,All-Temp Ski Wax Kit,1,79.99,79.99,0.0,7.0
73b7c86b-669d-4091-a5f2-7cf36dc4def0,4,3081,All-Temp Ski Wax Kit,2,79.99,159.98,0.0,14.0
cc2a7e80-cabc-4e48-b4c1-92044d348991,1,3081,All-Temp Ski Wax Kit,2,79.99,159.98,0.0,14.0
a1ba2d57-18ee-4e9d-aa18-21d086c767df,1,3101,Winter Boots - Insulated,1,159.99,159.99,0.0,14.0
cd8d12d8-ca01-4588-8770-25f5d6aecfa2,1,3012,Mountain Master All-Terrain Skis - 165cm,1,899.99,899.99,0.0,78.75
cd8d12d8-ca01-4588-8770-25f5d6aecfa2,2,3012,Mountain Master All-Terrain Skis - 165cm,1,899.99,899.99,0.0,78.75
cd8d12d8-ca01-4588-8770-25f5d6aecfa2,3,3072,Hand Warmers - 10 Pack,1,14.99,14.99,0.0,1.31
b144c47d-5618-4c93-b6a3-86dfaf1958dc,1,3041,Carbon Fiber Racing Poles - 120cm,2,179.99,359.98,0.0,31.5
b144c47d-5618-4c93-b6a3-86dfaf1958dc,2,3033,Women's Performance Ski Boots,2,579.99,1159.98,0.0,101.5
b144c47d-5618-4c93-b6a3-86dfaf1958dc,3,3081,All-Temp Ski Wax Kit,1,79.99,79.99,0.0,7.0
b144c47d-5618-4c93-b6a3-86dfaf1958dc,4,3042,Aluminum All-Mountain Poles - 115cm,1,99.99,99.99,0.0,8.75
6b25125e-904c-46f6-9929-1e4929acf6f0,1,3081,All-Temp Ski Wax Kit,1,79.99,79.99,0.0,7.0
6b25125e-904c-46f6-9929-1e4929acf6f0,2,3011,Alpine Pro Racing Skis - 170cm,2,1299.99,2599.98,0.0,227.5
6b25125e-904c-46f6-9929-1e4929acf6f0,3,3031,Pro Flex Racing Ski Boots,1,649.99,649.99,0.0,56.87
6b25125e-904c-46f6-9929-1e4929acf6f0,4,3061,Professional Ski Helmet,1,199.99,199.99,0.0,17.5
e09439bc-40de-41eb-9bc4-d9e62ba733c3,1,3104,Ski Tuning Bench - Portable,1,189.99,189.99,0.0,16.62
e09439bc-40de-41eb-9bc4-d9e62ba733c3,2,3082,Edge Tuning Tool Set,2,119.99,239.98,0.0,21.0
e09439bc-40de-41eb-9bc4-d9e62ba733c3,3,3092,All-Mountain Snowboard - 158cm,2,799.99,1599.98,0.0,140.0
2e1434c9-2706-43ac-86ed-8bf36e6b2166,1,3091,Freestyle Snowboard - 155cm,1,649.99,649.99,0.0,56.87
73e1e70e-68cd-4398-933b-903971aa761a,1,3104,Ski Tuning Bench - Portable,2,189.99,379.98,0.0,33.25
73e1e70e-68cd-4398-933b-903971aa761a,2,3091,Freestyle Snowboard - 155cm,1,649.99,649.99,0.0,56.87
c405782a-0f08-434b-bf24-15f2ee09aae1,1,3104,Ski Tuning Bench - Portable,1,189.99,189.99,0.0,16.62
0c693993-3979-4b20-8075-158d79e82011,1,3031,Pro Flex Racing Ski Boots,1,649.99,649.99,0.0,56.87
0c693993-3979-4b20-8075-158d79e82011,2,3041,Carbon Fiber Racing Poles - 120cm,2,179.99,359.98,0.0,31.5
0c693993-3979-4b20-8075-158d79e82011,3,3011,Alpine Pro Racing Skis - 170cm,2,1299.99,2599.98,0.0,227.5
8645da8e-97b5-4cac-86ba-a0579c4db87d,1,3052,Thermal Base Layer Set - Women's,2,149.99,299.98,0.0,26.25
8645da8e-97b5-4cac-86ba-a0579c4db87d,2,3061,Professional Ski Helmet,2,199.99,399.98,0.0,35.0
8645da8e-97b5-4cac-86ba-a0579c4db87d,3,3031,Pro Flex Racing Ski Boots,2,649.99,1299.98,0.0,113.75
ae13d604-5ad0-4efa-9e04-f1758c5d5a17,1,3012,Mountain Master All-Terrain Skis - 165cm,2,899.99,1799.98,0.0,157.5
ae13d604-5ad0-4efa-9e04-f1758c5d5a17,2,3031,Pro Flex Racing Ski Boots,1,649.99,649.99,0.0,56.87
ae13d604-5ad0-4efa-9e04-f1758c5d5a17,3,3032,Comfort Fit Recreational Boots,2,399.99,799.98,0.0,70.0
78f0b49a-7c3e-4ebf-a2f2-2887730a9ff2,1,3041,Carbon Fiber Racing Poles - 120cm,2,179.99,359.98,0.0,31.5
78f0b49a-7c3e-4ebf-a2f2-2887730a9ff2,2,3092,All-Mountain Snowboard - 158cm,1,799.99,799.99,0.0,70.0
78f0b49a-7c3e-4ebf-a2f2-2887730a9ff2,3,3022,Backcountry Explorer XC Skis - 190cm,2,549.99,1099.98,0.0,96.25
78f0b49a-7c3e-4ebf-a2f2-2887730a9ff2,4,3031,Pro Flex Racing Ski Boots,1,649.99,649.99,0.0,56.87
0b99acfe-57d6-4316-944d-00b81295a400,1,3012,Mountain Master All-Terrain Skis - 165cm,1,899.99,899.99,0.0,78.75
b730f06c-7988-4592-b929-83ff6420a689,1,3082,Edge Tuning Tool Set,2,119.99,239.98,0.0,21.0
b730f06c-7988-4592-b929-83ff6420a689,2,3032,Comfort Fit Recreational Boots,1,399.99,399.99,0.0,35.0
b730f06c-7988-4592-b929-83ff6420a689,3,3104,Ski Tuning Bench - Portable,1,189.99,189.99,0.0,16.62
a21b5e92-8d28-4eee-b8b4-a8f0c994ecdb,1,3082,Edge Tuning Tool Set,2,119.99,239.98,0.0,21.0
c32725d9-b499-46bb-b634-9a1883262084,1,3022,Backcountry Explorer XC Skis - 190cm,2,549.99,1099.98,0.0,96.25
42b4c064-71c1-4ece-b778-1243b6bf350d,1,3104,Ski Tuning Bench - Portable,1,189.99,189.99,0.0,16.62
42b4c064-71c1-4ece-b778-1243b6bf350d,2,3031,Pro Flex Racing Ski Boots,1,649.99,649.99,0.0,56.87
42b4c064-71c1-4ece-b778-1243b6bf350d,3,3081,All-Temp Ski Wax Kit,2,79.99,159.98,0.0,14.0
cf7a5432-01e3-403e-b782-d7b9d219c700,1,3031,Pro Flex Racing Ski Boots,1,649.99,649.99,0.0,56.87
cf7a5432-01e3-403e-b782-d7b9d219c700,2,3092,All-Mountain Snowboard - 158cm,1,799.99,799.99,0.0,70.0
cf7a5432-01e3-403e-b782-d7b9d219c700,3,3041,Carbon Fiber Racing Poles - 120cm,2,179.99,359.98,0.0,31.5
cf7a5432-01e3-403e-b782-d7b9d219c700,4,3013,Beginner's Choice Alpine Skis - 160cm,2,449.99,899.98,0.0,78.75
00e2861e-e92e-40b4-ae85-950622c9cd5e,1,3103,Snowboard Bindings - Pro,1,299.99,299.99,0.0,26.25
00e2861e-e92e-40b4-ae85-950622c9cd5e,2,3062,Anti-Fog Ski Goggles,2,129.99,259.98,0.0,22.75
00e2861e-e92e-40b4-ae85-950622c9cd5e,3,3033,Women's Performance Ski Boots,1,579.99,579.99,0.0,50.75
029c53d0-4f6b-4fe1-9f54-e15c2d2853b6,1,3101,Winter Boots - Insulated,2,159.99,319.98,0.0,28.0
57766bd3-269a-4e7a-a935-cd03e29a87ff,1,3042,Aluminum All-Mountain Poles - 115cm,1,99.99,99.99,0.0,8.75
57766bd3-269a-4e7a-a935-cd03e29a87ff,2,3102,Winter Hiking Boots - Waterproof,2,249.99,499.98,0.0,43.75
57766bd3-269a-4e7a-a935-cd03e29a87ff,3,3053,Waterproof Ski Pants,1,249.99,249.99,0.0,21.87
57766bd3-269a-4e7a-a935-cd03e29a87ff,4,3021,Nordic Classic XC Skis - 185cm,2,349.99,699.98,0.0,61.25
f09e1899-a888-4c0f-87a1-d00281c29f1c,1,3082,Edge Tuning Tool Set,2,119.99,239.98,0.0,21.0
f09e1899-a888-4c0f-87a1-d00281c29f1c,2,3104,Ski Tuning Bench - Portable,1,189.99,189.99,0.0,16.62
9754cb0f-b25a-46c5-a8cd-b1be829f8b91,1,3031,Pro Flex Racing Ski Boots,1,649.99,649.99,0.0,56.87
9754cb0f-b25a-46c5-a8cd-b1be829f8b91,2,3091,Freestyle Snowboard - 155cm,1,649.99,649.99,0.0,56.87
e748a695-efb0-4dfe-ac38-f1337b928881,1,3051,Insulated Ski Jacket - Men's,2,299.99,599.98,0.0,52.5
e748a695-efb0-4dfe-ac38-f1337b928881,2,3042,Aluminum All-Mountain Poles - 115cm,1,99.99,99.99,0.0,8.75
e748a695-efb0-4dfe-ac38-f1337b928881,3,3011,Alpine Pro Racing Skis - 170cm,1,1299.99,1299.99,0.0,113.75
e748a695-efb0-4dfe-ac38-f1337b928881,4,3032,Comfort Fit Recreational Boots,2,399.99,799.98,0.0,70.0
25140895-0ea9-44ec-ba39-707aaf5bd118,1,3092,All-Mountain Snowboard - 158cm,1,799.99,799.99,0.0,70.0
a849f231-edca-4289-9f7d-092732d5529b,1,3012,Mountain Master All-Terrain Skis - 165cm,2,899.99,1799.98,0.0,157.5
a849f231-edca-4289-9f7d-092732d5529b,2,3012,Mountain Master All-Terrain Skis - 165cm,1,899.99,899.99,0.0,78.75
08fe9abd-8ddc-4774-aacc-9b3d1316401a,1,3031,Pro Flex Racing Ski Boots,2,649.99,1299.98,0.0,113.75
08fe9abd-8ddc-4774-aacc-9b3d1316401a,2,3104,Ski Tuning Bench - Portable,2,189.99,379.98,0.0,33.25
3359e047-9faf-4457-b7d1-e78c0482dc4e,1,3032,Comfort Fit Recreational Boots,2,399.99,799.98,0.0,70.0
db514fe6-cdc1-4ff0-9829-a4416c2afcf7,1,3081,All-Temp Ski Wax Kit,2,79.99,159.98,0.0,14.0
355cdbc4-d09d-4041-b22d-b67d448d2cb2,1,3042,Aluminum All-Mountain Poles - 115cm,1,99.99,99.99,0.0,8.75
291e3587-22c4-4469-98df-6bb9eb207daa,1,3042,Aluminum All-Mountain Poles - 115cm,2,99.99,199.98,0.0,17.5
291e3587-22c4-4469-98df-6bb9eb207daa,2,3053,Waterproof Ski Pants,2,249.99,499.98,0.0,43.75
291e3587-22c4-4469-98df-6bb9eb207daa,3,3104,Ski Tuning Bench - Portable,2,189.99,379.98,0.0,33.25
291e3587-22c4-4469-98df-6bb9eb207daa,4,3032,Comfort Fit Recreational Boots,2,399.99,799.98,0.0,70.0
a4f6a351-5324-4993-bae5-a438ae85ac26,1,3103,Snowboard Bindings - Pro,2,299.99,599.98,0.0,52.5
a4f6a351-5324-4993-bae5-a438ae85ac26,2,3081,All-Temp Ski Wax Kit,1,79.99,79.99,0.0,7.0
a4f6a351-5324-4993-bae5-a438ae85ac26,3,3104,Ski Tuning Bench - Portable,2,189.99,379.98,0.0,33.25
052eff78-1836-488c-a097-ae42578dc0d5,1,3104,Ski Tuning Bench - Portable,2,189.99,379.98,0.0,33.25
052eff78-1836-488c-a097-ae42578dc0d5,2,3103,Snowboard Bindings - Pro,1,299.99,299.99,0.0,26.25
711cadd6-6b9d-4264-a96c-c2578794d6d8,1,3102,Winter Hiking Boots - Waterproof,2,249.99,499.98,0.0,43.75
711cadd6-6b9d-4264-a96c-c2578794d6d8,2,3104,Ski Tuning Bench - Portable,1,189.99,189.99,0.0,16.62
711cadd6-6b9d-4264-a96c-c2578794d6d8,3,3051,Insulated Ski Jacket - Men's,2,299.99,599.98,0.0,52.5
7a3d2ffd-9ecb-451e-8e54-504d3458b5da,1,3102,Winter Hiking Boots - Waterproof,1,249.99,249.99,0.0,21.87
7a3d2ffd-9ecb-451e-8e54-504d3458b5da,2,3013,Beginner's Choice Alpine Skis - 160cm,2,449.99,899.98,0.0,78.75
7a3d2ffd-9ecb-451e-8e54-504d3458b5da,3,3103,Snowboard Bindings - Pro,2,299.99,599.98,0.0,52.5
13b3523e-ab4d-4f4c-898d-87b42335da05,1,3013,Beginner's Choice Alpine Skis - 160cm,1,449.99,449.99,0.0,39.37
13b3523e-ab4d-4f4c-898d-87b42335da05,2,3042,Aluminum All-Mountain Poles - 115cm,1,99.99,99.99,0.0,8.75
632d5619-9e36-47b4-92db-15b4bb891eec,1,3013,Beginner's Choice Alpine Skis - 160cm,1,449.99,449.99,0.0,39.37
632d5619-9e36-47b4-92db-15b4bb891eec,2,3053,Waterproof Ski Pants,1,249.99,249.99,0.0,21.87
632d5619-9e36-47b4-92db-15b4bb891eec,3,3062,Anti-Fog Ski Goggles,1,129.99,129.99,0.0,11.37
813e535b-320c-401b-b652-85ffafe827fd,1,3041,Carbon Fiber Racing Poles - 120cm,2,179.99,359.98,0.0,31.5
813e535b-320c-401b-b652-85ffafe827fd,2,3032,Comfort Fit Recreational Boots,2,399.99,799.98,0.0,70.0
2338cb21-73e7-463f-add1-13fcfa61c4cb,1,3062,Anti-Fog Ski Goggles,2,129.99,259.98,0.0,22.75
2338cb21-73e7-463f-add1-13fcfa61c4cb,2,3071,Ski Boot Bag - Premium,2,59.99,119.98,0.0,10.5
0f104576-be7e-4e8a-a0bb-a6e18873c402,1,3013,Beginner's Choice Alpine Skis - 160cm,2,449.99,899.98,0.0,78.75
0f104576-be7e-4e8a-a0bb-a6e18873c402,2,3031,Pro Flex Racing Ski Boots,2,649.99,1299.98,0.0,113.75
508d059b-28ca-41dd-81e6-e2fdd1b86d28,1,3042,Aluminum All-Mountain Poles - 115cm,2,99.99,199.98,0.0,17.5
508d059b-28ca-41dd-81e6-e2fdd1b86d28,2,3013,Beginner's Choice Alpine Skis - 160cm,2,449.99,899.98,0.0,78.75
55729d7a-dbb4-4df9-8442-2645cee297e5,1,3053,Waterproof Ski Pants,2,249.99,499.98,0.0,43.75
55729d7a-dbb4-4df9-8442-2645cee297e5,2,3013,Beginner's Choice Alpine Skis - 160cm,1,449.99,449.99,0.0,39.37
55729d7a-dbb4-4df9-8442-2645cee297e5,3,3013,Beginner's Choice Alpine Skis - 160cm,1,449.99,449.99,0.0,39.37
e31d2bd2-2282-4bab-a00e-a3d28779977f,1,3102,Winter Hiking Boots - Waterproof,1,249.99,249.99,0.0,21.87
e31d2bd2-2282-4bab-a00e-a3d28779977f,2,3082,Edge Tuning Tool Set,2,119.99,239.98,0.0,21.0
1a099ef0-8455-4884-85b3-960a1b34171c,1,3011,Alpine Pro Racing Skis - 170cm,2,1299.99,2599.98,0.0,227.5
1a099ef0-8455-4884-85b3-960a1b34171c,2,3092,All-Mountain Snowboard - 158cm,2,799.99,1599.98,0.0,140.0
95eaf041-bf83-4fe8-ade8-a1f21eadc764,1,3103,Snowboard Bindings - Pro,1,299.99,299.99,0.0,26.25
95eaf041-bf83-4fe8-ade8-a1f21eadc764,2,3081,All-Temp Ski Wax Kit,2,79.99,159.98,0.0,14.0
72984c57-5d17-4f18-a676-794d31ec200b,1,3104,Ski Tuning Bench - Portable,1,189.99,189.99,0.0,16.62
72984c57-5d17-4f18-a676-794d31ec200b,2,3082,Edge Tuning Tool Set,2,119.99,239.98,0.0,21.0
72984c57-5d17-4f18-a676-794d31ec200b,3,3103,Snowboard Bindings - Pro,2,299.99,599.98,0.0,52.5
e220b5a5-82e0-49a9-bb37-672c5a608d5e,1,3032,Comfort Fit Recreational Boots,2,399.99,799.98,0.0,70.0
93b45e36-731a-4794-83f9-19f7cdbb6009,1,3051,Insulated Ski Jacket - Men's,1,299.99,299.99,0.0,26.25
93b45e36-731a-4794-83f9-19f7cdbb6009,2,3103,Snowboard Bindings - Pro,1,299.99,299.99,0.0,26.25
93b45e36-731a-4794-83f9-19f7cdbb6009,3,3012,Mountain Master All-Terrain Skis - 165cm,2,899.99,1799.98,0.0,157.5
93b45e36-731a-4794-83f9-19f7cdbb6009,4,3091,Freestyle Snowboard - 155cm,1,649.99,649.99,0.0,56.87
2a229371-f88e-4c86-9085-f5a36a62fc9e,1,3021,Nordic Classic XC Skis - 185cm,2,349.99,699.98,0.0,61.25
2a229371-f88e-4c86-9085-f5a36a62fc9e,2,3081,All-Temp Ski Wax Kit,1,79.99,79.99,0.0,7.0
2a229371-f88e-4c86-9085-f5a36a62fc9e,3,3021,Nordic Classic XC Skis - 185cm,1,349.99,349.99,0.0,30.62
2a229371-f88e-4c86-9085-f5a36a62fc9e,4,3103,Snowboard Bindings - Pro,1,299.99,299.99,0.0,26.25
c482278c-723b-4c8b-a023-9e84ca00d58e,1,3102,Winter Hiking Boots - Waterproof,2,249.99,499.98,0.0,43.75
c482278c-723b-4c8b-a023-9e84ca00d58e,2,3033,Women's Performance Ski Boots,1,579.99,579.99,0.0,50.75
c482278c-723b-4c8b-a023-9e84ca00d58e,3,3021,Nordic Classic XC Skis - 185cm,1,349.99,349.99,0.0,30.62
5891c625-b9f5-4067-9cc4-852e6503fd01,1,3042,Aluminum All-Mountain Poles - 115cm,2,99.99,199.98,0.0,17.5
5891c625-b9f5-4067-9cc4-852e6503fd01,2,3011,Alpine Pro Racing Skis - 170cm,1,1299.99,1299.99,0.0,113.75
cb217c0b-8f62-49c9-ad18-4c665511ee9e,1,3052,Thermal Base Layer Set - Women's,1,149.99,149.99,0.0,13.12
cb217c0b-8f62-49c9-ad18-4c665511ee9e,2,3052,Thermal Base Layer Set - Women's,1,149.99,149.99,0.0,13.12
cb217c0b-8f62-49c9-ad18-4c665511ee9e,3,3013,Beginner's Choice Alpine Skis - 160cm,1,449.99,449.99,0.0,39.37
c0237161-6389-47d2-9d89-20d7db14c880,1,3082,Edge Tuning Tool Set,1,119.99,119.99,0.0,10.5
c0237161-6389-47d2-9d89-20d7db14c880,2,3052,Thermal Base Layer Set - Women's,1,149.99,149.99,0.0,13.12
c0237161-6389-47d2-9d89-20d7db14c880,3,3082,Edge Tuning Tool Set,1,119.99,119.99,0.0,10.5
c0237161-6389-47d2-9d89-20d7db14c880,4,3102,Winter Hiking Boots - Waterproof,2,249.99,499.98,0.0,43.75
5594de90-10f0-4938-a38a-a960edadca7d,1,3031,Pro Flex Racing Ski Boots,2,649.99,1299.98,0.0,113.75
5594de90-10f0-4938-a38a-a960edadca7d,2,3013,Beginner's Choice Alpine Skis - 160cm,1,449.99,449.99,0.0,39.37
5594de90-10f0-4938-a38a-a960edadca7d,3,3062,Anti-Fog Ski Goggles,1,129.99,129.99,0.0,11.37
5594de90-10f0-4938-a38a-a960edadca7d,4,3053,Waterproof Ski Pants,1,249.99,249.99,0.0,21.87
79680ac5-f3df-41b3-8c64-1a14bd6c928c,1,3082,Edge Tuning Tool Set,1,119.99,119.99,0.0,10.5
79680ac5-f3df-41b3-8c64-1a14bd6c928c,2,3103,Snowboard Bindings - Pro,2,299.99,599.98,0.0,52.5
79680ac5-f3df-41b3-8c64-1a14bd6c928c,3,3103,Snowboard Bindings - Pro,2,299.99,599.98,0.0,52.5
79680ac5-f3df-41b3-8c64-1a14bd6c928c,4,3104,Ski Tuning Bench - Portable,1,189.99,189.99,0.0,16.62
998b2b0a-24cb-45c1-b1f6-3771376d9029,1,3082,Edge Tuning Tool Set,1,119.99,119.99,0.0,10.5
998b2b0a-24cb-45c1-b1f6-3771376d9029,2,3091,Freestyle Snowboard - 155cm,1,649.99,649.99,0.0,56.87
998b2b0a-24cb-45c1-b1f6-3771376d9029,3,3021,Nordic Classic XC Skis - 185cm,1,349.99,349.99,0.0,30.62
998b2b0a-24cb-45c1-b1f6-3771376d9029,4,3052,Thermal Base Layer Set - Women's,2,149.99,299.98,0.0,26.25
7ee51b04-541a-4ada-986d-58b833a5a765,1,3104,Ski Tuning Bench - Portable,1,189.99,189.99,0.0,16.62
7ee51b04-541a-4ada-986d-58b833a5a765,2,3031,Pro Flex Racing Ski Boots,1,649.99,649.99,0.0,56.87
7ee51b04-541a-4ada-986d-58b833a5a765,3,3051,Insulated Ski Jacket - Men's,1,299.99,299.99,0.0,26.25
e132fcc5-47b4-4e8a-8c8f-02790918ecff,1,3051,Insulated Ski Jacket - Men's,2,299.99,599.98,0.0,52.5
939a8e27-85d0-4682-a70b-d7a2d8ae4fc6,1,3092,All-Mountain Snowboard - 158cm,2,799.99,1599.98,0.0,140.0
939a8e27-85d0-4682-a70b-d7a2d8ae4fc6,2,3104,Ski Tuning Bench - Portable,2,189.99,379.98,0.0,33.25
939a8e27-85d0-4682-a70b-d7a2d8ae4fc6,3,3062,Anti-Fog Ski Goggles,2,129.99,259.98,0.0,22.75
939a8e27-85d0-4682-a70b-d7a2d8ae4fc6,4,3081,All-Temp Ski Wax Kit,1,79.99,79.99,0.0,7.0
6be6d7cb-e66a-4f14-b2c0-049cd35cd0b8,1,3021,Nordic Classic XC Skis - 185cm,1,349.99,349.99,0.0,30.62
6be6d7cb-e66a-4f14-b2c0-049cd35cd0b8,2,3052,Thermal Base Layer Set - Women's,1,149.99,149.99,0.0,13.12
ee44790c-2ad2-4ef0-b6d3-ff3b043e5ae6,1,3033,Women's Performance Ski Boots,1,579.99,579.99,0.0,50.75
8794e30c-2acf-4ca1-9f8f-27eacd80e93a,1,3061,Professional Ski Helmet,1,199.99,199.99,0.0,17.5
8794e30c-2acf-4ca1-9f8f-27eacd80e93a,2,3052,Thermal Base Layer Set - Women's,2,149.99,299.98,0.0,26.25
8794e30c-2acf-4ca1-9f8f-27eacd80e93a,3,3022,Backcountry Explorer XC Skis - 190cm,1,549.99,549.99,0.0,48.12
72965e89-d9c4-4a93-bddb-6404471de65f,1,3103,Snowboard Bindings - Pro,2,299.99,599.98,0.0,52.5
72965e89-d9c4-4a93-bddb-6404471de65f,2,3104,Ski Tuning Bench - Portable,2,189.99,379.98,0.0,33.25
2a1c8f5d-3e17-4432-a012-7572dacaa331,1,3081,All-Temp Ski Wax Kit,1,79.99,79.99,0.0,7.0
2a1c8f5d-3e17-4432-a012-7572dacaa331,2,3101,Winter Boots - Insulated,1,159.99,159.99,0.0,14.0
2a1c8f5d-3e17-4432-a012-7572dacaa331,3,3033,Women's Performance Ski Boots,1,579.99,579.99,0.0,50.75
2a1c8f5d-3e17-4432-a012-7572dacaa331,4,3091,Freestyle Snowboard - 155cm,1,649.99,649.99,0.0,56.87
3ec43d7b-1db9-4c82-9770-13a40c235a14,1,3021,Nordic Classic XC Skis - 185cm,1,349.99,349.99,0.0,30.62
3ec43d7b-1db9-4c82-9770-13a40c235a14,2,3033,Women's Performance Ski Boots,2,579.99,1159.98,0.0,101.5
3ec43d7b-1db9-4c82-9770-13a40c235a14,3,3081,All-Temp Ski Wax Kit,1,79.99,79.99,0.0,7.0
fdb5504d-d428-4ecd-8fb9-158d0226011a,1,3031,Pro Flex Racing Ski Boots,1,649.99,649.99,0.0,56.87
11d73e20-03e0-47d1-8a6d-096f11942e51,1,3103,Snowboard Bindings - Pro,2,299.99,599.98,0.0,52.5
11d73e20-03e0-47d1-8a6d-096f11942e51,2,3104,Ski Tuning Bench - Portable,1,189.99,189.99,0.0,16.62
11d73e20-03e0-47d1-8a6d-096f11942e51,3,3081,All-Temp Ski Wax Kit,2,79.99,159.98,0.0,14.0
11d73e20-03e0-47d1-8a6d-096f11942e51,4,3031,Pro Flex Racing Ski Boots,2,649.99,1299.98,0.0,113.75
607b2e81-b723-4610-b22e-d19795246e97,1,3052,Thermal Base Layer Set - Women's,1,149.99,149.99,0.0,13.12
607b2e81-b723-4610-b22e-d19795246e97,2,3052,Thermal Base Layer Set - Women's,1,149.99,149.99,0.0,13.12
607b2e81-b723-4610-b22e-d19795246e97,3,3011,Alpine Pro Racing Skis - 170cm,2,1299.99,2599.98,0.0,227.5
97c8ddcf-2c3f-4e86-a94a-fd81ccc9878f,1,3013,Beginner's Choice Alpine Skis - 160cm,2,449.99,899.98,0.0,78.75
97c8ddcf-2c3f-4e86-a94a-fd81ccc9878f,2,3091,Freestyle Snowboard - 155cm,1,649.99,649.99,0.0,56.87
97c8ddcf-2c3f-4e86-a94a-fd81ccc9878f,3,3091,Freestyle Snowboard - 155cm,2,649.99,1299.98,0.0,113.75
97c8ddcf-2c3f-4e86-a94a-fd81ccc9878f,4,3082,Edge Tuning Tool Set,1,119.99,119.99,0.0,10.5
91860de3-a3f0-48ce-8062-b8e896b1b0ee,1,3081,All-Temp Ski Wax Kit,1,79.99,79.99,0.0,7.0
91860de3-a3f0-48ce-8062-b8e896b1b0ee,2,3081,All-Temp Ski Wax Kit,1,79.99,79.99,0.0,7.0
91860de3-a3f0-48ce-8062-b8e896b1b0ee,3,3082,Edge Tuning Tool Set,2,119.99,239.98,0.0,21.0
91860de3-a3f0-48ce-8062-b8e896b1b0ee,4,3104,Ski Tuning Bench - Portable,1,189.99,189.99,0.0,16.62
c219229f-81bf-4421-9d17-bf72a77a9f73,1,3091,Freestyle Snowboard - 155cm,2,649.99,1299.98,0.0,113.75
c219229f-81bf-4421-9d17-bf72a77a9f73,2,3062,Anti-Fog Ski Goggles,1,129.99,129.99,0.0,11.37
c219229f-81bf-4421-9d17-bf72a77a9f73,3,3012,Mountain Master All-Terrain Skis - 165cm,1,899.99,899.99,0.0,78.75
83384d5f-c27a-47a8-af00-b953f0b1eed3,1,3032,Comfort Fit Recreational Boots,1,399.99,399.99,0.0,35.0
62b16eba-7aec-48e9-aae2-6aaa3d984d60,1,3053,Waterproof Ski Pants,2,249.99,499.98,0.0,43.75
62b16eba-7aec-48e9-aae2-6aaa3d984d60,2,3081,All-Temp Ski Wax Kit,2,79.99,159.98,0.0,14.0
6d86d37c-9aaf-4752-a619-8ae862215276,1,3081,All-Temp Ski Wax Kit,2,79.99,159.98,0.0,14.0
6d86d37c-9aaf-4752-a619-8ae862215276,2,3082,Edge Tuning Tool Set,1,119.99,119.99,0.0,10.5
6d86d37c-9aaf-4752-a619-8ae862215276,3,3052,Thermal Base Layer Set - Women's,2,149.99,299.98,0.0,26.25
6d86d37c-9aaf-4752-a619-8ae862215276,4,3104,Ski Tuning Bench - Portable,2,189.99,379.98,0.0,33.25
c3015f60-b56d-42d3-ba40-1bfbeec7de59,1,3082,Edge Tuning Tool Set,1,119.99,119.99,0.0,10.5
c3015f60-b56d-42d3-ba40-1bfbeec7de59,2,3081,All-Temp Ski Wax Kit,2,79.99,159.98,0.0,14.0
83fe7db5-8b7c-49af-bc5f-b2aeec38c136,1,3081,All-Temp Ski Wax Kit,2,79.99,159.98,0.0,14.0
7dc893c5-e25c-4a8e-8c6a-9fbb6cd0898f,1,3092,All-Mountain Snowboard - 158cm,2,799.99,1599.98,0.0,140.0
7dc893c5-e25c-4a8e-8c6a-9fbb6cd0898f,2,3082,Edge Tuning Tool Set,2,119.99,239.98,0.0,21.0
7dc893c5-e25c-4a8e-8c6a-9fbb6cd0898f,3,3021,Nordic Classic XC Skis - 185cm,1,349.99,349.99,0.0,30.62
ba8f138d-77fd-469e-8342-99aa9609b9e5,1,3051,Insulated Ski Jacket - Men's,1,299.99,299.99,0.0,26.25
bb0f1c52-b2ec-4af7-a732-fa289a163a3d,1,3012,Mountain Master All-Terrain Skis - 165cm,1,899.99,899.99,0.0,78.75
bb0f1c52-b2ec-4af7-a732-fa289a163a3d,2,3062,Anti-Fog Ski Goggles,2,129.99,259.98,0.0,22.75
6e77c1f0-001d-4f1d-8e76-810c340663ce,1,3032,Comfort Fit Recreational Boots,2,399.99,799.98,0.0,70.0
6e77c1f0-001d-4f1d-8e76-810c340663ce,2,3011,Alpine Pro Racing Skis - 170cm,2,1299.99,2599.98,0.0,227.5
6e77c1f0-001d-4f1d-8e76-810c340663ce,3,3031,Pro Flex Racing Ski Boots,1,649.99,649.99,0.0,56.87
c6652d78-c64e-4bd3-9ab0-f74321fab654,1,3031,Pro Flex Racing Ski Boots,2,649.99,1299.98,0.0,113.75
c6652d78-c64e-4bd3-9ab0-f74321fab654,2,3053,Waterproof Ski Pants,1,249.99,249.99,0.0,21.87
c6652d78-c64e-4bd3-9ab0-f74321fab654,3,3013,Beginner's Choice Alpine Skis - 160cm,2,449.99,899.98,0.0,78.75
d834eeb8-f01c-44b9-b417-dd84d93b3471,1,3052,Thermal Base Layer Set - Women's,1,149.99,149.99,0.0,13.12
d834eeb8-f01c-44b9-b417-dd84d93b3471,2,3081,All-Temp Ski Wax Kit,1,79.99,79.99,0.0,7.0
d834eeb8-f01c-44b9-b417-dd84d93b3471,3,3104,Ski Tuning Bench - Portable,2,189.99,379.98,0.0,33.25
d834eeb8-f01c-44b9-b417-dd84d93b3471,4,3013,Beginner's Choice Alpine Skis - 160cm,2,449.99,899.98,0.0,78.75
26623fc6-0adf-4e8b-81d3-7447652a3515,1,3013,Beginner's Choice Alpine Skis - 160cm,1,449.99,449.99,0.0,39.37
d5a54542-83f3-4573-b828-e956caad0150,1,3031,Pro Flex Racing Ski Boots,1,649.99,649.99,0.0,56.87
d5a54542-83f3-4573-b828-e956caad0150,2,3033,Women's Performance Ski Boots,1,579.99,579.99,0.0,50.75
42c49454-1541-4ca7-8021-c19c6a79506b,1,3052,Thermal Base Layer Set - Women's,2,149.99,299.98,0.0,26.25
42c49454-1541-4ca7-8021-c19c6a79506b,2,3041,Carbon Fiber Racing Poles - 120cm,1,179.99,179.99,0.0,15.75
b5c785a9-062d-45dd-b9b0-83ab5d170512,1,3042,Aluminum All-Mountain Poles - 115cm,2,99.99,199.98,0.0,17.5
6bc6eb52-58ce-4681-a32b-f0dc20dade22,1,3032,Comfort Fit Recreational Boots,2,399.99,799.98,0.0,70.0
6bc6eb52-58ce-4681-a32b-f0dc20dade22,2,3011,Alpine Pro Racing Skis - 170cm,1,1299.99,1299.99,0.0,113.75
030461b5-e22b-41a1-80f2-b7a9de7bc19c,1,3072,Hand Warmers - 10 Pack,2,14.99,29.98,0.0,2.62
030461b5-e22b-41a1-80f2-b7a9de7bc19c,2,3033,Women's Performance Ski Boots,2,579.99,1159.98,0.0,101.5
030461b5-e22b-41a1-80f2-b7a9de7bc19c,3,3091,Freestyle Snowboard - 155cm,1,649.99,649.99,0.0,56.87
2bce877c-7395-460a-a075-2f7d1f42ec25,1,3053,Waterproof Ski Pants,1,249.99,249.99,0.0,21.87
70566095-da95-42ae-ac25-bd6c203abb9e,1,3082,Edge Tuning Tool Set,2,119.99,239.98,0.0,21.0
70566095-da95-42ae-ac25-bd6c203abb9e,2,3103,Snowboard Bindings - Pro,1,299.99,299.99,0.0,26.25
70566095-da95-42ae-ac25-bd6c203abb9e,3,3104,Ski Tuning Bench - Portable,2,189.99,379.98,0.0,33.25
70566095-da95-42ae-ac25-bd6c203abb9e,4,3082,Edge Tuning Tool Set,1,119.99,119.99,0.0,10.5
f8be0769-b359-4220-82b6-08867632e352,1,3103,Snowboard Bindings - Pro,1,299.99,299.99,0.0,26.25
f8be0769-b359-4220-82b6-08867632e352,2,3032,Comfort Fit Recreational Boots,1,399.99,399.99,0.0,35.0
f8be0769-b359-4220-82b6-08867632e352,3,3031,Pro Flex Racing Ski Boots,1,649.99,649.99,0.0,56.87
cbd5e7ff-95e8-4b09-9841-2cfe3f1d933f,1,3013,Beginner's Choice Alpine Skis - 160cm,1,449.99,449.99,0.0,39.37
cbd5e7ff-95e8-4b09-9841-2cfe3f1d933f,2,3012,Mountain Master All-Terrain Skis - 165cm,1,899.99,899.99,0.0,78.75
cbd5e7ff-95e8-4b09-9841-2cfe3f1d933f,3,3104,Ski Tuning Bench - Portable,2,189.99,379.98,0.0,33.25
7d74d8be-f213-4d35-a78e-6b89b41c8529,1,3013,Beginner's Choice Alpine Skis - 160cm,2,449.99,899.98,0.0,78.75
7d74d8be-f213-4d35-a78e-6b89b41c8529,2,3081,All-Temp Ski Wax Kit,2,79.99,159.98,0.0,14.0
7d74d8be-f213-4d35-a78e-6b89b41c8529,3,3031,Pro Flex Racing Ski Boots,1,649.99,649.99,0.0,56.87
7d74d8be-f213-4d35-a78e-6b89b41c8529,4,3103,Snowboard Bindings - Pro,1,299.99,299.99,0.0,26.25
7c0c5641-9247-4915-9a88-23e61e35d819,1,3071,Ski Boot Bag - Premium,2,59.99,119.98,0.0,10.5
7c0c5641-9247-4915-9a88-23e61e35d819,2,3012,Mountain Master All-Terrain Skis - 165cm,2,899.99,1799.98,0.0,157.5
7c0c5641-9247-4915-9a88-23e61e35d819,3,3013,Beginner's Choice Alpine Skis - 160cm,2,449.99,899.98,0.0,78.75
7c0c5641-9247-4915-9a88-23e61e35d819,4,3091,Freestyle Snowboard - 155cm,2,649.99,1299.98,0.0,113.75
3e502d95-0b7a-4781-b5e1-d4c35cef8924,1,3062,Anti-Fog Ski Goggles,2,129.99,259.98,0.0,22.75
3e502d95-0b7a-4781-b5e1-d4c35cef8924,2,3081,All-Temp Ski Wax Kit,1,79.99,79.99,0.0,7.0
34186f9a-f42d-4d6d-a967-9d36ef1819be,1,3082,Edge Tuning Tool Set,2,119.99,239.98,0.0,21.0
34186f9a-f42d-4d6d-a967-9d36ef1819be,2,3102,Winter Hiking Boots - Waterproof,2,249.99,499.98,0.0,43.75
34186f9a-f42d-4d6d-a967-9d36ef1819be,3,3104,Ski Tuning Bench - Portable,1,189.99,189.99,0.0,16.62
34186f9a-f42d-4d6d-a967-9d36ef1819be,4,3051,Insulated Ski Jacket - Men's,1,299.99,299.99,0.0,26.25
395b4061-df24-48c5-b3f2-eb99799d0167,1,3101,Winter Boots - Insulated,2,159.99,319.98,0.0,28.0
395b4061-df24-48c5-b3f2-eb99799d0167,2,3013,Beginner's Choice Alpine Skis - 160cm,2,449.99,899.98,0.0,78.75
395b4061-df24-48c5-b3f2-eb99799d0167,3,3051,Insulated Ski Jacket - Men's,2,299.99,599.98,0.0,52.5
03d38b1d-7aa2-4f15-8143-694b3e743e4b,1,3033,Women's Performance Ski Boots,1,579.99,579.99,0.0,50.75
03d38b1d-7aa2-4f15-8143-694b3e743e4b,2,3022,Backcountry Explorer XC Skis - 190cm,2,549.99,1099.98,0.0,96.25
03d38b1d-7aa2-4f15-8143-694b3e743e4b,3,3013,Beginner's Choice Alpine Skis - 160cm,1,449.99,449.99,0.0,39.37
8757fb67-52f5-43bf-a9e4-bd2e0f060a7a,1,3052,Thermal Base Layer Set - Women's,2,149.99,299.98,0.0,26.25
72fb7bfe-46e3-4ed8-8423-1ccc6cf6db0e,1,3033,Women's Performance Ski Boots,1,579.99,579.99,0.0,50.75
72fb7bfe-46e3-4ed8-8423-1ccc6cf6db0e,2,3021,Nordic Classic XC Skis - 185cm,1,349.99,349.99,0.0,30.62
ef3a110a-b92f-4a3e-b25e-66958a8288f6,1,3101,Winter Boots - Insulated,1,159.99,159.99,0.0,14.0
ef3a110a-b92f-4a3e-b25e-66958a8288f6,2,3051,Insulated Ski Jacket - Men's,1,299.99,299.99,0.0,26.25
74d1a6d6-82ad-4914-a541-cf3f5b7ae5e6,1,3031,Pro Flex Racing Ski Boots,2,649.99,1299.98,0.0,113.75
74d1a6d6-82ad-4914-a541-cf3f5b7ae5e6,2,3052,Thermal Base Layer Set - Women's,1,149.99,149.99,0.0,13.12
d11de69b-888a-46a6-b965-8d172d190dc0,1,3104,Ski Tuning Bench - Portable,1,189.99,189.99,0.0,16.62
d11de69b-888a-46a6-b965-8d172d190dc0,2,3081,All-Temp Ski Wax Kit,1,79.99,79.99,0.0,7.0
d8d95789-b6c0-4adf-a105-399159782c51,1,3053,Waterproof Ski Pants,1,249.99,249.99,0.0,21.87
d8d95789-b6c0-4adf-a105-399159782c51,2,3021,Nordic Classic XC Skis - 185cm,1,349.99,349.99,0.0,30.62
d8d95789-b6c0-4adf-a105-399159782c51,3,3052,Thermal Base Layer Set - Women's,1,149.99,149.99,0.0,13.12
91300e70-0ba6-480f-9e74-0bcd2ef6fb24,1,3091,Freestyle Snowboard - 155cm,2,649.99,1299.98,0.0,113.75
3fd9da45-7289-4337-9b69-ee78aec29fb2,1,3082,Edge Tuning Tool Set,1,119.99,119.99,0.0,10.5
3fd9da45-7289-4337-9b69-ee78aec29fb2,2,3104,Ski Tuning Bench - Portable,2,189.99,379.98,0.0,33.25
3fd9da45-7289-4337-9b69-ee78aec29fb2,3,3104,Ski Tuning Bench - Portable,2,189.99,379.98,0.0,33.25
3fd9da45-7289-4337-9b69-ee78aec29fb2,4,3061,Professional Ski Helmet,1,199.99,199.99,0.0,17.5
8fa624db-2158-4a41-b0fb-65e54e730d7e,1,3041,Carbon Fiber Racing Poles - 120cm,1,179.99,179.99,0.0,15.75
8fa624db-2158-4a41-b0fb-65e54e730d7e,2,3081,All-Temp Ski Wax Kit,1,79.99,79.99,0.0,7.0
8fa624db-2158-4a41-b0fb-65e54e730d7e,3,3103,Snowboard Bindings - Pro,2,299.99,599.98,0.0,52.5
8fa624db-2158-4a41-b0fb-65e54e730d7e,4,3092,All-Mountain Snowboard - 158cm,2,799.99,1599.98,0.0,140.0
0a3f0d54-cf6f-4476-9540-e2c6fded6493,1,3072,Hand Warmers - 10 Pack,1,14.99,14.99,0.0,1.31
330c0884-eece-4289-8ed1-405a525b82e8,1,3072,Hand Warmers - 10 Pack,2,14.99,29.98,0.0,2.62
330c0884-eece-4289-8ed1-405a525b82e8,2,3101,Winter Boots - Insulated,2,159.99,319.98,0.0,28.0
7b73d9a7-93a3-4c80-ba6d-b80c61b96d59,1,3091,Freestyle Snowboard - 155cm,1,649.99,649.99,0.0,56.87
7b73d9a7-93a3-4c80-ba6d-b80c61b96d59,2,3052,Thermal Base Layer Set - Women's,2,149.99,299.98,0.0,26.25
7b73d9a7-93a3-4c80-ba6d-b80c61b96d59,3,3012,Mountain Master All-Terrain Skis - 165cm,2,899.99,1799.98,0.0,157.5
c1335e26-6267-467a-90ac-759c10c97405,1,3052,Thermal Base Layer Set - Women's,1,149.99,149.99,0.0,13.12
c1335e26-6267-467a-90ac-759c10c97405,2,3081,All-Temp Ski Wax Kit,2,79.99,159.98,0.0,14.0
4036345e-82cd-4b72-b0c3-19643e8e50b2,1,3071,Ski Boot Bag - Premium,2,59.99,119.98,0.0,10.5
4036345e-82cd-4b72-b0c3-19643e8e50b2,2,3052,Thermal Base Layer Set - Women's,2,149.99,299.98,0.0,26.25
f572c4b6-5267-407b-9868-08a5200902c1,1,3071,Ski Boot Bag - Premium,2,59.99,119.98,0.0,10.5
f572c4b6-5267-407b-9868-08a5200902c1,2,3061,Professional Ski Helmet,2,199.99,399.98,0.0,35.0
f572c4b6-5267-407b-9868-08a5200902c1,3,3011,Alpine Pro Racing Skis - 170cm,2,1299.99,2599.98,0.0,227.5
f572c4b6-5267-407b-9868-08a5200902c1,4,3021,Nordic Classic XC Skis - 185cm,1,349.99,349.99,0.0,30.62
8c0c7a04-6394-480f-88a4-1c0727123a72,1,3031,Pro Flex Racing Ski Boots,2,649.99,1299.98,0.0,113.75
8c0c7a04-6394-480f-88a4-1c0727123a72,2,3032,Comfort Fit Recreational Boots,1,399.99,399.99,0.0,35.0
2b9ea9b3-cbc4-4ba0-9f98-623b3941dda2,1,3104,Ski Tuning Bench - Portable,2,189.99,379.98,0.0,33.25
2b9ea9b3-cbc4-4ba0-9f98-623b3941dda2,2,3082,Edge Tuning Tool Set,1,119.99,119.99,0.0,10.5
2b9ea9b3-cbc4-4ba0-9f98-623b3941dda2,3,3081,All-Temp Ski Wax Kit,1,79.99,79.99,0.0,7.0
2b9ea9b3-cbc4-4ba0-9f98-623b3941dda2,4,3072,Hand Warmers - 10 Pack,1,14.99,14.99,0.0,1.31
2f5a1f40-b6b2-42e8-9287-16e4c1dbd457,1,3061,Professional Ski Helmet,2,199.99,399.98,0.0,35.0
8ebf69eb-3d8e-42cc-bb46-b6bddfff9105,1,3061,Professional Ski Helmet,1,199.99,199.99,0.0,17.5
8ebf69eb-3d8e-42cc-bb46-b6bddfff9105,2,3042,Aluminum All-Mountain Poles - 115cm,2,99.99,199.98,0.0,17.5
8ebf69eb-3d8e-42cc-bb46-b6bddfff9105,3,3081,All-Temp Ski Wax Kit,2,79.99,159.98,0.0,14.0
8bea155f-3857-487c-9db6-acead5757d59,1,3071,Ski Boot Bag - Premium,2,59.99,119.98,0.0,10.5
8bea155f-3857-487c-9db6-acead5757d59,2,3031,Pro Flex Racing Ski Boots,1,649.99,649.99,0.0,56.87
8bea155f-3857-487c-9db6-acead5757d59,3,3032,Comfort Fit Recreational Boots,2,399.99,799.98,0.0,70.0
8bea155f-3857-487c-9db6-acead5757d59,4,3032,Comfort Fit Recreational Boots,2,399.99,799.98,0.0,70.0
04ed2223-5b56-4089-8056-8975b4147f92,1,3021,Nordic Classic XC Skis - 185cm,2,349.99,699.98,0.0,61.25
04ed2223-5b56-4089-8056-8975b4147f92,2,3042,Aluminum All-Mountain Poles - 115cm,1,99.99,99.99,0.0,8.75
04ed2223-5b56-4089-8056-8975b4147f92,3,3052,Thermal Base Layer Set - Women's,2,149.99,299.98,0.0,26.25
d2908ed2-e2a0-4684-a964-9aadb219b9cf,1,3033,Women's Performance Ski Boots,1,579.99,579.99,0.0,50.75
6f923684-f0b2-4e62-a35e-dbaad9118637,1,3042,Aluminum All-Mountain Poles - 115cm,1,99.99,99.99,0.0,8.75
c75d893d-acdf-4929-ab9d-6bb074f9dd9f,1,3041,Carbon Fiber Racing Poles - 120cm,2,179.99,359.98,0.0,31.5
c75d893d-acdf-4929-ab9d-6bb074f9dd9f,2,3022,Backcountry Explorer XC Skis - 190cm,1,549.99,549.99,0.0,48.12
c75d893d-acdf-4929-ab9d-6bb074f9dd9f,3,3021,Nordic Classic XC Skis - 185cm,2,349.99,699.98,0.0,61.25
c75d893d-acdf-4929-ab9d-6bb074f9dd9f,4,3042,Aluminum All-Mountain Poles - 115cm,1,99.99,99.99,0.0,8.75
94319d15-f3fd-4f8b-87da-4afd8e9dd378,1,3033,Women's Performance Ski Boots,2,579.99,1159.98,0.0,101.5
f2ec4b31-88c5-4e09-aa6b-de806eb06f51,1,3091,Freestyle Snowboard - 155cm,1,649.99,649.99,0.0,56.87
f2ec4b31-88c5-4e09-aa6b-de806eb06f51,2,3091,Freestyle Snowboard - 155cm,2,649.99,1299.98,0.0,113.75
7a51227e-7f1c-4d93-b6aa-5bbdf53437b5,1,3012,Mountain Master All-Terrain Skis - 165cm,2,899.99,1799.98,0.0,157.5
7a51227e-7f1c-4d93-b6aa-5bbdf53437b5,2,3022,Backcountry Explorer XC Skis - 190cm,1,549.99,549.99,0.0,48.12
7a51227e-7f1c-4d93-b6aa-5bbdf53437b5,3,3053,Waterproof Ski Pants,1,249.99,249.99,0.0,21.87
7a51227e-7f1c-4d93-b6aa-5bbdf53437b5,4,3072,Hand Warmers - 10 Pack,2,14.99,29.98,0.0,2.62
f4e3a694-7a57-4395-8fa8-94e264e98ba9,1,3091,Freestyle Snowboard - 155cm,2,649.99,1299.98,0.0,113.75
f4e3a694-7a57-4395-8fa8-94e264e98ba9,2,3061,Professional Ski Helmet,2,199.99,399.98,0.0,35.0
f4e3a694-7a57-4395-8fa8-94e264e98ba9,3,3062,Anti-Fog Ski Goggles,2,129.99,259.98,0.0,22.75
f4e3a694-7a57-4395-8fa8-94e264e98ba9,4,3061,Professional Ski Helmet,1,199.99,199.99,0.0,17.5
9145e0ef-8a41-40a7-823e-c6252e770491,1,3032,Comfort Fit Recreational Boots,2,399.99,799.98,0.0,70.0
9145e0ef-8a41-40a7-823e-c6252e770491,2,3071,Ski Boot Bag - Premium,1,59.99,59.99,0.0,5.25
9145e0ef-8a41-40a7-823e-c6252e770491,3,3042,Aluminum All-Mountain Poles - 115cm,2,99.99,199.98,0.0,17.5
9145e0ef-8a41-40a7-823e-c6252e770491,4,3061,Professional Ski Helmet,1,199.99,199.99,0.0,17.5
1fde2c9a-d93c-410a-a1f6-6f643aacf997,1,3103,Snowboard Bindings - Pro,2,299.99,599.98,0.0,52.5
1fde2c9a-d93c-410a-a1f6-6f643aacf997,2,3104,Ski Tuning Bench - Portable,2,189.99,379.98,0.0,33.25
1fde2c9a-d93c-410a-a1f6-6f643aacf997,3,3081,All-Temp Ski Wax Kit,1,79.99,79.99,0.0,7.0
1fde2c9a-d93c-410a-a1f6-6f643aacf997,4,3012,Mountain Master All-Terrain Skis - 165cm,1,899.99,899.99,0.0,78.75
f9dc4b88-12c1-42fd-827a-69e7f17dd6fc,1,3091,Freestyle Snowboard - 155cm,2,649.99,1299.98,0.0,113.75
f9dc4b88-12c1-42fd-827a-69e7f17dd6fc,2,3072,Hand Warmers - 10 Pack,1,14.99,14.99,0.0,1.31
f9dc4b88-12c1-42fd-827a-69e7f17dd6fc,3,3091,Freestyle Snowboard - 155cm,2,649.99,1299.98,0.0,113.75
f258586a-f3f1-4e9f-84d7-d15e14481047,1,3033,Women's Performance Ski Boots,2,579.99,1159.98,0.0,101.5
f258586a-f3f1-4e9f-84d7-d15e14481047,2,3081,All-Temp Ski Wax Kit,2,79.99,159.98,0.0,14.0
f258586a-f3f1-4e9f-84d7-d15e14481047,3,3082,Edge Tuning Tool Set,1,119.99,119.99,0.0,10.5
84b99170-f2f2-40f2-9016-d2e0f6d4e004,1,3062,Anti-Fog Ski Goggles,1,129.99,129.99,0.0,11.37
84b99170-f2f2-40f2-9016-d2e0f6d4e004,2,3051,Insulated Ski Jacket - Men's,2,299.99,599.98,0.0,52.5
84b99170-f2f2-40f2-9016-d2e0f6d4e004,3,3042,Aluminum All-Mountain Poles - 115cm,1,99.99,99.99,0.0,8.75
84b99170-f2f2-40f2-9016-d2e0f6d4e004,4,3011,Alpine Pro Racing Skis - 170cm,1,1299.99,1299.99,0.0,113.75
1d2b1138-c675-4aef-a5dc-a2ef7ca815fc,1,3081,All-Temp Ski Wax Kit,1,79.99,79.99,0.0,7.0
1d2b1138-c675-4aef-a5dc-a2ef7ca815fc,2,3081,All-Temp Ski Wax Kit,1,79.99,79.99,0.0,7.0
252ab4eb-e5d2-4d69-88b0-acc4b06929f9,1,3013,Beginner's Choice Alpine Skis - 160cm,2,449.99,899.98,0.0,78.75
252ab4eb-e5d2-4d69-88b0-acc4b06929f9,2,3033,Women's Performance Ski Boots,2,579.99,1159.98,0.0,101.5
252ab4eb-e5d2-4d69-88b0-acc4b06929f9,3,3061,Professional Ski Helmet,1,199.99,199.99,0.0,17.5
252ab4eb-e5d2-4d69-88b0-acc4b06929f9,4,3062,Anti-Fog Ski Goggles,2,129.99,259.98,0.0,22.75
12fd8864-d5ae-471e-87b7-495f7b18b6d5,1,3011,Alpine Pro Racing Skis - 170cm,2,1299.99,2599.98,0.0,227.5
12fd8864-d5ae-471e-87b7-495f7b18b6d5,2,3081,All-Temp Ski Wax Kit,2,79.99,159.98,0.0,14.0
12fd8864-d5ae-471e-87b7-495f7b18b6d5,3,3091,Freestyle Snowboard - 155cm,1,649.99,649.99,0.0,56.87
12fd8864-d5ae-471e-87b7-495f7b18b6d5,4,3091,Freestyle Snowboard - 155cm,2,649.99,1299.98,0.0,113.75
d14eceb3-fc69-47e6-898f-4fe68d297205,1,3103,Snowboard Bindings - Pro,2,299.99,599.98,0.0,52.5
7ecf0f58-46a8-4e12-84a8-c0cf4e031371,1,3052,Thermal Base Layer Set - Women's,1,149.99,149.99,0.0,13.12
7ecf0f58-46a8-4e12-84a8-c0cf4e031371,2,3052,Thermal Base Layer Set - Women's,2,149.99,299.98,0.0,26.25
3dfe9728-1c25-411e-aee6-71030e414071,1,3081,All-Temp Ski Wax Kit,2,79.99,159.98,0.0,14.0
2c40e745-42d4-418f-a070-fe15845c838c,1,3091,Freestyle Snowboard - 155cm,1,649.99,649.99,0.0,56.87
2c40e745-42d4-418f-a070-fe15845c838c,2,3103,Snowboard Bindings - Pro,1,299.99,299.99,0.0,26.25
775c9715-e671-4741-b341-e371a94588a1,1,3104,Ski Tuning Bench - Portable,1,189.99,189.99,0.0,16.62
775c9715-e671-4741-b341-e371a94588a1,2,3081,All-Temp Ski Wax Kit,1,79.99,79.99,0.0,7.0
775c9715-e671-4741-b341-e371a94588a1,3,3051,Insulated Ski Jacket - Men's,2,299.99,599.98,0.0,52.5
e6961de1-4d44-42b7-8822-5d5635d14cb5,1,3042,Aluminum All-Mountain Poles - 115cm,2,99.99,199.98,0.0,17.5
08bbfd3d-9dd7-4705-bddd-0282b76114c0,1,3032,Comfort Fit Recreational Boots,2,399.99,799.98,0.0,70.0
6c6971e4-f84c-4b25-8a77-549c2e0e2e76,1,3091,Freestyle Snowboard - 155cm,1,649.99,649.99,0.0,56.87
6c6971e4-f84c-4b25-8a77-549c2e0e2e76,2,3081,All-Temp Ski Wax Kit,1,79.99,79.99,0.0,7.0
6c6971e4-f84c-4b25-8a77-549c2e0e2e76,3,3081,All-Temp Ski Wax Kit,2,79.99,159.98,0.0,14.0
6c6971e4-f84c-4b25-8a77-549c2e0e2e76,4,3091,Freestyle Snowboard - 155cm,1,649.99,649.99,0.0,56.87
be3c6645-8997-4bee-92af-c4f8b205f22e,1,3032,Comfort Fit Recreational Boots,2,399.99,799.98,0.0,70.0
be3c6645-8997-4bee-92af-c4f8b205f22e,2,3101,Winter Boots - Insulated,2,159.99,319.98,0.0,28.0
be3c6645-8997-4bee-92af-c4f8b205f22e,3,3103,Snowboard Bindings - Pro,2,299.99,599.98,0.0,52.5
be3c6645-8997-4bee-92af-c4f8b205f22e,4,3013,Beginner's Choice Alpine Skis - 160cm,2,449.99,899.98,0.0,78.75
f9f78196-9f93-4536-8cb9-634c069318f7,1,3072,Hand Warmers - 10 Pack,2,14.99,29.98,0.0,2.62
f9f78196-9f93-4536-8cb9-634c069318f7,2,3011,Alpine Pro Racing Skis - 170cm,2,1299.99,2599.98,0.0,227.5
f9f78196-9f93-4536-8cb9-634c069318f7,3,3031,Pro Flex Racing Ski Boots,2,649.99,1299.98,0.0,113.75
6e66434e-3062-4f87-ac38-0a71bc864a7b,1,3081,All-Temp Ski Wax Kit,1,79.99,79.99,0.0,7.0
6e66434e-3062-4f87-ac38-0a71bc864a7b,2,3052,Thermal Base Layer Set - Women's,2,149.99,299.98,0.0,26.25
6e66434e-3062-4f87-ac38-0a71bc864a7b,3,3082,Edge Tuning Tool Set,2,119.99,239.98,0.0,21.0
6e66434e-3062-4f87-ac38-0a71bc864a7b,4,3103,Snowboard Bindings - Pro,2,299.99,599.98,0.0,52.5
b45b97ee-2314-489d-b0b7-e4bcba6bb31a,1,3052,Thermal Base Layer Set - Women's,2,149.99,299.98,0.0,26.25
b45b97ee-2314-489d-b0b7-e4bcba6bb31a,2,3103,Snowboard Bindings - Pro,2,299.99,599.98,0.0,52.5
b45b97ee-2314-489d-b0b7-e4bcba6bb31a,3,3104,Ski Tuning Bench - Portable,1,189.99,189.99,0.0,16.62
033076ca-c3ed-47df-8f26-4af2b05af8f7,1,3052,Thermal Base Layer Set - Women's,2,149.99,299.98,0.0,26.25
f451754b-834d-492f-8e46-5a93445598f3,1,3103,Snowboard Bindings - Pro,1,299.99,299.99,0.0,26.25
08e4089e-17a8-412d-8b13-6ce6ac39717e,1,3102,Winter Hiking Boots - Waterproof,1,249.99,249.99,0.0,21.87
08e4089e-17a8-412d-8b13-6ce6ac39717e,2,3081,All-Temp Ski Wax Kit,2,79.99,159.98,0.0,14.0
4fc465d9-4b47-43ff-8f07-1bdd7e5efd5d,1,3052,Thermal Base Layer Set - Women's,2,149.99,299.98,0.0,26.25
4fc465d9-4b47-43ff-8f07-1bdd7e5efd5d,2,3012,Mountain Master All-Terrain Skis - 165cm,1,899.99,899.99,0.0,78.75
799a1541-a7fe-439a-a126-7836d7c4f3c8,1,3102,Winter Hiking Boots - Waterproof,2,249.99,499.98,0.0,43.75
799a1541-a7fe-439a-a126-7836d7c4f3c8,2,3032,Comfort Fit Recreational Boots,1,399.99,399.99,0.0,35.0
799a1541-a7fe-439a-a126-7836d7c4f3c8,3,3031,Pro Flex Racing Ski Boots,2,649.99,1299.98,0.0,113.75
799a1541-a7fe-439a-a126-7836d7c4f3c8,4,3032,Comfort Fit Recreational Boots,1,399.99,399.99,0.0,35.0
24338531-e6e1-4001-828a-4f1c512817fc,1,3033,Women's Performance Ski Boots,1,579.99,579.99,0.0,50.75
24338531-e6e1-4001-828a-4f1c512817fc,2,3104,Ski Tuning Bench - Portable,2,189.99,379.98,0.0,33.25
24338531-e6e1-4001-828a-4f1c512817fc,3,3082,Edge Tuning Tool Set,2,119.99,239.98,0.0,21.0
24338531-e6e1-4001-828a-4f1c512817fc,4,3104,Ski Tuning Bench - Portable,2,189.99,379.98,0.0,33.25
4c6038ab-fc3c-42cb-ae12-f5310e98f684,1,3031,Pro Flex Racing Ski Boots,2,649.99,1299.98,0.0,113.75
f085b659-1eda-4677-bdbd-38ef8fe12dcc,1,3031,Pro Flex Racing Ski Boots,2,649.99,1299.98,0.0,113.75
f085b659-1eda-4677-bdbd-38ef8fe12dcc,2,3101,Winter Boots - Insulated,1,159.99,159.99,0.0,14.0
f085b659-1eda-4677-bdbd-38ef8fe12dcc,3,3072,Hand Warmers - 10 Pack,2,14.99,29.98,0.0,2.62
12511680-b2ea-4ff6-8d67-3c5ac6766db2,1,3042,Aluminum All-Mountain Poles - 115cm,2,99.99,199.98,0.0,17.5
7862135d-164b-4478-b62d-27ffeb64655c,1,3092,All-Mountain Snowboard - 158cm,2,799.99,1599.98,0.0,140.0
7862135d-164b-4478-b62d-27ffeb64655c,2,3033,Women's Performance Ski Boots,1,579.99,579.99,0.0,50.75
13398124-0fcc-44b7-b3c5-6c928920be75,1,3032,Comfort Fit Recreational Boots,2,399.99,799.98,0.0,70.0
13398124-0fcc-44b7-b3c5-6c928920be75,2,3051,Insulated Ski Jacket - Men's,1,299.99,299.99,0.0,26.25
13398124-0fcc-44b7-b3c5-6c928920be75,3,3033,Women's Performance Ski Boots,1,579.99,579.99,0.0,50.75
f41199ca-93da-4f8c-b238-fc460ba691c0,1,3011,Alpine Pro Racing Skis - 170cm,2,1299.99,2599.98,0.0,227.5
f41199ca-93da-4f8c-b238-fc460ba691c0,2,3012,Mountain Master All-Terrain Skis - 165cm,2,899.99,1799.98,0.0,157.5
f41199ca-93da-4f8c-b238-fc460ba691c0,3,3062,Anti-Fog Ski Goggles,1,129.99,129.99,0.0,11.37
f41199ca-93da-4f8c-b238-fc460ba691c0,4,3052,Thermal Base Layer Set - Women's,1,149.99,149.99,0.0,13.12
1b0fc5c3-938c-4905-816a-4af90d12317b,1,3104,Ski Tuning Bench - Portable,1,189.99,189.99,0.0,16.62
4a6de48e-4417-4767-9e77-ca689a734edd,1,3092,All-Mountain Snowboard - 158cm,2,799.99,1599.98,0.0,140.0
ca697dcb-c467-4737-a9e7-92f129be24c7,1,3104,Ski Tuning Bench - Portable,1,189.99,189.99,0.0,16.62
ca697dcb-c467-4737-a9e7-92f129be24c7,2,3051,Insulated Ski Jacket - Men's,1,299.99,299.99,0.0,26.25
ca697dcb-c467-4737-a9e7-92f129be24c7,3,3104,Ski Tuning Bench - Portable,1,189.99,189.99,0.0,16.62
b4639ef6-464a-4d59-af71-a21071b5cb39,1,3072,Hand Warmers - 10 Pack,1,14.99,14.99,0.0,1.31
b4639ef6-464a-4d59-af71-a21071b5cb39,2,3061,Professional Ski Helmet,1,199.99,199.99,0.0,17.5
b4639ef6-464a-4d59-af71-a21071b5cb39,3,3091,Freestyle Snowboard - 155cm,2,649.99,1299.98,0.0,113.75
b4639ef6-464a-4d59-af71-a21071b5cb39,4,3082,Edge Tuning Tool Set,1,119.99,119.99,0.0,10.5
668a6fe1-b5ad-4b92-885d-d699b72364bf,1,3012,Mountain Master All-Terrain Skis - 165cm,1,899.99,899.99,0.0,78.75
668a6fe1-b5ad-4b92-885d-d699b72364bf,2,3051,Insulated Ski Jacket - Men's,1,299.99,299.99,0.0,26.25
165ccbad-7d66-4da7-b0e3-60ca2dd2fa22,1,3022,Backcountry Explorer XC Skis - 190cm,1,549.99,549.99,0.0,48.12
165ccbad-7d66-4da7-b0e3-60ca2dd2fa22,2,3062,Anti-Fog Ski Goggles,2,129.99,259.98,0.0,22.75
165ccbad-7d66-4da7-b0e3-60ca2dd2fa22,3,3051,Insulated Ski Jacket - Men's,1,299.99,299.99,0.0,26.25
3ff5b762-cf48-4fe0-9081-000e3e6aac72,1,3011,Alpine Pro Racing Skis - 170cm,1,1299.99,1299.99,0.0,113.75
3ff5b762-cf48-4fe0-9081-000e3e6aac72,2,3031,Pro Flex Racing Ski Boots,2,649.99,1299.98,0.0,113.75
d8cab4d0-0f50-4118-b8c6-b992c75b613e,1,3011,Alpine Pro Racing Skis - 170cm,1,1299.99,1299.99,0.0,113.75
d8cab4d0-0f50-4118-b8c6-b992c75b613e,2,3011,Alpine Pro Racing Skis - 170cm,2,1299.99,2599.98,0.0,227.5
d057c6b5-751f-4929-98a4-0504e18a2e9c,1,3052,Thermal Base Layer Set - Women's,2,149.99,299.98,0.0,26.25
d057c6b5-751f-4929-98a4-0504e18a2e9c,2,3053,Waterproof Ski Pants,1,249.99,249.99,0.0,21.87
d57e68ea-5152-4928-9f04-5b060ec96ec9,1,3041,Carbon Fiber Racing Poles - 120cm,1,179.99,179.99,0.0,15.75
d57e68ea-5152-4928-9f04-5b060ec96ec9,2,3013,Beginner's Choice Alpine Skis - 160cm,2,449.99,899.98,0.0,78.75
d57e68ea-5152-4928-9f04-5b060ec96ec9,3,3103,Snowboard Bindings - Pro,2,299.99,599.98,0.0,52.5
d57e68ea-5152-4928-9f04-5b060ec96ec9,4,3053,Waterproof Ski Pants,1,249.99,249.99,0.0,21.87
d54eebb2-18a2-4dca-afb2-2fae20196e52,1,3022,Backcountry Explorer XC Skis - 190cm,1,549.99,549.99,0.0,48.12
d54eebb2-18a2-4dca-afb2-2fae20196e52,2,3013,Beginner's Choice Alpine Skis - 160cm,2,449.99,899.98,0.0,78.75
d54eebb2-18a2-4dca-afb2-2fae20196e52,3,3053,Waterproof Ski Pants,1,249.99,249.99,0.0,21.87
d54eebb2-18a2-4dca-afb2-2fae20196e52,4,3082,Edge Tuning Tool Set,1,119.99,119.99,0.0,10.5
3ffebc71-41c6-4710-8d1c-39ea86dd453b,1,3102,Winter Hiking Boots - Waterproof,1,249.99,249.99,0.0,21.87
3ffebc71-41c6-4710-8d1c-39ea86dd453b,2,3022,Backcountry Explorer XC Skis - 190cm,2,549.99,1099.98,0.0,96.25
bc46f15f-fe4e-486b-b0a6-cdd9c801b7ea,1,3081,All-Temp Ski Wax Kit,1,79.99,79.99,0.0,7.0
bc46f15f-fe4e-486b-b0a6-cdd9c801b7ea,2,3082,Edge Tuning Tool Set,1,119.99,119.99,0.0,10.5
bc46f15f-fe4e-486b-b0a6-cdd9c801b7ea,3,3031,Pro Flex Racing Ski Boots,1,649.99,649.99,0.0,56.87
57ad6fd1-dcaa-4798-8f00-cf15cf90c6cb,1,3072,Hand Warmers - 10 Pack,1,14.99,14.99,0.0,1.31
60e69e9e-7adb-43e8-ac23-4b8925fd85f0,1,3081,All-Temp Ski Wax Kit,1,79.99,79.99,0.0,7.0
60e69e9e-7adb-43e8-ac23-4b8925fd85f0,2,3032,Comfort Fit Recreational Boots,2,399.99,799.98,0.0,70.0
60e69e9e-7adb-43e8-ac23-4b8925fd85f0,3,3104,Ski Tuning Bench - Portable,2,189.99,379.98,0.0,33.25
1a00dfa3-b5f0-4aa0-a1f4-28f634aee969,1,3082,Edge Tuning Tool Set,1,119.99,119.99,0.0,10.5
1a00dfa3-b5f0-4aa0-a1f4-28f634aee969,2,3033,Women's Performance Ski Boots,2,579.99,1159.98,0.0,101.5
52dae1db-4cde-4937-ade0-0466a50ae91c,1,3081,All-Temp Ski Wax Kit,2,79.99,159.98,0.0,14.0
52dae1db-4cde-4937-ade0-0466a50ae91c,2,3031,Pro Flex Racing Ski Boots,2,649.99,1299.98,0.0,113.75
52dae1db-4cde-4937-ade0-0466a50ae91c,3,3081,All-Temp Ski Wax Kit,2,79.99,159.98,0.0,14.0
52dae1db-4cde-4937-ade0-0466a50ae91c,4,3041,Carbon Fiber Racing Poles - 120cm,2,179.99,359.98,0.0,31.5
f7bb0f72-4117-402e-904d-6aa8bcd6cebc,1,3032,Comfort Fit Recreational Boots,2,399.99,799.98,0.0,70.0
f7bb0f72-4117-402e-904d-6aa8bcd6cebc,2,3051,Insulated Ski Jacket - Men's,1,299.99,299.99,0.0,26.25
f3515435-3a67-4ba5-89ff-073d2d5b0365,1,3033,Women's Performance Ski Boots,1,579.99,579.99,0.0,50.75
f3515435-3a67-4ba5-89ff-073d2d5b0365,2,3013,Beginner's Choice Alpine Skis - 160cm,1,449.99,449.99,0.0,39.37
f3515435-3a67-4ba5-89ff-073d2d5b0365,3,3033,Women's Performance Ski Boots,2,579.99,1159.98,0.0,101.5
9e2a33c3-0165-4f9a-953a-4a0b5e22c0b1,1,3022,Backcountry Explorer XC Skis - 190cm,2,549.99,1099.98,0.0,96.25
9e2a33c3-0165-4f9a-953a-4a0b5e22c0b1,2,3051,Insulated Ski Jacket - Men's,1,299.99,299.99,0.0,26.25
63d51b7f-65bd-4836-b2aa-62c5515efbb5,1,3053,Waterproof Ski Pants,1,249.99,249.99,0.0,21.87
63d51b7f-65bd-4836-b2aa-62c5515efbb5,2,3081,All-Temp Ski Wax Kit,2,79.99,159.98,0.0,14.0
63d51b7f-65bd-4836-b2aa-62c5515efbb5,3,3081,All-Temp Ski Wax Kit,2,79.99,159.98,0.0,14.0
63d51b7f-65bd-4836-b2aa-62c5515efbb5,4,3032,Comfort Fit Recreational Boots,1,399.99,399.99,0.0,35.0
00ca93ff-ddfa-431a-b309-282a8eb74943,1,3031,Pro Flex Racing Ski Boots,2,649.99,1299.98,0.0,113.75
00ca93ff-ddfa-431a-b309-282a8eb74943,2,3104,Ski Tuning Bench - Portable,2,189.99,379.98,0.0,33.25
18e21804-0bdc-451a-a741-55c99dec8e10,1,3051,Insulated Ski Jacket - Men's,2,299.99,599.98,0.0,52.5
18e21804-0bdc-451a-a741-55c99dec8e10,2,3082,Edge Tuning Tool Set,2,119.99,239.98,0.0,21.0
18e21804-0bdc-451a-a741-55c99dec8e10,3,3101,Winter Boots - Insulated,2,159.99,319.98,0.0,28.0
18e21804-0bdc-451a-a741-55c99dec8e10,4,3031,Pro Flex Racing Ski Boots,1,649.99,649.99,0.0,56.87
e5e9cc31-48f3-4ae3-8511-35fd960c3721,1,3033,Women's Performance Ski Boots,1,579.99,579.99,0.0,50.75
e5e9cc31-48f3-4ae3-8511-35fd960c3721,2,3053,Waterproof Ski Pants,2,249.99,499.98,0.0,43.75
e5e9cc31-48f3-4ae3-8511-35fd960c3721,3,3052,Thermal Base Layer Set - Women's,1,149.99,149.99,0.0,13.12
ee5547c8-6a1c-47a2-96b6-b36f428a62a9,1,3032,Comfort Fit Recreational Boots,2,399.99,799.98,0.0,70.0
ee5547c8-6a1c-47a2-96b6-b36f428a62a9,2,3042,Aluminum All-Mountain Poles - 115cm,2,99.99,199.98,0.0,17.5
ee5547c8-6a1c-47a2-96b6-b36f428a62a9,3,3012,Mountain Master All-Terrain Skis - 165cm,2,899.99,1799.98,0.0,157.5
8d0ef045-43c1-460f-a0af-fd60f9f2f175,1,3104,Ski Tuning Bench - Portable,1,189.99,189.99,0.0,16.62
c1f3e48a-d384-4ffe-87f1-f389668b404b,1,3011,Alpine Pro Racing Skis - 170cm,1,1299.99,1299.99,0.0,113.75
c1f3e48a-d384-4ffe-87f1-f389668b404b,2,3021,Nordic Classic XC Skis - 185cm,1,349.99,349.99,0.0,30.62
c1f3e48a-d384-4ffe-87f1-f389668b404b,3,3101,Winter Boots - Insulated,2,159.99,319.98,0.0,28.0
c1f3e48a-d384-4ffe-87f1-f389668b404b,4,3012,Mountain Master All-Terrain Skis - 165cm,1,899.99,899.99,0.0,78.75
756d16f2-1dfb-4526-ae6c-92094f954fae,1,3022,Backcountry Explorer XC Skis - 190cm,1,549.99,549.99,0.0,48.12
756d16f2-1dfb-4526-ae6c-92094f954fae,2,3013,Beginner's Choice Alpine Skis - 160cm,1,449.99,449.99,0.0,39.37
756d16f2-1dfb-4526-ae6c-92094f954fae,3,3051,Insulated Ski Jacket - Men's,2,299.99,599.98,0.0,52.5
756d16f2-1dfb-4526-ae6c-92094f954fae,4,3072,Hand Warmers - 10 Pack,1,14.99,14.99,0.0,1.31
535fabaf-3878-441c-b139-fea6dcdd3be0,1,3051,Insulated Ski Jacket - Men's,1,299.99,299.99,0.0,26.25
535fabaf-3878-441c-b139-fea6dcdd3be0,2,3033,Women's Performance Ski Boots,2,579.99,1159.98,0.0,101.5
535fabaf-3878-441c-b139-fea6dcdd3be0,3,3104,Ski Tuning Bench - Portable,1,189.99,189.99,0.0,16.62
535fabaf-3878-441c-b139-fea6dcdd3be0,4,3053,Waterproof Ski Pants,1,249.99,249.99,0.0,21.87
3097773b-521c-4e76-8a2d-5335e7e8fb0f,1,3091,Freestyle Snowboard - 155cm,2,649.99,1299.98,0.0,113.75
fac87bd0-9e66-4e5a-a515-0be31f4ff7dd,1,3071,Ski Boot Bag - Premium,1,59.99,59.99,0.0,5.25
fac87bd0-9e66-4e5a-a515-0be31f4ff7dd,2,3041,Carbon Fiber Racing Poles - 120cm,2,179.99,359.98,0.0,31.5
691510be-d8b6-4f27-a759-bbf284e9f82a,1,3082,Edge Tuning Tool Set,1,119.99,119.99,0.0,10.5
8a389daa-2477-458c-a9ee-e1dc6dfdd52a,1,3104,Ski Tuning Bench - Portable,2,189.99,379.98,0.0,33.25
9d11799e-824a-4ead-bbaa-bcd572b9a297,1,3011,Alpine Pro Racing Skis - 170cm,1,1299.99,1299.99,0.0,113.75
9d11799e-824a-4ead-bbaa-bcd572b9a297,2,3033,Women's Performance Ski Boots,2,579.99,1159.98,0.0,101.5
df4a84e9-3d51-48d2-8086-9e6f2dd00fe9,1,3033,Women's Performance Ski Boots,1,579.99,579.99,0.0,50.75
df4a84e9-3d51-48d2-8086-9e6f2dd00fe9,2,3052,Thermal Base Layer Set - Women's,2,149.99,299.98,0.0,26.25
152dea6f-8d5d-45fb-bcaa-01930a85c80b,1,3104,Ski Tuning Bench - Portable,1,189.99,189.99,0.0,16.62
152dea6f-8d5d-45fb-bcaa-01930a85c80b,2,3091,Freestyle Snowboard - 155cm,2,649.99,1299.98,0.0,113.75
152dea6f-8d5d-45fb-bcaa-01930a85c80b,3,3013,Beginner's Choice Alpine Skis - 160cm,1,449.99,449.99,0.0,39.37
40fa841d-0cba-4f97-bc60-f633d39c5a04,1,3033,Women's Performance Ski Boots,1,579.99,579.99,0.0,50.75
40fa841d-0cba-4f97-bc60-f633d39c5a04,2,3082,Edge Tuning Tool Set,1,119.99,119.99,0.0,10.5
bd6d88c0-88d0-47db-aa91-acbe1283dd33,1,3013,Beginner's Choice Alpine Skis - 160cm,2,449.99,899.98,0.0,78.75
bd6d88c0-88d0-47db-aa91-acbe1283dd33,2,3071,Ski Boot Bag - Premium,1,59.99,59.99,0.0,5.25
d0b0a440-73b0-4f6f-b59a-9e88af68ffe8,1,3081,All-Temp Ski Wax Kit,1,79.99,79.99,0.0,7.0
d0b0a440-73b0-4f6f-b59a-9e88af68ffe8,2,3103,Snowboard Bindings - Pro,2,299.99,599.98,0.0,52.5
d0b0a440-73b0-4f6f-b59a-9e88af68ffe8,3,3032,Comfort Fit Recreational Boots,2,399.99,799.98,0.0,70.0
d0b0a440-73b0-4f6f-b59a-9e88af68ffe8,4,3102,Winter Hiking Boots - Waterproof,2,249.99,499.98,0.0,43.75
9b2786c6-cd13-4c59-b950-37c7b980bab7,1,3082,Edge Tuning Tool Set,1,119.99,119.99,0.0,10.5
8a81a8f6-ec52-452d-90c7-f8787151105a,1,3022,Backcountry Explorer XC Skis - 190cm,1,549.99,549.99,0.0,48.12
8a81a8f6-ec52-452d-90c7-f8787151105a,2,3104,Ski Tuning Bench - Portable,1,189.99,189.99,0.0,16.62
833d4a15-7697-49b8-a56e-e854ce76ba08,1,3013,Beginner's Choice Alpine Skis - 160cm,1,449.99,449.99,0.0,39.37
a735d3d7-1ee2-4e29-9577-6380cadceeea,1,3082,Edge Tuning Tool Set,2,119.99,239.98,0.0,21.0
a735d3d7-1ee2-4e29-9577-6380cadceeea,2,3022,Backcountry Explorer XC Skis - 190cm,2,549.99,1099.98,0.0,96.25
77b16461-c28a-4f78-ba2e-93733b1f9b06,1,3051,Insulated Ski Jacket - Men's,1,299.99,299.99,0.0,26.25
77b16461-c28a-4f78-ba2e-93733b1f9b06,2,3042,Aluminum All-Mountain Poles - 115cm,2,99.99,199.98,0.0,17.5
77b16461-c28a-4f78-ba2e-93733b1f9b06,3,3031,Pro Flex Racing Ski Boots,1,649.99,649.99,0.0,56.87
92692e2d-aef2-41a2-a56b-dadb0e37ee5f,1,3022,Backcountry Explorer XC Skis - 190cm,2,549.99,1099.98,0.0,96.25
92692e2d-aef2-41a2-a56b-dadb0e37ee5f,2,3091,Freestyle Snowboard - 155cm,2,649.99,1299.98,0.0,113.75
8d00fe89-0420-4ece-b3a5-21f3cfa8d3f5,1,3012,Mountain Master All-Terrain Skis - 165cm,2,899.99,1799.98,0.0,157.5
6e4b73b5-7220-42cd-9c63-32e5215ab74d,1,3021,Nordic Classic XC Skis - 185cm,2,349.99,699.98,0.0,61.25
6e4b73b5-7220-42cd-9c63-32e5215ab74d,2,3103,Snowboard Bindings - Pro,1,299.99,299.99,0.0,26.25
71d1a61f-f2b0-4319-b338-f4e2da14e230,1,3022,Backcountry Explorer XC Skis - 190cm,2,549.99,1099.98,0.0,96.25
71d1a61f-f2b0-4319-b338-f4e2da14e230,2,3041,Carbon Fiber Racing Poles - 120cm,2,179.99,359.98,0.0,31.5
71d1a61f-f2b0-4319-b338-f4e2da14e230,3,3013,Beginner's Choice Alpine Skis - 160cm,1,449.99,449.99,0.0,39.37
76894d71-909b-4485-9937-84d9ba1f3611,1,3104,Ski Tuning Bench - Portable,1,189.99,189.99,0.0,16.62
59bb7b3a-f910-46bf-a3ab-fd2633bd0cd3,1,3013,Beginner's Choice Alpine Skis - 160cm,1,449.99,449.99,0.0,39.37
59bb7b3a-f910-46bf-a3ab-fd2633bd0cd3,2,3022,Backcountry Explorer XC Skis - 190cm,1,549.99,549.99,0.0,48.12
b94beb53-a7b3-44cc-8c46-609eb08a25c2,1,3053,Waterproof Ski Pants,1,249.99,249.99,0.0,21.87
b94beb53-a7b3-44cc-8c46-609eb08a25c2,2,3032,Comfort Fit Recreational Boots,2,399.99,799.98,0.0,70.0
b94beb53-a7b3-44cc-8c46-609eb08a25c2,3,3062,Anti-Fog Ski Goggles,2,129.99,259.98,0.0,22.75
5d5e287f-b941-4678-be59-3ca9f11d1216,1,3104,Ski Tuning Bench - Portable,2,189.99,379.98,0.0,33.25
5d5e287f-b941-4678-be59-3ca9f11d1216,2,3041,Carbon Fiber Racing Poles - 120cm,2,179.99,359.98,0.0,31.5
7615150d-8bde-4bc6-806a-ace9ab48add4,1,3011,Alpine Pro Racing Skis - 170cm,1,1299.99,1299.99,0.0,113.75
7615150d-8bde-4bc6-806a-ace9ab48add4,2,3032,Comfort Fit Recreational Boots,1,399.99,399.99,0.0,35.0
7615150d-8bde-4bc6-806a-ace9ab48add4,3,3031,Pro Flex Racing Ski Boots,1,649.99,649.99,0.0,56.87
7615150d-8bde-4bc6-806a-ace9ab48add4,4,3011,Alpine Pro Racing Skis - 170cm,2,1299.99,2599.98,0.0,227.5
1d553bfd-ce0a-4ab9-a557-d43da8b2501d,1,3021,Nordic Classic XC Skis - 185cm,1,349.99,349.99,0.0,30.62
1d553bfd-ce0a-4ab9-a557-d43da8b2501d,2,3032,Comfort Fit Recreational Boots,2,399.99,799.98,0.0,70.0
1d553bfd-ce0a-4ab9-a557-d43da8b2501d,3,3032,Comfort Fit Recreational Boots,1,399.99,399.99,0.0,35.0
0bd57aa1-ca17-4f2d-a9ca-c67c456c6d44,1,3104,Ski Tuning Bench - Portable,1,189.99,189.99,0.0,16.62
0bd57aa1-ca17-4f2d-a9ca-c67c456c6d44,2,3104,Ski Tuning Bench - Portable,2,189.99,379.98,0.0,33.25
48983bbe-9a77-4dbf-94d2-9f5f844d6e94,1,3104,Ski Tuning Bench - Portable,2,189.99,379.98,0.0,33.25
48983bbe-9a77-4dbf-94d2-9f5f844d6e94,2,3092,All-Mountain Snowboard - 158cm,1,799.99,799.99,0.0,70.0
48983bbe-9a77-4dbf-94d2-9f5f844d6e94,3,3104,Ski Tuning Bench - Portable,1,189.99,189.99,0.0,16.62
94c26e3c-7507-4857-88e3-794c22b3ce1c,1,3051,Insulated Ski Jacket - Men's,1,299.99,299.99,0.0,26.25
94c26e3c-7507-4857-88e3-794c22b3ce1c,2,3101,Winter Boots - Insulated,1,159.99,159.99,0.0,14.0
94c26e3c-7507-4857-88e3-794c22b3ce1c,3,3092,All-Mountain Snowboard - 158cm,2,799.99,1599.98,0.0,140.0
f6cb4cda-48c1-4356-b216-478b6ca938e5,1,3012,Mountain Master All-Terrain Skis - 165cm,2,899.99,1799.98,0.0,157.5
f6cb4cda-48c1-4356-b216-478b6ca938e5,2,3042,Aluminum All-Mountain Poles - 115cm,1,99.99,99.99,0.0,8.75
f6cb4cda-48c1-4356-b216-478b6ca938e5,3,3012,Mountain Master All-Terrain Skis - 165cm,1,899.99,899.99,0.0,78.75
c6fc89dc-f4ab-42ef-baa8-ae8f55e53006,1,3011,Alpine Pro Racing Skis - 170cm,1,1299.99,1299.99,0.0,113.75
c6fc89dc-f4ab-42ef-baa8-ae8f55e53006,2,3032,Comfort Fit Recreational Boots,1,399.99,399.99,0.0,35.0
c6fc89dc-f4ab-42ef-baa8-ae8f55e53006,3,3071,Ski Boot Bag - Premium,2,59.99,119.98,0.0,10.5
7998a50d-3aef-41ff-b1c2-d80ef6c1c9d7,1,3081,All-Temp Ski Wax Kit,1,79.99,79.99,0.0,7.0
7998a50d-3aef-41ff-b1c2-d80ef6c1c9d7,2,3091,Freestyle Snowboard - 155cm,2,649.99,1299.98,0.0,113.75
c7ed80aa-fe70-47dd-a50d-d8ec806dc7f5,1,3032,Comfort Fit Recreational Boots,2,399.99,799.98,0.0,70.0
7877c68d-acad-49cf-b679-163d80e4c41c,1,3022,Backcountry Explorer XC Skis - 190cm,2,549.99,1099.98,0.0,96.25
7877c68d-acad-49cf-b679-163d80e4c41c,2,3021,Nordic Classic XC Skis - 185cm,2,349.99,699.98,0.0,61.25
7877c68d-acad-49cf-b679-163d80e4c41c,3,3061,Professional Ski Helmet,2,199.99,399.98,0.0,35.0
bf25b52e-d92e-44b4-acd4-fa8ecf074542,1,3071,Ski Boot Bag - Premium,1,59.99,59.99,0.0,5.25
bf25b52e-d92e-44b4-acd4-fa8ecf074542,2,3033,Women's Performance Ski Boots,1,579.99,579.99,0.0,50.75
bf25b52e-d92e-44b4-acd4-fa8ecf074542,3,3012,Mountain Master All-Terrain Skis - 165cm,2,899.99,1799.98,0.0,157.5
870d3bce-b85f-406f-873f-0d6211500caf,1,3051,Insulated Ski Jacket - Men's,2,299.99,599.98,0.0,52.5
870d3bce-b85f-406f-873f-0d6211500caf,2,3011,Alpine Pro Racing Skis - 170cm,1,1299.99,1299.99,0.0,113.75
870d3bce-b85f-406f-873f-0d6211500caf,3,3013,Beginner's Choice Alpine Skis - 160cm,1,449.99,449.99,0.0,39.37
870d3bce-b85f-406f-873f-0d6211500caf,4,3061,Professional Ski Helmet,1,199.99,199.99,0.0,17.5
00753074-5c0e-49b8-816e-465bb87b2079,1,3013,Beginner's Choice Alpine Skis - 160cm,2,449.99,899.98,0.0,78.75
5a54c15b-95de-4682-a568-1526d52383a4,1,3082,Edge Tuning Tool Set,1,119.99,119.99,0.0,10.5
5a54c15b-95de-4682-a568-1526d52383a4,2,3082,Edge Tuning Tool Set,1,119.99,119.99,0.0,10.5
5a54c15b-95de-4682-a568-1526d52383a4,3,3104,Ski Tuning Bench - Portable,1,189.99,189.99,0.0,16.62
5a54c15b-95de-4682-a568-1526d52383a4,4,3081,All-Temp Ski Wax Kit,1,79.99,79.99,0.0,7.0
68355cf8-862b-4525-b1e4-bfaa85351ab3,1,3101,Winter Boots - Insulated,2,159.99,319.98,0.0,28.0
68355cf8-862b-4525-b1e4-bfaa85351ab3,2,3042,Aluminum All-Mountain Poles - 115cm,1,99.99,99.99,0.0,8.75
68355cf8-862b-4525-b1e4-bfaa85351ab3,3,3081,All-Temp Ski Wax Kit,2,79.99,159.98,0.0,14.0
68355cf8-862b-4525-b1e4-bfaa85351ab3,4,3081,All-Temp Ski Wax Kit,2,79.99,159.98,0.0,14.0
dec97efe-5cac-4353-a93e-dbebc6a78fe6,1,3061,Professional Ski Helmet,1,199.99,199.99,0.0,17.5
94eaa2b3-47f7-4a5d-bc98-ec0e22003c18,1,3102,Winter Hiking Boots - Waterproof,2,249.99,499.98,0.0,43.75
94eaa2b3-47f7-4a5d-bc98-ec0e22003c18,2,3103,Snowboard Bindings - Pro,1,299.99,299.99,0.0,26.25
94eaa2b3-47f7-4a5d-bc98-ec0e22003c18,3,3081,All-Temp Ski Wax Kit,1,79.99,79.99,0.0,7.0
94eaa2b3-47f7-4a5d-bc98-ec0e22003c18,4,3061,Professional Ski Helmet,1,199.99,199.99,0.0,17.5
ec014b94-b326-4a5f-a72f-4a21a68f777e,1,3051,Insulated Ski Jacket - Men's,2,299.99,599.98,0.0,52.5
ec014b94-b326-4a5f-a72f-4a21a68f777e,2,3104,Ski Tuning Bench - Portable,2,189.99,379.98,0.0,33.25
a855f695-b004-4442-8ccb-be900aba9c6f,1,3032,Comfort Fit Recreational Boots,1,399.99,399.99,0.0,35.0
a855f695-b004-4442-8ccb-be900aba9c6f,2,3082,Edge Tuning Tool Set,2,119.99,239.98,0.0,21.0
74dee1b7-7a44-4edf-ae5f-f417c1a497a3,1,3102,Winter Hiking Boots - Waterproof,1,249.99,249.99,0.0,21.87
74dee1b7-7a44-4edf-ae5f-f417c1a497a3,2,3081,All-Temp Ski Wax Kit,1,79.99,79.99,0.0,7.0
74dee1b7-7a44-4edf-ae5f-f417c1a497a3,3,3072,Hand Warmers - 10 Pack,2,14.99,29.98,0.0,2.62
74dee1b7-7a44-4edf-ae5f-f417c1a497a3,4,3012,Mountain Master All-Terrain Skis - 165cm,2,899.99,1799.98,0.0,157.5
845416a4-ac65-46ec-99a6-612ceb0ab33f,1,3103,Snowboard Bindings - Pro,2,299.99,599.98,0.0,52.5
845416a4-ac65-46ec-99a6-612ceb0ab33f,2,3053,Waterproof Ski Pants,2,249.99,499.98,0.0,43.75
845416a4-ac65-46ec-99a6-612ceb0ab33f,3,3052,Thermal Base Layer Set - Women's,1,149.99,149.99,0.0,13.12
8b209d26-ad36-46cb-a98e-65ebc6f718e6,1,3104,Ski Tuning Bench - Portable,2,189.99,379.98,0.0,33.25
cf069df1-9c4c-4a74-ae54-cdfdc8e52bbf,1,3102,Winter Hiking Boots - Waterproof,1,249.99,249.99,0.0,21.87
cf069df1-9c4c-4a74-ae54-cdfdc8e52bbf,2,3052,Thermal Base Layer Set - Women's,2,149.99,299.98,0.0,26.25
cf069df1-9c4c-4a74-ae54-cdfdc8e52bbf,3,3082,Edge Tuning Tool Set,1,119.99,119.99,0.0,10.5
cf069df1-9c4c-4a74-ae54-cdfdc8e52bbf,4,3021,Nordic Classic XC Skis - 185cm,2,349.99,699.98,0.0,61.25
87d704d2-959e-4c6f-8274-c4c3999d5bd5,1,3104,Ski Tuning Bench - Portable,2,189.99,379.98,0.0,33.25
87d704d2-959e-4c6f-8274-c4c3999d5bd5,2,3091,Freestyle Snowboard - 155cm,1,649.99,649.99,0.0,56.87
87d704d2-959e-4c6f-8274-c4c3999d5bd5,3,3104,Ski Tuning Bench - Portable,1,189.99,189.99,0.0,16.62
85ce383a-c6b6-4038-bb4d-d9d58310ee5b,1,3022,Backcountry Explorer XC Skis - 190cm,1,549.99,549.99,0.0,48.12
85ce383a-c6b6-4038-bb4d-d9d58310ee5b,2,3021,Nordic Classic XC Skis - 185cm,2,349.99,699.98,0.0,61.25
5f6f09a9-5d38-4c59-8749-f86059ad5c1e,1,3082,Edge Tuning Tool Set,2,119.99,239.98,0.0,21.0
5f6f09a9-5d38-4c59-8749-f86059ad5c1e,2,3062,Anti-Fog Ski Goggles,1,129.99,129.99,0.0,11.37
5f6f09a9-5d38-4c59-8749-f86059ad5c1e,3,3081,All-Temp Ski Wax Kit,1,79.99,79.99,0.0,7.0
6f580c93-a76b-4141-b6b4-dd449e753257,1,3031,Pro Flex Racing Ski Boots,2,649.99,1299.98,0.0,113.75
3aceab16-fe35-4227-a02b-ce08b35e4863,1,3011,Alpine Pro Racing Skis - 170cm,2,1299.99,2599.98,0.0,227.5
3aceab16-fe35-4227-a02b-ce08b35e4863,2,3103,Snowboard Bindings - Pro,2,299.99,599.98,0.0,52.5
342585bb-7177-4e0a-8ae5-a484fd12e90f,1,3104,Ski Tuning Bench - Portable,1,189.99,189.99,0.0,16.62
342585bb-7177-4e0a-8ae5-a484fd12e90f,2,3021,Nordic Classic XC Skis - 185cm,2,349.99,699.98,0.0,61.25
342585bb-7177-4e0a-8ae5-a484fd12e90f,3,3081,All-Temp Ski Wax Kit,2,79.99,159.98,0.0,14.0
342585bb-7177-4e0a-8ae5-a484fd12e90f,4,3102,Winter Hiking Boots - Waterproof,1,249.99,249.99,0.0,21.87
b87023bb-d7b8-47b5-a62f-81c30067cb72,1,3031,Pro Flex Racing Ski Boots,1,649.99,649.99,0.0,56.87
b87023bb-d7b8-47b5-a62f-81c30067cb72,2,3072,Hand Warmers - 10 Pack,1,14.99,14.99,0.0,1.31
b87023bb-d7b8-47b5-a62f-81c30067cb72,3,3052,Thermal Base Layer Set - Women's,2,149.99,299.98,0.0,26.25
b87023bb-d7b8-47b5-a62f-81c30067cb72,4,3103,Snowboard Bindings - Pro,1,299.99,299.99,0.0,26.25
84e254e5-6faf-4f04-a407-664dac05e7f7,1,3012,Mountain Master All-Terrain Skis - 165cm,2,899.99,1799.98,0.0,157.5
84e254e5-6faf-4f04-a407-664dac05e7f7,2,3033,Women's Performance Ski Boots,2,579.99,1159.98,0.0,101.5
84e254e5-6faf-4f04-a407-664dac05e7f7,3,3011,Alpine Pro Racing Skis - 170cm,2,1299.99,2599.98,0.0,227.5
84e254e5-6faf-4f04-a407-664dac05e7f7,4,3053,Waterproof Ski Pants,2,249.99,499.98,0.0,43.75
aea6b84c-a1fe-4e25-b0b2-3a64758dabea,1,3011,Alpine Pro Racing Skis - 170cm,1,1299.99,1299.99,0.0,113.75
aea6b84c-a1fe-4e25-b0b2-3a64758dabea,2,3081,All-Temp Ski Wax Kit,1,79.99,79.99,0.0,7.0
aea6b84c-a1fe-4e25-b0b2-3a64758dabea,3,3081,All-Temp Ski Wax Kit,1,79.99,79.99,0.0,7.0
aea6b84c-a1fe-4e25-b0b2-3a64758dabea,4,3031,Pro Flex Racing Ski Boots,2,649.99,1299.98,0.0,113.75
653e6b66-4080-419c-a493-3eb0d6a148d0,1,3051,Insulated Ski Jacket - Men's,1,299.99,299.99,0.0,26.25
653e6b66-4080-419c-a493-3eb0d6a148d0,2,3104,Ski Tuning Bench - Portable,2,189.99,379.98,0.0,33.25
653e6b66-4080-419c-a493-3eb0d6a148d0,3,3101,Winter Boots - Insulated,2,159.99,319.98,0.0,28.0
653e6b66-4080-419c-a493-3eb0d6a148d0,4,3103,Snowboard Bindings - Pro,1,299.99,299.99,0.0,26.25
58bf08af-c8a1-4706-bda7-fc0edf1caac3,1,3082,Edge Tuning Tool Set,2,119.99,239.98,0.0,21.0
58bf08af-c8a1-4706-bda7-fc0edf1caac3,2,3103,Snowboard Bindings - Pro,1,299.99,299.99,0.0,26.25
58bf08af-c8a1-4706-bda7-fc0edf1caac3,3,3102,Winter Hiking Boots - Waterproof,2,249.99,499.98,0.0,43.75
58bf08af-c8a1-4706-bda7-fc0edf1caac3,4,3104,Ski Tuning Bench - Portable,1,189.99,189.99,0.0,16.62
4fc2b823-d669-4ac8-868d-5205e33e7762,1,3061,Professional Ski Helmet,1,199.99,199.99,0.0,17.5
4fc2b823-d669-4ac8-868d-5205e33e7762,2,3013,Beginner's Choice Alpine Skis - 160cm,2,449.99,899.98,0.0,78.75
4fc2b823-d669-4ac8-868d-5205e33e7762,3,3032,Comfort Fit Recreational Boots,2,399.99,799.98,0.0,70.0
6f0e1119-fe87-408a-93d8-e20669e464ac,1,3052,Thermal Base Layer Set - Women's,2,149.99,299.98,0.0,26.25
6f0e1119-fe87-408a-93d8-e20669e464ac,2,3052,Thermal Base Layer Set - Women's,2,149.99,299.98,0.0,26.25
6f0e1119-fe87-408a-93d8-e20669e464ac,3,3031,Pro Flex Racing Ski Boots,2,649.99,1299.98,0.0,113.75
6f0e1119-fe87-408a-93d8-e20669e464ac,4,3052,Thermal Base Layer Set - Women's,1,149.99,149.99,0.0,13.12
486edb9f-1575-4107-9ac5-74389f269a51,1,3033,Women's Performance Ski Boots,2,579.99,1159.98,0.0,101.5
486edb9f-1575-4107-9ac5-74389f269a51,2,3031,Pro Flex Racing Ski Boots,1,649.99,649.99,0.0,56.87
ce749c96-b541-44ed-b8ac-2a247005cab2,1,3031,Pro Flex Racing Ski Boots,1,649.99,649.99,0.0,56.87
ce749c96-b541-44ed-b8ac-2a247005cab2,2,3053,Waterproof Ski Pants,2,249.99,499.98,0.0,43.75
a6ffc44a-0654-4286-981c-d231bdd9123c,1,3072,Hand Warmers - 10 Pack,1,14.99,14.99,0.0,1.31
a6ffc44a-0654-4286-981c-d231bdd9123c,2,3091,Freestyle Snowboard - 155cm,1,649.99,649.99,0.0,56.87
7aecdf57-1ff3-4ed0-affc-82545ca28ea6,1,3082,Edge Tuning Tool Set,2,119.99,239.98,0.0,21.0
7aecdf57-1ff3-4ed0-affc-82545ca28ea6,2,3032,Comfort Fit Recreational Boots,1,399.99,399.99,0.0,35.0
c736a3c9-bd61-4066-b917-f2ddb7f226e6,1,3104,Ski Tuning Bench - Portable,2,189.99,379.98,0.0,33.25
c736a3c9-bd61-4066-b917-f2ddb7f226e6,2,3022,Backcountry Explorer XC Skis - 190cm,1,549.99,549.99,0.0,48.12
c736a3c9-bd61-4066-b917-f2ddb7f226e6,3,3061,Professional Ski Helmet,2,199.99,399.98,0.0,35.0
c736a3c9-bd61-4066-b917-f2ddb7f226e6,4,3041,Carbon Fiber Racing Poles - 120cm,1,179.99,179.99,0.0,15.75
a19048f5-ed98-4690-a3e1-9a510f5a09c1,1,3082,Edge Tuning Tool Set,2,119.99,239.98,0.0,21.0
a19048f5-ed98-4690-a3e1-9a510f5a09c1,2,3103,Snowboard Bindings - Pro,1,299.99,299.99,0.0,26.25
a19048f5-ed98-4690-a3e1-9a510f5a09c1,3,3091,Freestyle Snowboard - 155cm,1,649.99,649.99,0.0,56.87
4aca6883-b23a-49f7-ade2-785a937db0af,1,3082,Edge Tuning Tool Set,2,119.99,239.98,0.0,21.0
cd710397-2803-4d93-9fb1-e36a567aa362,1,3033,Women's Performance Ski Boots,1,579.99,579.99,0.0,50.75
cd710397-2803-4d93-9fb1-e36a567aa362,2,3053,Waterproof Ski Pants,1,249.99,249.99,0.0,21.87
cd710397-2803-4d93-9fb1-e36a567aa362,3,3101,Winter Boots - Insulated,2,159.99,319.98,0.0,28.0
f3d43003-3b56-4611-aa1d-71199175a0ff,1,3042,Aluminum All-Mountain Poles - 115cm,1,99.99,99.99,0.0,8.75
1724ed1d-bcbd-4b07-8531-455c1d9b28ca,1,3102,Winter Hiking Boots - Waterproof,2,249.99,499.98,0.0,43.75
1724ed1d-bcbd-4b07-8531-455c1d9b28ca,2,3011,Alpine Pro Racing Skis - 170cm,1,1299.99,1299.99,0.0,113.75
1724ed1d-bcbd-4b07-8531-455c1d9b28ca,3,3104,Ski Tuning Bench - Portable,2,189.99,379.98,0.0,33.25
3649b9c6-fc1b-477a-a36c-f9b926ad7334,1,3041,Carbon Fiber Racing Poles - 120cm,1,179.99,179.99,0.0,15.75
3649b9c6-fc1b-477a-a36c-f9b926ad7334,2,3061,Professional Ski Helmet,2,199.99,399.98,0.0,35.0
3649b9c6-fc1b-477a-a36c-f9b926ad7334,3,3012,Mountain Master All-Terrain Skis - 165cm,1,899.99,899.99,0.0,78.75
3649b9c6-fc1b-477a-a36c-f9b926ad7334,4,3031,Pro Flex Racing Ski Boots,2,649.99,1299.98,0.0,113.75
d16e889d-badb-446b-aeea-a7a62c7873f0,1,3013,Beginner's Choice Alpine Skis - 160cm,2,449.99,899.98,0.0,78.75
d16e889d-badb-446b-aeea-a7a62c7873f0,2,3053,Waterproof Ski Pants,2,249.99,499.98,0.0,43.75
d16e889d-badb-446b-aeea-a7a62c7873f0,3,3021,Nordic Classic XC Skis - 185cm,1,349.99,349.99,0.0,30.62
b9717f17-b4f2-44a2-8612-bb15d6b6aa5d,1,3021,Nordic Classic XC Skis - 185cm,2,349.99,699.98,0.0,61.25
b9717f17-b4f2-44a2-8612-bb15d6b6aa5d,2,3101,Winter Boots - Insulated,2,159.99,319.98,0.0,28.0
b9717f17-b4f2-44a2-8612-bb15d6b6aa5d,3,3081,All-Temp Ski Wax Kit,1,79.99,79.99,0.0,7.0
b9717f17-b4f2-44a2-8612-bb15d6b6aa5d,4,3031,Pro Flex Racing Ski Boots,2,649.99,1299.98,0.0,113.75
72479526-16a4-41df-9b70-19a33032e04b,1,3051,Insulated Ski Jacket - Men's,1,299.99,299.99,0.0,26.25
72479526-16a4-41df-9b70-19a33032e04b,2,3031,Pro Flex Racing Ski Boots,1,649.99,649.99,0.0,56.87
72479526-16a4-41df-9b70-19a33032e04b,3,3053,Waterproof Ski Pants,2,249.99,499.98,0.0,43.75
72479526-16a4-41df-9b70-19a33032e04b,4,3031,Pro Flex Racing Ski Boots,2,649.99,1299.98,0.0,113.75
3b6330e2-6ca3-45df-bea5-ad46dcfcfcab,1,3031,Pro Flex Racing Ski Boots,2,649.99,1299.98,0.0,113.75
3b6330e2-6ca3-45df-bea5-ad46dcfcfcab,2,3031,Pro Flex Racing Ski Boots,2,649.99,1299.98,0.0,113.75
3b6330e2-6ca3-45df-bea5-ad46dcfcfcab,3,3081,All-Temp Ski Wax Kit,1,79.99,79.99,0.0,7.0
cc52c2b5-45e5-4fc1-9825-77a2d3d48859,1,3013,Beginner's Choice Alpine Skis - 160cm,2,449.99,899.98,0.0,78.75
cc52c2b5-45e5-4fc1-9825-77a2d3d48859,2,3061,Professional Ski Helmet,2,199.99,399.98,0.0,35.0
cc52c2b5-45e5-4fc1-9825-77a2d3d48859,3,3011,Alpine Pro Racing Skis - 170cm,1,1299.99,1299.99,0.0,113.75
6a31ec59-c098-44d2-9b16-038f0b97cffa,1,3082,Edge Tuning Tool Set,2,119.99,239.98,0.0,21.0
6a31ec59-c098-44d2-9b16-038f0b97cffa,2,3051,Insulated Ski Jacket - Men's,1,299.99,299.99,0.0,26.25
b6008024-920d-40c3-9d3c-1ac80bc16f13,1,3013,Beginner's Choice Alpine Skis - 160cm,2,449.99,899.98,0.0,78.75
b6008024-920d-40c3-9d3c-1ac80bc16f13,2,3013,Beginner's Choice Alpine Skis - 160cm,2,449.99,899.98,0.0,78.75
f5927ae3-d691-4ef9-bca3-9cbd67543c06,1,3051,Insulated Ski Jacket - Men's,2,299.99,599.98,0.0,52.5
f5927ae3-d691-4ef9-bca3-9cbd67543c06,2,3101,Winter Boots - Insulated,2,159.99,319.98,0.0,28.0
f5927ae3-d691-4ef9-bca3-9cbd67543c06,3,3081,All-Temp Ski Wax Kit,1,79.99,79.99,0.0,7.0
f5927ae3-d691-4ef9-bca3-9cbd67543c06,4,3082,Edge Tuning Tool Set,2,119.99,239.98,0.0,21.0
97d4e1a5-bb8d-4444-949f-7ac88a16647e,1,3081,All-Temp Ski Wax Kit,2,79.99,159.98,0.0,14.0
15722c55-d1d5-4aaf-b2bf-119f4ba2c43d,1,3061,Professional Ski Helmet,1,199.99,199.99,0.0,17.5
15722c55-d1d5-4aaf-b2bf-119f4ba2c43d,2,3071,Ski Boot Bag - Premium,2,59.99,119.98,0.0,10.5
15722c55-d1d5-4aaf-b2bf-119f4ba2c43d,3,3012,Mountain Master All-Terrain Skis - 165cm,1,899.99,899.99,0.0,78.75
15722c55-d1d5-4aaf-b2bf-119f4ba2c43d,4,3011,Alpine Pro Racing Skis - 170cm,2,1299.99,2599.98,0.0,227.5
22be30b2-53f9-436b-b067-202e03020f5a,1,3071,Ski Boot Bag - Premium,2,59.99,119.98,0.0,10.5
22be30b2-53f9-436b-b067-202e03020f5a,2,3013,Beginner's Choice Alpine Skis - 160cm,2,449.99,899.98,0.0,78.75
717dd480-f720-4473-b39d-3a0a960fa9e3,1,3012,Mountain Master All-Terrain Skis - 165cm,1,899.99,899.99,0.0,78.75
717dd480-f720-4473-b39d-3a0a960fa9e3,2,3012,Mountain Master All-Terrain Skis - 165cm,1,899.99,899.99,0.0,78.75
717dd480-f720-4473-b39d-3a0a960fa9e3,3,3022,Backcountry Explorer XC Skis - 190cm,1,549.99,549.99,0.0,48.12
d6d131ca-7fd7-4f54-8497-f226218ab9a7,1,3101,Winter Boots - Insulated,1,159.99,159.99,0.0,14.0
d6d131ca-7fd7-4f54-8497-f226218ab9a7,2,3102,Winter Hiking Boots - Waterproof,2,249.99,499.98,0.0,43.75
7f74799e-2ad6-4728-8214-ddc48aaebb60,1,3011,Alpine Pro Racing Skis - 170cm,2,1299.99,2599.98,0.0,227.5
7f74799e-2ad6-4728-8214-ddc48aaebb60,2,3071,Ski Boot Bag - Premium,2,59.99,119.98,0.0,10.5
17dc849e-054d-4097-88e2-7786f18f1c67,1,3042,Aluminum All-Mountain Poles - 115cm,1,99.99,99.99,0.0,8.75
17dc849e-054d-4097-88e2-7786f18f1c67,2,3104,Ski Tuning Bench - Portable,1,189.99,189.99,0.0,16.62
73c95135-6617-44e8-8073-f322a48fec76,1,3013,Beginner's Choice Alpine Skis - 160cm,2,449.99,899.98,0.0,78.75
db275989-f830-4c1d-a218-63e544617b11,1,3032,Comfort Fit Recreational Boots,2,399.99,799.98,0.0,70.0
db275989-f830-4c1d-a218-63e544617b11,2,3053,Waterproof Ski Pants,1,249.99,249.99,0.0,21.87
db275989-f830-4c1d-a218-63e544617b11,3,3082,Edge Tuning Tool Set,1,119.99,119.99,0.0,10.5
db275989-f830-4c1d-a218-63e544617b11,4,3052,Thermal Base Layer Set - Women's,1,149.99,149.99,0.0,13.12
049a4afa-6d7d-4e26-9b40-5f3c2c06f10b,1,3092,All-Mountain Snowboard - 158cm,2,799.99,1599.98,0.0,140.0
7c519b9e-e20a-407f-8266-9e9fec698c3e,1,3104,Ski Tuning Bench - Portable,2,189.99,379.98,0.0,33.25
7c519b9e-e20a-407f-8266-9e9fec698c3e,2,3081,All-Temp Ski Wax Kit,2,79.99,159.98,0.0,14.0
7c519b9e-e20a-407f-8266-9e9fec698c3e,3,3013,Beginner's Choice Alpine Skis - 160cm,2,449.99,899.98,0.0,78.75
7f72e283-6d66-4133-afaf-7f2a014b4e3d,1,3051,Insulated Ski Jacket - Men's,1,299.99,299.99,0.0,26.25
7f72e283-6d66-4133-afaf-7f2a014b4e3d,2,3031,Pro Flex Racing Ski Boots,1,649.99,649.99,0.0,56.87
7f72e283-6d66-4133-afaf-7f2a014b4e3d,3,3031,Pro Flex Racing Ski Boots,1,649.99,649.99,0.0,56.87
7f72e283-6d66-4133-afaf-7f2a014b4e3d,4,3033,Women's Performance Ski Boots,2,579.99,1159.98,0.0,101.5
7986e66b-47d0-4696-b025-c70072cf2895,1,3082,Edge Tuning Tool Set,1,119.99,119.99,0.0,10.5
7986e66b-47d0-4696-b025-c70072cf2895,2,3013,Beginner's Choice Alpine Skis - 160cm,1,449.99,449.99,0.0,39.37
4e836379-a0d5-445b-8258-472945dc7cb3,1,3103,Snowboard Bindings - Pro,2,299.99,599.98,0.0,52.5
4e836379-a0d5-445b-8258-472945dc7cb3,2,3082,Edge Tuning Tool Set,2,119.99,239.98,0.0,21.0
4e836379-a0d5-445b-8258-472945dc7cb3,3,3011,Alpine Pro Racing Skis - 170cm,1,1299.99,1299.99,0.0,113.75
4e836379-a0d5-445b-8258-472945dc7cb3,4,3011,Alpine Pro Racing Skis - 170cm,1,1299.99,1299.99,0.0,113.75
67bd0f87-2a62-46ed-ac54-8bade630a541,1,3081,All-Temp Ski Wax Kit,2,79.99,159.98,0.0,14.0
67bd0f87-2a62-46ed-ac54-8bade630a541,2,3082,Edge Tuning Tool Set,1,119.99,119.99,0.0,10.5
67bd0f87-2a62-46ed-ac54-8bade630a541,3,3012,Mountain Master All-Terrain Skis - 165cm,2,899.99,1799.98,0.0,157.5
67bd0f87-2a62-46ed-ac54-8bade630a541,4,3104,Ski Tuning Bench - Portable,2,189.99,379.98,0.0,33.25
1472096f-d6d2-4dea-872a-d32102711c31,1,3091,Freestyle Snowboard - 155cm,1,649.99,649.99,0.0,56.87
1472096f-d6d2-4dea-872a-d32102711c31,2,3082,Edge Tuning Tool Set,1,119.99,119.99,0.0,10.5
1472096f-d6d2-4dea-872a-d32102711c31,3,3033,Women's Performance Ski Boots,2,579.99,1159.98,0.0,101.5
1472096f-d6d2-4dea-872a-d32102711c31,4,3092,All-Mountain Snowboard - 158cm,1,799.99,799.99,0.0,70.0
dd13d59a-99ee-49e4-b21b-6061efcaeaae,1,3092,All-Mountain Snowboard - 158cm,1,799.99,799.99,0.0,70.0
48a2cd74-d852-47b7-9ac7-a524055fb71e,1,3031,Pro Flex Racing Ski Boots,1,649.99,649.99,0.0,56.87
48a2cd74-d852-47b7-9ac7-a524055fb71e,2,3033,Women's Performance Ski Boots,2,579.99,1159.98,0.0,101.5
2cb1f690-95fe-4d44-beae-b5be0cf87c69,1,3042,Aluminum All-Mountain Poles - 115cm,1,99.99,99.99,0.0,8.75
2cb1f690-95fe-4d44-beae-b5be0cf87c69,2,3011,Alpine Pro Racing Skis - 170cm,2,1299.99,2599.98,0.0,227.5
0dff26ba-e732-452c-bba1-048c05163a5b,1,3033,Women's Performance Ski Boots,1,579.99,579.99,0.0,50.75
558d9927-a922-4bf0-b89f-f0a0316d9110,1,3104,Ski Tuning Bench - Portable,2,189.99,379.98,0.0,33.25
558d9927-a922-4bf0-b89f-f0a0316d9110,2,3082,Edge Tuning Tool Set,2,119.99,239.98,0.0,21.0
558d9927-a922-4bf0-b89f-f0a0316d9110,3,3081,All-Temp Ski Wax Kit,2,79.99,159.98,0.0,14.0
50ecb330-052d-4015-b337-928f427e5792,1,3081,All-Temp Ski Wax Kit,2,79.99,159.98,0.0,14.0
50ecb330-052d-4015-b337-928f427e5792,2,3071,Ski Boot Bag - Premium,2,59.99,119.98,0.0,10.5
50ecb330-052d-4015-b337-928f427e5792,3,3013,Beginner's Choice Alpine Skis - 160cm,1,449.99,449.99,0.0,39.37
50ecb330-052d-4015-b337-928f427e5792,4,3081,All-Temp Ski Wax Kit,2,79.99,159.98,0.0,14.0
ee33d3fb-f3c0-433e-a4a4-cd1e241c5f88,1,3082,Edge Tuning Tool Set,1,119.99,119.99,0.0,10.5
ee33d3fb-f3c0-433e-a4a4-cd1e241c5f88,2,3104,Ski Tuning Bench - Portable,1,189.99,189.99,0.0,16.62
dd1ac566-f030-4d11-94d6-f354586183a1,1,3081,All-Temp Ski Wax Kit,2,79.99,159.98,0.0,14.0
dd1ac566-f030-4d11-94d6-f354586183a1,2,3052,Thermal Base Layer Set - Women's,2,149.99,299.98,0.0,26.25
dd1ac566-f030-4d11-94d6-f354586183a1,3,3053,Waterproof Ski Pants,1,249.99,249.99,0.0,21.87
8bcbb4b4-3a32-4ecd-a64c-90d794b9883c,1,3104,Ski Tuning Bench - Portable,1,189.99,189.99,0.0,16.62
8bcbb4b4-3a32-4ecd-a64c-90d794b9883c,2,3104,Ski Tuning Bench - Portable,2,189.99,379.98,0.0,33.25
8bcbb4b4-3a32-4ecd-a64c-90d794b9883c,3,3071,Ski Boot Bag - Premium,1,59.99,59.99,0.0,5.25
8bcbb4b4-3a32-4ecd-a64c-90d794b9883c,4,3082,Edge Tuning Tool Set,2,119.99,239.98,0.0,21.0
e768c88a-412c-4571-baa7-1ba81779c2f5,1,3101,Winter Boots - Insulated,1,159.99,159.99,0.0,14.0
e768c88a-412c-4571-baa7-1ba81779c2f5,2,3011,Alpine Pro Racing Skis - 170cm,2,1299.99,2599.98,0.0,227.5
8d61a4b1-b043-4b4b-bf46-f044d884a131,1,3102,Winter Hiking Boots - Waterproof,2,249.99,499.98,0.0,43.75
8d61a4b1-b043-4b4b-bf46-f044d884a131,2,3062,Anti-Fog Ski Goggles,1,129.99,129.99,0.0,11.37
0c527af3-9761-4a3b-aa1d-a1f395d87d4c,1,3081,All-Temp Ski Wax Kit,1,79.99,79.99,0.0,7.0
0c527af3-9761-4a3b-aa1d-a1f395d87d4c,2,3103,Snowboard Bindings - Pro,1,299.99,299.99,0.0,26.25
0c527af3-9761-4a3b-aa1d-a1f395d87d4c,3,3082,Edge Tuning Tool Set,1,119.99,119.99,0.0,10.5
fb6c42f7-8721-45f3-a561-638ff3569aae,1,3062,Anti-Fog Ski Goggles,2,129.99,259.98,0.0,22.75
242a3781-9c74-4feb-9ced-cc09f6e157d8,1,3032,Comfort Fit Recreational Boots,2,399.99,799.98,0.0,70.0
40c978d7-6d80-496c-85a4-4724365019f1,1,3033,Women's Performance Ski Boots,1,579.99,579.99,0.0,50.75
40c978d7-6d80-496c-85a4-4724365019f1,2,3033,Women's Performance Ski Boots,1,579.99,579.99,0.0,50.75
40c978d7-6d80-496c-85a4-4724365019f1,3,3032,Comfort Fit Recreational Boots,1,399.99,399.99,0.0,35.0
eda68ad0-6f5b-4d53-a437-4f560fafafb0,1,3041,Carbon Fiber Racing Poles - 120cm,2,179.99,359.98,0.0,31.5
eda68ad0-6f5b-4d53-a437-4f560fafafb0,2,3011,Alpine Pro Racing Skis - 170cm,1,1299.99,1299.99,0.0,113.75
8bf4333e-8711-47f9-b48f-7de08f20e9fe,1,3013,Beginner's Choice Alpine Skis - 160cm,1,449.99,449.99,0.0,39.37
8bf4333e-8711-47f9-b48f-7de08f20e9fe,2,3103,Snowboard Bindings - Pro,2,299.99,599.98,0.0,52.5
6b0fb616-87cf-4524-ab4e-1d654ea1ab9a,1,3082,Edge Tuning Tool Set,1,119.99,119.99,0.0,10.5
0c32db3b-2835-48b0-b7c9-46b17097acbc,1,3072,Hand Warmers - 10 Pack,2,14.99,29.98,0.0,2.62
90fabef1-2fe8-420b-8a4d-6b1801a88aef,1,3081,All-Temp Ski Wax Kit,1,79.99,79.99,0.0,7.0
90fabef1-2fe8-420b-8a4d-6b1801a88aef,2,3082,Edge Tuning Tool Set,2,119.99,239.98,0.0,21.0
90fabef1-2fe8-420b-8a4d-6b1801a88aef,3,3082,Edge Tuning Tool Set,1,119.99,119.99,0.0,10.5
223a3b6f-4c2c-4125-8a6d-43f27a5ec4e5,1,3081,All-Temp Ski Wax Kit,1,79.99,79.99,0.0,7.0
223a3b6f-4c2c-4125-8a6d-43f27a5ec4e5,2,3104,Ski Tuning Bench - Portable,1,189.99,189.99,0.0,16.62
49a6cb50-c9d4-4436-bc52-e22f3a8e4e75,1,3021,Nordic Classic XC Skis - 185cm,2,349.99,699.98,0.0,61.25
49a6cb50-c9d4-4436-bc52-e22f3a8e4e75,2,3052,Thermal Base Layer Set - Women's,2,149.99,299.98,0.0,26.25
49a6cb50-c9d4-4436-bc52-e22f3a8e4e75,3,3052,Thermal Base Layer Set - Women's,1,149.99,149.99,0.0,13.12
49a6cb50-c9d4-4436-bc52-e22f3a8e4e75,4,3042,Aluminum All-Mountain Poles - 115cm,2,99.99,199.98,0.0,17.5
338fe103-bb38-4299-a405-8e1004a549c2,1,3091,Freestyle Snowboard - 155cm,1,649.99,649.99,0.0,56.87
bf285b4f-a3e3-4ce4-82d7-fd6fa75b7156,1,3081,All-Temp Ski Wax Kit,1,79.99,79.99,0.0,7.0
304a428a-e71a-442c-be50-d11dc4e26990,1,3091,Freestyle Snowboard - 155cm,1,649.99,649.99,0.0,56.87
304a428a-e71a-442c-be50-d11dc4e26990,2,3092,All-Mountain Snowboard - 158cm,1,799.99,799.99,0.0,70.0
304a428a-e71a-442c-be50-d11dc4e26990,3,3082,Edge Tuning Tool Set,2,119.99,239.98,0.0,21.0
c8ff517b-7b21-4b4a-8a78-3c9cb55792ed,1,3092,All-Mountain Snowboard - 158cm,1,799.99,799.99,0.0,70.0
c8ff517b-7b21-4b4a-8a78-3c9cb55792ed,2,3081,All-Temp Ski Wax Kit,2,79.99,159.98,0.0,14.0
4d92a965-b1af-4f03-8ca2-c0fb55f4178d,1,3081,All-Temp Ski Wax Kit,1,79.99,79.99,0.0,7.0
4d92a965-b1af-4f03-8ca2-c0fb55f4178d,2,3081,All-Temp Ski Wax Kit,2,79.99,159.98,0.0,14.0
4d92a965-b1af-4f03-8ca2-c0fb55f4178d,3,3081,All-Temp Ski Wax Kit,2,79.99,159.98,0.0,14.0
3ec95b2d-3ae4-4c0d-b8dd-ac092a9df063,1,3011,Alpine Pro Racing Skis - 170cm,2,1299.99,2599.98,0.0,227.5
3ec95b2d-3ae4-4c0d-b8dd-ac092a9df063,2,3033,Women's Performance Ski Boots,1,579.99,579.99,0.0,50.75
3ec95b2d-3ae4-4c0d-b8dd-ac092a9df063,3,3062,Anti-Fog Ski Goggles,2,129.99,259.98,0.0,22.75
e06a7708-9737-4120-bc5b-5903fa1ce42b,1,3022,Backcountry Explorer XC Skis - 190cm,2,549.99,1099.98,0.0,96.25
e06a7708-9737-4120-bc5b-5903fa1ce42b,2,3012,Mountain Master All-Terrain Skis - 165cm,1,899.99,899.99,0.0,78.75
e06a7708-9737-4120-bc5b-5903fa1ce42b,3,3081,All-Temp Ski Wax Kit,1,79.99,79.99,0.0,7.0
e06a7708-9737-4120-bc5b-5903fa1ce42b,4,3031,Pro Flex Racing Ski Boots,1,649.99,649.99,0.0,56.87
3ca91536-f269-40e9-a4ff-92bb029d2c90,1,3081,All-Temp Ski Wax Kit,2,79.99,159.98,0.0,14.0
3ca91536-f269-40e9-a4ff-92bb029d2c90,2,3091,Freestyle Snowboard - 155cm,2,649.99,1299.98,0.0,113.75
3ca91536-f269-40e9-a4ff-92bb029d2c90,3,3032,Comfort Fit Recreational Boots,1,399.99,399.99,0.0,35.0
e9b8b586-94fc-4991-a51e-248002c8b9d9,1,3032,Comfort Fit Recreational Boots,2,399.99,799.98,0.0,70.0
be287e82-bd2a-460d-9d37-2ea86850e162,1,3041,Carbon Fiber Racing Poles - 120cm,1,179.99,179.99,0.0,15.75
2c50736b-396b-4455-bccb-7176a98e494b,1,3052,Thermal Base Layer Set - Women's,1,149.99,149.99,0.0,13.12
2c50736b-396b-4455-bccb-7176a98e494b,2,3032,Comfort Fit Recreational Boots,2,399.99,799.98,0.0,70.0
74a1316b-1514-4f65-a3a9-dc17ebef16ca,1,3081,All-Temp Ski Wax Kit,2,79.99,159.98,0.0,14.0
74a1316b-1514-4f65-a3a9-dc17ebef16ca,2,3081,All-Temp Ski Wax Kit,2,79.99,159.98,0.0,14.0
74a1316b-1514-4f65-a3a9-dc17ebef16ca,3,3011,Alpine Pro Racing Skis - 170cm,2,1299.99,2599.98,0.0,227.5
0dbb4bc7-439d-4875-b35d-7a8d63ff7160,1,3032,Comfort Fit Recreational Boots,2,399.99,799.98,0.0,70.0
0dbb4bc7-439d-4875-b35d-7a8d63ff7160,2,3032,Comfort Fit Recreational Boots,1,399.99,399.99,0.0,35.0
0dbb4bc7-439d-4875-b35d-7a8d63ff7160,3,3104,Ski Tuning Bench - Portable,2,189.99,379.98,0.0,33.25
3f8184f9-a401-4009-abfb-976aab7b7838,1,3011,Alpine Pro Racing Skis - 170cm,2,1299.99,2599.98,0.0,227.5
734e9faa-2828-45b8-88dd-4194261fa207,1,3091,Freestyle Snowboard - 155cm,2,649.99,1299.98,0.0,113.75
445fbecf-9326-4f2b-8ca5-b7694bb9c985,1,3101,Winter Boots - Insulated,1,159.99,159.99,0.0,14.0
445fbecf-9326-4f2b-8ca5-b7694bb9c985,2,3081,All-Temp Ski Wax Kit,2,79.99,159.98,0.0,14.0
501dde31-2b73-4151-aa05-55b36be3cd4d,1,3081,All-Temp Ski Wax Kit,2,79.99,159.98,0.0,14.0
501dde31-2b73-4151-aa05-55b36be3cd4d,2,3061,Professional Ski Helmet,2,199.99,399.98,0.0,35.0
b97c4a9c-0794-422c-bc7f-3ec8edfa2520,1,3082,Edge Tuning Tool Set,2,119.99,239.98,0.0,21.0
b97c4a9c-0794-422c-bc7f-3ec8edfa2520,2,3071,Ski Boot Bag - Premium,2,59.99,119.98,0.0,10.5
b97c4a9c-0794-422c-bc7f-3ec8edfa2520,3,3082,Edge Tuning Tool Set,2,119.99,239.98,0.0,21.0
2efd1909-aee1-4a0d-81eb-9ceab4821e5a,1,3041,Carbon Fiber Racing Poles - 120cm,1,179.99,179.99,0.0,15.75
2efd1909-aee1-4a0d-81eb-9ceab4821e5a,2,3032,Comfort Fit Recreational Boots,2,399.99,799.98,0.0,70.0
2efd1909-aee1-4a0d-81eb-9ceab4821e5a,3,3041,Carbon Fiber Racing Poles - 120cm,1,179.99,179.99,0.0,15.75
c9ea8398-b046-42ad-a292-2fe02ad9c490,1,3061,Professional Ski Helmet,2,199.99,399.98,0.0,35.0
c9ea8398-b046-42ad-a292-2fe02ad9c490,2,3091,Freestyle Snowboard - 155cm,1,649.99,649.99,0.0,56.87
09e26fd3-30ea-4907-87a2-477c5608c23d,1,3032,Comfort Fit Recreational Boots,2,399.99,799.98,0.0,70.0
a6d77230-51d5-42bf-a173-056689207e20,1,3022,Backcountry Explorer XC Skis - 190cm,1,549.99,549.99,0.0,48.12
a6d77230-51d5-42bf-a173-056689207e20,2,3071,Ski Boot Bag - Premium,1,59.99,59.99,0.0,5.25
a6d77230-51d5-42bf-a173-056689207e20,3,3021,Nordic Classic XC Skis - 185cm,2,349.99,699.98,0.0,61.25
a6d77230-51d5-42bf-a173-056689207e20,4,3041,Carbon Fiber Racing Poles - 120cm,2,179.99,359.98,0.0,31.5
0cd3af87-63cf-49d7-8205-f983454c581e,1,3082,Edge Tuning Tool Set,2,119.99,239.98,0.0,21.0
0cd3af87-63cf-49d7-8205-f983454c581e,2,3013,Beginner's Choice Alpine Skis - 160cm,1,449.99,449.99,0.0,39.37
e0aee874-9dd3-4519-8213-aa584a7b4a3c,1,3091,Freestyle Snowboard - 155cm,1,649.99,649.99,0.0,56.87
e0aee874-9dd3-4519-8213-aa584a7b4a3c,2,3103,Snowboard Bindings - Pro,1,299.99,299.99,0.0,26.25
e0aee874-9dd3-4519-8213-aa584a7b4a3c,3,3082,Edge Tuning Tool Set,2,119.99,239.98,0.0,21.0
e0aee874-9dd3-4519-8213-aa584a7b4a3c,4,3104,Ski Tuning Bench - Portable,1,189.99,189.99,0.0,16.62
9baf477b-f7bc-4a19-a7fc-52c2553f9ad0,1,3053,Waterproof Ski Pants,2,249.99,499.98,0.0,43.75
9baf477b-f7bc-4a19-a7fc-52c2553f9ad0,2,3032,Comfort Fit Recreational Boots,1,399.99,399.99,0.0,35.0
b75f9b38-f631-4731-963e-7ac255c32419,1,3053,Waterproof Ski Pants,2,249.99,499.98,0.0,43.75
b75f9b38-f631-4731-963e-7ac255c32419,2,3032,Comfort Fit Recreational Boots,2,399.99,799.98,0.0,70.0
b75f9b38-f631-4731-963e-7ac255c32419,3,3011,Alpine Pro Racing Skis - 170cm,2,1299.99,2599.98,0.0,227.5
44bb2a10-12a3-40f0-896d-d9f376931c5a,1,3092,All-Mountain Snowboard - 158cm,2,799.99,1599.98,0.0,140.0
bccd4700-fe58-4ab1-b07d-706736dab1c9,1,3091,Freestyle Snowboard - 155cm,1,649.99,649.99,0.0,56.87
bccd4700-fe58-4ab1-b07d-706736dab1c9,2,3104,Ski Tuning Bench - Portable,1,189.99,189.99,0.0,16.62
bccd4700-fe58-4ab1-b07d-706736dab1c9,3,3053,Waterproof Ski Pants,2,249.99,499.98,0.0,43.75
bccd4700-fe58-4ab1-b07d-706736dab1c9,4,3104,Ski Tuning Bench - Portable,2,189.99,379.98,0.0,33.25
29f96897-f54f-41cd-b702-9f63ed8cf86c,1,3051,Insulated Ski Jacket - Men's,1,299.99,299.99,0.0,26.25
29f96897-f54f-41cd-b702-9f63ed8cf86c,2,3082,Edge Tuning Tool Set,1,119.99,119.99,0.0,10.5
29f96897-f54f-41cd-b702-9f63ed8cf86c,3,3041,Carbon Fiber Racing Poles - 120cm,1,179.99,179.99,0.0,15.75
cdafc458-fde1-46da-baae-6b0251b55a7b,1,3033,Women's Performance Ski Boots,1,579.99,579.99,0.0,50.75
f7d224ae-f9d9-48c8-a094-5230462fa424,1,3012,Mountain Master All-Terrain Skis - 165cm,1,899.99,899.99,0.0,78.75
f7d224ae-f9d9-48c8-a094-5230462fa424,2,3033,Women's Performance Ski Boots,2,579.99,1159.98,0.0,101.5
4bbbdea7-4084-4f09-a54b-c21a1c639a1f,1,3013,Beginner's Choice Alpine Skis - 160cm,2,449.99,899.98,0.0,78.75
b7827d1e-e71f-4546-8976-d57b5117bd40,1,3011,Alpine Pro Racing Skis - 170cm,2,1299.99,2599.98,0.0,227.5
b7827d1e-e71f-4546-8976-d57b5117bd40,2,3061,Professional Ski Helmet,1,199.99,199.99,0.0,17.5
ef072a36-b868-4a7b-a83c-736f3c52a994,1,3012,Mountain Master All-Terrain Skis - 165cm,1,899.99,899.99,0.0,78.75
ef9eefa3-2da0-4a1c-9799-a7ec6a87ef2d,1,3033,Women's Performance Ski Boots,1,579.99,579.99,0.0,50.75
ef9eefa3-2da0-4a1c-9799-a7ec6a87ef2d,2,3012,Mountain Master All-Terrain Skis - 165cm,1,899.99,899.99,0.0,78.75
51034ff5-df5c-4d78-af14-cdd0381630cd,1,3011,Alpine Pro Racing Skis - 170cm,1,1299.99,1299.99,0.0,113.75
51034ff5-df5c-4d78-af14-cdd0381630cd,2,3012,Mountain Master All-Terrain Skis - 165cm,1,899.99,899.99,0.0,78.75
51034ff5-df5c-4d78-af14-cdd0381630cd,3,3011,Alpine Pro Racing Skis - 170cm,2,1299.99,2599.98,0.0,227.5
6bee4926-cbc2-4c7d-ba00-4e9ca490adea,1,3013,Beginner's Choice Alpine Skis - 160cm,1,449.99,449.99,0.0,39.37
6bee4926-cbc2-4c7d-ba00-4e9ca490adea,2,3052,Thermal Base Layer Set - Women's,1,149.99,149.99,0.0,13.12
5a64182e-4880-4407-8d93-94a03303200a,1,3053,Waterproof Ski Pants,2,249.99,499.98,0.0,43.75
5a64182e-4880-4407-8d93-94a03303200a,2,3031,Pro Flex Racing Ski Boots,2,649.99,1299.98,0.0,113.75
5a64182e-4880-4407-8d93-94a03303200a,3,3052,Thermal Base Layer Set - Women's,2,149.99,299.98,0.0,26.25
5a64182e-4880-4407-8d93-94a03303200a,4,3031,Pro Flex Racing Ski Boots,1,649.99,649.99,0.0,56.87
87607c79-d9e8-4593-8e19-bdc316a2a098,1,3011,Alpine Pro Racing Skis - 170cm,1,1299.99,1299.99,0.0,113.75
1a107439-8c88-4ea8-aad4-0ce0b9617c0c,1,3051,Insulated Ski Jacket - Men's,1,299.99,299.99,0.0,26.25
1a107439-8c88-4ea8-aad4-0ce0b9617c0c,2,3013,Beginner's Choice Alpine Skis - 160cm,2,449.99,899.98,0.0,78.75
1a107439-8c88-4ea8-aad4-0ce0b9617c0c,3,3081,All-Temp Ski Wax Kit,1,79.99,79.99,0.0,7.0
eb8de5b0-a30c-4455-bb33-b469055a25a7,1,3081,All-Temp Ski Wax Kit,2,79.99,159.98,0.0,14.0
31159e62-22ba-46c0-960b-305cbd6d6781,1,3041,Carbon Fiber Racing Poles - 120cm,2,179.99,359.98,0.0,31.5
31159e62-22ba-46c0-960b-305cbd6d6781,2,3082,Edge Tuning Tool Set,2,119.99,239.98,0.0,21.0
31159e62-22ba-46c0-960b-305cbd6d6781,3,3092,All-Mountain Snowboard - 158cm,2,799.99,1599.98,0.0,140.0
31159e62-22ba-46c0-960b-305cbd6d6781,4,3081,All-Temp Ski Wax Kit,2,79.99,159.98,0.0,14.0
40e68271-f62e-4dcf-a039-406f0f34edf0,1,3031,Pro Flex Racing Ski Boots,1,649.99,649.99,0.0,56.87
3c377b98-1b79-431a-bfa5-c02c7584dc5c,1,3072,Hand Warmers - 10 Pack,1,14.99,14.99,0.0,1.31
3c377b98-1b79-431a-bfa5-c02c7584dc5c,2,3082,Edge Tuning Tool Set,2,119.99,239.98,0.0,21.0
2334b37a-19cf-47a6-bdc6-7f33249a687d,1,3082,Edge Tuning Tool Set,1,119.99,119.99,0.0,10.5
2334b37a-19cf-47a6-bdc6-7f33249a687d,2,3102,Winter Hiking Boots - Waterproof,2,249.99,499.98,0.0,43.75
2334b37a-19cf-47a6-bdc6-7f33249a687d,3,3104,Ski Tuning Bench - Portable,2,189.99,379.98,0.0,33.25
b9443cfb-c282-44e6-9d16-08cf005a673b,1,3051,Insulated Ski Jacket - Men's,1,299.99,299.99,0.0,26.25
8f28e064-25a6-4ff0-bf38-e56621eeca7c,1,3104,Ski Tuning Bench - Portable,1,189.99,189.99,0.0,16.62
8f28e064-25a6-4ff0-bf38-e56621eeca7c,2,3013,Beginner's Choice Alpine Skis - 160cm,1,449.99,449.99,0.0,39.37
8f28e064-25a6-4ff0-bf38-e56621eeca7c,3,3031,Pro Flex Racing Ski Boots,1,649.99,649.99,0.0,56.87
f05b0c14-f1d0-414d-a3cc-fb923e3733a9,1,3042,Aluminum All-Mountain Poles - 115cm,2,99.99,199.98,0.0,17.5
f05b0c14-f1d0-414d-a3cc-fb923e3733a9,2,3082,Edge Tuning Tool Set,1,119.99,119.99,0.0,10.5
abf7ee64-b044-45ec-85ed-fad378f19f9b,1,3091,Freestyle Snowboard - 155cm,1,649.99,649.99,0.0,56.87
abf7ee64-b044-45ec-85ed-fad378f19f9b,2,3104,Ski Tuning Bench - Portable,1,189.99,189.99,0.0,16.62
abf7ee64-b044-45ec-85ed-fad378f19f9b,3,3104,Ski Tuning Bench - Portable,1,189.99,189.99,0.0,16.62
abf7ee64-b044-45ec-85ed-fad378f19f9b,4,3061,Professional Ski Helmet,2,199.99,399.98,0.0,35.0
f04ca93c-3fe4-4824-8209-1ea153833feb,1,3021,Nordic Classic XC Skis - 185cm,1,349.99,349.99,0.0,30.62
f04ca93c-3fe4-4824-8209-1ea153833feb,2,3102,Winter Hiking Boots - Waterproof,1,249.99,249.99,0.0,21.87
f04ca93c-3fe4-4824-8209-1ea153833feb,3,3081,All-Temp Ski Wax Kit,2,79.99,159.98,0.0,14.0
f04ca93c-3fe4-4824-8209-1ea153833feb,4,3032,Comfort Fit Recreational Boots,1,399.99,399.99,0.0,35.0
77a05fa3-2dd4-4d54-8e57-b10800b0e45d,1,3012,Mountain Master All-Terrain Skis - 165cm,2,899.99,1799.98,0.0,157.5
77a05fa3-2dd4-4d54-8e57-b10800b0e45d,2,3032,Comfort Fit Recreational Boots,1,399.99,399.99,0.0,35.0
77a05fa3-2dd4-4d54-8e57-b10800b0e45d,3,3012,Mountain Master All-Terrain Skis - 165cm,1,899.99,899.99,0.0,78.75
9bad4230-9419-4c3b-9433-74e2a8d42a93,1,3104,Ski Tuning Bench - Portable,1,189.99,189.99,0.0,16.62
9e58656d-2881-40ee-ac6b-cc59c137374a,1,3081,All-Temp Ski Wax Kit,2,79.99,159.98,0.0,14.0
9e58656d-2881-40ee-ac6b-cc59c137374a,2,3052,Thermal Base Layer Set - Women's,1,149.99,149.99,0.0,13.12
9e58656d-2881-40ee-ac6b-cc59c137374a,3,3052,Thermal Base Layer Set - Women's,1,149.99,149.99,0.0,13.12
ed998b0f-d60d-47d9-91ca-478f04c3d908,1,3022,Backcountry Explorer XC Skis - 190cm,1,549.99,549.99,0.0,48.12
ed998b0f-d60d-47d9-91ca-478f04c3d908,2,3082,Edge Tuning Tool Set,1,119.99,119.99,0.0,10.5
2143e665-0563-42ce-8bbc-116563c86f4d,1,3102,Winter Hiking Boots - Waterproof,1,249.99,249.99,0.0,21.87
2143e665-0563-42ce-8bbc-116563c86f4d,2,3013,Beginner's Choice Alpine Skis - 160cm,2,449.99,899.98,0.0,78.75
2143e665-0563-42ce-8bbc-116563c86f4d,3,3021,Nordic Classic XC Skis - 185cm,1,349.99,349.99,0.0,30.62
7fadb149-f0fa-48dc-86bd-335cd7fba7b6,1,3041,Carbon Fiber Racing Poles - 120cm,1,179.99,179.99,0.0,15.75
0d9d7471-2510-40fd-984a-b21aa97af491,1,3052,Thermal Base Layer Set - Women's,1,149.99,149.99,0.0,13.12
cada9015-2a48-44eb-b413-a4ff6309cadd,1,3101,Winter Boots - Insulated,1,159.99,159.99,0.0,14.0
7ab35ccd-c841-40a6-87c1-a947b17862b5,1,3081,All-Temp Ski Wax Kit,2,79.99,159.98,0.0,14.0
7ab35ccd-c841-40a6-87c1-a947b17862b5,2,3081,All-Temp Ski Wax Kit,1,79.99,79.99,0.0,7.0
7ab35ccd-c841-40a6-87c1-a947b17862b5,3,3103,Snowboard Bindings - Pro,2,299.99,599.98,0.0,52.5
c0c4f8a5-e2a4-4df1-ae2f-1be24d4b6939,1,3071,Ski Boot Bag - Premium,1,59.99,59.99,0.0,5.25
c0c4f8a5-e2a4-4df1-ae2f-1be24d4b6939,2,3051,Insulated Ski Jacket - Men's,1,299.99,299.99,0.0,26.25
c0c4f8a5-e2a4-4df1-ae2f-1be24d4b6939,3,3051,Insulated Ski Jacket - Men's,1,299.99,299.99,0.0,26.25
c0c4f8a5-e2a4-4df1-ae2f-1be24d4b6939,4,3011,Alpine Pro Racing Skis - 170cm,2,1299.99,2599.98,0.0,227.5
8d343805-80be-426a-8bd2-4452c1b1d0aa,1,3013,Beginner's Choice Alpine Skis - 160cm,2,449.99,899.98,0.0,78.75
8d343805-80be-426a-8bd2-4452c1b1d0aa,2,3052,Thermal Base Layer Set - Women's,2,149.99,299.98,0.0,26.25
a452a9d5-5e83-4ea8-ac58-e71e5fd6fabb,1,3092,All-Mountain Snowboard - 158cm,1,799.99,799.99,0.0,70.0
a452a9d5-5e83-4ea8-ac58-e71e5fd6fabb,2,3022,Backcountry Explorer XC Skis - 190cm,2,549.99,1099.98,0.0,96.25
a452a9d5-5e83-4ea8-ac58-e71e5fd6fabb,3,3082,Edge Tuning Tool Set,1,119.99,119.99,0.0,10.5
d6bd08d3-92b1-478d-9fff-883b93f50eb4,1,3081,All-Temp Ski Wax Kit,1,79.99,79.99,0.0,7.0
d6bd08d3-92b1-478d-9fff-883b93f50eb4,2,3082,Edge Tuning Tool Set,1,119.99,119.99,0.0,10.5
d6bd08d3-92b1-478d-9fff-883b93f50eb4,3,3082,Edge Tuning Tool Set,1,119.99,119.99,0.0,10.5
55afd790-057a-4406-b142-6a3e108cf8eb,1,3032,Comfort Fit Recreational Boots,2,399.99,799.98,0.0,70.0
55afd790-057a-4406-b142-6a3e108cf8eb,2,3091,Freestyle Snowboard - 155cm,1,649.99,649.99,0.0,56.87
55afd790-057a-4406-b142-6a3e108cf8eb,3,3011,Alpine Pro Racing Skis - 170cm,2,1299.99,2599.98,0.0,227.5
200b5043-ffa9-40a2-b121-d7038d649fd2,1,3104,Ski Tuning Bench - Portable,1,189.99,189.99,0.0,16.62
200b5043-ffa9-40a2-b121-d7038d649fd2,2,3091,Freestyle Snowboard - 155cm,1,649.99,649.99,0.0,56.87
d1484e4a-1f5b-4864-9be0-e2f9292aeae3,1,3104,Ski Tuning Bench - Portable,2,189.99,379.98,0.0,33.25
d1484e4a-1f5b-4864-9be0-e2f9292aeae3,2,3103,Snowboard Bindings - Pro,2,299.99,599.98,0.0,52.5
d1484e4a-1f5b-4864-9be0-e2f9292aeae3,3,3091,Freestyle Snowboard - 155cm,2,649.99,1299.98,0.0,113.75
b95aac75-a596-46f2-a76c-d6c0dd8fa624,1,3033,Women's Performance Ski Boots,1,579.99,579.99,0.0,50.75
b95aac75-a596-46f2-a76c-d6c0dd8fa624,2,3033,Women's Performance Ski Boots,1,579.99,579.99,0.0,50.75
b95aac75-a596-46f2-a76c-d6c0dd8fa624,3,3011,Alpine Pro Racing Skis - 170cm,2,1299.99,2599.98,0.0,227.5
b95aac75-a596-46f2-a76c-d6c0dd8fa624,4,3032,Comfort Fit Recreational Boots,2,399.99,799.98,0.0,70.0
ee7080a6-e041-45de-a3b7-7208975c3e21,1,3013,Beginner's Choice Alpine Skis - 160cm,2,449.99,899.98,0.0,78.75
ee7080a6-e041-45de-a3b7-7208975c3e21,2,3022,Backcountry Explorer XC Skis - 190cm,1,549.99,549.99,0.0,48.12
ee7080a6-e041-45de-a3b7-7208975c3e21,3,3101,Winter Boots - Insulated,1,159.99,159.99,0.0,14.0
ee7080a6-e041-45de-a3b7-7208975c3e21,4,3032,Comfort Fit Recreational Boots,2,399.99,799.98,0.0,70.0
cab1f647-c18d-4a5b-8d83-cb4791c04a04,1,3104,Ski Tuning Bench - Portable,2,189.99,379.98,0.0,33.25
cab1f647-c18d-4a5b-8d83-cb4791c04a04,2,3082,Edge Tuning Tool Set,2,119.99,239.98,0.0,21.0
242039cb-8fbe-42f2-9fde-14f67a3a57ca,1,3082,Edge Tuning Tool Set,1,119.99,119.99,0.0,10.5
242039cb-8fbe-42f2-9fde-14f67a3a57ca,2,3104,Ski Tuning Bench - Portable,2,189.99,379.98,0.0,33.25
242039cb-8fbe-42f2-9fde-14f67a3a57ca,3,3012,Mountain Master All-Terrain Skis - 165cm,2,899.99,1799.98,0.0,157.5
242039cb-8fbe-42f2-9fde-14f67a3a57ca,4,3091,Freestyle Snowboard - 155cm,2,649.99,1299.98,0.0,113.75
f7fb6019-63bb-4423-87f2-2d4637abc16b,1,3013,Beginner's Choice Alpine Skis - 160cm,1,449.99,449.99,0.0,39.37
f7fb6019-63bb-4423-87f2-2d4637abc16b,2,3013,Beginner's Choice Alpine Skis - 160cm,2,449.99,899.98,0.0,78.75
f7fb6019-63bb-4423-87f2-2d4637abc16b,3,3013,Beginner's Choice Alpine Skis - 160cm,1,449.99,449.99,0.0,39.37
f7fb6019-63bb-4423-87f2-2d4637abc16b,4,3012,Mountain Master All-Terrain Skis - 165cm,1,899.99,899.99,0.0,78.75
4512d601-2e30-4084-92ff-19d52877f6bb,1,3101,Winter Boots - Insulated,1,159.99,159.99,0.0,14.0
4512d601-2e30-4084-92ff-19d52877f6bb,2,3104,Ski Tuning Bench - Portable,1,189.99,189.99,0.0,16.62
4512d601-2e30-4084-92ff-19d52877f6bb,3,3081,All-Temp Ski Wax Kit,2,79.99,159.98,0.0,14.0
bb738501-e296-483f-8c00-53d0142b5ba0,1,3031,Pro Flex Racing Ski Boots,1,649.99,649.99,0.0,56.87
bb738501-e296-483f-8c00-53d0142b5ba0,2,3081,All-Temp Ski Wax Kit,1,79.99,79.99,0.0,7.0
e4e377b3-b372-4b1a-95dd-bc0fabd8f2c6,1,3011,Alpine Pro Racing Skis - 170cm,1,1299.99,1299.99,0.0,113.75
e4e377b3-b372-4b1a-95dd-bc0fabd8f2c6,2,3051,Insulated Ski Jacket - Men's,1,299.99,299.99,0.0,26.25
e4e377b3-b372-4b1a-95dd-bc0fabd8f2c6,3,3051,Insulated Ski Jacket - Men's,1,299.99,299.99,0.0,26.25
e4e377b3-b372-4b1a-95dd-bc0fabd8f2c6,4,3012,Mountain Master All-Terrain Skis - 165cm,1,899.99,899.99,0.0,78.75
2e350074-f773-494a-a4d0-b8e11b0bb941,1,3011,Alpine Pro Racing Skis - 170cm,2,1299.99,2599.98,0.0,227.5
f4f1d82a-f793-4748-8df7-da2f595b56e8,1,3031,Pro Flex Racing Ski Boots,1,649.99,649.99,0.0,56.87
f4f1d82a-f793-4748-8df7-da2f595b56e8,2,3104,Ski Tuning Bench - Portable,2,189.99,379.98,0.0,33.25
53ec9e39-7f24-4fd9-b111-397ddc812d85,1,3033,Women's Performance Ski Boots,1,579.99,579.99,0.0,50.75
fa773ba8-4219-4c96-94a9-fb1c1e500887,1,3051,Insulated Ski Jacket - Men's,2,299.99,599.98,0.0,52.5
fa773ba8-4219-4c96-94a9-fb1c1e500887,2,3053,Waterproof Ski Pants,2,249.99,499.98,0.0,43.75
2d84a980-b35f-4e92-ae33-5a66843c8a48,1,3042,Aluminum All-Mountain Poles - 115cm,1,99.99,99.99,0.0,8.75
2d84a980-b35f-4e92-ae33-5a66843c8a48,2,3072,Hand Warmers - 10 Pack,2,14.99,29.98,0.0,2.62
2d84a980-b35f-4e92-ae33-5a66843c8a48,3,3042,Aluminum All-Mountain Poles - 115cm,2,99.99,199.98,0.0,17.5
2d84a980-b35f-4e92-ae33-5a66843c8a48,4,3032,Comfort Fit Recreational Boots,2,399.99,799.98,0.0,70.0
f35b096c-5609-4b4b-8d4f-971670590d93,1,3012,Mountain Master All-Terrain Skis - 165cm,1,899.99,899.99,0.0,78.75
f35b096c-5609-4b4b-8d4f-971670590d93,2,3072,Hand Warmers - 10 Pack,1,14.99,14.99,0.0,1.31
f35b096c-5609-4b4b-8d4f-971670590d93,3,3061,Professional Ski Helmet,2,199.99,399.98,0.0,35.0
e02c3714-cd6c-4016-bb5a-921f760d6326,1,3053,Waterproof Ski Pants,2,249.99,499.98,0.0,43.75
e02c3714-cd6c-4016-bb5a-921f760d6326,2,3033,Women's Performance Ski Boots,1,579.99,579.99,0.0,50.75
e02c3714-cd6c-4016-bb5a-921f760d6326,3,3072,Hand Warmers - 10 Pack,1,14.99,14.99,0.0,1.31
e02c3714-cd6c-4016-bb5a-921f760d6326,4,3011,Alpine Pro Racing Skis - 170cm,1,1299.99,1299.99,0.0,113.75
e3d74581-0c5e-4251-8429-4fd2bfdb40cc,1,3031,Pro Flex Racing Ski Boots,2,649.99,1299.98,0.0,113.75
e3d74581-0c5e-4251-8429-4fd2bfdb40cc,2,3082,Edge Tuning Tool Set,2,119.99,239.98,0.0,21.0
e3d74581-0c5e-4251-8429-4fd2bfdb40cc,3,3082,Edge Tuning Tool Set,2,119.99,239.98,0.0,21.0
d579c244-64e4-45d8-926a-3a43d8e8dca3,1,3082,Edge Tuning Tool Set,2,119.99,239.98,0.0,21.0
8c08a466-fbd4-4368-88a9-477ab88b7b56,1,3081,All-Temp Ski Wax Kit,2,79.99,159.98,0.0,14.0
8c08a466-fbd4-4368-88a9-477ab88b7b56,2,3082,Edge Tuning Tool Set,1,119.99,119.99,0.0,10.5
943ae7f1-890a-42e8-b1a4-dcd4cbe1c4f0,1,3104,Ski Tuning Bench - Portable,1,189.99,189.99,0.0,16.62
943ae7f1-890a-42e8-b1a4-dcd4cbe1c4f0,2,3101,Winter Boots - Insulated,1,159.99,159.99,0.0,14.0
943ae7f1-890a-42e8-b1a4-dcd4cbe1c4f0,3,3053,Waterproof Ski Pants,2,249.99,499.98,0.0,43.75
943ae7f1-890a-42e8-b1a4-dcd4cbe1c4f0,4,3081,All-Temp Ski Wax Kit,2,79.99,159.98,0.0,14.0
7ea17eec-9121-498b-85fb-642c512b54e1,1,3031,Pro Flex Racing Ski Boots,2,649.99,1299.98,0.0,113.75
7ea17eec-9121-498b-85fb-642c512b54e1,2,3072,Hand Warmers - 10 Pack,1,14.99,14.99,0.0,1.31
7ea17eec-9121-498b-85fb-642c512b54e1,3,3104,Ski Tuning Bench - Portable,1,189.99,189.99,0.0,16.62
7ea17eec-9121-498b-85fb-642c512b54e1,4,3061,Professional Ski Helmet,1,199.99,199.99,0.0,17.5
605e423c-61d3-4ce8-9975-d24b3948e672,1,3052,Thermal Base Layer Set - Women's,2,149.99,299.98,0.0,26.25
605e423c-61d3-4ce8-9975-d24b3948e672,2,3042,Aluminum All-Mountain Poles - 115cm,2,99.99,199.98,0.0,17.5
ec5eac0e-be63-44d9-be64-28e48e7228e5,1,3042,Aluminum All-Mountain Poles - 115cm,1,99.99,99.99,0.0,8.75
ec5eac0e-be63-44d9-be64-28e48e7228e5,2,3091,Freestyle Snowboard - 155cm,1,649.99,649.99,0.0,56.87
ec5eac0e-be63-44d9-be64-28e48e7228e5,3,3092,All-Mountain Snowboard - 158cm,2,799.99,1599.98,0.0,140.0
b179a104-15ad-4420-809d-176c1c07b791,1,3081,All-Temp Ski Wax Kit,1,79.99,79.99,0.0,7.0
b179a104-15ad-4420-809d-176c1c07b791,2,3071,Ski Boot Bag - Premium,2,59.99,119.98,0.0,10.5
b179a104-15ad-4420-809d-176c1c07b791,3,3082,Edge Tuning Tool Set,1,119.99,119.99,0.0,10.5
37a323a5-ede1-41a5-9124-0e9ba25adea4,1,3081,All-Temp Ski Wax Kit,2,79.99,159.98,0.0,14.0
37a323a5-ede1-41a5-9124-0e9ba25adea4,2,3031,Pro Flex Racing Ski Boots,1,649.99,649.99,0.0,56.87
37a323a5-ede1-41a5-9124-0e9ba25adea4,3,3033,Women's Performance Ski Boots,2,579.99,1159.98,0.0,101.5
37a323a5-ede1-41a5-9124-0e9ba25adea4,4,3053,Waterproof Ski Pants,1,249.99,249.99,0.0,21.87
6bf4fe2c-c29f-4436-9025-3dec70314d40,1,3102,Winter Hiking Boots - Waterproof,2,249.99,499.98,0.0,43.75
6bf4fe2c-c29f-4436-9025-3dec70314d40,2,3053,Waterproof Ski Pants,1,249.99,249.99,0.0,21.87
6bf4fe2c-c29f-4436-9025-3dec70314d40,3,3104,Ski Tuning Bench - Portable,2,189.99,379.98,0.0,33.25
1d33407b-66d9-431a-97f2-03fc931da77b,1,3031,Pro Flex Racing Ski Boots,2,649.99,1299.98,0.0,113.75
a6601796-7937-4493-be09-21c830ad9e62,1,3103,Snowboard Bindings - Pro,2,299.99,599.98,0.0,52.5
a6601796-7937-4493-be09-21c830ad9e62,2,3104,Ski Tuning Bench - Portable,1,189.99,189.99,0.0,16.62
8e697d66-5a86-4c3a-83d9-95d9f67cf34c,1,3033,Women's Performance Ski Boots,1,579.99,579.99,0.0,50.75
dbe7453a-4dce-40a4-aa64-a936090888cd,1,3031,Pro Flex Racing Ski Boots,2,649.99,1299.98,0.0,113.75
54345427-e30e-4da6-8eb4-260f347e2b9c,1,3011,Alpine Pro Racing Skis - 170cm,2,1299.99,2599.98,0.0,227.5
54345427-e30e-4da6-8eb4-260f347e2b9c,2,3021,Nordic Classic XC Skis - 185cm,1,349.99,349.99,0.0,30.62
449ab31a-52ec-4488-93d0-c1968d48398e,1,3081,All-Temp Ski Wax Kit,1,79.99,79.99,0.0,7.0
449ab31a-52ec-4488-93d0-c1968d48398e,2,3051,Insulated Ski Jacket - Men's,1,299.99,299.99,0.0,26.25
449ab31a-52ec-4488-93d0-c1968d48398e,3,3051,Insulated Ski Jacket - Men's,1,299.99,299.99,0.0,26.25
449ab31a-52ec-4488-93d0-c1968d48398e,4,3052,Thermal Base Layer Set - Women's,2,149.99,299.98,0.0,26.25
20c2b8bf-9808-49d3-95d7-acd199ed5c9a,1,3053,Waterproof Ski Pants,2,249.99,499.98,0.0,43.75
20c2b8bf-9808-49d3-95d7-acd199ed5c9a,2,3012,Mountain Master All-Terrain Skis - 165cm,1,899.99,899.99,0.0,78.75
20c2b8bf-9808-49d3-95d7-acd199ed5c9a,3,3053,Waterproof Ski Pants,1,249.99,249.99,0.0,21.87
20c2b8bf-9808-49d3-95d7-acd199ed5c9a,4,3033,Women's Performance Ski Boots,2,579.99,1159.98,0.0,101.5
9e26deb3-d75f-4fb1-a841-287ca936d18f,1,3033,Women's Performance Ski Boots,2,579.99,1159.98,0.0,101.5
f5cb8363-f4e2-4ad0-9d56-f99d613f8a19,1,3033,Women's Performance Ski Boots,2,579.99,1159.98,0.0,101.5
f5cb8363-f4e2-4ad0-9d56-f99d613f8a19,2,3011,Alpine Pro Racing Skis - 170cm,2,1299.99,2599.98,0.0,227.5
f5cb8363-f4e2-4ad0-9d56-f99d613f8a19,3,3012,Mountain Master All-Terrain Skis - 165cm,1,899.99,899.99,0.0,78.75
f5cb8363-f4e2-4ad0-9d56-f99d613f8a19,4,3042,Aluminum All-Mountain Poles - 115cm,1,99.99,99.99,0.0,8.75
4cd05842-7a41-4f99-a446-5ef6d8f8d5e3,1,3062,Anti-Fog Ski Goggles,2,129.99,259.98,0.0,22.75
4cd05842-7a41-4f99-a446-5ef6d8f8d5e3,2,3013,Beginner's Choice Alpine Skis - 160cm,2,449.99,899.98,0.0,78.75
4cd05842-7a41-4f99-a446-5ef6d8f8d5e3,3,3031,Pro Flex Racing Ski Boots,2,649.99,1299.98,0.0,113.75
5f75b4b7-a390-4c7b-bf6c-120774b092a7,1,3081,All-Temp Ski Wax Kit,1,79.99,79.99,0.0,7.0
5f75b4b7-a390-4c7b-bf6c-120774b092a7,2,3011,Alpine Pro Racing Skis - 170cm,2,1299.99,2599.98,0.0,227.5
1e4ae19b-2346-43c9-a196-64ccfdd58865,1,3022,Backcountry Explorer XC Skis - 190cm,1,549.99,549.99,0.0,48.12
1e4ae19b-2346-43c9-a196-64ccfdd58865,2,3053,Waterproof Ski Pants,1,249.99,249.99,0.0,21.87
1e4ae19b-2346-43c9-a196-64ccfdd58865,3,3062,Anti-Fog Ski Goggles,2,129.99,259.98,0.0,22.75
1e4ae19b-2346-43c9-a196-64ccfdd58865,4,3033,Women's Performance Ski Boots,2,579.99,1159.98,0.0,101.5
94e92e6d-18b9-4a93-abb1-e61804c01dfc,1,3022,Backcountry Explorer XC Skis - 190cm,1,549.99,549.99,0.0,48.12
94e92e6d-18b9-4a93-abb1-e61804c01dfc,2,3041,Carbon Fiber Racing Poles - 120cm,1,179.99,179.99,0.0,15.75
abb9d6ff-d8d2-47d7-bb25-014a711be79f,1,3082,Edge Tuning Tool Set,2,119.99,239.98,0.0,21.0
abb9d6ff-d8d2-47d7-bb25-014a711be79f,2,3032,Comfort Fit Recreational Boots,1,399.99,399.99,0.0,35.0
abb9d6ff-d8d2-47d7-bb25-014a711be79f,3,3082,Edge Tuning Tool Set,1,119.99,119.99,0.0,10.5
abb9d6ff-d8d2-47d7-bb25-014a711be79f,4,3052,Thermal Base Layer Set - Women's,2,149.99,299.98,0.0,26.25
4a478d95-8538-4123-8e6a-8bdc3216bcf5,1,3041,Carbon Fiber Racing Poles - 120cm,2,179.99,359.98,0.0,31.5
4a478d95-8538-4123-8e6a-8bdc3216bcf5,2,3081,All-Temp Ski Wax Kit,1,79.99,79.99,0.0,7.0
4a478d95-8538-4123-8e6a-8bdc3216bcf5,3,3013,Beginner's Choice Alpine Skis - 160cm,2,449.99,899.98,0.0,78.75
4eab5a8a-c193-4e56-bac9-96417a86fc8a,1,3041,Carbon Fiber Racing Poles - 120cm,1,179.99,179.99,0.0,15.75
4eab5a8a-c193-4e56-bac9-96417a86fc8a,2,3082,Edge Tuning Tool Set,2,119.99,239.98,0.0,21.0
141f5d5e-8a98-44c9-b880-c4d90aea546a,1,3103,Snowboard Bindings - Pro,1,299.99,299.99,0.0,26.25
141f5d5e-8a98-44c9-b880-c4d90aea546a,2,3021,Nordic Classic XC Skis - 185cm,2,349.99,699.98,0.0,61.25
61bd7774-cf93-4b58-a503-c2f0ded7ce88,1,3052,Thermal Base Layer Set - Women's,1,149.99,149.99,0.0,13.12
61bd7774-cf93-4b58-a503-c2f0ded7ce88,2,3052,Thermal Base Layer Set - Women's,2,149.99,299.98,0.0,26.25
0a21a8b7-fa18-4a4c-bc00-3672f6f7796e,1,3081,All-Temp Ski Wax Kit,1,79.99,79.99,0.0,7.0
3f597bb6-4e66-4004-99ce-3ddc9f8fc830,1,3082,Edge Tuning Tool Set,1,119.99,119.99,0.0,10.5
3f597bb6-4e66-4004-99ce-3ddc9f8fc830,2,3042,Aluminum All-Mountain Poles - 115cm,2,99.99,199.98,0.0,17.5
e3af9165-1b26-4287-b6fe-3551cbee99fa,1,3092,All-Mountain Snowboard - 158cm,2,799.99,1599.98,0.0,140.0
e3af9165-1b26-4287-b6fe-3551cbee99fa,2,3052,Thermal Base Layer Set - Women's,1,149.99,149.99,0.0,13.12
e3af9165-1b26-4287-b6fe-3551cbee99fa,3,3031,Pro Flex Racing Ski Boots,2,649.99,1299.98,0.0,113.75
0e842d7f-bcde-4ad1-b73a-361837b2f680,1,3053,Waterproof Ski Pants,2,249.99,499.98,0.0,43.75
ddc9810b-0a07-4f2c-b903-3dcd31f65b2c,1,3104,Ski Tuning Bench - Portable,2,189.99,379.98,0.0,33.25
ddc9810b-0a07-4f2c-b903-3dcd31f65b2c,2,3101,Winter Boots - Insulated,2,159.99,319.98,0.0,28.0
ddc9810b-0a07-4f2c-b903-3dcd31f65b2c,3,3092,All-Mountain Snowboard - 158cm,1,799.99,799.99,0.0,70.0
e859ce94-5b12-4399-a099-19babd0e729b,1,3012,Mountain Master All-Terrain Skis - 165cm,2,899.99,1799.98,0.0,157.5
8ab61e13-79f4-4f1f-9c87-196558c3d5c5,1,3053,Waterproof Ski Pants,1,249.99,249.99,0.0,21.87
8ab61e13-79f4-4f1f-9c87-196558c3d5c5,2,3042,Aluminum All-Mountain Poles - 115cm,2,99.99,199.98,0.0,17.5
8ab61e13-79f4-4f1f-9c87-196558c3d5c5,3,3051,Insulated Ski Jacket - Men's,1,299.99,299.99,0.0,26.25
ac2d661a-bd5f-410f-a054-3042b2c149d8,1,3032,Comfort Fit Recreational Boots,2,399.99,799.98,0.0,70.0
ac2d661a-bd5f-410f-a054-3042b2c149d8,2,3033,Women's Performance Ski Boots,2,579.99,1159.98,0.0,101.5
ac2d661a-bd5f-410f-a054-3042b2c149d8,3,3013,Beginner's Choice Alpine Skis - 160cm,2,449.99,899.98,0.0,78.75
5bbcb97d-0cbb-4e11-82af-264873fe79b0,1,3062,Anti-Fog Ski Goggles,1,129.99,129.99,0.0,11.37
396aa78f-9b51-4acd-b787-651f46f36ba6,1,3052,Thermal Base Layer Set - Women's,2,149.99,299.98,0.0,26.25
396aa78f-9b51-4acd-b787-651f46f36ba6,2,3032,Comfort Fit Recreational Boots,1,399.99,399.99,0.0,35.0
e8b39f27-1553-42e9-9882-0fe1d4af99fd,1,3081,All-Temp Ski Wax Kit,1,79.99,79.99,0.0,7.0
e8b39f27-1553-42e9-9882-0fe1d4af99fd,2,3012,Mountain Master All-Terrain Skis - 165cm,2,899.99,1799.98,0.0,157.5
e8b39f27-1553-42e9-9882-0fe1d4af99fd,3,3031,Pro Flex Racing Ski Boots,2,649.99,1299.98,0.0,113.75
2ed5e3bc-9151-45de-afae-99d7aaec9588,1,3013,Beginner's Choice Alpine Skis - 160cm,1,449.99,449.99,0.0,39.37
2ed5e3bc-9151-45de-afae-99d7aaec9588,2,3062,Anti-Fog Ski Goggles,2,129.99,259.98,0.0,22.75
2ed5e3bc-9151-45de-afae-99d7aaec9588,3,3033,Women's Performance Ski Boots,1,579.99,579.99,0.0,50.75
2ed5e3bc-9151-45de-afae-99d7aaec9588,4,3081,All-Temp Ski Wax Kit,2,79.99,159.98,0.0,14.0
5eabe19e-48f7-4378-b6e4-ba64a7778b28,1,3062,Anti-Fog Ski Goggles,1,129.99,129.99,0.0,11.37
5eabe19e-48f7-4378-b6e4-ba64a7778b28,2,3104,Ski Tuning Bench - Portable,2,189.99,379.98,0.0,33.25
b4acbf7b-41a6-4c9e-bb66-a0f474977496,1,3104,Ski Tuning Bench - Portable,1,189.99,189.99,0.0,16.62
b4acbf7b-41a6-4c9e-bb66-a0f474977496,2,3013,Beginner's Choice Alpine Skis - 160cm,2,449.99,899.98,0.0,78.75
b4acbf7b-41a6-4c9e-bb66-a0f474977496,3,3082,Edge Tuning Tool Set,1,119.99,119.99,0.0,10.5
b4acbf7b-41a6-4c9e-bb66-a0f474977496,4,3062,Anti-Fog Ski Goggles,1,129.99,129.99,0.0,11.37
5652c4ae-9253-4911-a587-9513135774bb,1,3071,Ski Boot Bag - Premium,2,59.99,119.98,0.0,10.5
5652c4ae-9253-4911-a587-9513135774bb,2,3104,Ski Tuning Bench - Portable,2,189.99,379.98,0.0,33.25
5652c4ae-9253-4911-a587-9513135774bb,3,3011,Alpine Pro Racing Skis - 170cm,2,1299.99,2599.98,0.0,227.5
427553ee-3ff0-4f24-a504-e3a201834175,1,3032,Comfort Fit Recreational Boots,2,399.99,799.98,0.0,70.0
427553ee-3ff0-4f24-a504-e3a201834175,2,3052,Thermal Base Layer Set - Women's,2,149.99,299.98,0.0,26.25
427553ee-3ff0-4f24-a504-e3a201834175,3,3052,Thermal Base Layer Set - Women's,2,149.99,299.98,0.0,26.25
427553ee-3ff0-4f24-a504-e3a201834175,4,3011,Alpine Pro Racing Skis - 170cm,1,1299.99,1299.99,0.0,113.75
de3ca7f5-3769-4a15-a78a-04f9227184ca,1,3012,Mountain Master All-Terrain Skis - 165cm,2,899.99,1799.98,0.0,157.5
de3ca7f5-3769-4a15-a78a-04f9227184ca,2,3103,Snowboard Bindings - Pro,2,299.99,599.98,0.0,52.5
7bcb6a7d-bc92-41f7-a0b4-ada264656792,1,3013,Beginner's Choice Alpine Skis - 160cm,1,449.99,449.99,0.0,39.37
7bcb6a7d-bc92-41f7-a0b4-ada264656792,2,3012,Mountain Master All-Terrain Skis - 165cm,1,899.99,899.99,0.0,78.75
7bcb6a7d-bc92-41f7-a0b4-ada264656792,3,3051,Insulated Ski Jacket - Men's,2,299.99,599.98,0.0,52.5
24f8aedb-09e3-4bc1-b366-a3dab108c1bd,1,3081,All-Temp Ski Wax Kit,2,79.99,159.98,0.0,14.0
24f8aedb-09e3-4bc1-b366-a3dab108c1bd,2,3092,All-Mountain Snowboard - 158cm,1,799.99,799.99,0.0,70.0
7376f178-95c1-4e2e-974e-492d867d4215,1,3092,All-Mountain Snowboard - 158cm,2,799.99,1599.98,0.0,140.0
7376f178-95c1-4e2e-974e-492d867d4215,2,3032,Comfort Fit Recreational Boots,1,399.99,399.99,0.0,35.0
7376f178-95c1-4e2e-974e-492d867d4215,3,3104,Ski Tuning Bench - Portable,1,189.99,189.99,0.0,16.62
e2966c90-2f59-43be-8502-958be3f7c42d,1,3053,Waterproof Ski Pants,1,249.99,249.99,0.0,21.87
028c3fc5-6af5-48a1-a7ba-ee8613ea2e5c,1,3022,Backcountry Explorer XC Skis - 190cm,1,549.99,549.99,0.0,48.12
028c3fc5-6af5-48a1-a7ba-ee8613ea2e5c,2,3031,Pro Flex Racing Ski Boots,2,649.99,1299.98,0.0,113.75
028c3fc5-6af5-48a1-a7ba-ee8613ea2e5c,3,3062,Anti-Fog Ski Goggles,2,129.99,259.98,0.0,22.75
e1743270-d9c2-45d4-aa9c-5cbbf54e8767,1,3011,Alpine Pro Racing Skis - 170cm,1,1299.99,1299.99,0.0,113.75
bbb8ff28-112c-4ff7-8575-05664597010d,1,3052,Thermal Base Layer Set - Women's,1,149.99,149.99,0.0,13.12
bbb8ff28-112c-4ff7-8575-05664597010d,2,3021,Nordic Classic XC Skis - 185cm,2,349.99,699.98,0.0,61.25
bbb8ff28-112c-4ff7-8575-05664597010d,3,3091,Freestyle Snowboard - 155cm,2,649.99,1299.98,0.0,113.75
bbb8ff28-112c-4ff7-8575-05664597010d,4,3103,Snowboard Bindings - Pro,1,299.99,299.99,0.0,26.25
8d2bfbf4-f0ef-41f1-b8e0-75c8666dbc61,1,3051,Insulated Ski Jacket - Men's,1,299.99,299.99,0.0,26.25
8d2bfbf4-f0ef-41f1-b8e0-75c8666dbc61,2,3012,Mountain Master All-Terrain Skis - 165cm,2,899.99,1799.98,0.0,157.5
8d2bfbf4-f0ef-41f1-b8e0-75c8666dbc61,3,3062,Anti-Fog Ski Goggles,2,129.99,259.98,0.0,22.75
ddcb39bf-0afb-4d3a-b15f-6d449858fb72,1,3021,Nordic Classic XC Skis - 185cm,2,349.99,699.98,0.0,61.25
ddcb39bf-0afb-4d3a-b15f-6d449858fb72,2,3033,Women's Performance Ski Boots,2,579.99,1159.98,0.0,101.5
ddcb39bf-0afb-4d3a-b15f-6d449858fb72,3,3062,Anti-Fog Ski Goggles,1,129.99,129.99,0.0,11.37
abf9700b-6373-4e19-8575-89f340f533f7,1,3092,All-Mountain Snowboard - 158cm,2,799.99,1599.98,0.0,140.0
abf9700b-6373-4e19-8575-89f340f533f7,2,3104,Ski Tuning Bench - Portable,1,189.99,189.99,0.0,16.62
abf9700b-6373-4e19-8575-89f340f533f7,3,3012,Mountain Master All-Terrain Skis - 165cm,2,899.99,1799.98,0.0,157.5
abf9700b-6373-4e19-8575-89f340f533f7,4,3042,Aluminum All-Mountain Poles - 115cm,2,99.99,199.98,0.0,17.5
3baa5c90-cb5d-416c-b714-a9492978e6a9,1,3053,Waterproof Ski Pants,1,249.99,249.99,0.0,21.87
3baa5c90-cb5d-416c-b714-a9492978e6a9,2,3051,Insulated Ski Jacket - Men's,1,299.99,299.99,0.0,26.25
3baa5c90-cb5d-416c-b714-a9492978e6a9,3,3053,Waterproof Ski Pants,2,249.99,499.98,0.0,43.75
3baa5c90-cb5d-416c-b714-a9492978e6a9,4,3011,Alpine Pro Racing Skis - 170cm,2,1299.99,2599.98,0.0,227.5
770da6b6-7f63-47af-9b9b-5f4d2f072f18,1,3013,Beginner's Choice Alpine Skis - 160cm,1,449.99,449.99,0.0,39.37
8fd88658-bb72-4ced-86d2-7daef1167a17,1,3013,Beginner's Choice Alpine Skis - 160cm,1,449.99,449.99,0.0,39.37
8fd88658-bb72-4ced-86d2-7daef1167a17,2,3033,Women's Performance Ski Boots,1,579.99,579.99,0.0,50.75
8fd88658-bb72-4ced-86d2-7daef1167a17,3,3033,Women's Performance Ski Boots,2,579.99,1159.98,0.0,101.5
8fd88658-bb72-4ced-86d2-7daef1167a17,4,3013,Beginner's Choice Alpine Skis - 160cm,2,449.99,899.98,0.0,78.75
46d57da2-840b-4a80-a725-02a385774864,1,3042,Aluminum All-Mountain Poles - 115cm,1,99.99,99.99,0.0,8.75
46d57da2-840b-4a80-a725-02a385774864,2,3011,Alpine Pro Racing Skis - 170cm,2,1299.99,2599.98,0.0,227.5
c538418b-dfb9-444f-b715-6146350d8e28,1,3061,Professional Ski Helmet,2,199.99,399.98,0.0,35.0
c538418b-dfb9-444f-b715-6146350d8e28,2,3102,Winter Hiking Boots - Waterproof,1,249.99,249.99,0.0,21.87
07bb2706-1c67-4ce6-8245-a13660b2db52,1,3103,Snowboard Bindings - Pro,1,299.99,299.99,0.0,26.25
07bb2706-1c67-4ce6-8245-a13660b2db52,2,3012,Mountain Master All-Terrain Skis - 165cm,1,899.99,899.99,0.0,78.75
07bb2706-1c67-4ce6-8245-a13660b2db52,3,3033,Women's Performance Ski Boots,2,579.99,1159.98,0.0,101.5
0ce3c41f-36bd-45e2-bab5-592794f9fcf7,1,3011,Alpine Pro Racing Skis - 170cm,1,1299.99,1299.99,0.0,113.75
fdf1937a-df37-4d63-9d28-64d31b32b000,1,3033,Women's Performance Ski Boots,2,579.99,1159.98,0.0,101.5
fdf1937a-df37-4d63-9d28-64d31b32b000,2,3081,All-Temp Ski Wax Kit,1,79.99,79.99,0.0,7.0
7aef48b5-4cfa-4857-be7e-2a0adbb2e1ee,1,3041,Carbon Fiber Racing Poles - 120cm,2,179.99,359.98,0.0,31.5
7aef48b5-4cfa-4857-be7e-2a0adbb2e1ee,2,3031,Pro Flex Racing Ski Boots,2,649.99,1299.98,0.0,113.75
7aef48b5-4cfa-4857-be7e-2a0adbb2e1ee,3,3011,Alpine Pro Racing Skis - 170cm,1,1299.99,1299.99,0.0,113.75
7aef48b5-4cfa-4857-be7e-2a0adbb2e1ee,4,3012,Mountain Master All-Terrain Skis - 165cm,1,899.99,899.99,0.0,78.75
07f2fbf1-8d60-4654-b8f0-d4d7968fbfa6,1,3033,Women's Performance Ski Boots,2,579.99,1159.98,0.0,101.5
19ce5c2d-79a6-421f-8df2-76c99efd7239,1,3092,All-Mountain Snowboard - 158cm,1,799.99,799.99,0.0,70.0
19ce5c2d-79a6-421f-8df2-76c99efd7239,2,3104,Ski Tuning Bench - Portable,2,189.99,379.98,0.0,33.25
43b25f04-35e0-42d7-994e-96c8b4ef9fd5,1,3032,Comfort Fit Recreational Boots,2,399.99,799.98,0.0,70.0
975c3f82-cb26-40e4-8dbf-8013b7e85de7,1,3103,Snowboard Bindings - Pro,1,299.99,299.99,0.0,26.25
6702958f-444f-446c-afb6-f2f2abd11f4b,1,3011,Alpine Pro Racing Skis - 170cm,2,1299.99,2599.98,0.0,227.5
6702958f-444f-446c-afb6-f2f2abd11f4b,2,3103,Snowboard Bindings - Pro,1,299.99,299.99,0.0,26.25
87e8151d-2d6a-468b-b325-acad74c7163c,1,3012,Mountain Master All-Terrain Skis - 165cm,2,899.99,1799.98,0.0,157.5
87e8151d-2d6a-468b-b325-acad74c7163c,2,3032,Comfort Fit Recreational Boots,2,399.99,799.98,0.0,70.0
87e8151d-2d6a-468b-b325-acad74c7163c,3,3041,Carbon Fiber Racing Poles - 120cm,1,179.99,179.99,0.0,15.75
0f1bdfce-0347-401f-9a5e-49f5a949cbd4,1,3082,Edge Tuning Tool Set,1,119.99,119.99,0.0,10.5
4e205d88-6063-4c92-a8e5-708f21edf0df,1,3053,Waterproof Ski Pants,1,249.99,249.99,0.0,21.87
4e205d88-6063-4c92-a8e5-708f21edf0df,2,3081,All-Temp Ski Wax Kit,2,79.99,159.98,0.0,14.0
310e6939-6ca1-4c2a-952f-4733288aa450,1,3021,Nordic Classic XC Skis - 185cm,1,349.99,349.99,0.0,30.62
310e6939-6ca1-4c2a-952f-4733288aa450,2,3053,Waterproof Ski Pants,1,249.99,249.99,0.0,21.87
310e6939-6ca1-4c2a-952f-4733288aa450,3,3082,Edge Tuning Tool Set,2,119.99,239.98,0.0,21.0
e03723f7-eec2-4b8d-88b5-a662f0f5dd34,1,3104,Ski Tuning Bench - Portable,1,189.99,189.99,0.0,16.62
e03723f7-eec2-4b8d-88b5-a662f0f5dd34,2,3081,All-Temp Ski Wax Kit,1,79.99,79.99,0.0,7.0
e03723f7-eec2-4b8d-88b5-a662f0f5dd34,3,3032,Comfort Fit Recreational Boots,2,399.99,799.98,0.0,70.0
e03723f7-eec2-4b8d-88b5-a662f0f5dd34,4,3091,Freestyle Snowboard - 155cm,1,649.99,649.99,0.0,56.87
c522930e-a9cf-4ae8-bd43-4f92ffbd04a0,1,3011,Alpine Pro Racing Skis - 170cm,2,1299.99,2599.98,0.0,227.5
c522930e-a9cf-4ae8-bd43-4f92ffbd04a0,2,3053,Waterproof Ski Pants,2,249.99,499.98,0.0,43.75
f7190fa0-e491-4c19-86a4-b8db919f9956,1,3081,All-Temp Ski Wax Kit,2,79.99,159.98,0.0,14.0
f7190fa0-e491-4c19-86a4-b8db919f9956,2,3011,Alpine Pro Racing Skis - 170cm,1,1299.99,1299.99,0.0,113.75
606543bf-db5b-4911-bd53-b5de4b175152,1,3051,Insulated Ski Jacket - Men's,1,299.99,299.99,0.0,26.25
606543bf-db5b-4911-bd53-b5de4b175152,2,3032,Comfort Fit Recreational Boots,1,399.99,399.99,0.0,35.0
6aeddc6f-d8a1-4217-8bbe-e1049559d990,1,3012,Mountain Master All-Terrain Skis - 165cm,1,899.99,899.99,0.0,78.75
6aeddc6f-d8a1-4217-8bbe-e1049559d990,2,3032,Comfort Fit Recreational Boots,2,399.99,799.98,0.0,70.0
6aeddc6f-d8a1-4217-8bbe-e1049559d990,3,3011,Alpine Pro Racing Skis - 170cm,1,1299.99,1299.99,0.0,113.75
899903b6-8d0e-43a4-8502-6b5359b1a03a,1,3071,Ski Boot Bag - Premium,2,59.99,119.98,0.0,10.5
899903b6-8d0e-43a4-8502-6b5359b1a03a,2,3042,Aluminum All-Mountain Poles - 115cm,2,99.99,199.98,0.0,17.5
7f5323cc-0efb-402a-a850-3122c2fc3c80,1,3051,Insulated Ski Jacket - Men's,1,299.99,299.99,0.0,26.25
7f5323cc-0efb-402a-a850-3122c2fc3c80,2,3091,Freestyle Snowboard - 155cm,2,649.99,1299.98,0.0,113.75
3946e35a-8556-4527-b729-c61b191c74a0,1,3081,All-Temp Ski Wax Kit,2,79.99,159.98,0.0,14.0
3946e35a-8556-4527-b729-c61b191c74a0,2,3103,Snowboard Bindings - Pro,2,299.99,599.98,0.0,52.5
3946e35a-8556-4527-b729-c61b191c74a0,3,3032,Comfort Fit Recreational Boots,1,399.99,399.99,0.0,35.0
53b27b85-deaf-41bb-9fd5-8185630964f5,1,3012,Mountain Master All-Terrain Skis - 165cm,1,899.99,899.99,0.0,78.75
f719defa-84ca-409d-a63f-3fdd0e3e81d6,1,3021,Nordic Classic XC Skis - 185cm,2,349.99,699.98,0.0,61.25
f719defa-84ca-409d-a63f-3fdd0e3e81d6,2,3012,Mountain Master All-Terrain Skis - 165cm,2,899.99,1799.98,0.0,157.5
f719defa-84ca-409d-a63f-3fdd0e3e81d6,3,3082,Edge Tuning Tool Set,2,119.99,239.98,0.0,21.0
f719defa-84ca-409d-a63f-3fdd0e3e81d6,4,3081,All-Temp Ski Wax Kit,1,79.99,79.99,0.0,7.0
4e38cc28-a9ce-474c-9be8-a3dda0dd7dba,1,3104,Ski Tuning Bench - Portable,1,189.99,189.99,0.0,16.62
4e38cc28-a9ce-474c-9be8-a3dda0dd7dba,2,3053,Waterproof Ski Pants,1,249.99,249.99,0.0,21.87
4e38cc28-a9ce-474c-9be8-a3dda0dd7dba,3,3082,Edge Tuning Tool Set,2,119.99,239.98,0.0,21.0
4e38cc28-a9ce-474c-9be8-a3dda0dd7dba,4,3051,Insulated Ski Jacket - Men's,1,299.99,299.99,0.0,26.25
e5a22fbf-5884-4a2a-8e7f-7217656b0d14,1,3033,Women's Performance Ski Boots,2,579.99,1159.98,0.0,101.5
e5a22fbf-5884-4a2a-8e7f-7217656b0d14,2,3032,Comfort Fit Recreational Boots,1,399.99,399.99,0.0,35.0
e5a22fbf-5884-4a2a-8e7f-7217656b0d14,3,3031,Pro Flex Racing Ski Boots,2,649.99,1299.98,0.0,113.75
e5a22fbf-5884-4a2a-8e7f-7217656b0d14,4,3071,Ski Boot Bag - Premium,2,59.99,119.98,0.0,10.5
79b230e4-699e-4685-80cb-0ae734c1ca36,1,3104,Ski Tuning Bench - Portable,2,189.99,379.98,0.0,33.25
79b230e4-699e-4685-80cb-0ae734c1ca36,2,3091,Freestyle Snowboard - 155cm,2,649.99,1299.98,0.0,113.75
79b230e4-699e-4685-80cb-0ae734c1ca36,3,3081,All-Temp Ski Wax Kit,2,79.99,159.98,0.0,14.0
79b230e4-699e-4685-80cb-0ae734c1ca36,4,3102,Winter Hiking Boots - Waterproof,1,249.99,249.99,0.0,21.87
ae8f7604-9133-4750-b12d-8ba1312afb6d,1,3031,Pro Flex Racing Ski Boots,2,649.99,1299.98,0.0,113.75
b6fb61fb-4fbc-45f6-a918-1191e912e820,1,3081,All-Temp Ski Wax Kit,1,79.99,79.99,0.0,7.0
b6fb61fb-4fbc-45f6-a918-1191e912e820,2,3081,All-Temp Ski Wax Kit,2,79.99,159.98,0.0,14.0
b6fb61fb-4fbc-45f6-a918-1191e912e820,3,3012,Mountain Master All-Terrain Skis - 165cm,1,899.99,899.99,0.0,78.75
b6fb61fb-4fbc-45f6-a918-1191e912e820,4,3082,Edge Tuning Tool Set,1,119.99,119.99,0.0,10.5
b78a8498-a4d4-482a-b2be-4d09afb25831,1,3061,Professional Ski Helmet,1,199.99,199.99,0.0,17.5
b78a8498-a4d4-482a-b2be-4d09afb25831,2,3031,Pro Flex Racing Ski Boots,2,649.99,1299.98,0.0,113.75
dc2ce069-3d56-48e9-8fbd-967edc070771,1,3092,All-Mountain Snowboard - 158cm,2,799.99,1599.98,0.0,140.0
dc2ce069-3d56-48e9-8fbd-967edc070771,2,3032,Comfort Fit Recreational Boots,2,399.99,799.98,0.0,70.0
dc2ce069-3d56-48e9-8fbd-967edc070771,3,3091,Freestyle Snowboard - 155cm,1,649.99,649.99,0.0,56.87
dc2ce069-3d56-48e9-8fbd-967edc070771,4,3081,All-Temp Ski Wax Kit,1,79.99,79.99,0.0,7.0
5f536550-fc0f-4466-8fa1-9e7ea61c03f3,1,3031,Pro Flex Racing Ski Boots,1,649.99,649.99,0.0,56.87
5f536550-fc0f-4466-8fa1-9e7ea61c03f3,2,3082,Edge Tuning Tool Set,2,119.99,239.98,0.0,21.0
5f536550-fc0f-4466-8fa1-9e7ea61c03f3,3,3052,Thermal Base Layer Set - Women's,1,149.99,149.99,0.0,13.12
00734e75-692e-459a-9efb-bd6793b5bcad,1,3061,Professional Ski Helmet,2,199.99,399.98,0.0,35.0
00734e75-692e-459a-9efb-bd6793b5bcad,2,3033,Women's Performance Ski Boots,1,579.99,579.99,0.0,50.75
2a9e298b-4b3d-409a-92ea-3e751d8630c4,1,3092,All-Mountain Snowboard - 158cm,1,799.99,799.99,0.0,70.0
2a9e298b-4b3d-409a-92ea-3e751d8630c4,2,3012,Mountain Master All-Terrain Skis - 165cm,1,899.99,899.99,0.0,78.75
2a9e298b-4b3d-409a-92ea-3e751d8630c4,3,3031,Pro Flex Racing Ski Boots,1,649.99,649.99,0.0,56.87
2a9e298b-4b3d-409a-92ea-3e751d8630c4,4,3042,Aluminum All-Mountain Poles - 115cm,1,99.99,99.99,0.0,8.75
d5758fba-3763-4a22-8014-95fe65ff2150,1,3031,Pro Flex Racing Ski Boots,1,649.99,649.99,0.0,56.87
d5758fba-3763-4a22-8014-95fe65ff2150,2,3091,Freestyle Snowboard - 155cm,1,649.99,649.99,0.0,56.87
4a421a30-9e3f-462c-9524-7c9734484b7c,1,3104,Ski Tuning Bench - Portable,2,189.99,379.98,0.0,33.25
4a421a30-9e3f-462c-9524-7c9734484b7c,2,3022,Backcountry Explorer XC Skis - 190cm,1,549.99,549.99,0.0,48.12
4a421a30-9e3f-462c-9524-7c9734484b7c,3,3022,Backcountry Explorer XC Skis - 190cm,1,549.99,549.99,0.0,48.12
c8595b30-7d2e-4948-ae7c-339b5e2a3e1f,1,3031,Pro Flex Racing Ski Boots,1,649.99,649.99,0.0,56.87
c8595b30-7d2e-4948-ae7c-339b5e2a3e1f,2,3101,Winter Boots - Insulated,1,159.99,159.99,0.0,14.0
1b87af41-edc7-4057-86c8-03cb71d5b6bf,1,3061,Professional Ski Helmet,2,199.99,399.98,0.0,35.0
1b87af41-edc7-4057-86c8-03cb71d5b6bf,2,3053,Waterproof Ski Pants,1,249.99,249.99,0.0,21.87
1b87af41-edc7-4057-86c8-03cb71d5b6bf,3,3013,Beginner's Choice Alpine Skis - 160cm,1,449.99,449.99,0.0,39.37
1b87af41-edc7-4057-86c8-03cb71d5b6bf,4,3032,Comfort Fit Recreational Boots,1,399.99,399.99,0.0,35.0
2e78c91f-83f7-4cbb-87c9-ab3a9bc16fab,1,3013,Beginner's Choice Alpine Skis - 160cm,1,449.99,449.99,0.0,39.37
2e78c91f-83f7-4cbb-87c9-ab3a9bc16fab,2,3042,Aluminum All-Mountain Poles - 115cm,2,99.99,199.98,0.0,17.5
cde306e7-23fc-4d4d-ab87-13de7dd4e666,1,3052,Thermal Base Layer Set - Women's,2,149.99,299.98,0.0,26.25
512a033c-43ce-4e10-8a83-3c7a6eeac277,1,3033,Women's Performance Ski Boots,1,579.99,579.99,0.0,50.75
512a033c-43ce-4e10-8a83-3c7a6eeac277,2,3062,Anti-Fog Ski Goggles,1,129.99,129.99,0.0,11.37
512a033c-43ce-4e10-8a83-3c7a6eeac277,3,3061,Professional Ski Helmet,2,199.99,399.98,0.0,35.0
8e45fa9f-dc00-4bc5-9b90-be636818f983,1,3081,All-Temp Ski Wax Kit,1,79.99,79.99,0.0,7.0
fa6883d0-62c7-4de9-9c90-3ebcc8222086,1,3012,Mountain Master All-Terrain Skis - 165cm,1,899.99,899.99,0.0,78.75
fa6883d0-62c7-4de9-9c90-3ebcc8222086,2,3041,Carbon Fiber Racing Poles - 120cm,1,179.99,179.99,0.0,15.75
fa6883d0-62c7-4de9-9c90-3ebcc8222086,3,3033,Women's Performance Ski Boots,1,579.99,579.99,0.0,50.75
fa6883d0-62c7-4de9-9c90-3ebcc8222086,4,3012,Mountain Master All-Terrain Skis - 165cm,2,899.99,1799.98,0.0,157.5
7e5f8665-7574-4789-ba76-7550bde76dea,1,3042,Aluminum All-Mountain Poles - 115cm,2,99.99,199.98,0.0,17.5
7e5f8665-7574-4789-ba76-7550bde76dea,2,3013,Beginner's Choice Alpine Skis - 160cm,2,449.99,899.98,0.0,78.75
9335d283-3458-4359-b55d-caef1df1eacf,1,3022,Backcountry Explorer XC Skis - 190cm,1,549.99,549.99,0.0,48.12
9335d283-3458-4359-b55d-caef1df1eacf,2,3081,All-Temp Ski Wax Kit,2,79.99,159.98,0.0,14.0
7c1f0566-e316-4c1a-a571-164501a8f843,1,3053,Waterproof Ski Pants,1,249.99,249.99,0.0,21.87
7c1f0566-e316-4c1a-a571-164501a8f843,2,3033,Women's Performance Ski Boots,1,579.99,579.99,0.0,50.75
7c1f0566-e316-4c1a-a571-164501a8f843,3,3061,Professional Ski Helmet,2,199.99,399.98,0.0,35.0
7c1f0566-e316-4c1a-a571-164501a8f843,4,3042,Aluminum All-Mountain Poles - 115cm,1,99.99,99.99,0.0,8.75
22e2cd60-6d65-4ba2-a1cb-fd7f407ab374,1,3053,Waterproof Ski Pants,1,249.99,249.99,0.0,21.87
b3737ad5-1bfd-41eb-9818-ea15b2d19d06,1,3032,Comfort Fit Recreational Boots,1,399.99,399.99,0.0,35.0
d2c5b932-3458-48dc-a4da-d89eafafb359,1,3081,All-Temp Ski Wax Kit,1,79.99,79.99,0.0,7.0
d2c5b932-3458-48dc-a4da-d89eafafb359,2,3081,All-Temp Ski Wax Kit,2,79.99,159.98,0.0,14.0
d2c5b932-3458-48dc-a4da-d89eafafb359,3,3104,Ski Tuning Bench - Portable,2,189.99,379.98,0.0,33.25
5f5b7ab8-ce5d-4a73-9f98-052b84aa106e,1,3012,Mountain Master All-Terrain Skis - 165cm,1,899.99,899.99,0.0,78.75
5f5b7ab8-ce5d-4a73-9f98-052b84aa106e,2,3031,Pro Flex Racing Ski Boots,2,649.99,1299.98,0.0,113.75
239eb7e7-0846-4eaa-a19e-13a176ef882f,1,3021,Nordic Classic XC Skis - 185cm,2,349.99,699.98,0.0,61.25
239eb7e7-0846-4eaa-a19e-13a176ef882f,2,3031,Pro Flex Racing Ski Boots,2,649.99,1299.98,0.0,113.75
239eb7e7-0846-4eaa-a19e-13a176ef882f,3,3092,All-Mountain Snowboard - 158cm,2,799.99,1599.98,0.0,140.0
e0f38c0b-1d9a-4dd7-8ce3-173df4378d85,1,3082,Edge Tuning Tool Set,2,119.99,239.98,0.0,21.0
e0f38c0b-1d9a-4dd7-8ce3-173df4378d85,2,3061,Professional Ski Helmet,1,199.99,199.99,0.0,17.5
e0f38c0b-1d9a-4dd7-8ce3-173df4378d85,3,3062,Anti-Fog Ski Goggles,2,129.99,259.98,0.0,22.75
5bdf26ab-21a3-4010-9911-07a4233acc88,1,3053,Waterproof Ski Pants,2,249.99,499.98,0.0,43.75
5bdf26ab-21a3-4010-9911-07a4233acc88,2,3072,Hand Warmers - 10 Pack,2,14.99,29.98,0.0,2.62
5bdf26ab-21a3-4010-9911-07a4233acc88,3,3104,Ski Tuning Bench - Portable,2,189.99,379.98,0.0,33.25
5bdf26ab-21a3-4010-9911-07a4233acc88,4,3081,All-Temp Ski Wax Kit,2,79.99,159.98,0.0,14.0
629934a5-9110-4602-8e3b-45fe990dcd7a,1,3062,Anti-Fog Ski Goggles,1,129.99,129.99,0.0,11.37
629934a5-9110-4602-8e3b-45fe990dcd7a,2,3061,Professional Ski Helmet,1,199.99,199.99,0.0,17.5
629934a5-9110-4602-8e3b-45fe990dcd7a,3,3051,Insulated Ski Jacket - Men's,2,299.99,599.98,0.0,52.5
90fba607-a128-4a68-bc97-e8fe389aa80d,1,3041,Carbon Fiber Racing Poles - 120cm,2,179.99,359.98,0.0,31.5
90fba607-a128-4a68-bc97-e8fe389aa80d,2,3042,Aluminum All-Mountain Poles - 115cm,2,99.99,199.98,0.0,17.5
90fba607-a128-4a68-bc97-e8fe389aa80d,3,3051,Insulated Ski Jacket - Men's,1,299.99,299.99,0.0,26.25
368481ac-72ac-4bf6-bc58-648f2f6d21b4,1,3053,Waterproof Ski Pants,2,249.99,499.98,0.0,43.75
368481ac-72ac-4bf6-bc58-648f2f6d21b4,2,3091,Freestyle Snowboard - 155cm,2,649.99,1299.98,0.0,113.75
700d4d2e-96e6-447f-97c1-91905e394b5a,1,3031,Pro Flex Racing Ski Boots,1,649.99,649.99,0.0,56.87
700d4d2e-96e6-447f-97c1-91905e394b5a,2,3032,Comfort Fit Recreational Boots,2,399.99,799.98,0.0,70.0
df03e6fe-1fa5-4a57-956c-c93c2b529bb3,1,3091,Freestyle Snowboard - 155cm,2,649.99,1299.98,0.0,113.75
df03e6fe-1fa5-4a57-956c-c93c2b529bb3,2,3081,All-Temp Ski Wax Kit,2,79.99,159.98,0.0,14.0
df03e6fe-1fa5-4a57-956c-c93c2b529bb3,3,3071,Ski Boot Bag - Premium,2,59.99,119.98,0.0,10.5
8c49ecf7-2417-4c67-b0aa-8b3bb5fbd4f3,1,3021,Nordic Classic XC Skis - 185cm,2,349.99,699.98,0.0,61.25
dfaec877-fec7-4122-91c9-b601b3d53f54,1,3062,Anti-Fog Ski Goggles,2,129.99,259.98,0.0,22.75
dfaec877-fec7-4122-91c9-b601b3d53f54,2,3041,Carbon Fiber Racing Poles - 120cm,1,179.99,179.99,0.0,15.75
dfaec877-fec7-4122-91c9-b601b3d53f54,3,3031,Pro Flex Racing Ski Boots,1,649.99,649.99,0.0,56.87
4c17f71c-c089-4655-8e30-bd3173293918,1,3102,Winter Hiking Boots - Waterproof,2,249.99,499.98,0.0,43.75
4c17f71c-c089-4655-8e30-bd3173293918,2,3081,All-Temp Ski Wax Kit,2,79.99,159.98,0.0,14.0
4c17f71c-c089-4655-8e30-bd3173293918,3,3072,Hand Warmers - 10 Pack,1,14.99,14.99,0.0,1.31
4c17f71c-c089-4655-8e30-bd3173293918,4,3081,All-Temp Ski Wax Kit,1,79.99,79.99,0.0,7.0
a01028eb-f905-476d-b85d-fa58e95f3562,1,3053,Waterproof Ski Pants,1,249.99,249.99,0.0,21.87
332e3eef-a80d-49db-b68d-64d18dcf48d4,1,3013,Beginner's Choice Alpine Skis - 160cm,1,449.99,449.99,0.0,39.37
63c0f938-706b-4162-9b9c-d159967bd13d,1,3061,Professional Ski Helmet,2,199.99,399.98,0.0,35.0
63c0f938-706b-4162-9b9c-d159967bd13d,2,3021,Nordic Classic XC Skis - 185cm,2,349.99,699.98,0.0,61.25
63c0f938-706b-4162-9b9c-d159967bd13d,3,3042,Aluminum All-Mountain Poles - 115cm,2,99.99,199.98,0.0,17.5
4515f4a9-4292-4665-8157-70981e7e29ad,1,3104,Ski Tuning Bench - Portable,2,189.99,379.98,0.0,33.25
4515f4a9-4292-4665-8157-70981e7e29ad,2,3081,All-Temp Ski Wax Kit,2,79.99,159.98,0.0,14.0
4515f4a9-4292-4665-8157-70981e7e29ad,3,3081,All-Temp Ski Wax Kit,1,79.99,79.99,0.0,7.0
365dc86f-7ced-420c-8902-863d493c3d81,1,3022,Backcountry Explorer XC Skis - 190cm,2,549.99,1099.98,0.0,96.25
8122d4df-72a0-4ec6-b3cd-337b1601af3c,1,3013,Beginner's Choice Alpine Skis - 160cm,2,449.99,899.98,0.0,78.75
8122d4df-72a0-4ec6-b3cd-337b1601af3c,2,3051,Insulated Ski Jacket - Men's,2,299.99,599.98,0.0,52.5
8122d4df-72a0-4ec6-b3cd-337b1601af3c,3,3053,Waterproof Ski Pants,1,249.99,249.99,0.0,21.87
8122d4df-72a0-4ec6-b3cd-337b1601af3c,4,3104,Ski Tuning Bench - Portable,1,189.99,189.99,0.0,16.62
d33f1e78-821e-49e2-871a-4fc27241d455,1,3042,Aluminum All-Mountain Poles - 115cm,1,99.99,99.99,0.0,8.75
d33f1e78-821e-49e2-871a-4fc27241d455,2,3082,Edge Tuning Tool Set,1,119.99,119.99,0.0,10.5
d80a91f5-5ad0-4f67-b0d6-32895208e264,1,3082,Edge Tuning Tool Set,1,119.99,119.99,0.0,10.5
d80a91f5-5ad0-4f67-b0d6-32895208e264,2,3032,Comfort Fit Recreational Boots,2,399.99,799.98,0.0,70.0
068f1931-4d67-4194-924f-17cd3d1a7d50,1,3033,Women's Performance Ski Boots,2,579.99,1159.98,0.0,101.5
068f1931-4d67-4194-924f-17cd3d1a7d50,2,3104,Ski Tuning Bench - Portable,2,189.99,379.98,0.0,33.25
068f1931-4d67-4194-924f-17cd3d1a7d50,3,3012,Mountain Master All-Terrain Skis - 165cm,1,899.99,899.99,0.0,78.75
068f1931-4d67-4194-924f-17cd3d1a7d50,4,3062,Anti-Fog Ski Goggles,1,129.99,129.99,0.0,11.37
818b1eec-f0f8-48a7-bd56-32763b83eef0,1,3041,Carbon Fiber Racing Poles - 120cm,2,179.99,359.98,0.0,31.5
818b1eec-f0f8-48a7-bd56-32763b83eef0,2,3091,Freestyle Snowboard - 155cm,1,649.99,649.99,0.0,56.87
82d39811-421f-4831-92d4-5b4a1244a685,1,3052,Thermal Base Layer Set - Women's,1,149.99,149.99,0.0,13.12
82d39811-421f-4831-92d4-5b4a1244a685,2,3101,Winter Boots - Insulated,2,159.99,319.98,0.0,28.0
82d39811-421f-4831-92d4-5b4a1244a685,3,3051,Insulated Ski Jacket - Men's,2,299.99,599.98,0.0,52.5
82d39811-421f-4831-92d4-5b4a1244a685,4,3012,Mountain Master All-Terrain Skis - 165cm,1,899.99,899.99,0.0,78.75
7e3e5259-a67e-4d7e-88e6-77dad741e636,1,3092,All-Mountain Snowboard - 158cm,1,799.99,799.99,0.0,70.0
7e3e5259-a67e-4d7e-88e6-77dad741e636,2,3051,Insulated Ski Jacket - Men's,1,299.99,299.99,0.0,26.25
e8768b1d-9409-4e72-8014-88857566d4ca,1,3041,Carbon Fiber Racing Poles - 120cm,1,179.99,179.99,0.0,15.75
e8768b1d-9409-4e72-8014-88857566d4ca,2,3021,Nordic Classic XC Skis - 185cm,2,349.99,699.98,0.0,61.25
a473db44-da7d-46dc-8d12-a45dfff3acd0,1,3013,Beginner's Choice Alpine Skis - 160cm,1,449.99,449.99,0.0,39.37
8a719c2e-5540-489f-ab96-586a09d9cb24,1,3081,All-Temp Ski Wax Kit,1,79.99,79.99,0.0,7.0
8a719c2e-5540-489f-ab96-586a09d9cb24,2,3082,Edge Tuning Tool Set,1,119.99,119.99,0.0,10.5
c9c163a5-c51a-4813-8c8d-025e546cf066,1,3013,Beginner's Choice Alpine Skis - 160cm,1,449.99,449.99,0.0,39.37
c9c163a5-c51a-4813-8c8d-025e546cf066,2,3032,Comfort Fit Recreational Boots,1,399.99,399.99,0.0,35.0
c9c163a5-c51a-4813-8c8d-025e546cf066,3,3072,Hand Warmers - 10 Pack,2,14.99,29.98,0.0,2.62
c9c163a5-c51a-4813-8c8d-025e546cf066,4,3021,Nordic Classic XC Skis - 185cm,1,349.99,349.99,0.0,30.62
dbb83694-8bd9-41c6-b158-ad7605edcbd7,1,3013,Beginner's Choice Alpine Skis - 160cm,2,449.99,899.98,0.0,78.75
8c1fac4a-28cb-4739-92f3-2f297129bd64,1,3071,Ski Boot Bag - Premium,2,59.99,119.98,0.0,10.5
5634ea19-6b55-4170-b88b-f2b2b64d4a92,1,3021,Nordic Classic XC Skis - 185cm,2,349.99,699.98,0.0,61.25
a24e619b-e8db-4e28-82ec-14e905afc70f,1,3082,Edge Tuning Tool Set,2,119.99,239.98,0.0,21.0
399f2144-a60f-4992-98d4-513d91cd0353,1,3053,Waterproof Ski Pants,2,249.99,499.98,0.0,43.75
d2cecefa-923d-4596-b7c2-41003aefb506,1,3031,Pro Flex Racing Ski Boots,1,649.99,649.99,0.0,56.87
d2cecefa-923d-4596-b7c2-41003aefb506,2,3081,All-Temp Ski Wax Kit,2,79.99,159.98,0.0,14.0
fb620270-0646-406b-953c-0e2b95d2e932,1,3042,Aluminum All-Mountain Poles - 115cm,2,99.99,199.98,0.0,17.5
0b1a52b4-ed83-4a47-a3a9-92353d8f61af,1,3012,Mountain Master All-Terrain Skis - 165cm,1,899.99,899.99,0.0,78.75
0b1a52b4-ed83-4a47-a3a9-92353d8f61af,2,3082,Edge Tuning Tool Set,1,119.99,119.99,0.0,10.5
3de097c8-3ae5-4c53-82d1-06f4c8329602,1,3032,Comfort Fit Recreational Boots,1,399.99,399.99,0.0,35.0
3de097c8-3ae5-4c53-82d1-06f4c8329602,2,3091,Freestyle Snowboard - 155cm,1,649.99,649.99,0.0,56.87
3de097c8-3ae5-4c53-82d1-06f4c8329602,3,3104,Ski Tuning Bench - Portable,1,189.99,189.99,0.0,16.62
3de097c8-3ae5-4c53-82d1-06f4c8329602,4,3031,Pro Flex Racing Ski Boots,1,649.99,649.99,0.0,56.87
54c7d02b-0d6e-4882-a47c-e40c48863f95,1,3082,Edge Tuning Tool Set,1,119.99,119.99,0.0,10.5
375b38d1-ec83-4ad0-b40a-d4c76d7aa6dc,1,3012,Mountain Master All-Terrain Skis - 165cm,1,899.99,899.99,0.0,78.75
375b38d1-ec83-4ad0-b40a-d4c76d7aa6dc,2,3051,Insulated Ski Jacket - Men's,1,299.99,299.99,0.0,26.25
3a6a0d41-baf0-4b9b-a670-a61611e8f864,1,3033,Women's Performance Ski Boots,2,579.99,1159.98,0.0,101.5
3a6a0d41-baf0-4b9b-a670-a61611e8f864,2,3012,Mountain Master All-Terrain Skis - 165cm,2,899.99,1799.98,0.0,157.5
50735ca2-1dc9-4e6f-9442-b2c6537a07fb,1,3051,Insulated Ski Jacket - Men's,2,299.99,599.98,0.0,52.5
50735ca2-1dc9-4e6f-9442-b2c6537a07fb,2,3021,Nordic Classic XC Skis - 185cm,1,349.99,349.99,0.0,30.62
50735ca2-1dc9-4e6f-9442-b2c6537a07fb,3,3011,Alpine Pro Racing Skis - 170cm,2,1299.99,2599.98,0.0,227.5
4d906a15-bb2b-4f42-9ceb-8b80d638559f,1,3033,Women's Performance Ski Boots,1,579.99,579.99,0.0,50.75
4d906a15-bb2b-4f42-9ceb-8b80d638559f,2,3022,Backcountry Explorer XC Skis - 190cm,1,549.99,549.99,0.0,48.12
4d906a15-bb2b-4f42-9ceb-8b80d638559f,3,3051,Insulated Ski Jacket - Men's,1,299.99,299.99,0.0,26.25
26e2b042-79c4-4e4c-97da-f876c54c8eba,1,3033,Women's Performance Ski Boots,2,579.99,1159.98,0.0,101.5
26e2b042-79c4-4e4c-97da-f876c54c8eba,2,3033,Women's Performance Ski Boots,1,579.99,579.99,0.0,50.75
26e2b042-79c4-4e4c-97da-f876c54c8eba,3,3051,Insulated Ski Jacket - Men's,1,299.99,299.99,0.0,26.25
e375029d-fc9a-4927-acc9-fd41ffb69e0d,1,3091,Freestyle Snowboard - 155cm,1,649.99,649.99,0.0,56.87
4b6a6ff2-20e0-43e8-8c87-bc52d0aaeb45,1,3013,Beginner's Choice Alpine Skis - 160cm,1,449.99,449.99,0.0,39.37
4b6a6ff2-20e0-43e8-8c87-bc52d0aaeb45,2,3081,All-Temp Ski Wax Kit,2,79.99,159.98,0.0,14.0
4b6a6ff2-20e0-43e8-8c87-bc52d0aaeb45,3,3082,Edge Tuning Tool Set,2,119.99,239.98,0.0,21.0
4b6a6ff2-20e0-43e8-8c87-bc52d0aaeb45,4,3104,Ski Tuning Bench - Portable,1,189.99,189.99,0.0,16.62
248b4049-e3e0-40bb-8695-34cc6b4c8a12,1,3081,All-Temp Ski Wax Kit,2,79.99,159.98,0.0,14.0
248b4049-e3e0-40bb-8695-34cc6b4c8a12,2,3102,Winter Hiking Boots - Waterproof,2,249.99,499.98,0.0,43.75
248b4049-e3e0-40bb-8695-34cc6b4c8a12,3,3092,All-Mountain Snowboard - 158cm,1,799.99,799.99,0.0,70.0
248b4049-e3e0-40bb-8695-34cc6b4c8a12,4,3104,Ski Tuning Bench - Portable,2,189.99,379.98,0.0,33.25
710da958-01e0-4158-8fa1-a908e8af757d,1,3082,Edge Tuning Tool Set,1,119.99,119.99,0.0,10.5
710da958-01e0-4158-8fa1-a908e8af757d,2,3101,Winter Boots - Insulated,2,159.99,319.98,0.0,28.0
710da958-01e0-4158-8fa1-a908e8af757d,3,3091,Freestyle Snowboard - 155cm,2,649.99,1299.98,0.0,113.75
710da958-01e0-4158-8fa1-a908e8af757d,4,3081,All-Temp Ski Wax Kit,2,79.99,159.98,0.0,14.0
81651136-5f4f-4685-a717-5824b84ea902,1,3062,Anti-Fog Ski Goggles,2,129.99,259.98,0.0,22.75
81651136-5f4f-4685-a717-5824b84ea902,2,3053,Waterproof Ski Pants,2,249.99,499.98,0.0,43.75
be7382e8-8f7b-4caf-9c87-5908e855eb40,1,3051,Insulated Ski Jacket - Men's,1,299.99,299.99,0.0,26.25
be7382e8-8f7b-4caf-9c87-5908e855eb40,2,3062,Anti-Fog Ski Goggles,2,129.99,259.98,0.0,22.75
be7382e8-8f7b-4caf-9c87-5908e855eb40,3,3051,Insulated Ski Jacket - Men's,2,299.99,599.98,0.0,52.5
de6882c4-14aa-4ecf-b762-39e970b24986,1,3053,Waterproof Ski Pants,2,249.99,499.98,0.0,43.75
46296059-3e3b-4461-a806-ac890388247b,1,3013,Beginner's Choice Alpine Skis - 160cm,2,449.99,899.98,0.0,78.75
46296059-3e3b-4461-a806-ac890388247b,2,3092,All-Mountain Snowboard - 158cm,2,799.99,1599.98,0.0,140.0
46296059-3e3b-4461-a806-ac890388247b,3,3033,Women's Performance Ski Boots,1,579.99,579.99,0.0,50.75
fb4f94c5-816b-47fd-8a3d-abe1ead72c35,1,3012,Mountain Master All-Terrain Skis - 165cm,1,899.99,899.99,0.0,78.75
fb4f94c5-816b-47fd-8a3d-abe1ead72c35,2,3052,Thermal Base Layer Set - Women's,1,149.99,149.99,0.0,13.12
fb4f94c5-816b-47fd-8a3d-abe1ead72c35,3,3022,Backcountry Explorer XC Skis - 190cm,2,549.99,1099.98,0.0,96.25
7d9e5e0d-9158-48a3-aa03-f649563e75dd,1,3072,Hand Warmers - 10 Pack,1,14.99,14.99,0.0,1.31
7d9e5e0d-9158-48a3-aa03-f649563e75dd,2,3081,All-Temp Ski Wax Kit,1,79.99,79.99,0.0,7.0
c53111e1-77ca-4951-92b4-7abfc59abda2,1,3101,Winter Boots - Insulated,1,159.99,159.99,0.0,14.0
f9797508-0c4c-4d62-af9b-23bf0cf82641,1,3032,Comfort Fit Recreational Boots,2,399.99,799.98,0.0,70.0
f9797508-0c4c-4d62-af9b-23bf0cf82641,2,3101,Winter Boots - Insulated,1,159.99,159.99,0.0,14.0
f9797508-0c4c-4d62-af9b-23bf0cf82641,3,3051,Insulated Ski Jacket - Men's,1,299.99,299.99,0.0,26.25
a6c5836e-5155-41c0-81af-c265101a99af,1,3051,Insulated Ski Jacket - Men's,1,299.99,299.99,0.0,26.25
a6c5836e-5155-41c0-81af-c265101a99af,2,3062,Anti-Fog Ski Goggles,1,129.99,129.99,0.0,11.37
a6c5836e-5155-41c0-81af-c265101a99af,3,3081,All-Temp Ski Wax Kit,1,79.99,79.99,0.0,7.0
83354b95-4e1f-49f1-b422-0466a18a25bf,1,3052,Thermal Base Layer Set - Women's,1,149.99,149.99,0.0,13.12
83354b95-4e1f-49f1-b422-0466a18a25bf,2,3052,Thermal Base Layer Set - Women's,2,149.99,299.98,0.0,26.25
83354b95-4e1f-49f1-b422-0466a18a25bf,3,3071,Ski Boot Bag - Premium,1,59.99,59.99,0.0,5.25
83354b95-4e1f-49f1-b422-0466a18a25bf,4,3033,Women's Performance Ski Boots,2,579.99,1159.98,0.0,101.5
fe01b7ee-7952-4c05-af87-c870a809f7b3,1,3081,All-Temp Ski Wax Kit,2,79.99,159.98,0.0,14.0
3d1cb946-38bb-4257-99c5-53c49ddcb204,1,3072,Hand Warmers - 10 Pack,1,14.99,14.99,0.0,1.31
3d1cb946-38bb-4257-99c5-53c49ddcb204,2,3082,Edge Tuning Tool Set,1,119.99,119.99,0.0,10.5
3d1cb946-38bb-4257-99c5-53c49ddcb204,3,3012,Mountain Master All-Terrain Skis - 165cm,2,899.99,1799.98,0.0,157.5
17ea2814-0cec-4e18-a2a2-5e431d583f41,1,3032,Comfort Fit Recreational Boots,2,399.99,799.98,0.0,70.0
17ea2814-0cec-4e18-a2a2-5e431d583f41,2,3071,Ski Boot Bag - Premium,1,59.99,59.99,0.0,5.25
17ea2814-0cec-4e18-a2a2-5e431d583f41,3,3051,Insulated Ski Jacket - Men's,1,299.99,299.99,0.0,26.25
6824c55b-16fe-4712-b836-be507d793ad8,1,3031,Pro Flex Racing Ski Boots,1,649.99,649.99,0.0,56.87
6824c55b-16fe-4712-b836-be507d793ad8,2,3102,Winter Hiking Boots - Waterproof,2,249.99,499.98,0.0,43.75
a8aa053d-31ef-414b-b4a0-dd55982bd2be,1,3021,Nordic Classic XC Skis - 185cm,2,349.99,699.98,0.0,61.25
a847c112-fb5f-4c49-8f2f-4ab073333c5d,1,3061,Professional Ski Helmet,1,199.99,199.99,0.0,17.5
a847c112-fb5f-4c49-8f2f-4ab073333c5d,2,3033,Women's Performance Ski Boots,2,579.99,1159.98,0.0,101.5
a847c112-fb5f-4c49-8f2f-4ab073333c5d,3,3052,Thermal Base Layer Set - Women's,2,149.99,299.98,0.0,26.25
a847c112-fb5f-4c49-8f2f-4ab073333c5d,4,3032,Comfort Fit Recreational Boots,1,399.99,399.99,0.0,35.0
a8c10c89-790a-4c82-bc5e-7e339b54a207,1,3061,Professional Ski Helmet,1,199.99,199.99,0.0,17.5
a8c10c89-790a-4c82-bc5e-7e339b54a207,2,3051,Insulated Ski Jacket - Men's,2,299.99,599.98,0.0,52.5
a8c10c89-790a-4c82-bc5e-7e339b54a207,3,3033,Women's Performance Ski Boots,1,579.99,579.99,0.0,50.75
9181a4df-be33-4b4a-a829-a02c28f5146d,1,3082,Edge Tuning Tool Set,1,119.99,119.99,0.0,10.5
9181a4df-be33-4b4a-a829-a02c28f5146d,2,3062,Anti-Fog Ski Goggles,2,129.99,259.98,0.0,22.75
9181a4df-be33-4b4a-a829-a02c28f5146d,3,3082,Edge Tuning Tool Set,2,119.99,239.98,0.0,21.0
c54402b4-532e-4f41-a176-55fdc16c5ccd,1,3072,Hand Warmers - 10 Pack,1,14.99,14.99,0.0,1.31
c54402b4-532e-4f41-a176-55fdc16c5ccd,2,3103,Snowboard Bindings - Pro,1,299.99,299.99,0.0,26.25
c54402b4-532e-4f41-a176-55fdc16c5ccd,3,3101,Winter Boots - Insulated,2,159.99,319.98,0.0,28.0
1f211125-ba8e-4af4-a614-11ec89acf71e,1,3081,All-Temp Ski Wax Kit,1,79.99,79.99,0.0,7.0
1f211125-ba8e-4af4-a614-11ec89acf71e,2,3082,Edge Tuning Tool Set,1,119.99,119.99,0.0,10.5
2ae3a129-5966-47d7-921b-482b4f815a7a,1,3012,Mountain Master All-Terrain Skis - 165cm,1,899.99,899.99,0.0,78.75
2ae3a129-5966-47d7-921b-482b4f815a7a,2,3013,Beginner's Choice Alpine Skis - 160cm,2,449.99,899.98,0.0,78.75
2ae3a129-5966-47d7-921b-482b4f815a7a,3,3062,Anti-Fog Ski Goggles,2,129.99,259.98,0.0,22.75
2ae3a129-5966-47d7-921b-482b4f815a7a,4,3013,Beginner's Choice Alpine Skis - 160cm,2,449.99,899.98,0.0,78.75
34ac6bad-86ff-42e3-8277-904c97ab3af3,1,3013,Beginner's Choice Alpine Skis - 160cm,2,449.99,899.98,0.0,78.75
34ac6bad-86ff-42e3-8277-904c97ab3af3,2,3051,Insulated Ski Jacket - Men's,1,299.99,299.99,0.0,26.25
34ac6bad-86ff-42e3-8277-904c97ab3af3,3,3104,Ski Tuning Bench - Portable,1,189.99,189.99,0.0,16.62
2ac09441-b3a8-45b2-847e-d0a5ca4b8a05,1,3033,Women's Performance Ski Boots,2,579.99,1159.98,0.0,101.5
2ac09441-b3a8-45b2-847e-d0a5ca4b8a05,2,3022,Backcountry Explorer XC Skis - 190cm,1,549.99,549.99,0.0,48.12
2ac09441-b3a8-45b2-847e-d0a5ca4b8a05,3,3053,Waterproof Ski Pants,1,249.99,249.99,0.0,21.87
2ac09441-b3a8-45b2-847e-d0a5ca4b8a05,4,3061,Professional Ski Helmet,2,199.99,399.98,0.0,35.0
9ca48c34-a49c-434e-ba4a-ee3a9eee4b72,1,3032,Comfort Fit Recreational Boots,1,399.99,399.99,0.0,35.0
4bdcb12e-ee49-41d7-bc06-c5a18fe0e8f8,1,3102,Winter Hiking Boots - Waterproof,1,249.99,249.99,0.0,21.87
4bdcb12e-ee49-41d7-bc06-c5a18fe0e8f8,2,3082,Edge Tuning Tool Set,2,119.99,239.98,0.0,21.0
4bdcb12e-ee49-41d7-bc06-c5a18fe0e8f8,3,3011,Alpine Pro Racing Skis - 170cm,1,1299.99,1299.99,0.0,113.75
6f55dcb0-77af-4089-8bcb-ecbc6f57f97a,1,3082,Edge Tuning Tool Set,2,119.99,239.98,0.0,21.0
751f25e3-4760-47a0-968b-1fabb04a8635,1,3012,Mountain Master All-Terrain Skis - 165cm,2,899.99,1799.98,0.0,157.5
751f25e3-4760-47a0-968b-1fabb04a8635,2,3041,Carbon Fiber Racing Poles - 120cm,2,179.99,359.98,0.0,31.5
751f25e3-4760-47a0-968b-1fabb04a8635,3,3021,Nordic Classic XC Skis - 185cm,2,349.99,699.98,0.0,61.25
751f25e3-4760-47a0-968b-1fabb04a8635,4,3031,Pro Flex Racing Ski Boots,1,649.99,649.99,0.0,56.87
a3f955b8-39c7-4ec2-b9a0-c19f28d31c8b,1,3032,Comfort Fit Recreational Boots,2,399.99,799.98,0.0,70.0
a3f955b8-39c7-4ec2-b9a0-c19f28d31c8b,2,3053,Waterproof Ski Pants,2,249.99,499.98,0.0,43.75
a3f955b8-39c7-4ec2-b9a0-c19f28d31c8b,3,3013,Beginner's Choice Alpine Skis - 160cm,2,449.99,899.98,0.0,78.75
a3f955b8-39c7-4ec2-b9a0-c19f28d31c8b,4,3011,Alpine Pro Racing Skis - 170cm,1,1299.99,1299.99,0.0,113.75
785794d9-5f80-4e2b-8990-8343311d97d9,1,3011,Alpine Pro Racing Skis - 170cm,2,1299.99,2599.98,0.0,227.5
785794d9-5f80-4e2b-8990-8343311d97d9,2,3091,Freestyle Snowboard - 155cm,2,649.99,1299.98,0.0,113.75
370b7b7a-ba23-42f0-852d-deb769688d52,1,3052,Thermal Base Layer Set - Women's,1,149.99,149.99,0.0,13.12
370b7b7a-ba23-42f0-852d-deb769688d52,2,3081,All-Temp Ski Wax Kit,2,79.99,159.98,0.0,14.0
3294e089-ff4e-4cb1-b9be-7c5a74a982b9,1,3062,Anti-Fog Ski Goggles,2,129.99,259.98,0.0,22.75
3294e089-ff4e-4cb1-b9be-7c5a74a982b9,2,3041,Carbon Fiber Racing Poles - 120cm,2,179.99,359.98,0.0,31.5
3294e089-ff4e-4cb1-b9be-7c5a74a982b9,3,3033,Women's Performance Ski Boots,1,579.99,579.99,0.0,50.75
82a17d9c-8498-4c8b-ba2f-78f5b7d0132d,1,3011,Alpine Pro Racing Skis - 170cm,2,1299.99,2599.98,0.0,227.5
82a17d9c-8498-4c8b-ba2f-78f5b7d0132d,2,3091,Freestyle Snowboard - 155cm,1,649.99,649.99,0.0,56.87
346fa41d-28b4-4792-986a-e390b3a2df42,1,3053,Waterproof Ski Pants,2,249.99,499.98,0.0,43.75
346fa41d-28b4-4792-986a-e390b3a2df42,2,3052,Thermal Base Layer Set - Women's,2,149.99,299.98,0.0,26.25
346fa41d-28b4-4792-986a-e390b3a2df42,3,3031,Pro Flex Racing Ski Boots,2,649.99,1299.98,0.0,113.75
346fa41d-28b4-4792-986a-e390b3a2df42,4,3031,Pro Flex Racing Ski Boots,2,649.99,1299.98,0.0,113.75
efa1c6c6-a590-4d64-bc8c-e69e414fdce3,1,3082,Edge Tuning Tool Set,2,119.99,239.98,0.0,21.0
efa1c6c6-a590-4d64-bc8c-e69e414fdce3,2,3091,Freestyle Snowboard - 155cm,1,649.99,649.99,0.0,56.87
efa1c6c6-a590-4d64-bc8c-e69e414fdce3,3,3081,All-Temp Ski Wax Kit,1,79.99,79.99,0.0,7.0
d382c2a4-6aac-467b-994e-f842dbc33464,1,3082,Edge Tuning Tool Set,1,119.99,119.99,0.0,10.5
d382c2a4-6aac-467b-994e-f842dbc33464,2,3081,All-Temp Ski Wax Kit,1,79.99,79.99,0.0,7.0
d382c2a4-6aac-467b-994e-f842dbc33464,3,3053,Waterproof Ski Pants,1,249.99,249.99,0.0,21.87
f4cea9c7-23ac-4da9-ab79-8d92240da024,1,3091,Freestyle Snowboard - 155cm,2,649.99,1299.98,0.0,113.75
8d82fc8e-1b08-409b-9d58-ad3c70704c0b,1,3032,Comfort Fit Recreational Boots,2,399.99,799.98,0.0,70.0
8d82fc8e-1b08-409b-9d58-ad3c70704c0b,2,3072,Hand Warmers - 10 Pack,2,14.99,29.98,0.0,2.62
c4a745dd-bf5e-42c2-9c8e-cf0f882cac68,1,3011,Alpine Pro Racing Skis - 170cm,2,1299.99,2599.98,0.0,227.5
c4a745dd-bf5e-42c2-9c8e-cf0f882cac68,2,3032,Comfort Fit Recreational Boots,2,399.99,799.98,0.0,70.0
c4a745dd-bf5e-42c2-9c8e-cf0f882cac68,3,3052,Thermal Base Layer Set - Women's,1,149.99,149.99,0.0,13.12
d8fdf60c-a930-4f68-8f0d-a0ccd65e79aa,1,3082,Edge Tuning Tool Set,2,119.99,239.98,0.0,21.0
d8fdf60c-a930-4f68-8f0d-a0ccd65e79aa,2,3012,Mountain Master All-Terrain Skis - 165cm,1,899.99,899.99,0.0,78.75
df394c14-4e42-4a28-bf83-9bfcc4d78861,1,3052,Thermal Base Layer Set - Women's,2,149.99,299.98,0.0,26.25
df394c14-4e42-4a28-bf83-9bfcc4d78861,2,3033,Women's Performance Ski Boots,2,579.99,1159.98,0.0,101.5
df394c14-4e42-4a28-bf83-9bfcc4d78861,3,3082,Edge Tuning Tool Set,2,119.99,239.98,0.0,21.0
4f08fbdd-1517-4d38-a03a-b7159db7e110,1,3041,Carbon Fiber Racing Poles - 120cm,2,179.99,359.98,0.0,31.5
4f08fbdd-1517-4d38-a03a-b7159db7e110,2,3031,Pro Flex Racing Ski Boots,2,649.99,1299.98,0.0,113.75
4f08fbdd-1517-4d38-a03a-b7159db7e110,3,3052,Thermal Base Layer Set - Women's,2,149.99,299.98,0.0,26.25
a082c72b-8b71-4e3f-b895-0a920d7727bf,1,3081,All-Temp Ski Wax Kit,2,79.99,159.98,0.0,14.0
a082c72b-8b71-4e3f-b895-0a920d7727bf,2,3052,Thermal Base Layer Set - Women's,1,149.99,149.99,0.0,13.12
a082c72b-8b71-4e3f-b895-0a920d7727bf,3,3062,Anti-Fog Ski Goggles,1,129.99,129.99,0.0,11.37
a082c72b-8b71-4e3f-b895-0a920d7727bf,4,3031,Pro Flex Racing Ski Boots,1,649.99,649.99,0.0,56.87
e9dfdc43-f028-4a4a-b4ce-bb2ae511bd1f,1,3031,Pro Flex Racing Ski Boots,2,649.99,1299.98,0.0,113.75
e9dfdc43-f028-4a4a-b4ce-bb2ae511bd1f,2,3051,Insulated Ski Jacket - Men's,2,299.99,599.98,0.0,52.5
e9dfdc43-f028-4a4a-b4ce-bb2ae511bd1f,3,3052,Thermal Base Layer Set - Women's,2,149.99,299.98,0.0,26.25
18a6139b-d9f4-4e19-8d7a-63fdafe56d70,1,3012,Mountain Master All-Terrain Skis - 165cm,1,899.99,899.99,0.0,78.75
18a6139b-d9f4-4e19-8d7a-63fdafe56d70,2,3052,Thermal Base Layer Set - Women's,1,149.99,149.99,0.0,13.12
1c72482e-1c6c-4111-a98f-416089a99ad5,1,3042,Aluminum All-Mountain Poles - 115cm,1,99.99,99.99,0.0,8.75
1c72482e-1c6c-4111-a98f-416089a99ad5,2,3104,Ski Tuning Bench - Portable,2,189.99,379.98,0.0,33.25
1c72482e-1c6c-4111-a98f-416089a99ad5,3,3092,All-Mountain Snowboard - 158cm,2,799.99,1599.98,0.0,140.0
1c72482e-1c6c-4111-a98f-416089a99ad5,4,3011,Alpine Pro Racing Skis - 170cm,1,1299.99,1299.99,0.0,113.75
7b9315c8-ec8d-4585-a0c9-9111ec8743e9,1,3092,All-Mountain Snowboard - 158cm,2,799.99,1599.98,0.0,140.0
7b9315c8-ec8d-4585-a0c9-9111ec8743e9,2,3092,All-Mountain Snowboard - 158cm,1,799.99,799.99,0.0,70.0
39c941a8-ff71-4d4b-ac18-ad71233913ff,1,3032,Comfort Fit Recreational Boots,1,399.99,399.99,0.0,35.0
39c941a8-ff71-4d4b-ac18-ad71233913ff,2,3021,Nordic Classic XC Skis - 185cm,1,349.99,349.99,0.0,30.62
a3fe816a-e48f-4a50-94f9-ab4fd72720c0,1,3091,Freestyle Snowboard - 155cm,1,649.99,649.99,0.0,56.87
a3fe816a-e48f-4a50-94f9-ab4fd72720c0,2,3104,Ski Tuning Bench - Portable,2,189.99,379.98,0.0,33.25
5f55adfd-b68c-4129-943d-7b04329a23e5,1,3032,Comfort Fit Recreational Boots,2,399.99,799.98,0.0,70.0
5f55adfd-b68c-4129-943d-7b04329a23e5,2,3102,Winter Hiking Boots - Waterproof,2,249.99,499.98,0.0,43.75
5f55adfd-b68c-4129-943d-7b04329a23e5,3,3022,Backcountry Explorer XC Skis - 190cm,2,549.99,1099.98,0.0,96.25
8c4bee48-06ef-4b71-8324-90e99f28cff4,1,3032,Comfort Fit Recreational Boots,2,399.99,799.98,0.0,70.0
8c4bee48-06ef-4b71-8324-90e99f28cff4,2,3032,Comfort Fit Recreational Boots,2,399.99,799.98,0.0,70.0
7440065c-3bd0-4840-b30c-9883d138ac93,1,3103,Snowboard Bindings - Pro,2,299.99,599.98,0.0,52.5
7440065c-3bd0-4840-b30c-9883d138ac93,2,3104,Ski Tuning Bench - Portable,2,189.99,379.98,0.0,33.25
7440065c-3bd0-4840-b30c-9883d138ac93,3,3082,Edge Tuning Tool Set,2,119.99,239.98,0.0,21.0
4cc0c603-287a-457c-b0b0-a72ca7908633,1,3081,All-Temp Ski Wax Kit,2,79.99,159.98,0.0,14.0
4cc0c603-287a-457c-b0b0-a72ca7908633,2,3101,Winter Boots - Insulated,1,159.99,159.99,0.0,14.0
4cc0c603-287a-457c-b0b0-a72ca7908633,3,3042,Aluminum All-Mountain Poles - 115cm,1,99.99,99.99,0.0,8.75
4cc0c603-287a-457c-b0b0-a72ca7908633,4,3082,Edge Tuning Tool Set,2,119.99,239.98,0.0,21.0
39c76d3a-881a-4f92-91bc-2bebacd0100b,1,3013,Beginner's Choice Alpine Skis - 160cm,1,449.99,449.99,0.0,39.37
39c76d3a-881a-4f92-91bc-2bebacd0100b,2,3051,Insulated Ski Jacket - Men's,1,299.99,299.99,0.0,26.25
39c76d3a-881a-4f92-91bc-2bebacd0100b,3,3013,Beginner's Choice Alpine Skis - 160cm,2,449.99,899.98,0.0,78.75
39c76d3a-881a-4f92-91bc-2bebacd0100b,4,3051,Insulated Ski Jacket - Men's,2,299.99,599.98,0.0,52.5
184ea1a4-23af-4877-b781-2c5bb219496a,1,3053,Waterproof Ski Pants,2,249.99,499.98,0.0,43.75
184ea1a4-23af-4877-b781-2c5bb219496a,2,3022,Backcountry Explorer XC Skis - 190cm,2,549.99,1099.98,0.0,96.25
184ea1a4-23af-4877-b781-2c5bb219496a,3,3011,Alpine Pro Racing Skis - 170cm,2,1299.99,2599.98,0.0,227.5
184ea1a4-23af-4877-b781-2c5bb219496a,4,3013,Beginner's Choice Alpine Skis - 160cm,1,449.99,449.99,0.0,39.37
c62b2a4f-d306-4a62-b753-9dc34108d719,1,3053,Waterproof Ski Pants,2,249.99,499.98,0.0,43.75
c62b2a4f-d306-4a62-b753-9dc34108d719,2,3031,Pro Flex Racing Ski Boots,2,649.99,1299.98,0.0,113.75
7eb596b3-997b-4701-ab7c-c88a9dc6986b,1,3104,Ski Tuning Bench - Portable,2,189.99,379.98,0.0,33.25
7eb596b3-997b-4701-ab7c-c88a9dc6986b,2,3031,Pro Flex Racing Ski Boots,2,649.99,1299.98,0.0,113.75
7eb596b3-997b-4701-ab7c-c88a9dc6986b,3,3052,Thermal Base Layer Set - Women's,2,149.99,299.98,0.0,26.25
ef339724-f6cd-4668-8536-5fe853e0ec4d,1,3021,Nordic Classic XC Skis - 185cm,2,349.99,699.98,0.0,61.25
612a179b-8739-4b51-8026-9e46f9a2f057,1,3051,Insulated Ski Jacket - Men's,1,299.99,299.99,0.0,26.25
7c7c7f9d-9de8-4766-b26a-79cde2c578b6,1,3092,All-Mountain Snowboard - 158cm,2,799.99,1599.98,0.0,140.0
e03acfcb-9be2-4859-8c4d-db4a1e58f2be,1,3012,Mountain Master All-Terrain Skis - 165cm,2,899.99,1799.98,0.0,157.5
57c7cdc8-3a5b-4e93-944f-d318e8073686,1,3052,Thermal Base Layer Set - Women's,1,149.99,149.99,0.0,13.12
35ee5fa0-d49c-4e0b-a82d-9980ea7d527e,1,3051,Insulated Ski Jacket - Men's,2,299.99,599.98,0.0,52.5
59908087-d316-4c9b-877f-2f02b7380bff,1,3052,Thermal Base Layer Set - Women's,2,149.99,299.98,0.0,26.25
59908087-d316-4c9b-877f-2f02b7380bff,2,3103,Snowboard Bindings - Pro,1,299.99,299.99,0.0,26.25
59908087-d316-4c9b-877f-2f02b7380bff,3,3082,Edge Tuning Tool Set,2,119.99,239.98,0.0,21.0
59908087-d316-4c9b-877f-2f02b7380bff,4,3104,Ski Tuning Bench - Portable,1,189.99,189.99,0.0,16.62
b9b26087-69c2-4a25-8565-f44d0400bc28,1,3013,Beginner's Choice Alpine Skis - 160cm,2,449.99,899.98,0.0,78.75
eca1e7fc-ab1e-4fd6-b651-1b5da470afa2,1,3051,Insulated Ski Jacket - Men's,1,299.99,299.99,0.0,26.25
e2ad2cef-0427-473c-8c61-d52ae91548bd,1,3022,Backcountry Explorer XC Skis - 190cm,2,549.99,1099.98,0.0,96.25
e2ad2cef-0427-473c-8c61-d52ae91548bd,2,3012,Mountain Master All-Terrain Skis - 165cm,2,899.99,1799.98,0.0,157.5
3ad7ab53-2acf-4deb-aed7-87c64a2d7664,1,3013,Beginner's Choice Alpine Skis - 160cm,2,449.99,899.98,0.0,78.75
3ad7ab53-2acf-4deb-aed7-87c64a2d7664,2,3104,Ski Tuning Bench - Portable,1,189.99,189.99,0.0,16.62
511dbdcc-a06c-429a-95e9-8c7048bf16e6,1,3061,Professional Ski Helmet,2,199.99,399.98,0.0,35.0
511dbdcc-a06c-429a-95e9-8c7048bf16e6,2,3032,Comfort Fit Recreational Boots,1,399.99,399.99,0.0,35.0
511dbdcc-a06c-429a-95e9-8c7048bf16e6,3,3032,Comfort Fit Recreational Boots,2,399.99,799.98,0.0,70.0
511dbdcc-a06c-429a-95e9-8c7048bf16e6,4,3091,Freestyle Snowboard - 155cm,1,649.99,649.99,0.0,56.87
aeb0b385-ab1f-4bd4-bb37-65efd14b5e9e,1,3104,Ski Tuning Bench - Portable,2,189.99,379.98,0.0,33.25
aeb0b385-ab1f-4bd4-bb37-65efd14b5e9e,2,3102,Winter Hiking Boots - Waterproof,1,249.99,249.99,0.0,21.87
aeb0b385-ab1f-4bd4-bb37-65efd14b5e9e,3,3041,Carbon Fiber Racing Poles - 120cm,1,179.99,179.99,0.0,15.75
8aa31309-7559-4e49-8014-6940c0b12829,1,3062,Anti-Fog Ski Goggles,1,129.99,129.99,0.0,11.37
8aa31309-7559-4e49-8014-6940c0b12829,2,3011,Alpine Pro Racing Skis - 170cm,2,1299.99,2599.98,0.0,227.5
8aa31309-7559-4e49-8014-6940c0b12829,3,3032,Comfort Fit Recreational Boots,1,399.99,399.99,0.0,35.0
37670e53-6d63-4f62-bdaa-d83ed9d364b2,1,3053,Waterproof Ski Pants,1,249.99,249.99,0.0,21.87
37670e53-6d63-4f62-bdaa-d83ed9d364b2,2,3052,Thermal Base Layer Set - Women's,1,149.99,149.99,0.0,13.12
4eb30ed2-3a01-43b2-9dab-210cc03f52d0,1,3033,Women's Performance Ski Boots,1,579.99,579.99,0.0,50.75
5556fea4-2cd5-449d-8001-08a2c13f4268,1,3081,All-Temp Ski Wax Kit,1,79.99,79.99,0.0,7.0
5556fea4-2cd5-449d-8001-08a2c13f4268,2,3062,Anti-Fog Ski Goggles,1,129.99,129.99,0.0,11.37
191eb916-89b5-40ad-86df-f8f9ead13f00,1,3032,Comfort Fit Recreational Boots,2,399.99,799.98,0.0,70.0
191eb916-89b5-40ad-86df-f8f9ead13f00,2,3032,Comfort Fit Recreational Boots,1,399.99,399.99,0.0,35.0
a7ac630e-f9f1-48b5-9caf-8f76684527aa,1,3104,Ski Tuning Bench - Portable,1,189.99,189.99,0.0,16.62
4a808e75-c661-48a1-85a6-70168eae7643,1,3091,Freestyle Snowboard - 155cm,2,649.99,1299.98,0.0,113.75
db0c57f1-1690-42d9-a2ae-0e7af07c4fac,1,3033,Women's Performance Ski Boots,2,579.99,1159.98,0.0,101.5
db0c57f1-1690-42d9-a2ae-0e7af07c4fac,2,3101,Winter Boots - Insulated,2,159.99,319.98,0.0,28.0
db0c57f1-1690-42d9-a2ae-0e7af07c4fac,3,3081,All-Temp Ski Wax Kit,1,79.99,79.99,0.0,7.0
db0c57f1-1690-42d9-a2ae-0e7af07c4fac,4,3104,Ski Tuning Bench - Portable,2,189.99,379.98,0.0,33.25
30fd45f8-d533-44d7-9021-03aa697753fb,1,3031,Pro Flex Racing Ski Boots,2,649.99,1299.98,0.0,113.75
30fd45f8-d533-44d7-9021-03aa697753fb,2,3022,Backcountry Explorer XC Skis - 190cm,2,549.99,1099.98,0.0,96.25
30fd45f8-d533-44d7-9021-03aa697753fb,3,3052,Thermal Base Layer Set - Women's,2,149.99,299.98,0.0,26.25
30fd45f8-d533-44d7-9021-03aa697753fb,4,3092,All-Mountain Snowboard - 158cm,1,799.99,799.99,0.0,70.0
64cc06ae-4614-46f9-95ca-e62c5dc028bb,1,3032,Comfort Fit Recreational Boots,2,399.99,799.98,0.0,70.0
64cc06ae-4614-46f9-95ca-e62c5dc028bb,2,3021,Nordic Classic XC Skis - 185cm,2,349.99,699.98,0.0,61.25
481cf480-7233-4d22-b53a-d67e256627b3,1,3033,Women's Performance Ski Boots,1,579.99,579.99,0.0,50.75
41adaa44-28d4-4466-94da-3e658db6fe65,1,3031,Pro Flex Racing Ski Boots,1,649.99,649.99,0.0,56.87
41adaa44-28d4-4466-94da-3e658db6fe65,2,3013,Beginner's Choice Alpine Skis - 160cm,2,449.99,899.98,0.0,78.75
41adaa44-28d4-4466-94da-3e658db6fe65,3,3104,Ski Tuning Bench - Portable,1,189.99,189.99,0.0,16.62
29c1a171-3d67-4124-b177-2185d1ea7cd0,1,3061,Professional Ski Helmet,1,199.99,199.99,0.0,17.5
29c1a171-3d67-4124-b177-2185d1ea7cd0,2,3053,Waterproof Ski Pants,1,249.99,249.99,0.0,21.87
29c1a171-3d67-4124-b177-2185d1ea7cd0,3,3032,Comfort Fit Recreational Boots,2,399.99,799.98,0.0,70.0
29c1a171-3d67-4124-b177-2185d1ea7cd0,4,3053,Waterproof Ski Pants,1,249.99,249.99,0.0,21.87
4cd6b188-ab1d-417f-906f-da17e341491a,1,3042,Aluminum All-Mountain Poles - 115cm,1,99.99,99.99,0.0,8.75
4cd6b188-ab1d-417f-906f-da17e341491a,2,3081,All-Temp Ski Wax Kit,1,79.99,79.99,0.0,7.0
c5666aa1-b78b-4bd5-9092-54348fe114ad,1,3053,Waterproof Ski Pants,2,249.99,499.98,0.0,43.75
c5666aa1-b78b-4bd5-9092-54348fe114ad,2,3013,Beginner's Choice Alpine Skis - 160cm,1,449.99,449.99,0.0,39.37
0e129606-102e-4e80-9f58-f2560736fb3f,1,3103,Snowboard Bindings - Pro,2,299.99,599.98,0.0,52.5
af1e4da6-5635-4daf-89d7-0a2b93754712,1,3051,Insulated Ski Jacket - Men's,1,299.99,299.99,0.0,26.25
af1e4da6-5635-4daf-89d7-0a2b93754712,2,3103,Snowboard Bindings - Pro,2,299.99,599.98,0.0,52.5
af1e4da6-5635-4daf-89d7-0a2b93754712,3,3053,Waterproof Ski Pants,2,249.99,499.98,0.0,43.75
6bf1bbbe-effd-4fbb-87ce-96e92368a566,1,3053,Waterproof Ski Pants,2,249.99,499.98,0.0,43.75
6bf1bbbe-effd-4fbb-87ce-96e92368a566,2,3061,Professional Ski Helmet,2,199.99,399.98,0.0,35.0
6bf1bbbe-effd-4fbb-87ce-96e92368a566,3,3101,Winter Boots - Insulated,1,159.99,159.99,0.0,14.0
431d0187-ce4d-43fb-897a-26e906c76f02,1,3101,Winter Boots - Insulated,1,159.99,159.99,0.0,14.0
431d0187-ce4d-43fb-897a-26e906c76f02,2,3103,Snowboard Bindings - Pro,2,299.99,599.98,0.0,52.5
431d0187-ce4d-43fb-897a-26e906c76f02,3,3081,All-Temp Ski Wax Kit,2,79.99,159.98,0.0,14.0
4f380f0d-6c6a-4763-a2fd-4e3aabb33e4d,1,3104,Ski Tuning Bench - Portable,2,189.99,379.98,0.0,33.25
4f380f0d-6c6a-4763-a2fd-4e3aabb33e4d,2,3104,Ski Tuning Bench - Portable,2,189.99,379.98,0.0,33.25
4f380f0d-6c6a-4763-a2fd-4e3aabb33e4d,3,3092,All-Mountain Snowboard - 158cm,1,799.99,799.99,0.0,70.0
4f380f0d-6c6a-4763-a2fd-4e3aabb33e4d,4,3104,Ski Tuning Bench - Portable,2,189.99,379.98,0.0,33.25
b53e637a-3c6d-44fc-a1d5-0b68e740f0f7,1,3022,Backcountry Explorer XC Skis - 190cm,1,549.99,549.99,0.0,48.12
b9fe1dd2-4597-4417-9c2b-cbf22ac906f4,1,3012,Mountain Master All-Terrain Skis - 165cm,1,899.99,899.99,0.0,78.75
b9fe1dd2-4597-4417-9c2b-cbf22ac906f4,2,3091,Freestyle Snowboard - 155cm,1,649.99,649.99,0.0,56.87
b9fe1dd2-4597-4417-9c2b-cbf22ac906f4,3,3052,Thermal Base Layer Set - Women's,1,149.99,149.99,0.0,13.12
b9fe1dd2-4597-4417-9c2b-cbf22ac906f4,4,3012,Mountain Master All-Terrain Skis - 165cm,2,899.99,1799.98,0.0,157.5
63239018-6688-4fe7-8ea5-d71f6b31de6c,1,3033,Women's Performance Ski Boots,2,579.99,1159.98,0.0,101.5
63239018-6688-4fe7-8ea5-d71f6b31de6c,2,3103,Snowboard Bindings - Pro,2,299.99,599.98,0.0,52.5
63239018-6688-4fe7-8ea5-d71f6b31de6c,3,3013,Beginner's Choice Alpine Skis - 160cm,1,449.99,449.99,0.0,39.37
63239018-6688-4fe7-8ea5-d71f6b31de6c,4,3081,All-Temp Ski Wax Kit,2,79.99,159.98,0.0,14.0
4e14ad1a-e7f6-441c-8ae0-eafa1f86fd51,1,3081,All-Temp Ski Wax Kit,2,79.99,159.98,0.0,14.0
4e14ad1a-e7f6-441c-8ae0-eafa1f86fd51,2,3081,All-Temp Ski Wax Kit,1,79.99,79.99,0.0,7.0
4e14ad1a-e7f6-441c-8ae0-eafa1f86fd51,3,3104,Ski Tuning Bench - Portable,2,189.99,379.98,0.0,33.25
c36e8f4d-5028-455b-87dc-973cee2054a8,1,3092,All-Mountain Snowboard - 158cm,2,799.99,1599.98,0.0,140.0
c36e8f4d-5028-455b-87dc-973cee2054a8,2,3104,Ski Tuning Bench - Portable,1,189.99,189.99,0.0,16.62
3e732663-60f8-44d4-b69d-0606ebdbcd12,1,3081,All-Temp Ski Wax Kit,2,79.99,159.98,0.0,14.0
866c35a0-ff0a-4728-83d5-d05082b85b94,1,3051,Insulated Ski Jacket - Men's,2,299.99,599.98,0.0,52.5
c346eca2-9078-4274-8d7f-25e12e06261d,1,3042,Aluminum All-Mountain Poles - 115cm,1,99.99,99.99,0.0,8.75
ed97b9d9-79ec-4302-8ce0-920a5580f7f0,1,3032,Comfort Fit Recreational Boots,2,399.99,799.98,0.0,70.0
6b378a91-abd5-443c-bc7b-2630ee2e7879,1,3051,Insulated Ski Jacket - Men's,2,299.99,599.98,0.0,52.5
6b378a91-abd5-443c-bc7b-2630ee2e7879,2,3053,Waterproof Ski Pants,1,249.99,249.99,0.0,21.87
6b378a91-abd5-443c-bc7b-2630ee2e7879,3,3052,Thermal Base Layer Set - Women's,1,149.99,149.99,0.0,13.12
fb5a6ed8-054f-4851-a6e4-9fdb4e1d6104,1,3011,Alpine Pro Racing Skis - 170cm,1,1299.99,1299.99,0.0,113.75
fb5a6ed8-054f-4851-a6e4-9fdb4e1d6104,2,3031,Pro Flex Racing Ski Boots,2,649.99,1299.98,0.0,113.75
fb5a6ed8-054f-4851-a6e4-9fdb4e1d6104,3,3012,Mountain Master All-Terrain Skis - 165cm,2,899.99,1799.98,0.0,157.5
fb5a6ed8-054f-4851-a6e4-9fdb4e1d6104,4,3091,Freestyle Snowboard - 155cm,1,649.99,649.99,0.0,56.87
bf1bc717-2044-471e-a0e1-15efb77a3b7e,1,3091,Freestyle Snowboard - 155cm,2,649.99,1299.98,0.0,113.75
18a9b698-f9f7-44d7-8a9e-6e04f233e284,1,3011,Alpine Pro Racing Skis - 170cm,1,1299.99,1299.99,0.0,113.75
18a9b698-f9f7-44d7-8a9e-6e04f233e284,2,3104,Ski Tuning Bench - Portable,1,189.99,189.99,0.0,16.62
18a9b698-f9f7-44d7-8a9e-6e04f233e284,3,3032,Comfort Fit Recreational Boots,2,399.99,799.98,0.0,70.0
18a9b698-f9f7-44d7-8a9e-6e04f233e284,4,3033,Women's Performance Ski Boots,1,579.99,579.99,0.0,50.75
f23c795e-b9a2-4ca7-ae3a-0a9a6766ab82,1,3031,Pro Flex Racing Ski Boots,1,649.99,649.99,0.0,56.87
f23c795e-b9a2-4ca7-ae3a-0a9a6766ab82,2,3053,Waterproof Ski Pants,2,249.99,499.98,0.0,43.75
ab724ec0-f463-40d8-b8fd-204aa214ecb9,1,3033,Women's Performance Ski Boots,2,579.99,1159.98,0.0,101.5
ab724ec0-f463-40d8-b8fd-204aa214ecb9,2,3013,Beginner's Choice Alpine Skis - 160cm,1,449.99,449.99,0.0,39.37
ab724ec0-f463-40d8-b8fd-204aa214ecb9,3,3012,Mountain Master All-Terrain Skis - 165cm,1,899.99,899.99,0.0,78.75
ab724ec0-f463-40d8-b8fd-204aa214ecb9,4,3031,Pro Flex Racing Ski Boots,1,649.99,649.99,0.0,56.87
4999919f-9108-4a76-9983-71c76dbcd1e6,1,3081,All-Temp Ski Wax Kit,1,79.99,79.99,0.0,7.0
4999919f-9108-4a76-9983-71c76dbcd1e6,2,3092,All-Mountain Snowboard - 158cm,1,799.99,799.99,0.0,70.0
4999919f-9108-4a76-9983-71c76dbcd1e6,3,3091,Freestyle Snowboard - 155cm,1,649.99,649.99,0.0,56.87
4999919f-9108-4a76-9983-71c76dbcd1e6,4,3051,Insulated Ski Jacket - Men's,1,299.99,299.99,0.0,26.25
1ed6ccda-c97d-4328-9e8b-a95890c1c722,1,3011,Alpine Pro Racing Skis - 170cm,2,1299.99,2599.98,0.0,227.5
1ed6ccda-c97d-4328-9e8b-a95890c1c722,2,3062,Anti-Fog Ski Goggles,1,129.99,129.99,0.0,11.37
1ed6ccda-c97d-4328-9e8b-a95890c1c722,3,3011,Alpine Pro Racing Skis - 170cm,2,1299.99,2599.98,0.0,227.5
18c20859-aac4-4cdd-982a-94104f38f635,1,3051,Insulated Ski Jacket - Men's,1,299.99,299.99,0.0,26.25
290107cc-e9aa-490c-9691-0c7802dd0cfa,1,3104,Ski Tuning Bench - Portable,2,189.99,379.98,0.0,33.25
385d783b-d445-43cf-991a-31ab91e69060,1,3012,Mountain Master All-Terrain Skis - 165cm,1,899.99,899.99,0.0,78.75
385d783b-d445-43cf-991a-31ab91e69060,2,3033,Women's Performance Ski Boots,1,579.99,579.99,0.0,50.75
385d783b-d445-43cf-991a-31ab91e69060,3,3011,Alpine Pro Racing Skis - 170cm,2,1299.99,2599.98,0.0,227.5
385d783b-d445-43cf-991a-31ab91e69060,4,3031,Pro Flex Racing Ski Boots,2,649.99,1299.98,0.0,113.75
9787611e-5e6f-4dba-8ee1-e19ef3a873b8,1,3012,Mountain Master All-Terrain Skis - 165cm,1,899.99,899.99,0.0,78.75
9787611e-5e6f-4dba-8ee1-e19ef3a873b8,2,3012,Mountain Master All-Terrain Skis - 165cm,2,899.99,1799.98,0.0,157.5
67c71281-3db2-43ff-b6d9-e8dddf09724d,1,3081,All-Temp Ski Wax Kit,2,79.99,159.98,0.0,14.0
67c71281-3db2-43ff-b6d9-e8dddf09724d,2,3051,Insulated Ski Jacket - Men's,2,299.99,599.98,0.0,52.5
67c71281-3db2-43ff-b6d9-e8dddf09724d,3,3012,Mountain Master All-Terrain Skis - 165cm,2,899.99,1799.98,0.0,157.5
67c71281-3db2-43ff-b6d9-e8dddf09724d,4,3013,Beginner's Choice Alpine Skis - 160cm,1,449.99,449.99,0.0,39.37
c6bb936d-bd89-400e-ac3c-5dedff82a5b2,1,3051,Insulated Ski Jacket - Men's,1,299.99,299.99,0.0,26.25
c6bb936d-bd89-400e-ac3c-5dedff82a5b2,2,3082,Edge Tuning Tool Set,2,119.99,239.98,0.0,21.0
c6bb936d-bd89-400e-ac3c-5dedff82a5b2,3,3092,All-Mountain Snowboard - 158cm,1,799.99,799.99,0.0,70.0
383dc3fd-c82b-4197-a715-ca63d59c3b96,1,3051,Insulated Ski Jacket - Men's,1,299.99,299.99,0.0,26.25
383dc3fd-c82b-4197-a715-ca63d59c3b96,2,3082,Edge Tuning Tool Set,2,119.99,239.98,0.0,21.0
dd1eab50-da49-4dbc-9ff3-7c352c101101,1,3033,Women's Performance Ski Boots,2,579.99,1159.98,0.0,101.5
dd1eab50-da49-4dbc-9ff3-7c352c101101,2,3033,Women's Performance Ski Boots,2,579.99,1159.98,0.0,101.5
f85dafb3-d290-41f8-bae1-fe695c39d1b9,1,3082,Edge Tuning Tool Set,2,119.99,239.98,0.0,21.0
f85dafb3-d290-41f8-bae1-fe695c39d1b9,2,3033,Women's Performance Ski Boots,1,579.99,579.99,0.0,50.75
caf9f6b3-75ee-483e-855b-d26deb41e1ce,1,3051,Insulated Ski Jacket - Men's,1,299.99,299.99,0.0,26.25
a16399cc-e6b8-4404-b075-a4c0f8c2cac1,1,3031,Pro Flex Racing Ski Boots,2,649.99,1299.98,0.0,113.75
a16399cc-e6b8-4404-b075-a4c0f8c2cac1,2,3072,Hand Warmers - 10 Pack,1,14.99,14.99,0.0,1.31
a16399cc-e6b8-4404-b075-a4c0f8c2cac1,3,3051,Insulated Ski Jacket - Men's,1,299.99,299.99,0.0,26.25
4e404ad7-8803-4aac-9ec6-e522f43118d5,1,3082,Edge Tuning Tool Set,2,119.99,239.98,0.0,21.0
c434b0b7-2f53-4f7c-a7e0-a6cc5ea0dae4,1,3031,Pro Flex Racing Ski Boots,2,649.99,1299.98,0.0,113.75
c434b0b7-2f53-4f7c-a7e0-a6cc5ea0dae4,2,3013,Beginner's Choice Alpine Skis - 160cm,1,449.99,449.99,0.0,39.37
c434b0b7-2f53-4f7c-a7e0-a6cc5ea0dae4,3,3101,Winter Boots - Insulated,2,159.99,319.98,0.0,28.0
c434b0b7-2f53-4f7c-a7e0-a6cc5ea0dae4,4,3061,Professional Ski Helmet,2,199.99,399.98,0.0,35.0
eff627cb-f384-4a9e-9568-3645f30e9c05,1,3031,Pro Flex Racing Ski Boots,2,649.99,1299.98,0.0,113.75
d620d688-1b32-4d4a-bb81-4dc9b6f21a21,1,3091,Freestyle Snowboard - 155cm,2,649.99,1299.98,0.0,113.75
5595f236-0a4f-4dda-b230-73320257dcd0,1,3103,Snowboard Bindings - Pro,1,299.99,299.99,0.0,26.25
5595f236-0a4f-4dda-b230-73320257dcd0,2,3081,All-Temp Ski Wax Kit,1,79.99,79.99,0.0,7.0
5595f236-0a4f-4dda-b230-73320257dcd0,3,3091,Freestyle Snowboard - 155cm,2,649.99,1299.98,0.0,113.75
5595f236-0a4f-4dda-b230-73320257dcd0,4,3103,Snowboard Bindings - Pro,2,299.99,599.98,0.0,52.5
0e944335-b277-422f-ac44-5e28730e69e2,1,3072,Hand Warmers - 10 Pack,2,14.99,29.98,0.0,2.62
b33f24d7-20b0-4c0f-a313-7e49f89a9b53,1,3013,Beginner's Choice Alpine Skis - 160cm,2,449.99,899.98,0.0,78.75
be495f09-8f7f-4264-b505-738348a6f311,1,3103,Snowboard Bindings - Pro,1,299.99,299.99,0.0,26.25
be495f09-8f7f-4264-b505-738348a6f311,2,3022,Backcountry Explorer XC Skis - 190cm,1,549.99,549.99,0.0,48.12
be495f09-8f7f-4264-b505-738348a6f311,3,3102,Winter Hiking Boots - Waterproof,1,249.99,249.99,0.0,21.87
be495f09-8f7f-4264-b505-738348a6f311,4,3104,Ski Tuning Bench - Portable,1,189.99,189.99,0.0,16.62
fef2024a-d6e8-42e3-a022-2ed861f8109a,1,3092,All-Mountain Snowboard - 158cm,2,799.99,1599.98,0.0,140.0
fef2024a-d6e8-42e3-a022-2ed861f8109a,2,3103,Snowboard Bindings - Pro,2,299.99,599.98,0.0,52.5
fef2024a-d6e8-42e3-a022-2ed861f8109a,3,3082,Edge Tuning Tool Set,1,119.99,119.99,0.0,10.5
29ed9ea9-a416-45ca-931e-22644cfb86ed,1,3102,Winter Hiking Boots - Waterproof,2,249.99,499.98,0.0,43.75
29ed9ea9-a416-45ca-931e-22644cfb86ed,2,3104,Ski Tuning Bench - Portable,1,189.99,189.99,0.0,16.62
76d7efe0-008a-43ed-bbb5-d61f4339ea35,1,3011,Alpine Pro Racing Skis - 170cm,2,1299.99,2599.98,0.0,227.5
76d7efe0-008a-43ed-bbb5-d61f4339ea35,2,3041,Carbon Fiber Racing Poles - 120cm,1,179.99,179.99,0.0,15.75
76d7efe0-008a-43ed-bbb5-d61f4339ea35,3,3013,Beginner's Choice Alpine Skis - 160cm,1,449.99,449.99,0.0,39.37
76d7efe0-008a-43ed-bbb5-d61f4339ea35,4,3053,Waterproof Ski Pants,1,249.99,249.99,0.0,21.87
ad38d48a-ff52-4514-b60e-fb1556fb1a7e,1,3061,Professional Ski Helmet,1,199.99,199.99,0.0,17.5
ad38d48a-ff52-4514-b60e-fb1556fb1a7e,2,3033,Women's Performance Ski Boots,2,579.99,1159.98,0.0,101.5
e838a167-aae3-4dc0-b01c-e3df44c5b4e3,1,3013,Beginner's Choice Alpine Skis - 160cm,1,449.99,449.99,0.0,39.37
c1375e8c-2e85-4b8e-afba-44b8a8883c6a,1,3062,Anti-Fog Ski Goggles,1,129.99,129.99,0.0,11.37
c1375e8c-2e85-4b8e-afba-44b8a8883c6a,2,3011,Alpine Pro Racing Skis - 170cm,1,1299.99,1299.99,0.0,113.75
e8fabae8-9c1b-4a6f-818d-ee7d8d37bd42,1,3013,Beginner's Choice Alpine Skis - 160cm,2,449.99,899.98,0.0,78.75
248996b6-027e-4e18-a674-81c54206af6e,1,3104,Ski Tuning Bench - Portable,1,189.99,189.99,0.0,16.62
fb3d484f-52dc-4c1e-a9da-783fd9c0750f,1,3092,All-Mountain Snowboard - 158cm,2,799.99,1599.98,0.0,140.0
fb3d484f-52dc-4c1e-a9da-783fd9c0750f,2,3082,Edge Tuning Tool Set,2,119.99,239.98,0.0,21.0
c8261879-699e-4ad3-9c29-1de7f0b8fa7c,1,3053,Waterproof Ski Pants,2,249.99,499.98,0.0,43.75
181eb8de-f6f7-418b-8191-9a5252865536,1,3101,Winter Boots - Insulated,1,159.99,159.99,0.0,14.0
181eb8de-f6f7-418b-8191-9a5252865536,2,3082,Edge Tuning Tool Set,1,119.99,119.99,0.0,10.5
e875f9b8-dc97-445d-8028-bc0806e0297d,1,3011,Alpine Pro Racing Skis - 170cm,2,1299.99,2599.98,0.0,227.5
e875f9b8-dc97-445d-8028-bc0806e0297d,2,3032,Comfort Fit Recreational Boots,1,399.99,399.99,0.0,35.0
e875f9b8-dc97-445d-8028-bc0806e0297d,3,3033,Women's Performance Ski Boots,1,579.99,579.99,0.0,50.75
e875f9b8-dc97-445d-8028-bc0806e0297d,4,3022,Backcountry Explorer XC Skis - 190cm,1,549.99,549.99,0.0,48.12
9b932f39-4d53-4372-bf77-b8a6ed6ba314,1,3031,Pro Flex Racing Ski Boots,1,649.99,649.99,0.0,56.87
9b932f39-4d53-4372-bf77-b8a6ed6ba314,2,3041,Carbon Fiber Racing Poles - 120cm,2,179.99,359.98,0.0,31.5
9b932f39-4d53-4372-bf77-b8a6ed6ba314,3,3031,Pro Flex Racing Ski Boots,2,649.99,1299.98,0.0,113.75
9b932f39-4d53-4372-bf77-b8a6ed6ba314,4,3104,Ski Tuning Bench - Portable,1,189.99,189.99,0.0,16.62
55cd0a0a-d68b-4c1e-b42e-3db6cd72a287,1,3052,Thermal Base Layer Set - Women's,2,149.99,299.98,0.0,26.25
55cd0a0a-d68b-4c1e-b42e-3db6cd72a287,2,3082,Edge Tuning Tool Set,1,119.99,119.99,0.0,10.5
55cd0a0a-d68b-4c1e-b42e-3db6cd72a287,3,3052,Thermal Base Layer Set - Women's,2,149.99,299.98,0.0,26.25
55cd0a0a-d68b-4c1e-b42e-3db6cd72a287,4,3072,Hand Warmers - 10 Pack,1,14.99,14.99,0.0,1.31
a7bec92a-975f-4b2c-b53b-e1e9ce25600d,1,3051,Insulated Ski Jacket - Men's,2,299.99,599.98,0.0,52.5
a7bec92a-975f-4b2c-b53b-e1e9ce25600d,2,3033,Women's Performance Ski Boots,2,579.99,1159.98,0.0,101.5
a7bec92a-975f-4b2c-b53b-e1e9ce25600d,3,3081,All-Temp Ski Wax Kit,2,79.99,159.98,0.0,14.0
99d3e012-9872-4ce0-acab-97b916fd1141,1,3033,Women's Performance Ski Boots,1,579.99,579.99,0.0,50.75
99d3e012-9872-4ce0-acab-97b916fd1141,2,3052,Thermal Base Layer Set - Women's,2,149.99,299.98,0.0,26.25
60642f7b-b404-4e6c-a8ab-e46d3b913b54,1,3103,Snowboard Bindings - Pro,2,299.99,599.98,0.0,52.5
60642f7b-b404-4e6c-a8ab-e46d3b913b54,2,3061,Professional Ski Helmet,2,199.99,399.98,0.0,35.0
60642f7b-b404-4e6c-a8ab-e46d3b913b54,3,3104,Ski Tuning Bench - Portable,1,189.99,189.99,0.0,16.62
60642f7b-b404-4e6c-a8ab-e46d3b913b54,4,3081,All-Temp Ski Wax Kit,2,79.99,159.98,0.0,14.0
74701608-c769-4ef4-a7ee-876a41abe66f,1,3082,Edge Tuning Tool Set,2,119.99,239.98,0.0,21.0
74701608-c769-4ef4-a7ee-876a41abe66f,2,3031,Pro Flex Racing Ski Boots,1,649.99,649.99,0.0,56.87
74701608-c769-4ef4-a7ee-876a41abe66f,3,3052,Thermal Base Layer Set - Women's,1,149.99,149.99,0.0,13.12
fdd4a14f-3157-4be0-b748-be9cf2b3b81b,1,3042,Aluminum All-Mountain Poles - 115cm,1,99.99,99.99,0.0,8.75
0064eb2f-39e3-4548-8959-946a180e5ee7,1,3033,Women's Performance Ski Boots,2,579.99,1159.98,0.0,101.5
0064eb2f-39e3-4548-8959-946a180e5ee7,2,3052,Thermal Base Layer Set - Women's,2,149.99,299.98,0.0,26.25
f32cb51e-e11f-4cf4-bf9c-f1b4b53d7b59,1,3103,Snowboard Bindings - Pro,2,299.99,599.98,0.0,52.5
955190b9-1187-4693-a8e0-b77cfeeda8cc,1,3021,Nordic Classic XC Skis - 185cm,1,349.99,349.99,0.0,30.62
955190b9-1187-4693-a8e0-b77cfeeda8cc,2,3011,Alpine Pro Racing Skis - 170cm,1,1299.99,1299.99,0.0,113.75
955190b9-1187-4693-a8e0-b77cfeeda8cc,3,3082,Edge Tuning Tool Set,1,119.99,119.99,0.0,10.5
6a12f2f9-c605-4f32-b078-317095ce284a,1,3013,Beginner's Choice Alpine Skis - 160cm,1,449.99,449.99,0.0,39.37
9dd00484-00f0-446a-8f05-46df2c4dcc0a,1,3022,Backcountry Explorer XC Skis - 190cm,1,549.99,549.99,0.0,48.12
9dd00484-00f0-446a-8f05-46df2c4dcc0a,2,3051,Insulated Ski Jacket - Men's,1,299.99,299.99,0.0,26.25
9dd00484-00f0-446a-8f05-46df2c4dcc0a,3,3022,Backcountry Explorer XC Skis - 190cm,1,549.99,549.99,0.0,48.12
9ba0433e-0d3f-46a5-880c-c49657e7e438,1,3092,All-Mountain Snowboard - 158cm,2,799.99,1599.98,0.0,140.0
9ba0433e-0d3f-46a5-880c-c49657e7e438,2,3011,Alpine Pro Racing Skis - 170cm,2,1299.99,2599.98,0.0,227.5
4779e42b-fffa-41f6-bd7b-b54e13344bb9,1,3011,Alpine Pro Racing Skis - 170cm,1,1299.99,1299.99,0.0,113.75
4779e42b-fffa-41f6-bd7b-b54e13344bb9,2,3033,Women's Performance Ski Boots,2,579.99,1159.98,0.0,101.5
4779e42b-fffa-41f6-bd7b-b54e13344bb9,3,3051,Insulated Ski Jacket - Men's,1,299.99,299.99,0.0,26.25
e3597bad-eed1-46d2-8136-ffec2b0c2f94,1,3022,Backcountry Explorer XC Skis - 190cm,2,549.99,1099.98,0.0,96.25
e3597bad-eed1-46d2-8136-ffec2b0c2f94,2,3031,Pro Flex Racing Ski Boots,1,649.99,649.99,0.0,56.87
e3597bad-eed1-46d2-8136-ffec2b0c2f94,3,3032,Comfort Fit Recreational Boots,2,399.99,799.98,0.0,70.0
3d4412bd-0173-4915-8161-8e4eff2b1bbd,1,3104,Ski Tuning Bench - Portable,2,189.99,379.98,0.0,33.25
c4039075-f6be-437a-983b-effbb2b88b0d,1,3081,All-Temp Ski Wax Kit,1,79.99,79.99,0.0,7.0
c4039075-f6be-437a-983b-effbb2b88b0d,2,3103,Snowboard Bindings - Pro,1,299.99,299.99,0.0,26.25
c4039075-f6be-437a-983b-effbb2b88b0d,3,3012,Mountain Master All-Terrain Skis - 165cm,2,899.99,1799.98,0.0,157.5
c4039075-f6be-437a-983b-effbb2b88b0d,4,3072,Hand Warmers - 10 Pack,2,14.99,29.98,0.0,2.62
4d522a0e-e684-4da8-a90a-ee197fc6eb46,1,3101,Winter Boots - Insulated,1,159.99,159.99,0.0,14.0
4d522a0e-e684-4da8-a90a-ee197fc6eb46,2,3101,Winter Boots - Insulated,1,159.99,159.99,0.0,14.0
82d4a7be-8333-4b77-abe9-0ee5ebbdba42,1,3031,Pro Flex Racing Ski Boots,2,649.99,1299.98,0.0,113.75
82d4a7be-8333-4b77-abe9-0ee5ebbdba42,2,3011,Alpine Pro Racing Skis - 170cm,1,1299.99,1299.99,0.0,113.75
82d4a7be-8333-4b77-abe9-0ee5ebbdba42,3,3011,Alpine Pro Racing Skis - 170cm,2,1299.99,2599.98,0.0,227.5
75d5acdd-dadd-4387-8c95-54548f5925a2,1,3052,Thermal Base Layer Set - Women's,2,149.99,299.98,0.0,26.25
75d5acdd-dadd-4387-8c95-54548f5925a2,2,3103,Snowboard Bindings - Pro,2,299.99,599.98,0.0,52.5
75d5acdd-dadd-4387-8c95-54548f5925a2,3,3021,Nordic Classic XC Skis - 185cm,2,349.99,699.98,0.0,61.25
75d5acdd-dadd-4387-8c95-54548f5925a2,4,3051,Insulated Ski Jacket - Men's,1,299.99,299.99,0.0,26.25
456e942e-a56f-4997-8904-142dea624d56,1,3021,Nordic Classic XC Skis - 185cm,2,349.99,699.98,0.0,61.25
456e942e-a56f-4997-8904-142dea624d56,2,3042,Aluminum All-Mountain Poles - 115cm,1,99.99,99.99,0.0,8.75
456e942e-a56f-4997-8904-142dea624d56,3,3013,Beginner's Choice Alpine Skis - 160cm,1,449.99,449.99,0.0,39.37
456e942e-a56f-4997-8904-142dea624d56,4,3033,Women's Performance Ski Boots,2,579.99,1159.98,0.0,101.5
80d7c86a-4155-4593-83f0-93a78ccc12e7,1,3051,Insulated Ski Jacket - Men's,2,299.99,599.98,0.0,52.5
80d7c86a-4155-4593-83f0-93a78ccc12e7,2,3051,Insulated Ski Jacket - Men's,2,299.99,599.98,0.0,52.5
f2b9b277-d9c0-41fc-a964-23a09bc0e838,1,3021,Nordic Classic XC Skis - 185cm,2,349.99,699.98,0.0,61.25
f2b9b277-d9c0-41fc-a964-23a09bc0e838,2,3012,Mountain Master All-Terrain Skis - 165cm,2,899.99,1799.98,0.0,157.5
f2b9b277-d9c0-41fc-a964-23a09bc0e838,3,3031,Pro Flex Racing Ski Boots,2,649.99,1299.98,0.0,113.75
9ed2df15-ef52-44b6-b876-d081ea1f5cae,1,3033,Women's Performance Ski Boots,1,579.99,579.99,0.0,50.75
9ed2df15-ef52-44b6-b876-d081ea1f5cae,2,3032,Comfort Fit Recreational Boots,2,399.99,799.98,0.0,70.0
606b65f7-3fc5-4a2a-9620-20ba56652d31,1,3104,Ski Tuning Bench - Portable,1,189.99,189.99,0.0,16.62
606b65f7-3fc5-4a2a-9620-20ba56652d31,2,3104,Ski Tuning Bench - Portable,2,189.99,379.98,0.0,33.25
16fe6668-243f-44cd-a207-f75ef3c761d9,1,3092,All-Mountain Snowboard - 158cm,2,799.99,1599.98,0.0,140.0
4af41003-b5e3-4359-9f5e-b0573fade0a9,1,3032,Comfort Fit Recreational Boots,1,399.99,399.99,0.0,35.0
c66deba4-b470-4e94-85a3-b6883392e8cc,1,3053,Waterproof Ski Pants,1,249.99,249.99,0.0,21.87
2cf7f33a-5d52-43dc-a089-bc1e642438af,1,3104,Ski Tuning Bench - Portable,2,189.99,379.98,0.0,33.25
2cf7f33a-5d52-43dc-a089-bc1e642438af,2,3104,Ski Tuning Bench - Portable,1,189.99,189.99,0.0,16.62
2cf7f33a-5d52-43dc-a089-bc1e642438af,3,3081,All-Temp Ski Wax Kit,1,79.99,79.99,0.0,7.0
a557ddec-c536-401b-a5ff-00b50e417bd5,1,3053,Waterproof Ski Pants,2,249.99,499.98,0.0,43.75
a557ddec-c536-401b-a5ff-00b50e417bd5,2,3051,Insulated Ski Jacket - Men's,2,299.99,599.98,0.0,52.5
a557ddec-c536-401b-a5ff-00b50e417bd5,3,3032,Comfort Fit Recreational Boots,1,399.99,399.99,0.0,35.0
ffc90b12-16d5-4fa5-82f9-fce169eb9de1,1,3051,Insulated Ski Jacket - Men's,1,299.99,299.99,0.0,26.25
ffc90b12-16d5-4fa5-82f9-fce169eb9de1,2,3101,Winter Boots - Insulated,1,159.99,159.99,0.0,14.0
6596b0f6-29e2-4bff-9013-82f10eb72beb,1,3104,Ski Tuning Bench - Portable,2,189.99,379.98,0.0,33.25
6596b0f6-29e2-4bff-9013-82f10eb72beb,2,3103,Snowboard Bindings - Pro,2,299.99,599.98,0.0,52.5
6596b0f6-29e2-4bff-9013-82f10eb72beb,3,3012,Mountain Master All-Terrain Skis - 165cm,2,899.99,1799.98,0.0,157.5
537e2fc5-a4b9-4340-97e8-8dc735ef3884,1,3051,Insulated Ski Jacket - Men's,2,299.99,599.98,0.0,52.5
537e2fc5-a4b9-4340-97e8-8dc735ef3884,2,3013,Beginner's Choice Alpine Skis - 160cm,2,449.99,899.98,0.0,78.75
537e2fc5-a4b9-4340-97e8-8dc735ef3884,3,3011,Alpine Pro Racing Skis - 170cm,2,1299.99,2599.98,0.0,227.5
537e2fc5-a4b9-4340-97e8-8dc735ef3884,4,3021,Nordic Classic XC Skis - 185cm,2,349.99,699.98,0.0,61.25
7efad9f6-e758-44bd-b4e0-35294e3b0bc2,1,3071,Ski Boot Bag - Premium,1,59.99,59.99,0.0,5.25
7efad9f6-e758-44bd-b4e0-35294e3b0bc2,2,3041,Carbon Fiber Racing Poles - 120cm,1,179.99,179.99,0.0,15.75
7efad9f6-e758-44bd-b4e0-35294e3b0bc2,3,3102,Winter Hiking Boots - Waterproof,1,249.99,249.99,0.0,21.87
7efad9f6-e758-44bd-b4e0-35294e3b0bc2,4,3032,Comfort Fit Recreational Boots,2,399.99,799.98,0.0,70.0
cd70dff7-2adb-4e81-9302-38b8feaac7e1,1,3082,Edge Tuning Tool Set,2,119.99,239.98,0.0,21.0
cd70dff7-2adb-4e81-9302-38b8feaac7e1,2,3103,Snowboard Bindings - Pro,2,299.99,599.98,0.0,52.5
cd70dff7-2adb-4e81-9302-38b8feaac7e1,3,3031,Pro Flex Racing Ski Boots,1,649.99,649.99,0.0,56.87
cd70dff7-2adb-4e81-9302-38b8feaac7e1,4,3053,Waterproof Ski Pants,2,249.99,499.98,0.0,43.75
5bef2ccc-2a4d-40f9-a191-af007651fc53,1,3031,Pro Flex Racing Ski Boots,1,649.99,649.99,0.0,56.87
1d854459-550d-41b1-a3d9-b0a04dfde86a,1,3011,Alpine Pro Racing Skis - 170cm,1,1299.99,1299.99,0.0,113.75
1d854459-550d-41b1-a3d9-b0a04dfde86a,2,3051,Insulated Ski Jacket - Men's,2,299.99,599.98,0.0,52.5
1d854459-550d-41b1-a3d9-b0a04dfde86a,3,3091,Freestyle Snowboard - 155cm,1,649.99,649.99,0.0,56.87
1d854459-550d-41b1-a3d9-b0a04dfde86a,4,3053,Waterproof Ski Pants,2,249.99,499.98,0.0,43.75
287dafdc-834b-4b57-901f-dda5bdbbd718,1,3053,Waterproof Ski Pants,2,249.99,499.98,0.0,43.75
287dafdc-834b-4b57-901f-dda5bdbbd718,2,3052,Thermal Base Layer Set - Women's,2,149.99,299.98,0.0,26.25
287dafdc-834b-4b57-901f-dda5bdbbd718,3,3052,Thermal Base Layer Set - Women's,2,149.99,299.98,0.0,26.25
287dafdc-834b-4b57-901f-dda5bdbbd718,4,3072,Hand Warmers - 10 Pack,1,14.99,14.99,0.0,1.31
6261313d-aee3-4a5c-8204-333200c54cc3,1,3053,Waterproof Ski Pants,1,249.99,249.99,0.0,21.87
6261313d-aee3-4a5c-8204-333200c54cc3,2,3011,Alpine Pro Racing Skis - 170cm,2,1299.99,2599.98,0.0,227.5
12992451-7c90-4f7c-b50e-02b79e808d3c,1,3061,Professional Ski Helmet,2,199.99,399.98,0.0,35.0
12992451-7c90-4f7c-b50e-02b79e808d3c,2,3041,Carbon Fiber Racing Poles - 120cm,2,179.99,359.98,0.0,31.5
12992451-7c90-4f7c-b50e-02b79e808d3c,3,3021,Nordic Classic XC Skis - 185cm,2,349.99,699.98,0.0,61.25
176510c6-7651-48fd-baf1-70d0c9c274e1,1,3052,Thermal Base Layer Set - Women's,2,149.99,299.98,0.0,26.25
176510c6-7651-48fd-baf1-70d0c9c274e1,2,3082,Edge Tuning Tool Set,2,119.99,239.98,0.0,21.0
92c90e26-44c9-48aa-86b4-05dad10fb4d3,1,3033,Women's Performance Ski Boots,2,579.99,1159.98,0.0,101.5
92c90e26-44c9-48aa-86b4-05dad10fb4d3,2,3051,Insulated Ski Jacket - Men's,1,299.99,299.99,0.0,26.25
825806b7-f87c-4953-b46d-97146f6a9007,1,3012,Mountain Master All-Terrain Skis - 165cm,1,899.99,899.99,0.0,78.75
48bc1d14-3ee2-44ab-b6b4-7e0d07b5dc7c,1,3013,Beginner's Choice Alpine Skis - 160cm,2,449.99,899.98,0.0,78.75
48bc1d14-3ee2-44ab-b6b4-7e0d07b5dc7c,2,3022,Backcountry Explorer XC Skis - 190cm,1,549.99,549.99,0.0,48.12
48bc1d14-3ee2-44ab-b6b4-7e0d07b5dc7c,3,3012,Mountain Master All-Terrain Skis - 165cm,1,899.99,899.99,0.0,78.75
b47e1290-d304-4e5b-8c90-edd89f7b6015,1,3082,Edge Tuning Tool Set,1,119.99,119.99,0.0,10.5
b47e1290-d304-4e5b-8c90-edd89f7b6015,2,3051,Insulated Ski Jacket - Men's,1,299.99,299.99,0.0,26.25
b47e1290-d304-4e5b-8c90-edd89f7b6015,3,3031,Pro Flex Racing Ski Boots,1,649.99,649.99,0.0,56.87
5ca04651-c9cb-4395-a65c-59781ab1965b,1,3103,Snowboard Bindings - Pro,2,299.99,599.98,0.0,52.5
acc15619-2dfd-46c6-934c-4a72a29555eb,1,3101,Winter Boots - Insulated,2,159.99,319.98,0.0,28.0
acc15619-2dfd-46c6-934c-4a72a29555eb,2,3101,Winter Boots - Insulated,1,159.99,159.99,0.0,14.0
acc15619-2dfd-46c6-934c-4a72a29555eb,3,3082,Edge Tuning Tool Set,1,119.99,119.99,0.0,10.5
c45f8c92-7361-4811-a0a4-723c08791831,1,3103,Snowboard Bindings - Pro,2,299.99,599.98,0.0,52.5
c45f8c92-7361-4811-a0a4-723c08791831,2,3071,Ski Boot Bag - Premium,2,59.99,119.98,0.0,10.5
c45f8c92-7361-4811-a0a4-723c08791831,3,3072,Hand Warmers - 10 Pack,2,14.99,29.98,0.0,2.62
c45f8c92-7361-4811-a0a4-723c08791831,4,3071,Ski Boot Bag - Premium,1,59.99,59.99,0.0,5.25
b7551e83-7553-4476-8d2a-9530c28ed3fc,1,3053,Waterproof Ski Pants,1,249.99,249.99,0.0,21.87
b7551e83-7553-4476-8d2a-9530c28ed3fc,2,3081,All-Temp Ski Wax Kit,2,79.99,159.98,0.0,14.0
a5a96ea6-517b-477d-b64c-4c711346a3a7,1,3042,Aluminum All-Mountain Poles - 115cm,2,99.99,199.98,0.0,17.5
59f79583-e262-47bb-9554-5c852e757fee,1,3013,Beginner's Choice Alpine Skis - 160cm,1,449.99,449.99,0.0,39.37
c85524b8-e7cf-4ec0-8833-570a02a0434f,1,3082,Edge Tuning Tool Set,2,119.99,239.98,0.0,21.0
2ec9a93c-75ac-4527-8451-5273dcca6b9f,1,3101,Winter Boots - Insulated,2,159.99,319.98,0.0,28.0
cf703931-5e61-465f-b804-df93f09f1830,1,3012,Mountain Master All-Terrain Skis - 165cm,2,899.99,1799.98,0.0,157.5
cf703931-5e61-465f-b804-df93f09f1830,2,3022,Backcountry Explorer XC Skis - 190cm,2,549.99,1099.98,0.0,96.25
cf703931-5e61-465f-b804-df93f09f1830,3,3033,Women's Performance Ski Boots,2,579.99,1159.98,0.0,101.5
cf703931-5e61-465f-b804-df93f09f1830,4,3081,All-Temp Ski Wax Kit,2,79.99,159.98,0.0,14.0
14b6efd4-cd37-4ca2-9a63-14d075a5e190,1,3052,Thermal Base Layer Set - Women's,1,149.99,149.99,0.0,13.12
cf2d7848-efbc-4a40-a37c-930b9693856d,1,3042,Aluminum All-Mountain Poles - 115cm,1,99.99,99.99,0.0,8.75
cf2d7848-efbc-4a40-a37c-930b9693856d,2,3013,Beginner's Choice Alpine Skis - 160cm,2,449.99,899.98,0.0,78.75
cf2d7848-efbc-4a40-a37c-930b9693856d,3,3082,Edge Tuning Tool Set,2,119.99,239.98,0.0,21.0
5c8b73d5-d6b2-4f4a-9121-de5a6e767bc1,1,3052,Thermal Base Layer Set - Women's,2,149.99,299.98,0.0,26.25
8098bee7-031c-4099-8862-5713e0e27057,1,3052,Thermal Base Layer Set - Women's,1,149.99,149.99,0.0,13.12
8098bee7-031c-4099-8862-5713e0e27057,2,3081,All-Temp Ski Wax Kit,2,79.99,159.98,0.0,14.0
8098bee7-031c-4099-8862-5713e0e27057,3,3103,Snowboard Bindings - Pro,2,299.99,599.98,0.0,52.5
8098bee7-031c-4099-8862-5713e0e27057,4,3082,Edge Tuning Tool Set,1,119.99,119.99,0.0,10.5
fad88d33-344e-4291-a47b-3ccbc5021dde,1,3072,Hand Warmers - 10 Pack,1,14.99,14.99,0.0,1.31
a6b1cdd4-2910-4b65-9b9a-546d7304d101,1,3033,Women's Performance Ski Boots,1,579.99,579.99,0.0,50.75
a6b1cdd4-2910-4b65-9b9a-546d7304d101,2,3104,Ski Tuning Bench - Portable,2,189.99,379.98,0.0,33.25
79966b6d-2ddf-403f-9c94-2e4d578a39be,1,3061,Professional Ski Helmet,1,199.99,199.99,0.0,17.5
79966b6d-2ddf-403f-9c94-2e4d578a39be,2,3032,Comfort Fit Recreational Boots,1,399.99,399.99,0.0,35.0
79966b6d-2ddf-403f-9c94-2e4d578a39be,3,3052,Thermal Base Layer Set - Women's,2,149.99,299.98,0.0,26.25
79966b6d-2ddf-403f-9c94-2e4d578a39be,4,3011,Alpine Pro Racing Skis - 170cm,1,1299.99,1299.99,0.0,113.75
53c5da88-7711-4f7a-92f7-c9e871137ac0,1,3013,Beginner's Choice Alpine Skis - 160cm,1,449.99,449.99,0.0,39.37
53c5da88-7711-4f7a-92f7-c9e871137ac0,2,3072,Hand Warmers - 10 Pack,1,14.99,14.99,0.0,1.31
53c5da88-7711-4f7a-92f7-c9e871137ac0,3,3031,Pro Flex Racing Ski Boots,1,649.99,649.99,0.0,56.87
94a9a424-7176-47d9-bf2d-9dbbb06faffc,1,3052,Thermal Base Layer Set - Women's,1,149.99,149.99,0.0,13.12
aec09e43-df98-4258-a38c-445262589e35,1,3061,Professional Ski Helmet,1,199.99,199.99,0.0,17.5
aec09e43-df98-4258-a38c-445262589e35,2,3072,Hand Warmers - 10 Pack,1,14.99,14.99,0.0,1.31
aec09e43-df98-4258-a38c-445262589e35,3,3022,Backcountry Explorer XC Skis - 190cm,2,549.99,1099.98,0.0,96.25
5c32985a-bf43-4195-b316-0156652649c9,1,3032,Comfort Fit Recreational Boots,1,399.99,399.99,0.0,35.0
5c32985a-bf43-4195-b316-0156652649c9,2,3101,Winter Boots - Insulated,1,159.99,159.99,0.0,14.0
5f318fe9-42da-45e3-88eb-638b02f6b153,1,3082,Edge Tuning Tool Set,1,119.99,119.99,0.0,10.5
5f318fe9-42da-45e3-88eb-638b02f6b153,2,3081,All-Temp Ski Wax Kit,1,79.99,79.99,0.0,7.0
5f318fe9-42da-45e3-88eb-638b02f6b153,3,3052,Thermal Base Layer Set - Women's,1,149.99,149.99,0.0,13.12
5f318fe9-42da-45e3-88eb-638b02f6b153,4,3053,Waterproof Ski Pants,2,249.99,499.98,0.0,43.75
de11694e-6040-4f9f-b675-60ce4562edc5,1,3104,Ski Tuning Bench - Portable,2,189.99,379.98,0.0,33.25
de11694e-6040-4f9f-b675-60ce4562edc5,2,3011,Alpine Pro Racing Skis - 170cm,2,1299.99,2599.98,0.0,227.5
de11694e-6040-4f9f-b675-60ce4562edc5,3,3031,Pro Flex Racing Ski Boots,2,649.99,1299.98,0.0,113.75
de11694e-6040-4f9f-b675-60ce4562edc5,4,3012,Mountain Master All-Terrain Skis - 165cm,2,899.99,1799.98,0.0,157.5
adf62546-2054-4677-84d5-702d36bacf23,1,3104,Ski Tuning Bench - Portable,1,189.99,189.99,0.0,16.62
adf62546-2054-4677-84d5-702d36bacf23,2,3052,Thermal Base Layer Set - Women's,1,149.99,149.99,0.0,13.12
adf62546-2054-4677-84d5-702d36bacf23,3,3091,Freestyle Snowboard - 155cm,1,649.99,649.99,0.0,56.87
2ef54b5a-e512-40f5-b033-ec138f54b718,1,3091,Freestyle Snowboard - 155cm,1,649.99,649.99,0.0,56.87
2ef54b5a-e512-40f5-b033-ec138f54b718,2,3082,Edge Tuning Tool Set,2,119.99,239.98,0.0,21.0
2ef54b5a-e512-40f5-b033-ec138f54b718,3,3052,Thermal Base Layer Set - Women's,1,149.99,149.99,0.0,13.12
2ef54b5a-e512-40f5-b033-ec138f54b718,4,3031,Pro Flex Racing Ski Boots,1,649.99,649.99,0.0,56.87
fe3c114e-37e1-4faf-8d6b-ecfed127c3ae,1,3082,Edge Tuning Tool Set,1,119.99,119.99,0.0,10.5
30b42477-db89-4ea0-bee1-a1f95f8112af,1,3052,Thermal Base Layer Set - Women's,2,149.99,299.98,0.0,26.25
0f0b5b37-59f5-4d3e-a0f1-3c7f7af194e5,1,3031,Pro Flex Racing Ski Boots,1,649.99,649.99,0.0,56.87
0f0b5b37-59f5-4d3e-a0f1-3c7f7af194e5,2,3033,Women's Performance Ski Boots,2,579.99,1159.98,0.0,101.5
cceda88b-71f6-4b94-b296-775e0905c4be,1,3081,All-Temp Ski Wax Kit,2,79.99,159.98,0.0,14.0
cceda88b-71f6-4b94-b296-775e0905c4be,2,3051,Insulated Ski Jacket - Men's,2,299.99,599.98,0.0,52.5
07e22f93-6f8a-4df7-aaa9-1a1313f19b7e,1,3053,Waterproof Ski Pants,2,249.99,499.98,0.0,43.75
07e22f93-6f8a-4df7-aaa9-1a1313f19b7e,2,3052,Thermal Base Layer Set - Women's,2,149.99,299.98,0.0,26.25
2670c2fb-44bd-4428-a02b-f4dfb69201fa,1,3103,Snowboard Bindings - Pro,1,299.99,299.99,0.0,26.25
2670c2fb-44bd-4428-a02b-f4dfb69201fa,2,3081,All-Temp Ski Wax Kit,2,79.99,159.98,0.0,14.0
2670c2fb-44bd-4428-a02b-f4dfb69201fa,3,3103,Snowboard Bindings - Pro,1,299.99,299.99,0.0,26.25
2670c2fb-44bd-4428-a02b-f4dfb69201fa,4,3082,Edge Tuning Tool Set,2,119.99,239.98,0.0,21.0
4ac60fbc-be10-4723-b80a-2c033b0434f6,1,3081,All-Temp Ski Wax Kit,2,79.99,159.98,0.0,14.0
319f54d1-01ed-446a-ac21-cad921d4b223,1,3032,Comfort Fit Recreational Boots,1,399.99,399.99,0.0,35.0
1443cad5-0a57-483f-aef5-481d5121725f,1,3081,All-Temp Ski Wax Kit,1,79.99,79.99,0.0,7.0
1443cad5-0a57-483f-aef5-481d5121725f,2,3072,Hand Warmers - 10 Pack,2,14.99,29.98,0.0,2.62
1443cad5-0a57-483f-aef5-481d5121725f,3,3081,All-Temp Ski Wax Kit,1,79.99,79.99,0.0,7.0
1443cad5-0a57-483f-aef5-481d5121725f,4,3092,All-Mountain Snowboard - 158cm,2,799.99,1599.98,0.0,140.0
9cd67dfe-95c7-42d0-959d-31088de6d3de,1,3033,Women's Performance Ski Boots,2,579.99,1159.98,0.0,101.5
9cd67dfe-95c7-42d0-959d-31088de6d3de,2,3042,Aluminum All-Mountain Poles - 115cm,2,99.99,199.98,0.0,17.5
9cd67dfe-95c7-42d0-959d-31088de6d3de,3,3091,Freestyle Snowboard - 155cm,1,649.99,649.99,0.0,56.87
9cd67dfe-95c7-42d0-959d-31088de6d3de,4,3062,Anti-Fog Ski Goggles,2,129.99,259.98,0.0,22.75
82917b5c-4d06-4b5e-8551-78b4ec6a0289,1,3022,Backcountry Explorer XC Skis - 190cm,2,549.99,1099.98,0.0,96.25
82917b5c-4d06-4b5e-8551-78b4ec6a0289,2,3041,Carbon Fiber Racing Poles - 120cm,2,179.99,359.98,0.0,31.5
82917b5c-4d06-4b5e-8551-78b4ec6a0289,3,3053,Waterproof Ski Pants,1,249.99,249.99,0.0,21.87
82917b5c-4d06-4b5e-8551-78b4ec6a0289,4,3051,Insulated Ski Jacket - Men's,1,299.99,299.99,0.0,26.25
743bfafc-bb87-4ebb-b755-fcab5708093e,1,3013,Beginner's Choice Alpine Skis - 160cm,1,449.99,449.99,0.0,39.37
743bfafc-bb87-4ebb-b755-fcab5708093e,2,3041,Carbon Fiber Racing Poles - 120cm,1,179.99,179.99,0.0,15.75
0478509d-87ed-4511-bf67-66d56c4290e7,1,3082,Edge Tuning Tool Set,1,119.99,119.99,0.0,10.5
1552d7e3-7c9d-4b12-9fad-6460bbdf0a11,1,3053,Waterproof Ski Pants,2,249.99,499.98,0.0,43.75
1552d7e3-7c9d-4b12-9fad-6460bbdf0a11,2,3082,Edge Tuning Tool Set,1,119.99,119.99,0.0,10.5
4aa90779-7663-42a0-a9b6-cdb9e150bdef,1,3051,Insulated Ski Jacket - Men's,1,299.99,299.99,0.0,26.25
4aa90779-7663-42a0-a9b6-cdb9e150bdef,2,3012,Mountain Master All-Terrain Skis - 165cm,1,899.99,899.99,0.0,78.75
4aa90779-7663-42a0-a9b6-cdb9e150bdef,3,3052,Thermal Base Layer Set - Women's,2,149.99,299.98,0.0,26.25
4aa90779-7663-42a0-a9b6-cdb9e150bdef,4,3062,Anti-Fog Ski Goggles,1,129.99,129.99,0.0,11.37
b671226e-91e6-4051-864a-575a7f4c2b40,1,3013,Beginner's Choice Alpine Skis - 160cm,2,449.99,899.98,0.0,78.75
b671226e-91e6-4051-864a-575a7f4c2b40,2,3032,Comfort Fit Recreational Boots,1,399.99,399.99,0.0,35.0
b671226e-91e6-4051-864a-575a7f4c2b40,3,3011,Alpine Pro Racing Skis - 170cm,2,1299.99,2599.98,0.0,227.5
b671226e-91e6-4051-864a-575a7f4c2b40,4,3022,Backcountry Explorer XC Skis - 190cm,2,549.99,1099.98,0.0,96.25
f5e1f1e5-59bb-4fcf-9cec-b19b82603fba,1,3053,Waterproof Ski Pants,2,249.99,499.98,0.0,43.75
9f517c70-6982-4550-badc-d780cd63d17c,1,3022,Backcountry Explorer XC Skis - 190cm,1,549.99,549.99,0.0,48.12
9f517c70-6982-4550-badc-d780cd63d17c,2,3072,Hand Warmers - 10 Pack,2,14.99,29.98,0.0,2.62
7c402931-7279-4ab2-9a99-cf428cf43f75,1,3012,Mountain Master All-Terrain Skis - 165cm,2,899.99,1799.98,0.0,157.5
7c402931-7279-4ab2-9a99-cf428cf43f75,2,3031,Pro Flex Racing Ski Boots,1,649.99,649.99,0.0,56.87
7c402931-7279-4ab2-9a99-cf428cf43f75,3,3104,Ski Tuning Bench - Portable,1,189.99,189.99,0.0,16.62
7c402931-7279-4ab2-9a99-cf428cf43f75,4,3053,Waterproof Ski Pants,2,249.99,499.98,0.0,43.75
e8eb3ba9-7cb8-4daa-886e-cba5374e83eb,1,3013,Beginner's Choice Alpine Skis - 160cm,2,449.99,899.98,0.0,78.75
e8eb3ba9-7cb8-4daa-886e-cba5374e83eb,2,3031,Pro Flex Racing Ski Boots,1,649.99,649.99,0.0,56.87
e8eb3ba9-7cb8-4daa-886e-cba5374e83eb,3,3013,Beginner's Choice Alpine Skis - 160cm,1,449.99,449.99,0.0,39.37
e8eb3ba9-7cb8-4daa-886e-cba5374e83eb,4,3052,Thermal Base Layer Set - Women's,1,149.99,149.99,0.0,13.12
24a50423-8850-4f9f-a0c6-d04ea501c110,1,3061,Professional Ski Helmet,2,199.99,399.98,0.0,35.0
24a50423-8850-4f9f-a0c6-d04ea501c110,2,3012,Mountain Master All-Terrain Skis - 165cm,1,899.99,899.99,0.0,78.75
24a50423-8850-4f9f-a0c6-d04ea501c110,3,3013,Beginner's Choice Alpine Skis - 160cm,1,449.99,449.99,0.0,39.37
24a50423-8850-4f9f-a0c6-d04ea501c110,4,3031,Pro Flex Racing Ski Boots,2,649.99,1299.98,0.0,113.75
51c2ea41-1ead-4ac2-8915-ebdd9d49423d,1,3104,Ski Tuning Bench - Portable,1,189.99,189.99,0.0,16.62
51c2ea41-1ead-4ac2-8915-ebdd9d49423d,2,3103,Snowboard Bindings - Pro,2,299.99,599.98,0.0,52.5
51c2ea41-1ead-4ac2-8915-ebdd9d49423d,3,3082,Edge Tuning Tool Set,2,119.99,239.98,0.0,21.0
89615946-e652-47b7-8751-3800e6048fb1,1,3101,Winter Boots - Insulated,2,159.99,319.98,0.0,28.0
89615946-e652-47b7-8751-3800e6048fb1,2,3032,Comfort Fit Recreational Boots,1,399.99,399.99,0.0,35.0
89615946-e652-47b7-8751-3800e6048fb1,3,3092,All-Mountain Snowboard - 158cm,1,799.99,799.99,0.0,70.0
89615946-e652-47b7-8751-3800e6048fb1,4,3022,Backcountry Explorer XC Skis - 190cm,1,549.99,549.99,0.0,48.12
f5e98155-476c-4862-a16d-830356cd87a9,1,3053,Waterproof Ski Pants,1,249.99,249.99,0.0,21.87
f5e98155-476c-4862-a16d-830356cd87a9,2,3012,Mountain Master All-Terrain Skis - 165cm,1,899.99,899.99,0.0,78.75
ff841ddd-2b14-4a12-baa4-0714a023d5ab,1,3072,Hand Warmers - 10 Pack,1,14.99,14.99,0.0,1.31
ff841ddd-2b14-4a12-baa4-0714a023d5ab,2,3041,Carbon Fiber Racing Poles - 120cm,1,179.99,179.99,0.0,15.75
ff841ddd-2b14-4a12-baa4-0714a023d5ab,3,3011,Alpine Pro Racing Skis - 170cm,2,1299.99,2599.98,0.0,227.5
96b898ea-a424-4910-8473-7f6f85323852,1,3033,Women's Performance Ski Boots,2,579.99,1159.98,0.0,101.5
96b898ea-a424-4910-8473-7f6f85323852,2,3052,Thermal Base Layer Set - Women's,1,149.99,149.99,0.0,13.12
96b898ea-a424-4910-8473-7f6f85323852,3,3061,Professional Ski Helmet,1,199.99,199.99,0.0,17.5
6cc9ce71-b433-469c-a8d0-30d3e7a0bd13,1,3012,Mountain Master All-Terrain Skis - 165cm,2,899.99,1799.98,0.0,157.5
6cc9ce71-b433-469c-a8d0-30d3e7a0bd13,2,3104,Ski Tuning Bench - Portable,2,189.99,379.98,0.0,33.25
6cc9ce71-b433-469c-a8d0-30d3e7a0bd13,3,3022,Backcountry Explorer XC Skis - 190cm,1,549.99,549.99,0.0,48.12
6cc9ce71-b433-469c-a8d0-30d3e7a0bd13,4,3032,Comfort Fit Recreational Boots,2,399.99,799.98,0.0,70.0
a47d6706-1e0f-4f79-8292-5526c5cf6cd5,1,3053,Waterproof Ski Pants,1,249.99,249.99,0.0,21.87
a47d6706-1e0f-4f79-8292-5526c5cf6cd5,2,3013,Beginner's Choice Alpine Skis - 160cm,2,449.99,899.98,0.0,78.75
a053e4d6-2dc5-4df3-9902-fd613a11b17e,1,3053,Waterproof Ski Pants,1,249.99,249.99,0.0,21.87
a053e4d6-2dc5-4df3-9902-fd613a11b17e,2,3032,Comfort Fit Recreational Boots,1,399.99,399.99,0.0,35.0
a053e4d6-2dc5-4df3-9902-fd613a11b17e,3,3052,Thermal Base Layer Set - Women's,1,149.99,149.99,0.0,13.12
bdd15add-7efb-4752-8a2b-a1b530841a1e,1,3051,Insulated Ski Jacket - Men's,1,299.99,299.99,0.0,26.25
bdd15add-7efb-4752-8a2b-a1b530841a1e,2,3091,Freestyle Snowboard - 155cm,2,649.99,1299.98,0.0,113.75
bdd15add-7efb-4752-8a2b-a1b530841a1e,3,3082,Edge Tuning Tool Set,1,119.99,119.99,0.0,10.5
bdd15add-7efb-4752-8a2b-a1b530841a1e,4,3081,All-Temp Ski Wax Kit,1,79.99,79.99,0.0,7.0
f50bba40-a2db-4b91-96e7-762d16fd8d0d,1,3102,Winter Hiking Boots - Waterproof,2,249.99,499.98,0.0,43.75
f50bba40-a2db-4b91-96e7-762d16fd8d0d,2,3082,Edge Tuning Tool Set,1,119.99,119.99,0.0,10.5
92cd981e-c79e-4834-a951-a3b9ec99d576,1,3033,Women's Performance Ski Boots,2,579.99,1159.98,0.0,101.5
92cd981e-c79e-4834-a951-a3b9ec99d576,2,3033,Women's Performance Ski Boots,2,579.99,1159.98,0.0,101.5
92cd981e-c79e-4834-a951-a3b9ec99d576,3,3062,Anti-Fog Ski Goggles,1,129.99,129.99,0.0,11.37
92cd981e-c79e-4834-a951-a3b9ec99d576,4,3052,Thermal Base Layer Set - Women's,2,149.99,299.98,0.0,26.25
de354fbe-d830-4fb3-9ff0-baca19c76ca4,1,3082,Edge Tuning Tool Set,1,119.99,119.99,0.0,10.5
de354fbe-d830-4fb3-9ff0-baca19c76ca4,2,3013,Beginner's Choice Alpine Skis - 160cm,1,449.99,449.99,0.0,39.37
de354fbe-d830-4fb3-9ff0-baca19c76ca4,3,3102,Winter Hiking Boots - Waterproof,1,249.99,249.99,0.0,21.87
de354fbe-d830-4fb3-9ff0-baca19c76ca4,4,3082,Edge Tuning Tool Set,2,119.99,239.98,0.0,21.0
cd7bbbd4-268f-4768-af1f-37c12362af0d,1,3092,All-Mountain Snowboard - 158cm,2,799.99,1599.98,0.0,140.0
cd7bbbd4-268f-4768-af1f-37c12362af0d,2,3041,Carbon Fiber Racing Poles - 120cm,1,179.99,179.99,0.0,15.75
cd7bbbd4-268f-4768-af1f-37c12362af0d,3,3032,Comfort Fit Recreational Boots,2,399.99,799.98,0.0,70.0
cd7bbbd4-268f-4768-af1f-37c12362af0d,4,3102,Winter Hiking Boots - Waterproof,1,249.99,249.99,0.0,21.87
e3479a9e-e0e7-444e-9f91-9bbbb26b56b9,1,3092,All-Mountain Snowboard - 158cm,1,799.99,799.99,0.0,70.0
e09e8206-23cd-48ac-868c-244f33d470f4,1,3013,Beginner's Choice Alpine Skis - 160cm,1,449.99,449.99,0.0,39.37
e09e8206-23cd-48ac-868c-244f33d470f4,2,3042,Aluminum All-Mountain Poles - 115cm,1,99.99,99.99,0.0,8.75
e09e8206-23cd-48ac-868c-244f33d470f4,3,3052,Thermal Base Layer Set - Women's,1,149.99,149.99,0.0,13.12
1cdb0b08-f1bd-4911-96c7-731aea034ea0,1,3104,Ski Tuning Bench - Portable,2,189.99,379.98,0.0,33.25
1cdb0b08-f1bd-4911-96c7-731aea034ea0,2,3021,Nordic Classic XC Skis - 185cm,1,349.99,349.99,0.0,30.62
1cdb0b08-f1bd-4911-96c7-731aea034ea0,3,3082,Edge Tuning Tool Set,2,119.99,239.98,0.0,21.0
56094073-ea99-411e-b5df-e6a95715dae5,1,3091,Freestyle Snowboard - 155cm,2,649.99,1299.98,0.0,113.75
dd3272fb-ab4d-4777-a5d7-cb8caf23f41b,1,3013,Beginner's Choice Alpine Skis - 160cm,1,449.99,449.99,0.0,39.37
dd3272fb-ab4d-4777-a5d7-cb8caf23f41b,2,3052,Thermal Base Layer Set - Women's,1,149.99,149.99,0.0,13.12
671f7c11-7b21-4fa5-a4e4-0349f14b4698,1,3012,Mountain Master All-Terrain Skis - 165cm,1,899.99,899.99,0.0,78.75
671f7c11-7b21-4fa5-a4e4-0349f14b4698,2,3103,Snowboard Bindings - Pro,2,299.99,599.98,0.0,52.5
777046d1-3e61-403b-97b2-141e9cd67b4f,1,3022,Backcountry Explorer XC Skis - 190cm,1,549.99,549.99,0.0,48.12
777046d1-3e61-403b-97b2-141e9cd67b4f,2,3104,Ski Tuning Bench - Portable,1,189.99,189.99,0.0,16.62
0b41c313-75c9-4215-ba95-5cd47774a353,1,3041,Carbon Fiber Racing Poles - 120cm,1,179.99,179.99,0.0,15.75
0b41c313-75c9-4215-ba95-5cd47774a353,2,3072,Hand Warmers - 10 Pack,1,14.99,14.99,0.0,1.31
9c32f609-5380-4803-b62f-00c3f55867f2,1,3011,Alpine Pro Racing Skis - 170cm,1,1299.99,1299.99,0.0,113.75
0935fee0-c921-4495-9fa2-c34f9ec221b6,1,3091,Freestyle Snowboard - 155cm,2,649.99,1299.98,0.0,113.75
0935fee0-c921-4495-9fa2-c34f9ec221b6,2,3042,Aluminum All-Mountain Poles - 115cm,1,99.99,99.99,0.0,8.75
af97f1bb-4b77-4fbd-9ae0-4a4c0ff1f770,1,3092,All-Mountain Snowboard - 158cm,2,799.99,1599.98,0.0,140.0
af97f1bb-4b77-4fbd-9ae0-4a4c0ff1f770,2,3033,Women's Performance Ski Boots,2,579.99,1159.98,0.0,101.5
af97f1bb-4b77-4fbd-9ae0-4a4c0ff1f770,3,3102,Winter Hiking Boots - Waterproof,2,249.99,499.98,0.0,43.75
0ee11165-a58c-4f15-82f5-ec0d691833c7,1,3013,Beginner's Choice Alpine Skis - 160cm,2,449.99,899.98,0.0,78.75
0ee11165-a58c-4f15-82f5-ec0d691833c7,2,3022,Backcountry Explorer XC Skis - 190cm,1,549.99,549.99,0.0,48.12
0ee11165-a58c-4f15-82f5-ec0d691833c7,3,3082,Edge Tuning Tool Set,2,119.99,239.98,0.0,21.0
faeb7f2b-889c-4580-95e6-0126a6a3f956,1,3041,Carbon Fiber Racing Poles - 120cm,2,179.99,359.98,0.0,31.5
faeb7f2b-889c-4580-95e6-0126a6a3f956,2,3011,Alpine Pro Racing Skis - 170cm,1,1299.99,1299.99,0.0,113.75
3edd13f8-cc71-4145-b217-f5343df686c8,1,3033,Women's Performance Ski Boots,2,579.99,1159.98,0.0,101.5
3edd13f8-cc71-4145-b217-f5343df686c8,2,3051,Insulated Ski Jacket - Men's,1,299.99,299.99,0.0,26.25
3edd13f8-cc71-4145-b217-f5343df686c8,3,3051,Insulated Ski Jacket - Men's,1,299.99,299.99,0.0,26.25
6d4a1613-cc43-4330-a70e-b3fa82aa9b7b,1,3033,Women's Performance Ski Boots,1,579.99,579.99,0.0,50.75
6d4a1613-cc43-4330-a70e-b3fa82aa9b7b,2,3032,Comfort Fit Recreational Boots,2,399.99,799.98,0.0,70.0
96fdee74-f4f3-414b-8fc5-86e08e9c2d17,1,3092,All-Mountain Snowboard - 158cm,2,799.99,1599.98,0.0,140.0
96fdee74-f4f3-414b-8fc5-86e08e9c2d17,2,3081,All-Temp Ski Wax Kit,1,79.99,79.99,0.0,7.0
96fdee74-f4f3-414b-8fc5-86e08e9c2d17,3,3104,Ski Tuning Bench - Portable,2,189.99,379.98,0.0,33.25
e82d380d-203b-4520-a061-9ceb2a26564e,1,3031,Pro Flex Racing Ski Boots,1,649.99,649.99,0.0,56.87
e82d380d-203b-4520-a061-9ceb2a26564e,2,3013,Beginner's Choice Alpine Skis - 160cm,2,449.99,899.98,0.0,78.75
92c863d9-57e8-4d46-8ab1-358f0f112f17,1,3052,Thermal Base Layer Set - Women's,1,149.99,149.99,0.0,13.12
92c863d9-57e8-4d46-8ab1-358f0f112f17,2,3011,Alpine Pro Racing Skis - 170cm,1,1299.99,1299.99,0.0,113.75
92c863d9-57e8-4d46-8ab1-358f0f112f17,3,3041,Carbon Fiber Racing Poles - 120cm,1,179.99,179.99,0.0,15.75
b6ecd15b-c8c8-4b4f-9673-e3a71c59dfd2,1,3011,Alpine Pro Racing Skis - 170cm,1,1299.99,1299.99,0.0,113.75
b6ecd15b-c8c8-4b4f-9673-e3a71c59dfd2,2,3104,Ski Tuning Bench - Portable,2,189.99,379.98,0.0,33.25
953cfab3-a8b4-4355-a268-9efdc6e9318f,1,3012,Mountain Master All-Terrain Skis - 165cm,1,899.99,899.99,0.0,78.75
953cfab3-a8b4-4355-a268-9efdc6e9318f,2,3052,Thermal Base Layer Set - Women's,1,149.99,149.99,0.0,13.12
953cfab3-a8b4-4355-a268-9efdc6e9318f,3,3021,Nordic Classic XC Skis - 185cm,1,349.99,349.99,0.0,30.62
7c7f339a-d806-4c67-bc42-d3f0de1477e4,1,3011,Alpine Pro Racing Skis - 170cm,2,1299.99,2599.98,0.0,227.5
7c7f339a-d806-4c67-bc42-d3f0de1477e4,2,3052,Thermal Base Layer Set - Women's,1,149.99,149.99,0.0,13.12
7c7f339a-d806-4c67-bc42-d3f0de1477e4,3,3081,All-Temp Ski Wax Kit,2,79.99,159.98,0.0,14.0
4fcbb618-7f67-44d4-9d9a-eb4f03a62285,1,3072,Hand Warmers - 10 Pack,1,14.99,14.99,0.0,1.31
4fcbb618-7f67-44d4-9d9a-eb4f03a62285,2,3091,Freestyle Snowboard - 155cm,2,649.99,1299.98,0.0,113.75
4fcbb618-7f67-44d4-9d9a-eb4f03a62285,3,3032,Comfort Fit Recreational Boots,1,399.99,399.99,0.0,35.0
960132b6-4ae4-40a2-a8cd-bbea96696e3c,1,3051,Insulated Ski Jacket - Men's,2,299.99,599.98,0.0,52.5
960132b6-4ae4-40a2-a8cd-bbea96696e3c,2,3012,Mountain Master All-Terrain Skis - 165cm,1,899.99,899.99,0.0,78.75
960132b6-4ae4-40a2-a8cd-bbea96696e3c,3,3102,Winter Hiking Boots - Waterproof,1,249.99,249.99,0.0,21.87
960132b6-4ae4-40a2-a8cd-bbea96696e3c,4,3104,Ski Tuning Bench - Portable,2,189.99,379.98,0.0,33.25
26040b60-ae36-4138-8ce6-9fc8096ee2f3,1,3013,Beginner's Choice Alpine Skis - 160cm,2,449.99,899.98,0.0,78.75
26040b60-ae36-4138-8ce6-9fc8096ee2f3,2,3011,Alpine Pro Racing Skis - 170cm,2,1299.99,2599.98,0.0,227.5
3d2445d5-32f6-40b9-b4d1-62d33f60d81a,1,3013,Beginner's Choice Alpine Skis - 160cm,1,449.99,449.99,0.0,39.37
3d2445d5-32f6-40b9-b4d1-62d33f60d81a,2,3012,Mountain Master All-Terrain Skis - 165cm,1,899.99,899.99,0.0,78.75
3d2445d5-32f6-40b9-b4d1-62d33f60d81a,3,3051,Insulated Ski Jacket - Men's,1,299.99,299.99,0.0,26.25
e7ed9408-83e0-403c-870f-ac6867a02cc2,1,3072,Hand Warmers - 10 Pack,2,14.99,29.98,0.0,2.62
e7ed9408-83e0-403c-870f-ac6867a02cc2,2,3091,Freestyle Snowboard - 155cm,2,649.99,1299.98,0.0,113.75
e7ed9408-83e0-403c-870f-ac6867a02cc2,3,3072,Hand Warmers - 10 Pack,2,14.99,29.98,0.0,2.62
0e6c4278-bdb4-425f-8fa4-3be07decc164,1,3042,Aluminum All-Mountain Poles - 115cm,2,99.99,199.98,0.0,17.5
e983a13b-e282-4e8d-baf4-bbe55f2a2f66,1,3082,Edge Tuning Tool Set,2,119.99,239.98,0.0,21.0
e983a13b-e282-4e8d-baf4-bbe55f2a2f66,2,3081,All-Temp Ski Wax Kit,1,79.99,79.99,0.0,7.0
4258cf68-6933-48ae-93b7-1c75c1dfe549,1,3071,Ski Boot Bag - Premium,2,59.99,119.98,0.0,10.5
4258cf68-6933-48ae-93b7-1c75c1dfe549,2,3021,Nordic Classic XC Skis - 185cm,1,349.99,349.99,0.0,30.62
4258cf68-6933-48ae-93b7-1c75c1dfe549,3,3032,Comfort Fit Recreational Boots,1,399.99,399.99,0.0,35.0
4258cf68-6933-48ae-93b7-1c75c1dfe549,4,3012,Mountain Master All-Terrain Skis - 165cm,2,899.99,1799.98,0.0,157.5
ab366c2e-0513-4ec0-93e5-2f272a483e06,1,3022,Backcountry Explorer XC Skis - 190cm,2,549.99,1099.98,0.0,96.25
ab366c2e-0513-4ec0-93e5-2f272a483e06,2,3102,Winter Hiking Boots - Waterproof,2,249.99,499.98,0.0,43.75
ab366c2e-0513-4ec0-93e5-2f272a483e06,3,3082,Edge Tuning Tool Set,1,119.99,119.99,0.0,10.5
1b94a32f-d075-4635-95f8-57d66f9fcf84,1,3092,All-Mountain Snowboard - 158cm,1,799.99,799.99,0.0,70.0
da58deb9-1f01-438d-915e-197c0ec9d078,1,3072,Hand Warmers - 10 Pack,1,14.99,14.99,0.0,1.31
da58deb9-1f01-438d-915e-197c0ec9d078,2,3033,Women's Performance Ski Boots,2,579.99,1159.98,0.0,101.5
da58deb9-1f01-438d-915e-197c0ec9d078,3,3012,Mountain Master All-Terrain Skis - 165cm,2,899.99,1799.98,0.0,157.5
da58deb9-1f01-438d-915e-197c0ec9d078,4,3053,Waterproof Ski Pants,2,249.99,499.98,0.0,43.75
6073d822-4590-4b9d-8c12-54eb7e0f9a3c,1,3062,Anti-Fog Ski Goggles,1,129.99,129.99,0.0,11.37
8b5eb7ef-4808-4643-a11f-5a2ad5e30f6b,1,3104,Ski Tuning Bench - Portable,2,189.99,379.98,0.0,33.25
8b5eb7ef-4808-4643-a11f-5a2ad5e30f6b,2,3031,Pro Flex Racing Ski Boots,1,649.99,649.99,0.0,56.87
8b5eb7ef-4808-4643-a11f-5a2ad5e30f6b,3,3012,Mountain Master All-Terrain Skis - 165cm,2,899.99,1799.98,0.0,157.5
8b5eb7ef-4808-4643-a11f-5a2ad5e30f6b,4,3081,All-Temp Ski Wax Kit,1,79.99,79.99,0.0,7.0
a521463a-2909-4b1a-b081-24d52c556d72,1,3053,Waterproof Ski Pants,1,249.99,249.99,0.0,21.87
70851496-e96a-4542-9acc-c8a1a24e089a,1,3021,Nordic Classic XC Skis - 185cm,1,349.99,349.99,0.0,30.62
70851496-e96a-4542-9acc-c8a1a24e089a,2,3011,Alpine Pro Racing Skis - 170cm,1,1299.99,1299.99,0.0,113.75
70851496-e96a-4542-9acc-c8a1a24e089a,3,3022,Backcountry Explorer XC Skis - 190cm,1,549.99,549.99,0.0,48.12
685780a9-45f8-44c1-baf5-c6e17d347a3f,1,3041,Carbon Fiber Racing Poles - 120cm,2,179.99,359.98,0.0,31.5
685780a9-45f8-44c1-baf5-c6e17d347a3f,2,3032,Comfort Fit Recreational Boots,1,399.99,399.99,0.0,35.0
685780a9-45f8-44c1-baf5-c6e17d347a3f,3,3011,Alpine Pro Racing Skis - 170cm,1,1299.99,1299.99,0.0,113.75
250c74b7-55e4-42fc-ba28-a216043178dd,1,3052,Thermal Base Layer Set - Women's,2,149.99,299.98,0.0,26.25
bba273c5-2233-45c8-8ff4-a6b930d5e105,1,3104,Ski Tuning Bench - Portable,1,189.99,189.99,0.0,16.62
bba273c5-2233-45c8-8ff4-a6b930d5e105,2,3013,Beginner's Choice Alpine Skis - 160cm,1,449.99,449.99,0.0,39.37
bba273c5-2233-45c8-8ff4-a6b930d5e105,3,3032,Comfort Fit Recreational Boots,2,399.99,799.98,0.0,70.0
bba273c5-2233-45c8-8ff4-a6b930d5e105,4,3082,Edge Tuning Tool Set,1,119.99,119.99,0.0,10.5
f57ff655-b500-4100-8f84-b3b570d1b566,1,3012,Mountain Master All-Terrain Skis - 165cm,1,899.99,899.99,0.0,78.75
f57ff655-b500-4100-8f84-b3b570d1b566,2,3011,Alpine Pro Racing Skis - 170cm,1,1299.99,1299.99,0.0,113.75
04ef132b-17df-4640-bb6b-4cf4fcc34aa8,1,3081,All-Temp Ski Wax Kit,2,79.99,159.98,0.0,14.0
04ef132b-17df-4640-bb6b-4cf4fcc34aa8,2,3081,All-Temp Ski Wax Kit,2,79.99,159.98,0.0,14.0
04ef132b-17df-4640-bb6b-4cf4fcc34aa8,3,3071,Ski Boot Bag - Premium,2,59.99,119.98,0.0,10.5
04ef132b-17df-4640-bb6b-4cf4fcc34aa8,4,3051,Insulated Ski Jacket - Men's,2,299.99,599.98,0.0,52.5
d5b78d0c-6a91-4d9a-bb65-db94246d2397,1,3091,Freestyle Snowboard - 155cm,1,649.99,649.99,0.0,56.87
d5b78d0c-6a91-4d9a-bb65-db94246d2397,2,3082,Edge Tuning Tool Set,2,119.99,239.98,0.0,21.0
d5b78d0c-6a91-4d9a-bb65-db94246d2397,3,3072,Hand Warmers - 10 Pack,2,14.99,29.98,0.0,2.62
d5b78d0c-6a91-4d9a-bb65-db94246d2397,4,3081,All-Temp Ski Wax Kit,1,79.99,79.99,0.0,7.0
16f5607c-7bc1-40cf-b7c5-4c7853aad843,1,3042,Aluminum All-Mountain Poles - 115cm,2,99.99,199.98,0.0,17.5
16f5607c-7bc1-40cf-b7c5-4c7853aad843,2,3081,All-Temp Ski Wax Kit,2,79.99,159.98,0.0,14.0
43220fa0-bfb3-4219-94a9-a15d9391a853,1,3022,Backcountry Explorer XC Skis - 190cm,1,549.99,549.99,0.0,48.12
43220fa0-bfb3-4219-94a9-a15d9391a853,2,3081,All-Temp Ski Wax Kit,1,79.99,79.99,0.0,7.0
43220fa0-bfb3-4219-94a9-a15d9391a853,3,3092,All-Mountain Snowboard - 158cm,2,799.99,1599.98,0.0,140.0
43220fa0-bfb3-4219-94a9-a15d9391a853,4,3042,Aluminum All-Mountain Poles - 115cm,2,99.99,199.98,0.0,17.5
76e47a09-7840-478f-8adc-c262977e4618,1,3053,Waterproof Ski Pants,2,249.99,499.98,0.0,43.75
2f43de67-a2e8-4b79-b3d3-ddbe71e25d8f,1,3104,Ski Tuning Bench - Portable,2,189.99,379.98,0.0,33.25
f3c4dfd9-73bb-4a6e-8ac4-a79be9a0342a,1,3033,Women's Performance Ski Boots,2,579.99,1159.98,0.0,101.5
f3c4dfd9-73bb-4a6e-8ac4-a79be9a0342a,2,3032,Comfort Fit Recreational Boots,1,399.99,399.99,0.0,35.0
f3c4dfd9-73bb-4a6e-8ac4-a79be9a0342a,3,3051,Insulated Ski Jacket - Men's,2,299.99,599.98,0.0,52.5
73c1f5dd-ac61-472b-9030-9a02a16531b6,1,3081,All-Temp Ski Wax Kit,1,79.99,79.99,0.0,7.0
73c1f5dd-ac61-472b-9030-9a02a16531b6,2,3071,Ski Boot Bag - Premium,1,59.99,59.99,0.0,5.25
73c1f5dd-ac61-472b-9030-9a02a16531b6,3,3041,Carbon Fiber Racing Poles - 120cm,2,179.99,359.98,0.0,31.5
8be756f2-e67d-4dc6-a54c-459c33ba7f2e,1,3062,Anti-Fog Ski Goggles,1,129.99,129.99,0.0,11.37
8be756f2-e67d-4dc6-a54c-459c33ba7f2e,2,3013,Beginner's Choice Alpine Skis - 160cm,2,449.99,899.98,0.0,78.75
8be756f2-e67d-4dc6-a54c-459c33ba7f2e,3,3053,Waterproof Ski Pants,2,249.99,499.98,0.0,43.75
bb730d31-972e-4a7a-a2da-6f3830c9592f,1,3041,Carbon Fiber Racing Poles - 120cm,1,179.99,179.99,0.0,15.75
bb730d31-972e-4a7a-a2da-6f3830c9592f,2,3012,Mountain Master All-Terrain Skis - 165cm,2,899.99,1799.98,0.0,157.5
bb730d31-972e-4a7a-a2da-6f3830c9592f,3,3033,Women's Performance Ski Boots,2,579.99,1159.98,0.0,101.5
1be2a423-2fa2-4235-8760-bc717dda2a8d,1,3082,Edge Tuning Tool Set,2,119.99,239.98,0.0,21.0
1be2a423-2fa2-4235-8760-bc717dda2a8d,2,3082,Edge Tuning Tool Set,1,119.99,119.99,0.0,10.5
fff6f2dd-7a0c-4c95-80cf-0a5acbbdedca,1,3082,Edge Tuning Tool Set,1,119.99,119.99,0.0,10.5
fff6f2dd-7a0c-4c95-80cf-0a5acbbdedca,2,3104,Ski Tuning Bench - Portable,1,189.99,189.99,0.0,16.62
fff6f2dd-7a0c-4c95-80cf-0a5acbbdedca,3,3031,Pro Flex Racing Ski Boots,1,649.99,649.99,0.0,56.87
fff6f2dd-7a0c-4c95-80cf-0a5acbbdedca,4,3092,All-Mountain Snowboard - 158cm,2,799.99,1599.98,0.0,140.0
80f649d5-d97a-4ac3-bbf3-144fc913864b,1,3031,Pro Flex Racing Ski Boots,1,649.99,649.99,0.0,56.87
80f649d5-d97a-4ac3-bbf3-144fc913864b,2,3061,Professional Ski Helmet,2,199.99,399.98,0.0,35.0
80f649d5-d97a-4ac3-bbf3-144fc913864b,3,3104,Ski Tuning Bench - Portable,2,189.99,379.98,0.0,33.25
9cc65176-f332-4864-a5b9-6179914325da,1,3053,Waterproof Ski Pants,1,249.99,249.99,0.0,21.87
9cc65176-f332-4864-a5b9-6179914325da,2,3033,Women's Performance Ski Boots,2,579.99,1159.98,0.0,101.5
9cc65176-f332-4864-a5b9-6179914325da,3,3052,Thermal Base Layer Set - Women's,1,149.99,149.99,0.0,13.12
9cc65176-f332-4864-a5b9-6179914325da,4,3072,Hand Warmers - 10 Pack,1,14.99,14.99,0.0,1.31
c8af5bb8-3e6b-4caf-a971-4a161ca01515,1,3102,Winter Hiking Boots - Waterproof,2,249.99,499.98,0.0,43.75
c8af5bb8-3e6b-4caf-a971-4a161ca01515,2,3104,Ski Tuning Bench - Portable,2,189.99,379.98,0.0,33.25
de22a899-deb4-4f24-b302-1639107a01d5,1,3012,Mountain Master All-Terrain Skis - 165cm,2,899.99,1799.98,0.0,157.5
08ee70ee-0d68-4fc5-9594-4cacbd934e49,1,3091,Freestyle Snowboard - 155cm,2,649.99,1299.98,0.0,113.75
08ee70ee-0d68-4fc5-9594-4cacbd934e49,2,3082,Edge Tuning Tool Set,1,119.99,119.99,0.0,10.5
08ee70ee-0d68-4fc5-9594-4cacbd934e49,3,3104,Ski Tuning Bench - Portable,2,189.99,379.98,0.0,33.25
ccede0b6-9738-40f5-acbe-6f3da3ee5b75,1,3021,Nordic Classic XC Skis - 185cm,2,349.99,699.98,0.0,61.25
ccede0b6-9738-40f5-acbe-6f3da3ee5b75,2,3041,Carbon Fiber Racing Poles - 120cm,2,179.99,359.98,0.0,31.5
ccede0b6-9738-40f5-acbe-6f3da3ee5b75,3,3102,Winter Hiking Boots - Waterproof,2,249.99,499.98,0.0,43.75
ccede0b6-9738-40f5-acbe-6f3da3ee5b75,4,3104,Ski Tuning Bench - Portable,1,189.99,189.99,0.0,16.62
6c1f0cc5-4a04-4d48-910a-2ab41d221aa0,1,3031,Pro Flex Racing Ski Boots,2,649.99,1299.98,0.0,113.75
6c1f0cc5-4a04-4d48-910a-2ab41d221aa0,2,3012,Mountain Master All-Terrain Skis - 165cm,2,899.99,1799.98,0.0,157.5
6c1f0cc5-4a04-4d48-910a-2ab41d221aa0,3,3011,Alpine Pro Racing Skis - 170cm,2,1299.99,2599.98,0.0,227.5
6c1f0cc5-4a04-4d48-910a-2ab41d221aa0,4,3061,Professional Ski Helmet,2,199.99,399.98,0.0,35.0
de9e5556-4aea-451f-88d5-34014e98e305,1,3062,Anti-Fog Ski Goggles,1,129.99,129.99,0.0,11.37
de9e5556-4aea-451f-88d5-34014e98e305,2,3081,All-Temp Ski Wax Kit,1,79.99,79.99,0.0,7.0
de9e5556-4aea-451f-88d5-34014e98e305,3,3091,Freestyle Snowboard - 155cm,1,649.99,649.99,0.0,56.87
f91b95c6-625d-474d-ac53-701fa39e9059,1,3082,Edge Tuning Tool Set,1,119.99,119.99,0.0,10.5
f91b95c6-625d-474d-ac53-701fa39e9059,2,3081,All-Temp Ski Wax Kit,1,79.99,79.99,0.0,7.0
01eb2910-0e7e-4e66-873a-53899e49da81,1,3061,Professional Ski Helmet,2,199.99,399.98,0.0,35.0
b039ffd6-3631-48f9-aa16-faa9506ec83b,1,3032,Comfort Fit Recreational Boots,2,399.99,799.98,0.0,70.0
b039ffd6-3631-48f9-aa16-faa9506ec83b,2,3081,All-Temp Ski Wax Kit,2,79.99,159.98,0.0,14.0
b190a627-be2f-484a-87d2-36f0662b60bb,1,3051,Insulated Ski Jacket - Men's,1,299.99,299.99,0.0,26.25
b190a627-be2f-484a-87d2-36f0662b60bb,2,3013,Beginner's Choice Alpine Skis - 160cm,2,449.99,899.98,0.0,78.75
b190a627-be2f-484a-87d2-36f0662b60bb,3,3013,Beginner's Choice Alpine Skis - 160cm,1,449.99,449.99,0.0,39.37
b190a627-be2f-484a-87d2-36f0662b60bb,4,3053,Waterproof Ski Pants,2,249.99,499.98,0.0,43.75
53e6455b-bbdd-4a7b-9947-d8e1ce3bc051,1,3012,Mountain Master All-Terrain Skis - 165cm,2,899.99,1799.98,0.0,157.5
53e6455b-bbdd-4a7b-9947-d8e1ce3bc051,2,3011,Alpine Pro Racing Skis - 170cm,2,1299.99,2599.98,0.0,227.5
53e6455b-bbdd-4a7b-9947-d8e1ce3bc051,3,3052,Thermal Base Layer Set - Women's,2,149.99,299.98,0.0,26.25
53e6455b-bbdd-4a7b-9947-d8e1ce3bc051,4,3031,Pro Flex Racing Ski Boots,1,649.99,649.99,0.0,56.87
b84f5845-9c50-417b-a9fe-a63f6c702ddf,1,3031,Pro Flex Racing Ski Boots,1,649.99,649.99,0.0,56.87
0799c65e-5f73-4a40-82e7-2200f6c8a49d,1,3031,Pro Flex Racing Ski Boots,1,649.99,649.99,0.0,56.87
0799c65e-5f73-4a40-82e7-2200f6c8a49d,2,3041,Carbon Fiber Racing Poles - 120cm,2,179.99,359.98,0.0,31.5
50dbc723-9fc3-4293-a819-bbaeb0e3d7b3,1,3031,Pro Flex Racing Ski Boots,1,649.99,649.99,0.0,56.87
50dbc723-9fc3-4293-a819-bbaeb0e3d7b3,2,3013,Beginner's Choice Alpine Skis - 160cm,2,449.99,899.98,0.0,78.75
50dbc723-9fc3-4293-a819-bbaeb0e3d7b3,3,3013,Beginner's Choice Alpine Skis - 160cm,1,449.99,449.99,0.0,39.37
50dbc723-9fc3-4293-a819-bbaeb0e3d7b3,4,3012,Mountain Master All-Terrain Skis - 165cm,1,899.99,899.99,0.0,78.75
685d7cca-3a26-4b77-ad79-248cb51b6cfb,1,3104,Ski Tuning Bench - Portable,2,189.99,379.98,0.0,33.25
685d7cca-3a26-4b77-ad79-248cb51b6cfb,2,3081,All-Temp Ski Wax Kit,2,79.99,159.98,0.0,14.0
685d7cca-3a26-4b77-ad79-248cb51b6cfb,3,3053,Waterproof Ski Pants,1,249.99,249.99,0.0,21.87
f5a84162-45f6-4242-810a-1af1ef3b7bf9,1,3082,Edge Tuning Tool Set,2,119.99,239.98,0.0,21.0
3c9a6d3a-5ac6-486e-abb3-2763be92c45c,1,3081,All-Temp Ski Wax Kit,2,79.99,159.98,0.0,14.0
f5280c1b-d0a9-4de8-aae6-0e9486ad0c8e,1,3051,Insulated Ski Jacket - Men's,1,299.99,299.99,0.0,26.25
f5280c1b-d0a9-4de8-aae6-0e9486ad0c8e,2,3051,Insulated Ski Jacket - Men's,2,299.99,599.98,0.0,52.5
f5280c1b-d0a9-4de8-aae6-0e9486ad0c8e,3,3082,Edge Tuning Tool Set,1,119.99,119.99,0.0,10.5
f5280c1b-d0a9-4de8-aae6-0e9486ad0c8e,4,3071,Ski Boot Bag - Premium,2,59.99,119.98,0.0,10.5
53b3a361-6019-42c9-896d-63a6c1fbe759,1,3081,All-Temp Ski Wax Kit,2,79.99,159.98,0.0,14.0
53b3a361-6019-42c9-896d-63a6c1fbe759,2,3104,Ski Tuning Bench - Portable,2,189.99,379.98,0.0,33.25
53b3a361-6019-42c9-896d-63a6c1fbe759,3,3031,Pro Flex Racing Ski Boots,2,649.99,1299.98,0.0,113.75
53b3a361-6019-42c9-896d-63a6c1fbe759,4,3032,Comfort Fit Recreational Boots,1,399.99,399.99,0.0,35.0
6f4a4f64-19e0-46b3-ab47-ecf4137c4a2b,1,3032,Comfort Fit Recreational Boots,1,399.99,399.99,0.0,35.0
6f4a4f64-19e0-46b3-ab47-ecf4137c4a2b,2,3062,Anti-Fog Ski Goggles,1,129.99,129.99,0.0,11.37
6f4a4f64-19e0-46b3-ab47-ecf4137c4a2b,3,3032,Comfort Fit Recreational Boots,2,399.99,799.98,0.0,70.0
2c47e0b6-b3be-4545-94b1-19e1f5124eec,1,3021,Nordic Classic XC Skis - 185cm,1,349.99,349.99,0.0,30.62
2c47e0b6-b3be-4545-94b1-19e1f5124eec,2,3033,Women's Performance Ski Boots,2,579.99,1159.98,0.0,101.5
2c47e0b6-b3be-4545-94b1-19e1f5124eec,3,3041,Carbon Fiber Racing Poles - 120cm,2,179.99,359.98,0.0,31.5
4a446e3b-a017-4222-a0e3-ff7ff676aaed,1,3052,Thermal Base Layer Set - Women's,2,149.99,299.98,0.0,26.25
4a446e3b-a017-4222-a0e3-ff7ff676aaed,2,3061,Professional Ski Helmet,1,199.99,199.99,0.0,17.5
4a446e3b-a017-4222-a0e3-ff7ff676aaed,3,3104,Ski Tuning Bench - Portable,1,189.99,189.99,0.0,16.62
58c0c4cb-84a8-4dbf-bd62-29e3aa7b688f,1,3031,Pro Flex Racing Ski Boots,2,649.99,1299.98,0.0,113.75
58c0c4cb-84a8-4dbf-bd62-29e3aa7b688f,2,3032,Comfort Fit Recreational Boots,2,399.99,799.98,0.0,70.0
58c0c4cb-84a8-4dbf-bd62-29e3aa7b688f,3,3032,Comfort Fit Recreational Boots,2,399.99,799.98,0.0,70.0
29dff3e4-f957-41b2-b3c9-156ec4f272dd,1,3011,Alpine Pro Racing Skis - 170cm,2,1299.99,2599.98,0.0,227.5
29dff3e4-f957-41b2-b3c9-156ec4f272dd,2,3091,Freestyle Snowboard - 155cm,2,649.99,1299.98,0.0,113.75
29dff3e4-f957-41b2-b3c9-156ec4f272dd,3,3082,Edge Tuning Tool Set,2,119.99,239.98,0.0,21.0
08d96d81-76a1-40e9-bd55-c0f9cb499285,1,3082,Edge Tuning Tool Set,1,119.99,119.99,0.0,10.5
08d96d81-76a1-40e9-bd55-c0f9cb499285,2,3062,Anti-Fog Ski Goggles,2,129.99,259.98,0.0,22.75
08d96d81-76a1-40e9-bd55-c0f9cb499285,3,3053,Waterproof Ski Pants,1,249.99,249.99,0.0,21.87
08d96d81-76a1-40e9-bd55-c0f9cb499285,4,3104,Ski Tuning Bench - Portable,1,189.99,189.99,0.0,16.62
6cfc87df-9c90-4365-abab-ab87e2ec6ee6,1,3072,Hand Warmers - 10 Pack,2,14.99,29.98,0.0,2.62
6cfc87df-9c90-4365-abab-ab87e2ec6ee6,2,3052,Thermal Base Layer Set - Women's,1,149.99,149.99,0.0,13.12
6cfc87df-9c90-4365-abab-ab87e2ec6ee6,3,3021,Nordic Classic XC Skis - 185cm,1,349.99,349.99,0.0,30.62
ad8d2236-b337-4f55-8e53-775ae23fad92,1,3062,Anti-Fog Ski Goggles,2,129.99,259.98,0.0,22.75
ad8d2236-b337-4f55-8e53-775ae23fad92,2,3082,Edge Tuning Tool Set,2,119.99,239.98,0.0,21.0
88037b0a-2330-4c22-9caa-07270e5921f5,1,3052,Thermal Base Layer Set - Women's,1,149.99,149.99,0.0,13.12
3968bd54-2680-45de-bb8a-8f184b70e0f0,1,3082,Edge Tuning Tool Set,2,119.99,239.98,0.0,21.0
e814aa85-afad-4533-b56a-1dc5a3553563,1,3081,All-Temp Ski Wax Kit,1,79.99,79.99,0.0,7.0
e814aa85-afad-4533-b56a-1dc5a3553563,2,3031,Pro Flex Racing Ski Boots,1,649.99,649.99,0.0,56.87
95231a08-20f9-49ff-a62b-c8423d85ffc6,1,3082,Edge Tuning Tool Set,1,119.99,119.99,0.0,10.5
95231a08-20f9-49ff-a62b-c8423d85ffc6,2,3104,Ski Tuning Bench - Portable,1,189.99,189.99,0.0,16.62
95231a08-20f9-49ff-a62b-c8423d85ffc6,3,3082,Edge Tuning Tool Set,2,119.99,239.98,0.0,21.0
551b3b62-5ea7-4d10-ac49-e332ad9e3945,1,3032,Comfort Fit Recreational Boots,2,399.99,799.98,0.0,70.0
551b3b62-5ea7-4d10-ac49-e332ad9e3945,2,3021,Nordic Classic XC Skis - 185cm,1,349.99,349.99,0.0,30.62
551b3b62-5ea7-4d10-ac49-e332ad9e3945,3,3012,Mountain Master All-Terrain Skis - 165cm,2,899.99,1799.98,0.0,157.5
551b3b62-5ea7-4d10-ac49-e332ad9e3945,4,3013,Beginner's Choice Alpine Skis - 160cm,2,449.99,899.98,0.0,78.75
313e46ec-134b-4d98-a487-29a512310c89,1,3104,Ski Tuning Bench - Portable,2,189.99,379.98,0.0,33.25
313e46ec-134b-4d98-a487-29a512310c89,2,3104,Ski Tuning Bench - Portable,1,189.99,189.99,0.0,16.62
313e46ec-134b-4d98-a487-29a512310c89,3,3101,Winter Boots - Insulated,1,159.99,159.99,0.0,14.0
2588980d-d6fe-46e4-b354-ff7d2323e6b7,1,3082,Edge Tuning Tool Set,2,119.99,239.98,0.0,21.0
2588980d-d6fe-46e4-b354-ff7d2323e6b7,2,3031,Pro Flex Racing Ski Boots,2,649.99,1299.98,0.0,113.75
2588980d-d6fe-46e4-b354-ff7d2323e6b7,3,3012,Mountain Master All-Terrain Skis - 165cm,1,899.99,899.99,0.0,78.75
2588980d-d6fe-46e4-b354-ff7d2323e6b7,4,3011,Alpine Pro Racing Skis - 170cm,2,1299.99,2599.98,0.0,227.5
6da60023-e20d-4d0f-aa9d-25342695f4da,1,3082,Edge Tuning Tool Set,1,119.99,119.99,0.0,10.5
ceae1acf-ac23-4aa3-8a97-a5204d8f8abe,1,3101,Winter Boots - Insulated,2,159.99,319.98,0.0,28.0
ceae1acf-ac23-4aa3-8a97-a5204d8f8abe,2,3104,Ski Tuning Bench - Portable,2,189.99,379.98,0.0,33.25
ceae1acf-ac23-4aa3-8a97-a5204d8f8abe,3,3081,All-Temp Ski Wax Kit,1,79.99,79.99,0.0,7.0
ceae1acf-ac23-4aa3-8a97-a5204d8f8abe,4,3103,Snowboard Bindings - Pro,2,299.99,599.98,0.0,52.5
438f4baa-9d4b-4c2c-af15-96a01a341cc6,1,3101,Winter Boots - Insulated,2,159.99,319.98,0.0,28.0
438f4baa-9d4b-4c2c-af15-96a01a341cc6,2,3031,Pro Flex Racing Ski Boots,1,649.99,649.99,0.0,56.87
438f4baa-9d4b-4c2c-af15-96a01a341cc6,3,3104,Ski Tuning Bench - Portable,2,189.99,379.98,0.0,33.25
e2c5285a-e27c-44c8-8fbb-80f1bd081125,1,3101,Winter Boots - Insulated,2,159.99,319.98,0.0,28.0
d73ae44d-d449-4268-990e-d930c7720f1c,1,3062,Anti-Fog Ski Goggles,2,129.99,259.98,0.0,22.75
d73ae44d-d449-4268-990e-d930c7720f1c,2,3042,Aluminum All-Mountain Poles - 115cm,1,99.99,99.99,0.0,8.75
72fed5d4-2fa8-4515-b32c-46f3f5a610df,1,3032,Comfort Fit Recreational Boots,1,399.99,399.99,0.0,35.0
50fffc31-43ce-4bc6-a9b6-ba1216ad9c4c,1,3041,Carbon Fiber Racing Poles - 120cm,1,179.99,179.99,0.0,15.75
50fffc31-43ce-4bc6-a9b6-ba1216ad9c4c,2,3092,All-Mountain Snowboard - 158cm,2,799.99,1599.98,0.0,140.0
50fffc31-43ce-4bc6-a9b6-ba1216ad9c4c,3,3082,Edge Tuning Tool Set,2,119.99,239.98,0.0,21.0
949f63d1-1147-47cd-9718-93b0a37d81f0,1,3033,Women's Performance Ski Boots,2,579.99,1159.98,0.0,101.5
949f63d1-1147-47cd-9718-93b0a37d81f0,2,3033,Women's Performance Ski Boots,1,579.99,579.99,0.0,50.75
949f63d1-1147-47cd-9718-93b0a37d81f0,3,3013,Beginner's Choice Alpine Skis - 160cm,2,449.99,899.98,0.0,78.75
949f63d1-1147-47cd-9718-93b0a37d81f0,4,3053,Waterproof Ski Pants,1,249.99,249.99,0.0,21.87
6ec2b723-f9fc-403a-8d6d-bf498ba52b2b,1,3061,Professional Ski Helmet,2,199.99,399.98,0.0,35.0
6ec2b723-f9fc-403a-8d6d-bf498ba52b2b,2,3011,Alpine Pro Racing Skis - 170cm,2,1299.99,2599.98,0.0,227.5
6ec2b723-f9fc-403a-8d6d-bf498ba52b2b,3,3032,Comfort Fit Recreational Boots,1,399.99,399.99,0.0,35.0
6ec2b723-f9fc-403a-8d6d-bf498ba52b2b,4,3031,Pro Flex Racing Ski Boots,1,649.99,649.99,0.0,56.87
3259d7da-dea1-4170-8deb-327e24fb37de,1,3051,Insulated Ski Jacket - Men's,1,299.99,299.99,0.0,26.25
3259d7da-dea1-4170-8deb-327e24fb37de,2,3041,Carbon Fiber Racing Poles - 120cm,1,179.99,179.99,0.0,15.75
3259d7da-dea1-4170-8deb-327e24fb37de,3,3013,Beginner's Choice Alpine Skis - 160cm,2,449.99,899.98,0.0,78.75
3259d7da-dea1-4170-8deb-327e24fb37de,4,3051,Insulated Ski Jacket - Men's,1,299.99,299.99,0.0,26.25
e610de28-8103-4cfc-92ac-9af23578d70a,1,3091,Freestyle Snowboard - 155cm,2,649.99,1299.98,0.0,113.75
e610de28-8103-4cfc-92ac-9af23578d70a,2,3081,All-Temp Ski Wax Kit,1,79.99,79.99,0.0,7.0
e610de28-8103-4cfc-92ac-9af23578d70a,3,3103,Snowboard Bindings - Pro,2,299.99,599.98,0.0,52.5
d857e747-0326-4059-9373-e6a931993d81,1,3052,Thermal Base Layer Set - Women's,1,149.99,149.99,0.0,13.12
b11e5344-56f0-4e25-9a0e-aa60f09a105a,1,3052,Thermal Base Layer Set - Women's,1,149.99,149.99,0.0,13.12
b11e5344-56f0-4e25-9a0e-aa60f09a105a,2,3031,Pro Flex Racing Ski Boots,1,649.99,649.99,0.0,56.87
b11e5344-56f0-4e25-9a0e-aa60f09a105a,3,3012,Mountain Master All-Terrain Skis - 165cm,2,899.99,1799.98,0.0,157.5
b11e5344-56f0-4e25-9a0e-aa60f09a105a,4,3033,Women's Performance Ski Boots,2,579.99,1159.98,0.0,101.5
574367c7-6ab3-4a03-a842-f9bcd8b995ff,1,3012,Mountain Master All-Terrain Skis - 165cm,1,899.99,899.99,0.0,78.75
574367c7-6ab3-4a03-a842-f9bcd8b995ff,2,3042,Aluminum All-Mountain Poles - 115cm,2,99.99,199.98,0.0,17.5
574367c7-6ab3-4a03-a842-f9bcd8b995ff,3,3022,Backcountry Explorer XC Skis - 190cm,1,549.99,549.99,0.0,48.12
be487332-fae5-47a5-9d95-5a245990a049,1,3081,All-Temp Ski Wax Kit,1,79.99,79.99,0.0,7.0
be487332-fae5-47a5-9d95-5a245990a049,2,3104,Ski Tuning Bench - Portable,1,189.99,189.99,0.0,16.62
be487332-fae5-47a5-9d95-5a245990a049,3,3104,Ski Tuning Bench - Portable,2,189.99,379.98,0.0,33.25
65124f18-36eb-402c-a44a-d1012c1ad8f0,1,3033,Women's Performance Ski Boots,2,579.99,1159.98,0.0,101.5
65124f18-36eb-402c-a44a-d1012c1ad8f0,2,3051,Insulated Ski Jacket - Men's,2,299.99,599.98,0.0,52.5
65124f18-36eb-402c-a44a-d1012c1ad8f0,3,3062,Anti-Fog Ski Goggles,2,129.99,259.98,0.0,22.75
65124f18-36eb-402c-a44a-d1012c1ad8f0,4,3072,Hand Warmers - 10 Pack,2,14.99,29.98,0.0,2.62
a378f806-a7c0-4e43-b9c5-4550ab7b533b,1,3061,Professional Ski Helmet,1,199.99,199.99,0.0,17.5
5000f764-5717-4495-b507-0d4b60a43310,1,3091,Freestyle Snowboard - 155cm,1,649.99,649.99,0.0,56.87
5000f764-5717-4495-b507-0d4b60a43310,2,3092,All-Mountain Snowboard - 158cm,1,799.99,799.99,0.0,70.0
5000f764-5717-4495-b507-0d4b60a43310,3,3082,Edge Tuning Tool Set,2,119.99,239.98,0.0,21.0
5000f764-5717-4495-b507-0d4b60a43310,4,3104,Ski Tuning Bench - Portable,1,189.99,189.99,0.0,16.62
b2e40d94-95c1-4164-adb9-f6ab9fbb2431,1,3091,Freestyle Snowboard - 155cm,1,649.99,649.99,0.0,56.87
b2e40d94-95c1-4164-adb9-f6ab9fbb2431,2,3011,Alpine Pro Racing Skis - 170cm,2,1299.99,2599.98,0.0,227.5
b2e40d94-95c1-4164-adb9-f6ab9fbb2431,3,3031,Pro Flex Racing Ski Boots,2,649.99,1299.98,0.0,113.75
b2e40d94-95c1-4164-adb9-f6ab9fbb2431,4,3104,Ski Tuning Bench - Portable,2,189.99,379.98,0.0,33.25
4fcc0fb3-35dc-4955-85ee-db7294d04bb5,1,3031,Pro Flex Racing Ski Boots,2,649.99,1299.98,0.0,113.75
4fcc0fb3-35dc-4955-85ee-db7294d04bb5,2,3011,Alpine Pro Racing Skis - 170cm,2,1299.99,2599.98,0.0,227.5
4fcc0fb3-35dc-4955-85ee-db7294d04bb5,3,3052,Thermal Base Layer Set - Women's,2,149.99,299.98,0.0,26.25
64d0c7b0-4dcb-46b5-8807-af06f1a0a776,1,3032,Comfort Fit Recreational Boots,2,399.99,799.98,0.0,70.0
64d0c7b0-4dcb-46b5-8807-af06f1a0a776,2,3033,Women's Performance Ski Boots,2,579.99,1159.98,0.0,101.5
64d0c7b0-4dcb-46b5-8807-af06f1a0a776,3,3012,Mountain Master All-Terrain Skis - 165cm,2,899.99,1799.98,0.0,157.5
eee0bf5e-d6f2-43d2-b5d5-75ccea464835,1,3052,Thermal Base Layer Set - Women's,1,149.99,149.99,0.0,13.12
eee0bf5e-d6f2-43d2-b5d5-75ccea464835,2,3041,Carbon Fiber Racing Poles - 120cm,2,179.99,359.98,0.0,31.5
eee0bf5e-d6f2-43d2-b5d5-75ccea464835,3,3053,Waterproof Ski Pants,1,249.99,249.99,0.0,21.87
eee0bf5e-d6f2-43d2-b5d5-75ccea464835,4,3042,Aluminum All-Mountain Poles - 115cm,1,99.99,99.99,0.0,8.75
b07a044c-83c5-4ee6-a208-63894d31c8be,1,3104,Ski Tuning Bench - Portable,1,189.99,189.99,0.0,16.62
6a4ddf2e-c17a-492b-bb03-a37f2bf77430,1,3081,All-Temp Ski Wax Kit,2,79.99,159.98,0.0,14.0
6a4ddf2e-c17a-492b-bb03-a37f2bf77430,2,3092,All-Mountain Snowboard - 158cm,2,799.99,1599.98,0.0,140.0
6a4ddf2e-c17a-492b-bb03-a37f2bf77430,3,3091,Freestyle Snowboard - 155cm,1,649.99,649.99,0.0,56.87
6a4ddf2e-c17a-492b-bb03-a37f2bf77430,4,3092,All-Mountain Snowboard - 158cm,1,799.99,799.99,0.0,70.0
1c714333-7b96-4606-aae6-12f55d8ffbff,1,3031,Pro Flex Racing Ski Boots,2,649.99,1299.98,0.0,113.75
1c714333-7b96-4606-aae6-12f55d8ffbff,2,3021,Nordic Classic XC Skis - 185cm,2,349.99,699.98,0.0,61.25
1c659b19-e000-4371-83f0-f6c440dd6b81,1,3032,Comfort Fit Recreational Boots,2,399.99,799.98,0.0,70.0
1c659b19-e000-4371-83f0-f6c440dd6b81,2,3033,Women's Performance Ski Boots,1,579.99,579.99,0.0,50.75
3f71d24a-860b-4d98-8739-9c60cba47800,1,3031,Pro Flex Racing Ski Boots,1,649.99,649.99,0.0,56.87
26f9d9a1-bb59-4fe9-b116-36a9da2bda7a,1,3032,Comfort Fit Recreational Boots,1,399.99,399.99,0.0,35.0
26f9d9a1-bb59-4fe9-b116-36a9da2bda7a,2,3081,All-Temp Ski Wax Kit,2,79.99,159.98,0.0,14.0
9e25fb5d-39f5-4ed0-8e05-8ef14d48c6df,1,3031,Pro Flex Racing Ski Boots,1,649.99,649.99,0.0,56.87
9e25fb5d-39f5-4ed0-8e05-8ef14d48c6df,2,3091,Freestyle Snowboard - 155cm,2,649.99,1299.98,0.0,113.75
9e25fb5d-39f5-4ed0-8e05-8ef14d48c6df,3,3072,Hand Warmers - 10 Pack,2,14.99,29.98,0.0,2.62
9e25fb5d-39f5-4ed0-8e05-8ef14d48c6df,4,3092,All-Mountain Snowboard - 158cm,2,799.99,1599.98,0.0,140.0
6ff15604-1baf-491c-8220-6b3a7fed693d,1,3104,Ski Tuning Bench - Portable,1,189.99,189.99,0.0,16.62
6ff15604-1baf-491c-8220-6b3a7fed693d,2,3062,Anti-Fog Ski Goggles,2,129.99,259.98,0.0,22.75
6ff15604-1baf-491c-8220-6b3a7fed693d,3,3081,All-Temp Ski Wax Kit,2,79.99,159.98,0.0,14.0
6ff15604-1baf-491c-8220-6b3a7fed693d,4,3011,Alpine Pro Racing Skis - 170cm,1,1299.99,1299.99,0.0,113.75
d911491b-b126-42d6-a7ba-fbb4a2828664,1,3091,Freestyle Snowboard - 155cm,2,649.99,1299.98,0.0,113.75
d911491b-b126-42d6-a7ba-fbb4a2828664,2,3022,Backcountry Explorer XC Skis - 190cm,1,549.99,549.99,0.0,48.12
d911491b-b126-42d6-a7ba-fbb4a2828664,3,3082,Edge Tuning Tool Set,2,119.99,239.98,0.0,21.0
4ad0c7a2-c82f-4b9b-993f-2fc603ddd871,1,3021,Nordic Classic XC Skis - 185cm,2,349.99,699.98,0.0,61.25
4ad0c7a2-c82f-4b9b-993f-2fc603ddd871,2,3053,Waterproof Ski Pants,2,249.99,499.98,0.0,43.75
4ad0c7a2-c82f-4b9b-993f-2fc603ddd871,3,3101,Winter Boots - Insulated,2,159.99,319.98,0.0,28.0
4ad0c7a2-c82f-4b9b-993f-2fc603ddd871,4,3091,Freestyle Snowboard - 155cm,1,649.99,649.99,0.0,56.87
730b76d5-3c15-466b-b9c3-6720c76ad5a2,1,3081,All-Temp Ski Wax Kit,1,79.99,79.99,0.0,7.0
388e4e97-f58a-4fcc-ac05-1f5ac8f96745,1,3051,Insulated Ski Jacket - Men's,2,299.99,599.98,0.0,52.5
860cea4f-30d5-48af-9270-d93e2d180972,1,3011,Alpine Pro Racing Skis - 170cm,1,1299.99,1299.99,0.0,113.75
860cea4f-30d5-48af-9270-d93e2d180972,2,3013,Beginner's Choice Alpine Skis - 160cm,2,449.99,899.98,0.0,78.75
860cea4f-30d5-48af-9270-d93e2d180972,3,3021,Nordic Classic XC Skis - 185cm,1,349.99,349.99,0.0,30.62
327d78d7-a62b-46e8-8d6d-b1fbcacfdfed,1,3033,Women's Performance Ski Boots,2,579.99,1159.98,0.0,101.5
327d78d7-a62b-46e8-8d6d-b1fbcacfdfed,2,3021,Nordic Classic XC Skis - 185cm,1,349.99,349.99,0.0,30.62
327d78d7-a62b-46e8-8d6d-b1fbcacfdfed,3,3062,Anti-Fog Ski Goggles,1,129.99,129.99,0.0,11.37
bbe678f9-976c-44c9-b16d-f790f3595cbb,1,3082,Edge Tuning Tool Set,2,119.99,239.98,0.0,21.0
bbe678f9-976c-44c9-b16d-f790f3595cbb,2,3021,Nordic Classic XC Skis - 185cm,2,349.99,699.98,0.0,61.25
74da6684-ad65-4a41-ac51-87265353db3a,1,3081,All-Temp Ski Wax Kit,1,79.99,79.99,0.0,7.0
aba257a7-0314-4dda-a51e-06eb7fc596cd,1,3104,Ski Tuning Bench - Portable,2,189.99,379.98,0.0,33.25
8b2fcc35-19bb-4fb5-b05f-a3f0e6fa9770,1,3081,All-Temp Ski Wax Kit,2,79.99,159.98,0.0,14.0
8b2fcc35-19bb-4fb5-b05f-a3f0e6fa9770,2,3032,Comfort Fit Recreational Boots,1,399.99,399.99,0.0,35.0
ab5d7ecf-50b3-4227-9e4e-b779b17274a1,1,3053,Waterproof Ski Pants,1,249.99,249.99,0.0,21.87
ab5d7ecf-50b3-4227-9e4e-b779b17274a1,2,3011,Alpine Pro Racing Skis - 170cm,1,1299.99,1299.99,0.0,113.75
ab5d7ecf-50b3-4227-9e4e-b779b17274a1,3,3052,Thermal Base Layer Set - Women's,2,149.99,299.98,0.0,26.25
ab5d7ecf-50b3-4227-9e4e-b779b17274a1,4,3052,Thermal Base Layer Set - Women's,2,149.99,299.98,0.0,26.25
62ce941b-40bb-4b6c-84ef-214b9aac055f,1,3053,Waterproof Ski Pants,1,249.99,249.99,0.0,21.87
984ee7a3-c9b6-4dc4-bee7-cbf3a8468d6f,1,3103,Snowboard Bindings - Pro,2,299.99,599.98,0.0,52.5
984ee7a3-c9b6-4dc4-bee7-cbf3a8468d6f,2,3081,All-Temp Ski Wax Kit,2,79.99,159.98,0.0,14.0
984ee7a3-c9b6-4dc4-bee7-cbf3a8468d6f,3,3082,Edge Tuning Tool Set,2,119.99,239.98,0.0,21.0
17ac93f8-3751-4563-9bae-f1acddae51c5,1,3104,Ski Tuning Bench - Portable,2,189.99,379.98,0.0,33.25
17ac93f8-3751-4563-9bae-f1acddae51c5,2,3012,Mountain Master All-Terrain Skis - 165cm,1,899.99,899.99,0.0,78.75
17ac93f8-3751-4563-9bae-f1acddae51c5,3,3032,Comfort Fit Recreational Boots,2,399.99,799.98,0.0,70.0
17ac93f8-3751-4563-9bae-f1acddae51c5,4,3051,Insulated Ski Jacket - Men's,2,299.99,599.98,0.0,52.5
82c6ce75-a9a6-4e8c-9543-eb7b1f645c8f,1,3082,Edge Tuning Tool Set,2,119.99,239.98,0.0,21.0
82c6ce75-a9a6-4e8c-9543-eb7b1f645c8f,2,3053,Waterproof Ski Pants,1,249.99,249.99,0.0,21.87
82c6ce75-a9a6-4e8c-9543-eb7b1f645c8f,3,3071,Ski Boot Bag - Premium,1,59.99,59.99,0.0,5.25
0e905d1b-c30d-422c-acad-c880368b59f3,1,3033,Women's Performance Ski Boots,1,579.99,579.99,0.0,50.75
0e905d1b-c30d-422c-acad-c880368b59f3,2,3041,Carbon Fiber Racing Poles - 120cm,2,179.99,359.98,0.0,31.5
6608cf72-70d9-403c-9de5-3ae8b450b19b,1,3011,Alpine Pro Racing Skis - 170cm,1,1299.99,1299.99,0.0,113.75
6608cf72-70d9-403c-9de5-3ae8b450b19b,2,3092,All-Mountain Snowboard - 158cm,1,799.99,799.99,0.0,70.0
6608cf72-70d9-403c-9de5-3ae8b450b19b,3,3032,Comfort Fit Recreational Boots,2,399.99,799.98,0.0,70.0
3de7abef-9382-4ade-9aba-3369801d2df7,1,3013,Beginner's Choice Alpine Skis - 160cm,2,449.99,899.98,0.0,78.75
3de7abef-9382-4ade-9aba-3369801d2df7,2,3033,Women's Performance Ski Boots,1,579.99,579.99,0.0,50.75
3de7abef-9382-4ade-9aba-3369801d2df7,3,3101,Winter Boots - Insulated,2,159.99,319.98,0.0,28.0
3de7abef-9382-4ade-9aba-3369801d2df7,4,3013,Beginner's Choice Alpine Skis - 160cm,2,449.99,899.98,0.0,78.75
dca5b560-0803-4c79-9641-87add5ee2c28,1,3032,Comfort Fit Recreational Boots,2,399.99,799.98,0.0,70.0
f8a0fb38-7835-4185-bbc2-18bb259bf3bb,1,3021,Nordic Classic XC Skis - 185cm,2,349.99,699.98,0.0,61.25
f8a0fb38-7835-4185-bbc2-18bb259bf3bb,2,3021,Nordic Classic XC Skis - 185cm,2,349.99,699.98,0.0,61.25
f8a0fb38-7835-4185-bbc2-18bb259bf3bb,3,3031,Pro Flex Racing Ski Boots,1,649.99,649.99,0.0,56.87
f8a0fb38-7835-4185-bbc2-18bb259bf3bb,4,3031,Pro Flex Racing Ski Boots,1,649.99,649.99,0.0,56.87
4c617173-8005-45f5-8d71-7e6f7ce9370d,1,3042,Aluminum All-Mountain Poles - 115cm,1,99.99,99.99,0.0,8.75
4c617173-8005-45f5-8d71-7e6f7ce9370d,2,3082,Edge Tuning Tool Set,1,119.99,119.99,0.0,10.5
4c617173-8005-45f5-8d71-7e6f7ce9370d,3,3031,Pro Flex Racing Ski Boots,2,649.99,1299.98,0.0,113.75
4c617173-8005-45f5-8d71-7e6f7ce9370d,4,3052,Thermal Base Layer Set - Women's,2,149.99,299.98,0.0,26.25
2b89afcb-b393-478f-83bd-30be3d6548f9,1,3082,Edge Tuning Tool Set,2,119.99,239.98,0.0,21.0
d3d15987-b2e6-49f5-a117-2bb1f791f947,1,3082,Edge Tuning Tool Set,2,119.99,239.98,0.0,21.0
d3d15987-b2e6-49f5-a117-2bb1f791f947,2,3082,Edge Tuning Tool Set,1,119.99,119.99,0.0,10.5
12100a00-d527-49a8-bf3e-b5cbf3d4ff64,1,3041,Carbon Fiber Racing Poles - 120cm,2,179.99,359.98,0.0,31.5
12100a00-d527-49a8-bf3e-b5cbf3d4ff64,2,3104,Ski Tuning Bench - Portable,1,189.99,189.99,0.0,16.62
7cce22f9-4ff4-4303-bac0-7cbe93d6392f,1,3051,Insulated Ski Jacket - Men's,1,299.99,299.99,0.0,26.25
7cce22f9-4ff4-4303-bac0-7cbe93d6392f,2,3081,All-Temp Ski Wax Kit,1,79.99,79.99,0.0,7.0
efdeace1-65e7-4316-933b-856121a53e96,1,3092,All-Mountain Snowboard - 158cm,1,799.99,799.99,0.0,70.0
efdeace1-65e7-4316-933b-856121a53e96,2,3012,Mountain Master All-Terrain Skis - 165cm,1,899.99,899.99,0.0,78.75
efdeace1-65e7-4316-933b-856121a53e96,3,3081,All-Temp Ski Wax Kit,1,79.99,79.99,0.0,7.0
efdeace1-65e7-4316-933b-856121a53e96,4,3011,Alpine Pro Racing Skis - 170cm,2,1299.99,2599.98,0.0,227.5
7740dbcf-2fcd-4cd9-9030-914e44de4359,1,3104,Ski Tuning Bench - Portable,2,189.99,379.98,0.0,33.25
21fd7572-960e-4d8c-a8dd-df05e27389a7,1,3081,All-Temp Ski Wax Kit,2,79.99,159.98,0.0,14.0
f22e99b4-9207-4f57-b24a-f27caefcece4,1,3053,Waterproof Ski Pants,2,249.99,499.98,0.0,43.75
f22e99b4-9207-4f57-b24a-f27caefcece4,2,3072,Hand Warmers - 10 Pack,2,14.99,29.98,0.0,2.62
f22e99b4-9207-4f57-b24a-f27caefcece4,3,3041,Carbon Fiber Racing Poles - 120cm,1,179.99,179.99,0.0,15.75
f73d0e89-3982-49ad-969f-b369fd35684d,1,3092,All-Mountain Snowboard - 158cm,1,799.99,799.99,0.0,70.0
f73d0e89-3982-49ad-969f-b369fd35684d,2,3104,Ski Tuning Bench - Portable,1,189.99,189.99,0.0,16.62
4124337c-a0c5-4f3e-8fd6-94e181de7141,1,3021,Nordic Classic XC Skis - 185cm,2,349.99,699.98,0.0,61.25
4124337c-a0c5-4f3e-8fd6-94e181de7141,2,3013,Beginner's Choice Alpine Skis - 160cm,2,449.99,899.98,0.0,78.75
4124337c-a0c5-4f3e-8fd6-94e181de7141,3,3033,Women's Performance Ski Boots,2,579.99,1159.98,0.0,101.5
4124337c-a0c5-4f3e-8fd6-94e181de7141,4,3033,Women's Performance Ski Boots,1,579.99,579.99,0.0,50.75
26f73467-f2c4-4c38-ac56-be596e208335,1,3041,Carbon Fiber Racing Poles - 120cm,2,179.99,359.98,0.0,31.5
2f0c2452-a962-46fe-9a73-718351ff3bcf,1,3013,Beginner's Choice Alpine Skis - 160cm,1,449.99,449.99,0.0,39.37
3b43a609-b3c2-4ce7-aff2-6f827884afaf,1,3041,Carbon Fiber Racing Poles - 120cm,1,179.99,179.99,0.0,15.75
3b43a609-b3c2-4ce7-aff2-6f827884afaf,2,3041,Carbon Fiber Racing Poles - 120cm,2,179.99,359.98,0.0,31.5
3b43a609-b3c2-4ce7-aff2-6f827884afaf,3,3071,Ski Boot Bag - Premium,2,59.99,119.98,0.0,10.5
3b43a609-b3c2-4ce7-aff2-6f827884afaf,4,3022,Backcountry Explorer XC Skis - 190cm,1,549.99,549.99,0.0,48.12
8c4e91a1-8748-47a0-a155-88811813d363,1,3104,Ski Tuning Bench - Portable,1,189.99,189.99,0.0,16.62
8c4e91a1-8748-47a0-a155-88811813d363,2,3101,Winter Boots - Insulated,2,159.99,319.98,0.0,28.0
6552bf24-6348-46e7-8b47-a285a813c7f6,1,3051,Insulated Ski Jacket - Men's,1,299.99,299.99,0.0,26.25
6552bf24-6348-46e7-8b47-a285a813c7f6,2,3012,Mountain Master All-Terrain Skis - 165cm,2,899.99,1799.98,0.0,157.5
99329cbb-6c38-4e05-a8d8-ccf68cc40a25,1,3092,All-Mountain Snowboard - 158cm,2,799.99,1599.98,0.0,140.0
99329cbb-6c38-4e05-a8d8-ccf68cc40a25,2,3033,Women's Performance Ski Boots,2,579.99,1159.98,0.0,101.5
99329cbb-6c38-4e05-a8d8-ccf68cc40a25,3,3013,Beginner's Choice Alpine Skis - 160cm,2,449.99,899.98,0.0,78.75
99329cbb-6c38-4e05-a8d8-ccf68cc40a25,4,3052,Thermal Base Layer Set - Women's,2,149.99,299.98,0.0,26.25
de263281-867c-4faa-9e5b-41d751ad46e6,1,3013,Beginner's Choice Alpine Skis - 160cm,1,449.99,449.99,0.0,39.37
de263281-867c-4faa-9e5b-41d751ad46e6,2,3032,Comfort Fit Recreational Boots,1,399.99,399.99,0.0,35.0
de263281-867c-4faa-9e5b-41d751ad46e6,3,3052,Thermal Base Layer Set - Women's,1,149.99,149.99,0.0,13.12
de263281-867c-4faa-9e5b-41d751ad46e6,4,3053,Waterproof Ski Pants,1,249.99,249.99,0.0,21.87
b7ef12b6-cef0-43e6-9436-4f16338ccfa2,1,3012,Mountain Master All-Terrain Skis - 165cm,2,899.99,1799.98,0.0,157.5
b7ef12b6-cef0-43e6-9436-4f16338ccfa2,2,3103,Snowboard Bindings - Pro,2,299.99,599.98,0.0,52.5
b7ef12b6-cef0-43e6-9436-4f16338ccfa2,3,3051,Insulated Ski Jacket - Men's,1,299.99,299.99,0.0,26.25
d465a893-a1ff-4d60-9939-9f5b00bb0ec3,1,3032,Comfort Fit Recreational Boots,1,399.99,399.99,0.0,35.0
d465a893-a1ff-4d60-9939-9f5b00bb0ec3,2,3031,Pro Flex Racing Ski Boots,2,649.99,1299.98,0.0,113.75
d465a893-a1ff-4d60-9939-9f5b00bb0ec3,3,3062,Anti-Fog Ski Goggles,1,129.99,129.99,0.0,11.37
d465a893-a1ff-4d60-9939-9f5b00bb0ec3,4,3072,Hand Warmers - 10 Pack,2,14.99,29.98,0.0,2.62
735d6440-9318-4eb5-9592-9dbee8690078,1,3032,Comfort Fit Recreational Boots,2,399.99,799.98,0.0,70.0
735d6440-9318-4eb5-9592-9dbee8690078,2,3081,All-Temp Ski Wax Kit,1,79.99,79.99,0.0,7.0
7455064a-5535-45a9-8e85-9b64de9f4186,1,3012,Mountain Master All-Terrain Skis - 165cm,2,899.99,1799.98,0.0,157.5
7455064a-5535-45a9-8e85-9b64de9f4186,2,3022,Backcountry Explorer XC Skis - 190cm,1,549.99,549.99,0.0,48.12
7455064a-5535-45a9-8e85-9b64de9f4186,3,3033,Women's Performance Ski Boots,2,579.99,1159.98,0.0,101.5
ccb9049c-af11-4c50-9dc7-1f2038256303,1,3013,Beginner's Choice Alpine Skis - 160cm,2,449.99,899.98,0.0,78.75
b5bad38d-d6c3-4c5c-86a9-09ad733f8772,1,3091,Freestyle Snowboard - 155cm,1,649.99,649.99,0.0,56.87
b5bad38d-d6c3-4c5c-86a9-09ad733f8772,2,3052,Thermal Base Layer Set - Women's,2,149.99,299.98,0.0,26.25
27bbfd2f-afcb-4995-8677-bb04a5c4ac23,1,3031,Pro Flex Racing Ski Boots,2,649.99,1299.98,0.0,113.75
74c9f949-b9d4-417e-a219-f1064b101e88,1,3081,All-Temp Ski Wax Kit,1,79.99,79.99,0.0,7.0
74c9f949-b9d4-417e-a219-f1064b101e88,2,3052,Thermal Base Layer Set - Women's,1,149.99,149.99,0.0,13.12
74c9f949-b9d4-417e-a219-f1064b101e88,3,3062,Anti-Fog Ski Goggles,2,129.99,259.98,0.0,22.75
74c9f949-b9d4-417e-a219-f1064b101e88,4,3051,Insulated Ski Jacket - Men's,2,299.99,599.98,0.0,52.5
7649c3d8-145c-4109-9652-7b75cee14b98,1,3104,Ski Tuning Bench - Portable,2,189.99,379.98,0.0,33.25
7649c3d8-145c-4109-9652-7b75cee14b98,2,3101,Winter Boots - Insulated,1,159.99,159.99,0.0,14.0
7649c3d8-145c-4109-9652-7b75cee14b98,3,3032,Comfort Fit Recreational Boots,2,399.99,799.98,0.0,70.0
7649c3d8-145c-4109-9652-7b75cee14b98,4,3104,Ski Tuning Bench - Portable,1,189.99,189.99,0.0,16.62
e113f026-2dce-458f-b10e-a253d85c1947,1,3033,Women's Performance Ski Boots,2,579.99,1159.98,0.0,101.5
e113f026-2dce-458f-b10e-a253d85c1947,2,3022,Backcountry Explorer XC Skis - 190cm,1,549.99,549.99,0.0,48.12
ed6165ac-e12d-4a3d-b543-4e66915bded3,1,3082,Edge Tuning Tool Set,1,119.99,119.99,0.0,10.5
b6abb9c0-132e-4797-be62-16a7ade6c171,1,3052,Thermal Base Layer Set - Women's,2,149.99,299.98,0.0,26.25
b6abb9c0-132e-4797-be62-16a7ade6c171,2,3103,Snowboard Bindings - Pro,1,299.99,299.99,0.0,26.25
923ad7a7-3f32-4ee8-8a82-c1deb90528b2,1,3091,Freestyle Snowboard - 155cm,1,649.99,649.99,0.0,56.87
923ad7a7-3f32-4ee8-8a82-c1deb90528b2,2,3104,Ski Tuning Bench - Portable,2,189.99,379.98,0.0,33.25
923ad7a7-3f32-4ee8-8a82-c1deb90528b2,3,3072,Hand Warmers - 10 Pack,1,14.99,14.99,0.0,1.31
34918fbc-4743-490b-b511-323e51ca9e5a,1,3041,Carbon Fiber Racing Poles - 120cm,1,179.99,179.99,0.0,15.75
2f7af729-51c0-4be9-b10b-06bcbf8fbc61,1,3033,Women's Performance Ski Boots,1,579.99,579.99,0.0,50.75
2f7af729-51c0-4be9-b10b-06bcbf8fbc61,2,3011,Alpine Pro Racing Skis - 170cm,2,1299.99,2599.98,0.0,227.5
2f7af729-51c0-4be9-b10b-06bcbf8fbc61,3,3103,Snowboard Bindings - Pro,1,299.99,299.99,0.0,26.25
2f7af729-51c0-4be9-b10b-06bcbf8fbc61,4,3032,Comfort Fit Recreational Boots,2,399.99,799.98,0.0,70.0
036de848-a78b-428e-bac7-0179d9c27858,1,3013,Beginner's Choice Alpine Skis - 160cm,2,449.99,899.98,0.0,78.75
036de848-a78b-428e-bac7-0179d9c27858,2,3051,Insulated Ski Jacket - Men's,2,299.99,599.98,0.0,52.5
036de848-a78b-428e-bac7-0179d9c27858,3,3032,Comfort Fit Recreational Boots,2,399.99,799.98,0.0,70.0
36903819-0cb5-4a41-aa50-73f9b76eb570,1,3012,Mountain Master All-Terrain Skis - 165cm,1,899.99,899.99,0.0,78.75
36903819-0cb5-4a41-aa50-73f9b76eb570,2,3021,Nordic Classic XC Skis - 185cm,2,349.99,699.98,0.0,61.25
459ca101-fc74-4535-818f-545cb6d24935,1,3072,Hand Warmers - 10 Pack,2,14.99,29.98,0.0,2.62
92f735b4-dfa8-4015-b406-cd27a72b6641,1,3053,Waterproof Ski Pants,1,249.99,249.99,0.0,21.87
92f735b4-dfa8-4015-b406-cd27a72b6641,2,3031,Pro Flex Racing Ski Boots,1,649.99,649.99,0.0,56.87
4a5cbae2-ecbf-4436-9114-b34334d96733,1,3033,Women's Performance Ski Boots,2,579.99,1159.98,0.0,101.5
4a5cbae2-ecbf-4436-9114-b34334d96733,2,3082,Edge Tuning Tool Set,2,119.99,239.98,0.0,21.0
4a5cbae2-ecbf-4436-9114-b34334d96733,3,3052,Thermal Base Layer Set - Women's,2,149.99,299.98,0.0,26.25
ee37dbc7-84d0-46d4-82aa-e6a9078e1db5,1,3091,Freestyle Snowboard - 155cm,1,649.99,649.99,0.0,56.87
ee37dbc7-84d0-46d4-82aa-e6a9078e1db5,2,3082,Edge Tuning Tool Set,2,119.99,239.98,0.0,21.0
1acb529e-30d2-4e55-9798-ff7413dde3d6,1,3031,Pro Flex Racing Ski Boots,2,649.99,1299.98,0.0,113.75
1acb529e-30d2-4e55-9798-ff7413dde3d6,2,3031,Pro Flex Racing Ski Boots,2,649.99,1299.98,0.0,113.75
1acb529e-30d2-4e55-9798-ff7413dde3d6,3,3071,Ski Boot Bag - Premium,2,59.99,119.98,0.0,10.5
3727a7c5-b43d-4cf0-bda1-20c8ee32bfd2,1,3012,Mountain Master All-Terrain Skis - 165cm,2,899.99,1799.98,0.0,157.5
3727a7c5-b43d-4cf0-bda1-20c8ee32bfd2,2,3041,Carbon Fiber Racing Poles - 120cm,2,179.99,359.98,0.0,31.5
3727a7c5-b43d-4cf0-bda1-20c8ee32bfd2,3,3033,Women's Performance Ski Boots,1,579.99,579.99,0.0,50.75
cb3e9e0e-59d8-4961-9834-b308b1cf765e,1,3052,Thermal Base Layer Set - Women's,2,149.99,299.98,0.0,26.25
3d01e006-8715-4a22-9a7b-9f1c70e35ea8,1,3031,Pro Flex Racing Ski Boots,2,649.99,1299.98,0.0,113.75
3d01e006-8715-4a22-9a7b-9f1c70e35ea8,2,3022,Backcountry Explorer XC Skis - 190cm,2,549.99,1099.98,0.0,96.25
3d01e006-8715-4a22-9a7b-9f1c70e35ea8,3,3033,Women's Performance Ski Boots,1,579.99,579.99,0.0,50.75
49327137-c083-4009-8e99-4a2ddf99e1ec,1,3013,Beginner's Choice Alpine Skis - 160cm,1,449.99,449.99,0.0,39.37
30c99cde-657d-43a0-a329-1c38fb0de365,1,3082,Edge Tuning Tool Set,2,119.99,239.98,0.0,21.0
30c99cde-657d-43a0-a329-1c38fb0de365,2,3053,Waterproof Ski Pants,2,249.99,499.98,0.0,43.75
52963f18-048a-4b87-b6c9-b55224a2f076,1,3092,All-Mountain Snowboard - 158cm,1,799.99,799.99,0.0,70.0
e2ec878b-e56b-45af-955a-08d7aa408be5,1,3103,Snowboard Bindings - Pro,2,299.99,599.98,0.0,52.5
e2ec878b-e56b-45af-955a-08d7aa408be5,2,3042,Aluminum All-Mountain Poles - 115cm,2,99.99,199.98,0.0,17.5
2806564f-786f-443a-be30-3652598677b5,1,3032,Comfort Fit Recreational Boots,1,399.99,399.99,0.0,35.0
2806564f-786f-443a-be30-3652598677b5,2,3102,Winter Hiking Boots - Waterproof,2,249.99,499.98,0.0,43.75
2806564f-786f-443a-be30-3652598677b5,3,3022,Backcountry Explorer XC Skis - 190cm,1,549.99,549.99,0.0,48.12
2806564f-786f-443a-be30-3652598677b5,4,3033,Women's Performance Ski Boots,1,579.99,579.99,0.0,50.75
7882f3be-71b3-4fb8-8627-52281cc617a3,1,3031,Pro Flex Racing Ski Boots,1,649.99,649.99,0.0,56.87
d2e0aa95-ff9a-4c93-aeb1-7139857d928e,1,3103,Snowboard Bindings - Pro,2,299.99,599.98,0.0,52.5
d2e0aa95-ff9a-4c93-aeb1-7139857d928e,2,3051,Insulated Ski Jacket - Men's,2,299.99,599.98,0.0,52.5
b2641a48-915e-46f0-b035-62ac0feacd57,1,3081,All-Temp Ski Wax Kit,1,79.99,79.99,0.0,7.0
af00d975-fea1-4d50-ad5f-edd5076458f8,1,3104,Ski Tuning Bench - Portable,2,189.99,379.98,0.0,33.25
af00d975-fea1-4d50-ad5f-edd5076458f8,2,3081,All-Temp Ski Wax Kit,1,79.99,79.99,0.0,7.0
70cdff90-073e-44f6-b89b-300efb3229d3,1,3081,All-Temp Ski Wax Kit,2,79.99,159.98,0.0,14.0
70cdff90-073e-44f6-b89b-300efb3229d3,2,3103,Snowboard Bindings - Pro,2,299.99,599.98,0.0,52.5
70cdff90-073e-44f6-b89b-300efb3229d3,3,3104,Ski Tuning Bench - Portable,1,189.99,189.99,0.0,16.62
56fc96d6-bda9-40cc-bb06-200965f286ea,1,3051,Insulated Ski Jacket - Men's,2,299.99,599.98,0.0,52.5
56fc96d6-bda9-40cc-bb06-200965f286ea,2,3061,Professional Ski Helmet,1,199.99,199.99,0.0,17.5
78d472ef-40fb-4d10-9973-4a6c5f844ce4,1,3021,Nordic Classic XC Skis - 185cm,2,349.99,699.98,0.0,61.25
af448499-4c4d-4780-b3b3-c0be6efa805d,1,3104,Ski Tuning Bench - Portable,2,189.99,379.98,0.0,33.25
ea264fd4-8ecb-4350-9305-2948a13fac71,1,3011,Alpine Pro Racing Skis - 170cm,1,1299.99,1299.99,0.0,113.75
ea264fd4-8ecb-4350-9305-2948a13fac71,2,3041,Carbon Fiber Racing Poles - 120cm,1,179.99,179.99,0.0,15.75
9dc959a9-051a-4f25-a8ad-76fc0686ae3f,1,3082,Edge Tuning Tool Set,2,119.99,239.98,0.0,21.0
9dc959a9-051a-4f25-a8ad-76fc0686ae3f,2,3104,Ski Tuning Bench - Portable,2,189.99,379.98,0.0,33.25
9dc959a9-051a-4f25-a8ad-76fc0686ae3f,3,3053,Waterproof Ski Pants,2,249.99,499.98,0.0,43.75
4cb90962-cc97-443b-a2a1-0bd668a40db7,1,3062,Anti-Fog Ski Goggles,1,129.99,129.99,0.0,11.37
03a6ae16-77d3-4680-8979-605d5bd28347,1,3082,Edge Tuning Tool Set,1,119.99,119.99,0.0,10.5
ee4bea79-6725-40a8-8c65-9f5355420bb0,1,3104,Ski Tuning Bench - Portable,2,189.99,379.98,0.0,33.25
ee4bea79-6725-40a8-8c65-9f5355420bb0,2,3013,Beginner's Choice Alpine Skis - 160cm,2,449.99,899.98,0.0,78.75
de7a2c82-4e07-4da2-863b-cfa87e868a81,1,3104,Ski Tuning Bench - Portable,1,189.99,189.99,0.0,16.62
de7a2c82-4e07-4da2-863b-cfa87e868a81,2,3103,Snowboard Bindings - Pro,1,299.99,299.99,0.0,26.25
de7a2c82-4e07-4da2-863b-cfa87e868a81,3,3081,All-Temp Ski Wax Kit,2,79.99,159.98,0.0,14.0
c8833e26-b426-43e4-9afe-2444446ba3d9,1,3013,Beginner's Choice Alpine Skis - 160cm,1,449.99,449.99,0.0,39.37
3ff85edc-c019-4fdd-99a5-85312e7725ab,1,3033,Women's Performance Ski Boots,2,579.99,1159.98,0.0,101.5
3ff85edc-c019-4fdd-99a5-85312e7725ab,2,3052,Thermal Base Layer Set - Women's,2,149.99,299.98,0.0,26.25
3ff85edc-c019-4fdd-99a5-85312e7725ab,3,3032,Comfort Fit Recreational Boots,1,399.99,399.99,0.0,35.0
3ff85edc-c019-4fdd-99a5-85312e7725ab,4,3053,Waterproof Ski Pants,1,249.99,249.99,0.0,21.87
0ef2b3a4-e594-41e4-9a54-81487fd31c04,1,3032,Comfort Fit Recreational Boots,2,399.99,799.98,0.0,70.0
81eef0bb-4748-41e8-b708-ec5ff990472c,1,3101,Winter Boots - Insulated,1,159.99,159.99,0.0,14.0
e108fae6-9315-4f43-9129-337d6482b189,1,3101,Winter Boots - Insulated,2,159.99,319.98,0.0,28.0
e108fae6-9315-4f43-9129-337d6482b189,2,3011,Alpine Pro Racing Skis - 170cm,1,1299.99,1299.99,0.0,113.75
5a8f9efd-3341-429d-8dc7-bc5b5c17337f,1,3013,Beginner's Choice Alpine Skis - 160cm,2,449.99,899.98,0.0,78.75
e2536aae-da47-4179-9575-5b17939b2efc,1,3032,Comfort Fit Recreational Boots,2,399.99,799.98,0.0,70.0
e2536aae-da47-4179-9575-5b17939b2efc,2,3032,Comfort Fit Recreational Boots,1,399.99,399.99,0.0,35.0
e2536aae-da47-4179-9575-5b17939b2efc,3,3031,Pro Flex Racing Ski Boots,1,649.99,649.99,0.0,56.87
6784cb7e-6511-404f-b407-1ae4d5eb05f7,1,3103,Snowboard Bindings - Pro,1,299.99,299.99,0.0,26.25
6784cb7e-6511-404f-b407-1ae4d5eb05f7,2,3033,Women's Performance Ski Boots,1,579.99,579.99,0.0,50.75
6784cb7e-6511-404f-b407-1ae4d5eb05f7,3,3032,Comfort Fit Recreational Boots,2,399.99,799.98,0.0,70.0
6784cb7e-6511-404f-b407-1ae4d5eb05f7,4,3062,Anti-Fog Ski Goggles,2,129.99,259.98,0.0,22.75
e539c1eb-662a-4d52-be76-f4db8ceb7148,1,3053,Waterproof Ski Pants,2,249.99,499.98,0.0,43.75
e539c1eb-662a-4d52-be76-f4db8ceb7148,2,3022,Backcountry Explorer XC Skis - 190cm,2,549.99,1099.98,0.0,96.25
db5026a0-9ea9-4a62-adc5-318595db4007,1,3052,Thermal Base Layer Set - Women's,1,149.99,149.99,0.0,13.12
db5026a0-9ea9-4a62-adc5-318595db4007,2,3062,Anti-Fog Ski Goggles,2,129.99,259.98,0.0,22.75
fca58014-92d3-4de8-bc22-8fbca2812523,1,3022,Backcountry Explorer XC Skis - 190cm,2,549.99,1099.98,0.0,96.25
b97809b4-2934-4a92-b47d-b7f3d316b75c,1,3042,Aluminum All-Mountain Poles - 115cm,1,99.99,99.99,0.0,8.75
b97809b4-2934-4a92-b47d-b7f3d316b75c,2,3081,All-Temp Ski Wax Kit,2,79.99,159.98,0.0,14.0
b97809b4-2934-4a92-b47d-b7f3d316b75c,3,3092,All-Mountain Snowboard - 158cm,2,799.99,1599.98,0.0,140.0
183c51d1-ceda-4cb6-afbe-3d7ebc243f5e,1,3061,Professional Ski Helmet,1,199.99,199.99,0.0,17.5
f3c812bb-9d7b-4a2f-a3ac-bb7bbd523c20,1,3051,Insulated Ski Jacket - Men's,2,299.99,599.98,0.0,52.5
0a72078e-e552-4c8d-966a-133bf75daccf,1,3104,Ski Tuning Bench - Portable,2,189.99,379.98,0.0,33.25
0a72078e-e552-4c8d-966a-133bf75daccf,2,3081,All-Temp Ski Wax Kit,1,79.99,79.99,0.0,7.0
0a72078e-e552-4c8d-966a-133bf75daccf,3,3104,Ski Tuning Bench - Portable,1,189.99,189.99,0.0,16.62
7d438338-4ebe-46f0-99ab-ede13c1d1281,1,3013,Beginner's Choice Alpine Skis - 160cm,2,449.99,899.98,0.0,78.75
8444752f-d391-4611-804d-d7f80091f17a,1,3051,Insulated Ski Jacket - Men's,1,299.99,299.99,0.0,26.25
8444752f-d391-4611-804d-d7f80091f17a,2,3053,Waterproof Ski Pants,2,249.99,499.98,0.0,43.75
b1a142c6-bfe4-4bc3-be4a-d819c5b2b287,1,3082,Edge Tuning Tool Set,2,119.99,239.98,0.0,21.0
b1a142c6-bfe4-4bc3-be4a-d819c5b2b287,2,3103,Snowboard Bindings - Pro,2,299.99,599.98,0.0,52.5
b1a142c6-bfe4-4bc3-be4a-d819c5b2b287,3,3103,Snowboard Bindings - Pro,2,299.99,599.98,0.0,52.5
b1a142c6-bfe4-4bc3-be4a-d819c5b2b287,4,3012,Mountain Master All-Terrain Skis - 165cm,1,899.99,899.99,0.0,78.75
d140dc10-4f3b-4878-aea2-90d9c490a533,1,3013,Beginner's Choice Alpine Skis - 160cm,1,449.99,449.99,0.0,39.37
d140dc10-4f3b-4878-aea2-90d9c490a533,2,3011,Alpine Pro Racing Skis - 170cm,1,1299.99,1299.99,0.0,113.75
d140dc10-4f3b-4878-aea2-90d9c490a533,3,3011,Alpine Pro Racing Skis - 170cm,1,1299.99,1299.99,0.0,113.75
d140dc10-4f3b-4878-aea2-90d9c490a533,4,3062,Anti-Fog Ski Goggles,1,129.99,129.99,0.0,11.37
2bad6b07-9bd5-46b9-90da-dacba80ff004,1,3021,Nordic Classic XC Skis - 185cm,2,349.99,699.98,0.0,61.25
2bad6b07-9bd5-46b9-90da-dacba80ff004,2,3104,Ski Tuning Bench - Portable,1,189.99,189.99,0.0,16.62
2bad6b07-9bd5-46b9-90da-dacba80ff004,3,3013,Beginner's Choice Alpine Skis - 160cm,1,449.99,449.99,0.0,39.37
6888ff9c-1212-472f-8123-bea02333f2aa,1,3081,All-Temp Ski Wax Kit,2,79.99,159.98,0.0,14.0
6888ff9c-1212-472f-8123-bea02333f2aa,2,3081,All-Temp Ski Wax Kit,1,79.99,79.99,0.0,7.0
6888ff9c-1212-472f-8123-bea02333f2aa,3,3091,Freestyle Snowboard - 155cm,1,649.99,649.99,0.0,56.87
6ea15ca0-b206-4e30-b9d0-e2d7ae49d69b,1,3062,Anti-Fog Ski Goggles,1,129.99,129.99,0.0,11.37
6ea15ca0-b206-4e30-b9d0-e2d7ae49d69b,2,3082,Edge Tuning Tool Set,2,119.99,239.98,0.0,21.0
6ea15ca0-b206-4e30-b9d0-e2d7ae49d69b,3,3052,Thermal Base Layer Set - Women's,2,149.99,299.98,0.0,26.25
6ea15ca0-b206-4e30-b9d0-e2d7ae49d69b,4,3081,All-Temp Ski Wax Kit,1,79.99,79.99,0.0,7.0
40bb7dd5-06d7-4410-83b7-2bffdcdaf6dd,1,3082,Edge Tuning Tool Set,2,119.99,239.98,0.0,21.0
849f8d88-288e-4f29-9d29-a2338d8ff579,1,3022,Backcountry Explorer XC Skis - 190cm,1,549.99,549.99,0.0,48.12
d0760543-d583-4229-beb3-e27e5102abf5,1,3022,Backcountry Explorer XC Skis - 190cm,1,549.99,549.99,0.0,48.12
d0760543-d583-4229-beb3-e27e5102abf5,2,3072,Hand Warmers - 10 Pack,2,14.99,29.98,0.0,2.62
d0760543-d583-4229-beb3-e27e5102abf5,3,3082,Edge Tuning Tool Set,2,119.99,239.98,0.0,21.0
ad511dad-c09e-458f-bf0e-7ede48094b5f,1,3022,Backcountry Explorer XC Skis - 190cm,2,549.99,1099.98,0.0,96.25
d2380520-e115-472a-bb89-1ad826f2c203,1,3092,All-Mountain Snowboard - 158cm,2,799.99,1599.98,0.0,140.0
d2380520-e115-472a-bb89-1ad826f2c203,2,3081,All-Temp Ski Wax Kit,1,79.99,79.99,0.0,7.0
d2380520-e115-472a-bb89-1ad826f2c203,3,3091,Freestyle Snowboard - 155cm,2,649.99,1299.98,0.0,113.75
d2380520-e115-472a-bb89-1ad826f2c203,4,3082,Edge Tuning Tool Set,2,119.99,239.98,0.0,21.0
57692c23-0166-46a4-bcb4-3c61257c7ac4,1,3042,Aluminum All-Mountain Poles - 115cm,2,99.99,199.98,0.0,17.5
57692c23-0166-46a4-bcb4-3c61257c7ac4,2,3052,Thermal Base Layer Set - Women's,2,149.99,299.98,0.0,26.25
176539db-6a13-4098-95cd-e685dba08e50,1,3031,Pro Flex Racing Ski Boots,1,649.99,649.99,0.0,56.87
9fa1bf56-5920-4764-bad4-58628e1cedda,1,3082,Edge Tuning Tool Set,1,119.99,119.99,0.0,10.5
9fa1bf56-5920-4764-bad4-58628e1cedda,2,3092,All-Mountain Snowboard - 158cm,1,799.99,799.99,0.0,70.0
9fa1bf56-5920-4764-bad4-58628e1cedda,3,3091,Freestyle Snowboard - 155cm,2,649.99,1299.98,0.0,113.75
9fa1bf56-5920-4764-bad4-58628e1cedda,4,3081,All-Temp Ski Wax Kit,2,79.99,159.98,0.0,14.0
79f6ae6d-92b7-476e-84e8-1a17fbfd31ee,1,3032,Comfort Fit Recreational Boots,1,399.99,399.99,0.0,35.0
79f6ae6d-92b7-476e-84e8-1a17fbfd31ee,2,3013,Beginner's Choice Alpine Skis - 160cm,1,449.99,449.99,0.0,39.37
79f6ae6d-92b7-476e-84e8-1a17fbfd31ee,3,3021,Nordic Classic XC Skis - 185cm,2,349.99,699.98,0.0,61.25
452b777f-bc13-418f-aa96-a1b270f4887a,1,3011,Alpine Pro Racing Skis - 170cm,2,1299.99,2599.98,0.0,227.5
5b3f4902-a87f-49b3-a8ff-c1dc086de6e4,1,3013,Beginner's Choice Alpine Skis - 160cm,2,449.99,899.98,0.0,78.75
5b3f4902-a87f-49b3-a8ff-c1dc086de6e4,2,3032,Comfort Fit Recreational Boots,2,399.99,799.98,0.0,70.0
5b3f4902-a87f-49b3-a8ff-c1dc086de6e4,3,3041,Carbon Fiber Racing Poles - 120cm,1,179.99,179.99,0.0,15.75
5b3f4902-a87f-49b3-a8ff-c1dc086de6e4,4,3071,Ski Boot Bag - Premium,2,59.99,119.98,0.0,10.5
9e67af05-6f45-4d04-a134-5612af190c9d,1,3022,Backcountry Explorer XC Skis - 190cm,2,549.99,1099.98,0.0,96.25
9e67af05-6f45-4d04-a134-5612af190c9d,2,3102,Winter Hiking Boots - Waterproof,2,249.99,499.98,0.0,43.75
2bcf74cc-cb32-4b84-ba06-4effb02d93f1,1,3031,Pro Flex Racing Ski Boots,1,649.99,649.99,0.0,56.87
2bcf74cc-cb32-4b84-ba06-4effb02d93f1,2,3081,All-Temp Ski Wax Kit,1,79.99,79.99,0.0,7.0
a106c6c2-ba0f-4f08-943e-668f254de285,1,3031,Pro Flex Racing Ski Boots,1,649.99,649.99,0.0,56.87
fa171131-9186-4968-96af-7765fe641597,1,3032,Comfort Fit Recreational Boots,1,399.99,399.99,0.0,35.0
6e6db106-c7ba-42a6-aaa5-8014c5b87f2b,1,3033,Women's Performance Ski Boots,2,579.99,1159.98,0.0,101.5
6e6db106-c7ba-42a6-aaa5-8014c5b87f2b,2,3104,Ski Tuning Bench - Portable,1,189.99,189.99,0.0,16.62
6e6db106-c7ba-42a6-aaa5-8014c5b87f2b,3,3031,Pro Flex Racing Ski Boots,2,649.99,1299.98,0.0,113.75
6e6db106-c7ba-42a6-aaa5-8014c5b87f2b,4,3082,Edge Tuning Tool Set,2,119.99,239.98,0.0,21.0
d4cb6d09-b55c-41d7-b067-9132e89f3805,1,3102,Winter Hiking Boots - Waterproof,1,249.99,249.99,0.0,21.87
da9df5be-8abd-472e-8978-e984f83ce23c,1,3091,Freestyle Snowboard - 155cm,1,649.99,649.99,0.0,56.87
da9df5be-8abd-472e-8978-e984f83ce23c,2,3101,Winter Boots - Insulated,2,159.99,319.98,0.0,28.0
da9df5be-8abd-472e-8978-e984f83ce23c,3,3072,Hand Warmers - 10 Pack,1,14.99,14.99,0.0,1.31
da9df5be-8abd-472e-8978-e984f83ce23c,4,3082,Edge Tuning Tool Set,2,119.99,239.98,0.0,21.0
081b1b8e-3160-4298-99bf-171f286f456e,1,3033,Women's Performance Ski Boots,2,579.99,1159.98,0.0,101.5
c244cc29-d272-4a11-a20f-1ef00b0c2bc7,1,3081,All-Temp Ski Wax Kit,1,79.99,79.99,0.0,7.0
c244cc29-d272-4a11-a20f-1ef00b0c2bc7,2,3092,All-Mountain Snowboard - 158cm,1,799.99,799.99,0.0,70.0
c244cc29-d272-4a11-a20f-1ef00b0c2bc7,3,3082,Edge Tuning Tool Set,1,119.99,119.99,0.0,10.5
4dc9de4b-7708-4b29-9497-9b4cbaa6a471,1,3062,Anti-Fog Ski Goggles,2,129.99,259.98,0.0,22.75
4dc9de4b-7708-4b29-9497-9b4cbaa6a471,2,3012,Mountain Master All-Terrain Skis - 165cm,2,899.99,1799.98,0.0,157.5
4dc9de4b-7708-4b29-9497-9b4cbaa6a471,3,3041,Carbon Fiber Racing Poles - 120cm,2,179.99,359.98,0.0,31.5
b36eca22-aadc-42a3-b0c2-46d7965fae00,1,3081,All-Temp Ski Wax Kit,2,79.99,159.98,0.0,14.0
b36eca22-aadc-42a3-b0c2-46d7965fae00,2,3052,Thermal Base Layer Set - Women's,1,149.99,149.99,0.0,13.12
7a3ec9fe-65bd-477f-9d37-5b685dad1d0e,1,3013,Beginner's Choice Alpine Skis - 160cm,2,449.99,899.98,0.0,78.75
7a3ec9fe-65bd-477f-9d37-5b685dad1d0e,2,3032,Comfort Fit Recreational Boots,1,399.99,399.99,0.0,35.0
92a3b0a3-a0a5-4012-8e4b-1e09fe76626a,1,3081,All-Temp Ski Wax Kit,2,79.99,159.98,0.0,14.0
92a3b0a3-a0a5-4012-8e4b-1e09fe76626a,2,3082,Edge Tuning Tool Set,1,119.99,119.99,0.0,10.5
92a3b0a3-a0a5-4012-8e4b-1e09fe76626a,3,3021,Nordic Classic XC Skis - 185cm,1,349.99,349.99,0.0,30.62
b9ace43a-4f91-4286-a7ad-9b76f4c009ac,1,3053,Waterproof Ski Pants,1,249.99,249.99,0.0,21.87
b9ace43a-4f91-4286-a7ad-9b76f4c009ac,2,3062,Anti-Fog Ski Goggles,2,129.99,259.98,0.0,22.75
b9ace43a-4f91-4286-a7ad-9b76f4c009ac,3,3032,Comfort Fit Recreational Boots,1,399.99,399.99,0.0,35.0
b9ace43a-4f91-4286-a7ad-9b76f4c009ac,4,3062,Anti-Fog Ski Goggles,2,129.99,259.98,0.0,22.75
096bdf3b-7577-4cf4-800f-206443ba662b,1,3013,Beginner's Choice Alpine Skis - 160cm,2,449.99,899.98,0.0,78.75
096bdf3b-7577-4cf4-800f-206443ba662b,2,3052,Thermal Base Layer Set - Women's,1,149.99,149.99,0.0,13.12
096bdf3b-7577-4cf4-800f-206443ba662b,3,3053,Waterproof Ski Pants,2,249.99,499.98,0.0,43.75
e68edccc-bca2-46a9-a760-9839772e3d1b,1,3033,Women's Performance Ski Boots,2,579.99,1159.98,0.0,101.5
012daea9-e617-4359-aefb-183990b58392,1,3091,Freestyle Snowboard - 155cm,2,649.99,1299.98,0.0,113.75
012daea9-e617-4359-aefb-183990b58392,2,3072,Hand Warmers - 10 Pack,1,14.99,14.99,0.0,1.31
3ffeac1d-b379-44c6-bac7-790a2bed9341,1,3082,Edge Tuning Tool Set,1,119.99,119.99,0.0,10.5
24b1fd99-0da9-4bb9-a9e8-e82bcf47cb5d,1,3104,Ski Tuning Bench - Portable,2,189.99,379.98,0.0,33.25
24b1fd99-0da9-4bb9-a9e8-e82bcf47cb5d,2,3092,All-Mountain Snowboard - 158cm,1,799.99,799.99,0.0,70.0
24b1fd99-0da9-4bb9-a9e8-e82bcf47cb5d,3,3052,Thermal Base Layer Set - Women's,2,149.99,299.98,0.0,26.25
24b1fd99-0da9-4bb9-a9e8-e82bcf47cb5d,4,3104,Ski Tuning Bench - Portable,1,189.99,189.99,0.0,16.62
e0d314e8-c25a-446a-a939-ed1c19e17e2f,1,3081,All-Temp Ski Wax Kit,2,79.99,159.98,0.0,14.0
e0d314e8-c25a-446a-a939-ed1c19e17e2f,2,3082,Edge Tuning Tool Set,2,119.99,239.98,0.0,21.0
e0d314e8-c25a-446a-a939-ed1c19e17e2f,3,3012,Mountain Master All-Terrain Skis - 165cm,2,899.99,1799.98,0.0,157.5
356bac4b-c9f8-4d03-89a3-17ea69a5e275,1,3032,Comfort Fit Recreational Boots,1,399.99,399.99,0.0,35.0
356bac4b-c9f8-4d03-89a3-17ea69a5e275,2,3053,Waterproof Ski Pants,2,249.99,499.98,0.0,43.75
356bac4b-c9f8-4d03-89a3-17ea69a5e275,3,3041,Carbon Fiber Racing Poles - 120cm,2,179.99,359.98,0.0,31.5
356bac4b-c9f8-4d03-89a3-17ea69a5e275,4,3031,Pro Flex Racing Ski Boots,1,649.99,649.99,0.0,56.87
54d27812-e4df-4599-88cb-97ef9cde7efe,1,3081,All-Temp Ski Wax Kit,1,79.99,79.99,0.0,7.0
3cefb10f-c861-4044-9b38-29b87c707181,1,3033,Women's Performance Ski Boots,2,579.99,1159.98,0.0,101.5
790164a9-1b12-4206-b472-ef51ea046754,1,3053,Waterproof Ski Pants,2,249.99,499.98,0.0,43.75
790164a9-1b12-4206-b472-ef51ea046754,2,3031,Pro Flex Racing Ski Boots,1,649.99,649.99,0.0,56.87
790164a9-1b12-4206-b472-ef51ea046754,3,3053,Waterproof Ski Pants,2,249.99,499.98,0.0,43.75
790164a9-1b12-4206-b472-ef51ea046754,4,3013,Beginner's Choice Alpine Skis - 160cm,2,449.99,899.98,0.0,78.75
7a296a85-803c-40d9-acbf-d2a44dfa0740,1,3091,Freestyle Snowboard - 155cm,2,649.99,1299.98,0.0,113.75
7c8d4a4f-c631-4490-8982-c2456747bfe6,1,3013,Beginner's Choice Alpine Skis - 160cm,1,449.99,449.99,0.0,39.37
8b8b4486-c06e-4197-9052-8e4ad80f4f66,1,3052,Thermal Base Layer Set - Women's,1,149.99,149.99,0.0,13.12
01eeed12-5773-415f-8337-23e02b4a2a8f,1,3104,Ski Tuning Bench - Portable,1,189.99,189.99,0.0,16.62
01eeed12-5773-415f-8337-23e02b4a2a8f,2,3033,Women's Performance Ski Boots,2,579.99,1159.98,0.0,101.5
01eeed12-5773-415f-8337-23e02b4a2a8f,3,3092,All-Mountain Snowboard - 158cm,2,799.99,1599.98,0.0,140.0
4b017c5e-60c3-42d3-96d7-15b2d3b676f5,1,3081,All-Temp Ski Wax Kit,2,79.99,159.98,0.0,14.0
4b017c5e-60c3-42d3-96d7-15b2d3b676f5,2,3104,Ski Tuning Bench - Portable,1,189.99,189.99,0.0,16.62
4b017c5e-60c3-42d3-96d7-15b2d3b676f5,3,3081,All-Temp Ski Wax Kit,2,79.99,159.98,0.0,14.0
4b017c5e-60c3-42d3-96d7-15b2d3b676f5,4,3082,Edge Tuning Tool Set,1,119.99,119.99,0.0,10.5
c7177edc-8e88-43e4-b866-5102dd823c24,1,3022,Backcountry Explorer XC Skis - 190cm,2,549.99,1099.98,0.0,96.25
0db3be7b-22cd-411a-b555-d86d661d68a2,1,3071,Ski Boot Bag - Premium,1,59.99,59.99,0.0,5.25
0db3be7b-22cd-411a-b555-d86d661d68a2,2,3033,Women's Performance Ski Boots,1,579.99,579.99,0.0,50.75
0db3be7b-22cd-411a-b555-d86d661d68a2,3,3061,Professional Ski Helmet,1,199.99,199.99,0.0,17.5
0db3be7b-22cd-411a-b555-d86d661d68a2,4,3033,Women's Performance Ski Boots,2,579.99,1159.98,0.0,101.5
70fdbff9-9115-44c8-88c2-071312adbe64,1,3104,Ski Tuning Bench - Portable,1,189.99,189.99,0.0,16.62
99c77c12-954a-4d14-bbb9-ce41fbf9d852,1,3104,Ski Tuning Bench - Portable,2,189.99,379.98,0.0,33.25
99c77c12-954a-4d14-bbb9-ce41fbf9d852,2,3013,Beginner's Choice Alpine Skis - 160cm,2,449.99,899.98,0.0,78.75
99c77c12-954a-4d14-bbb9-ce41fbf9d852,3,3082,Edge Tuning Tool Set,2,119.99,239.98,0.0,21.0
99c77c12-954a-4d14-bbb9-ce41fbf9d852,4,3033,Women's Performance Ski Boots,1,579.99,579.99,0.0,50.75
2c7f044e-f322-4f0c-8f7b-db1d2561aad0,1,3013,Beginner's Choice Alpine Skis - 160cm,2,449.99,899.98,0.0,78.75
1ee77495-2775-44c2-af95-b118da2eba74,1,3041,Carbon Fiber Racing Poles - 120cm,2,179.99,359.98,0.0,31.5
1ee77495-2775-44c2-af95-b118da2eba74,2,3051,Insulated Ski Jacket - Men's,1,299.99,299.99,0.0,26.25
1ee77495-2775-44c2-af95-b118da2eba74,3,3053,Waterproof Ski Pants,2,249.99,499.98,0.0,43.75
1ee77495-2775-44c2-af95-b118da2eba74,4,3053,Waterproof Ski Pants,1,249.99,249.99,0.0,21.87
9651188b-d52c-47b5-9411-e05dbd179723,1,3082,Edge Tuning Tool Set,2,119.99,239.98,0.0,21.0
aef6dce9-9f57-4fdc-a90e-5ac9994b64c8,1,3051,Insulated Ski Jacket - Men's,1,299.99,299.99,0.0,26.25
aef6dce9-9f57-4fdc-a90e-5ac9994b64c8,2,3062,Anti-Fog Ski Goggles,1,129.99,129.99,0.0,11.37
aef6dce9-9f57-4fdc-a90e-5ac9994b64c8,3,3051,Insulated Ski Jacket - Men's,1,299.99,299.99,0.0,26.25
aef6dce9-9f57-4fdc-a90e-5ac9994b64c8,4,3032,Comfort Fit Recreational Boots,2,399.99,799.98,0.0,70.0
eab1c928-1958-4ce1-8839-7ec81543a472,1,3013,Beginner's Choice Alpine Skis - 160cm,2,449.99,899.98,0.0,78.75
eab1c928-1958-4ce1-8839-7ec81543a472,2,3012,Mountain Master All-Terrain Skis - 165cm,2,899.99,1799.98,0.0,157.5
eab1c928-1958-4ce1-8839-7ec81543a472,3,3031,Pro Flex Racing Ski Boots,1,649.99,649.99,0.0,56.87
4b2f40a7-c6ed-4d4d-9798-6e307211a67b,1,3022,Backcountry Explorer XC Skis - 190cm,2,549.99,1099.98,0.0,96.25
4b2f40a7-c6ed-4d4d-9798-6e307211a67b,2,3021,Nordic Classic XC Skis - 185cm,2,349.99,699.98,0.0,61.25
4b2f40a7-c6ed-4d4d-9798-6e307211a67b,3,3103,Snowboard Bindings - Pro,2,299.99,599.98,0.0,52.5
4b2f40a7-c6ed-4d4d-9798-6e307211a67b,4,3102,Winter Hiking Boots - Waterproof,2,249.99,499.98,0.0,43.75
e1d7a7dd-68b7-456f-a43a-7af230a95b39,1,3033,Women's Performance Ski Boots,2,579.99,1159.98,0.0,101.5
e1d7a7dd-68b7-456f-a43a-7af230a95b39,2,3102,Winter Hiking Boots - Waterproof,1,249.99,249.99,0.0,21.87
e1d7a7dd-68b7-456f-a43a-7af230a95b39,3,3021,Nordic Classic XC Skis - 185cm,1,349.99,349.99,0.0,30.62
dcee842a-0c3a-4a3b-bb5d-0178d87e003f,1,3031,Pro Flex Racing Ski Boots,1,649.99,649.99,0.0,56.87
8df4ed8d-9faa-4ce5-b2c7-16e1d1fb30e9,1,3021,Nordic Classic XC Skis - 185cm,2,349.99,699.98,0.0,61.25
8df4ed8d-9faa-4ce5-b2c7-16e1d1fb30e9,2,3032,Comfort Fit Recreational Boots,1,399.99,399.99,0.0,35.0
4cd94a1b-6654-413c-92a6-0e36d55a47e1,1,3022,Backcountry Explorer XC Skis - 190cm,2,549.99,1099.98,0.0,96.25
320b9bc4-bf54-4587-adbf-fa35401294c6,1,3082,Edge Tuning Tool Set,2,119.99,239.98,0.0,21.0
320b9bc4-bf54-4587-adbf-fa35401294c6,2,3104,Ski Tuning Bench - Portable,2,189.99,379.98,0.0,33.25
320b9bc4-bf54-4587-adbf-fa35401294c6,3,3061,Professional Ski Helmet,2,199.99,399.98,0.0,35.0
e9061464-cdea-4f6c-88ca-8e5252610357,1,3011,Alpine Pro Racing Skis - 170cm,2,1299.99,2599.98,0.0,227.5
8c560225-7f85-4103-aa58-9656228a371c,1,3051,Insulated Ski Jacket - Men's,2,299.99,599.98,0.0,52.5
8c560225-7f85-4103-aa58-9656228a371c,2,3012,Mountain Master All-Terrain Skis - 165cm,2,899.99,1799.98,0.0,157.5
c5374035-d09a-4e7f-8f42-e03e3c59a76d,1,3091,Freestyle Snowboard - 155cm,1,649.99,649.99,0.0,56.87
c5374035-d09a-4e7f-8f42-e03e3c59a76d,2,3102,Winter Hiking Boots - Waterproof,1,249.99,249.99,0.0,21.87
2eabb561-f17b-4497-844b-c4ee133343fe,1,3081,All-Temp Ski Wax Kit,1,79.99,79.99,0.0,7.0
2eabb561-f17b-4497-844b-c4ee133343fe,2,3062,Anti-Fog Ski Goggles,1,129.99,129.99,0.0,11.37
2eabb561-f17b-4497-844b-c4ee133343fe,3,3103,Snowboard Bindings - Pro,1,299.99,299.99,0.0,26.25
2eabb561-f17b-4497-844b-c4ee133343fe,4,3091,Freestyle Snowboard - 155cm,2,649.99,1299.98,0.0,113.75
77fb22e3-c910-4f3d-84b8-b63aaaefb4c0,1,3103,Snowboard Bindings - Pro,2,299.99,599.98,0.0,52.5
77fb22e3-c910-4f3d-84b8-b63aaaefb4c0,2,3082,Edge Tuning Tool Set,1,119.99,119.99,0.0,10.5
77fb22e3-c910-4f3d-84b8-b63aaaefb4c0,3,3091,Freestyle Snowboard - 155cm,1,649.99,649.99,0.0,56.87
77fb22e3-c910-4f3d-84b8-b63aaaefb4c0,4,3104,Ski Tuning Bench - Portable,2,189.99,379.98,0.0,33.25
a1653d64-9ffc-4bb0-a484-00c847b77f0f,1,3051,Insulated Ski Jacket - Men's,1,299.99,299.99,0.0,26.25
6630dd97-bfd0-4f36-bb05-418e9e2013c5,1,3082,Edge Tuning Tool Set,2,119.99,239.98,0.0,21.0
32c385e0-03c2-4125-a802-1a5afb2245ba,1,3042,Aluminum All-Mountain Poles - 115cm,2,99.99,199.98,0.0,17.5
32c385e0-03c2-4125-a802-1a5afb2245ba,2,3032,Comfort Fit Recreational Boots,2,399.99,799.98,0.0,70.0
32c385e0-03c2-4125-a802-1a5afb2245ba,3,3053,Waterproof Ski Pants,2,249.99,499.98,0.0,43.75
993edc00-5cda-4b18-822a-3451b769bd9f,1,3104,Ski Tuning Bench - Portable,2,189.99,379.98,0.0,33.25
993edc00-5cda-4b18-822a-3451b769bd9f,2,3103,Snowboard Bindings - Pro,2,299.99,599.98,0.0,52.5
993edc00-5cda-4b18-822a-3451b769bd9f,3,3081,All-Temp Ski Wax Kit,2,79.99,159.98,0.0,14.0
993edc00-5cda-4b18-822a-3451b769bd9f,4,3081,All-Temp Ski Wax Kit,2,79.99,159.98,0.0,14.0
14ab5e9b-517e-4195-8bb2-a5e20205477b,1,3032,Comfort Fit Recreational Boots,1,399.99,399.99,0.0,35.0
7c9e8936-83b4-4055-88ba-437e93671b7e,1,3032,Comfort Fit Recreational Boots,2,399.99,799.98,0.0,70.0
cd4621d6-5874-45b2-8391-015fcd16ad80,1,3062,Anti-Fog Ski Goggles,2,129.99,259.98,0.0,22.75
cd4621d6-5874-45b2-8391-015fcd16ad80,2,3061,Professional Ski Helmet,2,199.99,399.98,0.0,35.0
18bc02a4-0700-4155-b8ae-ac970abb02f5,1,3104,Ski Tuning Bench - Portable,2,189.99,379.98,0.0,33.25
18bc02a4-0700-4155-b8ae-ac970abb02f5,2,3071,Ski Boot Bag - Premium,1,59.99,59.99,0.0,5.25
6b120b9a-d224-49ee-81eb-40201462c51c,1,3051,Insulated Ski Jacket - Men's,1,299.99,299.99,0.0,26.25
6b120b9a-d224-49ee-81eb-40201462c51c,2,3041,Carbon Fiber Racing Poles - 120cm,2,179.99,359.98,0.0,31.5
6b120b9a-d224-49ee-81eb-40201462c51c,3,3092,All-Mountain Snowboard - 158cm,1,799.99,799.99,0.0,70.0
87d6c30d-b85b-4470-a252-6920c134a2a0,1,3082,Edge Tuning Tool Set,2,119.99,239.98,0.0,21.0
96258518-d610-4965-b4f7-c8772b2a8927,1,3081,All-Temp Ski Wax Kit,2,79.99,159.98,0.0,14.0
96258518-d610-4965-b4f7-c8772b2a8927,2,3082,Edge Tuning Tool Set,2,119.99,239.98,0.0,21.0
b791fa53-fb93-4e3d-af6c-4558c5b49b90,1,3104,Ski Tuning Bench - Portable,1,189.99,189.99,0.0,16.62
b791fa53-fb93-4e3d-af6c-4558c5b49b90,2,3021,Nordic Classic XC Skis - 185cm,2,349.99,699.98,0.0,61.25
b791fa53-fb93-4e3d-af6c-4558c5b49b90,3,3103,Snowboard Bindings - Pro,1,299.99,299.99,0.0,26.25
b791fa53-fb93-4e3d-af6c-4558c5b49b90,4,3081,All-Temp Ski Wax Kit,1,79.99,79.99,0.0,7.0
6c9de082-9824-4ad0-b5a2-9f55a9c047d5,1,3091,Freestyle Snowboard - 155cm,1,649.99,649.99,0.0,56.87
2e3f0f7a-1322-450a-80a7-96f8e9827bae,1,3032,Comfort Fit Recreational Boots,2,399.99,799.98,0.0,70.0
2e3f0f7a-1322-450a-80a7-96f8e9827bae,2,3013,Beginner's Choice Alpine Skis - 160cm,2,449.99,899.98,0.0,78.75
2e3f0f7a-1322-450a-80a7-96f8e9827bae,3,3051,Insulated Ski Jacket - Men's,2,299.99,599.98,0.0,52.5
2e3f0f7a-1322-450a-80a7-96f8e9827bae,4,3033,Women's Performance Ski Boots,1,579.99,579.99,0.0,50.75
3eccf16e-0174-48fb-9393-481e59fae9ce,1,3033,Women's Performance Ski Boots,1,579.99,579.99,0.0,50.75
3eccf16e-0174-48fb-9393-481e59fae9ce,2,3042,Aluminum All-Mountain Poles - 115cm,1,99.99,99.99,0.0,8.75
3eccf16e-0174-48fb-9393-481e59fae9ce,3,3091,Freestyle Snowboard - 155cm,2,649.99,1299.98,0.0,113.75
3eccf16e-0174-48fb-9393-481e59fae9ce,4,3061,Professional Ski Helmet,1,199.99,199.99,0.0,17.5
c5f2d55b-501e-4eae-a24c-6089df1226dc,1,3052,Thermal Base Layer Set - Women's,1,149.99,149.99,0.0,13.12
c5f2d55b-501e-4eae-a24c-6089df1226dc,2,3081,All-Temp Ski Wax Kit,2,79.99,159.98,0.0,14.0
c5f2d55b-501e-4eae-a24c-6089df1226dc,3,3033,Women's Performance Ski Boots,2,579.99,1159.98,0.0,101.5
c5f2d55b-501e-4eae-a24c-6089df1226dc,4,3021,Nordic Classic XC Skis - 185cm,1,349.99,349.99,0.0,30.62
fc4d99c9-c57b-4ec3-a61e-fbd207e4a87a,1,3062,Anti-Fog Ski Goggles,2,129.99,259.98,0.0,22.75
9a48a1f6-896a-4631-ac3f-8b0585a764db,1,3101,Winter Boots - Insulated,1,159.99,159.99,0.0,14.0
9a48a1f6-896a-4631-ac3f-8b0585a764db,2,3081,All-Temp Ski Wax Kit,1,79.99,79.99,0.0,7.0
9a48a1f6-896a-4631-ac3f-8b0585a764db,3,3081,All-Temp Ski Wax Kit,2,79.99,159.98,0.0,14.0
d87687f6-9f73-43ab-98dc-1e6fb2b058e3,1,3013,Beginner's Choice Alpine Skis - 160cm,1,449.99,449.99,0.0,39.37
578b2d7a-8a88-4d57-a998-4abf9589e405,1,3053,Waterproof Ski Pants,2,249.99,499.98,0.0,43.75
8528ef11-2ae2-4942-9972-f8c37430b109,1,3053,Waterproof Ski Pants,2,249.99,499.98,0.0,43.75
8528ef11-2ae2-4942-9972-f8c37430b109,2,3033,Women's Performance Ski Boots,1,579.99,579.99,0.0,50.75
a9214a6e-f2e7-4226-9a02-58254721745c,1,3052,Thermal Base Layer Set - Women's,1,149.99,149.99,0.0,13.12
a9214a6e-f2e7-4226-9a02-58254721745c,2,3042,Aluminum All-Mountain Poles - 115cm,2,99.99,199.98,0.0,17.5
a9214a6e-f2e7-4226-9a02-58254721745c,3,3062,Anti-Fog Ski Goggles,2,129.99,259.98,0.0,22.75
a9214a6e-f2e7-4226-9a02-58254721745c,4,3012,Mountain Master All-Terrain Skis - 165cm,2,899.99,1799.98,0.0,157.5
d37e1bc3-f9d5-4034-a212-140926fb9695,1,3062,Anti-Fog Ski Goggles,2,129.99,259.98,0.0,22.75
d37e1bc3-f9d5-4034-a212-140926fb9695,2,3082,Edge Tuning Tool Set,2,119.99,239.98,0.0,21.0
3b7693e8-dacb-4baa-bdd5-e1d49b4ff323,1,3062,Anti-Fog Ski Goggles,1,129.99,129.99,0.0,11.37
dbdbbd7a-ee7d-4f47-8c1c-16da56e5022b,1,3081,All-Temp Ski Wax Kit,1,79.99,79.99,0.0,7.0
dbdbbd7a-ee7d-4f47-8c1c-16da56e5022b,2,3101,Winter Boots - Insulated,2,159.99,319.98,0.0,28.0
dbdbbd7a-ee7d-4f47-8c1c-16da56e5022b,3,3081,All-Temp Ski Wax Kit,1,79.99,79.99,0.0,7.0
62fe6d13-3912-422f-8b30-ebc77b473417,1,3062,Anti-Fog Ski Goggles,1,129.99,129.99,0.0,11.37
9789ed12-2c84-4645-833e-6d77f95defa6,1,3104,Ski Tuning Bench - Portable,1,189.99,189.99,0.0,16.62
9789ed12-2c84-4645-833e-6d77f95defa6,2,3022,Backcountry Explorer XC Skis - 190cm,1,549.99,549.99,0.0,48.12
9789ed12-2c84-4645-833e-6d77f95defa6,3,3081,All-Temp Ski Wax Kit,2,79.99,159.98,0.0,14.0
9789ed12-2c84-4645-833e-6d77f95defa6,4,3082,Edge Tuning Tool Set,1,119.99,119.99,0.0,10.5
a3671be7-f60a-478a-8b60-07d972677011,1,3051,Insulated Ski Jacket - Men's,1,299.99,299.99,0.0,26.25
a3671be7-f60a-478a-8b60-07d972677011,2,3092,All-Mountain Snowboard - 158cm,2,799.99,1599.98,0.0,140.0
a3671be7-f60a-478a-8b60-07d972677011,3,3081,All-Temp Ski Wax Kit,1,79.99,79.99,0.0,7.0
647b041c-2448-4969-9a2a-abcfc4734b26,1,3082,Edge Tuning Tool Set,2,119.99,239.98,0.0,21.0
647b041c-2448-4969-9a2a-abcfc4734b26,2,3082,Edge Tuning Tool Set,2,119.99,239.98,0.0,21.0
647b041c-2448-4969-9a2a-abcfc4734b26,3,3091,Freestyle Snowboard - 155cm,2,649.99,1299.98,0.0,113.75
300280c6-0eb9-47f0-9d64-b0b88b58d6ef,1,3103,Snowboard Bindings - Pro,2,299.99,599.98,0.0,52.5
b59c707c-665f-423f-97d7-95a5f6bc3000,1,3033,Women's Performance Ski Boots,1,579.99,579.99,0.0,50.75
b59c707c-665f-423f-97d7-95a5f6bc3000,2,3103,Snowboard Bindings - Pro,2,299.99,599.98,0.0,52.5
b59c707c-665f-423f-97d7-95a5f6bc3000,3,3053,Waterproof Ski Pants,1,249.99,249.99,0.0,21.87
b59c707c-665f-423f-97d7-95a5f6bc3000,4,3052,Thermal Base Layer Set - Women's,2,149.99,299.98,0.0,26.25
588e1049-f32f-4c77-997f-e68e6de69423,1,3011,Alpine Pro Racing Skis - 170cm,2,1299.99,2599.98,0.0,227.5
588e1049-f32f-4c77-997f-e68e6de69423,2,3031,Pro Flex Racing Ski Boots,1,649.99,649.99,0.0,56.87
2691aad8-38f9-497c-a6bc-3e563cd0d0f3,1,3092,All-Mountain Snowboard - 158cm,2,799.99,1599.98,0.0,140.0
2691aad8-38f9-497c-a6bc-3e563cd0d0f3,2,3082,Edge Tuning Tool Set,1,119.99,119.99,0.0,10.5
2691aad8-38f9-497c-a6bc-3e563cd0d0f3,3,3104,Ski Tuning Bench - Portable,1,189.99,189.99,0.0,16.62
2691aad8-38f9-497c-a6bc-3e563cd0d0f3,4,3042,Aluminum All-Mountain Poles - 115cm,1,99.99,99.99,0.0,8.75
406142e9-6ab0-4691-931b-40f588dd3a95,1,3091,Freestyle Snowboard - 155cm,2,649.99,1299.98,0.0,113.75
406142e9-6ab0-4691-931b-40f588dd3a95,2,3082,Edge Tuning Tool Set,1,119.99,119.99,0.0,10.5
7784e27b-4778-4c6b-856c-6b3c0d7af7be,1,3012,Mountain Master All-Terrain Skis - 165cm,2,899.99,1799.98,0.0,157.5
7784e27b-4778-4c6b-856c-6b3c0d7af7be,2,3092,All-Mountain Snowboard - 158cm,1,799.99,799.99,0.0,70.0
7784e27b-4778-4c6b-856c-6b3c0d7af7be,3,3082,Edge Tuning Tool Set,2,119.99,239.98,0.0,21.0
9ba4f113-e35f-47ef-8b2a-92254ebda2cf,1,3052,Thermal Base Layer Set - Women's,2,149.99,299.98,0.0,26.25
9ba4f113-e35f-47ef-8b2a-92254ebda2cf,2,3013,Beginner's Choice Alpine Skis - 160cm,2,449.99,899.98,0.0,78.75
9ba4f113-e35f-47ef-8b2a-92254ebda2cf,3,3033,Women's Performance Ski Boots,2,579.99,1159.98,0.0,101.5
e5a864f7-9efc-4b89-a9f1-5b5f62f7e4bf,1,3102,Winter Hiking Boots - Waterproof,2,249.99,499.98,0.0,43.75
e5a864f7-9efc-4b89-a9f1-5b5f62f7e4bf,2,3072,Hand Warmers - 10 Pack,1,14.99,14.99,0.0,1.31
399c1282-d4ec-4951-b320-ba2a323849db,1,3081,All-Temp Ski Wax Kit,2,79.99,159.98,0.0,14.0
399c1282-d4ec-4951-b320-ba2a323849db,2,3082,Edge Tuning Tool Set,1,119.99,119.99,0.0,10.5
399c1282-d4ec-4951-b320-ba2a323849db,3,3104,Ski Tuning Bench - Portable,1,189.99,189.99,0.0,16.62
399c1282-d4ec-4951-b320-ba2a323849db,4,3081,All-Temp Ski Wax Kit,1,79.99,79.99,0.0,7.0
07559a46-60ca-4e4a-9a06-78fc225d91e1,1,3103,Snowboard Bindings - Pro,1,299.99,299.99,0.0,26.25
07559a46-60ca-4e4a-9a06-78fc225d91e1,2,3082,Edge Tuning Tool Set,1,119.99,119.99,0.0,10.5
362fac5e-c17f-4a3f-a5a7-9cb7143ebd60,1,3011,Alpine Pro Racing Skis - 170cm,2,1299.99,2599.98,0.0,227.5
362fac5e-c17f-4a3f-a5a7-9cb7143ebd60,2,3104,Ski Tuning Bench - Portable,1,189.99,189.99,0.0,16.62
362fac5e-c17f-4a3f-a5a7-9cb7143ebd60,3,3031,Pro Flex Racing Ski Boots,1,649.99,649.99,0.0,56.87
362fac5e-c17f-4a3f-a5a7-9cb7143ebd60,4,3051,Insulated Ski Jacket - Men's,2,299.99,599.98,0.0,52.5
df730751-d9d7-4384-a126-dcea0d0a631f,1,3052,Thermal Base Layer Set - Women's,2,149.99,299.98,0.0,26.25
df730751-d9d7-4384-a126-dcea0d0a631f,2,3072,Hand Warmers - 10 Pack,1,14.99,14.99,0.0,1.31
df730751-d9d7-4384-a126-dcea0d0a631f,3,3032,Comfort Fit Recreational Boots,1,399.99,399.99,0.0,35.0
aa749947-21f6-4a84-b94c-f5f2c04ea5d2,1,3072,Hand Warmers - 10 Pack,2,14.99,29.98,0.0,2.62
1cfafd53-d55c-468d-a46d-35ef65d5ff80,1,3062,Anti-Fog Ski Goggles,2,129.99,259.98,0.0,22.75
1cfafd53-d55c-468d-a46d-35ef65d5ff80,2,3052,Thermal Base Layer Set - Women's,1,149.99,149.99,0.0,13.12
1cfafd53-d55c-468d-a46d-35ef65d5ff80,3,3053,Waterproof Ski Pants,2,249.99,499.98,0.0,43.75
1cfafd53-d55c-468d-a46d-35ef65d5ff80,4,3071,Ski Boot Bag - Premium,1,59.99,59.99,0.0,5.25
c923f5f2-1661-4db9-93ac-e0c888f2ce0c,1,3081,All-Temp Ski Wax Kit,1,79.99,79.99,0.0,7.0
36b9373d-d3bd-4a82-8267-ab008fe162e3,1,3013,Beginner's Choice Alpine Skis - 160cm,2,449.99,899.98,0.0,78.75
36b9373d-d3bd-4a82-8267-ab008fe162e3,2,3101,Winter Boots - Insulated,1,159.99,159.99,0.0,14.0
36b9373d-d3bd-4a82-8267-ab008fe162e3,3,3013,Beginner's Choice Alpine Skis - 160cm,2,449.99,899.98,0.0,78.75
a272211b-09b6-4969-b563-f4d69e36f656,1,3091,Freestyle Snowboard - 155cm,2,649.99,1299.98,0.0,113.75
c7aae6d4-fc4b-46e6-9cd6-1010adf6953c,1,3103,Snowboard Bindings - Pro,1,299.99,299.99,0.0,26.25
6d8ca00f-9ea3-46c5-b92d-ecdb0657ae25,1,3012,Mountain Master All-Terrain Skis - 165cm,2,899.99,1799.98,0.0,157.5
6d8ca00f-9ea3-46c5-b92d-ecdb0657ae25,2,3053,Waterproof Ski Pants,1,249.99,249.99,0.0,21.87
6d8ca00f-9ea3-46c5-b92d-ecdb0657ae25,3,3033,Women's Performance Ski Boots,1,579.99,579.99,0.0,50.75
6d8ca00f-9ea3-46c5-b92d-ecdb0657ae25,4,3012,Mountain Master All-Terrain Skis - 165cm,1,899.99,899.99,0.0,78.75
9d658034-bf29-41bb-8bef-ce325a78fc31,1,3031,Pro Flex Racing Ski Boots,2,649.99,1299.98,0.0,113.75
9d658034-bf29-41bb-8bef-ce325a78fc31,2,3032,Comfort Fit Recreational Boots,1,399.99,399.99,0.0,35.0
f797af25-49b7-4bae-950e-96d7ce0870f7,1,3022,Backcountry Explorer XC Skis - 190cm,1,549.99,549.99,0.0,48.12
f797af25-49b7-4bae-950e-96d7ce0870f7,2,3072,Hand Warmers - 10 Pack,2,14.99,29.98,0.0,2.62
cda030db-4f87-4e37-9b12-1e6f12743f8e,1,3011,Alpine Pro Racing Skis - 170cm,1,1299.99,1299.99,0.0,113.75
cda030db-4f87-4e37-9b12-1e6f12743f8e,2,3032,Comfort Fit Recreational Boots,2,399.99,799.98,0.0,70.0
cda030db-4f87-4e37-9b12-1e6f12743f8e,3,3041,Carbon Fiber Racing Poles - 120cm,2,179.99,359.98,0.0,31.5
cda030db-4f87-4e37-9b12-1e6f12743f8e,4,3031,Pro Flex Racing Ski Boots,2,649.99,1299.98,0.0,113.75
fb33edd5-aa6a-4e70-ad5c-637aced6ad33,1,3033,Women's Performance Ski Boots,1,579.99,579.99,0.0,50.75
fb33edd5-aa6a-4e70-ad5c-637aced6ad33,2,3053,Waterproof Ski Pants,1,249.99,249.99,0.0,21.87
bfddc9ff-4f84-4b59-a577-899e592e7c05,1,3082,Edge Tuning Tool Set,2,119.99,239.98,0.0,21.0
bfddc9ff-4f84-4b59-a577-899e592e7c05,2,3052,Thermal Base Layer Set - Women's,2,149.99,299.98,0.0,26.25
bfddc9ff-4f84-4b59-a577-899e592e7c05,3,3013,Beginner's Choice Alpine Skis - 160cm,1,449.99,449.99,0.0,39.37
bfddc9ff-4f84-4b59-a577-899e592e7c05,4,3104,Ski Tuning Bench - Portable,1,189.99,189.99,0.0,16.62
ad9b124e-6d62-4a2b-9d61-7581ae201723,1,3052,Thermal Base Layer Set - Women's,1,149.99,149.99,0.0,13.12
ad9b124e-6d62-4a2b-9d61-7581ae201723,2,3041,Carbon Fiber Racing Poles - 120cm,2,179.99,359.98,0.0,31.5
ad9b124e-6d62-4a2b-9d61-7581ae201723,3,3072,Hand Warmers - 10 Pack,2,14.99,29.98,0.0,2.62
cf43a0bc-4986-43bd-8652-f62401f1eab2,1,3011,Alpine Pro Racing Skis - 170cm,2,1299.99,2599.98,0.0,227.5
cf43a0bc-4986-43bd-8652-f62401f1eab2,2,3042,Aluminum All-Mountain Poles - 115cm,1,99.99,99.99,0.0,8.75
cf43a0bc-4986-43bd-8652-f62401f1eab2,3,3013,Beginner's Choice Alpine Skis - 160cm,1,449.99,449.99,0.0,39.37
cf43a0bc-4986-43bd-8652-f62401f1eab2,4,3071,Ski Boot Bag - Premium,1,59.99,59.99,0.0,5.25
ef88ea2e-5877-4519-8954-5ac536443bee,1,3062,Anti-Fog Ski Goggles,2,129.99,259.98,0.0,22.75
2ed4e217-5bbb-4270-b254-b01dda74de4e,1,3013,Beginner's Choice Alpine Skis - 160cm,1,449.99,449.99,0.0,39.37
2ed4e217-5bbb-4270-b254-b01dda74de4e,2,3071,Ski Boot Bag - Premium,2,59.99,119.98,0.0,10.5
2ed4e217-5bbb-4270-b254-b01dda74de4e,3,3052,Thermal Base Layer Set - Women's,1,149.99,149.99,0.0,13.12
35939621-28f5-410e-be16-44913014d8b7,1,3051,Insulated Ski Jacket - Men's,2,299.99,599.98,0.0,52.5
35939621-28f5-410e-be16-44913014d8b7,2,3012,Mountain Master All-Terrain Skis - 165cm,1,899.99,899.99,0.0,78.75
35939621-28f5-410e-be16-44913014d8b7,3,3052,Thermal Base Layer Set - Women's,2,149.99,299.98,0.0,26.25
35939621-28f5-410e-be16-44913014d8b7,4,3012,Mountain Master All-Terrain Skis - 165cm,1,899.99,899.99,0.0,78.75
c26ef84a-11cb-4ccf-88a6-d3074aac40cc,1,3101,Winter Boots - Insulated,2,159.99,319.98,0.0,28.0
e2cddae0-d3ae-41f2-b4dd-fe273e521d27,1,3022,Backcountry Explorer XC Skis - 190cm,1,549.99,549.99,0.0,48.12
e2cddae0-d3ae-41f2-b4dd-fe273e521d27,2,3053,Waterproof Ski Pants,2,249.99,499.98,0.0,43.75
e2cddae0-d3ae-41f2-b4dd-fe273e521d27,3,3013,Beginner's Choice Alpine Skis - 160cm,2,449.99,899.98,0.0,78.75
e2cddae0-d3ae-41f2-b4dd-fe273e521d27,4,3104,Ski Tuning Bench - Portable,2,189.99,379.98,0.0,33.25
e2ceafd5-57fe-4590-8251-b457d59b4ce0,1,3081,All-Temp Ski Wax Kit,1,79.99,79.99,0.0,7.0
e2ceafd5-57fe-4590-8251-b457d59b4ce0,2,3081,All-Temp Ski Wax Kit,2,79.99,159.98,0.0,14.0
e2ceafd5-57fe-4590-8251-b457d59b4ce0,3,3082,Edge Tuning Tool Set,1,119.99,119.99,0.0,10.5
e2ceafd5-57fe-4590-8251-b457d59b4ce0,4,3102,Winter Hiking Boots - Waterproof,1,249.99,249.99,0.0,21.87
1df032e5-4916-4c84-819d-b3b84ff1b4f0,1,3012,Mountain Master All-Terrain Skis - 165cm,1,899.99,899.99,0.0,78.75
1df032e5-4916-4c84-819d-b3b84ff1b4f0,2,3013,Beginner's Choice Alpine Skis - 160cm,2,449.99,899.98,0.0,78.75
c76ee305-35c0-42df-b482-0552ceaede2e,1,3082,Edge Tuning Tool Set,2,119.99,239.98,0.0,21.0
26e4225b-d9e6-4d89-9fc6-1b95d4c81d80,1,3061,Professional Ski Helmet,1,199.99,199.99,0.0,17.5
26e4225b-d9e6-4d89-9fc6-1b95d4c81d80,2,3031,Pro Flex Racing Ski Boots,2,649.99,1299.98,0.0,113.75
f7c4d82e-8686-4c99-9b39-cbb056fb4cb3,1,3013,Beginner's Choice Alpine Skis - 160cm,2,449.99,899.98,0.0,78.75
f7c4d82e-8686-4c99-9b39-cbb056fb4cb3,2,3053,Waterproof Ski Pants,2,249.99,499.98,0.0,43.75
f7c4d82e-8686-4c99-9b39-cbb056fb4cb3,3,3071,Ski Boot Bag - Premium,1,59.99,59.99,0.0,5.25
f7c4d82e-8686-4c99-9b39-cbb056fb4cb3,4,3021,Nordic Classic XC Skis - 185cm,1,349.99,349.99,0.0,30.62
d0a92faf-dc6c-4de5-9066-3ad124a7ff51,1,3103,Snowboard Bindings - Pro,2,299.99,599.98,0.0,52.5
d0a92faf-dc6c-4de5-9066-3ad124a7ff51,2,3033,Women's Performance Ski Boots,2,579.99,1159.98,0.0,101.5
d0a92faf-dc6c-4de5-9066-3ad124a7ff51,3,3031,Pro Flex Racing Ski Boots,1,649.99,649.99,0.0,56.87
d0a92faf-dc6c-4de5-9066-3ad124a7ff51,4,3013,Beginner's Choice Alpine Skis - 160cm,1,449.99,449.99,0.0,39.37
271cca0b-7c6b-4424-945e-b6fba3115a20,1,3102,Winter Hiking Boots - Waterproof,2,249.99,499.98,0.0,43.75
271cca0b-7c6b-4424-945e-b6fba3115a20,2,3081,All-Temp Ski Wax Kit,2,79.99,159.98,0.0,14.0
271cca0b-7c6b-4424-945e-b6fba3115a20,3,3081,All-Temp Ski Wax Kit,2,79.99,159.98,0.0,14.0
271cca0b-7c6b-4424-945e-b6fba3115a20,4,3092,All-Mountain Snowboard - 158cm,1,799.99,799.99,0.0,70.0
80d61941-2b76-47e0-bcf7-4acdaadc5ad9,1,3033,Women's Performance Ski Boots,1,579.99,579.99,0.0,50.75
80d61941-2b76-47e0-bcf7-4acdaadc5ad9,2,3082,Edge Tuning Tool Set,2,119.99,239.98,0.0,21.0
80d61941-2b76-47e0-bcf7-4acdaadc5ad9,3,3104,Ski Tuning Bench - Portable,2,189.99,379.98,0.0,33.25
54dd4708-402d-40f5-a8b6-35b2e0a5e442,1,3013,Beginner's Choice Alpine Skis - 160cm,1,449.99,449.99,0.0,39.37
24422a2d-2f16-4145-bc14-928c0c1b9f6e,1,3081,All-Temp Ski Wax Kit,1,79.99,79.99,0.0,7.0
24422a2d-2f16-4145-bc14-928c0c1b9f6e,2,3101,Winter Boots - Insulated,2,159.99,319.98,0.0,28.0
0183ea1e-2c59-4978-b5a2-f76c5dcb7824,1,3013,Beginner's Choice Alpine Skis - 160cm,2,449.99,899.98,0.0,78.75
0183ea1e-2c59-4978-b5a2-f76c5dcb7824,2,3021,Nordic Classic XC Skis - 185cm,1,349.99,349.99,0.0,30.62
0183ea1e-2c59-4978-b5a2-f76c5dcb7824,3,3033,Women's Performance Ski Boots,1,579.99,579.99,0.0,50.75
0183ea1e-2c59-4978-b5a2-f76c5dcb7824,4,3022,Backcountry Explorer XC Skis - 190cm,2,549.99,1099.98,0.0,96.25
2be78dde-f9d7-4411-b9a9-8d74141a5343,1,3081,All-Temp Ski Wax Kit,1,79.99,79.99,0.0,7.0
2be78dde-f9d7-4411-b9a9-8d74141a5343,2,3012,Mountain Master All-Terrain Skis - 165cm,2,899.99,1799.98,0.0,157.5
f7a9fb65-3e9e-4e71-a99b-2c5b3927581f,1,3011,Alpine Pro Racing Skis - 170cm,1,1299.99,1299.99,0.0,113.75
b89356a9-1c68-49d0-969f-bd907c5fe3c5,1,3101,Winter Boots - Insulated,1,159.99,159.99,0.0,14.0
b89356a9-1c68-49d0-969f-bd907c5fe3c5,2,3051,Insulated Ski Jacket - Men's,1,299.99,299.99,0.0,26.25
b89356a9-1c68-49d0-969f-bd907c5fe3c5,3,3013,Beginner's Choice Alpine Skis - 160cm,1,449.99,449.99,0.0,39.37
9727f520-a5e4-4dc8-bcca-2c6726c57c08,1,3052,Thermal Base Layer Set - Women's,2,149.99,299.98,0.0,26.25
9727f520-a5e4-4dc8-bcca-2c6726c57c08,2,3042,Aluminum All-Mountain Poles - 115cm,2,99.99,199.98,0.0,17.5
9727f520-a5e4-4dc8-bcca-2c6726c57c08,3,3021,Nordic Classic XC Skis - 185cm,1,349.99,349.99,0.0,30.62
f8892a27-1ef1-4451-8a06-bc2e6662352b,1,3032,Comfort Fit Recreational Boots,1,399.99,399.99,0.0,35.0
f8892a27-1ef1-4451-8a06-bc2e6662352b,2,3081,All-Temp Ski Wax Kit,2,79.99,159.98,0.0,14.0
f8892a27-1ef1-4451-8a06-bc2e6662352b,3,3082,Edge Tuning Tool Set,2,119.99,239.98,0.0,21.0
4a73b424-b19f-48d7-bf08-0c3db858c599,1,3053,Waterproof Ski Pants,2,249.99,499.98,0.0,43.75
4a73b424-b19f-48d7-bf08-0c3db858c599,2,3033,Women's Performance Ski Boots,2,579.99,1159.98,0.0,101.5
4a73b424-b19f-48d7-bf08-0c3db858c599,3,3011,Alpine Pro Racing Skis - 170cm,2,1299.99,2599.98,0.0,227.5
39ce7b0e-1aac-4e25-853c-0dc520b5d175,1,3042,Aluminum All-Mountain Poles - 115cm,2,99.99,199.98,0.0,17.5
39ce7b0e-1aac-4e25-853c-0dc520b5d175,2,3033,Women's Performance Ski Boots,2,579.99,1159.98,0.0,101.5
1e7f33ac-6cf0-4f8e-897e-0989c86c56f6,1,3081,All-Temp Ski Wax Kit,2,79.99,159.98,0.0,14.0
1e7f33ac-6cf0-4f8e-897e-0989c86c56f6,2,3013,Beginner's Choice Alpine Skis - 160cm,1,449.99,449.99,0.0,39.37
1e7f33ac-6cf0-4f8e-897e-0989c86c56f6,3,3082,Edge Tuning Tool Set,1,119.99,119.99,0.0,10.5
1e7f33ac-6cf0-4f8e-897e-0989c86c56f6,4,3091,Freestyle Snowboard - 155cm,1,649.99,649.99,0.0,56.87
9da6499c-690f-45ed-b710-06428ce191c4,1,3041,Carbon Fiber Racing Poles - 120cm,2,179.99,359.98,0.0,31.5
9da6499c-690f-45ed-b710-06428ce191c4,2,3012,Mountain Master All-Terrain Skis - 165cm,1,899.99,899.99,0.0,78.75
9da6499c-690f-45ed-b710-06428ce191c4,3,3041,Carbon Fiber Racing Poles - 120cm,2,179.99,359.98,0.0,31.5
1dc1d115-4e88-4b67-a26f-17503fd0b868,1,3012,Mountain Master All-Terrain Skis - 165cm,2,899.99,1799.98,0.0,157.5
1dc1d115-4e88-4b67-a26f-17503fd0b868,2,3081,All-Temp Ski Wax Kit,2,79.99,159.98,0.0,14.0
faf9dbeb-b4d2-4171-9ef3-1c9075c508c1,1,3091,Freestyle Snowboard - 155cm,2,649.99,1299.98,0.0,113.75
faf9dbeb-b4d2-4171-9ef3-1c9075c508c1,2,3071,Ski Boot Bag - Premium,2,59.99,119.98,0.0,10.5
faf9dbeb-b4d2-4171-9ef3-1c9075c508c1,3,3104,Ski Tuning Bench - Portable,1,189.99,189.99,0.0,16.62
faf9dbeb-b4d2-4171-9ef3-1c9075c508c1,4,3071,Ski Boot Bag - Premium,2,59.99,119.98,0.0,10.5
0054010b-97ae-4d20-9136-bd3de852d2ac,1,3104,Ski Tuning Bench - Portable,1,189.99,189.99,0.0,16.62
0054010b-97ae-4d20-9136-bd3de852d2ac,2,3053,Waterproof Ski Pants,2,249.99,499.98,0.0,43.75
0054010b-97ae-4d20-9136-bd3de852d2ac,3,3082,Edge Tuning Tool Set,2,119.99,239.98,0.0,21.0
0054010b-97ae-4d20-9136-bd3de852d2ac,4,3091,Freestyle Snowboard - 155cm,1,649.99,649.99,0.0,56.87
c3907939-acb1-4e19-9c34-712799c54ffb,1,3061,Professional Ski Helmet,2,199.99,399.98,0.0,35.0
c3907939-acb1-4e19-9c34-712799c54ffb,2,3011,Alpine Pro Racing Skis - 170cm,1,1299.99,1299.99,0.0,113.75
c3907939-acb1-4e19-9c34-712799c54ffb,3,3011,Alpine Pro Racing Skis - 170cm,1,1299.99,1299.99,0.0,113.75
c3907939-acb1-4e19-9c34-712799c54ffb,4,3103,Snowboard Bindings - Pro,2,299.99,599.98,0.0,52.5
bf05d542-88a7-45f9-9a2f-7f2697eadc6c,1,3012,Mountain Master All-Terrain Skis - 165cm,2,899.99,1799.98,0.0,157.5
bf05d542-88a7-45f9-9a2f-7f2697eadc6c,2,3053,Waterproof Ski Pants,1,249.99,249.99,0.0,21.87
bf05d542-88a7-45f9-9a2f-7f2697eadc6c,3,3031,Pro Flex Racing Ski Boots,2,649.99,1299.98,0.0,113.75
bf05d542-88a7-45f9-9a2f-7f2697eadc6c,4,3053,Waterproof Ski Pants,2,249.99,499.98,0.0,43.75
cbdf8b50-8655-405f-ac8f-b2bf5eddca46,1,3081,All-Temp Ski Wax Kit,1,79.99,79.99,0.0,7.0
b0f0d112-9bf2-4b90-8083-9dcbc8984715,1,3062,Anti-Fog Ski Goggles,1,129.99,129.99,0.0,11.37
b0f0d112-9bf2-4b90-8083-9dcbc8984715,2,3104,Ski Tuning Bench - Portable,1,189.99,189.99,0.0,16.62
b0f0d112-9bf2-4b90-8083-9dcbc8984715,3,3033,Women's Performance Ski Boots,1,579.99,579.99,0.0,50.75
b0f0d112-9bf2-4b90-8083-9dcbc8984715,4,3092,All-Mountain Snowboard - 158cm,2,799.99,1599.98,0.0,140.0
cf2620ac-4008-44ca-ab72-107cd8fd2bed,1,3061,Professional Ski Helmet,2,199.99,399.98,0.0,35.0
cf2620ac-4008-44ca-ab72-107cd8fd2bed,2,3051,Insulated Ski Jacket - Men's,2,299.99,599.98,0.0,52.5
cf2620ac-4008-44ca-ab72-107cd8fd2bed,3,3051,Insulated Ski Jacket - Men's,2,299.99,599.98,0.0,52.5
cf2620ac-4008-44ca-ab72-107cd8fd2bed,4,3061,Professional Ski Helmet,2,199.99,399.98,0.0,35.0
b4472e96-e714-4017-a271-3f240e19f755,1,3103,Snowboard Bindings - Pro,1,299.99,299.99,0.0,26.25
b4472e96-e714-4017-a271-3f240e19f755,2,3103,Snowboard Bindings - Pro,2,299.99,599.98,0.0,52.5
b4472e96-e714-4017-a271-3f240e19f755,3,3103,Snowboard Bindings - Pro,2,299.99,599.98,0.0,52.5
6ad0b812-f91a-4e27-a0ee-c687220c04ef,1,3081,All-Temp Ski Wax Kit,1,79.99,79.99,0.0,7.0
6ad0b812-f91a-4e27-a0ee-c687220c04ef,2,3081,All-Temp Ski Wax Kit,2,79.99,159.98,0.0,14.0
a23856d6-f604-4785-bec5-379adfe28dd4,1,3031,Pro Flex Racing Ski Boots,1,649.99,649.99,0.0,56.87
790f0a6f-b25f-4505-8bc7-cdf3096d10cb,1,3013,Beginner's Choice Alpine Skis - 160cm,1,449.99,449.99,0.0,39.37
bb688ede-d308-488c-bf7d-4b6a497f9962,1,3033,Women's Performance Ski Boots,2,579.99,1159.98,0.0,101.5
bb688ede-d308-488c-bf7d-4b6a497f9962,2,3071,Ski Boot Bag - Premium,2,59.99,119.98,0.0,10.5
bb688ede-d308-488c-bf7d-4b6a497f9962,3,3051,Insulated Ski Jacket - Men's,2,299.99,599.98,0.0,52.5
1ae0ce76-9a6a-4dc0-9bfd-77560c0da6f1,1,3012,Mountain Master All-Terrain Skis - 165cm,2,899.99,1799.98,0.0,157.5
1ae0ce76-9a6a-4dc0-9bfd-77560c0da6f1,2,3012,Mountain Master All-Terrain Skis - 165cm,1,899.99,899.99,0.0,78.75
9a645cf0-23a4-40f8-bdcb-06065823e617,1,3103,Snowboard Bindings - Pro,1,299.99,299.99,0.0,26.25
9a645cf0-23a4-40f8-bdcb-06065823e617,2,3104,Ski Tuning Bench - Portable,1,189.99,189.99,0.0,16.62
9a645cf0-23a4-40f8-bdcb-06065823e617,3,3091,Freestyle Snowboard - 155cm,2,649.99,1299.98,0.0,113.75
2380c9f3-6a3d-4eef-9f61-a3dcf568f789,1,3013,Beginner's Choice Alpine Skis - 160cm,2,449.99,899.98,0.0,78.75
2380c9f3-6a3d-4eef-9f61-a3dcf568f789,2,3011,Alpine Pro Racing Skis - 170cm,2,1299.99,2599.98,0.0,227.5
2380c9f3-6a3d-4eef-9f61-a3dcf568f789,3,3081,All-Temp Ski Wax Kit,2,79.99,159.98,0.0,14.0
2380c9f3-6a3d-4eef-9f61-a3dcf568f789,4,3041,Carbon Fiber Racing Poles - 120cm,1,179.99,179.99,0.0,15.75
10d4a1e9-de46-404d-9b2b-11833226d698,1,3033,Women's Performance Ski Boots,1,579.99,579.99,0.0,50.75
10d4a1e9-de46-404d-9b2b-11833226d698,2,3082,Edge Tuning Tool Set,2,119.99,239.98,0.0,21.0
8d7ff605-e684-4ac3-b3ef-bdba462667ec,1,3011,Alpine Pro Racing Skis - 170cm,1,1299.99,1299.99,0.0,113.75
8d7ff605-e684-4ac3-b3ef-bdba462667ec,2,3031,Pro Flex Racing Ski Boots,1,649.99,649.99,0.0,56.87
8f41ac6d-ce4b-47c2-85b0-5365b5b929e0,1,3092,All-Mountain Snowboard - 158cm,2,799.99,1599.98,0.0,140.0
8f41ac6d-ce4b-47c2-85b0-5365b5b929e0,2,3072,Hand Warmers - 10 Pack,2,14.99,29.98,0.0,2.62
8f41ac6d-ce4b-47c2-85b0-5365b5b929e0,3,3013,Beginner's Choice Alpine Skis - 160cm,1,449.99,449.99,0.0,39.37
38a38e17-5029-4767-9f3e-2f793008171c,1,3032,Comfort Fit Recreational Boots,2,399.99,799.98,0.0,70.0
2f998451-10dc-4779-a1d3-6a46948bef79,1,3012,Mountain Master All-Terrain Skis - 165cm,2,899.99,1799.98,0.0,157.5
2f998451-10dc-4779-a1d3-6a46948bef79,2,3062,Anti-Fog Ski Goggles,2,129.99,259.98,0.0,22.75
8fd62970-ae6f-476f-a96a-1a5a9ed2a505,1,3042,Aluminum All-Mountain Poles - 115cm,2,99.99,199.98,0.0,17.5
8fd62970-ae6f-476f-a96a-1a5a9ed2a505,2,3041,Carbon Fiber Racing Poles - 120cm,1,179.99,179.99,0.0,15.75
8fd62970-ae6f-476f-a96a-1a5a9ed2a505,3,3033,Women's Performance Ski Boots,1,579.99,579.99,0.0,50.75
52ea2162-3d2d-4404-b583-4ea7bc28711f,1,3091,Freestyle Snowboard - 155cm,1,649.99,649.99,0.0,56.87
854ee427-6868-4115-be8d-7ed2a11dff7f,1,3022,Backcountry Explorer XC Skis - 190cm,2,549.99,1099.98,0.0,96.25
854ee427-6868-4115-be8d-7ed2a11dff7f,2,3061,Professional Ski Helmet,2,199.99,399.98,0.0,35.0
56771a99-0c61-47b2-b6b1-70327228d04a,1,3012,Mountain Master All-Terrain Skis - 165cm,2,899.99,1799.98,0.0,157.5
56771a99-0c61-47b2-b6b1-70327228d04a,2,3082,Edge Tuning Tool Set,1,119.99,119.99,0.0,10.5
56771a99-0c61-47b2-b6b1-70327228d04a,3,3092,All-Mountain Snowboard - 158cm,2,799.99,1599.98,0.0,140.0
e0dabbbf-ab81-4db7-b26a-23a57aeda9ff,1,3011,Alpine Pro Racing Skis - 170cm,1,1299.99,1299.99,0.0,113.75
e0dabbbf-ab81-4db7-b26a-23a57aeda9ff,2,3012,Mountain Master All-Terrain Skis - 165cm,1,899.99,899.99,0.0,78.75
e0dabbbf-ab81-4db7-b26a-23a57aeda9ff,3,3053,Waterproof Ski Pants,1,249.99,249.99,0.0,21.87
ede6d533-07f7-42cf-bf1c-59b1fc355c4f,1,3091,Freestyle Snowboard - 155cm,2,649.99,1299.98,0.0,113.75
15343929-40d9-47e7-b712-c663bd8b96c2,1,3062,Anti-Fog Ski Goggles,1,129.99,129.99,0.0,11.37
15343929-40d9-47e7-b712-c663bd8b96c2,2,3052,Thermal Base Layer Set - Women's,2,149.99,299.98,0.0,26.25
15343929-40d9-47e7-b712-c663bd8b96c2,3,3053,Waterproof Ski Pants,2,249.99,499.98,0.0,43.75
15343929-40d9-47e7-b712-c663bd8b96c2,4,3052,Thermal Base Layer Set - Women's,2,149.99,299.98,0.0,26.25
9f99efa5-affd-40bb-ae98-5cd394c28da2,1,3012,Mountain Master All-Terrain Skis - 165cm,1,899.99,899.99,0.0,78.75
9f99efa5-affd-40bb-ae98-5cd394c28da2,2,3011,Alpine Pro Racing Skis - 170cm,2,1299.99,2599.98,0.0,227.5
9f99efa5-affd-40bb-ae98-5cd394c28da2,3,3092,All-Mountain Snowboard - 158cm,1,799.99,799.99,0.0,70.0
9f99efa5-affd-40bb-ae98-5cd394c28da2,4,3022,Backcountry Explorer XC Skis - 190cm,2,549.99,1099.98,0.0,96.25
06bd5d8f-0742-45b4-b37f-5608de0df2cf,1,3082,Edge Tuning Tool Set,1,119.99,119.99,0.0,10.5
06bd5d8f-0742-45b4-b37f-5608de0df2cf,2,3021,Nordic Classic XC Skis - 185cm,2,349.99,699.98,0.0,61.25
06bd5d8f-0742-45b4-b37f-5608de0df2cf,3,3011,Alpine Pro Racing Skis - 170cm,2,1299.99,2599.98,0.0,227.5
06bd5d8f-0742-45b4-b37f-5608de0df2cf,4,3011,Alpine Pro Racing Skis - 170cm,2,1299.99,2599.98,0.0,227.5
03819110-c05b-45df-905f-fc9c25f46647,1,3082,Edge Tuning Tool Set,1,119.99,119.99,0.0,10.5
577c5614-687a-4e3e-9005-9d96177a4d47,1,3013,Beginner's Choice Alpine Skis - 160cm,1,449.99,449.99,0.0,39.37
577c5614-687a-4e3e-9005-9d96177a4d47,2,3062,Anti-Fog Ski Goggles,2,129.99,259.98,0.0,22.75
4f5a0b60-97a0-4fd6-acdb-7987886c2332,1,3104,Ski Tuning Bench - Portable,1,189.99,189.99,0.0,16.62
4f5a0b60-97a0-4fd6-acdb-7987886c2332,2,3052,Thermal Base Layer Set - Women's,2,149.99,299.98,0.0,26.25
4f5a0b60-97a0-4fd6-acdb-7987886c2332,3,3032,Comfort Fit Recreational Boots,2,399.99,799.98,0.0,70.0
4f5a0b60-97a0-4fd6-acdb-7987886c2332,4,3061,Professional Ski Helmet,2,199.99,399.98,0.0,35.0
0e32ec42-5bef-4ad6-871b-71191374c05b,1,3012,Mountain Master All-Terrain Skis - 165cm,2,899.99,1799.98,0.0,157.5
0e32ec42-5bef-4ad6-871b-71191374c05b,2,3031,Pro Flex Racing Ski Boots,2,649.99,1299.98,0.0,113.75
c94a2a75-b0b0-48b3-a3d4-659b4560c907,1,3013,Beginner's Choice Alpine Skis - 160cm,1,449.99,449.99,0.0,39.37
c94a2a75-b0b0-48b3-a3d4-659b4560c907,2,3031,Pro Flex Racing Ski Boots,2,649.99,1299.98,0.0,113.75
c94a2a75-b0b0-48b3-a3d4-659b4560c907,3,3062,Anti-Fog Ski Goggles,1,129.99,129.99,0.0,11.37
ed6ccf9f-b0e5-42f4-8161-32d5b06484f9,1,3061,Professional Ski Helmet,2,199.99,399.98,0.0,35.0
6b86d8c3-7700-4fa2-b110-235ea6a043c2,1,3051,Insulated Ski Jacket - Men's,2,299.99,599.98,0.0,52.5
59e75729-5eb8-4076-a948-2a5e37a5b5bb,1,3082,Edge Tuning Tool Set,2,119.99,239.98,0.0,21.0
59e75729-5eb8-4076-a948-2a5e37a5b5bb,2,3052,Thermal Base Layer Set - Women's,1,149.99,149.99,0.0,13.12
59e75729-5eb8-4076-a948-2a5e37a5b5bb,3,3091,Freestyle Snowboard - 155cm,1,649.99,649.99,0.0,56.87
2b55c000-8138-41e4-9cce-041967f54762,1,3013,Beginner's Choice Alpine Skis - 160cm,1,449.99,449.99,0.0,39.37
2b55c000-8138-41e4-9cce-041967f54762,2,3013,Beginner's Choice Alpine Skis - 160cm,2,449.99,899.98,0.0,78.75
540d016f-860b-4fd2-8359-1c7754d1b4a1,1,3011,Alpine Pro Racing Skis - 170cm,2,1299.99,2599.98,0.0,227.5
540d016f-860b-4fd2-8359-1c7754d1b4a1,2,3101,Winter Boots - Insulated,2,159.99,319.98,0.0,28.0
540d016f-860b-4fd2-8359-1c7754d1b4a1,3,3082,Edge Tuning Tool Set,2,119.99,239.98,0.0,21.0
540d016f-860b-4fd2-8359-1c7754d1b4a1,4,3082,Edge Tuning Tool Set,2,119.99,239.98,0.0,21.0
fae88482-4f5d-45d9-a535-96b86581cd8b,1,3072,Hand Warmers - 10 Pack,2,14.99,29.98,0.0,2.62
fae88482-4f5d-45d9-a535-96b86581cd8b,2,3101,Winter Boots - Insulated,1,159.99,159.99,0.0,14.0
08b141f3-9f0e-4ac3-a4b8-cfc84a89113b,1,3081,All-Temp Ski Wax Kit,1,79.99,79.99,0.0,7.0
3d4d45b0-11f5-4364-83ad-586dd397fb4d,1,3021,Nordic Classic XC Skis - 185cm,2,349.99,699.98,0.0,61.25
3d4d45b0-11f5-4364-83ad-586dd397fb4d,2,3012,Mountain Master All-Terrain Skis - 165cm,2,899.99,1799.98,0.0,157.5
3d4d45b0-11f5-4364-83ad-586dd397fb4d,3,3062,Anti-Fog Ski Goggles,1,129.99,129.99,0.0,11.37
fb334102-d29e-48d5-aa78-a58d0484ebd7,1,3052,Thermal Base Layer Set - Women's,2,149.99,299.98,0.0,26.25
fb334102-d29e-48d5-aa78-a58d0484ebd7,2,3053,Waterproof Ski Pants,1,249.99,249.99,0.0,21.87
fb334102-d29e-48d5-aa78-a58d0484ebd7,3,3033,Women's Performance Ski Boots,2,579.99,1159.98,0.0,101.5
fb334102-d29e-48d5-aa78-a58d0484ebd7,4,3052,Thermal Base Layer Set - Women's,2,149.99,299.98,0.0,26.25
42827abb-2a1b-476a-b4c0-90b82d78aa01,1,3082,Edge Tuning Tool Set,1,119.99,119.99,0.0,10.5
42827abb-2a1b-476a-b4c0-90b82d78aa01,2,3104,Ski Tuning Bench - Portable,2,189.99,379.98,0.0,33.25
42827abb-2a1b-476a-b4c0-90b82d78aa01,3,3081,All-Temp Ski Wax Kit,2,79.99,159.98,0.0,14.0
409b8612-6095-4f25-9e97-bc04da327480,1,3021,Nordic Classic XC Skis - 185cm,2,349.99,699.98,0.0,61.25
409b8612-6095-4f25-9e97-bc04da327480,2,3101,Winter Boots - Insulated,2,159.99,319.98,0.0,28.0
409b8612-6095-4f25-9e97-bc04da327480,3,3032,Comfort Fit Recreational Boots,2,399.99,799.98,0.0,70.0
f31d91fd-296a-4423-82db-d87b9a0eba90,1,3011,Alpine Pro Racing Skis - 170cm,2,1299.99,2599.98,0.0,227.5
1ca78180-02d5-4bdc-abbf-c6e7bcc9b6c5,1,3082,Edge Tuning Tool Set,2,119.99,239.98,0.0,21.0
1ca78180-02d5-4bdc-abbf-c6e7bcc9b6c5,2,3053,Waterproof Ski Pants,2,249.99,499.98,0.0,43.75
1ca78180-02d5-4bdc-abbf-c6e7bcc9b6c5,3,3081,All-Temp Ski Wax Kit,2,79.99,159.98,0.0,14.0
1ca78180-02d5-4bdc-abbf-c6e7bcc9b6c5,4,3081,All-Temp Ski Wax Kit,1,79.99,79.99,0.0,7.0
de189639-5e8f-4c73-b03f-3bb328e0a97c,1,3011,Alpine Pro Racing Skis - 170cm,1,1299.99,1299.99,0.0,113.75
de189639-5e8f-4c73-b03f-3bb328e0a97c,2,3053,Waterproof Ski Pants,2,249.99,499.98,0.0,43.75
de189639-5e8f-4c73-b03f-3bb328e0a97c,3,3061,Professional Ski Helmet,1,199.99,199.99,0.0,17.5
a6298ed1-3b15-43f8-a809-26ac2727b001,1,3031,Pro Flex Racing Ski Boots,1,649.99,649.99,0.0,56.87
a6298ed1-3b15-43f8-a809-26ac2727b001,2,3104,Ski Tuning Bench - Portable,2,189.99,379.98,0.0,33.25
a6298ed1-3b15-43f8-a809-26ac2727b001,3,3032,Comfort Fit Recreational Boots,1,399.99,399.99,0.0,35.0
a6298ed1-3b15-43f8-a809-26ac2727b001,4,3092,All-Mountain Snowboard - 158cm,2,799.99,1599.98,0.0,140.0
4f14fc72-e7df-48d0-b4fd-ef9f0f64f3e0,1,3071,Ski Boot Bag - Premium,1,59.99,59.99,0.0,5.25
4f14fc72-e7df-48d0-b4fd-ef9f0f64f3e0,2,3104,Ski Tuning Bench - Portable,2,189.99,379.98,0.0,33.25
52a031a2-21c7-4a47-9bd2-47fa89c2cb4b,1,3061,Professional Ski Helmet,1,199.99,199.99,0.0,17.5
52a031a2-21c7-4a47-9bd2-47fa89c2cb4b,2,3012,Mountain Master All-Terrain Skis - 165cm,1,899.99,899.99,0.0,78.75
52a031a2-21c7-4a47-9bd2-47fa89c2cb4b,3,3013,Beginner's Choice Alpine Skis - 160cm,2,449.99,899.98,0.0,78.75
9bed2575-7f61-4e48-9925-76d02b516824,1,3081,All-Temp Ski Wax Kit,2,79.99,159.98,0.0,14.0
9bed2575-7f61-4e48-9925-76d02b516824,2,3082,Edge Tuning Tool Set,1,119.99,119.99,0.0,10.5
6e903714-a666-4384-a9f2-08edc4e7fc5e,1,3103,Snowboard Bindings - Pro,2,299.99,599.98,0.0,52.5
6e903714-a666-4384-a9f2-08edc4e7fc5e,2,3072,Hand Warmers - 10 Pack,1,14.99,14.99,0.0,1.31
6e903714-a666-4384-a9f2-08edc4e7fc5e,3,3104,Ski Tuning Bench - Portable,1,189.99,189.99,0.0,16.62
c20371be-9750-42c2-9a1c-c3f7b1ca1f88,1,3032,Comfort Fit Recreational Boots,2,399.99,799.98,0.0,70.0
c20371be-9750-42c2-9a1c-c3f7b1ca1f88,2,3031,Pro Flex Racing Ski Boots,2,649.99,1299.98,0.0,113.75
c20371be-9750-42c2-9a1c-c3f7b1ca1f88,3,3061,Professional Ski Helmet,1,199.99,199.99,0.0,17.5
c20371be-9750-42c2-9a1c-c3f7b1ca1f88,4,3011,Alpine Pro Racing Skis - 170cm,1,1299.99,1299.99,0.0,113.75
6ff73f1c-2db7-44fe-a2d2-86fb9e6c2f64,1,3104,Ski Tuning Bench - Portable,1,189.99,189.99,0.0,16.62
6ff73f1c-2db7-44fe-a2d2-86fb9e6c2f64,2,3082,Edge Tuning Tool Set,2,119.99,239.98,0.0,21.0
6ff73f1c-2db7-44fe-a2d2-86fb9e6c2f64,3,3101,Winter Boots - Insulated,2,159.99,319.98,0.0,28.0
6ff73f1c-2db7-44fe-a2d2-86fb9e6c2f64,4,3012,Mountain Master All-Terrain Skis - 165cm,2,899.99,1799.98,0.0,157.5
8c028f3a-fd4a-45b3-b3ae-ba10bbdbd66b,1,3052,Thermal Base Layer Set - Women's,2,149.99,299.98,0.0,26.25
2f8619e4-31e7-4f04-a493-dcf8218362b5,1,3082,Edge Tuning Tool Set,2,119.99,239.98,0.0,21.0
2f8619e4-31e7-4f04-a493-dcf8218362b5,2,3081,All-Temp Ski Wax Kit,2,79.99,159.98,0.0,14.0
d8f5100c-9aa3-4d9a-b00d-49490d8e6c82,1,3033,Women's Performance Ski Boots,1,579.99,579.99,0.0,50.75
d8f5100c-9aa3-4d9a-b00d-49490d8e6c82,2,3042,Aluminum All-Mountain Poles - 115cm,2,99.99,199.98,0.0,17.5
d8f5100c-9aa3-4d9a-b00d-49490d8e6c82,3,3031,Pro Flex Racing Ski Boots,2,649.99,1299.98,0.0,113.75
d8f5100c-9aa3-4d9a-b00d-49490d8e6c82,4,3051,Insulated Ski Jacket - Men's,1,299.99,299.99,0.0,26.25
f53a7afd-83bf-42ca-94aa-8f20bf378df3,1,3031,Pro Flex Racing Ski Boots,1,649.99,649.99,0.0,56.87
f53a7afd-83bf-42ca-94aa-8f20bf378df3,2,3101,Winter Boots - Insulated,2,159.99,319.98,0.0,28.0
f53a7afd-83bf-42ca-94aa-8f20bf378df3,3,3091,Freestyle Snowboard - 155cm,2,649.99,1299.98,0.0,113.75
f53a7afd-83bf-42ca-94aa-8f20bf378df3,4,3081,All-Temp Ski Wax Kit,2,79.99,159.98,0.0,14.0
de5ff7dd-6953-464e-b417-e95e2d83b210,1,3052,Thermal Base Layer Set - Women's,2,149.99,299.98,0.0,26.25
de5ff7dd-6953-464e-b417-e95e2d83b210,2,3012,Mountain Master All-Terrain Skis - 165cm,1,899.99,899.99,0.0,78.75
de5ff7dd-6953-464e-b417-e95e2d83b210,3,3033,Women's Performance Ski Boots,1,579.99,579.99,0.0,50.75
de5ff7dd-6953-464e-b417-e95e2d83b210,4,3041,Carbon Fiber Racing Poles - 120cm,1,179.99,179.99,0.0,15.75
27284baa-9310-42ab-8571-dcf7ca7dc600,1,3062,Anti-Fog Ski Goggles,1,129.99,129.99,0.0,11.37
27284baa-9310-42ab-8571-dcf7ca7dc600,2,3042,Aluminum All-Mountain Poles - 115cm,1,99.99,99.99,0.0,8.75
97601d2d-157a-4573-9382-df30cdba89d1,1,3042,Aluminum All-Mountain Poles - 115cm,1,99.99,99.99,0.0,8.75
97601d2d-157a-4573-9382-df30cdba89d1,2,3051,Insulated Ski Jacket - Men's,2,299.99,599.98,0.0,52.5
97601d2d-157a-4573-9382-df30cdba89d1,3,3101,Winter Boots - Insulated,1,159.99,159.99,0.0,14.0
97601d2d-157a-4573-9382-df30cdba89d1,4,3051,Insulated Ski Jacket - Men's,1,299.99,299.99,0.0,26.25
6447377b-455e-41c8-b9cf-71f4284d0fb0,1,3053,Waterproof Ski Pants,1,249.99,249.99,0.0,21.87
6447377b-455e-41c8-b9cf-71f4284d0fb0,2,3071,Ski Boot Bag - Premium,2,59.99,119.98,0.0,10.5
6447377b-455e-41c8-b9cf-71f4284d0fb0,3,3052,Thermal Base Layer Set - Women's,1,149.99,149.99,0.0,13.12
3c9a2e13-6dbb-4111-808f-4dd3d76f693d,1,3052,Thermal Base Layer Set - Women's,2,149.99,299.98,0.0,26.25
3c9a2e13-6dbb-4111-808f-4dd3d76f693d,2,3061,Professional Ski Helmet,1,199.99,199.99,0.0,17.5
3c9a2e13-6dbb-4111-808f-4dd3d76f693d,3,3032,Comfort Fit Recreational Boots,1,399.99,399.99,0.0,35.0
3c9a2e13-6dbb-4111-808f-4dd3d76f693d,4,3031,Pro Flex Racing Ski Boots,2,649.99,1299.98,0.0,113.75
1f7d25f9-4066-469c-b18a-9aaeb57b22f2,1,3011,Alpine Pro Racing Skis - 170cm,2,1299.99,2599.98,0.0,227.5
6f8bd27f-8135-49ce-8c79-a65c8ca576e0,1,3101,Winter Boots - Insulated,1,159.99,159.99,0.0,14.0
6f8bd27f-8135-49ce-8c79-a65c8ca576e0,2,3082,Edge Tuning Tool Set,2,119.99,239.98,0.0,21.0
6f8bd27f-8135-49ce-8c79-a65c8ca576e0,3,3033,Women's Performance Ski Boots,2,579.99,1159.98,0.0,101.5
6f8bd27f-8135-49ce-8c79-a65c8ca576e0,4,3082,Edge Tuning Tool Set,1,119.99,119.99,0.0,10.5
4e9f7ab4-b749-4446-a457-22acea1451ca,1,3104,Ski Tuning Bench - Portable,1,189.99,189.99,0.0,16.62
4e9f7ab4-b749-4446-a457-22acea1451ca,2,3104,Ski Tuning Bench - Portable,2,189.99,379.98,0.0,33.25
b58166bd-a31c-4f58-bb25-b1e73f77bc7c,1,3051,Insulated Ski Jacket - Men's,2,299.99,599.98,0.0,52.5
b58166bd-a31c-4f58-bb25-b1e73f77bc7c,2,3053,Waterproof Ski Pants,1,249.99,249.99,0.0,21.87
b58166bd-a31c-4f58-bb25-b1e73f77bc7c,3,3033,Women's Performance Ski Boots,2,579.99,1159.98,0.0,101.5
20958655-fc7b-4b03-aa7a-b5babbd44c4c,1,3052,Thermal Base Layer Set - Women's,2,149.99,299.98,0.0,26.25
20958655-fc7b-4b03-aa7a-b5babbd44c4c,2,3062,Anti-Fog Ski Goggles,2,129.99,259.98,0.0,22.75
20958655-fc7b-4b03-aa7a-b5babbd44c4c,3,3021,Nordic Classic XC Skis - 185cm,2,349.99,699.98,0.0,61.25
20958655-fc7b-4b03-aa7a-b5babbd44c4c,4,3012,Mountain Master All-Terrain Skis - 165cm,1,899.99,899.99,0.0,78.75
4a6d6bef-bd82-4067-9e56-dfdbdcd644f2,1,3051,Insulated Ski Jacket - Men's,1,299.99,299.99,0.0,26.25
c8a31b2e-9ae4-471b-ae2d-c66b0d235650,1,3071,Ski Boot Bag - Premium,2,59.99,119.98,0.0,10.5
c8a31b2e-9ae4-471b-ae2d-c66b0d235650,2,3082,Edge Tuning Tool Set,2,119.99,239.98,0.0,21.0
c8a31b2e-9ae4-471b-ae2d-c66b0d235650,3,3092,All-Mountain Snowboard - 158cm,2,799.99,1599.98,0.0,140.0
c8a31b2e-9ae4-471b-ae2d-c66b0d235650,4,3081,All-Temp Ski Wax Kit,2,79.99,159.98,0.0,14.0
e6c83402-deec-4d32-9d63-fd087c37d473,1,3041,Carbon Fiber Racing Poles - 120cm,2,179.99,359.98,0.0,31.5
e6c83402-deec-4d32-9d63-fd087c37d473,2,3033,Women's Performance Ski Boots,1,579.99,579.99,0.0,50.75
e6c83402-deec-4d32-9d63-fd087c37d473,3,3013,Beginner's Choice Alpine Skis - 160cm,1,449.99,449.99,0.0,39.37
a6aeaa5b-1bf9-4f60-852b-dd2911b67e49,1,3021,Nordic Classic XC Skis - 185cm,2,349.99,699.98,0.0,61.25
a6aeaa5b-1bf9-4f60-852b-dd2911b67e49,2,3041,Carbon Fiber Racing Poles - 120cm,1,179.99,179.99,0.0,15.75
a6aeaa5b-1bf9-4f60-852b-dd2911b67e49,3,3053,Waterproof Ski Pants,2,249.99,499.98,0.0,43.75
a6aeaa5b-1bf9-4f60-852b-dd2911b67e49,4,3031,Pro Flex Racing Ski Boots,2,649.99,1299.98,0.0,113.75
69c2cd72-82c9-412d-a548-e9aebb1d375d,1,3051,Insulated Ski Jacket - Men's,2,299.99,599.98,0.0,52.5
69c2cd72-82c9-412d-a548-e9aebb1d375d,2,3103,Snowboard Bindings - Pro,2,299.99,599.98,0.0,52.5
69c2cd72-82c9-412d-a548-e9aebb1d375d,3,3022,Backcountry Explorer XC Skis - 190cm,2,549.99,1099.98,0.0,96.25
124c1398-3a0b-415c-9d2a-79cc77fea954,1,3051,Insulated Ski Jacket - Men's,1,299.99,299.99,0.0,26.25
124c1398-3a0b-415c-9d2a-79cc77fea954,2,3091,Freestyle Snowboard - 155cm,2,649.99,1299.98,0.0,113.75
491f51f2-ec42-46ef-935a-ddd736cb6505,1,3032,Comfort Fit Recreational Boots,2,399.99,799.98,0.0,70.0
491f51f2-ec42-46ef-935a-ddd736cb6505,2,3013,Beginner's Choice Alpine Skis - 160cm,2,449.99,899.98,0.0,78.75
491f51f2-ec42-46ef-935a-ddd736cb6505,3,3032,Comfort Fit Recreational Boots,1,399.99,399.99,0.0,35.0
491f51f2-ec42-46ef-935a-ddd736cb6505,4,3071,Ski Boot Bag - Premium,1,59.99,59.99,0.0,5.25
792b6b29-d216-4f51-b59b-fbb6bfc9d71b,1,3031,Pro Flex Racing Ski Boots,2,649.99,1299.98,0.0,113.75
792b6b29-d216-4f51-b59b-fbb6bfc9d71b,2,3062,Anti-Fog Ski Goggles,1,129.99,129.99,0.0,11.37
792b6b29-d216-4f51-b59b-fbb6bfc9d71b,3,3062,Anti-Fog Ski Goggles,2,129.99,259.98,0.0,22.75
c7481bc6-d292-4b1e-9fb7-b29db60ff883,1,3052,Thermal Base Layer Set - Women's,1,149.99,149.99,0.0,13.12
4f958a9a-84d2-49de-9784-54d6a21ef9ee,1,3033,Women's Performance Ski Boots,1,579.99,579.99,0.0,50.75
4f958a9a-84d2-49de-9784-54d6a21ef9ee,2,3042,Aluminum All-Mountain Poles - 115cm,1,99.99,99.99,0.0,8.75
4f958a9a-84d2-49de-9784-54d6a21ef9ee,3,3052,Thermal Base Layer Set - Women's,2,149.99,299.98,0.0,26.25
dfda0671-024f-4351-b50e-9337efde44f8,1,3032,Comfort Fit Recreational Boots,1,399.99,399.99,0.0,35.0
dfda0671-024f-4351-b50e-9337efde44f8,2,3051,Insulated Ski Jacket - Men's,1,299.99,299.99,0.0,26.25
dfda0671-024f-4351-b50e-9337efde44f8,3,3051,Insulated Ski Jacket - Men's,1,299.99,299.99,0.0,26.25
e386cd1d-3a38-47d2-a1ea-fead9971b60a,1,3082,Edge Tuning Tool Set,1,119.99,119.99,0.0,10.5
e386cd1d-3a38-47d2-a1ea-fead9971b60a,2,3032,Comfort Fit Recreational Boots,1,399.99,399.99,0.0,35.0
e386cd1d-3a38-47d2-a1ea-fead9971b60a,3,3032,Comfort Fit Recreational Boots,1,399.99,399.99,0.0,35.0
e386cd1d-3a38-47d2-a1ea-fead9971b60a,4,3051,Insulated Ski Jacket - Men's,2,299.99,599.98,0.0,52.5
3c4d860c-bfca-4870-99b8-a6154890495e,1,3104,Ski Tuning Bench - Portable,1,189.99,189.99,0.0,16.62
3c4d860c-bfca-4870-99b8-a6154890495e,2,3104,Ski Tuning Bench - Portable,1,189.99,189.99,0.0,16.62
3c4d860c-bfca-4870-99b8-a6154890495e,3,3032,Comfort Fit Recreational Boots,1,399.99,399.99,0.0,35.0
8a74dd2e-318d-4b19-8fc0-cee214160500,1,3013,Beginner's Choice Alpine Skis - 160cm,1,449.99,449.99,0.0,39.37
8a74dd2e-318d-4b19-8fc0-cee214160500,2,3082,Edge Tuning Tool Set,2,119.99,239.98,0.0,21.0
8a74dd2e-318d-4b19-8fc0-cee214160500,3,3104,Ski Tuning Bench - Portable,1,189.99,189.99,0.0,16.62
fb4e951c-5be9-4db5-9c95-d465f82d32ce,1,3053,Waterproof Ski Pants,2,249.99,499.98,0.0,43.75
d9b9888c-be0b-4492-a533-75223b8d8402,1,3103,Snowboard Bindings - Pro,2,299.99,599.98,0.0,52.5
d9b9888c-be0b-4492-a533-75223b8d8402,2,3072,Hand Warmers - 10 Pack,1,14.99,14.99,0.0,1.31
d9b9888c-be0b-4492-a533-75223b8d8402,3,3061,Professional Ski Helmet,1,199.99,199.99,0.0,17.5
d7f40c51-5427-427b-a9a9-527549107377,1,3031,Pro Flex Racing Ski Boots,2,649.99,1299.98,0.0,113.75
1d9f1008-d7a7-4f4d-bd87-1010812e378a,1,3032,Comfort Fit Recreational Boots,2,399.99,799.98,0.0,70.0
1d9f1008-d7a7-4f4d-bd87-1010812e378a,2,3052,Thermal Base Layer Set - Women's,2,149.99,299.98,0.0,26.25
1d9f1008-d7a7-4f4d-bd87-1010812e378a,3,3033,Women's Performance Ski Boots,1,579.99,579.99,0.0,50.75
fd716448-6b30-40c7-96e3-19445765fc65,1,3031,Pro Flex Racing Ski Boots,1,649.99,649.99,0.0,56.87
ef7f5355-1e99-4184-940d-3258a897d81e,1,3052,Thermal Base Layer Set - Women's,2,149.99,299.98,0.0,26.25
ef7f5355-1e99-4184-940d-3258a897d81e,2,3011,Alpine Pro Racing Skis - 170cm,1,1299.99,1299.99,0.0,113.75
dc12f737-b5e6-4043-b0d6-49456e8ee14e,1,3013,Beginner's Choice Alpine Skis - 160cm,1,449.99,449.99,0.0,39.37
dc12f737-b5e6-4043-b0d6-49456e8ee14e,2,3042,Aluminum All-Mountain Poles - 115cm,2,99.99,199.98,0.0,17.5
dc12f737-b5e6-4043-b0d6-49456e8ee14e,3,3033,Women's Performance Ski Boots,2,579.99,1159.98,0.0,101.5
be421176-9fd1-4d78-9b4f-9c83d20199d8,1,3031,Pro Flex Racing Ski Boots,2,649.99,1299.98,0.0,113.75
be421176-9fd1-4d78-9b4f-9c83d20199d8,2,3011,Alpine Pro Racing Skis - 170cm,1,1299.99,1299.99,0.0,113.75
be421176-9fd1-4d78-9b4f-9c83d20199d8,3,3033,Women's Performance Ski Boots,1,579.99,579.99,0.0,50.75
8ab73c46-d6bd-4011-bbc7-c39594c5400a,1,3052,Thermal Base Layer Set - Women's,1,149.99,149.99,0.0,13.12
8ab73c46-d6bd-4011-bbc7-c39594c5400a,2,3051,Insulated Ski Jacket - Men's,1,299.99,299.99,0.0,26.25
8ab73c46-d6bd-4011-bbc7-c39594c5400a,3,3052,Thermal Base Layer Set - Women's,2,149.99,299.98,0.0,26.25
33323e74-2d6c-4ee4-82ca-4a821bfe9ce6,1,3053,Waterproof Ski Pants,1,249.99,249.99,0.0,21.87
33323e74-2d6c-4ee4-82ca-4a821bfe9ce6,2,3032,Comfort Fit Recreational Boots,2,399.99,799.98,0.0,70.0
33323e74-2d6c-4ee4-82ca-4a821bfe9ce6,3,3082,Edge Tuning Tool Set,2,119.99,239.98,0.0,21.0
33323e74-2d6c-4ee4-82ca-4a821bfe9ce6,4,3091,Freestyle Snowboard - 155cm,2,649.99,1299.98,0.0,113.75
0d391e29-dce4-4011-bdd8-97c83f80c069,1,3082,Edge Tuning Tool Set,2,119.99,239.98,0.0,21.0
9f9a9ec7-3418-469f-8016-1c0961c62687,1,3032,Comfort Fit Recreational Boots,2,399.99,799.98,0.0,70.0
9f9a9ec7-3418-469f-8016-1c0961c62687,2,3041,Carbon Fiber Racing Poles - 120cm,2,179.99,359.98,0.0,31.5
c49a657c-5309-411c-a1a7-c671baf4ea18,1,3101,Winter Boots - Insulated,1,159.99,159.99,0.0,14.0
c49a657c-5309-411c-a1a7-c671baf4ea18,2,3051,Insulated Ski Jacket - Men's,1,299.99,299.99,0.0,26.25
c49a657c-5309-411c-a1a7-c671baf4ea18,3,3102,Winter Hiking Boots - Waterproof,2,249.99,499.98,0.0,43.75
e4c03e2b-75d8-4a8f-ab3d-54dbfa74ddb6,1,3081,All-Temp Ski Wax Kit,2,79.99,159.98,0.0,14.0
e4c03e2b-75d8-4a8f-ab3d-54dbfa74ddb6,2,3052,Thermal Base Layer Set - Women's,2,149.99,299.98,0.0,26.25
e4c03e2b-75d8-4a8f-ab3d-54dbfa74ddb6,3,3092,All-Mountain Snowboard - 158cm,1,799.99,799.99,0.0,70.0
e4c03e2b-75d8-4a8f-ab3d-54dbfa74ddb6,4,3092,All-Mountain Snowboard - 158cm,1,799.99,799.99,0.0,70.0
