OrderID,PaymentMethod,TransactionID
1ff0e1c7-9341-4bea-bbc7-2c1614a3579d,AmEx,8ff01d52-8849-467e-be9d-512c875a0043
d0d49952-19bb-4f3b-b25e-50263ed4fe4a,VISA,41cacda0-ad65-4418-9d70-595ec1d345e9
9c47bc32-dc62-4a88-9973-eca4f0c52d9a,VISA,890bd5af-c435-4e78-951b-a99721c89ce1
35dd7d41-f903-4975-855f-b76a4961198f,VISA,fb798aa9-14fe-49f2-b8ce-19545ad52a41
b81c7480-f922-4631-a5de-e8f038767fea,VISA,ee50d4ed-1d51-4225-b697-ea584d5846ce
632ae17e-ed03-4fe3-a40f-7b146fb669ba,PayPal,c8457949-3fa5-4d6d-88ee-b42b678981de
b8f8df27-9245-4aec-a590-2401d259c0cc,PayPal,5cb4d290-bd18-441f-b4f8-64f41d5ee415
cf51aeec-f429-423d-9645-e45961621f57,MC,37fbd68f-feba-4703-b0bc-90db77452b25
e1451e25-543c-400d-8551-0c4d4037e4fa,VISA,a1e541a1-c400-4efb-b9ad-0206abbf74a8
f18d19d9-eb42-4676-b587-69a26e8619fb,MC,fe4852c7-ea49-4cae-a00a-823c1902b3d0
96aa80d4-0f0f-4a51-9aac-7bb72cb15588,VISA,a1d0b27a-d6d0-4f32-a01a-0a827aa90114
09b282d0-a76c-4644-b923-c4b0c7109082,PayPal,e2b12a43-ec59-4827-be0f-dfa06b697916
71b57c72-43c3-412a-87de-61ca8129c5ea,AmEx,70ac2342-047f-48fd-bce9-3ce5252cf38b
e041dbad-4b69-4785-8aec-84f444d49e22,PayPal,d8a9031b-ffe6-484d-9003-ca9625c2c061
11f370a2-0833-427b-af7f-707f2410d658,AmEx,6e4f458c-c2f4-4dc0-b011-1fdc47761e89
1b44a401-408f-4c8b-94e4-c5f50473be86,AmEx,d2ea1344-a492-49c6-844f-3032f4f8ea5d
bdf1d080-aec8-4015-b441-082bbb385c3c,PayPal,6ab9f909-0a53-4e23-b686-d3948bfc9e1b
6840b586-8f48-4262-a8ff-a689c0ef366b,VISA,d11080a6-103d-461f-b38b-66a526e6feea
82f0ca5b-bb77-4600-b3b4-4b1c026ffcdb,AmEx,144287c9-6884-47ad-a08d-58e9fd74156e
54aabde2-0bd8-46a3-9f65-7d4fc3849009,VISA,b2f39429-db8a-4f5d-b90f-1380f1c84170
fba7ecd0-14ed-43ac-88ad-f79969f4e078,PayPal,c4e30c57-7bc6-4dd4-aef1-64df573c01e8
a7644792-f700-4a5c-8b78-b1be607f02f9,MC,95697c61-ed47-4564-bf1f-e3218ef88337
87a3fec1-7421-4581-b93c-98509835f0cc,VISA,074899e0-836c-4a24-b4b8-361290c1a726
3d7543fc-09b2-41be-8906-bda3fc26b9d4,AmEx,2a0e09f2-a63d-4580-8bfb-439e29f8b34d
9a5f70f1-6085-4906-88e3-1f3c8c3fb44e,AmEx,da74a30f-fa9c-4e35-8fcd-9f4dbcdde67e
7dbf57d3-31f2-4081-b805-e942f195843b,AmEx,90553558-7f8e-4ef7-8b2f-497b1ac3d7a5
ed432469-93e9-410a-b9c7-ba8381dbf3db,AmEx,7f62fe60-232f-43f5-a83b-93858f41c0e5
82fa23be-99ad-4dec-91bb-f15fcc84dfca,PayPal,f07fc255-25ec-487b-93d0-c63043559317
fd3dfd1f-37ce-43c9-a13d-d7953a480048,PayPal,f9065ca2-b798-43e9-81cc-bc17d12bca8f
3d3f1ad8-29aa-4b33-b728-c5aa3c7e3576,VISA,880adc4a-df3e-4764-9597-e1c6c0eb412b
aa361c82-edee-45f9-bddd-d8cccad75166,VISA,89930d4a-075c-4373-8ad0-87ec98ee60c5
489e19a2-cce7-44cf-bc6f-dbac2fb451ef,Discover,4d4d1c67-f2b0-41f7-adfd-08f0eaa8b9f0
c8e84ef4-1713-4d4d-a0ac-dc09541bb3d8,PayPal,563f618f-cc0a-4ca8-921b-b283ba903802
006a4cf6-e4ef-4796-a99a-48f5e2ee0d70,MC,85fb97f0-a100-4d53-89df-49e2c0c3f1c0
076374ff-5de2-4c6e-9cad-2adf1932fcbe,VISA,41ca7b1a-687c-4615-8060-fbaa7a2261f8
92be24a7-f2b4-4cca-a73a-dab34cf0f94a,PayPal,8fe7fdcc-5a93-42ec-926c-f9cdde1fa253
bea0dead-b824-43a8-8606-1e77483a0e67,MC,eab50b5a-3f80-47d1-a498-e1bd9fb8bd1e
f666b866-40c0-4092-b914-1258c7e2caa7,MC,4dceb733-3569-4fa7-82c7-7e200caec827
296171f1-5542-4511-85c1-86842a33a7cb,Discover,88ef3b2e-80c5-4c2a-8de5-641f151d8610
544214bf-fe37-45fe-8de6-d499c9b1f998,Discover,2cf265ee-48ac-427d-ae43-7044eab2d01e
58899a2f-e5bc-46cb-81e3-3c33ce8423b3,MC,4babb116-a998-4042-93bb-5ec80797ba7e
5f34dfab-8476-4eb6-a41a-57a5f5cf54ba,Discover,8d0b8d40-d976-4fe7-bf68-937272ad587f
a79173a5-4450-4f2d-9c4e-a7bac4b423b3,AmEx,e5b35751-4cdb-4483-a4cb-39d943b559e5
ad257c07-08be-4196-8b10-dd79f4318e8e,Discover,3ad42843-65d4-472e-8805-ca4c9816b40c
b703b7a4-2eee-47a3-ba44-73fcdc1210a6,VISA,9f4cb512-d99a-441b-9bbd-ac0cd0d85581
1944e374-b249-4dad-8640-ddfb51cde03f,VISA,865aad04-4512-4e5a-9355-e336ac8424c8
7f8a8552-722b-4b70-a919-e397ee3f6852,VISA,a193a2e6-3f57-4565-a0e3-55552076201c
cc6f1981-c5cf-476b-b8cc-c395f5747ad2,VISA,714f856f-d3ac-4464-a732-ec229bff34d5
c72c9a6f-8733-45f2-b251-c258a36241b4,MC,0ede81d1-7e46-45a0-8820-bfc9a941a1f2
c62388ae-78e2-45fc-92ab-5f33bf296ca3,VISA,41f17871-2597-44b7-a45c-7f9a2157a30c
21368cb6-886d-4d5e-a3eb-39a432bf8e69,VISA,4fb046e9-90ae-44df-84cc-0f48ca7db965
6a3c05b5-20d2-4767-87df-06ef049dd529,MC,c02f0740-2033-4fb5-a57d-2c9538697189
b95f84c7-c8c0-4306-8456-dc1f7bd0de5e,AmEx,ec827c15-2cc2-4106-8cc6-2bcc92c1ec9e
9d26ccb0-d393-475f-aad2-58ae8a68e8c2,AmEx,ec5f5682-c8c4-4a97-899c-a1a324c7b021
3c7fe5a8-24bc-4744-9807-225f4849d391,Discover,c8ccbc20-8a00-457f-baea-2ee0f4a35e71
4a644306-dd63-4f88-b8ca-e41deb047669,VISA,ea301da6-8fb0-4414-8252-239a179bd86e
15b7ce0d-5292-4cb3-b62a-b93a3f61726a,MC,1a44b953-d814-406a-a551-77d2be111cbb
c946f4a8-8f1f-424d-b377-feb85b6e355a,MC,fda139a4-77df-40f3-bf9d-83233190c066
78ece01d-21e5-4e62-bfa3-bb9291575199,MC,b0f01f6e-477e-4448-b511-8675f65fdd18
d5351d9b-ea15-48f9-9ad7-7b49d7968767,PayPal,42fd4616-5eac-4082-aef6-8eabb78f9097
855dc20e-d975-4d04-9cc4-3d595a9bf42a,PayPal,81d17d29-40a4-4094-9de4-a508c95c225a
cd30b248-20eb-4471-b181-ac4e19c33823,MC,21577bfa-85f4-4edf-a47b-d2f17fd6a28e
ce32fae4-7fd9-473d-8169-df4ea7ec93df,VISA,3552606c-13a0-4ebd-a650-998c966b49a3
154ae439-95f6-4d4b-bc43-8b8e6be81577,MC,ef8fd662-57e4-4e2d-b478-ae613e6b2169
3befbe64-8037-45f5-8d02-6abb1b959b79,Discover,fce523ea-8c40-4d28-b674-ed1514f34029
053b1f15-a58b-4918-b766-10440c4445ea,AmEx,fb2e21b0-c268-4e10-9163-56e6e0be7484
17c5f279-6677-4e69-bfa2-a1ef0aeb0f32,VISA,40269512-8380-4753-b793-0f6a7f71c910
5b4adfe0-3668-43f4-b871-8db17da656fa,VISA,cbab9aac-40ec-4e14-b8b9-0ab0a4a37bf8
7532d45f-77ef-4b65-81b4-f41fa2b54619,VISA,bb36406a-b1e4-45fe-bf3e-67be7feb1852
64cbe755-af4c-4a88-af88-9f5ab0b870af,PayPal,c3284ff2-9502-4b3b-8b1c-3b4ccfa20c68
895a3376-e3c0-4418-996f-2fb164b55e1b,MC,22b6d6d3-24ec-4c59-9d1f-deaeeb1e3151
67b6cced-8e9b-4933-97d5-b7e84fbfeb14,MC,ac5ebf86-705f-47a6-8c52-0f14db27dcec
89061b25-331b-4a5b-9f4c-963e990ec976,VISA,4aa651c0-7857-4024-b85c-34164fe8d233
8a046e66-7c9a-44c0-8a90-5bcfabeb1442,AmEx,a73a646b-aa75-4bde-840b-75073c26601d
f674a602-c360-4be7-96a8-01446a411f67,VISA,ad0d2628-41c2-4de0-b07e-7613ad54f3c8
f8a7d971-9dc8-40a6-8e78-6dadf453a970,VISA,a99ca913-cf7b-4219-9bc1-2c033bca97d9
d09d98be-e9e1-4a68-8bd8-f27ff56a7d1e,MC,b98a6d41-4791-419d-81b7-f7277fb88e9f
dc617b9e-f0fb-40dd-9926-fbc469e66d30,MC,5f62543d-9f60-4276-8658-2ce9acc6a7a1
dbe48211-f527-4841-a929-4280fad93788,AmEx,ee9d6027-eb70-4ea9-9ffa-4780a9e8eb8b
5bc1e6b1-b5a5-45f4-94b4-eb8f9c075a3b,AmEx,bf1766ac-c15d-4425-a6c1-c33d15eb1899
88b5584d-1575-4449-b0a6-945a58c57e09,AmEx,2066c1ce-1c08-4488-bd89-f6b38e74deb1
135474ce-1530-468b-bc27-8007a07a39ec,MC,0ad8b44a-f147-4497-8979-9d714c4b2586
76584d8b-c1f8-4aab-868f-db7bb9cfc75e,Discover,68e5a926-bf01-41c6-8a13-499070d11358
fd6a60f3-7e52-4046-91ff-4ef1f1d63eef,VISA,78cc7272-ab80-419d-ab38-14910e078924
7a8ff8b9-3259-4c47-8b4e-c80a65b15f97,Discover,8d478958-12bb-458f-91be-8454696535c7
ce140957-d8c2-4526-ab86-cfd243504801,Discover,2fca1b71-3b35-46ed-ab71-a092cf5b9f2f
74414f65-3b91-4928-85c2-e7089068165c,PayPal,2aa9157f-cc16-4645-87f2-76672891ce7e
2003505a-3922-49e7-bac3-843700be346f,AmEx,2430a08d-c77c-404c-ab14-1bbf8d33763f
7038dd1f-1a0d-4d7c-9da3-bc211b6b9d5b,Discover,a6df824a-88ab-4963-a79a-22111c96ba7e
edf3ddaf-8a51-498f-a218-6b950957c60e,AmEx,232a9ed4-5482-4698-bf41-501134fd9543
07bcbda1-044a-4f72-9cd4-34b8e809cc57,VISA,607c8370-b04c-4eb8-9c47-fe6dfc5fc6bc
9eccb74e-8da0-4821-9932-cb8e364fc443,PayPal,9d9e7738-e480-4c1d-ac65-6592cd0268f4
726237f5-0050-4e53-a878-6287bc5dfcde,AmEx,dd2d5bf7-c3f0-470a-b7f6-143205c9680d
bc86297c-7f3b-4cd9-9c2e-18c9d73a0de6,MC,cd478ba5-cd42-4c22-b773-3a180c917f88
a4ce994d-50a9-4866-8805-82a089aa9695,VISA,286c9b00-1cc7-45c7-a4b8-ca1c2a97a1a8
1afb6cc1-af66-49fc-b73e-36e41d89f199,PayPal,ac6032eb-62db-486b-8469-0b3c5d55a6e7
8e36bdf2-1330-4d9f-b040-8672e709d47a,PayPal,51f56378-25cc-4cf4-832d-4dcb9aeb71d2
1085e65f-d691-46f6-80cb-5a9bac858417,MC,eaf84580-2a88-469c-ad45-542e8005495d
497faa8b-221a-4f48-afad-5121e1cdd9b4,AmEx,56f6fef2-380e-468b-b73a-b2976a0c4070
47a81670-a9c7-4eaf-a45d-0ad4782f686d,VISA,234d42ae-e87f-451e-8547-bc0c0ad9c5a6
32a5f82f-0c8e-4e3d-ab7c-7bcd765bd03f,AmEx,20c8fff2-1587-4812-b697-ac6e363e8354
207ebc78-fb6c-4dbe-afe8-97b5debb0d3f,MC,727ff9bf-ddb6-4cf8-b773-1da770e125c1
316214ef-b0aa-4b53-a031-3631d9aea246,Discover,64daaa48-5243-4a1e-a950-ed4bd3cefd1a
adbabb2e-59b2-43c2-8b0d-730700aad080,Discover,99da8985-0f56-467b-8862-565dabc17add
b89ae325-f2da-465c-a51d-97580fe3c311,Discover,758638cd-8487-4d48-a18a-3764ca7dcb33
14969a51-980c-4239-bc3b-be7dc64bb3c5,VISA,4b27f702-87fe-4359-8958-63898589ede2
3eedb9b9-987e-4466-860d-4e654be89118,MC,2c0c25c3-416b-428a-a8b8-f32031b7cbed
bd3df377-35c2-46ae-8fa2-44389ad165c9,PayPal,706d2f5f-4a0e-4612-ac1a-735d42203e38
21672caa-3d82-4deb-ba8b-aafbe7999391,VISA,38891cda-a98f-4d27-b07b-7c6bca03ac97
7b220f4d-ae4e-49cd-9e71-a70485794ecc,MC,7ef913ea-6ad7-4776-ae04-a00598cc588b
879ba70b-e05a-4947-a320-db212cb9b426,PayPal,54e4c453-1d9c-4658-8db1-dada7730d9b6
22b1b766-9d5f-4154-9194-70eeef77181d,AmEx,a7dc1afd-20d2-4b74-9875-ad3ab71fd52b
ed50680a-13ea-4c8e-8d91-620d9b84b8cd,MC,11efd601-f803-4c71-a4d2-23251fb94879
16eeca10-8b45-4834-b9e0-bf72fd9e076d,AmEx,8a1530f8-a234-4c41-8617-3d81bb380171
ef59d9f8-e4ae-43b5-a933-04265f11eed3,AmEx,747df306-28d4-4252-8536-24983f302e8f
790fac5d-de54-491b-ba13-8b455d8d7156,PayPal,5ad8d359-3edb-4ce3-ae1d-eb1459ed4469
298fb35d-0374-4bba-a3dc-441115551149,MC,c1dc6491-d366-4f76-bae2-1c7866256817
4049d068-f0af-45b9-a9da-30f5df27fb91,PayPal,a0fac697-8950-4dc3-8df7-49dfa299a851
58c585ad-56d2-4081-9b08-63ce7d01acac,AmEx,438c5e69-2c08-463c-adb9-b82e2aa82363
cfd72201-b3a3-4b43-b44f-4cabcf1a2a0e,AmEx,389f3f3e-ba04-4caa-8b53-27b912005f0b
00347d13-3d3a-454f-9501-f505c7bac0ed,VISA,ae54c96d-fda7-4527-be82-13ed580f3ef9
38e4bb23-88be-44b0-821b-8d934efb4c24,AmEx,92d066e6-0a3c-46ba-af86-9409960dfbe2
219f4da3-27ea-4f02-a582-d9dde3ea99b4,MC,0cf70b1c-c0dd-417c-8549-872df34b4048
a09d3eea-c7e7-4b4d-9c61-4ccc964c0c12,MC,d098b4c9-e506-4814-abbd-2cc296ef521f
f076283b-60d5-4a5e-9f34-2e0aea696992,PayPal,77833204-c030-41a9-9446-bb8213267f4b
7c0e221a-6c02-4507-894d-26c7c3b27c17,MC,87e0ec82-6d7e-4655-ad5c-0de63f3bce66
ac667906-6964-4420-a54a-fd3a6ed0b5e1,AmEx,62e40b11-608c-4772-87e0-38d53177cd77
c3750ec4-5925-427b-9537-82824461d51b,Discover,c6333375-ae2f-45ca-aa83-edcde9bb5a39
333d86d2-43fb-4e84-b99f-74ae201e22c4,MC,52084880-1f3f-4956-9db9-d89219b1116b
c7ad1781-616a-487c-b5eb-55c0e6878f40,MC,2031a8bb-9eda-4e62-a2db-1a8a439a9dcc
4800ec8b-c138-4a3e-ba89-e6b6e269c5e9,AmEx,e92a3997-1e49-4117-9f6a-296555007ce5
4c5ee41d-9eb9-4c0f-9188-a017556fed1c,AmEx,9d0cc735-cd3a-4780-a8a8-517514462cd2
84c2135f-7a43-46f1-a85a-643e112ed3ee,MC,29394b88-a4d0-45dd-9a4a-eec9702f906b
5b29f532-2ca0-409c-a7ed-dba18a58ab96,PayPal,69ee5c68-93c0-48c2-ad00-ed1505d5cb7c
26caa389-5867-4f40-a630-64e60742df89,MC,b204a4bd-5291-40d2-9104-34fa9c8eebe0
a98f1eda-fdfe-45a3-aadd-0d6a49303e9a,AmEx,cc9bbf7c-e922-4409-b59b-ca7311885c13
62e98754-0444-4504-b8a8-3f4bc691b795,VISA,44f44b82-c10e-47a2-a220-7ae93f3fcf51
008dcf5d-74e7-439e-a286-bccb93355de5,MC,5020f057-25ee-4e37-a0fb-25bc963e54fe
1d8e483c-09ad-4f18-8c33-cb6b60ee2109,AmEx,4c029dea-c2a5-48d0-a6fd-8f35131cc067
aa968a5f-f9ed-4ffd-b373-47b36336fb7a,Discover,8431239e-e58b-49f6-a3ea-a40758a6a7e3
755916e3-64e3-4778-a8d8-fb56675620c8,AmEx,4fb0a13f-c51b-4738-882c-520fb4c199c1
46d0aee5-a01f-430a-b8f2-bda4553be211,PayPal,de780f53-6a48-4154-a6c0-0b37fd290a16
f149089e-e954-4f78-8861-2b8b53f65863,PayPal,2feed9db-8daa-4033-9119-902d9ccea0e1
426b9332-b94b-4e36-bb00-b9f2f1acd7a1,VISA,ef3c056c-0b64-491c-bdc2-73b98c7aad7a
a8090916-5e0e-45a0-a157-e3583bb26132,MC,459df50d-6827-44bb-8321-30f2cd380132
d5d594e9-938b-400b-8e6d-2760a4889e95,AmEx,8be429c6-28b9-4e8b-9f14-daf9cbeec87a
cc070a0f-0be0-4c02-9a87-6eac9507b472,VISA,ff5edcd8-795e-408e-9cc3-6004e014b96f
0d6a5776-16f5-44f6-9094-1ae2c530a584,PayPal,6069aad3-fefc-424f-ab66-20b78d5fc157
5b3fb180-3c4e-497f-9895-3804435bbdd8,VISA,e3a24820-998b-4310-9cb6-a09e6f299d42
aa6fdd6a-d87a-45b1-883f-ef482ba57cc8,AmEx,8507ad2e-adf9-4d80-879f-f10522d454c3
cefc61ee-7c8a-4861-8c43-7efa96d9da11,MC,0ca4f514-4b8b-41f8-9305-db87aefc7ed1
ab07ec2f-ac39-4837-a060-e49292599d34,MC,b89716cf-3e0f-440d-9dbb-d9013f672814
0a3bdccf-a548-4b51-bd19-dd05e0825c71,VISA,eee17b72-4e2f-4c2a-9ea4-af4c6c677413
bbb4f633-203c-4987-a008-fb7682bb49aa,PayPal,ce58d97e-216c-4408-a204-b42c9fa36808
be9e527c-b008-487e-8ca7-19883db5a060,VISA,58f91116-ceb6-4029-a71b-3a69fca84a32
bd63181c-0492-4a6e-bdf6-1e3e6f1021dc,MC,656f47ac-e4fc-4b0d-b0c5-f204ec5c47bb
4bab3db2-935e-4e25-aa8d-1ee7664754bc,VISA,670e5d38-5410-44b7-988d-c53447d6180a
83bf2ce6-a961-4529-ba81-70b8c78265de,MC,540e46b5-1641-4565-876c-b478fd82a4b3
94199539-1833-4965-9385-020176fa1407,AmEx,f8bb4dee-5d11-4d35-92cc-aa739f80332e
087410c5-1135-4f5f-9b22-a29550369f37,MC,b1c74ed8-9ba8-471f-bc27-f8cef17b1cc0
f8822661-3119-4c03-b7b9-beb2fe3264e0,AmEx,778af4b0-d7c7-4ef2-98dd-8904a4ceaf40
6a091a2e-4f9d-4616-a256-fdf31129520d,AmEx,b6aec203-9ec3-4cf2-83ef-dde9d1d4bdff
ada79962-4e6b-41b7-a4b8-fd6b698811c0,MC,c28ae4b7-751b-4b3b-983f-c293793262db
ffd833c1-3d6a-439d-af59-d7fc27e9e845,MC,68affce3-6f48-4882-b252-710e091da0d9
beee73ab-6e03-4888-bac0-992f3b858e59,MC,145c2fd6-c7c5-4a67-bc9e-2f38679fa0cf
81dc118b-dc76-4b8e-8ea5-51fabbda8ddb,MC,9f709d4a-106e-4099-bcf3-4f5ec0d69029
27f9c402-7f06-4775-b7ea-e51a5616b4af,VISA,c0261352-04f0-4e32-8ffc-4c0a987e57d9
93391db9-43d8-4394-b1d8-0e87541994db,PayPal,d2aace59-44d2-4c1d-98d3-2bdf19d63d17
48a5ef65-42dd-495f-b489-da0e630c53a6,MC,4a3bc36e-8a00-4b66-962f-72e34bd43f69
a497642a-e54f-4f35-be2b-fbbec3b74ef9,AmEx,71c6749a-b057-474c-8ec4-772e5f8bdb92
4daaf88a-9e6c-4de1-8e41-cf5925075255,AmEx,fae5c4f3-125a-445b-9ade-e085a4451823
5690bc57-553a-451d-a389-f3999b01750d,VISA,1d9dd398-0ef8-4a3d-a097-bcf9b3ecfe95
78d75598-29c1-48ba-91b6-225793352d77,MC,9c4c472e-6a24-4b9b-9a82-29258862e5a6
1353f66b-345d-4a58-9d1b-25d355e4face,MC,3f3749a0-c8dd-4848-ab19-ed0e5c72fc5f
deda760d-b38d-4f9f-b43a-f8a824a023e7,MC,7d62646e-0822-4fcd-a0c5-d6196d220050
380cca38-4164-4cf3-b6a1-f9c7047e06e8,MC,bf4bb43d-b5f5-4754-8ffe-ea06eb7b16d9
4277f6e3-81f9-4b2f-b89c-f3f6bfd73e57,MC,42c89a80-4054-4109-8ef1-025f306a9ad4
3b79f295-5a56-4463-8d44-33f9db84a39d,AmEx,d74508c8-94ee-4d6b-811c-66ab3c4cd63d
a0c73b8a-6704-4c06-8845-4ee17f77da8b,MC,f049ca24-7526-4b7c-8761-35ac783419a6
a666cb4a-6d61-4621-b74e-efb0b5d8f110,VISA,902c0e4b-aaf5-44e3-8f41-266778418beb
90eeee73-c65b-4627-bcde-6e6c07963b70,MC,ddbed466-67eb-46b4-98bc-64dc61c47d8e
ca4e7f16-e5ec-4f25-bcf1-edc7aa80ed2a,MC,66676d30-1f91-4a15-b63b-ea2983f0a417
d1477220-ec9d-48f9-be73-f2e08d5f5edb,PayPal,27c6fb4d-5174-407a-8930-04a6506f5831
1771ce73-0292-4000-9b2b-0a4d2fba164d,AmEx,b3f61027-68ae-4e1b-b226-691950e2fcf9
0cca1294-32a0-4c7a-9ead-89d09e51bbb8,VISA,7563c7ad-ed81-486e-ba13-ee965a6f34cf
f907cac7-2364-4463-b827-8844b4a6d012,VISA,08745519-66d9-4ce7-89c8-aedc736ed79e
286c2bd3-3cc6-4fe9-a733-3817f04b82d9,Discover,32b6a8d5-c98d-4cde-bfe1-15b9962478fc
7baa9758-6ab0-49aa-9cf0-d547598a652d,AmEx,23d94e6a-ee94-434c-923f-b1938ba0b513
9e6e7413-5c10-47b8-a8b9-faf5e6c5f235,VISA,ada350db-5c9b-41ce-95bd-d11365e73464
e682edd6-bb38-4175-bfd9-03973b9c6e77,VISA,eaf6a1ed-3db6-4d1b-b389-2395942f1b22
7654d0e0-e418-4b41-8bf9-68d7469c1d84,PayPal,70fc382a-0908-487e-8dc3-842a8acdeaf6
c63567a1-b5e4-41b6-8951-28cfd88b36df,VISA,f2e34a65-2f50-47f5-903e-56f451946734
d081ac8d-b49a-4182-a0c1-6be6c7f3e751,Discover,3988dfc7-e297-4845-b85f-a7b472a6a299
57c81120-95bb-4b1d-a635-bba89ce23a9f,MC,d227d649-69c9-47cb-a263-75e7253a8c3b
b6f7d5d6-7706-4cb7-9d54-f5771ac7cc8b,VISA,57c144a2-d940-49b0-8cc3-b69e2e4890e8
e3dfa528-2f7b-4106-83fb-6853037d86bd,VISA,a0ed7364-34cb-4df6-bc09-c7cbcf95e021
2555c04c-8192-4e6f-9cd4-f24c090c7e68,PayPal,71f8ccd3-4cc9-44a1-ade7-d191c065f018
bb1439bc-f04b-45b4-8b2e-cfdf900250e1,PayPal,b0eff88f-1350-4ff9-b699-da5b56ce0acb
769240fb-ff30-4831-aa20-e4e5c41c6518,MC,41258946-ee44-4011-a2a6-39f827f9a131
2e020840-24d0-43ec-97cd-ce328e8265f6,VISA,4b0641bc-6e4a-4e8b-bdf6-39a23887f95f
12f4de46-74f5-4bea-8d80-cf3bfa0ba9a7,VISA,6d9f6c9c-6e3d-4e50-b51b-faa8b8552101
77b90793-dd05-44cb-93a3-677fa4c1f4d1,VISA,95d83ac7-0852-4319-906f-2a4930574f4b
75b0327f-1f1a-4036-8ae1-a1627a78e215,PayPal,73f0c916-70cc-46a5-b055-907c0dc8ecc0
f70cfcc5-e6e8-4574-b8f0-9dfdf92ca752,Discover,8d64a7fa-97ed-48af-8b77-a33205037a92
d7b153b4-f52a-479b-b85f-3079ed1515cc,AmEx,36540e7e-448a-4cea-a520-a79035e3679f
0020da71-2a2f-4fd9-bf29-bd04be0e1aa5,MC,bd0e13be-bf83-42eb-a183-9d15f654f894
aa9d7fb3-9af2-4dec-8f7b-0f970b342f8b,PayPal,1335057b-e546-44d8-a7d6-e975719bf373
6e233a1c-cb56-4ab6-b69a-bd6619c9fb98,VISA,9245345b-1386-4786-87d4-ed847db5c909
24d83900-a5d9-41c8-a3b6-d61a603d0cde,PayPal,950a090f-321c-4f98-a6a3-c03557150578
89ee42c6-8b6f-4690-b0f1-76e685f5a8f9,AmEx,ec836cdb-1899-44f0-963f-ab820f1aa944
db4afe7c-6249-44d0-a99d-df24dfac7611,AmEx,72bc1722-4b94-4282-a4d7-c84e09a4df8e
2bb11c09-d7f1-4c5b-8b87-213ff423743e,VISA,d106cdfc-3e58-4840-8733-f6d4cdcac038
0f64dcdd-a1c6-4c39-9660-90df1ccf5776,Discover,d7357846-66c8-4b2b-bd95-219d503fa404
af525e27-067f-41ef-9e16-f79ca286663d,PayPal,3a83a392-4c79-4f44-8128-804c50458c54
11677d17-17b6-4da7-8cf2-bd8a6dc9889a,MC,2bb1caef-fd20-435a-b23e-195297fc3a96
5196bfc8-a341-4d47-bf46-2f77a6fc1303,AmEx,a205baaa-6020-4882-bf65-953022b22943
acb1ae38-5b7a-41d2-8278-3c68724f1905,MC,028923b9-61fd-4965-8b52-3b789f8cfc9d
ec825969-89bd-4400-bb23-607c817ca348,MC,70ad5274-7be7-4c04-a6b9-b5ef5aaabc49
3df32331-30d0-4712-8e8b-c12cbbd0692b,AmEx,0c434155-9297-43a3-8c10-f43f1ad89a92
92c7d5f1-3568-4a23-8da9-e046a7c3e5b7,VISA,443c53c6-4d7a-47cf-b308-87dcc0b7ef65
5518e496-3d6d-48b5-b9a4-e534d275879c,VISA,4a2548c4-85df-4680-8128-7b314192c8a9
3ca7f245-47f9-4399-aa99-2f93eb5b6c4d,MC,12da915a-e428-4936-8531-e4091673477c
3ff882fb-be5d-4899-a34a-d8066e32daf6,VISA,53fc6b55-33fc-4d6a-a4c2-ef08ee31991a
ac252bbb-2888-4d3e-9b76-841dd06fb621,AmEx,40de85e3-9943-40a2-a814-c0825570f230
4ec58796-1333-4306-a3a0-f4062369e73a,PayPal,ebddac21-bdef-4399-b0c3-d3b0d5a2ca86
2889f6d1-8042-4a94-87a7-18c90c8a8442,VISA,11c11e7f-2935-49f0-a452-bfc36bd08ee1
77e0a932-b775-4914-a32b-af328b29c0fe,AmEx,e2045239-23e0-4464-b0e6-aa530e784272
9ed37448-4206-4e65-a98d-114bad15bb5f,PayPal,e0fb2e09-d57e-4974-9ca5-21d5f53ecf18
1575aaaf-36c5-446a-aaa2-63adaf075b01,MC,66bb9576-7aff-49b5-af6f-99ede57fdfa3
995d212d-364b-493c-9f92-42401fa78bf2,MC,4ef84328-29a2-4eba-91d2-3c8743e8d6b7
af737e62-9534-43c4-967f-788cf71307e5,MC,8a5b2e2f-577e-433a-a034-5bb08069047f
bc3de399-76fa-4e77-b62b-d9ad82392b0a,MC,b74c1097-f877-49b7-a988-cfba444f9873
257c2d30-fed3-455b-8fd9-eb1232250f29,VISA,e6c064aa-a3d3-4d96-9f9f-a5c1390ec760
8f5d0e8c-ce39-47d7-818f-10f8a4410c49,AmEx,1b18ae1b-8985-4b93-b7d1-071ca635f37e
9386209a-027c-45b7-8aba-3de153e1f01e,AmEx,efc32b5b-a69c-42e0-b5c1-74e3e5c2bf43
9864ce9d-71bb-45ef-a2ce-080c1600cc3e,Discover,b5f19d20-cb33-47b2-afd7-292590e70280
ff168167-a29f-4b76-9ed0-43c54d1da966,VISA,ad49a59f-7cdb-40b5-b285-76d274de36a9
2e211b6a-4c9f-4dee-b155-a6b813877b7a,Discover,b61a8394-80a0-49e1-a3ad-7d1ad55c3ffa
3bea3c18-65f9-4384-8b14-1161cd2801ae,MC,91f8c377-f92d-4b48-8d7c-6363b8eb8bff
b2319edd-9f2b-45f0-8f86-7e44ffa76732,VISA,82d6c73a-c728-418e-aceb-d1d8d7a899a6
f80f37c5-08e9-4a67-a671-9d1aece71279,VISA,844327c8-7b35-49a5-a84f-8c4823f75943
1f61c0d0-53be-42c3-b91d-f06f2d775d3b,AmEx,350d028e-e60d-4428-834f-c4baca6c9621
51f5882a-dcf1-46af-90b2-7bb8e5b78b9b,VISA,f3dbbce5-beab-4857-b3de-1abf041889a6
03d54e26-87ec-4483-a16d-bc48ff8938c4,VISA,2b2ded76-01de-4c25-8ca4-1934ed0cfb7b
d3b3186a-3d79-414c-990d-907f20c8ee3c,AmEx,285c2b22-c325-4c8c-8932-f2027a796623
0dd16707-4993-4113-9dce-6ce8facfab0c,VISA,17c9e131-8007-41c5-9176-6ada2f93cb27
6f0fc8fd-90bc-42fb-9875-2c1bdcfc6f54,AmEx,513fd359-688d-4945-bb8e-7cee315284d9
ff82385d-aacc-4567-aac3-ea26e0627115,Discover,ecfcfd3e-edfd-4fb7-938b-dfbff29af705
2baec15b-d946-4afa-bb90-fa1d16809f79,PayPal,943f2ddc-6517-4226-81cf-67f494e22339
fb3ca5c0-f6ed-4908-8cd0-2f0d2f651876,MC,5ce31195-5cf1-4fb9-8fd9-b9c25fcb2303
76a079b8-b13e-4533-bcd0-0c922dd66091,Discover,f8a156ef-c474-43e6-b755-9b0973da432a
a025857f-dccf-4fdf-9b56-d198dc814823,PayPal,c64d1d66-6807-466c-9512-1ff3d76ea4d9
c16ebc9e-1410-48e7-8e4b-3cb99163aeaf,PayPal,69a158f8-e642-44b7-bdc1-d2224fdcf3ba
5b266ef1-5f69-4b47-b50d-c03b2f64f840,AmEx,0c2f21ad-e8fe-4a25-a883-cc3eec56a4b7
3254922d-f11d-49b4-a67e-ea0c665e9812,VISA,4ed34901-25b5-42e5-a779-699df0e3d9da
5816dc79-93a9-4a08-918d-6abcad74253b,MC,5b5c6fcd-4d94-42dc-8382-6d37700a4194
04a61a3e-f555-4656-be4d-54f2fee138ec,MC,d6779135-23a3-4604-bf7c-18aea38d82f0
6489e431-bbec-48d1-97fa-ceff0df8f468,PayPal,4b58250f-3092-4f40-8252-3387dc217ca3
1f7554d7-db31-4318-9ddf-3987274f3af4,PayPal,c25c9573-0997-4a15-9059-828b548072c8
3c5cdc18-1c5e-48e9-99d2-58addf1affaa,Discover,5cd768ae-f3af-4ad8-8bce-b6a3901afbc3
c992a371-85b0-4a3c-9e1f-3e3b26c5b3c8,VISA,76585387-71b7-4845-b887-6e94754cb37e
5c9730c7-7807-4b51-937f-b07898238d6e,VISA,a939649e-1ac8-4c5f-bce8-ab70569bb596
ac4927e0-d0cd-4adf-8d76-5b8d7792a0b5,VISA,00d72150-1f93-40ca-8232-e5b96eb855d1
91cdc4b7-94ab-4f38-b6f8-97a66e5edc72,VISA,50a12581-4799-4f49-9cff-f7feff3d4c0c
77ed67c7-0fe5-46ac-84e4-ca352bd5b31b,AmEx,046e9132-4043-4eb4-8662-d6cef772baf7
4c1a16cb-4097-4b21-8264-ea0493b0f609,Discover,e3f4d425-8031-4b6f-9584-9283dd383766
bbe98d22-aad9-4045-afb9-1e519779851c,VISA,62600a3b-39c0-4c0b-a0a4-b352e0dfe00c
f28160a3-2bcb-44e7-ab9f-63f9c5688693,MC,5a473f37-592a-40c9-aa90-4a74c289ceb3
e0f00cef-4d61-487c-973e-02a1dda53f1f,MC,3b1baa5b-9d43-4cd9-829a-22a1c21c9691
406e4d51-cab6-4743-8611-badc658006b1,VISA,657d86d8-67ce-41d1-95f0-e3f92fe0691c
d8eb8382-f441-4fb4-895a-3bc81375a7c5,MC,830360df-e55d-47d6-9675-f80493593e78
aeb6d270-2414-426b-9ac6-4f24d8f0786c,Discover,1ad9837a-2f78-4b7d-be32-5a55906e0ef2
d4e2ace6-284a-4aac-9355-cabb8b61f0c4,MC,5e96fe0c-8306-41c7-a7b5-ca61b83bb60b
8f54bfde-26ea-479d-9d5e-3144032f2b44,Discover,ec150c0d-eee1-475b-8804-542c5ec989f9
3beb0012-6ce9-4d37-a341-2a5996d55a23,VISA,143d4d70-bea7-4a14-a758-011aea3069eb
ce9e112f-d2cc-4a63-b4a6-8ffc3849e86a,VISA,17248b8b-9d5f-48ca-b73e-502dc3a41326
b89a9424-6eb5-4725-adc0-b8886405a1fa,Discover,76b9619c-21cc-4dc3-85f7-7dcaee6fa2dc
8970c36c-cc41-44a2-abbd-ee5365504b05,VISA,423fb313-7d34-4394-b1c8-0918bec22be2
149e7aa7-c03b-4439-93c5-ec2822cdefd3,MC,4dade0cd-ff7c-413e-b40b-f2fae9da9a2a
db741082-09fa-46f2-9882-a9b0c7db577f,VISA,d4463112-4c00-46af-9133-8340bb04067d
9b1fca10-0e25-49c7-b48d-799c7fd7ebda,Discover,9408e360-336f-4361-b259-df867bc26638
75273aef-3932-449d-9f0e-8359fc105ed0,VISA,24c7ec72-c787-4b7a-a4dd-f8432e6cd3e9
925747ba-aea5-41c2-9845-490b1b730237,AmEx,8765b94a-fcbe-46c2-ada8-ac9f7a192b19
0dd7ec4b-d677-4b22-8361-1627a5116830,MC,2aa3de5d-b196-4cd3-8557-2d2c94767aa9
e0e49019-87fc-421d-bffc-9a6cbf42c6fb,VISA,d81ba56f-a227-49a1-967a-2c5e878a36e9
2b395888-e9cb-47d4-9d8d-e0f145300712,AmEx,6339d67f-1b47-4ec6-86cd-8bfaa3caff0a
02116e71-cdde-4519-b789-1f3d31473464,AmEx,fdd60763-e5b5-4fbd-8bf4-a8ca143fc590
9d2f68b8-f9b3-4eeb-896b-949d537455cd,VISA,316436b1-af92-49b4-af9c-fdfc8f3c7c9f
d7f749f5-73c7-429c-9ec1-3ae0fac70664,MC,a31c7a6e-a136-4fb5-a580-4faa10ef5ebe
ffb6f2cc-4583-4448-abc1-2d0093497654,AmEx,e1c98526-60f8-49bf-83be-3b291a89475a
2d3070a7-e862-4ae4-8645-0df654ff1efa,AmEx,09939f9d-7f4e-494b-9d20-e1cbd0d24d21
f66a7242-2f6a-4eaf-a5e3-da038c28ea5c,VISA,8e5b40e7-981a-42ad-af2a-81d09eae459f
837d7c45-51b1-4036-bab5-92e33d7afbf1,VISA,09feb922-1ee0-481c-abb6-65eac08a8602
e867d2c2-6294-4d71-8e60-76733d9d5381,Discover,abfd48bb-155f-4883-b6ef-157ea3fb4eed
bf4a751a-25b2-4654-ad0f-dd58a10a4c7f,AmEx,fa0be4ed-1d7f-4c7c-90dc-0d61fbc25bf5
ccc4ab01-de31-4605-b48f-a6b9d4b0be8f,VISA,c17a490f-7477-47b8-b5b8-9785742bc914
3fb18028-ab33-433a-86e9-a50e2721bba4,Discover,fd1ef855-c344-4c66-a1bf-4f51464fbc90
7ebebd20-df51-4b79-89c5-d3abbc58dc01,Discover,ba6433e9-319c-4a0a-964e-feb9aaee42bc
15eb50e2-5b59-403c-8dcd-e71fc8222068,VISA,f03ed3a8-fae3-4340-9fb9-b52d5e4cee5a
bb23581a-5f0a-4ab6-a23c-65829ae2d626,MC,5ab523ba-807f-423a-bf03-ba202a32182f
e9c25534-360c-4a2b-8624-684e16642711,AmEx,b6b1ec2f-e8eb-4b39-b27a-8d0bd6d9057f
d93b9457-cf9d-4bb0-ad07-3a897c267440,MC,faa9ad79-35e0-4b9c-89f2-3ac11149d2af
654ad8b9-e75e-44a5-859f-7b8a37c3bf32,MC,cb32deae-4be3-4c66-b23b-25fa26b39191
274dfdf5-784e-497c-a814-ae782dd00230,MC,724672b6-9911-4f6c-a150-8d81df599c59
dd0f7f87-7c61-4b4d-9247-3e26addad2e3,MC,1b14e984-a615-4145-856c-7cfa59933a2f
af2d3585-75c4-4fc2-8b6b-c793be780d92,AmEx,179a2de3-ec5b-4280-a82b-761ee20c28d6
b7833041-4ddc-4ef4-bed4-c010f35d86a1,AmEx,85a35717-b393-454f-9fd2-6603e43b321a
40cc6fa0-4d24-4685-a98b-ebb2c695b241,AmEx,357799e8-4f0c-4f34-a7c2-db54b8ac50a0
82ab1415-0c15-4570-95de-d4ed87284ed3,MC,f174709e-3af4-4eb9-9746-66031ba4849b
7c8346c1-081f-4379-b13a-2babb56fbc9e,PayPal,347c5a6b-a756-4891-9029-055c21b57a4a
c108b5c1-f71f-400d-aee0-f6a9738fbf1a,AmEx,dda9935a-320a-4428-9883-076191a727e4
54010956-291f-4678-a5cc-dbae93064f67,MC,41f8f071-d40e-45cc-b225-47fa1f69c7c1
13d89bbc-e194-42c5-9025-e7e09ede808c,PayPal,d21b52ea-9d1a-4c43-aa75-511534181718
446bc2db-8f1b-45c0-82e5-e448215ecfac,MC,32e119c0-172c-4940-b319-f56f5449d4b6
9429689c-e090-409c-a5a6-0c6bbef9d269,Discover,ab3accfb-bb43-4e26-82fe-82816b5f976d
3b122f8c-1043-45f4-a896-34dd99afd53d,VISA,18a7546d-18a4-49ef-ab56-ddffbadbc88a
3746a86a-0452-426b-ad75-cff64749b17d,VISA,a2db8239-e1e8-4de8-953d-0560fc90e370
59835678-4d86-4836-b334-776e3177909f,Discover,917ab1bf-1b41-471b-8bd0-bff750022976
520e0442-2ccd-413e-94e4-4050fe04aed5,AmEx,5a72cee5-bbc2-4425-ba21-853529074bec
6c511c71-5fae-45a2-8446-273222951746,PayPal,c649cb80-423d-4eaf-9545-73476c77dfee
e22de4f5-4134-437b-b36b-5d12995f0b9b,Discover,593cf67b-5a26-49a0-a228-b1eb12ecb27d
defc798f-18a7-4004-bf66-3e3213d7533f,VISA,e63fbab3-fdff-4060-827c-18267dc353b1
05a83cc1-6d3b-403c-a030-d7559d603536,VISA,3f876891-d521-481c-9750-92a29b14dff5
bfcde78f-be06-4f17-9470-e5d1fab07ff1,PayPal,93fc96d9-588e-48a1-a2dd-ff729ee8a87a
7c5830d2-8e32-4e7b-83b0-e91e4c0720cc,AmEx,926a73cd-70ea-4797-9950-1e2d49188ee4
9bb3fc03-a323-4327-b771-afd62db70bc4,AmEx,14dfda9f-8526-4ab3-8956-20a51993cc8f
0b7f63e6-06ad-44a9-b2d6-5ec0239aabdb,VISA,2b78f5fb-9ac4-4333-8674-e33f66c3d657
cda13266-089b-4ee2-81f7-7160a2d5c332,VISA,1c274aaf-0f47-47fb-b762-eb70bf8d7393
4221efcb-b022-4561-aeff-d17c6ee0555e,Discover,070997ed-2f82-435b-8662-17865477495f
eae10802-e306-4fc8-ab78-fc76143d6a39,Discover,73837977-5298-4201-9e94-26676259508a
49acdcec-1a0b-49c5-a9d7-5e870fc9c338,VISA,45ea6eed-a8e5-4572-a514-e4dfeedacff1
59c62ab2-738e-4ae1-aa7d-2183a20812b4,PayPal,f81b5ef7-46b0-4126-9f87-943af73585a4
c4e7b598-db65-4382-bc3b-067513c4c36e,AmEx,c75aa0af-4543-46da-b177-95e16b6f5cc1
c5a288b7-8245-4146-a0ee-198326adb158,Discover,8b745e37-8a38-4089-949d-b341ec41a6f6
60d44775-4ac9-4eb4-9326-107fd29dfd5f,AmEx,c579720b-9acf-4324-86b3-c567617772f2
9980bfbd-64ea-48ca-908e-8750f644003b,PayPal,1ec0af4d-8fb4-43d9-b238-c9d14dad5b14
0217f815-957e-41f7-94ff-887cd90d5e37,AmEx,1d459276-69fc-4ee6-9287-55d25e550027
90093066-b61d-4d2b-85a9-f41bdbfc9437,VISA,f9f98c77-cfa9-458e-964b-0bc6cf0a170d
0b3f5017-cac7-4830-9f52-eebadb1b287d,AmEx,b886e567-5cd1-4a79-a28f-cea66a23ba4b
9c28184d-93c9-4eb2-bf40-197d927ae284,PayPal,6b28068c-c195-4903-81c0-7bd29e008bcd
85949468-d09a-4757-bd8b-11cdca881a6b,VISA,dd7c5e7b-1e9d-46c3-b74b-b945b5e8094c
688a95fe-75e7-4c7b-83a8-568917a3b1d2,PayPal,a3490e8b-5c3d-4a38-a432-81005bd1d827
614f8ea8-491b-4d5c-9a1c-ab1d16394c77,AmEx,7535bb3f-a7b5-48b0-84cd-b065dde97d94
dde77948-1408-4485-98f4-c77a1b02a3e1,PayPal,1f205149-cb95-4b41-a5dc-8c051b585330
91fd79d9-afa9-47b8-b15f-f1b24a43ddb0,PayPal,e6f0b06c-bdad-4f3f-98de-863e272d1d7f
5f02249e-9f50-45c7-9893-564a6fa553dc,AmEx,86c0118b-f9bd-4791-9844-acf4e8efbe35
71da507c-31ae-4715-a1f6-353edadec118,VISA,b0f8e8ab-0035-4247-863a-4023d341a59c
be7d90d1-a285-4789-9f7b-92934fc496cc,PayPal,ed63e031-a017-4bf4-8e1d-d857d95bd8c2
40cf81da-4b52-44f3-a4f8-a64f99167da5,Discover,dee9df46-384b-42e7-a2e0-ef775cadf8a7
5c30c005-0b5f-4f27-9c81-70829e5f2c20,VISA,f95cfe2d-15c7-474a-b1e7-14ef1ba0024b
ec9b094d-2f8b-41d6-8541-0fadda132ac3,VISA,0300cf67-9b3c-44a0-893e-bf8600d7c403
1a8862ef-7a52-4232-af87-f8a3424900cd,VISA,25ee5126-fcc3-43d7-a4d8-5a64b51f17f4
365c9790-09e1-45a7-81fa-16647423cec8,VISA,a645fac9-9498-44c2-b361-41ab7f1473d5
bf454391-f066-421a-b8e7-309ec818c11e,AmEx,80bb4287-f3b4-4daa-b716-5d81047c9a13
83f531fd-8571-4111-90a0-8e6cc5c706ab,PayPal,37376ea8-e319-4174-9bee-ad5977d93714
b8a1fa3c-912b-4994-a5f5-0995350831fb,PayPal,07a81c20-3354-4f44-94e6-96bea4f94de4
784c8005-b8d6-4280-bac7-c6bff615e450,AmEx,503ac758-5ff1-4d38-b52e-9524279008c3
f0b69448-58ab-41a1-bf1d-34aa4f6b8143,AmEx,6b0c4e2f-530d-4683-b208-9dda5a7a3f45
6f2d3e2f-87af-4653-9754-c272b62a31d5,MC,48ce2938-83fd-4cb1-a358-11efd2f1d286
3eb34777-957a-4954-ae59-55c58d2aa6ef,VISA,1f2f8266-64f7-485e-a4f5-1148efb8113d
94ef5e53-ec2c-4ba9-8646-7c03a6e63d3d,MC,9ff3b2af-26ea-435c-8e55-be75553c030a
7b810103-5537-4ef8-b575-e36c461ad4b6,PayPal,e5e113b7-4951-4de0-861a-0dc9a6fe34cd
8e6f43f8-e4b3-4e3d-aca7-c646d58b31c7,MC,12a4df12-c275-483e-aad2-7f58a30a7a31
37620165-dcd5-4ef7-a662-293081a0c165,MC,fa702a15-4916-4cfe-8bb6-31bd9bccc3ab
e3a2a4b9-1abe-49d4-853d-e7c81914758a,Discover,5741a2b3-0f8d-4dba-9550-6abc9d149303
f41d0447-4cba-4c5a-a267-c7601d99a7e0,AmEx,726493ab-44d7-4d50-9712-35a61dc1b7b3
360c3e98-56c2-45fe-834c-392eb71d9420,Discover,3f55fb46-bca5-45db-afd4-dc902c00d254
9b483918-91ac-4858-8887-e50d4c4130a5,VISA,715fb747-edbf-4c41-886c-a68c0474d802
4b6e582d-f49b-42e1-b626-4a03f71579ab,AmEx,1f50367f-9c16-490a-8c89-eeb467f916bb
491eb299-46c9-4a5c-91fa-e7f8d9881d4f,VISA,b0f853f1-c7f1-4ef4-b9fb-330dac735fa6
07c776f5-0e92-44e3-b13d-4b0714a5ad5d,PayPal,81d270a2-c02a-40ca-be1b-17a33acb1052
97f3de44-03d4-4ea3-98ac-85ce9fb59d4c,AmEx,47f23106-59c4-42d1-bb3e-662dfe7fa8b4
5d672dbc-bc7d-4305-9df3-ea4295f58ece,PayPal,89b279e0-8478-45db-a7fc-c467203d1799
2faf6a7c-0aac-4198-86ad-e8c840ce4749,MC,61e1359a-d5b8-4e8b-9002-037dfc651cc5
5b852f7a-eaf3-4a94-bcf5-bc2b669369d8,MC,321973c5-fee6-4cfa-89b7-33983b53cd61
ad49ce1c-c953-408d-a516-4769fd40f85c,VISA,f8ebe6fd-0172-4859-be69-0bea89abe246
ce5c542a-0826-4a44-8f5d-0f649de62fe1,AmEx,c0f79e3b-ccb7-4655-bc93-a8e7dd112fa8
d28264de-af36-44db-9364-93c5163c5b7c,AmEx,95f9b63f-93a7-43a4-b50c-e111cef752a5
3a924b24-8932-4823-8a1b-085e18652d48,VISA,7b8c48f1-5c2f-4871-8305-1372560e96f5
4a824256-2fe9-4ada-87c0-07a61a7e4441,PayPal,bf83c743-9512-4fc1-9647-46917d7c1620
f249307c-261a-412d-bfae-ec185df3e772,VISA,270c5265-563a-4f50-ba69-32835e01060e
282ed326-a417-4a44-80a0-2d3c0d037bb4,AmEx,1f9c2b79-6790-47ee-b3e3-52eb7e25004c
fd3cb884-79b4-40f4-a01a-f4ba3f5fe5b0,AmEx,29ac9ba9-1d7b-464b-ba2c-1187e9e8d94f
79be5c9e-3898-4bf6-a17a-0f7490d062bc,AmEx,d22d9960-3761-4ed2-b2a0-bd76c3f56c77
f8fc8c84-863f-43b7-bf7b-52a753dc5f7d,PayPal,5a123e7b-f8e8-4a7b-8df8-a39b9b4993fe
29c6f9f4-af5c-4a72-9b33-6aaba033a018,MC,b720f98c-0a23-4a89-84ab-66dac7f86400
6544ae06-628b-405d-928d-bb37988d344f,MC,8e18ab1f-48a8-497a-a357-7a405a1f9d1a
09baa6fb-2d22-499b-9b37-21d2870f7376,PayPal,0a824081-ab56-4a89-be18-13a2e487ae59
a04ee3d4-ea51-4c98-a6d3-2b3df48601bb,AmEx,f3435a0b-1722-4edb-a5f5-4ce6305cae5d
420a4e87-a883-4938-9d43-0133d8007052,Discover,aff2b14c-f8dd-4cd4-90f8-ff6a2f41a8db
cb87cbd0-92e4-487a-b53e-a6de940d88d1,VISA,b4cc73ab-cb50-44c7-8f5b-006efeed6e02
935ca51d-2fdf-47b4-a49c-9be72e7fe780,VISA,f8e0acc0-6bd7-4cfb-9294-49e56e534a81
337149f3-1887-45aa-9587-bd2014fcb1db,PayPal,9228f2ab-9e51-4896-8ad6-d721eb9d7c71
64234227-070c-469c-b7ce-86fca75f2a9a,Discover,cae3d917-2af6-4354-90d0-ed5964cf0744
b002ea8c-1216-4af0-98b0-5a6b2e44e81a,PayPal,fff8e8d3-7584-4d89-ae37-c5275cbb5e94
b8b93b67-0942-42b5-8e71-c324ddf68878,VISA,a0d2bba4-c7b3-46ed-900d-f73438a3472e
70308837-fd30-4c04-9bfc-a439b598b70c,VISA,8ba342e6-7db4-4840-b736-1155e5a439fd
d01430eb-8642-4e50-bba6-c79a6dd5d282,VISA,29ff97ad-5550-4c57-a390-6454301b6058
f764cadb-aa13-4ac6-93bc-8f35aea0f906,VISA,896067ed-db27-4761-9029-76ffd7436aa7
c30eb610-cef1-42c6-b9db-6ec20d69ea89,MC,d395670c-cf0f-425e-b446-7cb6311d2aac
356fe667-a36b-491a-88ec-8b917160260b,VISA,dd48e509-75f7-4e66-8a7f-bb803d54ebcc
8a49e4b4-e52c-4c3f-9248-79f5ddabe92b,VISA,1311b658-4f98-4d1e-836f-782256b58fa0
b11f07d8-c578-4a66-b3fb-e5edbcd5607e,VISA,11c823a6-3814-4697-8d04-9dacc34bbe33
022a0644-a78e-4256-a6a2-247486c0cbc9,VISA,30eac3e5-8bca-4566-b923-7a233ff2abab
eafbaf5e-f49f-44b7-807d-e4376f820c3d,VISA,fa74fa61-eb10-4afb-ab9b-ac45a383a250
34cdcdae-7073-4a3d-aedf-e34d36a9c8fa,MC,ef1e5bd0-d8de-4e8a-bc6e-754994ef22fb
b0e0e471-01d6-4d18-bb17-db1d433fe1b2,VISA,a973f7c7-6ac8-4248-9b5d-96b1e9e14dc9
efb8cdd3-5aec-4724-b184-3b1df6c60332,AmEx,ba96ab57-8058-4ad8-84a2-b9913392da79
bf6ef3ca-7a0d-4c9b-a4fe-9aaa9111ccad,MC,efbd4465-5ec5-4546-a56a-5a63e601b9ea
519a5e79-1506-4469-97e6-a65fcce7164f,AmEx,0cd40c85-1166-4091-b214-ad6e85c05a40
ce25d8ff-2a94-4505-8725-309f94be3926,VISA,c982d4ba-a224-49ea-82bc-c99a1e912e79
9c570d34-67e3-442f-9dfa-eeb7ea90c03b,MC,86b99bfc-74e8-44d3-b0be-f649e172f844
92280e85-903f-4ed4-bc5f-e4a012901e6f,MC,c78d7192-1896-4f14-aa59-2f8dd2b2934f
21615e0f-3fba-4f37-8949-b470490eef42,AmEx,3fc58532-abbb-4efb-bbb3-7a4c49db7f72
65da4932-fee4-4f66-838b-a253edff8d8e,VISA,1f5448fd-64fb-44a6-a3a5-0245ef0a345a
e46a5d37-2126-4916-a010-5bd191ef9136,PayPal,7da4e72e-3542-429e-80d6-eb7bf793d1f5
48140546-524d-4cc1-aca3-d11dec40a7cf,PayPal,bfd04bb1-7102-4b2a-ba5f-9a4e9b027d31
04971572-f5b3-4488-bd67-ea46301e0573,VISA,ef9eea5e-ff61-45a6-8f03-310bdfe00716
367cfb44-12f1-407c-962e-dee6a58705f5,MC,93e8c997-3ff9-41b2-adee-5f6070b1f600
0702656b-2afd-4726-aead-e786806a6fae,VISA,a7106c45-fae3-40c0-a22b-56a7a019aa6c
682f1d70-18eb-408e-8536-6bd3ba09bcc4,AmEx,f73fdcb3-ceca-47fc-a9fb-5a4ce428cb48
96031707-2b40-4ab6-b6a6-8503d596fc9a,VISA,8307a281-e330-43f6-9669-8e61b4be7027
cf0a1948-2ed9-4560-8b49-2e7c8e1069c5,VISA,a4c9db3c-2792-444f-975a-e239c7eb5a5b
0c15d1d1-f39e-4903-968a-9134f86a83f9,VISA,e597be06-c653-440f-9713-19f430709675
53e7ec30-71a1-4717-af48-af66b8b55bcb,PayPal,2989f2a6-1d4b-4231-836e-ca30dff1b291
9328dd59-8e08-49d7-ae8b-52afdc626a3e,AmEx,27e6e97a-108b-4312-a2ce-f0c65ce04c10
8916be7f-02d4-4fb3-8b76-be8370adc639,VISA,c253557d-a8b0-4101-bde0-112526cd3711
a5c08a9b-5ab7-4506-a8fd-154190bb562e,MC,4bd1b76d-aad3-4001-a301-d5c9a2ec7f8e
1c638cd2-35d2-4bdb-9f9e-7ad384c1f359,VISA,bc8b45ff-f0ab-4205-8db9-f7da143ea973
1f6661a6-fb2e-43d8-9c5a-8dbf6199d221,MC,e736e3ae-fefa-4e8f-ba9a-db844ab0fd37
56b69f51-c140-4257-9690-28e968ddc01e,PayPal,423885c5-6b60-4e37-b19a-d4eecbfe769f
d2bc0503-115d-4bd7-a32d-8fb9955ea452,MC,6f42ed29-fdca-4716-b15d-7086c323621f
54bdde8f-dc5b-487b-99f6-7198f57929d8,MC,20088f14-c965-4ac7-a1c7-97119297d325
e5c01a1b-7aa7-4c76-b94c-485d903d9963,MC,ee180e30-5231-46ae-b263-56c7bfb9119c
6215f411-bb6d-474a-b7ec-9a6f21b7fc58,VISA,f338fe4b-3171-4ed3-9872-6ed84e864a97
e5af509b-1a16-48d8-82cd-317bb7143f3f,PayPal,5e173055-38ce-47ae-8901-f21613149859
0cde04b0-0c15-494e-99b3-dae512c62c65,VISA,76a75281-7794-44cf-a0fa-055c7445775c
0a27becc-8053-44ac-9639-5cc7f315f6eb,PayPal,dc394098-a55f-409d-b559-99294c4e3018
166824b7-7589-4172-a5f0-bb1e5c6e8aab,PayPal,1d730222-e969-40a1-b31f-2e9243c70ebb
236fddaa-3c1f-44ad-b18e-a8f349f56a5c,MC,0f14828f-1963-49bf-bb8c-b9a4bafcd912
abe43e14-994e-433e-9b1c-86bf4581e4ec,MC,6b3fecd7-f412-4e73-a318-7eedb5b34c68
52f9c2a4-54da-40fb-acbd-77bf532acb5e,AmEx,0875be30-3351-49d0-983d-c3ec0b173402
5ad1d276-25e6-4365-9208-06c654a205f3,PayPal,e7ba5c13-131d-45a0-8d38-35ef50223916
e79b8eef-b1b9-493e-8249-49415b1a5bab,PayPal,ddaf4431-454b-49d1-836a-b68113d8fd90
86ca3687-fdd0-40a2-9432-323dfb1e43af,MC,2c454e05-905f-49e9-8f90-17eab8c20a8a
c20a1df7-3f89-4faf-ad4a-11435d56fa94,Discover,8669df58-958b-4884-90b7-96d618eef213
74ebd150-b0c5-4d68-a64c-3cbe4a3d1a2f,MC,f03dedfa-68ae-4d8c-9715-2ed3efea0e94
d107213a-3697-4227-9dbb-e342eff0c0e4,VISA,77bda7de-33a6-4d8a-b543-99d512114220
4dc84b38-3024-40f8-a986-10c5a2c61601,Discover,4ff3ad48-3177-4405-8144-982faca7f2e1
dd5ed6ba-1e95-4b1e-80d8-0bea278b5e5a,MC,3933fc0b-1fcb-4c39-8d9e-220ab0d3ea24
55735925-d766-4bac-af12-551bb2d232df,VISA,ff47ae63-5695-40ae-9d64-a91f5fb624d3
c9eb7b95-bfb9-4c4e-a109-94117a2e5cba,PayPal,8bcdb3bb-531a-438a-9e34-19d6fa817c9e
912b0ce8-a13c-4062-9f1f-9ff83f6293a9,MC,0135ea45-4c8a-410b-83ad-b546c06c7638
bd6cbe7b-2f7b-4550-8a13-94e456619419,VISA,b94ca2a1-6e80-4f3b-8490-ebab70a54faf
d705d897-36aa-4004-be25-4516317c0bee,AmEx,e84ffbbd-fc0b-476b-adad-ae5b9839ff49
fc5f7106-5d54-46ca-820f-83d6e11d70e5,PayPal,d483255c-417c-4b46-98cd-bc4ae627d658
6daa659f-b4fe-4038-a6f0-c390a1c393ed,AmEx,57ac9f92-118c-445f-bd6b-ba8c2bdf6351
e087b496-855a-4894-bc86-2e90af713113,MC,3ed741ea-664f-4f19-9f62-22b2c2b3659d
83e7655b-191f-4c00-934e-be4c10a03805,Discover,a642789c-7f06-41ca-8094-2317e718648d
375fcc04-c34f-4d26-ba27-67a41399c992,MC,99f17585-9c0d-4470-a4f7-7597b8476932
f4339fb0-1085-49fc-9aed-2cc373bfa995,MC,bfe7816d-b745-4a8f-a7d5-351b824c4b9a
d86640a4-77a7-47c0-96d6-bdd4c56839ef,MC,ef42e4d0-0915-41de-b66a-4320bf1aa124
2b5916d6-c05a-49e1-9094-163954a48b37,MC,56eebc53-bdf2-40a0-a9ea-c4f909b1d1c9
5b0a2065-ad32-4d24-98bf-93de8a04ac90,VISA,d3a64133-1218-439b-bf4b-9ceee6366182
2f9e18a1-9745-4c75-b93e-631bcb7bee1e,MC,b92119c0-83c9-4399-8a97-b786c184559d
4721f653-3970-48b1-9ee9-0295329a71d4,PayPal,fb4ebc6c-f204-4bab-b8de-1b258f64b40b
c9e822e2-3499-432e-8b78-a70f48e277fd,MC,a5303a59-457a-4e47-b877-f40fe8a99b9f
f08236ce-8177-466b-b46d-435efbbe7e74,MC,aabb3feb-dd64-4e0a-a384-f28b8e518741
3dbfae04-2dfa-4d36-ab0d-1fed3093c0fa,AmEx,27eaca2a-85cf-4239-8ae5-687b5e0befb0
7fe84c25-8627-4429-9057-98b00fb2a980,AmEx,dfb15966-eb59-4d7e-a7a8-f72ecdb3d4c6
8ede5dfe-948e-4e6a-bd53-01ce79211b30,VISA,8ede594e-836c-4cda-b857-56cc44b7c018
125b2733-8c6a-40ac-bdff-c310e533ee2b,MC,3b7d42e9-1db7-43cd-843d-4dbd2b46e1f2
8f8bc759-1431-4ed7-838a-3876e5f17857,MC,9282df5a-fae7-41a6-9f2e-900a3d08eeb8
993227d2-c65e-4943-971a-bcf382ba474c,VISA,cc7e3145-72c3-4f92-81a3-5674ce43c3f4
9b84caa5-dc50-4e58-a6a3-ab9cf63d3e75,VISA,ab754501-0665-41ae-921d-84023e7abc8d
26f35329-8a7c-4e2b-aa55-cafe567d4429,VISA,763b214e-660f-4698-932b-a0a14b2d3532
e469c8aa-1d1e-4a66-85a6-8783674f3286,PayPal,408bb024-2346-4203-9e13-77ee4bca0a30
56e05f2e-52b1-4a83-8232-996ef2842e3f,VISA,d615ef54-8924-4208-9bf4-0ba7ed71b877
59e72381-a15e-4c8f-8c56-974aba1be694,MC,edb38ef0-95af-475f-b0d1-abbd0018ccd7
664b49d1-1f32-4b28-8c34-3e7aff3af150,AmEx,21de87ea-6a09-4783-b21b-bc77d873a3c0
6ca67c34-d2da-407b-9d99-e84fe03d20ab,VISA,5ead7547-34a0-4399-adc4-573396f14f8e
b8409356-8fde-4478-b3fc-6846ad1e8f6b,VISA,605a0c1b-a0c1-45c2-bba6-8a0dffdf513b
88a87720-528c-468d-96de-4bd688a1b0f8,MC,7d4dec3f-28ff-40e8-97f9-59fd236b9de1
b553b7a9-863a-482c-814d-cae7b44dcf3c,MC,4a16cc31-4641-4881-bddc-c95094fd11b1
41268a04-0cf4-4511-93a1-697d58a98b9d,VISA,f4750be3-85e1-43f1-b2c5-059efc703a2a
88a483ae-cb25-4deb-a173-610f0083f2d0,VISA,1db3ce8e-32b5-40d2-9d87-ab71eeaff203
4a868353-4526-4432-966f-5d4b42860b0c,AmEx,bdf726e7-5f98-44c3-b62f-1521f635c93f
18e23819-2436-4c06-9462-b5a69b33a7e0,MC,c0202d7f-de6b-40cc-ba12-927c8cd7689a
b54ac488-b595-4789-9dda-c6b4049c6030,AmEx,6d3714ea-d649-4819-baf4-5b33cab8f1af
93da46fb-27ef-444e-9320-1f0511499fec,MC,596aca20-c156-4b8d-b63d-e3e37fc96c65
d9cead58-3c63-43cc-aabf-2015bbe605b4,VISA,d796777d-0466-458c-9045-44ce5a41f563
4983b67d-38dc-4a78-9ac2-278a78c2b016,MC,02ca1231-e583-4b90-b319-4e2959d42c5f
f171cbca-079c-4044-b1a7-b3fa2b9447e2,MC,4fb07351-d6f0-482e-8bce-234c7dcca21e
e5cec0ed-1287-4e4a-8d7d-daddd91ce357,VISA,03f8ef50-95b9-4c50-82ed-ecd92b3485a8
d09e9ef0-0468-4106-a504-bcf9b5d97ad0,AmEx,b4db6d72-881c-4eb2-afd0-b8be683819e1
2067eb2c-23e7-41d0-a2db-f6c79e79962a,PayPal,c2a47457-3cd2-46a3-9fef-2455727c3b9e
bfa961a5-1fac-46f7-9cd1-d90ae2e5efa7,MC,e1bdef9e-f1ec-4f73-b86b-e0affe44fee7
3ac0b255-674a-4524-939b-2807071f8370,PayPal,9334da14-d030-4945-8ef3-ecd1430a15b4
bd921e3a-5f79-44b0-8358-b5df4263ae13,PayPal,597b4419-e0b8-45eb-b1d3-99eaa0fe643d
0074b4cc-540d-406c-999c-d737522c8215,VISA,a5b56e7b-a898-4d35-b53f-62d6fd599520
fbccf8fc-9224-4a74-bfc0-336119c58a9a,VISA,12cc2440-1cf7-4d2c-93d5-0af5724bfc66
ec3c4c55-e719-4a85-9485-181b189428ba,AmEx,7d4211bc-cc60-4b42-8be5-b66a47acbaa7
e0ca2107-bb81-4247-b2a7-57f19b5bd3b7,MC,3ccb8293-e7ef-42a2-83b6-e26f2cc5cc41
350b724f-aff7-4f40-bc84-2d3d0d2691ad,AmEx,91f3f91a-e304-43ba-81df-c9ec9e67865c
8398411d-49a4-4580-8c84-47142a1ec232,AmEx,aa436ae4-ec71-48f5-9e6d-a9e041839cef
6626d672-21d1-425f-8eca-9c9051de58bc,VISA,a27ec985-1e06-4796-9cdf-20223d03bee4
53ca4f30-e68f-483b-8fde-8163b1c22454,PayPal,1babc9fb-594b-4f1f-ad85-748e3aa1a0b7
ec20d2c5-c241-4b43-9da7-e364766b94fc,VISA,d5bd1fb9-38a4-49e2-ac89-48b82905ef07
32f29c30-762c-45e7-8f66-b6fd45941773,AmEx,a12c4289-6bfc-4cae-b1fe-5d4ad02f6b6a
1ff28c39-cd74-431c-8e8d-59ea843a32a2,MC,a3a3d9b7-76a1-4161-baa3-55ea1b57acb8
4f2845c0-5517-4251-b816-bf8ee7cb39d5,MC,56e53b82-2167-433b-9a11-a43892fc67a1
5637c848-5692-449c-83f4-053ddeb1b398,VISA,27cb8ed9-be5f-4b4b-bdc5-f3e333f9d992
1d2ab3cf-ed50-440b-8547-4bdf83ec9c68,PayPal,5baa6432-a17f-47b3-85c0-e16cdb0dddd9
d99ea2ec-e935-4f2e-98b9-902b9c88c0c8,MC,b8e3f443-802e-475c-b0c2-adc47740d50b
b0791175-99a9-430b-a450-ca84b43af445,Discover,a9a0077e-91f9-4395-b130-5151f3f8b624
1d3ea9df-2900-46e7-b74d-54936f7b2b65,AmEx,ecf416ea-1865-4688-b2bb-3622e473bcd2
e108c0b9-7651-41ea-8109-b99ce32e8c2e,VISA,06240cfb-b651-4e35-9457-be52589a4f3e
4275150f-5ddf-4537-adf6-f51188b93f5f,VISA,a8f3c5a2-e654-46d1-8405-eb95b0583a77
89cee406-1da2-40b7-bacb-6c27a87eec93,MC,e402156f-f3fc-4b38-bce5-80817e804717
3866ebb4-168b-4b4c-b86a-669e0eef2993,Discover,ff4ece3d-f7b8-4529-a86e-e28704c13d86
f562381f-e12b-4049-97b2-775a9810f6b1,AmEx,c67212a3-beb8-495d-afb9-0f0485e49eda
660abb5f-d855-46b9-9c2a-31a0ffd04650,MC,db3fe974-97c5-437c-9e79-014d25256aaf
b132b281-808b-400c-8fa0-2b0f88b98b2e,MC,a44c5940-66ed-4ff1-bd35-639fea956cc1
f9bbe71a-0ce5-413b-8dc0-a918c067477c,VISA,81251e9a-719e-4223-9edb-3875f62a6714
1e3fd346-7b31-4d87-b097-ec1771bfee1b,VISA,9126a144-76f2-4b61-8099-978041c52221
e979e80c-d2c6-47f3-8651-987da9aa60e7,VISA,41daecb5-7e46-414d-b5de-920e4655a388
9f8f08b4-ba85-41fe-8b13-a369379abff6,VISA,bfe0c494-72ef-4f49-a5df-a550df1bdd8c
490e1a3f-e185-4a33-b2ca-13657b5d7272,VISA,7e5c0793-1f06-4247-994e-c011b1f6c829
1941aedf-0f48-493c-a7c2-3c2746227aa9,MC,06380263-9c2b-4b23-8968-b385149ab528
6bfbfdc2-4742-4ac0-b3e0-e59e6966ec41,MC,3461b235-b40a-4500-9ef9-5f3003052a4f
2e57ad8d-3896-4a97-b939-31301fb520b0,VISA,71f49fb2-d37f-47b8-bee1-76e21b74ec57
2284deb2-80ba-4a78-886f-a36967dc726a,MC,a951789b-4806-4daa-85f7-5d448c76277c
2592e7b1-cf55-4aaf-af77-1369e705c862,PayPal,7e546f72-45bf-478e-b881-4dc3111ec029
c8e78dff-8ec8-4676-94ee-caab3b481d9a,PayPal,f476752b-96f8-4ae6-ad44-01392a77db25
0290ec09-45be-4afa-9a81-3b8bf57cbfa2,VISA,827a5108-ee1a-4994-bc94-afc06e0e2355
a3b169f0-fb9a-4c1b-9074-df7798c38ebe,VISA,42497498-bd73-4009-9b03-e56ed30575cb
a22710f7-251c-43a8-9a0c-6a3d868522b2,MC,187c1d31-f03c-46d1-b781-5b6b80a85ff3
a86386a5-d894-48a6-9b1f-eff15cf3d3a2,PayPal,8681f238-891a-4ee1-9940-e7c8f0861e36
5ab6a94d-a056-4904-a97f-d99eb6ae34b9,PayPal,e1a6acc0-04e7-403b-826d-80c644f5b4df
11078440-0be5-4d0c-a709-7735ba289223,MC,1d797bdc-9053-4e1d-a53b-e13ab7dce1c0
7a8a8b5d-fe8a-4b4f-9393-573baa997082,VISA,15825c27-be87-44d1-bf57-7fe662595091
f1422c93-c384-4369-8249-53de3f0694c5,Discover,173caa1c-1001-422d-9d2b-7cdc5e942e24
429f5285-0755-42a1-83ab-d287c950fa4f,Discover,752ade26-1a7f-49d5-9379-0bb0b94e4961
4e1113be-0a9e-40d6-88d7-587c9f144daa,MC,870eebb9-14dc-4e01-acba-ffcfc16d524f
8efc98fe-a739-467a-b536-305e227ad054,PayPal,4382bc21-10e8-48e0-93d9-d2c75535249b
c75d27ef-a2b0-4b76-b347-94f4b8080e5e,Discover,24d7d8c8-7f05-47a5-8a02-f0a5e9f05232
bf520e8f-21d5-4b83-8979-1db412ce79c8,MC,3f168760-30fe-4489-bcc0-0b97e59a323e
42f60174-b210-4f1c-bba6-a49561dcee3c,PayPal,a01f037c-3c29-45a9-bf7b-df83054b03f0
3bad2944-c50f-4e01-b55e-9d88b8753677,MC,d3667b44-0364-4b7e-bc2e-6d18d8b2731d
1d4fefee-db5e-4167-b4d6-6eff77546b3d,Discover,d2e5fe9d-f15a-4505-bed0-b69e6082ee12
12c8fd1e-d52c-4a4f-9a0a-1b6ea2399efb,Discover,8cc8ebff-bf42-4ad6-9cb4-2a0911d42585
0cf618b1-256b-414b-b8db-7d28b0628c48,VISA,2ca5813e-8fda-4129-864b-6e2e8519b207
b01ee9c3-a3ee-43d0-a05f-b4884081fc0f,PayPal,dfcaced2-7a15-48be-8537-86437857272b
1727b452-619c-418a-a2d7-46514bd19066,Discover,014b8a8e-f380-4cad-9ec7-8a3535c4393f
272c38ca-3661-46b3-b7c6-164ad2945473,VISA,2e90ee5a-ad31-497d-a1d7-4acbb9897448
e5297dbd-6b32-45a4-8a09-bc01d82e1b51,PayPal,40e801ef-8d6b-4d28-84b3-4315c2544eb3
1ffef721-f043-44c7-87f7-f34da91b3ae7,MC,adbdb989-5270-434b-9b6c-d24a20ab4711
beae5dbe-45af-4cd2-89aa-b22307a3b245,VISA,9cc11eec-54f5-4969-a141-355a789a0879
2d78603a-471a-47bf-a6a9-b705500ef6e1,AmEx,5369ca43-cdcd-4896-b92a-91b2356a97a3
3e17fb20-de1e-4aa1-abe0-9c5e44bb2e45,AmEx,41ef5af5-b0da-4f81-8248-8a46b8e09ff9
486cd7a7-db08-4d21-ade6-74db419f0491,MC,76dc62c7-224b-488c-8366-3b9453dee701
7e71b621-2f3c-44a8-b52e-5debc84b477f,AmEx,6bbebf2e-0f9d-4075-a3c2-1fdd36f15aa5
2a9533e6-dcb3-425a-ba3e-a248d01cb33b,PayPal,ebe0f488-d82e-4b8e-85e7-e41a9b621027
256f0eff-bb28-427e-ad5e-ad870af88a94,AmEx,a94221b6-25bf-4517-ae7a-320d6149279a
4d7cf7e4-654b-4c80-93c2-bb5ea6619490,Discover,ec2d3238-ecb1-4939-8936-7823068aad7c
91ee642c-bc6a-4d98-94fc-32410cc9b1af,PayPal,95dc5755-d017-4b6a-aa3f-a8617e0fa3a4
dc5ff130-2f23-407a-98c5-c11064ccac43,VISA,f813e4d8-c963-4fce-bfc6-acb6a2404171
a761466e-ac1e-4ef8-8a6e-ed2fe7b0948e,AmEx,b9380667-6a48-4e5e-99dd-7e228746fe7c
396e4809-7878-41fb-a320-9a7b595a02ac,VISA,eec2dd76-3dd5-4326-b239-a18b83476de2
0bd40f2c-83c6-4e22-aec2-bafab1cda516,MC,95e79e56-ee43-4c32-9211-a68f54f9df2c
5eb48635-bd48-495c-aee2-f2161bd9de92,AmEx,9e2f4a00-53e6-4dd8-ba6a-fc81e0828014
a1ef2022-f5cb-46dc-9e0d-45a45b1c1149,MC,0b5fdcf1-5f4e-4ed4-a7e6-e2f4eaa834dd
063f3722-a33a-4fbb-b8a1-a8474d19554d,MC,645f8b28-fc21-48f3-8ae5-49322525dfdd
e0ecd458-2d85-48a7-85d9-e8384945a144,VISA,f94ee421-dd83-4233-bc4f-550e90f36300
39edea59-1fd4-4b18-a1be-6cdeaed12c2d,VISA,40e898aa-e14f-47c1-8eb3-f36aa4fdfd0d
763070a3-affd-42ea-92fc-e4ed090dbb82,PayPal,e1351f65-2884-44b4-a5a1-b72476bbb298
51d4de26-b122-47f4-8b7e-2245ab16d0af,MC,3c553d75-9b02-4a56-a62c-28ef506299bb
6cadc53c-8c50-4d92-9eb6-c0cabcd8f262,AmEx,cbbd7131-1e2a-4929-8cd3-c8800f4780aa
aab118c9-9562-4e17-870c-9de300dd459c,MC,73ff2c21-e1f2-4c15-a5e8-428fb0a57e46
b3713b15-ec52-49f1-8fcc-3698bb3961c9,MC,450f3b1a-4aac-495c-a3f5-42a5e5876ef7
fcac1660-b8dc-4786-9ae4-189805fc0df7,MC,d093067d-7fc1-4548-b778-11e387360111
d5da8e3d-829b-4846-b724-186fa30ddbd5,Discover,ee6d5409-ce29-407f-8eb8-91c2d5152887
8d79f004-81ad-4031-98fb-c2ef9844c9f0,Discover,47f69693-566c-40a5-ac09-68e9140295a3
1365a3fd-3641-4567-8ffc-a333eb0f972e,VISA,babf08d3-9a8b-4ee7-956a-604a7d75f866
b28256ea-7c50-49d8-8298-77abd9ef9309,MC,ad12230e-b5c6-482f-82e3-d2edcb4f94d2
95a13ea3-e4d3-4232-8679-b8ac7839f21e,VISA,952800ce-dfda-417f-a727-a0953b8c7aa4
fc813c83-c2bd-4819-953c-9161967c8b98,Discover,2acb0689-6f42-4f10-ad07-ecc70005efaa
729a3cd4-a96f-41e9-b9e1-6e6c1de03ebd,PayPal,0a0c530d-a126-4726-9c79-555fd897869b
44377f40-6ff1-4f3e-8f0c-e13f40492422,AmEx,3319d554-d790-418b-bcc5-b21e2548b5c4
972495ce-a43c-4b4d-8f94-0e110dc313f5,VISA,f321af22-0dcf-4bbc-bc08-9484a15992e8
3a73a47d-c720-48a5-95f1-6ec14edbd8ed,AmEx,861fc490-36c1-4574-9394-d47ccc91d98a
5fc9f291-de24-4141-88e9-786b2ddc06dc,PayPal,3e8e983c-3b52-4aab-ae08-9a96f5ae594a
596d2773-b205-416e-a040-b058d7712ada,VISA,4268cf12-84d9-4108-8ecf-33810993f283
31114d27-9d50-44be-a16b-e4bb0eb2f2d6,Discover,48c32dc9-fa51-4281-82ea-e9b45961749a
bb206618-0450-43ef-83c5-09c5338d54e0,PayPal,3a5f4575-b572-422a-b576-1005a929d32c
9be67b8b-b5e8-4b82-9403-07e97344ef48,Discover,7eced09f-5aa1-470a-9c2f-8faf187d95fc
5d9ef3c2-5480-454b-b871-fb43d5ccdc92,VISA,46966606-da2a-4f5a-93d7-42ba224e046b
d423a46d-a526-4f54-815b-37fa95864ec0,PayPal,c004a90f-07f8-4d6c-a93f-4c1377ebd4a2
ea41a3a3-20c8-4bf7-8cea-ec6bd97f6f65,VISA,0cba2cfa-1778-4fad-a5be-a026c8e100b5
faf902e2-2f5d-4a8d-8b61-6b4517033aca,VISA,33789a66-83d3-4e77-a2f3-758d24d3c5f4
a0db4ae6-a9bf-43ba-b73d-64dc1647d309,AmEx,fd597a87-2f34-4c3d-a33e-c1a94844b925
b1c7d288-c373-432d-996f-9463eb6aaece,AmEx,0d29c9e2-c895-4315-bd70-7924d342d2e5
cf4b4ab2-2c54-4844-ad04-9324f84d3ecb,VISA,168a91a8-9ac2-41fc-892a-e62f9cfe6f7b
615107a2-1c09-4704-93df-8c74539cd21f,Discover,bcbe4db4-822c-4a02-b381-8468d5d4f41e
2f1a2450-c7f2-430a-a76d-6726d871a832,VISA,3fb2345b-718c-4fff-ba89-97d0896d6c26
793d3192-e9ca-40cd-9383-21d66b822a59,PayPal,18ae6087-daba-443e-8841-1bed1fc6a01e
507d6662-a2ab-4c79-b6b1-8f9d95d02d32,MC,c516b7fd-fadd-4d33-a021-217c03bdf606
a87b74e9-ba56-459c-9bef-fab6beea7d3b,MC,6b742d2b-897a-49d1-9da9-05ce8c444b8d
8757401d-db67-4180-8364-e59f406371e2,AmEx,c8bc8083-a484-4e6a-a5a3-3c0b76304613
f456bdb1-c8cb-4952-92a0-9701f2c9e870,AmEx,e1a98bc6-9fa7-443a-a8e9-06c921d6f2d8
2e73938e-2578-4125-a414-545961569564,AmEx,c242a442-31d3-478c-9e11-475d77fe6568
5960d956-f55d-4221-8019-46d9c84f8e57,PayPal,44bf1193-17f6-4c47-b99f-d1b9cea000ce
f30ac6c3-6563-4bf8-9d8a-6e30adbae5fd,VISA,815991d5-34e5-464e-a021-f7720cc7d241
d4ba8993-5949-4d0f-ab85-9a9415403948,MC,60aa2240-82ed-46c6-9ed7-15264984f8e8
e9648ec1-12c0-4560-9f92-d92ef9bf3b18,PayPal,2ac6e131-477e-4d82-8594-01e0261b1bef
2bf5629a-7e73-4e21-8bc0-755447c92606,PayPal,fc70d5bd-2724-4257-a5f9-78af3194abca
ad995d49-9cb9-4ab6-9070-221621b58928,VISA,fa01b52f-25f7-4fe9-9f38-4c1141642e96
9a24448b-8d18-4765-a611-e00859b7bc93,MC,b39ed964-22bc-475a-8852-6559314ff82e
e0f65836-8ec2-4608-a801-fd953bd38c35,AmEx,687134f1-75ad-4010-b4d9-1a6e559a1d71
0058afd3-c410-4902-b8d7-86ce5897ac95,PayPal,0352be57-c370-4e0f-b2f0-7c2f3858c004
781dedbf-98e9-4e46-9b16-dba33c5ace73,VISA,259cc42c-ee88-4128-a450-237b96eab906
c3c4ad20-bdd1-4e06-98bc-eb8f74c1e052,VISA,119157fa-bc6e-42f5-bbd5-2a221a38a246
b5baa7cf-8278-45d7-8d03-b391b184fc25,AmEx,3fb15a98-86ab-422e-9644-8dcdc421e97c
e052ad97-b81e-482c-b616-825bca8788cb,MC,d9dccef4-3ac7-4a0e-aeb6-b95445b90d46
ef3f86a0-ee1d-4b4c-bd6a-43c63eeb42f5,Discover,3cb853ba-6ecc-438e-90a3-f71c5169f916
19d13bcf-eb58-43ae-84aa-4c6d09b1363c,VISA,f8212327-00c5-4d99-b340-530ef5cfa561
5bdebebd-5ca6-4799-b943-649e59f2cf68,AmEx,e7203416-e5af-40d1-8277-a9e903880095
ddf27619-ea72-4e4f-9809-769b5757de11,MC,5b181242-9182-43ba-b5a9-45137d428758
0181daf4-c674-4128-8376-aaf12fbc6a2f,AmEx,4eee24e7-d56d-424c-b65a-e07ed5910f38
4335fb9c-aa45-4c46-8fde-0faa9d54af64,VISA,12a01a03-7627-42a4-867b-1e71b77214fe
90088da4-dac6-406d-ad0d-0b3392a9c5dc,MC,2248d471-05f9-4057-af9e-fc9458622954
93336d8d-cc90-4abb-ba16-a2656b2f097d,VISA,8dee953b-b001-49d5-9279-eee9e0988007
8b7d3ef5-3e8e-4182-a3b9-eff30f7593c6,VISA,ce94dbb3-6152-44d6-9fbc-ceae4dbf419b
bd1fd6f5-6e87-49db-9fdd-56f6e39f9bbb,Discover,275a3e39-ca68-4db2-95e8-982de61e4659
99e04abc-3823-4828-95b6-8f48a87fbe8a,PayPal,a9adfa70-178b-417f-b6f8-164a90394431
b74ee1c9-4e23-4b0d-8d00-a74a63f6fcd0,Discover,96fbde65-995e-406d-bdb1-3568cdebffe2
f271ea00-7d7a-4a55-9bf9-69a170b535d6,MC,26d63270-8e22-40d6-93c1-82763382492b
44acaaba-f9dc-481f-b4a8-d26ffd2e532b,MC,47c0de36-7860-4035-9cd0-ed6c03a0202e
1b25ba5e-ccf0-4f57-b75f-f852b611c735,MC,3fa487f1-5ddf-46f3-a987-a82c8a2e0680
1f901bf6-f2cc-421e-80db-0aec9445af40,MC,7df12899-a286-45e9-889d-1ff35e233746
9487689f-ae31-48b1-876e-168b0fcda926,PayPal,a5c08dd8-78b5-423f-b8d2-b621662e1a3b
8f0f15e2-094e-42cf-9076-681650eb3523,VISA,271bcaa5-f7cd-48be-8a25-4e7debcf5f7c
33a64e33-ce86-429b-a3d7-baf7e0e27e77,Discover,27ba14ee-b09b-4328-9cd1-61bbf7845be6
8dcab69a-3848-4eeb-bdfe-88197fd8bf78,MC,aaba616d-05fe-455f-b248-a2063a77855f
69e23316-1b3e-4ba1-9858-d84e7ece7f30,MC,91510ed1-a1b1-433d-8893-55482a1d2bcf
ed90c907-f2db-481a-b33d-4bd0f45b4df6,VISA,f2c974b5-0431-4bf2-8256-29db012e7ff8
4e813cfd-a3fb-44d9-b8a0-3a41dd145f2d,AmEx,7d1f748f-199e-4f94-ab3a-eeee3987401c
780dbb85-e061-47a7-bc61-4e0acbc87a16,Discover,2c7ca420-cfcc-4acb-be28-4d813941f89a
466b7377-32c8-4305-a206-443521ac2a04,VISA,cfda7c90-b9b6-4ab2-b27b-d5b032dad5cf
69df9e2a-7e73-40c3-95c0-26290a768d51,VISA,a8b9c335-1b8d-4db0-95e1-e71ae8db9e05
7b303990-a7b3-4e10-9114-0ec67ce79d27,PayPal,6f8e25de-f86b-455f-9e06-c924c3d067d7
6be3db3c-4705-4dc6-84a8-abfca9c618ec,VISA,d8d1d105-d13e-40da-bb42-c7f70d5d2726
90839053-155f-428d-b370-36d78cc9bc53,VISA,7f0c174f-1778-417b-95de-32cc91c17ea8
bc6adeb2-62bb-4d8f-8c67-be6f52aa17ad,MC,31ef8e91-4298-4fb6-8837-bfcc9329844b
d5f08b79-06b0-4b27-b554-d20517cb5e19,VISA,e45a03ce-a743-4d1f-80c8-2cde99955aa6
b38734e0-054c-4eb1-a238-e04a87f0118f,VISA,19f69de5-711d-49c0-9175-08e535955d95
8e17328e-8ebb-481d-b203-0d52b52704ff,MC,3d4dbb97-6723-498a-b271-bf0c744f62e1
1264935b-bfd7-4a41-84b2-22f05cbbf097,PayPal,57e3d99b-b6da-409a-bdfb-3ffc4ca347ba
8dbe8412-60d8-4b20-8143-0bfeed70514e,VISA,7647a755-b258-4c0c-bf3c-9a9be8fd3121
8b989315-cb34-4f8e-adb5-08ef975098c5,VISA,bfc8622d-f376-4421-867e-017f7e72b44a
99b50c92-7e6c-4057-b4b8-2f1a587a798b,MC,a134d615-3e1c-4ce2-ba28-9fea2e6cb34a
9be160f3-d846-4215-b85d-69971f8a27fe,VISA,527f5046-67cd-4e05-b846-7ea2719eac6a
02d003a3-2cac-411b-b5aa-e1fec22ce3fa,MC,b5a34655-5421-463a-bf17-3d604fc8f313
7c4df7b1-fcd7-4e36-a5f0-2e341685526e,PayPal,78353270-5a5c-4209-b9bc-98f7127d7686
80c194b4-0695-461a-a65b-34ab0ecf7c9a,PayPal,a6074033-b969-4d92-8538-e1dfa72a57f5
0a22cb2f-3b7d-404e-ad03-67d51c7299ea,MC,7a2be0d0-54b7-450c-b4ce-bbda61c15c34
072aa04c-fd79-4d65-a1ca-4eb1cad3eefd,PayPal,0fa5e4c0-5b7a-457a-aabb-740965963c3d
b1061870-fb74-45da-9998-b9a5921cc6a6,VISA,9830261b-f79d-44c3-850b-6d4d354a01a7
4c3b6191-8343-40b3-b241-814ee286848d,MC,13c215d3-e218-41cd-bf9e-2bb7af932a1a
8a64218c-4e92-49c5-a7c9-91d9ef564bd6,AmEx,9c076620-aae0-458a-aa20-1974b99294d7
1ba9fa8b-01ce-45ef-a32b-d752cbcd450b,AmEx,a6a0be90-0104-46b3-ba3d-ce9617937d44
e875992a-8710-4ac5-8f10-020c70603649,AmEx,d68f5251-3ef7-4b7f-b329-156f7345b4f2
89e15998-b31e-46d2-b91e-64a1203541e5,PayPal,c321993f-c53b-4e4a-8061-981d49e9f729
b2659c51-010a-4269-9c73-7db558c783e7,VISA,7e9cf57b-db8a-4822-9a7b-975ada74f8ea
b420744a-054f-43ae-9782-9cef8a4d6edf,MC,757d1496-c849-46f5-bc1f-2e19e6a8100d
6fd52b68-8aa1-4ae0-9e88-669f8b10de00,PayPal,eff2caaa-be2b-4db5-bc45-1a85e7a502a8
fbce4258-1fbd-4901-954e-da43d9822d18,VISA,3a44b890-141f-4dbc-89d8-eb6d7e0a413d
3ac700f7-96cb-45da-a883-dc9f2690ae86,MC,44b933b0-fbb8-4f22-81d8-4435dd970217
b1c7a2d7-d8c5-4d6d-9ce5-e58f26761a6d,PayPal,c172491f-8b04-4e7e-b55c-bd9bc8b42cf9
b859359e-63f2-469d-9775-8e01c9db6039,PayPal,1bca6472-6ce8-40d2-91fc-d9d6f86c1f5c
c45bed33-00d9-4b35-8d23-bb86e97cb0a4,VISA,0a815851-bbd6-4c23-89ef-f2ae7d7aca7f
69efdf83-c064-45ab-94ad-ff07b3fb83d8,AmEx,1b6d05d7-6e0f-469e-8b80-4e2f65bbd827
523d7a4c-19da-49b2-a4ef-7e117d111095,PayPal,142bf820-33e4-493b-b0a2-9b0d5df85e56
db722c9a-4cfe-45ea-8cd3-daab4a7a1af9,VISA,8bdaf196-e8ae-4ecb-add7-65fa66325daf
e622c0b4-a5a1-4363-8520-50f57ab0d9b5,VISA,ccc67af0-9c51-44ea-ac55-fe61bfb72ec2
2dccf972-4525-4fce-b7b1-fe96969323f3,VISA,42dc86e9-30cf-4d58-a1b6-c98369d7c7ff
2c193b23-4454-4630-b6b3-95699c69839c,AmEx,f94c2d9a-e50e-467b-ba74-f47efbddd1dd
1380afc4-7c85-40ed-b379-0a43a38dd30b,VISA,4402866c-a84e-4e1a-9be0-d58d18606636
e5565efb-2944-440e-aa5e-561040ac375e,VISA,e52f5040-6957-46f6-bcc5-576eb981f8af
4e76a2c6-d65a-48c0-bbc3-bcda74ec4c44,Discover,04f7c52a-92fa-4caa-8671-712bcf7ce5d2
23ee5aa6-3177-4c90-8b03-dcd126dde8f4,MC,936874d1-a9e5-4e66-b67c-b338dc8788ae
a414a78c-37ba-4c08-baa9-83dac117905b,Discover,72733a19-57c2-4b72-9778-8185ca405941
499113e8-7054-4bd1-91bf-30f551764377,MC,dc06fc4c-1a5d-4be7-b1fa-9b527f00f760
609b6fa9-57e5-4fad-8fa3-a79e6472142c,PayPal,e269b44a-67a0-4cd7-8ac3-159e7ae666aa
42cfd79e-6047-45d7-80ae-3014260d3b25,VISA,26f29f6d-2c04-4ca1-b7c2-6079a63cf3c8
7fd6e823-0737-415f-a249-cdadac5547b3,MC,7f990702-4635-4551-8689-4753ec1ef496
a3d5d106-e1c9-43c6-92cf-32ba8c19c360,VISA,28b4bb9d-3171-48b1-b153-580a4a122813
a7ddea0b-2385-4637-bedd-46634dfcea77,MC,d56fd8be-a458-434b-b6c3-ea270fa7ddce
ee6563ef-3581-4e3e-b853-47b4ea826f76,AmEx,feb77c13-be41-4a90-bba1-ce74dd21b5cc
c2a98555-b9de-456e-90a4-9ed6f42088a1,VISA,a096d750-1524-4d19-b204-7bdcd4c7952a
73852ab4-f3ab-41fc-917e-3805a4ccdaad,AmEx,9cfc009e-b6de-42db-960c-841432915654
f9e6ffb0-5714-4181-bcd3-82b0a7445936,AmEx,12dcc575-309b-46f1-92dd-7952277e4102
aacc75fc-7b60-40ad-ac6a-cf7fc1e0a97d,PayPal,83e43757-8587-4a5c-a829-d6bc3ec5f7bf
24bdc60e-3bdf-4ca7-82df-514ae76972c2,Discover,40b57102-89ab-479a-8ead-77d60ff67183
ff827929-3865-4931-9bf0-07ffbbb2d749,VISA,fabb694e-bf22-40b8-879f-692c2ef15316
842a4b51-3da5-476c-9f58-12ce6bcd1b08,AmEx,be9f11c8-5e41-4119-a3ad-306bb8409892
140a7088-66cf-4a7f-b2e5-55093f900cf3,VISA,0add1ee2-3428-4c64-b42a-ad02bb9c755b
1cbdcae9-750b-440b-ad7c-71c9ff347f63,AmEx,10b37af5-5f2c-4f7a-a938-4e99075e05d4
d06a51f1-749c-4a8c-b313-360a6b43beb2,MC,6f3b17fa-c7d8-46f7-a851-880d7fe0b13d
44bba0a6-fb77-465d-9dd7-e23fedf235f4,VISA,623e68d9-0191-4b7f-871e-1e42d243b284
3012d522-124c-4527-84bc-230fcb36e21a,VISA,c3e04113-3f46-4daa-a56c-e3888d43f5e6
281fad29-dbb6-45b6-b812-11e5d39209db,PayPal,6eb9fb84-de11-4f05-9682-702137fa9b49
7bd8cd83-8338-4dfb-9b9b-e26f4ed0bed8,MC,d83919c7-a412-4f8f-9f54-713f7d01a143
5583a1b3-f5ab-4078-82fe-147855d7e199,PayPal,930e111f-71b0-4646-b487-dd0a41e3b36a
e2e0535a-54ac-4a9d-a46c-f3fefb48b9ba,AmEx,aa13f067-2c30-4c40-936a-1f92b82edd8e
751f4a5a-df61-429b-bb00-2814b078efb7,VISA,396ff9b0-833c-4445-8799-087043d78b5a
d7e4b1bc-12cd-4ee6-b638-72eb2360f93d,VISA,3c56c202-8d3c-4426-8af7-38c3bfe06240
94930476-dfe4-4dce-8a08-fdb7c9bffd86,VISA,61c4bdb7-7e0f-4c0f-9385-58e801d4331b
fd3508a9-1499-42d8-bef3-877361c59592,VISA,91508961-b618-4d61-ab85-f0269bb5ba2e
f565ae6a-193a-49d1-81dc-6bf98e93db1c,PayPal,dd5801dd-6158-4820-bb2b-9e7a7d5e8f88
fa76f1ef-0047-487c-9aaa-5b88284b7609,Discover,bd09cce3-a564-4041-aff1-89d7eb6e7c2c
fe39ea9f-c3dd-4506-b6d0-58b56ebf5d43,Discover,f57a8d76-050f-40af-bcd6-67752752a414
dcf1d62e-f384-44c4-afe1-2c9872413fb7,VISA,d9433be9-fb7c-494b-a0ca-2cf58f22dbc5
06f67ada-9109-490a-b5ac-91e4cc00ea61,PayPal,562df595-46dc-4d9c-807c-ddee202174fc
87041b91-2bc9-47c0-acf5-fe0194d66bec,PayPal,e9a9e120-7804-4e4e-a1ba-cec7eeab17ff
c323f841-2396-4fed-a9ec-1b015f2146f7,MC,946a7b29-500c-4cdd-adb6-b7bdabed76a3
b6343e0f-1f96-4c4b-90c5-51f4586aca88,Discover,15e943b3-43d8-4c11-b091-d7ecd8f347b9
018de2d0-284b-44bb-8293-dbee10928878,AmEx,2d4b9429-5824-4a72-bb73-02cccdb3db66
248dc9e9-99c1-4c4d-83c0-ea828cab2e75,MC,17f61e6b-48a8-464e-984d-606f592c2ffc
b717bce1-f3e4-45d4-a247-073f523c0aa3,VISA,28d61bee-85fc-4091-8be5-27b1ab823621
97cae1ba-8bbe-4722-9008-baa025fc05ec,VISA,18d2463d-7589-4743-95c4-3c7e6e36cd5a
aafdccea-ed3c-43ee-b7ff-34f8826c2bc5,MC,2b9a589b-b2f7-453f-bc87-b727c7ab2632
99af4e80-7151-452c-a978-b1fed6a7250e,Discover,deea9617-71b6-4ff5-a456-4728260d3b85
d7a2e500-599c-434c-b66e-f3d3cd4e535a,VISA,62414f24-12f9-42d5-bc5c-6740bf259d0e
860cb5dd-f64a-4396-b261-85bbe9ffacdf,VISA,d2f18690-ef3b-4b60-ad87-21ff94fbb9e8
ad6929db-e93f-4179-9b1d-f14b6e6e6411,VISA,9b87f77a-134b-40b8-8ffa-e4eb489eedf8
1512a0c0-3c57-4ebe-a607-7a2fa5a8b1e6,AmEx,a6c0c330-af1d-489b-a37d-c7a1f5cce182
449f0f43-dc42-42c4-9ad0-158c5cc9cf22,MC,ffd3e64e-c37e-497e-84d3-f8297d46f56d
68ac616b-8f60-4a39-8cfe-6a740e30a06b,VISA,5ae44ec0-a48c-4260-9607-1911b7da2130
40f4836a-bd83-4c6b-8aee-df7158a9fe01,MC,66378ef1-1b94-4aee-9f29-066fb7c302c6
0e4899e9-2d94-43d6-8cab-dd91e1fc49b7,MC,4c6cf58b-34d6-41b6-98ef-425b18d69a0d
09fb0ada-91ca-4ff5-803f-f32ab984f8ab,VISA,ee683833-19c6-4ef4-9ca3-9f708cec6669
9440669a-364d-4591-934e-3d08739f23bc,MC,7359156e-fe5d-495f-a8e1-e1048df0bfce
b049bb13-3b29-42e6-a5e2-7d1fd68b2239,VISA,55e841a7-b4a4-426c-9b9a-6feb82e4fbb6
e3c4df5f-105b-449d-9467-65ffdc1a04db,VISA,e6995757-6452-4de9-9a1d-ecb59d7641b9
c06c32b7-a229-40a9-8d3b-e22c6c6842a8,MC,42b3c4dc-92df-4644-b613-83c898b6daf6
5277c659-0a5c-4886-87e3-9911399fe34a,VISA,b9706538-635c-4c79-ab49-a993502062e6
b4e44abc-bf85-4b36-b2e3-5451d9ce6541,Discover,d6ffac0d-37d4-419a-ba9c-64e24fea2e08
bb5abb1c-af4b-4dca-b580-fe65c9e934bf,PayPal,09d21000-3256-4cd8-8ffb-9aa16bf38e19
c9271ca7-aaa3-4c5e-afdc-78c8e3bd88a6,VISA,1e3d8ce2-fe8f-4936-bb5e-b1f8e972df2b
560cad07-1a15-4df9-9841-2d24c5a26654,Discover,1d645a48-edfa-4554-9d3e-787e4e3358b2
0687359a-6798-40d0-9697-5c9a3ba847d2,MC,c5223056-95cf-4f3c-9518-fde5ca504fab
7abf2465-fa24-4493-8991-e4667a381d81,PayPal,952911cf-e242-4f69-9312-23ac925f96b6
f9ab5dfc-9b39-44e0-895a-c75c282ee2ee,MC,62ad6b02-4d65-41b4-bd62-7552fcce05b1
4296ddde-bd7b-4aec-9ce2-535949ef1a23,AmEx,33a81125-98f6-4cc7-ac4a-cbcf2f3cafa4
5c89ff83-e3ae-49aa-932a-24d6a3981d6c,AmEx,9aca5dc0-ffd9-4885-8c7d-e5897f81f205
d9937ba7-bd84-4c60-916c-9d565bbb6dfe,PayPal,277fd090-b7cc-4363-88d6-d9cfdba1e497
78c6a963-c73d-41f4-afdc-1cbc0300c8e4,AmEx,dd5337dd-29a7-42f2-9742-b23e6fd6bdcd
2ff98db7-e9a8-4a42-9b7e-5aa5891b4b1c,VISA,2a467c48-bca1-4237-9568-ab26a7d8f0d9
199e2f3e-88ff-4484-bfa6-c7b5c2a14123,MC,519bfa78-fdfb-4197-a879-d8bdd0fc72d3
5ce8a791-47dd-453b-bae4-128a71349b58,Discover,7433ad0b-130e-4290-aa21-f96f5728159f
b34d6876-3858-4c2f-9e94-5a31cd466779,AmEx,ee5ebee6-5ff4-4521-aa09-30a363927b23
77e017ce-e5fc-4155-8d3a-54cd3af6ea8e,AmEx,8160ce76-eec1-492c-bb25-3c0873f1b34b
2b1d362e-4d6e-485f-9a75-63f19d4acf76,AmEx,686583d6-9d04-4449-ae94-0c4b59e08cc6
82c6519c-9331-4f30-a6a2-2f6fa9055ef7,VISA,0fbe8fbe-438f-49d3-8f87-f9a0eeeef27f
7bbd5674-f4c4-4b44-9cf4-5ace4916e36c,VISA,48b18030-1bbe-445c-bca9-98d7792d2349
22705ed7-ce16-453f-a4a4-fe8b7ad54415,Discover,ccbc9e7b-703f-48ad-b5b5-df8e725d9e60
3d266893-39bd-4ad2-bd04-53c7912cc562,MC,97ef2ca1-bc4c-4192-9473-bf08ae595ba3
6f024c7c-740d-40cf-8b48-4448c86e2627,MC,1ab1f1cb-cfa7-48f7-8883-8ecef0848b72
32c15c93-42d6-41a1-b5c5-2082a4a0c2c6,MC,6e93f8b1-f572-4cd6-b98b-96e7571e0d3f
a5bf3fac-ffc8-4e3b-aa90-ccc6575c0c6f,Discover,6b96991f-f00d-4eb4-99c7-0032169e1824
9bb2fde1-fa36-468e-9d20-c5e4e22d11f3,AmEx,2e23ffb2-c3ab-40f9-be98-f09e908a2705
648e59ff-353d-4deb-9b9e-b605bb9d4307,Discover,804655e8-861f-4a98-bd99-a8667f371732
74076707-b6e3-4ffc-b389-22138a430e8e,PayPal,6e5632e8-ed6d-4c73-aeb1-b22db34194ce
1b7b05e4-b52e-4e2f-825c-b06565660af7,PayPal,ce9844f1-a00e-49a1-a74b-340ba28e03d3
8fdaaf79-5416-4b93-9883-ade2a306d866,PayPal,8ccda41f-0efc-43d6-9ce1-a5d9e7dfb649
0c2b6ef0-28ae-4000-89e8-cec88b5b3079,PayPal,220175d9-44a3-4247-9b7e-1d2e5319e98e
ccb83968-12dc-4ac6-b254-57952e5a192e,AmEx,0057f45d-82e4-430f-bda1-363ff8e0b498
fdb2be78-54a2-406d-891b-36bb1c2e9aa5,PayPal,ae2af194-6c6d-489e-8d63-6501eeeaea9b
1eb37d29-e5a1-4351-9dde-21ffcd87cb5e,MC,00946149-b746-496f-8fab-b90fe65fd35f
e6435e48-cc17-4294-b66e-ca06d72cdb30,MC,7e0ed9bf-b646-4aa8-8fc8-27e01e97159c
ccaa19ab-22ca-4114-aee3-958eda78df06,VISA,c7fea7f3-266c-4127-b7d5-64e882adc072
ea0426f6-eaee-4757-a3e8-2d5a2c9b2043,MC,f4ad531f-09e7-45bf-bb5d-33dcfa62bba7
d1b16f80-42e7-42f8-81ae-ebaa3817016e,PayPal,c75e3d92-3569-4beb-8b23-dd60250f4bd0
7540be9e-170c-4584-8309-c260537589ee,VISA,b9d77932-1d52-4b40-832b-e926bb7a533e
91941703-a9ff-473f-9639-bff775657b39,VISA,431936cf-4edb-4729-a689-1bd9c50a004b
107386aa-2873-4294-b2a8-1b1af796df90,MC,0f3d5a0d-def6-46e8-aa2c-03158cea3ade
935e1d39-f4a2-4ba8-9a96-bd81f68d625f,VISA,32de9b35-9baa-41bd-b95c-ef734bdb948f
34dfb15f-5b1f-49f0-aeb3-035af26a999b,PayPal,3633a1b9-ca65-4517-aeb7-d06b151e9ee9
5b646a14-920a-4743-9b99-0e407487773e,MC,8ed5a808-556e-4196-a313-8dd42ec4ad73
5bb897f2-0119-419b-beb8-1c06a573682e,PayPal,21deead0-bbc5-4a49-804a-9434395d8847
e6df5021-6d04-4005-8c78-9bfe995922fc,Discover,087db778-a718-4a45-b273-5828be4236e7
557a44b9-1b2a-4c79-b677-9a8f39d4d963,VISA,2dd50d6c-bbed-49b3-938c-f0522177b086
438deb35-092a-4d48-993a-75fdd962cb91,VISA,acbb9334-78d3-404b-b218-96c451fa5bea
a533f645-df88-4ba3-bbb4-b77876064ff2,MC,515641a6-adc5-4950-856d-00fbe1747eba
264ab56f-0342-44e8-9ba3-42147886f716,VISA,cf398116-dc6a-4258-b37a-b5fcb2870200
c76808fc-cd3b-4d2b-abd9-02ffde5aa07f,VISA,78251796-90a9-481f-a735-5412c49d5346
44db785c-f71c-428c-811f-1716fc63c96a,PayPal,6ba3aa99-2529-4293-a175-9d480daaa62a
6f0effe4-c7e2-432b-81ec-7e4c4c2fcd34,PayPal,8a971ee3-efb8-4a0b-adbd-10bdc32c23f9
93971a73-f284-42d9-acb1-752ea443d573,Discover,7670077f-8fd2-4b87-ac17-a6f010da4db0
f6626215-be37-4d96-8d5a-bc86fc3fd7fe,VISA,43d58828-fec1-4cca-8c48-a5db90a2adc2
6911105b-6d47-4522-9562-053321acd0fd,MC,411cf2c8-b65e-44ae-b3cc-2c5d936c21fa
4f42ab24-d4a7-43dc-86c8-a3c31f08d006,PayPal,962a5a0b-5642-47d6-9aad-68df4a6622a3
2b1c3b62-ee51-45d3-8436-0584883d0a5e,AmEx,9eefaa3b-9ace-407a-b805-6be8bd24d1c9
92c5a0bb-651f-49dd-be5d-dc1bd74fd8ea,VISA,3fc88bda-45a0-40ba-9a8c-bb2aaebe2d8b
a6baebc8-97a9-4372-95c6-3cab20f8f69a,AmEx,1ce8474e-8569-4689-b1e8-4093dda296a7
4bcf6ed5-4af1-49c9-aa95-dbf4d0432ed5,MC,c139e262-bb4a-47c9-b8c4-57f301873cb6
9ee3c266-1c04-4886-adba-673b079895a7,Discover,ef98711c-8e88-4f19-9d37-4a4d7ecec62d
d87cf71e-703d-4fd8-934b-26763f56479e,VISA,9a7f7953-14e8-441c-8056-0cd577fe879f
f6a47583-13e9-4583-a2da-c345e53906e9,MC,de327ca0-d0d3-4603-9489-65d2e2d3e82a
6d70d7a8-8a4a-4366-b299-66a59c9830f1,MC,6fa4b003-02a8-4770-966f-9bed5dd83ba8
b1a9b9af-63ff-4b35-bdb1-a7254afa77b9,VISA,179cd8e6-fc2f-4925-ac0d-fe910ca12e2c
9ae37461-520d-4da9-89ae-4011f03e686d,VISA,3b1b9a6a-7501-4bac-a020-3744f299edec
cda817cf-beb8-4931-8477-84a3e6a99ac8,MC,a9f77115-3dd2-4226-9ec3-c46c6de44efb
1288df3c-d91c-47f8-b7f0-e28876a359fa,AmEx,f5c26fe7-7f4b-40b1-94e3-af9640df502f
13b42f3e-459c-45ed-9aac-5ef06837ba76,PayPal,b3d751f2-499d-48ba-a1d0-d15917786c15
b04b58fa-d922-4118-a88e-bf2f4a29b662,MC,3937b03a-7eae-4ee8-9031-9e0fdfac9bb2
de9b5195-92e2-4eed-90fa-1d31c642f1a0,PayPal,e9fea4f7-7589-4429-aeb5-1975fbc45998
68b408ce-ad31-4a1d-a175-724d96240a5c,MC,f566dd9a-a5f2-4972-80ff-e8cb0a3bfd65
dfa161e8-f57e-4c46-a204-d2804cf6528c,PayPal,b8fdd645-123b-479e-b7b6-988af8fc090f
06d1492e-890e-4ba4-b68d-8d7f8ec59899,AmEx,d0d0552b-4c2a-40c6-a6cb-8d490908f61d
47e69d18-7fb3-497e-9568-e4e1707fe217,MC,6d11b1a1-ebc8-4961-86a7-3add235dd644
0e7226eb-676e-4c5a-a255-aadecd34ea88,PayPal,43d934a8-2fbb-467e-b9a1-2888918e7478
416a2860-17e4-405e-a1ec-f8f9250b4975,VISA,4331b36b-c6fa-4ab3-befb-40f4cf67cc42
6c977009-8881-41fc-af3d-8f09e35d7267,VISA,647ca823-a4b2-4294-ad13-2ba6e65fe956
7513e76c-9854-41cc-82fa-5881b30ad075,PayPal,54e131fa-2499-4854-bfb5-d27237c00ebc
7db8dd28-82bd-43ba-9de9-1e620bc6b042,AmEx,a1aa6e26-a1d7-46b8-be81-fcc17b7e8d37
c2b2e3f5-36d5-47b1-8a88-1434298b9f60,MC,f855af60-a105-44ef-afdc-5d9937af2289
65220b4d-1892-49d8-a4f6-ad18191b7f45,AmEx,4e41e93b-9545-40f4-bb8a-6d4d80c17cdb
4eba5f2b-16da-4b25-bda5-e3f71a9ac101,AmEx,cf5f4cef-0222-4685-be9c-f1b91d7894ec
88680d76-3127-40e1-9bc6-0dcbfae25895,Discover,17eff36d-430b-459a-ab19-38328ad7aa68
068a6697-ae31-4c4d-9067-5bf17b204c90,MC,bb907a4c-b6e6-42d8-96e7-ed7b577c4bf8
2d6a016d-76f4-4852-90ac-ec352d28423f,AmEx,9b45d924-7130-41f7-afd8-77336641e427
325b72d1-6309-4362-866e-47ae2413a669,MC,1eececad-ad6c-4041-a3cb-66c9f35d5cb2
25960764-e166-4cec-b5d4-da563f6b67ea,MC,faf54c2d-5170-4b30-9b16-0141cb1daa42
bc65f222-5908-488e-bdd3-5af57b1994b5,MC,f784943a-884e-4124-88ae-c3070a678725
0bd4de6f-ffc0-4d89-8905-d581c8328c0d,VISA,152d6ea1-c263-4af0-b0f0-265dfcfd878a
2d5f18d7-e21d-45aa-bdbb-9ff71f307047,PayPal,8a9a31f8-f3ee-46ad-a379-df8d05b793fc
6b04d800-6313-483c-a0dd-0c1a72cbe237,AmEx,9bfc79ac-4831-41ff-98ee-031ee1dba83b
725c817f-6bfd-457d-b665-5c449b039342,VISA,b9aa6884-bc84-4b54-877f-f5eb68679226
93ec04e6-76fd-4eb3-a08d-3bb5a86b58a8,PayPal,dd815c24-ec39-42d2-94d3-094b8bcfcf75
9aa6d5d6-0588-464e-b060-ba425ab97439,AmEx,b3ed1ed0-4407-420e-a3a3-bf166862c507
f4df8102-40d5-4030-ac84-9e54f2a1c702,PayPal,43c8f53a-c81b-43ac-b7a9-fb18b8e282a4
f9c74d81-8931-4034-b829-4503deea6259,MC,6911bd9c-34a7-4725-9842-5bd93bd238fa
4a7480e2-e557-4d36-b086-591e4c9f5a1e,VISA,1fa756d7-7164-4ce0-8406-5bf2f1ddd8ae
c5d019d0-6712-4fcc-b8b1-ce1bad9ad284,MC,e1db7b12-def2-4f88-8c45-1178784267e0
4eade53c-9842-4f84-b075-d470b53c83e6,AmEx,bbdf080f-84b0-407b-9084-19c7b9c59d2b
d69588dc-8def-4994-94c1-c1e1ab1ffdf7,MC,818bfbac-6e82-4840-ba8a-7502052df70a
ca258b71-798f-452b-b84d-12c51f5bb47e,Discover,e53ad484-1036-4a93-a685-8043ff9ab533
514fedd4-ac33-471c-b9d1-8ac8059bca8f,PayPal,c46ca005-017a-4120-b3e6-446088356b1b
c1debe74-921b-48c0-9f61-d50baa80fe05,AmEx,bba844a7-4810-45c7-8d19-8f1113102c6d
9a38b745-0964-43a8-a04c-81919ac4806f,VISA,cbc52df5-8e85-4032-b442-fe686b5b0d3f
3cc55ca4-77b5-484c-b0f4-cebf4d868a79,PayPal,bc2da1ce-b42f-4c4a-bb46-6046a4dd3af1
e3fe1389-60f7-454b-a737-20e5aebe0cf1,VISA,f06c29cf-381f-4819-9e4d-f03572f7c0c1
baca4115-9d4a-4027-bc71-6a7b45ba83b9,VISA,693b90c6-8896-48bb-b4bb-bf00e3cfe2ad
ad6e299a-5dc2-44c3-81b5-51970f446afc,Discover,42646e26-0612-421c-823d-ea2a261ecb5c
d4877f60-069b-4794-8209-1e2bfb0d3b49,MC,1c2901fd-8499-4125-b1f4-f2a273bcbb5b
09ea5e2d-d3ee-4c91-a04c-dc9a9b976b10,Discover,e510dd17-d364-4500-a085-3f7175e03e4e
e38271e1-d471-4bca-9071-83fb7f1f522e,AmEx,0b7cb66b-e67f-4c07-9c68-0d0451890b97
79191825-383e-4353-b954-4d99130fdbd4,Discover,8a9fd164-fe40-43a8-bca2-564183e034e5
247d282f-35ad-4be4-a319-3bbc3b5a3ae8,MC,cee9b918-61e8-49ca-b267-1d2c801e6d4e
c4756a42-6794-4011-8d0a-b8051e2e6f20,PayPal,ca1a04c4-7de8-415a-93b1-a8ba34a0cd9d
3bdf49b3-962e-42f0-aa88-b61298ca1d12,Discover,853152c5-c09a-4025-85f8-2ea6b9058573
d94c414d-9167-406f-877a-87d4e833e9bc,MC,04a9f894-6756-4a9c-b0c3-7896b04cc593
26bfea57-13a8-4c31-a8c6-24705a235b55,Discover,3acef102-46db-4f74-b9a3-b9ba1caebd92
4438f2f8-441b-42ea-8afc-380323b3a88e,Discover,5aa73a93-155a-4f99-ad00-50f2811a961b
67022346-5391-436d-be12-966fcdd7dbfc,AmEx,ba4001ae-5fcf-4c4c-ab25-49ab26c8e42a
66a59798-06f8-4ea7-9381-182e1df8fd85,MC,e126dd98-34b5-4896-bbaa-ebde783cfc21
f92d14f8-548e-419f-b8a8-77b501d5c7b3,VISA,3551803c-12ae-4c75-8882-ad1c99974eb3
ac32458d-7f41-47dd-8357-40fca7bd4e27,VISA,aa02a3c9-7588-4afd-b286-2f0900220153
cbb2cb69-c777-42c7-98e1-0fee1354b580,AmEx,4113da14-4d22-459e-8b47-4470611f48f1
847b6c9f-41f6-4387-9a28-2fc2f347ee89,PayPal,2a9a61f5-5002-418d-8adc-879170b7b6d4
f21f18b3-435c-43e3-9123-183b847269c7,VISA,a88f5a9e-e2b2-4231-9ca6-8e420e1e7900
ba87c10f-adb5-40da-af6b-8f15cf69b320,VISA,fc9314da-ebc2-421d-a465-61e7c1d504da
db669d6a-645f-4446-bcd0-0e5775779500,MC,5d1d83f6-caeb-45d5-9e1e-928a0ca3d39f
f8b1fe59-8bd4-4139-a2a0-cc64d9a7044d,AmEx,d2bcde47-7490-41e9-9def-883905ec7d59
c6e7ca83-f693-4248-ade1-8d19949fc83f,MC,a8b0eabf-2cb8-4a82-9b78-a2501e6a0a3f
30017ade-6845-4628-b134-9fa75d31ba7b,PayPal,304afc11-4228-4f62-8d3c-bec0a33ecc64
74d9bd95-b68d-4d31-8658-435c9fa47699,AmEx,c8cfd090-27a5-409f-9c1e-1eab2c51f13e
60e44780-27f3-4dd3-809b-2d5b5a4fd831,AmEx,59e45d4a-dfc5-42f0-9e1f-d889ba19b94c
afc35a86-7cff-48d5-9b0c-a7d56521f206,AmEx,0724ec53-efc5-4dd8-9f7e-7ebc1c6b3527
7829cdbf-3041-4553-a903-f9429d065285,PayPal,10111fc8-0d6f-4c46-b3f2-b91e0a817e07
cb8924a0-d9e8-4015-bd1a-14bd873f4a77,MC,57148dec-7d48-49d3-a055-3a22909a226d
0d28e225-b56b-4775-b3ae-9af41fde56c7,VISA,4d6d4ac1-21b1-4d61-b9a9-cc33e1b38321
04df315e-cf4e-4298-bfce-7d906593e008,PayPal,9732f80c-2ec8-4232-a648-f7b6f319d31e
7a6b52ca-a8b4-4bfc-9dbc-dc8070088107,VISA,17ef4340-8619-448d-8c57-1cdb84c61e7b
2a52bd96-7359-483b-8c08-a9ba7d477b36,MC,cca4472a-4c20-48c3-907f-10f09041237f
ea28fab8-f54e-4491-855d-b5860ce624ce,VISA,d5d1c265-98b6-44a9-8af1-798da02760e5
c09a01fa-451d-4e84-828b-be7e6560f8ae,VISA,6a40cdba-391f-44b6-8d27-78f493fc26eb
becb1bb7-91aa-4820-a114-25734d4a0b5d,MC,fd04b2eb-a6cb-48fb-972f-22d870637a5d
abdaf982-db08-48be-9792-40c0879b92c4,AmEx,a935ffe4-1199-4156-aaaf-aa747283f53d
7d7d2f44-3c3e-43be-b71c-855e591e4de9,VISA,635a5312-02d1-41ca-9063-5403c7389491
953cebd8-15c1-42b4-b454-5b15309ce756,PayPal,8d6e889f-03a5-4027-ad6c-8e3d7f1cca78
7d3d6b03-4880-4b81-a6f3-71cb10086630,MC,83db2431-f8f7-47cb-956b-22551967b518
92360984-90fd-4a42-9a19-70c863cfe667,PayPal,3cbdff40-f1d0-45e9-ae12-74732cf96d45
8da3dfed-1e04-430d-bbd2-85701cf35fd1,PayPal,1079260e-24f0-406c-bb8c-8f7846c0c3e7
a2d47672-cf9f-484f-b70a-81ac71e192a9,VISA,820f999e-2daa-432e-aef4-84df709cc244
fc6b9bad-a863-4313-a4ab-e6835eaa69df,VISA,3163a593-7514-4b53-a7ac-52be9054ce5a
850a3030-6564-41f8-a2f3-de1f4aa9b76b,PayPal,8c5785d2-e2dd-496c-84f7-4844e26e710a
7fa001bb-4360-4d4d-8938-57731c6cdeab,MC,4981ac64-f00e-41d4-8f95-cf0bab1487b0
2f8c75c6-b02d-4223-a589-031056464025,VISA,d9b07346-d496-459e-8518-b0a0daea60ae
ae466b9a-3763-435c-a74d-5e29baec4a23,MC,6a80234d-c2af-4264-9fbc-1ad9e02f1f45
34af4220-b062-4e7d-a111-db2ded3b0733,VISA,e678308f-36b6-456f-b296-033a8fe910f1
e2ea039a-19b0-4370-81df-b2291dfa6ff5,MC,8514ba75-d5c5-491f-9a7b-4f2de69f60a1
b13f3510-a6d3-498b-92d1-76e16dbb8f2f,AmEx,25705b63-482d-41a4-8b52-238475f27902
9aa4b03d-eacf-4f37-864d-8d0b94bef1f6,MC,967d1bd7-8146-440d-b28d-7e1eef82c573
da747fe2-3ed0-4d33-be65-a98283a3be52,VISA,b8500c5c-48e4-4332-88ce-0b14d0f78e26
d1702813-c0f2-4790-b7b2-ef5d582fbc1b,MC,eef8ec54-0712-45db-99a9-399333099bf8
9adbc9df-c1e6-4a98-a69f-57930255140a,VISA,3ed5a5c4-d3b0-4f95-a579-1097ee829205
c0440fd9-44b3-416a-9936-5fb8b69da06a,MC,3329fa5b-c5f2-4cb0-b760-cce5486e1957
f51a5bf0-8492-4c74-aaac-aa46c952c928,VISA,9a67a20f-5b31-401d-97f5-ba50648d2f26
aa200745-c95f-41c1-88f4-3292b0a41a33,PayPal,1b7a678d-eaa7-48d1-8bb4-a9607146c2a7
b501ca0e-0e1a-448f-ad5c-7eff6ee5bb78,AmEx,b2cad7f2-447d-43fb-830b-4b941f368aed
fccf447a-b067-4f2e-9b1b-f35bffb1aa48,MC,a3c867ee-f87c-471d-8cf0-fac098197975
451300ef-1b11-49b1-a083-f2a0dd911518,VISA,ef19c339-2ded-4a7a-bd00-efb775f28786
e6d5f6f9-a6e1-4fd2-9bda-89c37aba2e36,AmEx,b395437b-825e-4236-bb5b-03adab3f9665
f81c86b7-c83f-4eda-96a5-180c35706999,VISA,622adbc4-e9a7-4cad-96d7-99e5470fd9fe
c9976696-6a1c-40be-ba33-3869bc28b86e,Discover,145ad3b3-abc3-40f9-93ad-5a75524038f7
a83a99aa-720f-451c-a2a6-cf5e4f61e71a,MC,020433f4-28b6-42c3-a851-b311558a5d8b
f1a262df-42a5-4504-820b-70fc617eb140,MC,a729a304-f9d2-4d60-b39c-5bb1663ce62c
cae01f02-c230-4b07-ba9a-907faa44d4fd,MC,468caf6b-1004-4843-98a9-3a8caca81f27
13db53bd-23d5-486b-b912-aa9fb98ac099,AmEx,2810ba36-061e-459f-84e5-bb9ea77193fe
96c22f3d-b621-4ae3-9188-c8fb9b37ccac,VISA,7d241607-f63f-4597-bb6d-4b74458470e3
ff5fb65e-7b32-44fe-b33a-c1eecbef6477,MC,e4e1d6da-39c8-4851-a242-40422b77c9c0
fec8a571-3a1c-442b-9f03-cb47b2ecc620,Discover,55c273fe-19dd-47e0-aa2d-fd07ea780b8e
99be406e-2fc1-42ef-938e-87f970507140,VISA,60c6d61e-9cca-41f5-9259-519c9044639f
bac949eb-e4c9-498b-b0d9-005f55991f03,VISA,93a4ac31-b732-4de0-8192-88cccecdac48
3207e912-ad9c-4c1e-9477-7e6fa11a25f7,AmEx,d67900ed-04e2-4505-a862-dea2a6ffcba4
591b09b4-e414-4446-9656-67a1b4034e7c,MC,98554adb-923d-4154-8e47-202776fe4cd6
4f466f4f-c376-45ca-a728-8d4d1d4f4cb9,MC,42d323fc-4dc4-40bc-8bfd-74ac187135b9
2df73a17-24e0-46d5-935a-2dfe6606be9d,PayPal,3cac1d72-fc65-4a67-ac4e-54f978a5460a
4eb3a2b2-1c8c-4cc1-877a-637eff70c5e2,AmEx,f05ac8be-c5a3-4e72-9bd3-5015aa3b9c9a
331bda19-9678-473a-9027-1ba1cd67d29e,Discover,e54ab87f-4d4e-446e-8d09-687010de3897
4e8dbb24-22db-44c2-9836-9efb2d797dee,PayPal,ddcf79b5-01c6-4185-81c4-10b61b4f4024
58804dfc-4816-43c2-846c-e0135ec91cea,PayPal,fb476d68-b994-4049-9302-3f146d6f547d
6f66b118-cf49-4da7-989a-3e77057f802e,VISA,78288967-e667-49b3-861e-4b7b11fb41f4
89b8c827-6634-4b3c-a143-f340b18da5ff,MC,f10a09f6-abba-45a9-ae23-b65702d75604
22ed01b7-6668-4336-bef1-e3cd58931aec,AmEx,1a493ac4-b634-4a8e-ac39-3b61ab1368c9
dda05f61-0bf8-4629-a292-ab3e8288ceb2,VISA,0e8744aa-92b7-4dc8-a28c-50656bb415ce
a92bab6a-b84b-4d85-a757-9ac4500f12d5,AmEx,e5976371-0b54-4b37-8cef-ac66375b168b
dfe1e328-6ef4-4737-aa70-b9219c9f340c,PayPal,ef013e1e-391a-4afe-84d9-6029b47fa7a8
384ce316-a6de-4542-979a-d3f0e6458499,VISA,41b9e973-320a-4420-b3c3-3542bd4b42ae
e0eecaf3-ce72-4ff8-889e-0301bbb3111c,AmEx,4740284c-cbff-4c7a-ba15-ed845d27a329
139c7e39-2be2-449f-9115-1f4cf624db14,AmEx,4583a0ff-a81f-40c9-8d42-7cc06ecce6f3
5e68993b-cdd3-4686-848c-d24e6fd1ae78,Discover,f4d539f9-7e23-4c2d-aee9-7b2569783026
6b2c23bf-c0ca-4cad-a2d7-0fff81f2e042,MC,32cbb12c-e7cb-4f8a-b90e-8e4e49c2bc32
13aae31b-4676-419f-8f55-54177683784c,VISA,780ebb0b-96c2-4c7b-9fcc-80536d34795e
1aad0593-e7a5-4dde-a7aa-68930d4c6a4c,VISA,d84cefa3-8041-4233-a9eb-45eb6530d737
7bd976f3-3cdf-426a-a26e-2a422ef92800,VISA,4ffb8017-ebbe-470b-a4b2-e686faa97175
560a56ea-d147-455f-8eff-0698e061c347,PayPal,e193e5c0-dd5c-4bf7-b372-706ec0be1c15
59a0bf38-98ab-4cdb-8271-2c71076a4722,MC,2e7b5af8-7793-4c48-ae29-8cf59422dd59
07583612-24b9-4575-b25e-461af50067c1,MC,fde45ac3-86a9-4cf1-b200-f1fbcf5fed8b
6926d917-a586-4291-92b0-743f640c569e,AmEx,3ef380d5-2f6a-49c8-a81f-388bb088f1d7
ab863c2b-4962-4f25-82a4-7f81f26b28d5,MC,7d09cf5f-af5c-4572-96e1-d162b24ea2f6
9fdb03ed-40b0-4f18-b81e-177443f9ffab,VISA,5c13a107-22e0-4b47-92d0-e97d73c870cd
c4774efd-523b-402d-841f-2eb30267479d,MC,aca68ed1-ee5a-457e-bf5f-1c41630bd5c9
fa6a9abc-4b9c-4bb5-bb1b-93ec058aeedb,PayPal,e53ed48a-2768-4f43-9975-0e4480d47c4e
35da0c85-3264-483d-88f8-efd10cb1fd70,MC,ab8227f6-9bb8-4228-b1f2-6d064bbc0123
1f3a6864-cf97-4d7d-bf4e-a7c46df36923,AmEx,17d057aa-3ef4-4edc-8fa9-d70bec1af53b
60fc3f12-5ea8-4284-9f1b-e401d400e29b,MC,9e9f114d-afe4-4c05-98ea-8ae22d64225f
2ff06d6e-c70b-48b1-9312-63b1b0bbe99c,VISA,54169034-3330-4558-8a92-b5e8769b94cf
3e7ab162-5f82-46f5-a1f6-73b57141bb92,Discover,78657e9d-3670-47f0-9a06-681959ab8783
c97e080e-3fe4-49c7-aaf5-7a3a874b98f4,MC,efec6745-d298-4a9a-88b7-5fc38f8708b7
4eeb0f1e-b397-41b0-a201-3d49648abda1,VISA,371e1ed4-b6b0-4e40-b894-41406fd41884
c381e468-fa09-4bb3-9093-32328f8e6510,VISA,14e5f82a-b258-4fcd-aa5b-26e768b33ede
66cde77c-7efc-49e7-a681-197c00f7e638,MC,86194bcc-2241-4412-b086-98c339268a88
d6f7666b-0f4d-4afd-a0eb-bbb8ef1f0742,MC,df1523ad-deee-4c9c-8fee-64c172c7644d
13ab1fcb-45ca-4d7d-aeb7-a5eda3d8f640,MC,9d820a1f-1e89-486d-8936-d4d07db000d5
6d48c0d5-f986-4adb-82a0-b68e29f2179d,VISA,717eb31a-5130-4839-834f-c707d4d51544
12c3b863-f194-44b7-ad19-0849d1f96136,MC,29172981-93e8-4ea0-9998-045a04084b5b
f0cc8459-50f0-44c0-82ec-e5f95792be6b,Discover,e5db48c6-3197-4b39-a87d-7cbc1a894c82
f6722789-38ea-46e2-888c-2c5bb6c834a7,AmEx,782a392e-68e9-4684-8f2c-dcd5f8e412b4
f4a6f014-cb6f-4ff1-b191-6513ed355752,VISA,297ac7a3-017a-4790-a456-6da825e8ff66
9b29bfdb-14aa-4ef0-bb53-bfdb21a30ec3,MC,022c5a2e-2016-4b12-93da-778bf2420028
d27f01b9-6f20-4415-b8a1-7fff8107d643,VISA,67983a48-a27d-480f-8517-aa09b9fa506b
0820e0f7-2660-452b-b681-4bcee30f3f7c,VISA,9fb42151-8ae5-4ee1-865d-3bc871c27751
e1dcdc96-b138-48e6-95fd-7166add2f414,AmEx,1d5e21cc-3569-4010-8ead-53130c32c7ee
c143ac1c-4ebe-426f-ab97-5568f8e54077,Discover,79288824-bd52-4c31-a24b-427e61e3d3d8
9bcd4884-7bcc-485e-81c2-cf7ad4ffecc3,VISA,b6277b53-2d46-4ed3-ac1c-3d27f4cc1aa9
0b7e3981-24b2-43c3-9339-0de0e2fff4b4,MC,4731af02-e1aa-42b1-ac76-ddcb43c593a5
34971fca-d1df-4555-958b-c52287a86b1d,AmEx,6f2bb12f-ae08-4e32-8129-a956e92a26fe
947567a0-a3cb-4375-a834-bffc6e7014c1,PayPal,1b7dd47b-ed9f-4166-854b-c2849a11b20e
297e5082-3d13-400a-9186-6df8aa9168fe,MC,1e5d24cd-ce03-445b-a71f-088260ed7b91
d51097be-eff5-4dc3-a43e-023b21ced38c,Discover,67c5258f-2bfd-4c9c-8e1e-d173610bf468
8032672d-b084-4577-810f-a4d9a02aa020,AmEx,9ae79583-dfe8-4fa7-b072-f74ac8889154
edef8a95-e129-4eba-a6ab-2c0532cb706e,VISA,616cf5f4-7de6-4972-a8fb-fed965f6a540
66cc5cbe-c792-4ee8-96df-43de253a1d0b,AmEx,5326b426-8f1e-40d2-8318-41916c702766
dd420fcd-396a-4606-b1cb-8e027da58bd8,AmEx,7edc6b7b-e850-40a5-8612-4a6a30be5eae
bc9a1ef3-2950-49dc-b0e7-fd738b9c299a,PayPal,c7fe9a25-6f40-4d31-bd3c-83b82679d5e2
a6d6afe3-0a02-480f-b2da-94b54c50f6ea,VISA,897e1400-bd9a-42f7-b7b6-18d64e13e359
0744ca08-d3bb-4c03-be32-5a6913f24b4b,VISA,058da01d-3e7d-492c-8891-3f0a40aed9c5
4431e7c7-2aa2-4a86-8330-25b134d50700,VISA,068eb25f-1af7-46e7-9682-df486785f3a7
a5c11f19-aedb-408c-816d-b0927cdc2970,MC,25176030-3fd8-431b-abc2-49ebd7d69386
9933fe9f-1712-4b93-8473-0a855e2f31ea,VISA,fc8c5217-fecd-4df6-a3ab-b069bbdb18dc
a50dbba1-57ea-46fe-bd72-45eee6c4cad6,Discover,b9411b9b-d9fe-4cdc-bcb6-c9cd91002e1a
b94f805b-0df6-4437-b840-ea1ed736cedb,PayPal,1e39ac25-ec45-42a7-bf8a-551d673928a5
ad39ca17-d6bb-49c5-95d1-2d1abaac0f49,VISA,1882876a-4cfb-47d3-a60f-74dc24f4672a
d390ea68-1dc5-4fe6-89a4-a1d0574811bd,PayPal,b42a0abb-4608-496a-b7a3-c8fe5286f231
5b774b9f-3958-4d28-b74e-53b35f25ebe2,PayPal,668fb574-6e44-4a26-a279-c9dab9aefe75
d9cfe4d6-6cae-45db-98e2-538b112b33da,MC,15873769-fbd6-4a59-be32-49adf9db7fa7
67e1c049-59f2-44c5-9d18-01243998afe1,AmEx,b76b7ab5-ff0a-42b9-ace0-955e7416d98b
7e133375-7e34-4718-a2d5-7f64cd50ca87,VISA,73bdaa6c-157f-4eba-a657-18023ae5ffc9
6216ecd9-672c-4446-a6c4-5cccf095be10,VISA,064e4aa3-f66a-465b-8f33-b8ff79f975cd
5fb38b0d-c99e-4666-b0e2-27cfe56f02f9,VISA,8a135db6-ddb1-4a89-9a51-ac6cbff1d52d
db45b33f-3b7b-4cff-86a0-e39444dc9489,AmEx,7c6dc963-f106-4189-bdcc-621f0dbfc41a
1dfe1d76-4e84-4825-be49-c4f8bdf075a8,Discover,54dd2f35-2c76-48e3-a33e-6e82e4d2b795
de02808d-ecd6-4dfc-9de3-8ccf7298a4b4,VISA,8ab02f97-4b68-4588-8193-635a601652bf
bf744611-8c2b-46fc-8281-d4e500b67007,VISA,9120825a-a18d-417b-a1a1-37228d05533c
e81d3237-d9b2-4a1c-9b3a-d1c3f3062a0c,VISA,3296c2fc-1030-4601-8b5f-9ff76fc6b756
e933e4b1-3903-453f-b8f5-a36e05110f2c,PayPal,bfa212cf-f62e-4761-881c-8cc42fa64db4
0378165f-9d33-41a9-ae33-81cddd32eef8,MC,6d6d2c7f-4206-42aa-bb22-5e08ad7d85e6
118a4767-d1a9-4f67-ba51-59a4248efc05,MC,1dda2363-b7d2-4838-86f3-1b4899005ba1
3e9c9225-966b-4ac2-9117-dfd369f25d82,MC,a18b429e-923d-4ae6-b1d3-1621b3da1cbc
786e3645-5361-4732-9a81-6bae531cc2b7,MC,ab3055ac-0c53-4ea8-92c5-fdc46cd1fbb1
cddfb917-bede-41a1-a93c-2a59e13dd503,Discover,0aa29218-c75c-4e08-9798-d45d3acd7a3d
2d5a4c64-a146-45c6-916b-8742922b5994,MC,d21d58be-2fa8-4aac-8034-afa7d97c0d6e
994fd739-8829-49df-a909-25dccc1afc6e,MC,dd35e1da-098a-4774-b801-f9a3a8c9fc14
ddca5882-f4b2-4c31-a28c-c8345877c48b,MC,089039bc-b663-4faa-9b69-58c0e9c94723
b2b34995-3988-4ee9-9ba3-65a0ac812c53,PayPal,d9a5e571-e4d1-44b6-9aa9-dd0173143abc
0b8b19a7-d3f6-4d22-a848-c51620200bf5,VISA,6e64d07c-9a2d-4d75-a677-472e62fbc375
c82998e2-1752-45c3-afd9-ca3a990160a4,VISA,adf1b0c4-33be-412d-9dc1-148ffce3c6aa
a40ac3db-7165-4dc3-af3d-b81f3251a5fe,VISA,714b4e5b-5fb7-4e47-bea5-e7273a4c2a0d
0fe9e734-6903-407c-9990-9e62c4b7b14b,AmEx,bc17af71-e357-4b38-8bf6-c61bc52eae99
340c3828-6a72-4a7a-9715-ee33c3d7bdfc,MC,2b7057cd-2eee-4e65-925d-161d519ad017
3d549638-a35d-4160-9f5f-7e848b2d2d58,AmEx,d4758c11-7e45-4192-afee-ad4f04d1ab16
24ee5bfe-34ae-4f0b-890b-f5e961d4d452,Discover,5db18f3f-c58d-407c-aab1-3b5e7d9e32b7
96692ff8-dfce-4965-9c3e-7cf758ecc5a2,AmEx,6fc4644a-5551-45fb-9d08-d38b65268f77
dbb61827-4c37-45c6-87e1-49ae296f1537,MC,692591e0-91aa-44ff-a214-d5f4d651e71e
1ccdceac-698d-4c44-b603-b8b060791fe6,MC,ed374b7e-a128-46c4-9460-21a937e3981d
1c94c850-297a-4cc7-b990-5cc14814ca78,MC,a7b8762b-9693-42c8-92f8-406285cc0586
d20a82d2-7369-4b60-831e-3c892c933c18,VISA,5df67641-52e6-4f1d-ae5e-dd8e6284226f
a9f27259-2670-4e9a-a4ec-feb8b8c4e384,Discover,a1f83c55-1b9c-4c6c-b6d0-3700dabd0aef
6075d635-adf6-4444-9ca4-97564dcfd378,MC,739ee1a2-a7ab-4b7c-af77-2e0229c684a6
f36475f9-ca83-4523-8583-e9d68a6789b0,AmEx,930b71b0-7822-49b8-bc3b-7e146104c6ee
93e79b86-80d7-460b-a79e-ccacd7166c19,VISA,81b93da1-9209-42ba-bb21-eb526c984799
b9f86813-9307-4b4b-bb32-4797296cf9c3,MC,7aaa879f-3524-48c2-9080-b7feadab1428
ec55398a-22ac-4315-baa4-398cc203d68d,VISA,7593d6d9-11c1-40a5-8535-30fba96a9d90
d80bbee7-4592-49ec-a0b1-23d7caed44dc,MC,044eec32-7ee1-4788-8cd7-785aeaf49441
1a8d5f4f-9d56-449f-9854-82434cc5cf0b,MC,7394b837-8579-49cf-b6eb-df4e32a99519
20a195ee-d6d8-49f4-86b4-9e2d53a2d44b,MC,8a78cd51-af2c-4e39-9248-5bf62c5e61b4
5822e6a0-6384-4466-8bd1-b5448595bf45,AmEx,a6ca65ac-44a2-4f57-866b-1503b1f2b4bb
c78203d1-cf06-4354-ba60-8a95de65c5eb,MC,60cc0983-cf5c-4059-8b38-714b725e248d
66aa76b2-08fe-4a3b-8d68-003ffd9fad17,MC,8f276d90-86f1-4106-8be2-3cd76f8b2f37
f540ec89-9122-4921-9a73-322c43c6deff,VISA,602abd22-9759-48e6-bd8c-82e0d7d7c3ee
08eefefc-76ad-432e-9052-eab646135f40,MC,39e84edc-079f-4b2e-9a1d-cb3da346b281
f0f340d6-c776-4c45-91ce-6f0f210b62dc,VISA,c44586cd-0c00-4a4e-83b6-1893039ce6ce
3e7ef45c-2936-4bca-9038-942ff6dc1b3b,MC,f9203262-ed49-4e04-837d-f50cfe2d22b8
a60aa9c5-1643-4cdf-9f60-f4fc27c18871,VISA,d62abc94-9eef-4c95-b345-7d34a8fd2394
6a6866ea-305b-47f9-a576-e1c33fec4030,AmEx,a028893a-6a0e-423c-9300-8ec8473529d2
04032174-babb-4c6b-93d3-86845e531dc2,VISA,798dc449-ca0a-433e-947a-d56f48c8933c
69c9fb39-3716-41ac-b805-b7c6e046ada6,MC,d825d6ee-50f6-43e3-a38e-945ff696f2f4
3ea360d3-93d3-4e75-841b-99ace986453a,MC,c4a2dc08-0386-4e86-ab4b-5a6f19b9b8e6
6e115e2e-e422-41ff-8566-706d0e48482c,MC,9fd6a66b-40a7-4bbc-80ca-a9b8ca2a2b63
62173510-458b-487d-84db-e3225ae995c8,Discover,b78feaec-66a6-493a-9988-928cc7bedbcc
d0b88772-109c-4b2f-befd-147598e5d739,MC,112a8870-233b-4cfa-9306-95d0cab5e028
e019e350-1b63-42e1-aad1-d23b857cc15f,VISA,63276224-96b3-4c2c-b00c-ce48f34c5967
57fa1edf-b141-426b-bc6f-c8ef293fc4e1,MC,1eae96d1-0d48-418b-abae-5190bf5e734b
9540ac5a-07c0-4b5d-91d4-5383a1361f1b,VISA,59d5faaa-67f2-444f-85e4-a447e880180b
32329d19-3a06-4c3b-911b-4d3b69e627e3,PayPal,ec39b059-7ad4-4b7a-9c15-0449566280db
fd09fa04-27cd-49c9-8a25-f5c34ff821a5,MC,650d2c1c-1237-4ac4-bb2d-92631be2646c
bdbcafd7-789a-4f99-86ab-8f9863c87c0e,VISA,726b96a0-576e-4dc7-a14c-035e7a120018
f43acba0-f0b4-4a27-b7f3-0506ada0f1ea,PayPal,11318cf4-3d2a-4e34-8234-596a700cb872
5e566777-6839-44c3-9aeb-8db80957ee28,PayPal,43b61653-e5f3-4a47-941c-b2688da006c1
1f39eeed-adf5-4db2-944d-7cbe314218f3,VISA,fa02cfcb-d8c9-4976-8551-b41d508671a1
4f579772-4eb8-4b7c-983e-3ff776c72ac9,MC,10227cba-e7e8-4df6-bd6b-eb70ec83f08f
7ab65496-f533-4037-bc75-2aac81422038,MC,81bf1236-1e2e-405b-b6c4-f861cc085f5f
91fc0a59-a2fc-4e57-9478-a0783e92c666,MC,13bbfb5a-076d-4191-b640-41a7217acdf2
e6b7cb2f-e955-4eef-bc09-769581974707,VISA,42538e02-7bd1-4899-bc63-686ce13fa370
cc440924-cf73-4677-8947-8db96876342e,VISA,0bd2daf5-feb6-4f74-9860-ef01e495dbbf
c079b4b7-a804-49e9-9293-b9fdc2e2dd66,MC,7c44dc7e-7a8e-4929-ae75-79235728a683
2b154008-f24e-4c89-b287-2a3d3163a464,MC,cbfb0761-1d8c-4315-a87a-3f7f00ef6b20
4dcee81f-1964-463b-9b99-dddced55181f,AmEx,4a03781d-0936-45f0-b828-ccbaab8d993c
68ae7869-b00d-4695-acb0-82a4a76a32ae,AmEx,6f1f3f61-0d1c-4d43-b296-cf678b70b9be
bab72f44-4687-431c-8b56-45520ee903bf,MC,6cd45455-e6eb-4a19-8bc9-eea8a89ebb62
3016b5fa-18dc-43e1-b991-d95fa0402459,AmEx,16f9e9cb-2ca1-4c55-99a0-c25cac7bd26e
5f797388-f2b2-4eef-a543-92e64406701a,VISA,c8454cdb-74b8-418c-9445-d86a72f89a1c
8315b28e-499e-4c97-842d-a7714275a9d6,MC,53962ba6-21cd-4cdc-af3d-260a993c403f
a2b82223-776b-44bc-a3c4-577a14d9f7bc,MC,5755561a-8073-4400-aa34-a6fbba41fd90
823bd013-45e9-47eb-be82-03fa962b9800,PayPal,7d6cbf8a-906f-4165-9a1e-31180acdc2a9
a42f8c21-373c-4416-9eca-4bbf0eb17c59,AmEx,15277bef-3cd2-47e2-bf7e-087d559c2e23
33cb2a45-8a86-4f48-a63c-0855314d87d6,MC,01def9c4-238b-4557-b730-d5a3195316dd
e527ab0a-412e-4967-a8ef-4b777031ed65,MC,1923b39f-6174-446f-8349-c7ec80aaf83c
72974616-2873-45bc-a29c-5c602ddeb73b,PayPal,722e9228-38c8-45dd-b695-1c57c67173eb
feca9947-29ba-45fd-aa67-8b6a96ed71ed,PayPal,9b4d9001-cf48-4c8a-9e27-b4e3edf7435b
8fc6884a-c2e7-477b-bf70-aee95d11072c,VISA,4061e2e4-1b84-45d2-9c53-bdf2d6cf4435
c5bf3141-3689-4e0c-abc3-7469e9a932d2,VISA,e082ba18-e811-48ba-8e28-b71e73ca9018
f54492df-e97c-4d03-bd56-a7b9c655b358,AmEx,68dcb143-d770-42bf-8ce5-04cbff01405d
a19160c4-69e4-45c2-8bb2-1cf3c75c3e0e,MC,ef0c42c5-5eb3-4636-aab1-c2a80984ad07
7c8552fe-92ec-4a45-9be0-2734538d0988,Discover,8fcf0e87-1283-4cf1-a809-349b1b206930
117f45e8-6885-430b-89fe-b9b397a9c1a5,PayPal,b59a2b5b-30b0-4ef3-93b1-8bd3a5ebca78
fd48b8e1-be7d-4c2a-8ac7-9004164f65ec,AmEx,1441d3d4-7b86-4503-b0cd-401176c19dd0
dd16d4a7-cf03-4671-b45c-7c06ee665cb4,VISA,475546da-05f7-4a25-990f-f7341d70c5ed
c39f3793-4a8c-4d51-8f1d-153678005a97,AmEx,cea3a453-74de-4a77-995c-0de70c1b59bd
c3dda517-9b04-4963-a836-82286b1a0bd3,MC,901a766f-f584-49ef-a0dc-70ab83661f25
8dbe9949-ca49-40e2-910a-16f6967be8ec,VISA,a41eecb2-1b97-4628-94d0-f5988a75b62e
702cb20e-7eb6-4bc4-a863-6475b694e976,AmEx,b5b8cdec-c93b-4e6c-9e28-ed49b4bbe685
5bad6fd3-f5b4-4101-a28b-5140ab049380,MC,cec16311-7ac5-4932-9992-b15caa4537df
daf814df-b596-47b3-b9f0-27b3ed2c4421,MC,90f36799-fe4e-4d6b-b68c-41e2f7e69eb6
6b91317d-b107-4de8-a24b-5408604f67a7,MC,89b00f41-56b1-4eb4-bef1-ec96c6cedb52
315f29e3-12e2-452b-8f71-59e8e38d0c61,AmEx,59d18249-fef3-4294-bb31-473d10120aeb
765d1cfd-c755-463d-a34e-5cc2aea77ea8,PayPal,ed22f24c-87fd-407e-9461-3dc96a54ae6b
fc7dfaa3-7b18-4cce-9fef-fe63ea2db4cb,VISA,58614f58-915d-449b-9a95-5ca550b820a9
194cdd5c-4b21-4474-b802-065b16a2661c,MC,ea25ee49-1917-4f49-9c48-554a0108ff84
ec2c7de4-06ab-42cb-9df1-38319d09ab7d,VISA,98b27054-8c3d-4ab9-a3a4-3dec81a49180
3d76028d-9ab4-4d2a-999d-a20335660559,VISA,06fadf79-128d-47c9-9c83-223199812d9e
3019cb88-820a-4014-a2c2-79a0593ad935,MC,77e04abf-b68b-4af6-acb3-b11c92f828f4
a44563a1-9e58-4606-abf3-b9f4f460fb8e,Discover,e780a4ea-8a06-4ae9-812d-549b7e0fa821
c60a78ca-2a8a-400e-ac6c-708a0b6bb8cd,PayPal,ce2b1a7d-a1a7-423f-89ed-846417740ad8
e06737aa-e68b-4ebd-af1a-935ded670a13,VISA,85ade699-ca0d-4762-a99a-3ea5cf48787e
9e003a1e-5e3b-4a1b-b238-b1b9fccb97ff,AmEx,886816a9-c1c1-4b84-ba0f-aac7f923402d
10bedfc8-ea84-4db4-8e95-a596de568aca,VISA,5a6788b4-cd88-41e8-8e95-0f4e3176af2f
dfe31ad8-9315-4574-853a-d5f4df4204c9,Discover,fae2ea4c-e1ef-4a03-9c93-e0fc5bd7fd66
0ce118e8-9bec-43b3-8784-baa44bff739b,PayPal,fdcc14f8-0bd7-4436-8bab-88e11844da4d
cfc01d72-3f22-4037-94d2-6759a72712f7,AmEx,a25cf904-b188-403a-828e-162d0fd50d9c
027b99c4-5446-45e5-906d-3738d2a8ec48,PayPal,bba66aa6-5af0-41ec-b7e3-c518e8009fb7
a2aa3c1b-f699-4aba-9cfc-0cdb0b65827a,AmEx,bdddc934-918e-4930-80d0-e8ed65f97a36
08e599ae-d55c-4690-a0e5-7738053bf94e,PayPal,b8edd593-75a9-4f43-ad29-9446cde6120e
a1ae560a-f8f8-4f74-b1a1-c0b9b7957b4f,AmEx,feab0a13-161b-4e8a-9472-052c999b9fa3
777ea76b-3523-4951-a649-7ccf4de03a45,PayPal,a9c9714c-e1b4-4f63-ab98-38ef796d9e21
0997e75e-61b0-45f2-af8e-e41850bbbb6b,PayPal,753064bb-736d-4751-9f3a-c41409ae36f8
cc61f95b-1de4-4103-9aa1-d10dfcd76e15,MC,7068331a-c9a5-4b9c-a801-9f3951c43b1a
e8708e05-bd48-472e-bbb8-c0b758c9271d,MC,708c3087-55a0-4314-9438-1de029678f0c
81538c5f-3bb3-4f1b-8ccb-1521f960f667,PayPal,d7217089-6930-4375-a909-05e8655d67fd
99367a0f-fdb9-4780-9a87-94d90634442a,Discover,8228e8d7-e24c-48bb-a38d-cdf3c989876b
3b0fee60-b4fd-4094-ac1d-0004e4dd444f,VISA,1b909e8d-ec88-49ea-a094-dfc83ebe6178
a21f298d-f7a1-4dad-94e9-65b030442a37,PayPal,f78cc0a1-30e9-49de-8d32-314e8af2fd0c
322d60ff-cea1-4920-8692-1792518bce1b,Discover,bdd42934-f26d-4267-89d3-9223f30b4733
fe023714-06d9-4457-a422-34eca97e085d,AmEx,5dad8674-e736-4c1e-98d8-7466bac54141
c0efbcd9-83ff-4e7d-b702-df3480f8e491,AmEx,5380f526-5190-49ce-ab0a-860d0e9e8a3e
cde1914a-690b-443c-ba42-29c9ec717de9,VISA,809f1928-6165-4f3e-84ea-440b718fd3a2
7b50a2c3-eb72-476c-b8a0-ac872747dd78,MC,5e3d4519-51b6-418d-8f2b-100c238bfb67
7e09da93-7479-4f92-ace7-3762090a7966,VISA,8eff74ce-b9e9-4a37-9494-6baee95bc41f
0715cd1e-d176-44c4-a348-6792d9218856,Discover,d7a9bbc2-386b-4a35-abfd-07fa96819a66
7656834f-bb4e-472e-afc3-ebcebc98de2b,Discover,5a1c7d1f-6ceb-4a48-bf58-b65831856c58
4fc0fbc1-c3fb-4974-ae4b-9a33da73f2d4,AmEx,0e0b9699-5ce3-4cd7-a792-dc79e72b432e
bc38b6e7-2c66-4ee1-b9b4-8973fc478980,AmEx,831707e4-7d34-45ac-a9ad-b822cab81cbf
6a38f667-a20d-40ad-a599-01e6f5d7b450,Discover,9c031b13-afae-4f47-aed6-cc8371122757
c1952936-9d17-4c0c-a912-bd365aadc857,MC,eceabda5-e94c-4c31-ab63-79e514e188ed
bc1fca58-d5eb-4f70-8843-c081be06a1ac,VISA,1309bf10-2788-485f-b1bd-d1d75cb95284
b0c63187-f3e1-4383-a724-7be538c2bb60,AmEx,f71a7e84-0493-4669-a927-db9990b3d748
cce63363-8deb-4249-9875-50ba0504f445,AmEx,626488bf-95db-4a32-b37d-4857c38a2efb
6730b865-867f-44ea-8634-a2da7b69f72d,AmEx,b4075bd5-986c-4dc8-9ee7-9851df6a03c6
0725049e-2dd8-46f5-bdd1-24bb08d927be,MC,56c542d7-489a-4943-9694-3172d70c7ec1
0e264758-2d51-42a1-9665-c6a2bf5f03e8,PayPal,76629902-2228-408d-aefe-4fa49204082a
8c1ebd6c-1e8d-421f-b6c4-8dde996ccbe8,AmEx,86620737-a023-48d9-ba64-fc45eca67af3
d5cf84cc-55d5-43ef-8caa-e1b8476c0040,AmEx,c4d0e38a-0c6d-4a48-828d-66daf29525ec
76662dad-f8ba-4c2c-bd81-4ff2139cc016,VISA,c36ce40a-e7a7-4221-8f6a-7ae59e61b586
4da89702-2d58-4919-a54f-1c8ca6ae29a6,VISA,ef3e1550-1791-4aea-842a-79d035d24f73
9cbfc093-8e99-4fd5-9a7e-00955c4ee412,MC,3be700f6-2379-4cc4-8860-17ded232bb0d
9cc96116-c991-468b-9a26-429fa8d0c5d7,MC,d6de7369-0128-4594-9b18-22134db52384
a1a99df3-2c64-48e9-b492-432e44994de2,VISA,ecd5bc41-e7ad-4930-b693-b0399a427309
78a58d57-73aa-4bc3-949a-40116d81c8f2,AmEx,f42b882f-389a-41f0-8394-0a19669adc70
026b6f86-a778-45ce-ac55-74446e0f8e53,VISA,653d8ba6-6028-46ae-942c-d4665bc8252f
879b7c94-37a8-453f-9332-50e6031c44b3,VISA,2934c38e-ce92-4ff9-9a25-6b2f87aa5015
bc14a8ad-281d-4903-9879-70deefaba598,VISA,2a48a673-1716-4caa-8e23-cd2ca3c2528c
2caaa5e6-1f89-40b7-b9bd-f58b40ab3efd,MC,0da9d041-4fef-4086-8d3b-eaa302c11fb8
73d3a8a4-c9b8-4549-bbe9-49d93292ccd5,Discover,6177b427-cc77-4178-9845-75a27ecb344b
5bdea595-b366-4d6d-a073-6601e43e6220,VISA,d9fb500f-8f6a-409c-9451-3b4b6359f044
2ae31244-28df-4830-9bca-c98542e0fa38,AmEx,67115086-6e91-435f-bbbb-f46b50617759
095c3d8b-52c2-4b32-921b-6912a7eafeec,AmEx,24d34a53-20df-4ed7-817c-e62b3ae65d84
8814a89d-1299-4833-b61f-a909d62c461d,PayPal,c627a776-976c-48f5-af9a-460c0ca95a1e
6aaf52d2-6aa3-4a75-8dc1-f587fb414cb8,VISA,c9a423bc-87f5-4a4e-af46-102821a7f3f7
68d02111-f35a-4297-97fd-b64566aed4f8,VISA,e4adfc84-e176-4088-8547-a3bb5901d691
61095f6d-0b68-4c97-9412-2b533b7964fe,VISA,4b8980c0-940a-41b9-81f8-9a39ba96b84f
d5b593e0-7709-495e-8479-8edc30434794,MC,76bf6122-0b4c-43ee-92ee-9ddb1b8e7805
3fdba08b-5ea3-4b6e-9baf-a1a03f7a9342,VISA,100bf800-0278-4256-aa8e-56d22dc2ae5d
79bf6e89-482c-425c-a13c-d610feffce52,MC,56bc8ceb-82d1-4240-9a73-74bc1f72ae53
07776b74-9f1d-4ce0-96f0-b18ea7c7d1db,MC,195fc2f1-d11d-417b-bc5c-b48f079ae859
d66de639-1921-489b-9343-8d894864c33d,MC,a3f6b85a-d328-48c1-82ea-9a8d2e3afa53
caa72dc6-bf62-4888-b060-b55ace8359db,MC,00518189-31d4-4ed1-86e5-a9e2bea57644
848873bb-0080-48d3-939a-758011019c5e,Discover,b78be6d4-c625-4442-959a-93bec517f0a2
8e3f504b-d0b2-4c70-963e-56eeb1e36bc4,VISA,7e200a8a-a01a-4f0c-9f7b-cd3edfd29eb9
22b81cff-5290-4178-a460-fc5037bd093a,AmEx,9877f556-9666-4a7e-a0e4-f489bc5366f0
0599c56c-330a-457f-af06-5ed07ac17b56,VISA,d7a58f1a-2e82-49cc-b56c-9b5ed32ae861
8537c290-366c-4499-a204-622afc950733,PayPal,c0aa499a-58ac-4a8d-a090-8059eeb1b14f
d0ce12e7-282f-4512-a5e9-8c1e4fc7ec54,AmEx,377d1d1c-36e0-4cee-9ea5-a7109e640b3f
a1d0eced-f76d-42a7-8d15-681b2abf63f2,PayPal,7e31d9d7-a7b4-42ae-b05e-cb2d1b97f6ec
dc9e82e1-1a54-4ef1-9a43-5564359ff265,AmEx,60db7bb3-41d8-45b1-9414-58ffb0fecf69
77e426d4-1bd1-4124-9767-b0002efe8051,PayPal,3ad3eb5d-3c58-4552-95b5-74fcc3ccdc98
4bf7e503-d5e0-4e46-af39-d2115c27fd84,PayPal,3a8ac403-a742-40e1-89bd-6bb9cabfcee1
6fbf7079-3713-4017-83a5-7ea40856655c,PayPal,db737df4-31fe-4c70-a026-0130070a800c
2ce270e0-fce6-4cd1-a3d3-656d907b5edc,Discover,ce8814bd-955d-42a1-b48b-2fa1034cbc2b
86adc740-e065-438f-978c-e21d12c49eb2,MC,d9460ffe-47c7-400f-9d28-d4f3e853736a
536c2ff5-a30e-4da8-9738-ce5319aca546,AmEx,368e0152-c98b-4d2f-beab-719d4191d3b0
3b64c4fc-6a33-4036-996b-4b05740a202a,MC,68ba3927-9ff0-4c22-98d5-bc266bec3c25
991cb2a5-f8df-4762-b645-1709f62bfdfa,PayPal,178f268e-ad8a-4775-aee6-f462d0c709e0
eabb8bbb-1c72-47a5-bce5-20bd7941491e,Discover,ae91bcdf-ebab-44cf-b4be-86952af02237
ce7b0001-3673-41ed-82d6-8714282153fc,AmEx,bbfef518-3af9-499d-8d61-ef02bf9087c8
d5496a99-6954-4d72-bde8-8f97af8a9f19,PayPal,0b7a30ce-cf67-4885-8381-bc83412f8337
5c2ed3c6-7608-4cda-8654-3ca7fdc73aa4,PayPal,2c64290e-f338-4765-b15d-a20c8673549b
341ab779-caeb-48c1-a6da-4c85169ff960,MC,c509d399-f4f9-4656-be9c-3655e154723b
4acb9251-5605-4157-9229-a700d9af7e4a,VISA,eccb39e8-c795-4767-8dbd-3834d35ebb00
7aaec9a5-8318-48d8-b399-0cd452eaf48d,VISA,d771cbaa-3cc9-47fb-ab8d-f028bc837552
9058617e-5f4a-4d78-99fc-ccdf902376e1,Discover,3423f8c7-cfd7-4fe3-9040-db7a02b0a7a2
ff6efc82-d6fa-43a6-9462-eee599dde24f,PayPal,6dd7ae6b-acf1-4edc-bd1d-bb6a99f08fd3
4601b3d5-93ac-421f-b2f4-bdee4a80c174,VISA,bdfff98a-362a-460d-bd1c-290bc4a3db16
10b7cc32-5efe-4f88-bc83-e8e11ee95708,AmEx,7eb296f5-87c1-40ee-ba6e-c059b3804397
3cbe15f4-9052-4007-99ec-7b0f67ebf8bc,MC,49422730-19ba-410a-bc58-2f15936048b9
bcb3c992-d2ba-4c57-a2ae-db8c1d4d122f,VISA,0ad69f8e-58d7-456d-8cb4-56ff3bac73e8
77847742-b425-4235-be11-7ac8ef6efa3b,PayPal,84c9b248-cd24-4119-a6ae-65b137d8a9a8
0ef58180-9678-4ec3-be29-66e4d9854055,VISA,daa8d656-5972-4583-84d5-62850f27a074
7b55ccdc-2c5e-4fc7-bebc-4a53a854fc93,VISA,be76df97-8dcf-46b5-9e16-faf5781b0f1f
46d52ee0-02bf-4f6c-8f54-1564ef93f0bb,MC,909a3fc8-69bd-429b-9e5b-e9a1ba8014ea
ffd18fce-f4c3-44c7-ba4b-bc66a69cc026,MC,3bd521f2-121e-4840-9bf2-7f735b732463
629d47ec-d53f-44cf-a9c3-b301aae09bd9,AmEx,8364d7dd-6372-4283-aed3-09ffc5edc90e
b7e8b32d-2c19-4a24-8c7d-7f11d3f92170,PayPal,1cc00422-3612-4712-8128-a407332fade8
1e81e39d-e18d-436c-893d-bf106a76833a,MC,1f10b8aa-ac73-483c-9d36-1a8dad30b6ba
104933c0-4fb9-4822-93d2-5f19f661a965,MC,74182a53-6f64-4971-b659-086940b90f77
31de8b51-9201-4ddd-ac1d-c8c891127364,Discover,fe2ee7d8-fb2c-461a-9c84-d509a23ccafd
9260c80a-3f35-49c9-a731-5f76cbd13fc0,AmEx,9caad26d-bdaf-4047-b4e3-ef33f23be857
4ae5ba16-a941-4111-ac4e-3e2d5691f3be,PayPal,50870d86-b968-4da7-9475-38dd89074a3f
325951b8-15af-4fdd-be3d-34111782c84a,VISA,d8fb586e-953d-42ea-9438-609ac1bd095c
3fa9ff93-a3cc-43d8-a7b0-319609cfbf69,VISA,0026a9aa-7f06-4d83-87e6-f668479482df
83f5d321-089d-4a3d-8790-87b3d5c66029,VISA,1328e4a9-cfc6-4b20-80b4-7cfbc2ccfc4a
fa0867be-b09a-45a1-8ca9-e26c60bd161a,PayPal,3ae1c183-7351-4981-9b52-d3ed6b9d158d
0d45bc6a-7e96-4985-9370-1b2e846e0a15,MC,4695b567-88cc-4075-8de7-a3311a9aa419
35ffc434-4eba-45db-a323-65b141fdf63d,MC,6fbd571a-e14d-4ca3-a0b9-d07b920e5be6
01622386-65a3-442e-ab77-66d2c2f88fe2,MC,4ab95f9b-2ab2-4fa3-9158-8dbab19deb31
b0675686-2664-4984-9f15-e34df49047b4,Discover,b5af7b84-7d21-473e-b7b7-42a64707d5ec
b5d1fb84-e8a9-4429-9054-a1532126c175,MC,0faca99a-aa00-4ce7-9e6f-0cf1c265e11a
b4b953b2-3589-417b-beff-63671de59fe3,MC,ef0ad22c-d72a-46fb-993e-f018db05b4ce
64335fc3-57f9-47da-91e0-f6605a8f2df1,MC,c1423aee-4173-48c6-83a3-452ef0d42e9b
6f9edddd-bfbb-4f20-9631-69ad1ebb5b4e,VISA,91949437-a447-48a5-aa79-ed475c8066c4
238a3aeb-78eb-4384-a5d6-15b1eb29fe4d,VISA,c9701406-8c8d-4514-a5c4-bdbb2ee78c0c
f43b8a10-0fd9-4b5c-b003-07c99dd31e40,MC,f06fd496-fc43-4c41-b57f-cc7dce0276ea
0bee7ed4-26ec-4793-be8d-a216f7018e1c,MC,0442f022-dad6-46a0-b1b4-624b45c99f93
ea3e0588-84e8-4314-9410-243fdba3b285,MC,3316e546-8876-4779-9c10-5208b5998b95
ff4411fe-9dc6-427b-8d61-ad17292ef005,MC,1a449621-c62a-4cc3-a0ec-efda98b4c997
e6db0ccb-a62f-49bf-9037-4cd5d0638b3d,MC,42e97a00-ee18-41e7-8802-6e476765d691
be554384-0106-4a15-a15d-13ed40ab6997,PayPal,2d24ebc2-0a39-462b-850b-ff92efc19b69
91b98305-ff48-4f8d-a249-ced7ad879c58,VISA,8e111852-4113-4e4f-b1ee-75f58deefbe3
1a949250-1147-4a65-abe4-11a3c83b9ae6,VISA,701b8fd0-4989-46dd-a1da-394013539870
58343718-d110-4877-918f-42d2cf056d6d,VISA,ec87664d-9f12-46b3-afb0-6847b2027f8f
38efb90f-72b5-4f3b-9de8-332eb89a0ed7,VISA,545862ee-c971-4ac0-964c-490eb5dd38b7
bd6f4938-890d-45c1-8fa2-3b8f6f8e1534,MC,b8c6eae5-5c9a-496f-bfd8-3eee8d2218da
cb24e158-335a-4310-941d-30337731913a,PayPal,bfef01f9-2388-44b8-a580-f5a049e088c8
8ddf74c1-1278-4569-bd67-08752169bdb6,VISA,43a89112-7c1b-4501-9128-6b4903aa2eaa
f51ae6b3-0906-44a1-9908-c02fbfa128ec,VISA,2bb2c317-6281-457e-bea0-889975ae62dd
9807dd1a-58d7-4d5c-8b68-be53b1e2ee98,VISA,042069fe-230f-4d52-acf3-4913473a8446
c55881bd-088c-4f9c-a143-81fd997e7a53,MC,1b580938-50e6-4adf-b077-6bc01740217c
d809f8fe-1188-4354-9aee-95c010c04d4b,VISA,27334b0b-bf0a-4c99-af4a-fc8c8d33910f
cda2ee99-25dc-4996-a682-545ba4ff95ad,VISA,1cd8e741-9c9c-44f7-86f2-831e6389a3db
49e2eb6d-2987-4241-a58c-26daf571ebc5,AmEx,5e6942bd-0888-46a8-8d57-ed7205f889fe
8f345865-855c-42e1-87ad-f416284ee19f,PayPal,d6bcbbda-048b-4e06-a3ad-ca7ac5e540ca
f01cb68f-de93-45a0-9321-f495a764e738,MC,908a0899-2728-4d44-81dc-b06ab11ed8ed
39bd8c8b-2fd5-464f-935d-82c205a9f928,VISA,de4fceb1-d058-4d5c-9c0b-fbb931ef3470
c3fe6747-ae63-410e-b855-2217a92259cc,MC,5b6ecd12-db7c-49e2-b1a6-8a7e0a9cd1b9
63bb2ba2-ea5e-4d05-9ab2-f8c1b66f09c9,AmEx,dea9521d-39bb-4af3-af00-9d37f016fd1e
d4ac7013-6498-490a-b27e-67272fe76249,AmEx,5ebcb514-0229-42f7-8c0b-c717da6eecd5
88b35029-8716-483d-a01d-8e90d31e4cf4,MC,58f59c1a-6c38-4562-a993-6e7f14ac217e
41d0b273-403f-40d1-b4af-77d4065e8e7f,Discover,2f20aa17-bc3f-4ea2-8308-0fccb0cae13e
731f0969-b944-4197-b42a-6833a46b08af,PayPal,67053a71-3811-43b2-9cb7-a94036143ab0
1f4575c0-3fd3-4782-a6c2-a630fe79c441,MC,195a6f67-b03f-4aad-a2e0-8223aad3998a
fe7b7541-c2ef-41fe-9402-7358d98e08ec,AmEx,b7f62450-2a06-4bf2-b1e2-49b7e3a5c1cb
07a754e8-a758-4816-9f61-1f73b2c0a962,MC,51fb2f34-ab96-440c-9bb5-c38945f60c3f
67ea2c81-f531-4ead-82b3-30c5ec1f1888,MC,5c9bae85-8a03-4ba8-8fcc-415c63e8e50e
17891873-6891-4c1c-838f-7b26ad813167,AmEx,b510deff-1706-41dc-a338-e51c63504418
b7a8b135-b759-4cff-b0a8-f5d604f1296c,Discover,c82deebc-f565-4e97-8b40-ef8b17097793
da42f5e9-dad5-4c34-9b25-76adb283a5d4,VISA,00fd5e55-c787-411e-8e8e-5cd0dbaf1d28
b4b26b4a-b329-47da-8bf9-dde1168a4d91,AmEx,8287bdf7-6c7b-44d6-88df-4d950c591812
e05cd056-ea88-452c-bac2-127b39969bd1,VISA,22f970ec-8537-48c2-beac-2a45ec46b112
acd984d4-1b51-4918-a65e-190921ce3337,VISA,0ae849db-9100-4342-8772-9b8c4be20988
91f2028c-4fcf-46c0-ad6e-03bb5c7ee5b0,MC,74ba6582-81fc-4b94-9a1f-7d4f2bc3abb9
c068afdf-2e38-461e-80f1-9497897599ce,VISA,6e91fbae-2e66-4773-8723-41b531733c4c
9195e16f-e47e-4577-ba71-81d440570df6,VISA,9dc5d5a8-b644-4c4f-b809-6524d13c4d53
5974fdac-20dd-4ff4-b61f-89e77cb80d15,AmEx,099df46a-9e3d-4329-a5c1-3cb760d35f84
26457cf1-cb24-4e3d-b446-dd24027483ca,VISA,0467c566-f9bd-4676-9c3f-24911805c048
28cd6b2e-b091-45a3-8f7b-2a7c3e5d5a6c,VISA,d8096886-c070-425d-84a1-706580c0a21d
cb493262-3fd0-4484-bb5c-28e15efb91e7,Discover,2ec1b042-07b1-48d1-b409-9de8bad45792
6cdff3f8-920e-4105-8c1c-78ed2814732b,VISA,a17eae49-9970-42c0-9812-417ed385e397
faa75241-d86f-4cc4-be5c-44fea4215b2b,VISA,4995bc2d-8c7b-47e4-bf32-42cfd7e80e2e
353f4193-494e-4a19-b902-fe5029589a39,PayPal,ea78d990-eb23-450c-8c8b-f3b98ff388ed
df9d51fd-a388-40e8-aa55-b817a8ea003d,VISA,017e878b-9e2d-450f-b70b-f84b05bb33e6
35eeb253-d9f3-44d6-89ea-365409d65ff1,Discover,15a77e95-fabc-453b-a049-a040181d8ea2
ee4c4ff6-0f90-4748-b965-7da43ee362cc,VISA,aacd710a-1ed1-4d17-8828-d848afc8742c
4e48196d-4322-4c4f-99a2-6a6d9768fec3,Discover,8a764751-dc87-43f0-8e01-7c3224e1d459
18a215ce-05bf-4a2f-ae4d-d39f75c87851,PayPal,b6d50283-d868-4d55-8762-6160f0f7312a
84e216da-e9c7-4144-9773-36ab6b64486e,AmEx,e26e4733-7298-4e7c-af5f-df8d374d2459
28597fd0-9b49-4af3-be40-790f77267c99,VISA,b2a54744-d7b1-4b20-932b-e26f3c849cbd
b3dd00df-19fb-48a5-963c-27834b445f33,Discover,42d96c64-6079-4afa-9fee-cf3e6d53958c
94a8784e-8c73-48d2-be49-715447010203,Discover,9ee4ce80-fe17-4cc5-aad1-19e48301c56c
34c9904f-fab9-44a7-8ec3-a18cd3fe0150,AmEx,eba490b7-8999-42ce-8644-85f3e8b4a245
10ebd5b2-3834-47c5-97eb-399e57cd2d13,AmEx,2f270e18-6774-453c-a379-6b71bb5bd75f
fd3a03d7-8ddd-477f-aacf-28ab5b423e28,AmEx,e65ee0a1-42f9-43bc-9882-6f3ee5dca868
31e11de0-ecf9-4cb4-9c5d-dec3bc1e25bc,AmEx,afdaa24c-b261-4e79-90b0-53cb8cd1d8ec
5136fd99-8a43-4ee3-b707-f0b3e5db719f,MC,33ecb401-b0e2-4a15-9615-fc279fc4ca28
7394fbfc-b430-416c-b17a-9c81f92e0551,PayPal,22fdbb8e-62a8-4bd4-b8d2-f8f1a7b280bc
658ee5c3-1916-4399-954c-2bc77d13ca08,Discover,317830ff-28fc-4f93-9639-5962fd937d6d
96b96184-6612-4775-9b6e-cfe7be33ce4c,MC,22ccb15e-1526-43de-a76d-7b9fedccd9f6
51723c8a-d979-4581-9112-d16cc6dd774e,PayPal,b1ba8bab-5085-4f6f-afbd-3590047998e4
44a47680-0b7c-4790-9308-1b1780b289c6,Discover,bfd08c75-d60c-4bf5-9691-5bb35d48a312
7c4b513d-18e0-4bc8-bf31-b10dd5262bd1,MC,d5adef8a-4a75-49f6-b454-84b2f90249d8
f13e9b09-a1eb-4fa3-baa4-4e981ff0f097,MC,c1b7e707-a81f-4412-b80a-07aaa8723e7f
396be539-d8f6-4000-8c74-8f1f198e3aec,VISA,70abf489-b4f6-41fd-b391-1528ae582631
6236d6b8-6d30-4bd7-a856-7dc7e4b33f56,PayPal,3e800f37-fb9e-4f81-b4c7-06fcbc75a3a6
e14157ee-203f-49b5-aeaf-7ce8b6122ede,AmEx,5b749add-c451-4d0e-a575-f8d775ba41f3
66b9560a-e88c-4d34-963a-fc64d3d7b1bc,AmEx,43a64319-537c-4066-8f9b-e6a938c2f088
adf5b0ec-d179-4eb3-9fae-eb47abb7b043,AmEx,3b3e6d5d-04bf-4ba1-bc38-04757c97de8c
06c5d051-ea40-4416-b9d0-819af20917d9,VISA,b277457d-9e03-464b-bfe1-dd090154d2f6
230c7968-50fb-4fb4-9666-33a692c2cf4c,AmEx,e84f3e77-9a3e-4230-81be-34dd6d1b6ca9
6560591e-88e8-4966-b384-905124597c81,MC,647df637-015f-4c12-a265-29910794245c
f551902f-e0d8-4b98-9513-a4e3e7a7dc77,VISA,f98265bb-18bc-43c7-ac09-d151bab23d7f
b5a29d84-43df-4077-bae3-f6f7b6c12f7e,VISA,d65ce3a4-ca44-4d25-8d88-13b9521b3819
bb318e82-4303-4c98-bae1-697ace3a8842,MC,365ae6db-749e-4571-a8f0-6bf155dabaee
4a781365-dc96-468c-9abd-7ab150eb2edf,MC,657d441f-18b7-4fcb-af58-26128184d187
a394e5d4-d110-4568-84f5-9b1bf5af82ed,VISA,581b1fb9-dd89-4b5a-aede-6cf6f99d320b
6a25e640-6e8c-4fba-ac80-5456a8e56897,AmEx,644cb188-ef04-47c8-94e9-36f18c1df050
97f3869e-6da0-4880-9746-ce74ebe39858,MC,81f62ed0-eb4d-4d59-8d99-4251854c7183
e4ecf3b4-c45a-4c1a-b684-ec2d237e6233,MC,3312e42e-4571-41d4-8a0c-ee5d8d955992
0d9d6f87-c332-41ea-b7f7-c16d9abc33b0,AmEx,acbaa15a-4509-4c94-afd4-5b0adde1b3e4
ab70b181-dc82-4c4b-af11-cee61aa4f17f,AmEx,ed3d4382-b594-4ca4-be5b-f67a45f71bd1
5b58d6aa-3232-4b63-bb50-358a350cc8e3,VISA,f208db16-7434-40af-bf0a-10fe4da2020d
89efbc6a-ab39-43ce-affd-4f576c5ec703,MC,c083f6bc-0321-4c3b-87ec-de7ff7ac42e3
88ac077d-48ca-439c-9c87-2a28f1922f17,AmEx,d85a1692-65ab-44b9-8db9-0d1500c03c39
be7ca6d0-95ac-4eee-9a4a-21cef71aec94,VISA,3018b719-24d1-4108-874c-71fb4f634405
24956182-8d65-44d5-8b61-8ef4a9c353e5,AmEx,ba0d324b-69d1-40f9-acca-eca9db291ba0
9c78fd8e-50bf-483d-be15-b4b230f78fb6,MC,6c379a1f-c398-423a-a19e-1acef61a475c
7652912d-9f00-41fb-91d1-630f54b19cc9,MC,0aa3dea4-93c3-4e55-af06-9ca3c36b45bf
0f807f5a-4657-4391-9892-5b826e28ae29,Discover,daaa5fca-f0b2-4c76-9d10-33133fd2efb4
e2fd119d-8618-4b95-a497-142ad44cbb6d,VISA,8fe42bd4-f666-4410-bd7a-cafa5610950d
2f2a1ca9-b43d-4c52-a499-54596a1c35c8,VISA,eb6cf9a5-60e8-4505-9412-92cea9d1f55f
6f2f886b-5c5b-4971-bda5-468d477d0909,Discover,5d5a44b9-f1b3-48dc-9c24-2448768bd2fe
bff98314-85b8-4163-aba2-613d659840df,MC,b2a29ed4-2079-44e8-aa76-ceb2c37153c6
b540af47-f93c-4a95-af6d-b5fb27235320,MC,a54fc7b6-85d0-4ba9-a608-485d2fcfff19
cfa321ef-1469-47b8-b94a-d4de66b6e9a3,VISA,77fc0e27-dace-4729-853b-1a1274902d8b
6d8283cb-2e93-45a8-a791-0228447038eb,AmEx,5d568990-32d1-4c76-92d7-f580bc2ca50b
4c5bb89a-fe19-48ba-92d8-8216298a6adf,PayPal,ff6ab343-0b36-402b-bb57-71a5294f0574
b71425b8-699d-43ed-a2f0-2d8c58f6d0df,AmEx,e9924a83-c45e-4e99-9807-c9a1f0e5411e
8a08c4ff-d043-49e5-851a-0dac31c8b384,MC,9b493f25-b099-41ad-89b1-5d409b456a64
23b58256-5834-48c3-96d2-60277b241c57,PayPal,d8b1ac8b-f67a-40fe-91aa-523739e1ba73
865a5f4a-41ea-4243-a16b-5dc441634002,AmEx,f6a8c2ac-b5c4-49ae-8ba5-cdbd51b49688
8ee19462-ea2e-4c91-971f-6c88ce4f1676,Discover,9fccd793-b052-4d11-95b3-500b2a7663dd
4d08d4b3-5577-4ace-a79c-63e68f7db1b0,Discover,a053906d-9609-4f78-85e0-c5ebdbe7b3aa
23c4b8c0-5b0b-478b-bcd9-c749a22777a5,VISA,3a2f4ea1-3178-4dd4-9423-8bcb780889be
1ad0ff6f-050d-4e0c-adcd-7a013b12f5f1,VISA,b5681db8-72c7-491e-be9c-fa7c2a4c98f4
871b76b1-fc28-4171-8acd-fcd308b2346f,AmEx,1ddea177-98b4-4b27-b91d-b3e0b357a82a
133c916b-728e-4a84-a0aa-e2885182004c,MC,710db4b1-8ee3-4564-ba85-7397f35f2338
08db921f-2751-442f-8517-374cb881bb40,VISA,88da39b1-353e-494f-a9d5-761a34257b4f
6af1ea5a-630d-40dd-b3f4-c9a83a196007,VISA,21085923-d7a3-46e7-bfa2-93cfb57774fa
583d7cb9-7965-4a0e-b112-a35706eca419,Discover,54bf7cee-98fc-4cff-9786-d79f43336544
b1fb0a63-e2be-49ea-bd3f-b281f7fd9369,AmEx,122b4886-3408-454e-bd46-c6f60d908850
86bf6526-616e-4165-9d81-c9455edc384b,PayPal,384652d7-053b-4ea4-963e-f33118bf1330
88159683-954e-474d-901b-26b53160eaf2,PayPal,c4c4bf5f-73c0-40d3-9aa9-ed39235e52da
1d5fbf5f-7303-4a49-85e3-1a32422fde84,MC,4f6c730a-6a3b-4400-8e48-658d77d16b87
7eb9d8ce-cfc5-40ec-a21d-487f74f034a1,PayPal,e25e336f-f480-4d83-aef6-28e31424f8fb
80086b1e-f988-49d4-bba2-6d78b18d53e1,VISA,7d432cbb-8447-4d3a-81af-2b725434b4aa
a5e694f7-e6c9-4820-9701-b598c2a399ce,VISA,393774e6-4749-41cb-b223-46706649f965
a762f3c6-157f-4fbc-9bd9-5c9c7ea85305,PayPal,2ae551b4-9f11-4f9d-9263-40fec1cfaa54
7c0c316c-8781-4cf0-8790-0af82e9c8375,PayPal,b4ef1638-df84-4a53-86d3-1efdf005084a
8b23eb5d-fb16-4065-b962-17fa0e9317a7,VISA,c1e232d9-9351-46a5-ad01-967a53397604
28ed46ea-dfc6-46d4-b60c-37f5efd77e2e,VISA,609470fc-7a58-4472-bacf-e60e8d0a9543
546fe619-c0b4-414e-bedc-24d65c9cf763,MC,1367c3b7-83a9-49d7-a821-c729a5ea9015
1c1487b4-ad8a-4051-b476-e0b29d4175e4,AmEx,286550cc-6351-4d79-a341-8aa2b6859c58
7e584327-317b-431e-803e-8070da8578f0,VISA,7d908be9-9c6a-44db-b86f-d6418675a7d1
6c70b53a-ac01-4c50-b4cc-2ebfdf610c17,MC,eff750b2-ee1e-4bb2-8eb4-038a9172ac29
e788dbeb-6718-42a2-ab60-ffa203652834,VISA,363a30e8-feb4-423e-9127-d28089dbf202
e4d9923f-f264-406e-a926-a7186a4fb809,MC,548b750d-2d76-4de6-aca8-c3e0eea43f5a
63792fff-9ae4-467e-99b7-333e919ed853,PayPal,649c23d6-8a57-4686-9403-ab58bac3677f
b859c68d-d241-4966-b608-557d00bbcfd7,AmEx,ece2d25f-7b23-48e4-a44b-4cd9e6043f0a
59513cc1-8eae-4c72-bc06-497097b9845c,PayPal,3207bcaa-76a8-413a-a918-c7e6a5c8add3
cfbe4034-36eb-487f-93c2-44495231a5a3,MC,33480fea-ed56-4d8d-a457-1914524994f7
13498ee0-d1f1-4e6c-bf5c-5d67914230cc,Discover,f46c6563-4013-411d-af98-7f49cd066a48
32926b9b-3924-4b5b-8097-4b7d572f8873,MC,0b7de364-5248-49ba-bec8-418f23817632
a356689d-f28b-4f59-ac54-d8f0f9d9dcb7,Discover,465c0dae-416c-40a6-bf64-ca171f89050e
58589dda-c321-4761-9dc3-5e7b5f0f955d,AmEx,3dfb4340-3886-4502-a5e5-b58e263ea6c1
9419e50b-63a8-4150-aca0-1f6bb685735d,PayPal,a5299129-3d47-4ad5-81bb-86aff4b785f4
5f2b7685-dd86-4725-a0f4-d26ddb14d63d,AmEx,bcc1bdb3-5810-4bbc-a1be-f318127f1fa7
5cd96683-beeb-4acc-bb99-6b835a77debe,AmEx,5885be55-084f-436f-a3bf-2ea950303012
612aeaca-b9d6-4744-8561-699f4d0a57b0,MC,abf4d0c0-2f5b-40ec-bf9a-beb9e411c3ee
af59c398-ca48-4c9c-af1a-bc0dd277e519,AmEx,90acb7d4-e185-4d07-908b-ba0b488e307f
9e5115dc-92f8-4cf7-88ee-299d58e0cc36,MC,47562b37-b7d4-44e5-9c3c-189a87bc769e
3ec67c1d-fbe1-4523-a3f6-d29518f40661,MC,80b5f7a9-6347-41fa-90f6-1db8eb25817a
8a80eaa2-3bb7-4151-9c43-b21495eed785,VISA,9113ef36-4eb7-42ef-bf05-58f77b8d30ca
a4c13db5-c6d4-4ede-934b-239b16fa40b3,AmEx,175a994a-c70f-4ee9-b4f3-26e72b9a5039
435a228e-f05b-453f-8e21-147e8f1ef7b5,AmEx,88e8b602-9cf4-44c0-a037-33aed6e5e505
346bdf53-b121-4e4b-a53b-5be2e5d26a4c,VISA,4bfe5672-cc7a-4159-9af6-83b922e8140d
5301fb6e-1903-4e6e-b0da-29f857ba3077,VISA,14aa28d9-b52f-4f78-b564-67ae309b5799
4d75bab7-4c2e-47a2-8754-e14a6dc9da56,VISA,c54d952a-b8d9-4289-9a59-668a597ce5e9
0c94b226-1f7d-4ccc-8c80-661a6cf55ddd,MC,e76d18bb-5eb2-4bc6-9083-b04152649722
e9983b21-9b37-4b97-91a7-e0aeec04f2bc,VISA,afa49a29-2b06-407e-8a85-9cf4cad746ed
9e218cda-b38e-4fc1-9e47-8eb75f3cb7e7,MC,160b8d57-6768-4cf8-b2fb-ddf7f098e50e
15f7af74-bd29-4b12-be3c-56b5481fbdd8,MC,e82e834f-d313-49b9-b06b-c60805a267d7
23618fc3-71c4-41ef-a45a-23c1703f6afd,PayPal,a9b882eb-c11a-47a8-8a91-ecd1973e441d
27078bb0-8bdd-4b66-8563-da4b1e6cdb0f,PayPal,f32bd64b-686c-474b-bd8d-490cb4ee5b2f
1a530ac0-763a-412f-84bd-2f83864b72b0,MC,01452cfd-011f-4587-9a78-b0097e92abba
cb527eea-c535-4689-9a4a-042fdb7de131,VISA,ac88e4a3-b53c-4e7e-a5b7-df9750bd8608
e7d58cc4-aa44-4e7f-bb18-e6bda695657c,PayPal,15dd101f-5acb-4faf-9272-450cb2e4b60e
6919c272-7caf-4de6-88a8-c7529213ccf7,AmEx,58b265b7-cacd-4665-ae9e-19313d7b2118
3cc852b4-5843-4aba-8718-02c529466a14,VISA,0af8fb1e-46b0-4780-9a73-b590a56329fe
6f672a3e-a5fb-42b3-8fc8-6f4ef863a972,PayPal,0ad34263-104a-4599-b58a-bc4531b7352b
cefaf24b-d2a1-4d33-b95f-df12aa45bdcd,MC,3f5dc347-d615-4c9f-8f62-5b161340dde6
b32b2fce-789a-483e-8d26-7a68c537391c,MC,8e96e7ed-c27b-446e-bef2-1d6b195d5b28
89bf13d3-1a29-464f-b4b9-d92539684949,VISA,1fe0ed0e-761b-40fb-bfe0-3e4c5cba9927
54f81d7c-3351-4b28-b28d-b0ddd26d6a8e,AmEx,040d7a7d-913d-4b20-8e8f-65a667e733a9
cc45b16a-a6bb-40c8-a46f-f41df68d177f,PayPal,756a90da-b18e-4184-b7be-fa7867d4f38a
e6968bf1-28f4-411a-a4b3-99dbf41365eb,MC,e9107378-ed3e-4533-8524-dce4884dce21
ea5aa87e-cc0a-4ca3-93b8-d47ee9c15ddc,MC,422d3d5c-22a2-4197-abf5-4c6e9bb6295f
2133301f-ac1b-47b9-adb6-47a27e285d7f,AmEx,0191ecd5-8e16-42cf-9c2d-fbeeb8b1f97b
cba57447-2485-444d-a30d-110f5aec810b,Discover,aeb5c5db-b9f3-4334-83b0-e520bfb79a00
4b5de1a6-6325-429d-ba2b-05d83b883ed8,MC,06b790af-f90d-4f93-8697-7fd859678e15
d98e1195-72cb-42e2-94ef-873ce37f8bd6,MC,ec59de69-7944-4d76-a2f4-a4cf4f32e773
57206365-0a1c-4cc2-8c4c-cb0fbcdb5a2f,AmEx,3f4ae8e1-1150-4cdb-bae4-cacdeb299aad
40ef87c4-090e-4da0-b8ad-6d2fde7d56ca,Discover,c2914e22-c430-49ab-a0ee-0e3ee9178275
bf44c01f-ca23-4a74-8cd2-dace8e1ce37f,Discover,574681b7-c613-49b2-bd88-adef4bc7f14c
d304f548-5a07-47fb-b2eb-3221b94a0d32,Discover,e6ab6649-bae6-4bd9-b533-37c84bb3476f
8a1a0380-3956-4a86-b8c0-25a15e07607c,VISA,239980a8-c694-4d0f-a0be-585c15b396ae
f8e59159-ef45-4a0b-bb25-cfdda5402645,MC,7b659abe-2a5b-48e7-a75b-430afff41d86
3e817cc3-54fa-4edc-886b-fa0fa97ef48c,MC,022f19f7-49fb-4d38-a2a7-5156939bd229
fdf0c89c-f11a-403b-8336-d7fcafa24763,VISA,2f0e1779-8584-4811-92f5-ddec97f96b04
2256d4f3-51ec-4e3b-93ba-390d87c1f65b,VISA,685b582b-ac2a-45ad-b9d8-bf9e70b00a3d
e503597d-dbf5-4b0b-9a24-7bda66053e61,AmEx,d6f5334a-070a-43c0-80be-c3909b92065c
27e37dd5-8c0d-49fd-8e8a-00520ad19590,AmEx,ceff4786-3cbb-4279-8931-5705a264ac4d
161c3375-e003-4da8-8cf1-b724d08c1cfa,VISA,f76bd529-c58c-4fe8-b972-cace79d66acc
2e72e1b0-f1e3-4be4-aa0d-9c7d0bac2961,MC,9ea3ba44-d93f-4895-9018-47950cdeb28f
536428bc-4f13-4017-a57b-f858dc18180c,VISA,8c630094-e8ca-41fd-b4ef-0bd60f5e4a81
de286eaa-b08d-42ee-8b29-229048035ccc,VISA,febe723c-9f99-4e18-bfed-79735f597737
0e171602-b682-4221-8092-23d57428eb2d,MC,b9e05ac9-1c3a-4cd8-8f70-e7b96c19d47f
99488707-a497-476c-b2a2-e94b3d0a7332,Discover,551039ad-00da-4a72-8381-31227d203db2
fee1d30c-c223-48e6-ac9f-e4d983ff3edd,AmEx,a966e072-2c0c-4ea6-aaea-f140b6e7d25a
d303aeae-16f9-4742-9d24-c027e2d630e1,PayPal,77ce0e32-7f59-48bd-bf77-5ed1521829a7
c677aa2d-b9d0-4851-912b-2d75b537a28c,PayPal,b16dc565-45cc-4583-921c-652791eba567
88951f06-caba-4a71-8d24-33f90fbcfbb3,VISA,c37369e5-ee73-4217-9a59-47790a7c7710
ffd117b3-4805-4634-9583-548d6f660780,MC,1fb5557a-e307-4986-b158-bb6fc7bac5c3
c33645db-6838-4634-9664-774a41e86cdd,Discover,c537773f-2339-4064-a647-210ae585f3c5
cab3c794-33a2-495f-a76c-222b2dfd11a2,VISA,55f63475-1c45-4676-b0e7-1e1026c0bd01
b96113b5-eccb-4dbd-b345-4e91e8daf1df,AmEx,4d5f0727-4590-4150-9e29-132130863b21
54bee324-2e53-4630-915a-ab630239d234,VISA,f5bf2e78-ed56-431d-8e43-8e238e62ce63
fa629724-053a-4f90-a2a4-d721b8f41934,VISA,70a598b5-17ce-4fb0-b3da-82860ef09cdd
4ff6fbcd-bf9c-4904-b5ef-e8d8506194bb,PayPal,8642751e-ae24-4603-b94a-de997c922b28
e1c82e6c-a03f-4b91-bb38-9b2e16a83c4f,VISA,96730d34-9fe7-4157-b13f-48f2b659eb9b
97aff666-1a90-401b-830d-a8f5d0ec7879,MC,66b72da9-2433-40b4-8d36-891e40d9c0d6
49ea6bc1-1127-4c8d-a5e1-2210a87dc2aa,PayPal,3229b67e-c4c0-4f97-b8e7-9d62b54bb756
4238afd7-16d8-462a-ba63-4e861c0f8f35,VISA,cac3f47c-3268-4f6d-9bea-fb67eb6354de
780187d7-dfe9-472d-bb47-6d96df2201a0,MC,51f5ce62-690c-47e9-bc02-5fdfa4e912db
b81e3dc4-b8c9-40e4-ac33-ce1245827924,AmEx,824f52cb-b1ba-4157-bb5f-23f975f2bd6e
b529827b-40c1-4c3d-8af5-35b48d6de46e,VISA,9dd02ab6-ac81-40e1-ba94-683b7a07591a
11223082-5c59-4fd1-a430-2b26a0c5a557,AmEx,63888530-943a-483c-a3bc-ee9843502577
1847fc0a-83eb-4dfd-8891-dbc70fc3aac6,VISA,5d5a1633-84c1-4294-82e5-f833655a5830
ae678cc4-1c78-417e-9906-0320322e3185,VISA,1eb1ce3c-0766-40ce-8f3e-80140833a45f
7b15dadb-6122-4ce7-b0de-0eff1aac61a7,AmEx,c2641bf7-7a27-4b7d-b025-90e7f3aae5c2
eb1b81fc-8c17-4de4-8a45-ce13f1e5f1f3,VISA,02c7ebc5-182d-4ae5-b111-73a7622a0fac
444ec66a-a370-4fcd-bf57-5784dbd65a6d,AmEx,8bfc5f7c-0d6a-468a-97c4-b88387d52a24
8d38e08a-5f48-43fd-bf97-3f7cee7094ed,VISA,0f1b72ef-3221-470a-94e8-205634ab7cfc
6b957330-f008-40a2-8229-56841c36249f,VISA,4bbeeec7-c9d8-48e0-a6d7-e0f84072e417
699ecd80-3061-4734-908f-4ea0efb52c88,VISA,4db54dea-1161-40e9-9702-70c1cf3b5d1f
e8f71bd1-237b-40ed-a34f-331d5768a9d9,VISA,d4eb679e-9a66-4958-b573-60f5a2420436
5086bcb4-895e-4f8d-9b2d-a6e9e688b724,AmEx,71c00457-1410-4f68-b729-dadc31388f11
10402b0f-338a-4876-be84-2fa53a799eda,MC,158470c8-535f-43df-96c5-2c5905a9debb
262fe86f-8243-46cc-8294-46547f7ba333,AmEx,972a213c-209e-4534-9666-b9fa570a7f37
dfcc809e-49ad-4b86-b7e9-9e8862a2592b,VISA,c419facc-486e-4d29-9dbe-7e7a2053201e
23141b90-8160-4590-94a7-cea1547ea416,VISA,fc1567b1-c4a1-40df-a4a8-196d9afec50a
68895a04-c109-46dc-89a1-4ce82aa9a94f,PayPal,592ad1e2-f66f-42ce-951a-7b352e67e056
07cf7122-2871-478a-be8e-3d1c501ed33b,Discover,e51d9fd1-46e9-45a5-9dee-f8d8dd155e35
a756dc89-348b-4aae-90fa-5189cedfa212,VISA,6b69ca97-31be-4e30-8e40-318896fdfc9e
7b65e209-7276-4c31-a536-da2fb5777004,AmEx,c6465823-7c0c-49a5-a012-f50a63c1d700
1d3364ee-d0bc-4fd7-9dd6-63810807918f,MC,47e30664-72df-415c-9f90-3ad6c8756d24
6646b99c-a0b9-48d7-8a48-e5adbaac51f7,AmEx,2d639664-37cd-4601-b230-b197bfab8d05
15558d1e-d0ba-4427-8dd5-091907340881,AmEx,7ff33c29-558c-43fd-8866-518b5799703b
6bde6474-ff2f-4c0c-927b-358b6ffe6d75,Discover,a0787165-67a3-4d3d-8904-81cdea8bc681
0b43f420-2ca0-4dfc-b9ce-7ed4045e78cc,MC,cd6c0aba-a44c-42ec-a2c2-c7763599d474
3f50c559-d86a-49ec-b4d9-ec4145a9108c,MC,2aea8085-d2e3-4b18-856d-b8672ab11516
310db1d8-7912-4032-befc-8a7e7c562860,PayPal,cd2a7266-0954-4583-bf72-72661b2afc5e
18b34909-626b-4d4d-89ce-692f30bceba2,Discover,6d08e8b9-1367-4e2b-9b2b-9bcf6b928dbb
f2bdde95-3b20-42d0-b771-351b0ac68500,MC,79031731-4991-4e46-8de8-1847f4a61a0d
530ebc7b-12b4-4747-a4a2-179801d916bd,VISA,d7dba1b5-32c8-40d0-a01e-49a9836bd994
b358e1dc-f6b4-484c-aa08-9c04f332b0c0,PayPal,c25d95fc-1856-4f8d-b487-f309c652cf46
27f9a506-2b04-45f0-8655-df92c702beb8,AmEx,757f1090-3300-4ebd-8a46-2c3016121670
ac8c63ca-483f-4589-9a27-16592aa10832,Discover,ea7e2a0c-63f1-4f07-b4ea-0ec65c71aa8c
b43d7334-b833-4cbd-bcca-2464db9e8d46,Discover,1745e908-6155-43c3-a7c4-5910969c4f29
80868fed-cb7b-458f-a263-8ffcb3477384,AmEx,c659319f-d9f3-4ef3-ab5c-40cc70ecd06d
dae0aaf0-b3bd-4acd-b86c-4d81a8109fee,AmEx,ab5f93e9-1af3-4857-881d-ca2d956ac460
387f7f01-99f5-4127-9e14-d21f91b01247,VISA,e11aab0a-1af1-4d2e-9923-e10df5381e28
7f682464-25dc-41eb-b018-976e01882f35,VISA,fb36ba5e-8bfb-45c9-9f85-c5ed19cf1ce2
4cf8f0ad-ce70-4ce2-9afc-3149c3971bd2,VISA,48ff6396-53b2-473b-9db7-a14928bc524c
fbc891cd-d52c-4996-a6e2-e17e11ffa237,AmEx,08f967d3-44d1-4252-9bff-9516f2cbd07a
e45e9442-e574-4c0c-bdb7-f999d136d3eb,PayPal,2cbf478b-7803-445e-ae6f-4f65e073105e
8dc5bfe6-3aa6-4813-88ab-d36c35383c20,VISA,51feed32-5715-4bd1-b0af-65681194a0b3
0a1996c3-5f19-4bd5-9079-ada45880dcef,VISA,81ebb578-4a75-4725-ad59-0bf44472d0e2
71a45cac-8c9e-417b-9c38-e73da8506351,AmEx,e0eedc9a-91e3-4116-8a08-0d8b37fb4a23
0fd2cac0-f298-42a0-96b3-184e0a589c53,VISA,a6675f06-3404-4944-955b-8cba7dad9f62
f4378d3b-535d-4dec-a92d-3f4bf44cec16,MC,bb51c67d-f518-477a-968e-62653aab8922
a9c0fdfe-d5a2-4c5d-ba9b-b403eb36dd49,VISA,6c9622cd-a052-481b-9afa-f065cb56d1f9
f71a06e9-6a84-4512-bfb2-47557538b022,MC,bda344c1-159e-430a-a596-0ce19b02c922
bb5b4f1d-eeb7-4f1d-b128-a2b32ffa4a5d,PayPal,7db50d01-3df9-4ba0-8d8b-747dc0b4e065
219eec45-345b-4652-9852-fd03fa4aae0a,MC,e0500cef-dfba-499c-adfe-eb2e8708dbf2
f028b705-9c42-4734-a967-44509adee69e,PayPal,587d10bb-3897-4793-80df-a021d23ec80a
1221687e-b7d5-4fdf-b77d-36abf29e2021,AmEx,bfd0fff9-53e8-42f2-961c-cf7dccb282a2
a6ed5f99-4bd8-4f84-bd8d-95ba8c6388bd,AmEx,a782969e-1309-4bd6-bc38-74906e8a8969
9cb08983-5c9a-4553-87db-55e43364e78f,AmEx,ded3f8bd-3c54-4946-b96a-b41729f71ad7
35ec7f22-7132-493a-a5e8-5b3baef76b05,VISA,d3670c27-9ebc-4266-9f69-a893eb9c06f6
04416d3e-09b8-4c80-81ab-d45f76a64ae2,MC,9ec0383d-1448-4a6a-8a04-9222c7ac2320
b51fe0ff-b700-4642-81ed-0de43eba33e4,Discover,a5499b20-38f3-4959-87a0-55dd6f4ac17f
eaa75eee-794d-42b1-a720-fd33ecdfb1ae,AmEx,4daa6442-6118-49f2-b8df-8b10e55f1c53
0c7f667e-f1cb-4739-b5a8-cc62f60ed173,PayPal,55b6aef5-836e-4130-ac82-0e3ec328f2e3
1dc9657a-7a62-4ca8-b49d-3c1c33eb8358,MC,abb554d4-cef7-49ac-a4b3-3738f8c36193
5cf01287-eb02-4bbd-9760-e4317950ad02,MC,b9619f2d-b76e-47ba-a658-d3dbb9f88df0
6c3619c6-691c-4381-9a03-de9b925cf997,VISA,00d37e22-644b-423d-9e71-546d777e4034
8a3078dd-4548-4571-aee3-5d861b8754f1,PayPal,15672ddd-8e6d-4fc5-ab2c-2fcedfe60aea
b4432d31-84ad-44fc-adbe-4ff6b2baeb43,AmEx,69e6df77-8388-46eb-b0a3-3f8a1794afad
8cdfb058-fea2-4b97-9fb0-ef0a1d8289bd,VISA,a80c6eb2-6566-4081-930f-5389bf7738ce
