OrderID,SalesChannelID,OrderNumber,CustomerID,CustomerAccountID,OrderDate,OrderStatus,SubTotal,TaxAmount,OrderTotal,PaymentMethod,IsoCurrencyCode,CreatedBy
1ff0e1c7-9341-4bea-bbc7-2c1614a3579d,Ski,S300000,CID-001,CA-0926,2026-04-18,Completed,1299.97,113.75,1413.72,AmEx,USD,SampleGen
d0d49952-19bb-4f3b-b25e-50263ed4fe4a,Ski,S300001,CID-001,CA-0926,2026-04-12,Shipped,999.98,87.5,1087.48,VISA,USD,SampleGen
9c47bc32-dc62-4a88-9973-eca4f0c52d9a,Ski,S300002,CID-001,CA-0926,2025-10-19,Completed,599.98,52.5,652.48,VISA,USD,SampleGen
35dd7d41-f903-4975-855f-b76a4961198f,Ski,S300003,CID-001,CA-0926,2025-05-02,Completed,1539.96,134.75,1674.71,VISA,USD,SampleGen
b81c7480-f922-4631-a5de-e8f038767fea,Ski,S300004,CID-001,CA-0926,2026-01-31,Completed,399.99,35.0,434.99,VISA,USD,SampleGen
632ae17e-ed03-4fe3-a40f-7b146fb669ba,Ski,S300005,CID-001,CA-0926,2025-03-27,Cancelled,379.98,33.25,413.23,PayPal,USD,SampleGen
b8f8df27-9245-4aec-a590-2401d259c0cc,Ski,S300006,CID-001,CA-0926,2026-04-24,Pending,499.97,43.74,543.71,PayPal,USD,SampleGen
cf51aeec-f429-423d-9645-e45961621f57,Ski,S300007,CID-002,CA-0927,2025-03-21,Shipped,319.98,28.0,347.98,MC,USD,SampleGen
e1451e25-543c-400d-8551-0c4d4037e4fa,Ski,S300008,CID-003,CA-0928,2026-04-09,Completed,1539.96,134.75,1674.71,VISA,USD,SampleGen
f18d19d9-eb42-4676-b587-69a26e8619fb,Ski,S300009,CID-003,CA-0928,2025-05-28,Shipped,379.98,33.25,413.23,MC,USD,SampleGen
96aa80d4-0f0f-4a51-9aac-7bb72cb15588,Ski,S300010,CID-003,CA-0928,2026-01-09,Completed,1859.95,162.75,2022.7,VISA,USD,SampleGen
09b282d0-a76c-4644-b923-c4b0c7109082,Ski,S300011,CID-004,CA-0929,2025-02-04,Completed,1509.97,132.12,1642.09,PayPal,USD,SampleGen
71b57c72-43c3-412a-87de-61ca8129c5ea,Ski,S300012,CID-005,CA-0930,2025-05-02,Completed,849.97,74.37,924.34,AmEx,USD,SampleGen
e041dbad-4b69-4785-8aec-84f444d49e22,Ski,S300013,CID-005,CA-0930,2025-08-31,Completed,719.97,62.99,782.96,PayPal,USD,SampleGen
11f370a2-0833-427b-af7f-707f2410d658,Ski,S300014,CID-005,CA-0930,2026-01-06,Completed,2069.96,181.12,2251.08,AmEx,USD,SampleGen
1b44a401-408f-4c8b-94e4-c5f50473be86,Ski,S300015,CID-005,CA-0930,2025-08-21,Completed,1939.94,169.75,2109.69,AmEx,USD,SampleGen
bdf1d080-aec8-4015-b441-082bbb385c3c,Ski,S300016,CID-006,CA-0931,2025-07-27,Completed,579.99,50.75,630.74,PayPal,USD,SampleGen
6840b586-8f48-4262-a8ff-a689c0ef366b,Ski,S300017,CID-006,CA-0931,2025-07-17,Shipped,2229.95,195.12,2425.07,VISA,USD,SampleGen
82f0ca5b-bb77-4600-b3b4-4b1c026ffcdb,Ski,S300018,CID-006,CA-0931,2025-12-05,Completed,5199.96,455.0,5654.96,AmEx,USD,SampleGen
54aabde2-0bd8-46a3-9f65-7d4fc3849009,Ski,S300019,CID-006,CA-0931,2026-03-20,Shipped,239.98,21.0,260.98,VISA,USD,SampleGen
fba7ecd0-14ed-43ac-88ad-f79969f4e078,Ski,S300020,CID-006,CA-0931,2025-06-03,Completed,499.97,43.75,543.72,PayPal,USD,SampleGen
a7644792-f700-4a5c-8b78-b1be607f02f9,Ski,S300021,CID-007,CA-0932,2026-03-02,Completed,1059.95,92.75,1152.7,MC,USD,SampleGen
87a3fec1-7421-4581-b93c-98509835f0cc,Ski,S300022,CID-007,CA-0932,2025-03-20,Completed,989.94,86.62,1076.56,VISA,USD,SampleGen
3d7543fc-09b2-41be-8906-bda3fc26b9d4,Ski,S300023,CID-008,CA-0933,2026-01-09,Shipped,2499.94,218.75,2718.69,AmEx,USD,SampleGen
9a5f70f1-6085-4906-88e3-1f3c8c3fb44e,Ski,S300024,CID-008,CA-0933,2025-10-02,Pending,299.98,26.25,326.23,AmEx,USD,SampleGen
7dbf57d3-31f2-4081-b805-e942f195843b,Ski,S300025,CID-008,CA-0933,2025-03-20,Shipped,1599.98,140.0,1739.98,AmEx,USD,SampleGen
ed432469-93e9-410a-b9c7-ba8381dbf3db,Ski,S300026,CID-009,CA-0934,2025-09-07,Pending,299.98,26.25,326.23,AmEx,USD,SampleGen
82fa23be-99ad-4dec-91bb-f15fcc84dfca,Ski,S300027,CID-009,CA-0934,2025-06-16,Completed,2189.95,191.62,2381.57,PayPal,USD,SampleGen
fd3dfd1f-37ce-43c9-a13d-d7953a480048,Ski,S300028,CID-010,CA-0935,2025-07-15,Completed,319.97,28.0,347.97,PayPal,USD,SampleGen
3d3f1ad8-29aa-4b33-b728-c5aa3c7e3576,Ski,S300029,CID-010,CA-0935,2025-08-16,Completed,799.99,70.0,869.99,VISA,USD,SampleGen
aa361c82-edee-45f9-bddd-d8cccad75166,Ski,S300030,CID-010,CA-0935,2025-03-21,Pending,2439.95,213.5,2653.45,VISA,USD,SampleGen
489e19a2-cce7-44cf-bc6f-dbac2fb451ef,Ski,S300031,CID-010,CA-0935,2025-02-26,Shipped,199.98,17.5,217.48,Discover,USD,SampleGen
c8e84ef4-1713-4d4d-a0ac-dc09541bb3d8,Ski,S300032,CID-010,CA-0935,2025-08-13,Completed,1109.96,97.12,1207.08,PayPal,USD,SampleGen
006a4cf6-e4ef-4796-a99a-48f5e2ee0d70,Ski,S300033,CID-010,CA-0935,2025-09-23,Completed,1249.97,109.37,1359.34,MC,USD,SampleGen
076374ff-5de2-4c6e-9cad-2adf1932fcbe,Ski,S300034,CID-010,CA-0935,2025-02-05,Completed,2199.95,192.49,2392.44,VISA,USD,SampleGen
92be24a7-f2b4-4cca-a73a-dab34cf0f94a,Ski,S300035,CID-010,CA-0935,2026-01-14,Cancelled,2899.94,253.75,3153.69,PayPal,USD,SampleGen
bea0dead-b824-43a8-8606-1e77483a0e67,Ski,S300036,CID-010,CA-0935,2026-03-30,Completed,2189.95,191.62,2381.57,MC,USD,SampleGen
f666b866-40c0-4092-b914-1258c7e2caa7,Ski,S300037,CID-011,CA-0936,2026-04-21,Completed,829.95,72.62,902.57,MC,USD,SampleGen
296171f1-5542-4511-85c1-86842a33a7cb,Ski,S300038,CID-011,CA-0936,2026-04-02,Cancelled,2699.95,236.25,2936.2,Discover,USD,SampleGen
544214bf-fe37-45fe-8de6-d499c9b1f998,Ski,S300039,CID-011,CA-0936,2025-11-01,Completed,1799.95,157.49,1957.44,Discover,USD,SampleGen
58899a2f-e5bc-46cb-81e3-3c33ce8423b3,Ski,S300040,CID-011,CA-0936,2025-04-14,Completed,1949.97,170.62,2120.59,MC,USD,SampleGen
5f34dfab-8476-4eb6-a41a-57a5f5cf54ba,Ski,S300041,CID-012,CA-0937,2025-12-20,Completed,2399.96,210.0,2609.96,Discover,USD,SampleGen
a79173a5-4450-4f2d-9c4e-a7bac4b423b3,Ski,S300042,CID-012,CA-0937,2025-06-29,Completed,2519.93,220.5,2740.43,AmEx,USD,SampleGen
ad257c07-08be-4196-8b10-dd79f4318e8e,Ski,S300043,CID-013,CA-0938,2025-05-13,Completed,1909.96,167.12,2077.08,Discover,USD,SampleGen
b703b7a4-2eee-47a3-ba44-73fcdc1210a6,Ski,S300044,CID-013,CA-0938,2025-03-08,Completed,259.98,22.75,282.73,VISA,USD,SampleGen
1944e374-b249-4dad-8640-ddfb51cde03f,Ski,S300045,CID-014,CA-0939,2025-11-17,Completed,2359.93,206.5,2566.43,VISA,USD,SampleGen
7f8a8552-722b-4b70-a919-e397ee3f6852,Ski,S300046,CID-014,CA-0939,2025-04-21,Completed,569.97,49.87,619.84,VISA,USD,SampleGen
cc6f1981-c5cf-476b-b8cc-c395f5747ad2,Ski,S300047,CID-015,CA-0940,2025-04-20,Completed,1599.94,140.0,1739.94,VISA,USD,SampleGen
c72c9a6f-8733-45f2-b251-c258a36241b4,Ski,S300048,CID-016,CA-0941,2026-01-23,Shipped,579.99,50.75,630.74,MC,USD,SampleGen
c62388ae-78e2-45fc-92ab-5f33bf296ca3,Ski,S300049,CID-016,CA-0941,2026-04-24,Shipped,319.98,28.0,347.98,VISA,USD,SampleGen
21368cb6-886d-4d5e-a3eb-39a432bf8e69,Ski,S300050,CID-017,CA-0942,2025-03-31,Completed,1169.95,102.37,1272.32,VISA,USD,SampleGen
6a3c05b5-20d2-4767-87df-06ef049dd529,Ski,S300051,CID-017,CA-0942,2025-02-26,Completed,549.99,48.12,598.11,MC,USD,SampleGen
b95f84c7-c8c0-4306-8456-dc1f7bd0de5e,Ski,S300052,CID-017,CA-0942,2025-02-17,Cancelled,1879.95,164.49,2044.44,AmEx,USD,SampleGen
9d26ccb0-d393-475f-aad2-58ae8a68e8c2,Ski,S300053,CID-017,CA-0942,2025-03-22,Completed,299.99,26.25,326.24,AmEx,USD,SampleGen
3c7fe5a8-24bc-4744-9807-225f4849d391,Ski,S300054,CID-017,CA-0942,2025-11-13,Completed,1659.94,145.25,1805.19,Discover,USD,SampleGen
4a644306-dd63-4f88-b8ca-e41deb047669,Ski,S300055,CID-018,CA-0943,2025-09-12,Completed,1089.94,95.37,1185.31,VISA,USD,SampleGen
15b7ce0d-5292-4cb3-b62a-b93a3f61726a,Ski,S300056,CID-018,CA-0943,2025-11-30,Shipped,899.96,78.75,978.71,MC,USD,SampleGen
c946f4a8-8f1f-424d-b377-feb85b6e355a,Ski,S300057,CID-018,CA-0943,2025-01-06,Completed,579.99,50.75,630.74,MC,USD,SampleGen
78ece01d-21e5-4e62-bfa3-bb9291575199,Ski,S300058,CID-018,CA-0943,2025-04-30,Pending,1159.98,101.5,1261.48,MC,USD,SampleGen
d5351d9b-ea15-48f9-9ad7-7b49d7968767,Ski,S300059,CID-019,CA-0944,2025-10-06,Completed,2099.97,183.75,2283.72,PayPal,USD,SampleGen
855dc20e-d975-4d04-9cc4-3d595a9bf42a,Ski,S300060,CID-019,CA-0944,2025-06-20,Shipped,1399.97,122.5,1522.47,PayPal,USD,SampleGen
cd30b248-20eb-4471-b181-ac4e19c33823,Ski,S300061,CID-019,CA-0944,2025-01-01,Completed,2849.95,249.37,3099.32,MC,USD,SampleGen
ce32fae4-7fd9-473d-8169-df4ea7ec93df,Ski,S300062,CID-019,CA-0944,2026-03-17,Completed,1659.95,145.25,1805.2,VISA,USD,SampleGen
154ae439-95f6-4d4b-bc43-8b8e6be81577,Ski,S300063,CID-019,CA-0944,2025-10-08,Completed,5239.93,458.5,5698.43,MC,USD,SampleGen
3befbe64-8037-45f5-8d02-6abb1b959b79,Ski,S300064,CID-019,CA-0944,2026-02-22,Completed,4549.95,398.12,4948.07,Discover,USD,SampleGen
053b1f15-a58b-4918-b766-10440c4445ea,Ski,S300065,CID-019,CA-0944,2025-06-27,Completed,739.98,64.74,804.72,AmEx,USD,SampleGen
17c5f279-6677-4e69-bfa2-a1ef0aeb0f32,Ski,S300066,CID-020,CA-0945,2025-06-18,Shipped,3229.94,282.62,3512.56,VISA,USD,SampleGen
5b4adfe0-3668-43f4-b871-8db17da656fa,Ski,S300067,CID-020,CA-0945,2025-04-18,Completed,1809.97,158.37,1968.34,VISA,USD,SampleGen
7532d45f-77ef-4b65-81b4-f41fa2b54619,Ski,S300068,CID-020,CA-0945,2026-03-07,Completed,1899.94,166.25,2066.19,VISA,USD,SampleGen
64cbe755-af4c-4a88-af88-9f5ab0b870af,Ski,S300069,CID-020,CA-0945,2025-01-13,Completed,189.99,16.62,206.61,PayPal,USD,SampleGen
895a3376-e3c0-4418-996f-2fb164b55e1b,Ski,S300070,CID-020,CA-0945,2025-11-15,Completed,649.99,56.87,706.86,MC,USD,SampleGen
67b6cced-8e9b-4933-97d5-b7e84fbfeb14,Ski,S300071,CID-021,CA-0946,2025-05-18,Completed,1039.96,91.0,1130.96,MC,USD,SampleGen
89061b25-331b-4a5b-9f4c-963e990ec976,Ski,S300072,CID-021,CA-0946,2025-12-10,Completed,869.97,76.12,946.09,VISA,USD,SampleGen
8a046e66-7c9a-44c0-8a90-5bcfabeb1442,Ski,S300073,CID-022,CA-0947,2025-09-13,Completed,1509.95,132.12,1642.07,AmEx,USD,SampleGen
f674a602-c360-4be7-96a8-01446a411f67,Ski,S300074,CID-022,CA-0947,2025-11-23,Completed,2309.95,202.12,2512.07,VISA,USD,SampleGen
f8a7d971-9dc8-40a6-8e78-6dadf453a970,Ski,S300075,CID-023,CA-0948,2025-10-23,Completed,1159.98,101.5,1261.48,VISA,USD,SampleGen
d09d98be-e9e1-4a68-8bd8-f27ff56a7d1e,Ski,S300076,CID-023,CA-0948,2025-06-27,Completed,79.99,7.0,86.99,MC,USD,SampleGen
dc617b9e-f0fb-40dd-9926-fbc469e66d30,Ski,S300077,CID-023,CA-0948,2026-04-25,Completed,349.99,30.62,380.61,MC,USD,SampleGen
dbe48211-f527-4841-a929-4280fad93788,Ski,S300078,CID-023,CA-0948,2025-08-12,Completed,119.99,10.5,130.49,AmEx,USD,SampleGen
5bc1e6b1-b5a5-45f4-94b4-eb8f9c075a3b,Ski,S300079,CID-023,CA-0948,2025-02-17,Shipped,2349.96,205.62,2555.58,AmEx,USD,SampleGen
88b5584d-1575-4449-b0a6-945a58c57e09,Ski,S300080,CID-023,CA-0948,2026-02-03,Completed,1649.97,144.37,1794.34,AmEx,USD,SampleGen
135474ce-1530-468b-bc27-8007a07a39ec,Ski,S300081,CID-023,CA-0948,2025-02-07,Completed,2379.97,208.25,2588.22,MC,USD,SampleGen
76584d8b-c1f8-4aab-868f-db7bb9cfc75e,Ski,S300082,CID-024,CA-0949,2025-08-24,Completed,299.99,26.25,326.24,Discover,USD,SampleGen
fd6a60f3-7e52-4046-91ff-4ef1f1d63eef,Ski,S300083,CID-024,CA-0949,2026-04-17,Completed,839.96,73.5,913.46,VISA,USD,SampleGen
7a8ff8b9-3259-4c47-8b4e-c80a65b15f97,Ski,S300084,CID-025,CA-0950,2025-02-13,Pending,549.99,48.12,598.11,Discover,USD,SampleGen
ce140957-d8c2-4526-ab86-cfd243504801,Ski,S300085,CID-026,CA-0951,2026-02-16,Completed,3059.94,267.74,3327.68,Discover,USD,SampleGen
74414f65-3b91-4928-85c2-e7089068165c,Ski,S300086,CID-026,CA-0951,2025-09-01,Completed,1159.98,101.5,1261.48,PayPal,USD,SampleGen
2003505a-3922-49e7-bac3-843700be346f,Ski,S300087,CID-026,CA-0951,2025-08-12,Completed,14.99,1.31,16.3,AmEx,USD,SampleGen
7038dd1f-1a0d-4d7c-9da3-bc211b6b9d5b,Ski,S300088,CID-026,CA-0951,2025-06-18,Completed,159.98,14.0,173.98,Discover,USD,SampleGen
edf3ddaf-8a51-498f-a218-6b950957c60e,Ski,S300089,CID-026,CA-0951,2026-01-06,Completed,3849.94,336.87,4186.81,AmEx,USD,SampleGen
07bcbda1-044a-4f72-9cd4-34b8e809cc57,Ski,S300090,CID-027,CA-0952,2026-02-07,Completed,1359.95,119.0,1478.95,VISA,USD,SampleGen
9eccb74e-8da0-4821-9932-cb8e364fc443,Ski,S300091,CID-028,CA-0953,2025-05-21,Pending,1929.94,168.87,2098.81,PayPal,USD,SampleGen
726237f5-0050-4e53-a878-6287bc5dfcde,Ski,S300092,CID-028,CA-0953,2025-09-05,Completed,239.98,21.0,260.98,AmEx,USD,SampleGen
bc86297c-7f3b-4cd9-9c2e-18c9d73a0de6,Ski,S300093,CID-028,CA-0953,2025-10-04,Completed,1159.98,101.5,1261.48,MC,USD,SampleGen
a4ce994d-50a9-4866-8805-82a089aa9695,Ski,S300094,CID-028,CA-0953,2025-03-17,Shipped,1799.98,157.5,1957.48,VISA,USD,SampleGen
1afb6cc1-af66-49fc-b73e-36e41d89f199,Ski,S300095,CID-028,CA-0953,2025-11-03,Pending,379.98,33.25,413.23,PayPal,USD,SampleGen
8e36bdf2-1330-4d9f-b040-8672e709d47a,Ski,S300096,CID-029,CA-0954,2025-09-02,Pending,819.97,71.75,891.72,PayPal,USD,SampleGen
1085e65f-d691-46f6-80cb-5a9bac858417,Ski,S300097,CID-029,CA-0954,2025-08-01,Completed,3029.94,265.12,3295.06,MC,USD,SampleGen
497faa8b-221a-4f48-afad-5121e1cdd9b4,Ski,S300098,CID-029,CA-0954,2025-07-31,Cancelled,599.98,52.5,652.48,AmEx,USD,SampleGen
47a81670-a9c7-4eaf-a45d-0ad4782f686d,Ski,S300099,CID-029,CA-0954,2025-07-18,Completed,379.98,33.25,413.23,VISA,USD,SampleGen
32a5f82f-0c8e-4e3d-ab7c-7bcd765bd03f,Ski,S300100,CID-030,CA-0955,2026-01-13,Completed,4649.93,406.87,5056.8,AmEx,USD,SampleGen
207ebc78-fb6c-4dbe-afe8-97b5debb0d3f,Ski,S300101,CID-030,CA-0955,2025-09-09,Completed,2099.94,183.75,2283.69,MC,USD,SampleGen
316214ef-b0aa-4b53-a031-3631d9aea246,Ski,S300102,CID-031,CA-0956,2025-09-04,Completed,1249.96,109.37,1359.33,Discover,USD,SampleGen
adbabb2e-59b2-43c2-8b0d-730700aad080,Ski,S300103,CID-031,CA-0956,2025-07-09,Completed,879.98,77.0,956.98,Discover,USD,SampleGen
b89ae325-f2da-465c-a51d-97580fe3c311,Ski,S300104,CID-031,CA-0956,2025-06-20,Completed,159.98,14.0,173.98,Discover,USD,SampleGen
14969a51-980c-4239-bc3b-be7dc64bb3c5,Ski,S300105,CID-032,CA-0957,2025-11-14,Completed,699.94,61.24,761.18,VISA,USD,SampleGen
3eedb9b9-987e-4466-860d-4e654be89118,Ski,S300106,CID-032,CA-0957,2025-04-28,Cancelled,1419.95,124.25,1544.2,MC,USD,SampleGen
bd3df377-35c2-46ae-8fa2-44389ad165c9,Ski,S300107,CID-032,CA-0957,2026-01-02,Completed,699.98,61.25,761.23,PayPal,USD,SampleGen
21672caa-3d82-4deb-ba8b-aafbe7999391,Ski,S300108,CID-033,CA-0958,2025-03-07,Shipped,449.97,39.37,489.34,VISA,USD,SampleGen
7b220f4d-ae4e-49cd-9e71-a70485794ecc,Ski,S300109,CID-034,CA-0959,2025-02-07,Completed,1999.94,175.0,2174.94,MC,USD,SampleGen
879ba70b-e05a-4947-a320-db212cb9b426,Ski,S300110,CID-035,CA-0960,2025-01-14,Completed,119.99,10.5,130.49,PayPal,USD,SampleGen
22b1b766-9d5f-4154-9194-70eeef77181d,Ski,S300111,CID-035,CA-0960,2025-12-29,Completed,699.98,61.24,761.22,AmEx,USD,SampleGen
ed50680a-13ea-4c8e-8d91-620d9b84b8cd,Ski,S300112,CID-036,CA-0961,2026-03-13,Completed,1129.95,98.87,1228.82,MC,USD,SampleGen
16eeca10-8b45-4834-b9e0-bf72fd9e076d,Ski,S300113,CID-036,CA-0961,2025-04-09,Completed,589.98,51.62,641.6,AmEx,USD,SampleGen
ef59d9f8-e4ae-43b5-a933-04265f11eed3,Ski,S300114,CID-037,CA-0962,2025-08-30,Completed,14.99,1.31,16.3,AmEx,USD,SampleGen
790fac5d-de54-491b-ba13-8b455d8d7156,Ski,S300115,CID-037,CA-0962,2025-01-14,Completed,429.96,37.61,467.57,PayPal,USD,SampleGen
298fb35d-0374-4bba-a3dc-441115551149,Ski,S300116,CID-037,CA-0962,2025-04-17,Pending,539.96,47.25,587.21,MC,USD,SampleGen
4049d068-f0af-45b9-a9da-30f5df27fb91,Ski,S300117,CID-037,CA-0962,2025-11-08,Completed,2049.97,179.37,2229.34,PayPal,USD,SampleGen
58c585ad-56d2-4081-9b08-63ce7d01acac,Ski,S300118,CID-038,CA-0963,2025-07-12,Completed,359.97,31.5,391.47,AmEx,USD,SampleGen
cfd72201-b3a3-4b43-b44f-4cabcf1a2a0e,Ski,S300119,CID-038,CA-0963,2025-02-07,Completed,1529.96,133.87,1663.83,AmEx,USD,SampleGen
00347d13-3d3a-454f-9501-f505c7bac0ed,Ski,S300120,CID-039,CA-0964,2026-03-31,Completed,1299.98,113.74,1413.72,VISA,USD,SampleGen
38e4bb23-88be-44b0-821b-8d934efb4c24,Ski,S300121,CID-039,CA-0964,2025-10-05,Completed,329.97,28.87,358.84,AmEx,USD,SampleGen
219f4da3-27ea-4f02-a582-d9dde3ea99b4,Ski,S300122,CID-039,CA-0964,2025-03-04,Pending,2459.94,215.24,2675.18,MC,USD,SampleGen
a09d3eea-c7e7-4b4d-9c61-4ccc964c0c12,Ski,S300123,CID-040,CA-0965,2026-01-22,Completed,4559.94,399.0,4958.94,MC,USD,SampleGen
f076283b-60d5-4a5e-9f34-2e0aea696992,Ski,S300124,CID-040,CA-0965,2025-08-15,Completed,819.97,71.75,891.72,PayPal,USD,SampleGen
7c0e221a-6c02-4507-894d-26c7c3b27c17,Ski,S300125,CID-040,CA-0965,2025-11-23,Completed,1159.98,101.5,1261.48,MC,USD,SampleGen
ac667906-6964-4420-a54a-fd3a6ed0b5e1,Ski,S300126,CID-040,CA-0965,2025-11-11,Pending,1459.96,127.75,1587.71,AmEx,USD,SampleGen
c3750ec4-5925-427b-9537-82824461d51b,Ski,S300127,CID-041,CA-0966,2025-11-08,Completed,3599.96,314.99,3914.95,Discover,USD,SampleGen
333d86d2-43fb-4e84-b99f-74ae201e22c4,Ski,S300128,CID-041,CA-0966,2025-12-11,Pending,829.97,72.62,902.59,MC,USD,SampleGen
c7ad1781-616a-487c-b5eb-55c0e6878f40,Ski,S300129,CID-042,CA-0967,2025-07-26,Completed,379.98,33.25,413.23,MC,USD,SampleGen
4800ec8b-c138-4a3e-ba89-e6b6e269c5e9,Ski,S300130,CID-042,CA-0967,2026-04-06,Cancelled,379.98,33.25,413.23,AmEx,USD,SampleGen
4c5ee41d-9eb9-4c0f-9188-a017556fed1c,Ski,S300131,CID-042,CA-0967,2025-11-16,Completed,1649.98,144.37,1794.35,AmEx,USD,SampleGen
84c2135f-7a43-46f1-a85a-643e112ed3ee,Ski,S300132,CID-043,CA-0968,2025-06-07,Pending,394.97,34.56,429.53,MC,USD,SampleGen
5b29f532-2ca0-409c-a7ed-dba18a58ab96,Ski,S300133,CID-043,CA-0968,2025-10-13,Completed,1899.95,166.25,2066.2,PayPal,USD,SampleGen
26caa389-5867-4f40-a630-64e60742df89,Ski,S300134,CID-044,CA-0969,2025-02-12,Pending,4299.92,376.25,4676.17,MC,USD,SampleGen
a98f1eda-fdfe-45a3-aadd-0d6a49303e9a,Ski,S300135,CID-044,CA-0969,2025-08-11,Completed,349.97,30.62,380.59,AmEx,USD,SampleGen
62e98754-0444-4504-b8a8-3f4bc691b795,Ski,S300136,CID-045,CA-0970,2025-07-21,Completed,309.98,27.12,337.1,VISA,USD,SampleGen
008dcf5d-74e7-439e-a286-bccb93355de5,Ski,S300137,CID-046,CA-0971,2025-01-14,Shipped,3679.96,322.0,4001.96,MC,USD,SampleGen
1d8e483c-09ad-4f18-8c33-cb6b60ee2109,Ski,S300138,CID-046,CA-0971,2025-10-24,Completed,79.99,7.0,86.99,AmEx,USD,SampleGen
aa968a5f-f9ed-4ffd-b373-47b36336fb7a,Ski,S300139,CID-047,CA-0972,2025-03-13,Completed,849.98,74.37,924.35,Discover,USD,SampleGen
755916e3-64e3-4778-a8d8-fb56675620c8,Ski,S300140,CID-047,CA-0972,2025-09-20,Completed,1349.96,118.12,1468.08,AmEx,USD,SampleGen
46d0aee5-a01f-430a-b8f2-bda4553be211,Ski,S300141,CID-048,CA-0973,2025-08-28,Completed,1679.97,147.0,1826.97,PayPal,USD,SampleGen
f149089e-e954-4f78-8861-2b8b53f65863,Ski,S300142,CID-048,CA-0973,2025-02-15,Completed,1299.99,113.75,1413.74,PayPal,USD,SampleGen
426b9332-b94b-4e36-bb00-b9f2f1acd7a1,Ski,S300143,CID-048,CA-0973,2025-06-02,Pending,1119.97,98.0,1217.97,VISA,USD,SampleGen
a8090916-5e0e-45a0-a157-e3583bb26132,Ski,S300144,CID-049,CA-0974,2025-07-26,Completed,3219.95,281.75,3501.7,MC,USD,SampleGen
d5d594e9-938b-400b-8e6d-2760a4889e95,Ski,S300145,CID-050,CA-0975,2025-09-26,Completed,549.99,48.12,598.11,AmEx,USD,SampleGen
cc070a0f-0be0-4c02-9a87-6eac9507b472,Ski,S300146,CID-050,CA-0975,2026-03-08,Completed,3049.96,266.87,3316.83,VISA,USD,SampleGen
0d6a5776-16f5-44f6-9094-1ae2c530a584,Ski,S300147,CID-051,CA-0976,2025-08-21,Completed,1814.94,158.81,1973.75,PayPal,USD,SampleGen
5b3fb180-3c4e-497f-9895-3804435bbdd8,Ski,S300148,CID-052,CA-0977,2025-02-14,Completed,2499.97,218.75,2718.72,VISA,USD,SampleGen
aa6fdd6a-d87a-45b1-883f-ef482ba57cc8,Ski,S300149,CID-052,CA-0977,2025-12-31,Completed,899.98,78.75,978.73,AmEx,USD,SampleGen
cefc61ee-7c8a-4861-8c43-7efa96d9da11,Ski,S300150,CID-052,CA-0977,2025-11-29,Shipped,2509.94,219.62,2729.56,MC,USD,SampleGen
ab07ec2f-ac39-4837-a060-e49292599d34,Ski,S300151,CID-052,CA-0977,2025-09-26,Shipped,1899.97,166.25,2066.22,MC,USD,SampleGen
0a3bdccf-a548-4b51-bd19-dd05e0825c71,Ski,S300152,CID-053,CA-0978,2026-01-26,Cancelled,579.99,50.75,630.74,VISA,USD,SampleGen
bbb4f633-203c-4987-a008-fb7682bb49aa,Ski,S300153,CID-053,CA-0978,2026-02-23,Completed,1799.97,157.5,1957.47,PayPal,USD,SampleGen
be9e527c-b008-487e-8ca7-19883db5a060,Ski,S300154,CID-054,CA-0979,2026-02-10,Completed,1449.98,126.87,1576.85,VISA,USD,SampleGen
bd63181c-0492-4a6e-bdf6-1e3e6f1021dc,Ski,S300155,CID-054,CA-0979,2026-02-08,Shipped,2469.96,216.12,2686.08,MC,USD,SampleGen
4bab3db2-935e-4e25-aa8d-1ee7664754bc,Ski,S300156,CID-055,CA-0980,2025-03-22,Completed,359.97,31.5,391.47,VISA,USD,SampleGen
83bf2ce6-a961-4529-ba81-70b8c78265de,Ski,S300157,CID-057,CA-0982,2025-11-16,Completed,629.96,55.12,685.08,MC,USD,SampleGen
94199539-1833-4965-9385-020176fa1407,Ski,S300158,CID-058,CA-0983,2025-10-09,Completed,2109.96,184.62,2294.58,AmEx,USD,SampleGen
087410c5-1135-4f5f-9b22-a29550369f37,Ski,S300159,CID-058,CA-0983,2025-01-01,Completed,2599.98,227.5,2827.48,MC,USD,SampleGen
f8822661-3119-4c03-b7b9-beb2fe3264e0,Ski,S300160,CID-058,CA-0983,2025-02-18,Cancelled,3279.94,286.99,3566.93,AmEx,USD,SampleGen
6a091a2e-4f9d-4616-a256-fdf31129520d,Ski,S300161,CID-059,CA-0984,2026-03-01,Completed,1049.97,91.87,1141.84,AmEx,USD,SampleGen
ada79962-4e6b-41b7-a4b8-fd6b698811c0,Ski,S300162,CID-059,CA-0984,2025-04-21,Pending,539.96,47.25,587.21,MC,USD,SampleGen
ffd833c1-3d6a-439d-af59-d7fc27e9e845,Ski,S300163,CID-059,CA-0984,2026-01-03,Pending,199.99,17.5,217.49,MC,USD,SampleGen
beee73ab-6e03-4888-bac0-992f3b858e59,Ski,S300164,CID-060,CA-0985,2025-08-07,Completed,1629.97,142.62,1772.59,MC,USD,SampleGen
81dc118b-dc76-4b8e-8ea5-51fabbda8ddb,Ski,S300165,CID-061,CA-0986,2025-05-12,Completed,1779.94,155.75,1935.69,MC,USD,SampleGen
27f9c402-7f06-4775-b7ea-e51a5616b4af,Ski,S300166,CID-061,CA-0986,2025-04-25,Completed,579.99,50.75,630.74,VISA,USD,SampleGen
93391db9-43d8-4394-b1d8-0e87541994db,Ski,S300167,CID-061,CA-0986,2025-02-02,Pending,3199.94,280.0,3479.94,PayPal,USD,SampleGen
48a5ef65-42dd-495f-b489-da0e630c53a6,Ski,S300168,CID-062,CA-0987,2025-10-11,Shipped,299.99,26.25,326.24,MC,USD,SampleGen
a497642a-e54f-4f35-be2b-fbbec3b74ef9,Ski,S300169,CID-062,CA-0987,2025-03-22,Completed,379.98,33.25,413.23,AmEx,USD,SampleGen
4daaf88a-9e6c-4de1-8e41-cf5925075255,Ski,S300170,CID-062,CA-0987,2025-11-16,Pending,624.96,54.68,679.64,AmEx,USD,SampleGen
5690bc57-553a-451d-a389-f3999b01750d,Ski,S300171,CID-063,CA-0988,2025-07-21,Completed,2679.94,234.5,2914.44,VISA,USD,SampleGen
78d75598-29c1-48ba-91b6-225793352d77,Ski,S300172,CID-063,CA-0988,2025-08-05,Shipped,1179.96,103.24,1283.2,MC,USD,SampleGen
1353f66b-345d-4a58-9d1b-25d355e4face,Ski,S300173,CID-063,CA-0988,2026-01-23,Completed,579.99,50.75,630.74,MC,USD,SampleGen
deda760d-b38d-4f9f-b43a-f8a824a023e7,Ski,S300174,CID-063,CA-0988,2026-01-24,Pending,1399.97,122.5,1522.47,MC,USD,SampleGen
380cca38-4164-4cf3-b6a1-f9c7047e06e8,Ski,S300175,CID-063,CA-0988,2025-06-14,Shipped,1169.95,102.37,1272.32,MC,USD,SampleGen
4277f6e3-81f9-4b2f-b89c-f3f6bfd73e57,Ski,S300176,CID-063,CA-0988,2025-05-28,Completed,1099.98,96.25,1196.23,MC,USD,SampleGen
3b79f295-5a56-4463-8d44-33f9db84a39d,Ski,S300177,CID-063,CA-0988,2025-05-16,Completed,1479.94,129.5,1609.44,AmEx,USD,SampleGen
a0c73b8a-6704-4c06-8845-4ee17f77da8b,Ski,S300178,CID-063,CA-0988,2025-10-16,Completed,889.97,77.87,967.84,MC,USD,SampleGen
a666cb4a-6d61-4621-b74e-efb0b5d8f110,Ski,S300179,CID-063,CA-0988,2025-06-17,Completed,714.95,62.56,777.51,VISA,USD,SampleGen
90eeee73-c65b-4627-bcde-6e6c07963b70,Ski,S300180,CID-063,CA-0988,2025-05-24,Completed,879.95,76.99,956.94,MC,USD,SampleGen
ca4e7f16-e5ec-4f25-bcf1-edc7aa80ed2a,Ski,S300181,CID-063,CA-0988,2026-03-11,Pending,159.98,14.0,173.98,MC,USD,SampleGen
d1477220-ec9d-48f9-be73-f2e08d5f5edb,Ski,S300182,CID-063,CA-0988,2025-05-09,Completed,2309.94,202.12,2512.06,PayPal,USD,SampleGen
1771ce73-0292-4000-9b2b-0a4d2fba164d,Ski,S300183,CID-064,CA-0989,2026-02-06,Completed,649.99,56.87,706.86,AmEx,USD,SampleGen
0cca1294-32a0-4c7a-9ead-89d09e51bbb8,Ski,S300184,CID-064,CA-0989,2026-03-12,Completed,1489.92,130.37,1620.29,VISA,USD,SampleGen
f907cac7-2364-4463-b827-8844b4a6d012,Ski,S300185,CID-065,CA-0990,2025-04-03,Completed,649.99,56.87,706.86,VISA,USD,SampleGen
286c2bd3-3cc6-4fe9-a733-3817f04b82d9,Ski,S300186,CID-065,CA-0990,2025-11-23,Completed,3489.94,305.37,3795.31,Discover,USD,SampleGen
7baa9758-6ab0-49aa-9cf0-d547598a652d,Ski,S300187,CID-065,CA-0990,2025-07-10,Completed,94.98,8.31,103.29,AmEx,USD,SampleGen
9e6e7413-5c10-47b8-a8b9-faf5e6c5f235,Ski,S300188,CID-065,CA-0990,2026-04-14,Cancelled,3199.92,280.0,3479.92,VISA,USD,SampleGen
e682edd6-bb38-4175-bfd9-03973b9c6e77,Ski,S300189,CID-066,CA-0991,2025-09-14,Completed,3849.93,336.87,4186.8,VISA,USD,SampleGen
7654d0e0-e418-4b41-8bf9-68d7469c1d84,Ski,S300190,CID-066,CA-0991,2025-07-19,Completed,1399.97,122.5,1522.47,PayPal,USD,SampleGen
c63567a1-b5e4-41b6-8951-28cfd88b36df,Ski,S300191,CID-066,CA-0991,2025-01-19,Completed,1859.96,162.75,2022.71,VISA,USD,SampleGen
d081ac8d-b49a-4182-a0c1-6be6c7f3e751,Ski,S300192,CID-067,CA-0992,2025-07-15,Completed,989.98,86.62,1076.6,Discover,USD,SampleGen
57c81120-95bb-4b1d-a635-bba89ce23a9f,Ski,S300193,CID-068,CA-0993,2025-05-08,Completed,679.97,59.5,739.47,MC,USD,SampleGen
b6f7d5d6-7706-4cb7-9d54-f5771ac7cc8b,Ski,S300194,CID-068,CA-0993,2025-03-31,Completed,1089.96,95.37,1185.33,VISA,USD,SampleGen
e3dfa528-2f7b-4106-83fb-6853037d86bd,Ski,S300195,CID-069,CA-0994,2025-03-09,Shipped,1709.94,149.62,1859.56,VISA,USD,SampleGen
2555c04c-8192-4e6f-9cd4-f24c090c7e68,Ski,S300196,CID-069,CA-0994,2025-11-19,Shipped,3549.93,310.62,3860.55,PayPal,USD,SampleGen
bb1439bc-f04b-45b4-8b2e-cfdf900250e1,Ski,S300197,CID-069,CA-0994,2025-06-24,Shipped,2759.96,241.5,3001.46,PayPal,USD,SampleGen
769240fb-ff30-4831-aa20-e4e5c41c6518,Ski,S300198,CID-069,CA-0994,2025-09-13,Completed,2969.93,259.87,3229.8,MC,USD,SampleGen
2e020840-24d0-43ec-97cd-ce328e8265f6,Ski,S300199,CID-069,CA-0994,2025-07-27,Pending,2959.94,259.0,3218.94,VISA,USD,SampleGen
12f4de46-74f5-4bea-8d80-cf3bfa0ba9a7,Ski,S300200,CID-069,CA-0994,2026-03-31,Cancelled,959.97,84.0,1043.97,VISA,USD,SampleGen
77b90793-dd05-44cb-93a3-677fa4c1f4d1,Ski,S300201,CID-069,CA-0994,2026-03-01,Pending,439.98,38.49,478.47,VISA,USD,SampleGen
75b0327f-1f1a-4036-8ae1-a1627a78e215,Ski,S300202,CID-070,CA-0995,2025-07-04,Completed,619.96,54.25,674.21,PayPal,USD,SampleGen
f70cfcc5-e6e8-4574-b8f0-9dfdf92ca752,Ski,S300203,CID-070,CA-0995,2026-04-23,Completed,1069.97,93.62,1163.59,Discover,USD,SampleGen
d7b153b4-f52a-479b-b85f-3079ed1515cc,Ski,S300204,CID-071,CA-0996,2025-11-20,Completed,2459.94,215.25,2675.19,AmEx,USD,SampleGen
0020da71-2a2f-4fd9-bf29-bd04be0e1aa5,Ski,S300205,CID-071,CA-0996,2025-02-21,Completed,1549.95,135.62,1685.57,MC,USD,SampleGen
aa9d7fb3-9af2-4dec-8f7b-0f970b342f8b,Ski,S300206,CID-071,CA-0996,2025-03-23,Shipped,189.99,16.62,206.61,PayPal,USD,SampleGen
6e233a1c-cb56-4ab6-b69a-bd6619c9fb98,Ski,S300207,CID-071,CA-0996,2025-11-08,Completed,2549.95,223.12,2773.07,VISA,USD,SampleGen
24d83900-a5d9-41c8-a3b6-d61a603d0cde,Ski,S300208,CID-072,CA-0997,2026-01-01,Completed,1949.97,170.62,2120.59,PayPal,USD,SampleGen
89ee42c6-8b6f-4690-b0f1-76e685f5a8f9,Ski,S300209,CID-072,CA-0997,2025-04-20,Shipped,869.95,76.12,946.07,AmEx,USD,SampleGen
db4afe7c-6249-44d0-a99d-df24dfac7611,Ski,S300210,CID-073,CA-0998,2025-05-28,Completed,1659.92,145.25,1805.17,AmEx,USD,SampleGen
2bb11c09-d7f1-4c5b-8b87-213ff423743e,Ski,S300211,CID-074,CA-0999,2026-02-06,Completed,3899.95,341.25,4241.2,VISA,USD,SampleGen
0f64dcdd-a1c6-4c39-9660-90df1ccf5776,Ski,S300212,CID-074,CA-0999,2025-03-03,Completed,339.98,29.75,369.73,Discover,USD,SampleGen
af525e27-067f-41ef-9e16-f79ca286663d,Ski,S300213,CID-074,CA-0999,2025-02-11,Completed,3299.96,288.74,3588.7,PayPal,USD,SampleGen
11677d17-17b6-4da7-8cf2-bd8a6dc9889a,Ski,S300214,CID-074,CA-0999,2025-05-06,Completed,1719.97,150.5,1870.47,MC,USD,SampleGen
5196bfc8-a341-4d47-bf46-2f77a6fc1303,Ski,S300215,CID-075,CA-1000,2025-08-16,Shipped,1249.97,109.37,1359.34,AmEx,USD,SampleGen
acb1ae38-5b7a-41d2-8278-3c68724f1905,Ski,S300216,CID-075,CA-1000,2025-09-30,Pending,559.96,48.99,608.95,MC,USD,SampleGen
ec825969-89bd-4400-bb23-607c817ca348,Ski,S300217,CID-075,CA-1000,2025-02-07,Shipped,2599.96,227.49,2827.45,MC,USD,SampleGen
3df32331-30d0-4712-8e8b-c12cbbd0692b,Ski,S300218,CID-076,CA-1001,2025-03-02,Completed,1159.98,101.5,1261.48,AmEx,USD,SampleGen
92c7d5f1-3568-4a23-8da9-e046a7c3e5b7,Ski,S300219,CID-076,CA-1001,2026-03-13,Completed,619.97,54.25,674.22,VISA,USD,SampleGen
5518e496-3d6d-48b5-b9a4-e534d275879c,Ski,S300220,CID-077,CA-1002,2026-03-08,Completed,1759.96,154.0,1913.96,VISA,USD,SampleGen
3ca7f245-47f9-4399-aa99-2f93eb5b6c4d,Ski,S300221,CID-077,CA-1002,2026-02-05,Shipped,1659.97,145.25,1805.22,MC,USD,SampleGen
3ff882fb-be5d-4899-a34a-d8066e32daf6,Ski,S300222,CID-077,CA-1002,2025-11-16,Completed,59.99,5.25,65.24,VISA,USD,SampleGen
ac252bbb-2888-4d3e-9b76-841dd06fb621,Ski,S300223,CID-078,CA-1003,2025-10-05,Completed,1459.96,127.75,1587.71,AmEx,USD,SampleGen
4ec58796-1333-4306-a3a0-f4062369e73a,Ski,S300224,CID-078,CA-1003,2025-11-07,Pending,869.95,76.12,946.07,PayPal,USD,SampleGen
2889f6d1-8042-4a94-87a7-18c90c8a8442,Ski,S300225,CID-079,CA-1004,2025-03-27,Pending,1049.98,91.87,1141.85,VISA,USD,SampleGen
77e0a932-b775-4914-a32b-af328b29c0fe,Ski,S300226,CID-079,CA-1004,2025-08-14,Completed,489.98,42.87,532.85,AmEx,USD,SampleGen
9ed37448-4206-4e65-a98d-114bad15bb5f,Ski,S300227,CID-079,CA-1004,2025-01-03,Completed,1599.97,140.0,1739.97,PayPal,USD,SampleGen
1575aaaf-36c5-446a-aaa2-63adaf075b01,Ski,S300228,CID-080,CA-1005,2025-03-23,Completed,439.96,38.5,478.46,MC,USD,SampleGen
995d212d-364b-493c-9f92-42401fa78bf2,Ski,S300229,CID-080,CA-1005,2025-09-06,Completed,1799.96,157.5,1957.46,MC,USD,SampleGen
af737e62-9534-43c4-967f-788cf71307e5,Ski,S300230,CID-081,CA-1006,2025-04-21,Completed,1549.97,135.62,1685.59,MC,USD,SampleGen
bc3de399-76fa-4e77-b62b-d9ad82392b0a,Ski,S300231,CID-081,CA-1006,2026-03-21,Shipped,819.97,71.74,891.71,MC,USD,SampleGen
257c2d30-fed3-455b-8fd9-eb1232250f29,Ski,S300232,CID-082,CA-1007,2025-02-07,Cancelled,2599.96,227.5,2827.46,VISA,USD,SampleGen
8f5d0e8c-ce39-47d7-818f-10f8a4410c49,Ski,S300233,CID-082,CA-1007,2025-11-06,Completed,14.99,1.31,16.3,AmEx,USD,SampleGen
9386209a-027c-45b7-8aba-3de153e1f01e,Ski,S300234,CID-082,CA-1007,2025-01-15,Completed,799.97,70.0,869.97,AmEx,USD,SampleGen
9864ce9d-71bb-45ef-a2ce-080c1600cc3e,Ski,S300235,CID-082,CA-1007,2026-01-31,Completed,699.98,61.25,761.23,Discover,USD,SampleGen
ff168167-a29f-4b76-9ed0-43c54d1da966,Ski,S300236,CID-082,CA-1007,2026-01-18,Completed,299.99,26.25,326.24,VISA,USD,SampleGen
2e211b6a-4c9f-4dee-b155-a6b813877b7a,Ski,S300237,CID-082,CA-1007,2025-12-29,Completed,2559.95,224.0,2783.95,Discover,USD,SampleGen
3bea3c18-65f9-4384-8b14-1161cd2801ae,Ski,S300238,CID-082,CA-1007,2025-09-19,Completed,2259.95,197.74,2457.69,MC,USD,SampleGen
b2319edd-9f2b-45f0-8f86-7e44ffa76732,Ski,S300239,CID-083,CA-1008,2025-08-28,Completed,1519.95,132.99,1652.94,VISA,USD,SampleGen
f80f37c5-08e9-4a67-a671-9d1aece71279,Ski,S300240,CID-083,CA-1008,2025-10-29,Completed,1879.94,164.5,2044.44,VISA,USD,SampleGen
1f61c0d0-53be-42c3-b91d-f06f2d775d3b,Ski,S300241,CID-083,CA-1008,2025-08-02,Completed,2239.95,196.0,2435.95,AmEx,USD,SampleGen
51f5882a-dcf1-46af-90b2-7bb8e5b78b9b,Ski,S300242,CID-084,CA-1009,2025-08-10,Pending,979.96,85.75,1065.71,VISA,USD,SampleGen
03d54e26-87ec-4483-a16d-bc48ff8938c4,Ski,S300243,CID-084,CA-1009,2026-01-01,Completed,1149.97,100.62,1250.59,VISA,USD,SampleGen
d3b3186a-3d79-414c-990d-907f20c8ee3c,Ski,S300244,CID-085,CA-1010,2025-02-27,Completed,754.95,66.05,821.0,AmEx,USD,SampleGen
0dd16707-4993-4113-9dce-6ce8facfab0c,Ski,S300245,CID-086,CA-1011,2025-06-07,Completed,359.97,31.5,391.47,VISA,USD,SampleGen
6f0fc8fd-90bc-42fb-9875-2c1bdcfc6f54,Ski,S300246,CID-086,CA-1011,2025-11-07,Completed,349.99,30.62,380.61,AmEx,USD,SampleGen
ff82385d-aacc-4567-aac3-ea26e0627115,Ski,S300247,CID-087,CA-1012,2025-01-14,Completed,2959.92,259.0,3218.92,Discover,USD,SampleGen
2baec15b-d946-4afa-bb90-fa1d16809f79,Ski,S300248,CID-087,CA-1012,2025-09-25,Completed,879.98,77.0,956.98,PayPal,USD,SampleGen
fb3ca5c0-f6ed-4908-8cd0-2f0d2f651876,Ski,S300249,CID-088,CA-1013,2025-03-26,Completed,1099.95,96.24,1196.19,MC,USD,SampleGen
76a079b8-b13e-4533-bcd0-0c922dd66091,Ski,S300250,CID-088,CA-1013,2025-10-07,Shipped,649.99,56.87,706.86,Discover,USD,SampleGen
a025857f-dccf-4fdf-9b56-d198dc814823,Ski,S300251,CID-089,CA-1014,2025-12-30,Completed,1149.97,100.62,1250.59,PayPal,USD,SampleGen
c16ebc9e-1410-48e7-8e4b-3cb99163aeaf,Ski,S300252,CID-089,CA-1014,2025-07-22,Completed,1514.94,132.56,1647.5,PayPal,USD,SampleGen
5b266ef1-5f69-4b47-b50d-c03b2f64f840,Ski,S300253,CID-089,CA-1014,2026-04-02,Completed,799.99,70.0,869.99,AmEx,USD,SampleGen
3254922d-f11d-49b4-a67e-ea0c665e9812,Ski,S300254,CID-089,CA-1014,2025-04-20,Pending,449.99,39.37,489.36,VISA,USD,SampleGen
5816dc79-93a9-4a08-918d-6abcad74253b,Ski,S300255,CID-089,CA-1014,2025-05-15,Completed,149.99,13.12,163.11,MC,USD,SampleGen
04a61a3e-f555-4656-be4d-54f2fee138ec,Ski,S300256,CID-090,CA-1015,2025-06-20,Completed,809.98,70.87,880.85,MC,USD,SampleGen
6489e431-bbec-48d1-97fa-ceff0df8f468,Ski,S300257,CID-090,CA-1015,2026-01-14,Completed,499.98,43.75,543.73,PayPal,USD,SampleGen
1f7554d7-db31-4318-9ddf-3987274f3af4,Ski,S300258,CID-091,CA-1016,2025-04-25,Completed,2489.94,217.87,2707.81,PayPal,USD,SampleGen
3c5cdc18-1c5e-48e9-99d2-58addf1affaa,Ski,S300259,CID-091,CA-1016,2026-01-30,Completed,2599.94,227.5,2827.44,Discover,USD,SampleGen
c992a371-85b0-4a3c-9e1f-3e3b26c5b3c8,Ski,S300260,CID-092,CA-1017,2025-01-24,Completed,14.99,1.31,16.3,VISA,USD,SampleGen
5c9730c7-7807-4b51-937f-b07898238d6e,Ski,S300261,CID-092,CA-1017,2025-05-11,Completed,1859.94,162.74,2022.68,VISA,USD,SampleGen
ac4927e0-d0cd-4adf-8d76-5b8d7792a0b5,Ski,S300262,CID-092,CA-1017,2025-12-27,Completed,779.95,68.24,848.19,VISA,USD,SampleGen
91cdc4b7-94ab-4f38-b6f8-97a66e5edc72,Ski,S300263,CID-092,CA-1017,2025-10-02,Completed,1299.94,113.74,1413.68,VISA,USD,SampleGen
77ed67c7-0fe5-46ac-84e4-ca352bd5b31b,Ski,S300264,CID-093,CA-1018,2025-03-20,Shipped,79.99,7.0,86.99,AmEx,USD,SampleGen
4c1a16cb-4097-4b21-8264-ea0493b0f609,Ski,S300265,CID-093,CA-1018,2025-05-15,Shipped,1299.98,113.75,1413.73,Discover,USD,SampleGen
bbe98d22-aad9-4045-afb9-1e519779851c,Ski,S300266,CID-093,CA-1018,2025-05-04,Completed,1269.93,111.12,1381.05,VISA,USD,SampleGen
f28160a3-2bcb-44e7-ab9f-63f9c5688693,Ski,S300267,CID-094,CA-1019,2026-04-04,Completed,119.99,10.5,130.49,MC,USD,SampleGen
e0f00cef-4d61-487c-973e-02a1dda53f1f,Ski,S300268,CID-095,CA-1020,2025-03-27,Cancelled,2839.94,248.5,3088.44,MC,USD,SampleGen
406e4d51-cab6-4743-8611-badc658006b1,Ski,S300269,CID-095,CA-1020,2025-02-07,Completed,2599.98,227.5,2827.48,VISA,USD,SampleGen
d8eb8382-f441-4fb4-895a-3bc81375a7c5,Ski,S300270,CID-095,CA-1020,2025-07-03,Completed,1799.98,157.5,1957.48,MC,USD,SampleGen
aeb6d270-2414-426b-9ac6-4f24d8f0786c,Ski,S300271,CID-095,CA-1020,2025-11-09,Completed,1039.93,91.0,1130.93,Discover,USD,SampleGen
d4e2ace6-284a-4aac-9355-cabb8b61f0c4,Ski,S300272,CID-096,CA-1021,2025-04-05,Completed,1609.95,140.87,1750.82,MC,USD,SampleGen
8f54bfde-26ea-479d-9d5e-3144032f2b44,Ski,S300273,CID-096,CA-1021,2026-04-18,Completed,549.99,48.12,598.11,Discover,USD,SampleGen
3beb0012-6ce9-4d37-a341-2a5996d55a23,Ski,S300274,CID-097,CA-1022,2025-05-10,Completed,1959.93,171.5,2131.43,VISA,USD,SampleGen
ce9e112f-d2cc-4a63-b4a6-8ffc3849e86a,Ski,S300275,CID-097,CA-1022,2026-03-09,Completed,1649.94,144.37,1794.31,VISA,USD,SampleGen
b89a9424-6eb5-4725-adc0-b8886405a1fa,Ski,S300276,CID-097,CA-1022,2025-10-09,Completed,3099.96,271.25,3371.21,Discover,USD,SampleGen
8970c36c-cc41-44a2-abbd-ee5365504b05,Ski,S300277,CID-097,CA-1022,2025-10-27,Cancelled,2399.94,209.99,2609.93,VISA,USD,SampleGen
149e7aa7-c03b-4439-93c5-ec2822cdefd3,Ski,S300278,CID-098,CA-1023,2025-10-06,Shipped,649.99,56.87,706.86,MC,USD,SampleGen
db741082-09fa-46f2-9882-a9b0c7db577f,Ski,S300279,CID-099,CA-1024,2025-05-01,Pending,579.99,50.75,630.74,VISA,USD,SampleGen
9b1fca10-0e25-49c7-b48d-799c7fd7ebda,Ski,S300280,CID-099,CA-1024,2026-03-14,Completed,79.99,7.0,86.99,Discover,USD,SampleGen
75273aef-3932-449d-9f0e-8359fc105ed0,Ski,S300281,CID-099,CA-1024,2025-10-10,Completed,2849.97,249.37,3099.34,VISA,USD,SampleGen
925747ba-aea5-41c2-9845-490b1b730237,Ski,S300282,CID-100,CA-1025,2026-03-11,Pending,149.99,13.12,163.11,AmEx,USD,SampleGen
0dd7ec4b-d677-4b22-8361-1627a5116830,Ski,S300283,CID-100,CA-1025,2025-05-18,Shipped,159.98,14.0,173.98,MC,USD,SampleGen
e0e49019-87fc-421d-bffc-9a6cbf42c6fb,Ski,S300284,CID-100,CA-1025,2025-10-30,Pending,499.98,43.75,543.73,VISA,USD,SampleGen
2b395888-e9cb-47d4-9d8d-e0f145300712,Ski,S300285,CID-101,CA-1026,2025-10-21,Completed,879.98,77.0,956.98,AmEx,USD,SampleGen
02116e71-cdde-4519-b789-1f3d31473464,Ski,S300286,CID-102,CA-1027,2025-01-26,Completed,799.98,70.0,869.98,AmEx,USD,SampleGen
9d2f68b8-f9b3-4eeb-896b-949d537455cd,Ski,S300287,CID-102,CA-1027,2025-02-20,Completed,399.99,35.0,434.99,VISA,USD,SampleGen
d7f749f5-73c7-429c-9ec1-3ae0fac70664,Ski,S300288,CID-102,CA-1027,2026-04-25,Completed,1449.97,126.86,1576.83,MC,USD,SampleGen
ffb6f2cc-4583-4448-abc1-2d0093497654,Ski,S300289,CID-102,CA-1027,2025-07-09,Completed,4169.93,364.87,4534.8,AmEx,USD,SampleGen
2d3070a7-e862-4ae4-8645-0df654ff1efa,Ski,S300290,CID-102,CA-1027,2026-01-18,Pending,399.98,35.0,434.98,AmEx,USD,SampleGen
f66a7242-2f6a-4eaf-a5e3-da038c28ea5c,Ski,S300291,CID-102,CA-1027,2025-05-22,Completed,159.98,14.0,173.98,VISA,USD,SampleGen
837d7c45-51b1-4036-bab5-92e33d7afbf1,Ski,S300292,CID-103,CA-1028,2025-03-15,Completed,679.96,59.5,739.46,VISA,USD,SampleGen
e867d2c2-6294-4d71-8e60-76733d9d5381,Ski,S300293,CID-103,CA-1028,2025-11-20,Completed,2759.95,241.5,3001.45,Discover,USD,SampleGen
bf4a751a-25b2-4654-ad0f-dd58a10a4c7f,Ski,S300294,CID-103,CA-1028,2025-04-05,Completed,1249.96,109.37,1359.33,AmEx,USD,SampleGen
ccc4ab01-de31-4605-b48f-a6b9d4b0be8f,Ski,S300295,CID-103,CA-1028,2026-02-08,Shipped,799.98,70.0,869.98,VISA,USD,SampleGen
3fb18028-ab33-433a-86e9-a50e2721bba4,Ski,S300296,CID-103,CA-1028,2026-04-19,Completed,99.99,8.75,108.74,Discover,USD,SampleGen
7ebebd20-df51-4b79-89c5-d3abbc58dc01,Ski,S300297,CID-103,CA-1028,2025-12-02,Pending,749.97,65.62,815.59,Discover,USD,SampleGen
15eb50e2-5b59-403c-8dcd-e71fc8222068,Ski,S300298,CID-103,CA-1028,2025-05-09,Completed,579.99,50.75,630.74,VISA,USD,SampleGen
bb23581a-5f0a-4ab6-a23c-65829ae2d626,Ski,S300299,CID-104,CA-1029,2026-02-22,Completed,2199.98,192.5,2392.48,MC,USD,SampleGen
e9c25534-360c-4a2b-8624-684e16642711,Ski,S300300,CID-104,CA-1029,2025-11-03,Cancelled,3899.96,341.25,4241.21,AmEx,USD,SampleGen
d93b9457-cf9d-4bb0-ad07-3a897c267440,Ski,S300301,CID-105,CA-1030,2025-08-06,Completed,239.98,21.0,260.98,MC,USD,SampleGen
654ad8b9-e75e-44a5-859f-7b8a37c3bf32,Ski,S300302,CID-105,CA-1030,2025-11-09,Completed,79.99,7.0,86.99,MC,USD,SampleGen
274dfdf5-784e-497c-a814-ae782dd00230,Ski,S300303,CID-106,CA-1031,2025-09-21,Pending,659.97,57.75,717.72,MC,USD,SampleGen
dd0f7f87-7c61-4b4d-9247-3e26addad2e3,Ski,S300304,CID-106,CA-1031,2026-03-01,Completed,1099.96,96.25,1196.21,MC,USD,SampleGen
af2d3585-75c4-4fc2-8b6b-c793be780d92,Ski,S300305,CID-106,CA-1031,2025-06-22,Completed,1409.95,123.37,1533.32,AmEx,USD,SampleGen
b7833041-4ddc-4ef4-bed4-c010f35d86a1,Ski,S300306,CID-106,CA-1031,2026-02-13,Completed,3399.96,297.5,3697.46,AmEx,USD,SampleGen
40cc6fa0-4d24-4685-a98b-ebb2c695b241,Ski,S300307,CID-107,CA-1032,2026-04-14,Pending,2814.95,246.31,3061.26,AmEx,USD,SampleGen
82ab1415-0c15-4570-95de-d4ed87284ed3,Ski,S300308,CID-107,CA-1032,2025-07-11,Shipped,619.97,54.25,674.22,MC,USD,SampleGen
7c8346c1-081f-4379-b13a-2babb56fbc9e,Ski,S300309,CID-107,CA-1032,2025-04-24,Cancelled,489.97,42.87,532.84,PayPal,USD,SampleGen
c108b5c1-f71f-400d-aee0-f6a9738fbf1a,Ski,S300310,CID-108,CA-1033,2025-01-02,Completed,3509.95,307.12,3817.07,AmEx,USD,SampleGen
54010956-291f-4678-a5cc-dbae93064f67,Ski,S300311,CID-108,CA-1033,2025-01-20,Completed,359.97,31.5,391.47,MC,USD,SampleGen
13d89bbc-e194-42c5-9025-e7e09ede808c,Ski,S300312,CID-108,CA-1033,2025-05-09,Cancelled,379.98,33.25,413.23,PayPal,USD,SampleGen
446bc2db-8f1b-45c0-82e5-e448215ecfac,Ski,S300313,CID-108,CA-1033,2025-12-15,Completed,2449.95,214.37,2664.32,MC,USD,SampleGen
9429689c-e090-409c-a5a6-0c6bbef9d269,Ski,S300314,CID-108,CA-1033,2026-04-22,Completed,379.98,33.24,413.22,Discover,USD,SampleGen
3b122f8c-1043-45f4-a896-34dd99afd53d,Ski,S300315,CID-109,CA-1034,2025-03-11,Cancelled,669.96,58.62,728.58,VISA,USD,SampleGen
3746a86a-0452-426b-ad75-cff64749b17d,Ski,S300316,CID-109,CA-1034,2026-03-30,Completed,1529.96,133.87,1663.83,VISA,USD,SampleGen
59835678-4d86-4836-b334-776e3177909f,Ski,S300317,CID-110,CA-1035,2026-03-16,Shipped,629.97,55.12,685.09,Discover,USD,SampleGen
520e0442-2ccd-413e-94e4-4050fe04aed5,Ski,S300318,CID-110,CA-1035,2025-06-30,Pending,59.99,5.25,65.24,AmEx,USD,SampleGen
6c511c71-5fae-45a2-8446-273222951746,Ski,S300319,CID-111,CA-1036,2025-09-21,Completed,1079.96,94.5,1174.46,PayPal,USD,SampleGen
e22de4f5-4134-437b-b36b-5d12995f0b9b,Ski,S300320,CID-111,CA-1036,2025-02-06,Completed,399.98,35.0,434.98,Discover,USD,SampleGen
defc798f-18a7-4004-bf66-3e3213d7533f,Ski,S300321,CID-111,CA-1036,2025-12-08,Completed,1549.94,135.62,1685.56,VISA,USD,SampleGen
05a83cc1-6d3b-403c-a030-d7559d603536,Ski,S300322,CID-112,CA-1037,2025-08-02,Completed,1199.95,105.0,1304.95,VISA,USD,SampleGen
bfcde78f-be06-4f17-9470-e5d1fab07ff1,Ski,S300323,CID-112,CA-1037,2025-12-02,Completed,799.98,70.0,869.98,PayPal,USD,SampleGen
7c5830d2-8e32-4e7b-83b0-e91e4c0720cc,Ski,S300324,CID-112,CA-1037,2025-10-07,Shipped,399.99,35.0,434.99,AmEx,USD,SampleGen
9bb3fc03-a323-4327-b771-afd62db70bc4,Ski,S300325,CID-113,CA-1038,2025-05-03,Completed,749.96,65.62,815.58,AmEx,USD,SampleGen
0b7f63e6-06ad-44a9-b2d6-5ec0239aabdb,Ski,S300326,CID-114,CA-1039,2026-01-17,Completed,3579.96,313.25,3893.21,VISA,USD,SampleGen
cda13266-089b-4ee2-81f7-7160a2d5c332,Ski,S300327,CID-114,CA-1039,2025-08-11,Completed,204.98,17.93,222.91,VISA,USD,SampleGen
4221efcb-b022-4561-aeff-d17c6ee0555e,Ski,S300328,CID-114,CA-1039,2025-05-23,Completed,589.96,51.62,641.58,Discover,USD,SampleGen
eae10802-e306-4fc8-ab78-fc76143d6a39,Ski,S300329,CID-115,CA-1040,2025-05-25,Completed,1699.98,148.75,1848.73,Discover,USD,SampleGen
49acdcec-1a0b-49c5-a9d7-5e870fc9c338,Ski,S300330,CID-115,CA-1040,2025-10-19,Completed,2759.96,241.5,3001.46,VISA,USD,SampleGen
59c62ab2-738e-4ae1-aa7d-2183a20812b4,Ski,S300331,CID-115,CA-1040,2025-05-06,Completed,649.99,56.87,706.86,PayPal,USD,SampleGen
c4e7b598-db65-4382-bc3b-067513c4c36e,Ski,S300332,CID-115,CA-1040,2025-03-02,Shipped,1989.94,174.12,2164.06,AmEx,USD,SampleGen
c5a288b7-8245-4146-a0ee-198326adb158,Ski,S300333,CID-116,CA-1041,2025-11-01,Completed,2039.95,178.5,2218.45,Discover,USD,SampleGen
60d44775-4ac9-4eb4-9326-107fd29dfd5f,Ski,S300334,CID-116,CA-1041,2025-12-07,Completed,649.99,56.87,706.86,AmEx,USD,SampleGen
9980bfbd-64ea-48ca-908e-8750f644003b,Ski,S300335,CID-116,CA-1041,2026-03-27,Completed,1449.97,126.87,1576.84,PayPal,USD,SampleGen
0217f815-957e-41f7-94ff-887cd90d5e37,Ski,S300336,CID-116,CA-1041,2025-09-14,Pending,1029.98,90.12,1120.1,AmEx,USD,SampleGen
90093066-b61d-4d2b-85a9-f41bdbfc9437,Ski,S300337,CID-116,CA-1041,2025-03-12,Completed,119.99,10.5,130.49,VISA,USD,SampleGen
0b3f5017-cac7-4830-9f52-eebadb1b287d,Ski,S300338,CID-117,CA-1042,2025-02-25,Completed,739.96,64.74,804.7,AmEx,USD,SampleGen
9c28184d-93c9-4eb2-bf40-197d927ae284,Ski,S300339,CID-117,CA-1042,2026-04-19,Completed,739.96,64.75,804.71,PayPal,USD,SampleGen
85949468-d09a-4757-bd8b-11cdca881a6b,Ski,S300340,CID-117,CA-1042,2025-08-16,Pending,659.95,57.75,717.7,VISA,USD,SampleGen
688a95fe-75e7-4c7b-83a8-568917a3b1d2,Ski,S300341,CID-117,CA-1042,2025-05-28,Completed,269.98,23.62,293.6,PayPal,USD,SampleGen
614f8ea8-491b-4d5c-9a1c-ab1d16394c77,Ski,S300342,CID-117,CA-1042,2025-01-02,Shipped,4479.94,392.0,4871.94,AmEx,USD,SampleGen
dde77948-1408-4485-98f4-c77a1b02a3e1,Ski,S300343,CID-118,CA-1043,2025-12-15,Shipped,899.98,78.75,978.73,PayPal,USD,SampleGen
91fd79d9-afa9-47b8-b15f-f1b24a43ddb0,Ski,S300344,CID-118,CA-1043,2026-02-26,Completed,4999.93,437.5,5437.43,PayPal,USD,SampleGen
5f02249e-9f50-45c7-9893-564a6fa553dc,Ski,S300345,CID-118,CA-1043,2025-11-07,Completed,1749.95,153.12,1903.07,AmEx,USD,SampleGen
71da507c-31ae-4715-a1f6-353edadec118,Ski,S300346,CID-119,CA-1044,2026-02-05,Shipped,3079.95,269.5,3349.45,VISA,USD,SampleGen
be7d90d1-a285-4789-9f7b-92934fc496cc,Ski,S300347,CID-119,CA-1044,2025-01-16,Shipped,699.98,61.25,761.23,PayPal,USD,SampleGen
40cf81da-4b52-44f3-a4f8-a64f99167da5,Ski,S300348,CID-119,CA-1044,2026-02-18,Completed,689.97,60.36,750.33,Discover,USD,SampleGen
5c30c005-0b5f-4f27-9c81-70829e5f2c20,Ski,S300349,CID-119,CA-1044,2025-06-26,Completed,299.99,26.25,326.24,VISA,USD,SampleGen
ec9b094d-2f8b-41d6-8541-0fadda132ac3,Ski,S300350,CID-120,CA-1045,2025-05-22,Cancelled,1359.94,119.0,1478.94,VISA,USD,SampleGen
1a8862ef-7a52-4232-af87-f8a3424900cd,Ski,S300351,CID-120,CA-1045,2025-05-30,Completed,119.99,10.5,130.49,VISA,USD,SampleGen
365c9790-09e1-45a7-81fa-16647423cec8,Ski,S300352,CID-120,CA-1045,2026-02-15,Cancelled,2709.95,237.12,2947.07,VISA,USD,SampleGen
bf454391-f066-421a-b8e7-309ec818c11e,Ski,S300353,CID-121,CA-1046,2026-01-25,Completed,664.98,58.18,723.16,AmEx,USD,SampleGen
83f531fd-8571-4111-90a0-8e6cc5c706ab,Ski,S300354,CID-121,CA-1046,2026-04-19,Completed,2679.96,234.5,2914.46,PayPal,USD,SampleGen
b8a1fa3c-912b-4994-a5f5-0995350831fb,Ski,S300355,CID-121,CA-1046,2025-02-11,Completed,29.98,2.62,32.6,PayPal,USD,SampleGen
784c8005-b8d6-4280-bac7-c6bff615e450,Ski,S300356,CID-121,CA-1046,2025-02-06,Completed,1319.96,115.5,1435.46,AmEx,USD,SampleGen
f0b69448-58ab-41a1-bf1d-34aa4f6b8143,Ski,S300357,CID-121,CA-1046,2025-08-28,Completed,1279.94,112.0,1391.94,AmEx,USD,SampleGen
6f2d3e2f-87af-4653-9754-c272b62a31d5,Ski,S300358,CID-122,CA-1047,2025-12-03,Completed,3699.94,323.75,4023.69,MC,USD,SampleGen
3eb34777-957a-4954-ae59-55c58d2aa6ef,Ski,S300359,CID-122,CA-1047,2025-07-14,Pending,2379.95,208.25,2588.2,VISA,USD,SampleGen
94ef5e53-ec2c-4ba9-8646-7c03a6e63d3d,Ski,S300360,CID-122,CA-1047,2025-10-04,Completed,3519.92,308.0,3827.92,MC,USD,SampleGen
7b810103-5537-4ef8-b575-e36c461ad4b6,Ski,S300361,CID-122,CA-1047,2025-12-02,Shipped,3809.93,333.37,4143.3,PayPal,USD,SampleGen
8e6f43f8-e4b3-4e3d-aca7-c646d58b31c7,Ski,S300362,CID-122,CA-1047,2025-05-10,Completed,1049.95,91.87,1141.82,MC,USD,SampleGen
37620165-dcd5-4ef7-a662-293081a0c165,Ski,S300363,CID-123,CA-1048,2025-08-29,Completed,79.99,7.0,86.99,MC,USD,SampleGen
e3a2a4b9-1abe-49d4-853d-e7c81914758a,Ski,S300364,CID-123,CA-1048,2025-08-10,Completed,79.99,7.0,86.99,Discover,USD,SampleGen
f41d0447-4cba-4c5a-a267-c7601d99a7e0,Ski,S300365,CID-124,CA-1049,2025-12-11,Cancelled,1329.97,116.37,1446.34,AmEx,USD,SampleGen
360c3e98-56c2-45fe-834c-392eb71d9420,Ski,S300366,CID-124,CA-1049,2025-01-24,Completed,2829.96,247.62,3077.58,Discover,USD,SampleGen
9b483918-91ac-4858-8887-e50d4c4130a5,Ski,S300367,CID-124,CA-1049,2025-01-18,Completed,429.98,37.62,467.6,VISA,USD,SampleGen
4b6e582d-f49b-42e1-b626-4a03f71579ab,Ski,S300368,CID-124,CA-1049,2026-01-05,Cancelled,1299.97,113.75,1413.72,AmEx,USD,SampleGen
491eb299-46c9-4a5c-91fa-e7f8d9881d4f,Ski,S300369,CID-125,CA-1050,2025-12-06,Completed,2049.97,179.37,2229.34,VISA,USD,SampleGen
07c776f5-0e92-44e3-b13d-4b0714a5ad5d,Ski,S300370,CID-126,CA-1051,2025-07-17,Cancelled,1799.98,157.5,1957.48,PayPal,USD,SampleGen
97f3de44-03d4-4ea3-98ac-85ce9fb59d4c,Ski,S300371,CID-126,CA-1051,2025-03-18,Pending,1139.96,99.75,1239.71,AmEx,USD,SampleGen
5d672dbc-bc7d-4305-9df3-ea4295f58ece,Ski,S300372,CID-127,CA-1052,2025-03-30,Completed,959.94,84.0,1043.94,PayPal,USD,SampleGen
2faf6a7c-0aac-4198-86ad-e8c840ce4749,Ski,S300373,CID-127,CA-1052,2025-05-26,Completed,1969.95,172.37,2142.32,MC,USD,SampleGen
5b852f7a-eaf3-4a94-bcf5-bc2b669369d8,Ski,S300374,CID-128,CA-1053,2025-06-30,Completed,989.98,86.62,1076.6,MC,USD,SampleGen
ad49ce1c-c953-408d-a516-4769fd40f85c,Ski,S300375,CID-128,CA-1053,2025-12-12,Pending,879.97,77.0,956.97,VISA,USD,SampleGen
ce5c542a-0826-4a44-8f5d-0f649de62fe1,Ski,S300376,CID-128,CA-1053,2025-06-11,Completed,359.97,31.5,391.47,AmEx,USD,SampleGen
d28264de-af36-44db-9364-93c5163c5b7c,Ski,S300377,CID-128,CA-1053,2025-12-20,Completed,2489.95,217.87,2707.82,AmEx,USD,SampleGen
3a924b24-8932-4823-8a1b-085e18652d48,Ski,S300378,CID-129,CA-1054,2026-02-12,Completed,3629.93,317.62,3947.55,VISA,USD,SampleGen
4a824256-2fe9-4ada-87c0-07a61a7e4441,Ski,S300379,CID-129,CA-1054,2026-04-04,Completed,79.99,7.0,86.99,PayPal,USD,SampleGen
f249307c-261a-412d-bfae-ec185df3e772,Ski,S300380,CID-130,CA-1055,2025-12-23,Cancelled,4049.95,354.37,4404.32,VISA,USD,SampleGen
282ed326-a417-4a44-80a0-2d3c0d037bb4,Ski,S300381,CID-130,CA-1055,2025-02-28,Completed,2299.94,201.25,2501.19,AmEx,USD,SampleGen
fd3cb884-79b4-40f4-a01a-f4ba3f5fe5b0,Ski,S300382,CID-131,CA-1056,2025-08-19,Completed,449.99,39.37,489.36,AmEx,USD,SampleGen
79be5c9e-3898-4bf6-a17a-0f7490d062bc,Ski,S300383,CID-131,CA-1056,2025-02-27,Completed,1709.96,149.62,1859.58,AmEx,USD,SampleGen
f8fc8c84-863f-43b7-bf7b-52a753dc5f7d,Ski,S300384,CID-132,CA-1057,2025-11-27,Completed,1449.97,126.87,1576.84,PayPal,USD,SampleGen
29c6f9f4-af5c-4a72-9b33-6aaba033a018,Ski,S300385,CID-133,CA-1058,2025-08-01,Shipped,2419.93,211.75,2631.68,MC,USD,SampleGen
6544ae06-628b-405d-928d-bb37988d344f,Ski,S300386,CID-133,CA-1058,2025-05-18,Completed,439.96,38.5,478.46,MC,USD,SampleGen
09baa6fb-2d22-499b-9b37-21d2870f7376,Ski,S300387,CID-133,CA-1058,2025-07-02,Completed,919.95,80.5,1000.45,PayPal,USD,SampleGen
a04ee3d4-ea51-4c98-a6d3-2b3df48601bb,Ski,S300388,CID-133,CA-1058,2026-03-11,Shipped,189.99,16.62,206.61,AmEx,USD,SampleGen
420a4e87-a883-4938-9d43-0133d8007052,Ski,S300389,CID-134,CA-1059,2025-09-18,Shipped,979.97,85.75,1065.72,Discover,USD,SampleGen
cb87cbd0-92e4-487a-b53e-a6de940d88d1,Ski,S300390,CID-134,CA-1059,2025-04-23,Completed,1479.97,129.5,1609.47,VISA,USD,SampleGen
935ca51d-2fdf-47b4-a49c-9be72e7fe780,Ski,S300391,CID-134,CA-1059,2025-05-26,Completed,829.96,72.62,902.58,VISA,USD,SampleGen
337149f3-1887-45aa-9587-bd2014fcb1db,Ski,S300392,CID-135,CA-1060,2025-06-04,Completed,1919.94,168.0,2087.94,PayPal,USD,SampleGen
64234227-070c-469c-b7ce-86fca75f2a9a,Ski,S300393,CID-135,CA-1060,2026-04-07,Shipped,899.99,78.75,978.74,Discover,USD,SampleGen
b002ea8c-1216-4af0-98b0-5a6b2e44e81a,Ski,S300394,CID-136,CA-1061,2025-05-13,Pending,699.98,61.25,761.23,PayPal,USD,SampleGen
b8b93b67-0942-42b5-8e71-c324ddf68878,Ski,S300395,CID-136,CA-1061,2025-11-25,Completed,3179.93,278.25,3458.18,VISA,USD,SampleGen
70308837-fd30-4c04-9bfc-a439b598b70c,Ski,S300396,CID-136,CA-1061,2025-06-02,Completed,1009.95,88.37,1098.32,VISA,USD,SampleGen
d01430eb-8642-4e50-bba6-c79a6dd5d282,Ski,S300397,CID-137,CA-1062,2026-01-17,Shipped,299.99,26.25,326.24,VISA,USD,SampleGen
f764cadb-aa13-4ac6-93bc-8f35aea0f906,Ski,S300398,CID-137,CA-1062,2025-07-31,Completed,1619.96,141.75,1761.71,VISA,USD,SampleGen
c30eb610-cef1-42c6-b9db-6ec20d69ea89,Ski,S300399,CID-137,CA-1062,2025-11-03,Completed,899.99,78.75,978.74,MC,USD,SampleGen
356fe667-a36b-491a-88ec-8b917160260b,Ski,S300400,CID-138,CA-1063,2025-04-22,Completed,2159.95,189.0,2348.95,VISA,USD,SampleGen
8a49e4b4-e52c-4c3f-9248-79f5ddabe92b,Ski,S300401,CID-138,CA-1063,2025-09-11,Completed,399.98,35.0,434.98,VISA,USD,SampleGen
b11f07d8-c578-4a66-b3fb-e5edbcd5607e,Ski,S300402,CID-138,CA-1063,2025-05-04,Completed,799.99,70.0,869.99,VISA,USD,SampleGen
022a0644-a78e-4256-a6a2-247486c0cbc9,Ski,S300403,CID-139,CA-1064,2026-02-08,Completed,999.98,87.49,1087.47,VISA,USD,SampleGen
eafbaf5e-f49f-44b7-807d-e4376f820c3d,Ski,S300404,CID-139,CA-1064,2025-11-14,Pending,659.98,57.75,717.73,VISA,USD,SampleGen
34cdcdae-7073-4a3d-aedf-e34d36a9c8fa,Ski,S300405,CID-140,CA-1065,2025-02-21,Completed,1159.98,101.5,1261.48,MC,USD,SampleGen
b0e0e471-01d6-4d18-bb17-db1d433fe1b2,Ski,S300406,CID-140,CA-1065,2025-12-11,Completed,2074.96,181.56,2256.52,VISA,USD,SampleGen
efb8cdd3-5aec-4724-b184-3b1df6c60332,Ski,S300407,CID-141,CA-1066,2025-03-18,Completed,1539.94,134.75,1674.69,AmEx,USD,SampleGen
bf6ef3ca-7a0d-4c9b-a4fe-9aaa9111ccad,Ski,S300408,CID-141,CA-1066,2026-02-05,Completed,149.99,13.12,163.11,MC,USD,SampleGen
519a5e79-1506-4469-97e6-a65fcce7164f,Ski,S300409,CID-142,CA-1067,2025-11-10,Completed,3499.96,306.24,3806.2,AmEx,USD,SampleGen
ce25d8ff-2a94-4505-8725-309f94be3926,Ski,S300410,CID-143,CA-1068,2025-12-10,Completed,1664.96,145.68,1810.64,VISA,USD,SampleGen
9c570d34-67e3-442f-9dfa-eeb7ea90c03b,Ski,S300411,CID-143,CA-1068,2025-06-22,Completed,1449.97,126.86,1576.83,MC,USD,SampleGen
92280e85-903f-4ed4-bc5f-e4a012901e6f,Ski,S300412,CID-144,CA-1069,2025-01-02,Completed,249.99,21.87,271.86,MC,USD,SampleGen
21615e0f-3fba-4f37-8949-b470490eef42,Ski,S300413,CID-145,CA-1070,2025-09-13,Completed,599.98,52.5,652.48,AmEx,USD,SampleGen
65da4932-fee4-4f66-838b-a253edff8d8e,Ski,S300414,CID-146,CA-1071,2025-02-08,Completed,449.99,39.37,489.36,VISA,USD,SampleGen
e46a5d37-2126-4916-a010-5bd191ef9136,Ski,S300415,CID-146,CA-1071,2025-07-09,Completed,869.96,76.12,946.08,PayPal,USD,SampleGen
48140546-524d-4cc1-aca3-d11dec40a7cf,Ski,S300416,CID-146,CA-1071,2025-03-05,Completed,3499.97,306.25,3806.22,PayPal,USD,SampleGen
04971572-f5b3-4488-bd67-ea46301e0573,Ski,S300417,CID-147,CA-1072,2025-09-11,Completed,3149.96,275.62,3425.58,VISA,USD,SampleGen
367cfb44-12f1-407c-962e-dee6a58705f5,Ski,S300418,CID-147,CA-1072,2025-04-02,Completed,1589.95,139.12,1729.07,MC,USD,SampleGen
0702656b-2afd-4726-aead-e786806a6fae,Ski,S300419,CID-147,CA-1072,2025-09-13,Completed,1299.98,113.75,1413.73,VISA,USD,SampleGen
682f1d70-18eb-408e-8536-6bd3ba09bcc4,Ski,S300420,CID-147,CA-1072,2025-10-25,Shipped,179.99,15.75,195.74,AmEx,USD,SampleGen
96031707-2b40-4ab6-b6a6-8503d596fc9a,Ski,S300421,CID-148,CA-1073,2025-03-29,Completed,889.97,77.87,967.84,VISA,USD,SampleGen
cf0a1948-2ed9-4560-8b49-2e7c8e1069c5,Ski,S300422,CID-148,CA-1073,2025-03-10,Completed,499.98,43.75,543.73,VISA,USD,SampleGen
0c15d1d1-f39e-4903-968a-9134f86a83f9,Ski,S300423,CID-149,CA-1074,2026-01-18,Completed,1049.96,91.87,1141.83,VISA,USD,SampleGen
53e7ec30-71a1-4717-af48-af66b8b55bcb,Ski,S300424,CID-149,CA-1074,2025-07-13,Pending,1899.96,166.25,2066.21,PayPal,USD,SampleGen
9328dd59-8e08-49d7-ae8b-52afdc626a3e,Ski,S300425,CID-149,CA-1074,2025-05-10,Completed,649.99,56.87,706.86,AmEx,USD,SampleGen
8916be7f-02d4-4fb3-8b76-be8370adc639,Ski,S300426,CID-149,CA-1074,2025-08-15,Completed,1549.95,135.62,1685.57,VISA,USD,SampleGen
a5c08a9b-5ab7-4506-a8fd-154190bb562e,Ski,S300427,CID-150,CA-1075,2025-12-15,Completed,1929.95,168.87,2098.82,MC,USD,SampleGen
1c638cd2-35d2-4bdb-9f9e-7ad384c1f359,Ski,S300428,CID-150,CA-1075,2025-05-18,Shipped,699.97,61.25,761.22,VISA,USD,SampleGen
1f6661a6-fb2e-43d8-9c5a-8dbf6199d221,Ski,S300429,CID-150,CA-1075,2025-10-27,Completed,389.97,34.12,424.09,MC,USD,SampleGen
56b69f51-c140-4257-9690-28e968ddc01e,Ski,S300430,CID-151,CA-1076,2026-03-19,Cancelled,2059.94,180.25,2240.19,PayPal,USD,SampleGen
d2bc0503-115d-4bd7-a32d-8fb9955ea452,Ski,S300431,CID-151,CA-1076,2025-06-14,Completed,79.99,7.0,86.99,MC,USD,SampleGen
54bdde8f-dc5b-487b-99f6-7198f57929d8,Ski,S300432,CID-152,CA-1077,2025-06-29,Completed,2599.98,227.5,2827.48,MC,USD,SampleGen
e5c01a1b-7aa7-4c76-b94c-485d903d9963,Ski,S300433,CID-153,CA-1078,2025-05-01,Completed,379.98,33.25,413.23,MC,USD,SampleGen
6215f411-bb6d-474a-b7ec-9a6f21b7fc58,Ski,S300434,CID-154,CA-1079,2025-08-13,Completed,379.98,33.25,413.23,VISA,USD,SampleGen
e5af509b-1a16-48d8-82cd-317bb7143f3f,Ski,S300435,CID-155,CA-1080,2025-06-05,Completed,239.98,21.0,260.98,PayPal,USD,SampleGen
0cde04b0-0c15-494e-99b3-dae512c62c65,Ski,S300436,CID-155,CA-1080,2025-05-20,Pending,1799.98,157.5,1957.48,VISA,USD,SampleGen
0a27becc-8053-44ac-9639-5cc7f315f6eb,Ski,S300437,CID-156,CA-1081,2026-02-01,Completed,1099.98,96.25,1196.23,PayPal,USD,SampleGen
166824b7-7589-4172-a5f0-bb1e5c6e8aab,Ski,S300438,CID-157,CA-1082,2026-01-29,Completed,2609.94,228.37,2838.31,PayPal,USD,SampleGen
236fddaa-3c1f-44ad-b18e-a8f349f56a5c,Ski,S300439,CID-157,CA-1082,2025-02-22,Completed,2599.98,227.5,2827.48,MC,USD,SampleGen
abe43e14-994e-433e-9b1c-86bf4581e4ec,Ski,S300440,CID-158,CA-1083,2026-04-26,Completed,459.97,40.25,500.22,MC,USD,SampleGen
52f9c2a4-54da-40fb-acbd-77bf532acb5e,Ski,S300441,CID-158,CA-1083,2026-01-23,Completed,1779.97,155.74,1935.71,AmEx,USD,SampleGen
5ad1d276-25e6-4365-9208-06c654a205f3,Ski,S300442,CID-159,CA-1084,2025-09-14,Completed,1799.96,157.5,1957.46,PayPal,USD,SampleGen
e79b8eef-b1b9-493e-8249-49415b1a5bab,Ski,S300443,CID-159,CA-1084,2025-03-22,Completed,849.97,74.37,924.34,PayPal,USD,SampleGen
86ca3687-fdd0-40a2-9432-323dfb1e43af,Ski,S300444,CID-159,CA-1084,2026-03-09,Shipped,1799.98,157.5,1957.48,MC,USD,SampleGen
c20a1df7-3f89-4faf-ad4a-11435d56fa94,Ski,S300445,CID-160,CA-1085,2025-06-08,Completed,469.96,41.12,511.08,Discover,USD,SampleGen
74ebd150-b0c5-4d68-a64c-3cbe4a3d1a2f,Ski,S300446,CID-160,CA-1085,2025-01-06,Completed,1299.99,113.75,1413.74,MC,USD,SampleGen
d107213a-3697-4227-9dbb-e342eff0c0e4,Ski,S300447,CID-161,CA-1086,2025-11-20,Completed,349.98,30.62,380.6,VISA,USD,SampleGen
4dc84b38-3024-40f8-a986-10c5a2c61601,Ski,S300448,CID-161,CA-1086,2025-12-02,Completed,3949.96,345.62,4295.58,Discover,USD,SampleGen
dd5ed6ba-1e95-4b1e-80d8-0bea278b5e5a,Ski,S300449,CID-161,CA-1086,2025-01-22,Completed,419.97,36.75,456.72,MC,USD,SampleGen
55735925-d766-4bac-af12-551bb2d232df,Ski,S300450,CID-162,CA-1087,2025-04-19,Completed,809.94,70.87,880.81,VISA,USD,SampleGen
c9eb7b95-bfb9-4c4e-a109-94117a2e5cba,Ski,S300451,CID-163,CA-1088,2026-02-07,Completed,599.98,52.5,652.48,PayPal,USD,SampleGen
912b0ce8-a13c-4062-9f1f-9ff83f6293a9,Ski,S300452,CID-163,CA-1088,2025-12-01,Completed,1919.96,168.0,2087.96,MC,USD,SampleGen
bd6cbe7b-2f7b-4550-8a13-94e456619419,Ski,S300453,CID-163,CA-1088,2025-10-23,Completed,4599.94,402.5,5002.44,VISA,USD,SampleGen
d705d897-36aa-4004-be25-4516317c0bee,Ski,S300454,CID-163,CA-1088,2026-03-05,Pending,799.98,70.0,869.98,AmEx,USD,SampleGen
fc5f7106-5d54-46ca-820f-83d6e11d70e5,Ski,S300455,CID-164,CA-1089,2025-12-29,Completed,1359.96,119.0,1478.96,PayPal,USD,SampleGen
6daa659f-b4fe-4038-a6f0-c390a1c393ed,Ski,S300456,CID-165,CA-1090,2026-04-28,Shipped,649.95,56.87,706.82,AmEx,USD,SampleGen
e087b496-855a-4894-bc86-2e90af713113,Ski,S300457,CID-166,CA-1091,2025-04-24,Completed,799.98,70.0,869.98,MC,USD,SampleGen
83e7655b-191f-4c00-934e-be4c10a03805,Ski,S300458,CID-166,CA-1091,2025-05-15,Completed,1164.95,101.93,1266.88,Discover,USD,SampleGen
375fcc04-c34f-4d26-ba27-67a41399c992,Ski,S300459,CID-166,CA-1091,2025-05-11,Cancelled,2189.96,191.62,2381.58,MC,USD,SampleGen
f4339fb0-1085-49fc-9aed-2cc373bfa995,Ski,S300460,CID-166,CA-1091,2025-11-11,Completed,2599.93,227.5,2827.43,MC,USD,SampleGen
d86640a4-77a7-47c0-96d6-bdd4c56839ef,Ski,S300461,CID-166,CA-1091,2026-04-03,Completed,489.96,42.87,532.83,MC,USD,SampleGen
2b5916d6-c05a-49e1-9094-163954a48b37,Ski,S300462,CID-166,CA-1091,2025-03-22,Completed,1759.96,154.0,1913.96,MC,USD,SampleGen
5b0a2065-ad32-4d24-98bf-93de8a04ac90,Ski,S300463,CID-166,CA-1091,2026-04-11,Completed,899.99,78.75,978.74,VISA,USD,SampleGen
2f9e18a1-9745-4c75-b93e-631bcb7bee1e,Ski,S300464,CID-166,CA-1091,2025-09-06,Completed,2599.98,227.5,2827.48,MC,USD,SampleGen
4721f653-3970-48b1-9ee9-0295329a71d4,Ski,S300465,CID-166,CA-1091,2026-03-03,Cancelled,79.99,7.0,86.99,PayPal,USD,SampleGen
c9e822e2-3499-432e-8b78-a70f48e277fd,Ski,S300466,CID-166,CA-1091,2026-01-15,Completed,2829.95,247.62,3077.57,MC,USD,SampleGen
f08236ce-8177-466b-b46d-435efbbe7e74,Ski,S300467,CID-166,CA-1091,2025-04-06,Shipped,1399.95,122.5,1522.45,MC,USD,SampleGen
3dbfae04-2dfa-4d36-ab0d-1fed3093c0fa,Ski,S300468,CID-167,CA-1092,2025-11-28,Cancelled,2699.94,236.25,2936.19,AmEx,USD,SampleGen
7fe84c25-8627-4429-9057-98b00fb2a980,Ski,S300469,CID-167,CA-1092,2025-09-18,Completed,1229.96,107.62,1337.58,AmEx,USD,SampleGen
8ede5dfe-948e-4e6a-bd53-01ce79211b30,Ski,S300470,CID-167,CA-1092,2025-02-01,Completed,449.99,39.37,489.36,VISA,USD,SampleGen
125b2733-8c6a-40ac-bdff-c310e533ee2b,Ski,S300471,CID-167,CA-1092,2026-03-27,Shipped,489.97,42.87,532.84,MC,USD,SampleGen
8f8bc759-1431-4ed7-838a-3876e5f17857,Ski,S300472,CID-168,CA-1093,2025-05-13,Completed,449.97,39.37,489.34,MC,USD,SampleGen
993227d2-c65e-4943-971a-bcf382ba474c,Ski,S300473,CID-168,CA-1093,2025-12-23,Completed,4199.96,367.5,4567.46,VISA,USD,SampleGen
9b84caa5-dc50-4e58-a6a3-ab9cf63d3e75,Ski,S300474,CID-168,CA-1093,2025-09-23,Completed,879.97,76.99,956.96,VISA,USD,SampleGen
26f35329-8a7c-4e2b-aa55-cafe567d4429,Ski,S300475,CID-168,CA-1093,2025-09-02,Completed,1299.98,113.75,1413.73,VISA,USD,SampleGen
e469c8aa-1d1e-4a66-85a6-8783674f3286,Ski,S300476,CID-169,CA-1094,2025-05-19,Completed,739.97,64.75,804.72,PayPal,USD,SampleGen
56e05f2e-52b1-4a83-8232-996ef2842e3f,Ski,S300477,CID-169,CA-1094,2025-08-24,Completed,299.99,26.25,326.24,VISA,USD,SampleGen
59e72381-a15e-4c8f-8c56-974aba1be694,Ski,S300478,CID-170,CA-1095,2026-02-24,Pending,2249.96,196.87,2446.83,MC,USD,SampleGen
664b49d1-1f32-4b28-8c34-3e7aff3af150,Ski,S300479,CID-171,CA-1096,2026-04-26,Completed,1299.98,113.75,1413.73,AmEx,USD,SampleGen
6ca67c34-d2da-407b-9d99-e84fe03d20ab,Ski,S300480,CID-171,CA-1096,2025-09-19,Completed,349.99,30.62,380.61,VISA,USD,SampleGen
b8409356-8fde-4478-b3fc-6846ad1e8f6b,Ski,S300481,CID-171,CA-1096,2025-03-11,Completed,2049.95,179.37,2229.32,VISA,USD,SampleGen
88a87720-528c-468d-96de-4bd688a1b0f8,Ski,S300482,CID-172,CA-1097,2025-01-01,Completed,2599.98,227.5,2827.48,MC,USD,SampleGen
b553b7a9-863a-482c-814d-cae7b44dcf3c,Ski,S300483,CID-172,CA-1097,2025-09-25,Completed,1289.94,112.87,1402.81,MC,USD,SampleGen
41268a04-0cf4-4511-93a1-697d58a98b9d,Ski,S300484,CID-172,CA-1097,2025-06-17,Completed,799.94,70.0,869.94,VISA,USD,SampleGen
88a483ae-cb25-4deb-a173-610f0083f2d0,Ski,S300485,CID-172,CA-1097,2025-01-18,Completed,499.98,43.75,543.73,VISA,USD,SampleGen
4a868353-4526-4432-966f-5d4b42860b0c,Ski,S300486,CID-172,CA-1097,2025-03-29,Completed,889.95,77.87,967.82,AmEx,USD,SampleGen
18e23819-2436-4c06-9462-b5a69b33a7e0,Ski,S300487,CID-173,CA-1098,2025-12-22,Completed,899.99,78.75,978.74,MC,USD,SampleGen
b54ac488-b595-4789-9dda-c6b4049c6030,Ski,S300488,CID-173,CA-1098,2025-12-26,Shipped,1299.99,113.75,1413.74,AmEx,USD,SampleGen
93da46fb-27ef-444e-9320-1f0511499fec,Ski,S300489,CID-173,CA-1098,2025-05-26,Shipped,189.99,16.62,206.61,MC,USD,SampleGen
d9cead58-3c63-43cc-aabf-2015bbe605b4,Ski,S300490,CID-174,CA-1099,2025-06-05,Completed,269.98,23.62,293.6,VISA,USD,SampleGen
4983b67d-38dc-4a78-9ac2-278a78c2b016,Ski,S300491,CID-174,CA-1099,2026-03-08,Pending,319.98,28.0,347.98,MC,USD,SampleGen
f171cbca-079c-4044-b1a7-b3fa2b9447e2,Ski,S300492,CID-174,CA-1099,2026-01-01,Pending,579.99,50.75,630.74,MC,USD,SampleGen
e5cec0ed-1287-4e4a-8d7d-daddd91ce357,Ski,S300493,CID-175,CA-1100,2025-10-19,Completed,329.97,28.87,358.84,VISA,USD,SampleGen
d09e9ef0-0468-4106-a504-bcf9b5d97ad0,Ski,S300494,CID-175,CA-1100,2025-07-11,Completed,1159.98,101.5,1261.48,AmEx,USD,SampleGen
2067eb2c-23e7-41d0-a2db-f6c79e79962a,Ski,S300495,CID-176,CA-1101,2025-02-07,Completed,59.99,5.25,65.24,PayPal,USD,SampleGen
bfa961a5-1fac-46f7-9cd1-d90ae2e5efa7,Ski,S300496,CID-176,CA-1101,2025-04-27,Completed,549.96,48.12,598.08,MC,USD,SampleGen
3ac0b255-674a-4524-939b-2807071f8370,Ski,S300497,CID-176,CA-1101,2025-06-19,Completed,1969.95,172.37,2142.32,PayPal,USD,SampleGen
bd921e3a-5f79-44b0-8358-b5df4263ae13,Ski,S300498,CID-176,CA-1101,2026-04-07,Completed,2149.95,188.12,2338.07,PayPal,USD,SampleGen
0074b4cc-540d-406c-999c-d737522c8215,Ski,S300499,CID-177,CA-1102,2025-02-08,Completed,1199.98,105.0,1304.98,VISA,USD,SampleGen
fbccf8fc-9224-4a74-bfc0-336119c58a9a,Ski,S300500,CID-177,CA-1102,2025-09-07,Pending,1659.96,145.24,1805.2,VISA,USD,SampleGen
ec3c4c55-e719-4a85-9485-181b189428ba,Ski,S300501,CID-178,CA-1103,2025-05-07,Completed,1019.96,89.25,1109.21,AmEx,USD,SampleGen
e0ca2107-bb81-4247-b2a7-57f19b5bd3b7,Ski,S300502,CID-178,CA-1103,2025-12-03,Completed,3069.93,268.62,3338.55,MC,USD,SampleGen
350b724f-aff7-4f40-bc84-2d3d0d2691ad,Ski,S300503,CID-179,CA-1104,2026-03-31,Completed,1279.93,112.0,1391.93,AmEx,USD,SampleGen
8398411d-49a4-4580-8c84-47142a1ec232,Ski,S300504,CID-179,CA-1104,2025-01-30,Completed,899.99,78.75,978.74,AmEx,USD,SampleGen
6626d672-21d1-425f-8eca-9c9051de58bc,Ski,S300505,CID-180,CA-1105,2026-02-04,Completed,949.98,83.12,1033.1,VISA,USD,SampleGen
53ca4f30-e68f-483b-8fde-8163b1c22454,Ski,S300506,CID-180,CA-1105,2025-02-12,Completed,199.98,17.5,217.48,PayPal,USD,SampleGen
ec20d2c5-c241-4b43-9da7-e364766b94fc,Ski,S300507,CID-180,CA-1105,2025-05-19,Shipped,299.99,26.25,326.24,VISA,USD,SampleGen
32f29c30-762c-45e7-8f66-b6fd45941773,Ski,S300508,CID-180,CA-1105,2026-02-03,Completed,3949.93,345.62,4295.55,AmEx,USD,SampleGen
1ff28c39-cd74-431c-8e8d-59ea843a32a2,Ski,S300509,CID-181,CA-1106,2025-05-09,Pending,2219.93,194.25,2414.18,MC,USD,SampleGen
4f2845c0-5517-4251-b816-bf8ee7cb39d5,Ski,S300510,CID-182,CA-1107,2026-03-27,Completed,499.98,43.75,543.73,MC,USD,SampleGen
5637c848-5692-449c-83f4-053ddeb1b398,Ski,S300511,CID-183,CA-1108,2025-06-16,Completed,729.98,63.87,793.85,VISA,USD,SampleGen
1d2ab3cf-ed50-440b-8547-4bdf83ec9c68,Ski,S300512,CID-184,CA-1109,2025-06-02,Completed,189.99,16.62,206.61,PayPal,USD,SampleGen
d99ea2ec-e935-4f2e-98b9-902b9c88c0c8,Ski,S300513,CID-184,CA-1109,2025-02-16,Shipped,249.99,21.87,271.86,MC,USD,SampleGen
b0791175-99a9-430b-a450-ca84b43af445,Ski,S300514,CID-184,CA-1109,2025-01-19,Completed,849.98,74.37,924.35,Discover,USD,SampleGen
1d3ea9df-2900-46e7-b74d-54936f7b2b65,Ski,S300515,CID-184,CA-1109,2026-01-24,Completed,1229.95,107.62,1337.57,AmEx,USD,SampleGen
e108c0b9-7651-41ea-8109-b99ce32e8c2e,Ski,S300516,CID-184,CA-1109,2025-01-21,Completed,399.99,35.0,434.99,VISA,USD,SampleGen
4275150f-5ddf-4537-adf6-f51188b93f5f,Ski,S300517,CID-185,CA-1110,2025-06-03,Completed,1979.96,173.24,2153.2,VISA,USD,SampleGen
89cee406-1da2-40b7-bacb-6c27a87eec93,Ski,S300518,CID-185,CA-1110,2025-08-13,Completed,1719.97,150.5,1870.47,MC,USD,SampleGen
3866ebb4-168b-4b4c-b86a-669e0eef2993,Ski,S300519,CID-186,CA-1111,2026-03-12,Completed,549.99,48.12,598.11,Discover,USD,SampleGen
f562381f-e12b-4049-97b2-775a9810f6b1,Ski,S300520,CID-186,CA-1111,2025-02-11,Completed,4499.94,393.75,4893.69,AmEx,USD,SampleGen
660abb5f-d855-46b9-9c2a-31a0ffd04650,Ski,S300521,CID-187,CA-1112,2025-09-02,Completed,1049.97,91.87,1141.84,MC,USD,SampleGen
b132b281-808b-400c-8fa0-2b0f88b98b2e,Ski,S300522,CID-187,CA-1112,2025-02-23,Completed,1649.97,144.37,1794.34,MC,USD,SampleGen
f9bbe71a-0ce5-413b-8dc0-a918c067477c,Ski,S300523,CID-187,CA-1112,2025-06-24,Completed,189.99,16.62,206.61,VISA,USD,SampleGen
1e3fd346-7b31-4d87-b097-ec1771bfee1b,Ski,S300524,CID-188,CA-1113,2025-02-06,Completed,319.98,27.99,347.97,VISA,USD,SampleGen
e979e80c-d2c6-47f3-8651-987da9aa60e7,Ski,S300525,CID-188,CA-1113,2025-12-29,Completed,629.97,55.12,685.09,VISA,USD,SampleGen
9f8f08b4-ba85-41fe-8b13-a369379abff6,Ski,S300526,CID-188,CA-1113,2025-02-03,Completed,2399.94,210.0,2609.94,VISA,USD,SampleGen
490e1a3f-e185-4a33-b2ca-13657b5d7272,Ski,S300527,CID-188,CA-1113,2026-03-03,Pending,899.97,78.75,978.72,VISA,USD,SampleGen
1941aedf-0f48-493c-a7c2-3c2746227aa9,Ski,S300528,CID-189,CA-1114,2025-12-24,Completed,4899.94,428.75,5328.69,MC,USD,SampleGen
6bfbfdc2-4742-4ac0-b3e0-e59e6966ec41,Ski,S300529,CID-189,CA-1114,2025-10-31,Completed,1529.96,133.87,1663.83,MC,USD,SampleGen
2e57ad8d-3896-4a97-b939-31301fb520b0,Ski,S300530,CID-190,CA-1115,2026-01-31,Pending,1799.98,157.5,1957.48,VISA,USD,SampleGen
2284deb2-80ba-4a78-886f-a36967dc726a,Ski,S300531,CID-190,CA-1115,2025-07-31,Completed,1109.96,97.12,1207.08,MC,USD,SampleGen
2592e7b1-cf55-4aaf-af77-1369e705c862,Ski,S300532,CID-191,CA-1116,2025-12-25,Shipped,3559.94,311.5,3871.44,PayPal,USD,SampleGen
c8e78dff-8ec8-4676-94ee-caab3b481d9a,Ski,S300533,CID-191,CA-1116,2025-06-14,Completed,119.99,10.5,130.49,PayPal,USD,SampleGen
0290ec09-45be-4afa-9a81-3b8bf57cbfa2,Ski,S300534,CID-192,CA-1117,2025-02-21,Completed,579.98,50.75,630.73,VISA,USD,SampleGen
a3b169f0-fb9a-4c1b-9074-df7798c38ebe,Ski,S300535,CID-192,CA-1117,2025-02-10,Completed,3499.93,306.25,3806.18,VISA,USD,SampleGen
a22710f7-251c-43a8-9a0c-6a3d868522b2,Ski,S300536,CID-194,CA-1119,2026-02-10,Completed,3739.95,327.25,4067.2,MC,USD,SampleGen
a86386a5-d894-48a6-9b1f-eff15cf3d3a2,Ski,S300537,CID-194,CA-1119,2026-02-12,Shipped,249.99,21.87,271.86,PayPal,USD,SampleGen
5ab6a94d-a056-4904-a97f-d99eb6ae34b9,Ski,S300538,CID-195,CA-1120,2025-05-29,Completed,2269.93,198.62,2468.55,PayPal,USD,SampleGen
11078440-0be5-4d0c-a709-7735ba289223,Ski,S300539,CID-195,CA-1120,2025-05-09,Shipped,1089.98,95.37,1185.35,MC,USD,SampleGen
7a8a8b5d-fe8a-4b4f-9393-573baa997082,Ski,S300540,CID-195,CA-1120,2025-03-03,Completed,149.99,13.12,163.11,VISA,USD,SampleGen
f1422c93-c384-4369-8249-53de3f0694c5,Ski,S300541,CID-195,CA-1120,2025-08-04,Cancelled,3179.95,278.25,3458.2,Discover,USD,SampleGen
429f5285-0755-42a1-83ab-d287c950fa4f,Ski,S300542,CID-196,CA-1121,2025-03-22,Shipped,2299.96,201.25,2501.21,Discover,USD,SampleGen
4e1113be-0a9e-40d6-88d7-587c9f144daa,Ski,S300543,CID-197,CA-1122,2025-02-12,Cancelled,1499.97,131.25,1631.22,MC,USD,SampleGen
8efc98fe-a739-467a-b536-305e227ad054,Ski,S300544,CID-197,CA-1122,2025-09-30,Completed,3039.92,266.0,3305.92,PayPal,USD,SampleGen
c75d27ef-a2b0-4b76-b347-94f4b8080e5e,Ski,S300545,CID-197,CA-1122,2025-11-18,Completed,1549.98,135.62,1685.6,Discover,USD,SampleGen
bf520e8f-21d5-4b83-8979-1db412ce79c8,Ski,S300546,CID-197,CA-1122,2026-02-02,Completed,1639.95,143.5,1783.45,MC,USD,SampleGen
42f60174-b210-4f1c-bba6-a49561dcee3c,Ski,S300547,CID-197,CA-1122,2025-12-21,Shipped,1449.95,126.86,1576.81,PayPal,USD,SampleGen
3bad2944-c50f-4e01-b55e-9d88b8753677,Ski,S300548,CID-197,CA-1122,2025-10-11,Completed,3409.93,298.37,3708.3,MC,USD,SampleGen
1d4fefee-db5e-4167-b4d6-6eff77546b3d,Ski,S300549,CID-197,CA-1122,2025-10-10,Pending,1509.97,132.12,1642.09,Discover,USD,SampleGen
12c8fd1e-d52c-4a4f-9a0a-1b6ea2399efb,Ski,S300550,CID-198,CA-1123,2026-01-08,Completed,1149.96,100.62,1250.58,Discover,USD,SampleGen
0cf618b1-256b-414b-b8db-7d28b0628c48,Ski,S300551,CID-198,CA-1123,2025-12-15,Cancelled,259.98,22.75,282.73,VISA,USD,SampleGen
b01ee9c3-a3ee-43d0-a05f-b4884081fc0f,Ski,S300552,CID-198,CA-1123,2025-02-27,Completed,1319.94,115.5,1435.44,PayPal,USD,SampleGen
1727b452-619c-418a-a2d7-46514bd19066,Ski,S300553,CID-198,CA-1123,2025-03-17,Pending,239.98,21.0,260.98,Discover,USD,SampleGen
272c38ca-3661-46b3-b7c6-164ad2945473,Ski,S300554,CID-199,CA-1124,2025-02-11,Completed,4049.94,354.37,4404.31,VISA,USD,SampleGen
e5297dbd-6b32-45a4-8a09-bc01d82e1b51,Ski,S300555,CID-199,CA-1124,2025-01-06,Completed,299.99,26.25,326.24,PayPal,USD,SampleGen
1ffef721-f043-44c7-87f7-f34da91b3ae7,Ski,S300556,CID-200,CA-1125,2025-01-02,Completed,349.99,30.62,380.61,MC,USD,SampleGen
beae5dbe-45af-4cd2-89aa-b22307a3b245,Ski,S300557,CID-200,CA-1125,2025-07-14,Cancelled,1299.98,113.75,1413.73,VISA,USD,SampleGen
2d78603a-471a-47bf-a6a9-b705500ef6e1,Ski,S300558,CID-201,CA-1126,2025-06-20,Completed,279.97,24.5,304.47,AmEx,USD,SampleGen
3e17fb20-de1e-4aa1-abe0-9c5e44bb2e45,Ski,S300559,CID-202,CA-1127,2025-01-13,Completed,2749.95,240.62,2990.57,AmEx,USD,SampleGen
486cd7a7-db08-4d21-ade6-74db419f0491,Ski,S300560,CID-202,CA-1127,2026-01-27,Completed,1299.99,113.75,1413.74,MC,USD,SampleGen
7e71b621-2f3c-44a8-b52e-5debc84b477f,Ski,S300561,CID-203,CA-1128,2025-01-11,Cancelled,2799.95,245.0,3044.95,AmEx,USD,SampleGen
2a9533e6-dcb3-425a-ba3e-a248d01cb33b,Ski,S300562,CID-203,CA-1128,2025-05-15,Completed,2799.95,245.0,3044.95,PayPal,USD,SampleGen
256f0eff-bb28-427e-ad5e-ad870af88a94,Ski,S300563,CID-203,CA-1128,2025-09-07,Completed,709.97,62.12,772.09,AmEx,USD,SampleGen
4d7cf7e4-654b-4c80-93c2-bb5ea6619490,Ski,S300564,CID-203,CA-1128,2026-01-12,Shipped,3179.97,278.25,3458.22,Discover,USD,SampleGen
91ee642c-bc6a-4d98-94fc-32410cc9b1af,Ski,S300565,CID-203,CA-1128,2025-11-22,Completed,2799.96,245.0,3044.96,PayPal,USD,SampleGen
dc5ff130-2f23-407a-98c5-c11064ccac43,Ski,S300566,CID-204,CA-1129,2025-07-11,Completed,309.97,27.12,337.09,VISA,USD,SampleGen
a761466e-ac1e-4ef8-8a6e-ed2fe7b0948e,Ski,S300567,CID-204,CA-1129,2026-01-11,Cancelled,639.97,55.99,695.96,AmEx,USD,SampleGen
396e4809-7878-41fb-a320-9a7b595a02ac,Ski,S300568,CID-204,CA-1129,2025-05-20,Completed,1949.96,170.62,2120.58,VISA,USD,SampleGen
0bd40f2c-83c6-4e22-aec2-bafab1cda516,Ski,S300569,CID-204,CA-1129,2025-05-10,Completed,2999.97,262.5,3262.47,MC,USD,SampleGen
5eb48635-bd48-495c-aee2-f2161bd9de92,Ski,S300570,CID-204,CA-1129,2025-08-09,Pending,14.99,1.31,16.3,AmEx,USD,SampleGen
a1ef2022-f5cb-46dc-9e0d-45a45b1c1149,Ski,S300571,CID-204,CA-1129,2025-04-23,Completed,3449.95,301.87,3751.82,MC,USD,SampleGen
063f3722-a33a-4fbb-b8a1-a8474d19554d,Ski,S300572,CID-205,CA-1130,2026-01-14,Completed,2949.95,258.12,3208.07,MC,USD,SampleGen
e0ecd458-2d85-48a7-85d9-e8384945a144,Ski,S300573,CID-205,CA-1130,2026-03-19,Completed,2359.94,206.49,2566.43,VISA,USD,SampleGen
39edea59-1fd4-4b18-a1be-6cdeaed12c2d,Ski,S300574,CID-205,CA-1130,2025-07-21,Cancelled,1689.95,147.87,1837.82,VISA,USD,SampleGen
763070a3-affd-42ea-92fc-e4ed090dbb82,Ski,S300575,CID-205,CA-1130,2025-06-14,Shipped,619.96,54.25,674.21,PayPal,USD,SampleGen
51d4de26-b122-47f4-8b7e-2245ab16d0af,Ski,S300576,CID-205,CA-1130,2025-01-20,Completed,299.99,26.25,326.24,MC,USD,SampleGen
6cadc53c-8c50-4d92-9eb6-c0cabcd8f262,Ski,S300577,CID-205,CA-1130,2025-07-18,Pending,649.99,56.87,706.86,AmEx,USD,SampleGen
aab118c9-9562-4e17-870c-9de300dd459c,Ski,S300578,CID-205,CA-1130,2025-12-25,Pending,4679.93,409.5,5089.43,MC,USD,SampleGen
b3713b15-ec52-49f1-8fcc-3698bb3961c9,Ski,S300579,CID-206,CA-1131,2025-12-03,Completed,1499.96,131.25,1631.21,MC,USD,SampleGen
fcac1660-b8dc-4786-9ae4-189805fc0df7,Ski,S300580,CID-206,CA-1131,2026-03-12,Completed,989.97,86.62,1076.59,MC,USD,SampleGen
d5da8e3d-829b-4846-b724-186fa30ddbd5,Ski,S300581,CID-207,CA-1132,2025-05-10,Completed,239.98,21.0,260.98,Discover,USD,SampleGen
8d79f004-81ad-4031-98fb-c2ef9844c9f0,Ski,S300582,CID-207,CA-1132,2025-03-07,Completed,2369.95,207.37,2577.32,Discover,USD,SampleGen
1365a3fd-3641-4567-8ffc-a333eb0f972e,Ski,S300583,CID-207,CA-1132,2025-12-20,Completed,1999.97,175.0,2174.97,VISA,USD,SampleGen
b28256ea-7c50-49d8-8298-77abd9ef9309,Ski,S300584,CID-208,CA-1133,2026-03-11,Completed,819.96,71.75,891.71,MC,USD,SampleGen
95a13ea3-e4d3-4232-8679-b8ac7839f21e,Ski,S300585,CID-208,CA-1133,2025-08-08,Shipped,3149.94,275.62,3425.56,VISA,USD,SampleGen
fc813c83-c2bd-4819-953c-9161967c8b98,Ski,S300586,CID-208,CA-1133,2025-09-14,Completed,3319.95,290.5,3610.45,Discover,USD,SampleGen
729a3cd4-a96f-41e9-b9e1-6e6c1de03ebd,Ski,S300587,CID-209,CA-1134,2025-10-10,Completed,579.99,50.75,630.74,PayPal,USD,SampleGen
44377f40-6ff1-4f3e-8f0c-e13f40492422,Ski,S300588,CID-209,CA-1134,2025-12-18,Completed,1479.97,129.49,1609.46,AmEx,USD,SampleGen
972495ce-a43c-4b4d-8f94-0e110dc313f5,Ski,S300589,CID-210,CA-1135,2025-06-12,Shipped,1459.95,127.75,1587.7,VISA,USD,SampleGen
3a73a47d-c720-48a5-95f1-6ec14edbd8ed,Ski,S300590,CID-210,CA-1135,2025-11-06,Completed,3329.96,291.37,3621.33,AmEx,USD,SampleGen
5fc9f291-de24-4141-88e9-786b2ddc06dc,Ski,S300591,CID-211,CA-1136,2025-01-15,Completed,3899.97,341.25,4241.22,PayPal,USD,SampleGen
596d2773-b205-416e-a040-b058d7712ada,Ski,S300592,CID-211,CA-1136,2025-07-02,Completed,3209.93,280.87,3490.8,VISA,USD,SampleGen
31114d27-9d50-44be-a16b-e4bb0eb2f2d6,Ski,S300593,CID-211,CA-1136,2026-02-05,Completed,999.96,87.49,1087.45,Discover,USD,SampleGen
bb206618-0450-43ef-83c5-09c5338d54e0,Ski,S300594,CID-211,CA-1136,2025-01-14,Completed,4599.93,402.5,5002.43,PayPal,USD,SampleGen
9be67b8b-b5e8-4b82-9403-07e97344ef48,Ski,S300595,CID-212,CA-1137,2025-08-04,Pending,559.97,49.0,608.97,Discover,USD,SampleGen
5d9ef3c2-5480-454b-b871-fb43d5ccdc92,Ski,S300596,CID-212,CA-1137,2026-01-11,Shipped,1849.98,161.87,2011.85,VISA,USD,SampleGen
d423a46d-a526-4f54-815b-37fa95864ec0,Ski,S300597,CID-212,CA-1137,2026-02-17,Completed,649.99,56.87,706.86,PayPal,USD,SampleGen
ea41a3a3-20c8-4bf7-8cea-ec6bd97f6f65,Ski,S300598,CID-212,CA-1137,2026-03-28,Completed,159.98,14.0,173.98,VISA,USD,SampleGen
faf902e2-2f5d-4a8d-8b61-6b4517033aca,Ski,S300599,CID-213,CA-1138,2025-08-20,Pending,3619.94,316.75,3936.69,VISA,USD,SampleGen
a0db4ae6-a9bf-43ba-b73d-64dc1647d309,Ski,S300600,CID-213,CA-1138,2025-12-14,Shipped,1049.97,91.87,1141.84,AmEx,USD,SampleGen
b1c7d288-c373-432d-996f-9463eb6aaece,Ski,S300601,CID-214,CA-1139,2025-05-31,Shipped,1219.95,106.75,1326.7,AmEx,USD,SampleGen
cf4b4ab2-2c54-4844-ad04-9324f84d3ecb,Ski,S300602,CID-215,CA-1140,2026-04-26,Shipped,79.99,7.0,86.99,VISA,USD,SampleGen
615107a2-1c09-4704-93df-8c74539cd21f,Ski,S300603,CID-215,CA-1140,2025-02-12,Completed,1299.99,113.75,1413.74,Discover,USD,SampleGen
2f1a2450-c7f2-430a-a76d-6726d871a832,Ski,S300604,CID-215,CA-1140,2025-01-09,Shipped,1909.95,167.12,2077.07,VISA,USD,SampleGen
793d3192-e9ca-40cd-9383-21d66b822a59,Ski,S300605,CID-215,CA-1140,2025-05-26,Completed,899.98,78.75,978.73,PayPal,USD,SampleGen
507d6662-a2ab-4c79-b6b1-8f9d95d02d32,Ski,S300606,CID-215,CA-1140,2025-06-03,Completed,1089.97,95.36,1185.33,MC,USD,SampleGen
a87b74e9-ba56-459c-9bef-fab6beea7d3b,Ski,S300607,CID-215,CA-1140,2026-02-27,Pending,279.97,24.49,304.46,MC,USD,SampleGen
8757401d-db67-4180-8364-e59f406371e2,Ski,S300608,CID-215,CA-1140,2025-02-05,Shipped,319.98,28.0,347.98,AmEx,USD,SampleGen
f456bdb1-c8cb-4952-92a0-9701f2c9e870,Ski,S300609,CID-215,CA-1140,2025-06-19,Completed,349.97,30.62,380.59,AmEx,USD,SampleGen
2e73938e-2578-4125-a414-545961569564,Ski,S300610,CID-215,CA-1140,2025-05-01,Completed,449.99,39.37,489.36,AmEx,USD,SampleGen
5960d956-f55d-4221-8019-46d9c84f8e57,Ski,S300611,CID-216,CA-1141,2026-03-21,Completed,609.98,53.37,663.35,PayPal,USD,SampleGen
f30ac6c3-6563-4bf8-9d8a-6e30adbae5fd,Ski,S300612,CID-216,CA-1141,2025-08-22,Shipped,939.96,82.24,1022.2,VISA,USD,SampleGen
d4ba8993-5949-4d0f-ab85-9a9415403948,Ski,S300613,CID-217,CA-1142,2025-11-02,Completed,299.99,26.25,326.24,MC,USD,SampleGen
e9648ec1-12c0-4560-9f92-d92ef9bf3b18,Ski,S300614,CID-218,CA-1143,2025-11-06,Shipped,1299.97,113.74,1413.71,PayPal,USD,SampleGen
2bf5629a-7e73-4e21-8bc0-755447c92606,Ski,S300615,CID-218,CA-1143,2025-04-06,Pending,989.95,86.62,1076.57,PayPal,USD,SampleGen
ad995d49-9cb9-4ab6-9070-221621b58928,Ski,S300616,CID-219,CA-1144,2025-01-05,Pending,1779.95,155.75,1935.7,VISA,USD,SampleGen
9a24448b-8d18-4765-a611-e00859b7bc93,Ski,S300617,CID-219,CA-1144,2025-05-05,Completed,2424.94,212.18,2637.12,MC,USD,SampleGen
e0f65836-8ec2-4608-a801-fd953bd38c35,Ski,S300618,CID-219,CA-1144,2025-09-11,Completed,579.99,50.75,630.74,AmEx,USD,SampleGen
0058afd3-c410-4902-b8d7-86ce5897ac95,Ski,S300619,CID-219,CA-1144,2026-01-08,Completed,599.97,52.5,652.47,PayPal,USD,SampleGen
781dedbf-98e9-4e46-9b16-dba33c5ace73,Ski,S300620,CID-220,CA-1145,2025-02-03,Completed,934.95,81.81,1016.76,VISA,USD,SampleGen
c3c4ad20-bdd1-4e06-98bc-eb8f74c1e052,Ski,S300621,CID-220,CA-1145,2026-01-16,Completed,2599.97,227.5,2827.47,VISA,USD,SampleGen
b5baa7cf-8278-45d7-8d03-b391b184fc25,Ski,S300622,CID-220,CA-1145,2025-12-05,Completed,2049.96,179.37,2229.33,AmEx,USD,SampleGen
e052ad97-b81e-482c-b616-825bca8788cb,Ski,S300623,CID-220,CA-1145,2025-09-30,Completed,1709.96,149.62,1859.58,MC,USD,SampleGen
ef3f86a0-ee1d-4b4c-bd6a-43c63eeb42f5,Ski,S300624,CID-221,CA-1146,2026-01-06,Completed,549.98,48.12,598.1,Discover,USD,SampleGen
19d13bcf-eb58-43ae-84aa-4c6d09b1363c,Ski,S300625,CID-221,CA-1146,2026-02-09,Completed,2959.94,259.0,3218.94,VISA,USD,SampleGen
5bdebebd-5ca6-4799-b943-649e59f2cf68,Ski,S300626,CID-221,CA-1146,2025-12-30,Completed,2559.96,224.0,2783.96,AmEx,USD,SampleGen
ddf27619-ea72-4e4f-9809-769b5757de11,Ski,S300627,CID-221,CA-1146,2025-04-18,Completed,309.98,27.12,337.1,MC,USD,SampleGen
0181daf4-c674-4128-8376-aaf12fbc6a2f,Ski,S300628,CID-222,CA-1147,2026-02-22,Completed,3759.94,329.0,4088.94,AmEx,USD,SampleGen
4335fb9c-aa45-4c46-8fde-0faa9d54af64,Ski,S300629,CID-223,CA-1148,2025-10-04,Completed,239.98,21.0,260.98,VISA,USD,SampleGen
90088da4-dac6-406d-ad0d-0b3392a9c5dc,Ski,S300630,CID-223,CA-1148,2026-01-27,Completed,1499.98,131.25,1631.23,MC,USD,SampleGen
93336d8d-cc90-4abb-ba16-a2656b2f097d,Ski,S300631,CID-223,CA-1148,2025-12-20,Pending,679.98,59.49,739.47,VISA,USD,SampleGen
8b7d3ef5-3e8e-4182-a3b9-eff30f7593c6,Ski,S300632,CID-223,CA-1148,2025-01-22,Completed,4709.93,412.12,5122.05,VISA,USD,SampleGen
bd1fd6f5-6e87-49db-9fdd-56f6e39f9bbb,Ski,S300633,CID-223,CA-1148,2025-07-19,Shipped,319.98,28.0,347.98,Discover,USD,SampleGen
99e04abc-3823-4828-95b6-8f48a87fbe8a,Ski,S300634,CID-223,CA-1148,2025-05-26,Completed,1749.98,153.12,1903.1,PayPal,USD,SampleGen
b74ee1c9-4e23-4b0d-8d00-a74a63f6fcd0,Ski,S300635,CID-223,CA-1148,2026-03-01,Completed,1589.95,139.12,1729.07,Discover,USD,SampleGen
f271ea00-7d7a-4a55-9bf9-69a170b535d6,Ski,S300636,CID-224,CA-1149,2025-04-14,Completed,379.98,33.25,413.23,MC,USD,SampleGen
44acaaba-f9dc-481f-b4a8-d26ffd2e532b,Ski,S300637,CID-225,CA-1150,2025-11-26,Completed,299.98,26.25,326.23,MC,USD,SampleGen
1b25ba5e-ccf0-4f57-b75f-f852b611c735,Ski,S300638,CID-225,CA-1150,2025-08-22,Shipped,519.96,45.5,565.46,MC,USD,SampleGen
1f901bf6-f2cc-421e-80db-0aec9445af40,Ski,S300639,CID-226,CA-1151,2025-06-17,Completed,2669.95,233.62,2903.57,MC,USD,SampleGen
9487689f-ae31-48b1-876e-168b0fcda926,Ski,S300640,CID-226,CA-1151,2025-05-05,Pending,2599.98,227.5,2827.48,PayPal,USD,SampleGen
8f0f15e2-094e-42cf-9076-681650eb3523,Ski,S300641,CID-227,CA-1152,2026-03-15,Completed,559.97,49.0,608.97,VISA,USD,SampleGen
33a64e33-ce86-429b-a3d7-baf7e0e27e77,Ski,S300642,CID-227,CA-1152,2025-09-10,Completed,2159.95,189.0,2348.95,Discover,USD,SampleGen
8dcab69a-3848-4eeb-bdfe-88197fd8bf78,Ski,S300643,CID-228,CA-1153,2025-06-04,Shipped,1879.93,164.5,2044.43,MC,USD,SampleGen
69e23316-1b3e-4ba1-9858-d84e7ece7f30,Ski,S300644,CID-228,CA-1153,2025-03-01,Completed,119.99,10.5,130.49,MC,USD,SampleGen
ed90c907-f2db-481a-b33d-4bd0f45b4df6,Ski,S300645,CID-229,CA-1154,2026-03-12,Completed,879.96,77.0,956.96,VISA,USD,SampleGen
4e813cfd-a3fb-44d9-b8a0-3a41dd145f2d,Ski,S300646,CID-229,CA-1154,2026-02-03,Pending,2569.94,224.87,2794.81,AmEx,USD,SampleGen
780dbb85-e061-47a7-bc61-4e0acbc87a16,Ski,S300647,CID-229,CA-1154,2025-12-04,Pending,599.98,52.5,652.48,Discover,USD,SampleGen
466b7377-32c8-4305-a206-443521ac2a04,Ski,S300648,CID-229,CA-1154,2025-06-05,Completed,1979.96,173.25,2153.21,VISA,USD,SampleGen
69df9e2a-7e73-40c3-95c0-26290a768d51,Ski,S300649,CID-230,CA-1155,2026-03-23,Completed,619.97,54.25,674.22,VISA,USD,SampleGen
7b303990-a7b3-4e10-9114-0ec67ce79d27,Ski,S300650,CID-230,CA-1155,2025-10-31,Completed,1039.94,91.0,1130.94,PayPal,USD,SampleGen
6be3db3c-4705-4dc6-84a8-abfca9c618ec,Ski,S300651,CID-230,CA-1155,2025-01-05,Completed,2659.95,232.75,2892.7,VISA,USD,SampleGen
90839053-155f-428d-b370-36d78cc9bc53,Ski,S300652,CID-230,CA-1155,2025-11-11,Completed,549.99,48.12,598.11,VISA,USD,SampleGen
bc6adeb2-62bb-4d8f-8c67-be6f52aa17ad,Ski,S300653,CID-231,CA-1156,2025-02-10,Completed,1479.98,129.5,1609.48,MC,USD,SampleGen
d5f08b79-06b0-4b27-b554-d20517cb5e19,Ski,S300654,CID-231,CA-1156,2026-03-16,Pending,119.99,10.5,130.49,VISA,USD,SampleGen
b38734e0-054c-4eb1-a238-e04a87f0118f,Ski,S300655,CID-231,CA-1156,2025-07-25,Completed,1539.96,134.75,1674.71,VISA,USD,SampleGen
8e17328e-8ebb-481d-b203-0d52b52704ff,Ski,S300656,CID-231,CA-1156,2025-07-19,Completed,2229.95,195.11,2425.06,MC,USD,SampleGen
1264935b-bfd7-4a41-84b2-22f05cbbf097,Ski,S300657,CID-232,CA-1157,2025-10-09,Completed,1859.96,162.75,2022.71,PayPal,USD,SampleGen
8dbe8412-60d8-4b20-8143-0bfeed70514e,Ski,S300658,CID-232,CA-1157,2026-03-13,Completed,799.96,70.0,869.96,VISA,USD,SampleGen
8b989315-cb34-4f8e-adb5-08ef975098c5,Ski,S300659,CID-233,CA-1158,2025-07-10,Completed,189.99,16.62,206.61,VISA,USD,SampleGen
99b50c92-7e6c-4057-b4b8-2f1a587a798b,Ski,S300660,CID-233,CA-1158,2025-07-31,Completed,399.96,35.0,434.96,MC,USD,SampleGen
9be160f3-d846-4215-b85d-69971f8a27fe,Ski,S300661,CID-233,CA-1158,2025-10-26,Completed,2259.95,197.75,2457.7,VISA,USD,SampleGen
02d003a3-2cac-411b-b5aa-e1fec22ce3fa,Ski,S300662,CID-233,CA-1158,2025-03-05,Completed,3199.96,280.0,3479.96,MC,USD,SampleGen
7c4df7b1-fcd7-4e36-a5f0-2e341685526e,Ski,S300663,CID-233,CA-1158,2025-07-31,Completed,239.98,21.0,260.98,PayPal,USD,SampleGen
80c194b4-0695-461a-a65b-34ab0ecf7c9a,Ski,S300664,CID-233,CA-1158,2025-03-14,Completed,2359.93,206.5,2566.43,PayPal,USD,SampleGen
0a22cb2f-3b7d-404e-ad03-67d51c7299ea,Ski,S300665,CID-234,CA-1159,2025-08-10,Completed,269.98,23.62,293.6,MC,USD,SampleGen
072aa04c-fd79-4d65-a1ca-4eb1cad3eefd,Ski,S300666,CID-234,CA-1159,2025-09-17,Shipped,699.98,61.25,761.23,PayPal,USD,SampleGen
b1061870-fb74-45da-9998-b9a5921cc6a6,Ski,S300667,CID-235,CA-1160,2025-08-30,Completed,1679.92,147.0,1826.92,VISA,USD,SampleGen
4c3b6191-8343-40b3-b241-814ee286848d,Ski,S300668,CID-235,CA-1160,2025-03-09,Pending,299.99,26.25,326.24,MC,USD,SampleGen
8a64218c-4e92-49c5-a7c9-91d9ef564bd6,Ski,S300669,CID-235,CA-1160,2025-03-19,Completed,1799.98,157.5,1957.48,AmEx,USD,SampleGen
1ba9fa8b-01ce-45ef-a32b-d752cbcd450b,Ski,S300670,CID-235,CA-1160,2025-05-12,Completed,1879.97,164.5,2044.47,AmEx,USD,SampleGen
e875992a-8710-4ac5-8f10-020c70603649,Ski,S300671,CID-236,CA-1161,2025-01-06,Completed,129.99,11.37,141.36,AmEx,USD,SampleGen
89e15998-b31e-46d2-b91e-64a1203541e5,Ski,S300672,CID-236,CA-1161,2026-04-07,Completed,399.99,35.0,434.99,PayPal,USD,SampleGen
b2659c51-010a-4269-9c73-7db558c783e7,Ski,S300673,CID-236,CA-1161,2025-09-23,Pending,389.98,34.12,424.1,VISA,USD,SampleGen
b420744a-054f-43ae-9782-9cef8a4d6edf,Ski,S300674,CID-236,CA-1161,2026-03-09,Completed,1799.98,157.5,1957.48,MC,USD,SampleGen
6fd52b68-8aa1-4ae0-9e88-669f8b10de00,Ski,S300675,CID-236,CA-1161,2025-06-23,Completed,1359.94,118.99,1478.93,PayPal,USD,SampleGen
fbce4258-1fbd-4901-954e-da43d9822d18,Ski,S300676,CID-236,CA-1161,2025-07-05,Completed,239.98,21.0,260.98,VISA,USD,SampleGen
3ac700f7-96cb-45da-a883-dc9f2690ae86,Ski,S300677,CID-236,CA-1161,2026-04-24,Completed,579.99,50.75,630.74,MC,USD,SampleGen
b1c7a2d7-d8c5-4d6d-9ce5-e58f26761a6d,Ski,S300678,CID-236,CA-1161,2025-02-25,Completed,2049.97,179.37,2229.34,PayPal,USD,SampleGen
b859359e-63f2-469d-9775-8e01c9db6039,Ski,S300679,CID-236,CA-1161,2025-05-10,Completed,319.98,28.0,347.98,PayPal,USD,SampleGen
c45bed33-00d9-4b35-8d23-bb86e97cb0a4,Ski,S300680,CID-236,CA-1161,2025-04-05,Completed,1969.94,172.37,2142.31,VISA,USD,SampleGen
69efdf83-c064-45ab-94ad-ff07b3fb83d8,Ski,S300681,CID-237,CA-1162,2026-02-19,Completed,3759.92,329.0,4088.92,AmEx,USD,SampleGen
523d7a4c-19da-49b2-a4ef-7e117d111095,Ski,S300682,CID-237,CA-1162,2025-05-03,Completed,3009.93,263.37,3273.3,PayPal,USD,SampleGen
db722c9a-4cfe-45ea-8cd3-daab4a7a1af9,Ski,S300683,CID-237,CA-1162,2026-04-29,Completed,2009.95,175.87,2185.82,VISA,USD,SampleGen
e622c0b4-a5a1-4363-8520-50f57ab0d9b5,Ski,S300684,CID-238,CA-1163,2025-10-31,Completed,1099.97,96.25,1196.22,VISA,USD,SampleGen
2dccf972-4525-4fce-b7b1-fe96969323f3,Ski,S300685,CID-238,CA-1163,2026-04-23,Completed,479.96,42.0,521.96,VISA,USD,SampleGen
2c193b23-4454-4630-b6b3-95699c69839c,Ski,S300686,CID-239,CA-1164,2025-09-08,Pending,609.96,53.37,663.33,AmEx,USD,SampleGen
1380afc4-7c85-40ed-b379-0a43a38dd30b,Ski,S300687,CID-239,CA-1164,2025-03-07,Shipped,1949.95,170.62,2120.57,VISA,USD,SampleGen
e5565efb-2944-440e-aa5e-561040ac375e,Ski,S300688,CID-239,CA-1164,2025-08-02,Completed,2719.94,238.0,2957.94,VISA,USD,SampleGen
4e76a2c6-d65a-48c0-bbc3-bcda74ec4c44,Ski,S300689,CID-239,CA-1164,2025-02-06,Completed,5819.93,509.25,6329.18,Discover,USD,SampleGen
23ee5aa6-3177-4c90-8b03-dcd126dde8f4,Ski,S300690,CID-239,CA-1164,2025-06-02,Completed,3899.96,341.25,4241.21,MC,USD,SampleGen
a414a78c-37ba-4c08-baa9-83dac117905b,Ski,S300691,CID-240,CA-1165,2025-08-07,Completed,629.96,55.12,685.08,Discover,USD,SampleGen
499113e8-7054-4bd1-91bf-30f551764377,Ski,S300692,CID-240,CA-1165,2025-03-04,Shipped,349.97,30.62,380.59,MC,USD,SampleGen
609b6fa9-57e5-4fad-8fa3-a79e6472142c,Ski,S300693,CID-240,CA-1165,2025-03-06,Completed,4399.94,385.0,4784.94,PayPal,USD,SampleGen
42cfd79e-6047-45d7-80ae-3014260d3b25,Ski,S300694,CID-241,CA-1166,2025-11-24,Completed,1599.96,139.99,1739.95,VISA,USD,SampleGen
7fd6e823-0737-415f-a249-cdadac5547b3,Ski,S300695,CID-242,CA-1167,2025-07-25,Shipped,1749.98,153.12,1903.1,MC,USD,SampleGen
a3d5d106-e1c9-43c6-92cf-32ba8c19c360,Ski,S300696,CID-243,CA-1168,2025-10-11,Completed,579.99,50.75,630.74,VISA,USD,SampleGen
a7ddea0b-2385-4637-bedd-46634dfcea77,Ski,S300697,CID-244,CA-1169,2025-03-27,Completed,2139.95,187.24,2327.19,MC,USD,SampleGen
ee6563ef-3581-4e3e-b853-47b4ea826f76,Ski,S300698,CID-244,CA-1169,2025-12-11,Completed,649.99,56.87,706.86,AmEx,USD,SampleGen
c2a98555-b9de-456e-90a4-9ed6f42088a1,Ski,S300699,CID-244,CA-1169,2025-02-24,Pending,499.98,43.75,543.73,VISA,USD,SampleGen
73852ab4-f3ab-41fc-917e-3805a4ccdaad,Ski,S300700,CID-245,CA-1170,2025-03-16,Pending,719.95,63.0,782.95,AmEx,USD,SampleGen
f9e6ffb0-5714-4181-bcd3-82b0a7445936,Ski,S300701,CID-245,CA-1170,2026-03-29,Completed,1599.98,140.0,1739.98,AmEx,USD,SampleGen
aacc75fc-7b60-40ad-ac6a-cf7fc1e0a97d,Ski,S300702,CID-245,CA-1170,2026-02-20,Pending,1049.97,91.87,1141.84,PayPal,USD,SampleGen
24bdc60e-3bdf-4ca7-82df-514ae76972c2,Ski,S300703,CID-245,CA-1170,2025-02-27,Completed,1199.96,105.0,1304.96,Discover,USD,SampleGen
ff827929-3865-4931-9bf0-07ffbbb2d749,Ski,S300704,CID-247,CA-1172,2025-12-06,Cancelled,1179.96,103.25,1283.21,VISA,USD,SampleGen
842a4b51-3da5-476c-9f58-12ce6bcd1b08,Ski,S300705,CID-247,CA-1172,2025-11-04,Completed,1569.96,137.37,1707.33,AmEx,USD,SampleGen
140a7088-66cf-4a7f-b2e5-55093f900cf3,Ski,S300706,CID-248,CA-1173,2025-03-10,Completed,1119.95,98.0,1217.95,VISA,USD,SampleGen
1cbdcae9-750b-440b-ad7c-71c9ff347f63,Ski,S300707,CID-249,CA-1174,2026-01-09,Completed,179.99,15.75,195.74,AmEx,USD,SampleGen
d06a51f1-749c-4a8c-b313-360a6b43beb2,Ski,S300708,CID-250,CA-1175,2025-07-15,Pending,189.99,16.62,206.61,MC,USD,SampleGen
44bba0a6-fb77-465d-9dd7-e23fedf235f4,Ski,S300709,CID-250,CA-1175,2025-11-11,Completed,1459.98,127.75,1587.73,VISA,USD,SampleGen
3012d522-124c-4527-84bc-230fcb36e21a,Ski,S300710,CID-250,CA-1175,2025-07-06,Completed,299.99,26.25,326.24,VISA,USD,SampleGen
281fad29-dbb6-45b6-b812-11e5d39209db,Ski,S300711,CID-250,CA-1175,2025-04-10,Completed,1049.98,91.87,1141.85,PayPal,USD,SampleGen
7bd8cd83-8338-4dfb-9b9b-e26f4ed0bed8,Ski,S300712,CID-251,CA-1176,2025-04-13,Completed,1279.94,111.99,1391.93,MC,USD,SampleGen
5583a1b3-f5ab-4078-82fe-147855d7e199,Ski,S300713,CID-251,CA-1176,2026-02-10,Completed,1549.97,135.62,1685.59,PayPal,USD,SampleGen
e2e0535a-54ac-4a9d-a46c-f3fefb48b9ba,Ski,S300714,CID-251,CA-1176,2025-03-25,Completed,239.98,21.0,260.98,AmEx,USD,SampleGen
751f4a5a-df61-429b-bb00-2814b078efb7,Ski,S300715,CID-251,CA-1176,2026-04-10,Completed,2629.95,230.12,2860.07,VISA,USD,SampleGen
d7e4b1bc-12cd-4ee6-b638-72eb2360f93d,Ski,S300716,CID-252,CA-1177,2025-10-04,Completed,299.99,26.25,326.24,VISA,USD,SampleGen
94930476-dfe4-4dce-8a08-fdb7c9bffd86,Ski,S300717,CID-253,CA-1178,2025-09-07,Completed,1289.97,112.87,1402.84,VISA,USD,SampleGen
fd3508a9-1499-42d8-bef3-877361c59592,Ski,S300718,CID-253,CA-1178,2025-06-09,Shipped,2849.94,249.37,3099.31,VISA,USD,SampleGen
f565ae6a-193a-49d1-81dc-6bf98e93db1c,Ski,S300719,CID-253,CA-1178,2025-04-09,Pending,1039.97,91.0,1130.97,PayPal,USD,SampleGen
fa76f1ef-0047-487c-9aaa-5b88284b7609,Ski,S300720,CID-253,CA-1178,2026-03-01,Cancelled,759.96,66.5,826.46,Discover,USD,SampleGen
fe39ea9f-c3dd-4506-b6d0-58b56ebf5d43,Ski,S300721,CID-253,CA-1178,2025-10-04,Completed,159.98,14.0,173.98,Discover,USD,SampleGen
dcf1d62e-f384-44c4-afe1-2c9872413fb7,Ski,S300722,CID-254,CA-1179,2025-05-29,Completed,3379.95,295.75,3675.7,VISA,USD,SampleGen
06f67ada-9109-490a-b5ac-91e4cc00ea61,Ski,S300723,CID-254,CA-1179,2025-01-13,Completed,599.98,52.49,652.47,PayPal,USD,SampleGen
87041b91-2bc9-47c0-acf5-fe0194d66bec,Ski,S300724,CID-254,CA-1179,2026-04-28,Completed,1579.94,138.25,1718.19,PayPal,USD,SampleGen
c323f841-2396-4fed-a9ec-1b015f2146f7,Ski,S300725,CID-254,CA-1179,2025-01-20,Pending,679.96,59.5,739.46,MC,USD,SampleGen
b6343e0f-1f96-4c4b-90c5-51f4586aca88,Ski,S300726,CID-255,CA-1180,2025-05-14,Completed,319.98,28.0,347.98,Discover,USD,SampleGen
018de2d0-284b-44bb-8293-dbee10928878,Ski,S300727,CID-255,CA-1180,2025-05-23,Completed,399.96,35.0,434.96,AmEx,USD,SampleGen
248dc9e9-99c1-4c4d-83c0-ea828cab2e75,Ski,S300728,CID-255,CA-1180,2025-03-01,Completed,769.98,67.37,837.35,MC,USD,SampleGen
b717bce1-f3e4-45d4-a247-073f523c0aa3,Ski,S300729,CID-256,CA-1181,2025-04-17,Completed,839.94,73.5,913.44,VISA,USD,SampleGen
97cae1ba-8bbe-4722-9008-baa025fc05ec,Ski,S300730,CID-257,CA-1182,2026-02-04,Completed,1159.98,101.5,1261.48,VISA,USD,SampleGen
aafdccea-ed3c-43ee-b7ff-34f8826c2bc5,Ski,S300731,CID-258,CA-1183,2025-02-07,Completed,1049.98,91.87,1141.85,MC,USD,SampleGen
99af4e80-7151-452c-a978-b1fed6a7250e,Ski,S300732,CID-258,CA-1183,2025-03-04,Cancelled,3359.93,294.0,3653.93,Discover,USD,SampleGen
d7a2e500-599c-434c-b66e-f3d3cd4e535a,Ski,S300733,CID-259,CA-1184,2025-04-26,Completed,1349.97,118.12,1468.09,VISA,USD,SampleGen
860cb5dd-f64a-4396-b261-85bbe9ffacdf,Ski,S300734,CID-259,CA-1184,2025-06-03,Completed,779.98,68.25,848.23,VISA,USD,SampleGen
ad6929db-e93f-4179-9b1d-f14b6e6e6411,Ski,S300735,CID-260,CA-1185,2025-11-22,Completed,719.95,63.0,782.95,VISA,USD,SampleGen
1512a0c0-3c57-4ebe-a607-7a2fa5a8b1e6,Ski,S300736,CID-260,CA-1185,2025-11-28,Cancelled,2439.94,213.5,2653.44,AmEx,USD,SampleGen
449f0f43-dc42-42c4-9ad0-158c5cc9cf22,Ski,S300737,CID-261,CA-1186,2025-09-09,Completed,4479.94,392.0,4871.94,MC,USD,SampleGen
68ac616b-8f60-4a39-8cfe-6a740e30a06b,Ski,S300738,CID-262,CA-1187,2025-02-22,Shipped,949.97,83.12,1033.09,VISA,USD,SampleGen
40f4836a-bd83-4c6b-8aee-df7158a9fe01,Ski,S300739,CID-262,CA-1187,2025-03-28,Completed,929.96,81.37,1011.33,MC,USD,SampleGen
0e4899e9-2d94-43d6-8cab-dd91e1fc49b7,Ski,S300740,CID-263,CA-1188,2026-04-17,Completed,2149.95,188.12,2338.07,MC,USD,SampleGen
09fb0ada-91ca-4ff5-803f-f32ab984f8ab,Ski,S300741,CID-264,CA-1189,2025-06-13,Shipped,909.97,79.62,989.59,VISA,USD,SampleGen
9440669a-364d-4591-934e-3d08739f23bc,Ski,S300742,CID-265,CA-1190,2026-01-10,Completed,5199.96,455.0,5654.96,MC,USD,SampleGen
b049bb13-3b29-42e6-a5e2-7d1fd68b2239,Ski,S300743,CID-265,CA-1190,2025-07-03,Completed,1379.97,120.75,1500.72,VISA,USD,SampleGen
e3c4df5f-105b-449d-9467-65ffdc1a04db,Ski,S300744,CID-265,CA-1190,2025-11-06,Shipped,1079.97,94.5,1174.47,VISA,USD,SampleGen
c06c32b7-a229-40a9-8d3b-e22c6c6842a8,Ski,S300745,CID-265,CA-1190,2026-04-09,Completed,2599.96,227.5,2827.46,MC,USD,SampleGen
5277c659-0a5c-4886-87e3-9911399fe34a,Ski,S300746,CID-265,CA-1190,2025-04-07,Completed,1649.96,144.37,1794.33,VISA,USD,SampleGen
b4e44abc-bf85-4b36-b2e3-5451d9ce6541,Ski,S300747,CID-265,CA-1190,2026-04-07,Shipped,4809.93,420.87,5230.8,Discover,USD,SampleGen
bb5abb1c-af4b-4dca-b580-fe65c9e934bf,Ski,S300748,CID-265,CA-1190,2025-07-18,Cancelled,239.97,21.0,260.97,PayPal,USD,SampleGen
c9271ca7-aaa3-4c5e-afdc-78c8e3bd88a6,Ski,S300749,CID-266,CA-1191,2025-03-26,Completed,2039.93,178.5,2218.43,VISA,USD,SampleGen
560cad07-1a15-4df9-9841-2d24c5a26654,Ski,S300750,CID-266,CA-1191,2025-03-25,Completed,3779.95,330.75,4110.7,Discover,USD,SampleGen
0687359a-6798-40d0-9697-5c9a3ba847d2,Ski,S300751,CID-266,CA-1191,2026-01-27,Completed,829.97,72.62,902.59,MC,USD,SampleGen
7abf2465-fa24-4493-8991-e4667a381d81,Ski,S300752,CID-266,CA-1191,2026-04-04,Completed,799.98,70.0,869.98,PayPal,USD,SampleGen
f9ab5dfc-9b39-44e0-895a-c75c282ee2ee,Ski,S300753,CID-266,CA-1191,2025-10-18,Shipped,1099.95,96.24,1196.19,MC,USD,SampleGen
4296ddde-bd7b-4aec-9ce2-535949ef1a23,Ski,S300754,CID-266,CA-1191,2026-01-21,Completed,2549.95,223.12,2773.07,AmEx,USD,SampleGen
5c89ff83-e3ae-49aa-932a-24d6a3981d6c,Ski,S300755,CID-266,CA-1191,2026-04-07,Completed,1999.97,175.0,2174.97,AmEx,USD,SampleGen
d9937ba7-bd84-4c60-916c-9d565bbb6dfe,Ski,S300756,CID-266,CA-1191,2025-05-30,Completed,1919.93,168.0,2087.93,PayPal,USD,SampleGen
78c6a963-c73d-41f4-afdc-1cbc0300c8e4,Ski,S300757,CID-267,CA-1192,2026-02-21,Completed,2799.94,245.0,3044.94,AmEx,USD,SampleGen
2ff98db7-e9a8-4a42-9b7e-5aa5891b4b1c,Ski,S300758,CID-267,CA-1192,2025-07-24,Shipped,1759.96,154.0,1913.96,VISA,USD,SampleGen
199e2f3e-88ff-4484-bfa6-c7b5c2a14123,Ski,S300759,CID-268,CA-1193,2026-02-08,Completed,2809.94,245.87,3055.81,MC,USD,SampleGen
5ce8a791-47dd-453b-bae4-128a71349b58,Ski,S300760,CID-268,CA-1193,2025-01-30,Completed,899.98,78.75,978.73,Discover,USD,SampleGen
b34d6876-3858-4c2f-9e94-5a31cd466779,Ski,S300761,CID-268,CA-1193,2025-10-22,Completed,3679.94,322.0,4001.94,AmEx,USD,SampleGen
77e017ce-e5fc-4155-8d3a-54cd3af6ea8e,Ski,S300762,CID-268,CA-1193,2026-03-04,Completed,499.97,43.75,543.72,AmEx,USD,SampleGen
2b1d362e-4d6e-485f-9a75-63f19d4acf76,Ski,S300763,CID-268,CA-1193,2025-09-14,Completed,2599.98,227.5,2827.48,AmEx,USD,SampleGen
82c6519c-9331-4f30-a6a2-2f6fa9055ef7,Ski,S300764,CID-268,CA-1193,2026-04-19,Completed,1329.95,116.37,1446.32,VISA,USD,SampleGen
7bbd5674-f4c4-4b44-9cf4-5ace4916e36c,Ski,S300765,CID-268,CA-1193,2025-11-25,Cancelled,1569.96,137.37,1707.33,VISA,USD,SampleGen
22705ed7-ce16-453f-a4a4-fe8b7ad54415,Ski,S300766,CID-268,CA-1193,2025-08-27,Completed,1599.95,140.0,1739.95,Discover,USD,SampleGen
3d266893-39bd-4ad2-bd04-53c7912cc562,Ski,S300767,CID-268,CA-1193,2025-08-22,Completed,959.97,84.0,1043.97,MC,USD,SampleGen
6f024c7c-740d-40cf-8b48-4448c86e2627,Ski,S300768,CID-269,CA-1194,2025-07-23,Completed,989.98,86.62,1076.6,MC,USD,SampleGen
32c15c93-42d6-41a1-b5c5-2082a4a0c2c6,Ski,S300769,CID-269,CA-1194,2025-04-24,Completed,2659.93,232.75,2892.68,MC,USD,SampleGen
a5bf3fac-ffc8-4e3b-aa90-ccc6575c0c6f,Ski,S300770,CID-269,CA-1194,2026-02-21,Completed,579.99,50.75,630.74,Discover,USD,SampleGen
9bb2fde1-fa36-468e-9d20-c5e4e22d11f3,Ski,S300771,CID-270,CA-1195,2025-12-20,Completed,129.99,11.37,141.36,AmEx,USD,SampleGen
648e59ff-353d-4deb-9b9e-b605bb9d4307,Ski,S300772,CID-271,CA-1196,2025-01-15,Pending,3759.96,329.0,4088.96,Discover,USD,SampleGen
74076707-b6e3-4ffc-b389-22138a430e8e,Ski,S300773,CID-271,CA-1196,2025-08-16,Completed,799.99,70.0,869.99,PayPal,USD,SampleGen
1b7b05e4-b52e-4e2f-825c-b06565660af7,Ski,S300774,CID-271,CA-1196,2025-08-25,Completed,649.99,56.87,706.86,PayPal,USD,SampleGen
8fdaaf79-5416-4b93-9883-ade2a306d866,Ski,S300775,CID-271,CA-1196,2025-04-22,Completed,569.97,49.87,619.84,PayPal,USD,SampleGen
0c2b6ef0-28ae-4000-89e8-cec88b5b3079,Ski,S300776,CID-272,CA-1197,2025-03-08,Pending,879.98,77.0,956.98,PayPal,USD,SampleGen
ccb83968-12dc-4ac6-b254-57952e5a192e,Ski,S300777,CID-272,CA-1197,2025-12-13,Completed,1059.96,92.75,1152.71,AmEx,USD,SampleGen
fdb2be78-54a2-406d-891b-36bb1c2e9aa5,Ski,S300778,CID-272,CA-1197,2026-02-10,Pending,1199.97,105.0,1304.97,PayPal,USD,SampleGen
1eb37d29-e5a1-4351-9dde-21ffcd87cb5e,Ski,S300779,CID-272,CA-1197,2025-10-06,Completed,1179.95,103.25,1283.2,MC,USD,SampleGen
e6435e48-cc17-4294-b66e-ca06d72cdb30,Ski,S300780,CID-272,CA-1197,2026-03-03,Completed,1599.98,140.0,1739.98,MC,USD,SampleGen
ccaa19ab-22ca-4114-aee3-958eda78df06,Ski,S300781,CID-273,CA-1198,2025-08-24,Shipped,459.98,40.25,500.23,VISA,USD,SampleGen
ea0426f6-eaee-4757-a3e8-2d5a2c9b2043,Ski,S300782,CID-273,CA-1198,2026-03-18,Completed,1409.96,123.37,1533.33,MC,USD,SampleGen
d1b16f80-42e7-42f8-81ae-ebaa3817016e,Ski,S300783,CID-273,CA-1198,2025-02-13,Completed,3679.94,322.0,4001.94,PayPal,USD,SampleGen
7540be9e-170c-4584-8309-c260537589ee,Ski,S300784,CID-273,CA-1198,2025-03-10,Completed,1099.95,96.24,1196.19,VISA,USD,SampleGen
91941703-a9ff-473f-9639-bff775657b39,Ski,S300785,CID-273,CA-1198,2025-05-17,Completed,1449.98,126.87,1576.85,VISA,USD,SampleGen
107386aa-2873-4294-b2a8-1b1af796df90,Ski,S300786,CID-274,CA-1199,2025-02-11,Cancelled,2719.95,238.0,2957.95,MC,USD,SampleGen
935e1d39-f4a2-4ba8-9a96-bd81f68d625f,Ski,S300787,CID-275,CA-1200,2025-08-15,Completed,799.99,70.0,869.99,VISA,USD,SampleGen
34dfb15f-5b1f-49f0-aeb3-035af26a999b,Ski,S300788,CID-276,CA-1201,2025-10-08,Completed,249.99,21.87,271.86,PayPal,USD,SampleGen
5b646a14-920a-4743-9b99-0e407487773e,Ski,S300789,CID-276,CA-1201,2025-05-12,Shipped,1539.94,134.75,1674.69,MC,USD,SampleGen
5bb897f2-0119-419b-beb8-1c06a573682e,Ski,S300790,CID-276,CA-1201,2025-02-14,Shipped,1659.97,145.25,1805.22,PayPal,USD,SampleGen
e6df5021-6d04-4005-8c78-9bfe995922fc,Ski,S300791,CID-277,CA-1202,2026-01-15,Shipped,1439.96,126.0,1565.96,Discover,USD,SampleGen
557a44b9-1b2a-4c79-b677-9a8f39d4d963,Ski,S300792,CID-277,CA-1202,2025-08-17,Completed,1199.92,105.0,1304.92,VISA,USD,SampleGen
438deb35-092a-4d48-993a-75fdd962cb91,Ski,S300793,CID-277,CA-1202,2025-01-07,Completed,5199.95,455.0,5654.95,VISA,USD,SampleGen
a533f645-df88-4ba3-bbb4-b77876064ff2,Ski,S300794,CID-277,CA-1202,2025-05-04,Shipped,569.97,49.87,619.84,MC,USD,SampleGen
264ab56f-0342-44e8-9ba3-42147886f716,Ski,S300795,CID-277,CA-1202,2025-12-08,Shipped,649.99,56.87,706.86,VISA,USD,SampleGen
c76808fc-cd3b-4d2b-abd9-02ffde5aa07f,Ski,S300796,CID-277,CA-1202,2025-06-24,Completed,979.97,85.75,1065.72,VISA,USD,SampleGen
44db785c-f71c-428c-811f-1716fc63c96a,Ski,S300797,CID-277,CA-1202,2025-02-21,Completed,699.98,61.25,761.23,PayPal,USD,SampleGen
6f0effe4-c7e2-432b-81ec-7e4c4c2fcd34,Ski,S300798,CID-277,CA-1202,2025-05-21,Completed,3349.95,293.12,3643.07,PayPal,USD,SampleGen
93971a73-f284-42d9-acb1-752ea443d573,Ski,S300799,CID-277,CA-1202,2025-11-13,Completed,1399.96,122.5,1522.46,Discover,USD,SampleGen
f6626215-be37-4d96-8d5a-bc86fc3fd7fe,Ski,S300800,CID-277,CA-1202,2025-08-28,Completed,819.93,71.75,891.68,VISA,USD,SampleGen
6911105b-6d47-4522-9562-053321acd0fd,Ski,S300801,CID-277,CA-1202,2025-03-18,Shipped,299.99,26.25,326.24,MC,USD,SampleGen
4f42ab24-d4a7-43dc-86c8-a3c31f08d006,Ski,S300802,CID-278,CA-1203,2026-03-02,Completed,159.98,14.0,173.98,PayPal,USD,SampleGen
2b1c3b62-ee51-45d3-8436-0584883d0a5e,Ski,S300803,CID-279,CA-1204,2025-05-28,Shipped,249.99,21.87,271.86,AmEx,USD,SampleGen
92c5a0bb-651f-49dd-be5d-dc1bd74fd8ea,Ski,S300804,CID-279,CA-1204,2026-02-19,Completed,699.97,61.25,761.22,VISA,USD,SampleGen
a6baebc8-97a9-4372-95c6-3cab20f8f69a,Ski,S300805,CID-280,CA-1205,2026-02-27,Completed,949.97,83.12,1033.09,AmEx,USD,SampleGen
4bcf6ed5-4af1-49c9-aa95-dbf4d0432ed5,Ski,S300806,CID-280,CA-1205,2026-01-30,Completed,649.99,56.87,706.86,MC,USD,SampleGen
9ee3c266-1c04-4886-adba-673b079895a7,Ski,S300807,CID-281,CA-1206,2025-06-11,Completed,429.97,37.62,467.59,Discover,USD,SampleGen
d87cf71e-703d-4fd8-934b-26763f56479e,Ski,S300808,CID-281,CA-1206,2025-08-11,Completed,1429.93,125.12,1555.05,VISA,USD,SampleGen
f6a47583-13e9-4583-a2da-c345e53906e9,Ski,S300809,CID-281,CA-1206,2025-04-25,Completed,189.99,16.62,206.61,MC,USD,SampleGen
6d70d7a8-8a4a-4366-b299-66a59c9830f1,Ski,S300810,CID-281,CA-1206,2025-02-28,Pending,3699.94,323.75,4023.69,MC,USD,SampleGen
b1a9b9af-63ff-4b35-bdb1-a7254afa77b9,Ski,S300811,CID-281,CA-1206,2026-01-16,Completed,1599.97,140.0,1739.97,VISA,USD,SampleGen
9ae37461-520d-4da9-89ae-4011f03e686d,Ski,S300812,CID-281,CA-1206,2025-04-20,Completed,1579.93,138.25,1718.18,VISA,USD,SampleGen
cda817cf-beb8-4931-8477-84a3e6a99ac8,Ski,S300813,CID-281,CA-1206,2025-09-08,Completed,2239.95,196.0,2435.95,MC,USD,SampleGen
1288df3c-d91c-47f8-b7f0-e28876a359fa,Ski,S300814,CID-281,CA-1206,2025-01-30,Pending,3129.96,273.87,3403.83,AmEx,USD,SampleGen
13b42f3e-459c-45ed-9aac-5ef06837ba76,Ski,S300815,CID-282,CA-1207,2025-09-26,Completed,779.98,68.24,848.22,PayPal,USD,SampleGen
b04b58fa-d922-4118-a88e-bf2f4a29b662,Ski,S300816,CID-282,CA-1207,2025-01-10,Completed,1449.97,126.86,1576.83,MC,USD,SampleGen
de9b5195-92e2-4eed-90fa-1d31c642f1a0,Ski,S300817,CID-283,CA-1208,2026-03-16,Completed,1959.96,171.5,2131.46,PayPal,USD,SampleGen
68b408ce-ad31-4a1d-a175-724d96240a5c,Ski,S300818,CID-283,CA-1208,2025-07-08,Shipped,799.98,70.0,869.98,MC,USD,SampleGen
dfa161e8-f57e-4c46-a204-d2804cf6528c,Ski,S300819,CID-283,CA-1208,2025-09-28,Completed,1509.96,132.12,1642.08,PayPal,USD,SampleGen
06d1492e-890e-4ba4-b68d-8d7f8ec59899,Ski,S300820,CID-283,CA-1208,2025-08-28,Completed,1499.97,131.25,1631.22,AmEx,USD,SampleGen
47e69d18-7fb3-497e-9568-e4e1707fe217,Ski,S300821,CID-283,CA-1208,2025-06-03,Cancelled,1519.93,133.0,1652.93,MC,USD,SampleGen
0e7226eb-676e-4c5a-a255-aadecd34ea88,Ski,S300822,CID-283,CA-1208,2026-01-23,Completed,1899.95,166.25,2066.2,PayPal,USD,SampleGen
416a2860-17e4-405e-a1ec-f8f9250b4975,Ski,S300823,CID-284,CA-1209,2025-11-26,Completed,3759.96,329.0,4088.96,VISA,USD,SampleGen
6c977009-8881-41fc-af3d-8f09e35d7267,Ski,S300824,CID-284,CA-1209,2025-07-14,Completed,159.98,14.0,173.98,VISA,USD,SampleGen
7513e76c-9854-41cc-82fa-5881b30ad075,Ski,S300825,CID-284,CA-1209,2025-12-23,Completed,5209.93,455.87,5665.8,PayPal,USD,SampleGen
7db8dd28-82bd-43ba-9de9-1e620bc6b042,Ski,S300826,CID-284,CA-1209,2025-11-10,Pending,1399.98,122.5,1522.48,AmEx,USD,SampleGen
c2b2e3f5-36d5-47b1-8a88-1434298b9f60,Ski,S300827,CID-284,CA-1209,2025-06-09,Completed,2344.94,205.18,2550.12,MC,USD,SampleGen
65220b4d-1892-49d8-a4f6-ad18191b7f45,Ski,S300828,CID-284,CA-1209,2026-03-21,Completed,499.98,43.75,543.73,AmEx,USD,SampleGen
4eba5f2b-16da-4b25-bda5-e3f71a9ac101,Ski,S300829,CID-284,CA-1209,2026-04-18,Pending,1179.96,103.25,1283.21,AmEx,USD,SampleGen
88680d76-3127-40e1-9bc6-0dcbfae25895,Ski,S300830,CID-285,CA-1210,2025-12-16,Completed,2599.97,227.5,2827.47,Discover,USD,SampleGen
068a6697-ae31-4c4d-9067-5bf17b204c90,Ski,S300831,CID-285,CA-1210,2026-03-23,Shipped,489.97,42.87,532.84,MC,USD,SampleGen
2d6a016d-76f4-4852-90ac-ec352d28423f,Ski,S300832,CID-285,CA-1210,2025-02-17,Completed,309.98,27.12,337.1,AmEx,USD,SampleGen
325b72d1-6309-4362-866e-47ae2413a669,Ski,S300833,CID-285,CA-1210,2025-03-01,Completed,3629.93,317.62,3947.55,MC,USD,SampleGen
25960764-e166-4cec-b5d4-da563f6b67ea,Ski,S300834,CID-286,CA-1211,2026-03-10,Completed,3319.93,290.5,3610.43,MC,USD,SampleGen
bc65f222-5908-488e-bdd3-5af57b1994b5,Ski,S300835,CID-286,CA-1211,2025-04-27,Pending,4219.92,369.25,4589.17,MC,USD,SampleGen
0bd4de6f-ffc0-4d89-8905-d581c8328c0d,Ski,S300836,CID-286,CA-1211,2025-09-02,Cancelled,379.97,33.25,413.22,VISA,USD,SampleGen
2d5f18d7-e21d-45aa-bdbb-9ff71f307047,Ski,S300837,CID-286,CA-1211,2025-03-01,Pending,1299.98,113.75,1413.73,PayPal,USD,SampleGen
6b04d800-6313-483c-a0dd-0c1a72cbe237,Ski,S300838,CID-287,CA-1212,2026-03-25,Completed,359.98,31.5,391.48,AmEx,USD,SampleGen
725c817f-6bfd-457d-b665-5c449b039342,Ski,S300839,CID-287,CA-1212,2025-11-06,Shipped,829.96,72.62,902.58,VISA,USD,SampleGen
93ec04e6-76fd-4eb3-a08d-3bb5a86b58a8,Ski,S300840,CID-287,CA-1212,2025-09-14,Completed,4159.93,364.0,4523.93,PayPal,USD,SampleGen
9aa6d5d6-0588-464e-b060-ba425ab97439,Ski,S300841,CID-288,CA-1213,2025-07-14,Completed,1609.94,140.87,1750.81,AmEx,USD,SampleGen
f4df8102-40d5-4030-ac84-9e54f2a1c702,Ski,S300842,CID-288,CA-1213,2025-10-21,Cancelled,3199.95,279.99,3479.94,PayPal,USD,SampleGen
f9c74d81-8931-4034-b829-4503deea6259,Ski,S300843,CID-289,CA-1214,2025-08-26,Pending,849.95,74.37,924.32,MC,USD,SampleGen
4a7480e2-e557-4d36-b086-591e4c9f5a1e,Ski,S300844,CID-290,CA-1215,2025-07-05,Completed,549.94,48.12,598.06,VISA,USD,SampleGen
c5d019d0-6712-4fcc-b8b1-ce1bad9ad284,Ski,S300845,CID-290,CA-1215,2026-02-12,Shipped,2199.97,192.5,2392.47,MC,USD,SampleGen
4eade53c-9842-4f84-b075-d470b53c83e6,Ski,S300846,CID-290,CA-1215,2026-03-11,Completed,2679.97,234.5,2914.47,AmEx,USD,SampleGen
d69588dc-8def-4994-94c1-c1e1ab1ffdf7,Ski,S300847,CID-290,CA-1215,2025-08-06,Completed,359.96,31.5,391.46,MC,USD,SampleGen
ca258b71-798f-452b-b84d-12c51f5bb47e,Ski,S300848,CID-291,CA-1216,2025-06-01,Shipped,1899.96,166.25,2066.21,Discover,USD,SampleGen
514fedd4-ac33-471c-b9d1-8ac8059bca8f,Ski,S300849,CID-291,CA-1216,2025-03-10,Shipped,1119.95,98.0,1217.95,PayPal,USD,SampleGen
c1debe74-921b-48c0-9f61-d50baa80fe05,Ski,S300850,CID-291,CA-1216,2025-02-04,Completed,1099.98,96.25,1196.23,AmEx,USD,SampleGen
9a38b745-0964-43a8-a04c-81919ac4806f,Ski,S300851,CID-291,CA-1216,2026-04-23,Completed,1639.94,143.5,1783.44,VISA,USD,SampleGen
3cc55ca4-77b5-484c-b0f4-cebf4d868a79,Ski,S300852,CID-292,CA-1217,2025-10-06,Completed,979.98,85.75,1065.73,PayPal,USD,SampleGen
e3fe1389-60f7-454b-a737-20e5aebe0cf1,Ski,S300853,CID-293,CA-1218,2025-05-24,Completed,959.96,83.99,1043.95,VISA,USD,SampleGen
baca4115-9d4a-4027-bc71-6a7b45ba83b9,Ski,S300854,CID-293,CA-1218,2025-04-22,Pending,2099.95,183.74,2283.69,VISA,USD,SampleGen
ad6e299a-5dc2-44c3-81b5-51970f446afc,Ski,S300855,CID-293,CA-1218,2025-12-27,Completed,2699.96,236.25,2936.21,Discover,USD,SampleGen
d4877f60-069b-4794-8209-1e2bfb0d3b49,Ski,S300856,CID-293,CA-1218,2025-07-26,Completed,1299.94,113.75,1413.69,MC,USD,SampleGen
09ea5e2d-d3ee-4c91-a04c-dc9a9b976b10,Ski,S300857,CID-294,CA-1219,2025-11-11,Completed,1959.95,171.5,2131.45,Discover,USD,SampleGen
e38271e1-d471-4bca-9071-83fb7f1f522e,Ski,S300858,CID-294,CA-1219,2026-04-12,Completed,59.99,5.25,65.24,AmEx,USD,SampleGen
79191825-383e-4353-b954-4d99130fdbd4,Ski,S300859,CID-294,CA-1219,2025-05-08,Completed,149.99,13.12,163.11,Discover,USD,SampleGen
247d282f-35ad-4be4-a319-3bbc3b5a3ae8,Ski,S300860,CID-294,CA-1219,2026-01-19,Completed,1609.97,140.87,1750.84,MC,USD,SampleGen
c4756a42-6794-4011-8d0a-b8051e2e6f20,Ski,S300861,CID-294,CA-1219,2025-07-08,Completed,2599.95,227.5,2827.45,PayPal,USD,SampleGen
3bdf49b3-962e-42f0-aa88-b61298ca1d12,Ski,S300862,CID-294,CA-1219,2026-04-25,Completed,2459.93,215.25,2675.18,Discover,USD,SampleGen
d94c414d-9167-406f-877a-87d4e833e9bc,Ski,S300863,CID-294,CA-1219,2025-04-14,Completed,959.97,84.0,1043.97,MC,USD,SampleGen
26bfea57-13a8-4c31-a8c6-24705a235b55,Ski,S300864,CID-295,CA-1220,2025-06-10,Completed,199.97,17.5,217.47,Discover,USD,SampleGen
4438f2f8-441b-42ea-8afc-380323b3a88e,Ski,S300865,CID-295,CA-1220,2025-05-25,Completed,4999.94,437.5,5437.44,Discover,USD,SampleGen
67022346-5391-436d-be12-966fcdd7dbfc,Ski,S300866,CID-295,CA-1220,2025-03-26,Completed,3199.96,280.0,3479.96,AmEx,USD,SampleGen
66a59798-06f8-4ea7-9381-182e1df8fd85,Ski,S300867,CID-295,CA-1220,2025-08-16,Completed,809.95,70.87,880.82,MC,USD,SampleGen
f92d14f8-548e-419f-b8a8-77b501d5c7b3,Ski,S300868,CID-296,CA-1221,2025-04-27,Completed,859.96,75.25,935.21,VISA,USD,SampleGen
ac32458d-7f41-47dd-8357-40fca7bd4e27,Ski,S300869,CID-296,CA-1221,2025-07-14,Completed,379.98,33.25,413.23,VISA,USD,SampleGen
cbb2cb69-c777-42c7-98e1-0fee1354b580,Ski,S300870,CID-296,CA-1221,2025-04-24,Completed,4059.95,355.25,4415.2,AmEx,USD,SampleGen
847b6c9f-41f6-4387-9a28-2fc2f347ee89,Ski,S300871,CID-297,CA-1222,2025-10-02,Completed,649.98,56.87,706.85,PayPal,USD,SampleGen
f21f18b3-435c-43e3-9123-183b847269c7,Ski,S300872,CID-297,CA-1222,2025-06-18,Completed,2899.95,253.75,3153.7,VISA,USD,SampleGen
ba87c10f-adb5-40da-af6b-8f15cf69b320,Ski,S300873,CID-298,CA-1223,2025-03-28,Completed,489.98,42.87,532.85,VISA,USD,SampleGen
db669d6a-645f-4446-bcd0-0e5775779500,Ski,S300874,CID-298,CA-1223,2025-06-09,Completed,479.96,42.0,521.96,MC,USD,SampleGen
f8b1fe59-8bd4-4139-a2a0-cc64d9a7044d,Ski,S300875,CID-298,CA-1223,2025-09-25,Pending,699.98,61.25,761.23,AmEx,USD,SampleGen
c6e7ca83-f693-4248-ade1-8d19949fc83f,Ski,S300876,CID-298,CA-1223,2025-08-29,Completed,239.97,21.0,260.97,MC,USD,SampleGen
30017ade-6845-4628-b134-9fa75d31ba7b,Ski,S300877,CID-298,CA-1223,2026-04-19,Completed,689.94,60.37,750.31,PayPal,USD,SampleGen
74d9bd95-b68d-4d31-8658-435c9fa47699,Ski,S300878,CID-298,CA-1223,2025-09-01,Shipped,559.97,49.0,608.97,AmEx,USD,SampleGen
60e44780-27f3-4dd3-809b-2d5b5a4fd831,Ski,S300879,CID-298,CA-1223,2025-10-02,Completed,499.98,43.74,543.72,AmEx,USD,SampleGen
afc35a86-7cff-48d5-9b0c-a7d56521f206,Ski,S300880,CID-299,CA-1224,2026-04-25,Shipped,799.96,70.0,869.96,AmEx,USD,SampleGen
7829cdbf-3041-4553-a903-f9429d065285,Ski,S300881,CID-299,CA-1224,2025-08-28,Completed,719.97,63.0,782.97,PayPal,USD,SampleGen
cb8924a0-d9e8-4015-bd1a-14bd873f4a77,Ski,S300882,CID-299,CA-1224,2025-07-21,Completed,899.98,78.75,978.73,MC,USD,SampleGen
0d28e225-b56b-4775-b3ae-9af41fde56c7,Ski,S300883,CID-300,CA-1225,2026-03-11,Completed,899.98,78.75,978.73,VISA,USD,SampleGen
04df315e-cf4e-4298-bfce-7d906593e008,Ski,S300884,CID-300,CA-1225,2025-02-07,Pending,2599.98,227.5,2827.48,PayPal,USD,SampleGen
7a6b52ca-a8b4-4bfc-9dbc-dc8070088107,Ski,S300885,CID-301,CA-1226,2025-11-23,Pending,579.98,50.74,630.72,VISA,USD,SampleGen
2a52bd96-7359-483b-8c08-a9ba7d477b36,Ski,S300886,CID-301,CA-1226,2026-03-11,Cancelled,959.96,84.0,1043.96,MC,USD,SampleGen
ea28fab8-f54e-4491-855d-b5860ce624ce,Ski,S300887,CID-301,CA-1226,2025-03-26,Completed,1919.94,168.0,2087.94,VISA,USD,SampleGen
c09a01fa-451d-4e84-828b-be7e6560f8ae,Ski,S300888,CID-301,CA-1226,2025-12-22,Pending,1799.98,157.5,1957.48,VISA,USD,SampleGen
becb1bb7-91aa-4820-a114-25734d4a0b5d,Ski,S300889,CID-301,CA-1226,2025-09-08,Completed,1339.97,117.25,1457.22,MC,USD,SampleGen
abdaf982-db08-48be-9792-40c0879b92c4,Ski,S300890,CID-301,CA-1226,2025-08-13,Completed,1159.98,101.5,1261.48,AmEx,USD,SampleGen
7d7d2f44-3c3e-43be-b71c-855e591e4de9,Ski,S300891,CID-302,CA-1227,2026-02-25,Shipped,299.98,26.25,326.23,VISA,USD,SampleGen
953cebd8-15c1-42b4-b454-5b15309ce756,Ski,S300892,CID-302,CA-1227,2025-04-07,Completed,2949.93,258.12,3208.05,PayPal,USD,SampleGen
7d3d6b03-4880-4b81-a6f3-71cb10086630,Ski,S300893,CID-302,CA-1227,2025-04-05,Completed,2199.97,192.5,2392.47,MC,USD,SampleGen
92360984-90fd-4a42-9a19-70c863cfe667,Ski,S300894,CID-303,CA-1228,2025-05-03,Completed,829.95,72.62,902.57,PayPal,USD,SampleGen
8da3dfed-1e04-430d-bbd2-85701cf35fd1,Ski,S300895,CID-303,CA-1228,2025-04-30,Pending,499.98,43.75,543.73,PayPal,USD,SampleGen
a2d47672-cf9f-484f-b70a-81ac71e192a9,Ski,S300896,CID-304,CA-1229,2025-09-12,Completed,3199.93,280.0,3479.93,VISA,USD,SampleGen
fc6b9bad-a863-4313-a4ab-e6835eaa69df,Ski,S300897,CID-304,CA-1229,2025-04-18,Completed,1459.97,127.75,1587.72,VISA,USD,SampleGen
850a3030-6564-41f8-a2f3-de1f4aa9b76b,Ski,S300898,CID-304,CA-1229,2025-04-02,Completed,1219.96,106.75,1326.71,PayPal,USD,SampleGen
7fa001bb-4360-4d4d-8938-57731c6cdeab,Ski,S300899,CID-304,CA-1229,2025-11-23,Shipped,2059.97,180.25,2240.22,MC,USD,SampleGen
2f8c75c6-b02d-4223-a589-031056464025,Ski,S300900,CID-305,CA-1230,2025-09-24,Pending,649.97,56.87,706.84,VISA,USD,SampleGen
ae466b9a-3763-435c-a74d-5e29baec4a23,Ski,S300901,CID-305,CA-1230,2026-04-18,Cancelled,829.94,72.62,902.56,MC,USD,SampleGen
34af4220-b062-4e7d-a111-db2ded3b0733,Ski,S300902,CID-305,CA-1230,2025-06-26,Completed,1549.98,135.62,1685.6,VISA,USD,SampleGen
e2ea039a-19b0-4370-81df-b2291dfa6ff5,Ski,S300903,CID-306,CA-1231,2025-07-05,Completed,2219.95,194.24,2414.19,MC,USD,SampleGen
b13f3510-a6d3-498b-92d1-76e16dbb8f2f,Ski,S300904,CID-307,CA-1232,2025-01-30,Completed,1299.98,113.75,1413.73,AmEx,USD,SampleGen
9aa4b03d-eacf-4f37-864d-8d0b94bef1f6,Ski,S300905,CID-308,CA-1233,2025-03-01,Completed,379.98,33.25,413.23,MC,USD,SampleGen
da747fe2-3ed0-4d33-be65-a98283a3be52,Ski,S300906,CID-308,CA-1233,2025-10-23,Pending,1069.97,93.62,1163.59,VISA,USD,SampleGen
d1702813-c0f2-4790-b7b2-ef5d582fbc1b,Ski,S300907,CID-308,CA-1233,2025-08-01,Completed,909.96,79.62,989.58,MC,USD,SampleGen
9adbc9df-c1e6-4a98-a69f-57930255140a,Ski,S300908,CID-308,CA-1233,2025-05-10,Completed,459.97,40.25,500.22,VISA,USD,SampleGen
c0440fd9-44b3-416a-9936-5fb8b69da06a,Ski,S300909,CID-309,CA-1234,2025-10-31,Completed,2399.96,210.0,2609.96,MC,USD,SampleGen
f51a5bf0-8492-4c74-aaac-aa46c952c928,Ski,S300910,CID-309,CA-1234,2025-01-05,Completed,2749.97,240.62,2990.59,VISA,USD,SampleGen
aa200745-c95f-41c1-88f4-3292b0a41a33,Ski,S300911,CID-309,CA-1234,2025-08-29,Cancelled,1409.95,123.37,1533.32,PayPal,USD,SampleGen
b501ca0e-0e1a-448f-ad5c-7eff6ee5bb78,Ski,S300912,CID-309,CA-1234,2026-03-24,Completed,1709.97,149.62,1859.59,AmEx,USD,SampleGen
fccf447a-b067-4f2e-9b1b-f35bffb1aa48,Ski,S300913,CID-309,CA-1234,2025-04-17,Pending,5049.93,441.87,5491.8,MC,USD,SampleGen
451300ef-1b11-49b1-a083-f2a0dd911518,Ski,S300914,CID-310,CA-1235,2026-04-22,Completed,1489.95,130.37,1620.32,VISA,USD,SampleGen
e6d5f6f9-a6e1-4fd2-9bda-89c37aba2e36,Ski,S300915,CID-311,CA-1236,2025-10-27,Completed,1999.96,175.0,2174.96,AmEx,USD,SampleGen
f81c86b7-c83f-4eda-96a5-180c35706999,Ski,S300916,CID-311,CA-1236,2025-04-04,Shipped,4659.95,407.75,5067.7,VISA,USD,SampleGen
c9976696-6a1c-40be-ba33-3869bc28b86e,Ski,S300917,CID-312,CA-1237,2026-02-28,Completed,1809.94,158.37,1968.31,Discover,USD,SampleGen
a83a99aa-720f-451c-a2a6-cf5e4f61e71a,Ski,S300918,CID-312,CA-1237,2025-08-25,Shipped,1089.96,95.37,1185.33,MC,USD,SampleGen
f1a262df-42a5-4504-820b-70fc617eb140,Ski,S300919,CID-312,CA-1237,2025-08-03,Shipped,379.98,33.25,413.23,MC,USD,SampleGen
cae01f02-c230-4b07-ba9a-907faa44d4fd,Ski,S300920,CID-313,CA-1238,2025-08-05,Completed,1029.97,90.12,1120.09,MC,USD,SampleGen
13db53bd-23d5-486b-b912-aa9fb98ac099,Ski,S300921,CID-313,CA-1238,2025-09-12,Completed,249.99,21.87,271.86,AmEx,USD,SampleGen
96c22f3d-b621-4ae3-9188-c8fb9b37ccac,Ski,S300922,CID-313,CA-1238,2025-02-20,Completed,449.99,39.37,489.36,VISA,USD,SampleGen
ff5fb65e-7b32-44fe-b33a-c1eecbef6477,Ski,S300923,CID-313,CA-1238,2025-12-01,Shipped,1149.97,100.62,1250.59,MC,USD,SampleGen
fec8a571-3a1c-442b-9f03-cb47b2ecc620,Ski,S300924,CID-313,CA-1238,2025-09-21,Shipped,1799.98,157.5,1957.48,Discover,USD,SampleGen
99be406e-2fc1-42ef-938e-87f970507140,Ski,S300925,CID-314,CA-1239,2025-07-04,Completed,1159.94,101.5,1261.44,VISA,USD,SampleGen
bac949eb-e4c9-498b-b0d9-005f55991f03,Ski,S300926,CID-314,CA-1239,2025-05-18,Completed,399.99,35.0,434.99,VISA,USD,SampleGen
3207e912-ad9c-4c1e-9477-7e6fa11a25f7,Ski,S300927,CID-315,CA-1240,2025-03-16,Shipped,499.98,43.74,543.72,AmEx,USD,SampleGen
591b09b4-e414-4446-9656-67a1b4034e7c,Ski,S300928,CID-315,CA-1240,2026-03-19,Completed,529.96,46.37,576.33,MC,USD,SampleGen
4f466f4f-c376-45ca-a728-8d4d1d4f4cb9,Ski,S300929,CID-315,CA-1240,2025-06-04,Completed,199.98,17.5,217.48,MC,USD,SampleGen
2df73a17-24e0-46d5-935a-2dfe6606be9d,Ski,S300930,CID-316,CA-1241,2025-01-30,Shipped,299.98,26.25,326.23,PayPal,USD,SampleGen
4eb3a2b2-1c8c-4cc1-877a-637eff70c5e2,Ski,S300931,CID-316,CA-1241,2025-06-03,Cancelled,379.98,33.25,413.23,AmEx,USD,SampleGen
331bda19-9678-473a-9027-1ba1cd67d29e,Ski,S300932,CID-316,CA-1241,2026-04-09,Completed,689.97,60.37,750.34,Discover,USD,SampleGen
4e8dbb24-22db-44c2-9836-9efb2d797dee,Ski,S300933,CID-316,CA-1241,2025-06-23,Completed,409.96,35.87,445.83,PayPal,USD,SampleGen
58804dfc-4816-43c2-846c-e0135ec91cea,Ski,S300934,CID-317,CA-1242,2025-12-31,Pending,14.99,1.31,16.3,PayPal,USD,SampleGen
6f66b118-cf49-4da7-989a-3e77057f802e,Ski,S300935,CID-317,CA-1242,2025-10-16,Shipped,1149.98,100.62,1250.6,VISA,USD,SampleGen
89b8c827-6634-4b3c-a143-f340b18da5ff,Ski,S300936,CID-317,CA-1242,2026-03-21,Cancelled,549.98,48.12,598.1,MC,USD,SampleGen
22ed01b7-6668-4336-bef1-e3cd58931aec,Ski,S300937,CID-317,CA-1242,2025-10-01,Completed,2239.94,196.0,2435.94,AmEx,USD,SampleGen
dda05f61-0bf8-4629-a292-ab3e8288ceb2,Ski,S300938,CID-318,CA-1243,2025-04-03,Completed,1299.98,113.75,1413.73,VISA,USD,SampleGen
a92bab6a-b84b-4d85-a757-9ac4500f12d5,Ski,S300939,CID-318,CA-1243,2025-11-02,Completed,609.97,53.37,663.34,AmEx,USD,SampleGen
dfe1e328-6ef4-4737-aa70-b9219c9f340c,Ski,S300940,CID-319,CA-1244,2025-12-18,Completed,2459.94,215.25,2675.19,PayPal,USD,SampleGen
384ce316-a6de-4542-979a-d3f0e6458499,Ski,S300941,CID-319,CA-1244,2025-03-18,Completed,1889.94,165.37,2055.31,VISA,USD,SampleGen
e0eecaf3-ce72-4ff8-889e-0301bbb3111c,Ski,S300942,CID-319,CA-1244,2025-01-20,Completed,3349.94,293.12,3643.06,AmEx,USD,SampleGen
139c7e39-2be2-449f-9115-1f4cf624db14,Ski,S300943,CID-320,CA-1245,2025-02-19,Completed,2209.96,193.37,2403.33,AmEx,USD,SampleGen
5e68993b-cdd3-4686-848c-d24e6fd1ae78,Ski,S300944,CID-320,CA-1245,2025-10-28,Completed,4919.93,430.5,5350.43,Discover,USD,SampleGen
6b2c23bf-c0ca-4cad-a2d7-0fff81f2e042,Ski,S300945,CID-321,CA-1246,2025-10-01,Shipped,1799.98,157.5,1957.48,MC,USD,SampleGen
13aae31b-4676-419f-8f55-54177683784c,Ski,S300946,CID-321,CA-1246,2026-03-16,Cancelled,1289.95,112.87,1402.82,VISA,USD,SampleGen
1aad0593-e7a5-4dde-a7aa-68930d4c6a4c,Ski,S300947,CID-322,CA-1247,2025-07-07,Completed,989.95,86.61,1076.56,VISA,USD,SampleGen
7bd976f3-3cdf-426a-a26e-2a422ef92800,Ski,S300948,CID-322,CA-1247,2025-04-03,Completed,1199.96,105.0,1304.96,VISA,USD,SampleGen
560a56ea-d147-455f-8eff-0698e061c347,Ski,S300949,CID-322,CA-1247,2025-10-29,Completed,579.99,50.75,630.74,PayPal,USD,SampleGen
59a0bf38-98ab-4cdb-8271-2c71076a4722,Ski,S300950,CID-323,CA-1248,2025-01-04,Completed,499.98,43.75,543.73,MC,USD,SampleGen
07583612-24b9-4575-b25e-461af50067c1,Ski,S300951,CID-323,CA-1248,2025-05-16,Completed,1639.94,143.5,1783.44,MC,USD,SampleGen
6926d917-a586-4291-92b0-743f640c569e,Ski,S300952,CID-324,CA-1249,2026-04-15,Completed,2039.96,178.5,2218.46,AmEx,USD,SampleGen
ab863c2b-4962-4f25-82a4-7f81f26b28d5,Ski,S300953,CID-324,CA-1249,2025-08-17,Completed,649.94,56.87,706.81,MC,USD,SampleGen
9fdb03ed-40b0-4f18-b81e-177443f9ffab,Ski,S300954,CID-324,CA-1249,2025-10-21,Shipped,1299.99,113.75,1413.74,VISA,USD,SampleGen
c4774efd-523b-402d-841f-2eb30267479d,Ski,S300955,CID-325,CA-1250,2025-02-02,Pending,199.99,17.5,217.49,MC,USD,SampleGen
fa6a9abc-4b9c-4bb5-bb1b-93ec058aeedb,Ski,S300956,CID-325,CA-1250,2025-06-24,Completed,1499.97,131.25,1631.22,PayPal,USD,SampleGen
35da0c85-3264-483d-88f8-efd10cb1fd70,Ski,S300957,CID-326,CA-1251,2026-01-05,Completed,2049.97,179.37,2229.34,MC,USD,SampleGen
1f3a6864-cf97-4d7d-bf4e-a7c46df36923,Ski,S300958,CID-326,CA-1251,2026-03-19,Completed,2499.97,218.74,2718.71,AmEx,USD,SampleGen
60fc3f12-5ea8-4284-9f1b-e401d400e29b,Ski,S300959,CID-327,CA-1252,2025-02-24,Completed,2729.94,238.87,2968.81,MC,USD,SampleGen
2ff06d6e-c70b-48b1-9312-63b1b0bbe99c,Ski,S300960,CID-327,CA-1252,2025-12-21,Completed,4399.94,385.0,4784.94,VISA,USD,SampleGen
3e7ab162-5f82-46f5-a1f6-73b57141bb92,Ski,S300961,CID-327,CA-1252,2025-09-22,Completed,7079.93,619.5,7699.43,Discover,USD,SampleGen
c97e080e-3fe4-49c7-aaf5-7a3a874b98f4,Ski,S300962,CID-328,CA-1253,2025-01-04,Completed,699.98,61.24,761.22,MC,USD,SampleGen
4eeb0f1e-b397-41b0-a201-3d49648abda1,Ski,S300963,CID-328,CA-1253,2025-04-11,Completed,949.96,83.12,1033.08,VISA,USD,SampleGen
c381e468-fa09-4bb3-9093-32328f8e6510,Ski,S300964,CID-329,CA-1254,2025-12-24,Completed,1149.97,100.62,1250.59,VISA,USD,SampleGen
66cde77c-7efc-49e7-a681-197c00f7e638,Ski,S300965,CID-329,CA-1254,2025-03-13,Completed,939.96,82.25,1022.21,MC,USD,SampleGen
d6f7666b-0f4d-4afd-a0eb-bbb8ef1f0742,Ski,S300966,CID-329,CA-1254,2026-03-02,Completed,319.98,28.0,347.98,MC,USD,SampleGen
13ab1fcb-45ca-4d7d-aeb7-a5eda3d8f640,Ski,S300967,CID-330,CA-1255,2026-01-03,Completed,1299.99,113.75,1413.74,MC,USD,SampleGen
6d48c0d5-f986-4adb-82a0-b68e29f2179d,Ski,S300968,CID-331,CA-1256,2025-02-04,Completed,1299.98,113.75,1413.73,VISA,USD,SampleGen
12c3b863-f194-44b7-ad19-0849d1f96136,Ski,S300969,CID-331,CA-1256,2025-01-28,Completed,2109.95,184.62,2294.57,MC,USD,SampleGen
f0cc8459-50f0-44c0-82ec-e5f95792be6b,Ski,S300970,CID-331,CA-1256,2025-08-25,Completed,1239.97,108.5,1348.47,Discover,USD,SampleGen
f6722789-38ea-46e2-888c-2c5bb6c834a7,Ski,S300971,CID-331,CA-1256,2025-05-06,Completed,1789.94,156.62,1946.56,AmEx,USD,SampleGen
f4a6f014-cb6f-4ff1-b191-6513ed355752,Ski,S300972,CID-331,CA-1256,2026-01-31,Completed,1459.96,127.75,1587.71,VISA,USD,SampleGen
9b29bfdb-14aa-4ef0-bb53-bfdb21a30ec3,Ski,S300973,CID-331,CA-1256,2025-10-11,Completed,579.98,50.75,630.73,MC,USD,SampleGen
d27f01b9-6f20-4415-b8a1-7fff8107d643,Ski,S300974,CID-332,CA-1257,2025-10-29,Completed,1459.94,127.75,1587.69,VISA,USD,SampleGen
0820e0f7-2660-452b-b681-4bcee30f3f7c,Ski,S300975,CID-332,CA-1257,2025-06-19,Completed,854.94,74.81,929.75,VISA,USD,SampleGen
e1dcdc96-b138-48e6-95fd-7166add2f414,Ski,S300976,CID-332,CA-1257,2025-12-11,Shipped,2659.94,232.75,2892.69,AmEx,USD,SampleGen
c143ac1c-4ebe-426f-ab97-5568f8e54077,Ski,S300977,CID-332,CA-1257,2025-09-15,Shipped,79.99,7.0,86.99,Discover,USD,SampleGen
9bcd4884-7bcc-485e-81c2-cf7ad4ffecc3,Ski,S300978,CID-333,CA-1258,2025-11-20,Completed,2599.98,227.5,2827.48,VISA,USD,SampleGen
0b7e3981-24b2-43c3-9339-0de0e2fff4b4,Ski,S300979,CID-333,CA-1258,2025-07-15,Completed,1039.97,91.0,1130.97,MC,USD,SampleGen
34971fca-d1df-4555-958b-c52287a86b1d,Ski,S300980,CID-334,CA-1259,2025-11-27,Completed,1599.94,139.99,1739.93,AmEx,USD,SampleGen
947567a0-a3cb-4375-a834-bffc6e7014c1,Ski,S300981,CID-335,CA-1260,2025-05-14,Completed,2289.93,200.37,2490.3,PayPal,USD,SampleGen
297e5082-3d13-400a-9186-6df8aa9168fe,Ski,S300982,CID-335,CA-1260,2025-06-26,Completed,1909.93,167.12,2077.05,MC,USD,SampleGen
d51097be-eff5-4dc3-a43e-023b21ced38c,Ski,S300983,CID-335,CA-1260,2025-09-09,Completed,799.98,70.0,869.98,Discover,USD,SampleGen
8032672d-b084-4577-810f-a4d9a02aa020,Ski,S300984,CID-335,CA-1260,2025-11-02,Completed,3309.94,289.62,3599.56,AmEx,USD,SampleGen
edef8a95-e129-4eba-a6ab-2c0532cb706e,Ski,S300985,CID-335,CA-1260,2026-02-17,Pending,1739.97,152.25,1892.22,VISA,USD,SampleGen
66cc5cbe-c792-4ee8-96df-43de253a1d0b,Ski,S300986,CID-335,CA-1260,2025-01-03,Completed,4199.94,367.5,4567.44,AmEx,USD,SampleGen
dd420fcd-396a-4606-b1cb-8e027da58bd8,Ski,S300987,CID-336,CA-1261,2025-05-14,Shipped,189.99,16.62,206.61,AmEx,USD,SampleGen
bc9a1ef3-2950-49dc-b0e7-fd738b9c299a,Ski,S300988,CID-336,CA-1261,2025-12-09,Completed,3099.97,271.25,3371.22,PayPal,USD,SampleGen
a6d6afe3-0a02-480f-b2da-94b54c50f6ea,Ski,S300989,CID-336,CA-1261,2026-01-28,Completed,4199.94,367.5,4567.44,VISA,USD,SampleGen
0744ca08-d3bb-4c03-be32-5a6913f24b4b,Ski,S300990,CID-337,CA-1262,2025-04-28,Pending,1199.98,104.99,1304.97,VISA,USD,SampleGen
4431e7c7-2aa2-4a86-8330-25b134d50700,Ski,S300991,CID-337,CA-1262,2025-05-06,Completed,2159.93,189.0,2348.93,VISA,USD,SampleGen
a5c11f19-aedb-408c-816d-b0927cdc2970,Ski,S300992,CID-337,CA-1262,2025-01-15,Completed,1879.97,164.5,2044.47,MC,USD,SampleGen
9933fe9f-1712-4b93-8473-0a855e2f31ea,Ski,S300993,CID-337,CA-1262,2025-08-31,Completed,1839.96,161.0,2000.96,VISA,USD,SampleGen
a50dbba1-57ea-46fe-bd72-45eee6c4cad6,Ski,S300994,CID-337,CA-1262,2025-06-20,Completed,1229.96,107.62,1337.58,Discover,USD,SampleGen
b94f805b-0df6-4437-b840-ea1ed736cedb,Ski,S300995,CID-338,CA-1263,2025-12-01,Completed,3199.92,280.0,3479.92,PayPal,USD,SampleGen
ad39ca17-d6bb-49c5-95d1-2d1abaac0f49,Ski,S300996,CID-338,CA-1263,2025-10-13,Pending,2999.94,262.5,3262.44,VISA,USD,SampleGen
d390ea68-1dc5-4fe6-89a4-a1d0574811bd,Ski,S300997,CID-338,CA-1263,2025-11-03,Completed,2599.98,227.5,2827.48,PayPal,USD,SampleGen
5b774b9f-3958-4d28-b74e-53b35f25ebe2,Ski,S300998,CID-338,CA-1263,2026-01-22,Completed,1169.96,102.37,1272.33,PayPal,USD,SampleGen
d9cfe4d6-6cae-45db-98e2-538b112b33da,Ski,S300999,CID-338,CA-1263,2026-01-14,Completed,1579.95,138.24,1718.19,MC,USD,SampleGen
67e1c049-59f2-44c5-9d18-01243998afe1,Ski,S301000,CID-339,CA-1264,2025-02-23,Completed,529.97,46.37,576.34,AmEx,USD,SampleGen
7e133375-7e34-4718-a2d5-7f64cd50ca87,Ski,S301001,CID-339,CA-1264,2025-06-14,Completed,1069.96,93.62,1163.58,VISA,USD,SampleGen
6216ecd9-672c-4446-a6c4-5cccf095be10,Ski,S301002,CID-339,CA-1264,2026-04-14,Completed,2669.94,233.62,2903.56,VISA,USD,SampleGen
5fb38b0d-c99e-4666-b0e2-27cfe56f02f9,Ski,S301003,CID-339,CA-1264,2025-12-16,Shipped,579.99,50.75,630.74,VISA,USD,SampleGen
db45b33f-3b7b-4cff-86a0-e39444dc9489,Ski,S301004,CID-340,CA-1265,2025-04-22,Completed,1639.93,143.5,1783.43,AmEx,USD,SampleGen
1dfe1d76-4e84-4825-be49-c4f8bdf075a8,Ski,S301005,CID-341,CA-1266,2025-02-02,Completed,99.99,8.75,108.74,Discover,USD,SampleGen
de02808d-ecd6-4dfc-9de3-8ccf7298a4b4,Ski,S301006,CID-341,CA-1266,2026-01-11,Completed,299.98,26.25,326.23,VISA,USD,SampleGen
bf744611-8c2b-46fc-8281-d4e500b67007,Ski,S301007,CID-341,CA-1266,2025-11-17,Completed,1599.96,140.0,1739.96,VISA,USD,SampleGen
e81d3237-d9b2-4a1c-9b3a-d1c3f3062a0c,Ski,S301008,CID-341,CA-1266,2025-12-10,Completed,1379.95,120.75,1500.7,VISA,USD,SampleGen
e933e4b1-3903-453f-b8f5-a36e05110f2c,Ski,S301009,CID-341,CA-1266,2025-10-29,Pending,2919.92,255.5,3175.42,PayPal,USD,SampleGen
0378165f-9d33-41a9-ae33-81cddd32eef8,Ski,S301010,CID-341,CA-1266,2025-03-07,Completed,1109.96,97.12,1207.08,MC,USD,SampleGen
118a4767-d1a9-4f67-ba51-59a4248efc05,Ski,S301011,CID-341,CA-1266,2026-02-26,Completed,359.98,31.5,391.48,MC,USD,SampleGen
3e9c9225-966b-4ac2-9117-dfd369f25d82,Ski,S301012,CID-342,CA-1267,2025-04-16,Pending,1379.95,120.74,1500.69,MC,USD,SampleGen
786e3645-5361-4732-9a81-6bae531cc2b7,Ski,S301013,CID-343,CA-1268,2026-03-12,Completed,689.97,60.37,750.34,MC,USD,SampleGen
cddfb917-bede-41a1-a93c-2a59e13dd503,Ski,S301014,CID-343,CA-1268,2026-04-23,Completed,1299.96,113.75,1413.71,Discover,USD,SampleGen
2d5a4c64-a146-45c6-916b-8742922b5994,Ski,S301015,CID-344,CA-1269,2025-12-18,Pending,2359.95,206.5,2566.45,MC,USD,SampleGen
994fd739-8829-49df-a909-25dccc1afc6e,Ski,S301016,CID-344,CA-1269,2025-05-09,Completed,879.98,77.0,956.98,MC,USD,SampleGen
ddca5882-f4b2-4c31-a28c-c8345877c48b,Ski,S301017,CID-345,CA-1270,2025-04-13,Cancelled,1149.97,100.62,1250.59,MC,USD,SampleGen
b2b34995-3988-4ee9-9ba3-65a0ac812c53,Ski,S301018,CID-345,CA-1270,2025-10-15,Completed,799.97,70.0,869.97,PayPal,USD,SampleGen
0b8b19a7-d3f6-4d22-a848-c51620200bf5,Ski,S301019,CID-346,CA-1271,2025-10-11,Completed,4039.93,353.5,4393.43,VISA,USD,SampleGen
c82998e2-1752-45c3-afd9-ca3a990160a4,Ski,S301020,CID-346,CA-1271,2026-02-15,Completed,2219.93,194.25,2414.18,VISA,USD,SampleGen
a40ac3db-7165-4dc3-af3d-b81f3251a5fe,Ski,S301021,CID-346,CA-1271,2025-03-01,Completed,699.95,61.25,761.2,VISA,USD,SampleGen
0fe9e734-6903-407c-9990-9e62c4b7b14b,Ski,S301022,CID-346,CA-1271,2025-03-01,Completed,1429.97,125.12,1555.09,AmEx,USD,SampleGen
340c3828-6a72-4a7a-9715-ee33c3d7bdfc,Ski,S301023,CID-347,CA-1272,2025-11-22,Completed,2049.95,179.37,2229.32,MC,USD,SampleGen
3d549638-a35d-4160-9f5f-7e848b2d2d58,Ski,S301024,CID-348,CA-1273,2025-01-08,Completed,2799.96,245.0,3044.96,AmEx,USD,SampleGen
24ee5bfe-34ae-4f0b-890b-f5e961d4d452,Ski,S301025,CID-348,CA-1273,2025-12-17,Completed,2599.98,227.5,2827.48,Discover,USD,SampleGen
96692ff8-dfce-4965-9c3e-7cf758ecc5a2,Ski,S301026,CID-349,CA-1274,2025-05-29,Completed,719.97,63.0,782.97,AmEx,USD,SampleGen
dbb61827-4c37-45c6-87e1-49ae296f1537,Ski,S301027,CID-349,CA-1274,2025-05-09,Completed,1279.97,112.0,1391.97,MC,USD,SampleGen
1ccdceac-698d-4c44-b603-b8b060791fe6,Ski,S301028,CID-350,CA-1275,2025-10-11,Completed,2599.98,227.5,2827.48,MC,USD,SampleGen
1c94c850-297a-4cc7-b990-5cc14814ca78,Ski,S301029,CID-350,CA-1275,2025-08-18,Completed,299.96,26.25,326.21,MC,USD,SampleGen
d20a82d2-7369-4b60-831e-3c892c933c18,Ski,S301030,CID-350,CA-1275,2025-05-15,Completed,819.96,71.75,891.71,VISA,USD,SampleGen
a9f27259-2670-4e9a-a4ec-feb8b8c4e384,Ski,S301031,CID-350,CA-1275,2025-04-06,Completed,1009.95,88.37,1098.32,Discover,USD,SampleGen
6075d635-adf6-4444-9ca4-97564dcfd378,Ski,S301032,CID-351,CA-1276,2025-03-14,Completed,2059.97,180.25,2240.22,MC,USD,SampleGen
f36475f9-ca83-4523-8583-e9d68a6789b0,Ski,S301033,CID-351,CA-1276,2025-04-25,Completed,2909.94,254.62,3164.56,AmEx,USD,SampleGen
93e79b86-80d7-460b-a79e-ccacd7166c19,Ski,S301034,CID-352,CA-1277,2025-10-28,Completed,159.98,14.0,173.98,VISA,USD,SampleGen
b9f86813-9307-4b4b-bb32-4797296cf9c3,Ski,S301035,CID-352,CA-1277,2025-08-16,Completed,189.99,16.62,206.61,MC,USD,SampleGen
ec55398a-22ac-4315-baa4-398cc203d68d,Ski,S301036,CID-352,CA-1277,2026-03-15,Completed,1279.97,112.0,1391.97,VISA,USD,SampleGen
d80bbee7-4592-49ec-a0b1-23d7caed44dc,Ski,S301037,CID-353,CA-1278,2026-02-22,Cancelled,2849.96,249.37,3099.33,MC,USD,SampleGen
1a8d5f4f-9d56-449f-9854-82434cc5cf0b,Ski,S301038,CID-353,CA-1278,2026-04-13,Completed,889.96,77.86,967.82,MC,USD,SampleGen
20a195ee-d6d8-49f4-86b4-9e2d53a2d44b,Ski,S301039,CID-354,CA-1279,2026-04-02,Completed,1659.94,145.25,1805.19,MC,USD,SampleGen
5822e6a0-6384-4466-8bd1-b5448595bf45,Ski,S301040,CID-355,CA-1280,2025-05-09,Pending,1839.95,160.99,2000.94,AmEx,USD,SampleGen
c78203d1-cf06-4354-ba60-8a95de65c5eb,Ski,S301041,CID-355,CA-1280,2026-02-04,Cancelled,1009.96,88.37,1098.33,MC,USD,SampleGen
66aa76b2-08fe-4a3b-8d68-003ffd9fad17,Ski,S301042,CID-356,CA-1281,2026-04-23,Completed,1069.95,93.62,1163.57,MC,USD,SampleGen
f540ec89-9122-4921-9a73-322c43c6deff,Ski,S301043,CID-356,CA-1281,2025-10-27,Completed,4379.94,383.25,4763.19,VISA,USD,SampleGen
08eefefc-76ad-432e-9052-eab646135f40,Ski,S301044,CID-356,CA-1281,2025-07-06,Cancelled,979.96,85.75,1065.71,MC,USD,SampleGen
f0f340d6-c776-4c45-91ce-6f0f210b62dc,Ski,S301045,CID-356,CA-1281,2025-09-16,Shipped,4059.93,355.25,4415.18,VISA,USD,SampleGen
3e7ef45c-2936-4bca-9038-942ff6dc1b3b,Ski,S301046,CID-357,CA-1282,2025-10-10,Shipped,1449.96,126.87,1576.83,MC,USD,SampleGen
a60aa9c5-1643-4cdf-9f60-f4fc27c18871,Ski,S301047,CID-357,CA-1282,2025-11-10,Completed,649.99,56.87,706.86,VISA,USD,SampleGen
6a6866ea-305b-47f9-a576-e1c33fec4030,Ski,S301048,CID-357,CA-1282,2025-12-15,Completed,4599.93,402.5,5002.43,AmEx,USD,SampleGen
04032174-babb-4c6b-93d3-86845e531dc2,Ski,S301049,CID-357,CA-1282,2025-05-25,Completed,739.96,64.75,804.71,VISA,USD,SampleGen
69c9fb39-3716-41ac-b805-b7c6e046ada6,Ski,S301050,CID-357,CA-1282,2026-04-06,Completed,499.96,43.75,543.71,MC,USD,SampleGen
3ea360d3-93d3-4e75-841b-99ace986453a,Ski,S301051,CID-358,CA-1283,2025-04-04,Completed,419.97,36.75,456.72,MC,USD,SampleGen
6e115e2e-e422-41ff-8566-706d0e48482c,Ski,S301052,CID-359,CA-1284,2025-09-20,Cancelled,499.98,43.75,543.73,MC,USD,SampleGen
62173510-458b-487d-84db-e3225ae995c8,Ski,S301053,CID-359,CA-1284,2026-03-13,Completed,3199.95,280.0,3479.95,Discover,USD,SampleGen
d0b88772-109c-4b2f-befd-147598e5d739,Ski,S301054,CID-360,CA-1285,2026-03-14,Completed,579.99,50.75,630.74,MC,USD,SampleGen
e019e350-1b63-42e1-aad1-d23b857cc15f,Ski,S301055,CID-360,CA-1285,2026-04-24,Completed,979.97,85.74,1065.71,VISA,USD,SampleGen
57fa1edf-b141-426b-bc6f-c8ef293fc4e1,Ski,S301056,CID-360,CA-1285,2025-06-01,Completed,669.93,58.62,728.55,MC,USD,SampleGen
9540ac5a-07c0-4b5d-91d4-5383a1361f1b,Ski,S301057,CID-360,CA-1285,2025-02-25,Shipped,2599.98,227.5,2827.48,VISA,USD,SampleGen
32329d19-3a06-4c3b-911b-4d3b69e627e3,Ski,S301058,CID-361,CA-1286,2025-09-20,Completed,1159.98,101.5,1261.48,PayPal,USD,SampleGen
fd09fa04-27cd-49c9-8a25-f5c34ff821a5,Ski,S301059,CID-362,CA-1287,2025-04-27,Completed,2359.95,206.49,2566.44,MC,USD,SampleGen
bdbcafd7-789a-4f99-86ab-8f9863c87c0e,Ski,S301060,CID-362,CA-1287,2026-03-06,Completed,619.97,54.24,674.21,VISA,USD,SampleGen
f43acba0-f0b4-4a27-b7f3-0506ada0f1ea,Ski,S301061,CID-363,CA-1288,2025-08-16,Completed,1009.96,88.37,1098.33,PayPal,USD,SampleGen
5e566777-6839-44c3-9aeb-8db80957ee28,Ski,S301062,CID-364,CA-1289,2026-03-21,Completed,1259.95,110.25,1370.2,PayPal,USD,SampleGen
1f39eeed-adf5-4db2-944d-7cbe314218f3,Ski,S301063,CID-364,CA-1289,2025-11-05,Completed,759.97,66.5,826.47,VISA,USD,SampleGen
4f579772-4eb8-4b7c-983e-3ff776c72ac9,Ski,S301064,CID-364,CA-1289,2025-03-17,Completed,699.97,61.25,761.22,MC,USD,SampleGen
7ab65496-f533-4037-bc75-2aac81422038,Ski,S301065,CID-365,CA-1290,2025-01-01,Completed,1699.96,148.75,1848.71,MC,USD,SampleGen
91fc0a59-a2fc-4e57-9478-a0783e92c666,Ski,S301066,CID-366,CA-1291,2025-05-28,Completed,1039.95,91.0,1130.95,MC,USD,SampleGen
e6b7cb2f-e955-4eef-bc09-769581974707,Ski,S301067,CID-367,CA-1292,2025-07-05,Shipped,2139.95,187.25,2327.2,VISA,USD,SampleGen
cc440924-cf73-4677-8947-8db96876342e,Ski,S301068,CID-367,CA-1292,2025-08-30,Pending,979.96,85.75,1065.71,VISA,USD,SampleGen
c079b4b7-a804-49e9-9293-b9fdc2e2dd66,Ski,S301069,CID-368,CA-1293,2025-12-17,Shipped,3399.96,297.5,3697.46,MC,USD,SampleGen
2b154008-f24e-4c89-b287-2a3d3163a464,Ski,S301070,CID-369,CA-1294,2026-04-16,Completed,1074.94,94.06,1169.0,MC,USD,SampleGen
4dcee81f-1964-463b-9b99-dddced55181f,Ski,S301071,CID-369,CA-1294,2025-10-20,Completed,449.99,39.37,489.36,AmEx,USD,SampleGen
68ae7869-b00d-4695-acb0-82a4a76a32ae,Ski,S301072,CID-369,CA-1294,2025-10-21,Cancelled,479.98,42.0,521.98,AmEx,USD,SampleGen
bab72f44-4687-431c-8b56-45520ee903bf,Ski,S301073,CID-369,CA-1294,2026-02-10,Completed,549.98,48.12,598.1,MC,USD,SampleGen
3016b5fa-18dc-43e1-b991-d95fa0402459,Ski,S301074,CID-370,CA-1295,2025-06-07,Completed,1599.98,140.0,1739.98,AmEx,USD,SampleGen
5f797388-f2b2-4eef-a543-92e64406701a,Ski,S301075,CID-370,CA-1295,2026-03-11,Completed,189.99,16.62,206.61,VISA,USD,SampleGen
8315b28e-499e-4c97-842d-a7714275a9d6,Ski,S301076,CID-371,CA-1296,2025-03-11,Completed,1609.96,140.87,1750.83,MC,USD,SampleGen
a2b82223-776b-44bc-a3c4-577a14d9f7bc,Ski,S301077,CID-372,CA-1297,2026-03-10,Shipped,699.98,61.25,761.23,MC,USD,SampleGen
823bd013-45e9-47eb-be82-03fa962b9800,Ski,S301078,CID-372,CA-1297,2025-05-29,Shipped,119.99,10.5,130.49,PayPal,USD,SampleGen
a42f8c21-373c-4416-9eca-4bbf0eb17c59,Ski,S301079,CID-372,CA-1297,2025-10-30,Completed,399.98,35.0,434.98,AmEx,USD,SampleGen
33cb2a45-8a86-4f48-a63c-0855314d87d6,Ski,S301080,CID-373,CA-1298,2026-02-19,Completed,1549.98,135.62,1685.6,MC,USD,SampleGen
e527ab0a-412e-4967-a8ef-4b777031ed65,Ski,S301081,CID-374,CA-1299,2026-02-14,Completed,1809.95,158.37,1968.32,MC,USD,SampleGen
72974616-2873-45bc-a29c-5c602ddeb73b,Ski,S301082,CID-374,CA-1299,2025-01-07,Completed,299.99,26.25,326.24,PayPal,USD,SampleGen
feca9947-29ba-45fd-aa67-8b6a96ed71ed,Ski,S301083,CID-375,CA-1300,2026-02-19,Completed,549.99,48.12,598.11,PayPal,USD,SampleGen
8fc6884a-c2e7-477b-bf70-aee95d11072c,Ski,S301084,CID-375,CA-1300,2025-06-03,Completed,79.99,7.0,86.99,VISA,USD,SampleGen
c5bf3141-3689-4e0c-abc3-7469e9a932d2,Ski,S301085,CID-376,CA-1301,2025-05-16,Completed,2219.95,194.25,2414.2,VISA,USD,SampleGen
f54492df-e97c-4d03-bd56-a7b9c655b358,Ski,S301086,CID-377,CA-1302,2026-02-19,Completed,2129.94,186.37,2316.31,AmEx,USD,SampleGen
a19160c4-69e4-45c2-8bb2-1cf3c75c3e0e,Ski,S301087,CID-377,CA-1302,2026-03-20,Completed,1959.93,171.5,2131.43,MC,USD,SampleGen
7c8552fe-92ec-4a45-9be0-2734538d0988,Ski,S301088,CID-377,CA-1302,2025-02-26,Completed,3329.95,291.36,3621.31,Discover,USD,SampleGen
117f45e8-6885-430b-89fe-b9b397a9c1a5,Ski,S301089,CID-377,CA-1302,2025-08-04,Completed,1859.94,162.75,2022.69,PayPal,USD,SampleGen
fd48b8e1-be7d-4c2a-8ac7-9004164f65ec,Ski,S301090,CID-378,CA-1303,2025-05-19,Completed,3099.97,271.25,3371.22,AmEx,USD,SampleGen
dd16d4a7-cf03-4671-b45c-7c06ee665cb4,Ski,S301091,CID-378,CA-1303,2026-01-22,Completed,2159.95,189.0,2348.95,VISA,USD,SampleGen
c39f3793-4a8c-4d51-8f1d-153678005a97,Ski,S301092,CID-378,CA-1303,2025-06-11,Completed,1809.93,158.37,1968.3,AmEx,USD,SampleGen
c3dda517-9b04-4963-a836-82286b1a0bd3,Ski,S301093,CID-379,CA-1304,2025-10-21,Shipped,189.99,16.62,206.61,MC,USD,SampleGen
8dbe9949-ca49-40e2-910a-16f6967be8ec,Ski,S301094,CID-379,CA-1304,2025-12-16,Completed,879.98,77.0,956.98,VISA,USD,SampleGen
702cb20e-7eb6-4bc4-a863-6475b694e976,Ski,S301095,CID-379,CA-1304,2025-11-24,Completed,1589.96,139.12,1729.08,AmEx,USD,SampleGen
5bad6fd3-f5b4-4101-a28b-5140ab049380,Ski,S301096,CID-379,CA-1304,2026-03-25,Shipped,299.99,26.25,326.24,MC,USD,SampleGen
daf814df-b596-47b3-b9f0-27b3ed2c4421,Ski,S301097,CID-379,CA-1304,2026-04-25,Pending,2369.94,207.37,2577.31,MC,USD,SampleGen
6b91317d-b107-4de8-a24b-5408604f67a7,Ski,S301098,CID-380,CA-1305,2025-06-14,Completed,299.99,26.25,326.24,MC,USD,SampleGen
315f29e3-12e2-452b-8f71-59e8e38d0c61,Ski,S301099,CID-380,CA-1305,2025-08-27,Completed,399.96,35.0,434.96,AmEx,USD,SampleGen
765d1cfd-c755-463d-a34e-5cc2aea77ea8,Ski,S301100,CID-380,CA-1305,2025-03-02,Completed,279.97,24.5,304.47,PayPal,USD,SampleGen
fc7dfaa3-7b18-4cce-9fef-fe63ea2db4cb,Ski,S301101,CID-381,CA-1306,2025-07-10,Completed,539.96,47.25,587.21,VISA,USD,SampleGen
194cdd5c-4b21-4474-b802-065b16a2661c,Ski,S301102,CID-381,CA-1306,2025-08-28,Completed,889.97,77.87,967.84,MC,USD,SampleGen
ec2c7de4-06ab-42cb-9df1-38319d09ab7d,Ski,S301103,CID-382,CA-1307,2025-02-06,Cancelled,1679.94,147.0,1826.94,VISA,USD,SampleGen
3d76028d-9ab4-4d2a-999d-a20335660559,Ski,S301104,CID-382,CA-1307,2025-11-07,Pending,929.94,81.37,1011.31,VISA,USD,SampleGen
3019cb88-820a-4014-a2c2-79a0593ad935,Ski,S301105,CID-383,CA-1308,2026-03-26,Completed,1499.97,131.25,1631.22,MC,USD,SampleGen
a44563a1-9e58-4606-abf3-b9f4f460fb8e,Ski,S301106,CID-383,CA-1308,2025-04-01,Completed,1519.96,133.0,1652.96,Discover,USD,SampleGen
c60a78ca-2a8a-400e-ac6c-708a0b6bb8cd,Ski,S301107,CID-384,CA-1309,2025-11-14,Pending,3099.96,271.25,3371.21,PayPal,USD,SampleGen
e06737aa-e68b-4ebd-af1a-935ded670a13,Ski,S301108,CID-384,CA-1309,2026-04-05,Completed,569.97,49.87,619.84,VISA,USD,SampleGen
9e003a1e-5e3b-4a1b-b238-b1b9fccb97ff,Ski,S301109,CID-384,CA-1309,2026-02-13,Completed,399.99,35.0,434.99,AmEx,USD,SampleGen
10bedfc8-ea84-4db4-8e95-a596de568aca,Ski,S301110,CID-384,CA-1309,2025-10-22,Completed,1144.95,100.18,1245.13,VISA,USD,SampleGen
dfe31ad8-9315-4574-853a-d5f4df4204c9,Ski,S301111,CID-385,CA-1310,2025-11-13,Completed,449.98,39.37,489.35,Discover,USD,SampleGen
0ce118e8-9bec-43b3-8784-baa44bff739b,Ski,S301112,CID-385,CA-1310,2025-11-24,Shipped,299.98,26.24,326.22,PayPal,USD,SampleGen
cfc01d72-3f22-4037-94d2-6759a72712f7,Ski,S301113,CID-385,CA-1310,2025-10-01,Completed,3399.92,297.5,3697.42,AmEx,USD,SampleGen
027b99c4-5446-45e5-906d-3738d2a8ec48,Ski,S301114,CID-385,CA-1310,2025-02-12,Completed,3749.95,328.12,4078.07,PayPal,USD,SampleGen
a2aa3c1b-f699-4aba-9cfc-0cdb0b65827a,Ski,S301115,CID-385,CA-1310,2025-01-04,Completed,1949.94,170.62,2120.56,AmEx,USD,SampleGen
08e599ae-d55c-4690-a0e5-7738053bf94e,Ski,S301116,CID-385,CA-1310,2025-03-16,Completed,899.92,78.75,978.67,PayPal,USD,SampleGen
a1ae560a-f8f8-4f74-b1a1-c0b9b7957b4f,Ski,S301117,CID-385,CA-1310,2025-09-13,Completed,579.99,50.75,630.74,AmEx,USD,SampleGen
777ea76b-3523-4951-a649-7ccf4de03a45,Ski,S301118,CID-386,CA-1311,2025-12-19,Completed,2999.96,262.5,3262.46,PayPal,USD,SampleGen
0997e75e-61b0-45f2-af8e-e41850bbbb6b,Ski,S301119,CID-386,CA-1311,2025-12-14,Completed,899.98,78.75,978.73,PayPal,USD,SampleGen
cc61f95b-1de4-4103-9aa1-d10dfcd76e15,Ski,S301120,CID-386,CA-1311,2025-08-15,Completed,199.98,17.5,217.48,MC,USD,SampleGen
e8708e05-bd48-472e-bbb8-c0b758c9271d,Ski,S301121,CID-386,CA-1311,2025-02-03,Completed,1799.98,157.5,1957.48,MC,USD,SampleGen
81538c5f-3bb3-4f1b-8ccb-1521f960f667,Ski,S301122,CID-386,CA-1311,2025-05-09,Completed,499.98,43.75,543.73,PayPal,USD,SampleGen
99367a0f-fdb9-4780-9a87-94d90634442a,Ski,S301123,CID-387,CA-1312,2025-04-16,Completed,1899.96,166.25,2066.21,Discover,USD,SampleGen
3b0fee60-b4fd-4094-ac1d-0004e4dd444f,Ski,S301124,CID-387,CA-1312,2025-10-11,Pending,579.99,50.75,630.74,VISA,USD,SampleGen
a21f298d-f7a1-4dad-94e9-65b030442a37,Ski,S301125,CID-388,CA-1313,2025-09-18,Completed,1719.94,150.5,1870.44,PayPal,USD,SampleGen
322d60ff-cea1-4920-8692-1792518bce1b,Ski,S301126,CID-389,CA-1314,2025-01-14,Completed,3149.96,275.62,3425.58,Discover,USD,SampleGen
fe023714-06d9-4457-a422-34eca97e085d,Ski,S301127,CID-389,CA-1314,2025-01-17,Completed,199.99,17.5,217.49,AmEx,USD,SampleGen
c0efbcd9-83ff-4e7d-b702-df3480f8e491,Ski,S301128,CID-389,CA-1314,2025-01-02,Completed,1099.97,96.25,1196.22,AmEx,USD,SampleGen
cde1914a-690b-443c-ba42-29c9ec717de9,Ski,S301129,CID-389,CA-1314,2025-09-09,Completed,449.99,39.37,489.36,VISA,USD,SampleGen
7b50a2c3-eb72-476c-b8a0-ac872747dd78,Ski,S301130,CID-390,CA-1315,2025-11-12,Completed,2549.95,223.12,2773.07,MC,USD,SampleGen
7e09da93-7479-4f92-ace7-3762090a7966,Ski,S301131,CID-390,CA-1315,2025-05-20,Completed,2899.96,253.75,3153.71,VISA,USD,SampleGen
0715cd1e-d176-44c4-a348-6792d9218856,Ski,S301132,CID-390,CA-1315,2025-08-13,Completed,79.99,7.0,86.99,Discover,USD,SampleGen
7656834f-bb4e-472e-afc3-ebcebc98de2b,Ski,S301133,CID-390,CA-1315,2025-06-06,Completed,509.95,44.62,554.57,Discover,USD,SampleGen
4fc0fbc1-c3fb-4974-ae4b-9a33da73f2d4,Ski,S301134,CID-391,CA-1316,2025-02-19,Shipped,1679.96,147.0,1826.96,AmEx,USD,SampleGen
bc38b6e7-2c66-4ee1-b9b4-8973fc478980,Ski,S301135,CID-391,CA-1316,2025-02-27,Pending,4699.94,411.25,5111.19,AmEx,USD,SampleGen
6a38f667-a20d-40ad-a599-01e6f5d7b450,Ski,S301136,CID-392,CA-1317,2025-07-09,Completed,99.99,8.75,108.74,Discover,USD,SampleGen
c1952936-9d17-4c0c-a912-bd365aadc857,Ski,S301137,CID-392,CA-1317,2025-05-29,Completed,1079.95,94.49,1174.44,MC,USD,SampleGen
bc1fca58-d5eb-4f70-8843-c081be06a1ac,Ski,S301138,CID-393,CA-1318,2026-01-15,Completed,5749.95,503.12,6253.07,VISA,USD,SampleGen
b0c63187-f3e1-4383-a724-7be538c2bb60,Ski,S301139,CID-393,CA-1318,2025-04-07,Completed,829.97,72.62,902.59,AmEx,USD,SampleGen
cce63363-8deb-4249-9875-50ba0504f445,Ski,S301140,CID-393,CA-1318,2025-04-10,Completed,299.99,26.25,326.24,AmEx,USD,SampleGen
6730b865-867f-44ea-8634-a2da7b69f72d,Ski,S301141,CID-393,CA-1318,2025-09-14,Completed,2219.95,194.25,2414.2,AmEx,USD,SampleGen
0725049e-2dd8-46f5-bdd1-24bb08d927be,Ski,S301142,CID-393,CA-1318,2026-02-15,Completed,1549.97,135.62,1685.59,MC,USD,SampleGen
0e264758-2d51-42a1-9665-c6a2bf5f03e8,Ski,S301143,CID-393,CA-1318,2025-09-11,Completed,1429.96,125.12,1555.08,PayPal,USD,SampleGen
8c1ebd6c-1e8d-421f-b6c4-8dde996ccbe8,Ski,S301144,CID-394,CA-1319,2025-06-10,Pending,1299.95,113.74,1413.69,AmEx,USD,SampleGen
d5cf84cc-55d5-43ef-8caa-e1b8476c0040,Ski,S301145,CID-394,CA-1319,2025-09-19,Pending,264.97,23.18,288.15,AmEx,USD,SampleGen
76662dad-f8ba-4c2c-bd81-4ff2139cc016,Ski,S301146,CID-394,CA-1319,2025-03-06,Completed,2589.95,226.62,2816.57,VISA,USD,SampleGen
4da89702-2d58-4919-a54f-1c8ca6ae29a6,Ski,S301147,CID-394,CA-1319,2025-09-15,Completed,1099.98,96.24,1196.22,VISA,USD,SampleGen
9cbfc093-8e99-4fd5-9a7e-00955c4ee412,Ski,S301148,CID-394,CA-1319,2026-04-23,Completed,399.99,35.0,434.99,MC,USD,SampleGen
9cc96116-c991-468b-9a26-429fa8d0c5d7,Ski,S301149,CID-394,CA-1319,2025-03-12,Completed,249.99,21.87,271.86,MC,USD,SampleGen
a1a99df3-2c64-48e9-b492-432e44994de2,Ski,S301150,CID-394,CA-1319,2025-02-20,Pending,1529.96,133.87,1663.83,VISA,USD,SampleGen
78a58d57-73aa-4bc3-949a-40116d81c8f2,Ski,S301151,CID-395,CA-1320,2026-02-04,Completed,699.98,61.25,761.23,AmEx,USD,SampleGen
026b6f86-a778-45ce-ac55-74446e0f8e53,Ski,S301152,CID-395,CA-1320,2025-07-20,Completed,3199.96,280.0,3479.96,VISA,USD,SampleGen
879b7c94-37a8-453f-9332-50e6031c44b3,Ski,S301153,CID-396,CA-1321,2025-09-15,Shipped,1159.98,101.5,1261.48,VISA,USD,SampleGen
bc14a8ad-281d-4903-9879-70deefaba598,Ski,S301154,CID-396,CA-1321,2025-09-01,Pending,2199.97,192.5,2392.47,VISA,USD,SampleGen
2caaa5e6-1f89-40b7-b9bd-f58b40ab3efd,Ski,S301155,CID-397,CA-1322,2025-09-09,Completed,1339.95,117.24,1457.19,MC,USD,SampleGen
73d3a8a4-c9b8-4549-bbe9-49d93292ccd5,Ski,S301156,CID-397,CA-1322,2026-02-21,Completed,3999.93,350.0,4349.93,Discover,USD,SampleGen
5bdea595-b366-4d6d-a073-6601e43e6220,Ski,S301157,CID-397,CA-1322,2026-04-16,Completed,709.96,62.12,772.08,VISA,USD,SampleGen
2ae31244-28df-4830-9bca-c98542e0fa38,Ski,S301158,CID-397,CA-1322,2025-07-29,Completed,149.99,13.12,163.11,AmEx,USD,SampleGen
095c3d8b-52c2-4b32-921b-6912a7eafeec,Ski,S301159,CID-398,CA-1323,2025-03-02,Shipped,1299.98,113.75,1413.73,AmEx,USD,SampleGen
8814a89d-1299-4833-b61f-a909d62c461d,Ski,S301160,CID-398,CA-1323,2026-01-14,Pending,659.97,57.75,717.72,PayPal,USD,SampleGen
6aaf52d2-6aa3-4a75-8dc1-f587fb414cb8,Ski,S301161,CID-399,CA-1324,2025-08-01,Pending,479.96,42.0,521.96,VISA,USD,SampleGen
68d02111-f35a-4297-97fd-b64566aed4f8,Ski,S301162,CID-399,CA-1324,2026-04-13,Completed,1389.96,121.62,1511.58,VISA,USD,SampleGen
61095f6d-0b68-4c97-9412-2b533b7964fe,Ski,S301163,CID-399,CA-1324,2025-04-10,Completed,2169.95,189.87,2359.82,VISA,USD,SampleGen
d5b593e0-7709-495e-8479-8edc30434794,Ski,S301164,CID-400,CA-1325,2025-10-10,Completed,1649.94,144.37,1794.31,MC,USD,SampleGen
3fdba08b-5ea3-4b6e-9baf-a1a03f7a9342,Ski,S301165,CID-400,CA-1325,2025-09-05,Completed,379.98,33.25,413.23,VISA,USD,SampleGen
79bf6e89-482c-425c-a13c-d610feffce52,Ski,S301166,CID-400,CA-1325,2025-01-15,Completed,2749.97,240.62,2990.59,MC,USD,SampleGen
07776b74-9f1d-4ce0-96f0-b18ea7c7d1db,Ski,S301167,CID-400,CA-1325,2025-03-16,Completed,3529.93,308.87,3838.8,MC,USD,SampleGen
d66de639-1921-489b-9343-8d894864c33d,Ski,S301168,CID-400,CA-1325,2025-03-18,Completed,4579.93,400.75,4980.68,MC,USD,SampleGen
caa72dc6-bf62-4888-b060-b55ace8359db,Ski,S301169,CID-400,CA-1325,2026-04-22,Completed,2339.94,204.75,2544.69,MC,USD,SampleGen
848873bb-0080-48d3-939a-758011019c5e,Ski,S301170,CID-400,CA-1325,2025-09-22,Shipped,379.98,33.25,413.23,Discover,USD,SampleGen
8e3f504b-d0b2-4c70-963e-56eeb1e36bc4,Ski,S301171,CID-400,CA-1325,2025-12-14,Shipped,1699.97,148.75,1848.72,VISA,USD,SampleGen
22b81cff-5290-4178-a460-fc5037bd093a,Ski,S301172,CID-401,CA-1326,2025-12-23,Completed,2199.96,192.5,2392.46,AmEx,USD,SampleGen
0599c56c-330a-457f-af06-5ed07ac17b56,Ski,S301173,CID-401,CA-1326,2026-02-02,Cancelled,3699.94,323.75,4023.69,VISA,USD,SampleGen
8537c290-366c-4499-a204-622afc950733,Ski,S301174,CID-402,CA-1327,2025-10-15,Completed,1759.96,154.0,1913.96,PayPal,USD,SampleGen
d0ce12e7-282f-4512-a5e9-8c1e4fc7ec54,Ski,S301175,CID-403,CA-1328,2025-05-09,Completed,3759.94,329.0,4088.94,AmEx,USD,SampleGen
a1d0eced-f76d-42a7-8d15-681b2abf63f2,Ski,S301176,CID-403,CA-1328,2026-01-20,Completed,379.98,33.25,413.23,PayPal,USD,SampleGen
dc9e82e1-1a54-4ef1-9a43-5564359ff265,Ski,S301177,CID-404,CA-1329,2026-04-29,Completed,1999.97,175.0,2174.97,AmEx,USD,SampleGen
77e426d4-1bd1-4124-9767-b0002efe8051,Ski,S301178,CID-404,CA-1329,2025-05-07,Completed,739.96,64.75,804.71,PayPal,USD,SampleGen
4bf7e503-d5e0-4e46-af39-d2115c27fd84,Ski,S301179,CID-405,CA-1330,2025-09-08,Completed,2099.94,183.75,2283.69,PayPal,USD,SampleGen
6fbf7079-3713-4017-83a5-7ea40856655c,Ski,S301180,CID-405,CA-1330,2025-02-03,Completed,3059.95,267.75,3327.7,PayPal,USD,SampleGen
2ce270e0-fce6-4cd1-a3d3-656d907b5edc,Ski,S301181,CID-405,CA-1330,2025-06-20,Completed,329.98,28.87,358.85,Discover,USD,SampleGen
86adc740-e065-438f-978c-e21d12c49eb2,Ski,S301182,CID-405,CA-1330,2025-03-02,Shipped,1839.94,161.0,2000.94,MC,USD,SampleGen
536c2ff5-a30e-4da8-9738-ce5319aca546,Ski,S301183,CID-405,CA-1330,2025-08-23,Completed,809.95,70.87,880.82,AmEx,USD,SampleGen
3b64c4fc-6a33-4036-996b-4b05740a202a,Ski,S301184,CID-406,CA-1331,2025-08-17,Completed,1599.98,140.0,1739.98,MC,USD,SampleGen
991cb2a5-f8df-4762-b645-1709f62bfdfa,Ski,S301185,CID-406,CA-1331,2026-02-21,Completed,2649.95,231.87,2881.82,PayPal,USD,SampleGen
eabb8bbb-1c72-47a5-bce5-20bd7941491e,Ski,S301186,CID-406,CA-1331,2025-05-08,Completed,1469.94,128.62,1598.56,Discover,USD,SampleGen
ce7b0001-3673-41ed-82d6-8714282153fc,Ski,S301187,CID-406,CA-1331,2025-10-16,Completed,1079.97,94.5,1174.47,AmEx,USD,SampleGen
d5496a99-6954-4d72-bde8-8f97af8a9f19,Ski,S301188,CID-406,CA-1331,2025-01-20,Completed,449.99,39.37,489.36,PayPal,USD,SampleGen
5c2ed3c6-7608-4cda-8654-3ca7fdc73aa4,Ski,S301189,CID-407,CA-1332,2025-04-28,Completed,659.97,57.75,717.72,PayPal,USD,SampleGen
341ab779-caeb-48c1-a6da-4c85169ff960,Ski,S301190,CID-408,CA-1333,2025-11-27,Completed,119.98,10.5,130.48,MC,USD,SampleGen
4acb9251-5605-4157-9229-a700d9af7e4a,Ski,S301191,CID-408,CA-1333,2025-05-27,Completed,1259.95,110.25,1370.2,VISA,USD,SampleGen
7aaec9a5-8318-48d8-b399-0cd452eaf48d,Ski,S301192,CID-408,CA-1333,2025-04-27,Completed,1549.96,135.62,1685.58,VISA,USD,SampleGen
9058617e-5f4a-4d78-99fc-ccdf902376e1,Ski,S301193,CID-409,CA-1334,2025-01-25,Completed,3309.93,289.62,3599.55,Discover,USD,SampleGen
ff6efc82-d6fa-43a6-9462-eee599dde24f,Ski,S301194,CID-409,CA-1334,2025-03-21,Completed,1899.96,166.25,2066.21,PayPal,USD,SampleGen
4601b3d5-93ac-421f-b2f4-bdee4a80c174,Ski,S301195,CID-410,CA-1335,2025-10-20,Pending,2249.97,196.87,2446.84,VISA,USD,SampleGen
10b7cc32-5efe-4f88-bc83-e8e11ee95708,Ski,S301196,CID-410,CA-1335,2025-06-26,Completed,739.96,64.75,804.71,AmEx,USD,SampleGen
3cbe15f4-9052-4007-99ec-7b0f67ebf8bc,Ski,S301197,CID-410,CA-1335,2026-02-10,Completed,3199.94,280.0,3479.94,MC,USD,SampleGen
bcb3c992-d2ba-4c57-a2ae-db8c1d4d122f,Ski,S301198,CID-410,CA-1335,2025-09-17,Shipped,79.99,7.0,86.99,VISA,USD,SampleGen
77847742-b425-4235-be11-7ac8ef6efa3b,Ski,S301199,CID-410,CA-1335,2025-02-26,Completed,2729.97,238.87,2968.84,PayPal,USD,SampleGen
0ef58180-9678-4ec3-be29-66e4d9854055,Ski,S301200,CID-410,CA-1335,2025-01-22,Pending,1949.95,170.62,2120.57,VISA,USD,SampleGen
7b55ccdc-2c5e-4fc7-bebc-4a53a854fc93,Ski,S301201,CID-410,CA-1335,2026-04-20,Completed,299.98,26.25,326.23,VISA,USD,SampleGen
46d52ee0-02bf-4f6c-8f54-1564ef93f0bb,Ski,S301202,CID-411,CA-1336,2025-08-14,Pending,939.94,82.25,1022.19,MC,USD,SampleGen
ffd18fce-f4c3-44c7-ba4b-bc66a69cc026,Ski,S301203,CID-411,CA-1336,2025-08-21,Completed,1399.96,122.5,1522.46,MC,USD,SampleGen
629d47ec-d53f-44cf-a9c3-b301aae09bd9,Ski,S301204,CID-412,CA-1337,2025-02-28,Completed,129.99,11.37,141.36,AmEx,USD,SampleGen
b7e8b32d-2c19-4a24-8c7d-7f11d3f92170,Ski,S301205,CID-412,CA-1337,2025-09-04,Completed,799.98,70.0,869.98,PayPal,USD,SampleGen
1e81e39d-e18d-436c-893d-bf106a76833a,Ski,S301206,CID-413,CA-1338,2026-02-05,Shipped,499.98,43.75,543.73,MC,USD,SampleGen
104933c0-4fb9-4822-93d2-5f19f661a965,Ski,S301207,CID-414,CA-1339,2025-07-05,Completed,439.95,38.5,478.45,MC,USD,SampleGen
31de8b51-9201-4ddd-ac1d-c8c891127364,Ski,S301208,CID-414,CA-1339,2025-10-16,Pending,1399.96,122.5,1522.46,Discover,USD,SampleGen
9260c80a-3f35-49c9-a731-5f76cbd13fc0,Ski,S301209,CID-415,CA-1340,2026-03-05,Pending,299.98,26.25,326.23,AmEx,USD,SampleGen
4ae5ba16-a941-4111-ac4e-3e2d5691f3be,Ski,S301210,CID-415,CA-1340,2025-04-20,Completed,499.98,43.75,543.73,PayPal,USD,SampleGen
325951b8-15af-4fdd-be3d-34111782c84a,Ski,S301211,CID-415,CA-1340,2025-06-18,Cancelled,1979.95,173.24,2153.19,VISA,USD,SampleGen
3fa9ff93-a3cc-43d8-a7b0-319609cfbf69,Ski,S301212,CID-415,CA-1340,2025-03-25,Shipped,699.98,61.25,761.23,VISA,USD,SampleGen
83f5d321-089d-4a3d-8790-87b3d5c66029,Ski,S301213,CID-416,CA-1341,2025-01-07,Completed,449.99,39.37,489.36,VISA,USD,SampleGen
fa0867be-b09a-45a1-8ca9-e26c60bd161a,Ski,S301214,CID-416,CA-1341,2026-03-29,Completed,1269.94,111.12,1381.06,PayPal,USD,SampleGen
0d45bc6a-7e96-4985-9370-1b2e846e0a15,Ski,S301215,CID-417,CA-1342,2025-04-27,Cancelled,79.99,7.0,86.99,MC,USD,SampleGen
35ffc434-4eba-45db-a323-65b141fdf63d,Ski,S301216,CID-417,CA-1342,2025-01-18,Completed,1899.95,166.25,2066.2,MC,USD,SampleGen
01622386-65a3-442e-ab77-66d2c2f88fe2,Ski,S301217,CID-418,CA-1343,2025-12-18,Completed,299.99,26.25,326.24,MC,USD,SampleGen
b0675686-2664-4984-9f15-e34df49047b4,Ski,S301218,CID-418,CA-1343,2026-02-16,Completed,3199.96,280.0,3479.96,Discover,USD,SampleGen
b5d1fb84-e8a9-4429-9054-a1532126c175,Ski,S301219,CID-419,CA-1344,2026-04-18,Shipped,559.97,49.0,608.97,MC,USD,SampleGen
b4b953b2-3589-417b-beff-63671de59fe3,Ski,S301220,CID-419,CA-1344,2025-08-08,Pending,1434.94,125.56,1560.5,MC,USD,SampleGen
64335fc3-57f9-47da-91e0-f6605a8f2df1,Ski,S301221,CID-420,CA-1345,2026-04-18,Completed,709.97,62.12,772.09,MC,USD,SampleGen
6f9edddd-bfbb-4f20-9631-69ad1ebb5b4e,Ski,S301222,CID-420,CA-1345,2026-04-11,Completed,1039.95,91.0,1130.95,VISA,USD,SampleGen
238a3aeb-78eb-4384-a5d6-15b1eb29fe4d,Ski,S301223,CID-420,CA-1345,2026-03-22,Completed,499.97,43.75,543.72,VISA,USD,SampleGen
f43b8a10-0fd9-4b5c-b003-07c99dd31e40,Ski,S301224,CID-420,CA-1345,2025-06-11,Completed,1189.95,104.12,1294.07,MC,USD,SampleGen
0bee7ed4-26ec-4793-be8d-a216f7018e1c,Ski,S301225,CID-420,CA-1345,2025-05-09,Completed,979.97,85.75,1065.72,MC,USD,SampleGen
ea3e0588-84e8-4314-9410-243fdba3b285,Ski,S301226,CID-420,CA-1345,2026-01-03,Completed,609.97,53.37,663.34,MC,USD,SampleGen
ff4411fe-9dc6-427b-8d61-ad17292ef005,Ski,S301227,CID-420,CA-1345,2025-05-13,Completed,259.98,22.75,282.73,MC,USD,SampleGen
e6db0ccb-a62f-49bf-9037-4cd5d0638b3d,Ski,S301228,CID-420,CA-1345,2026-01-05,Completed,99.99,8.75,108.74,MC,USD,SampleGen
be554384-0106-4a15-a15d-13ed40ab6997,Ski,S301229,CID-420,CA-1345,2025-05-23,Completed,319.98,28.0,347.98,PayPal,USD,SampleGen
91b98305-ff48-4f8d-a249-ced7ad879c58,Ski,S301230,CID-420,CA-1345,2025-06-02,Completed,399.96,35.0,434.96,VISA,USD,SampleGen
1a949250-1147-4a65-abe4-11a3c83b9ae6,Ski,S301231,CID-420,CA-1345,2025-01-30,Pending,4059.92,355.25,4415.17,VISA,USD,SampleGen
58343718-d110-4877-918f-42d2cf056d6d,Ski,S301232,CID-420,CA-1345,2026-03-05,Completed,239.98,21.0,260.98,VISA,USD,SampleGen
38efb90f-72b5-4f3b-9de8-332eb89a0ed7,Ski,S301233,CID-421,CA-1346,2025-03-22,Completed,999.98,87.49,1087.47,VISA,USD,SampleGen
bd6f4938-890d-45c1-8fa2-3b8f6f8e1534,Ski,S301234,CID-421,CA-1346,2025-02-25,Completed,274.97,24.06,299.03,MC,USD,SampleGen
cb24e158-335a-4310-941d-30337731913a,Ski,S301235,CID-422,CA-1347,2025-11-30,Completed,2599.98,227.5,2827.48,PayPal,USD,SampleGen
8ddf74c1-1278-4569-bd67-08752169bdb6,Ski,S301236,CID-422,CA-1347,2025-01-31,Completed,899.98,78.75,978.73,VISA,USD,SampleGen
f51ae6b3-0906-44a1-9908-c02fbfa128ec,Ski,S301237,CID-422,CA-1347,2026-01-26,Cancelled,449.99,39.37,489.36,VISA,USD,SampleGen
9807dd1a-58d7-4d5c-8b68-be53b1e2ee98,Ski,S301238,CID-423,CA-1348,2026-03-12,Shipped,2939.95,257.25,3197.2,VISA,USD,SampleGen
c55881bd-088c-4f9c-a143-81fd997e7a53,Ski,S301239,CID-423,CA-1348,2025-04-30,Pending,1954.95,171.05,2126.0,MC,USD,SampleGen
d809f8fe-1188-4354-9aee-95c010c04d4b,Ski,S301240,CID-424,CA-1349,2026-01-31,Pending,349.99,30.62,380.61,VISA,USD,SampleGen
cda2ee99-25dc-4996-a682-545ba4ff95ad,Ski,S301241,CID-424,CA-1349,2025-09-05,Shipped,949.98,83.12,1033.1,VISA,USD,SampleGen
49e2eb6d-2987-4241-a58c-26daf571ebc5,Ski,S301242,CID-425,CA-1350,2025-10-18,Completed,1299.98,113.75,1413.73,AmEx,USD,SampleGen
8f345865-855c-42e1-87ad-f416284ee19f,Ski,S301243,CID-425,CA-1350,2025-04-17,Completed,3379.93,295.75,3675.68,PayPal,USD,SampleGen
f01cb68f-de93-45a0-9321-f495a764e738,Ski,S301244,CID-425,CA-1350,2025-06-18,Completed,2734.94,239.31,2974.25,MC,USD,SampleGen
39bd8c8b-2fd5-464f-935d-82c205a9f928,Ski,S301245,CID-425,CA-1350,2025-02-04,Completed,2289.95,200.37,2490.32,VISA,USD,SampleGen
c3fe6747-ae63-410e-b855-2217a92259cc,Ski,S301246,CID-425,CA-1350,2025-06-09,Completed,1009.96,88.37,1098.33,MC,USD,SampleGen
63bb2ba2-ea5e-4d05-9ab2-f8c1b66f09c9,Ski,S301247,CID-425,CA-1350,2025-03-10,Completed,859.95,75.25,935.2,AmEx,USD,SampleGen
d4ac7013-6498-490a-b27e-67272fe76249,Ski,S301248,CID-426,CA-1351,2025-04-19,Completed,1749.96,153.12,1903.08,AmEx,USD,SampleGen
88b35029-8716-483d-a01d-8e90d31e4cf4,Ski,S301249,CID-426,CA-1351,2026-04-05,Completed,2049.97,179.37,2229.34,MC,USD,SampleGen
41d0b273-403f-40d1-b4af-77d4065e8e7f,Ski,S301250,CID-427,CA-1352,2025-01-31,Shipped,3099.96,271.25,3371.21,Discover,USD,SampleGen
731f0969-b944-4197-b42a-6833a46b08af,Ski,S301251,CID-427,CA-1352,2025-08-01,Completed,2029.95,177.62,2207.57,PayPal,USD,SampleGen
1f4575c0-3fd3-4782-a6c2-a630fe79c441,Ski,S301252,CID-428,CA-1353,2025-01-16,Completed,579.99,50.75,630.74,MC,USD,SampleGen
fe7b7541-c2ef-41fe-9402-7358d98e08ec,Ski,S301253,CID-428,CA-1353,2025-08-18,Completed,739.94,64.75,804.69,AmEx,USD,SampleGen
07a754e8-a758-4816-9f61-1f73b2c0a962,Ski,S301254,CID-429,CA-1354,2025-03-30,Completed,1819.96,159.25,1979.21,MC,USD,SampleGen
67ea2c81-f531-4ead-82b3-30c5ec1f1888,Ski,S301255,CID-429,CA-1354,2025-06-22,Shipped,679.97,59.5,739.47,MC,USD,SampleGen
17891873-6891-4c1c-838f-7b26ad813167,Ski,S301256,CID-429,CA-1354,2025-12-29,Completed,3649.93,319.37,3969.3,AmEx,USD,SampleGen
b7a8b135-b759-4cff-b0a8-f5d604f1296c,Ski,S301257,CID-429,CA-1354,2025-10-18,Completed,639.96,55.99,695.95,Discover,USD,SampleGen
da42f5e9-dad5-4c34-9b25-76adb283a5d4,Ski,S301258,CID-430,CA-1355,2026-04-11,Completed,4579.94,400.75,4980.69,VISA,USD,SampleGen
b4b26b4a-b329-47da-8bf9-dde1168a4d91,Ski,S301259,CID-430,CA-1355,2025-08-19,Completed,2249.96,196.87,2446.83,AmEx,USD,SampleGen
e05cd056-ea88-452c-bac2-127b39969bd1,Ski,S301260,CID-430,CA-1355,2025-11-21,Pending,799.98,70.0,869.98,VISA,USD,SampleGen
acd984d4-1b51-4918-a65e-190921ce3337,Ski,S301261,CID-430,CA-1355,2025-10-17,Completed,2349.96,205.62,2555.58,VISA,USD,SampleGen
91f2028c-4fcf-46c0-ad6e-03bb5c7ee5b0,Ski,S301262,CID-431,CA-1356,2025-08-11,Completed,509.96,44.62,554.58,MC,USD,SampleGen
c068afdf-2e38-461e-80f1-9497897599ce,Ski,S301263,CID-431,CA-1356,2025-09-29,Completed,4999.95,437.49,5437.44,VISA,USD,SampleGen
9195e16f-e47e-4577-ba71-81d440570df6,Ski,S301264,CID-431,CA-1356,2025-06-06,Shipped,1159.98,101.5,1261.48,VISA,USD,SampleGen
5974fdac-20dd-4ff4-b61f-89e77cb80d15,Ski,S301265,CID-432,CA-1357,2025-06-18,Completed,814.97,71.31,886.28,AmEx,USD,SampleGen
26457cf1-cb24-4e3d-b446-dd24027483ca,Ski,S301266,CID-432,CA-1357,2026-03-14,Shipped,549.99,48.12,598.11,VISA,USD,SampleGen
28cd6b2e-b091-45a3-8f7b-2a7c3e5d5a6c,Ski,S301267,CID-432,CA-1357,2026-02-09,Completed,1949.97,170.62,2120.59,VISA,USD,SampleGen
cb493262-3fd0-4484-bb5c-28e15efb91e7,Ski,S301268,CID-432,CA-1357,2025-11-14,Completed,3399.96,297.5,3697.46,Discover,USD,SampleGen
6cdff3f8-920e-4105-8c1c-78ed2814732b,Ski,S301269,CID-433,CA-1358,2025-10-16,Pending,899.97,78.75,978.72,VISA,USD,SampleGen
faa75241-d86f-4cc4-be5c-44fea4215b2b,Ski,S301270,CID-433,CA-1358,2026-01-02,Completed,1049.98,91.87,1141.85,VISA,USD,SampleGen
353f4193-494e-4a19-b902-fe5029589a39,Ski,S301271,CID-434,CA-1359,2025-01-07,Completed,949.95,83.12,1033.07,PayPal,USD,SampleGen
df9d51fd-a388-40e8-aa55-b817a8ea003d,Ski,S301272,CID-434,CA-1359,2025-04-17,Completed,1759.94,154.0,1913.94,VISA,USD,SampleGen
35eeb253-d9f3-44d6-89ea-365409d65ff1,Ski,S301273,CID-435,CA-1360,2025-05-04,Completed,3969.94,347.37,4317.31,Discover,USD,SampleGen
ee4c4ff6-0f90-4748-b965-7da43ee362cc,Ski,S301274,CID-435,CA-1360,2026-01-14,Completed,1099.98,96.25,1196.23,VISA,USD,SampleGen
4e48196d-4322-4c4f-99a2-6a6d9768fec3,Ski,S301275,CID-435,CA-1360,2026-02-28,Shipped,3809.94,333.37,4143.31,Discover,USD,SampleGen
18a215ce-05bf-4a2f-ae4d-d39f75c87851,Ski,S301276,CID-435,CA-1360,2025-08-08,Completed,809.97,70.87,880.84,PayPal,USD,SampleGen
84e216da-e9c7-4144-9773-36ab6b64486e,Ski,S301277,CID-435,CA-1360,2025-01-01,Cancelled,2599.98,227.5,2827.48,AmEx,USD,SampleGen
28597fd0-9b49-4af3-be40-790f77267c99,Ski,S301278,CID-435,CA-1360,2026-01-12,Completed,2959.96,259.0,3218.96,VISA,USD,SampleGen
b3dd00df-19fb-48a5-963c-27834b445f33,Ski,S301279,CID-436,CA-1361,2026-02-27,Cancelled,939.96,82.25,1022.21,Discover,USD,SampleGen
94a8784e-8c73-48d2-be49-715447010203,Ski,S301280,CID-436,CA-1361,2025-06-06,Shipped,79.99,7.0,86.99,Discover,USD,SampleGen
34c9904f-fab9-44a7-8ec3-a18cd3fe0150,Ski,S301281,CID-436,CA-1361,2025-04-12,Cancelled,1899.94,166.25,2066.19,AmEx,USD,SampleGen
10ebd5b2-3834-47c5-97eb-399e57cd2d13,Ski,S301282,CID-436,CA-1361,2025-07-20,Completed,379.98,33.24,413.22,AmEx,USD,SampleGen
fd3a03d7-8ddd-477f-aacf-28ab5b423e28,Ski,S301283,CID-436,CA-1361,2025-06-12,Shipped,1859.94,162.74,2022.68,AmEx,USD,SampleGen
31e11de0-ecf9-4cb4-9c5d-dec3bc1e25bc,Ski,S301284,CID-437,CA-1362,2025-08-10,Completed,2639.95,231.0,2870.95,AmEx,USD,SampleGen
5136fd99-8a43-4ee3-b707-f0b3e5db719f,Ski,S301285,CID-437,CA-1362,2026-04-12,Completed,189.99,16.62,206.61,MC,USD,SampleGen
7394fbfc-b430-416c-b17a-9c81f92e0551,Ski,S301286,CID-438,CA-1363,2025-06-23,Shipped,1219.96,106.74,1326.7,PayPal,USD,SampleGen
658ee5c3-1916-4399-954c-2bc77d13ca08,Ski,S301287,CID-438,CA-1363,2025-03-20,Completed,1879.96,164.5,2044.46,Discover,USD,SampleGen
96b96184-6612-4775-9b6e-cfe7be33ce4c,Ski,S301288,CID-438,CA-1363,2025-04-16,Completed,1449.93,126.87,1576.8,MC,USD,SampleGen
51723c8a-d979-4581-9112-d16cc6dd774e,Ski,S301289,CID-438,CA-1363,2025-11-09,Completed,1949.95,170.62,2120.57,PayPal,USD,SampleGen
44a47680-0b7c-4790-9308-1b1780b289c6,Ski,S301290,CID-438,CA-1363,2026-03-16,Completed,889.97,77.87,967.84,Discover,USD,SampleGen
7c4b513d-18e0-4bc8-bf31-b10dd5262bd1,Ski,S301291,CID-438,CA-1363,2025-10-22,Completed,4499.94,393.75,4893.69,MC,USD,SampleGen
f13e9b09-a1eb-4fa3-baa4-4e981ff0f097,Ski,S301292,CID-438,CA-1363,2025-11-15,Pending,119.99,10.5,130.49,MC,USD,SampleGen
396be539-d8f6-4000-8c74-8f1f198e3aec,Ski,S301293,CID-439,CA-1364,2026-01-02,Pending,1639.93,143.5,1783.43,VISA,USD,SampleGen
6236d6b8-6d30-4bd7-a856-7dc7e4b33f56,Ski,S301294,CID-439,CA-1364,2025-09-22,Pending,1599.94,140.0,1739.94,PayPal,USD,SampleGen
e14157ee-203f-49b5-aeaf-7ce8b6122ede,Ski,S301295,CID-439,CA-1364,2025-01-24,Completed,2199.95,192.5,2392.45,AmEx,USD,SampleGen
66b9560a-e88c-4d34-963a-fc64d3d7b1bc,Ski,S301296,CID-439,CA-1364,2025-08-05,Pending,239.98,21.0,260.98,AmEx,USD,SampleGen
adf5b0ec-d179-4eb3-9fae-eb47abb7b043,Ski,S301297,CID-439,CA-1364,2025-07-31,Completed,979.97,85.75,1065.72,AmEx,USD,SampleGen
06c5d051-ea40-4416-b9d0-819af20917d9,Ski,S301298,CID-439,CA-1364,2026-02-21,Completed,3199.95,280.0,3479.95,VISA,USD,SampleGen
230c7968-50fb-4fb4-9666-33a692c2cf4c,Ski,S301299,CID-439,CA-1364,2025-04-12,Completed,3749.94,328.12,4078.06,AmEx,USD,SampleGen
6560591e-88e8-4966-b384-905124597c81,Ski,S301300,CID-439,CA-1364,2025-04-25,Completed,539.97,47.25,587.22,MC,USD,SampleGen
f551902f-e0d8-4b98-9513-a4e3e7a7dc77,Ski,S301301,CID-440,CA-1365,2026-04-04,Completed,379.98,33.25,413.23,VISA,USD,SampleGen
b5a29d84-43df-4077-bae3-f6f7b6c12f7e,Ski,S301302,CID-441,CA-1366,2026-03-25,Completed,1479.94,129.5,1609.44,VISA,USD,SampleGen
bb318e82-4303-4c98-bae1-697ace3a8842,Ski,S301303,CID-441,CA-1366,2025-02-16,Completed,309.98,27.12,337.1,MC,USD,SampleGen
4a781365-dc96-468c-9abd-7ab150eb2edf,Ski,S301304,CID-441,CA-1366,2025-07-12,Cancelled,2564.95,224.43,2789.38,MC,USD,SampleGen
a394e5d4-d110-4568-84f5-9b1bf5af82ed,Ski,S301305,CID-441,CA-1366,2025-11-15,Completed,4399.95,385.0,4784.95,VISA,USD,SampleGen
6a25e640-6e8c-4fba-ac80-5456a8e56897,Ski,S301306,CID-442,CA-1367,2025-09-02,Completed,1159.98,101.5,1261.48,AmEx,USD,SampleGen
97f3869e-6da0-4880-9746-ce74ebe39858,Ski,S301307,CID-442,CA-1367,2025-02-22,Completed,1219.95,106.75,1326.7,MC,USD,SampleGen
e4ecf3b4-c45a-4c1a-b684-ec2d237e6233,Ski,S301308,CID-443,CA-1368,2025-02-11,Completed,4049.96,354.37,4404.33,MC,USD,SampleGen
0d9d6f87-c332-41ea-b7f7-c16d9abc33b0,Ski,S301309,CID-443,CA-1368,2025-12-11,Completed,5819.92,509.25,6329.17,AmEx,USD,SampleGen
ab70b181-dc82-4c4b-af11-cee61aa4f17f,Ski,S301310,CID-444,CA-1369,2026-03-30,Completed,1299.98,113.75,1413.73,AmEx,USD,SampleGen
5b58d6aa-3232-4b63-bb50-358a350cc8e3,Ski,S301311,CID-444,CA-1369,2025-05-21,Completed,379.98,33.24,413.22,VISA,USD,SampleGen
89efbc6a-ab39-43ce-affd-4f576c5ec703,Ski,S301312,CID-444,CA-1369,2025-11-06,Pending,2579.96,225.74,2805.7,MC,USD,SampleGen
88ac077d-48ca-439c-9c87-2a28f1922f17,Ski,S301313,CID-445,CA-1370,2025-10-10,Pending,399.99,35.0,434.99,AmEx,USD,SampleGen
be7ca6d0-95ac-4eee-9a4a-21cef71aec94,Ski,S301314,CID-445,CA-1370,2025-08-15,Completed,729.95,63.87,793.82,VISA,USD,SampleGen
24956182-8d65-44d5-8b61-8ef4a9c353e5,Ski,S301315,CID-445,CA-1370,2026-01-07,Completed,1299.99,113.75,1413.74,AmEx,USD,SampleGen
9c78fd8e-50bf-483d-be15-b4b230f78fb6,Ski,S301316,CID-445,CA-1370,2025-06-14,Pending,1299.98,113.75,1413.73,MC,USD,SampleGen
7652912d-9f00-41fb-91d1-630f54b19cc9,Ski,S301317,CID-446,CA-1371,2025-09-13,Pending,1519.94,133.0,1652.94,MC,USD,SampleGen
0f807f5a-4657-4391-9892-5b826e28ae29,Ski,S301318,CID-446,CA-1371,2025-06-16,Completed,1099.98,96.25,1196.23,Discover,USD,SampleGen
e2fd119d-8618-4b95-a497-142ad44cbb6d,Ski,S301319,CID-447,CA-1372,2025-11-21,Completed,599.98,52.5,652.48,VISA,USD,SampleGen
2f2a1ca9-b43d-4c52-a499-54596a1c35c8,Ski,S301320,CID-447,CA-1372,2026-01-20,Completed,579.99,50.75,630.74,VISA,USD,SampleGen
6f2f886b-5c5b-4971-bda5-468d477d0909,Ski,S301321,CID-448,CA-1373,2025-07-15,Completed,329.98,28.87,358.85,Discover,USD,SampleGen
bff98314-85b8-4163-aba2-613d659840df,Ski,S301322,CID-448,CA-1373,2025-12-03,Completed,3049.97,266.87,3316.84,MC,USD,SampleGen
b540af47-f93c-4a95-af6d-b5fb27235320,Ski,S301323,CID-449,CA-1374,2025-02-13,Completed,1279.97,112.0,1391.97,MC,USD,SampleGen
cfa321ef-1469-47b8-b94a-d4de66b6e9a3,Ski,S301324,CID-449,CA-1374,2025-05-14,Completed,839.98,73.49,913.47,VISA,USD,SampleGen
6d8283cb-2e93-45a8-a791-0228447038eb,Ski,S301325,CID-449,CA-1374,2025-06-09,Completed,1489.97,130.37,1620.34,AmEx,USD,SampleGen
4c5bb89a-fe19-48ba-92d8-8216298a6adf,Ski,S301326,CID-450,CA-1375,2025-05-23,Completed,959.96,84.0,1043.96,PayPal,USD,SampleGen
b71425b8-699d-43ed-a2f0-2d8c58f6d0df,Ski,S301327,CID-451,CA-1376,2025-10-28,Completed,3999.93,350.0,4349.93,AmEx,USD,SampleGen
8a08c4ff-d043-49e5-851a-0dac31c8b384,Ski,S301328,CID-451,CA-1376,2025-03-03,Cancelled,1049.98,91.87,1141.85,MC,USD,SampleGen
23b58256-5834-48c3-96d2-60277b241c57,Ski,S301329,CID-451,CA-1376,2025-01-06,Shipped,3299.95,288.75,3588.7,PayPal,USD,SampleGen
865a5f4a-41ea-4243-a16b-5dc441634002,Ski,S301330,CID-451,CA-1376,2025-02-16,Completed,1249.98,109.37,1359.35,AmEx,USD,SampleGen
8ee19462-ea2e-4c91-971f-6c88ce4f1676,Ski,S301331,CID-452,CA-1377,2025-12-08,Completed,3349.96,293.12,3643.08,Discover,USD,SampleGen
4d08d4b3-5577-4ace-a79c-63e68f7db1b0,Ski,S301332,CID-453,CA-1378,2025-09-22,Completed,79.99,7.0,86.99,Discover,USD,SampleGen
23c4b8c0-5b0b-478b-bcd9-c749a22777a5,Ski,S301333,CID-454,CA-1379,2025-06-24,Shipped,649.99,56.87,706.86,VISA,USD,SampleGen
1ad0ff6f-050d-4e0c-adcd-7a013b12f5f1,Ski,S301334,CID-455,CA-1380,2025-07-24,Completed,59.99,5.25,65.24,VISA,USD,SampleGen
871b76b1-fc28-4171-8acd-fcd308b2346f,Ski,S301335,CID-455,CA-1380,2026-02-28,Completed,989.94,86.61,1076.55,AmEx,USD,SampleGen
133c916b-728e-4a84-a0aa-e2885182004c,Ski,S301336,CID-456,CA-1381,2025-12-09,Completed,2599.96,227.49,2827.45,MC,USD,SampleGen
08db921f-2751-442f-8517-374cb881bb40,Ski,S301337,CID-456,CA-1381,2025-10-31,Completed,1159.98,101.5,1261.48,VISA,USD,SampleGen
6af1ea5a-630d-40dd-b3f4-c9a83a196007,Ski,S301338,CID-457,CA-1382,2025-03-15,Completed,1539.96,134.75,1674.71,VISA,USD,SampleGen
583d7cb9-7965-4a0e-b112-a35706eca419,Ski,S301339,CID-457,CA-1382,2025-10-27,Completed,339.97,29.75,369.72,Discover,USD,SampleGen
b1fb0a63-e2be-49ea-bd3f-b281f7fd9369,Ski,S301340,CID-457,CA-1382,2025-10-22,Completed,239.98,21.0,260.98,AmEx,USD,SampleGen
86bf6526-616e-4165-9d81-c9455edc384b,Ski,S301341,CID-457,CA-1382,2026-03-26,Completed,3009.93,263.37,3273.3,PayPal,USD,SampleGen
88159683-954e-474d-901b-26b53160eaf2,Ski,S301342,CID-458,CA-1383,2026-03-21,Completed,2399.94,210.0,2609.94,PayPal,USD,SampleGen
1d5fbf5f-7303-4a49-85e3-1a32422fde84,Ski,S301343,CID-458,CA-1383,2025-02-03,Completed,2599.97,227.5,2827.47,MC,USD,SampleGen
7eb9d8ce-cfc5-40ec-a21d-487f74f034a1,Ski,S301344,CID-458,CA-1383,2026-04-06,Completed,2139.94,187.24,2327.18,PayPal,USD,SampleGen
80086b1e-f988-49d4-bba2-6d78b18d53e1,Ski,S301345,CID-458,CA-1383,2025-02-09,Completed,2779.94,243.25,3023.19,VISA,USD,SampleGen
a5e694f7-e6c9-4820-9701-b598c2a399ce,Ski,S301346,CID-459,CA-1384,2025-07-22,Cancelled,1649.95,144.37,1794.32,VISA,USD,SampleGen
a762f3c6-157f-4fbc-9bd9-5c9c7ea85305,Ski,S301347,CID-459,CA-1384,2025-10-07,Completed,3129.95,273.87,3403.82,PayPal,USD,SampleGen
7c0c316c-8781-4cf0-8790-0af82e9c8375,Ski,S301348,CID-459,CA-1384,2026-01-03,Pending,1199.98,104.99,1304.97,PayPal,USD,SampleGen
8b23eb5d-fb16-4065-b962-17fa0e9317a7,Ski,S301349,CID-459,CA-1384,2025-02-01,Completed,3199.95,280.0,3479.95,VISA,USD,SampleGen
28ed46ea-dfc6-46d4-b60c-37f5efd77e2e,Ski,S301350,CID-459,CA-1384,2026-03-14,Pending,2339.94,204.75,2544.69,VISA,USD,SampleGen
546fe619-c0b4-414e-bedc-24d65c9cf763,Ski,S301351,CID-460,CA-1385,2026-04-29,Completed,959.95,84.0,1043.95,MC,USD,SampleGen
1c1487b4-ad8a-4051-b476-e0b29d4175e4,Ski,S301352,CID-460,CA-1385,2026-04-25,Completed,5099.94,446.25,5546.19,AmEx,USD,SampleGen
7e584327-317b-431e-803e-8070da8578f0,Ski,S301353,CID-461,CA-1386,2025-02-26,Completed,2399.95,209.99,2609.94,VISA,USD,SampleGen
6c70b53a-ac01-4c50-b4cc-2ebfdf610c17,Ski,S301354,CID-462,CA-1387,2025-12-01,Completed,2699.96,236.25,2936.21,MC,USD,SampleGen
e788dbeb-6718-42a2-ab60-ffa203652834,Ski,S301355,CID-463,CA-1388,2025-03-22,Completed,759.96,66.5,826.46,VISA,USD,SampleGen
e4d9923f-f264-406e-a926-a7186a4fb809,Ski,S301356,CID-463,CA-1388,2025-07-22,Pending,679.96,59.5,739.46,MC,USD,SampleGen
63792fff-9ae4-467e-99b7-333e919ed853,Ski,S301357,CID-463,CA-1388,2026-03-09,Completed,479.97,42.0,521.97,PayPal,USD,SampleGen
b859c68d-d241-4966-b608-557d00bbcfd7,Ski,S301358,CID-464,CA-1389,2026-01-07,Completed,2299.94,201.25,2501.19,AmEx,USD,SampleGen
59513cc1-8eae-4c72-bc06-497097b9845c,Ski,S301359,CID-464,CA-1389,2026-01-01,Completed,899.98,78.75,978.73,PayPal,USD,SampleGen
cfbe4034-36eb-487f-93c2-44495231a5a3,Ski,S301360,CID-464,CA-1389,2025-02-21,Pending,399.99,35.0,434.99,MC,USD,SampleGen
13498ee0-d1f1-4e6c-bf5c-5d67914230cc,Ski,S301361,CID-465,CA-1390,2025-03-02,Completed,1539.97,134.75,1674.72,Discover,USD,SampleGen
32926b9b-3924-4b5b-8097-4b7d572f8873,Ski,S301362,CID-465,CA-1390,2025-03-26,Pending,1019.95,89.25,1109.2,MC,USD,SampleGen
a356689d-f28b-4f59-ac54-d8f0f9d9dcb7,Ski,S301363,CID-466,CA-1391,2025-02-16,Shipped,1019.97,89.25,1109.22,Discover,USD,SampleGen
58589dda-c321-4761-9dc3-5e7b5f0f955d,Ski,S301364,CID-466,CA-1391,2025-11-04,Completed,3619.94,316.75,3936.69,AmEx,USD,SampleGen
9419e50b-63a8-4150-aca0-1f6bb685735d,Ski,S301365,CID-466,CA-1391,2025-05-26,Completed,3499.94,306.25,3806.19,PayPal,USD,SampleGen
5f2b7685-dd86-4725-a0f4-d26ddb14d63d,Ski,S301366,CID-467,CA-1392,2025-08-08,Completed,2214.95,193.81,2408.76,AmEx,USD,SampleGen
5cd96683-beeb-4acc-bb99-6b835a77debe,Ski,S301367,CID-467,CA-1392,2025-10-22,Completed,799.98,70.0,869.98,AmEx,USD,SampleGen
612aeaca-b9d6-4744-8561-699f4d0a57b0,Ski,S301368,CID-468,CA-1393,2025-06-24,Completed,609.97,53.37,663.34,MC,USD,SampleGen
af59c398-ca48-4c9c-af1a-bc0dd277e519,Ski,S301369,CID-468,CA-1393,2025-02-15,Completed,2379.96,208.25,2588.21,AmEx,USD,SampleGen
9e5115dc-92f8-4cf7-88ee-299d58e0cc36,Ski,S301370,CID-469,CA-1394,2026-02-10,Completed,1909.94,167.12,2077.06,MC,USD,SampleGen
3ec67c1d-fbe1-4523-a3f6-d29518f40661,Ski,S301371,CID-469,CA-1394,2025-03-06,Completed,1179.96,103.25,1283.21,MC,USD,SampleGen
8a80eaa2-3bb7-4151-9c43-b21495eed785,Ski,S301372,CID-469,CA-1394,2025-10-13,Completed,1099.98,96.25,1196.23,VISA,USD,SampleGen
a4c13db5-c6d4-4ede-934b-239b16fa40b3,Ski,S301373,CID-470,CA-1395,2025-02-03,Completed,3349.95,293.12,3643.07,AmEx,USD,SampleGen
435a228e-f05b-453f-8e21-147e8f1ef7b5,Ski,S301374,CID-471,CA-1396,2026-02-18,Completed,649.99,56.87,706.86,AmEx,USD,SampleGen
346bdf53-b121-4e4b-a53b-5be2e5d26a4c,Ski,S301375,CID-472,CA-1397,2025-08-12,Shipped,619.96,54.25,674.21,VISA,USD,SampleGen
5301fb6e-1903-4e6e-b0da-29f857ba3077,Ski,S301376,CID-473,CA-1398,2026-03-26,Pending,669.95,58.62,728.57,VISA,USD,SampleGen
4d75bab7-4c2e-47a2-8754-e14a6dc9da56,Ski,S301377,CID-473,CA-1398,2025-07-14,Cancelled,619.97,54.25,674.22,VISA,USD,SampleGen
0c94b226-1f7d-4ccc-8c80-661a6cf55ddd,Ski,S301378,CID-474,CA-1399,2025-02-22,Completed,299.99,26.25,326.24,MC,USD,SampleGen
e9983b21-9b37-4b97-91a7-e0aeec04f2bc,Ski,S301379,CID-474,CA-1399,2026-04-15,Shipped,599.98,52.5,652.48,VISA,USD,SampleGen
9e218cda-b38e-4fc1-9e47-8eb75f3cb7e7,Ski,S301380,CID-474,CA-1399,2025-04-08,Cancelled,1729.94,151.37,1881.31,MC,USD,SampleGen
15f7af74-bd29-4b12-be3c-56b5481fbdd8,Ski,S301381,CID-474,CA-1399,2025-11-14,Completed,499.98,43.74,543.72,MC,USD,SampleGen
23618fc3-71c4-41ef-a45a-23c1703f6afd,Ski,S301382,CID-474,CA-1399,2025-09-12,Pending,1399.96,122.5,1522.46,PayPal,USD,SampleGen
27078bb0-8bdd-4b66-8563-da4b1e6cdb0f,Ski,S301383,CID-474,CA-1399,2025-10-08,Completed,1799.98,157.5,1957.48,PayPal,USD,SampleGen
1a530ac0-763a-412f-84bd-2f83864b72b0,Ski,S301384,CID-474,CA-1399,2025-11-23,Completed,129.99,11.37,141.36,MC,USD,SampleGen
cb527eea-c535-4689-9a4a-042fdb7de131,Ski,S301385,CID-474,CA-1399,2025-10-16,Shipped,3679.95,322.0,4001.95,VISA,USD,SampleGen
e7d58cc4-aa44-4e7f-bb18-e6bda695657c,Ski,S301386,CID-475,CA-1400,2026-03-11,Completed,1549.97,135.62,1685.59,PayPal,USD,SampleGen
6919c272-7caf-4de6-88a8-c7529213ccf7,Ski,S301387,CID-476,CA-1401,2025-11-20,Completed,1399.96,122.5,1522.46,AmEx,USD,SampleGen
3cc852b4-5843-4aba-8718-02c529466a14,Ski,S301388,CID-477,CA-1402,2025-04-12,Completed,179.99,15.75,195.74,VISA,USD,SampleGen
6f672a3e-a5fb-42b3-8fc8-6f4ef863a972,Ski,S301389,CID-477,CA-1402,2026-01-31,Completed,2349.93,205.62,2555.55,PayPal,USD,SampleGen
cefaf24b-d2a1-4d33-b95f-df12aa45bdcd,Ski,S301390,CID-477,CA-1402,2025-09-08,Pending,2599.98,227.5,2827.48,MC,USD,SampleGen
b32b2fce-789a-483e-8d26-7a68c537391c,Ski,S301391,CID-478,CA-1403,2025-01-24,Pending,3619.93,316.75,3936.68,MC,USD,SampleGen
89bf13d3-1a29-464f-b4b9-d92539684949,Ski,S301392,CID-478,CA-1403,2025-06-13,Completed,3599.94,314.99,3914.93,VISA,USD,SampleGen
54f81d7c-3351-4b28-b28d-b0ddd26d6a8e,Ski,S301393,CID-478,CA-1403,2026-01-26,Completed,3759.94,329.0,4088.94,AmEx,USD,SampleGen
cc45b16a-a6bb-40c8-a46f-f41df68d177f,Ski,S301394,CID-479,CA-1404,2025-04-15,Completed,2049.95,179.37,2229.32,PayPal,USD,SampleGen
e6968bf1-28f4-411a-a4b3-99dbf41365eb,Ski,S301395,CID-479,CA-1404,2025-10-04,Completed,1359.94,119.0,1478.94,MC,USD,SampleGen
ea5aa87e-cc0a-4ca3-93b8-d47ee9c15ddc,Ski,S301396,CID-480,CA-1405,2025-02-19,Completed,3159.94,276.5,3436.44,MC,USD,SampleGen
2133301f-ac1b-47b9-adb6-47a27e285d7f,Ski,S301397,CID-480,CA-1405,2025-02-13,Completed,599.98,52.5,652.48,AmEx,USD,SampleGen
cba57447-2485-444d-a30d-110f5aec810b,Ski,S301398,CID-481,CA-1406,2025-04-04,Completed,249.99,21.87,271.86,Discover,USD,SampleGen
4b5de1a6-6325-429d-ba2b-05d83b883ed8,Ski,S301399,CID-481,CA-1406,2026-02-13,Completed,1814.97,158.81,1973.78,MC,USD,SampleGen
d98e1195-72cb-42e2-94ef-873ce37f8bd6,Ski,S301400,CID-481,CA-1406,2025-01-07,Completed,1349.97,118.11,1468.08,MC,USD,SampleGen
57206365-0a1c-4cc2-8c4c-cb0fbcdb5a2f,Ski,S301401,CID-482,CA-1407,2025-07-26,Completed,159.98,14.0,173.98,AmEx,USD,SampleGen
40ef87c4-090e-4da0-b8ad-6d2fde7d56ca,Ski,S301402,CID-482,CA-1407,2026-03-16,Completed,689.97,60.37,750.34,Discover,USD,SampleGen
bf44c01f-ca23-4a74-8cd2-dace8e1ce37f,Ski,S301403,CID-483,CA-1408,2026-02-02,Cancelled,2349.95,205.62,2555.57,Discover,USD,SampleGen
d304f548-5a07-47fb-b2eb-3221b94a0d32,Ski,S301404,CID-483,CA-1408,2025-10-26,Completed,2599.98,227.5,2827.48,Discover,USD,SampleGen
8a1a0380-3956-4a86-b8c0-25a15e07607c,Ski,S301405,CID-484,CA-1409,2025-07-27,Completed,189.99,16.62,206.61,VISA,USD,SampleGen
f8e59159-ef45-4a0b-bb25-cfdda5402645,Ski,S301406,CID-484,CA-1409,2025-09-15,Completed,399.99,35.0,434.99,MC,USD,SampleGen
3e817cc3-54fa-4edc-886b-fa0fa97ef48c,Ski,S301407,CID-484,CA-1409,2025-07-14,Cancelled,459.97,40.25,500.22,MC,USD,SampleGen
fdf0c89c-f11a-403b-8336-d7fcafa24763,Ski,S301408,CID-485,CA-1410,2026-01-31,Completed,2609.96,228.37,2838.33,VISA,USD,SampleGen
2256d4f3-51ec-4e3b-93ba-390d87c1f65b,Ski,S301409,CID-487,CA-1412,2025-07-01,Completed,379.98,33.25,413.23,VISA,USD,SampleGen
e503597d-dbf5-4b0b-9a24-7bda66053e61,Ski,S301410,CID-487,CA-1412,2026-04-04,Completed,1539.97,134.75,1674.72,AmEx,USD,SampleGen
27e37dd5-8c0d-49fd-8e8a-00520ad19590,Ski,S301411,CID-488,CA-1413,2025-12-09,Completed,989.96,86.62,1076.58,AmEx,USD,SampleGen
161c3375-e003-4da8-8cf1-b724d08c1cfa,Ski,S301412,CID-489,CA-1414,2025-01-15,Completed,1949.95,170.62,2120.57,VISA,USD,SampleGen
2e72e1b0-f1e3-4be4-aa0d-9c7d0bac2961,Ski,S301413,CID-489,CA-1414,2025-08-17,Completed,779.97,68.25,848.22,MC,USD,SampleGen
536428bc-4f13-4017-a57b-f858dc18180c,Ski,S301414,CID-490,CA-1415,2025-12-31,Completed,1299.98,113.75,1413.73,VISA,USD,SampleGen
de286eaa-b08d-42ee-8b29-229048035ccc,Ski,S301415,CID-490,CA-1415,2025-11-23,Cancelled,1029.98,90.12,1120.1,VISA,USD,SampleGen
0e171602-b682-4221-8092-23d57428eb2d,Ski,S301416,CID-490,CA-1415,2025-03-06,Completed,2759.96,241.5,3001.46,MC,USD,SampleGen
99488707-a497-476c-b2a2-e94b3d0a7332,Ski,S301417,CID-490,CA-1415,2025-03-16,Completed,3409.94,298.37,3708.31,Discover,USD,SampleGen
fee1d30c-c223-48e6-ac9f-e4d983ff3edd,Ski,S301418,CID-490,CA-1415,2026-02-22,Completed,2099.96,183.75,2283.71,AmEx,USD,SampleGen
d303aeae-16f9-4742-9d24-c027e2d630e1,Ski,S301419,CID-490,CA-1415,2025-07-30,Completed,1599.98,140.0,1739.98,PayPal,USD,SampleGen
c677aa2d-b9d0-4851-912b-2d75b537a28c,Ski,S301420,CID-490,CA-1415,2025-12-20,Completed,759.96,66.5,826.46,PayPal,USD,SampleGen
88951f06-caba-4a71-8d24-33f90fbcfbb3,Ski,S301421,CID-490,CA-1415,2025-04-01,Completed,3089.93,270.37,3360.3,VISA,USD,SampleGen
ffd117b3-4805-4634-9583-548d6f660780,Ski,S301422,CID-491,CA-1416,2025-06-24,Shipped,3519.95,308.0,3827.95,MC,USD,SampleGen
c33645db-6838-4634-9664-774a41e86cdd,Ski,S301423,CID-491,CA-1416,2025-11-03,Shipped,79.99,7.0,86.99,Discover,USD,SampleGen
cab3c794-33a2-495f-a76c-222b2dfd11a2,Ski,S301424,CID-492,CA-1417,2025-05-03,Completed,159.99,14.0,173.99,VISA,USD,SampleGen
b96113b5-eccb-4dbd-b345-4e91e8daf1df,Ski,S301425,CID-492,CA-1417,2026-01-14,Completed,5199.93,455.0,5654.93,AmEx,USD,SampleGen
54bee324-2e53-4630-915a-ab630239d234,Ski,S301426,CID-492,CA-1417,2026-04-07,Completed,1019.94,89.25,1109.19,VISA,USD,SampleGen
fa629724-053a-4f90-a2a4-d721b8f41934,Ski,S301427,CID-493,CA-1418,2025-01-21,Completed,949.97,83.12,1033.09,VISA,USD,SampleGen
4ff6fbcd-bf9c-4904-b5ef-e8d8506194bb,Ski,S301428,CID-493,CA-1418,2025-03-30,Completed,1139.95,99.74,1239.69,PayPal,USD,SampleGen
e1c82e6c-a03f-4b91-bb38-9b2e16a83c4f,Ski,S301429,CID-494,CA-1419,2026-02-16,Completed,3999.95,350.0,4349.95,VISA,USD,SampleGen
97aff666-1a90-401b-830d-a8f5d0ec7879,Ski,S301430,CID-494,CA-1419,2026-01-09,Completed,3049.96,266.87,3316.83,MC,USD,SampleGen
49ea6bc1-1127-4c8d-a5e1-2210a87dc2aa,Ski,S301431,CID-495,CA-1420,2025-09-03,Cancelled,2499.93,218.75,2718.68,PayPal,USD,SampleGen
4238afd7-16d8-462a-ba63-4e861c0f8f35,Ski,S301432,CID-495,CA-1420,2025-01-21,Shipped,4649.95,406.87,5056.82,VISA,USD,SampleGen
780187d7-dfe9-472d-bb47-6d96df2201a0,Ski,S301433,CID-495,CA-1420,2025-04-02,Completed,559.96,49.0,608.96,MC,USD,SampleGen
b81e3dc4-b8c9-40e4-ac33-ce1245827924,Ski,S301434,CID-495,CA-1420,2025-06-23,Completed,879.96,77.0,956.96,AmEx,USD,SampleGen
b529827b-40c1-4c3d-8af5-35b48d6de46e,Ski,S301435,CID-496,CA-1421,2025-02-24,Completed,399.99,35.0,434.99,VISA,USD,SampleGen
11223082-5c59-4fd1-a430-2b26a0c5a557,Ski,S301436,CID-496,CA-1421,2025-04-10,Completed,3619.95,316.75,3936.7,AmEx,USD,SampleGen
1847fc0a-83eb-4dfd-8891-dbc70fc3aac6,Ski,S301437,CID-497,CA-1422,2025-09-26,Completed,449.97,39.37,489.34,VISA,USD,SampleGen
ae678cc4-1c78-417e-9906-0320322e3185,Ski,S301438,CID-497,CA-1422,2025-01-30,Completed,449.99,39.37,489.36,VISA,USD,SampleGen
7b15dadb-6122-4ce7-b0de-0eff1aac61a7,Ski,S301439,CID-498,CA-1423,2025-01-24,Completed,2559.95,224.0,2783.95,AmEx,USD,SampleGen
eb1b81fc-8c17-4de4-8a45-ce13f1e5f1f3,Ski,S301440,CID-498,CA-1423,2025-05-05,Completed,2339.93,204.75,2544.68,VISA,USD,SampleGen
444ec66a-a370-4fcd-bf57-5784dbd65a6d,Ski,S301441,CID-499,CA-1424,2025-08-04,Completed,1269.94,111.12,1381.06,AmEx,USD,SampleGen
8d38e08a-5f48-43fd-bf97-3f7cee7094ed,Ski,S301442,CID-501,CA-1426,2026-04-19,Completed,249.99,21.87,271.86,VISA,USD,SampleGen
6b957330-f008-40a2-8229-56841c36249f,Ski,S301443,CID-501,CA-1426,2026-02-23,Completed,799.98,70.0,869.98,VISA,USD,SampleGen
699ecd80-3061-4734-908f-4ea0efb52c88,Ski,S301444,CID-502,CA-1427,2025-05-11,Shipped,729.98,63.87,793.85,VISA,USD,SampleGen
e8f71bd1-237b-40ed-a34f-331d5768a9d9,Ski,S301445,CID-502,CA-1427,2025-11-29,Completed,499.98,43.75,543.73,VISA,USD,SampleGen
5086bcb4-895e-4f8d-9b2d-a6e9e688b724,Ski,S301446,CID-503,CA-1428,2025-08-30,Completed,2949.93,258.12,3208.05,AmEx,USD,SampleGen
10402b0f-338a-4876-be84-2fa53a799eda,Ski,S301447,CID-503,CA-1428,2026-03-11,Completed,3199.96,280.0,3479.96,MC,USD,SampleGen
262fe86f-8243-46cc-8294-46547f7ba333,Ski,S301448,CID-503,CA-1428,2025-02-03,Completed,2599.92,227.5,2827.42,AmEx,USD,SampleGen
dfcc809e-49ad-4b86-b7e9-9e8862a2592b,Ski,S301449,CID-503,CA-1428,2026-01-20,Completed,4119.92,360.5,4480.42,VISA,USD,SampleGen
23141b90-8160-4590-94a7-cea1547ea416,Ski,S301450,CID-503,CA-1428,2025-09-20,Cancelled,289.97,25.37,315.34,VISA,USD,SampleGen
68895a04-c109-46dc-89a1-4ce82aa9a94f,Ski,S301451,CID-503,CA-1428,2025-09-19,Completed,1839.94,161.0,2000.94,PayPal,USD,SampleGen
07cf7122-2871-478a-be8e-3d1c501ed33b,Ski,S301452,CID-503,CA-1428,2025-12-19,Completed,2179.94,190.75,2370.69,Discover,USD,SampleGen
a756dc89-348b-4aae-90fa-5189cedfa212,Ski,S301453,CID-504,CA-1429,2025-05-13,Completed,689.95,60.37,750.32,VISA,USD,SampleGen
7b65e209-7276-4c31-a536-da2fb5777004,Ski,S301454,CID-504,CA-1429,2025-02-13,Completed,1649.95,144.37,1794.32,AmEx,USD,SampleGen
1d3364ee-d0bc-4fd7-9dd6-63810807918f,Ski,S301455,CID-504,CA-1429,2025-01-07,Completed,3349.96,293.12,3643.08,MC,USD,SampleGen
6646b99c-a0b9-48d7-8a48-e5adbaac51f7,Ski,S301456,CID-504,CA-1429,2025-12-23,Completed,5499.92,481.25,5981.17,AmEx,USD,SampleGen
15558d1e-d0ba-4427-8dd5-091907340881,Ski,S301457,CID-504,CA-1429,2026-04-03,Completed,239.97,21.0,260.97,AmEx,USD,SampleGen
6bde6474-ff2f-4c0c-927b-358b6ffe6d75,Ski,S301458,CID-505,CA-1430,2025-02-07,Completed,3439.94,301.0,3740.94,Discover,USD,SampleGen
0b43f420-2ca0-4dfc-b9ce-7ed4045e78cc,Ski,S301459,CID-505,CA-1430,2025-05-24,Completed,2149.94,188.12,2338.06,MC,USD,SampleGen
3f50c559-d86a-49ec-b4d9-ec4145a9108c,Ski,S301460,CID-506,CA-1431,2025-06-01,Completed,999.94,87.5,1087.44,MC,USD,SampleGen
310db1d8-7912-4032-befc-8a7e7c562860,Ski,S301461,CID-506,CA-1431,2025-02-24,Completed,199.98,17.5,217.48,PayPal,USD,SampleGen
18b34909-626b-4d4d-89ce-692f30bceba2,Ski,S301462,CID-506,CA-1431,2025-11-16,Pending,2189.95,191.62,2381.57,Discover,USD,SampleGen
f2bdde95-3b20-42d0-b771-351b0ac68500,Ski,S301463,CID-506,CA-1431,2025-11-06,Completed,1599.96,140.0,1739.96,MC,USD,SampleGen
530ebc7b-12b4-4747-a4a2-179801d916bd,Ski,S301464,CID-506,CA-1431,2025-07-25,Completed,119.99,10.5,130.49,VISA,USD,SampleGen
b358e1dc-f6b4-484c-aa08-9c04f332b0c0,Ski,S301465,CID-506,CA-1431,2025-11-29,Completed,3009.93,263.37,3273.3,PayPal,USD,SampleGen
27f9a506-2b04-45f0-8655-df92c702beb8,Ski,S301466,CID-507,CA-1432,2025-11-25,Completed,3829.92,335.12,4165.04,AmEx,USD,SampleGen
ac8c63ca-483f-4589-9a27-16592aa10832,Ski,S301467,CID-508,CA-1433,2025-01-04,Completed,4249.94,371.87,4621.81,Discover,USD,SampleGen
b43d7334-b833-4cbd-bcca-2464db9e8d46,Ski,S301468,CID-508,CA-1433,2025-03-13,Completed,379.97,33.25,413.22,Discover,USD,SampleGen
80868fed-cb7b-458f-a263-8ffcb3477384,Ski,S301469,CID-508,CA-1433,2025-03-09,Completed,2159.95,189.0,2348.95,AmEx,USD,SampleGen
dae0aaf0-b3bd-4acd-b86c-4d81a8109fee,Ski,S301470,CID-508,CA-1433,2025-02-24,Cancelled,6899.93,603.75,7503.68,AmEx,USD,SampleGen
387f7f01-99f5-4127-9e14-d21f91b01247,Ski,S301471,CID-508,CA-1433,2025-01-06,Pending,979.97,85.75,1065.72,VISA,USD,SampleGen
7f682464-25dc-41eb-b018-976e01882f35,Ski,S301472,CID-508,CA-1433,2026-02-20,Completed,519.96,45.49,565.45,VISA,USD,SampleGen
4cf8f0ad-ce70-4ce2-9afc-3149c3971bd2,Ski,S301473,CID-508,CA-1433,2025-10-28,Shipped,2549.95,223.12,2773.07,VISA,USD,SampleGen
fbc891cd-d52c-4996-a6e2-e17e11ffa237,Ski,S301474,CID-508,CA-1433,2025-10-16,Pending,2139.95,187.25,2327.2,AmEx,USD,SampleGen
e45e9442-e574-4c0c-bdb7-f999d136d3eb,Ski,S301475,CID-508,CA-1433,2025-10-14,Completed,1849.97,161.87,2011.84,PayPal,USD,SampleGen
8dc5bfe6-3aa6-4813-88ab-d36c35383c20,Ski,S301476,CID-509,CA-1434,2026-02-11,Completed,2059.96,180.24,2240.2,VISA,USD,SampleGen
0a1996c3-5f19-4bd5-9079-ada45880dcef,Ski,S301477,CID-510,CA-1435,2025-05-24,Completed,629.97,55.12,685.09,VISA,USD,SampleGen
71a45cac-8c9e-417b-9c38-e73da8506351,Ski,S301478,CID-510,CA-1435,2025-03-18,Completed,3999.94,350.0,4349.94,AmEx,USD,SampleGen
0fd2cac0-f298-42a0-96b3-184e0a589c53,Ski,S301479,CID-510,CA-1435,2025-08-24,Completed,2159.96,188.99,2348.95,VISA,USD,SampleGen
f4378d3b-535d-4dec-a92d-3f4bf44cec16,Ski,S301480,CID-510,CA-1435,2026-04-23,Cancelled,579.99,50.75,630.74,MC,USD,SampleGen
a9c0fdfe-d5a2-4c5d-ba9b-b403eb36dd49,Ski,S301481,CID-510,CA-1435,2025-05-10,Shipped,1519.95,133.0,1652.95,VISA,USD,SampleGen
f71a06e9-6a84-4512-bfb2-47557538b022,Ski,S301482,CID-510,CA-1435,2025-03-20,Completed,379.98,33.25,413.23,MC,USD,SampleGen
bb5b4f1d-eeb7-4f1d-b128-a2b32ffa4a5d,Ski,S301483,CID-510,CA-1435,2026-02-18,Completed,1299.99,113.75,1413.74,PayPal,USD,SampleGen
219eec45-345b-4652-9852-fd03fa4aae0a,Ski,S301484,CID-510,CA-1435,2025-09-21,Completed,129.99,11.37,141.36,MC,USD,SampleGen
f028b705-9c42-4734-a967-44509adee69e,Ski,S301485,CID-510,CA-1435,2026-01-15,Pending,299.99,26.25,326.24,PayPal,USD,SampleGen
1221687e-b7d5-4fdf-b77d-36abf29e2021,Ski,S301486,CID-510,CA-1435,2025-10-06,Completed,599.98,52.5,652.48,AmEx,USD,SampleGen
a6ed5f99-4bd8-4f84-bd8d-95ba8c6388bd,Ski,S301487,CID-510,CA-1435,2026-03-10,Pending,3549.93,310.62,3860.55,AmEx,USD,SampleGen
9cb08983-5c9a-4553-87db-55e43364e78f,Ski,S301488,CID-510,CA-1435,2025-10-08,Completed,2199.96,192.5,2392.46,AmEx,USD,SampleGen
35ec7f22-7132-493a-a5e8-5b3baef76b05,Ski,S301489,CID-511,CA-1436,2025-05-15,Cancelled,919.95,80.5,1000.45,VISA,USD,SampleGen
04416d3e-09b8-4c80-81ab-d45f76a64ae2,Ski,S301490,CID-511,CA-1436,2025-10-18,Completed,1749.95,153.11,1903.06,MC,USD,SampleGen
b51fe0ff-b700-4642-81ed-0de43eba33e4,Ski,S301491,CID-511,CA-1436,2025-01-27,Completed,279.98,24.49,304.47,Discover,USD,SampleGen
eaa75eee-794d-42b1-a720-fd33ecdfb1ae,Ski,S301492,CID-511,CA-1436,2025-07-17,Pending,1839.94,161.0,2000.94,AmEx,USD,SampleGen
0c7f667e-f1cb-4739-b5a8-cc62f60ed173,Ski,S301493,CID-511,CA-1436,2026-03-01,Completed,1299.97,113.75,1413.72,PayPal,USD,SampleGen
1dc9657a-7a62-4ca8-b49d-3c1c33eb8358,Ski,S301494,CID-512,CA-1437,2025-10-23,Pending,2249.94,196.87,2446.81,MC,USD,SampleGen
5cf01287-eb02-4bbd-9760-e4317950ad02,Ski,S301495,CID-512,CA-1437,2025-03-17,Completed,1799.94,157.5,1957.44,MC,USD,SampleGen
6c3619c6-691c-4381-9a03-de9b925cf997,Ski,S301496,CID-512,CA-1437,2025-08-04,Pending,549.96,48.12,598.08,VISA,USD,SampleGen
8a3078dd-4548-4571-aee3-5d861b8754f1,Ski,S301497,CID-512,CA-1437,2025-04-12,Completed,2089.95,182.87,2272.82,PayPal,USD,SampleGen
b4432d31-84ad-44fc-adbe-4ff6b2baeb43,Ski,S301498,CID-512,CA-1437,2025-10-11,Completed,649.99,56.87,706.86,AmEx,USD,SampleGen
8cdfb058-fea2-4b97-9fb0-ef0a1d8289bd,Ski,S301499,CID-513,CA-1438,2025-11-13,Shipped,1449.96,126.86,1576.82,VISA,USD,SampleGen
