TransactionID,ProductID,WarehouseID,TransactionType,TransactionDate,Quantity,UnitCost,TotalValue,ReferenceNumber,ReasonCode,StockBefore,StockAfter,ProcessedBy,Notes,CreatedBy,CreatedDate
1,1543,1,Sale,2025-12-11,-15,65.36,980.4,SO-17766,Customer Sale,15,0,warehouse1,Transaction processed for WH_100 location,system,2025-12-11
2,1532,1,Adjustment,2025-12-28,15,67.64,1014.6,ADJ-2,System Correction,152,167,warehouse2,Transaction processed for WH_100 location,system,2025-12-28
3,3021,1,Sale,2025-11-19,-27,270.38,7300.26,SO-67474,Customer Sale,27,0,system,Transaction processed for WH_100 location,system,2025-11-19
4,3092,1,Sale,2025-07-19,-16,540.11,8641.76,SO-39410,Customer Sale,228,212,warehouse1,Transaction processed for WH_100 location,system,2025-07-19
5,2121,1,Sale,2025-09-28,-23,31.62,727.26,SO-54732,Customer Sale,48,25,system,Transaction processed for WH_100 location,system,2025-09-28
6,1553,1,Receipt,2025-08-06,63,90.1,5676.3,PO-2941,Purchase Order Receipt,175,238,warehouse1,Transaction processed for WH_100 location,system,2025-08-06
7,1522,2,Sale,2026-02-07,-19,163.1,3098.9,SO-17299,Customer Sale,19,0,system,Transaction processed for Backup location,system,2026-02-07
8,2081,2,Sale,2025-11-01,-14,25.3,354.2,SO-30843,Customer Sale,153,139,warehouse2,Transaction processed for WH_200 location,system,2025-11-01
9,1553,1,Adjustment,2025-07-20,-20,91.38,1827.6,ADJ-9,System Correction,198,178,system,Transaction processed for WH_100 location,system,2025-07-20
10,3033,1,Receipt,2025-10-08,61,410.44,25036.84,PO-4370,Purchase Order Receipt,167,228,warehouse1,Transaction processed for WH_100 location,system,2025-10-08
11,3062,3,Receipt,2026-03-01,81,90.5,7330.5,PO-8783,Purchase Order Receipt,16,97,warehouse2,Transaction processed for WH_500 location,system,2026-03-01
12,2051,2,Damage,2026-01-02,-9,16.44,147.96,DMG-12,Shipping Damage,76,67,warehouse1,Transaction processed for Backup location,system,2026-01-02
13,1522,1,Receipt,2026-04-14,114,156.89,17885.46,PO-6442,Purchase Order Receipt,173,287,system,Transaction processed for WH_100 location,system,2026-04-14
14,3022,1,Transfer,2025-11-06,-47,352.53,16568.91,TRF-6429,Warehouse Transfer,80,33,system,Transaction processed for WH_100 location,system,2025-11-06
15,3092,1,Sale,2026-03-25,-25,540.11,13502.75,SO-27697,Customer Sale,267,242,warehouse2,Transaction processed for WH_100 location,system,2026-03-25
16,1553,1,Sale,2026-04-09,-41,91.38,3746.58,SO-42687,Customer Sale,235,194,warehouse1,Transaction processed for WH_100 location,system,2026-04-09
17,3062,3,Sale,2025-11-01,-9,88.18,793.62,SO-14847,Customer Sale,9,0,system,Transaction processed for WH_500 location,system,2025-11-01
18,3082,1,Sale,2025-07-22,-35,84.82,2968.7,SO-64552,Customer Sale,35,0,warehouse2,Transaction processed for WH_100 location,system,2025-07-22
19,1543,1,Sale,2025-08-21,-32,65.36,2091.52,SO-39356,Customer Sale,42,10,system,Transaction processed for WH_100 location,system,2025-08-21
20,3011,1,Sale,2026-03-18,-32,968.68,30997.76,SO-98513,Customer Sale,232,200,warehouse2,Transaction processed for WH_100 location,system,2026-03-18
21,2071,1,Receipt,2026-01-10,43,22.94,986.42,PO-3530,Purchase Order Receipt,16,59,warehouse1,Transaction processed for WH_100 location,system,2026-01-10
22,3101,1,Sale,2026-02-22,-4,114.44,457.76,SO-61297,Customer Sale,4,0,warehouse1,Transaction processed for WH_100 location,system,2026-02-22
23,1571,1,Sale,2025-07-15,-47,109.65,5153.55,SO-21320,Customer Sale,286,239,system,Transaction processed for WH_100 location,system,2025-07-15
24,2011,2,Receipt,2025-07-07,184,129.23,23778.32,PO-5320,Purchase Order Receipt,96,280,system,Transaction processed for Backup location,system,2025-07-07
25,1553,2,Sale,2025-12-24,-31,91.38,2832.78,SO-81127,Customer Sale,133,102,warehouse2,Transaction processed for Backup location,system,2025-12-24
26,1512,1,Sale,2026-02-12,-3,219.21,657.63,SO-52210,Customer Sale,3,0,system,Transaction processed for WH_100 location,system,2026-02-12
27,3103,1,Sale,2026-02-06,-48,180.33,8655.84,SO-38726,Customer Sale,67,19,warehouse2,Transaction processed for WH_100 location,system,2026-02-06
28,3091,2,Sale,2025-09-27,-26,456.94,11880.44,SO-32832,Customer Sale,185,159,warehouse2,Transaction processed for WH_200 location,system,2025-09-27
29,2111,2,Sale,2025-08-30,-27,142.6,3850.2,SO-83385,Customer Sale,74,47,system,Transaction processed for WH_200 location,system,2025-08-30
30,3102,1,Damage,2025-11-11,-5,173.13,865.65,DMG-30,Quality Issue,186,181,warehouse2,Transaction processed for WH_100 location,system,2025-11-11
31,3041,2,Sale,2026-03-19,-18,127.74,2299.32,SO-45946,Customer Sale,74,56,system,Transaction processed for WH_200 location,system,2026-03-19
32,1521,2,Receipt,2025-08-26,107,125.74,13454.18,PO-6984,Purchase Order Receipt,20,127,warehouse1,Transaction processed for Backup location,system,2025-08-26
33,3021,1,Return,2026-04-09,1,216.3,216.3,RET-78754,Customer Return,10,11,warehouse1,Transaction processed for WH_100 location,system,2026-04-09
34,3104,2,Receipt,2025-11-10,161,124.51,20046.11,PO-7228,Purchase Order Receipt,74,235,warehouse2,Transaction processed for WH_200 location,system,2025-11-10
35,3091,2,Receipt,2025-11-16,33,440.14,14524.62,PO-2560,Purchase Order Receipt,202,235,warehouse1,Transaction processed for WH_200 location,system,2025-11-16
36,3052,2,Adjustment,2025-09-10,-9,115.25,1037.25,ADJ-36,Cycle Count,37,28,warehouse1,Transaction processed for Backup location,system,2025-09-10
37,3041,2,Sale,2026-04-02,-37,127.74,4726.38,SO-59318,Customer Sale,77,40,system,Transaction processed for WH_200 location,system,2026-04-02
38,3042,1,Receipt,2026-03-21,43,65.42,2813.06,PO-9300,Purchase Order Receipt,306,349,warehouse2,Transaction processed for WH_100 location,system,2026-03-21
39,3103,1,Sale,2025-08-16,-27,180.33,4868.91,SO-23631,Customer Sale,108,81,system,Transaction processed for WH_100 location,system,2025-08-16
40,3062,3,Sale,2025-09-07,-47,88.18,4144.46,SO-42581,Customer Sale,70,23,system,Transaction processed for WH_500 location,system,2025-09-07
41,3022,1,Receipt,2025-10-21,95,354.47,33674.65,PO-5379,Purchase Order Receipt,112,207,warehouse1,Transaction processed for WH_100 location,system,2025-10-21
42,3091,2,Sale,2025-10-04,-5,456.94,2284.7,SO-59186,Customer Sale,75,70,warehouse2,Transaction processed for WH_200 location,system,2025-10-04
43,3021,1,Sale,2026-04-13,-31,270.38,8381.78,SO-56361,Customer Sale,110,79,system,Transaction processed for WH_100 location,system,2026-04-13
44,3021,1,Adjustment,2025-12-16,7,270.38,1892.66,ADJ-44,Cycle Count,23,30,warehouse2,Transaction processed for WH_100 location,system,2025-12-16
45,3011,1,Adjustment,2025-10-19,5,968.68,4843.4,ADJ-45,System Correction,208,213,warehouse2,Transaction processed for WH_100 location,system,2025-10-19
46,3013,1,Receipt,2025-12-25,21,361.79,7597.59,PO-2903,Purchase Order Receipt,63,84,warehouse2,Transaction processed for WH_100 location,system,2025-12-25
47,3103,1,Adjustment,2025-09-07,19,180.33,3426.27,ADJ-47,Physical Count,66,85,warehouse1,Transaction processed for WH_100 location,system,2025-09-07
48,3041,2,Adjustment,2025-08-05,-18,127.74,2299.32,ADJ-48,Physical Count,173,155,warehouse2,Transaction processed for WH_200 location,system,2025-08-05
49,1563,1,Receipt,2025-07-06,167,69.23,11561.41,PO-7923,Purchase Order Receipt,88,255,warehouse2,Transaction processed for WH_100 location,system,2025-07-06
50,3033,1,Receipt,2026-01-14,128,423.43,54199.04,PO-8440,Purchase Order Receipt,144,272,system,Transaction processed for WH_100 location,system,2026-01-14
51,1553,1,Sale,2026-02-17,-1,91.38,91.38,SO-97522,Customer Sale,194,193,system,Transaction processed for WH_100 location,system,2026-02-17
52,2031,1,Sale,2025-12-31,-23,23.04,529.92,SO-89088,Customer Sale,99,76,warehouse1,Transaction processed for WH_100 location,system,2025-12-31
53,2031,1,Adjustment,2025-08-01,0,23.04,0.0,ADJ-53,Cycle Count,125,125,system,Transaction processed for WH_100 location,system,2025-08-01
54,2022,1,Sale,2026-03-08,-50,36.37,1818.5,SO-15865,Customer Sale,145,95,warehouse2,Transaction processed for WH_100 location,system,2026-03-08
55,1543,1,Transfer,2025-11-29,-44,65.36,2875.84,TRF-9712,Warehouse Transfer,87,43,warehouse1,Transaction processed for WH_100 location,system,2025-11-29
56,3061,1,Adjustment,2025-09-14,9,151.7,1365.3,ADJ-56,System Correction,108,117,warehouse2,Transaction processed for WH_100 location,system,2025-09-14
57,1512,1,Transfer,2025-09-07,-43,219.21,9426.03,TRF-5414,Warehouse Transfer,108,65,warehouse2,Transaction processed for WH_100 location,system,2025-09-07
58,1581,1,Sale,2026-02-13,-46,48.56,2233.76,SO-96364,Customer Sale,74,28,warehouse2,Transaction processed for WH_100 location,system,2026-02-13
59,2051,1,Sale,2025-12-13,-33,16.44,542.52,SO-13640,Customer Sale,109,76,system,Transaction processed for WH_100 location,system,2025-12-13
60,2051,2,Sale,2025-08-31,-23,16.44,378.12,SO-74849,Customer Sale,23,0,warehouse2,Transaction processed for Backup location,system,2025-08-31
61,3061,1,Receipt,2026-04-07,91,145.99,13285.09,PO-2886,Purchase Order Receipt,63,154,warehouse1,Transaction processed for WH_100 location,system,2026-04-07
62,1571,1,Sale,2026-02-09,-48,109.65,5263.2,SO-81586,Customer Sale,310,262,warehouse2,Transaction processed for WH_100 location,system,2026-02-09
63,1511,2,Receipt,2025-09-04,61,321.9,19635.9,PO-5820,Purchase Order Receipt,179,240,warehouse2,Transaction processed for WH_200 location,system,2025-09-04
64,1562,1,Sale,2025-08-21,-13,121.04,1573.52,SO-18487,Customer Sale,18,5,warehouse2,Transaction processed for WH_100 location,system,2025-08-21
65,3104,2,Sale,2025-09-07,-16,118.89,1902.24,SO-45512,Customer Sale,56,40,warehouse2,Transaction processed for Backup location,system,2025-09-07
66,3022,1,Sale,2025-09-12,-26,352.53,9165.78,SO-40916,Customer Sale,26,0,warehouse2,Transaction processed for WH_100 location,system,2025-09-12
67,2101,2,Sale,2025-11-14,-38,13.5,513.0,SO-44871,Customer Sale,134,96,warehouse1,Transaction processed for WH_200 location,system,2025-11-14
68,1542,1,Sale,2025-08-09,-34,90.83,3088.22,SO-83059,Customer Sale,207,173,warehouse1,Transaction processed for WH_100 location,system,2025-08-09
69,1542,1,Sale,2026-02-01,-5,90.83,454.15,SO-72722,Customer Sale,91,86,system,Transaction processed for WH_100 location,system,2026-02-01
70,2071,2,Transfer,2025-11-01,-18,21.94,394.92,TRF-4008,Warehouse Transfer,18,0,warehouse2,Transaction processed for Backup location,system,2025-11-01
71,3031,2,Sale,2025-11-23,-32,419.97,13439.04,SO-57836,Customer Sale,43,11,warehouse2,Transaction processed for Backup location,system,2025-11-23
72,3042,2,Adjustment,2025-11-03,8,62.54,500.32,ADJ-72,System Correction,8,16,warehouse2,Transaction processed for Backup location,system,2025-11-03
73,3011,1,Sale,2026-03-05,-39,968.68,37778.52,SO-47307,Customer Sale,125,86,warehouse1,Transaction processed for WH_100 location,system,2026-03-05
74,2041,1,Sale,2025-10-04,-32,44.39,1420.48,SO-66471,Customer Sale,93,61,warehouse2,Transaction processed for WH_100 location,system,2025-10-04
75,1551,2,Sale,2025-10-06,-30,67.04,2011.2,SO-56604,Customer Sale,30,0,warehouse2,Transaction processed for Backup location,system,2025-10-06
76,3031,2,Receipt,2025-09-30,113,413.68,46745.84,PO-2671,Purchase Order Receipt,4,117,warehouse2,Transaction processed for Backup location,system,2025-09-30
77,3103,1,Sale,2026-02-23,-46,180.33,8295.18,SO-68254,Customer Sale,180,134,warehouse2,Transaction processed for WH_100 location,system,2026-02-23
78,3012,1,Adjustment,2026-04-11,-14,659.11,9227.54,ADJ-78,Cycle Count,267,253,warehouse2,Transaction processed for WH_100 location,system,2026-04-11
79,2061,1,Receipt,2025-08-11,150,24.79,3718.5,PO-8318,Purchase Order Receipt,70,220,system,Transaction processed for WH_100 location,system,2025-08-11
80,2051,2,Sale,2025-08-16,-48,16.44,789.12,SO-32223,Customer Sale,97,49,warehouse1,Transaction processed for Backup location,system,2025-08-16
81,3052,2,Damage,2026-01-22,-5,115.25,576.25,DMG-81,Warehouse Damage,5,0,warehouse1,Transaction processed for Backup location,system,2026-01-22
82,2112,1,Sale,2026-03-22,-21,66.6,1398.6,SO-57083,Customer Sale,72,51,warehouse1,Transaction processed for WH_100 location,system,2026-03-22
83,2021,1,Return,2025-08-18,2,57.05,114.1,RET-82668,Customer Return,218,220,warehouse2,Transaction processed for WH_100 location,system,2025-08-18
84,1521,2,Adjustment,2026-02-25,20,122.8,2456.0,ADJ-84,Cycle Count,3,23,system,Transaction processed for Backup location,system,2026-02-25
85,1522,1,Receipt,2026-03-31,158,161.1,25453.8,PO-4713,Purchase Order Receipt,102,260,system,Transaction processed for WH_100 location,system,2026-03-31
86,2101,2,Adjustment,2025-08-21,4,13.5,54.0,ADJ-86,Cycle Count,120,124,warehouse1,Transaction processed for WH_200 location,system,2025-08-21
87,3052,2,Receipt,2026-03-13,77,116.98,9007.46,PO-4847,Purchase Order Receipt,95,172,warehouse2,Transaction processed for Backup location,system,2026-03-13
88,1531,1,Receipt,2026-03-10,187,91.75,17157.25,PO-5343,Purchase Order Receipt,113,300,warehouse1,Transaction processed for WH_100 location,system,2026-03-10
89,3053,1,Sale,2025-12-12,-36,180.15,6485.4,SO-64254,Customer Sale,110,74,system,Transaction processed for WH_100 location,system,2025-12-12
90,2022,1,Adjustment,2025-08-20,6,36.37,218.22,ADJ-90,Physical Count,70,76,warehouse1,Transaction processed for WH_100 location,system,2025-08-20
91,1541,1,Sale,2025-12-25,-23,132.59,3049.57,SO-38078,Customer Sale,45,22,system,Transaction processed for WH_100 location,system,2025-12-25
92,3032,1,Receipt,2025-08-14,121,230.61,27903.81,PO-7998,Purchase Order Receipt,109,230,warehouse1,Transaction processed for WH_100 location,system,2025-08-14
93,3051,1,Sale,2025-09-10,-24,226.49,5435.76,SO-50043,Customer Sale,94,70,warehouse1,Transaction processed for WH_100 location,system,2025-09-10
94,2031,1,Transfer,2026-01-22,-24,23.04,552.96,TRF-1485,Warehouse Transfer,55,31,warehouse1,Transaction processed for WH_100 location,system,2026-01-22
95,1531,1,Receipt,2026-04-22,107,86.76,9283.32,PO-6593,Purchase Order Receipt,131,238,system,Transaction processed for WH_100 location,system,2026-04-22
96,3033,1,Sale,2025-10-15,-45,419.49,18877.05,SO-43753,Customer Sale,114,69,warehouse1,Transaction processed for WH_100 location,system,2025-10-15
97,1581,1,Receipt,2025-07-30,141,48.61,6854.01,PO-3044,Purchase Order Receipt,71,212,warehouse1,Transaction processed for WH_100 location,system,2025-07-30
98,1571,1,Receipt,2025-12-12,121,114.26,13825.46,PO-1223,Purchase Order Receipt,210,331,warehouse1,Transaction processed for WH_100 location,system,2025-12-12
99,3032,1,Receipt,2026-01-14,20,252.74,5054.8,PO-4652,Purchase Order Receipt,22,42,warehouse1,Transaction processed for WH_100 location,system,2026-01-14
100,3033,1,Return,2025-07-21,5,335.59,1677.95,RET-62201,Customer Return,121,126,warehouse2,Transaction processed for WH_100 location,system,2025-07-21
101,1521,2,Transfer,2026-04-29,0,122.8,0.0,TRF-9059,Warehouse Transfer,0,0,warehouse2,Transaction processed for Backup location,system,2026-04-29
102,3081,1,Sale,2025-10-15,-28,58.16,1628.48,SO-67297,Customer Sale,105,77,warehouse2,Transaction processed for WH_100 location,system,2025-10-15
103,1531,1,Adjustment,2025-09-10,19,91.09,1730.71,ADJ-103,Cycle Count,50,69,system,Transaction processed for WH_100 location,system,2025-09-10
104,1561,2,Sale,2025-07-23,-32,82.06,2625.92,SO-67720,Customer Sale,54,22,system,Transaction processed for Backup location,system,2025-07-23
105,1533,1,Receipt,2026-01-28,95,112.54,10691.3,PO-2816,Purchase Order Receipt,77,172,warehouse1,Transaction processed for WH_100 location,system,2026-01-28
106,2031,1,Sale,2025-11-28,-28,23.04,645.12,SO-35494,Customer Sale,120,92,warehouse2,Transaction processed for WH_100 location,system,2025-11-28
107,3061,1,Adjustment,2025-11-12,-12,151.7,1820.4,ADJ-107,Physical Count,57,45,system,Transaction processed for WH_100 location,system,2025-11-12
108,1572,3,Sale,2025-07-02,-19,222.59,4229.21,SO-27316,Customer Sale,204,185,system,Transaction processed for WH_500 location,system,2025-07-02
109,2112,1,Sale,2025-07-26,-17,66.6,1132.2,SO-82453,Customer Sale,225,208,warehouse2,Transaction processed for WH_100 location,system,2025-07-26
110,3071,2,Sale,2025-07-01,-34,39.17,1331.78,SO-38198,Customer Sale,62,28,warehouse2,Transaction processed for WH_200 location,system,2025-07-01
111,1531,2,Sale,2026-01-13,-2,91.09,182.18,SO-87818,Customer Sale,84,82,warehouse2,Transaction processed for Backup location,system,2026-01-13
112,3091,2,Sale,2026-04-15,-8,456.94,3655.52,SO-85851,Customer Sale,114,106,warehouse1,Transaction processed for WH_200 location,system,2026-04-15
113,2021,1,Transfer,2026-04-03,-16,71.31,1140.96,TRF-3879,Warehouse Transfer,159,143,warehouse1,Transaction processed for WH_100 location,system,2026-04-03
114,2071,1,Sale,2026-02-12,-20,21.94,438.8,SO-25856,Customer Sale,106,86,system,Transaction processed for WH_100 location,system,2026-02-12
115,2111,2,Sale,2025-08-27,-44,142.6,6274.4,SO-10679,Customer Sale,63,19,warehouse2,Transaction processed for WH_200 location,system,2025-08-27
116,1541,2,Receipt,2025-09-25,110,132.11,14532.1,PO-1504,Purchase Order Receipt,77,187,system,Transaction processed for Backup location,system,2025-09-25
117,3011,1,Receipt,2025-07-20,163,998.38,162735.94,PO-7641,Purchase Order Receipt,269,432,system,Transaction processed for WH_100 location,system,2025-07-20
118,3052,1,Receipt,2025-10-29,159,111.7,17760.3,PO-8662,Purchase Order Receipt,3,162,warehouse1,Transaction processed for WH_100 location,system,2025-10-29
119,1551,1,Receipt,2026-04-13,178,67.29,11977.62,PO-2909,Purchase Order Receipt,115,293,warehouse1,Transaction processed for WH_100 location,system,2026-04-13
120,1521,1,Receipt,2026-03-21,11,120.77,1328.47,PO-8672,Purchase Order Receipt,43,54,system,Transaction processed for WH_100 location,system,2026-03-21
121,3062,3,Transfer,2026-03-05,-26,88.18,2292.68,TRF-6352,Warehouse Transfer,26,0,warehouse2,Transaction processed for WH_500 location,system,2026-03-05
122,2051,1,Adjustment,2025-10-18,12,16.44,197.28,ADJ-122,Physical Count,137,149,warehouse2,Transaction processed for WH_100 location,system,2025-10-18
123,1532,1,Sale,2025-11-03,-2,67.64,135.28,SO-99550,Customer Sale,2,0,warehouse1,Transaction processed for WH_100 location,system,2025-11-03
124,1581,1,Sale,2026-03-28,-17,48.56,825.52,SO-33660,Customer Sale,31,14,warehouse2,Transaction processed for WH_100 location,system,2026-03-28
125,1571,1,Sale,2025-12-21,-31,109.65,3399.15,SO-92778,Customer Sale,177,146,warehouse2,Transaction processed for WH_100 location,system,2025-12-21
126,3033,1,Adjustment,2025-11-30,7,419.49,2936.43,ADJ-126,Cycle Count,125,132,warehouse1,Transaction processed for WH_100 location,system,2025-11-30
127,1522,2,Sale,2026-03-19,-4,163.1,652.4,SO-13561,Customer Sale,49,45,system,Transaction processed for Backup location,system,2026-03-19
128,2112,1,Sale,2026-02-25,-30,66.6,1998.0,SO-62840,Customer Sale,94,64,system,Transaction processed for WH_100 location,system,2026-02-25
129,3042,2,Sale,2026-03-23,-27,62.54,1688.58,SO-48323,Customer Sale,172,145,warehouse1,Transaction processed for Backup location,system,2026-03-23
130,3032,1,Sale,2025-08-12,-42,240.85,10115.7,SO-23872,Customer Sale,69,27,system,Transaction processed for WH_100 location,system,2025-08-12
131,3013,1,Sale,2025-12-24,-10,344.68,3446.8,SO-88288,Customer Sale,101,91,warehouse1,Transaction processed for WH_100 location,system,2025-12-24
132,3012,1,Receipt,2025-08-28,71,634.54,45052.34,PO-4124,Purchase Order Receipt,310,381,warehouse2,Transaction processed for WH_100 location,system,2025-08-28
133,1521,1,Sale,2026-03-04,-8,122.8,982.4,SO-24508,Customer Sale,63,55,system,Transaction processed for WH_100 location,system,2026-03-04
134,1551,1,Receipt,2025-10-10,93,65.29,6071.97,PO-6394,Purchase Order Receipt,114,207,system,Transaction processed for WH_100 location,system,2025-10-10
135,3032,1,Sale,2025-10-14,-19,240.85,4576.15,SO-67785,Customer Sale,49,30,warehouse1,Transaction processed for WH_100 location,system,2025-10-14
136,3104,2,Adjustment,2025-12-08,18,118.89,2140.02,ADJ-136,Cycle Count,15,33,system,Transaction processed for Backup location,system,2025-12-08
137,2011,1,Transfer,2026-04-25,-43,124.64,5359.52,TRF-5088,Warehouse Transfer,161,118,warehouse1,Transaction processed for WH_100 location,system,2026-04-25
138,1512,1,Sale,2025-12-26,-11,219.21,2411.31,SO-58935,Customer Sale,11,0,system,Transaction processed for WH_100 location,system,2025-12-26
139,2012,2,Return,2025-11-11,2,250.09,500.18,RET-65705,Customer Return,53,55,warehouse2,Transaction processed for Backup location,system,2025-11-11
140,3041,2,Transfer,2025-12-02,-21,127.74,2682.54,TRF-5934,Warehouse Transfer,36,15,warehouse1,Transaction processed for WH_200 location,system,2025-12-02
141,1522,1,Receipt,2025-09-11,70,160.62,11243.4,PO-5560,Purchase Order Receipt,194,264,system,Transaction processed for WH_100 location,system,2025-09-11
142,2022,1,Sale,2025-10-18,-19,36.37,691.03,SO-31661,Customer Sale,19,0,warehouse1,Transaction processed for WH_100 location,system,2025-10-18
143,3091,2,Receipt,2025-08-24,183,451.14,82558.62,PO-6881,Purchase Order Receipt,109,292,warehouse1,Transaction processed for Backup location,system,2025-08-24
144,3104,2,Sale,2025-12-12,-28,118.89,3328.92,SO-31255,Customer Sale,83,55,warehouse1,Transaction processed for WH_200 location,system,2025-12-12
145,2012,2,Receipt,2025-10-11,67,326.49,21874.83,PO-2475,Purchase Order Receipt,24,91,system,Transaction processed for Backup location,system,2025-10-11
146,3041,2,Damage,2026-02-16,-2,127.74,255.48,DMG-146,Shipping Damage,102,100,system,Transaction processed for Backup location,system,2026-02-16
147,3102,2,Return,2026-01-28,2,138.5,277.0,RET-79064,Customer Return,88,90,system,Transaction processed for Backup location,system,2026-01-28
148,3091,2,Transfer,2025-12-18,-29,456.94,13251.26,TRF-1885,Warehouse Transfer,122,93,system,Transaction processed for Backup location,system,2025-12-18
149,3032,1,Receipt,2025-09-18,81,242.87,19672.47,PO-6374,Purchase Order Receipt,5,86,system,Transaction processed for WH_100 location,system,2025-09-18
150,2022,1,Sale,2026-01-24,-8,36.37,290.96,SO-21674,Customer Sale,74,66,warehouse2,Transaction processed for WH_100 location,system,2026-01-24
151,1563,1,Sale,2025-09-16,-25,70.33,1758.25,SO-37831,Customer Sale,115,90,warehouse2,Transaction processed for WH_100 location,system,2025-09-16
152,1541,2,Sale,2026-04-20,-24,132.59,3182.16,SO-27056,Customer Sale,41,17,system,Transaction processed for Backup location,system,2026-04-20
153,2031,1,Sale,2025-10-05,-20,23.04,460.8,SO-43457,Customer Sale,127,107,system,Transaction processed for WH_100 location,system,2025-10-05
154,3042,1,Transfer,2026-03-25,-30,62.54,1876.2,TRF-8882,Warehouse Transfer,161,131,system,Transaction processed for WH_100 location,system,2026-03-25
155,1523,2,Sale,2026-04-15,-43,54.46,2341.78,SO-90671,Customer Sale,43,0,system,Transaction processed for WH_200 location,system,2026-04-15
156,2022,1,Sale,2026-01-15,-6,36.37,218.22,SO-76178,Customer Sale,43,37,warehouse1,Transaction processed for WH_100 location,system,2026-01-15
157,1531,1,Receipt,2026-03-06,89,87.09,7751.01,PO-5904,Purchase Order Receipt,31,120,warehouse2,Transaction processed for WH_100 location,system,2026-03-06
158,2121,1,Adjustment,2025-11-15,10,31.62,316.2,ADJ-158,Physical Count,12,22,warehouse2,Transaction processed for WH_100 location,system,2025-11-15
159,3092,1,Sale,2025-09-23,-48,540.11,25925.28,SO-97290,Customer Sale,241,193,warehouse1,Transaction processed for WH_100 location,system,2025-09-23
160,1543,1,Sale,2026-04-02,-16,65.36,1045.76,SO-88965,Customer Sale,127,111,warehouse1,Transaction processed for WH_100 location,system,2026-04-02
161,2021,1,Sale,2026-01-13,-46,71.31,3280.26,SO-25433,Customer Sale,94,48,warehouse2,Transaction processed for WH_100 location,system,2026-01-13
162,3101,1,Sale,2026-04-18,-1,114.44,114.44,SO-23079,Customer Sale,44,43,system,Transaction processed for WH_100 location,system,2026-04-18
163,3102,2,Sale,2025-10-12,-11,173.13,1904.43,SO-95624,Customer Sale,20,9,warehouse2,Transaction processed for Backup location,system,2025-10-12
164,3031,2,Receipt,2025-11-30,96,416.22,39957.12,PO-1699,Purchase Order Receipt,63,159,warehouse2,Transaction processed for Backup location,system,2025-11-30
165,2101,2,Sale,2026-04-19,-47,13.5,634.5,SO-40218,Customer Sale,120,73,system,Transaction processed for WH_200 location,system,2026-04-19
166,2012,1,Sale,2025-10-09,-33,312.61,10316.13,SO-24279,Customer Sale,186,153,warehouse1,Transaction processed for WH_100 location,system,2025-10-09
167,3053,1,Sale,2026-04-18,-11,180.15,1981.65,SO-45496,Customer Sale,117,106,system,Transaction processed for WH_100 location,system,2026-04-18
168,3042,1,Sale,2025-11-24,-2,62.54,125.08,SO-49236,Customer Sale,245,243,warehouse1,Transaction processed for WH_100 location,system,2025-11-24
169,1531,2,Receipt,2025-09-11,161,91.14,14673.54,PO-9001,Purchase Order Receipt,43,204,warehouse2,Transaction processed for Backup location,system,2025-09-11
170,1572,3,Adjustment,2025-12-14,17,222.59,3784.03,ADJ-170,Physical Count,118,135,system,Transaction processed for WH_500 location,system,2025-12-14
171,1523,2,Transfer,2025-08-06,-22,54.46,1198.12,TRF-6670,Warehouse Transfer,132,110,warehouse2,Transaction processed for WH_200 location,system,2025-08-06
172,3053,1,Sale,2025-08-10,-49,180.15,8827.35,SO-85074,Customer Sale,124,75,warehouse2,Transaction processed for WH_100 location,system,2025-08-10
173,3053,1,Sale,2025-11-06,-41,180.15,7386.15,SO-11524,Customer Sale,79,38,system,Transaction processed for WH_100 location,system,2025-11-06
174,1541,1,Sale,2025-11-02,-14,132.59,1856.26,SO-57687,Customer Sale,59,45,system,Transaction processed for WH_100 location,system,2025-11-02
175,3042,1,Sale,2026-02-15,-2,62.54,125.08,SO-40319,Customer Sale,242,240,system,Transaction processed for WH_100 location,system,2026-02-15
176,3042,2,Receipt,2026-04-18,88,61.53,5414.64,PO-9662,Purchase Order Receipt,51,139,system,Transaction processed for Backup location,system,2026-04-18
177,3042,2,Sale,2025-11-23,-20,62.54,1250.8,SO-97798,Customer Sale,71,51,warehouse2,Transaction processed for Backup location,system,2025-11-23
178,3022,1,Receipt,2025-12-25,39,370.0,14430.0,PO-9807,Purchase Order Receipt,124,163,warehouse2,Transaction processed for WH_100 location,system,2025-12-25
179,1571,1,Sale,2025-07-18,-14,109.65,1535.1,SO-14866,Customer Sale,280,266,system,Transaction processed for WH_100 location,system,2025-07-18
180,3104,2,Sale,2025-11-12,-14,118.89,1664.46,SO-88912,Customer Sale,115,101,warehouse1,Transaction processed for WH_200 location,system,2025-11-12
181,1561,2,Sale,2025-12-25,-34,82.06,2790.04,SO-51179,Customer Sale,77,43,warehouse2,Transaction processed for Backup location,system,2025-12-25
182,2022,1,Transfer,2025-09-04,-23,36.37,836.51,TRF-6252,Warehouse Transfer,182,159,system,Transaction processed for WH_100 location,system,2025-09-04
183,2022,1,Sale,2025-10-17,-31,36.37,1127.47,SO-30651,Customer Sale,199,168,system,Transaction processed for WH_100 location,system,2025-10-17
184,2081,2,Transfer,2025-08-24,-43,25.3,1087.9,TRF-3479,Warehouse Transfer,151,108,warehouse2,Transaction processed for WH_200 location,system,2025-08-24
185,3013,1,Sale,2025-12-28,-41,344.68,14131.88,SO-44441,Customer Sale,111,70,warehouse1,Transaction processed for WH_100 location,system,2025-12-28
186,1581,1,Return,2026-04-12,2,38.85,77.7,RET-39635,Customer Return,68,70,warehouse1,Transaction processed for WH_100 location,system,2026-04-12
187,1542,1,Transfer,2025-07-16,-25,90.83,2270.75,TRF-6601,Warehouse Transfer,115,90,warehouse2,Transaction processed for WH_100 location,system,2025-07-16
188,2071,1,Receipt,2026-01-24,167,21.76,3633.92,PO-9434,Purchase Order Receipt,104,271,system,Transaction processed for WH_100 location,system,2026-01-24
189,1571,1,Sale,2026-04-16,-40,109.65,4386.0,SO-94798,Customer Sale,141,101,warehouse1,Transaction processed for WH_100 location,system,2026-04-16
190,1571,1,Sale,2025-10-22,-40,109.65,4386.0,SO-93222,Customer Sale,305,265,warehouse1,Transaction processed for WH_100 location,system,2025-10-22
191,3022,1,Return,2026-04-13,5,282.02,1410.1,RET-55911,Customer Return,129,134,warehouse1,Transaction processed for WH_100 location,system,2026-04-13
192,1561,2,Sale,2025-07-19,-45,82.06,3692.7,SO-72079,Customer Sale,77,32,warehouse1,Transaction processed for Backup location,system,2025-07-19
193,2011,2,Receipt,2026-03-05,159,118.58,18854.22,PO-1058,Purchase Order Receipt,47,206,warehouse1,Transaction processed for Backup location,system,2026-03-05
194,2061,1,Receipt,2026-03-28,152,25.52,3879.04,PO-1031,Purchase Order Receipt,3,155,system,Transaction processed for WH_100 location,system,2026-03-28
195,3051,1,Sale,2025-07-27,-21,226.49,4756.29,SO-15367,Customer Sale,92,71,warehouse1,Transaction processed for WH_100 location,system,2025-07-27
196,3082,1,Damage,2025-09-11,-4,84.82,339.28,DMG-196,Warehouse Damage,87,83,system,Transaction processed for WH_100 location,system,2025-09-11
197,1581,1,Sale,2026-04-04,-30,48.56,1456.8,SO-62055,Customer Sale,125,95,warehouse1,Transaction processed for WH_100 location,system,2026-04-04
198,3104,2,Receipt,2025-10-28,184,123.56,22735.04,PO-9212,Purchase Order Receipt,130,314,warehouse1,Transaction processed for WH_200 location,system,2025-10-28
199,1572,3,Sale,2026-01-13,-50,222.59,11129.5,SO-15351,Customer Sale,139,89,warehouse2,Transaction processed for WH_500 location,system,2026-01-13
200,3022,2,Receipt,2025-12-25,150,338.79,50818.5,PO-3157,Purchase Order Receipt,14,164,warehouse1,Transaction processed for Backup location,system,2025-12-25
201,1522,2,Receipt,2025-11-06,55,167.2,9196.0,PO-4289,Purchase Order Receipt,23,78,system,Transaction processed for Backup location,system,2025-11-06
202,3062,3,Transfer,2025-11-05,-45,88.18,3968.1,TRF-9219,Warehouse Transfer,96,51,warehouse1,Transaction processed for WH_500 location,system,2025-11-05
203,1551,2,Receipt,2026-01-06,167,69.79,11654.93,PO-9690,Purchase Order Receipt,81,248,system,Transaction processed for Backup location,system,2026-01-06
204,2051,2,Sale,2026-02-26,-41,16.44,674.04,SO-20366,Customer Sale,72,31,system,Transaction processed for Backup location,system,2026-02-26
205,3091,2,Receipt,2025-12-29,200,458.42,91684.0,PO-8582,Purchase Order Receipt,115,315,warehouse1,Transaction processed for Backup location,system,2025-12-29
206,3082,1,Sale,2025-08-18,-42,84.82,3562.44,SO-77937,Customer Sale,178,136,warehouse1,Transaction processed for WH_100 location,system,2025-08-18
207,3071,2,Adjustment,2025-11-29,12,39.17,470.04,ADJ-207,Physical Count,95,107,system,Transaction processed for WH_200 location,system,2025-11-29
208,1511,2,Return,2025-10-02,2,257.57,515.14,RET-90185,Customer Return,212,214,warehouse1,Transaction processed for WH_200 location,system,2025-10-02
209,3071,2,Receipt,2025-08-25,34,37.25,1266.5,PO-8284,Purchase Order Receipt,38,72,system,Transaction processed for WH_200 location,system,2025-08-25
210,3091,2,Sale,2025-11-30,-8,456.94,3655.52,SO-54813,Customer Sale,95,87,warehouse1,Transaction processed for WH_200 location,system,2025-11-30
211,3091,2,Sale,2025-08-08,-9,456.94,4112.46,SO-64578,Customer Sale,130,121,warehouse2,Transaction processed for WH_200 location,system,2025-08-08
212,1541,2,Transfer,2026-02-09,-17,132.59,2254.03,TRF-9117,Warehouse Transfer,75,58,warehouse2,Transaction processed for Backup location,system,2026-02-09
213,3053,1,Transfer,2026-03-27,-18,180.15,3242.7,TRF-9065,Warehouse Transfer,18,0,warehouse2,Transaction processed for WH_100 location,system,2026-03-27
214,3032,1,Transfer,2026-03-06,-13,240.85,3131.05,TRF-1897,Warehouse Transfer,87,74,system,Transaction processed for WH_100 location,system,2026-03-06
215,1531,1,Adjustment,2026-03-26,-18,91.09,1639.62,ADJ-215,System Correction,45,27,system,Transaction processed for WH_100 location,system,2026-03-26
216,2051,2,Receipt,2025-07-25,173,16.01,2769.73,PO-4864,Purchase Order Receipt,27,200,system,Transaction processed for Backup location,system,2025-07-25
217,2061,1,Adjustment,2025-10-29,-5,25.72,128.6,ADJ-217,Cycle Count,169,164,warehouse1,Transaction processed for WH_100 location,system,2025-10-29
218,1561,2,Receipt,2026-04-24,196,84.69,16599.24,PO-3381,Purchase Order Receipt,92,288,warehouse2,Transaction processed for Backup location,system,2026-04-24
219,1531,1,Adjustment,2025-10-15,-16,91.09,1457.44,ADJ-219,System Correction,40,24,warehouse2,Transaction processed for WH_100 location,system,2025-10-15
220,3041,2,Sale,2026-02-12,-10,127.74,1277.4,SO-74136,Customer Sale,29,19,warehouse2,Transaction processed for Backup location,system,2026-02-12
221,3102,1,Receipt,2026-02-10,57,171.59,9780.63,PO-2396,Purchase Order Receipt,117,174,warehouse1,Transaction processed for WH_100 location,system,2026-02-10
222,3092,1,Sale,2025-09-27,-30,540.11,16203.3,SO-91613,Customer Sale,290,260,warehouse1,Transaction processed for WH_100 location,system,2025-09-27
223,3013,1,Damage,2026-04-02,-4,344.68,1378.72,DMG-223,Quality Issue,151,147,warehouse2,Transaction processed for WH_100 location,system,2026-04-02
224,1551,2,Receipt,2026-03-22,126,68.34,8610.84,PO-1788,Purchase Order Receipt,37,163,system,Transaction processed for Backup location,system,2026-03-22
225,1541,1,Sale,2025-10-10,-11,132.59,1458.49,SO-27413,Customer Sale,150,139,system,Transaction processed for WH_100 location,system,2025-10-10
226,2121,1,Sale,2025-12-10,-47,31.62,1486.14,SO-90843,Customer Sale,129,82,system,Transaction processed for WH_100 location,system,2025-12-10
227,3052,1,Receipt,2026-04-22,128,116.07,14856.96,PO-4623,Purchase Order Receipt,106,234,warehouse1,Transaction processed for WH_100 location,system,2026-04-22
228,3021,1,Receipt,2025-07-12,63,271.14,17081.82,PO-6260,Purchase Order Receipt,99,162,system,Transaction processed for WH_100 location,system,2025-07-12
229,2121,1,Sale,2026-02-17,-46,31.62,1454.52,SO-67723,Customer Sale,47,1,warehouse2,Transaction processed for WH_100 location,system,2026-02-17
230,1543,1,Receipt,2026-04-01,86,68.04,5851.44,PO-1498,Purchase Order Receipt,101,187,warehouse1,Transaction processed for WH_100 location,system,2026-04-01
231,3012,1,Transfer,2026-01-23,-46,659.11,30319.06,TRF-9286,Warehouse Transfer,217,171,warehouse1,Transaction processed for WH_100 location,system,2026-01-23
232,3092,1,Sale,2025-12-17,-18,540.11,9721.98,SO-52705,Customer Sale,292,274,system,Transaction processed for WH_100 location,system,2025-12-17
233,2081,2,Sale,2025-12-14,-24,25.3,607.2,SO-24296,Customer Sale,42,18,warehouse2,Transaction processed for WH_200 location,system,2025-12-14
234,3042,2,Receipt,2026-01-17,155,64.7,10028.5,PO-9503,Purchase Order Receipt,8,163,warehouse2,Transaction processed for Backup location,system,2026-01-17
235,3092,1,Sale,2025-10-31,-33,540.11,17823.63,SO-99132,Customer Sale,212,179,warehouse2,Transaction processed for WH_100 location,system,2025-10-31
236,3103,2,Receipt,2025-12-29,126,174.2,21949.2,PO-9929,Purchase Order Receipt,49,175,warehouse1,Transaction processed for Backup location,system,2025-12-29
237,2012,1,Receipt,2026-03-22,200,307.39,61478.0,PO-8816,Purchase Order Receipt,110,310,warehouse1,Transaction processed for WH_100 location,system,2026-03-22
238,3042,1,Receipt,2026-01-28,107,63.38,6781.66,PO-2546,Purchase Order Receipt,295,402,warehouse2,Transaction processed for WH_100 location,system,2026-01-28
239,3103,2,Receipt,2026-03-25,147,188.79,27752.13,PO-1826,Purchase Order Receipt,28,175,warehouse2,Transaction processed for Backup location,system,2026-03-25
240,2012,2,Sale,2026-03-16,-46,312.61,14380.06,SO-44582,Customer Sale,117,71,system,Transaction processed for Backup location,system,2026-03-16
241,2012,1,Sale,2025-11-24,-46,312.61,14380.06,SO-88832,Customer Sale,124,78,warehouse1,Transaction processed for WH_100 location,system,2025-11-24
242,3021,1,Damage,2026-02-07,-9,270.38,2433.42,DMG-242,Quality Issue,38,29,warehouse1,Transaction processed for WH_100 location,system,2026-02-07
243,2091,1,Sale,2025-09-06,-37,7.98,295.26,SO-97682,Customer Sale,56,19,warehouse1,Transaction processed for WH_100 location,system,2025-09-06
244,1512,1,Sale,2025-10-27,-44,219.21,9645.24,SO-67842,Customer Sale,83,39,warehouse1,Transaction processed for WH_100 location,system,2025-10-27
245,3104,2,Transfer,2025-09-10,-40,118.89,4755.6,TRF-4309,Warehouse Transfer,188,148,warehouse1,Transaction processed for WH_200 location,system,2025-09-10
246,1551,2,Sale,2025-07-06,-4,67.04,268.16,SO-92402,Customer Sale,4,0,system,Transaction processed for Backup location,system,2025-07-06
247,3101,1,Sale,2025-09-24,-43,114.44,4920.92,SO-56061,Customer Sale,91,48,system,Transaction processed for WH_100 location,system,2025-09-24
248,3013,1,Transfer,2025-09-16,-21,344.68,7238.28,TRF-9074,Warehouse Transfer,82,61,warehouse1,Transaction processed for WH_100 location,system,2025-09-16
249,3042,1,Receipt,2025-07-26,155,65.31,10123.05,PO-3558,Purchase Order Receipt,239,394,system,Transaction processed for WH_100 location,system,2025-07-26
250,2111,2,Sale,2025-07-25,-50,142.6,7130.0,SO-23828,Customer Sale,58,8,system,Transaction processed for WH_200 location,system,2025-07-25
251,2011,2,Adjustment,2025-11-27,17,124.64,2118.88,ADJ-251,System Correction,83,100,warehouse1,Transaction processed for Backup location,system,2025-11-27
252,3021,1,Sale,2026-01-03,-46,270.38,12437.48,SO-30145,Customer Sale,103,57,warehouse2,Transaction processed for WH_100 location,system,2026-01-03
253,3051,1,Transfer,2026-02-26,-16,226.49,3623.84,TRF-4513,Warehouse Transfer,26,10,system,Transaction processed for WH_100 location,system,2026-02-26
254,2051,2,Receipt,2026-01-24,94,16.34,1535.96,PO-9020,Purchase Order Receipt,95,189,warehouse1,Transaction processed for Backup location,system,2026-01-24
255,3042,1,Sale,2026-04-19,-3,62.54,187.62,SO-54748,Customer Sale,135,132,system,Transaction processed for WH_100 location,system,2026-04-19
256,3032,1,Receipt,2025-07-01,22,251.19,5526.18,PO-1704,Purchase Order Receipt,114,136,warehouse2,Transaction processed for WH_100 location,system,2025-07-01
257,3013,1,Transfer,2026-01-18,-7,344.68,2412.76,TRF-2485,Warehouse Transfer,7,0,system,Transaction processed for WH_100 location,system,2026-01-18
258,2121,1,Sale,2025-07-14,-10,31.62,316.2,SO-52799,Customer Sale,77,67,warehouse2,Transaction processed for WH_100 location,system,2025-07-14
259,2022,1,Damage,2025-09-26,-1,36.37,36.37,DMG-259,Warehouse Damage,148,147,system,Transaction processed for WH_100 location,system,2025-09-26
260,1511,2,Receipt,2026-01-02,40,322.52,12900.8,PO-2558,Purchase Order Receipt,174,214,warehouse2,Transaction processed for WH_200 location,system,2026-01-02
261,3101,1,Sale,2025-07-16,-11,114.44,1258.84,SO-91786,Customer Sale,123,112,warehouse1,Transaction processed for WH_100 location,system,2025-07-16
262,2012,2,Receipt,2026-02-15,175,323.11,56544.25,PO-5264,Purchase Order Receipt,122,297,system,Transaction processed for Backup location,system,2026-02-15
263,3042,2,Adjustment,2026-02-19,12,62.54,750.48,ADJ-263,Cycle Count,94,106,warehouse1,Transaction processed for Backup location,system,2026-02-19
264,3053,1,Receipt,2025-09-03,50,180.71,9035.5,PO-5023,Purchase Order Receipt,165,215,warehouse1,Transaction processed for WH_100 location,system,2025-09-03
265,1562,1,Receipt,2025-12-20,180,124.1,22338.0,PO-7491,Purchase Order Receipt,92,272,warehouse2,Transaction processed for WH_100 location,system,2025-12-20
266,1511,2,Transfer,2025-10-12,-8,321.96,2575.68,TRF-9502,Warehouse Transfer,217,209,system,Transaction processed for WH_200 location,system,2025-10-12
267,1541,2,Sale,2026-03-11,-33,132.59,4375.47,SO-39344,Customer Sale,97,64,warehouse1,Transaction processed for Backup location,system,2026-03-11
268,3091,2,Damage,2026-03-25,-10,456.94,4569.4,DMG-268,Quality Issue,194,184,warehouse1,Transaction processed for WH_200 location,system,2026-03-25
269,1541,1,Sale,2025-10-10,-42,132.59,5568.78,SO-35411,Customer Sale,116,74,warehouse2,Transaction processed for WH_100 location,system,2025-10-10
270,1552,2,Receipt,2025-12-27,52,60.61,3151.72,PO-9821,Purchase Order Receipt,210,262,system,Transaction processed for WH_200 location,system,2025-12-27
271,1541,2,Sale,2025-07-13,-10,132.59,1325.9,SO-46420,Customer Sale,56,46,warehouse1,Transaction processed for Backup location,system,2025-07-13
272,2051,2,Receipt,2026-03-11,139,16.22,2254.58,PO-5823,Purchase Order Receipt,42,181,warehouse2,Transaction processed for Backup location,system,2026-03-11
273,2091,1,Sale,2025-12-20,-30,7.98,239.4,SO-29016,Customer Sale,44,14,system,Transaction processed for WH_100 location,system,2025-12-20
274,2071,2,Sale,2026-03-07,-16,21.94,351.04,SO-46544,Customer Sale,46,30,system,Transaction processed for Backup location,system,2026-03-07
275,3071,2,Sale,2025-08-11,-15,39.17,587.55,SO-88182,Customer Sale,15,0,warehouse1,Transaction processed for WH_200 location,system,2025-08-11
276,3061,1,Sale,2025-09-11,-17,151.7,2578.9,SO-85045,Customer Sale,83,66,warehouse2,Transaction processed for WH_100 location,system,2025-09-11
277,3012,1,Transfer,2025-11-12,-19,659.11,12523.09,TRF-4942,Warehouse Transfer,221,202,warehouse1,Transaction processed for WH_100 location,system,2025-11-12
278,1551,1,Sale,2026-04-20,-37,67.04,2480.48,SO-55528,Customer Sale,53,16,warehouse1,Transaction processed for WH_100 location,system,2026-04-20
279,1561,1,Receipt,2025-09-11,67,83.52,5595.84,PO-9002,Purchase Order Receipt,93,160,warehouse2,Transaction processed for WH_100 location,system,2025-09-11
280,2111,2,Adjustment,2026-01-21,8,142.6,1140.8,ADJ-280,Physical Count,94,102,warehouse1,Transaction processed for WH_200 location,system,2026-01-21
281,3052,1,Receipt,2025-12-23,36,113.44,4083.84,PO-4836,Purchase Order Receipt,90,126,warehouse2,Transaction processed for WH_100 location,system,2025-12-23
282,2022,1,Damage,2026-03-22,-6,36.37,218.22,DMG-282,Quality Issue,92,86,system,Transaction processed for WH_100 location,system,2026-03-22
283,2112,1,Sale,2026-01-27,-3,66.6,199.8,SO-10706,Customer Sale,103,100,system,Transaction processed for WH_100 location,system,2026-01-27
284,1551,1,Receipt,2026-02-14,68,65.97,4485.96,PO-7300,Purchase Order Receipt,5,73,warehouse1,Transaction processed for WH_100 location,system,2026-02-14
285,3104,2,Sale,2026-01-04,-5,118.89,594.45,SO-88659,Customer Sale,39,34,warehouse2,Transaction processed for Backup location,system,2026-01-04
286,3053,1,Sale,2026-03-07,-8,180.15,1441.2,SO-58007,Customer Sale,148,140,warehouse2,Transaction processed for WH_100 location,system,2026-03-07
287,2071,2,Receipt,2026-04-21,75,21.43,1607.25,PO-4021,Purchase Order Receipt,78,153,system,Transaction processed for Backup location,system,2026-04-21
288,3101,1,Sale,2026-01-25,-35,114.44,4005.4,SO-94594,Customer Sale,81,46,warehouse2,Transaction processed for WH_100 location,system,2026-01-25
289,2121,1,Sale,2025-07-12,-25,31.62,790.5,SO-96948,Customer Sale,52,27,warehouse2,Transaction processed for WH_100 location,system,2025-07-12
290,3012,1,Receipt,2026-02-01,57,676.85,38580.45,PO-4642,Purchase Order Receipt,201,258,system,Transaction processed for WH_100 location,system,2026-02-01
291,1563,1,Sale,2025-12-16,-4,70.33,281.32,SO-49380,Customer Sale,43,39,warehouse2,Transaction processed for WH_100 location,system,2025-12-16
292,3042,2,Sale,2026-04-30,-4,62.54,250.16,SO-89460,Customer Sale,58,54,warehouse1,Transaction processed for Backup location,system,2026-04-30
293,2121,1,Sale,2025-11-01,-25,31.62,790.5,SO-62556,Customer Sale,116,91,warehouse2,Transaction processed for WH_100 location,system,2025-11-01
294,1523,2,Sale,2025-10-06,-27,54.46,1470.42,SO-81876,Customer Sale,64,37,warehouse2,Transaction processed for WH_200 location,system,2025-10-06
295,2011,1,Sale,2026-04-19,-13,124.64,1620.32,SO-75768,Customer Sale,13,0,warehouse1,Transaction processed for WH_100 location,system,2026-04-19
296,3021,1,Adjustment,2026-04-11,-10,270.38,2703.8,ADJ-296,System Correction,18,8,warehouse1,Transaction processed for WH_100 location,system,2026-04-11
297,1541,2,Sale,2025-10-23,-50,132.59,6629.5,SO-29318,Customer Sale,106,56,system,Transaction processed for Backup location,system,2025-10-23
298,1563,1,Receipt,2026-03-05,154,70.12,10798.48,PO-7090,Purchase Order Receipt,32,186,warehouse2,Transaction processed for WH_100 location,system,2026-03-05
299,1542,1,Sale,2025-12-28,-10,90.83,908.3,SO-99890,Customer Sale,191,181,warehouse2,Transaction processed for WH_100 location,system,2025-12-28
300,1551,1,Sale,2025-10-25,-13,67.04,871.52,SO-91865,Customer Sale,14,1,system,Transaction processed for WH_100 location,system,2025-10-25
301,3031,3,Transfer,2025-07-24,-25,419.97,10499.25,TRF-4640,Warehouse Transfer,25,0,warehouse1,Transaction processed for WH_500 location,system,2025-07-24
302,1521,2,Receipt,2025-09-01,79,123.38,9747.02,PO-4997,Purchase Order Receipt,46,125,warehouse1,Transaction processed for Backup location,system,2025-09-01
303,1553,1,Return,2025-11-21,4,73.1,292.4,RET-32426,Customer Return,187,191,system,Transaction processed for WH_100 location,system,2025-11-21
304,1531,2,Sale,2026-02-27,-37,91.09,3370.33,SO-72138,Customer Sale,37,0,warehouse1,Transaction processed for Backup location,system,2026-02-27
305,2071,1,Sale,2026-03-18,-31,21.94,680.14,SO-51497,Customer Sale,100,69,warehouse1,Transaction processed for WH_100 location,system,2026-03-18
306,2012,1,Adjustment,2025-08-12,6,312.61,1875.66,ADJ-306,Physical Count,187,193,warehouse2,Transaction processed for WH_100 location,system,2025-08-12
307,1522,2,Sale,2025-12-27,-31,163.1,5056.1,SO-73925,Customer Sale,102,71,warehouse1,Transaction processed for Backup location,system,2025-12-27
308,3041,2,Transfer,2025-12-26,-41,127.74,5237.34,TRF-5149,Warehouse Transfer,105,64,warehouse1,Transaction processed for Backup location,system,2025-12-26
309,3052,1,Receipt,2025-09-22,88,113.06,9949.28,PO-9228,Purchase Order Receipt,32,120,warehouse2,Transaction processed for WH_100 location,system,2025-09-22
310,1561,1,Receipt,2025-07-14,36,78.09,2811.24,PO-4891,Purchase Order Receipt,72,108,warehouse1,Transaction processed for WH_100 location,system,2025-07-14
311,2081,2,Sale,2025-10-25,-8,25.3,202.4,SO-66850,Customer Sale,170,162,system,Transaction processed for WH_200 location,system,2025-10-25
312,1541,1,Sale,2025-09-19,-12,132.59,1591.08,SO-90237,Customer Sale,13,1,system,Transaction processed for WH_100 location,system,2025-09-19
313,3022,2,Return,2025-07-31,3,282.02,846.06,RET-63418,Customer Return,104,107,warehouse2,Transaction processed for Backup location,system,2025-07-31
314,1541,1,Damage,2025-12-04,-1,132.59,132.59,DMG-314,Quality Issue,6,5,warehouse1,Transaction processed for WH_100 location,system,2025-12-04
315,1572,3,Sale,2026-01-18,-36,222.59,8013.24,SO-31940,Customer Sale,205,169,system,Transaction processed for WH_500 location,system,2026-01-18
316,2071,2,Sale,2026-03-30,-3,21.94,65.82,SO-34218,Customer Sale,53,50,warehouse2,Transaction processed for Backup location,system,2026-03-30
317,1572,3,Receipt,2025-10-14,138,222.39,30689.82,PO-4960,Purchase Order Receipt,150,288,system,Transaction processed for WH_500 location,system,2025-10-14
318,2091,1,Receipt,2025-09-21,156,8.1,1263.6,PO-4291,Purchase Order Receipt,26,182,system,Transaction processed for WH_100 location,system,2025-09-21
319,1541,2,Transfer,2025-11-14,-43,132.59,5701.37,TRF-8824,Warehouse Transfer,66,23,system,Transaction processed for Backup location,system,2025-11-14
320,3104,2,Transfer,2025-09-05,-25,118.89,2972.25,TRF-2535,Warehouse Transfer,81,56,warehouse2,Transaction processed for Backup location,system,2025-09-05
321,1531,2,Damage,2025-07-29,-1,91.09,91.09,DMG-321,Quality Issue,93,92,warehouse1,Transaction processed for Backup location,system,2025-07-29
322,1562,1,Receipt,2025-08-24,31,120.53,3736.43,PO-1240,Purchase Order Receipt,72,103,warehouse2,Transaction processed for WH_100 location,system,2025-08-24
323,3091,2,Sale,2025-07-24,-6,456.94,2741.64,SO-28522,Customer Sale,6,0,warehouse1,Transaction processed for Backup location,system,2025-07-24
324,3103,1,Damage,2026-03-14,-5,180.33,901.65,DMG-324,Shipping Damage,107,102,warehouse2,Transaction processed for WH_100 location,system,2026-03-14
325,2021,1,Receipt,2026-03-25,18,68.67,1236.06,PO-6373,Purchase Order Receipt,111,129,system,Transaction processed for WH_100 location,system,2026-03-25
326,2111,2,Transfer,2025-07-20,-18,142.6,2566.8,TRF-9017,Warehouse Transfer,103,85,warehouse1,Transaction processed for WH_200 location,system,2025-07-20
327,3022,2,Sale,2026-01-23,-40,352.53,14101.2,SO-20586,Customer Sale,114,74,warehouse2,Transaction processed for Backup location,system,2026-01-23
328,3051,1,Sale,2026-03-11,-34,226.49,7700.66,SO-21595,Customer Sale,101,67,warehouse1,Transaction processed for WH_100 location,system,2026-03-11
329,1581,1,Sale,2026-04-28,-12,48.56,582.72,SO-82517,Customer Sale,12,0,warehouse1,Transaction processed for WH_100 location,system,2026-04-28
330,1521,1,Transfer,2025-10-06,-44,122.8,5403.2,TRF-8254,Warehouse Transfer,81,37,system,Transaction processed for WH_100 location,system,2025-10-06
331,3041,2,Sale,2026-03-20,-20,127.74,2554.8,SO-27400,Customer Sale,74,54,warehouse2,Transaction processed for WH_200 location,system,2026-03-20
332,1531,2,Transfer,2025-12-20,-38,91.09,3461.42,TRF-2844,Warehouse Transfer,49,11,warehouse1,Transaction processed for Backup location,system,2025-12-20
333,2022,1,Sale,2026-01-14,-39,36.37,1418.43,SO-50228,Customer Sale,153,114,system,Transaction processed for WH_100 location,system,2026-01-14
334,2071,1,Sale,2025-11-23,-9,21.94,197.46,SO-15123,Customer Sale,80,71,warehouse1,Transaction processed for WH_100 location,system,2025-11-23
335,2061,1,Receipt,2025-08-29,74,25.31,1872.94,PO-9740,Purchase Order Receipt,43,117,warehouse1,Transaction processed for WH_100 location,system,2025-08-29
336,1523,2,Sale,2025-12-08,-35,54.46,1906.1,SO-19976,Customer Sale,188,153,warehouse2,Transaction processed for WH_200 location,system,2025-12-08
337,1523,2,Adjustment,2025-10-12,3,54.46,163.38,ADJ-337,Cycle Count,103,106,warehouse1,Transaction processed for WH_200 location,system,2025-10-12
338,1521,1,Sale,2025-12-30,-33,122.8,4052.4,SO-92734,Customer Sale,87,54,warehouse2,Transaction processed for WH_100 location,system,2025-12-30
339,3022,1,Adjustment,2025-10-08,-1,352.53,352.53,ADJ-339,System Correction,78,77,warehouse2,Transaction processed for WH_100 location,system,2025-10-08
340,2071,2,Sale,2025-11-24,-41,21.94,899.54,SO-77126,Customer Sale,69,28,system,Transaction processed for Backup location,system,2025-11-24
341,2011,2,Sale,2025-08-11,-10,124.64,1246.4,SO-89716,Customer Sale,63,53,warehouse1,Transaction processed for Backup location,system,2025-08-11
342,2111,2,Receipt,2025-09-03,93,148.72,13830.96,PO-3210,Purchase Order Receipt,32,125,system,Transaction processed for WH_200 location,system,2025-09-03
343,3091,2,Sale,2025-10-06,-5,456.94,2284.7,SO-90830,Customer Sale,5,0,warehouse2,Transaction processed for WH_200 location,system,2025-10-06
344,2011,2,Adjustment,2026-04-03,-20,124.64,2492.8,ADJ-344,System Correction,38,18,warehouse1,Transaction processed for Backup location,system,2026-04-03
345,2111,2,Sale,2025-08-10,-38,142.6,5418.8,SO-36149,Customer Sale,51,13,warehouse2,Transaction processed for WH_200 location,system,2025-08-10
346,2071,2,Receipt,2026-02-27,147,22.46,3301.62,PO-7617,Purchase Order Receipt,84,231,system,Transaction processed for Backup location,system,2026-02-27
347,3091,2,Damage,2025-12-07,-4,456.94,1827.76,DMG-347,Warehouse Damage,33,29,warehouse2,Transaction processed for Backup location,system,2025-12-07
348,2012,1,Sale,2026-01-04,-46,312.61,14380.06,SO-23692,Customer Sale,193,147,warehouse2,Transaction processed for WH_100 location,system,2026-01-04
349,3102,1,Receipt,2025-09-14,174,165.57,28809.18,PO-6908,Purchase Order Receipt,152,326,warehouse2,Transaction processed for WH_100 location,system,2025-09-14
350,2012,2,Transfer,2025-10-17,-23,312.61,7190.03,TRF-4130,Warehouse Transfer,134,111,warehouse2,Transaction processed for Backup location,system,2025-10-17
351,1522,1,Transfer,2026-02-05,-38,163.1,6197.8,TRF-3029,Warehouse Transfer,185,147,warehouse1,Transaction processed for WH_100 location,system,2026-02-05
352,3072,1,Sale,2025-12-27,-31,10.7,331.7,SO-59467,Customer Sale,31,0,warehouse2,Transaction processed for WH_100 location,system,2025-12-27
353,1561,1,Return,2025-11-30,1,65.65,65.65,RET-77243,Customer Return,106,107,system,Transaction processed for WH_100 location,system,2025-11-30
354,2091,1,Adjustment,2025-08-10,20,7.98,159.6,ADJ-354,Physical Count,12,32,system,Transaction processed for WH_100 location,system,2025-08-10
355,1533,1,Receipt,2026-04-25,88,106.56,9377.28,PO-6658,Purchase Order Receipt,77,165,system,Transaction processed for WH_100 location,system,2026-04-25
356,1532,1,Sale,2026-04-19,-42,67.64,2840.88,SO-89637,Customer Sale,154,112,warehouse2,Transaction processed for WH_100 location,system,2026-04-19
357,1541,1,Receipt,2025-08-31,16,126.88,2030.08,PO-6455,Purchase Order Receipt,83,99,system,Transaction processed for WH_100 location,system,2025-08-31
358,1562,1,Receipt,2025-12-07,154,121.28,18677.12,PO-2985,Purchase Order Receipt,100,254,system,Transaction processed for WH_100 location,system,2025-12-07
359,3081,1,Return,2025-09-04,2,46.53,93.06,RET-36632,Customer Return,138,140,warehouse2,Transaction processed for WH_100 location,system,2025-09-04
360,1581,1,Sale,2025-11-01,-3,48.56,145.68,SO-68319,Customer Sale,3,0,warehouse1,Transaction processed for WH_100 location,system,2025-11-01
361,3052,1,Sale,2025-07-19,-4,115.25,461.0,SO-67055,Customer Sale,53,49,warehouse2,Transaction processed for WH_100 location,system,2025-07-19
362,3021,1,Receipt,2025-10-10,74,274.13,20285.62,PO-6372,Purchase Order Receipt,20,94,warehouse2,Transaction processed for WH_100 location,system,2025-10-10
363,1572,3,Receipt,2025-09-08,191,227.39,43431.49,PO-6208,Purchase Order Receipt,106,297,warehouse1,Transaction processed for WH_500 location,system,2025-09-08
364,2031,1,Sale,2025-07-07,-36,23.04,829.44,SO-87101,Customer Sale,42,6,warehouse2,Transaction processed for WH_100 location,system,2025-07-07
365,1571,1,Receipt,2026-01-11,93,105.2,9783.6,PO-4014,Purchase Order Receipt,180,273,system,Transaction processed for WH_100 location,system,2026-01-11
366,1512,1,Sale,2025-08-18,-49,219.21,10741.29,SO-73741,Customer Sale,68,19,warehouse2,Transaction processed for WH_100 location,system,2025-08-18
367,3062,3,Sale,2026-02-11,-38,88.18,3350.84,SO-59451,Customer Sale,62,24,system,Transaction processed for WH_500 location,system,2026-02-11
368,3041,2,Return,2026-02-16,4,102.19,408.76,RET-63205,Customer Return,173,177,system,Transaction processed for WH_200 location,system,2026-02-16
369,3081,1,Sale,2026-02-14,-10,58.16,581.6,SO-27954,Customer Sale,61,51,system,Transaction processed for WH_100 location,system,2026-02-14
370,3013,1,Adjustment,2026-04-19,-8,344.68,2757.44,ADJ-370,Cycle Count,149,141,warehouse2,Transaction processed for WH_100 location,system,2026-04-19
371,2071,1,Sale,2026-04-01,-42,21.94,921.48,SO-89846,Customer Sale,46,4,warehouse2,Transaction processed for WH_100 location,system,2026-04-01
372,3041,2,Sale,2025-12-05,-32,127.74,4087.68,SO-66477,Customer Sale,32,0,warehouse1,Transaction processed for WH_200 location,system,2025-12-05
373,3102,1,Receipt,2026-03-30,91,166.35,15137.85,PO-5864,Purchase Order Receipt,145,236,warehouse1,Transaction processed for WH_100 location,system,2026-03-30
374,3091,2,Sale,2025-11-26,-45,456.94,20562.3,SO-39824,Customer Sale,65,20,warehouse1,Transaction processed for WH_200 location,system,2025-11-26
375,3011,1,Sale,2025-07-31,-8,968.68,7749.44,SO-46339,Customer Sale,233,225,warehouse1,Transaction processed for WH_100 location,system,2025-07-31
376,3032,1,Sale,2025-10-22,-8,240.85,1926.8,SO-85353,Customer Sale,158,150,system,Transaction processed for WH_100 location,system,2025-10-22
377,2041,1,Transfer,2025-10-30,-37,44.39,1642.43,TRF-5326,Warehouse Transfer,37,0,warehouse1,Transaction processed for WH_100 location,system,2025-10-30
378,3071,2,Receipt,2025-08-21,109,39.96,4355.64,PO-8649,Purchase Order Receipt,95,204,system,Transaction processed for WH_200 location,system,2025-08-21
379,1553,1,Receipt,2026-03-18,187,91.33,17078.71,PO-2526,Purchase Order Receipt,167,354,warehouse2,Transaction processed for WH_100 location,system,2026-03-18
380,3102,2,Sale,2026-03-17,-19,173.13,3289.47,SO-17260,Customer Sale,132,113,system,Transaction processed for Backup location,system,2026-03-17
381,2091,1,Return,2025-10-24,5,6.38,31.9,RET-17859,Customer Return,12,17,system,Transaction processed for WH_100 location,system,2025-10-24
382,1561,2,Transfer,2026-03-10,-24,82.06,1969.44,TRF-5610,Warehouse Transfer,79,55,system,Transaction processed for Backup location,system,2026-03-10
383,1561,1,Transfer,2025-07-03,-22,82.06,1805.32,TRF-9919,Warehouse Transfer,88,66,warehouse2,Transaction processed for WH_100 location,system,2025-07-03
384,3052,2,Receipt,2026-03-19,10,118.81,1188.1,PO-2052,Purchase Order Receipt,90,100,system,Transaction processed for Backup location,system,2026-03-19
385,2031,1,Receipt,2025-07-05,47,24.15,1135.05,PO-2100,Purchase Order Receipt,67,114,warehouse2,Transaction processed for WH_100 location,system,2025-07-05
386,2011,2,Sale,2025-07-23,-45,124.64,5608.8,SO-12551,Customer Sale,45,0,warehouse2,Transaction processed for Backup location,system,2025-07-23
387,1571,1,Sale,2026-01-08,-26,109.65,2850.9,SO-15409,Customer Sale,225,199,system,Transaction processed for WH_100 location,system,2026-01-08
388,3102,2,Receipt,2025-08-18,168,181.61,30510.48,PO-4712,Purchase Order Receipt,58,226,warehouse1,Transaction processed for Backup location,system,2025-08-18
389,2112,1,Damage,2025-12-02,-10,66.6,666.0,DMG-389,Warehouse Damage,81,71,warehouse1,Transaction processed for WH_100 location,system,2025-12-02
390,3102,2,Sale,2026-01-26,-2,173.13,346.26,SO-54556,Customer Sale,114,112,warehouse2,Transaction processed for Backup location,system,2026-01-26
391,1541,2,Receipt,2026-02-15,129,134.9,17402.1,PO-7217,Purchase Order Receipt,47,176,system,Transaction processed for Backup location,system,2026-02-15
392,1521,1,Transfer,2025-10-06,-9,122.8,1105.2,TRF-6297,Warehouse Transfer,115,106,system,Transaction processed for WH_100 location,system,2025-10-06
393,3101,1,Sale,2026-02-09,-49,114.44,5607.56,SO-81753,Customer Sale,82,33,system,Transaction processed for WH_100 location,system,2026-02-09
394,2012,1,Sale,2026-03-13,-29,312.61,9065.69,SO-36646,Customer Sale,193,164,system,Transaction processed for WH_100 location,system,2026-03-13
395,3041,2,Sale,2026-04-02,-26,127.74,3321.24,SO-73998,Customer Sale,26,0,warehouse2,Transaction processed for WH_200 location,system,2026-04-02
396,3091,2,Sale,2026-01-31,-24,456.94,10966.56,SO-31716,Customer Sale,165,141,warehouse2,Transaction processed for WH_200 location,system,2026-01-31
397,3051,1,Adjustment,2025-07-23,17,226.49,3850.33,ADJ-397,Cycle Count,52,69,warehouse2,Transaction processed for WH_100 location,system,2025-07-23
398,3091,2,Transfer,2025-08-31,-7,456.94,3198.58,TRF-5683,Warehouse Transfer,7,0,system,Transaction processed for WH_200 location,system,2025-08-31
399,1522,2,Return,2026-01-04,4,130.48,521.92,RET-95545,Customer Return,15,19,warehouse2,Transaction processed for Backup location,system,2026-01-04
400,1521,1,Sale,2025-11-01,-13,122.8,1596.4,SO-28745,Customer Sale,59,46,warehouse2,Transaction processed for WH_100 location,system,2025-11-01
401,3011,1,Sale,2025-11-01,-11,968.68,10655.48,SO-99296,Customer Sale,206,195,system,Transaction processed for WH_100 location,system,2025-11-01
402,3012,2,Return,2026-04-23,5,527.29,2636.45,RET-50798,Customer Return,45,50,system,Transaction processed for Backup location,system,2026-04-23
403,2012,1,Transfer,2025-09-10,-33,312.61,10316.13,TRF-8290,Warehouse Transfer,127,94,system,Transaction processed for WH_100 location,system,2025-09-10
404,1543,1,Sale,2025-08-01,-3,65.36,196.08,SO-78927,Customer Sale,24,21,warehouse2,Transaction processed for WH_100 location,system,2025-08-01
405,2031,1,Sale,2025-10-29,-13,23.04,299.52,SO-68181,Customer Sale,13,0,warehouse1,Transaction processed for WH_100 location,system,2025-10-29
406,3021,1,Receipt,2025-11-11,57,277.85,15837.45,PO-1958,Purchase Order Receipt,7,64,warehouse1,Transaction processed for WH_100 location,system,2025-11-11
407,2022,1,Transfer,2026-04-11,-10,36.37,363.7,TRF-1768,Warehouse Transfer,150,140,system,Transaction processed for WH_100 location,system,2026-04-11
408,2012,1,Receipt,2026-01-13,98,323.7,31722.6,PO-4348,Purchase Order Receipt,36,134,warehouse1,Transaction processed for WH_100 location,system,2026-01-13
409,1521,2,Adjustment,2026-02-12,17,122.8,2087.6,ADJ-409,Cycle Count,46,63,system,Transaction processed for Backup location,system,2026-02-12
410,2112,1,Sale,2025-07-09,-37,66.6,2464.2,SO-43668,Customer Sale,233,196,warehouse1,Transaction processed for WH_100 location,system,2025-07-09
411,2021,1,Sale,2025-11-19,-34,71.31,2424.54,SO-36823,Customer Sale,91,57,warehouse2,Transaction processed for WH_100 location,system,2025-11-19
412,2011,2,Transfer,2025-08-14,-26,124.64,3240.64,TRF-9628,Warehouse Transfer,90,64,system,Transaction processed for Backup location,system,2025-08-14
413,3072,1,Sale,2025-09-05,-4,10.7,42.8,SO-28622,Customer Sale,125,121,system,Transaction processed for WH_100 location,system,2025-09-05
414,3022,1,Receipt,2025-10-15,190,341.83,64947.7,PO-3112,Purchase Order Receipt,44,234,warehouse2,Transaction processed for WH_100 location,system,2025-10-15
415,1571,1,Receipt,2026-03-01,71,114.7,8143.7,PO-5111,Purchase Order Receipt,145,216,warehouse2,Transaction processed for WH_100 location,system,2026-03-01
416,1581,1,Sale,2026-03-11,-16,48.56,776.96,SO-32956,Customer Sale,67,51,system,Transaction processed for WH_100 location,system,2026-03-11
417,3051,1,Sale,2026-01-12,-21,226.49,4756.29,SO-78068,Customer Sale,29,8,warehouse1,Transaction processed for WH_100 location,system,2026-01-12
418,3102,2,Sale,2025-10-25,-33,173.13,5713.29,SO-77844,Customer Sale,71,38,warehouse2,Transaction processed for Backup location,system,2025-10-25
419,3103,2,Receipt,2025-12-03,94,173.41,16300.54,PO-7154,Purchase Order Receipt,106,200,warehouse2,Transaction processed for Backup location,system,2025-12-03
420,2012,2,Sale,2025-08-23,-38,312.61,11879.18,SO-87859,Customer Sale,38,0,warehouse1,Transaction processed for Backup location,system,2025-08-23
421,3101,1,Sale,2026-03-15,-38,114.44,4348.72,SO-28438,Customer Sale,48,10,warehouse1,Transaction processed for WH_100 location,system,2026-03-15
422,3022,2,Return,2026-01-28,2,282.02,564.04,RET-98440,Customer Return,50,52,warehouse2,Transaction processed for Backup location,system,2026-01-28
423,3061,1,Sale,2026-02-14,-43,151.7,6523.1,SO-34433,Customer Sale,84,41,system,Transaction processed for WH_100 location,system,2026-02-14
424,3102,2,Sale,2025-08-18,-32,173.13,5540.16,SO-38285,Customer Sale,101,69,warehouse1,Transaction processed for Backup location,system,2025-08-18
425,1581,1,Receipt,2025-11-24,115,47.41,5452.15,PO-8386,Purchase Order Receipt,11,126,warehouse1,Transaction processed for WH_100 location,system,2025-11-24
426,3042,2,Receipt,2026-03-29,55,62.72,3449.6,PO-9510,Purchase Order Receipt,138,193,warehouse2,Transaction processed for Backup location,system,2026-03-29
427,3032,1,Sale,2026-02-20,-2,240.85,481.7,SO-93459,Customer Sale,2,0,warehouse2,Transaction processed for WH_100 location,system,2026-02-20
428,3011,1,Return,2025-11-02,3,774.94,2324.82,RET-44456,Customer Return,211,214,warehouse1,Transaction processed for WH_100 location,system,2025-11-02
429,2012,1,Damage,2026-04-17,-9,312.61,2813.49,DMG-429,Shipping Damage,151,142,system,Transaction processed for WH_100 location,system,2026-04-17
430,3061,1,Transfer,2026-02-10,-23,151.7,3489.1,TRF-1455,Warehouse Transfer,49,26,warehouse1,Transaction processed for WH_100 location,system,2026-02-10
431,3082,1,Sale,2025-10-08,-44,84.82,3732.08,SO-58509,Customer Sale,75,31,warehouse2,Transaction processed for WH_100 location,system,2025-10-08
432,2022,1,Sale,2025-08-06,-17,36.37,618.29,SO-81014,Customer Sale,17,0,warehouse1,Transaction processed for WH_100 location,system,2025-08-06
433,1562,1,Sale,2026-03-09,-25,121.04,3026.0,SO-74198,Customer Sale,78,53,warehouse2,Transaction processed for WH_100 location,system,2026-03-09
434,2101,2,Sale,2026-03-27,-31,13.5,418.5,SO-34773,Customer Sale,100,69,system,Transaction processed for WH_200 location,system,2026-03-27
435,1521,2,Damage,2025-08-30,-2,122.8,245.6,DMG-435,Warehouse Damage,98,96,system,Transaction processed for Backup location,system,2025-08-30
436,1561,1,Transfer,2025-10-03,-2,82.06,164.12,TRF-4312,Warehouse Transfer,2,0,system,Transaction processed for WH_100 location,system,2025-10-03
437,1571,1,Sale,2025-09-20,-26,109.65,2850.9,SO-58220,Customer Sale,282,256,warehouse2,Transaction processed for WH_100 location,system,2025-09-20
438,2101,2,Adjustment,2025-07-06,-1,13.5,13.5,ADJ-438,Physical Count,1,0,system,Transaction processed for WH_200 location,system,2025-07-06
439,2012,2,Receipt,2025-11-28,107,318.32,34060.24,PO-3033,Purchase Order Receipt,112,219,warehouse2,Transaction processed for Backup location,system,2025-11-28
440,3091,2,Receipt,2025-07-23,37,440.49,16298.13,PO-5137,Purchase Order Receipt,87,124,warehouse1,Transaction processed for WH_200 location,system,2025-07-23
441,2021,1,Sale,2025-08-08,-35,71.31,2495.85,SO-97295,Customer Sale,207,172,system,Transaction processed for WH_100 location,system,2025-08-08
442,2091,1,Sale,2026-03-22,-14,7.98,111.72,SO-73772,Customer Sale,46,32,system,Transaction processed for WH_100 location,system,2026-03-22
443,3082,1,Adjustment,2025-12-23,-10,84.82,848.2,ADJ-443,Cycle Count,171,161,warehouse2,Transaction processed for WH_100 location,system,2025-12-23
444,1522,1,Damage,2026-02-15,-6,163.1,978.6,DMG-444,Quality Issue,229,223,system,Transaction processed for WH_100 location,system,2026-02-15
445,1561,1,Sale,2025-07-01,-28,82.06,2297.68,SO-95274,Customer Sale,87,59,warehouse1,Transaction processed for WH_100 location,system,2025-07-01
446,3072,1,Receipt,2026-04-19,195,10.72,2090.4,PO-4128,Purchase Order Receipt,211,406,warehouse2,Transaction processed for WH_100 location,system,2026-04-19
447,1522,2,Transfer,2026-02-20,-12,163.1,1957.2,TRF-9167,Warehouse Transfer,66,54,system,Transaction processed for Backup location,system,2026-02-20
448,2112,1,Receipt,2026-03-03,12,69.71,836.52,PO-7333,Purchase Order Receipt,162,174,warehouse2,Transaction processed for WH_100 location,system,2026-03-03
449,3042,1,Receipt,2026-02-09,15,63.43,951.45,PO-6038,Purchase Order Receipt,146,161,warehouse1,Transaction processed for WH_100 location,system,2026-02-09
450,3081,1,Receipt,2026-03-29,146,60.02,8762.92,PO-2709,Purchase Order Receipt,119,265,warehouse1,Transaction processed for WH_100 location,system,2026-03-29
451,1562,1,Receipt,2025-11-19,25,118.2,2955.0,PO-4946,Purchase Order Receipt,92,117,warehouse1,Transaction processed for WH_100 location,system,2025-11-19
452,1521,1,Receipt,2025-10-29,90,126.08,11347.2,PO-7903,Purchase Order Receipt,123,213,system,Transaction processed for WH_100 location,system,2025-10-29
453,3013,1,Sale,2025-11-07,-22,344.68,7582.96,SO-94640,Customer Sale,28,6,warehouse2,Transaction processed for WH_100 location,system,2025-11-07
454,1553,2,Receipt,2025-11-16,189,93.15,17605.35,PO-8936,Purchase Order Receipt,45,234,warehouse2,Transaction processed for Backup location,system,2025-11-16
455,3052,1,Sale,2025-12-01,-17,115.25,1959.25,SO-22424,Customer Sale,17,0,warehouse1,Transaction processed for WH_100 location,system,2025-12-01
456,3022,2,Sale,2025-07-09,-15,352.53,5287.95,SO-50119,Customer Sale,15,0,warehouse2,Transaction processed for Backup location,system,2025-07-09
457,1563,1,Adjustment,2025-07-05,11,70.33,773.63,ADJ-457,Physical Count,119,130,system,Transaction processed for WH_100 location,system,2025-07-05
458,3012,1,Sale,2026-03-21,-21,659.11,13841.31,SO-31812,Customer Sale,211,190,warehouse1,Transaction processed for WH_100 location,system,2026-03-21
459,3033,1,Receipt,2026-01-05,22,408.3,8982.6,PO-6661,Purchase Order Receipt,5,27,warehouse2,Transaction processed for WH_100 location,system,2026-01-05
460,1562,1,Receipt,2025-09-09,149,118.37,17637.13,PO-8446,Purchase Order Receipt,90,239,warehouse2,Transaction processed for WH_100 location,system,2025-09-09
461,2012,1,Sale,2026-02-07,-34,312.61,10628.74,SO-82998,Customer Sale,160,126,warehouse1,Transaction processed for WH_100 location,system,2026-02-07
462,3021,1,Adjustment,2026-01-09,17,270.38,4596.46,ADJ-462,System Correction,62,79,warehouse2,Transaction processed for WH_100 location,system,2026-01-09
463,1521,2,Receipt,2025-08-16,138,125.06,17258.28,PO-4011,Purchase Order Receipt,57,195,warehouse1,Transaction processed for Backup location,system,2025-08-16
464,2121,1,Adjustment,2025-11-23,7,31.62,221.34,ADJ-464,Physical Count,95,102,system,Transaction processed for WH_100 location,system,2025-11-23
465,3012,2,Adjustment,2026-02-24,-15,659.11,9886.65,ADJ-465,System Correction,19,4,warehouse2,Transaction processed for Backup location,system,2026-02-24
466,3031,2,Sale,2026-01-22,-27,419.97,11339.19,SO-45150,Customer Sale,28,1,system,Transaction processed for Backup location,system,2026-01-22
467,3012,2,Receipt,2026-01-23,93,676.36,62901.48,PO-8095,Purchase Order Receipt,175,268,system,Transaction processed for Backup location,system,2026-01-23
468,2112,1,Receipt,2026-01-31,113,67.68,7647.84,PO-3941,Purchase Order Receipt,162,275,warehouse2,Transaction processed for WH_100 location,system,2026-01-31
469,3013,1,Sale,2025-10-09,-16,344.68,5514.88,SO-11756,Customer Sale,16,0,system,Transaction processed for WH_100 location,system,2025-10-09
470,2011,1,Sale,2026-04-26,-34,124.64,4237.76,SO-55020,Customer Sale,162,128,warehouse1,Transaction processed for WH_100 location,system,2026-04-26
471,1571,1,Adjustment,2025-11-24,-18,109.65,1973.7,ADJ-471,Physical Count,293,275,system,Transaction processed for WH_100 location,system,2025-11-24
472,1562,1,Sale,2026-02-15,-6,121.04,726.24,SO-49405,Customer Sale,28,22,warehouse1,Transaction processed for WH_100 location,system,2026-02-15
473,2051,1,Return,2025-07-28,5,13.15,65.75,RET-55334,Customer Return,94,99,system,Transaction processed for WH_100 location,system,2025-07-28
474,3072,1,Damage,2025-10-10,-5,10.7,53.5,DMG-474,Quality Issue,172,167,warehouse2,Transaction processed for WH_100 location,system,2025-10-10
475,1562,1,Receipt,2025-08-21,119,115.3,13720.7,PO-4761,Purchase Order Receipt,42,161,warehouse1,Transaction processed for WH_100 location,system,2025-08-21
476,3013,1,Transfer,2025-07-31,-10,344.68,3446.8,TRF-6167,Warehouse Transfer,10,0,system,Transaction processed for WH_100 location,system,2025-07-31
477,1543,1,Receipt,2026-03-17,196,67.58,13245.68,PO-2862,Purchase Order Receipt,62,258,warehouse1,Transaction processed for WH_100 location,system,2026-03-17
478,2121,1,Transfer,2026-03-02,-16,31.62,505.92,TRF-3521,Warehouse Transfer,88,72,system,Transaction processed for WH_100 location,system,2026-03-02
479,1581,1,Transfer,2026-04-05,-15,48.56,728.4,TRF-7979,Warehouse Transfer,85,70,warehouse2,Transaction processed for WH_100 location,system,2026-04-05
480,3011,1,Return,2025-09-13,3,774.94,2324.82,RET-22422,Customer Return,154,157,system,Transaction processed for WH_100 location,system,2025-09-13
481,2111,2,Sale,2026-03-20,-20,142.6,2852.0,SO-56088,Customer Sale,20,0,warehouse1,Transaction processed for WH_200 location,system,2026-03-20
482,1541,2,Receipt,2025-07-16,105,127.62,13400.1,PO-8864,Purchase Order Receipt,56,161,warehouse2,Transaction processed for Backup location,system,2025-07-16
483,3041,2,Transfer,2025-09-30,-1,127.74,127.74,TRF-8672,Warehouse Transfer,1,0,warehouse2,Transaction processed for Backup location,system,2025-09-30
484,3033,1,Sale,2026-03-08,-27,419.49,11326.23,SO-98834,Customer Sale,96,69,warehouse1,Transaction processed for WH_100 location,system,2026-03-08
485,1521,1,Sale,2025-09-09,-10,122.8,1228.0,SO-11167,Customer Sale,10,0,warehouse1,Transaction processed for WH_100 location,system,2025-09-09
486,1531,1,Receipt,2025-09-05,148,89.01,13173.48,PO-5259,Purchase Order Receipt,14,162,warehouse1,Transaction processed for WH_100 location,system,2025-09-05
487,1561,2,Receipt,2026-03-14,58,83.51,4843.58,PO-5137,Purchase Order Receipt,77,135,warehouse1,Transaction processed for Backup location,system,2026-03-14
488,1551,1,Sale,2025-10-21,-3,67.04,201.12,SO-18052,Customer Sale,80,77,warehouse2,Transaction processed for WH_100 location,system,2025-10-21
489,3051,1,Return,2025-09-01,1,181.19,181.19,RET-77651,Customer Return,4,5,warehouse1,Transaction processed for WH_100 location,system,2025-09-01
490,1551,1,Receipt,2026-04-25,54,69.14,3733.56,PO-4043,Purchase Order Receipt,5,59,warehouse2,Transaction processed for WH_100 location,system,2026-04-25
491,1542,1,Receipt,2025-07-21,188,93.89,17651.32,PO-9573,Purchase Order Receipt,84,272,system,Transaction processed for WH_100 location,system,2025-07-21
492,2111,2,Receipt,2026-02-25,138,139.56,19259.28,PO-4325,Purchase Order Receipt,72,210,warehouse1,Transaction processed for WH_200 location,system,2026-02-25
493,3082,1,Adjustment,2026-03-09,-10,84.82,848.2,ADJ-493,Physical Count,56,46,warehouse2,Transaction processed for WH_100 location,system,2026-03-09
494,1563,1,Transfer,2025-12-08,-22,70.33,1547.26,TRF-9341,Warehouse Transfer,86,64,system,Transaction processed for WH_100 location,system,2025-12-08
495,1572,3,Receipt,2026-02-12,16,217.34,3477.44,PO-7152,Purchase Order Receipt,218,234,warehouse1,Transaction processed for WH_500 location,system,2026-02-12
496,3021,1,Receipt,2025-07-25,145,270.62,39239.9,PO-5637,Purchase Order Receipt,42,187,system,Transaction processed for WH_100 location,system,2025-07-25
497,3103,2,Transfer,2026-03-11,-38,180.33,6852.54,TRF-7417,Warehouse Transfer,137,99,warehouse1,Transaction processed for Backup location,system,2026-03-11
498,3104,2,Sale,2025-12-16,-22,118.89,2615.58,SO-14268,Customer Sale,22,0,warehouse2,Transaction processed for Backup location,system,2025-12-16
499,1581,1,Sale,2025-08-01,-37,48.56,1796.72,SO-72578,Customer Sale,87,50,warehouse1,Transaction processed for WH_100 location,system,2025-08-01
500,1551,1,Adjustment,2025-12-23,10,67.04,670.4,ADJ-500,Physical Count,49,59,system,Transaction processed for WH_100 location,system,2025-12-23
501,1572,3,Receipt,2026-02-21,174,215.49,37495.26,PO-6297,Purchase Order Receipt,72,246,system,Transaction processed for WH_500 location,system,2026-02-21
502,3082,1,Receipt,2025-11-14,12,84.78,1017.36,PO-1437,Purchase Order Receipt,152,164,warehouse2,Transaction processed for WH_100 location,system,2025-11-14
503,3032,1,Damage,2026-01-26,-5,240.85,1204.25,DMG-503,Warehouse Damage,70,65,warehouse1,Transaction processed for WH_100 location,system,2026-01-26
504,1581,1,Sale,2025-12-29,-38,48.56,1845.28,SO-25708,Customer Sale,59,21,warehouse1,Transaction processed for WH_100 location,system,2025-12-29
505,3021,1,Sale,2026-01-30,-1,270.38,270.38,SO-38693,Customer Sale,33,32,warehouse2,Transaction processed for WH_100 location,system,2026-01-30
506,3092,1,Receipt,2025-07-05,184,557.94,102660.96,PO-6091,Purchase Order Receipt,242,426,system,Transaction processed for WH_100 location,system,2025-07-05
507,3062,3,Sale,2025-08-03,-23,88.18,2028.14,SO-35047,Customer Sale,39,16,warehouse2,Transaction processed for WH_500 location,system,2025-08-03
508,2121,1,Transfer,2026-03-14,-18,31.62,569.16,TRF-9662,Warehouse Transfer,108,90,system,Transaction processed for WH_100 location,system,2026-03-14
509,3071,2,Receipt,2026-02-07,125,37.89,4736.25,PO-8776,Purchase Order Receipt,5,130,warehouse1,Transaction processed for WH_200 location,system,2026-02-07
510,1541,1,Receipt,2026-04-17,94,126.51,11891.94,PO-4715,Purchase Order Receipt,22,116,system,Transaction processed for WH_100 location,system,2026-04-17
511,2051,2,Receipt,2025-08-22,122,16.34,1993.48,PO-2279,Purchase Order Receipt,92,214,warehouse1,Transaction processed for Backup location,system,2025-08-22
512,1553,2,Return,2025-11-11,3,73.1,219.3,RET-80745,Customer Return,116,119,warehouse1,Transaction processed for Backup location,system,2025-11-11
513,3103,1,Sale,2025-07-15,-4,180.33,721.32,SO-95521,Customer Sale,208,204,warehouse1,Transaction processed for WH_100 location,system,2025-07-15
514,3062,3,Receipt,2025-08-11,190,86.13,16364.7,PO-8489,Purchase Order Receipt,96,286,warehouse2,Transaction processed for WH_500 location,system,2025-08-11
515,1561,2,Adjustment,2025-12-25,5,82.06,410.3,ADJ-515,Cycle Count,75,80,warehouse1,Transaction processed for Backup location,system,2025-12-25
516,1541,1,Adjustment,2025-12-23,-9,132.59,1193.31,ADJ-516,System Correction,148,139,warehouse2,Transaction processed for WH_100 location,system,2025-12-23
517,2121,1,Receipt,2025-11-19,49,32.65,1599.85,PO-9204,Purchase Order Receipt,123,172,system,Transaction processed for WH_100 location,system,2025-11-19
518,3091,2,Adjustment,2025-07-26,-1,456.94,456.94,ADJ-518,Cycle Count,33,32,warehouse1,Transaction processed for WH_200 location,system,2025-07-26
519,2051,1,Sale,2026-01-22,-28,16.44,460.32,SO-85114,Customer Sale,107,79,warehouse2,Transaction processed for WH_100 location,system,2026-01-22
520,2012,2,Transfer,2025-09-22,-16,312.61,5001.76,TRF-5227,Warehouse Transfer,51,35,warehouse1,Transaction processed for Backup location,system,2025-09-22
521,2021,1,Sale,2025-12-04,-42,71.31,2995.02,SO-56258,Customer Sale,92,50,system,Transaction processed for WH_100 location,system,2025-12-04
522,1581,1,Sale,2025-12-22,-34,48.56,1651.04,SO-49181,Customer Sale,103,69,warehouse2,Transaction processed for WH_100 location,system,2025-12-22
523,3041,2,Sale,2025-10-03,-4,127.74,510.96,SO-78323,Customer Sale,59,55,system,Transaction processed for Backup location,system,2025-10-03
524,3041,2,Sale,2025-11-18,-6,127.74,766.44,SO-88368,Customer Sale,6,0,warehouse2,Transaction processed for WH_200 location,system,2025-11-18
525,1511,2,Receipt,2026-03-01,132,316.63,41795.16,PO-8465,Purchase Order Receipt,67,199,warehouse2,Transaction processed for WH_200 location,system,2026-03-01
526,3041,2,Receipt,2025-09-07,186,122.2,22729.2,PO-4110,Purchase Order Receipt,148,334,system,Transaction processed for WH_200 location,system,2025-09-07
527,2051,2,Receipt,2025-09-30,74,16.23,1201.02,PO-8955,Purchase Order Receipt,0,74,warehouse1,Transaction processed for Backup location,system,2025-09-30
528,3032,1,Sale,2025-07-18,-42,240.85,10115.7,SO-98686,Customer Sale,61,19,warehouse2,Transaction processed for WH_100 location,system,2025-07-18
529,1531,2,Sale,2025-09-11,-15,91.09,1366.35,SO-68055,Customer Sale,15,0,warehouse2,Transaction processed for Backup location,system,2025-09-11
530,2041,1,Sale,2025-08-25,-5,44.39,221.95,SO-13709,Customer Sale,96,91,system,Transaction processed for WH_100 location,system,2025-08-25
531,3042,2,Sale,2026-01-16,-14,62.54,875.56,SO-71674,Customer Sale,135,121,warehouse2,Transaction processed for Backup location,system,2026-01-16
532,3103,2,Receipt,2026-01-17,108,182.11,19667.88,PO-7096,Purchase Order Receipt,130,238,system,Transaction processed for Backup location,system,2026-01-17
533,2061,1,Sale,2026-03-31,-12,25.72,308.64,SO-36663,Customer Sale,85,73,system,Transaction processed for WH_100 location,system,2026-03-31
534,1523,2,Damage,2025-11-13,-3,54.46,163.38,DMG-534,Warehouse Damage,13,10,warehouse2,Transaction processed for WH_200 location,system,2025-11-13
535,3042,2,Receipt,2025-07-10,27,65.51,1768.77,PO-8550,Purchase Order Receipt,50,77,warehouse2,Transaction processed for Backup location,system,2025-07-10
536,3031,3,Sale,2025-09-17,-23,419.97,9659.31,SO-47814,Customer Sale,113,90,system,Transaction processed for WH_500 location,system,2025-09-17
537,1522,2,Transfer,2025-08-18,-20,163.1,3262.0,TRF-2407,Warehouse Transfer,20,0,system,Transaction processed for Backup location,system,2025-08-18
538,2011,2,Receipt,2026-01-31,116,124.53,14445.48,PO-3576,Purchase Order Receipt,79,195,warehouse1,Transaction processed for Backup location,system,2026-01-31
539,2111,2,Receipt,2025-09-06,105,139.12,14607.6,PO-7234,Purchase Order Receipt,101,206,warehouse1,Transaction processed for WH_200 location,system,2025-09-06
540,1541,2,Receipt,2025-12-24,112,126.63,14182.56,PO-1682,Purchase Order Receipt,71,183,warehouse1,Transaction processed for Backup location,system,2025-12-24
541,2051,1,Sale,2026-04-13,-1,16.44,16.44,SO-52238,Customer Sale,1,0,warehouse1,Transaction processed for WH_100 location,system,2026-04-13
542,3052,1,Sale,2025-09-14,-38,115.25,4379.5,SO-18481,Customer Sale,88,50,system,Transaction processed for WH_100 location,system,2025-09-14
543,1581,1,Receipt,2025-11-12,44,49.52,2178.88,PO-4762,Purchase Order Receipt,88,132,warehouse2,Transaction processed for WH_100 location,system,2025-11-12
544,1551,1,Receipt,2025-10-21,92,68.05,6260.6,PO-4483,Purchase Order Receipt,114,206,warehouse2,Transaction processed for WH_100 location,system,2025-10-21
545,3092,1,Return,2026-04-09,4,432.09,1728.36,RET-18220,Customer Return,186,190,warehouse1,Transaction processed for WH_100 location,system,2026-04-09
546,2011,1,Sale,2025-07-02,-30,124.64,3739.2,SO-76720,Customer Sale,87,57,warehouse1,Transaction processed for WH_100 location,system,2025-07-02
547,1553,2,Sale,2025-08-19,-25,91.38,2284.5,SO-64073,Customer Sale,39,14,warehouse1,Transaction processed for Backup location,system,2025-08-19
548,1521,1,Return,2025-09-30,5,98.24,491.2,RET-66614,Customer Return,116,121,warehouse2,Transaction processed for WH_100 location,system,2025-09-30
549,1551,1,Adjustment,2025-07-17,-2,67.04,134.08,ADJ-549,Cycle Count,34,32,warehouse1,Transaction processed for WH_100 location,system,2025-07-17
550,2041,1,Adjustment,2025-07-28,-20,44.39,887.8,ADJ-550,Physical Count,39,19,warehouse2,Transaction processed for WH_100 location,system,2025-07-28
551,1533,1,Transfer,2025-11-15,-5,107.2,536.0,TRF-5262,Warehouse Transfer,5,0,warehouse2,Transaction processed for WH_100 location,system,2025-11-15
552,1571,1,Return,2025-09-19,4,87.72,350.88,RET-31346,Customer Return,233,237,system,Transaction processed for WH_100 location,system,2025-09-19
553,3102,2,Sale,2026-04-14,-36,173.13,6232.68,SO-17231,Customer Sale,67,31,system,Transaction processed for Backup location,system,2026-04-14
554,1562,1,Return,2026-03-22,2,96.83,193.66,RET-54357,Customer Return,76,78,warehouse2,Transaction processed for WH_100 location,system,2026-03-22
555,1521,2,Receipt,2026-03-17,103,120.53,12414.59,PO-6817,Purchase Order Receipt,21,124,system,Transaction processed for Backup location,system,2026-03-17
556,3012,2,Return,2026-01-05,2,527.29,1054.58,RET-19089,Customer Return,19,21,warehouse1,Transaction processed for Backup location,system,2026-01-05
557,2121,1,Receipt,2025-07-19,71,32.18,2284.78,PO-9028,Purchase Order Receipt,17,88,system,Transaction processed for WH_100 location,system,2025-07-19
558,1542,1,Sale,2025-07-30,-14,90.83,1271.62,SO-99619,Customer Sale,34,20,warehouse2,Transaction processed for WH_100 location,system,2025-07-30
559,3092,1,Receipt,2025-12-15,200,565.99,113198.0,PO-6900,Purchase Order Receipt,309,509,warehouse1,Transaction processed for WH_100 location,system,2025-12-15
560,1541,2,Adjustment,2026-03-18,17,132.59,2254.03,ADJ-560,Physical Count,11,28,warehouse2,Transaction processed for Backup location,system,2026-03-18
561,3052,2,Transfer,2025-11-02,-15,115.25,1728.75,TRF-3987,Warehouse Transfer,15,0,warehouse1,Transaction processed for Backup location,system,2025-11-02
562,1533,1,Transfer,2025-12-15,-15,107.2,1608.0,TRF-4644,Warehouse Transfer,15,0,warehouse2,Transaction processed for WH_100 location,system,2025-12-15
563,1522,1,Receipt,2026-02-28,198,156.88,31062.24,PO-2185,Purchase Order Receipt,53,251,warehouse1,Transaction processed for WH_100 location,system,2026-02-28
564,2101,2,Receipt,2025-10-28,97,13.73,1331.81,PO-9462,Purchase Order Receipt,62,159,system,Transaction processed for WH_200 location,system,2025-10-28
565,3012,2,Receipt,2026-04-18,116,636.86,73875.76,PO-7863,Purchase Order Receipt,149,265,warehouse2,Transaction processed for Backup location,system,2026-04-18
566,1561,1,Receipt,2026-01-01,72,81.55,5871.6,PO-2065,Purchase Order Receipt,129,201,system,Transaction processed for WH_100 location,system,2026-01-01
567,1511,2,Adjustment,2025-09-30,-8,321.96,2575.68,ADJ-567,System Correction,201,193,system,Transaction processed for WH_200 location,system,2025-09-30
568,3031,2,Sale,2025-08-31,-31,419.97,13019.07,SO-79227,Customer Sale,103,72,warehouse1,Transaction processed for Backup location,system,2025-08-31
569,1531,2,Damage,2026-04-21,-6,91.09,546.54,DMG-569,Quality Issue,15,9,warehouse1,Transaction processed for Backup location,system,2026-04-21
570,1562,1,Receipt,2025-09-04,148,120.06,17768.88,PO-6887,Purchase Order Receipt,83,231,warehouse2,Transaction processed for WH_100 location,system,2025-09-04
571,3091,2,Receipt,2025-08-04,187,446.82,83555.34,PO-5283,Purchase Order Receipt,98,285,system,Transaction processed for Backup location,system,2025-08-04
572,3103,2,Receipt,2025-12-11,139,185.29,25755.31,PO-5886,Purchase Order Receipt,140,279,warehouse2,Transaction processed for Backup location,system,2025-12-11
573,2081,2,Sale,2025-09-12,-26,25.3,657.8,SO-68848,Customer Sale,141,115,warehouse1,Transaction processed for WH_200 location,system,2025-09-12
574,3032,1,Sale,2026-03-12,-30,240.85,7225.5,SO-23801,Customer Sale,111,81,warehouse2,Transaction processed for WH_100 location,system,2026-03-12
575,2051,1,Receipt,2026-01-21,111,15.87,1761.57,PO-7867,Purchase Order Receipt,99,210,system,Transaction processed for WH_100 location,system,2026-01-21
576,2112,1,Receipt,2026-02-24,20,66.08,1321.6,PO-4397,Purchase Order Receipt,91,111,system,Transaction processed for WH_100 location,system,2026-02-24
577,3042,2,Receipt,2025-12-17,79,61.69,4873.51,PO-9481,Purchase Order Receipt,85,164,warehouse1,Transaction processed for Backup location,system,2025-12-17
578,3091,2,Transfer,2025-08-27,-34,456.94,15535.96,TRF-2198,Warehouse Transfer,45,11,warehouse2,Transaction processed for WH_200 location,system,2025-08-27
579,1553,2,Sale,2025-09-30,-16,91.38,1462.08,SO-20108,Customer Sale,66,50,system,Transaction processed for Backup location,system,2025-09-30
580,3104,2,Transfer,2025-07-11,-46,118.89,5468.94,TRF-8011,Warehouse Transfer,57,11,warehouse2,Transaction processed for Backup location,system,2025-07-11
581,1512,1,Adjustment,2026-04-26,-11,219.21,2411.31,ADJ-581,Cycle Count,111,100,system,Transaction processed for WH_100 location,system,2026-04-26
582,1512,1,Receipt,2026-01-13,59,223.05,13159.95,PO-5184,Purchase Order Receipt,66,125,system,Transaction processed for WH_100 location,system,2026-01-13
583,2012,1,Damage,2025-09-13,-5,312.61,1563.05,DMG-583,Warehouse Damage,61,56,system,Transaction processed for WH_100 location,system,2025-09-13
584,1511,2,Receipt,2026-01-21,61,327.6,19983.6,PO-2556,Purchase Order Receipt,179,240,warehouse2,Transaction processed for WH_200 location,system,2026-01-21
585,3042,2,Adjustment,2025-11-10,18,62.54,1125.72,ADJ-585,Cycle Count,7,25,warehouse1,Transaction processed for Backup location,system,2025-11-10
586,2041,1,Transfer,2025-08-23,-48,44.39,2130.72,TRF-8521,Warehouse Transfer,52,4,warehouse2,Transaction processed for WH_100 location,system,2025-08-23
587,1563,1,Sale,2026-01-25,-48,70.33,3375.84,SO-77675,Customer Sale,69,21,warehouse1,Transaction processed for WH_100 location,system,2026-01-25
588,2051,1,Sale,2025-10-12,-31,16.44,509.64,SO-53381,Customer Sale,115,84,system,Transaction processed for WH_100 location,system,2025-10-12
589,1551,1,Damage,2026-02-12,-6,67.04,402.24,DMG-589,Warehouse Damage,53,47,warehouse1,Transaction processed for WH_100 location,system,2026-02-12
590,3042,1,Sale,2026-01-09,-20,62.54,1250.8,SO-87488,Customer Sale,229,209,warehouse2,Transaction processed for WH_100 location,system,2026-01-09
591,1553,1,Sale,2025-08-25,-6,91.38,548.28,SO-64111,Customer Sale,152,146,warehouse1,Transaction processed for WH_100 location,system,2025-08-25
592,2031,1,Sale,2025-10-06,-49,23.04,1128.96,SO-55706,Customer Sale,152,103,system,Transaction processed for WH_100 location,system,2025-10-06
593,3062,3,Sale,2025-07-29,-10,88.18,881.8,SO-37254,Customer Sale,60,50,warehouse2,Transaction processed for WH_500 location,system,2025-07-29
594,1553,2,Sale,2025-10-08,-30,91.38,2741.4,SO-83977,Customer Sale,30,0,warehouse2,Transaction processed for Backup location,system,2025-10-08
595,2051,2,Receipt,2025-10-10,44,16.31,717.64,PO-4431,Purchase Order Receipt,45,89,warehouse2,Transaction processed for Backup location,system,2025-10-10
596,3051,1,Adjustment,2025-10-17,9,226.49,2038.41,ADJ-596,System Correction,71,80,warehouse2,Transaction processed for WH_100 location,system,2025-10-17
597,3042,1,Sale,2025-09-15,-7,62.54,437.78,SO-81454,Customer Sale,206,199,system,Transaction processed for WH_100 location,system,2025-09-15
598,1541,2,Adjustment,2025-10-20,-14,132.59,1856.26,ADJ-598,System Correction,14,0,warehouse2,Transaction processed for Backup location,system,2025-10-20
599,2112,1,Sale,2025-11-28,-42,66.6,2797.2,SO-36685,Customer Sale,140,98,warehouse1,Transaction processed for WH_100 location,system,2025-11-28
600,1523,2,Sale,2025-08-28,-12,54.46,653.52,SO-57832,Customer Sale,12,0,warehouse1,Transaction processed for WH_200 location,system,2025-08-28
601,3072,1,Transfer,2025-09-25,-5,10.7,53.5,TRF-2865,Warehouse Transfer,59,54,warehouse1,Transaction processed for WH_100 location,system,2025-09-25
602,1552,2,Transfer,2026-01-27,-26,58.45,1519.7,TRF-3899,Warehouse Transfer,209,183,warehouse2,Transaction processed for WH_200 location,system,2026-01-27
603,3104,2,Transfer,2025-07-17,-45,118.89,5350.05,TRF-2445,Warehouse Transfer,54,9,warehouse2,Transaction processed for Backup location,system,2025-07-17
604,3081,1,Sale,2026-04-27,-13,58.16,756.08,SO-38819,Customer Sale,13,0,system,Transaction processed for WH_100 location,system,2026-04-27
605,1521,1,Sale,2025-11-07,-20,122.8,2456.0,SO-39703,Customer Sale,44,24,warehouse1,Transaction processed for WH_100 location,system,2025-11-07
606,1532,1,Sale,2025-09-21,-45,67.64,3043.8,SO-78658,Customer Sale,184,139,system,Transaction processed for WH_100 location,system,2025-09-21
607,2012,2,Receipt,2026-04-05,120,303.52,36422.4,PO-5815,Purchase Order Receipt,111,231,system,Transaction processed for Backup location,system,2026-04-05
608,1553,1,Receipt,2025-11-14,88,92.71,8158.48,PO-8592,Purchase Order Receipt,231,319,warehouse2,Transaction processed for WH_100 location,system,2025-11-14
609,2101,2,Return,2025-08-26,5,10.8,54.0,RET-81262,Customer Return,39,44,warehouse2,Transaction processed for WH_200 location,system,2025-08-26
610,3041,2,Transfer,2025-11-26,-28,127.74,3576.72,TRF-4623,Warehouse Transfer,37,9,warehouse1,Transaction processed for Backup location,system,2025-11-26
611,1511,2,Sale,2026-03-16,-10,321.96,3219.6,SO-95830,Customer Sale,57,47,system,Transaction processed for WH_200 location,system,2026-03-16
612,3091,2,Sale,2026-04-26,-45,456.94,20562.3,SO-92731,Customer Sale,58,13,warehouse1,Transaction processed for WH_200 location,system,2026-04-26
613,3042,1,Sale,2026-03-23,-10,62.54,625.4,SO-47393,Customer Sale,158,148,warehouse2,Transaction processed for WH_100 location,system,2026-03-23
614,2101,2,Sale,2026-03-15,-3,13.5,40.5,SO-78144,Customer Sale,103,100,warehouse1,Transaction processed for WH_200 location,system,2026-03-15
615,2121,1,Sale,2026-02-24,-6,31.62,189.72,SO-64680,Customer Sale,6,0,system,Transaction processed for WH_100 location,system,2026-02-24
616,3052,1,Sale,2025-10-26,-47,115.25,5416.75,SO-70103,Customer Sale,86,39,warehouse1,Transaction processed for WH_100 location,system,2025-10-26
617,3091,2,Receipt,2026-04-14,123,447.13,54996.99,PO-4894,Purchase Order Receipt,124,247,warehouse2,Transaction processed for Backup location,system,2026-04-14
618,1521,2,Sale,2026-03-27,-30,122.8,3684.0,SO-75703,Customer Sale,52,22,warehouse1,Transaction processed for Backup location,system,2026-03-27
619,1511,2,Sale,2025-11-27,-23,321.96,7405.08,SO-89201,Customer Sale,214,191,warehouse1,Transaction processed for WH_200 location,system,2025-11-27
620,3042,2,Receipt,2025-09-21,15,61.7,925.5,PO-9275,Purchase Order Receipt,41,56,warehouse1,Transaction processed for Backup location,system,2025-09-21
621,3032,1,Sale,2026-03-11,-31,240.85,7466.35,SO-54943,Customer Sale,122,91,warehouse1,Transaction processed for WH_100 location,system,2026-03-11
622,1541,2,Receipt,2025-10-14,13,127.07,1651.91,PO-5460,Purchase Order Receipt,25,38,warehouse1,Transaction processed for Backup location,system,2025-10-14
623,3011,1,Receipt,2025-08-31,83,1012.28,84019.24,PO-7457,Purchase Order Receipt,153,236,system,Transaction processed for WH_100 location,system,2025-08-31
624,1553,2,Receipt,2025-10-17,123,90.61,11145.03,PO-8045,Purchase Order Receipt,80,203,warehouse1,Transaction processed for Backup location,system,2025-10-17
625,2101,2,Adjustment,2026-01-16,10,13.5,135.0,ADJ-625,Cycle Count,3,13,warehouse2,Transaction processed for WH_200 location,system,2026-01-16
626,1571,1,Sale,2025-07-06,-49,109.65,5372.85,SO-34337,Customer Sale,141,92,warehouse2,Transaction processed for WH_100 location,system,2025-07-06
627,2041,1,Sale,2026-03-12,-22,44.39,976.58,SO-47272,Customer Sale,47,25,warehouse2,Transaction processed for WH_100 location,system,2026-03-12
628,1531,2,Adjustment,2026-01-23,-5,91.09,455.45,ADJ-628,System Correction,5,0,warehouse2,Transaction processed for Backup location,system,2026-01-23
629,1531,2,Sale,2025-12-26,-26,91.09,2368.34,SO-88743,Customer Sale,97,71,warehouse1,Transaction processed for Backup location,system,2025-12-26
630,1552,2,Sale,2026-03-04,-39,58.45,2279.55,SO-79963,Customer Sale,208,169,warehouse1,Transaction processed for WH_200 location,system,2026-03-04
631,1511,2,Sale,2025-07-26,-3,321.96,965.88,SO-72683,Customer Sale,206,203,system,Transaction processed for WH_200 location,system,2025-07-26
632,1553,2,Receipt,2026-03-21,121,93.68,11335.28,PO-1924,Purchase Order Receipt,51,172,system,Transaction processed for Backup location,system,2026-03-21
633,1523,2,Return,2025-07-12,1,43.57,43.57,RET-10076,Customer Return,14,15,warehouse1,Transaction processed for WH_200 location,system,2025-07-12
634,1542,1,Sale,2025-09-06,-26,90.83,2361.58,SO-34213,Customer Sale,151,125,warehouse1,Transaction processed for WH_100 location,system,2025-09-06
635,2021,1,Sale,2025-08-13,-3,71.31,213.93,SO-16174,Customer Sale,119,116,warehouse1,Transaction processed for WH_100 location,system,2025-08-13
636,3033,1,Sale,2026-04-26,-37,419.49,15521.13,SO-80405,Customer Sale,83,46,warehouse2,Transaction processed for WH_100 location,system,2026-04-26
637,2061,1,Sale,2026-03-31,-18,25.72,462.96,SO-49026,Customer Sale,115,97,warehouse1,Transaction processed for WH_100 location,system,2026-03-31
638,3062,3,Sale,2025-08-08,-36,88.18,3174.48,SO-64449,Customer Sale,109,73,warehouse2,Transaction processed for WH_500 location,system,2025-08-08
639,3091,2,Return,2026-03-08,4,365.55,1462.2,RET-76697,Customer Return,60,64,warehouse1,Transaction processed for WH_200 location,system,2026-03-08
640,2022,1,Sale,2025-10-22,-14,36.37,509.18,SO-53330,Customer Sale,14,0,warehouse2,Transaction processed for WH_100 location,system,2025-10-22
641,2081,2,Sale,2026-02-12,-33,25.3,834.9,SO-93639,Customer Sale,152,119,system,Transaction processed for WH_200 location,system,2026-02-12
642,1521,2,Receipt,2025-10-06,73,127.83,9331.59,PO-9737,Purchase Order Receipt,35,108,warehouse1,Transaction processed for Backup location,system,2025-10-06
643,3041,2,Sale,2025-12-06,-20,127.74,2554.8,SO-95311,Customer Sale,142,122,warehouse2,Transaction processed for WH_200 location,system,2025-12-06
644,3032,1,Sale,2025-07-27,-10,240.85,2408.5,SO-65158,Customer Sale,27,17,warehouse2,Transaction processed for WH_100 location,system,2025-07-27
645,2061,1,Receipt,2025-08-14,45,25.53,1148.85,PO-8957,Purchase Order Receipt,190,235,system,Transaction processed for WH_100 location,system,2025-08-14
646,2081,2,Receipt,2026-01-06,32,26.41,845.12,PO-9689,Purchase Order Receipt,198,230,system,Transaction processed for WH_200 location,system,2026-01-06
647,3081,1,Transfer,2026-04-30,-27,58.16,1570.32,TRF-1463,Warehouse Transfer,31,4,warehouse2,Transaction processed for WH_100 location,system,2026-04-30
648,3102,1,Sale,2025-07-22,-49,173.13,8483.37,SO-86542,Customer Sale,96,47,warehouse1,Transaction processed for WH_100 location,system,2025-07-22
649,3033,1,Return,2026-02-14,2,335.59,671.18,RET-43879,Customer Return,126,128,warehouse1,Transaction processed for WH_100 location,system,2026-02-14
650,1531,1,Sale,2025-11-29,-1,91.09,91.09,SO-44428,Customer Sale,95,94,system,Transaction processed for WH_100 location,system,2025-11-29
651,3021,1,Sale,2025-09-08,-26,270.38,7029.88,SO-99072,Customer Sale,26,0,warehouse2,Transaction processed for WH_100 location,system,2025-09-08
652,3103,2,Sale,2025-07-27,-49,180.33,8836.17,SO-70292,Customer Sale,140,91,warehouse2,Transaction processed for Backup location,system,2025-07-27
653,3082,1,Receipt,2026-03-10,17,85.22,1448.74,PO-2816,Purchase Order Receipt,95,112,warehouse1,Transaction processed for WH_100 location,system,2026-03-10
654,2071,2,Transfer,2026-03-20,-32,21.94,702.08,TRF-6400,Warehouse Transfer,85,53,system,Transaction processed for Backup location,system,2026-03-20
655,2021,1,Sale,2026-04-03,-9,71.31,641.79,SO-86403,Customer Sale,126,117,system,Transaction processed for WH_100 location,system,2026-04-03
656,3101,1,Receipt,2026-01-19,117,116.41,13619.97,PO-9078,Purchase Order Receipt,76,193,system,Transaction processed for WH_100 location,system,2026-01-19
657,1511,2,Sale,2025-10-17,-12,321.96,3863.52,SO-67923,Customer Sale,166,154,warehouse1,Transaction processed for WH_200 location,system,2025-10-17
658,3042,2,Sale,2026-01-28,-18,62.54,1125.72,SO-15900,Customer Sale,18,0,warehouse2,Transaction processed for Backup location,system,2026-01-28
659,1522,1,Sale,2025-08-18,-33,163.1,5382.3,SO-58403,Customer Sale,57,24,warehouse2,Transaction processed for WH_100 location,system,2025-08-18
660,1551,1,Receipt,2025-08-15,143,66.46,9503.78,PO-7907,Purchase Order Receipt,3,146,warehouse1,Transaction processed for WH_100 location,system,2025-08-15
661,3041,2,Sale,2025-08-02,-1,127.74,127.74,SO-68729,Customer Sale,44,43,warehouse2,Transaction processed for Backup location,system,2025-08-02
662,2051,2,Receipt,2025-12-20,81,16.24,1315.44,PO-7028,Purchase Order Receipt,36,117,system,Transaction processed for Backup location,system,2025-12-20
663,2101,2,Sale,2026-01-23,-4,13.5,54.0,SO-29492,Customer Sale,98,94,warehouse1,Transaction processed for WH_200 location,system,2026-01-23
664,1522,2,Sale,2025-11-16,-29,163.1,4729.9,SO-92557,Customer Sale,54,25,warehouse1,Transaction processed for Backup location,system,2025-11-16
665,1562,1,Transfer,2026-02-02,-32,121.04,3873.28,TRF-9353,Warehouse Transfer,81,49,warehouse1,Transaction processed for WH_100 location,system,2026-02-02
666,3021,1,Sale,2026-03-28,-38,270.38,10274.44,SO-26766,Customer Sale,84,46,warehouse2,Transaction processed for WH_100 location,system,2026-03-28
667,1521,1,Sale,2026-03-09,-6,122.8,736.8,SO-85253,Customer Sale,108,102,warehouse2,Transaction processed for WH_100 location,system,2026-03-09
668,3091,2,Sale,2025-09-18,-20,456.94,9138.8,SO-98047,Customer Sale,80,60,warehouse1,Transaction processed for WH_200 location,system,2025-09-18
669,2071,2,Sale,2025-07-17,-3,21.94,65.82,SO-98461,Customer Sale,93,90,system,Transaction processed for Backup location,system,2025-07-17
670,1522,2,Receipt,2025-12-10,176,166.34,29275.84,PO-4124,Purchase Order Receipt,128,304,warehouse2,Transaction processed for Backup location,system,2025-12-10
671,2061,1,Sale,2026-04-27,-8,25.72,205.76,SO-23356,Customer Sale,11,3,system,Transaction processed for WH_100 location,system,2026-04-27
672,3033,1,Receipt,2025-07-18,124,402.07,49856.68,PO-1433,Purchase Order Receipt,71,195,warehouse2,Transaction processed for WH_100 location,system,2025-07-18
673,3061,1,Sale,2026-01-16,-49,151.7,7433.3,SO-86960,Customer Sale,76,27,warehouse1,Transaction processed for WH_100 location,system,2026-01-16
674,1541,1,Adjustment,2026-01-02,-2,132.59,265.18,ADJ-674,System Correction,48,46,warehouse2,Transaction processed for WH_100 location,system,2026-01-02
675,2041,1,Transfer,2026-01-28,-5,44.39,221.95,TRF-6476,Warehouse Transfer,87,82,warehouse1,Transaction processed for WH_100 location,system,2026-01-28
676,1561,1,Receipt,2026-04-22,161,78.35,12614.35,PO-4381,Purchase Order Receipt,103,264,warehouse1,Transaction processed for WH_100 location,system,2026-04-22
677,3082,1,Transfer,2025-12-02,-47,84.82,3986.54,TRF-2159,Warehouse Transfer,166,119,warehouse2,Transaction processed for WH_100 location,system,2025-12-02
678,3103,2,Receipt,2026-01-13,42,178.0,7476.0,PO-4489,Purchase Order Receipt,59,101,warehouse2,Transaction processed for Backup location,system,2026-01-13
679,1523,2,Receipt,2026-02-09,79,53.85,4254.15,PO-4966,Purchase Order Receipt,127,206,system,Transaction processed for WH_200 location,system,2026-02-09
680,3082,1,Receipt,2025-08-01,30,80.78,2423.4,PO-4827,Purchase Order Receipt,49,79,warehouse1,Transaction processed for WH_100 location,system,2025-08-01
681,2081,2,Adjustment,2026-01-11,-13,25.3,328.9,ADJ-681,System Correction,13,0,system,Transaction processed for WH_200 location,system,2026-01-11
682,3061,1,Sale,2025-12-08,-32,151.7,4854.4,SO-34433,Customer Sale,66,34,system,Transaction processed for WH_100 location,system,2025-12-08
683,3081,1,Sale,2025-07-06,-13,58.16,756.08,SO-89987,Customer Sale,100,87,warehouse2,Transaction processed for WH_100 location,system,2025-07-06
684,3051,1,Receipt,2025-10-09,148,215.18,31846.64,PO-7189,Purchase Order Receipt,80,228,warehouse1,Transaction processed for WH_100 location,system,2025-10-09
685,2012,1,Receipt,2025-11-10,172,325.04,55906.88,PO-6729,Purchase Order Receipt,133,305,warehouse2,Transaction processed for WH_100 location,system,2025-11-10
686,1541,2,Sale,2025-11-07,-37,132.59,4905.83,SO-75366,Customer Sale,37,0,system,Transaction processed for Backup location,system,2025-11-07
687,1533,1,Sale,2025-08-21,-12,107.2,1286.4,SO-12660,Customer Sale,31,19,system,Transaction processed for WH_100 location,system,2025-08-21
688,1541,1,Receipt,2025-07-03,75,135.06,10129.5,PO-5192,Purchase Order Receipt,42,117,warehouse1,Transaction processed for WH_100 location,system,2025-07-03
689,3103,1,Damage,2025-10-02,-6,180.33,1081.98,DMG-689,Warehouse Damage,154,148,warehouse2,Transaction processed for WH_100 location,system,2025-10-02
690,3081,1,Receipt,2025-08-05,133,57.97,7710.01,PO-4718,Purchase Order Receipt,17,150,system,Transaction processed for WH_100 location,system,2025-08-05
691,3011,1,Sale,2026-03-21,-45,968.68,43590.6,SO-64097,Customer Sale,163,118,warehouse2,Transaction processed for WH_100 location,system,2026-03-21
692,1511,2,Sale,2025-08-29,-47,321.96,15132.12,SO-37082,Customer Sale,203,156,system,Transaction processed for WH_200 location,system,2025-08-29
693,1542,1,Sale,2026-04-23,-23,90.83,2089.09,SO-40527,Customer Sale,181,158,system,Transaction processed for WH_100 location,system,2026-04-23
694,2012,1,Sale,2025-12-10,-39,312.61,12191.79,SO-15386,Customer Sale,115,76,system,Transaction processed for WH_100 location,system,2025-12-10
695,1523,2,Sale,2026-02-12,-21,54.46,1143.66,SO-18302,Customer Sale,169,148,warehouse2,Transaction processed for WH_200 location,system,2026-02-12
696,3081,1,Sale,2025-11-24,-37,58.16,2151.92,SO-84256,Customer Sale,139,102,warehouse1,Transaction processed for WH_100 location,system,2025-11-24
697,3082,1,Receipt,2025-11-07,122,87.98,10733.56,PO-6978,Purchase Order Receipt,69,191,warehouse2,Transaction processed for WH_100 location,system,2025-11-07
698,2081,2,Adjustment,2025-07-02,16,25.3,404.8,ADJ-698,Cycle Count,63,79,system,Transaction processed for WH_200 location,system,2025-07-02
699,1533,1,Receipt,2026-03-25,80,110.64,8851.2,PO-9599,Purchase Order Receipt,41,121,warehouse2,Transaction processed for WH_100 location,system,2026-03-25
700,3021,1,Sale,2025-10-20,-38,270.38,10274.44,SO-34191,Customer Sale,94,56,system,Transaction processed for WH_100 location,system,2025-10-20
701,3091,2,Sale,2025-07-24,-26,456.94,11880.44,SO-35100,Customer Sale,123,97,warehouse2,Transaction processed for Backup location,system,2025-07-24
702,3091,2,Sale,2026-04-25,-16,456.94,7311.04,SO-24420,Customer Sale,16,0,warehouse1,Transaction processed for WH_200 location,system,2026-04-25
703,3022,1,Transfer,2025-12-11,-43,352.53,15158.79,TRF-8356,Warehouse Transfer,138,95,warehouse2,Transaction processed for WH_100 location,system,2025-12-11
704,3103,2,Transfer,2025-07-20,-34,180.33,6131.22,TRF-5734,Warehouse Transfer,40,6,warehouse2,Transaction processed for Backup location,system,2025-07-20
705,1533,1,Receipt,2025-11-02,67,105.14,7044.38,PO-1947,Purchase Order Receipt,74,141,warehouse2,Transaction processed for WH_100 location,system,2025-11-02
706,2011,2,Return,2025-08-22,3,99.71,299.13,RET-74926,Customer Return,65,68,warehouse1,Transaction processed for Backup location,system,2025-08-22
707,1522,1,Receipt,2025-11-08,151,170.99,25819.49,PO-4771,Purchase Order Receipt,245,396,system,Transaction processed for WH_100 location,system,2025-11-08
708,1533,1,Receipt,2025-08-11,38,107.3,4077.4,PO-3747,Purchase Order Receipt,62,100,system,Transaction processed for WH_100 location,system,2025-08-11
709,1551,2,Receipt,2026-04-20,11,69.2,761.2,PO-5290,Purchase Order Receipt,91,102,warehouse2,Transaction processed for Backup location,system,2026-04-20
710,3031,3,Sale,2026-02-24,-41,419.97,17218.77,SO-30924,Customer Sale,130,89,warehouse1,Transaction processed for WH_500 location,system,2026-02-24
711,1522,2,Sale,2025-08-24,-14,163.1,2283.4,SO-64056,Customer Sale,108,94,warehouse2,Transaction processed for Backup location,system,2025-08-24
712,1522,1,Receipt,2025-08-20,29,170.5,4944.5,PO-5862,Purchase Order Receipt,137,166,system,Transaction processed for WH_100 location,system,2025-08-20
713,1553,1,Receipt,2025-11-26,36,92.36,3324.96,PO-5939,Purchase Order Receipt,212,248,warehouse1,Transaction processed for WH_100 location,system,2025-11-26
714,3092,1,Receipt,2025-09-22,187,545.29,101969.23,PO-2308,Purchase Order Receipt,267,454,warehouse1,Transaction processed for WH_100 location,system,2025-09-22
715,1522,2,Receipt,2025-11-19,179,166.98,29889.42,PO-8433,Purchase Order Receipt,82,261,warehouse1,Transaction processed for Backup location,system,2025-11-19
716,2012,1,Receipt,2025-09-23,68,303.86,20662.48,PO-7885,Purchase Order Receipt,173,241,warehouse1,Transaction processed for WH_100 location,system,2025-09-23
717,2061,1,Sale,2025-07-30,-20,25.72,514.4,SO-52053,Customer Sale,175,155,warehouse1,Transaction processed for WH_100 location,system,2025-07-30
718,1561,2,Sale,2025-07-22,-31,82.06,2543.86,SO-28379,Customer Sale,48,17,warehouse1,Transaction processed for Backup location,system,2025-07-22
719,3042,1,Transfer,2026-01-25,-20,62.54,1250.8,TRF-4055,Warehouse Transfer,130,110,warehouse1,Transaction processed for WH_100 location,system,2026-01-25
720,2121,1,Receipt,2025-09-13,128,31.75,4064.0,PO-5594,Purchase Order Receipt,59,187,warehouse1,Transaction processed for WH_100 location,system,2025-09-13
721,1572,3,Sale,2026-03-04,-4,222.59,890.36,SO-67817,Customer Sale,128,124,system,Transaction processed for WH_500 location,system,2026-03-04
722,1531,2,Sale,2026-03-31,-27,91.09,2459.43,SO-34847,Customer Sale,32,5,warehouse1,Transaction processed for Backup location,system,2026-03-31
723,1522,1,Transfer,2026-04-01,-42,163.1,6850.2,TRF-8361,Warehouse Transfer,112,70,system,Transaction processed for WH_100 location,system,2026-04-01
724,2021,1,Receipt,2025-09-24,95,68.94,6549.3,PO-4922,Purchase Order Receipt,202,297,warehouse2,Transaction processed for WH_100 location,system,2025-09-24
725,3103,2,Sale,2026-03-27,-14,180.33,2524.62,SO-76984,Customer Sale,14,0,warehouse2,Transaction processed for Backup location,system,2026-03-27
726,1542,1,Receipt,2025-08-12,150,91.28,13692.0,PO-2983,Purchase Order Receipt,155,305,warehouse2,Transaction processed for WH_100 location,system,2025-08-12
727,3081,1,Sale,2026-02-10,-17,58.16,988.72,SO-55936,Customer Sale,86,69,warehouse2,Transaction processed for WH_100 location,system,2026-02-10
728,3092,1,Adjustment,2026-02-15,5,540.11,2700.55,ADJ-728,System Correction,192,197,warehouse1,Transaction processed for WH_100 location,system,2026-02-15
729,2112,1,Sale,2026-01-17,-7,66.6,466.2,SO-80930,Customer Sale,119,112,system,Transaction processed for WH_100 location,system,2026-01-17
730,3031,3,Damage,2026-01-29,-3,419.97,1259.91,DMG-730,Quality Issue,127,124,warehouse2,Transaction processed for WH_500 location,system,2026-01-29
731,3032,1,Adjustment,2026-04-05,12,240.85,2890.2,ADJ-731,System Correction,14,26,warehouse2,Transaction processed for WH_100 location,system,2026-04-05
732,1541,1,Sale,2026-03-07,-24,132.59,3182.16,SO-72282,Customer Sale,37,13,system,Transaction processed for WH_100 location,system,2026-03-07
733,1543,1,Adjustment,2025-08-31,19,65.36,1241.84,ADJ-733,System Correction,91,110,warehouse1,Transaction processed for WH_100 location,system,2025-08-31
734,1532,1,Adjustment,2026-02-17,-18,67.64,1217.52,ADJ-734,System Correction,108,90,system,Transaction processed for WH_100 location,system,2026-02-17
735,1572,3,Receipt,2026-01-10,95,222.44,21131.8,PO-9393,Purchase Order Receipt,209,304,system,Transaction processed for WH_500 location,system,2026-01-10
736,3033,1,Sale,2025-09-07,-3,419.49,1258.47,SO-89124,Customer Sale,61,58,system,Transaction processed for WH_100 location,system,2025-09-07
737,3022,1,Receipt,2026-02-23,27,341.21,9212.67,PO-9778,Purchase Order Receipt,111,138,system,Transaction processed for WH_100 location,system,2026-02-23
738,3042,2,Adjustment,2025-09-02,-16,62.54,1000.64,ADJ-738,Cycle Count,165,149,system,Transaction processed for Backup location,system,2025-09-02
739,3033,1,Sale,2026-02-15,-7,419.49,2936.43,SO-91402,Customer Sale,112,105,system,Transaction processed for WH_100 location,system,2026-02-15
740,1511,2,Sale,2025-08-05,-3,321.96,965.88,SO-62433,Customer Sale,185,182,warehouse2,Transaction processed for WH_200 location,system,2025-08-05
741,3081,1,Receipt,2025-10-27,88,60.23,5300.24,PO-4065,Purchase Order Receipt,125,213,warehouse2,Transaction processed for WH_100 location,system,2025-10-27
742,3091,2,Receipt,2025-11-12,172,468.24,80537.28,PO-4659,Purchase Order Receipt,185,357,warehouse1,Transaction processed for WH_200 location,system,2025-11-12
743,1561,1,Sale,2025-12-24,-34,82.06,2790.04,SO-51048,Customer Sale,80,46,warehouse2,Transaction processed for WH_100 location,system,2025-12-24
744,2022,1,Transfer,2025-09-06,-16,36.37,581.92,TRF-6654,Warehouse Transfer,76,60,warehouse1,Transaction processed for WH_100 location,system,2025-09-06
745,1541,1,Transfer,2025-12-05,-47,132.59,6231.73,TRF-1644,Warehouse Transfer,133,86,system,Transaction processed for WH_100 location,system,2025-12-05
746,1531,2,Adjustment,2025-10-18,-16,91.09,1457.44,ADJ-746,Cycle Count,45,29,system,Transaction processed for Backup location,system,2025-10-18
747,3042,1,Sale,2025-09-10,-26,62.54,1626.04,SO-24051,Customer Sale,256,230,system,Transaction processed for WH_100 location,system,2025-09-10
748,2051,2,Damage,2025-09-10,-10,16.44,164.4,DMG-748,Quality Issue,90,80,system,Transaction processed for Backup location,system,2025-09-10
749,2051,2,Sale,2025-11-30,-7,16.44,115.08,SO-86459,Customer Sale,91,84,system,Transaction processed for Backup location,system,2025-11-30
750,3042,1,Receipt,2025-08-16,101,62.66,6328.66,PO-6407,Purchase Order Receipt,306,407,warehouse2,Transaction processed for WH_100 location,system,2025-08-16
751,2022,1,Adjustment,2025-08-31,13,36.37,472.81,ADJ-751,Cycle Count,11,24,system,Transaction processed for WH_100 location,system,2025-08-31
752,3104,2,Transfer,2026-01-28,-15,118.89,1783.35,TRF-4062,Warehouse Transfer,15,0,warehouse2,Transaction processed for Backup location,system,2026-01-28
753,3031,3,Sale,2025-07-13,-5,419.97,2099.85,SO-32615,Customer Sale,109,104,warehouse2,Transaction processed for WH_500 location,system,2025-07-13
754,3071,2,Sale,2025-09-05,-20,39.17,783.4,SO-88091,Customer Sale,90,70,warehouse1,Transaction processed for WH_200 location,system,2025-09-05
755,2121,1,Adjustment,2025-10-07,10,31.62,316.2,ADJ-755,Physical Count,33,43,system,Transaction processed for WH_100 location,system,2025-10-07
756,2012,1,Return,2026-01-23,3,250.09,750.27,RET-33609,Customer Return,100,103,warehouse2,Transaction processed for WH_100 location,system,2026-01-23
757,2021,1,Sale,2026-04-28,-44,71.31,3137.64,SO-89233,Customer Sale,106,62,system,Transaction processed for WH_100 location,system,2026-04-28
758,3061,1,Sale,2026-01-07,-49,151.7,7433.3,SO-60831,Customer Sale,111,62,warehouse2,Transaction processed for WH_100 location,system,2026-01-07
759,1531,1,Receipt,2026-03-17,140,88.93,12450.2,PO-2971,Purchase Order Receipt,77,217,system,Transaction processed for WH_100 location,system,2026-03-17
760,3091,2,Transfer,2025-10-16,-17,456.94,7767.98,TRF-3606,Warehouse Transfer,17,0,system,Transaction processed for Backup location,system,2025-10-16
761,2121,1,Sale,2026-03-07,-6,31.62,189.72,SO-77134,Customer Sale,6,0,warehouse2,Transaction processed for WH_100 location,system,2026-03-07
762,1562,1,Adjustment,2025-11-15,-6,121.04,726.24,ADJ-762,Physical Count,41,35,warehouse1,Transaction processed for WH_100 location,system,2025-11-15
763,3051,1,Receipt,2025-10-19,171,223.3,38184.3,PO-9724,Purchase Order Receipt,73,244,warehouse2,Transaction processed for WH_100 location,system,2025-10-19
764,1572,3,Sale,2026-02-09,-7,222.59,1558.13,SO-52351,Customer Sale,150,143,system,Transaction processed for WH_500 location,system,2026-02-09
765,2041,1,Receipt,2025-11-07,92,44.82,4123.44,PO-3230,Purchase Order Receipt,26,118,system,Transaction processed for WH_100 location,system,2025-11-07
766,1511,2,Transfer,2026-02-14,-22,321.96,7083.12,TRF-1172,Warehouse Transfer,51,29,warehouse2,Transaction processed for WH_200 location,system,2026-02-14
767,3071,2,Sale,2025-10-28,-19,39.17,744.23,SO-84385,Customer Sale,50,31,system,Transaction processed for WH_200 location,system,2025-10-28
768,1522,2,Receipt,2026-04-01,88,157.03,13818.64,PO-1554,Purchase Order Receipt,19,107,warehouse1,Transaction processed for Backup location,system,2026-04-01
769,1521,2,Sale,2026-03-13,-50,122.8,6140.0,SO-75557,Customer Sale,51,1,warehouse1,Transaction processed for Backup location,system,2026-03-13
770,3082,1,Transfer,2025-12-13,-36,84.82,3053.52,TRF-3724,Warehouse Transfer,36,0,warehouse1,Transaction processed for WH_100 location,system,2025-12-13
771,3104,2,Receipt,2026-02-09,107,122.6,13118.2,PO-9542,Purchase Order Receipt,73,180,system,Transaction processed for WH_200 location,system,2026-02-09
772,3091,2,Receipt,2025-11-17,182,453.67,82567.94,PO-7631,Purchase Order Receipt,36,218,warehouse2,Transaction processed for WH_200 location,system,2025-11-17
773,2012,2,Adjustment,2025-12-02,-12,312.61,3751.32,ADJ-773,Cycle Count,109,97,warehouse2,Transaction processed for Backup location,system,2025-12-02
774,2022,1,Damage,2025-11-29,-3,36.37,109.11,DMG-774,Shipping Damage,149,146,warehouse1,Transaction processed for WH_100 location,system,2025-11-29
775,3012,2,Sale,2026-01-07,-40,659.11,26364.4,SO-61835,Customer Sale,118,78,system,Transaction processed for Backup location,system,2026-01-07
776,3071,2,Sale,2026-03-06,-38,39.17,1488.46,SO-54610,Customer Sale,38,0,system,Transaction processed for WH_200 location,system,2026-03-06
777,1571,1,Receipt,2025-08-31,41,110.82,4543.62,PO-1660,Purchase Order Receipt,151,192,warehouse2,Transaction processed for WH_100 location,system,2025-08-31
778,3042,2,Sale,2026-02-10,-32,62.54,2001.28,SO-88326,Customer Sale,41,9,warehouse1,Transaction processed for Backup location,system,2026-02-10
779,3032,1,Sale,2026-03-17,-32,240.85,7707.2,SO-98661,Customer Sale,32,0,warehouse2,Transaction processed for WH_100 location,system,2026-03-17
780,3103,1,Damage,2025-10-01,-9,180.33,1622.97,DMG-780,Shipping Damage,126,117,warehouse2,Transaction processed for WH_100 location,system,2025-10-01
781,1543,1,Adjustment,2025-11-13,-18,65.36,1176.48,ADJ-781,Cycle Count,24,6,warehouse2,Transaction processed for WH_100 location,system,2025-11-13
782,2031,1,Sale,2025-09-20,-35,23.04,806.4,SO-43800,Customer Sale,35,0,warehouse2,Transaction processed for WH_100 location,system,2025-09-20
783,3062,3,Adjustment,2026-03-12,-3,88.18,264.54,ADJ-783,System Correction,110,107,warehouse2,Transaction processed for WH_500 location,system,2026-03-12
784,1511,2,Sale,2026-03-11,-10,321.96,3219.6,SO-53705,Customer Sale,213,203,system,Transaction processed for WH_200 location,system,2026-03-11
785,3022,1,Transfer,2026-03-08,-34,352.53,11986.02,TRF-6106,Warehouse Transfer,125,91,warehouse2,Transaction processed for WH_100 location,system,2026-03-08
786,2012,1,Receipt,2026-01-31,82,322.69,26460.58,PO-7579,Purchase Order Receipt,3,85,warehouse2,Transaction processed for WH_100 location,system,2026-01-31
787,1543,1,Receipt,2025-07-01,196,66.66,13065.36,PO-2716,Purchase Order Receipt,113,309,system,Transaction processed for WH_100 location,system,2025-07-01
788,2031,1,Receipt,2025-08-06,36,23.15,833.4,PO-2677,Purchase Order Receipt,141,177,system,Transaction processed for WH_100 location,system,2025-08-06
789,2071,2,Damage,2025-09-17,-9,21.94,197.46,DMG-789,Quality Issue,58,49,system,Transaction processed for Backup location,system,2025-09-17
790,1541,1,Receipt,2025-11-03,28,135.15,3784.2,PO-2080,Purchase Order Receipt,136,164,system,Transaction processed for WH_100 location,system,2025-11-03
791,3101,1,Sale,2026-04-13,-21,114.44,2403.24,SO-98275,Customer Sale,77,56,warehouse2,Transaction processed for WH_100 location,system,2026-04-13
792,1521,1,Sale,2025-08-21,-3,122.8,368.4,SO-37947,Customer Sale,85,82,system,Transaction processed for WH_100 location,system,2025-08-21
793,3103,2,Receipt,2026-04-30,111,177.25,19674.75,PO-6986,Purchase Order Receipt,47,158,system,Transaction processed for Backup location,system,2026-04-30
794,3013,1,Sale,2026-02-19,-1,344.68,344.68,SO-38291,Customer Sale,40,39,warehouse1,Transaction processed for WH_100 location,system,2026-02-19
795,2011,2,Sale,2025-10-12,-29,124.64,3614.56,SO-31016,Customer Sale,67,38,warehouse2,Transaction processed for Backup location,system,2025-10-12
796,3104,2,Sale,2025-07-29,-28,118.89,3328.92,SO-99513,Customer Sale,64,36,warehouse1,Transaction processed for WH_200 location,system,2025-07-29
797,3032,1,Sale,2025-10-05,-20,240.85,4817.0,SO-91306,Customer Sale,65,45,warehouse2,Transaction processed for WH_100 location,system,2025-10-05
798,1512,1,Sale,2026-04-30,-7,219.21,1534.47,SO-73342,Customer Sale,38,31,warehouse2,Transaction processed for WH_100 location,system,2026-04-30
799,2011,1,Sale,2025-12-29,-39,124.64,4860.96,SO-34561,Customer Sale,93,54,system,Transaction processed for WH_100 location,system,2025-12-29
800,2101,2,Sale,2025-09-16,-11,13.5,148.5,SO-39743,Customer Sale,100,89,warehouse1,Transaction processed for WH_200 location,system,2025-09-16
801,2061,1,Sale,2026-04-05,-26,25.72,668.72,SO-27307,Customer Sale,26,0,warehouse2,Transaction processed for WH_100 location,system,2026-04-05
802,3101,1,Receipt,2025-09-28,58,115.94,6724.52,PO-5473,Purchase Order Receipt,14,72,system,Transaction processed for WH_100 location,system,2025-09-28
803,2111,2,Receipt,2025-12-07,167,142.01,23715.67,PO-1496,Purchase Order Receipt,63,230,warehouse1,Transaction processed for WH_200 location,system,2025-12-07
804,3062,3,Sale,2026-03-01,-13,88.18,1146.34,SO-74153,Customer Sale,59,46,system,Transaction processed for WH_500 location,system,2026-03-01
805,3062,3,Damage,2026-02-11,-1,88.18,88.18,DMG-805,Shipping Damage,37,36,warehouse2,Transaction processed for WH_500 location,system,2026-02-11
806,1522,1,Receipt,2026-02-14,159,156.62,24902.58,PO-1721,Purchase Order Receipt,137,296,warehouse1,Transaction processed for WH_100 location,system,2026-02-14
807,1572,3,Sale,2026-03-25,-39,222.59,8681.01,SO-66715,Customer Sale,102,63,warehouse2,Transaction processed for WH_500 location,system,2026-03-25
808,3091,2,Transfer,2025-10-07,-15,456.94,6854.1,TRF-7253,Warehouse Transfer,95,80,warehouse2,Transaction processed for Backup location,system,2025-10-07
809,3033,1,Adjustment,2025-10-13,1,419.49,419.49,ADJ-809,System Correction,7,8,warehouse1,Transaction processed for WH_100 location,system,2025-10-13
810,1581,1,Damage,2025-07-22,-5,48.56,242.8,DMG-810,Shipping Damage,12,7,warehouse2,Transaction processed for WH_100 location,system,2025-07-22
811,1572,3,Sale,2025-10-23,-37,222.59,8235.83,SO-80599,Customer Sale,130,93,warehouse1,Transaction processed for WH_500 location,system,2025-10-23
812,2051,1,Sale,2025-11-10,-17,16.44,279.48,SO-89122,Customer Sale,130,113,warehouse1,Transaction processed for WH_100 location,system,2025-11-10
813,2111,2,Adjustment,2026-02-26,19,142.6,2709.4,ADJ-813,Physical Count,42,61,system,Transaction processed for WH_200 location,system,2026-02-26
814,3061,1,Sale,2026-03-08,-9,151.7,1365.3,SO-17151,Customer Sale,97,88,warehouse1,Transaction processed for WH_100 location,system,2026-03-08
815,3051,1,Receipt,2025-08-25,176,218.58,38470.08,PO-1610,Purchase Order Receipt,5,181,warehouse1,Transaction processed for WH_100 location,system,2025-08-25
816,3082,1,Sale,2026-01-06,-36,84.82,3053.52,SO-55089,Customer Sale,139,103,system,Transaction processed for WH_100 location,system,2026-01-06
817,1571,1,Transfer,2025-09-09,-5,109.65,548.25,TRF-4680,Warehouse Transfer,207,202,warehouse1,Transaction processed for WH_100 location,system,2025-09-09
818,3091,2,Sale,2025-11-21,-27,456.94,12337.38,SO-31450,Customer Sale,156,129,warehouse1,Transaction processed for WH_200 location,system,2025-11-21
819,3022,1,Sale,2026-03-24,-16,352.53,5640.48,SO-29865,Customer Sale,54,38,warehouse2,Transaction processed for WH_100 location,system,2026-03-24
820,1563,1,Damage,2025-08-04,-7,70.33,492.31,DMG-820,Warehouse Damage,12,5,warehouse2,Transaction processed for WH_100 location,system,2025-08-04
821,2071,2,Sale,2026-03-18,-11,21.94,241.34,SO-22558,Customer Sale,41,30,system,Transaction processed for Backup location,system,2026-03-18
822,1553,1,Receipt,2025-08-25,192,88.19,16932.48,PO-7090,Purchase Order Receipt,188,380,warehouse1,Transaction processed for WH_100 location,system,2025-08-25
823,2012,1,Adjustment,2026-01-14,-20,312.61,6252.2,ADJ-823,System Correction,160,140,system,Transaction processed for WH_100 location,system,2026-01-14
824,1561,2,Receipt,2026-04-01,83,84.74,7033.42,PO-1153,Purchase Order Receipt,73,156,system,Transaction processed for Backup location,system,2026-04-01
825,3051,1,Sale,2025-10-02,-7,226.49,1585.43,SO-79324,Customer Sale,7,0,warehouse2,Transaction processed for WH_100 location,system,2025-10-02
826,1531,1,Receipt,2026-01-29,131,93.75,12281.25,PO-2473,Purchase Order Receipt,50,181,system,Transaction processed for WH_100 location,system,2026-01-29
827,3031,3,Sale,2025-11-09,-1,419.97,419.97,SO-95464,Customer Sale,110,109,warehouse2,Transaction processed for WH_500 location,system,2025-11-09
828,1522,1,Sale,2026-03-13,-23,163.1,3751.3,SO-16962,Customer Sale,233,210,warehouse1,Transaction processed for WH_100 location,system,2026-03-13
829,3072,1,Receipt,2026-04-12,155,11.08,1717.4,PO-3496,Purchase Order Receipt,147,302,system,Transaction processed for WH_100 location,system,2026-04-12
830,1531,2,Sale,2025-08-23,-1,91.09,91.09,SO-92745,Customer Sale,46,45,system,Transaction processed for Backup location,system,2025-08-23
831,2022,1,Sale,2026-04-10,-34,36.37,1236.58,SO-73334,Customer Sale,69,35,system,Transaction processed for WH_100 location,system,2026-04-10
832,3042,1,Receipt,2026-01-19,98,62.9,6164.2,PO-1659,Purchase Order Receipt,293,391,warehouse2,Transaction processed for WH_100 location,system,2026-01-19
833,3031,3,Receipt,2026-03-17,200,415.52,83104.0,PO-1930,Purchase Order Receipt,17,217,warehouse2,Transaction processed for WH_500 location,system,2026-03-17
834,1531,2,Damage,2025-09-27,-3,91.09,273.27,DMG-834,Warehouse Damage,82,79,warehouse1,Transaction processed for Backup location,system,2025-09-27
835,1543,1,Receipt,2025-10-17,185,64.86,11999.1,PO-3641,Purchase Order Receipt,90,275,warehouse1,Transaction processed for WH_100 location,system,2025-10-17
836,3081,1,Sale,2025-08-31,-32,58.16,1861.12,SO-88457,Customer Sale,109,77,warehouse2,Transaction processed for WH_100 location,system,2025-08-31
837,3072,1,Transfer,2026-04-18,-32,10.7,342.4,TRF-1594,Warehouse Transfer,111,79,warehouse1,Transaction processed for WH_100 location,system,2026-04-18
838,3104,2,Receipt,2025-12-30,49,114.48,5609.52,PO-7742,Purchase Order Receipt,105,154,warehouse2,Transaction processed for WH_200 location,system,2025-12-30
839,2091,1,Sale,2025-12-10,-31,7.98,247.38,SO-96953,Customer Sale,53,22,warehouse2,Transaction processed for WH_100 location,system,2025-12-10
840,1542,1,Sale,2025-10-03,-42,90.83,3814.86,SO-43920,Customer Sale,196,154,system,Transaction processed for WH_100 location,system,2025-10-03
841,2031,1,Receipt,2026-01-12,79,24.17,1909.43,PO-6413,Purchase Order Receipt,84,163,system,Transaction processed for WH_100 location,system,2026-01-12
842,3022,2,Sale,2026-04-15,-10,352.53,3525.3,SO-43155,Customer Sale,37,27,warehouse2,Transaction processed for Backup location,system,2026-04-15
843,3104,2,Receipt,2025-10-30,125,114.3,14287.5,PO-2154,Purchase Order Receipt,155,280,system,Transaction processed for WH_200 location,system,2025-10-30
844,3021,1,Transfer,2026-04-13,-36,270.38,9733.68,TRF-6430,Warehouse Transfer,80,44,warehouse2,Transaction processed for WH_100 location,system,2026-04-13
845,2061,1,Sale,2025-07-05,-30,25.72,771.6,SO-14184,Customer Sale,89,59,warehouse2,Transaction processed for WH_100 location,system,2025-07-05
846,2081,2,Sale,2025-11-24,-26,25.3,657.8,SO-58132,Customer Sale,116,90,warehouse2,Transaction processed for WH_200 location,system,2025-11-24
847,1543,1,Adjustment,2025-08-26,-8,65.36,522.88,ADJ-847,Cycle Count,124,116,warehouse2,Transaction processed for WH_100 location,system,2025-08-26
848,3032,1,Damage,2026-03-14,-7,240.85,1685.95,DMG-848,Warehouse Damage,91,84,warehouse1,Transaction processed for WH_100 location,system,2026-03-14
849,2011,2,Receipt,2025-08-04,18,126.31,2273.58,PO-5941,Purchase Order Receipt,90,108,warehouse1,Transaction processed for Backup location,system,2025-08-04
850,1553,2,Damage,2026-03-21,-4,91.38,365.52,DMG-850,Warehouse Damage,91,87,warehouse1,Transaction processed for Backup location,system,2026-03-21
851,1541,1,Sale,2025-08-04,-5,132.59,662.95,SO-93092,Customer Sale,28,23,warehouse1,Transaction processed for WH_100 location,system,2025-08-04
852,1551,2,Receipt,2026-02-02,191,67.06,12808.46,PO-7259,Purchase Order Receipt,80,271,warehouse1,Transaction processed for Backup location,system,2026-02-02
853,1541,1,Return,2025-09-25,4,106.07,424.28,RET-29867,Customer Return,68,72,system,Transaction processed for WH_100 location,system,2025-09-25
854,2091,1,Sale,2026-04-15,-16,7.98,127.68,SO-79472,Customer Sale,42,26,system,Transaction processed for WH_100 location,system,2026-04-15
855,3062,3,Receipt,2025-12-25,188,89.94,16908.72,PO-5854,Purchase Order Receipt,51,239,warehouse1,Transaction processed for WH_500 location,system,2025-12-25
856,1521,1,Sale,2025-11-25,-12,122.8,1473.6,SO-80091,Customer Sale,49,37,warehouse2,Transaction processed for WH_100 location,system,2025-11-25
857,3031,2,Return,2025-07-18,4,335.98,1343.92,RET-86636,Customer Return,81,85,warehouse1,Transaction processed for Backup location,system,2025-07-18
858,3082,1,Sale,2026-02-10,-48,84.82,4071.36,SO-83189,Customer Sale,115,67,system,Transaction processed for WH_100 location,system,2026-02-10
859,3022,2,Receipt,2026-02-05,198,361.31,71539.38,PO-9458,Purchase Order Receipt,2,200,warehouse1,Transaction processed for Backup location,system,2026-02-05
860,2121,1,Transfer,2025-10-13,-34,31.62,1075.08,TRF-1266,Warehouse Transfer,105,71,system,Transaction processed for WH_100 location,system,2025-10-13
861,3022,2,Return,2025-09-13,1,282.02,282.02,RET-16384,Customer Return,39,40,warehouse2,Transaction processed for Backup location,system,2025-09-13
862,1551,2,Receipt,2025-10-28,168,66.69,11203.92,PO-9391,Purchase Order Receipt,82,250,warehouse1,Transaction processed for Backup location,system,2025-10-28
863,1552,2,Sale,2025-09-08,-43,58.45,2513.35,SO-43576,Customer Sale,209,166,system,Transaction processed for WH_200 location,system,2025-09-08
864,2051,1,Sale,2026-01-28,-10,16.44,164.4,SO-84558,Customer Sale,102,92,warehouse1,Transaction processed for WH_100 location,system,2026-01-28
865,1552,2,Transfer,2026-02-08,-41,58.45,2396.45,TRF-4408,Warehouse Transfer,200,159,warehouse1,Transaction processed for WH_200 location,system,2026-02-08
866,1561,1,Transfer,2026-04-19,-14,82.06,1148.84,TRF-8148,Warehouse Transfer,84,70,warehouse1,Transaction processed for WH_100 location,system,2026-04-19
867,2121,1,Damage,2025-07-04,-3,31.62,94.86,DMG-867,Shipping Damage,84,81,warehouse1,Transaction processed for WH_100 location,system,2025-07-04
868,2051,2,Receipt,2025-08-07,172,17.19,2956.68,PO-1117,Purchase Order Receipt,30,202,system,Transaction processed for Backup location,system,2025-08-07
869,3104,2,Adjustment,2025-10-27,1,118.89,118.89,ADJ-869,System Correction,33,34,system,Transaction processed for Backup location,system,2025-10-27
870,3103,1,Sale,2026-03-01,-27,180.33,4868.91,SO-61380,Customer Sale,49,22,warehouse1,Transaction processed for WH_100 location,system,2026-03-01
871,3042,1,Transfer,2026-02-25,-10,62.54,625.4,TRF-3912,Warehouse Transfer,132,122,warehouse2,Transaction processed for WH_100 location,system,2026-02-25
872,3052,1,Receipt,2025-07-01,126,110.99,13984.74,PO-2711,Purchase Order Receipt,62,188,system,Transaction processed for WH_100 location,system,2025-07-01
873,3022,1,Receipt,2025-09-27,192,344.7,66182.4,PO-7012,Purchase Order Receipt,98,290,warehouse2,Transaction processed for WH_100 location,system,2025-09-27
874,1572,3,Receipt,2025-09-07,49,230.05,11272.45,PO-2878,Purchase Order Receipt,213,262,warehouse2,Transaction processed for WH_500 location,system,2025-09-07
875,3041,2,Adjustment,2025-07-12,3,127.74,383.22,ADJ-875,Physical Count,65,68,warehouse2,Transaction processed for Backup location,system,2025-07-12
876,1551,2,Transfer,2026-04-16,-38,67.04,2547.52,TRF-4271,Warehouse Transfer,43,5,warehouse2,Transaction processed for Backup location,system,2026-04-16
877,2051,2,Transfer,2025-12-24,-38,16.44,624.72,TRF-6859,Warehouse Transfer,57,19,warehouse1,Transaction processed for Backup location,system,2025-12-24
878,3053,1,Sale,2025-12-20,-19,180.15,3422.85,SO-30048,Customer Sale,120,101,warehouse2,Transaction processed for WH_100 location,system,2025-12-20
879,2012,1,Sale,2025-10-22,-37,312.61,11566.57,SO-45886,Customer Sale,110,73,system,Transaction processed for WH_100 location,system,2025-10-22
880,3013,1,Receipt,2025-11-06,54,333.72,18020.88,PO-4516,Purchase Order Receipt,122,176,warehouse1,Transaction processed for WH_100 location,system,2025-11-06
881,1521,1,Receipt,2025-11-28,94,121.38,11409.72,PO-8851,Purchase Order Receipt,100,194,system,Transaction processed for WH_100 location,system,2025-11-28
882,3061,1,Sale,2025-10-10,-10,151.7,1517.0,SO-50925,Customer Sale,89,79,warehouse1,Transaction processed for WH_100 location,system,2025-10-10
883,1522,1,Sale,2025-11-22,-20,163.1,3262.0,SO-32402,Customer Sale,54,34,warehouse1,Transaction processed for WH_100 location,system,2025-11-22
884,3031,2,Transfer,2026-03-12,-17,419.97,7139.49,TRF-6420,Warehouse Transfer,93,76,warehouse1,Transaction processed for Backup location,system,2026-03-12
885,1521,1,Sale,2025-11-09,-3,122.8,368.4,SO-93037,Customer Sale,101,98,warehouse1,Transaction processed for WH_100 location,system,2025-11-09
886,3104,2,Return,2025-12-22,2,95.11,190.22,RET-85681,Customer Return,60,62,system,Transaction processed for WH_200 location,system,2025-12-22
887,3061,1,Sale,2025-08-13,-7,151.7,1061.9,SO-31106,Customer Sale,7,0,system,Transaction processed for WH_100 location,system,2025-08-13
888,3031,3,Receipt,2025-07-09,114,414.17,47215.38,PO-1667,Purchase Order Receipt,119,233,warehouse1,Transaction processed for WH_500 location,system,2025-07-09
889,3042,1,Sale,2025-08-31,-9,62.54,562.86,SO-93509,Customer Sale,233,224,warehouse1,Transaction processed for WH_100 location,system,2025-08-31
890,1542,1,Sale,2026-02-02,-3,90.83,272.49,SO-49947,Customer Sale,123,120,warehouse1,Transaction processed for WH_100 location,system,2026-02-02
891,3042,1,Receipt,2026-03-05,15,64.22,963.3,PO-9400,Purchase Order Receipt,280,295,warehouse2,Transaction processed for WH_100 location,system,2026-03-05
892,1563,1,Sale,2026-03-27,-1,70.33,70.33,SO-21780,Customer Sale,1,0,warehouse1,Transaction processed for WH_100 location,system,2026-03-27
893,3051,1,Sale,2026-01-21,-35,226.49,7927.15,SO-34122,Customer Sale,35,0,warehouse1,Transaction processed for WH_100 location,system,2026-01-21
894,1572,3,Adjustment,2026-02-04,9,222.59,2003.31,ADJ-894,Physical Count,96,105,system,Transaction processed for WH_500 location,system,2026-02-04
895,3022,1,Sale,2025-09-03,-50,352.53,17626.5,SO-77118,Customer Sale,83,33,system,Transaction processed for WH_100 location,system,2025-09-03
896,1522,1,Receipt,2025-12-14,120,166.04,19924.8,PO-7288,Purchase Order Receipt,63,183,warehouse1,Transaction processed for WH_100 location,system,2025-12-14
897,3031,2,Receipt,2025-09-14,68,407.74,27726.32,PO-2227,Purchase Order Receipt,69,137,warehouse2,Transaction processed for Backup location,system,2025-09-14
898,3053,1,Sale,2025-09-18,-38,180.15,6845.7,SO-39145,Customer Sale,133,95,warehouse1,Transaction processed for WH_100 location,system,2025-09-18
899,3021,1,Receipt,2026-01-28,61,260.28,15877.08,PO-5323,Purchase Order Receipt,47,108,warehouse2,Transaction processed for WH_100 location,system,2026-01-28
900,3101,1,Sale,2025-09-18,-48,114.44,5493.12,SO-13786,Customer Sale,86,38,warehouse1,Transaction processed for WH_100 location,system,2025-09-18
901,2112,1,Sale,2025-08-12,-33,66.6,2197.8,SO-43422,Customer Sale,141,108,warehouse2,Transaction processed for WH_100 location,system,2025-08-12
902,1542,1,Sale,2025-10-01,-35,90.83,3179.05,SO-62388,Customer Sale,147,112,warehouse2,Transaction processed for WH_100 location,system,2025-10-01
903,3022,2,Receipt,2025-08-27,130,360.99,46928.7,PO-5635,Purchase Order Receipt,20,150,warehouse1,Transaction processed for Backup location,system,2025-08-27
904,3042,2,Sale,2025-11-22,-35,62.54,2188.9,SO-22273,Customer Sale,118,83,warehouse2,Transaction processed for Backup location,system,2025-11-22
905,2091,1,Sale,2026-04-03,0,7.98,0.0,SO-59207,Customer Sale,0,0,warehouse1,Transaction processed for WH_100 location,system,2026-04-03
906,1541,2,Sale,2026-01-16,-15,132.59,1988.85,SO-47803,Customer Sale,78,63,warehouse2,Transaction processed for Backup location,system,2026-01-16
907,3072,1,Sale,2025-10-18,-22,10.7,235.4,SO-57581,Customer Sale,49,27,system,Transaction processed for WH_100 location,system,2025-10-18
908,3071,2,Sale,2026-01-19,-17,39.17,665.89,SO-16667,Customer Sale,39,22,warehouse2,Transaction processed for WH_200 location,system,2026-01-19
909,1553,2,Receipt,2025-10-06,188,90.54,17021.52,PO-3251,Purchase Order Receipt,11,199,warehouse1,Transaction processed for Backup location,system,2025-10-06
910,3041,2,Adjustment,2025-11-13,5,127.74,638.7,ADJ-910,System Correction,53,58,system,Transaction processed for Backup location,system,2025-11-13
911,3011,1,Sale,2025-09-24,-47,968.68,45527.96,SO-51039,Customer Sale,128,81,warehouse2,Transaction processed for WH_100 location,system,2025-09-24
912,3042,2,Adjustment,2025-08-25,1,62.54,62.54,ADJ-912,Physical Count,25,26,warehouse2,Transaction processed for Backup location,system,2025-08-25
913,2091,1,Receipt,2026-04-02,21,7.75,162.75,PO-4779,Purchase Order Receipt,67,88,warehouse2,Transaction processed for WH_100 location,system,2026-04-02
914,1531,2,Sale,2025-07-17,-18,91.09,1639.62,SO-74738,Customer Sale,50,32,warehouse2,Transaction processed for Backup location,system,2025-07-17
915,3041,2,Receipt,2025-09-17,149,130.28,19411.72,PO-8545,Purchase Order Receipt,71,220,warehouse2,Transaction processed for Backup location,system,2025-09-17
916,3102,2,Receipt,2025-11-19,34,169.82,5773.88,PO-6986,Purchase Order Receipt,81,115,warehouse2,Transaction processed for Backup location,system,2025-11-19
917,3051,1,Receipt,2025-07-19,180,215.27,38748.6,PO-3116,Purchase Order Receipt,50,230,system,Transaction processed for WH_100 location,system,2025-07-19
918,3033,1,Sale,2026-04-25,-44,419.49,18457.56,SO-86982,Customer Sale,155,111,warehouse1,Transaction processed for WH_100 location,system,2026-04-25
919,2012,1,Sale,2026-01-10,-50,312.61,15630.5,SO-35516,Customer Sale,70,20,warehouse1,Transaction processed for WH_100 location,system,2026-01-10
920,1553,1,Transfer,2026-01-04,-14,91.38,1279.32,TRF-3542,Warehouse Transfer,213,199,warehouse1,Transaction processed for WH_100 location,system,2026-01-04
921,3104,2,Adjustment,2025-08-06,-15,118.89,1783.35,ADJ-921,Cycle Count,126,111,warehouse2,Transaction processed for Backup location,system,2025-08-06
922,3102,1,Sale,2025-11-22,-23,173.13,3981.99,SO-23249,Customer Sale,149,126,warehouse1,Transaction processed for WH_100 location,system,2025-11-22
923,2021,1,Return,2026-03-24,4,57.05,228.2,RET-58704,Customer Return,81,85,system,Transaction processed for WH_100 location,system,2026-03-24
924,3092,1,Sale,2025-12-19,-15,540.11,8101.65,SO-28645,Customer Sale,280,265,system,Transaction processed for WH_100 location,system,2025-12-19
925,1561,2,Adjustment,2026-02-04,-7,82.06,574.42,ADJ-925,Cycle Count,92,85,system,Transaction processed for Backup location,system,2026-02-04
926,1553,1,Sale,2025-11-24,-25,91.38,2284.5,SO-65579,Customer Sale,172,147,system,Transaction processed for WH_100 location,system,2025-11-24
927,1552,2,Damage,2025-12-17,-7,58.45,409.15,DMG-927,Quality Issue,284,277,warehouse1,Transaction processed for WH_200 location,system,2025-12-17
928,1541,1,Sale,2026-01-28,-27,132.59,3579.93,SO-42263,Customer Sale,105,78,warehouse1,Transaction processed for WH_100 location,system,2026-01-28
929,3081,1,Transfer,2026-01-15,-23,58.16,1337.68,TRF-7507,Warehouse Transfer,23,0,system,Transaction processed for WH_100 location,system,2026-01-15
930,3042,1,Transfer,2025-07-16,-39,62.54,2439.06,TRF-8389,Warehouse Transfer,190,151,warehouse2,Transaction processed for WH_100 location,system,2025-07-16
931,2012,2,Sale,2026-03-28,-32,312.61,10003.52,SO-97921,Customer Sale,39,7,system,Transaction processed for Backup location,system,2026-03-28
932,1523,2,Return,2025-07-12,3,43.57,130.71,RET-21906,Customer Return,11,14,system,Transaction processed for WH_200 location,system,2025-07-12
933,2031,1,Sale,2025-11-25,-27,23.04,622.08,SO-68432,Customer Sale,27,0,warehouse1,Transaction processed for WH_100 location,system,2025-11-25
934,2061,1,Sale,2026-02-06,-45,25.72,1157.4,SO-50757,Customer Sale,96,51,system,Transaction processed for WH_100 location,system,2026-02-06
935,3012,1,Sale,2025-08-06,-22,659.11,14500.42,SO-73557,Customer Sale,196,174,warehouse1,Transaction processed for WH_100 location,system,2025-08-06
936,3072,1,Sale,2025-10-06,-50,10.7,535.0,SO-73024,Customer Sale,129,79,warehouse1,Transaction processed for WH_100 location,system,2025-10-06
937,1543,1,Sale,2026-04-05,-27,65.36,1764.72,SO-12640,Customer Sale,100,73,warehouse2,Transaction processed for WH_100 location,system,2026-04-05
938,2091,1,Receipt,2025-10-12,70,7.66,536.2,PO-9203,Purchase Order Receipt,52,122,warehouse1,Transaction processed for WH_100 location,system,2025-10-12
939,2051,1,Sale,2025-11-09,-31,16.44,509.64,SO-96116,Customer Sale,47,16,warehouse2,Transaction processed for WH_100 location,system,2025-11-09
940,1533,1,Damage,2025-08-22,-3,107.2,321.6,DMG-940,Shipping Damage,3,0,warehouse1,Transaction processed for WH_100 location,system,2025-08-22
941,3081,1,Sale,2025-07-08,-17,58.16,988.72,SO-34211,Customer Sale,117,100,warehouse1,Transaction processed for WH_100 location,system,2025-07-08
942,3104,2,Receipt,2026-01-11,13,121.71,1582.23,PO-8326,Purchase Order Receipt,135,148,warehouse2,Transaction processed for WH_200 location,system,2026-01-11
943,1561,2,Adjustment,2025-09-21,11,82.06,902.66,ADJ-943,Physical Count,68,79,warehouse2,Transaction processed for Backup location,system,2025-09-21
944,3101,1,Receipt,2026-03-21,140,119.7,16758.0,PO-3926,Purchase Order Receipt,108,248,warehouse2,Transaction processed for WH_100 location,system,2026-03-21
945,3091,2,Return,2025-09-30,3,365.55,1096.65,RET-90125,Customer Return,35,38,warehouse2,Transaction processed for WH_200 location,system,2025-09-30
946,1543,1,Sale,2026-03-21,-12,65.36,784.32,SO-79903,Customer Sale,60,48,warehouse2,Transaction processed for WH_100 location,system,2026-03-21
947,1563,1,Sale,2026-02-09,-45,70.33,3164.85,SO-44338,Customer Sale,100,55,warehouse1,Transaction processed for WH_100 location,system,2026-02-09
948,1521,2,Sale,2026-02-11,-23,122.8,2824.4,SO-37759,Customer Sale,23,0,warehouse2,Transaction processed for Backup location,system,2026-02-11
949,2012,1,Sale,2025-08-31,-25,312.61,7815.25,SO-79785,Customer Sale,33,8,system,Transaction processed for WH_100 location,system,2025-08-31
950,1581,1,Sale,2025-12-27,-10,48.56,485.6,SO-33544,Customer Sale,116,106,system,Transaction processed for WH_100 location,system,2025-12-27
951,3033,1,Sale,2026-01-05,-49,419.49,20555.01,SO-36510,Customer Sale,128,79,system,Transaction processed for WH_100 location,system,2026-01-05
952,3033,1,Receipt,2026-04-19,24,410.96,9863.04,PO-2035,Purchase Order Receipt,36,60,system,Transaction processed for WH_100 location,system,2026-04-19
953,3072,1,Transfer,2026-01-14,-14,10.7,149.8,TRF-3040,Warehouse Transfer,14,0,warehouse1,Transaction processed for WH_100 location,system,2026-01-14
954,2111,2,Sale,2025-12-18,-26,142.6,3707.6,SO-84147,Customer Sale,26,0,system,Transaction processed for WH_200 location,system,2025-12-18
955,3062,3,Receipt,2025-12-07,164,89.95,14751.8,PO-8219,Purchase Order Receipt,71,235,warehouse1,Transaction processed for WH_500 location,system,2025-12-07
956,1562,1,Damage,2026-03-27,-4,121.04,484.16,DMG-956,Warehouse Damage,22,18,system,Transaction processed for WH_100 location,system,2026-03-27
957,1522,2,Sale,2026-01-17,-45,163.1,7339.5,SO-65115,Customer Sale,107,62,system,Transaction processed for Backup location,system,2026-01-17
958,2051,1,Receipt,2025-12-13,154,16.39,2524.06,PO-9555,Purchase Order Receipt,96,250,warehouse1,Transaction processed for WH_100 location,system,2025-12-13
959,2111,2,Transfer,2025-09-17,-38,142.6,5418.8,TRF-2146,Warehouse Transfer,38,0,warehouse2,Transaction processed for WH_200 location,system,2025-09-17
960,2011,1,Receipt,2025-12-25,26,130.48,3392.48,PO-9000,Purchase Order Receipt,101,127,system,Transaction processed for WH_100 location,system,2025-12-25
961,1571,1,Receipt,2025-08-31,56,109.51,6132.56,PO-4115,Purchase Order Receipt,200,256,system,Transaction processed for WH_100 location,system,2025-08-31
962,1533,1,Sale,2026-02-21,-35,107.2,3752.0,SO-19002,Customer Sale,109,74,warehouse1,Transaction processed for WH_100 location,system,2026-02-21
963,2011,1,Receipt,2025-08-07,122,122.34,14925.48,PO-1545,Purchase Order Receipt,106,228,warehouse2,Transaction processed for WH_100 location,system,2025-08-07
964,3033,1,Receipt,2025-08-26,24,411.46,9875.04,PO-1656,Purchase Order Receipt,37,61,warehouse1,Transaction processed for WH_100 location,system,2025-08-26
965,3013,1,Receipt,2026-01-28,161,329.43,53038.23,PO-1349,Purchase Order Receipt,41,202,warehouse1,Transaction processed for WH_100 location,system,2026-01-28
966,3062,3,Sale,2025-10-20,-25,88.18,2204.5,SO-90278,Customer Sale,97,72,warehouse2,Transaction processed for WH_500 location,system,2025-10-20
967,2121,1,Receipt,2026-04-04,179,31.16,5577.64,PO-6811,Purchase Order Receipt,42,221,warehouse2,Transaction processed for WH_100 location,system,2026-04-04
968,2022,1,Sale,2025-11-20,-26,36.37,945.62,SO-94380,Customer Sale,26,0,system,Transaction processed for WH_100 location,system,2025-11-20
969,2081,2,Transfer,2026-02-10,-34,25.3,860.2,TRF-1974,Warehouse Transfer,34,0,warehouse1,Transaction processed for WH_200 location,system,2026-02-10
970,1553,1,Sale,2026-03-17,-39,91.38,3563.82,SO-60571,Customer Sale,174,135,warehouse2,Transaction processed for WH_100 location,system,2026-03-17
971,2012,2,Transfer,2025-07-28,-48,312.61,15005.28,TRF-8507,Warehouse Transfer,141,93,warehouse2,Transaction processed for Backup location,system,2025-07-28
972,3042,1,Sale,2025-12-25,-29,62.54,1813.66,SO-53934,Customer Sale,265,236,warehouse1,Transaction processed for WH_100 location,system,2025-12-25
973,3092,1,Sale,2025-10-17,-33,540.11,17823.63,SO-76151,Customer Sale,288,255,warehouse2,Transaction processed for WH_100 location,system,2025-10-17
974,3092,1,Sale,2026-02-12,-18,540.11,9721.98,SO-34382,Customer Sale,184,166,warehouse2,Transaction processed for WH_100 location,system,2026-02-12
975,1522,1,Transfer,2026-03-25,-5,163.1,815.5,TRF-2965,Warehouse Transfer,97,92,warehouse1,Transaction processed for WH_100 location,system,2026-03-25
976,3092,1,Sale,2025-11-17,-34,540.11,18363.74,SO-37318,Customer Sale,300,266,warehouse2,Transaction processed for WH_100 location,system,2025-11-17
977,3104,2,Sale,2026-04-04,-4,118.89,475.56,SO-11890,Customer Sale,163,159,system,Transaction processed for WH_200 location,system,2026-04-04
978,3033,1,Sale,2026-03-02,-15,419.49,6292.35,SO-90988,Customer Sale,61,46,warehouse2,Transaction processed for WH_100 location,system,2026-03-02
979,3103,2,Sale,2025-12-24,-47,180.33,8475.51,SO-82874,Customer Sale,67,20,system,Transaction processed for Backup location,system,2025-12-24
980,2041,1,Damage,2025-07-05,-6,44.39,266.34,DMG-980,Shipping Damage,29,23,system,Transaction processed for WH_100 location,system,2025-07-05
981,1522,1,Sale,2025-11-23,-28,163.1,4566.8,SO-69427,Customer Sale,123,95,warehouse1,Transaction processed for WH_100 location,system,2025-11-23
982,1551,1,Sale,2025-10-05,-7,67.04,469.28,SO-92379,Customer Sale,62,55,warehouse1,Transaction processed for WH_100 location,system,2025-10-05
983,3102,2,Sale,2025-12-12,-15,173.13,2596.95,SO-67249,Customer Sale,125,110,warehouse1,Transaction processed for Backup location,system,2025-12-12
984,3022,1,Adjustment,2026-03-22,-13,352.53,4582.89,ADJ-984,Cycle Count,125,112,warehouse2,Transaction processed for WH_100 location,system,2026-03-22
985,3013,1,Damage,2025-09-19,-6,344.68,2068.08,DMG-985,Warehouse Damage,81,75,warehouse2,Transaction processed for WH_100 location,system,2025-09-19
986,3052,2,Sale,2025-11-09,-28,115.25,3227.0,SO-86388,Customer Sale,28,0,system,Transaction processed for Backup location,system,2025-11-09
987,3033,1,Sale,2025-08-13,-10,419.49,4194.9,SO-35144,Customer Sale,10,0,system,Transaction processed for WH_100 location,system,2025-08-13
988,3013,1,Receipt,2025-07-02,190,346.14,65766.6,PO-4397,Purchase Order Receipt,71,261,system,Transaction processed for WH_100 location,system,2025-07-02
989,1522,1,Receipt,2025-07-31,49,163.52,8012.48,PO-1291,Purchase Order Receipt,68,117,warehouse1,Transaction processed for WH_100 location,system,2025-07-31
990,3032,1,Sale,2026-02-01,-3,240.85,722.55,SO-51966,Customer Sale,15,12,warehouse1,Transaction processed for WH_100 location,system,2026-02-01
991,1572,3,Transfer,2025-09-25,-8,222.59,1780.72,TRF-6222,Warehouse Transfer,140,132,system,Transaction processed for WH_500 location,system,2025-09-25
992,1523,2,Return,2025-10-29,5,43.57,217.85,RET-55022,Customer Return,168,173,warehouse1,Transaction processed for WH_200 location,system,2025-10-29
993,1543,1,Transfer,2025-10-07,-41,65.36,2679.76,TRF-4213,Warehouse Transfer,41,0,warehouse2,Transaction processed for WH_100 location,system,2025-10-07
994,3102,1,Sale,2026-03-29,-36,173.13,6232.68,SO-90454,Customer Sale,99,63,warehouse2,Transaction processed for WH_100 location,system,2026-03-29
995,3012,2,Transfer,2026-04-09,-46,659.11,30319.06,TRF-4276,Warehouse Transfer,118,72,warehouse1,Transaction processed for Backup location,system,2026-04-09
996,1552,2,Sale,2026-04-07,-12,58.45,701.4,SO-13252,Customer Sale,264,252,warehouse1,Transaction processed for WH_200 location,system,2026-04-07
997,3052,1,Sale,2025-07-29,-2,115.25,230.5,SO-84856,Customer Sale,41,39,warehouse2,Transaction processed for WH_100 location,system,2025-07-29
998,1553,2,Receipt,2025-09-12,21,95.39,2003.19,PO-3116,Purchase Order Receipt,115,136,warehouse2,Transaction processed for Backup location,system,2025-09-12
999,3092,1,Adjustment,2025-09-18,-2,540.11,1080.22,ADJ-999,System Correction,302,300,warehouse1,Transaction processed for WH_100 location,system,2025-09-18
1000,2041,1,Adjustment,2026-04-22,-9,44.39,399.51,ADJ-1000,Cycle Count,112,103,system,Transaction processed for WH_100 location,system,2026-04-22
1001,2071,1,Sale,2025-09-24,-17,21.94,372.98,SO-79385,Customer Sale,21,4,warehouse2,Transaction processed for WH_100 location,system,2025-09-24
1002,2012,1,Adjustment,2025-07-29,-14,312.61,4376.54,ADJ-1002,System Correction,14,0,warehouse1,Transaction processed for WH_100 location,system,2025-07-29
1003,2091,1,Receipt,2025-11-18,49,7.77,380.73,PO-2487,Purchase Order Receipt,23,72,warehouse2,Transaction processed for WH_100 location,system,2025-11-18
1004,1523,2,Receipt,2026-04-21,17,53.27,905.59,PO-1211,Purchase Order Receipt,21,38,warehouse2,Transaction processed for WH_200 location,system,2026-04-21
1005,2111,2,Receipt,2025-07-15,91,144.78,13174.98,PO-6858,Purchase Order Receipt,85,176,warehouse2,Transaction processed for WH_200 location,system,2025-07-15
1006,1572,3,Sale,2026-04-17,-40,222.59,8903.6,SO-38085,Customer Sale,270,230,system,Transaction processed for WH_500 location,system,2026-04-17
1007,3042,2,Sale,2025-07-04,-30,62.54,1876.2,SO-43157,Customer Sale,64,34,warehouse1,Transaction processed for Backup location,system,2025-07-04
1008,3053,1,Sale,2025-08-21,-21,180.15,3783.15,SO-81484,Customer Sale,64,43,system,Transaction processed for WH_100 location,system,2025-08-21
1009,1572,3,Sale,2026-03-22,-3,222.59,667.77,SO-54039,Customer Sale,260,257,warehouse1,Transaction processed for WH_500 location,system,2026-03-22
1010,3011,1,Receipt,2025-12-10,98,923.51,90503.98,PO-5969,Purchase Order Receipt,208,306,warehouse2,Transaction processed for WH_100 location,system,2025-12-10
1011,1511,2,Sale,2025-11-17,-17,321.96,5473.32,SO-17550,Customer Sale,44,27,warehouse1,Transaction processed for WH_200 location,system,2025-11-17
1012,3104,2,Sale,2025-09-23,-14,118.89,1664.46,SO-99490,Customer Sale,101,87,warehouse2,Transaction processed for Backup location,system,2025-09-23
1013,3102,2,Sale,2025-12-29,-28,173.13,4847.64,SO-66163,Customer Sale,74,46,warehouse2,Transaction processed for Backup location,system,2025-12-29
1014,1551,1,Sale,2025-08-15,-22,67.04,1474.88,SO-84239,Customer Sale,22,0,system,Transaction processed for WH_100 location,system,2025-08-15
1015,2091,1,Receipt,2025-11-16,67,8.02,537.34,PO-3857,Purchase Order Receipt,52,119,system,Transaction processed for WH_100 location,system,2025-11-16
1016,1541,1,Sale,2025-11-16,-24,132.59,3182.16,SO-54979,Customer Sale,145,121,warehouse1,Transaction processed for WH_100 location,system,2025-11-16
1017,2081,2,Adjustment,2025-08-21,8,25.3,202.4,ADJ-1017,Cycle Count,50,58,warehouse2,Transaction processed for WH_200 location,system,2025-08-21
1018,2012,2,Receipt,2025-10-02,77,321.16,24729.32,PO-6736,Purchase Order Receipt,32,109,system,Transaction processed for Backup location,system,2025-10-02
1019,3071,2,Sale,2025-11-22,-12,39.17,470.04,SO-70143,Customer Sale,35,23,warehouse2,Transaction processed for WH_200 location,system,2025-11-22
1020,1571,1,Receipt,2025-09-09,151,107.4,16217.4,PO-9635,Purchase Order Receipt,323,474,warehouse1,Transaction processed for WH_100 location,system,2025-09-09
1021,3102,1,Sale,2026-03-01,-46,173.13,7963.98,SO-61720,Customer Sale,138,92,system,Transaction processed for WH_100 location,system,2026-03-01
1022,1523,2,Sale,2026-02-03,-6,54.46,326.76,SO-49396,Customer Sale,177,171,warehouse2,Transaction processed for WH_200 location,system,2026-02-03
1023,3051,1,Sale,2026-02-07,-25,226.49,5662.25,SO-84302,Customer Sale,74,49,system,Transaction processed for WH_100 location,system,2026-02-07
1024,3052,2,Sale,2025-10-04,-46,115.25,5301.5,SO-14865,Customer Sale,93,47,system,Transaction processed for Backup location,system,2025-10-04
1025,1561,2,Transfer,2026-02-19,-26,82.06,2133.56,TRF-1429,Warehouse Transfer,26,0,warehouse2,Transaction processed for Backup location,system,2026-02-19
1026,3041,2,Receipt,2025-08-19,195,133.08,25950.6,PO-1407,Purchase Order Receipt,32,227,system,Transaction processed for Backup location,system,2025-08-19
1027,2111,2,Sale,2026-04-29,-33,142.6,4705.8,SO-17228,Customer Sale,35,2,warehouse2,Transaction processed for WH_200 location,system,2026-04-29
1028,3032,1,Sale,2026-02-17,-17,240.85,4094.45,SO-67005,Customer Sale,17,0,system,Transaction processed for WH_100 location,system,2026-02-17
1029,1551,2,Sale,2026-04-25,-8,67.04,536.32,SO-34531,Customer Sale,57,49,warehouse2,Transaction processed for Backup location,system,2026-04-25
1030,1552,2,Transfer,2025-12-06,-43,58.45,2513.35,TRF-7595,Warehouse Transfer,256,213,warehouse2,Transaction processed for WH_200 location,system,2025-12-06
1031,3012,1,Receipt,2025-08-12,137,690.85,94646.45,PO-4653,Purchase Order Receipt,262,399,warehouse1,Transaction processed for WH_100 location,system,2025-08-12
1032,3041,2,Receipt,2026-01-11,24,131.63,3159.12,PO-1573,Purchase Order Receipt,166,190,warehouse2,Transaction processed for WH_200 location,system,2026-01-11
1033,1581,1,Sale,2026-04-22,-7,48.56,339.92,SO-81741,Customer Sale,59,52,warehouse2,Transaction processed for WH_100 location,system,2026-04-22
1034,1511,2,Sale,2026-02-13,-19,321.96,6117.24,SO-78176,Customer Sale,146,127,warehouse2,Transaction processed for WH_200 location,system,2026-02-13
1035,2091,1,Receipt,2025-12-12,147,8.12,1193.64,PO-8968,Purchase Order Receipt,74,221,warehouse2,Transaction processed for WH_100 location,system,2025-12-12
1036,3042,1,Sale,2025-12-29,-10,62.54,625.4,SO-50260,Customer Sale,159,149,system,Transaction processed for WH_100 location,system,2025-12-29
1037,1521,1,Adjustment,2026-01-28,-13,122.8,1596.4,ADJ-1037,Physical Count,116,103,warehouse1,Transaction processed for WH_100 location,system,2026-01-28
1038,3012,1,Receipt,2026-04-22,30,650.75,19522.5,PO-9786,Purchase Order Receipt,261,291,warehouse1,Transaction processed for WH_100 location,system,2026-04-22
1039,1553,1,Transfer,2025-12-15,-43,91.38,3929.34,TRF-8837,Warehouse Transfer,175,132,warehouse2,Transaction processed for WH_100 location,system,2025-12-15
1040,1572,3,Sale,2025-08-17,-36,222.59,8013.24,SO-85496,Customer Sale,209,173,warehouse2,Transaction processed for WH_500 location,system,2025-08-17
1041,3081,1,Sale,2025-12-29,-18,58.16,1046.88,SO-43736,Customer Sale,64,46,system,Transaction processed for WH_100 location,system,2025-12-29
1042,1561,1,Sale,2025-09-27,-20,82.06,1641.2,SO-25012,Customer Sale,24,4,system,Transaction processed for WH_100 location,system,2025-09-27
1043,3012,1,Receipt,2026-04-25,164,647.25,106149.0,PO-7064,Purchase Order Receipt,135,299,warehouse2,Transaction processed for WH_100 location,system,2026-04-25
1044,1551,2,Receipt,2025-10-13,65,68.46,4449.9,PO-4099,Purchase Order Receipt,5,70,warehouse2,Transaction processed for Backup location,system,2025-10-13
1045,3051,1,Sale,2026-03-21,-10,226.49,2264.9,SO-54322,Customer Sale,102,92,system,Transaction processed for WH_100 location,system,2026-03-21
1046,1551,1,Adjustment,2025-07-26,12,67.04,804.48,ADJ-1046,Cycle Count,76,88,warehouse1,Transaction processed for WH_100 location,system,2025-07-26
1047,2011,2,Return,2025-10-10,5,99.71,498.55,RET-56784,Customer Return,7,12,warehouse1,Transaction processed for Backup location,system,2025-10-10
1048,3041,2,Receipt,2025-08-02,76,133.77,10166.52,PO-1195,Purchase Order Receipt,181,257,system,Transaction processed for WH_200 location,system,2025-08-02
1049,3041,2,Sale,2025-12-21,-14,127.74,1788.36,SO-97205,Customer Sale,122,108,warehouse1,Transaction processed for WH_200 location,system,2025-12-21
1050,2121,1,Receipt,2026-03-08,191,32.9,6283.9,PO-1494,Purchase Order Receipt,78,269,warehouse2,Transaction processed for WH_100 location,system,2026-03-08
1051,3042,1,Damage,2026-03-15,-5,62.54,312.7,DMG-1051,Quality Issue,243,238,system,Transaction processed for WH_100 location,system,2026-03-15
1052,1552,2,Damage,2025-10-07,-3,58.45,175.35,DMG-1052,Quality Issue,193,190,warehouse1,Transaction processed for WH_200 location,system,2025-10-07
1053,3021,1,Sale,2026-02-22,-21,270.38,5677.98,SO-10893,Customer Sale,21,0,system,Transaction processed for WH_100 location,system,2026-02-22
1054,3033,1,Transfer,2026-04-08,-5,419.49,2097.45,TRF-1452,Warehouse Transfer,37,32,warehouse2,Transaction processed for WH_100 location,system,2026-04-08
1055,2061,1,Receipt,2026-02-25,91,25.87,2354.17,PO-3827,Purchase Order Receipt,88,179,warehouse2,Transaction processed for WH_100 location,system,2026-02-25
1056,2011,2,Sale,2026-02-13,-24,124.64,2991.36,SO-13079,Customer Sale,24,0,warehouse1,Transaction processed for Backup location,system,2026-02-13
1057,1581,1,Sale,2026-04-27,-18,48.56,874.08,SO-60173,Customer Sale,22,4,system,Transaction processed for WH_100 location,system,2026-04-27
1058,3032,1,Sale,2026-02-05,-24,240.85,5780.4,SO-32513,Customer Sale,50,26,warehouse2,Transaction processed for WH_100 location,system,2026-02-05
1059,1563,1,Sale,2025-07-02,-10,70.33,703.3,SO-59184,Customer Sale,10,0,warehouse1,Transaction processed for WH_100 location,system,2025-07-02
1060,2012,2,Receipt,2026-01-08,119,302.78,36030.82,PO-7443,Purchase Order Receipt,67,186,warehouse1,Transaction processed for Backup location,system,2026-01-08
1061,1551,2,Sale,2025-07-07,-22,67.04,1474.88,SO-96059,Customer Sale,22,0,system,Transaction processed for Backup location,system,2025-07-07
1062,2051,1,Sale,2026-01-18,-28,16.44,460.32,SO-74524,Customer Sale,95,67,warehouse2,Transaction processed for WH_100 location,system,2026-01-18
1063,3101,1,Sale,2026-02-06,-49,114.44,5607.56,SO-74723,Customer Sale,73,24,warehouse2,Transaction processed for WH_100 location,system,2026-02-06
1064,3052,2,Adjustment,2026-01-04,-15,115.25,1728.75,ADJ-1064,Cycle Count,73,58,warehouse2,Transaction processed for Backup location,system,2026-01-04
1065,3022,2,Receipt,2026-03-06,126,349.77,44071.02,PO-2810,Purchase Order Receipt,93,219,warehouse1,Transaction processed for Backup location,system,2026-03-06
1066,2071,1,Transfer,2025-08-09,-22,21.94,482.68,TRF-5497,Warehouse Transfer,22,0,system,Transaction processed for WH_100 location,system,2025-08-09
1067,3104,2,Transfer,2025-10-08,-28,118.89,3328.92,TRF-4293,Warehouse Transfer,234,206,warehouse2,Transaction processed for WH_200 location,system,2025-10-08
1068,2021,1,Receipt,2026-03-17,141,71.95,10144.95,PO-7150,Purchase Order Receipt,186,327,warehouse1,Transaction processed for WH_100 location,system,2026-03-17
1069,1522,1,Sale,2026-03-26,-29,163.1,4729.9,SO-57790,Customer Sale,97,68,warehouse1,Transaction processed for WH_100 location,system,2026-03-26
1070,1572,3,Sale,2026-04-09,-16,222.59,3561.44,SO-85559,Customer Sale,203,187,warehouse1,Transaction processed for WH_500 location,system,2026-04-09
1071,3012,2,Receipt,2025-07-08,25,670.18,16754.5,PO-7469,Purchase Order Receipt,77,102,warehouse2,Transaction processed for Backup location,system,2025-07-08
1072,3053,1,Receipt,2025-09-02,102,183.01,18667.02,PO-4898,Purchase Order Receipt,59,161,warehouse1,Transaction processed for WH_100 location,system,2025-09-02
1073,3101,1,Sale,2025-08-29,-9,114.44,1029.96,SO-97481,Customer Sale,27,18,warehouse2,Transaction processed for WH_100 location,system,2025-08-29
1074,2101,2,Sale,2025-12-19,-21,13.5,283.5,SO-64846,Customer Sale,154,133,warehouse1,Transaction processed for WH_200 location,system,2025-12-19
1075,3072,1,Sale,2025-12-17,-15,10.7,160.5,SO-49171,Customer Sale,137,122,warehouse1,Transaction processed for WH_100 location,system,2025-12-17
1076,2031,1,Return,2025-11-27,4,18.43,73.72,RET-51290,Customer Return,100,104,warehouse2,Transaction processed for WH_100 location,system,2025-11-27
1077,1533,1,Sale,2025-10-23,-40,107.2,4288.0,SO-23413,Customer Sale,60,20,system,Transaction processed for WH_100 location,system,2025-10-23
1078,1543,1,Transfer,2026-04-08,-21,65.36,1372.56,TRF-6049,Warehouse Transfer,42,21,system,Transaction processed for WH_100 location,system,2026-04-08
1079,1553,1,Receipt,2025-08-17,42,94.19,3955.98,PO-1639,Purchase Order Receipt,136,178,warehouse1,Transaction processed for WH_100 location,system,2025-08-17
1080,2031,1,Return,2026-01-19,4,18.43,73.72,RET-97356,Customer Return,72,76,warehouse2,Transaction processed for WH_100 location,system,2026-01-19
1081,3053,1,Receipt,2026-03-25,80,183.97,14717.6,PO-6600,Purchase Order Receipt,120,200,warehouse2,Transaction processed for WH_100 location,system,2026-03-25
1082,3042,1,Receipt,2026-04-18,62,64.33,3988.46,PO-4113,Purchase Order Receipt,216,278,warehouse2,Transaction processed for WH_100 location,system,2026-04-18
1083,3082,1,Adjustment,2026-04-21,18,84.82,1526.76,ADJ-1083,Physical Count,115,133,warehouse1,Transaction processed for WH_100 location,system,2026-04-21
1084,1531,2,Sale,2026-04-05,-21,91.09,1912.89,SO-60827,Customer Sale,78,57,warehouse2,Transaction processed for Backup location,system,2026-04-05
1085,2111,2,Adjustment,2025-11-12,-12,142.6,1711.2,ADJ-1085,System Correction,61,49,system,Transaction processed for WH_200 location,system,2025-11-12
1086,2021,1,Receipt,2025-09-24,109,68.95,7515.55,PO-3328,Purchase Order Receipt,88,197,warehouse1,Transaction processed for WH_100 location,system,2025-09-24
1087,3013,1,Return,2025-07-07,2,275.74,551.48,RET-45400,Customer Return,113,115,warehouse1,Transaction processed for WH_100 location,system,2025-07-07
1088,3032,1,Transfer,2026-03-12,-35,240.85,8429.75,TRF-1950,Warehouse Transfer,136,101,warehouse1,Transaction processed for WH_100 location,system,2026-03-12
1089,3082,1,Sale,2025-07-13,-40,84.82,3392.8,SO-16776,Customer Sale,162,122,warehouse2,Transaction processed for WH_100 location,system,2025-07-13
1090,1511,2,Sale,2025-12-26,-29,321.96,9336.84,SO-15988,Customer Sale,223,194,warehouse1,Transaction processed for WH_200 location,system,2025-12-26
1091,3052,2,Adjustment,2026-04-06,-20,115.25,2305.0,ADJ-1091,Physical Count,57,37,warehouse1,Transaction processed for Backup location,system,2026-04-06
1092,1561,1,Sale,2025-07-13,-11,82.06,902.66,SO-52908,Customer Sale,37,26,system,Transaction processed for WH_100 location,system,2025-07-13
1093,2031,1,Sale,2026-01-06,-44,23.04,1013.76,SO-43328,Customer Sale,76,32,warehouse2,Transaction processed for WH_100 location,system,2026-01-06
1094,2101,2,Return,2025-07-12,3,10.8,32.4,RET-99704,Customer Return,75,78,system,Transaction processed for WH_200 location,system,2025-07-12
1095,3022,2,Damage,2026-04-23,-7,352.53,2467.71,DMG-1095,Quality Issue,87,80,system,Transaction processed for Backup location,system,2026-04-23
1096,3104,2,Transfer,2025-10-30,0,118.89,0.0,TRF-9385,Warehouse Transfer,0,0,system,Transaction processed for Backup location,system,2025-10-30
1097,3103,2,Sale,2026-03-13,-19,180.33,3426.27,SO-55568,Customer Sale,51,32,system,Transaction processed for Backup location,system,2026-03-13
1098,3104,2,Sale,2025-10-26,-4,118.89,475.56,SO-74438,Customer Sale,133,129,system,Transaction processed for Backup location,system,2025-10-26
1099,3041,2,Sale,2026-04-27,-24,127.74,3065.76,SO-15382,Customer Sale,176,152,system,Transaction processed for WH_200 location,system,2026-04-27
1100,1521,1,Adjustment,2026-02-25,15,122.8,1842.0,ADJ-1100,System Correction,109,124,warehouse1,Transaction processed for WH_100 location,system,2026-02-25
1101,3022,2,Receipt,2025-08-26,115,352.49,40536.35,PO-7010,Purchase Order Receipt,106,221,warehouse2,Transaction processed for Backup location,system,2025-08-26
1102,3042,2,Receipt,2025-07-01,197,62.49,12310.53,PO-9051,Purchase Order Receipt,76,273,system,Transaction processed for Backup location,system,2025-07-01
1103,1522,1,Receipt,2025-12-13,153,158.53,24255.09,PO-6654,Purchase Order Receipt,194,347,system,Transaction processed for WH_100 location,system,2025-12-13
1104,1541,2,Sale,2025-09-25,-4,132.59,530.36,SO-45363,Customer Sale,85,81,system,Transaction processed for Backup location,system,2025-09-25
1105,1563,1,Transfer,2025-09-05,-21,70.33,1476.93,TRF-3162,Warehouse Transfer,65,44,warehouse2,Transaction processed for WH_100 location,system,2025-09-05
1106,3103,2,Adjustment,2025-10-14,11,180.33,1983.63,ADJ-1106,System Correction,15,26,warehouse2,Transaction processed for Backup location,system,2025-10-14
1107,3032,1,Sale,2026-01-06,-11,240.85,2649.35,SO-98892,Customer Sale,29,18,warehouse1,Transaction processed for WH_100 location,system,2026-01-06
1108,3103,1,Return,2026-04-30,2,144.26,288.52,RET-18122,Customer Return,91,93,warehouse2,Transaction processed for WH_100 location,system,2026-04-30
1109,1561,2,Receipt,2025-08-27,48,79.79,3829.92,PO-8176,Purchase Order Receipt,90,138,warehouse1,Transaction processed for Backup location,system,2025-08-27
1110,1521,2,Sale,2026-04-05,-13,122.8,1596.4,SO-16979,Customer Sale,30,17,system,Transaction processed for Backup location,system,2026-04-05
1111,2011,1,Sale,2026-03-08,-4,124.64,498.56,SO-76759,Customer Sale,76,72,warehouse2,Transaction processed for WH_100 location,system,2026-03-08
1112,3041,2,Adjustment,2026-03-21,18,127.74,2299.32,ADJ-1112,Cycle Count,96,114,system,Transaction processed for Backup location,system,2026-03-21
1113,1543,1,Sale,2026-01-06,-21,65.36,1372.56,SO-91672,Customer Sale,140,119,warehouse1,Transaction processed for WH_100 location,system,2026-01-06
1114,2081,2,Transfer,2025-08-30,-46,25.3,1163.8,TRF-6089,Warehouse Transfer,142,96,warehouse1,Transaction processed for WH_200 location,system,2025-08-30
1115,1553,1,Receipt,2025-07-15,124,94.56,11725.44,PO-1600,Purchase Order Receipt,212,336,warehouse2,Transaction processed for WH_100 location,system,2025-07-15
1116,3041,2,Transfer,2025-11-10,-8,127.74,1021.92,TRF-2714,Warehouse Transfer,118,110,system,Transaction processed for Backup location,system,2025-11-10
1117,3102,2,Adjustment,2026-04-12,18,173.13,3116.34,ADJ-1117,Cycle Count,72,90,warehouse1,Transaction processed for Backup location,system,2026-04-12
1118,3053,1,Receipt,2026-02-10,173,174.0,30102.0,PO-4623,Purchase Order Receipt,176,349,warehouse2,Transaction processed for WH_100 location,system,2026-02-10
1119,3081,1,Damage,2025-11-06,-3,58.16,174.48,DMG-1119,Shipping Damage,46,43,warehouse2,Transaction processed for WH_100 location,system,2025-11-06
1120,3012,1,Sale,2026-03-23,-28,659.11,18455.08,SO-42653,Customer Sale,210,182,warehouse1,Transaction processed for WH_100 location,system,2026-03-23
1121,3042,2,Transfer,2025-10-26,-8,62.54,500.32,TRF-2163,Warehouse Transfer,78,70,warehouse1,Transaction processed for Backup location,system,2025-10-26
1122,1533,1,Transfer,2026-01-26,-9,107.2,964.8,TRF-9236,Warehouse Transfer,9,0,system,Transaction processed for WH_100 location,system,2026-01-26
1123,3102,1,Receipt,2026-04-18,99,166.05,16438.95,PO-9869,Purchase Order Receipt,29,128,warehouse2,Transaction processed for WH_100 location,system,2026-04-18
1124,3011,1,Return,2025-11-02,5,774.94,3874.7,RET-15147,Customer Return,278,283,system,Transaction processed for WH_100 location,system,2025-11-02
1125,1542,1,Sale,2025-12-07,-8,90.83,726.64,SO-63103,Customer Sale,154,146,system,Transaction processed for WH_100 location,system,2025-12-07
1126,1523,2,Receipt,2025-09-04,53,54.8,2904.4,PO-7837,Purchase Order Receipt,17,70,system,Transaction processed for WH_200 location,system,2025-09-04
1127,1543,1,Receipt,2025-07-23,176,64.11,11283.36,PO-9704,Purchase Order Receipt,88,264,warehouse2,Transaction processed for WH_100 location,system,2025-07-23
1128,2021,1,Sale,2025-09-14,-20,71.31,1426.2,SO-11269,Customer Sale,144,124,warehouse2,Transaction processed for WH_100 location,system,2025-09-14
1129,3031,2,Transfer,2025-09-24,-7,419.97,2939.79,TRF-5339,Warehouse Transfer,28,21,warehouse2,Transaction processed for Backup location,system,2025-09-24
1130,2051,1,Receipt,2025-08-04,13,17.13,222.69,PO-2830,Purchase Order Receipt,123,136,warehouse2,Transaction processed for WH_100 location,system,2025-08-04
1131,3071,2,Sale,2025-10-08,-10,39.17,391.7,SO-53304,Customer Sale,58,48,warehouse2,Transaction processed for WH_200 location,system,2025-10-08
1132,3062,3,Sale,2025-11-02,-1,88.18,88.18,SO-37343,Customer Sale,28,27,warehouse1,Transaction processed for WH_500 location,system,2025-11-02
1133,3021,1,Sale,2025-07-15,-13,270.38,3514.94,SO-13741,Customer Sale,13,0,warehouse2,Transaction processed for WH_100 location,system,2025-07-15
1134,2121,1,Adjustment,2026-01-30,4,31.62,126.48,ADJ-1134,System Correction,96,100,system,Transaction processed for WH_100 location,system,2026-01-30
1135,3033,1,Return,2026-04-30,3,335.59,1006.77,RET-19484,Customer Return,75,78,warehouse2,Transaction processed for WH_100 location,system,2026-04-30
1136,2041,1,Receipt,2026-03-16,91,43.38,3947.58,PO-9789,Purchase Order Receipt,97,188,warehouse1,Transaction processed for WH_100 location,system,2026-03-16
1137,1581,1,Adjustment,2026-02-07,-2,48.56,97.12,ADJ-1137,Cycle Count,78,76,system,Transaction processed for WH_100 location,system,2026-02-07
1138,1541,2,Sale,2025-08-19,-27,132.59,3579.93,SO-42867,Customer Sale,77,50,warehouse1,Transaction processed for Backup location,system,2025-08-19
1139,3032,1,Sale,2025-09-09,-26,240.85,6262.1,SO-35521,Customer Sale,122,96,system,Transaction processed for WH_100 location,system,2025-09-09
1140,1511,2,Sale,2025-11-06,-22,321.96,7083.12,SO-52335,Customer Sale,172,150,warehouse1,Transaction processed for WH_200 location,system,2025-11-06
1141,1531,2,Sale,2025-10-30,0,91.09,0.0,SO-94903,Customer Sale,0,0,warehouse2,Transaction processed for Backup location,system,2025-10-30
1142,1523,2,Adjustment,2025-08-06,5,54.46,272.3,ADJ-1142,System Correction,149,154,system,Transaction processed for WH_200 location,system,2025-08-06
1143,3061,1,Return,2026-03-20,1,121.36,121.36,RET-29162,Customer Return,125,126,warehouse1,Transaction processed for WH_100 location,system,2026-03-20
1144,3033,1,Receipt,2025-10-29,129,440.41,56812.89,PO-4316,Purchase Order Receipt,69,198,warehouse2,Transaction processed for WH_100 location,system,2025-10-29
1145,2112,1,Receipt,2025-12-29,116,64.38,7468.08,PO-3479,Purchase Order Receipt,108,224,warehouse2,Transaction processed for WH_100 location,system,2025-12-29
1146,3012,2,Adjustment,2026-02-08,1,659.11,659.11,ADJ-1146,Physical Count,54,55,warehouse1,Transaction processed for Backup location,system,2026-02-08
1147,3041,2,Adjustment,2026-03-02,-8,127.74,1021.92,ADJ-1147,Physical Count,8,0,warehouse2,Transaction processed for Backup location,system,2026-03-02
1148,3053,1,Sale,2026-02-13,-15,180.15,2702.25,SO-85596,Customer Sale,15,0,warehouse2,Transaction processed for WH_100 location,system,2026-02-13
1149,2121,1,Adjustment,2025-10-16,-3,31.62,94.86,ADJ-1149,Cycle Count,43,40,warehouse2,Transaction processed for WH_100 location,system,2025-10-16
1150,2112,1,Sale,2025-07-12,-46,66.6,3063.6,SO-88113,Customer Sale,79,33,warehouse2,Transaction processed for WH_100 location,system,2025-07-12
1151,2091,1,Adjustment,2025-12-24,-16,7.98,127.68,ADJ-1151,System Correction,50,34,system,Transaction processed for WH_100 location,system,2025-12-24
1152,1541,1,Sale,2026-04-26,-6,132.59,795.54,SO-57097,Customer Sale,6,0,warehouse2,Transaction processed for WH_100 location,system,2026-04-26
1153,3052,2,Receipt,2025-09-20,49,113.17,5545.33,PO-4963,Purchase Order Receipt,77,126,warehouse2,Transaction processed for Backup location,system,2025-09-20
1154,3022,1,Sale,2025-08-08,-45,352.53,15863.85,SO-72156,Customer Sale,111,66,system,Transaction processed for WH_100 location,system,2025-08-08
1155,3071,2,Receipt,2025-09-28,149,39.96,5954.04,PO-8634,Purchase Order Receipt,27,176,warehouse1,Transaction processed for WH_200 location,system,2025-09-28
1156,3082,1,Receipt,2025-10-04,130,85.4,11102.0,PO-1598,Purchase Order Receipt,44,174,warehouse1,Transaction processed for WH_100 location,system,2025-10-04
1157,1553,2,Receipt,2026-01-27,112,90.43,10128.16,PO-5437,Purchase Order Receipt,11,123,system,Transaction processed for Backup location,system,2026-01-27
1158,1532,1,Damage,2025-08-29,-3,67.64,202.92,DMG-1158,Shipping Damage,182,179,warehouse1,Transaction processed for WH_100 location,system,2025-08-29
1159,3011,1,Sale,2025-11-07,-23,968.68,22279.64,SO-31159,Customer Sale,276,253,warehouse1,Transaction processed for WH_100 location,system,2025-11-07
1160,3042,2,Adjustment,2025-07-06,-5,62.54,312.7,ADJ-1160,System Correction,27,22,warehouse2,Transaction processed for Backup location,system,2025-07-06
1161,1541,1,Receipt,2025-07-17,119,127.43,15164.17,PO-4586,Purchase Order Receipt,20,139,system,Transaction processed for WH_100 location,system,2025-07-17
1162,3071,2,Sale,2026-04-05,-19,39.17,744.23,SO-24851,Customer Sale,121,102,system,Transaction processed for WH_200 location,system,2026-04-05
1163,1551,1,Sale,2026-03-22,-43,67.04,2882.72,SO-91467,Customer Sale,72,29,system,Transaction processed for WH_100 location,system,2026-03-22
1164,1511,2,Receipt,2026-03-29,14,319.63,4474.82,PO-2261,Purchase Order Receipt,153,167,warehouse1,Transaction processed for WH_200 location,system,2026-03-29
1165,3012,2,Return,2026-02-01,2,527.29,1054.58,RET-88142,Customer Return,70,72,warehouse2,Transaction processed for Backup location,system,2026-02-01
1166,3022,2,Sale,2025-12-29,-44,352.53,15511.32,SO-72571,Customer Sale,44,0,system,Transaction processed for Backup location,system,2025-12-29
1167,1511,2,Adjustment,2026-02-19,-1,321.96,321.96,ADJ-1167,Physical Count,35,34,system,Transaction processed for WH_200 location,system,2026-02-19
1168,3022,2,Sale,2026-01-29,-12,352.53,4230.36,SO-88598,Customer Sale,55,43,system,Transaction processed for Backup location,system,2026-01-29
1169,3104,2,Transfer,2025-08-08,-13,118.89,1545.57,TRF-2254,Warehouse Transfer,13,0,warehouse2,Transaction processed for Backup location,system,2025-08-08
1170,3011,1,Receipt,2025-07-15,118,954.26,112602.68,PO-2046,Purchase Order Receipt,175,293,system,Transaction processed for WH_100 location,system,2025-07-15
1171,2011,1,Receipt,2025-07-19,77,121.84,9381.68,PO-5668,Purchase Order Receipt,31,108,system,Transaction processed for WH_100 location,system,2025-07-19
1172,1523,2,Receipt,2026-02-26,12,55.27,663.24,PO-4383,Purchase Order Receipt,108,120,warehouse2,Transaction processed for WH_200 location,system,2026-02-26
1173,1522,2,Sale,2025-09-19,-26,163.1,4240.6,SO-35340,Customer Sale,31,5,warehouse1,Transaction processed for Backup location,system,2025-09-19
1174,3041,2,Sale,2025-07-13,-2,127.74,255.48,SO-48265,Customer Sale,2,0,system,Transaction processed for WH_200 location,system,2025-07-13
1175,3051,1,Receipt,2026-03-01,10,232.87,2328.7,PO-8111,Purchase Order Receipt,5,15,warehouse1,Transaction processed for WH_100 location,system,2026-03-01
1176,1512,1,Sale,2025-12-20,-10,219.21,2192.1,SO-50362,Customer Sale,102,92,system,Transaction processed for WH_100 location,system,2025-12-20
1177,1571,1,Sale,2026-04-26,-13,109.65,1425.45,SO-54500,Customer Sale,319,306,warehouse2,Transaction processed for WH_100 location,system,2026-04-26
1178,2071,2,Transfer,2025-07-14,-40,21.94,877.6,TRF-1154,Warehouse Transfer,100,60,warehouse1,Transaction processed for Backup location,system,2025-07-14
1179,3082,1,Receipt,2026-01-23,167,83.01,13862.67,PO-5652,Purchase Order Receipt,66,233,system,Transaction processed for WH_100 location,system,2026-01-23
1180,3041,2,Adjustment,2025-07-07,6,127.74,766.44,ADJ-1180,Physical Count,164,170,warehouse2,Transaction processed for WH_200 location,system,2025-07-07
1181,1542,1,Transfer,2025-11-09,-44,90.83,3996.52,TRF-9734,Warehouse Transfer,128,84,warehouse1,Transaction processed for WH_100 location,system,2025-11-09
1182,3092,1,Receipt,2026-01-30,150,535.61,80341.5,PO-9938,Purchase Order Receipt,291,441,warehouse1,Transaction processed for WH_100 location,system,2026-01-30
1183,3104,2,Sale,2026-02-06,-2,118.89,237.78,SO-11412,Customer Sale,168,166,warehouse1,Transaction processed for WH_200 location,system,2026-02-06
1184,1522,1,Sale,2025-11-20,-5,163.1,815.5,SO-34914,Customer Sale,183,178,warehouse1,Transaction processed for WH_100 location,system,2025-11-20
1185,2121,1,Adjustment,2025-09-18,-6,31.62,189.72,ADJ-1185,Cycle Count,86,80,system,Transaction processed for WH_100 location,system,2025-09-18
1186,1522,2,Sale,2025-08-29,-7,163.1,1141.7,SO-29560,Customer Sale,7,0,warehouse2,Transaction processed for Backup location,system,2025-08-29
1187,3052,2,Return,2025-10-07,3,92.2,276.6,RET-19240,Customer Return,52,55,warehouse1,Transaction processed for Backup location,system,2025-10-07
1188,3051,1,Transfer,2026-02-05,-24,226.49,5435.76,TRF-9636,Warehouse Transfer,24,0,warehouse1,Transaction processed for WH_100 location,system,2026-02-05
1189,2012,1,Transfer,2025-10-28,-23,312.61,7190.03,TRF-3797,Warehouse Transfer,41,18,warehouse2,Transaction processed for WH_100 location,system,2025-10-28
1190,3051,1,Return,2026-01-07,2,181.19,362.38,RET-10978,Customer Return,20,22,system,Transaction processed for WH_100 location,system,2026-01-07
1191,3012,1,Sale,2026-04-20,-31,659.11,20432.41,SO-78564,Customer Sale,267,236,system,Transaction processed for WH_100 location,system,2026-04-20
1192,3091,2,Sale,2025-11-20,-3,456.94,1370.82,SO-10136,Customer Sale,3,0,system,Transaction processed for Backup location,system,2025-11-20
1193,1512,1,Receipt,2026-02-09,105,228.91,24035.55,PO-1583,Purchase Order Receipt,13,118,system,Transaction processed for WH_100 location,system,2026-02-09
1194,3104,2,Sale,2026-02-13,-23,118.89,2734.47,SO-60772,Customer Sale,171,148,system,Transaction processed for WH_200 location,system,2026-02-13
1195,1543,1,Sale,2026-01-16,-20,65.36,1307.2,SO-19532,Customer Sale,106,86,warehouse2,Transaction processed for WH_100 location,system,2026-01-16
1196,2051,1,Adjustment,2026-04-06,-19,16.44,312.36,ADJ-1196,Cycle Count,59,40,warehouse1,Transaction processed for WH_100 location,system,2026-04-06
1197,3082,1,Sale,2025-11-27,-20,84.82,1696.4,SO-99926,Customer Sale,64,44,warehouse1,Transaction processed for WH_100 location,system,2025-11-27
1198,2111,2,Sale,2025-12-19,-20,142.6,2852.0,SO-38635,Customer Sale,26,6,warehouse2,Transaction processed for WH_200 location,system,2025-12-19
1199,2051,1,Transfer,2025-11-27,-17,16.44,279.48,TRF-8838,Warehouse Transfer,26,9,warehouse1,Transaction processed for WH_100 location,system,2025-11-27
1200,2021,1,Transfer,2026-02-28,-39,71.31,2781.09,TRF-7409,Warehouse Transfer,65,26,system,Transaction processed for WH_100 location,system,2026-02-28
1201,3072,1,Receipt,2026-02-01,175,10.42,1823.5,PO-9971,Purchase Order Receipt,99,274,warehouse2,Transaction processed for WH_100 location,system,2026-02-01
1202,1533,1,Adjustment,2025-09-19,14,107.2,1500.8,ADJ-1202,Cycle Count,62,76,warehouse1,Transaction processed for WH_100 location,system,2025-09-19
1203,2111,2,Sale,2026-04-03,-13,142.6,1853.8,SO-51372,Customer Sale,13,0,warehouse1,Transaction processed for WH_200 location,system,2026-04-03
1204,3042,1,Sale,2026-04-17,-50,62.54,3127.0,SO-58585,Customer Sale,220,170,system,Transaction processed for WH_100 location,system,2026-04-17
1205,3102,2,Sale,2026-02-27,-28,173.13,4847.64,SO-18706,Customer Sale,60,32,warehouse1,Transaction processed for Backup location,system,2026-02-27
1206,3092,1,Sale,2026-02-19,-48,540.11,25925.28,SO-97626,Customer Sale,172,124,warehouse1,Transaction processed for WH_100 location,system,2026-02-19
1207,3042,1,Sale,2026-03-26,-9,62.54,562.86,SO-93267,Customer Sale,222,213,warehouse2,Transaction processed for WH_100 location,system,2026-03-26
1208,3091,2,Transfer,2026-04-17,-50,456.94,22847.0,TRF-1043,Warehouse Transfer,201,151,warehouse1,Transaction processed for WH_200 location,system,2026-04-17
1209,3082,1,Sale,2025-09-12,-42,84.82,3562.44,SO-79030,Customer Sale,137,95,warehouse1,Transaction processed for WH_100 location,system,2025-09-12
1210,1523,2,Sale,2026-04-09,-19,54.46,1034.74,SO-79567,Customer Sale,19,0,warehouse2,Transaction processed for WH_200 location,system,2026-04-09
1211,2121,1,Sale,2025-10-22,-22,31.62,695.64,SO-98696,Customer Sale,45,23,warehouse2,Transaction processed for WH_100 location,system,2025-10-22
1212,3013,1,Adjustment,2025-07-07,20,344.68,6893.6,ADJ-1212,Cycle Count,19,39,system,Transaction processed for WH_100 location,system,2025-07-07
1213,3032,1,Receipt,2026-02-19,44,252.03,11089.32,PO-5212,Purchase Order Receipt,100,144,warehouse2,Transaction processed for WH_100 location,system,2026-02-19
1214,3072,1,Adjustment,2026-01-30,12,10.7,128.4,ADJ-1214,System Correction,178,190,warehouse1,Transaction processed for WH_100 location,system,2026-01-30
1215,3072,1,Receipt,2026-01-12,22,10.73,236.06,PO-2708,Purchase Order Receipt,42,64,warehouse1,Transaction processed for WH_100 location,system,2026-01-12
1216,1531,2,Receipt,2025-07-20,77,93.26,7181.02,PO-5906,Purchase Order Receipt,91,168,system,Transaction processed for Backup location,system,2025-07-20
1217,1511,2,Sale,2026-01-26,-22,321.96,7083.12,SO-12408,Customer Sale,215,193,warehouse2,Transaction processed for WH_200 location,system,2026-01-26
1218,3042,2,Sale,2026-02-14,-17,62.54,1063.18,SO-62904,Customer Sale,24,7,system,Transaction processed for Backup location,system,2026-02-14
1219,3042,1,Damage,2026-04-30,-5,62.54,312.7,DMG-1219,Shipping Damage,310,305,system,Transaction processed for WH_100 location,system,2026-04-30
1220,3013,1,Return,2025-12-30,1,275.74,275.74,RET-15534,Customer Return,58,59,warehouse1,Transaction processed for WH_100 location,system,2025-12-30
1221,3042,1,Sale,2025-11-27,-28,62.54,1751.12,SO-67400,Customer Sale,320,292,warehouse2,Transaction processed for WH_100 location,system,2025-11-27
1222,3041,2,Sale,2025-10-11,-26,127.74,3321.24,SO-27534,Customer Sale,100,74,warehouse2,Transaction processed for Backup location,system,2025-10-11
1223,1581,1,Transfer,2026-02-02,-32,48.56,1553.92,TRF-6757,Warehouse Transfer,124,92,warehouse1,Transaction processed for WH_100 location,system,2026-02-02
1224,3061,1,Transfer,2025-12-24,-32,151.7,4854.4,TRF-7868,Warehouse Transfer,105,73,warehouse1,Transaction processed for WH_100 location,system,2025-12-24
1225,2101,2,Sale,2026-03-20,-3,13.5,40.5,SO-54301,Customer Sale,31,28,warehouse2,Transaction processed for WH_200 location,system,2026-03-20
1226,3104,2,Sale,2026-03-02,-49,118.89,5825.61,SO-19666,Customer Sale,51,2,warehouse2,Transaction processed for Backup location,system,2026-03-02
1227,3071,2,Transfer,2025-10-05,-20,39.17,783.4,TRF-9429,Warehouse Transfer,94,74,system,Transaction processed for WH_200 location,system,2025-10-05
1228,3022,2,Sale,2026-02-02,-11,352.53,3877.83,SO-36298,Customer Sale,19,8,warehouse2,Transaction processed for Backup location,system,2026-02-02
1229,2051,2,Receipt,2025-12-24,54,17.08,922.32,PO-6621,Purchase Order Receipt,100,154,warehouse2,Transaction processed for Backup location,system,2025-12-24
1230,3091,2,Sale,2026-03-10,-34,456.94,15535.96,SO-49089,Customer Sale,59,25,warehouse1,Transaction processed for Backup location,system,2026-03-10
1231,1561,2,Sale,2026-03-11,-9,82.06,738.54,SO-24174,Customer Sale,9,0,warehouse2,Transaction processed for Backup location,system,2026-03-11
1232,3091,2,Sale,2025-10-19,-47,456.94,21476.18,SO-10303,Customer Sale,47,0,warehouse1,Transaction processed for Backup location,system,2025-10-19
1233,3031,3,Sale,2025-09-01,-20,419.97,8399.4,SO-94448,Customer Sale,44,24,warehouse1,Transaction processed for WH_500 location,system,2025-09-01
1234,1532,1,Sale,2025-10-13,-9,67.64,608.76,SO-49550,Customer Sale,100,91,warehouse1,Transaction processed for WH_100 location,system,2025-10-13
1235,3033,1,Sale,2025-07-09,-33,419.49,13843.17,SO-20905,Customer Sale,110,77,warehouse2,Transaction processed for WH_100 location,system,2025-07-09
1236,1522,2,Sale,2025-09-27,-11,163.1,1794.1,SO-11591,Customer Sale,124,113,warehouse2,Transaction processed for Backup location,system,2025-09-27
1237,2111,2,Adjustment,2026-03-30,-10,142.6,1426.0,ADJ-1237,Physical Count,113,103,system,Transaction processed for WH_200 location,system,2026-03-30
1238,3031,3,Sale,2025-09-07,-8,419.97,3359.76,SO-26609,Customer Sale,8,0,warehouse2,Transaction processed for WH_500 location,system,2025-09-07
1239,1551,1,Sale,2025-09-16,-15,67.04,1005.6,SO-32866,Customer Sale,93,78,warehouse2,Transaction processed for WH_100 location,system,2025-09-16
1240,3031,3,Adjustment,2025-07-22,-16,419.97,6719.52,ADJ-1240,System Correction,75,59,system,Transaction processed for WH_500 location,system,2025-07-22
1241,1561,1,Sale,2025-08-27,-27,82.06,2215.62,SO-75002,Customer Sale,110,83,system,Transaction processed for WH_100 location,system,2025-08-27
1242,3103,1,Adjustment,2025-07-28,-14,180.33,2524.62,ADJ-1242,Physical Count,193,179,warehouse1,Transaction processed for WH_100 location,system,2025-07-28
1243,3072,1,Sale,2026-02-20,-16,10.7,171.2,SO-67209,Customer Sale,70,54,warehouse2,Transaction processed for WH_100 location,system,2026-02-20
1244,1552,2,Adjustment,2025-11-29,-13,58.45,759.85,ADJ-1244,System Correction,234,221,system,Transaction processed for WH_200 location,system,2025-11-29
1245,1531,2,Sale,2025-11-04,-46,91.09,4190.14,SO-15657,Customer Sale,72,26,system,Transaction processed for Backup location,system,2025-11-04
1246,1523,2,Receipt,2025-12-08,58,55.1,3195.8,PO-9518,Purchase Order Receipt,22,80,system,Transaction processed for WH_200 location,system,2025-12-08
1247,1533,1,Return,2026-03-13,3,85.76,257.28,RET-99155,Customer Return,0,3,warehouse1,Transaction processed for WH_100 location,system,2026-03-13
1248,3104,2,Adjustment,2025-12-14,-18,118.89,2140.02,ADJ-1248,Cycle Count,95,77,warehouse2,Transaction processed for Backup location,system,2025-12-14
1249,1541,2,Receipt,2025-12-16,82,133.58,10953.56,PO-6906,Purchase Order Receipt,35,117,system,Transaction processed for Backup location,system,2025-12-16
1250,1551,1,Transfer,2026-03-25,-33,67.04,2212.32,TRF-2145,Warehouse Transfer,105,72,warehouse1,Transaction processed for WH_100 location,system,2026-03-25
1251,3053,1,Receipt,2025-10-19,185,175.7,32504.5,PO-2741,Purchase Order Receipt,110,295,system,Transaction processed for WH_100 location,system,2025-10-19
1252,3033,1,Sale,2026-02-02,-40,419.49,16779.6,SO-80173,Customer Sale,40,0,warehouse2,Transaction processed for WH_100 location,system,2026-02-02
1253,1561,1,Receipt,2026-04-21,130,82.57,10734.1,PO-7835,Purchase Order Receipt,77,207,warehouse2,Transaction processed for WH_100 location,system,2026-04-21
1254,3091,2,Receipt,2025-08-19,93,456.77,42479.61,PO-4220,Purchase Order Receipt,47,140,warehouse2,Transaction processed for Backup location,system,2025-08-19
1255,3031,3,Sale,2025-07-09,-40,419.97,16798.8,SO-26684,Customer Sale,56,16,warehouse1,Transaction processed for WH_500 location,system,2025-07-09
1256,3053,1,Transfer,2026-03-14,-11,180.15,1981.65,TRF-8751,Warehouse Transfer,182,171,warehouse2,Transaction processed for WH_100 location,system,2026-03-14
1257,1552,2,Return,2025-09-13,3,46.76,140.28,RET-36782,Customer Return,209,212,warehouse1,Transaction processed for WH_200 location,system,2025-09-13
1258,1512,1,Receipt,2025-11-06,134,210.3,28180.2,PO-4624,Purchase Order Receipt,126,260,warehouse1,Transaction processed for WH_100 location,system,2025-11-06
1259,3042,2,Sale,2025-11-12,-1,62.54,62.54,SO-28841,Customer Sale,75,74,system,Transaction processed for Backup location,system,2025-11-12
1260,3102,2,Sale,2025-10-29,-7,173.13,1211.91,SO-31912,Customer Sale,103,96,system,Transaction processed for Backup location,system,2025-10-29
1261,1562,1,Adjustment,2026-04-14,12,121.04,1452.48,ADJ-1261,Physical Count,37,49,warehouse2,Transaction processed for WH_100 location,system,2026-04-14
1262,3062,3,Receipt,2025-08-13,113,91.85,10379.05,PO-3197,Purchase Order Receipt,91,204,system,Transaction processed for WH_500 location,system,2025-08-13
1263,3031,2,Sale,2025-09-01,-16,419.97,6719.52,SO-54090,Customer Sale,32,16,system,Transaction processed for Backup location,system,2025-09-01
1264,2041,1,Receipt,2025-08-20,82,46.16,3785.12,PO-3371,Purchase Order Receipt,45,127,warehouse2,Transaction processed for WH_100 location,system,2025-08-20
1265,1531,1,Transfer,2025-12-14,-40,91.09,3643.6,TRF-6831,Warehouse Transfer,70,30,warehouse2,Transaction processed for WH_100 location,system,2025-12-14
1266,3032,1,Receipt,2026-03-12,96,242.24,23255.04,PO-4053,Purchase Order Receipt,24,120,warehouse2,Transaction processed for WH_100 location,system,2026-03-12
1267,2041,1,Return,2025-12-10,4,35.51,142.04,RET-13564,Customer Return,36,40,system,Transaction processed for WH_100 location,system,2025-12-10
1268,3042,2,Receipt,2026-04-19,57,64.06,3651.42,PO-6428,Purchase Order Receipt,159,216,system,Transaction processed for Backup location,system,2026-04-19
1269,1553,1,Sale,2025-11-19,-36,91.38,3289.68,SO-65546,Customer Sale,133,97,warehouse2,Transaction processed for WH_100 location,system,2025-11-19
1270,1543,1,Sale,2025-11-06,-12,65.36,784.32,SO-16907,Customer Sale,65,53,system,Transaction processed for WH_100 location,system,2025-11-06
1271,3091,2,Receipt,2025-10-06,61,452.33,27592.13,PO-2800,Purchase Order Receipt,29,90,warehouse2,Transaction processed for Backup location,system,2025-10-06
1272,1561,2,Sale,2025-11-13,-20,82.06,1641.2,SO-51470,Customer Sale,57,37,system,Transaction processed for Backup location,system,2025-11-13
1273,2022,1,Sale,2026-02-25,-27,36.37,981.99,SO-60197,Customer Sale,27,0,system,Transaction processed for WH_100 location,system,2026-02-25
1274,2101,2,Sale,2025-07-25,-42,13.5,567.0,SO-75191,Customer Sale,121,79,warehouse2,Transaction processed for WH_200 location,system,2025-07-25
1275,3022,2,Sale,2026-03-03,-48,352.53,16921.44,SO-73096,Customer Sale,57,9,system,Transaction processed for Backup location,system,2026-03-03
1276,2011,1,Sale,2025-10-12,-2,124.64,249.28,SO-60736,Customer Sale,40,38,warehouse1,Transaction processed for WH_100 location,system,2025-10-12
1277,1572,3,Sale,2025-07-07,-43,222.59,9571.37,SO-73895,Customer Sale,188,145,warehouse1,Transaction processed for WH_500 location,system,2025-07-07
1278,2112,1,Receipt,2026-01-24,10,67.17,671.7,PO-1274,Purchase Order Receipt,101,111,system,Transaction processed for WH_100 location,system,2026-01-24
1279,1581,1,Sale,2025-11-12,-4,48.56,194.24,SO-97819,Customer Sale,37,33,system,Transaction processed for WH_100 location,system,2025-11-12
1280,1562,1,Transfer,2025-10-05,-34,121.04,4115.36,TRF-6028,Warehouse Transfer,74,40,system,Transaction processed for WH_100 location,system,2025-10-05
1281,3042,2,Receipt,2025-12-08,70,62.74,4391.8,PO-1540,Purchase Order Receipt,172,242,warehouse1,Transaction processed for Backup location,system,2025-12-08
1282,3103,2,Damage,2025-08-02,-4,180.33,721.32,DMG-1282,Quality Issue,13,9,system,Transaction processed for Backup location,system,2025-08-02
1283,3082,1,Sale,2026-03-08,-40,84.82,3392.8,SO-19087,Customer Sale,50,10,warehouse2,Transaction processed for WH_100 location,system,2026-03-08
1284,3031,3,Sale,2025-07-03,-26,419.97,10919.22,SO-45680,Customer Sale,26,0,warehouse2,Transaction processed for WH_500 location,system,2025-07-03
1285,1551,2,Damage,2025-11-29,-4,67.04,268.16,DMG-1285,Shipping Damage,23,19,system,Transaction processed for Backup location,system,2025-11-29
1286,3021,1,Transfer,2026-01-12,-33,270.38,8922.54,TRF-3119,Warehouse Transfer,90,57,warehouse2,Transaction processed for WH_100 location,system,2026-01-12
1287,1531,1,Sale,2025-11-25,-13,91.09,1184.17,SO-72806,Customer Sale,79,66,warehouse1,Transaction processed for WH_100 location,system,2025-11-25
1288,3104,2,Adjustment,2026-01-12,-9,118.89,1070.01,ADJ-1288,System Correction,138,129,system,Transaction processed for Backup location,system,2026-01-12
1289,1562,1,Transfer,2026-04-27,-31,121.04,3752.24,TRF-5843,Warehouse Transfer,59,28,warehouse1,Transaction processed for WH_100 location,system,2026-04-27
1290,2012,1,Adjustment,2025-07-05,9,312.61,2813.49,ADJ-1290,Physical Count,92,101,warehouse2,Transaction processed for WH_100 location,system,2025-07-05
1291,1522,1,Sale,2025-07-06,-33,163.1,5382.3,SO-20629,Customer Sale,209,176,warehouse1,Transaction processed for WH_100 location,system,2025-07-06
1292,1522,2,Sale,2025-11-29,-17,163.1,2772.7,SO-49220,Customer Sale,114,97,warehouse1,Transaction processed for Backup location,system,2025-11-29
1293,3031,3,Sale,2026-01-29,-19,419.97,7979.43,SO-75210,Customer Sale,73,54,warehouse2,Transaction processed for WH_500 location,system,2026-01-29
1294,3052,2,Sale,2026-02-09,-8,115.25,922.0,SO-26745,Customer Sale,8,0,warehouse2,Transaction processed for Backup location,system,2026-02-09
1295,3061,1,Transfer,2025-10-24,-29,151.7,4399.3,TRF-7427,Warehouse Transfer,47,18,system,Transaction processed for WH_100 location,system,2025-10-24
1296,2011,1,Sale,2026-02-15,-15,124.64,1869.6,SO-96969,Customer Sale,82,67,system,Transaction processed for WH_100 location,system,2026-02-15
1297,3071,2,Sale,2025-09-11,-38,39.17,1488.46,SO-72802,Customer Sale,50,12,warehouse1,Transaction processed for WH_200 location,system,2025-09-11
1298,1541,2,Receipt,2025-09-21,180,133.75,24075.0,PO-3978,Purchase Order Receipt,92,272,system,Transaction processed for Backup location,system,2025-09-21
1299,2112,1,Sale,2026-01-16,-37,66.6,2464.2,SO-51008,Customer Sale,167,130,warehouse1,Transaction processed for WH_100 location,system,2026-01-16
1300,1551,1,Sale,2025-08-18,-33,67.04,2212.32,SO-85671,Customer Sale,90,57,warehouse1,Transaction processed for WH_100 location,system,2025-08-18
1301,1542,1,Receipt,2026-02-06,99,87.14,8626.86,PO-8607,Purchase Order Receipt,54,153,warehouse1,Transaction processed for WH_100 location,system,2026-02-06
1302,3021,1,Receipt,2025-11-02,131,272.64,35715.84,PO-8141,Purchase Order Receipt,74,205,system,Transaction processed for WH_100 location,system,2025-11-02
1303,2071,1,Sale,2025-11-07,-3,21.94,65.82,SO-26976,Customer Sale,17,14,system,Transaction processed for WH_100 location,system,2025-11-07
1304,1561,1,Sale,2025-12-29,-27,82.06,2215.62,SO-54724,Customer Sale,87,60,warehouse2,Transaction processed for WH_100 location,system,2025-12-29
1305,2091,1,Adjustment,2025-12-22,13,7.98,103.74,ADJ-1305,Physical Count,29,42,warehouse1,Transaction processed for WH_100 location,system,2025-12-22
1306,3082,1,Transfer,2025-08-05,-50,84.82,4241.0,TRF-2645,Warehouse Transfer,173,123,warehouse2,Transaction processed for WH_100 location,system,2025-08-05
1307,3082,1,Sale,2025-11-11,-12,84.82,1017.84,SO-75378,Customer Sale,186,174,system,Transaction processed for WH_100 location,system,2025-11-11
1308,1533,1,Receipt,2025-10-08,47,106.9,5024.3,PO-9208,Purchase Order Receipt,115,162,system,Transaction processed for WH_100 location,system,2025-10-08
1309,3042,1,Sale,2025-11-26,-44,62.54,2751.76,SO-56586,Customer Sale,320,276,warehouse2,Transaction processed for WH_100 location,system,2025-11-26
1310,3102,2,Transfer,2025-11-08,-20,173.13,3462.6,TRF-8906,Warehouse Transfer,53,33,system,Transaction processed for Backup location,system,2025-11-08
1311,3071,2,Damage,2025-12-12,-10,39.17,391.7,DMG-1311,Quality Issue,18,8,warehouse2,Transaction processed for WH_200 location,system,2025-12-12
1312,1522,2,Receipt,2025-12-26,23,158.8,3652.4,PO-4175,Purchase Order Receipt,6,29,system,Transaction processed for Backup location,system,2025-12-26
1313,3021,1,Sale,2025-08-14,-18,270.38,4866.84,SO-82270,Customer Sale,33,15,warehouse2,Transaction processed for WH_100 location,system,2025-08-14
1314,3104,2,Sale,2025-12-29,-14,118.89,1664.46,SO-26038,Customer Sale,35,21,warehouse1,Transaction processed for Backup location,system,2025-12-29
1315,3021,1,Adjustment,2026-02-11,10,270.38,2703.8,ADJ-1315,Physical Count,54,64,warehouse2,Transaction processed for WH_100 location,system,2026-02-11
1316,1521,2,Receipt,2025-08-16,52,124.89,6494.28,PO-8089,Purchase Order Receipt,98,150,warehouse1,Transaction processed for Backup location,system,2025-08-16
1317,2012,2,Sale,2025-12-01,-7,312.61,2188.27,SO-10318,Customer Sale,7,0,system,Transaction processed for Backup location,system,2025-12-01
1318,1581,1,Sale,2025-12-30,-40,48.56,1942.4,SO-91152,Customer Sale,40,0,warehouse1,Transaction processed for WH_100 location,system,2025-12-30
1319,2071,2,Sale,2026-01-11,-15,21.94,329.1,SO-92952,Customer Sale,15,0,warehouse2,Transaction processed for Backup location,system,2026-01-11
1320,1522,1,Sale,2025-07-20,-26,163.1,4240.6,SO-49000,Customer Sale,58,32,warehouse2,Transaction processed for WH_100 location,system,2025-07-20
1321,3071,2,Sale,2026-03-09,-43,39.17,1684.31,SO-19556,Customer Sale,74,31,warehouse1,Transaction processed for WH_200 location,system,2026-03-09
1322,3052,1,Adjustment,2026-01-21,-13,115.25,1498.25,ADJ-1322,System Correction,82,69,warehouse2,Transaction processed for WH_100 location,system,2026-01-21
1323,1572,3,Receipt,2025-08-24,10,230.11,2301.1,PO-8811,Purchase Order Receipt,145,155,system,Transaction processed for WH_500 location,system,2025-08-24
1324,3102,1,Adjustment,2025-11-26,3,173.13,519.39,ADJ-1324,Cycle Count,139,142,warehouse2,Transaction processed for WH_100 location,system,2025-11-26
1325,3102,2,Sale,2026-03-06,-7,173.13,1211.91,SO-58184,Customer Sale,22,15,warehouse2,Transaction processed for Backup location,system,2026-03-06
1326,3042,1,Sale,2026-01-08,-4,62.54,250.16,SO-96341,Customer Sale,141,137,system,Transaction processed for WH_100 location,system,2026-01-08
1327,1553,2,Sale,2026-04-01,-41,91.38,3746.58,SO-84884,Customer Sale,46,5,warehouse2,Transaction processed for Backup location,system,2026-04-01
1328,3081,1,Adjustment,2026-03-23,10,58.16,581.6,ADJ-1328,Physical Count,82,92,warehouse1,Transaction processed for WH_100 location,system,2026-03-23
1329,1531,2,Adjustment,2025-10-29,-11,91.09,1001.99,ADJ-1329,Cycle Count,17,6,system,Transaction processed for Backup location,system,2025-10-29
1330,1512,1,Sale,2026-02-27,-38,219.21,8329.98,SO-11197,Customer Sale,78,40,warehouse2,Transaction processed for WH_100 location,system,2026-02-27
1331,2011,1,Sale,2026-04-22,-11,124.64,1371.04,SO-48274,Customer Sale,147,136,system,Transaction processed for WH_100 location,system,2026-04-22
1332,2051,2,Receipt,2025-10-22,149,16.39,2442.11,PO-1787,Purchase Order Receipt,96,245,system,Transaction processed for Backup location,system,2025-10-22
1333,1541,1,Sale,2025-07-02,-35,132.59,4640.65,SO-90664,Customer Sale,110,75,warehouse1,Transaction processed for WH_100 location,system,2025-07-02
1334,2071,1,Sale,2025-10-19,-26,21.94,570.44,SO-54690,Customer Sale,67,41,warehouse2,Transaction processed for WH_100 location,system,2025-10-19
1335,1561,2,Receipt,2025-11-28,127,84.45,10725.15,PO-3791,Purchase Order Receipt,47,174,warehouse1,Transaction processed for Backup location,system,2025-11-28
1336,3103,1,Sale,2025-11-10,-15,180.33,2704.95,SO-12421,Customer Sale,208,193,system,Transaction processed for WH_100 location,system,2025-11-10
1337,3061,1,Receipt,2025-07-16,66,147.89,9760.74,PO-1416,Purchase Order Receipt,104,170,warehouse2,Transaction processed for WH_100 location,system,2025-07-16
1338,1522,2,Sale,2025-12-25,-48,163.1,7828.8,SO-76811,Customer Sale,97,49,system,Transaction processed for Backup location,system,2025-12-25
1339,3071,2,Sale,2026-02-17,-17,39.17,665.89,SO-51399,Customer Sale,48,31,system,Transaction processed for WH_200 location,system,2026-02-17
1340,3101,1,Sale,2026-02-15,-4,114.44,457.76,SO-76232,Customer Sale,119,115,warehouse1,Transaction processed for WH_100 location,system,2026-02-15
1341,3012,2,Sale,2025-12-21,-2,659.11,1318.22,SO-62481,Customer Sale,64,62,warehouse2,Transaction processed for Backup location,system,2025-12-21
1342,3031,3,Sale,2025-11-27,-47,419.97,19738.59,SO-50883,Customer Sale,62,15,warehouse2,Transaction processed for WH_500 location,system,2025-11-27
1343,2011,2,Receipt,2026-02-14,10,128.1,1281.0,PO-6165,Purchase Order Receipt,48,58,warehouse2,Transaction processed for Backup location,system,2026-02-14
1344,3061,1,Transfer,2025-07-05,-35,151.7,5309.5,TRF-7175,Warehouse Transfer,110,75,system,Transaction processed for WH_100 location,system,2025-07-05
1345,1512,1,Transfer,2026-03-29,-10,219.21,2192.1,TRF-9074,Warehouse Transfer,48,38,warehouse2,Transaction processed for WH_100 location,system,2026-03-29
1346,3041,2,Sale,2025-08-19,-6,127.74,766.44,SO-67019,Customer Sale,144,138,warehouse2,Transaction processed for WH_200 location,system,2025-08-19
1347,1562,1,Sale,2025-11-04,-12,121.04,1452.48,SO-87421,Customer Sale,18,6,system,Transaction processed for WH_100 location,system,2025-11-04
1348,2111,2,Receipt,2026-02-28,140,135.6,18984.0,PO-6496,Purchase Order Receipt,6,146,system,Transaction processed for WH_200 location,system,2026-02-28
1349,1553,1,Sale,2025-08-20,-50,91.38,4569.0,SO-94186,Customer Sale,94,44,warehouse1,Transaction processed for WH_100 location,system,2025-08-20
1350,3032,1,Receipt,2025-12-24,59,246.73,14557.07,PO-6141,Purchase Order Receipt,56,115,warehouse2,Transaction processed for WH_100 location,system,2025-12-24
1351,2021,1,Sale,2026-03-09,-32,71.31,2281.92,SO-49961,Customer Sale,193,161,system,Transaction processed for WH_100 location,system,2026-03-09
1352,1541,1,Sale,2026-03-07,-12,132.59,1591.08,SO-30412,Customer Sale,26,14,warehouse1,Transaction processed for WH_100 location,system,2026-03-07
1353,3022,1,Adjustment,2025-07-02,-7,352.53,2467.71,ADJ-1353,System Correction,7,0,system,Transaction processed for WH_100 location,system,2025-07-02
1354,1542,1,Receipt,2025-12-27,91,87.35,7948.85,PO-3434,Purchase Order Receipt,139,230,warehouse2,Transaction processed for WH_100 location,system,2025-12-27
1355,1522,2,Return,2026-02-26,1,130.48,130.48,RET-71053,Customer Return,114,115,warehouse2,Transaction processed for Backup location,system,2026-02-26
1356,1533,1,Sale,2025-08-17,-39,107.2,4180.8,SO-34545,Customer Sale,56,17,system,Transaction processed for WH_100 location,system,2025-08-17
1357,3022,2,Transfer,2025-09-28,-29,352.53,10223.37,TRF-7060,Warehouse Transfer,29,0,warehouse2,Transaction processed for Backup location,system,2025-09-28
1358,1562,1,Receipt,2025-08-22,190,124.53,23660.7,PO-5639,Purchase Order Receipt,68,258,warehouse1,Transaction processed for WH_100 location,system,2025-08-22
1359,3091,2,Sale,2025-10-03,-20,456.94,9138.8,SO-75117,Customer Sale,100,80,warehouse1,Transaction processed for Backup location,system,2025-10-03
1360,1562,1,Receipt,2026-04-22,105,119.92,12591.6,PO-6206,Purchase Order Receipt,14,119,warehouse1,Transaction processed for WH_100 location,system,2026-04-22
1361,1563,1,Receipt,2025-10-12,133,68.34,9089.22,PO-2436,Purchase Order Receipt,73,206,warehouse2,Transaction processed for WH_100 location,system,2025-10-12
1362,1533,1,Sale,2026-01-16,-39,107.2,4180.8,SO-45763,Customer Sale,49,10,system,Transaction processed for WH_100 location,system,2026-01-16
1363,3042,2,Sale,2025-10-22,-4,62.54,250.16,SO-62365,Customer Sale,80,76,warehouse2,Transaction processed for Backup location,system,2025-10-22
1364,2061,1,Return,2025-12-20,5,20.58,102.9,RET-64948,Customer Return,83,88,warehouse1,Transaction processed for WH_100 location,system,2025-12-20
1365,1553,1,Sale,2025-10-18,-7,91.38,639.66,SO-90224,Customer Sale,152,145,warehouse2,Transaction processed for WH_100 location,system,2025-10-18
1366,1561,1,Sale,2026-01-27,-19,82.06,1559.14,SO-55692,Customer Sale,26,7,warehouse2,Transaction processed for WH_100 location,system,2026-01-27
1367,1511,2,Sale,2025-07-06,-40,321.96,12878.4,SO-36754,Customer Sale,198,158,system,Transaction processed for WH_200 location,system,2025-07-06
1368,1581,1,Transfer,2026-04-10,-15,48.56,728.4,TRF-8516,Warehouse Transfer,103,88,system,Transaction processed for WH_100 location,system,2026-04-10
1369,3104,2,Adjustment,2025-12-07,9,118.89,1070.01,ADJ-1369,Physical Count,100,109,warehouse1,Transaction processed for Backup location,system,2025-12-07
1370,3012,2,Receipt,2025-12-25,73,630.06,45994.38,PO-2878,Purchase Order Receipt,1,74,system,Transaction processed for Backup location,system,2025-12-25
1371,2041,1,Return,2025-08-12,4,35.51,142.04,RET-92035,Customer Return,91,95,warehouse1,Transaction processed for WH_100 location,system,2025-08-12
1372,1531,1,Return,2025-11-18,1,72.87,72.87,RET-17194,Customer Return,117,118,warehouse2,Transaction processed for WH_100 location,system,2025-11-18
1373,3022,2,Adjustment,2025-08-17,-3,352.53,1057.59,ADJ-1373,System Correction,35,32,warehouse2,Transaction processed for Backup location,system,2025-08-17
1374,2121,1,Sale,2025-07-15,-1,31.62,31.62,SO-77027,Customer Sale,93,92,system,Transaction processed for WH_100 location,system,2025-07-15
1375,1581,1,Return,2026-04-11,3,38.85,116.55,RET-32065,Customer Return,14,17,system,Transaction processed for WH_100 location,system,2026-04-11
1376,2071,2,Receipt,2025-11-14,99,21.47,2125.53,PO-5922,Purchase Order Receipt,46,145,warehouse1,Transaction processed for Backup location,system,2025-11-14
1377,1541,1,Transfer,2025-10-16,-11,132.59,1458.49,TRF-1246,Warehouse Transfer,20,9,warehouse1,Transaction processed for WH_100 location,system,2025-10-16
1378,3011,1,Transfer,2025-09-22,-7,968.68,6780.76,TRF-2454,Warehouse Transfer,292,285,warehouse1,Transaction processed for WH_100 location,system,2025-09-22
1379,1531,1,Receipt,2026-04-29,126,90.84,11445.84,PO-2766,Purchase Order Receipt,106,232,system,Transaction processed for WH_100 location,system,2026-04-29
1380,2091,1,Damage,2025-09-04,-1,7.98,7.98,DMG-1380,Shipping Damage,32,31,warehouse1,Transaction processed for WH_100 location,system,2025-09-04
1381,1553,2,Sale,2026-02-25,-7,91.38,639.66,SO-13185,Customer Sale,145,138,warehouse1,Transaction processed for Backup location,system,2026-02-25
1382,1571,1,Return,2026-01-17,5,87.72,438.6,RET-72428,Customer Return,203,208,warehouse2,Transaction processed for WH_100 location,system,2026-01-17
1383,2031,1,Return,2026-03-12,1,18.43,18.43,RET-90572,Customer Return,114,115,system,Transaction processed for WH_100 location,system,2026-03-12
1384,1551,2,Sale,2026-02-27,-23,67.04,1541.92,SO-65570,Customer Sale,23,0,warehouse1,Transaction processed for Backup location,system,2026-02-27
1385,2011,2,Damage,2025-10-09,-5,124.64,623.2,DMG-1385,Shipping Damage,42,37,system,Transaction processed for Backup location,system,2025-10-09
1386,2051,2,Sale,2026-03-21,-11,16.44,180.84,SO-68270,Customer Sale,17,6,warehouse1,Transaction processed for Backup location,system,2026-03-21
1387,3103,2,Sale,2025-07-12,-24,180.33,4327.92,SO-34972,Customer Sale,92,68,system,Transaction processed for Backup location,system,2025-07-12
1388,3022,1,Transfer,2026-03-31,-16,352.53,5640.48,TRF-9118,Warehouse Transfer,119,103,system,Transaction processed for WH_100 location,system,2026-03-31
1389,1532,1,Transfer,2026-03-26,-25,67.64,1691.0,TRF-9021,Warehouse Transfer,25,0,system,Transaction processed for WH_100 location,system,2026-03-26
1390,3022,2,Sale,2025-09-02,-7,352.53,2467.71,SO-63056,Customer Sale,46,39,warehouse1,Transaction processed for Backup location,system,2025-09-02
1391,1553,2,Sale,2026-02-28,-6,91.38,548.28,SO-65281,Customer Sale,109,103,warehouse2,Transaction processed for Backup location,system,2026-02-28
1392,3012,1,Damage,2025-10-16,-2,659.11,1318.22,DMG-1392,Quality Issue,267,265,system,Transaction processed for WH_100 location,system,2025-10-16
1393,2011,1,Transfer,2025-08-22,-33,124.64,4113.12,TRF-7623,Warehouse Transfer,62,29,warehouse1,Transaction processed for WH_100 location,system,2025-08-22
1394,1531,1,Sale,2025-11-06,-10,91.09,910.9,SO-53871,Customer Sale,75,65,system,Transaction processed for WH_100 location,system,2025-11-06
1395,2022,1,Sale,2026-04-04,-17,36.37,618.29,SO-81795,Customer Sale,103,86,warehouse2,Transaction processed for WH_100 location,system,2026-04-04
1396,3042,1,Sale,2025-08-19,-11,62.54,687.94,SO-86236,Customer Sale,206,195,warehouse1,Transaction processed for WH_100 location,system,2025-08-19
1397,3031,3,Sale,2026-03-11,-43,419.97,18058.71,SO-38109,Customer Sale,108,65,warehouse1,Transaction processed for WH_500 location,system,2026-03-11
1398,2011,1,Damage,2026-04-28,-8,124.64,997.12,DMG-1398,Warehouse Damage,156,148,system,Transaction processed for WH_100 location,system,2026-04-28
1399,1541,2,Sale,2025-08-24,-35,132.59,4640.65,SO-52426,Customer Sale,78,43,warehouse2,Transaction processed for Backup location,system,2025-08-24
1400,1552,2,Adjustment,2026-01-29,6,58.45,350.7,ADJ-1400,Physical Count,190,196,warehouse1,Transaction processed for WH_200 location,system,2026-01-29
1401,2051,2,Damage,2026-01-03,-7,16.44,115.08,DMG-1401,Warehouse Damage,25,18,warehouse2,Transaction processed for Backup location,system,2026-01-03
1402,3091,2,Adjustment,2025-09-07,-18,456.94,8224.92,ADJ-1402,Cycle Count,81,63,warehouse2,Transaction processed for WH_200 location,system,2025-09-07
1403,3013,1,Damage,2025-12-09,-7,344.68,2412.76,DMG-1403,Quality Issue,53,46,warehouse2,Transaction processed for WH_100 location,system,2025-12-09
1404,2061,1,Adjustment,2025-11-14,1,25.72,25.72,ADJ-1404,Cycle Count,94,95,warehouse2,Transaction processed for WH_100 location,system,2025-11-14
1405,3071,2,Sale,2025-07-27,-1,39.17,39.17,SO-14091,Customer Sale,1,0,system,Transaction processed for WH_200 location,system,2025-07-27
1406,1542,1,Sale,2025-09-14,-27,90.83,2452.41,SO-28541,Customer Sale,34,7,warehouse1,Transaction processed for WH_100 location,system,2025-09-14
1407,3012,2,Adjustment,2025-08-03,6,659.11,3954.66,ADJ-1407,Physical Count,134,140,warehouse1,Transaction processed for Backup location,system,2025-08-03
1408,1511,2,Transfer,2025-11-25,-6,321.96,1931.76,TRF-3378,Warehouse Transfer,194,188,warehouse1,Transaction processed for WH_200 location,system,2025-11-25
1409,1542,1,Receipt,2026-02-11,164,86.55,14194.2,PO-9281,Purchase Order Receipt,129,293,system,Transaction processed for WH_100 location,system,2026-02-11
1410,1552,2,Receipt,2025-07-05,109,59.17,6449.53,PO-9525,Purchase Order Receipt,267,376,warehouse1,Transaction processed for WH_200 location,system,2025-07-05
1411,1523,2,Sale,2026-02-21,-18,54.46,980.28,SO-50979,Customer Sale,23,5,warehouse2,Transaction processed for WH_200 location,system,2026-02-21
1412,3071,2,Sale,2025-08-26,-42,39.17,1645.14,SO-58407,Customer Sale,105,63,warehouse2,Transaction processed for WH_200 location,system,2025-08-26
1413,1541,2,Sale,2025-08-31,-8,132.59,1060.72,SO-52282,Customer Sale,8,0,warehouse2,Transaction processed for Backup location,system,2025-08-31
1414,2101,2,Receipt,2025-12-28,185,13.73,2540.05,PO-2965,Purchase Order Receipt,117,302,system,Transaction processed for WH_200 location,system,2025-12-28
1415,3042,2,Sale,2025-08-12,0,62.54,0.0,SO-85200,Customer Sale,0,0,system,Transaction processed for Backup location,system,2025-08-12
1416,2111,2,Sale,2026-02-07,-14,142.6,1996.4,SO-75408,Customer Sale,93,79,warehouse1,Transaction processed for WH_200 location,system,2026-02-07
1417,1553,2,Damage,2026-01-11,-4,91.38,365.52,DMG-1417,Warehouse Damage,69,65,warehouse2,Transaction processed for Backup location,system,2026-01-11
1418,1533,1,Transfer,2026-03-24,-45,107.2,4824.0,TRF-5797,Warehouse Transfer,100,55,warehouse1,Transaction processed for WH_100 location,system,2026-03-24
1419,1521,1,Adjustment,2025-08-09,-6,122.8,736.8,ADJ-1419,Cycle Count,102,96,warehouse2,Transaction processed for WH_100 location,system,2025-08-09
1420,3102,2,Adjustment,2025-09-17,-7,173.13,1211.91,ADJ-1420,System Correction,58,51,warehouse2,Transaction processed for Backup location,system,2025-09-17
1421,1532,1,Transfer,2025-08-06,-37,67.64,2502.68,TRF-5424,Warehouse Transfer,76,39,warehouse2,Transaction processed for WH_100 location,system,2025-08-06
1422,2081,2,Receipt,2025-08-04,29,24.17,700.93,PO-2440,Purchase Order Receipt,100,129,warehouse1,Transaction processed for WH_200 location,system,2025-08-04
1423,3021,1,Sale,2025-11-24,-8,270.38,2163.04,SO-16728,Customer Sale,10,2,warehouse2,Transaction processed for WH_100 location,system,2025-11-24
1424,3072,1,Sale,2025-07-15,-41,10.7,438.7,SO-11880,Customer Sale,101,60,warehouse2,Transaction processed for WH_100 location,system,2025-07-15
1425,1563,1,Transfer,2025-11-27,-38,70.33,2672.54,TRF-8023,Warehouse Transfer,81,43,system,Transaction processed for WH_100 location,system,2025-11-27
1426,1572,3,Damage,2026-03-16,-8,222.59,1780.72,DMG-1426,Quality Issue,230,222,warehouse2,Transaction processed for WH_500 location,system,2026-03-16
1427,2091,1,Receipt,2025-10-18,196,7.71,1511.16,PO-5834,Purchase Order Receipt,54,250,system,Transaction processed for WH_100 location,system,2025-10-18
1428,3033,1,Sale,2025-11-04,-33,419.49,13843.17,SO-46512,Customer Sale,59,26,warehouse2,Transaction processed for WH_100 location,system,2025-11-04
1429,3041,2,Receipt,2026-02-03,63,126.36,7960.68,PO-3875,Purchase Order Receipt,151,214,warehouse2,Transaction processed for WH_200 location,system,2026-02-03
1430,1581,1,Sale,2025-07-19,-35,48.56,1699.6,SO-12805,Customer Sale,94,59,system,Transaction processed for WH_100 location,system,2025-07-19
1431,3103,1,Sale,2025-09-11,-18,180.33,3245.94,SO-33128,Customer Sale,87,69,system,Transaction processed for WH_100 location,system,2025-09-11
1432,1551,2,Sale,2025-11-23,-33,67.04,2212.32,SO-20672,Customer Sale,79,46,warehouse2,Transaction processed for Backup location,system,2025-11-23
1433,3042,2,Sale,2025-10-28,-35,62.54,2188.9,SO-14226,Customer Sale,72,37,warehouse2,Transaction processed for Backup location,system,2025-10-28
1434,2091,1,Receipt,2025-11-18,13,7.75,100.75,PO-9223,Purchase Order Receipt,13,26,warehouse2,Transaction processed for WH_100 location,system,2025-11-18
1435,3082,1,Sale,2026-03-13,-12,84.82,1017.84,SO-93892,Customer Sale,87,75,warehouse1,Transaction processed for WH_100 location,system,2026-03-13
1436,3011,1,Receipt,2025-11-20,52,925.18,48109.36,PO-3649,Purchase Order Receipt,133,185,system,Transaction processed for WH_100 location,system,2025-11-20
1437,2021,1,Receipt,2025-10-24,145,68.63,9951.35,PO-7820,Purchase Order Receipt,64,209,warehouse1,Transaction processed for WH_100 location,system,2025-10-24
1438,1531,1,Receipt,2025-09-24,83,90.48,7509.84,PO-5871,Purchase Order Receipt,110,193,warehouse1,Transaction processed for WH_100 location,system,2025-09-24
1439,1581,1,Sale,2026-04-09,-19,48.56,922.64,SO-82973,Customer Sale,81,62,warehouse1,Transaction processed for WH_100 location,system,2026-04-09
1440,1541,1,Transfer,2025-09-21,-12,132.59,1591.08,TRF-2895,Warehouse Transfer,118,106,warehouse1,Transaction processed for WH_100 location,system,2025-09-21
1441,3012,2,Transfer,2026-01-10,-3,659.11,1977.33,TRF-8775,Warehouse Transfer,3,0,warehouse2,Transaction processed for Backup location,system,2026-01-10
1442,2051,2,Transfer,2025-08-02,-11,16.44,180.84,TRF-8818,Warehouse Transfer,43,32,warehouse1,Transaction processed for Backup location,system,2025-08-02
1443,3052,1,Receipt,2025-09-19,120,111.95,13434.0,PO-2879,Purchase Order Receipt,68,188,warehouse1,Transaction processed for WH_100 location,system,2025-09-19
1444,1541,1,Sale,2025-12-29,-33,132.59,4375.47,SO-13588,Customer Sale,38,5,warehouse1,Transaction processed for WH_100 location,system,2025-12-29
1445,3052,1,Sale,2026-01-18,-35,115.25,4033.75,SO-58948,Customer Sale,96,61,warehouse2,Transaction processed for WH_100 location,system,2026-01-18
1446,3091,2,Adjustment,2025-07-04,-10,456.94,4569.4,ADJ-1446,Physical Count,10,0,warehouse2,Transaction processed for WH_200 location,system,2025-07-04
1447,3012,2,Receipt,2025-11-02,102,627.56,64011.12,PO-4598,Purchase Order Receipt,77,179,warehouse1,Transaction processed for Backup location,system,2025-11-02
1448,1531,1,Adjustment,2025-12-18,-20,91.09,1821.8,ADJ-1448,Cycle Count,26,6,warehouse1,Transaction processed for WH_100 location,system,2025-12-18
1449,2051,1,Sale,2025-07-15,-40,16.44,657.6,SO-85817,Customer Sale,147,107,warehouse2,Transaction processed for WH_100 location,system,2025-07-15
1450,1561,2,Sale,2025-07-11,-2,82.06,164.12,SO-94941,Customer Sale,22,20,warehouse1,Transaction processed for Backup location,system,2025-07-11
1451,3081,1,Receipt,2026-01-04,44,59.35,2611.4,PO-1769,Purchase Order Receipt,98,142,warehouse1,Transaction processed for WH_100 location,system,2026-01-04
1452,3012,2,Sale,2025-10-05,-6,659.11,3954.66,SO-29329,Customer Sale,20,14,system,Transaction processed for Backup location,system,2025-10-05
1453,2071,1,Sale,2025-12-13,-22,21.94,482.68,SO-69820,Customer Sale,31,9,warehouse2,Transaction processed for WH_100 location,system,2025-12-13
1454,1551,2,Damage,2026-02-24,-4,67.04,268.16,DMG-1454,Shipping Damage,55,51,system,Transaction processed for Backup location,system,2026-02-24
1455,3041,2,Adjustment,2025-09-18,6,127.74,766.44,ADJ-1455,System Correction,87,93,warehouse2,Transaction processed for Backup location,system,2025-09-18
1456,1533,1,Sale,2026-01-23,-4,107.2,428.8,SO-41462,Customer Sale,4,0,system,Transaction processed for WH_100 location,system,2026-01-23
1457,1541,1,Receipt,2025-09-01,95,137.83,13093.85,PO-6847,Purchase Order Receipt,58,153,system,Transaction processed for WH_100 location,system,2025-09-01
1458,3032,1,Sale,2025-07-01,-37,240.85,8911.45,SO-10537,Customer Sale,37,0,warehouse1,Transaction processed for WH_100 location,system,2025-07-01
1459,1522,1,Receipt,2026-04-30,101,161.34,16295.34,PO-5298,Purchase Order Receipt,208,309,warehouse1,Transaction processed for WH_100 location,system,2026-04-30
1460,3051,1,Receipt,2025-11-19,94,217.14,20411.16,PO-8177,Purchase Order Receipt,14,108,system,Transaction processed for WH_100 location,system,2025-11-19
1461,2081,2,Adjustment,2026-01-15,-12,25.3,303.6,ADJ-1461,Physical Count,63,51,warehouse1,Transaction processed for WH_200 location,system,2026-01-15
1462,3042,2,Return,2026-02-23,2,50.03,100.06,RET-22351,Customer Return,91,93,warehouse2,Transaction processed for Backup location,system,2026-02-23
1463,3103,1,Damage,2026-02-17,-3,180.33,540.99,DMG-1463,Warehouse Damage,218,215,system,Transaction processed for WH_100 location,system,2026-02-17
1464,3101,1,Sale,2025-09-13,-10,114.44,1144.4,SO-10592,Customer Sale,122,112,system,Transaction processed for WH_100 location,system,2025-09-13
1465,1512,1,Sale,2026-01-08,-5,219.21,1096.05,SO-80381,Customer Sale,122,117,warehouse1,Transaction processed for WH_100 location,system,2026-01-08
1466,3062,3,Receipt,2026-04-03,111,86.82,9637.02,PO-5017,Purchase Order Receipt,56,167,system,Transaction processed for WH_500 location,system,2026-04-03
1467,2111,2,Sale,2025-09-26,-12,142.6,1711.2,SO-47097,Customer Sale,12,0,system,Transaction processed for WH_200 location,system,2025-09-26
1468,3081,1,Sale,2025-08-04,-21,58.16,1221.36,SO-57633,Customer Sale,89,68,system,Transaction processed for WH_100 location,system,2025-08-04
1469,1553,1,Receipt,2025-07-20,90,92.39,8315.1,PO-3068,Purchase Order Receipt,54,144,warehouse1,Transaction processed for WH_100 location,system,2025-07-20
1470,1543,1,Sale,2025-08-26,-4,65.36,261.44,SO-77342,Customer Sale,28,24,system,Transaction processed for WH_100 location,system,2025-08-26
1471,1522,1,Sale,2025-09-25,-7,163.1,1141.7,SO-79880,Customer Sale,60,53,warehouse1,Transaction processed for WH_100 location,system,2025-09-25
1472,3041,2,Sale,2025-09-10,-1,127.74,127.74,SO-21646,Customer Sale,41,40,system,Transaction processed for WH_200 location,system,2025-09-10
1473,1581,1,Sale,2025-08-07,-37,48.56,1796.72,SO-98794,Customer Sale,50,13,warehouse2,Transaction processed for WH_100 location,system,2025-08-07
1474,3052,2,Sale,2026-03-13,-45,115.25,5186.25,SO-26151,Customer Sale,45,0,warehouse2,Transaction processed for Backup location,system,2026-03-13
1475,3051,1,Receipt,2025-08-17,71,216.17,15348.07,PO-3472,Purchase Order Receipt,74,145,warehouse2,Transaction processed for WH_100 location,system,2025-08-17
1476,3022,1,Sale,2025-10-15,-26,352.53,9165.78,SO-60407,Customer Sale,112,86,system,Transaction processed for WH_100 location,system,2025-10-15
1477,3061,1,Sale,2026-01-12,-19,151.7,2882.3,SO-28714,Customer Sale,19,0,system,Transaction processed for WH_100 location,system,2026-01-12
1478,3051,1,Receipt,2025-12-06,182,231.53,42138.46,PO-6985,Purchase Order Receipt,68,250,warehouse2,Transaction processed for WH_100 location,system,2025-12-06
1479,3041,2,Adjustment,2026-04-17,14,127.74,1788.36,ADJ-1479,Physical Count,135,149,warehouse2,Transaction processed for WH_200 location,system,2026-04-17
1480,1523,2,Sale,2026-03-05,-17,54.46,925.82,SO-93860,Customer Sale,48,31,warehouse2,Transaction processed for WH_200 location,system,2026-03-05
1481,2051,2,Return,2025-07-30,4,13.15,52.6,RET-31901,Customer Return,86,90,warehouse1,Transaction processed for Backup location,system,2025-07-30
1482,1541,2,Sale,2026-01-01,-41,132.59,5436.19,SO-77190,Customer Sale,111,70,system,Transaction processed for Backup location,system,2026-01-01
1483,3012,1,Adjustment,2026-04-14,-16,659.11,10545.76,ADJ-1483,Cycle Count,314,298,warehouse1,Transaction processed for WH_100 location,system,2026-04-14
1484,1563,1,Transfer,2025-11-13,-7,70.33,492.31,TRF-1784,Warehouse Transfer,93,86,warehouse1,Transaction processed for WH_100 location,system,2025-11-13
1485,1531,2,Sale,2025-10-12,-2,91.09,182.18,SO-52712,Customer Sale,2,0,warehouse2,Transaction processed for Backup location,system,2025-10-12
1486,2011,2,Adjustment,2026-04-29,13,124.64,1620.32,ADJ-1486,Physical Count,44,57,system,Transaction processed for Backup location,system,2026-04-29
1487,3022,2,Receipt,2026-04-16,43,349.36,15022.48,PO-1639,Purchase Order Receipt,76,119,warehouse1,Transaction processed for Backup location,system,2026-04-16
1488,3041,2,Sale,2025-10-25,-5,127.74,638.7,SO-54908,Customer Sale,5,0,system,Transaction processed for Backup location,system,2025-10-25
1489,1522,1,Return,2025-09-10,2,130.48,260.96,RET-46448,Customer Return,192,194,warehouse2,Transaction processed for WH_100 location,system,2025-09-10
1490,3042,2,Sale,2026-04-30,-41,62.54,2564.14,SO-86587,Customer Sale,75,34,warehouse1,Transaction processed for Backup location,system,2026-04-30
1491,2041,1,Return,2026-04-22,5,35.51,177.55,RET-25128,Customer Return,126,131,warehouse1,Transaction processed for WH_100 location,system,2026-04-22
1492,1571,1,Sale,2025-07-22,-39,109.65,4276.35,SO-59927,Customer Sale,312,273,warehouse2,Transaction processed for WH_100 location,system,2025-07-22
1493,1522,1,Damage,2025-11-06,-1,163.1,163.1,DMG-1493,Shipping Damage,131,130,system,Transaction processed for WH_100 location,system,2025-11-06
1494,1523,2,Adjustment,2026-02-03,13,54.46,707.98,ADJ-1494,System Correction,128,141,system,Transaction processed for WH_200 location,system,2026-02-03
1495,1553,2,Sale,2025-12-24,-49,91.38,4477.62,SO-57146,Customer Sale,73,24,warehouse2,Transaction processed for Backup location,system,2025-12-24
1496,2111,2,Sale,2025-10-03,-12,142.6,1711.2,SO-51926,Customer Sale,81,69,warehouse2,Transaction processed for WH_200 location,system,2025-10-03
1497,1531,2,Sale,2025-12-08,-25,91.09,2277.25,SO-63732,Customer Sale,105,80,warehouse1,Transaction processed for Backup location,system,2025-12-08
1498,3102,1,Sale,2026-03-04,-19,173.13,3289.47,SO-58039,Customer Sale,76,57,system,Transaction processed for WH_100 location,system,2026-03-04
1499,3042,2,Receipt,2025-09-17,35,62.28,2179.8,PO-8040,Purchase Order Receipt,155,190,system,Transaction processed for Backup location,system,2025-09-17
1500,2101,2,Damage,2025-11-29,-4,13.5,54.0,DMG-1500,Quality Issue,105,101,system,Transaction processed for WH_200 location,system,2025-11-29
1501,3032,1,Sale,2026-03-10,-21,240.85,5057.85,SO-69598,Customer Sale,111,90,system,Transaction processed for WH_100 location,system,2026-03-10
1502,3022,1,Sale,2026-04-24,-19,352.53,6698.07,SO-51735,Customer Sale,128,109,warehouse1,Transaction processed for WH_100 location,system,2026-04-24
1503,1521,1,Damage,2026-02-06,-2,122.8,245.6,DMG-1503,Quality Issue,2,0,warehouse1,Transaction processed for WH_100 location,system,2026-02-06
1504,3022,1,Sale,2025-11-11,-32,352.53,11280.96,SO-67136,Customer Sale,140,108,system,Transaction processed for WH_100 location,system,2025-11-11
1505,1533,1,Sale,2025-07-01,-1,107.2,107.2,SO-45888,Customer Sale,1,0,system,Transaction processed for WH_100 location,system,2025-07-01
1506,3041,2,Adjustment,2025-12-15,-1,127.74,127.74,ADJ-1506,Cycle Count,6,5,warehouse1,Transaction processed for Backup location,system,2025-12-15
1507,2041,1,Adjustment,2025-07-03,16,44.39,710.24,ADJ-1507,Physical Count,119,135,system,Transaction processed for WH_100 location,system,2025-07-03
1508,2061,1,Sale,2025-11-24,-16,25.72,411.52,SO-41512,Customer Sale,71,55,warehouse2,Transaction processed for WH_100 location,system,2025-11-24
1509,3012,2,Sale,2026-02-24,-5,659.11,3295.55,SO-59283,Customer Sale,37,32,system,Transaction processed for Backup location,system,2026-02-24
1510,3012,1,Receipt,2025-10-27,185,683.81,126504.85,PO-2570,Purchase Order Receipt,188,373,warehouse1,Transaction processed for WH_100 location,system,2025-10-27
1511,2091,1,Receipt,2025-10-20,73,8.27,603.71,PO-1841,Purchase Order Receipt,83,156,warehouse2,Transaction processed for WH_100 location,system,2025-10-20
1512,2081,2,Sale,2026-02-04,-40,25.3,1012.0,SO-77077,Customer Sale,193,153,warehouse2,Transaction processed for WH_200 location,system,2026-02-04
1513,3012,2,Receipt,2026-03-04,197,685.15,134974.55,PO-6648,Purchase Order Receipt,161,358,warehouse2,Transaction processed for Backup location,system,2026-03-04
1514,3012,1,Receipt,2026-01-26,116,663.88,77010.08,PO-3132,Purchase Order Receipt,307,423,warehouse2,Transaction processed for WH_100 location,system,2026-01-26
1515,1521,2,Receipt,2026-02-13,138,117.19,16172.22,PO-7474,Purchase Order Receipt,19,157,system,Transaction processed for Backup location,system,2026-02-13
1516,3011,1,Sale,2025-09-30,-45,968.68,43590.6,SO-13091,Customer Sale,277,232,warehouse1,Transaction processed for WH_100 location,system,2025-09-30
1517,2012,2,Sale,2025-10-29,-22,312.61,6877.42,SO-55781,Customer Sale,58,36,warehouse2,Transaction processed for Backup location,system,2025-10-29
1518,2011,2,Sale,2025-10-06,-6,124.64,747.84,SO-39246,Customer Sale,51,45,warehouse1,Transaction processed for Backup location,system,2025-10-06
1519,1553,2,Transfer,2026-03-24,-25,91.38,2284.5,TRF-6778,Warehouse Transfer,59,34,warehouse1,Transaction processed for Backup location,system,2026-03-24
1520,3042,1,Sale,2025-09-06,-22,62.54,1375.88,SO-45819,Customer Sale,130,108,warehouse2,Transaction processed for WH_100 location,system,2025-09-06
1521,3052,2,Receipt,2026-01-21,79,115.89,9155.31,PO-8687,Purchase Order Receipt,33,112,warehouse1,Transaction processed for Backup location,system,2026-01-21
1522,2111,2,Sale,2025-10-17,-4,142.6,570.4,SO-75445,Customer Sale,4,0,warehouse1,Transaction processed for WH_200 location,system,2025-10-17
1523,3103,2,Damage,2025-12-26,-4,180.33,721.32,DMG-1523,Quality Issue,48,44,warehouse2,Transaction processed for Backup location,system,2025-12-26
1524,1561,1,Sale,2026-01-19,-31,82.06,2543.86,SO-81599,Customer Sale,76,45,system,Transaction processed for WH_100 location,system,2026-01-19
1525,1533,1,Sale,2025-10-09,-32,107.2,3430.4,SO-95420,Customer Sale,101,69,warehouse2,Transaction processed for WH_100 location,system,2025-10-09
1526,1543,1,Transfer,2025-07-25,-3,65.36,196.08,TRF-5628,Warehouse Transfer,3,0,system,Transaction processed for WH_100 location,system,2025-07-25
1527,2012,1,Receipt,2025-08-05,167,306.92,51255.64,PO-7763,Purchase Order Receipt,170,337,warehouse2,Transaction processed for WH_100 location,system,2025-08-05
1528,1551,2,Sale,2026-02-07,-47,67.04,3150.88,SO-90607,Customer Sale,62,15,system,Transaction processed for Backup location,system,2026-02-07
1529,3102,1,Sale,2025-08-29,-46,173.13,7963.98,SO-31183,Customer Sale,172,126,warehouse2,Transaction processed for WH_100 location,system,2025-08-29
1530,1531,1,Receipt,2025-11-17,19,93.37,1774.03,PO-4188,Purchase Order Receipt,123,142,system,Transaction processed for WH_100 location,system,2025-11-17
1531,3021,1,Damage,2025-11-12,-3,270.38,811.14,DMG-1531,Quality Issue,16,13,warehouse2,Transaction processed for WH_100 location,system,2025-11-12
1532,3091,2,Sale,2025-12-01,-25,456.94,11423.5,SO-30910,Customer Sale,106,81,system,Transaction processed for WH_200 location,system,2025-12-01
1533,1553,1,Receipt,2026-02-03,71,91.56,6500.76,PO-1924,Purchase Order Receipt,230,301,system,Transaction processed for WH_100 location,system,2026-02-03
1534,3011,1,Sale,2026-02-01,-37,968.68,35841.16,SO-55316,Customer Sale,245,208,system,Transaction processed for WH_100 location,system,2026-02-01
1535,3071,2,Receipt,2025-12-30,127,38.49,4888.23,PO-5513,Purchase Order Receipt,106,233,system,Transaction processed for WH_200 location,system,2025-12-30
1536,1553,2,Transfer,2025-09-21,-6,91.38,548.28,TRF-2322,Warehouse Transfer,129,123,system,Transaction processed for Backup location,system,2025-09-21
1537,2031,1,Sale,2025-11-26,-1,23.04,23.04,SO-92602,Customer Sale,122,121,warehouse1,Transaction processed for WH_100 location,system,2025-11-26
1538,1511,2,Adjustment,2026-04-06,-12,321.96,3863.52,ADJ-1538,Cycle Count,54,42,warehouse2,Transaction processed for WH_200 location,system,2026-04-06
1539,3081,1,Sale,2026-02-15,-7,58.16,407.12,SO-95919,Customer Sale,121,114,warehouse2,Transaction processed for WH_100 location,system,2026-02-15
1540,2051,2,Transfer,2026-02-15,-15,16.44,246.6,TRF-4676,Warehouse Transfer,64,49,warehouse1,Transaction processed for Backup location,system,2026-02-15
1541,3022,2,Sale,2025-11-08,-18,352.53,6345.54,SO-41025,Customer Sale,58,40,warehouse2,Transaction processed for Backup location,system,2025-11-08
1542,3031,3,Sale,2025-12-02,-10,419.97,4199.7,SO-53127,Customer Sale,10,0,warehouse2,Transaction processed for WH_500 location,system,2025-12-02
1543,1561,1,Sale,2025-09-29,-37,82.06,3036.22,SO-88798,Customer Sale,53,16,system,Transaction processed for WH_100 location,system,2025-09-29
1544,1511,2,Receipt,2026-02-20,109,331.96,36183.64,PO-8609,Purchase Order Receipt,50,159,warehouse1,Transaction processed for WH_200 location,system,2026-02-20
1545,3051,1,Receipt,2025-11-06,175,216.53,37892.75,PO-7056,Purchase Order Receipt,30,205,system,Transaction processed for WH_100 location,system,2025-11-06
1546,1521,1,Receipt,2026-02-15,146,120.09,17533.14,PO-5711,Purchase Order Receipt,59,205,warehouse1,Transaction processed for WH_100 location,system,2026-02-15
1547,3041,2,Return,2026-01-18,5,102.19,510.95,RET-99682,Customer Return,171,176,warehouse1,Transaction processed for WH_200 location,system,2026-01-18
1548,1522,2,Receipt,2025-07-25,188,156.87,29491.56,PO-4605,Purchase Order Receipt,13,201,warehouse1,Transaction processed for Backup location,system,2025-07-25
1549,1571,1,Sale,2026-02-08,-20,109.65,2193.0,SO-40501,Customer Sale,202,182,system,Transaction processed for WH_100 location,system,2026-02-08
1550,3042,2,Sale,2026-02-09,-26,62.54,1626.04,SO-16455,Customer Sale,102,76,warehouse2,Transaction processed for Backup location,system,2026-02-09
1551,2111,2,Transfer,2026-01-17,-8,142.6,1140.8,TRF-9170,Warehouse Transfer,95,87,warehouse2,Transaction processed for WH_200 location,system,2026-01-17
1552,3071,2,Receipt,2025-10-27,93,40.35,3752.55,PO-2562,Purchase Order Receipt,90,183,system,Transaction processed for WH_200 location,system,2025-10-27
1553,3103,2,Receipt,2025-11-02,136,176.36,23984.96,PO-4496,Purchase Order Receipt,19,155,warehouse2,Transaction processed for Backup location,system,2025-11-02
1554,2061,1,Sale,2026-03-27,-43,25.72,1105.96,SO-42812,Customer Sale,141,98,warehouse1,Transaction processed for WH_100 location,system,2026-03-27
1555,3062,3,Sale,2026-01-07,-1,88.18,88.18,SO-14414,Customer Sale,41,40,system,Transaction processed for WH_500 location,system,2026-01-07
1556,3091,2,Adjustment,2026-04-08,19,456.94,8681.86,ADJ-1556,System Correction,103,122,system,Transaction processed for Backup location,system,2026-04-08
1557,3062,3,Transfer,2026-03-18,-34,88.18,2998.12,TRF-9143,Warehouse Transfer,81,47,system,Transaction processed for WH_500 location,system,2026-03-18
1558,3031,3,Sale,2025-09-10,-33,419.97,13859.01,SO-97843,Customer Sale,86,53,warehouse1,Transaction processed for WH_500 location,system,2025-09-10
1559,2111,2,Receipt,2025-11-09,187,137.64,25738.68,PO-7768,Purchase Order Receipt,121,308,warehouse2,Transaction processed for WH_200 location,system,2025-11-09
1560,2022,1,Sale,2025-09-29,-8,36.37,290.96,SO-52668,Customer Sale,31,23,warehouse2,Transaction processed for WH_100 location,system,2025-09-29
1561,3041,2,Sale,2026-01-02,-17,127.74,2171.58,SO-37180,Customer Sale,85,68,warehouse1,Transaction processed for WH_200 location,system,2026-01-02
1562,2012,2,Sale,2025-07-28,-46,312.61,14380.06,SO-58390,Customer Sale,48,2,system,Transaction processed for Backup location,system,2025-07-28
1563,2061,1,Sale,2025-08-24,-17,25.72,437.24,SO-17938,Customer Sale,145,128,warehouse2,Transaction processed for WH_100 location,system,2025-08-24
1564,2071,2,Adjustment,2025-10-21,2,21.94,43.88,ADJ-1564,System Correction,85,87,warehouse2,Transaction processed for Backup location,system,2025-10-21
1565,1562,1,Transfer,2026-03-19,-31,121.04,3752.24,TRF-9942,Warehouse Transfer,39,8,warehouse1,Transaction processed for WH_100 location,system,2026-03-19
1566,3051,1,Adjustment,2025-11-10,-12,226.49,2717.88,ADJ-1566,Physical Count,12,0,system,Transaction processed for WH_100 location,system,2025-11-10
1567,2071,1,Damage,2026-04-08,-3,21.94,65.82,DMG-1567,Shipping Damage,50,47,warehouse1,Transaction processed for WH_100 location,system,2026-04-08
1568,1552,2,Receipt,2025-11-14,97,61.3,5946.1,PO-2073,Purchase Order Receipt,316,413,system,Transaction processed for WH_200 location,system,2025-11-14
1569,3081,1,Sale,2025-08-14,-28,58.16,1628.48,SO-64724,Customer Sale,28,0,system,Transaction processed for WH_100 location,system,2025-08-14
1570,1561,1,Sale,2025-11-17,-19,82.06,1559.14,SO-27863,Customer Sale,30,11,system,Transaction processed for WH_100 location,system,2025-11-17
1571,3013,1,Sale,2026-01-04,-47,344.68,16199.96,SO-60065,Customer Sale,136,89,system,Transaction processed for WH_100 location,system,2026-01-04
1572,3021,1,Transfer,2025-12-03,-32,270.38,8652.16,TRF-6473,Warehouse Transfer,55,23,warehouse1,Transaction processed for WH_100 location,system,2025-12-03
1573,2081,2,Sale,2025-12-23,-43,25.3,1087.9,SO-78102,Customer Sale,140,97,warehouse1,Transaction processed for WH_200 location,system,2025-12-23
1574,2012,1,Sale,2026-03-13,-27,312.61,8440.47,SO-21572,Customer Sale,179,152,system,Transaction processed for WH_100 location,system,2026-03-13
1575,3091,2,Sale,2025-08-01,-25,456.94,11423.5,SO-38623,Customer Sale,77,52,warehouse1,Transaction processed for Backup location,system,2025-08-01
1576,2071,1,Sale,2025-10-18,-37,21.94,811.78,SO-45500,Customer Sale,107,70,warehouse2,Transaction processed for WH_100 location,system,2025-10-18
1577,3011,1,Sale,2025-10-12,-42,968.68,40684.56,SO-18513,Customer Sale,116,74,warehouse2,Transaction processed for WH_100 location,system,2025-10-12
1578,2051,1,Sale,2026-01-09,-13,16.44,213.72,SO-61376,Customer Sale,17,4,warehouse2,Transaction processed for WH_100 location,system,2026-01-09
1579,3013,1,Sale,2025-08-24,-21,344.68,7238.28,SO-75453,Customer Sale,21,0,warehouse1,Transaction processed for WH_100 location,system,2025-08-24
1580,1552,2,Sale,2025-09-21,-7,58.45,409.15,SO-22462,Customer Sale,147,140,system,Transaction processed for WH_200 location,system,2025-09-21
1581,1541,1,Sale,2026-02-06,-41,132.59,5436.19,SO-95040,Customer Sale,73,32,system,Transaction processed for WH_100 location,system,2026-02-06
1582,1531,2,Receipt,2026-02-13,107,88.74,9495.18,PO-7897,Purchase Order Receipt,6,113,warehouse1,Transaction processed for Backup location,system,2026-02-13
1583,3012,2,Sale,2025-08-13,-15,659.11,9886.65,SO-83830,Customer Sale,15,0,system,Transaction processed for Backup location,system,2025-08-13
1584,3053,1,Sale,2025-12-22,-12,180.15,2161.8,SO-92791,Customer Sale,46,34,warehouse1,Transaction processed for WH_100 location,system,2025-12-22
1585,1572,3,Damage,2025-07-11,-2,222.59,445.18,DMG-1585,Shipping Damage,202,200,warehouse2,Transaction processed for WH_500 location,system,2025-07-11
1586,3032,1,Damage,2025-11-04,-2,240.85,481.7,DMG-1586,Quality Issue,103,101,warehouse1,Transaction processed for WH_100 location,system,2025-11-04
1587,3091,2,Sale,2025-12-04,-31,456.94,14165.14,SO-63260,Customer Sale,77,46,warehouse1,Transaction processed for Backup location,system,2025-12-04
1588,3051,1,Sale,2026-02-26,-1,226.49,226.49,SO-39244,Customer Sale,23,22,system,Transaction processed for WH_100 location,system,2026-02-26
1589,2061,1,Receipt,2025-08-04,181,26.01,4707.81,PO-9458,Purchase Order Receipt,184,365,warehouse2,Transaction processed for WH_100 location,system,2025-08-04
1590,3072,1,Adjustment,2026-02-10,-17,10.7,181.9,ADJ-1590,System Correction,87,70,warehouse1,Transaction processed for WH_100 location,system,2026-02-10
1591,3052,2,Sale,2026-02-11,-10,115.25,1152.5,SO-17647,Customer Sale,78,68,system,Transaction processed for Backup location,system,2026-02-11
1592,2021,1,Receipt,2026-02-04,26,74.55,1938.3,PO-8788,Purchase Order Receipt,131,157,system,Transaction processed for WH_100 location,system,2026-02-04
1593,1561,2,Sale,2026-04-21,-39,82.06,3200.34,SO-88213,Customer Sale,39,0,warehouse2,Transaction processed for Backup location,system,2026-04-21
1594,3082,1,Adjustment,2025-12-29,7,84.82,593.74,ADJ-1594,Physical Count,197,204,system,Transaction processed for WH_100 location,system,2025-12-29
1595,2012,1,Transfer,2026-01-02,-42,312.61,13129.62,TRF-2447,Warehouse Transfer,97,55,system,Transaction processed for WH_100 location,system,2026-01-02
1596,3052,2,Damage,2026-04-09,-1,115.25,115.25,DMG-1596,Shipping Damage,99,98,system,Transaction processed for Backup location,system,2026-04-09
1597,1541,1,Sale,2026-04-22,-2,132.59,265.18,SO-22806,Customer Sale,150,148,system,Transaction processed for WH_100 location,system,2026-04-22
1598,2061,1,Receipt,2025-08-20,133,26.29,3496.57,PO-3830,Purchase Order Receipt,160,293,warehouse1,Transaction processed for WH_100 location,system,2025-08-20
1599,2091,1,Sale,2026-04-22,-44,7.98,351.12,SO-28302,Customer Sale,104,60,system,Transaction processed for WH_100 location,system,2026-04-22
1600,2011,1,Receipt,2025-07-18,85,130.46,11089.1,PO-6530,Purchase Order Receipt,65,150,warehouse2,Transaction processed for WH_100 location,system,2025-07-18
1601,3071,2,Sale,2025-08-09,-24,39.17,940.08,SO-22678,Customer Sale,106,82,system,Transaction processed for WH_200 location,system,2025-08-09
1602,3071,2,Sale,2025-09-23,-49,39.17,1919.33,SO-44578,Customer Sale,89,40,warehouse1,Transaction processed for WH_200 location,system,2025-09-23
1603,2091,1,Damage,2025-11-08,-4,7.98,31.92,DMG-1603,Quality Issue,5,1,warehouse2,Transaction processed for WH_100 location,system,2025-11-08
1604,3072,1,Adjustment,2025-07-15,-8,10.7,85.6,ADJ-1604,Physical Count,45,37,warehouse1,Transaction processed for WH_100 location,system,2025-07-15
1605,3102,2,Return,2026-01-30,3,138.5,415.5,RET-43746,Customer Return,133,136,warehouse1,Transaction processed for Backup location,system,2026-01-30
1606,3092,1,Receipt,2026-01-21,35,525.6,18396.0,PO-9763,Purchase Order Receipt,207,242,warehouse1,Transaction processed for WH_100 location,system,2026-01-21
1607,1563,1,Sale,2025-08-05,-3,70.33,210.99,SO-26768,Customer Sale,3,0,system,Transaction processed for WH_100 location,system,2025-08-05
1608,2121,1,Adjustment,2025-07-20,7,31.62,221.34,ADJ-1608,Physical Count,47,54,warehouse1,Transaction processed for WH_100 location,system,2025-07-20
1609,3042,2,Sale,2026-03-30,-41,62.54,2564.14,SO-25433,Customer Sale,67,26,system,Transaction processed for Backup location,system,2026-03-30
1610,1531,1,Sale,2026-04-25,-22,91.09,2003.98,SO-63815,Customer Sale,112,90,warehouse1,Transaction processed for WH_100 location,system,2026-04-25
1611,3042,2,Transfer,2025-12-28,-7,62.54,437.78,TRF-9594,Warehouse Transfer,156,149,system,Transaction processed for Backup location,system,2025-12-28
1612,2051,2,Return,2025-10-13,5,13.15,65.75,RET-86849,Customer Return,5,10,system,Transaction processed for Backup location,system,2025-10-13
1613,3102,1,Transfer,2025-11-08,-44,173.13,7617.72,TRF-4347,Warehouse Transfer,186,142,warehouse1,Transaction processed for WH_100 location,system,2025-11-08
1614,3061,1,Sale,2026-02-07,-38,151.7,5764.6,SO-13581,Customer Sale,38,0,system,Transaction processed for WH_100 location,system,2026-02-07
1615,1542,1,Sale,2025-12-30,-8,90.83,726.64,SO-63026,Customer Sale,57,49,warehouse2,Transaction processed for WH_100 location,system,2025-12-30
1616,1541,2,Receipt,2026-01-16,154,130.49,20095.46,PO-9147,Purchase Order Receipt,91,245,warehouse2,Transaction processed for Backup location,system,2026-01-16
1617,1531,1,Adjustment,2026-01-21,3,91.09,273.27,ADJ-1617,System Correction,43,46,warehouse2,Transaction processed for WH_100 location,system,2026-01-21
1618,1542,1,Sale,2025-09-19,-46,90.83,4178.18,SO-92852,Customer Sale,172,126,warehouse2,Transaction processed for WH_100 location,system,2025-09-19
1619,1553,1,Sale,2025-11-09,-46,91.38,4203.48,SO-25817,Customer Sale,143,97,system,Transaction processed for WH_100 location,system,2025-11-09
1620,3071,2,Sale,2026-04-23,-21,39.17,822.57,SO-85552,Customer Sale,24,3,warehouse1,Transaction processed for WH_200 location,system,2026-04-23
1621,3082,1,Receipt,2026-03-19,87,82.74,7198.38,PO-1894,Purchase Order Receipt,163,250,warehouse2,Transaction processed for WH_100 location,system,2026-03-19
1622,2112,1,Receipt,2025-12-03,103,68.05,7009.15,PO-5193,Purchase Order Receipt,130,233,system,Transaction processed for WH_100 location,system,2025-12-03
1623,1512,1,Sale,2025-09-30,-18,219.21,3945.78,SO-24462,Customer Sale,39,21,warehouse1,Transaction processed for WH_100 location,system,2025-09-30
1624,1553,1,Receipt,2025-09-22,158,95.84,15142.72,PO-9327,Purchase Order Receipt,81,239,warehouse1,Transaction processed for WH_100 location,system,2025-09-22
1625,3012,2,Sale,2025-10-20,-11,659.11,7250.21,SO-13783,Customer Sale,11,0,system,Transaction processed for Backup location,system,2025-10-20
1626,3061,1,Receipt,2025-12-22,157,150.89,23689.73,PO-6903,Purchase Order Receipt,46,203,system,Transaction processed for WH_100 location,system,2025-12-22
1627,3092,1,Sale,2026-02-18,-14,540.11,7561.54,SO-78171,Customer Sale,272,258,warehouse2,Transaction processed for WH_100 location,system,2026-02-18
1628,3013,1,Receipt,2025-09-04,165,353.16,58271.4,PO-2705,Purchase Order Receipt,157,322,warehouse2,Transaction processed for WH_100 location,system,2025-09-04
1629,3092,1,Sale,2025-09-03,-1,540.11,540.11,SO-23708,Customer Sale,264,263,warehouse1,Transaction processed for WH_100 location,system,2025-09-03
1630,1553,2,Sale,2026-04-10,-48,91.38,4386.24,SO-18045,Customer Sale,78,30,warehouse2,Transaction processed for Backup location,system,2026-04-10
1631,1541,2,Receipt,2025-10-12,96,129.12,12395.52,PO-8409,Purchase Order Receipt,49,145,system,Transaction processed for Backup location,system,2025-10-12
1632,1551,2,Transfer,2025-07-11,-24,67.04,1608.96,TRF-4846,Warehouse Transfer,61,37,system,Transaction processed for Backup location,system,2025-07-11
1633,1531,1,Sale,2026-04-24,-17,91.09,1548.53,SO-11288,Customer Sale,32,15,warehouse1,Transaction processed for WH_100 location,system,2026-04-24
1634,1532,1,Receipt,2026-01-22,136,65.76,8943.36,PO-1467,Purchase Order Receipt,78,214,system,Transaction processed for WH_100 location,system,2026-01-22
1635,1522,2,Transfer,2025-12-24,-4,163.1,652.4,TRF-1380,Warehouse Transfer,4,0,warehouse2,Transaction processed for Backup location,system,2025-12-24
1636,3022,2,Adjustment,2025-08-05,-1,352.53,352.53,ADJ-1636,Physical Count,115,114,warehouse1,Transaction processed for Backup location,system,2025-08-05
1637,3053,1,Receipt,2025-08-30,170,175.39,29816.3,PO-6521,Purchase Order Receipt,167,337,warehouse2,Transaction processed for WH_100 location,system,2025-08-30
1638,1522,2,Sale,2026-01-22,-11,163.1,1794.1,SO-46794,Customer Sale,11,0,warehouse2,Transaction processed for Backup location,system,2026-01-22
1639,3041,2,Damage,2025-07-24,-3,127.74,383.22,DMG-1639,Shipping Damage,156,153,system,Transaction processed for WH_200 location,system,2025-07-24
1640,3041,2,Receipt,2025-12-03,129,130.49,16833.21,PO-6740,Purchase Order Receipt,73,202,warehouse2,Transaction processed for Backup location,system,2025-12-03
1641,3021,1,Sale,2026-01-18,-50,270.38,13519.0,SO-16514,Customer Sale,89,39,system,Transaction processed for WH_100 location,system,2026-01-18
1642,3104,2,Sale,2026-04-30,-10,118.89,1188.9,SO-11258,Customer Sale,106,96,warehouse2,Transaction processed for WH_200 location,system,2026-04-30
1643,3041,2,Receipt,2025-08-10,150,127.03,19054.5,PO-2723,Purchase Order Receipt,37,187,warehouse1,Transaction processed for WH_200 location,system,2025-08-10
1644,2051,1,Receipt,2025-10-17,17,16.52,280.84,PO-2285,Purchase Order Receipt,75,92,warehouse1,Transaction processed for WH_100 location,system,2025-10-17
1645,2071,2,Return,2025-11-22,2,17.55,35.1,RET-78094,Customer Return,27,29,warehouse1,Transaction processed for Backup location,system,2025-11-22
1646,1551,2,Receipt,2026-03-20,140,66.1,9254.0,PO-1196,Purchase Order Receipt,18,158,warehouse1,Transaction processed for Backup location,system,2026-03-20
1647,2012,2,Sale,2026-03-26,-2,312.61,625.22,SO-22889,Customer Sale,30,28,system,Transaction processed for Backup location,system,2026-03-26
1648,2011,2,Adjustment,2025-09-02,-6,124.64,747.84,ADJ-1648,System Correction,30,24,warehouse1,Transaction processed for Backup location,system,2025-09-02
1649,2022,1,Receipt,2025-12-12,155,34.8,5394.0,PO-8440,Purchase Order Receipt,164,319,warehouse1,Transaction processed for WH_100 location,system,2025-12-12
1650,2112,1,Sale,2026-04-29,-32,66.6,2131.2,SO-45211,Customer Sale,181,149,system,Transaction processed for WH_100 location,system,2026-04-29
1651,2031,1,Sale,2026-04-26,-13,23.04,299.52,SO-72508,Customer Sale,50,37,warehouse2,Transaction processed for WH_100 location,system,2026-04-26
1652,3092,1,Return,2026-04-09,4,432.09,1728.36,RET-49377,Customer Return,363,367,warehouse1,Transaction processed for WH_100 location,system,2026-04-09
1653,3092,1,Sale,2026-03-01,-4,540.11,2160.44,SO-96940,Customer Sale,277,273,warehouse1,Transaction processed for WH_100 location,system,2026-03-01
1654,3012,1,Sale,2025-10-02,-41,659.11,27023.51,SO-48286,Customer Sale,161,120,warehouse1,Transaction processed for WH_100 location,system,2025-10-02
1655,2011,1,Receipt,2025-08-21,71,125.6,8917.6,PO-7211,Purchase Order Receipt,100,171,system,Transaction processed for WH_100 location,system,2025-08-21
1656,2101,2,Sale,2026-03-25,-14,13.5,189.0,SO-33375,Customer Sale,164,150,warehouse1,Transaction processed for WH_200 location,system,2026-03-25
1657,1523,2,Sale,2026-01-09,-39,54.46,2123.94,SO-45071,Customer Sale,88,49,warehouse1,Transaction processed for WH_200 location,system,2026-01-09
1658,2111,2,Sale,2026-02-21,-16,142.6,2281.6,SO-71420,Customer Sale,77,61,warehouse1,Transaction processed for WH_200 location,system,2026-02-21
1659,3033,1,Sale,2025-11-15,-48,419.49,20135.52,SO-98303,Customer Sale,53,5,warehouse2,Transaction processed for WH_100 location,system,2025-11-15
1660,3102,2,Adjustment,2026-02-24,1,173.13,173.13,ADJ-1660,Physical Count,9,10,warehouse2,Transaction processed for Backup location,system,2026-02-24
1661,3021,1,Transfer,2026-02-11,-29,270.38,7841.02,TRF-2036,Warehouse Transfer,40,11,warehouse2,Transaction processed for WH_100 location,system,2026-02-11
1662,2061,1,Transfer,2026-04-15,-41,25.72,1054.52,TRF-2809,Warehouse Transfer,110,69,warehouse1,Transaction processed for WH_100 location,system,2026-04-15
1663,3104,2,Sale,2026-02-19,-21,118.89,2496.69,SO-33353,Customer Sale,175,154,warehouse1,Transaction processed for WH_200 location,system,2026-02-19
1664,1543,1,Receipt,2025-11-17,47,67.7,3181.9,PO-2127,Purchase Order Receipt,49,96,system,Transaction processed for WH_100 location,system,2025-11-17
1665,2081,2,Transfer,2025-09-27,-15,25.3,379.5,TRF-1369,Warehouse Transfer,168,153,warehouse2,Transaction processed for WH_200 location,system,2025-09-27
1666,3061,1,Transfer,2025-08-05,-3,151.7,455.1,TRF-5470,Warehouse Transfer,3,0,system,Transaction processed for WH_100 location,system,2025-08-05
1667,3061,1,Sale,2025-12-30,-29,151.7,4399.3,SO-88438,Customer Sale,87,58,system,Transaction processed for WH_100 location,system,2025-12-30
1668,1512,1,Sale,2025-07-24,-14,219.21,3068.94,SO-43269,Customer Sale,101,87,system,Transaction processed for WH_100 location,system,2025-07-24
1669,3022,1,Sale,2025-11-19,-11,352.53,3877.83,SO-38895,Customer Sale,11,0,system,Transaction processed for WH_100 location,system,2025-11-19
1670,1541,2,Receipt,2026-01-08,155,138.59,21481.45,PO-7127,Purchase Order Receipt,103,258,warehouse2,Transaction processed for Backup location,system,2026-01-08
1671,1533,1,Adjustment,2026-04-04,-5,107.2,536.0,ADJ-1671,Physical Count,73,68,warehouse1,Transaction processed for WH_100 location,system,2026-04-04
1672,3011,1,Adjustment,2025-07-05,20,968.68,19373.6,ADJ-1672,System Correction,131,151,system,Transaction processed for WH_100 location,system,2025-07-05
1673,3052,2,Transfer,2025-07-26,-11,115.25,1267.75,TRF-8835,Warehouse Transfer,12,1,warehouse2,Transaction processed for Backup location,system,2025-07-26
1674,3091,2,Sale,2025-10-30,-39,456.94,17820.66,SO-54874,Customer Sale,123,84,system,Transaction processed for Backup location,system,2025-10-30
1675,1553,2,Adjustment,2026-03-16,9,91.38,822.42,ADJ-1675,System Correction,130,139,warehouse1,Transaction processed for Backup location,system,2026-03-16
1676,1511,2,Receipt,2026-02-26,104,322.09,33497.36,PO-5037,Purchase Order Receipt,27,131,warehouse2,Transaction processed for WH_200 location,system,2026-02-26
1677,2021,1,Transfer,2025-07-26,-44,71.31,3137.64,TRF-1248,Warehouse Transfer,59,15,system,Transaction processed for WH_100 location,system,2025-07-26
1678,3041,2,Return,2026-03-07,1,102.19,102.19,RET-47615,Customer Return,64,65,system,Transaction processed for WH_200 location,system,2026-03-07
1679,1521,1,Adjustment,2025-07-01,12,122.8,1473.6,ADJ-1679,Cycle Count,61,73,warehouse1,Transaction processed for WH_100 location,system,2025-07-01
1680,1581,1,Adjustment,2025-10-27,9,48.56,437.04,ADJ-1680,Physical Count,54,63,system,Transaction processed for WH_100 location,system,2025-10-27
1681,1541,1,Damage,2026-04-13,-1,132.59,132.59,DMG-1681,Quality Issue,120,119,warehouse1,Transaction processed for WH_100 location,system,2026-04-13
1682,1512,1,Sale,2025-07-11,-23,219.21,5041.83,SO-42716,Customer Sale,52,29,warehouse1,Transaction processed for WH_100 location,system,2025-07-11
1683,1512,1,Damage,2025-08-12,-4,219.21,876.84,DMG-1683,Shipping Damage,19,15,warehouse2,Transaction processed for WH_100 location,system,2025-08-12
1684,3031,2,Receipt,2026-02-16,61,415.67,25355.87,PO-5794,Purchase Order Receipt,109,170,warehouse2,Transaction processed for Backup location,system,2026-02-16
1685,3022,2,Sale,2026-04-09,-30,352.53,10575.9,SO-65087,Customer Sale,75,45,warehouse2,Transaction processed for Backup location,system,2026-04-09
1686,2011,1,Sale,2026-03-24,-10,124.64,1246.4,SO-99291,Customer Sale,10,0,warehouse1,Transaction processed for WH_100 location,system,2026-03-24
1687,1511,2,Transfer,2025-09-07,-20,321.96,6439.2,TRF-4601,Warehouse Transfer,170,150,system,Transaction processed for WH_200 location,system,2025-09-07
1688,1563,1,Adjustment,2025-10-17,13,70.33,914.29,ADJ-1688,System Correction,99,112,warehouse2,Transaction processed for WH_100 location,system,2025-10-17
1689,3031,2,Adjustment,2025-07-01,16,419.97,6719.52,ADJ-1689,Physical Count,95,111,warehouse2,Transaction processed for Backup location,system,2025-07-01
1690,1543,1,Transfer,2025-10-22,-13,65.36,849.68,TRF-6843,Warehouse Transfer,66,53,warehouse1,Transaction processed for WH_100 location,system,2025-10-22
1691,3082,1,Transfer,2026-03-16,-16,84.82,1357.12,TRF-5447,Warehouse Transfer,163,147,system,Transaction processed for WH_100 location,system,2026-03-16
1692,2071,2,Sale,2025-07-25,-33,21.94,724.02,SO-83771,Customer Sale,33,0,system,Transaction processed for Backup location,system,2025-07-25
1693,2022,1,Sale,2025-12-18,-8,36.37,290.96,SO-98113,Customer Sale,15,7,warehouse1,Transaction processed for WH_100 location,system,2025-12-18
1694,3033,1,Sale,2026-03-20,-8,419.49,3355.92,SO-28612,Customer Sale,85,77,system,Transaction processed for WH_100 location,system,2026-03-20
1695,1551,1,Damage,2025-10-09,-4,67.04,268.16,DMG-1695,Quality Issue,88,84,warehouse1,Transaction processed for WH_100 location,system,2025-10-09
1696,2011,1,Adjustment,2026-01-26,-13,124.64,1620.32,ADJ-1696,Cycle Count,159,146,system,Transaction processed for WH_100 location,system,2026-01-26
1697,2021,1,Transfer,2025-12-13,-20,71.31,1426.2,TRF-2438,Warehouse Transfer,53,33,warehouse1,Transaction processed for WH_100 location,system,2025-12-13
1698,2012,2,Sale,2026-03-17,-7,312.61,2188.27,SO-17142,Customer Sale,34,27,system,Transaction processed for Backup location,system,2026-03-17
1699,3102,1,Sale,2025-09-16,-40,173.13,6925.2,SO-60945,Customer Sale,84,44,warehouse2,Transaction processed for WH_100 location,system,2025-09-16
1700,1552,2,Damage,2025-08-12,-5,58.45,292.25,DMG-1700,Shipping Damage,270,265,warehouse2,Transaction processed for WH_200 location,system,2025-08-12
1701,1553,2,Transfer,2026-02-26,-10,91.38,913.8,TRF-2216,Warehouse Transfer,94,84,warehouse1,Transaction processed for Backup location,system,2026-02-26
1702,3031,2,Sale,2025-10-03,-18,419.97,7559.46,SO-15998,Customer Sale,25,7,warehouse2,Transaction processed for Backup location,system,2025-10-03
1703,2091,1,Adjustment,2026-03-23,-2,7.98,15.96,ADJ-1703,System Correction,51,49,warehouse1,Transaction processed for WH_100 location,system,2026-03-23
1704,3041,2,Sale,2025-12-23,-15,127.74,1916.1,SO-28316,Customer Sale,65,50,warehouse2,Transaction processed for WH_200 location,system,2025-12-23
1705,2041,1,Transfer,2025-07-29,-42,44.39,1864.38,TRF-1120,Warehouse Transfer,104,62,system,Transaction processed for WH_100 location,system,2025-07-29
1706,3021,1,Sale,2026-03-01,-10,270.38,2703.8,SO-27357,Customer Sale,86,76,warehouse2,Transaction processed for WH_100 location,system,2026-03-01
1707,1551,2,Transfer,2026-02-11,-40,67.04,2681.6,TRF-7206,Warehouse Transfer,80,40,warehouse2,Transaction processed for Backup location,system,2026-02-11
1708,2112,1,Receipt,2026-03-01,51,66.95,3414.45,PO-7243,Purchase Order Receipt,170,221,warehouse1,Transaction processed for WH_100 location,system,2026-03-01
1709,3062,3,Adjustment,2025-07-27,-18,88.18,1587.24,ADJ-1709,Physical Count,18,0,warehouse2,Transaction processed for WH_500 location,system,2025-07-27
1710,3031,2,Adjustment,2026-02-01,17,419.97,7139.49,ADJ-1710,System Correction,69,86,warehouse2,Transaction processed for Backup location,system,2026-02-01
1711,3052,1,Receipt,2025-09-06,163,120.43,19630.09,PO-6476,Purchase Order Receipt,105,268,system,Transaction processed for WH_100 location,system,2025-09-06
1712,3033,1,Receipt,2025-07-22,64,409.51,26208.64,PO-9620,Purchase Order Receipt,40,104,warehouse1,Transaction processed for WH_100 location,system,2025-07-22
1713,1522,2,Sale,2026-01-10,-27,163.1,4403.7,SO-28791,Customer Sale,27,0,warehouse2,Transaction processed for Backup location,system,2026-01-10
1714,3021,1,Receipt,2025-08-28,18,281.22,5061.96,PO-6496,Purchase Order Receipt,92,110,warehouse2,Transaction processed for WH_100 location,system,2025-08-28
1715,1521,1,Transfer,2026-01-17,-39,122.8,4789.2,TRF-8414,Warehouse Transfer,39,0,warehouse1,Transaction processed for WH_100 location,system,2026-01-17
1716,1581,1,Adjustment,2025-09-04,-1,48.56,48.56,ADJ-1716,Cycle Count,76,75,system,Transaction processed for WH_100 location,system,2025-09-04
1717,3011,1,Sale,2026-04-05,-18,968.68,17436.24,SO-34091,Customer Sale,209,191,warehouse1,Transaction processed for WH_100 location,system,2026-04-05
1718,2051,2,Return,2025-07-05,3,13.15,39.45,RET-56374,Customer Return,21,24,system,Transaction processed for Backup location,system,2025-07-05
1719,1511,2,Damage,2026-03-13,-9,321.96,2897.64,DMG-1719,Shipping Damage,47,38,system,Transaction processed for WH_200 location,system,2026-03-13
1720,2021,1,Damage,2026-04-25,-1,71.31,71.31,DMG-1720,Quality Issue,86,85,system,Transaction processed for WH_100 location,system,2026-04-25
1721,2012,2,Receipt,2025-09-19,96,306.7,29443.2,PO-7798,Purchase Order Receipt,141,237,warehouse1,Transaction processed for Backup location,system,2025-09-19
1722,2071,2,Sale,2025-10-08,-13,21.94,285.22,SO-54945,Customer Sale,84,71,system,Transaction processed for Backup location,system,2025-10-08
1723,1571,1,Receipt,2026-03-03,80,107.28,8582.4,PO-1113,Purchase Order Receipt,240,320,warehouse2,Transaction processed for WH_100 location,system,2026-03-03
1724,1551,2,Sale,2025-09-21,-32,67.04,2145.28,SO-57256,Customer Sale,94,62,warehouse2,Transaction processed for Backup location,system,2025-09-21
1725,1571,1,Sale,2026-02-13,-1,109.65,109.65,SO-15756,Customer Sale,328,327,warehouse2,Transaction processed for WH_100 location,system,2026-02-13
1726,1543,1,Transfer,2026-01-14,-17,65.36,1111.12,TRF-7711,Warehouse Transfer,54,37,warehouse1,Transaction processed for WH_100 location,system,2026-01-14
1727,1522,2,Sale,2026-04-30,-15,163.1,2446.5,SO-95618,Customer Sale,127,112,warehouse2,Transaction processed for Backup location,system,2026-04-30
1728,1512,1,Adjustment,2026-03-10,-3,219.21,657.63,ADJ-1728,Physical Count,105,102,warehouse2,Transaction processed for WH_100 location,system,2026-03-10
1729,1541,2,Adjustment,2025-10-14,-14,132.59,1856.26,ADJ-1729,Cycle Count,34,20,warehouse1,Transaction processed for Backup location,system,2025-10-14
1730,1541,1,Sale,2025-08-12,-24,132.59,3182.16,SO-19486,Customer Sale,48,24,warehouse2,Transaction processed for WH_100 location,system,2025-08-12
1731,1561,2,Return,2026-04-26,1,65.65,65.65,RET-34469,Customer Return,8,9,warehouse2,Transaction processed for Backup location,system,2026-04-26
1732,1551,1,Sale,2025-11-23,-28,67.04,1877.12,SO-59478,Customer Sale,28,0,system,Transaction processed for WH_100 location,system,2025-11-23
1733,1521,1,Return,2025-07-26,5,98.24,491.2,RET-73510,Customer Return,104,109,warehouse2,Transaction processed for WH_100 location,system,2025-07-26
1734,3032,1,Adjustment,2025-12-29,-17,240.85,4094.45,ADJ-1734,System Correction,141,124,warehouse1,Transaction processed for WH_100 location,system,2025-12-29
1735,2112,1,Receipt,2026-03-18,63,66.15,4167.45,PO-6257,Purchase Order Receipt,197,260,warehouse2,Transaction processed for WH_100 location,system,2026-03-18
1736,3033,1,Sale,2025-10-23,-40,419.49,16779.6,SO-42026,Customer Sale,122,82,warehouse2,Transaction processed for WH_100 location,system,2025-10-23
1737,3032,1,Sale,2025-11-13,-1,240.85,240.85,SO-83785,Customer Sale,61,60,system,Transaction processed for WH_100 location,system,2025-11-13
1738,1562,1,Sale,2025-10-25,-33,121.04,3994.32,SO-88822,Customer Sale,77,44,system,Transaction processed for WH_100 location,system,2025-10-25
1739,3031,3,Sale,2025-08-17,-11,419.97,4619.67,SO-49724,Customer Sale,34,23,system,Transaction processed for WH_500 location,system,2025-08-17
1740,2061,1,Transfer,2025-07-02,-8,25.72,205.76,TRF-1593,Warehouse Transfer,8,0,warehouse1,Transaction processed for WH_100 location,system,2025-07-02
1741,3053,1,Sale,2026-01-17,-9,180.15,1621.35,SO-33538,Customer Sale,96,87,warehouse2,Transaction processed for WH_100 location,system,2026-01-17
1742,1571,1,Return,2025-11-23,1,87.72,87.72,RET-62800,Customer Return,277,278,system,Transaction processed for WH_100 location,system,2025-11-23
1743,2022,1,Sale,2025-11-28,-6,36.37,218.22,SO-72845,Customer Sale,44,38,system,Transaction processed for WH_100 location,system,2025-11-28
1744,1543,1,Receipt,2026-02-22,119,65.19,7757.61,PO-6391,Purchase Order Receipt,134,253,system,Transaction processed for WH_100 location,system,2026-02-22
1745,2012,2,Sale,2026-04-15,-25,312.61,7815.25,SO-88048,Customer Sale,109,84,warehouse1,Transaction processed for Backup location,system,2026-04-15
1746,3033,1,Adjustment,2025-10-22,12,419.49,5033.88,ADJ-1746,System Correction,177,189,system,Transaction processed for WH_100 location,system,2025-10-22
1747,1523,2,Sale,2026-02-01,-3,54.46,163.38,SO-66967,Customer Sale,106,103,warehouse1,Transaction processed for WH_200 location,system,2026-02-01
1748,1563,1,Transfer,2025-08-26,-17,70.33,1195.61,TRF-1033,Warehouse Transfer,66,49,warehouse1,Transaction processed for WH_100 location,system,2025-08-26
1749,3011,1,Receipt,2025-09-26,193,941.27,181665.11,PO-3032,Purchase Order Receipt,219,412,warehouse2,Transaction processed for WH_100 location,system,2025-09-26
1750,3013,1,Sale,2026-01-12,-14,344.68,4825.52,SO-92526,Customer Sale,144,130,warehouse1,Transaction processed for WH_100 location,system,2026-01-12
1751,2081,2,Sale,2025-10-17,-30,25.3,759.0,SO-53217,Customer Sale,199,169,warehouse1,Transaction processed for WH_200 location,system,2025-10-17
1752,3071,2,Adjustment,2026-02-23,10,39.17,391.7,ADJ-1752,Cycle Count,34,44,warehouse1,Transaction processed for WH_200 location,system,2026-02-23
1753,3103,1,Receipt,2025-08-19,120,184.19,22102.8,PO-1968,Purchase Order Receipt,108,228,warehouse1,Transaction processed for WH_100 location,system,2025-08-19
1754,1541,2,Adjustment,2025-10-04,-15,132.59,1988.85,ADJ-1754,Cycle Count,93,78,warehouse1,Transaction processed for Backup location,system,2025-10-04
1755,3071,2,Transfer,2025-07-02,-17,39.17,665.89,TRF-1981,Warehouse Transfer,17,0,system,Transaction processed for WH_200 location,system,2025-07-02
1756,3104,2,Transfer,2025-09-03,-38,118.89,4517.82,TRF-2054,Warehouse Transfer,115,77,system,Transaction processed for WH_200 location,system,2025-09-03
1757,1522,1,Sale,2026-02-20,-19,163.1,3098.9,SO-98720,Customer Sale,232,213,warehouse1,Transaction processed for WH_100 location,system,2026-02-20
1758,1532,1,Damage,2026-01-09,-2,67.64,135.28,DMG-1758,Quality Issue,151,149,system,Transaction processed for WH_100 location,system,2026-01-09
1759,3042,1,Sale,2025-12-22,-50,62.54,3127.0,SO-77017,Customer Sale,168,118,warehouse1,Transaction processed for WH_100 location,system,2025-12-22
1760,3033,1,Receipt,2025-09-03,149,420.91,62715.59,PO-8223,Purchase Order Receipt,135,284,system,Transaction processed for WH_100 location,system,2025-09-03
1761,2091,1,Transfer,2026-01-06,-6,7.98,47.88,TRF-5953,Warehouse Transfer,6,0,warehouse1,Transaction processed for WH_100 location,system,2026-01-06
1762,1553,2,Transfer,2025-09-19,-33,91.38,3015.54,TRF-8002,Warehouse Transfer,60,27,warehouse2,Transaction processed for Backup location,system,2025-09-19
1763,1571,1,Sale,2026-01-02,-24,109.65,2631.6,SO-18729,Customer Sale,292,268,system,Transaction processed for WH_100 location,system,2026-01-02
1764,2101,2,Sale,2026-01-01,-1,13.5,13.5,SO-76281,Customer Sale,11,10,system,Transaction processed for WH_200 location,system,2026-01-01
1765,2111,2,Transfer,2025-12-15,-19,142.6,2709.4,TRF-2691,Warehouse Transfer,118,99,warehouse1,Transaction processed for WH_200 location,system,2025-12-15
1766,3052,1,Receipt,2025-12-25,163,119.47,19473.61,PO-2017,Purchase Order Receipt,44,207,system,Transaction processed for WH_100 location,system,2025-12-25
1767,1543,1,Adjustment,2025-11-13,-3,65.36,196.08,ADJ-1767,Cycle Count,20,17,warehouse2,Transaction processed for WH_100 location,system,2025-11-13
1768,3102,2,Sale,2025-08-09,-6,173.13,1038.78,SO-77619,Customer Sale,81,75,warehouse1,Transaction processed for Backup location,system,2025-08-09
1769,3051,1,Receipt,2026-03-26,89,236.56,21053.84,PO-4252,Purchase Order Receipt,81,170,warehouse1,Transaction processed for WH_100 location,system,2026-03-26
1770,3092,1,Receipt,2026-04-20,57,539.92,30775.44,PO-2240,Purchase Order Receipt,306,363,warehouse2,Transaction processed for WH_100 location,system,2026-04-20
1771,2012,1,Sale,2025-11-19,-14,312.61,4376.54,SO-60683,Customer Sale,201,187,system,Transaction processed for WH_100 location,system,2025-11-19
1772,2071,2,Sale,2026-01-23,-20,21.94,438.8,SO-61965,Customer Sale,60,40,warehouse2,Transaction processed for Backup location,system,2026-01-23
1773,1543,1,Sale,2025-11-20,-19,65.36,1241.84,SO-29216,Customer Sale,104,85,system,Transaction processed for WH_100 location,system,2025-11-20
1774,2012,2,Receipt,2026-04-25,27,327.2,8834.4,PO-1335,Purchase Order Receipt,34,61,warehouse2,Transaction processed for Backup location,system,2026-04-25
1775,3031,3,Transfer,2025-09-19,-38,419.97,15958.86,TRF-5824,Warehouse Transfer,41,3,warehouse2,Transaction processed for WH_500 location,system,2025-09-19
1776,1533,1,Sale,2025-12-15,-2,107.2,214.4,SO-13537,Customer Sale,70,68,warehouse1,Transaction processed for WH_100 location,system,2025-12-15
1777,3104,2,Sale,2025-09-13,-1,118.89,118.89,SO-14606,Customer Sale,43,42,warehouse2,Transaction processed for Backup location,system,2025-09-13
1778,3041,2,Sale,2026-03-13,-44,127.74,5620.56,SO-10216,Customer Sale,155,111,system,Transaction processed for WH_200 location,system,2026-03-13
1779,3022,2,Transfer,2026-02-21,-9,352.53,3172.77,TRF-9661,Warehouse Transfer,106,97,system,Transaction processed for Backup location,system,2026-02-21
1780,3102,1,Transfer,2025-12-27,-16,173.13,2770.08,TRF-3178,Warehouse Transfer,142,126,warehouse1,Transaction processed for WH_100 location,system,2025-12-27
1781,2071,1,Sale,2026-02-21,-43,21.94,943.42,SO-13469,Customer Sale,58,15,system,Transaction processed for WH_100 location,system,2026-02-21
1782,1521,1,Sale,2026-03-21,-15,122.8,1842.0,SO-82386,Customer Sale,45,30,system,Transaction processed for WH_100 location,system,2026-03-21
1783,1532,1,Sale,2026-03-24,-37,67.64,2502.68,SO-18361,Customer Sale,180,143,system,Transaction processed for WH_100 location,system,2026-03-24
1784,3103,1,Sale,2025-11-07,-33,180.33,5950.89,SO-21138,Customer Sale,151,118,warehouse1,Transaction processed for WH_100 location,system,2025-11-07
1785,1521,2,Sale,2025-12-19,-2,122.8,245.6,SO-60189,Customer Sale,44,42,warehouse1,Transaction processed for Backup location,system,2025-12-19
1786,1521,2,Sale,2025-07-20,-17,122.8,2087.6,SO-89370,Customer Sale,103,86,system,Transaction processed for Backup location,system,2025-07-20
1787,2051,1,Damage,2025-12-27,-2,16.44,32.88,DMG-1787,Warehouse Damage,134,132,warehouse2,Transaction processed for WH_100 location,system,2025-12-27
1788,2121,1,Transfer,2025-09-11,-6,31.62,189.72,TRF-9512,Warehouse Transfer,6,0,warehouse1,Transaction processed for WH_100 location,system,2025-09-11
1789,3032,1,Transfer,2026-01-29,-46,240.85,11079.1,TRF-3213,Warehouse Transfer,90,44,warehouse2,Transaction processed for WH_100 location,system,2026-01-29
1790,3012,2,Adjustment,2025-11-07,-7,659.11,4613.77,ADJ-1790,Physical Count,7,0,warehouse2,Transaction processed for Backup location,system,2025-11-07
1791,3032,1,Adjustment,2025-07-02,-16,240.85,3853.6,ADJ-1791,Physical Count,133,117,system,Transaction processed for WH_100 location,system,2025-07-02
1792,2091,1,Return,2025-07-17,3,6.38,19.14,RET-25612,Customer Return,29,32,system,Transaction processed for WH_100 location,system,2025-07-17
1793,3103,1,Sale,2025-07-22,-20,180.33,3606.6,SO-92390,Customer Sale,80,60,warehouse2,Transaction processed for WH_100 location,system,2025-07-22
1794,1553,1,Sale,2025-12-26,-39,91.38,3563.82,SO-99788,Customer Sale,175,136,system,Transaction processed for WH_100 location,system,2025-12-26
1795,1562,1,Sale,2025-07-26,-11,121.04,1331.44,SO-61319,Customer Sale,83,72,warehouse1,Transaction processed for WH_100 location,system,2025-07-26
1796,1581,1,Sale,2026-04-05,-30,48.56,1456.8,SO-84906,Customer Sale,79,49,warehouse1,Transaction processed for WH_100 location,system,2026-04-05
1797,1571,1,Sale,2025-09-21,-11,109.65,1206.15,SO-44741,Customer Sale,192,181,warehouse2,Transaction processed for WH_100 location,system,2025-09-21
1798,2101,2,Sale,2026-01-07,-38,13.5,513.0,SO-96014,Customer Sale,68,30,warehouse2,Transaction processed for WH_200 location,system,2026-01-07
1799,3013,1,Adjustment,2025-11-14,-15,344.68,5170.2,ADJ-1799,System Correction,34,19,warehouse1,Transaction processed for WH_100 location,system,2025-11-14
1800,3031,3,Transfer,2025-10-23,-10,419.97,4199.7,TRF-3547,Warehouse Transfer,44,34,system,Transaction processed for WH_500 location,system,2025-10-23
1801,1512,1,Adjustment,2026-01-19,13,219.21,2849.73,ADJ-1801,System Correction,103,116,system,Transaction processed for WH_100 location,system,2026-01-19
1802,3022,2,Receipt,2026-01-21,56,365.96,20493.76,PO-6290,Purchase Order Receipt,11,67,warehouse2,Transaction processed for Backup location,system,2026-01-21
1803,1561,2,Sale,2025-09-24,-31,82.06,2543.86,SO-60441,Customer Sale,31,0,system,Transaction processed for Backup location,system,2025-09-24
1804,3052,2,Receipt,2025-08-20,178,112.8,20078.4,PO-3214,Purchase Order Receipt,101,279,warehouse2,Transaction processed for Backup location,system,2025-08-20
1805,1541,2,Return,2026-01-28,1,106.07,106.07,RET-33807,Customer Return,107,108,system,Transaction processed for Backup location,system,2026-01-28
1806,2041,1,Adjustment,2025-09-14,11,44.39,488.29,ADJ-1806,Cycle Count,6,17,system,Transaction processed for WH_100 location,system,2025-09-14
1807,1531,2,Transfer,2025-11-07,-10,91.09,910.9,TRF-5999,Warehouse Transfer,43,33,warehouse2,Transaction processed for Backup location,system,2025-11-07
1808,2041,1,Receipt,2026-01-17,185,46.33,8571.05,PO-2306,Purchase Order Receipt,121,306,warehouse2,Transaction processed for WH_100 location,system,2026-01-17
1809,1512,1,Receipt,2025-11-25,75,215.04,16128.0,PO-3638,Purchase Order Receipt,32,107,warehouse2,Transaction processed for WH_100 location,system,2025-11-25
1810,1561,2,Receipt,2025-07-18,108,80.44,8687.52,PO-8416,Purchase Order Receipt,16,124,warehouse2,Transaction processed for Backup location,system,2025-07-18
1811,3011,1,Sale,2025-12-21,-9,968.68,8718.12,SO-29412,Customer Sale,267,258,warehouse1,Transaction processed for WH_100 location,system,2025-12-21
1812,1542,1,Sale,2026-03-10,-47,90.83,4269.01,SO-27326,Customer Sale,225,178,warehouse2,Transaction processed for WH_100 location,system,2026-03-10
1813,2101,2,Sale,2026-04-24,-5,13.5,67.5,SO-22162,Customer Sale,72,67,system,Transaction processed for WH_200 location,system,2026-04-24
1814,3102,1,Sale,2025-10-27,-30,173.13,5193.9,SO-63844,Customer Sale,64,34,warehouse2,Transaction processed for WH_100 location,system,2025-10-27
1815,2011,2,Sale,2025-09-29,-15,124.64,1869.6,SO-23939,Customer Sale,85,70,warehouse2,Transaction processed for Backup location,system,2025-09-29
1816,1531,2,Receipt,2026-03-01,182,88.46,16099.72,PO-8882,Purchase Order Receipt,78,260,warehouse2,Transaction processed for Backup location,system,2026-03-01
1817,2091,1,Receipt,2025-08-25,43,8.35,359.05,PO-1216,Purchase Order Receipt,16,59,warehouse1,Transaction processed for WH_100 location,system,2025-08-25
1818,1531,2,Transfer,2025-07-09,-10,91.09,910.9,TRF-5413,Warehouse Transfer,48,38,warehouse2,Transaction processed for Backup location,system,2025-07-09
1819,2101,2,Sale,2025-12-24,-28,13.5,378.0,SO-10744,Customer Sale,95,67,system,Transaction processed for WH_200 location,system,2025-12-24
1820,3081,1,Sale,2025-08-23,-43,58.16,2500.88,SO-44778,Customer Sale,107,64,system,Transaction processed for WH_100 location,system,2025-08-23
1821,3021,1,Adjustment,2025-09-13,-1,270.38,270.38,ADJ-1821,Physical Count,101,100,warehouse1,Transaction processed for WH_100 location,system,2025-09-13
1822,1512,1,Transfer,2026-01-15,-48,219.21,10522.08,TRF-6649,Warehouse Transfer,97,49,warehouse1,Transaction processed for WH_100 location,system,2026-01-15
1823,3104,2,Sale,2026-02-13,-5,118.89,594.45,SO-45245,Customer Sale,115,110,warehouse1,Transaction processed for WH_200 location,system,2026-02-13
1824,3101,1,Transfer,2025-12-14,-50,114.44,5722.0,TRF-6395,Warehouse Transfer,80,30,warehouse2,Transaction processed for WH_100 location,system,2025-12-14
1825,3062,3,Return,2025-11-15,5,70.54,352.7,RET-49006,Customer Return,36,41,system,Transaction processed for WH_500 location,system,2025-11-15
1826,1541,2,Sale,2026-04-06,-35,132.59,4640.65,SO-33691,Customer Sale,102,67,system,Transaction processed for Backup location,system,2026-04-06
1827,3022,1,Sale,2026-03-04,-11,352.53,3877.83,SO-16962,Customer Sale,11,0,system,Transaction processed for WH_100 location,system,2026-03-04
1828,3082,1,Sale,2025-08-19,-20,84.82,1696.4,SO-80049,Customer Sale,40,20,warehouse2,Transaction processed for WH_100 location,system,2025-08-19
1829,3053,1,Receipt,2025-10-27,93,180.46,16782.78,PO-3366,Purchase Order Receipt,63,156,warehouse2,Transaction processed for WH_100 location,system,2025-10-27
1830,3091,2,Sale,2026-01-16,-28,456.94,12794.32,SO-51890,Customer Sale,98,70,system,Transaction processed for WH_200 location,system,2026-01-16
1831,1572,3,Sale,2026-01-29,-37,222.59,8235.83,SO-94516,Customer Sale,155,118,system,Transaction processed for WH_500 location,system,2026-01-29
1832,1572,3,Sale,2025-08-26,-45,222.59,10016.55,SO-50615,Customer Sale,99,54,system,Transaction processed for WH_500 location,system,2025-08-26
1833,2051,1,Receipt,2025-10-23,87,15.71,1366.77,PO-2952,Purchase Order Receipt,113,200,warehouse1,Transaction processed for WH_100 location,system,2025-10-23
1834,2121,1,Sale,2025-11-23,-19,31.62,600.78,SO-50433,Customer Sale,129,110,warehouse1,Transaction processed for WH_100 location,system,2025-11-23
1835,1531,2,Sale,2026-02-27,-46,91.09,4190.14,SO-72100,Customer Sale,103,57,warehouse2,Transaction processed for Backup location,system,2026-02-27
1836,3012,2,Adjustment,2025-10-01,8,659.11,5272.88,ADJ-1836,Physical Count,120,128,warehouse2,Transaction processed for Backup location,system,2025-10-01
1837,1533,1,Transfer,2025-07-22,-12,107.2,1286.4,TRF-6127,Warehouse Transfer,100,88,warehouse1,Transaction processed for WH_100 location,system,2025-07-22
1838,3072,1,Sale,2026-04-10,-2,10.7,21.4,SO-18567,Customer Sale,98,96,system,Transaction processed for WH_100 location,system,2026-04-10
1839,2011,1,Damage,2026-01-19,-1,124.64,124.64,DMG-1839,Shipping Damage,7,6,warehouse1,Transaction processed for WH_100 location,system,2026-01-19
1840,3042,2,Transfer,2025-08-07,-43,62.54,2689.22,TRF-4706,Warehouse Transfer,105,62,warehouse2,Transaction processed for Backup location,system,2025-08-07
1841,3031,2,Adjustment,2025-11-16,19,419.97,7979.43,ADJ-1841,Cycle Count,108,127,warehouse1,Transaction processed for Backup location,system,2025-11-16
1842,3031,3,Sale,2025-09-19,-19,419.97,7979.43,SO-53875,Customer Sale,34,15,warehouse2,Transaction processed for WH_500 location,system,2025-09-19
1843,1562,1,Sale,2025-09-21,-17,121.04,2057.68,SO-46275,Customer Sale,94,77,warehouse2,Transaction processed for WH_100 location,system,2025-09-21
1844,1531,2,Sale,2025-11-30,-22,91.09,2003.98,SO-53309,Customer Sale,42,20,system,Transaction processed for Backup location,system,2025-11-30
1845,3062,3,Sale,2026-04-23,-34,88.18,2998.12,SO-83907,Customer Sale,106,72,system,Transaction processed for WH_500 location,system,2026-04-23
1846,1561,2,Sale,2025-11-13,-13,82.06,1066.78,SO-89308,Customer Sale,29,16,warehouse1,Transaction processed for Backup location,system,2025-11-13
1847,3022,1,Adjustment,2025-07-20,15,352.53,5287.95,ADJ-1847,Cycle Count,80,95,system,Transaction processed for WH_100 location,system,2025-07-20
1848,1522,1,Sale,2026-04-22,-33,163.1,5382.3,SO-56638,Customer Sale,77,44,system,Transaction processed for WH_100 location,system,2026-04-22
1849,2081,2,Sale,2025-11-07,-42,25.3,1062.6,SO-58078,Customer Sale,59,17,warehouse2,Transaction processed for WH_200 location,system,2025-11-07
1850,1563,1,Transfer,2026-01-25,-32,70.33,2250.56,TRF-2366,Warehouse Transfer,44,12,warehouse2,Transaction processed for WH_100 location,system,2026-01-25
1851,3081,1,Sale,2025-12-26,-48,58.16,2791.68,SO-71269,Customer Sale,71,23,system,Transaction processed for WH_100 location,system,2025-12-26
1852,1531,1,Receipt,2025-12-12,169,86.55,14626.95,PO-6115,Purchase Order Receipt,39,208,warehouse2,Transaction processed for WH_100 location,system,2025-12-12
1853,1551,2,Sale,2025-12-08,-11,67.04,737.44,SO-43835,Customer Sale,28,17,system,Transaction processed for Backup location,system,2025-12-08
1854,3051,1,Receipt,2026-02-01,170,233.99,39778.3,PO-4379,Purchase Order Receipt,60,230,warehouse2,Transaction processed for WH_100 location,system,2026-02-01
1855,3104,2,Return,2026-04-08,1,95.11,95.11,RET-68606,Customer Return,87,88,warehouse2,Transaction processed for WH_200 location,system,2026-04-08
1856,3061,1,Receipt,2025-09-12,146,152.47,22260.62,PO-8178,Purchase Order Receipt,47,193,system,Transaction processed for WH_100 location,system,2025-09-12
1857,3033,1,Sale,2025-08-26,-26,419.49,10906.74,SO-81656,Customer Sale,36,10,warehouse2,Transaction processed for WH_100 location,system,2025-08-26
1858,2021,1,Sale,2025-07-16,-39,71.31,2781.09,SO-13130,Customer Sale,138,99,system,Transaction processed for WH_100 location,system,2025-07-16
1859,3102,2,Sale,2026-04-30,-15,173.13,2596.95,SO-19196,Customer Sale,43,28,warehouse2,Transaction processed for Backup location,system,2026-04-30
1860,1533,1,Receipt,2025-08-10,57,107.55,6130.35,PO-1139,Purchase Order Receipt,79,136,warehouse2,Transaction processed for WH_100 location,system,2025-08-10
1861,1531,2,Receipt,2025-12-14,185,92.07,17032.95,PO-9708,Purchase Order Receipt,69,254,warehouse1,Transaction processed for Backup location,system,2025-12-14
1862,2112,1,Sale,2025-10-04,-43,66.6,2863.8,SO-17799,Customer Sale,191,148,warehouse2,Transaction processed for WH_100 location,system,2025-10-04
1863,1531,2,Sale,2025-09-24,-23,91.09,2095.07,SO-28162,Customer Sale,66,43,warehouse2,Transaction processed for Backup location,system,2025-09-24
1864,2081,2,Transfer,2025-10-25,-21,25.3,531.3,TRF-9674,Warehouse Transfer,33,12,warehouse1,Transaction processed for WH_200 location,system,2025-10-25
1865,3062,3,Transfer,2026-03-04,-42,88.18,3703.56,TRF-3158,Warehouse Transfer,73,31,warehouse1,Transaction processed for WH_500 location,system,2026-03-04
1866,3033,1,Damage,2026-01-30,-9,419.49,3775.41,DMG-1866,Shipping Damage,167,158,warehouse2,Transaction processed for WH_100 location,system,2026-01-30
1867,2101,2,Adjustment,2026-02-06,-3,13.5,40.5,ADJ-1867,Physical Count,85,82,system,Transaction processed for WH_200 location,system,2026-02-06
1868,3022,1,Sale,2025-07-26,-15,352.53,5287.95,SO-50501,Customer Sale,35,20,warehouse2,Transaction processed for WH_100 location,system,2025-07-26
1869,1522,1,Receipt,2025-07-04,25,169.08,4227.0,PO-1754,Purchase Order Receipt,150,175,warehouse1,Transaction processed for WH_100 location,system,2025-07-04
1870,3072,1,Sale,2026-04-08,-27,10.7,288.9,SO-19079,Customer Sale,149,122,system,Transaction processed for WH_100 location,system,2026-04-08
1871,3053,1,Sale,2026-02-03,-5,180.15,900.75,SO-59430,Customer Sale,196,191,warehouse2,Transaction processed for WH_100 location,system,2026-02-03
1872,2031,1,Adjustment,2025-10-15,6,23.04,138.24,ADJ-1872,System Correction,78,84,warehouse2,Transaction processed for WH_100 location,system,2025-10-15
1873,2011,1,Sale,2026-03-26,-8,124.64,997.12,SO-46274,Customer Sale,8,0,warehouse1,Transaction processed for WH_100 location,system,2026-03-26
1874,3022,1,Receipt,2026-02-23,158,361.03,57042.74,PO-1973,Purchase Order Receipt,44,202,warehouse1,Transaction processed for WH_100 location,system,2026-02-23
1875,1552,2,Transfer,2026-01-13,-24,58.45,1402.8,TRF-3487,Warehouse Transfer,307,283,system,Transaction processed for WH_200 location,system,2026-01-13
1876,3042,1,Return,2025-07-28,2,50.03,100.06,RET-48698,Customer Return,218,220,warehouse1,Transaction processed for WH_100 location,system,2025-07-28
1877,3102,2,Receipt,2026-04-16,138,175.55,24225.9,PO-3343,Purchase Order Receipt,26,164,warehouse2,Transaction processed for Backup location,system,2026-04-16
1878,3104,2,Sale,2025-08-04,-38,118.89,4517.82,SO-39187,Customer Sale,117,79,warehouse2,Transaction processed for WH_200 location,system,2025-08-04
1879,3052,2,Sale,2025-12-06,-1,115.25,115.25,SO-42716,Customer Sale,83,82,warehouse2,Transaction processed for Backup location,system,2025-12-06
1880,3012,2,Transfer,2025-11-23,-17,659.11,11204.87,TRF-5797,Warehouse Transfer,110,93,system,Transaction processed for Backup location,system,2025-11-23
1881,1511,2,Sale,2025-08-01,-48,321.96,15454.08,SO-81207,Customer Sale,165,117,warehouse2,Transaction processed for WH_200 location,system,2025-08-01
1882,2101,2,Sale,2025-08-31,-44,13.5,594.0,SO-80250,Customer Sale,86,42,system,Transaction processed for WH_200 location,system,2025-08-31
1883,1541,2,Sale,2026-03-26,-26,132.59,3447.34,SO-38318,Customer Sale,26,0,warehouse2,Transaction processed for Backup location,system,2026-03-26
1884,3031,3,Sale,2025-09-03,-13,419.97,5459.61,SO-48646,Customer Sale,124,111,warehouse2,Transaction processed for WH_500 location,system,2025-09-03
1885,2011,1,Receipt,2025-12-12,166,119.64,19860.24,PO-7084,Purchase Order Receipt,99,265,warehouse1,Transaction processed for WH_100 location,system,2025-12-12
1886,2111,2,Sale,2025-12-13,-35,142.6,4991.0,SO-35841,Customer Sale,123,88,system,Transaction processed for WH_200 location,system,2025-12-13
1887,1531,1,Transfer,2025-09-28,-34,91.09,3097.06,TRF-3036,Warehouse Transfer,94,60,warehouse2,Transaction processed for WH_100 location,system,2025-09-28
1888,1522,1,Sale,2025-08-31,-24,163.1,3914.4,SO-63125,Customer Sale,138,114,warehouse1,Transaction processed for WH_100 location,system,2025-08-31
1889,1522,2,Return,2025-12-10,3,130.48,391.44,RET-94561,Customer Return,24,27,warehouse1,Transaction processed for Backup location,system,2025-12-10
1890,3042,2,Receipt,2025-07-30,177,62.12,10995.24,PO-8003,Purchase Order Receipt,25,202,warehouse2,Transaction processed for Backup location,system,2025-07-30
1891,3092,1,Adjustment,2025-08-29,7,540.11,3780.77,ADJ-1891,Physical Count,199,206,warehouse1,Transaction processed for WH_100 location,system,2025-08-29
1892,3012,2,Receipt,2026-02-24,197,650.2,128089.4,PO-3296,Purchase Order Receipt,185,382,warehouse2,Transaction processed for Backup location,system,2026-02-24
1893,2061,1,Transfer,2025-10-28,-44,25.72,1131.68,TRF-9501,Warehouse Transfer,106,62,warehouse1,Transaction processed for WH_100 location,system,2025-10-28
1894,2071,2,Sale,2025-12-08,-36,21.94,789.84,SO-84004,Customer Sale,80,44,system,Transaction processed for Backup location,system,2025-12-08
1895,3103,2,Receipt,2025-08-13,147,180.52,26536.44,PO-1928,Purchase Order Receipt,108,255,warehouse1,Transaction processed for Backup location,system,2025-08-13
1896,1572,3,Receipt,2026-03-30,19,216.39,4111.41,PO-4912,Purchase Order Receipt,217,236,warehouse1,Transaction processed for WH_500 location,system,2026-03-30
1897,2022,1,Receipt,2025-11-11,98,35.26,3455.48,PO-8662,Purchase Order Receipt,52,150,system,Transaction processed for WH_100 location,system,2025-11-11
1898,1523,2,Receipt,2025-11-14,40,53.88,2155.2,PO-8687,Purchase Order Receipt,172,212,warehouse2,Transaction processed for WH_200 location,system,2025-11-14
1899,2101,2,Sale,2025-08-06,-17,13.5,229.5,SO-23156,Customer Sale,40,23,warehouse2,Transaction processed for WH_200 location,system,2025-08-06
1900,3022,1,Sale,2026-01-17,-3,352.53,1057.59,SO-12748,Customer Sale,62,59,warehouse1,Transaction processed for WH_100 location,system,2026-01-17
1901,1532,1,Return,2026-02-21,3,54.11,162.33,RET-78534,Customer Return,95,98,warehouse1,Transaction processed for WH_100 location,system,2026-02-21
1902,1571,1,Adjustment,2026-03-26,11,109.65,1206.15,ADJ-1902,Physical Count,209,220,warehouse1,Transaction processed for WH_100 location,system,2026-03-26
1903,3041,2,Return,2026-03-10,5,102.19,510.95,RET-54275,Customer Return,133,138,system,Transaction processed for WH_200 location,system,2026-03-10
1904,2012,1,Sale,2025-10-21,-8,312.61,2500.88,SO-76930,Customer Sale,173,165,system,Transaction processed for WH_100 location,system,2025-10-21
1905,3104,2,Receipt,2025-11-21,182,113.41,20640.62,PO-1053,Purchase Order Receipt,120,302,system,Transaction processed for Backup location,system,2025-11-21
1906,2061,1,Adjustment,2025-10-20,-14,25.72,360.08,ADJ-1906,Cycle Count,91,77,warehouse2,Transaction processed for WH_100 location,system,2025-10-20
1907,2111,2,Receipt,2025-08-28,78,135.69,10583.82,PO-1913,Purchase Order Receipt,16,94,warehouse2,Transaction processed for WH_200 location,system,2025-08-28
1908,1553,1,Receipt,2026-04-06,28,93.45,2616.6,PO-9497,Purchase Order Receipt,92,120,system,Transaction processed for WH_100 location,system,2026-04-06
1909,2081,2,Return,2026-03-15,4,20.24,80.96,RET-35808,Customer Return,195,199,warehouse2,Transaction processed for WH_200 location,system,2026-03-15
1910,3072,1,Sale,2026-03-07,-48,10.7,513.6,SO-43488,Customer Sale,68,20,warehouse1,Transaction processed for WH_100 location,system,2026-03-07
1911,2022,1,Receipt,2025-11-02,35,34.84,1219.4,PO-9678,Purchase Order Receipt,3,38,warehouse1,Transaction processed for WH_100 location,system,2025-11-02
1912,1572,3,Receipt,2025-07-19,84,220.82,18548.88,PO-4264,Purchase Order Receipt,194,278,warehouse2,Transaction processed for WH_500 location,system,2025-07-19
1913,1531,2,Damage,2026-02-21,-10,91.09,910.9,DMG-1913,Warehouse Damage,54,44,warehouse1,Transaction processed for Backup location,system,2026-02-21
1914,1542,1,Transfer,2025-08-06,-7,90.83,635.81,TRF-8655,Warehouse Transfer,118,111,warehouse1,Transaction processed for WH_100 location,system,2025-08-06
1915,1541,2,Sale,2025-07-28,-6,132.59,795.54,SO-87062,Customer Sale,6,0,warehouse2,Transaction processed for Backup location,system,2025-07-28
1916,3061,1,Return,2025-09-18,4,121.36,485.44,RET-70941,Customer Return,119,123,warehouse2,Transaction processed for WH_100 location,system,2025-09-18
1917,3022,1,Return,2026-03-13,4,282.02,1128.08,RET-16457,Customer Return,83,87,warehouse2,Transaction processed for WH_100 location,system,2026-03-13
1918,3021,1,Sale,2025-10-15,-29,270.38,7841.02,SO-89997,Customer Sale,29,0,system,Transaction processed for WH_100 location,system,2025-10-15
1919,3031,3,Adjustment,2025-11-24,-1,419.97,419.97,ADJ-1919,Physical Count,118,117,warehouse2,Transaction processed for WH_500 location,system,2025-11-24
1920,3071,2,Sale,2025-09-24,-39,39.17,1527.63,SO-97710,Customer Sale,95,56,warehouse1,Transaction processed for WH_200 location,system,2025-09-24
1921,1581,1,Adjustment,2026-04-11,14,48.56,679.84,ADJ-1921,Physical Count,94,108,warehouse1,Transaction processed for WH_100 location,system,2026-04-11
1922,3032,1,Sale,2026-02-11,-18,240.85,4335.3,SO-74314,Customer Sale,22,4,system,Transaction processed for WH_100 location,system,2026-02-11
1923,3042,2,Adjustment,2025-09-18,-11,62.54,687.94,ADJ-1923,System Correction,154,143,warehouse1,Transaction processed for Backup location,system,2025-09-18
1924,1543,1,Return,2026-01-14,1,52.29,52.29,RET-98774,Customer Return,19,20,system,Transaction processed for WH_100 location,system,2026-01-14
1925,3091,2,Sale,2026-04-29,-8,456.94,3655.52,SO-35496,Customer Sale,8,0,system,Transaction processed for WH_200 location,system,2026-04-29
1926,2022,1,Transfer,2025-12-26,-10,36.37,363.7,TRF-9410,Warehouse Transfer,24,14,system,Transaction processed for WH_100 location,system,2025-12-26
1927,1551,1,Transfer,2025-08-06,-8,67.04,536.32,TRF-7753,Warehouse Transfer,8,0,system,Transaction processed for WH_100 location,system,2025-08-06
1928,3091,2,Receipt,2026-03-06,89,445.78,39674.42,PO-5642,Purchase Order Receipt,101,190,system,Transaction processed for WH_200 location,system,2026-03-06
1929,3012,2,Adjustment,2026-03-11,-9,659.11,5931.99,ADJ-1929,Cycle Count,52,43,warehouse1,Transaction processed for Backup location,system,2026-03-11
1930,2041,1,Receipt,2025-10-16,124,42.66,5289.84,PO-5230,Purchase Order Receipt,22,146,warehouse2,Transaction processed for WH_100 location,system,2025-10-16
1931,1523,2,Transfer,2026-03-28,-50,54.46,2723.0,TRF-6551,Warehouse Transfer,112,62,system,Transaction processed for WH_200 location,system,2026-03-28
1932,1531,2,Transfer,2026-04-13,-36,91.09,3279.24,TRF-8104,Warehouse Transfer,70,34,system,Transaction processed for Backup location,system,2026-04-13
1933,1563,1,Receipt,2025-07-21,26,67.83,1763.58,PO-2945,Purchase Order Receipt,68,94,system,Transaction processed for WH_100 location,system,2025-07-21
1934,2011,1,Damage,2025-08-18,-1,124.64,124.64,DMG-1934,Quality Issue,69,68,system,Transaction processed for WH_100 location,system,2025-08-18
1935,2012,2,Transfer,2025-07-26,-16,312.61,5001.76,TRF-1184,Warehouse Transfer,67,51,warehouse2,Transaction processed for Backup location,system,2025-07-26
1936,3103,1,Transfer,2025-10-05,-5,180.33,901.65,TRF-5317,Warehouse Transfer,189,184,warehouse1,Transaction processed for WH_100 location,system,2025-10-05
1937,3101,1,Adjustment,2026-04-06,0,114.44,0.0,ADJ-1937,Cycle Count,12,12,warehouse2,Transaction processed for WH_100 location,system,2026-04-06
1938,3052,2,Receipt,2025-07-15,70,119.44,8360.8,PO-3805,Purchase Order Receipt,5,75,warehouse2,Transaction processed for Backup location,system,2025-07-15
1939,3022,2,Sale,2026-01-19,-35,352.53,12338.55,SO-31765,Customer Sale,35,0,warehouse1,Transaction processed for Backup location,system,2026-01-19
1940,3031,3,Sale,2026-04-14,-43,419.97,18058.71,SO-64323,Customer Sale,65,22,warehouse1,Transaction processed for WH_500 location,system,2026-04-14
1941,3061,1,Sale,2025-09-22,-24,151.7,3640.8,SO-19426,Customer Sale,24,0,warehouse2,Transaction processed for WH_100 location,system,2025-09-22
1942,2112,1,Sale,2025-08-19,-36,66.6,2397.6,SO-81376,Customer Sale,220,184,system,Transaction processed for WH_100 location,system,2025-08-19
1943,1531,2,Receipt,2026-02-05,195,94.83,18491.85,PO-5722,Purchase Order Receipt,9,204,warehouse2,Transaction processed for Backup location,system,2026-02-05
1944,1533,1,Receipt,2025-07-23,155,106.65,16530.75,PO-2459,Purchase Order Receipt,27,182,system,Transaction processed for WH_100 location,system,2025-07-23
1945,1572,3,Sale,2025-07-11,-36,222.59,8013.24,SO-46509,Customer Sale,193,157,warehouse1,Transaction processed for WH_500 location,system,2025-07-11
1946,2021,1,Sale,2026-01-22,-40,71.31,2852.4,SO-68731,Customer Sale,148,108,warehouse1,Transaction processed for WH_100 location,system,2026-01-22
1947,1531,1,Transfer,2025-12-30,-11,91.09,1001.99,TRF-5658,Warehouse Transfer,34,23,system,Transaction processed for WH_100 location,system,2025-12-30
1948,3104,2,Sale,2025-10-15,-48,118.89,5706.72,SO-95427,Customer Sale,54,6,system,Transaction processed for Backup location,system,2025-10-15
1949,1532,1,Receipt,2025-09-25,128,69.59,8907.52,PO-5208,Purchase Order Receipt,94,222,warehouse1,Transaction processed for WH_100 location,system,2025-09-25
1950,3042,2,Sale,2025-07-11,-39,62.54,2439.06,SO-20614,Customer Sale,169,130,warehouse2,Transaction processed for Backup location,system,2025-07-11
1951,3101,1,Sale,2025-12-20,-17,114.44,1945.48,SO-12010,Customer Sale,63,46,warehouse2,Transaction processed for WH_100 location,system,2025-12-20
1952,2011,2,Receipt,2025-08-30,162,128.86,20875.32,PO-2384,Purchase Order Receipt,80,242,system,Transaction processed for Backup location,system,2025-08-30
1953,1512,1,Sale,2026-04-30,-37,219.21,8110.77,SO-32246,Customer Sale,51,14,warehouse2,Transaction processed for WH_100 location,system,2026-04-30
1954,1512,1,Return,2025-09-26,2,175.37,350.74,RET-52754,Customer Return,11,13,warehouse2,Transaction processed for WH_100 location,system,2025-09-26
1955,1511,2,Damage,2026-03-25,-9,321.96,2897.64,DMG-1955,Quality Issue,76,67,warehouse2,Transaction processed for WH_200 location,system,2026-03-25
1956,2061,1,Receipt,2025-08-25,138,26.2,3615.6,PO-5253,Purchase Order Receipt,119,257,warehouse1,Transaction processed for WH_100 location,system,2025-08-25
1957,1563,1,Receipt,2026-04-17,126,68.49,8629.74,PO-3275,Purchase Order Receipt,22,148,warehouse2,Transaction processed for WH_100 location,system,2026-04-17
1958,1571,1,Transfer,2026-02-13,-36,109.65,3947.4,TRF-6635,Warehouse Transfer,326,290,warehouse2,Transaction processed for WH_100 location,system,2026-02-13
1959,1523,2,Adjustment,2026-04-02,11,54.46,599.06,ADJ-1959,System Correction,55,66,warehouse2,Transaction processed for WH_200 location,system,2026-04-02
1960,1522,1,Sale,2025-08-01,-24,163.1,3914.4,SO-35907,Customer Sale,128,104,warehouse2,Transaction processed for WH_100 location,system,2025-08-01
1961,2012,2,Sale,2026-02-19,-26,312.61,8127.86,SO-18867,Customer Sale,29,3,warehouse2,Transaction processed for Backup location,system,2026-02-19
1962,3072,1,Receipt,2026-04-20,32,11.21,358.72,PO-8263,Purchase Order Receipt,178,210,warehouse1,Transaction processed for WH_100 location,system,2026-04-20
1963,3021,1,Receipt,2025-07-10,39,263.98,10295.22,PO-9808,Purchase Order Receipt,20,59,warehouse2,Transaction processed for WH_100 location,system,2025-07-10
1964,3033,1,Receipt,2025-09-10,97,432.12,41915.64,PO-4876,Purchase Order Receipt,128,225,warehouse1,Transaction processed for WH_100 location,system,2025-09-10
1965,2112,1,Sale,2025-07-22,-17,66.6,1132.2,SO-34058,Customer Sale,117,100,system,Transaction processed for WH_100 location,system,2025-07-22
1966,3101,1,Sale,2026-01-27,-1,114.44,114.44,SO-31375,Customer Sale,29,28,warehouse2,Transaction processed for WH_100 location,system,2026-01-27
1967,2031,1,Transfer,2025-11-10,-10,23.04,230.4,TRF-9375,Warehouse Transfer,54,44,warehouse2,Transaction processed for WH_100 location,system,2025-11-10
1968,3052,2,Sale,2026-04-01,-39,115.25,4494.75,SO-83035,Customer Sale,39,0,warehouse1,Transaction processed for Backup location,system,2026-04-01
1969,2071,1,Adjustment,2026-01-15,-18,21.94,394.92,ADJ-1969,Cycle Count,45,27,warehouse2,Transaction processed for WH_100 location,system,2026-01-15
1970,2112,1,Adjustment,2026-03-28,0,66.6,0.0,ADJ-1970,System Correction,144,144,warehouse2,Transaction processed for WH_100 location,system,2026-03-28
1971,2101,2,Transfer,2026-02-07,-20,13.5,270.0,TRF-1960,Warehouse Transfer,125,105,warehouse2,Transaction processed for WH_200 location,system,2026-02-07
1972,1533,1,Receipt,2026-03-30,151,106.84,16132.84,PO-8327,Purchase Order Receipt,110,261,warehouse1,Transaction processed for WH_100 location,system,2026-03-30
1973,3051,1,Adjustment,2025-12-01,11,226.49,2491.39,ADJ-1973,System Correction,3,14,warehouse2,Transaction processed for WH_100 location,system,2025-12-01
1974,2061,1,Transfer,2025-08-31,-40,25.72,1028.8,TRF-6110,Warehouse Transfer,63,23,warehouse1,Transaction processed for WH_100 location,system,2025-08-31
1975,3031,2,Sale,2025-07-06,-20,419.97,8399.4,SO-47820,Customer Sale,20,0,warehouse1,Transaction processed for Backup location,system,2025-07-06
1976,3011,1,Sale,2025-09-27,-8,968.68,7749.44,SO-89989,Customer Sale,141,133,warehouse2,Transaction processed for WH_100 location,system,2025-09-27
1977,1532,1,Sale,2025-12-07,-7,67.64,473.48,SO-51767,Customer Sale,30,23,system,Transaction processed for WH_100 location,system,2025-12-07
1978,1553,1,Sale,2026-04-05,-40,91.38,3655.2,SO-72600,Customer Sale,40,0,system,Transaction processed for WH_100 location,system,2026-04-05
1979,1541,1,Sale,2025-11-10,-22,132.59,2916.98,SO-37412,Customer Sale,48,26,system,Transaction processed for WH_100 location,system,2025-11-10
1980,2071,1,Damage,2026-03-19,-2,21.94,43.88,DMG-1980,Warehouse Damage,2,0,system,Transaction processed for WH_100 location,system,2026-03-19
1981,3081,1,Sale,2025-07-01,-26,58.16,1512.16,SO-39116,Customer Sale,48,22,warehouse2,Transaction processed for WH_100 location,system,2025-07-01
1982,3022,1,Return,2026-04-03,4,282.02,1128.08,RET-93884,Customer Return,16,20,warehouse1,Transaction processed for WH_100 location,system,2026-04-03
1983,1523,2,Adjustment,2025-11-28,-20,54.46,1089.2,ADJ-1983,System Correction,172,152,warehouse2,Transaction processed for WH_200 location,system,2025-11-28
1984,3053,1,Receipt,2026-04-24,166,177.73,29503.18,PO-3285,Purchase Order Receipt,75,241,warehouse1,Transaction processed for WH_100 location,system,2026-04-24
1985,3104,2,Sale,2025-07-14,-9,118.89,1070.01,SO-41983,Customer Sale,186,177,warehouse1,Transaction processed for WH_200 location,system,2025-07-14
1986,2111,2,Sale,2026-01-28,-2,142.6,285.2,SO-38434,Customer Sale,84,82,warehouse2,Transaction processed for WH_200 location,system,2026-01-28
1987,3091,2,Receipt,2026-04-18,85,453.56,38552.6,PO-7679,Purchase Order Receipt,108,193,system,Transaction processed for Backup location,system,2026-04-18
1988,3042,2,Sale,2025-12-26,-37,62.54,2313.98,SO-26878,Customer Sale,85,48,warehouse1,Transaction processed for Backup location,system,2025-12-26
1989,3104,2,Sale,2026-02-14,-13,118.89,1545.57,SO-18953,Customer Sale,119,106,system,Transaction processed for Backup location,system,2026-02-14
1990,1543,1,Receipt,2025-11-03,139,66.36,9224.04,PO-6606,Purchase Order Receipt,74,213,system,Transaction processed for WH_100 location,system,2025-11-03
1991,1531,1,Sale,2025-12-12,-45,91.09,4099.05,SO-37068,Customer Sale,92,47,system,Transaction processed for WH_100 location,system,2025-12-12
1992,3082,1,Transfer,2025-07-09,-7,84.82,593.74,TRF-4578,Warehouse Transfer,185,178,system,Transaction processed for WH_100 location,system,2025-07-09
1993,1561,1,Sale,2026-04-03,-10,82.06,820.6,SO-90364,Customer Sale,10,0,warehouse2,Transaction processed for WH_100 location,system,2026-04-03
1994,3101,1,Return,2025-07-17,4,91.55,366.2,RET-41839,Customer Return,13,17,warehouse1,Transaction processed for WH_100 location,system,2025-07-17
1995,3104,2,Damage,2025-12-23,-9,118.89,1070.01,DMG-1995,Warehouse Damage,78,69,system,Transaction processed for WH_200 location,system,2025-12-23
1996,2012,1,Receipt,2025-09-11,115,308.71,35501.65,PO-9250,Purchase Order Receipt,43,158,system,Transaction processed for WH_100 location,system,2025-09-11
1997,3081,1,Sale,2025-07-26,-24,58.16,1395.84,SO-18051,Customer Sale,128,104,system,Transaction processed for WH_100 location,system,2025-07-26
1998,3041,2,Receipt,2025-10-06,198,123.5,24453.0,PO-3540,Purchase Order Receipt,32,230,warehouse1,Transaction processed for Backup location,system,2025-10-06
1999,1532,1,Sale,2025-10-04,-49,67.64,3314.36,SO-80398,Customer Sale,107,58,warehouse1,Transaction processed for WH_100 location,system,2025-10-04
2000,3012,2,Return,2025-09-11,3,527.29,1581.87,RET-93946,Customer Return,49,52,warehouse1,Transaction processed for Backup location,system,2025-09-11
2001,1563,1,Receipt,2025-12-23,25,67.96,1699.0,PO-1588,Purchase Order Receipt,35,60,warehouse1,Transaction processed for WH_100 location,system,2025-12-23
2002,1523,2,Receipt,2026-03-14,112,53.7,6014.4,PO-4134,Purchase Order Receipt,144,256,warehouse2,Transaction processed for WH_200 location,system,2026-03-14
2003,2081,2,Receipt,2026-03-08,77,26.49,2039.73,PO-8761,Purchase Order Receipt,133,210,warehouse2,Transaction processed for WH_200 location,system,2026-03-08
2004,1553,1,Receipt,2025-09-14,145,89.7,13006.5,PO-9913,Purchase Order Receipt,181,326,warehouse2,Transaction processed for WH_100 location,system,2025-09-14
2005,3103,1,Sale,2025-11-21,-50,180.33,9016.5,SO-98924,Customer Sale,90,40,system,Transaction processed for WH_100 location,system,2025-11-21
2006,2101,2,Transfer,2026-04-14,-39,13.5,526.5,TRF-1671,Warehouse Transfer,139,100,warehouse1,Transaction processed for WH_200 location,system,2026-04-14
2007,3104,2,Receipt,2026-04-19,131,118.65,15543.15,PO-1922,Purchase Order Receipt,58,189,system,Transaction processed for Backup location,system,2026-04-19
2008,3022,1,Return,2026-02-22,2,282.02,564.04,RET-37969,Customer Return,131,133,warehouse2,Transaction processed for WH_100 location,system,2026-02-22
2009,3042,1,Transfer,2025-11-27,-10,62.54,625.4,TRF-8149,Warehouse Transfer,317,307,warehouse1,Transaction processed for WH_100 location,system,2025-11-27
2010,3011,1,Adjustment,2026-01-19,-15,968.68,14530.2,ADJ-2010,System Correction,205,190,warehouse2,Transaction processed for WH_100 location,system,2026-01-19
2011,2051,2,Receipt,2025-10-17,153,16.96,2594.88,PO-8038,Purchase Order Receipt,90,243,warehouse2,Transaction processed for Backup location,system,2025-10-17
2012,3101,1,Transfer,2025-08-20,-15,114.44,1716.6,TRF-4317,Warehouse Transfer,92,77,warehouse2,Transaction processed for WH_100 location,system,2025-08-20
2013,3053,1,Sale,2025-12-25,-5,180.15,900.75,SO-60204,Customer Sale,199,194,warehouse2,Transaction processed for WH_100 location,system,2025-12-25
2014,2101,2,Sale,2026-03-02,-31,13.5,418.5,SO-33555,Customer Sale,124,93,warehouse1,Transaction processed for WH_200 location,system,2026-03-02
2015,3011,1,Sale,2026-04-19,-16,968.68,15498.88,SO-90333,Customer Sale,196,180,system,Transaction processed for WH_100 location,system,2026-04-19
2016,3052,1,Transfer,2026-01-09,-2,115.25,230.5,TRF-6427,Warehouse Transfer,2,0,system,Transaction processed for WH_100 location,system,2026-01-09
2017,1541,2,Sale,2025-12-11,-37,132.59,4905.83,SO-10580,Customer Sale,65,28,warehouse2,Transaction processed for Backup location,system,2025-12-11
2018,3102,2,Receipt,2025-07-25,70,172.37,12065.9,PO-9024,Purchase Order Receipt,66,136,warehouse2,Transaction processed for Backup location,system,2025-07-25
2019,3103,2,Return,2025-12-06,3,144.26,432.78,RET-73918,Customer Return,17,20,warehouse2,Transaction processed for Backup location,system,2025-12-06
2020,3081,1,Sale,2026-03-13,-10,58.16,581.6,SO-11128,Customer Sale,75,65,warehouse1,Transaction processed for WH_100 location,system,2026-03-13
2021,3053,1,Transfer,2025-12-17,-14,180.15,2522.1,TRF-9146,Warehouse Transfer,14,0,warehouse2,Transaction processed for WH_100 location,system,2025-12-17
2022,3013,1,Sale,2025-09-09,-9,344.68,3102.12,SO-49712,Customer Sale,9,0,system,Transaction processed for WH_100 location,system,2025-09-09
2023,3104,2,Sale,2025-08-22,-9,118.89,1070.01,SO-43639,Customer Sale,95,86,system,Transaction processed for Backup location,system,2025-08-22
2024,1532,1,Receipt,2025-07-15,28,70.0,1960.0,PO-8598,Purchase Order Receipt,101,129,warehouse1,Transaction processed for WH_100 location,system,2025-07-15
2025,2061,1,Receipt,2025-12-20,189,26.06,4925.34,PO-1665,Purchase Order Receipt,189,378,warehouse1,Transaction processed for WH_100 location,system,2025-12-20
2026,1522,2,Transfer,2025-10-22,-49,163.1,7991.9,TRF-8184,Warehouse Transfer,119,70,system,Transaction processed for Backup location,system,2025-10-22
2027,3011,1,Sale,2025-11-08,-3,968.68,2906.04,SO-71492,Customer Sale,218,215,system,Transaction processed for WH_100 location,system,2025-11-08
2028,1543,1,Receipt,2025-12-28,139,63.37,8808.43,PO-4473,Purchase Order Receipt,69,208,system,Transaction processed for WH_100 location,system,2025-12-28
2029,3041,2,Return,2025-08-07,1,102.19,102.19,RET-69335,Customer Return,149,150,warehouse1,Transaction processed for WH_200 location,system,2025-08-07
2030,3031,2,Receipt,2026-01-14,34,419.41,14259.94,PO-2678,Purchase Order Receipt,93,127,warehouse1,Transaction processed for Backup location,system,2026-01-14
2031,3053,1,Sale,2025-11-18,-25,180.15,4503.75,SO-48998,Customer Sale,53,28,system,Transaction processed for WH_100 location,system,2025-11-18
2032,3103,2,Damage,2026-02-15,-5,180.33,901.65,DMG-2032,Warehouse Damage,118,113,warehouse1,Transaction processed for Backup location,system,2026-02-15
2033,3091,2,Adjustment,2026-03-15,-10,456.94,4569.4,ADJ-2033,Physical Count,90,80,warehouse2,Transaction processed for Backup location,system,2026-03-15
2034,2012,1,Sale,2026-03-24,-14,312.61,4376.54,SO-92076,Customer Sale,195,181,system,Transaction processed for WH_100 location,system,2026-03-24
2035,2012,1,Adjustment,2025-12-17,-12,312.61,3751.32,ADJ-2035,Physical Count,183,171,warehouse2,Transaction processed for WH_100 location,system,2025-12-17
2036,3071,2,Sale,2025-09-12,-8,39.17,313.36,SO-81297,Customer Sale,8,0,system,Transaction processed for WH_200 location,system,2025-09-12
2037,1581,1,Sale,2026-04-24,-26,48.56,1262.56,SO-79312,Customer Sale,126,100,warehouse1,Transaction processed for WH_100 location,system,2026-04-24
2038,2121,1,Receipt,2026-03-01,62,30.37,1882.94,PO-6377,Purchase Order Receipt,70,132,warehouse1,Transaction processed for WH_100 location,system,2026-03-01
2039,1562,1,Receipt,2025-08-28,138,125.0,17250.0,PO-6341,Purchase Order Receipt,47,185,warehouse1,Transaction processed for WH_100 location,system,2025-08-28
2040,3052,1,Receipt,2025-10-18,192,113.06,21707.52,PO-4198,Purchase Order Receipt,107,299,warehouse1,Transaction processed for WH_100 location,system,2025-10-18
2041,3021,1,Adjustment,2025-07-08,-3,270.38,811.14,ADJ-2041,System Correction,3,0,warehouse1,Transaction processed for WH_100 location,system,2025-07-08
2042,1553,2,Sale,2026-03-27,-14,91.38,1279.32,SO-94081,Customer Sale,14,0,warehouse2,Transaction processed for Backup location,system,2026-03-27
2043,3032,1,Adjustment,2026-04-09,-9,240.85,2167.65,ADJ-2043,System Correction,12,3,warehouse1,Transaction processed for WH_100 location,system,2026-04-09
2044,2012,2,Sale,2025-09-01,-21,312.61,6564.81,SO-55423,Customer Sale,21,0,warehouse1,Transaction processed for Backup location,system,2025-09-01
2045,3092,1,Adjustment,2026-03-03,13,540.11,7021.43,ADJ-2045,Cycle Count,256,269,warehouse1,Transaction processed for WH_100 location,system,2026-03-03
2046,2012,2,Receipt,2025-11-18,16,300.86,4813.76,PO-2053,Purchase Order Receipt,111,127,warehouse1,Transaction processed for Backup location,system,2025-11-18
2047,2081,2,Receipt,2026-04-05,16,24.72,395.52,PO-4183,Purchase Order Receipt,188,204,warehouse2,Transaction processed for WH_200 location,system,2026-04-05
2048,1522,2,Transfer,2025-10-19,-36,163.1,5871.6,TRF-7814,Warehouse Transfer,36,0,warehouse1,Transaction processed for Backup location,system,2025-10-19
2049,3041,2,Transfer,2026-03-02,-23,127.74,2938.02,TRF-6139,Warehouse Transfer,74,51,system,Transaction processed for Backup location,system,2026-03-02
2050,2101,2,Receipt,2026-01-07,167,13.48,2251.16,PO-4295,Purchase Order Receipt,97,264,warehouse1,Transaction processed for WH_200 location,system,2026-01-07
2051,1561,1,Sale,2025-12-17,-26,82.06,2133.56,SO-59490,Customer Sale,29,3,warehouse2,Transaction processed for WH_100 location,system,2025-12-17
2052,1562,1,Sale,2025-12-05,-35,121.04,4236.4,SO-34793,Customer Sale,52,17,warehouse2,Transaction processed for WH_100 location,system,2025-12-05
2053,1533,1,Adjustment,2026-01-06,-5,107.2,536.0,ADJ-2053,Cycle Count,5,0,warehouse1,Transaction processed for WH_100 location,system,2026-01-06
2054,2051,2,Sale,2025-12-24,0,16.44,0.0,SO-87179,Customer Sale,0,0,warehouse2,Transaction processed for Backup location,system,2025-12-24
2055,1561,1,Sale,2026-02-25,-4,82.06,328.24,SO-61615,Customer Sale,4,0,warehouse1,Transaction processed for WH_100 location,system,2026-02-25
2056,2091,1,Sale,2025-08-28,-40,7.98,319.2,SO-42634,Customer Sale,96,56,warehouse1,Transaction processed for WH_100 location,system,2025-08-28
2057,2112,1,Adjustment,2025-08-12,5,66.6,333.0,ADJ-2057,Physical Count,68,73,system,Transaction processed for WH_100 location,system,2025-08-12
2058,1541,1,Sale,2026-01-01,-3,132.59,397.77,SO-74338,Customer Sale,78,75,warehouse1,Transaction processed for WH_100 location,system,2026-01-01
2059,3062,3,Sale,2026-04-08,-18,88.18,1587.24,SO-88904,Customer Sale,18,0,system,Transaction processed for WH_500 location,system,2026-04-08
2060,3011,1,Sale,2026-03-21,-48,968.68,46496.64,SO-96263,Customer Sale,110,62,system,Transaction processed for WH_100 location,system,2026-03-21
2061,1512,1,Return,2025-10-05,4,175.37,701.48,RET-72547,Customer Return,67,71,system,Transaction processed for WH_100 location,system,2025-10-05
2062,2051,1,Receipt,2026-02-11,63,17.21,1084.23,PO-1098,Purchase Order Receipt,107,170,system,Transaction processed for WH_100 location,system,2026-02-11
2063,2041,1,Sale,2025-12-25,-31,44.39,1376.09,SO-47183,Customer Sale,87,56,warehouse2,Transaction processed for WH_100 location,system,2025-12-25
2064,1511,2,Sale,2026-04-20,-24,321.96,7727.04,SO-36149,Customer Sale,113,89,warehouse1,Transaction processed for WH_200 location,system,2026-04-20
2065,2071,2,Adjustment,2026-03-23,6,21.94,131.64,ADJ-2065,System Correction,64,70,warehouse1,Transaction processed for Backup location,system,2026-03-23
2066,3012,1,Sale,2025-11-14,-12,659.11,7909.32,SO-66615,Customer Sale,246,234,warehouse2,Transaction processed for WH_100 location,system,2025-11-14
2067,2071,1,Transfer,2026-03-01,-19,21.94,416.86,TRF-6545,Warehouse Transfer,19,0,warehouse2,Transaction processed for WH_100 location,system,2026-03-01
2068,1522,1,Adjustment,2025-07-16,3,163.1,489.3,ADJ-2068,Cycle Count,126,129,system,Transaction processed for WH_100 location,system,2025-07-16
2069,3062,3,Return,2025-09-02,5,70.54,352.7,RET-77691,Customer Return,88,93,system,Transaction processed for WH_500 location,system,2025-09-02
2070,1531,1,Sale,2025-07-22,-27,91.09,2459.43,SO-22175,Customer Sale,98,71,warehouse1,Transaction processed for WH_100 location,system,2025-07-22
2071,3012,2,Adjustment,2025-09-02,12,659.11,7909.32,ADJ-2071,Cycle Count,187,199,warehouse2,Transaction processed for Backup location,system,2025-09-02
2072,1512,1,Transfer,2025-11-19,-44,219.21,9645.24,TRF-8631,Warehouse Transfer,104,60,system,Transaction processed for WH_100 location,system,2025-11-19
2073,1541,2,Sale,2025-09-30,-44,132.59,5833.96,SO-95355,Customer Sale,87,43,warehouse2,Transaction processed for Backup location,system,2025-09-30
2074,3071,2,Return,2026-01-19,1,31.34,31.34,RET-57470,Customer Return,22,23,warehouse1,Transaction processed for WH_200 location,system,2026-01-19
2075,3104,2,Transfer,2025-12-24,-19,118.89,2258.91,TRF-5596,Warehouse Transfer,176,157,warehouse1,Transaction processed for WH_200 location,system,2025-12-24
2076,3012,1,Receipt,2026-01-09,19,658.79,12517.01,PO-9270,Purchase Order Receipt,188,207,warehouse2,Transaction processed for WH_100 location,system,2026-01-09
2077,1563,1,Sale,2025-12-21,-23,70.33,1617.59,SO-26157,Customer Sale,24,1,warehouse2,Transaction processed for WH_100 location,system,2025-12-21
2078,2091,1,Sale,2026-01-18,-20,7.98,159.6,SO-38651,Customer Sale,49,29,warehouse1,Transaction processed for WH_100 location,system,2026-01-18
2079,1541,1,Receipt,2025-10-16,53,137.46,7285.38,PO-1166,Purchase Order Receipt,23,76,warehouse2,Transaction processed for WH_100 location,system,2025-10-16
2080,3081,1,Receipt,2026-04-23,146,59.14,8634.44,PO-5954,Purchase Order Receipt,137,283,warehouse2,Transaction processed for WH_100 location,system,2026-04-23
2081,3103,2,Sale,2025-12-21,-18,180.33,3245.94,SO-94353,Customer Sale,141,123,warehouse1,Transaction processed for Backup location,system,2025-12-21
2082,2121,1,Sale,2026-01-23,-2,31.62,63.24,SO-30268,Customer Sale,2,0,warehouse1,Transaction processed for WH_100 location,system,2026-01-23
2083,3052,2,Sale,2025-12-21,-33,115.25,3803.25,SO-57556,Customer Sale,51,18,system,Transaction processed for Backup location,system,2025-12-21
2084,3012,1,Sale,2025-07-02,-6,659.11,3954.66,SO-96831,Customer Sale,171,165,system,Transaction processed for WH_100 location,system,2025-07-02
2085,2051,2,Sale,2025-12-09,-31,16.44,509.64,SO-37824,Customer Sale,109,78,warehouse1,Transaction processed for Backup location,system,2025-12-09
2086,3103,2,Return,2025-07-31,5,144.26,721.3,RET-64010,Customer Return,25,30,warehouse2,Transaction processed for Backup location,system,2025-07-31
2087,1521,2,Adjustment,2025-10-30,-1,122.8,122.8,ADJ-2087,System Correction,100,99,warehouse2,Transaction processed for Backup location,system,2025-10-30
2088,1552,2,Sale,2026-03-05,-47,58.45,2747.15,SO-44434,Customer Sale,283,236,warehouse2,Transaction processed for WH_200 location,system,2026-03-05
2089,3052,1,Sale,2025-10-31,-14,115.25,1613.5,SO-99773,Customer Sale,35,21,warehouse2,Transaction processed for WH_100 location,system,2025-10-31
2090,1563,1,Sale,2025-07-05,-28,70.33,1969.24,SO-82499,Customer Sale,60,32,warehouse2,Transaction processed for WH_100 location,system,2025-07-05
2091,1531,2,Return,2025-08-07,4,72.87,291.48,RET-47797,Customer Return,90,94,warehouse1,Transaction processed for Backup location,system,2025-08-07
2092,2031,1,Receipt,2025-07-02,62,23.64,1465.68,PO-1562,Purchase Order Receipt,132,194,warehouse2,Transaction processed for WH_100 location,system,2025-07-02
2093,1522,1,Damage,2026-04-10,-8,163.1,1304.8,DMG-2093,Warehouse Damage,187,179,warehouse2,Transaction processed for WH_100 location,system,2026-04-10
2094,2011,2,Adjustment,2025-07-19,20,124.64,2492.8,ADJ-2094,Cycle Count,93,113,warehouse1,Transaction processed for Backup location,system,2025-07-19
2095,3091,2,Receipt,2026-01-04,142,441.71,62722.82,PO-3564,Purchase Order Receipt,108,250,warehouse2,Transaction processed for Backup location,system,2026-01-04
2096,1541,2,Sale,2025-10-06,-24,132.59,3182.16,SO-26881,Customer Sale,24,0,warehouse2,Transaction processed for Backup location,system,2025-10-06
2097,1542,1,Sale,2025-08-16,-25,90.83,2270.75,SO-59533,Customer Sale,192,167,warehouse1,Transaction processed for WH_100 location,system,2025-08-16
2098,3072,1,Sale,2026-03-10,-9,10.7,96.3,SO-63638,Customer Sale,110,101,system,Transaction processed for WH_100 location,system,2026-03-10
2099,2012,1,Sale,2025-07-11,-20,312.61,6252.2,SO-29224,Customer Sale,20,0,warehouse2,Transaction processed for WH_100 location,system,2025-07-11
2100,1561,2,Adjustment,2026-04-28,-8,82.06,656.48,ADJ-2100,System Correction,45,37,system,Transaction processed for Backup location,system,2026-04-28
2101,1551,1,Adjustment,2026-04-27,5,67.04,335.2,ADJ-2101,Physical Count,84,89,system,Transaction processed for WH_100 location,system,2026-04-27
2102,2012,1,Receipt,2026-04-24,182,302.48,55051.36,PO-1334,Purchase Order Receipt,1,183,warehouse2,Transaction processed for WH_100 location,system,2026-04-24
2103,3041,2,Sale,2026-03-28,-9,127.74,1149.66,SO-78405,Customer Sale,137,128,system,Transaction processed for WH_200 location,system,2026-03-28
2104,3104,2,Sale,2025-10-28,-14,118.89,1664.46,SO-51464,Customer Sale,98,84,warehouse1,Transaction processed for Backup location,system,2025-10-28
2105,2091,1,Sale,2026-04-15,-33,7.98,263.34,SO-35977,Customer Sale,69,36,warehouse1,Transaction processed for WH_100 location,system,2026-04-15
2106,2051,2,Sale,2026-04-10,-8,16.44,131.52,SO-74834,Customer Sale,116,108,warehouse2,Transaction processed for Backup location,system,2026-04-10
2107,1553,2,Adjustment,2025-12-01,-10,91.38,913.8,ADJ-2107,System Correction,10,0,system,Transaction processed for Backup location,system,2025-12-01
2108,3071,2,Sale,2026-01-29,-6,39.17,235.02,SO-96019,Customer Sale,68,62,warehouse1,Transaction processed for WH_200 location,system,2026-01-29
2109,3012,1,Transfer,2026-04-21,-49,659.11,32296.39,TRF-2966,Warehouse Transfer,219,170,warehouse2,Transaction processed for WH_100 location,system,2026-04-21
2110,3022,2,Adjustment,2026-01-22,-7,352.53,2467.71,ADJ-2110,Physical Count,67,60,warehouse2,Transaction processed for Backup location,system,2026-01-22
2111,2081,2,Sale,2026-01-06,-43,25.3,1087.9,SO-26554,Customer Sale,182,139,warehouse2,Transaction processed for WH_200 location,system,2026-01-06
2112,1543,1,Receipt,2026-01-06,153,62.62,9580.86,PO-3619,Purchase Order Receipt,52,205,system,Transaction processed for WH_100 location,system,2026-01-06
2113,1512,1,Receipt,2026-03-02,131,213.04,27908.24,PO-3280,Purchase Order Receipt,61,192,warehouse2,Transaction processed for WH_100 location,system,2026-03-02
2114,1533,1,Damage,2025-08-22,-9,107.2,964.8,DMG-2114,Shipping Damage,101,92,warehouse1,Transaction processed for WH_100 location,system,2025-08-22
2115,3091,2,Sale,2025-11-18,-37,456.94,16906.78,SO-82901,Customer Sale,40,3,warehouse2,Transaction processed for Backup location,system,2025-11-18
2116,1511,2,Receipt,2025-09-08,102,329.8,33639.6,PO-1101,Purchase Order Receipt,215,317,warehouse2,Transaction processed for WH_200 location,system,2025-09-08
2117,1551,2,Sale,2026-04-08,-30,67.04,2011.2,SO-80363,Customer Sale,77,47,warehouse1,Transaction processed for Backup location,system,2026-04-08
2118,2021,1,Sale,2025-07-11,-44,71.31,3137.64,SO-39645,Customer Sale,70,26,warehouse1,Transaction processed for WH_100 location,system,2025-07-11
2119,3091,2,Sale,2025-10-31,-25,456.94,11423.5,SO-44403,Customer Sale,31,6,warehouse2,Transaction processed for Backup location,system,2025-10-31
2120,3103,1,Sale,2025-11-04,-14,180.33,2524.62,SO-16950,Customer Sale,54,40,warehouse1,Transaction processed for WH_100 location,system,2025-11-04
2121,1532,1,Receipt,2026-01-13,80,69.0,5520.0,PO-7973,Purchase Order Receipt,173,253,system,Transaction processed for WH_100 location,system,2026-01-13
2122,3092,1,Receipt,2025-11-18,117,552.99,64699.83,PO-7842,Purchase Order Receipt,199,316,warehouse2,Transaction processed for WH_100 location,system,2025-11-18
2123,3104,2,Sale,2025-09-17,-45,118.89,5350.05,SO-54036,Customer Sale,62,17,warehouse1,Transaction processed for Backup location,system,2025-09-17
2124,3104,2,Transfer,2025-08-25,-46,118.89,5468.94,TRF-7504,Warehouse Transfer,54,8,system,Transaction processed for Backup location,system,2025-08-25
2125,1561,2,Damage,2025-08-27,-2,82.06,164.12,DMG-2125,Quality Issue,105,103,warehouse1,Transaction processed for Backup location,system,2025-08-27
2126,1553,1,Adjustment,2025-12-11,-18,91.38,1644.84,ADJ-2126,Cycle Count,63,45,warehouse2,Transaction processed for WH_100 location,system,2025-12-11
2127,2071,1,Sale,2025-07-01,-42,21.94,921.48,SO-29372,Customer Sale,58,16,warehouse1,Transaction processed for WH_100 location,system,2025-07-01
2128,3052,2,Receipt,2025-08-23,101,112.38,11350.38,PO-5455,Purchase Order Receipt,9,110,warehouse2,Transaction processed for Backup location,system,2025-08-23
2129,2061,1,Sale,2026-03-12,-3,25.72,77.16,SO-14925,Customer Sale,10,7,system,Transaction processed for WH_100 location,system,2026-03-12
2130,1572,3,Receipt,2026-01-08,194,214.99,41708.06,PO-3296,Purchase Order Receipt,161,355,warehouse2,Transaction processed for WH_500 location,system,2026-01-08
2131,1511,2,Return,2026-03-04,2,257.57,515.14,RET-89056,Customer Return,76,78,system,Transaction processed for WH_200 location,system,2026-03-04
2132,1551,1,Sale,2025-09-26,-3,67.04,201.12,SO-51306,Customer Sale,3,0,warehouse2,Transaction processed for WH_100 location,system,2025-09-26
2133,3051,1,Return,2025-08-05,1,181.19,181.19,RET-39231,Customer Return,112,113,warehouse2,Transaction processed for WH_100 location,system,2025-08-05
2134,1532,1,Sale,2025-08-16,-21,67.64,1420.44,SO-89888,Customer Sale,83,62,warehouse1,Transaction processed for WH_100 location,system,2025-08-16
2135,3031,3,Sale,2025-07-29,-27,419.97,11339.19,SO-39313,Customer Sale,113,86,system,Transaction processed for WH_500 location,system,2025-07-29
2136,2051,2,Sale,2025-08-06,-3,16.44,49.32,SO-12248,Customer Sale,81,78,system,Transaction processed for Backup location,system,2025-08-06
2137,3101,1,Return,2025-10-27,2,91.55,183.1,RET-84146,Customer Return,53,55,warehouse2,Transaction processed for WH_100 location,system,2025-10-27
2138,1541,1,Sale,2025-12-26,-39,132.59,5171.01,SO-35532,Customer Sale,73,34,system,Transaction processed for WH_100 location,system,2025-12-26
2139,3104,2,Transfer,2026-02-02,-8,118.89,951.12,TRF-3907,Warehouse Transfer,78,70,warehouse2,Transaction processed for WH_200 location,system,2026-02-02
2140,3104,2,Return,2026-01-15,3,95.11,285.33,RET-52576,Customer Return,31,34,system,Transaction processed for Backup location,system,2026-01-15
2141,2101,2,Sale,2025-11-06,-6,13.5,81.0,SO-71386,Customer Sale,131,125,warehouse1,Transaction processed for WH_200 location,system,2025-11-06
2142,3082,1,Sale,2025-12-10,-11,84.82,933.02,SO-24734,Customer Sale,109,98,warehouse1,Transaction processed for WH_100 location,system,2025-12-10
2143,2011,1,Sale,2025-12-05,-44,124.64,5484.16,SO-13299,Customer Sale,97,53,system,Transaction processed for WH_100 location,system,2025-12-05
2144,3021,1,Transfer,2025-11-06,-30,270.38,8111.4,TRF-2341,Warehouse Transfer,30,0,system,Transaction processed for WH_100 location,system,2025-11-06
2145,3071,2,Receipt,2025-09-24,164,39.69,6509.16,PO-5603,Purchase Order Receipt,88,252,system,Transaction processed for WH_200 location,system,2025-09-24
2146,3072,1,Sale,2026-01-11,-6,10.7,64.2,SO-22534,Customer Sale,60,54,warehouse1,Transaction processed for WH_100 location,system,2026-01-11
2147,3081,1,Sale,2025-09-16,-26,58.16,1512.16,SO-91457,Customer Sale,102,76,system,Transaction processed for WH_100 location,system,2025-09-16
2148,2071,1,Transfer,2026-03-20,-8,21.94,175.52,TRF-3957,Warehouse Transfer,49,41,warehouse1,Transaction processed for WH_100 location,system,2026-03-20
2149,3103,2,Adjustment,2026-04-30,-10,180.33,1803.3,ADJ-2149,Physical Count,79,69,warehouse1,Transaction processed for Backup location,system,2026-04-30
2150,3102,1,Receipt,2025-12-12,146,169.32,24720.72,PO-2629,Purchase Order Receipt,61,207,warehouse1,Transaction processed for WH_100 location,system,2025-12-12
2151,3091,2,Sale,2025-09-28,-8,456.94,3655.52,SO-38274,Customer Sale,32,24,warehouse2,Transaction processed for Backup location,system,2025-09-28
2152,1563,1,Adjustment,2025-09-05,19,70.33,1336.27,ADJ-2152,System Correction,53,72,system,Transaction processed for WH_100 location,system,2025-09-05
2153,3104,2,Sale,2026-01-26,-25,118.89,2972.25,SO-18723,Customer Sale,115,90,warehouse2,Transaction processed for Backup location,system,2026-01-26
2154,3092,1,Sale,2025-12-23,-33,540.11,17823.63,SO-16843,Customer Sale,224,191,warehouse2,Transaction processed for WH_100 location,system,2025-12-23
2155,3081,1,Sale,2026-02-23,-14,58.16,814.24,SO-71880,Customer Sale,16,2,system,Transaction processed for WH_100 location,system,2026-02-23
2156,3032,1,Receipt,2025-12-17,142,247.73,35177.66,PO-4728,Purchase Order Receipt,157,299,warehouse1,Transaction processed for WH_100 location,system,2025-12-17
2157,2031,1,Transfer,2026-04-23,-27,23.04,622.08,TRF-1276,Warehouse Transfer,97,70,warehouse2,Transaction processed for WH_100 location,system,2026-04-23
2158,1531,1,Adjustment,2025-11-28,-3,91.09,273.27,ADJ-2158,Cycle Count,33,30,system,Transaction processed for WH_100 location,system,2025-11-28
2159,3092,1,Return,2025-09-06,5,432.09,2160.45,RET-18411,Customer Return,342,347,warehouse2,Transaction processed for WH_100 location,system,2025-09-06
2160,2011,2,Sale,2026-01-13,-23,124.64,2866.72,SO-74688,Customer Sale,35,12,warehouse2,Transaction processed for Backup location,system,2026-01-13
2161,3013,1,Sale,2026-02-26,-49,344.68,16889.32,SO-43857,Customer Sale,146,97,warehouse1,Transaction processed for WH_100 location,system,2026-02-26
2162,2011,1,Receipt,2026-04-25,21,126.23,2650.83,PO-9626,Purchase Order Receipt,128,149,warehouse2,Transaction processed for WH_100 location,system,2026-04-25
2163,3091,2,Adjustment,2026-02-16,-10,456.94,4569.4,ADJ-2163,Cycle Count,86,76,warehouse2,Transaction processed for WH_200 location,system,2026-02-16
2164,2112,1,Damage,2026-03-27,-8,66.6,532.8,DMG-2164,Quality Issue,156,148,warehouse1,Transaction processed for WH_100 location,system,2026-03-27
2165,2021,1,Sale,2025-12-15,-33,71.31,2353.23,SO-41272,Customer Sale,235,202,warehouse2,Transaction processed for WH_100 location,system,2025-12-15
2166,1561,1,Receipt,2025-12-17,116,78.1,9059.6,PO-8438,Purchase Order Receipt,71,187,warehouse2,Transaction processed for WH_100 location,system,2025-12-17
2167,3052,2,Transfer,2025-12-05,-8,115.25,922.0,TRF-1992,Warehouse Transfer,18,10,warehouse2,Transaction processed for Backup location,system,2025-12-05
2168,3081,1,Sale,2026-03-18,-8,58.16,465.28,SO-88226,Customer Sale,41,33,system,Transaction processed for WH_100 location,system,2026-03-18
2169,3101,1,Return,2026-01-04,4,91.55,366.2,RET-91540,Customer Return,93,97,system,Transaction processed for WH_100 location,system,2026-01-04
2170,3101,1,Receipt,2025-08-03,159,116.14,18466.26,PO-3796,Purchase Order Receipt,117,276,warehouse1,Transaction processed for WH_100 location,system,2025-08-03
2171,3022,1,Sale,2026-03-06,-33,352.53,11633.49,SO-11967,Customer Sale,98,65,warehouse1,Transaction processed for WH_100 location,system,2026-03-06
2172,3092,1,Sale,2025-10-15,-8,540.11,4320.88,SO-84790,Customer Sale,194,186,system,Transaction processed for WH_100 location,system,2025-10-15
2173,3052,1,Sale,2025-11-05,-7,115.25,806.75,SO-74960,Customer Sale,32,25,warehouse1,Transaction processed for WH_100 location,system,2025-11-05
2174,1551,1,Receipt,2025-07-14,14,64.48,902.72,PO-5078,Purchase Order Receipt,106,120,warehouse1,Transaction processed for WH_100 location,system,2025-07-14
2175,2011,1,Receipt,2025-09-10,184,119.83,22048.72,PO-7390,Purchase Order Receipt,40,224,system,Transaction processed for WH_100 location,system,2025-09-10
2176,3051,1,Receipt,2026-02-06,19,235.26,4469.94,PO-1841,Purchase Order Receipt,33,52,system,Transaction processed for WH_100 location,system,2026-02-06
2177,3012,1,Adjustment,2026-03-20,0,659.11,0.0,ADJ-2177,System Correction,282,282,system,Transaction processed for WH_100 location,system,2026-03-20
2178,3102,2,Receipt,2025-12-25,36,179.98,6479.28,PO-8296,Purchase Order Receipt,60,96,system,Transaction processed for Backup location,system,2025-12-25
2179,3031,2,Sale,2025-07-14,-33,419.97,13859.01,SO-41031,Customer Sale,93,60,warehouse1,Transaction processed for Backup location,system,2025-07-14
2180,1522,2,Sale,2026-04-10,-48,163.1,7828.8,SO-35451,Customer Sale,72,24,warehouse2,Transaction processed for Backup location,system,2026-04-10
2181,2111,2,Receipt,2025-11-20,140,140.57,19679.8,PO-2752,Purchase Order Receipt,1,141,system,Transaction processed for WH_200 location,system,2025-11-20
2182,2051,2,Sale,2025-07-24,-18,16.44,295.92,SO-30755,Customer Sale,57,39,warehouse1,Transaction processed for Backup location,system,2025-07-24
2183,3021,1,Adjustment,2025-07-03,3,270.38,811.14,ADJ-2183,Physical Count,57,60,warehouse1,Transaction processed for WH_100 location,system,2025-07-03
2184,2041,1,Sale,2026-02-18,-24,44.39,1065.36,SO-82323,Customer Sale,41,17,warehouse1,Transaction processed for WH_100 location,system,2026-02-18
2185,2112,1,Damage,2025-09-23,-8,66.6,532.8,DMG-2185,Quality Issue,170,162,system,Transaction processed for WH_100 location,system,2025-09-23
2186,3102,2,Adjustment,2026-03-12,17,173.13,2943.21,ADJ-2186,System Correction,0,17,warehouse2,Transaction processed for Backup location,system,2026-03-12
2187,1543,1,Damage,2025-12-24,-6,65.36,392.16,DMG-2187,Quality Issue,19,13,system,Transaction processed for WH_100 location,system,2025-12-24
2188,3021,1,Adjustment,2025-09-30,-20,270.38,5407.6,ADJ-2188,Cycle Count,56,36,system,Transaction processed for WH_100 location,system,2025-09-30
2189,1552,2,Receipt,2025-08-24,167,59.87,9998.29,PO-4068,Purchase Order Receipt,229,396,warehouse2,Transaction processed for WH_200 location,system,2025-08-24
2190,1532,1,Receipt,2025-07-14,147,64.47,9477.09,PO-1014,Purchase Order Receipt,151,298,warehouse2,Transaction processed for WH_100 location,system,2025-07-14
2191,1541,1,Sale,2026-02-25,-31,132.59,4110.29,SO-95994,Customer Sale,31,0,system,Transaction processed for WH_100 location,system,2026-02-25
2192,3022,1,Sale,2026-02-10,-27,352.53,9518.31,SO-81697,Customer Sale,46,19,warehouse2,Transaction processed for WH_100 location,system,2026-02-10
2193,1563,1,Transfer,2026-03-10,-42,70.33,2953.86,TRF-6443,Warehouse Transfer,102,60,warehouse2,Transaction processed for WH_100 location,system,2026-03-10
2194,3062,3,Transfer,2026-03-16,-8,88.18,705.44,TRF-7506,Warehouse Transfer,105,97,warehouse1,Transaction processed for WH_500 location,system,2026-03-16
2195,2051,2,Sale,2026-03-07,-10,16.44,164.4,SO-43538,Customer Sale,74,64,warehouse1,Transaction processed for Backup location,system,2026-03-07
2196,1561,1,Receipt,2025-10-09,140,83.54,11695.6,PO-3489,Purchase Order Receipt,5,145,system,Transaction processed for WH_100 location,system,2025-10-09
2197,3041,2,Adjustment,2025-08-05,10,127.74,1277.4,ADJ-2197,Physical Count,168,178,system,Transaction processed for WH_200 location,system,2025-08-05
2198,2012,2,Receipt,2026-02-23,114,324.96,37045.44,PO-6694,Purchase Order Receipt,70,184,system,Transaction processed for Backup location,system,2026-02-23
2199,1552,2,Return,2025-07-21,5,46.76,233.8,RET-49812,Customer Return,210,215,warehouse2,Transaction processed for WH_200 location,system,2025-07-21
2200,2051,1,Receipt,2025-12-19,142,16.76,2379.92,PO-3350,Purchase Order Receipt,91,233,warehouse1,Transaction processed for WH_100 location,system,2025-12-19
2201,3022,2,Sale,2026-04-01,-12,352.53,4230.36,SO-78169,Customer Sale,12,0,warehouse1,Transaction processed for Backup location,system,2026-04-01
2202,1553,1,Adjustment,2025-09-02,-8,91.38,731.04,ADJ-2202,Physical Count,71,63,system,Transaction processed for WH_100 location,system,2025-09-02
2203,1551,1,Receipt,2026-02-10,81,68.31,5533.11,PO-1630,Purchase Order Receipt,54,135,system,Transaction processed for WH_100 location,system,2026-02-10
2204,1531,2,Sale,2026-04-04,-22,91.09,2003.98,SO-31051,Customer Sale,106,84,warehouse2,Transaction processed for Backup location,system,2026-04-04
2205,2012,1,Receipt,2025-12-01,200,306.23,61246.0,PO-8786,Purchase Order Receipt,118,318,system,Transaction processed for WH_100 location,system,2025-12-01
2206,2041,1,Adjustment,2025-09-16,-17,44.39,754.63,ADJ-2206,Physical Count,96,79,warehouse2,Transaction processed for WH_100 location,system,2025-09-16
2207,3071,2,Return,2026-02-23,1,31.34,31.34,RET-76131,Customer Return,33,34,warehouse2,Transaction processed for WH_200 location,system,2026-02-23
2208,1522,2,Sale,2025-10-23,-28,163.1,4566.8,SO-45036,Customer Sale,32,4,warehouse1,Transaction processed for Backup location,system,2025-10-23
2209,2022,1,Transfer,2025-08-20,-8,36.37,290.96,TRF-4450,Warehouse Transfer,114,106,warehouse2,Transaction processed for WH_100 location,system,2025-08-20
2210,2021,1,Sale,2026-01-27,-6,71.31,427.86,SO-15597,Customer Sale,75,69,warehouse1,Transaction processed for WH_100 location,system,2026-01-27
2211,3103,1,Receipt,2025-09-13,151,185.07,27945.57,PO-6087,Purchase Order Receipt,162,313,system,Transaction processed for WH_100 location,system,2025-09-13
2212,3103,1,Adjustment,2025-08-21,-14,180.33,2524.62,ADJ-2212,Physical Count,215,201,warehouse2,Transaction processed for WH_100 location,system,2025-08-21
2213,3013,1,Sale,2025-08-09,-42,344.68,14476.56,SO-68362,Customer Sale,166,124,warehouse2,Transaction processed for WH_100 location,system,2025-08-09
2214,3061,1,Receipt,2025-11-20,197,149.57,29465.29,PO-6642,Purchase Order Receipt,70,267,system,Transaction processed for WH_100 location,system,2025-11-20
2215,2022,1,Sale,2025-11-22,-26,36.37,945.62,SO-94533,Customer Sale,158,132,system,Transaction processed for WH_100 location,system,2025-11-22
2216,1533,1,Sale,2025-11-05,-18,107.2,1929.6,SO-77759,Customer Sale,58,40,warehouse1,Transaction processed for WH_100 location,system,2025-11-05
2217,1571,1,Damage,2026-02-22,-8,109.65,877.2,DMG-2217,Warehouse Damage,247,239,warehouse2,Transaction processed for WH_100 location,system,2026-02-22
2218,3011,1,Transfer,2026-03-20,-16,968.68,15498.88,TRF-3268,Warehouse Transfer,261,245,warehouse2,Transaction processed for WH_100 location,system,2026-03-20
2219,3013,1,Transfer,2026-01-03,-35,344.68,12063.8,TRF-3275,Warehouse Transfer,80,45,system,Transaction processed for WH_100 location,system,2026-01-03
2220,3022,1,Sale,2026-04-28,-5,352.53,1762.65,SO-18272,Customer Sale,5,0,warehouse1,Transaction processed for WH_100 location,system,2026-04-28
2221,1553,1,Receipt,2026-01-27,109,92.4,10071.6,PO-8035,Purchase Order Receipt,213,322,warehouse1,Transaction processed for WH_100 location,system,2026-01-27
2222,3022,2,Sale,2025-11-16,-19,352.53,6698.07,SO-79139,Customer Sale,96,77,warehouse1,Transaction processed for Backup location,system,2025-11-16
2223,2091,1,Receipt,2025-08-11,19,7.84,148.96,PO-6377,Purchase Order Receipt,22,41,warehouse1,Transaction processed for WH_100 location,system,2025-08-11
2224,3062,3,Sale,2025-09-18,-2,88.18,176.36,SO-54689,Customer Sale,17,15,warehouse2,Transaction processed for WH_500 location,system,2025-09-18
2225,3103,2,Sale,2025-08-03,-22,180.33,3967.26,SO-46976,Customer Sale,93,71,warehouse2,Transaction processed for Backup location,system,2025-08-03
2226,3011,1,Return,2025-08-26,3,774.94,2324.82,RET-64808,Customer Return,268,271,system,Transaction processed for WH_100 location,system,2025-08-26
2227,3061,1,Sale,2025-10-13,-6,151.7,910.2,SO-60978,Customer Sale,42,36,system,Transaction processed for WH_100 location,system,2025-10-13
2228,3042,1,Sale,2026-03-22,-27,62.54,1688.58,SO-37605,Customer Sale,179,152,warehouse2,Transaction processed for WH_100 location,system,2026-03-22
2229,1553,1,Sale,2025-09-07,-36,91.38,3289.68,SO-63688,Customer Sale,44,8,warehouse1,Transaction processed for WH_100 location,system,2025-09-07
2230,1531,2,Sale,2025-12-25,-23,91.09,2095.07,SO-20265,Customer Sale,23,0,warehouse1,Transaction processed for Backup location,system,2025-12-25
2231,1522,1,Receipt,2026-04-25,41,162.48,6661.68,PO-6584,Purchase Order Receipt,58,99,system,Transaction processed for WH_100 location,system,2026-04-25
2232,1532,1,Sale,2026-04-02,-6,67.64,405.84,SO-63025,Customer Sale,79,73,system,Transaction processed for WH_100 location,system,2026-04-02
2233,2111,2,Receipt,2025-12-04,95,139.33,13236.35,PO-7498,Purchase Order Receipt,68,163,warehouse2,Transaction processed for WH_200 location,system,2025-12-04
2234,1542,1,Transfer,2026-04-19,-48,90.83,4359.84,TRF-7003,Warehouse Transfer,83,35,system,Transaction processed for WH_100 location,system,2026-04-19
2235,3102,2,Return,2026-01-28,5,138.5,692.5,RET-13322,Customer Return,48,53,warehouse2,Transaction processed for Backup location,system,2026-01-28
2236,1522,1,Transfer,2026-03-16,-39,163.1,6360.9,TRF-5191,Warehouse Transfer,214,175,system,Transaction processed for WH_100 location,system,2026-03-16
2237,1561,1,Adjustment,2026-02-14,-1,82.06,82.06,ADJ-2237,Physical Count,5,4,warehouse2,Transaction processed for WH_100 location,system,2026-02-14
2238,2091,1,Return,2025-10-23,2,6.38,12.76,RET-19122,Customer Return,94,96,warehouse2,Transaction processed for WH_100 location,system,2025-10-23
2239,2012,2,Sale,2026-04-01,-42,312.61,13129.62,SO-60381,Customer Sale,72,30,warehouse2,Transaction processed for Backup location,system,2026-04-01
2240,3103,1,Receipt,2025-08-17,177,181.36,32100.72,PO-9391,Purchase Order Receipt,203,380,warehouse1,Transaction processed for WH_100 location,system,2025-08-17
2241,3071,2,Adjustment,2025-07-25,2,39.17,78.34,ADJ-2241,System Correction,0,2,warehouse2,Transaction processed for WH_200 location,system,2025-07-25
2242,3072,1,Sale,2026-01-19,-48,10.7,513.6,SO-30792,Customer Sale,97,49,warehouse2,Transaction processed for WH_100 location,system,2026-01-19
2243,1563,1,Receipt,2026-04-03,20,69.29,1385.8,PO-4153,Purchase Order Receipt,46,66,system,Transaction processed for WH_100 location,system,2026-04-03
2244,3031,3,Transfer,2026-01-11,-39,419.97,16378.83,TRF-3029,Warehouse Transfer,69,30,warehouse1,Transaction processed for WH_500 location,system,2026-01-11
2245,1562,1,Sale,2025-08-06,-13,121.04,1573.52,SO-16393,Customer Sale,19,6,warehouse1,Transaction processed for WH_100 location,system,2025-08-06
2246,1552,2,Sale,2025-07-24,-26,58.45,1519.7,SO-61221,Customer Sale,186,160,warehouse2,Transaction processed for WH_200 location,system,2025-07-24
2247,3091,2,Sale,2025-10-15,-5,456.94,2284.7,SO-95795,Customer Sale,54,49,system,Transaction processed for Backup location,system,2025-10-15
2248,3022,2,Sale,2025-09-27,-12,352.53,4230.36,SO-89594,Customer Sale,21,9,warehouse2,Transaction processed for Backup location,system,2025-09-27
2249,1561,1,Adjustment,2026-01-31,-11,82.06,902.66,ADJ-2249,Physical Count,100,89,warehouse1,Transaction processed for WH_100 location,system,2026-01-31
2250,2021,1,Adjustment,2026-03-11,13,71.31,927.03,ADJ-2250,System Correction,94,107,warehouse1,Transaction processed for WH_100 location,system,2026-03-11
2251,3052,2,Receipt,2025-07-28,44,110.48,4861.12,PO-2818,Purchase Order Receipt,44,88,warehouse1,Transaction processed for Backup location,system,2025-07-28
2252,2051,2,Receipt,2025-12-07,50,16.14,807.0,PO-1392,Purchase Order Receipt,10,60,system,Transaction processed for Backup location,system,2025-12-07
2253,1553,2,Adjustment,2025-09-26,19,91.38,1736.22,ADJ-2253,Physical Count,43,62,warehouse1,Transaction processed for Backup location,system,2025-09-26
2254,2112,1,Receipt,2026-04-07,199,66.52,13237.48,PO-9344,Purchase Order Receipt,170,369,warehouse1,Transaction processed for WH_100 location,system,2026-04-07
2255,3031,3,Adjustment,2025-07-24,-7,419.97,2939.79,ADJ-2255,Cycle Count,29,22,system,Transaction processed for WH_500 location,system,2025-07-24
2256,3103,2,Sale,2026-01-07,-14,180.33,2524.62,SO-19076,Customer Sale,95,81,system,Transaction processed for Backup location,system,2026-01-07
2257,2121,1,Adjustment,2026-02-24,-5,31.62,158.1,ADJ-2257,System Correction,5,0,system,Transaction processed for WH_100 location,system,2026-02-24
2258,1563,1,Sale,2026-02-01,-13,70.33,914.29,SO-75965,Customer Sale,13,0,warehouse2,Transaction processed for WH_100 location,system,2026-02-01
2259,1522,2,Receipt,2025-10-12,106,165.81,17575.86,PO-5322,Purchase Order Receipt,136,242,warehouse2,Transaction processed for Backup location,system,2025-10-12
2260,1581,1,Sale,2025-09-05,-11,48.56,534.16,SO-82885,Customer Sale,19,8,system,Transaction processed for WH_100 location,system,2025-09-05
2261,1542,1,Sale,2026-03-12,-17,90.83,1544.11,SO-74743,Customer Sale,145,128,warehouse1,Transaction processed for WH_100 location,system,2026-03-12
2262,2021,1,Transfer,2025-10-31,-36,71.31,2567.16,TRF-3413,Warehouse Transfer,138,102,warehouse2,Transaction processed for WH_100 location,system,2025-10-31
2263,3011,1,Receipt,2025-08-20,170,937.33,159346.1,PO-8401,Purchase Order Receipt,301,471,warehouse2,Transaction processed for WH_100 location,system,2025-08-20
2264,3031,2,Receipt,2026-01-17,65,437.68,28449.2,PO-7143,Purchase Order Receipt,1,66,warehouse2,Transaction processed for Backup location,system,2026-01-17
2265,2081,2,Sale,2026-02-05,-42,25.3,1062.6,SO-42962,Customer Sale,169,127,warehouse2,Transaction processed for WH_200 location,system,2026-02-05
2266,2081,2,Sale,2026-01-14,-18,25.3,455.4,SO-27668,Customer Sale,192,174,system,Transaction processed for WH_200 location,system,2026-01-14
2267,2081,2,Sale,2026-04-14,-12,25.3,303.6,SO-86586,Customer Sale,12,0,system,Transaction processed for WH_200 location,system,2026-04-14
2268,3012,2,Receipt,2025-08-24,61,674.23,41128.03,PO-5892,Purchase Order Receipt,2,63,warehouse2,Transaction processed for Backup location,system,2025-08-24
2269,1553,1,Sale,2025-09-07,-33,91.38,3015.54,SO-79354,Customer Sale,189,156,warehouse2,Transaction processed for WH_100 location,system,2025-09-07
2270,1581,1,Receipt,2025-07-11,123,49.61,6102.03,PO-4816,Purchase Order Receipt,42,165,system,Transaction processed for WH_100 location,system,2025-07-11
2271,2051,1,Sale,2026-02-05,-35,16.44,575.4,SO-21633,Customer Sale,157,122,warehouse2,Transaction processed for WH_100 location,system,2026-02-05
2272,1543,1,Receipt,2025-07-03,39,67.61,2636.79,PO-4035,Purchase Order Receipt,116,155,warehouse2,Transaction processed for WH_100 location,system,2025-07-03
2273,3013,1,Sale,2025-09-30,-13,344.68,4480.84,SO-24276,Customer Sale,183,170,warehouse2,Transaction processed for WH_100 location,system,2025-09-30
2274,2011,2,Receipt,2025-11-30,116,130.31,15115.96,PO-2563,Purchase Order Receipt,63,179,warehouse1,Transaction processed for Backup location,system,2025-11-30
2275,1551,1,Sale,2025-11-19,-41,67.04,2748.64,SO-47344,Customer Sale,82,41,system,Transaction processed for WH_100 location,system,2025-11-19
2276,2091,1,Sale,2026-03-09,-25,7.98,199.5,SO-32518,Customer Sale,40,15,warehouse2,Transaction processed for WH_100 location,system,2026-03-09
2277,1562,1,Transfer,2026-01-02,-1,121.04,121.04,TRF-5539,Warehouse Transfer,1,0,system,Transaction processed for WH_100 location,system,2026-01-02
2278,3061,1,Sale,2026-01-13,-33,151.7,5006.1,SO-38342,Customer Sale,55,22,system,Transaction processed for WH_100 location,system,2026-01-13
2279,1533,1,Adjustment,2026-01-14,2,107.2,214.4,ADJ-2279,Physical Count,63,65,warehouse1,Transaction processed for WH_100 location,system,2026-01-14
2280,1521,1,Receipt,2025-11-07,187,117.36,21946.32,PO-6730,Purchase Order Receipt,16,203,warehouse2,Transaction processed for WH_100 location,system,2025-11-07
2281,1522,2,Sale,2025-07-11,-12,163.1,1957.2,SO-59293,Customer Sale,101,89,warehouse1,Transaction processed for Backup location,system,2025-07-11
2282,1552,2,Sale,2025-09-29,-26,58.45,1519.7,SO-12575,Customer Sale,322,296,warehouse2,Transaction processed for WH_200 location,system,2025-09-29
2283,2011,1,Receipt,2026-02-09,96,123.43,11849.28,PO-1947,Purchase Order Receipt,34,130,system,Transaction processed for WH_100 location,system,2026-02-09
2284,3062,3,Sale,2026-01-13,-22,88.18,1939.96,SO-69905,Customer Sale,38,16,warehouse1,Transaction processed for WH_500 location,system,2026-01-13
2285,3103,1,Sale,2025-07-30,-39,180.33,7032.87,SO-72102,Customer Sale,83,44,warehouse1,Transaction processed for WH_100 location,system,2025-07-30
2286,1521,2,Receipt,2026-04-12,14,120.68,1689.52,PO-4030,Purchase Order Receipt,52,66,warehouse2,Transaction processed for Backup location,system,2026-04-12
2287,1551,1,Sale,2026-01-20,-14,67.04,938.56,SO-55876,Customer Sale,14,0,system,Transaction processed for WH_100 location,system,2026-01-20
2288,1553,2,Transfer,2026-03-08,-49,91.38,4477.62,TRF-5640,Warehouse Transfer,107,58,warehouse1,Transaction processed for Backup location,system,2026-03-08
2289,3103,2,Sale,2026-04-13,-24,180.33,4327.92,SO-72342,Customer Sale,39,15,warehouse2,Transaction processed for Backup location,system,2026-04-13
2290,1561,1,Return,2026-01-20,5,65.65,328.25,RET-87831,Customer Return,112,117,warehouse1,Transaction processed for WH_100 location,system,2026-01-20
2291,2012,2,Sale,2026-01-07,-22,312.61,6877.42,SO-33690,Customer Sale,132,110,system,Transaction processed for Backup location,system,2026-01-07
2292,2011,1,Damage,2025-11-17,-3,124.64,373.92,DMG-2292,Shipping Damage,35,32,system,Transaction processed for WH_100 location,system,2025-11-17
2293,1522,2,Transfer,2026-04-09,-8,163.1,1304.8,TRF-6130,Warehouse Transfer,77,69,system,Transaction processed for Backup location,system,2026-04-09
2294,1531,2,Sale,2026-03-28,-26,91.09,2368.34,SO-46990,Customer Sale,26,0,warehouse1,Transaction processed for Backup location,system,2026-03-28
2295,3102,2,Receipt,2025-11-16,34,179.14,6090.76,PO-4486,Purchase Order Receipt,62,96,warehouse2,Transaction processed for Backup location,system,2025-11-16
2296,3011,1,Receipt,2025-10-23,84,1006.93,84582.12,PO-1692,Purchase Order Receipt,188,272,system,Transaction processed for WH_100 location,system,2025-10-23
2297,3041,2,Sale,2026-03-08,-7,127.74,894.18,SO-19373,Customer Sale,182,175,warehouse1,Transaction processed for WH_200 location,system,2026-03-08
2298,3012,2,Sale,2025-10-06,-3,659.11,1977.33,SO-95151,Customer Sale,126,123,warehouse1,Transaction processed for Backup location,system,2025-10-06
2299,1551,1,Sale,2026-01-09,-5,67.04,335.2,SO-72412,Customer Sale,5,0,warehouse1,Transaction processed for WH_100 location,system,2026-01-09
2300,2112,1,Adjustment,2025-07-05,19,66.6,1265.4,ADJ-2300,Physical Count,160,179,system,Transaction processed for WH_100 location,system,2025-07-05
2301,3012,2,Receipt,2026-01-23,171,641.32,109665.72,PO-2830,Purchase Order Receipt,105,276,warehouse1,Transaction processed for Backup location,system,2026-01-23
2302,1522,1,Damage,2026-03-17,-7,163.1,1141.7,DMG-2302,Quality Issue,186,179,warehouse1,Transaction processed for WH_100 location,system,2026-03-17
2303,1541,2,Sale,2025-11-06,-46,132.59,6099.14,SO-90496,Customer Sale,73,27,warehouse2,Transaction processed for Backup location,system,2025-11-06
2304,3061,1,Receipt,2025-11-27,184,146.3,26919.2,PO-8003,Purchase Order Receipt,106,290,system,Transaction processed for WH_100 location,system,2025-11-27
2305,3013,1,Sale,2025-10-22,-25,344.68,8617.0,SO-12471,Customer Sale,79,54,warehouse1,Transaction processed for WH_100 location,system,2025-10-22
2306,3011,1,Receipt,2025-11-19,143,930.28,133030.04,PO-1267,Purchase Order Receipt,243,386,warehouse1,Transaction processed for WH_100 location,system,2025-11-19
2307,3061,1,Sale,2025-07-11,-21,151.7,3185.7,SO-57721,Customer Sale,21,0,warehouse2,Transaction processed for WH_100 location,system,2025-07-11
2308,1541,1,Sale,2025-11-03,-41,132.59,5436.19,SO-81718,Customer Sale,128,87,warehouse1,Transaction processed for WH_100 location,system,2025-11-03
2309,2011,2,Sale,2026-03-16,-30,124.64,3739.2,SO-85000,Customer Sale,82,52,warehouse1,Transaction processed for Backup location,system,2026-03-16
2310,3042,2,Sale,2025-09-06,-10,62.54,625.4,SO-14518,Customer Sale,162,152,warehouse2,Transaction processed for Backup location,system,2025-09-06
2311,1531,1,Sale,2025-12-25,-36,91.09,3279.24,SO-11954,Customer Sale,36,0,warehouse2,Transaction processed for WH_100 location,system,2025-12-25
2312,1522,2,Sale,2025-10-12,-17,163.1,2772.7,SO-77758,Customer Sale,135,118,warehouse1,Transaction processed for Backup location,system,2025-10-12
2313,3011,1,Sale,2025-09-01,-18,968.68,17436.24,SO-40543,Customer Sale,129,111,system,Transaction processed for WH_100 location,system,2025-09-01
2314,1561,2,Sale,2025-12-05,-31,82.06,2543.86,SO-11881,Customer Sale,49,18,warehouse2,Transaction processed for Backup location,system,2025-12-05
2315,3052,2,Transfer,2025-08-17,-20,115.25,2305.0,TRF-3791,Warehouse Transfer,25,5,system,Transaction processed for Backup location,system,2025-08-17
2316,3042,2,Adjustment,2025-10-25,9,62.54,562.86,ADJ-2316,Physical Count,112,121,warehouse2,Transaction processed for Backup location,system,2025-10-25
2317,3091,2,Receipt,2025-07-25,196,451.96,88584.16,PO-2945,Purchase Order Receipt,130,326,system,Transaction processed for WH_200 location,system,2025-07-25
2318,1521,1,Return,2026-02-28,1,98.24,98.24,RET-18522,Customer Return,12,13,warehouse1,Transaction processed for WH_100 location,system,2026-02-28
2319,2011,2,Sale,2025-07-02,-13,124.64,1620.32,SO-85326,Customer Sale,91,78,warehouse2,Transaction processed for Backup location,system,2025-07-02
2320,2051,1,Sale,2026-02-16,-16,16.44,263.04,SO-49480,Customer Sale,123,107,warehouse1,Transaction processed for WH_100 location,system,2026-02-16
2321,3022,2,Sale,2025-10-07,-9,352.53,3172.77,SO-88003,Customer Sale,65,56,system,Transaction processed for Backup location,system,2025-10-07
2322,2021,1,Receipt,2025-10-23,182,71.4,12994.8,PO-4672,Purchase Order Receipt,161,343,warehouse2,Transaction processed for WH_100 location,system,2025-10-23
2323,1523,2,Transfer,2025-08-04,-19,54.46,1034.74,TRF-5476,Warehouse Transfer,166,147,warehouse1,Transaction processed for WH_200 location,system,2025-08-04
2324,3071,2,Adjustment,2026-03-27,8,39.17,313.36,ADJ-2324,System Correction,56,64,warehouse1,Transaction processed for WH_200 location,system,2026-03-27
2325,1552,2,Transfer,2026-03-27,-37,58.45,2162.65,TRF-7766,Warehouse Transfer,250,213,system,Transaction processed for WH_200 location,system,2026-03-27
2326,1561,2,Sale,2025-07-13,-24,82.06,1969.44,SO-95613,Customer Sale,78,54,system,Transaction processed for Backup location,system,2025-07-13
2327,1563,1,Sale,2026-03-05,-5,70.33,351.65,SO-75876,Customer Sale,5,0,system,Transaction processed for WH_100 location,system,2026-03-05
2328,1571,1,Damage,2025-11-16,-6,109.65,657.9,DMG-2328,Shipping Damage,289,283,warehouse1,Transaction processed for WH_100 location,system,2025-11-16
2329,3092,1,Receipt,2026-04-19,118,549.39,64828.02,PO-4128,Purchase Order Receipt,214,332,warehouse1,Transaction processed for WH_100 location,system,2026-04-19
2330,1521,2,Sale,2025-10-22,-7,122.8,859.6,SO-68106,Customer Sale,95,88,warehouse1,Transaction processed for Backup location,system,2025-10-22
2331,1553,1,Sale,2026-02-15,-21,91.38,1918.98,SO-28854,Customer Sale,63,42,system,Transaction processed for WH_100 location,system,2026-02-15
2332,3101,1,Sale,2026-01-10,-2,114.44,228.88,SO-73001,Customer Sale,107,105,warehouse1,Transaction processed for WH_100 location,system,2026-01-10
2333,1571,1,Receipt,2026-03-01,29,106.09,3076.61,PO-8007,Purchase Order Receipt,201,230,warehouse1,Transaction processed for WH_100 location,system,2026-03-01
2334,1561,2,Receipt,2025-12-02,16,80.18,1282.88,PO-5356,Purchase Order Receipt,56,72,system,Transaction processed for Backup location,system,2025-12-02
2335,1522,2,Sale,2026-03-02,-31,163.1,5056.1,SO-82596,Customer Sale,41,10,warehouse2,Transaction processed for Backup location,system,2026-03-02
2336,3011,1,Return,2025-10-10,2,774.94,1549.88,RET-31075,Customer Return,300,302,warehouse1,Transaction processed for WH_100 location,system,2025-10-10
2337,3042,1,Adjustment,2025-10-10,18,62.54,1125.72,ADJ-2337,Physical Count,135,153,system,Transaction processed for WH_100 location,system,2025-10-10
2338,2021,1,Transfer,2025-12-21,-14,71.31,998.34,TRF-4176,Warehouse Transfer,201,187,system,Transaction processed for WH_100 location,system,2025-12-21
2339,3031,2,Return,2025-09-11,3,335.98,1007.94,RET-18238,Customer Return,54,57,system,Transaction processed for Backup location,system,2025-09-11
2340,2071,2,Adjustment,2026-03-01,10,21.94,219.4,ADJ-2340,Physical Count,16,26,warehouse2,Transaction processed for Backup location,system,2026-03-01
2341,1512,1,Receipt,2025-12-31,17,228.73,3888.41,PO-7428,Purchase Order Receipt,112,129,warehouse2,Transaction processed for WH_100 location,system,2025-12-31
2342,2121,1,Sale,2025-07-29,-35,31.62,1106.7,SO-60788,Customer Sale,35,0,warehouse1,Transaction processed for WH_100 location,system,2025-07-29
2343,1561,2,Receipt,2025-07-28,86,81.02,6967.72,PO-3442,Purchase Order Receipt,69,155,warehouse2,Transaction processed for Backup location,system,2025-07-28
2344,1561,2,Adjustment,2025-12-13,8,82.06,656.48,ADJ-2344,System Correction,9,17,warehouse2,Transaction processed for Backup location,system,2025-12-13
2345,2112,1,Transfer,2026-02-21,-16,66.6,1065.6,TRF-8255,Warehouse Transfer,119,103,warehouse1,Transaction processed for WH_100 location,system,2026-02-21
2346,2051,2,Sale,2025-07-16,-44,16.44,723.36,SO-66144,Customer Sale,44,0,warehouse2,Transaction processed for Backup location,system,2025-07-16
2347,3104,2,Receipt,2026-02-25,67,121.74,8156.58,PO-1458,Purchase Order Receipt,178,245,warehouse1,Transaction processed for WH_200 location,system,2026-02-25
2348,3101,1,Sale,2025-08-12,-24,114.44,2746.56,SO-27941,Customer Sale,110,86,warehouse2,Transaction processed for WH_100 location,system,2025-08-12
2349,3092,1,Sale,2025-07-09,-19,540.11,10262.09,SO-64713,Customer Sale,202,183,system,Transaction processed for WH_100 location,system,2025-07-09
2350,1572,3,Sale,2026-03-21,-22,222.59,4896.98,SO-72255,Customer Sale,120,98,warehouse1,Transaction processed for WH_500 location,system,2026-03-21
2351,3021,1,Receipt,2025-07-23,60,261.25,15675.0,PO-1754,Purchase Order Receipt,32,92,system,Transaction processed for WH_100 location,system,2025-07-23
2352,1512,1,Adjustment,2025-10-15,-14,219.21,3068.94,ADJ-2352,System Correction,116,102,system,Transaction processed for WH_100 location,system,2025-10-15
2353,1512,1,Adjustment,2025-08-01,12,219.21,2630.52,ADJ-2353,Physical Count,33,45,system,Transaction processed for WH_100 location,system,2025-08-01
2354,1541,2,Transfer,2025-07-12,-40,132.59,5303.6,TRF-7279,Warehouse Transfer,79,39,warehouse1,Transaction processed for Backup location,system,2025-07-12
2355,3041,2,Sale,2025-10-14,-3,127.74,383.22,SO-37456,Customer Sale,3,0,system,Transaction processed for WH_200 location,system,2025-10-14
2356,1532,1,Receipt,2025-12-19,152,65.38,9937.76,PO-4969,Purchase Order Receipt,74,226,warehouse1,Transaction processed for WH_100 location,system,2025-12-19
2357,2011,2,Sale,2026-02-21,-24,124.64,2991.36,SO-29009,Customer Sale,27,3,warehouse2,Transaction processed for Backup location,system,2026-02-21
2358,3102,2,Adjustment,2026-02-07,-15,173.13,2596.95,ADJ-2358,Cycle Count,20,5,warehouse2,Transaction processed for Backup location,system,2026-02-07
2359,3052,2,Receipt,2025-07-28,197,119.25,23492.25,PO-3043,Purchase Order Receipt,39,236,warehouse2,Transaction processed for Backup location,system,2025-07-28
2360,3071,2,Receipt,2026-01-07,108,37.65,4066.2,PO-3690,Purchase Order Receipt,99,207,warehouse1,Transaction processed for WH_200 location,system,2026-01-07
2361,3062,3,Sale,2025-11-01,-13,88.18,1146.34,SO-55385,Customer Sale,20,7,warehouse2,Transaction processed for WH_500 location,system,2025-11-01
2362,2022,1,Sale,2025-07-28,-49,36.37,1782.13,SO-69533,Customer Sale,156,107,warehouse2,Transaction processed for WH_100 location,system,2025-07-28
2363,3091,2,Sale,2025-11-19,-12,456.94,5483.28,SO-50176,Customer Sale,159,147,warehouse2,Transaction processed for WH_200 location,system,2025-11-19
2364,1561,1,Receipt,2026-01-16,121,78.63,9514.23,PO-8450,Purchase Order Receipt,60,181,warehouse1,Transaction processed for WH_100 location,system,2026-01-16
2365,1533,1,Sale,2026-03-10,-38,107.2,4073.6,SO-15669,Customer Sale,72,34,system,Transaction processed for WH_100 location,system,2026-03-10
2366,2121,1,Receipt,2025-10-04,30,32.08,962.4,PO-5080,Purchase Order Receipt,11,41,warehouse2,Transaction processed for WH_100 location,system,2025-10-04
2367,2121,1,Sale,2026-01-20,-23,31.62,727.26,SO-84323,Customer Sale,73,50,warehouse2,Transaction processed for WH_100 location,system,2026-01-20
2368,1572,3,Sale,2026-04-06,-48,222.59,10684.32,SO-55506,Customer Sale,165,117,warehouse1,Transaction processed for WH_500 location,system,2026-04-06
2369,2121,1,Adjustment,2026-04-28,6,31.62,189.72,ADJ-2369,Physical Count,118,124,warehouse2,Transaction processed for WH_100 location,system,2026-04-28
2370,1551,2,Transfer,2026-01-07,-23,67.04,1541.92,TRF-7217,Warehouse Transfer,23,0,warehouse1,Transaction processed for Backup location,system,2026-01-07
2371,3103,1,Sale,2026-03-25,-44,180.33,7934.52,SO-74363,Customer Sale,87,43,warehouse1,Transaction processed for WH_100 location,system,2026-03-25
2372,2081,2,Sale,2026-03-05,-39,25.3,986.7,SO-42743,Customer Sale,150,111,warehouse1,Transaction processed for WH_200 location,system,2026-03-05
2373,1532,1,Sale,2025-08-28,-24,67.64,1623.36,SO-52211,Customer Sale,69,45,system,Transaction processed for WH_100 location,system,2025-08-28
2374,2071,2,Sale,2025-12-26,-18,21.94,394.92,SO-18195,Customer Sale,46,28,system,Transaction processed for Backup location,system,2025-12-26
2375,1521,1,Sale,2026-03-24,-20,122.8,2456.0,SO-19091,Customer Sale,20,0,warehouse2,Transaction processed for WH_100 location,system,2026-03-24
2376,1562,1,Sale,2025-11-01,-31,121.04,3752.24,SO-66750,Customer Sale,60,29,warehouse1,Transaction processed for WH_100 location,system,2025-11-01
2377,3052,2,Sale,2025-12-23,-44,115.25,5071.0,SO-93502,Customer Sale,57,13,system,Transaction processed for Backup location,system,2025-12-23
2378,3022,1,Sale,2025-08-09,-22,352.53,7755.66,SO-90031,Customer Sale,22,0,system,Transaction processed for WH_100 location,system,2025-08-09
2379,3012,2,Sale,2026-03-19,-7,659.11,4613.77,SO-36338,Customer Sale,27,20,warehouse1,Transaction processed for Backup location,system,2026-03-19
2380,3011,1,Transfer,2025-08-09,-31,968.68,30029.08,TRF-2639,Warehouse Transfer,173,142,warehouse1,Transaction processed for WH_100 location,system,2025-08-09
2381,3042,2,Sale,2026-02-14,-31,62.54,1938.74,SO-50994,Customer Sale,60,29,warehouse1,Transaction processed for Backup location,system,2026-02-14
2382,1551,2,Adjustment,2025-11-03,-10,67.04,670.4,ADJ-2382,System Correction,19,9,warehouse2,Transaction processed for Backup location,system,2025-11-03
2383,1522,2,Receipt,2026-04-20,187,170.02,31793.74,PO-8173,Purchase Order Receipt,96,283,warehouse1,Transaction processed for Backup location,system,2026-04-20
2384,1531,2,Receipt,2026-02-25,144,90.23,12993.12,PO-8522,Purchase Order Receipt,29,173,system,Transaction processed for Backup location,system,2026-02-25
2385,1581,1,Receipt,2026-01-31,88,47.9,4215.2,PO-8057,Purchase Order Receipt,40,128,warehouse2,Transaction processed for WH_100 location,system,2026-01-31
2386,3053,1,Sale,2026-01-13,-12,180.15,2161.8,SO-12369,Customer Sale,133,121,warehouse1,Transaction processed for WH_100 location,system,2026-01-13
2387,3091,2,Receipt,2026-01-27,132,476.94,62956.08,PO-4838,Purchase Order Receipt,89,221,warehouse1,Transaction processed for Backup location,system,2026-01-27
2388,1572,3,Sale,2025-11-27,-46,222.59,10239.14,SO-10859,Customer Sale,221,175,system,Transaction processed for WH_500 location,system,2025-11-27
2389,1521,1,Receipt,2025-08-30,94,122.23,11489.62,PO-1918,Purchase Order Receipt,29,123,system,Transaction processed for WH_100 location,system,2025-08-30
2390,2111,2,Damage,2025-07-16,-6,142.6,855.6,DMG-2390,Warehouse Damage,28,22,warehouse2,Transaction processed for WH_200 location,system,2025-07-16
2391,1542,1,Receipt,2025-12-06,182,89.75,16334.5,PO-1464,Purchase Order Receipt,138,320,system,Transaction processed for WH_100 location,system,2025-12-06
2392,3092,1,Transfer,2026-02-05,-39,540.11,21064.29,TRF-9019,Warehouse Transfer,339,300,warehouse2,Transaction processed for WH_100 location,system,2026-02-05
2393,3104,2,Adjustment,2026-03-06,-8,118.89,951.12,ADJ-2393,Physical Count,11,3,system,Transaction processed for Backup location,system,2026-03-06
2394,1512,1,Sale,2025-07-30,-13,219.21,2849.73,SO-94314,Customer Sale,61,48,warehouse2,Transaction processed for WH_100 location,system,2025-07-30
2395,1542,1,Sale,2025-07-15,-8,90.83,726.64,SO-78251,Customer Sale,168,160,warehouse1,Transaction processed for WH_100 location,system,2025-07-15
2396,1551,2,Sale,2025-08-24,-30,67.04,2011.2,SO-82874,Customer Sale,34,4,system,Transaction processed for Backup location,system,2025-08-24
2397,3061,1,Sale,2025-09-21,-21,151.7,3185.7,SO-59046,Customer Sale,68,47,warehouse2,Transaction processed for WH_100 location,system,2025-09-21
2398,3033,1,Adjustment,2025-10-12,0,419.49,0.0,ADJ-2398,Cycle Count,153,153,warehouse1,Transaction processed for WH_100 location,system,2025-10-12
2399,3103,2,Sale,2025-10-16,-20,180.33,3606.6,SO-51561,Customer Sale,120,100,warehouse2,Transaction processed for Backup location,system,2025-10-16
2400,3022,2,Return,2026-02-11,1,282.02,282.02,RET-78208,Customer Return,113,114,warehouse1,Transaction processed for Backup location,system,2026-02-11
2401,1522,2,Adjustment,2025-10-17,-5,163.1,815.5,ADJ-2401,System Correction,7,2,system,Transaction processed for Backup location,system,2025-10-17
2402,1541,1,Receipt,2025-10-23,173,127.28,22019.44,PO-2984,Purchase Order Receipt,100,273,warehouse2,Transaction processed for WH_100 location,system,2025-10-23
2403,3022,1,Receipt,2026-02-17,67,368.31,24676.77,PO-9412,Purchase Order Receipt,61,128,warehouse2,Transaction processed for WH_100 location,system,2026-02-17
2404,1551,1,Sale,2025-11-04,-31,67.04,2078.24,SO-74775,Customer Sale,89,58,system,Transaction processed for WH_100 location,system,2025-11-04
2405,1522,2,Sale,2026-03-07,-15,163.1,2446.5,SO-92673,Customer Sale,79,64,warehouse2,Transaction processed for Backup location,system,2026-03-07
2406,3104,2,Adjustment,2026-01-16,7,118.89,832.23,ADJ-2406,Physical Count,73,80,system,Transaction processed for WH_200 location,system,2026-01-16
2407,1551,2,Sale,2025-11-27,-42,67.04,2815.68,SO-65319,Customer Sale,42,0,warehouse1,Transaction processed for Backup location,system,2025-11-27
2408,3031,2,Receipt,2025-07-27,183,427.52,78236.16,PO-3610,Purchase Order Receipt,108,291,warehouse2,Transaction processed for Backup location,system,2025-07-27
2409,3033,1,Receipt,2025-07-18,78,415.42,32402.76,PO-3148,Purchase Order Receipt,93,171,system,Transaction processed for WH_100 location,system,2025-07-18
2410,1561,2,Sale,2026-02-21,-3,82.06,246.18,SO-62537,Customer Sale,37,34,system,Transaction processed for Backup location,system,2026-02-21
2411,2031,1,Sale,2026-01-09,-5,23.04,115.2,SO-33145,Customer Sale,144,139,warehouse1,Transaction processed for WH_100 location,system,2026-01-09
2412,3052,2,Transfer,2025-11-10,-8,115.25,922.0,TRF-3794,Warehouse Transfer,8,0,system,Transaction processed for Backup location,system,2025-11-10
2413,3013,1,Sale,2025-10-15,-45,344.68,15510.6,SO-92745,Customer Sale,45,0,warehouse2,Transaction processed for WH_100 location,system,2025-10-15
2414,3061,1,Sale,2025-07-16,-20,151.7,3034.0,SO-99096,Customer Sale,20,0,warehouse1,Transaction processed for WH_100 location,system,2025-07-16
2415,1523,2,Adjustment,2025-09-02,-4,54.46,217.84,ADJ-2415,Cycle Count,185,181,warehouse2,Transaction processed for WH_200 location,system,2025-09-02
2416,3012,1,Sale,2026-02-14,-32,659.11,21091.52,SO-82071,Customer Sale,242,210,warehouse1,Transaction processed for WH_100 location,system,2026-02-14
2417,3062,3,Receipt,2026-01-23,102,91.42,9324.84,PO-7606,Purchase Order Receipt,26,128,system,Transaction processed for WH_500 location,system,2026-01-23
2418,1541,1,Receipt,2026-01-17,140,128.55,17997.0,PO-5377,Purchase Order Receipt,71,211,system,Transaction processed for WH_100 location,system,2026-01-17
2419,1533,1,Transfer,2026-04-29,-15,107.2,1608.0,TRF-8736,Warehouse Transfer,58,43,warehouse1,Transaction processed for WH_100 location,system,2026-04-29
2420,1512,1,Adjustment,2026-02-20,9,219.21,1972.89,ADJ-2420,System Correction,6,15,system,Transaction processed for WH_100 location,system,2026-02-20
2421,2011,2,Receipt,2025-12-19,95,126.93,12058.35,PO-1203,Purchase Order Receipt,94,189,system,Transaction processed for Backup location,system,2025-12-19
2422,3022,2,Receipt,2026-04-29,24,358.15,8595.6,PO-4158,Purchase Order Receipt,71,95,warehouse1,Transaction processed for Backup location,system,2026-04-29
2423,2091,1,Sale,2025-10-24,-2,7.98,15.96,SO-51621,Customer Sale,53,51,system,Transaction processed for WH_100 location,system,2025-10-24
2424,3021,1,Adjustment,2025-07-02,-16,270.38,4326.08,ADJ-2424,System Correction,61,45,warehouse1,Transaction processed for WH_100 location,system,2025-07-02
2425,3091,2,Adjustment,2026-01-03,-1,456.94,456.94,ADJ-2425,Cycle Count,125,124,system,Transaction processed for Backup location,system,2026-01-03
2426,1541,1,Receipt,2026-04-25,94,138.1,12981.4,PO-6965,Purchase Order Receipt,13,107,warehouse1,Transaction processed for WH_100 location,system,2026-04-25
2427,1531,2,Sale,2025-11-09,-20,91.09,1821.8,SO-95871,Customer Sale,62,42,warehouse1,Transaction processed for Backup location,system,2025-11-09
2428,3092,1,Receipt,2026-03-01,162,538.31,87206.22,PO-5949,Purchase Order Receipt,260,422,warehouse1,Transaction processed for WH_100 location,system,2026-03-01
2429,3022,2,Sale,2025-10-02,-13,352.53,4582.89,SO-62590,Customer Sale,13,0,warehouse2,Transaction processed for Backup location,system,2025-10-02
2430,3052,2,Adjustment,2025-12-13,19,115.25,2189.75,ADJ-2430,Cycle Count,93,112,system,Transaction processed for Backup location,system,2025-12-13
2431,2101,2,Receipt,2026-04-13,87,13.71,1192.77,PO-4379,Purchase Order Receipt,22,109,system,Transaction processed for WH_200 location,system,2026-04-13
2432,1542,1,Receipt,2026-03-30,162,91.36,14800.32,PO-8006,Purchase Order Receipt,128,290,warehouse1,Transaction processed for WH_100 location,system,2026-03-30
2433,1571,1,Sale,2025-08-23,-27,109.65,2960.55,SO-15553,Customer Sale,214,187,warehouse2,Transaction processed for WH_100 location,system,2025-08-23
2434,3102,2,Sale,2025-10-25,-14,173.13,2423.82,SO-39911,Customer Sale,67,53,warehouse1,Transaction processed for Backup location,system,2025-10-25
2435,3104,2,Sale,2025-11-15,-19,118.89,2258.91,SO-81717,Customer Sale,105,86,warehouse1,Transaction processed for WH_200 location,system,2025-11-15
2436,3031,3,Receipt,2026-04-10,167,427.17,71337.39,PO-4078,Purchase Order Receipt,8,175,warehouse1,Transaction processed for WH_500 location,system,2026-04-10
2437,1552,2,Return,2025-12-07,5,46.76,233.8,RET-36798,Customer Return,260,265,warehouse1,Transaction processed for WH_200 location,system,2025-12-07
2438,2091,1,Sale,2026-02-08,-39,7.98,311.22,SO-71236,Customer Sale,73,34,warehouse1,Transaction processed for WH_100 location,system,2026-02-08
2439,1562,1,Receipt,2025-12-08,187,120.57,22546.59,PO-9491,Purchase Order Receipt,22,209,system,Transaction processed for WH_100 location,system,2025-12-08
2440,1522,1,Transfer,2025-07-05,-13,163.1,2120.3,TRF-1711,Warehouse Transfer,65,52,warehouse1,Transaction processed for WH_100 location,system,2025-07-05
2441,3042,1,Transfer,2026-04-01,-43,62.54,2689.22,TRF-9457,Warehouse Transfer,195,152,warehouse1,Transaction processed for WH_100 location,system,2026-04-01
2442,1522,1,Sale,2026-04-09,-15,163.1,2446.5,SO-42839,Customer Sale,193,178,warehouse1,Transaction processed for WH_100 location,system,2026-04-09
2443,1553,2,Sale,2025-10-08,-14,91.38,1279.32,SO-63992,Customer Sale,94,80,warehouse2,Transaction processed for Backup location,system,2025-10-08
2444,1541,2,Transfer,2025-10-26,-14,132.59,1856.26,TRF-7845,Warehouse Transfer,48,34,warehouse1,Transaction processed for Backup location,system,2025-10-26
2445,3011,1,Sale,2026-02-13,-50,968.68,48434.0,SO-49327,Customer Sale,223,173,warehouse1,Transaction processed for WH_100 location,system,2026-02-13
2446,3104,2,Transfer,2026-02-03,-28,118.89,3328.92,TRF-4754,Warehouse Transfer,122,94,system,Transaction processed for Backup location,system,2026-02-03
2447,3031,3,Sale,2025-10-05,-2,419.97,839.94,SO-19321,Customer Sale,2,0,warehouse2,Transaction processed for WH_500 location,system,2025-10-05
2448,1531,2,Sale,2026-04-24,-7,91.09,637.63,SO-50927,Customer Sale,61,54,system,Transaction processed for Backup location,system,2026-04-24
2449,3092,1,Transfer,2026-02-27,-35,540.11,18903.85,TRF-3954,Warehouse Transfer,184,149,warehouse2,Transaction processed for WH_100 location,system,2026-02-27
2450,3012,1,Receipt,2025-07-10,22,647.05,14235.1,PO-9780,Purchase Order Receipt,138,160,warehouse2,Transaction processed for WH_100 location,system,2025-07-10
2451,1571,1,Adjustment,2026-02-27,-1,109.65,109.65,ADJ-2451,Cycle Count,159,158,warehouse2,Transaction processed for WH_100 location,system,2026-02-27
2452,3022,2,Sale,2025-09-07,-5,352.53,1762.65,SO-61491,Customer Sale,5,0,warehouse2,Transaction processed for Backup location,system,2025-09-07
2453,1533,1,Damage,2025-09-06,-8,107.2,857.6,DMG-2453,Shipping Damage,36,28,warehouse2,Transaction processed for WH_100 location,system,2025-09-06
2454,3092,1,Receipt,2026-01-21,162,562.51,91126.62,PO-7298,Purchase Order Receipt,246,408,system,Transaction processed for WH_100 location,system,2026-01-21
2455,2091,1,Adjustment,2026-03-23,13,7.98,103.74,ADJ-2455,System Correction,11,24,system,Transaction processed for WH_100 location,system,2026-03-23
2456,1552,2,Receipt,2026-01-05,29,60.05,1741.45,PO-1292,Purchase Order Receipt,263,292,system,Transaction processed for WH_200 location,system,2026-01-05
2457,2011,2,Transfer,2025-09-21,-29,124.64,3614.56,TRF-5779,Warehouse Transfer,38,9,system,Transaction processed for Backup location,system,2025-09-21
2458,3042,2,Sale,2025-08-31,-5,62.54,312.7,SO-81406,Customer Sale,8,3,warehouse1,Transaction processed for Backup location,system,2025-08-31
2459,3012,2,Receipt,2026-04-21,148,667.51,98791.48,PO-5666,Purchase Order Receipt,41,189,warehouse1,Transaction processed for Backup location,system,2026-04-21
2460,3022,2,Receipt,2025-10-19,35,347.04,12146.4,PO-8737,Purchase Order Receipt,48,83,system,Transaction processed for Backup location,system,2025-10-19
2461,1542,1,Receipt,2025-12-18,175,93.94,16439.5,PO-7658,Purchase Order Receipt,149,324,system,Transaction processed for WH_100 location,system,2025-12-18
2462,1551,1,Sale,2026-04-11,-7,67.04,469.28,SO-57789,Customer Sale,56,49,system,Transaction processed for WH_100 location,system,2026-04-11
2463,3012,1,Sale,2025-08-12,-3,659.11,1977.33,SO-87843,Customer Sale,160,157,system,Transaction processed for WH_100 location,system,2025-08-12
2464,1553,2,Receipt,2026-01-14,40,92.7,3708.0,PO-1842,Purchase Order Receipt,45,85,warehouse1,Transaction processed for Backup location,system,2026-01-14
2465,3062,3,Sale,2025-10-12,-40,88.18,3527.2,SO-52565,Customer Sale,99,59,warehouse2,Transaction processed for WH_500 location,system,2025-10-12
2466,3011,1,Adjustment,2025-09-24,-17,968.68,16467.56,ADJ-2466,Physical Count,251,234,warehouse1,Transaction processed for WH_100 location,system,2025-09-24
2467,2112,1,Receipt,2025-11-08,80,69.69,5575.2,PO-8965,Purchase Order Receipt,43,123,warehouse2,Transaction processed for WH_100 location,system,2025-11-08
2468,1533,1,Adjustment,2026-04-12,15,107.2,1608.0,ADJ-2468,Cycle Count,7,22,warehouse1,Transaction processed for WH_100 location,system,2026-04-12
2469,3032,1,Sale,2025-09-17,-38,240.85,9152.3,SO-36756,Customer Sale,154,116,warehouse1,Transaction processed for WH_100 location,system,2025-09-17
2470,2051,1,Sale,2025-07-24,-8,16.44,131.52,SO-52938,Customer Sale,65,57,warehouse2,Transaction processed for WH_100 location,system,2025-07-24
2471,2022,1,Sale,2025-09-30,-6,36.37,218.22,SO-85637,Customer Sale,138,132,warehouse1,Transaction processed for WH_100 location,system,2025-09-30
2472,3102,2,Sale,2025-08-18,-25,173.13,4328.25,SO-82223,Customer Sale,63,38,warehouse2,Transaction processed for Backup location,system,2025-08-18
2473,2061,1,Receipt,2025-07-20,76,26.61,2022.36,PO-2336,Purchase Order Receipt,174,250,warehouse1,Transaction processed for WH_100 location,system,2025-07-20
2474,2011,2,Receipt,2025-07-05,23,130.25,2995.75,PO-1547,Purchase Order Receipt,48,71,warehouse2,Transaction processed for Backup location,system,2025-07-05
2475,3103,1,Return,2026-01-06,2,144.26,288.52,RET-53293,Customer Return,215,217,warehouse1,Transaction processed for WH_100 location,system,2026-01-06
2476,1571,1,Adjustment,2026-04-03,-11,109.65,1206.15,ADJ-2476,System Correction,266,255,warehouse1,Transaction processed for WH_100 location,system,2026-04-03
2477,1561,2,Receipt,2026-03-23,141,79.94,11271.54,PO-8170,Purchase Order Receipt,50,191,warehouse2,Transaction processed for Backup location,system,2026-03-23
2478,1523,2,Receipt,2025-09-12,43,56.16,2414.88,PO-1448,Purchase Order Receipt,173,216,warehouse1,Transaction processed for WH_200 location,system,2025-09-12
2479,1523,2,Transfer,2025-12-14,-7,54.46,381.22,TRF-8895,Warehouse Transfer,94,87,warehouse1,Transaction processed for WH_200 location,system,2025-12-14
2480,2051,2,Transfer,2026-01-04,-6,16.44,98.64,TRF-5374,Warehouse Transfer,32,26,warehouse1,Transaction processed for Backup location,system,2026-01-04
2481,3052,1,Adjustment,2025-07-08,-9,115.25,1037.25,ADJ-2481,System Correction,106,97,system,Transaction processed for WH_100 location,system,2025-07-08
2482,2112,1,Sale,2026-01-22,-27,66.6,1798.2,SO-35964,Customer Sale,213,186,warehouse1,Transaction processed for WH_100 location,system,2026-01-22
2483,3091,2,Damage,2026-04-25,-8,456.94,3655.52,DMG-2483,Warehouse Damage,150,142,warehouse2,Transaction processed for WH_200 location,system,2026-04-25
2484,1553,1,Receipt,2025-11-01,125,90.1,11262.5,PO-6839,Purchase Order Receipt,39,164,system,Transaction processed for WH_100 location,system,2025-11-01
2485,1512,1,Return,2025-11-26,1,175.37,175.37,RET-84022,Customer Return,33,34,warehouse2,Transaction processed for WH_100 location,system,2025-11-26
2486,3091,2,Sale,2026-01-09,-8,456.94,3655.52,SO-88279,Customer Sale,8,0,system,Transaction processed for WH_200 location,system,2026-01-09
2487,1533,1,Sale,2026-03-23,-49,107.2,5252.8,SO-39871,Customer Sale,97,48,warehouse2,Transaction processed for WH_100 location,system,2026-03-23
2488,2061,1,Sale,2025-10-08,-3,25.72,77.16,SO-12708,Customer Sale,3,0,system,Transaction processed for WH_100 location,system,2025-10-08
2489,3081,1,Sale,2026-02-26,-42,58.16,2442.72,SO-15836,Customer Sale,81,39,system,Transaction processed for WH_100 location,system,2026-02-26
2490,1572,3,Receipt,2025-09-27,167,220.91,36891.97,PO-8336,Purchase Order Receipt,168,335,warehouse2,Transaction processed for WH_500 location,system,2025-09-27
2491,2011,2,Receipt,2025-10-14,80,121.59,9727.2,PO-4337,Purchase Order Receipt,31,111,warehouse1,Transaction processed for Backup location,system,2025-10-14
2492,3052,1,Transfer,2025-11-22,-2,115.25,230.5,TRF-6378,Warehouse Transfer,2,0,system,Transaction processed for WH_100 location,system,2025-11-22
2493,1543,1,Receipt,2026-04-14,119,66.71,7938.49,PO-9490,Purchase Order Receipt,111,230,warehouse2,Transaction processed for WH_100 location,system,2026-04-14
2494,1551,1,Receipt,2026-01-15,17,69.67,1184.39,PO-2045,Purchase Order Receipt,1,18,warehouse1,Transaction processed for WH_100 location,system,2026-01-15
2495,1521,2,Sale,2026-01-01,-11,122.8,1350.8,SO-34629,Customer Sale,20,9,warehouse2,Transaction processed for Backup location,system,2026-01-01
2496,1571,1,Damage,2026-03-26,-10,109.65,1096.5,DMG-2496,Quality Issue,253,243,warehouse1,Transaction processed for WH_100 location,system,2026-03-26
2497,1572,3,Receipt,2026-01-01,174,214.43,37310.82,PO-9841,Purchase Order Receipt,236,410,system,Transaction processed for WH_500 location,system,2026-01-01
2498,1541,2,Receipt,2025-07-22,65,135.0,8775.0,PO-6435,Purchase Order Receipt,68,133,warehouse2,Transaction processed for Backup location,system,2025-07-22
2499,3031,3,Sale,2026-01-14,-41,419.97,17218.77,SO-16304,Customer Sale,41,0,warehouse2,Transaction processed for WH_500 location,system,2026-01-14
2500,2071,2,Transfer,2025-08-04,-10,21.94,219.4,TRF-1441,Warehouse Transfer,10,0,warehouse2,Transaction processed for Backup location,system,2025-08-04
2501,2012,1,Return,2026-01-02,1,250.09,250.09,RET-19347,Customer Return,124,125,warehouse2,Transaction processed for WH_100 location,system,2026-01-02
2502,3104,2,Sale,2025-10-20,-30,118.89,3566.7,SO-11853,Customer Sale,99,69,warehouse2,Transaction processed for Backup location,system,2025-10-20
2503,3053,1,Sale,2025-12-14,-23,180.15,4143.45,SO-74010,Customer Sale,104,81,system,Transaction processed for WH_100 location,system,2025-12-14
2504,3082,1,Transfer,2025-08-09,-17,84.82,1441.94,TRF-6101,Warehouse Transfer,189,172,system,Transaction processed for WH_100 location,system,2025-08-09
2505,3013,1,Receipt,2026-04-23,135,345.77,46678.95,PO-9003,Purchase Order Receipt,91,226,warehouse2,Transaction processed for WH_100 location,system,2026-04-23
2506,1531,2,Sale,2025-09-04,-18,91.09,1639.62,SO-97552,Customer Sale,91,73,warehouse1,Transaction processed for Backup location,system,2025-09-04
2507,3022,2,Sale,2026-03-17,-47,352.53,16568.91,SO-36993,Customer Sale,61,14,system,Transaction processed for Backup location,system,2026-03-17
2508,2051,1,Sale,2025-08-09,-16,16.44,263.04,SO-36994,Customer Sale,150,134,warehouse2,Transaction processed for WH_100 location,system,2025-08-09
2509,1553,2,Sale,2025-12-27,-4,91.38,365.52,SO-83387,Customer Sale,140,136,warehouse2,Transaction processed for Backup location,system,2025-12-27
2510,3102,2,Sale,2026-02-14,-24,173.13,4155.12,SO-61585,Customer Sale,128,104,warehouse2,Transaction processed for Backup location,system,2026-02-14
2511,2011,1,Receipt,2025-08-02,12,124.9,1498.8,PO-1132,Purchase Order Receipt,34,46,warehouse1,Transaction processed for WH_100 location,system,2025-08-02
2512,2021,1,Sale,2025-12-18,-14,71.31,998.34,SO-42682,Customer Sale,159,145,warehouse2,Transaction processed for WH_100 location,system,2025-12-18
2513,3101,1,Sale,2026-03-31,-5,114.44,572.2,SO-54134,Customer Sale,11,6,warehouse1,Transaction processed for WH_100 location,system,2026-03-31
2514,3082,1,Sale,2025-08-07,-10,84.82,848.2,SO-50632,Customer Sale,48,38,warehouse1,Transaction processed for WH_100 location,system,2025-08-07
2515,3101,1,Adjustment,2025-09-11,10,114.44,1144.4,ADJ-2515,Cycle Count,132,142,warehouse1,Transaction processed for WH_100 location,system,2025-09-11
2516,3104,2,Receipt,2025-07-08,99,114.28,11313.72,PO-8054,Purchase Order Receipt,44,143,system,Transaction processed for Backup location,system,2025-07-08
2517,1551,2,Sale,2025-07-31,-25,67.04,1676.0,SO-47668,Customer Sale,25,0,warehouse2,Transaction processed for Backup location,system,2025-07-31
2518,1531,2,Sale,2026-02-22,-40,91.09,3643.6,SO-15144,Customer Sale,87,47,warehouse2,Transaction processed for Backup location,system,2026-02-22
2519,3033,1,Sale,2025-07-27,-16,419.49,6711.84,SO-49116,Customer Sale,16,0,warehouse2,Transaction processed for WH_100 location,system,2025-07-27
2520,2101,2,Sale,2026-03-14,-12,13.5,162.0,SO-68969,Customer Sale,48,36,warehouse2,Transaction processed for WH_200 location,system,2026-03-14
2521,2031,1,Sale,2026-01-28,-6,23.04,138.24,SO-58638,Customer Sale,57,51,warehouse1,Transaction processed for WH_100 location,system,2026-01-28
2522,1581,1,Receipt,2026-03-29,59,47.12,2780.08,PO-4623,Purchase Order Receipt,80,139,system,Transaction processed for WH_100 location,system,2026-03-29
2523,3012,1,Adjustment,2026-01-23,-16,659.11,10545.76,ADJ-2523,System Correction,261,245,warehouse2,Transaction processed for WH_100 location,system,2026-01-23
2524,2091,1,Damage,2025-10-05,-1,7.98,7.98,DMG-2524,Quality Issue,8,7,system,Transaction processed for WH_100 location,system,2025-10-05
2525,1522,2,Sale,2025-08-17,-40,163.1,6524.0,SO-41396,Customer Sale,123,83,system,Transaction processed for Backup location,system,2025-08-17
2526,1572,3,Return,2026-04-08,4,178.07,712.28,RET-92095,Customer Return,234,238,warehouse1,Transaction processed for WH_500 location,system,2026-04-08
2527,3081,1,Sale,2026-03-13,-25,58.16,1454.0,SO-18015,Customer Sale,57,32,warehouse2,Transaction processed for WH_100 location,system,2026-03-13
2528,3042,2,Transfer,2026-02-21,-8,62.54,500.32,TRF-1193,Warehouse Transfer,94,86,warehouse2,Transaction processed for Backup location,system,2026-02-21
2529,2012,1,Receipt,2026-03-25,63,314.99,19844.37,PO-7685,Purchase Order Receipt,50,113,warehouse2,Transaction processed for WH_100 location,system,2026-03-25
2530,3012,1,Sale,2026-04-21,-50,659.11,32955.5,SO-97672,Customer Sale,303,253,warehouse2,Transaction processed for WH_100 location,system,2026-04-21
2531,3021,1,Receipt,2025-10-06,137,276.06,37820.22,PO-4022,Purchase Order Receipt,39,176,warehouse1,Transaction processed for WH_100 location,system,2025-10-06
2532,2041,1,Transfer,2025-08-09,-16,44.39,710.24,TRF-9840,Warehouse Transfer,16,0,warehouse1,Transaction processed for WH_100 location,system,2025-08-09
2533,1581,1,Sale,2026-03-21,-29,48.56,1408.24,SO-28083,Customer Sale,78,49,system,Transaction processed for WH_100 location,system,2026-03-21
2534,3041,2,Receipt,2026-01-28,108,132.63,14324.04,PO-8606,Purchase Order Receipt,82,190,system,Transaction processed for Backup location,system,2026-01-28
2535,3102,2,Transfer,2026-03-02,-23,173.13,3981.99,TRF-3107,Warehouse Transfer,28,5,system,Transaction processed for Backup location,system,2026-03-02
2536,1553,1,Receipt,2025-11-20,126,89.47,11273.22,PO-7679,Purchase Order Receipt,205,331,warehouse2,Transaction processed for WH_100 location,system,2025-11-20
2537,3103,2,Receipt,2025-11-11,133,179.17,23829.61,PO-7636,Purchase Order Receipt,56,189,warehouse2,Transaction processed for Backup location,system,2025-11-11
2538,3033,1,Sale,2026-01-19,-11,419.49,4614.39,SO-65929,Customer Sale,44,33,warehouse1,Transaction processed for WH_100 location,system,2026-01-19
2539,1563,1,Sale,2026-04-29,-22,70.33,1547.26,SO-59645,Customer Sale,104,82,warehouse1,Transaction processed for WH_100 location,system,2026-04-29
2540,1571,1,Receipt,2026-01-03,114,106.22,12109.08,PO-5202,Purchase Order Receipt,243,357,warehouse1,Transaction processed for WH_100 location,system,2026-01-03
2541,1561,1,Sale,2025-08-20,-6,82.06,492.36,SO-28500,Customer Sale,75,69,system,Transaction processed for WH_100 location,system,2025-08-20
2542,3021,1,Receipt,2025-09-16,64,266.02,17025.28,PO-2022,Purchase Order Receipt,83,147,warehouse1,Transaction processed for WH_100 location,system,2025-09-16
2543,3053,1,Transfer,2026-01-29,-42,180.15,7566.3,TRF-6873,Warehouse Transfer,144,102,system,Transaction processed for WH_100 location,system,2026-01-29
2544,1561,2,Receipt,2025-09-05,174,85.88,14943.12,PO-1986,Purchase Order Receipt,104,278,system,Transaction processed for Backup location,system,2025-09-05
2545,3011,1,Sale,2025-07-31,-21,968.68,20342.28,SO-40748,Customer Sale,226,205,system,Transaction processed for WH_100 location,system,2025-07-31
2546,2012,1,Sale,2026-02-11,-25,312.61,7815.25,SO-73224,Customer Sale,201,176,warehouse1,Transaction processed for WH_100 location,system,2026-02-11
2547,3051,1,Sale,2025-07-05,-27,226.49,6115.23,SO-97107,Customer Sale,48,21,warehouse1,Transaction processed for WH_100 location,system,2025-07-05
2548,3101,1,Adjustment,2026-01-12,-3,114.44,343.32,ADJ-2548,Physical Count,94,91,warehouse1,Transaction processed for WH_100 location,system,2026-01-12
2549,1533,1,Sale,2025-09-18,-33,107.2,3537.6,SO-93807,Customer Sale,67,34,warehouse2,Transaction processed for WH_100 location,system,2025-09-18
2550,3092,1,Receipt,2026-01-29,132,537.69,70975.08,PO-9513,Purchase Order Receipt,332,464,warehouse2,Transaction processed for WH_100 location,system,2026-01-29
2551,1531,2,Sale,2025-12-19,-7,91.09,637.63,SO-77366,Customer Sale,7,0,warehouse2,Transaction processed for Backup location,system,2025-12-19
2552,3042,2,Sale,2026-03-13,-34,62.54,2126.36,SO-32756,Customer Sale,103,69,system,Transaction processed for Backup location,system,2026-03-13
2553,3082,1,Sale,2025-09-02,-50,84.82,4241.0,SO-34510,Customer Sale,164,114,system,Transaction processed for WH_100 location,system,2025-09-02
2554,1531,1,Receipt,2025-07-15,15,90.49,1357.35,PO-1382,Purchase Order Receipt,127,142,system,Transaction processed for WH_100 location,system,2025-07-15
2555,3091,2,Sale,2026-01-01,-24,456.94,10966.56,SO-36029,Customer Sale,24,0,warehouse1,Transaction processed for WH_200 location,system,2026-01-01
2556,1521,2,Adjustment,2025-09-10,-14,122.8,1719.2,ADJ-2556,System Correction,49,35,warehouse2,Transaction processed for Backup location,system,2025-09-10
2557,3052,2,Sale,2025-12-23,-50,115.25,5762.5,SO-90002,Customer Sale,62,12,warehouse1,Transaction processed for Backup location,system,2025-12-23
2558,3092,1,Sale,2025-08-22,-37,540.11,19984.07,SO-47816,Customer Sale,189,152,warehouse1,Transaction processed for WH_100 location,system,2025-08-22
2559,1531,1,Transfer,2026-02-26,-33,91.09,3005.97,TRF-5250,Warehouse Transfer,117,84,system,Transaction processed for WH_100 location,system,2026-02-26
2560,3052,2,Receipt,2026-01-26,124,120.25,14911.0,PO-5748,Purchase Order Receipt,21,145,warehouse2,Transaction processed for Backup location,system,2026-01-26
2561,1531,2,Adjustment,2026-02-13,11,91.09,1001.99,ADJ-2561,Physical Count,104,115,warehouse2,Transaction processed for Backup location,system,2026-02-13
2562,3042,1,Sale,2025-12-31,-15,62.54,938.1,SO-44865,Customer Sale,257,242,warehouse1,Transaction processed for WH_100 location,system,2025-12-31
2563,3013,1,Sale,2026-01-05,-7,344.68,2412.76,SO-46983,Customer Sale,7,0,system,Transaction processed for WH_100 location,system,2026-01-05
2564,1562,1,Sale,2025-11-27,-29,121.04,3510.16,SO-22840,Customer Sale,69,40,warehouse2,Transaction processed for WH_100 location,system,2025-11-27
2565,1541,2,Sale,2025-07-04,-12,132.59,1591.08,SO-59942,Customer Sale,12,0,warehouse2,Transaction processed for Backup location,system,2025-07-04
2566,3013,1,Sale,2025-07-30,-21,344.68,7238.28,SO-43117,Customer Sale,176,155,system,Transaction processed for WH_100 location,system,2025-07-30
2567,2071,2,Receipt,2025-11-27,103,21.22,2185.66,PO-6927,Purchase Order Receipt,76,179,system,Transaction processed for Backup location,system,2025-11-27
2568,3011,1,Adjustment,2025-09-15,-19,968.68,18404.92,ADJ-2568,System Correction,196,177,warehouse2,Transaction processed for WH_100 location,system,2025-09-15
2569,3031,2,Receipt,2025-11-10,157,410.83,64500.31,PO-8508,Purchase Order Receipt,75,232,warehouse2,Transaction processed for Backup location,system,2025-11-10
2570,3102,2,Adjustment,2026-01-08,-6,173.13,1038.78,ADJ-2570,System Correction,99,93,system,Transaction processed for Backup location,system,2026-01-08
2571,3053,1,Sale,2026-02-24,-49,180.15,8827.35,SO-39086,Customer Sale,101,52,warehouse2,Transaction processed for WH_100 location,system,2026-02-24
2572,3031,2,Receipt,2025-07-29,76,436.13,33145.88,PO-7330,Purchase Order Receipt,57,133,system,Transaction processed for Backup location,system,2025-07-29
2573,3041,2,Adjustment,2026-01-15,19,127.74,2427.06,ADJ-2573,Cycle Count,163,182,system,Transaction processed for WH_200 location,system,2026-01-15
2574,3021,1,Adjustment,2025-10-28,20,270.38,5407.6,ADJ-2574,Cycle Count,29,49,warehouse1,Transaction processed for WH_100 location,system,2025-10-28
2575,2022,1,Return,2025-09-10,4,29.1,116.4,RET-56381,Customer Return,99,103,warehouse2,Transaction processed for WH_100 location,system,2025-09-10
2576,3102,1,Sale,2025-08-23,-7,173.13,1211.91,SO-34101,Customer Sale,87,80,warehouse2,Transaction processed for WH_100 location,system,2025-08-23
2577,3033,1,Damage,2026-04-22,-10,419.49,4194.9,DMG-2577,Warehouse Damage,88,78,warehouse1,Transaction processed for WH_100 location,system,2026-04-22
2578,1521,2,Sale,2025-08-14,-45,122.8,5526.0,SO-85534,Customer Sale,57,12,system,Transaction processed for Backup location,system,2025-08-14
2579,1533,1,Receipt,2026-03-13,41,109.05,4471.05,PO-3730,Purchase Order Receipt,118,159,system,Transaction processed for WH_100 location,system,2026-03-13
2580,3013,1,Sale,2025-07-05,-32,344.68,11029.76,SO-66118,Customer Sale,164,132,system,Transaction processed for WH_100 location,system,2025-07-05
2581,1511,2,Sale,2025-12-23,-50,321.96,16098.0,SO-61929,Customer Sale,115,65,warehouse1,Transaction processed for WH_200 location,system,2025-12-23
2582,3072,1,Sale,2025-08-15,-3,10.7,32.1,SO-18733,Customer Sale,143,140,warehouse1,Transaction processed for WH_100 location,system,2025-08-15
2583,1552,2,Sale,2026-02-08,-49,58.45,2864.05,SO-63885,Customer Sale,241,192,warehouse1,Transaction processed for WH_200 location,system,2026-02-08
2584,2112,1,Receipt,2026-01-20,165,63.52,10480.8,PO-3774,Purchase Order Receipt,206,371,system,Transaction processed for WH_100 location,system,2026-01-20
2585,1533,1,Sale,2026-03-10,-8,107.2,857.6,SO-78924,Customer Sale,8,0,warehouse1,Transaction processed for WH_100 location,system,2026-03-10
2586,3013,1,Receipt,2025-10-25,79,345.25,27274.75,PO-1950,Purchase Order Receipt,125,204,warehouse2,Transaction processed for WH_100 location,system,2025-10-25
2587,3081,1,Receipt,2025-09-06,165,60.37,9961.05,PO-1768,Purchase Order Receipt,40,205,system,Transaction processed for WH_100 location,system,2025-09-06
2588,1521,1,Sale,2026-04-24,-48,122.8,5894.4,SO-46646,Customer Sale,93,45,warehouse2,Transaction processed for WH_100 location,system,2026-04-24
2589,3092,1,Sale,2025-12-06,-1,540.11,540.11,SO-76492,Customer Sale,266,265,system,Transaction processed for WH_100 location,system,2025-12-06
2590,3104,2,Receipt,2025-10-22,174,119.34,20765.16,PO-1021,Purchase Order Receipt,126,300,warehouse1,Transaction processed for Backup location,system,2025-10-22
2591,2051,2,Return,2026-01-01,3,13.15,39.45,RET-14412,Customer Return,1,4,system,Transaction processed for Backup location,system,2026-01-01
2592,1572,3,Sale,2026-01-02,-23,222.59,5119.57,SO-40384,Customer Sale,119,96,system,Transaction processed for WH_500 location,system,2026-01-02
2593,3104,2,Sale,2026-04-26,-41,118.89,4874.49,SO-18904,Customer Sale,150,109,warehouse1,Transaction processed for WH_200 location,system,2026-04-26
2594,1571,1,Receipt,2026-03-24,170,109.97,18694.9,PO-2879,Purchase Order Receipt,214,384,warehouse2,Transaction processed for WH_100 location,system,2026-03-24
2595,3103,1,Sale,2026-04-20,-24,180.33,4327.92,SO-24816,Customer Sale,206,182,warehouse1,Transaction processed for WH_100 location,system,2026-04-20
2596,3103,2,Receipt,2025-12-23,139,177.41,24659.99,PO-2522,Purchase Order Receipt,35,174,warehouse1,Transaction processed for Backup location,system,2025-12-23
2597,2121,1,Sale,2025-07-17,-21,31.62,664.02,SO-27011,Customer Sale,41,20,warehouse1,Transaction processed for WH_100 location,system,2025-07-17
2598,2051,1,Receipt,2025-12-14,192,16.92,3248.64,PO-1853,Purchase Order Receipt,111,303,system,Transaction processed for WH_100 location,system,2025-12-14
2599,1551,2,Receipt,2025-12-16,86,67.7,5822.2,PO-8662,Purchase Order Receipt,61,147,system,Transaction processed for Backup location,system,2025-12-16
2600,3061,1,Sale,2025-07-05,-27,151.7,4095.9,SO-58677,Customer Sale,76,49,system,Transaction processed for WH_100 location,system,2025-07-05
2601,3011,1,Transfer,2025-09-27,-46,968.68,44559.28,TRF-2437,Warehouse Transfer,192,146,system,Transaction processed for WH_100 location,system,2025-09-27
2602,3082,1,Sale,2025-11-25,-18,84.82,1526.76,SO-41809,Customer Sale,190,172,warehouse1,Transaction processed for WH_100 location,system,2025-11-25
2603,2031,1,Sale,2025-08-27,-14,23.04,322.56,SO-88853,Customer Sale,55,41,warehouse1,Transaction processed for WH_100 location,system,2025-08-27
2604,3052,1,Receipt,2026-04-13,71,119.39,8476.69,PO-9296,Purchase Order Receipt,115,186,warehouse2,Transaction processed for WH_100 location,system,2026-04-13
2605,2061,1,Sale,2025-11-18,-19,25.72,488.68,SO-89967,Customer Sale,154,135,warehouse2,Transaction processed for WH_100 location,system,2025-11-18
2606,3082,1,Return,2026-03-28,1,67.86,67.86,RET-42195,Customer Return,115,116,system,Transaction processed for WH_100 location,system,2026-03-28
2607,3071,2,Receipt,2025-09-25,14,39.29,550.06,PO-4961,Purchase Order Receipt,13,27,system,Transaction processed for WH_200 location,system,2025-09-25
2608,3041,2,Return,2026-04-11,3,102.19,306.57,RET-74019,Customer Return,38,41,system,Transaction processed for Backup location,system,2026-04-11
2609,3082,1,Receipt,2025-11-28,99,84.83,8398.17,PO-3895,Purchase Order Receipt,10,109,warehouse1,Transaction processed for WH_100 location,system,2025-11-28
2610,1512,1,Receipt,2026-04-20,143,214.28,30642.04,PO-7148,Purchase Order Receipt,22,165,warehouse2,Transaction processed for WH_100 location,system,2026-04-20
2611,3103,2,Receipt,2025-11-27,48,182.32,8751.36,PO-8125,Purchase Order Receipt,79,127,warehouse2,Transaction processed for Backup location,system,2025-11-27
2612,3061,1,Adjustment,2025-12-23,1,151.7,151.7,ADJ-2612,System Correction,22,23,warehouse2,Transaction processed for WH_100 location,system,2025-12-23
2613,3101,1,Sale,2025-10-17,-30,114.44,3433.2,SO-53093,Customer Sale,97,67,warehouse2,Transaction processed for WH_100 location,system,2025-10-17
2614,1521,1,Damage,2025-07-06,-5,122.8,614.0,DMG-2614,Warehouse Damage,84,79,warehouse2,Transaction processed for WH_100 location,system,2025-07-06
2615,1512,1,Sale,2026-04-25,-17,219.21,3726.57,SO-22305,Customer Sale,31,14,warehouse1,Transaction processed for WH_100 location,system,2026-04-25
2616,1511,2,Receipt,2025-09-17,156,331.87,51771.72,PO-5872,Purchase Order Receipt,42,198,system,Transaction processed for WH_200 location,system,2025-09-17
2617,2012,1,Damage,2026-02-08,-10,312.61,3126.1,DMG-2617,Shipping Damage,124,114,system,Transaction processed for WH_100 location,system,2026-02-08
2618,1553,2,Receipt,2025-12-03,66,87.44,5771.04,PO-8204,Purchase Order Receipt,143,209,system,Transaction processed for Backup location,system,2025-12-03
2619,1533,1,Damage,2025-09-20,-3,107.2,321.6,DMG-2619,Quality Issue,3,0,system,Transaction processed for WH_100 location,system,2025-09-20
2620,1531,2,Sale,2025-09-06,-49,91.09,4463.41,SO-44268,Customer Sale,54,5,warehouse1,Transaction processed for Backup location,system,2025-09-06
2621,1553,2,Sale,2025-07-28,-49,91.38,4477.62,SO-71566,Customer Sale,60,11,warehouse2,Transaction processed for Backup location,system,2025-07-28
2622,1563,1,Adjustment,2025-07-13,3,70.33,210.99,ADJ-2622,Cycle Count,87,90,system,Transaction processed for WH_100 location,system,2025-07-13
2623,3062,3,Adjustment,2025-09-06,5,88.18,440.9,ADJ-2623,System Correction,83,88,warehouse1,Transaction processed for WH_500 location,system,2025-09-06
2624,3071,2,Damage,2025-11-21,-9,39.17,352.53,DMG-2624,Warehouse Damage,39,30,warehouse2,Transaction processed for WH_200 location,system,2025-11-21
2625,1551,2,Sale,2025-09-22,-12,67.04,804.48,SO-17192,Customer Sale,19,7,warehouse2,Transaction processed for Backup location,system,2025-09-22
2626,3053,1,Adjustment,2025-08-14,-14,180.15,2522.1,ADJ-2626,Cycle Count,100,86,system,Transaction processed for WH_100 location,system,2025-08-14
2627,3042,2,Sale,2025-09-24,-2,62.54,125.08,SO-86441,Customer Sale,2,0,warehouse1,Transaction processed for Backup location,system,2025-09-24
2628,3031,3,Receipt,2026-02-13,176,424.58,74726.08,PO-2642,Purchase Order Receipt,39,215,warehouse2,Transaction processed for WH_500 location,system,2026-02-13
2629,3091,2,Sale,2026-02-13,-41,456.94,18734.54,SO-36774,Customer Sale,114,73,system,Transaction processed for Backup location,system,2026-02-13
2630,3091,2,Damage,2026-02-12,-1,456.94,456.94,DMG-2630,Warehouse Damage,75,74,warehouse2,Transaction processed for Backup location,system,2026-02-12
2631,1562,1,Damage,2025-08-23,-10,121.04,1210.4,DMG-2631,Warehouse Damage,90,80,warehouse1,Transaction processed for WH_100 location,system,2025-08-23
2632,1552,2,Sale,2026-02-15,-5,58.45,292.25,SO-72662,Customer Sale,170,165,system,Transaction processed for WH_200 location,system,2026-02-15
2633,2051,1,Transfer,2026-02-12,-15,16.44,246.6,TRF-3470,Warehouse Transfer,41,26,warehouse1,Transaction processed for WH_100 location,system,2026-02-12
2634,2061,1,Sale,2025-11-21,-12,25.72,308.64,SO-17333,Customer Sale,163,151,warehouse1,Transaction processed for WH_100 location,system,2025-11-21
2635,3061,1,Sale,2026-03-19,-11,151.7,1668.7,SO-27578,Customer Sale,11,0,warehouse2,Transaction processed for WH_100 location,system,2026-03-19
2636,3062,3,Receipt,2025-08-26,176,87.03,15317.28,PO-4688,Purchase Order Receipt,21,197,warehouse1,Transaction processed for WH_500 location,system,2025-08-26
2637,2012,2,Adjustment,2025-10-20,-14,312.61,4376.54,ADJ-2637,Physical Count,37,23,system,Transaction processed for Backup location,system,2025-10-20
2638,1561,2,Sale,2025-07-24,-44,82.06,3610.64,SO-69285,Customer Sale,89,45,warehouse2,Transaction processed for Backup location,system,2025-07-24
2639,1511,2,Transfer,2026-03-20,-33,321.96,10624.68,TRF-7945,Warehouse Transfer,221,188,warehouse1,Transaction processed for WH_200 location,system,2026-03-20
2640,3081,1,Sale,2026-04-24,-50,58.16,2908.0,SO-67792,Customer Sale,63,13,warehouse1,Transaction processed for WH_100 location,system,2026-04-24
2641,3031,2,Sale,2026-02-09,-42,419.97,17638.74,SO-65737,Customer Sale,42,0,warehouse2,Transaction processed for Backup location,system,2026-02-09
2642,3011,1,Receipt,2025-10-14,154,946.15,145707.1,PO-2711,Purchase Order Receipt,288,442,warehouse2,Transaction processed for WH_100 location,system,2025-10-14
2643,2022,1,Sale,2025-10-13,-47,36.37,1709.39,SO-45358,Customer Sale,110,63,warehouse1,Transaction processed for WH_100 location,system,2025-10-13
2644,2012,1,Receipt,2025-10-24,134,323.42,43338.28,PO-8474,Purchase Order Receipt,198,332,system,Transaction processed for WH_100 location,system,2025-10-24
2645,3104,2,Receipt,2025-08-11,140,123.23,17252.2,PO-2389,Purchase Order Receipt,18,158,system,Transaction processed for Backup location,system,2025-08-11
2646,3053,1,Sale,2025-09-03,-26,180.15,4683.9,SO-97123,Customer Sale,100,74,warehouse1,Transaction processed for WH_100 location,system,2025-09-03
2647,1551,2,Transfer,2025-10-14,-28,67.04,1877.12,TRF-3298,Warehouse Transfer,28,0,warehouse1,Transaction processed for Backup location,system,2025-10-14
2648,1561,2,Transfer,2026-04-13,-10,82.06,820.6,TRF-3180,Warehouse Transfer,16,6,warehouse1,Transaction processed for Backup location,system,2026-04-13
2649,1523,2,Transfer,2025-10-14,-15,54.46,816.9,TRF-6706,Warehouse Transfer,143,128,warehouse2,Transaction processed for WH_200 location,system,2025-10-14
2650,3011,1,Sale,2026-04-29,-23,968.68,22279.64,SO-87912,Customer Sale,163,140,system,Transaction processed for WH_100 location,system,2026-04-29
2651,1541,1,Adjustment,2025-11-28,13,132.59,1723.67,ADJ-2651,Physical Count,26,39,system,Transaction processed for WH_100 location,system,2025-11-28
2652,1531,2,Damage,2025-07-30,-8,91.09,728.72,DMG-2652,Warehouse Damage,60,52,warehouse2,Transaction processed for Backup location,system,2025-07-30
2653,3051,1,Sale,2025-08-12,-32,226.49,7247.68,SO-81139,Customer Sale,71,39,system,Transaction processed for WH_100 location,system,2025-08-12
2654,3022,1,Receipt,2025-07-28,109,366.71,39971.39,PO-2118,Purchase Order Receipt,33,142,warehouse1,Transaction processed for WH_100 location,system,2025-07-28
2655,1551,2,Sale,2025-09-03,-1,67.04,67.04,SO-43572,Customer Sale,59,58,warehouse2,Transaction processed for Backup location,system,2025-09-03
2656,3082,1,Sale,2025-07-30,-13,84.82,1102.66,SO-25438,Customer Sale,75,62,warehouse1,Transaction processed for WH_100 location,system,2025-07-30
2657,3013,1,Sale,2025-09-03,-38,344.68,13097.84,SO-37006,Customer Sale,50,12,warehouse2,Transaction processed for WH_100 location,system,2025-09-03
2658,2071,2,Transfer,2026-03-12,-17,21.94,372.98,TRF-2787,Warehouse Transfer,23,6,warehouse1,Transaction processed for Backup location,system,2026-03-12
2659,3081,1,Sale,2025-07-12,-15,58.16,872.4,SO-70907,Customer Sale,15,0,warehouse1,Transaction processed for WH_100 location,system,2025-07-12
2660,3103,2,Sale,2025-09-12,-20,180.33,3606.6,SO-27537,Customer Sale,105,85,warehouse1,Transaction processed for Backup location,system,2025-09-12
2661,3021,1,Sale,2026-04-10,-29,270.38,7841.02,SO-82335,Customer Sale,29,0,warehouse1,Transaction processed for WH_100 location,system,2026-04-10
2662,2091,1,Transfer,2025-11-30,-46,7.98,367.08,TRF-7520,Warehouse Transfer,106,60,system,Transaction processed for WH_100 location,system,2025-11-30
2663,3091,2,Transfer,2026-02-07,-43,456.94,19648.42,TRF-7136,Warehouse Transfer,62,19,warehouse2,Transaction processed for Backup location,system,2026-02-07
2664,1531,2,Receipt,2025-12-02,191,92.46,17659.86,PO-5015,Purchase Order Receipt,62,253,system,Transaction processed for Backup location,system,2025-12-02
2665,3022,2,Sale,2026-03-22,-15,352.53,5287.95,SO-94123,Customer Sale,88,73,warehouse1,Transaction processed for Backup location,system,2026-03-22
2666,2011,1,Return,2025-11-17,1,99.71,99.71,RET-81595,Customer Return,16,17,warehouse2,Transaction processed for WH_100 location,system,2025-11-17
2667,3042,2,Sale,2026-04-12,-31,62.54,1938.74,SO-31184,Customer Sale,37,6,warehouse2,Transaction processed for Backup location,system,2026-04-12
2668,2091,1,Adjustment,2025-08-08,-11,7.98,87.78,ADJ-2668,System Correction,81,70,system,Transaction processed for WH_100 location,system,2025-08-08
2669,3103,1,Sale,2025-08-24,-17,180.33,3065.61,SO-24513,Customer Sale,190,173,warehouse2,Transaction processed for WH_100 location,system,2025-08-24
2670,1561,1,Sale,2025-10-20,-3,82.06,246.18,SO-11952,Customer Sale,46,43,warehouse1,Transaction processed for WH_100 location,system,2025-10-20
2671,2112,1,Return,2026-02-20,1,53.28,53.28,RET-93630,Customer Return,161,162,warehouse1,Transaction processed for WH_100 location,system,2026-02-20
2672,2081,2,Sale,2025-10-31,-33,25.3,834.9,SO-47942,Customer Sale,82,49,system,Transaction processed for WH_200 location,system,2025-10-31
2673,1511,2,Transfer,2026-01-18,-23,321.96,7405.08,TRF-1089,Warehouse Transfer,23,0,system,Transaction processed for WH_200 location,system,2026-01-18
2674,2111,2,Sale,2025-10-21,-31,142.6,4420.6,SO-28660,Customer Sale,113,82,system,Transaction processed for WH_200 location,system,2025-10-21
2675,3091,2,Return,2025-08-25,1,365.55,365.55,RET-36305,Customer Return,108,109,system,Transaction processed for WH_200 location,system,2025-08-25
2676,3041,2,Sale,2026-01-14,-26,127.74,3321.24,SO-14393,Customer Sale,65,39,warehouse2,Transaction processed for WH_200 location,system,2026-01-14
2677,3021,1,Receipt,2025-10-30,145,273.68,39683.6,PO-3516,Purchase Order Receipt,104,249,system,Transaction processed for WH_100 location,system,2025-10-30
2678,3022,2,Sale,2025-09-03,-12,352.53,4230.36,SO-67725,Customer Sale,12,0,system,Transaction processed for Backup location,system,2025-09-03
2679,3042,2,Adjustment,2025-11-30,5,62.54,312.7,ADJ-2679,Physical Count,120,125,system,Transaction processed for Backup location,system,2025-11-30
2680,3052,2,Receipt,2026-01-26,132,111.34,14696.88,PO-1315,Purchase Order Receipt,75,207,system,Transaction processed for Backup location,system,2026-01-26
2681,3031,2,Sale,2026-03-03,0,419.97,0.0,SO-51559,Customer Sale,0,0,system,Transaction processed for Backup location,system,2026-03-03
2682,1561,1,Receipt,2026-01-18,160,79.5,12720.0,PO-8517,Purchase Order Receipt,103,263,warehouse2,Transaction processed for WH_100 location,system,2026-01-18
2683,1562,1,Sale,2025-07-31,-25,121.04,3026.0,SO-30485,Customer Sale,62,37,system,Transaction processed for WH_100 location,system,2025-07-31
2684,1572,3,Receipt,2026-03-19,111,219.95,24414.45,PO-3209,Purchase Order Receipt,219,330,warehouse2,Transaction processed for WH_500 location,system,2026-03-19
2685,1533,1,Sale,2026-04-09,-34,107.2,3644.8,SO-46649,Customer Sale,83,49,warehouse1,Transaction processed for WH_100 location,system,2026-04-09
2686,1553,2,Return,2025-12-28,3,73.1,219.3,RET-32854,Customer Return,145,148,warehouse2,Transaction processed for Backup location,system,2025-12-28
2687,1521,1,Sale,2026-02-25,-3,122.8,368.4,SO-77241,Customer Sale,3,0,warehouse1,Transaction processed for WH_100 location,system,2026-02-25
2688,1553,2,Receipt,2026-01-30,95,93.19,8853.05,PO-7281,Purchase Order Receipt,1,96,warehouse1,Transaction processed for Backup location,system,2026-01-30
2689,1523,2,Sale,2026-04-08,-22,54.46,1198.12,SO-29519,Customer Sale,102,80,system,Transaction processed for WH_200 location,system,2026-04-08
2690,1531,1,Sale,2026-02-06,-29,91.09,2641.61,SO-15534,Customer Sale,108,79,system,Transaction processed for WH_100 location,system,2026-02-06
2691,2021,1,Sale,2025-09-11,-38,71.31,2709.78,SO-98581,Customer Sale,189,151,warehouse1,Transaction processed for WH_100 location,system,2025-09-11
2692,2101,2,Receipt,2025-08-27,10,13.4,134.0,PO-2602,Purchase Order Receipt,67,77,warehouse2,Transaction processed for WH_200 location,system,2025-08-27
2693,2121,1,Transfer,2025-09-08,-48,31.62,1517.76,TRF-7872,Warehouse Transfer,90,42,system,Transaction processed for WH_100 location,system,2025-09-08
2694,3053,1,Transfer,2026-03-12,-16,180.15,2882.4,TRF-1146,Warehouse Transfer,156,140,system,Transaction processed for WH_100 location,system,2026-03-12
2695,1521,1,Transfer,2025-10-08,0,122.8,0.0,TRF-4864,Warehouse Transfer,0,0,warehouse1,Transaction processed for WH_100 location,system,2025-10-08
2696,1543,1,Adjustment,2025-08-30,-2,65.36,130.72,ADJ-2696,Cycle Count,51,49,warehouse1,Transaction processed for WH_100 location,system,2025-08-30
2697,2012,2,Sale,2026-02-19,-36,312.61,11253.96,SO-72738,Customer Sale,95,59,system,Transaction processed for Backup location,system,2026-02-19
2698,3042,1,Sale,2026-03-04,-44,62.54,2751.76,SO-96980,Customer Sale,141,97,warehouse2,Transaction processed for WH_100 location,system,2026-03-04
2699,1542,1,Damage,2025-09-18,-10,90.83,908.3,DMG-2699,Shipping Damage,138,128,warehouse2,Transaction processed for WH_100 location,system,2025-09-18
2700,3092,1,Sale,2026-04-15,-46,540.11,24845.06,SO-93763,Customer Sale,343,297,system,Transaction processed for WH_100 location,system,2026-04-15
2701,2012,2,Receipt,2026-04-29,161,301.74,48580.14,PO-1899,Purchase Order Receipt,83,244,system,Transaction processed for Backup location,system,2026-04-29
2702,1562,1,Receipt,2025-12-07,89,121.87,10846.43,PO-1780,Purchase Order Receipt,88,177,warehouse2,Transaction processed for WH_100 location,system,2025-12-07
2703,3103,1,Sale,2025-09-19,-2,180.33,360.66,SO-93170,Customer Sale,209,207,system,Transaction processed for WH_100 location,system,2025-09-19
2704,1522,2,Receipt,2025-08-12,175,156.06,27310.5,PO-2702,Purchase Order Receipt,11,186,system,Transaction processed for Backup location,system,2025-08-12
2705,1552,2,Adjustment,2025-11-12,-1,58.45,58.45,ADJ-2705,Cycle Count,236,235,system,Transaction processed for WH_200 location,system,2025-11-12
2706,1541,1,Sale,2025-08-26,-50,132.59,6629.5,SO-49525,Customer Sale,109,59,system,Transaction processed for WH_100 location,system,2025-08-26
2707,3011,1,Sale,2025-10-10,-23,968.68,22279.64,SO-31983,Customer Sale,161,138,system,Transaction processed for WH_100 location,system,2025-10-10
2708,1562,1,Transfer,2025-11-07,-29,121.04,3510.16,TRF-2503,Warehouse Transfer,53,24,system,Transaction processed for WH_100 location,system,2025-11-07
2709,3022,2,Adjustment,2026-03-21,-12,352.53,4230.36,ADJ-2709,Physical Count,39,27,warehouse1,Transaction processed for Backup location,system,2026-03-21
2710,1541,1,Adjustment,2026-01-13,-1,132.59,132.59,ADJ-2710,Cycle Count,55,54,system,Transaction processed for WH_100 location,system,2026-01-13
2711,1543,1,Transfer,2026-01-27,-27,65.36,1764.72,TRF-1353,Warehouse Transfer,27,0,warehouse2,Transaction processed for WH_100 location,system,2026-01-27
2712,3104,2,Sale,2025-10-26,-24,118.89,2853.36,SO-81304,Customer Sale,24,0,warehouse1,Transaction processed for Backup location,system,2025-10-26
2713,3104,2,Sale,2026-02-09,-50,118.89,5944.5,SO-59653,Customer Sale,123,73,warehouse2,Transaction processed for WH_200 location,system,2026-02-09
2714,1561,2,Adjustment,2025-12-14,19,82.06,1559.14,ADJ-2714,Cycle Count,18,37,warehouse2,Transaction processed for Backup location,system,2025-12-14
2715,2071,2,Sale,2026-04-08,-23,21.94,504.62,SO-32609,Customer Sale,66,43,warehouse1,Transaction processed for Backup location,system,2026-04-08
2716,3103,1,Sale,2025-08-19,-8,180.33,1442.64,SO-15040,Customer Sale,92,84,system,Transaction processed for WH_100 location,system,2025-08-19
2717,3042,1,Sale,2025-10-16,-36,62.54,2251.44,SO-55752,Customer Sale,251,215,warehouse2,Transaction processed for WH_100 location,system,2025-10-16
2718,1581,1,Sale,2025-09-22,-32,48.56,1553.92,SO-95774,Customer Sale,87,55,system,Transaction processed for WH_100 location,system,2025-09-22
2719,2041,1,Receipt,2025-12-19,173,42.25,7309.25,PO-6051,Purchase Order Receipt,113,286,system,Transaction processed for WH_100 location,system,2025-12-19
2720,2012,1,Adjustment,2025-11-05,18,312.61,5626.98,ADJ-2720,System Correction,173,191,warehouse2,Transaction processed for WH_100 location,system,2025-11-05
2721,1532,1,Receipt,2026-02-23,45,69.98,3149.1,PO-3965,Purchase Order Receipt,134,179,system,Transaction processed for WH_100 location,system,2026-02-23
2722,1553,1,Receipt,2026-04-11,190,93.94,17848.6,PO-7818,Purchase Order Receipt,129,319,warehouse2,Transaction processed for WH_100 location,system,2026-04-11
2723,1572,3,Transfer,2025-08-09,-16,222.59,3561.44,TRF-9119,Warehouse Transfer,126,110,system,Transaction processed for WH_500 location,system,2025-08-09
2724,2091,1,Sale,2025-08-28,-21,7.98,167.58,SO-37383,Customer Sale,77,56,warehouse1,Transaction processed for WH_100 location,system,2025-08-28
2725,2111,2,Adjustment,2026-01-04,14,142.6,1996.4,ADJ-2725,Cycle Count,9,23,warehouse2,Transaction processed for WH_200 location,system,2026-01-04
2726,3012,2,Receipt,2025-07-20,53,691.46,36647.38,PO-4604,Purchase Order Receipt,171,224,system,Transaction processed for Backup location,system,2025-07-20
2727,3011,1,Sale,2025-12-13,-26,968.68,25185.68,SO-20784,Customer Sale,263,237,warehouse1,Transaction processed for WH_100 location,system,2025-12-13
2728,3102,1,Sale,2025-11-30,-3,173.13,519.39,SO-65235,Customer Sale,108,105,warehouse1,Transaction processed for WH_100 location,system,2025-11-30
2729,3091,2,Transfer,2026-01-14,-17,456.94,7767.98,TRF-6815,Warehouse Transfer,90,73,warehouse2,Transaction processed for WH_200 location,system,2026-01-14
2730,1571,1,Receipt,2026-02-14,54,110.67,5976.18,PO-5358,Purchase Order Receipt,215,269,warehouse2,Transaction processed for WH_100 location,system,2026-02-14
2731,1581,1,Sale,2026-04-03,-17,48.56,825.52,SO-50861,Customer Sale,97,80,system,Transaction processed for WH_100 location,system,2026-04-03
2732,3042,1,Receipt,2025-08-08,143,64.67,9247.81,PO-6209,Purchase Order Receipt,175,318,warehouse2,Transaction processed for WH_100 location,system,2025-08-08
2733,1541,2,Sale,2026-01-09,-23,132.59,3049.57,SO-10810,Customer Sale,80,57,warehouse2,Transaction processed for Backup location,system,2026-01-09
2734,2051,2,Adjustment,2025-09-21,16,16.44,263.04,ADJ-2734,Cycle Count,118,134,warehouse1,Transaction processed for Backup location,system,2025-09-21
2735,3042,1,Transfer,2025-12-30,-42,62.54,2626.68,TRF-4264,Warehouse Transfer,316,274,warehouse1,Transaction processed for WH_100 location,system,2025-12-30
2736,3011,1,Sale,2025-12-10,-15,968.68,14530.2,SO-74455,Customer Sale,280,265,system,Transaction processed for WH_100 location,system,2025-12-10
2737,3052,2,Receipt,2026-04-23,26,111.9,2909.4,PO-2086,Purchase Order Receipt,37,63,warehouse1,Transaction processed for Backup location,system,2026-04-23
2738,1563,1,Sale,2025-09-12,-39,70.33,2742.87,SO-40793,Customer Sale,39,0,warehouse2,Transaction processed for WH_100 location,system,2025-09-12
2739,2041,1,Damage,2026-03-08,-2,44.39,88.78,DMG-2739,Warehouse Damage,64,62,warehouse1,Transaction processed for WH_100 location,system,2026-03-08
2740,2112,1,Damage,2025-12-19,-4,66.6,266.4,DMG-2740,Shipping Damage,75,71,warehouse2,Transaction processed for WH_100 location,system,2025-12-19
2741,1533,1,Adjustment,2025-08-12,-2,107.2,214.4,ADJ-2741,System Correction,98,96,system,Transaction processed for WH_100 location,system,2025-08-12
2742,3022,1,Sale,2026-04-07,-14,352.53,4935.42,SO-38026,Customer Sale,101,87,system,Transaction processed for WH_100 location,system,2026-04-07
2743,1521,2,Damage,2026-01-12,-4,122.8,491.2,DMG-2743,Shipping Damage,85,81,system,Transaction processed for Backup location,system,2026-01-12
2744,3052,1,Adjustment,2026-04-16,-9,115.25,1037.25,ADJ-2744,System Correction,108,99,warehouse1,Transaction processed for WH_100 location,system,2026-04-16
2745,1553,2,Sale,2026-04-04,-26,91.38,2375.88,SO-53199,Customer Sale,71,45,warehouse2,Transaction processed for Backup location,system,2026-04-04
2746,1563,1,Sale,2025-10-22,-3,70.33,210.99,SO-45303,Customer Sale,3,0,warehouse1,Transaction processed for WH_100 location,system,2025-10-22
2747,3021,1,Transfer,2026-02-18,-22,270.38,5948.36,TRF-3099,Warehouse Transfer,22,0,warehouse1,Transaction processed for WH_100 location,system,2026-02-18
2748,1531,1,Receipt,2026-01-27,142,90.01,12781.42,PO-9569,Purchase Order Receipt,59,201,system,Transaction processed for WH_100 location,system,2026-01-27
2749,3072,1,Receipt,2026-04-03,173,10.3,1781.9,PO-4570,Purchase Order Receipt,181,354,system,Transaction processed for WH_100 location,system,2026-04-03
2750,1521,1,Receipt,2025-09-21,167,127.28,21255.76,PO-6662,Purchase Order Receipt,24,191,warehouse2,Transaction processed for WH_100 location,system,2025-09-21
2751,3081,1,Sale,2026-01-03,-18,58.16,1046.88,SO-94631,Customer Sale,52,34,system,Transaction processed for WH_100 location,system,2026-01-03
2752,2061,1,Receipt,2025-09-06,26,26.96,700.96,PO-4974,Purchase Order Receipt,46,72,warehouse2,Transaction processed for WH_100 location,system,2025-09-06
2753,1521,2,Sale,2025-11-08,-17,122.8,2087.6,SO-99073,Customer Sale,87,70,system,Transaction processed for Backup location,system,2025-11-08
2754,3012,2,Sale,2026-03-15,-13,659.11,8568.43,SO-73827,Customer Sale,97,84,warehouse1,Transaction processed for Backup location,system,2026-03-15
2755,1552,2,Receipt,2026-02-27,113,57.28,6472.64,PO-6175,Purchase Order Receipt,130,243,warehouse1,Transaction processed for WH_200 location,system,2026-02-27
2756,1521,2,Sale,2025-12-17,-4,122.8,491.2,SO-24306,Customer Sale,83,79,warehouse1,Transaction processed for Backup location,system,2025-12-17
2757,3042,2,Adjustment,2025-11-12,-19,62.54,1188.26,ADJ-2757,Cycle Count,83,64,warehouse2,Transaction processed for Backup location,system,2025-11-12
2758,1553,2,Sale,2025-09-25,-1,91.38,91.38,SO-74500,Customer Sale,1,0,warehouse2,Transaction processed for Backup location,system,2025-09-25
2759,2011,2,Adjustment,2026-03-13,-3,124.64,373.92,ADJ-2759,System Correction,34,31,warehouse2,Transaction processed for Backup location,system,2026-03-13
2760,1522,1,Return,2025-12-28,5,130.48,652.4,RET-19158,Customer Return,165,170,warehouse2,Transaction processed for WH_100 location,system,2025-12-28
2761,1532,1,Transfer,2025-07-28,-49,67.64,3314.36,TRF-1231,Warehouse Transfer,154,105,system,Transaction processed for WH_100 location,system,2025-07-28
2762,2121,1,Transfer,2025-11-16,-38,31.62,1201.56,TRF-6074,Warehouse Transfer,63,25,warehouse2,Transaction processed for WH_100 location,system,2025-11-16
2763,3072,1,Sale,2026-01-03,-50,10.7,535.0,SO-63590,Customer Sale,78,28,system,Transaction processed for WH_100 location,system,2026-01-03
2764,3022,1,Receipt,2025-10-19,108,336.2,36309.6,PO-5639,Purchase Order Receipt,79,187,warehouse2,Transaction processed for WH_100 location,system,2025-10-19
2765,1571,1,Sale,2026-03-07,-13,109.65,1425.45,SO-96478,Customer Sale,163,150,warehouse1,Transaction processed for WH_100 location,system,2026-03-07
2766,2071,2,Receipt,2026-03-30,120,22.04,2644.8,PO-2510,Purchase Order Receipt,82,202,system,Transaction processed for Backup location,system,2026-03-30
2767,1581,1,Adjustment,2025-10-06,3,48.56,145.68,ADJ-2767,Cycle Count,34,37,system,Transaction processed for WH_100 location,system,2025-10-06
2768,3061,1,Adjustment,2025-12-20,-15,151.7,2275.5,ADJ-2768,System Correction,15,0,warehouse1,Transaction processed for WH_100 location,system,2025-12-20
2769,2061,1,Sale,2025-10-02,-41,25.72,1054.52,SO-49143,Customer Sale,102,61,warehouse2,Transaction processed for WH_100 location,system,2025-10-02
2770,1533,1,Receipt,2025-07-22,15,105.85,1587.75,PO-6618,Purchase Order Receipt,108,123,warehouse1,Transaction processed for WH_100 location,system,2025-07-22
2771,1511,2,Adjustment,2025-12-08,-7,321.96,2253.72,ADJ-2771,System Correction,157,150,warehouse2,Transaction processed for WH_200 location,system,2025-12-08
2772,1521,2,Sale,2025-11-10,-19,122.8,2333.2,SO-88609,Customer Sale,63,44,warehouse2,Transaction processed for Backup location,system,2025-11-10
2773,2011,2,Receipt,2026-03-10,25,123.27,3081.75,PO-7079,Purchase Order Receipt,89,114,warehouse1,Transaction processed for Backup location,system,2026-03-10
2774,1543,1,Sale,2025-09-28,-44,65.36,2875.84,SO-20979,Customer Sale,60,16,warehouse1,Transaction processed for WH_100 location,system,2025-09-28
2775,3041,2,Transfer,2025-11-18,-29,127.74,3704.46,TRF-6122,Warehouse Transfer,29,0,warehouse2,Transaction processed for Backup location,system,2025-11-18
2776,1531,1,Adjustment,2025-10-19,1,91.09,91.09,ADJ-2776,Cycle Count,47,48,warehouse2,Transaction processed for WH_100 location,system,2025-10-19
2777,1523,2,Return,2026-01-07,4,43.57,174.28,RET-73569,Customer Return,42,46,warehouse2,Transaction processed for WH_200 location,system,2026-01-07
2778,1561,1,Receipt,2026-01-17,60,78.2,4692.0,PO-2377,Purchase Order Receipt,85,145,warehouse1,Transaction processed for WH_100 location,system,2026-01-17
2779,3072,1,Sale,2026-04-15,-20,10.7,214.0,SO-18205,Customer Sale,35,15,system,Transaction processed for WH_100 location,system,2026-04-15
2780,1532,1,Sale,2025-09-23,-7,67.64,473.48,SO-11648,Customer Sale,156,149,warehouse2,Transaction processed for WH_100 location,system,2025-09-23
2781,2031,1,Receipt,2025-07-26,124,23.43,2905.32,PO-3641,Purchase Order Receipt,151,275,warehouse2,Transaction processed for WH_100 location,system,2025-07-26
2782,1561,2,Transfer,2026-03-21,-5,82.06,410.3,TRF-1029,Warehouse Transfer,5,0,warehouse1,Transaction processed for Backup location,system,2026-03-21
2783,1532,1,Adjustment,2025-10-22,-12,67.64,811.68,ADJ-2783,Cycle Count,115,103,warehouse1,Transaction processed for WH_100 location,system,2025-10-22
2784,1532,1,Adjustment,2025-10-21,-4,67.64,270.56,ADJ-2784,System Correction,101,97,warehouse2,Transaction processed for WH_100 location,system,2025-10-21
2785,1542,1,Sale,2026-02-24,-17,90.83,1544.11,SO-65761,Customer Sale,141,124,system,Transaction processed for WH_100 location,system,2026-02-24
2786,3011,1,Adjustment,2026-04-18,17,968.68,16467.56,ADJ-2786,Physical Count,213,230,warehouse1,Transaction processed for WH_100 location,system,2026-04-18
2787,3022,2,Return,2026-01-21,4,282.02,1128.08,RET-69755,Customer Return,30,34,warehouse1,Transaction processed for Backup location,system,2026-01-21
2788,1561,1,Transfer,2025-07-23,-20,82.06,1641.2,TRF-5473,Warehouse Transfer,129,109,warehouse2,Transaction processed for WH_100 location,system,2025-07-23
2789,3032,1,Receipt,2026-01-30,70,229.84,16088.8,PO-9556,Purchase Order Receipt,31,101,warehouse2,Transaction processed for WH_100 location,system,2026-01-30
2790,3042,1,Sale,2026-02-12,-7,62.54,437.78,SO-28122,Customer Sale,201,194,warehouse2,Transaction processed for WH_100 location,system,2026-02-12
2791,1553,2,Return,2025-07-22,2,73.1,146.2,RET-39628,Customer Return,122,124,warehouse2,Transaction processed for Backup location,system,2025-07-22
2792,2022,1,Adjustment,2026-03-05,9,36.37,327.33,ADJ-2792,Cycle Count,10,19,system,Transaction processed for WH_100 location,system,2026-03-05
2793,3072,1,Receipt,2025-09-02,92,11.16,1026.72,PO-3512,Purchase Order Receipt,16,108,system,Transaction processed for WH_100 location,system,2025-09-02
2794,3033,1,Sale,2026-01-06,-6,419.49,2516.94,SO-36951,Customer Sale,155,149,system,Transaction processed for WH_100 location,system,2026-01-06
2795,1511,2,Sale,2025-09-27,-33,321.96,10624.68,SO-14504,Customer Sale,102,69,system,Transaction processed for WH_200 location,system,2025-09-27
2796,3081,1,Transfer,2026-02-05,-15,58.16,872.4,TRF-5783,Warehouse Transfer,15,0,warehouse2,Transaction processed for WH_100 location,system,2026-02-05
2797,2091,1,Adjustment,2026-01-29,14,7.98,111.72,ADJ-2797,Cycle Count,4,18,system,Transaction processed for WH_100 location,system,2026-01-29
2798,1542,1,Sale,2026-03-09,-36,90.83,3269.88,SO-43182,Customer Sale,191,155,warehouse1,Transaction processed for WH_100 location,system,2026-03-09
2799,1541,2,Adjustment,2025-11-14,3,132.59,397.77,ADJ-2799,Physical Count,44,47,system,Transaction processed for Backup location,system,2025-11-14
2800,2071,2,Sale,2025-12-01,-25,21.94,548.5,SO-23389,Customer Sale,64,39,system,Transaction processed for Backup location,system,2025-12-01
2801,3022,2,Receipt,2025-10-06,119,348.73,41498.87,PO-6648,Purchase Order Receipt,117,236,warehouse2,Transaction processed for Backup location,system,2025-10-06
2802,3051,1,Sale,2025-11-26,-11,226.49,2491.39,SO-95670,Customer Sale,60,49,system,Transaction processed for WH_100 location,system,2025-11-26
2803,2121,1,Receipt,2025-09-17,49,32.31,1583.19,PO-9853,Purchase Order Receipt,40,89,warehouse1,Transaction processed for WH_100 location,system,2025-09-17
2804,1522,1,Receipt,2025-09-22,97,155.15,15049.55,PO-3824,Purchase Order Receipt,106,203,system,Transaction processed for WH_100 location,system,2025-09-22
2805,1522,2,Adjustment,2025-10-15,12,163.1,1957.2,ADJ-2805,System Correction,5,17,warehouse2,Transaction processed for Backup location,system,2025-10-15
2806,1571,1,Sale,2026-04-17,-24,109.65,2631.6,SO-41699,Customer Sale,322,298,warehouse1,Transaction processed for WH_100 location,system,2026-04-17
2807,3011,1,Adjustment,2025-11-02,13,968.68,12592.84,ADJ-2807,Physical Count,145,158,warehouse1,Transaction processed for WH_100 location,system,2025-11-02
2808,1522,2,Return,2025-07-19,2,130.48,260.96,RET-29778,Customer Return,35,37,warehouse2,Transaction processed for Backup location,system,2025-07-19
2809,1541,2,Transfer,2025-12-30,-31,132.59,4110.29,TRF-2710,Warehouse Transfer,98,67,system,Transaction processed for Backup location,system,2025-12-30
2810,3061,1,Sale,2026-01-27,-23,151.7,3489.1,SO-45931,Customer Sale,52,29,warehouse2,Transaction processed for WH_100 location,system,2026-01-27
2811,3062,3,Sale,2026-01-29,-6,88.18,529.08,SO-15907,Customer Sale,6,0,warehouse2,Transaction processed for WH_500 location,system,2026-01-29
2812,3021,1,Receipt,2026-01-11,51,263.04,13415.04,PO-4504,Purchase Order Receipt,56,107,warehouse1,Transaction processed for WH_100 location,system,2026-01-11
2813,2111,2,Transfer,2025-12-15,-6,142.6,855.6,TRF-4430,Warehouse Transfer,6,0,warehouse1,Transaction processed for WH_200 location,system,2025-12-15
2814,3031,3,Receipt,2025-11-16,92,425.65,39159.8,PO-7649,Purchase Order Receipt,42,134,warehouse1,Transaction processed for WH_500 location,system,2025-11-16
2815,1512,1,Damage,2026-02-17,-6,219.21,1315.26,DMG-2815,Shipping Damage,87,81,warehouse2,Transaction processed for WH_100 location,system,2026-02-17
2816,3104,2,Sale,2026-04-09,-6,118.89,713.34,SO-16143,Customer Sale,6,0,warehouse1,Transaction processed for Backup location,system,2026-04-09
2817,2051,1,Sale,2026-03-09,-12,16.44,197.28,SO-72283,Customer Sale,12,0,system,Transaction processed for WH_100 location,system,2026-03-09
2818,2081,2,Sale,2026-01-10,-46,25.3,1163.8,SO-94360,Customer Sale,162,116,warehouse2,Transaction processed for WH_200 location,system,2026-01-10
2819,3091,2,Receipt,2025-08-12,186,460.25,85606.5,PO-6360,Purchase Order Receipt,97,283,system,Transaction processed for Backup location,system,2025-08-12
2820,1512,1,Sale,2025-10-27,-42,219.21,9206.82,SO-19922,Customer Sale,100,58,warehouse1,Transaction processed for WH_100 location,system,2025-10-27
2821,1561,1,Return,2025-10-28,1,65.65,65.65,RET-39674,Customer Return,27,28,system,Transaction processed for WH_100 location,system,2025-10-28
2822,2112,1,Adjustment,2026-03-24,1,66.6,66.6,ADJ-2822,Physical Count,96,97,system,Transaction processed for WH_100 location,system,2026-03-24
2823,1512,1,Sale,2026-04-22,-3,219.21,657.63,SO-25242,Customer Sale,16,13,system,Transaction processed for WH_100 location,system,2026-04-22
2824,3013,1,Adjustment,2025-11-03,11,344.68,3791.48,ADJ-2824,System Correction,157,168,warehouse2,Transaction processed for WH_100 location,system,2025-11-03
2825,3012,2,Receipt,2026-03-11,126,656.52,82721.52,PO-3315,Purchase Order Receipt,137,263,warehouse2,Transaction processed for Backup location,system,2026-03-11
2826,3042,2,Sale,2026-02-11,-10,62.54,625.4,SO-39069,Customer Sale,97,87,system,Transaction processed for Backup location,system,2026-02-11
2827,3072,1,Sale,2026-02-05,-21,10.7,224.7,SO-53240,Customer Sale,48,27,warehouse1,Transaction processed for WH_100 location,system,2026-02-05
2828,1533,1,Sale,2025-09-27,-46,107.2,4931.2,SO-33594,Customer Sale,46,0,warehouse1,Transaction processed for WH_100 location,system,2025-09-27
2829,1572,3,Sale,2025-11-29,-8,222.59,1780.72,SO-30879,Customer Sale,191,183,warehouse2,Transaction processed for WH_500 location,system,2025-11-29
2830,2011,1,Transfer,2025-08-06,-39,124.64,4860.96,TRF-9697,Warehouse Transfer,39,0,warehouse1,Transaction processed for WH_100 location,system,2025-08-06
2831,1551,1,Return,2025-10-02,4,53.63,214.52,RET-95791,Customer Return,9,13,system,Transaction processed for WH_100 location,system,2025-10-02
2832,1531,2,Sale,2025-07-07,-14,91.09,1275.26,SO-44284,Customer Sale,43,29,warehouse1,Transaction processed for Backup location,system,2025-07-07
2833,3103,2,Sale,2025-09-29,-16,180.33,2885.28,SO-43171,Customer Sale,23,7,warehouse1,Transaction processed for Backup location,system,2025-09-29
2834,3092,1,Receipt,2026-01-16,161,546.25,87946.25,PO-8849,Purchase Order Receipt,229,390,warehouse1,Transaction processed for WH_100 location,system,2026-01-16
2835,3053,1,Damage,2025-10-26,-1,180.15,180.15,DMG-2835,Warehouse Damage,44,43,warehouse1,Transaction processed for WH_100 location,system,2025-10-26
2836,2071,1,Sale,2025-09-04,-39,21.94,855.66,SO-55284,Customer Sale,39,0,warehouse1,Transaction processed for WH_100 location,system,2025-09-04
2837,3103,1,Receipt,2026-04-25,146,177.33,25890.18,PO-8824,Purchase Order Receipt,213,359,warehouse1,Transaction processed for WH_100 location,system,2026-04-25
2838,3082,1,Receipt,2025-12-02,105,81.36,8542.8,PO-2484,Purchase Order Receipt,111,216,system,Transaction processed for WH_100 location,system,2025-12-02
2839,3041,2,Sale,2025-09-22,-12,127.74,1532.88,SO-74628,Customer Sale,12,0,system,Transaction processed for Backup location,system,2025-09-22
2840,3032,1,Sale,2025-11-02,-50,240.85,12042.5,SO-76589,Customer Sale,77,27,warehouse1,Transaction processed for WH_100 location,system,2025-11-02
2841,3052,2,Adjustment,2025-08-15,16,115.25,1844.0,ADJ-2841,Physical Count,54,70,warehouse2,Transaction processed for Backup location,system,2025-08-15
2842,3071,2,Sale,2025-08-09,-4,39.17,156.68,SO-86945,Customer Sale,64,60,system,Transaction processed for WH_200 location,system,2025-08-09
2843,2011,2,Sale,2026-03-21,-15,124.64,1869.6,SO-37345,Customer Sale,15,0,warehouse1,Transaction processed for Backup location,system,2026-03-21
2844,1522,2,Adjustment,2025-08-30,9,163.1,1467.9,ADJ-2844,Physical Count,62,71,warehouse1,Transaction processed for Backup location,system,2025-08-30
2845,2091,1,Adjustment,2026-03-09,5,7.98,39.9,ADJ-2845,System Correction,93,98,warehouse1,Transaction processed for WH_100 location,system,2026-03-09
2846,2051,2,Transfer,2026-01-03,-15,16.44,246.6,TRF-4317,Warehouse Transfer,51,36,warehouse1,Transaction processed for Backup location,system,2026-01-03
2847,3052,1,Receipt,2026-03-11,115,110.22,12675.3,PO-5243,Purchase Order Receipt,49,164,warehouse2,Transaction processed for WH_100 location,system,2026-03-11
2848,2111,2,Damage,2025-08-16,-3,142.6,427.8,DMG-2848,Shipping Damage,43,40,warehouse2,Transaction processed for WH_200 location,system,2025-08-16
2849,3031,3,Sale,2025-11-07,-5,419.97,2099.85,SO-50061,Customer Sale,110,105,system,Transaction processed for WH_500 location,system,2025-11-07
2850,3071,2,Sale,2025-12-17,-26,39.17,1018.42,SO-62958,Customer Sale,75,49,system,Transaction processed for WH_200 location,system,2025-12-17
2851,3062,3,Sale,2025-07-04,-34,88.18,2998.12,SO-26380,Customer Sale,57,23,system,Transaction processed for WH_500 location,system,2025-07-04
2852,1541,2,Sale,2026-04-28,-40,132.59,5303.6,SO-23833,Customer Sale,86,46,warehouse1,Transaction processed for Backup location,system,2026-04-28
2853,2071,2,Sale,2025-07-20,-31,21.94,680.14,SO-11393,Customer Sale,31,0,warehouse2,Transaction processed for Backup location,system,2025-07-20
2854,3103,2,Sale,2025-12-13,-16,180.33,2885.28,SO-32589,Customer Sale,108,92,warehouse2,Transaction processed for Backup location,system,2025-12-13
2855,1523,2,Sale,2025-09-26,-45,54.46,2450.7,SO-66735,Customer Sale,150,105,system,Transaction processed for WH_200 location,system,2025-09-26
2856,2071,1,Damage,2025-10-20,-1,21.94,21.94,DMG-2856,Quality Issue,43,42,system,Transaction processed for WH_100 location,system,2025-10-20
2857,1521,1,Sale,2025-12-05,-25,122.8,3070.0,SO-89165,Customer Sale,38,13,system,Transaction processed for WH_100 location,system,2025-12-05
2858,2121,1,Transfer,2025-12-23,-13,31.62,411.06,TRF-4677,Warehouse Transfer,15,2,warehouse2,Transaction processed for WH_100 location,system,2025-12-23
2859,1571,1,Sale,2025-08-26,-15,109.65,1644.75,SO-14313,Customer Sale,300,285,system,Transaction processed for WH_100 location,system,2025-08-26
2860,3072,1,Sale,2026-01-11,-22,10.7,235.4,SO-72750,Customer Sale,128,106,system,Transaction processed for WH_100 location,system,2026-01-11
2861,1531,1,Sale,2026-01-21,-41,91.09,3734.69,SO-37498,Customer Sale,59,18,warehouse2,Transaction processed for WH_100 location,system,2026-01-21
2862,1533,1,Receipt,2026-02-21,57,112.36,6404.52,PO-3879,Purchase Order Receipt,120,177,warehouse1,Transaction processed for WH_100 location,system,2026-02-21
2863,3041,2,Sale,2025-10-23,-7,127.74,894.18,SO-78243,Customer Sale,159,152,system,Transaction processed for WH_200 location,system,2025-10-23
2864,1521,1,Transfer,2026-03-31,-22,122.8,2701.6,TRF-7935,Warehouse Transfer,76,54,warehouse2,Transaction processed for WH_100 location,system,2026-03-31
2865,3104,2,Adjustment,2025-08-17,-17,118.89,2021.13,ADJ-2865,System Correction,68,51,warehouse2,Transaction processed for WH_200 location,system,2025-08-17
2866,2031,1,Sale,2025-07-27,-18,23.04,414.72,SO-95726,Customer Sale,114,96,warehouse1,Transaction processed for WH_100 location,system,2025-07-27
2867,2071,2,Receipt,2025-11-30,147,21.34,3136.98,PO-7473,Purchase Order Receipt,67,214,system,Transaction processed for Backup location,system,2025-11-30
2868,1562,1,Receipt,2025-12-02,173,123.48,21362.04,PO-9286,Purchase Order Receipt,4,177,system,Transaction processed for WH_100 location,system,2025-12-02
2869,2071,1,Receipt,2025-12-27,157,22.72,3567.04,PO-3710,Purchase Order Receipt,72,229,warehouse1,Transaction processed for WH_100 location,system,2025-12-27
2870,1563,1,Sale,2026-02-01,-6,70.33,421.98,SO-23832,Customer Sale,6,0,warehouse1,Transaction processed for WH_100 location,system,2026-02-01
2871,3071,2,Transfer,2026-02-10,-49,39.17,1919.33,TRF-5315,Warehouse Transfer,62,13,system,Transaction processed for WH_200 location,system,2026-02-10
2872,2071,2,Sale,2025-12-19,-12,21.94,263.28,SO-57169,Customer Sale,55,43,warehouse1,Transaction processed for Backup location,system,2025-12-19
2873,1551,1,Sale,2025-11-02,-3,67.04,201.12,SO-88047,Customer Sale,98,95,system,Transaction processed for WH_100 location,system,2025-11-02
2874,3061,1,Damage,2026-03-18,-4,151.7,606.8,DMG-2874,Warehouse Damage,4,0,warehouse1,Transaction processed for WH_100 location,system,2026-03-18
2875,1562,1,Transfer,2025-07-20,-30,121.04,3631.2,TRF-9793,Warehouse Transfer,64,34,warehouse1,Transaction processed for WH_100 location,system,2025-07-20
2876,2031,1,Sale,2025-08-09,-12,23.04,276.48,SO-93183,Customer Sale,67,55,warehouse1,Transaction processed for WH_100 location,system,2025-08-09
2877,1571,1,Adjustment,2025-12-29,-14,109.65,1535.1,ADJ-2877,Physical Count,290,276,warehouse2,Transaction processed for WH_100 location,system,2025-12-29
2878,1561,2,Sale,2026-03-12,-13,82.06,1066.78,SO-45838,Customer Sale,43,30,warehouse2,Transaction processed for Backup location,system,2026-03-12
2879,3061,1,Transfer,2025-09-19,-11,151.7,1668.7,TRF-7252,Warehouse Transfer,65,54,system,Transaction processed for WH_100 location,system,2025-09-19
2880,3041,2,Receipt,2025-07-23,119,123.34,14677.46,PO-6342,Purchase Order Receipt,74,193,warehouse2,Transaction processed for WH_200 location,system,2025-07-23
2881,2112,1,Sale,2026-02-05,-40,66.6,2664.0,SO-95262,Customer Sale,69,29,warehouse1,Transaction processed for WH_100 location,system,2026-02-05
2882,3104,2,Return,2025-09-14,3,95.11,285.33,RET-77523,Customer Return,235,238,warehouse1,Transaction processed for WH_200 location,system,2025-09-14
2883,3101,1,Receipt,2025-11-16,41,110.01,4510.41,PO-2991,Purchase Order Receipt,137,178,warehouse1,Transaction processed for WH_100 location,system,2025-11-16
2884,1561,1,Receipt,2026-02-18,46,80.58,3706.68,PO-3704,Purchase Order Receipt,78,124,warehouse2,Transaction processed for WH_100 location,system,2026-02-18
2885,3052,2,Sale,2026-01-08,-13,115.25,1498.25,SO-53944,Customer Sale,72,59,warehouse2,Transaction processed for Backup location,system,2026-01-08
2886,2012,1,Receipt,2026-02-25,88,304.29,26777.52,PO-8370,Purchase Order Receipt,99,187,warehouse2,Transaction processed for WH_100 location,system,2026-02-25
2887,1532,1,Sale,2026-02-21,-43,67.64,2908.52,SO-65645,Customer Sale,87,44,warehouse1,Transaction processed for WH_100 location,system,2026-02-21
2888,3042,2,Receipt,2025-07-24,94,60.9,5724.6,PO-9759,Purchase Order Receipt,150,244,warehouse1,Transaction processed for Backup location,system,2025-07-24
2889,3103,2,Receipt,2025-12-25,198,178.97,35436.06,PO-4916,Purchase Order Receipt,121,319,system,Transaction processed for Backup location,system,2025-12-25
2890,1521,2,Receipt,2025-07-14,19,127.6,2424.4,PO-7165,Purchase Order Receipt,16,35,warehouse2,Transaction processed for Backup location,system,2025-07-14
2891,3104,2,Sale,2025-09-23,-47,118.89,5587.83,SO-94135,Customer Sale,124,77,warehouse1,Transaction processed for Backup location,system,2025-09-23
2892,1553,2,Sale,2025-11-10,-23,91.38,2101.74,SO-79219,Customer Sale,109,86,warehouse1,Transaction processed for Backup location,system,2025-11-10
2893,3092,1,Sale,2025-09-03,-25,540.11,13502.75,SO-91455,Customer Sale,174,149,system,Transaction processed for WH_100 location,system,2025-09-03
2894,2012,1,Receipt,2026-01-01,161,312.53,50317.33,PO-9398,Purchase Order Receipt,131,292,warehouse2,Transaction processed for WH_100 location,system,2026-01-01
2895,3041,2,Receipt,2025-08-10,144,127.08,18299.52,PO-9916,Purchase Order Receipt,93,237,system,Transaction processed for Backup location,system,2025-08-10
2896,1581,1,Sale,2025-12-16,-10,48.56,485.6,SO-87790,Customer Sale,10,0,warehouse2,Transaction processed for WH_100 location,system,2025-12-16
2897,3031,3,Receipt,2026-01-21,113,430.98,48700.74,PO-6105,Purchase Order Receipt,124,237,warehouse1,Transaction processed for WH_500 location,system,2026-01-21
2898,2111,2,Transfer,2025-09-01,-26,142.6,3707.6,TRF-2561,Warehouse Transfer,43,17,system,Transaction processed for WH_200 location,system,2025-09-01
2899,1541,2,Sale,2025-07-10,-32,132.59,4242.88,SO-42141,Customer Sale,32,0,system,Transaction processed for Backup location,system,2025-07-10
2900,3012,2,Adjustment,2025-08-22,-3,659.11,1977.33,ADJ-2900,System Correction,148,145,warehouse1,Transaction processed for Backup location,system,2025-08-22
2901,3104,2,Damage,2025-08-19,-10,118.89,1188.9,DMG-2901,Warehouse Damage,57,47,warehouse2,Transaction processed for WH_200 location,system,2025-08-19
2902,1552,2,Sale,2025-12-11,-36,58.45,2104.2,SO-22134,Customer Sale,154,118,system,Transaction processed for WH_200 location,system,2025-12-11
2903,3102,2,Receipt,2025-08-11,150,173.21,25981.5,PO-7280,Purchase Order Receipt,37,187,system,Transaction processed for Backup location,system,2025-08-11
2904,3031,3,Sale,2025-08-31,-29,419.97,12179.13,SO-80502,Customer Sale,46,17,warehouse1,Transaction processed for WH_500 location,system,2025-08-31
2905,2101,2,Sale,2025-07-21,-22,13.5,297.0,SO-25509,Customer Sale,134,112,warehouse2,Transaction processed for WH_200 location,system,2025-07-21
2906,1521,2,Sale,2026-03-25,-22,122.8,2701.6,SO-34740,Customer Sale,68,46,warehouse2,Transaction processed for Backup location,system,2026-03-25
2907,3072,1,Sale,2025-12-13,-43,10.7,460.1,SO-31500,Customer Sale,110,67,warehouse2,Transaction processed for WH_100 location,system,2025-12-13
2908,3103,1,Sale,2025-10-05,-26,180.33,4688.58,SO-79468,Customer Sale,78,52,system,Transaction processed for WH_100 location,system,2025-10-05
2909,1522,2,Sale,2026-03-21,-8,163.1,1304.8,SO-99867,Customer Sale,120,112,warehouse2,Transaction processed for Backup location,system,2026-03-21
2910,1553,1,Sale,2025-09-10,-14,91.38,1279.32,SO-45299,Customer Sale,146,132,system,Transaction processed for WH_100 location,system,2025-09-10
2911,1532,1,Sale,2026-03-10,-4,67.64,270.56,SO-82677,Customer Sale,18,14,system,Transaction processed for WH_100 location,system,2026-03-10
2912,3062,3,Receipt,2026-03-25,80,87.06,6964.8,PO-1289,Purchase Order Receipt,66,146,warehouse1,Transaction processed for WH_500 location,system,2026-03-25
2913,3032,1,Sale,2025-07-14,-29,240.85,6984.65,SO-48550,Customer Sale,63,34,warehouse1,Transaction processed for WH_100 location,system,2025-07-14
2914,1563,1,Receipt,2025-12-26,72,67.93,4890.96,PO-3996,Purchase Order Receipt,63,135,system,Transaction processed for WH_100 location,system,2025-12-26
2915,2101,2,Receipt,2026-04-21,136,13.29,1807.44,PO-1128,Purchase Order Receipt,109,245,warehouse2,Transaction processed for WH_200 location,system,2026-04-21
2916,3022,1,Receipt,2025-07-30,33,344.14,11356.62,PO-3940,Purchase Order Receipt,81,114,system,Transaction processed for WH_100 location,system,2025-07-30
2917,2031,1,Sale,2026-02-01,-37,23.04,852.48,SO-56352,Customer Sale,101,64,system,Transaction processed for WH_100 location,system,2026-02-01
2918,1581,1,Adjustment,2025-09-11,-8,48.56,388.48,ADJ-2918,Cycle Count,38,30,system,Transaction processed for WH_100 location,system,2025-09-11
2919,1551,2,Receipt,2025-12-13,131,67.15,8796.65,PO-8038,Purchase Order Receipt,39,170,warehouse1,Transaction processed for Backup location,system,2025-12-13
2920,1563,1,Sale,2026-02-03,-37,70.33,2602.21,SO-39596,Customer Sale,68,31,warehouse1,Transaction processed for WH_100 location,system,2026-02-03
2921,1541,2,Damage,2025-07-12,-5,132.59,662.95,DMG-2921,Shipping Damage,37,32,system,Transaction processed for Backup location,system,2025-07-12
2922,3103,2,Sale,2025-12-14,-5,180.33,901.65,SO-17963,Customer Sale,5,0,system,Transaction processed for Backup location,system,2025-12-14
2923,2112,1,Transfer,2025-10-20,-49,66.6,3263.4,TRF-3040,Warehouse Transfer,218,169,warehouse1,Transaction processed for WH_100 location,system,2025-10-20
2924,3102,1,Sale,2026-01-23,-20,173.13,3462.6,SO-12554,Customer Sale,140,120,warehouse1,Transaction processed for WH_100 location,system,2026-01-23
2925,3031,2,Receipt,2025-12-06,166,402.47,66810.02,PO-2377,Purchase Order Receipt,60,226,warehouse2,Transaction processed for Backup location,system,2025-12-06
2926,2101,2,Sale,2025-10-09,-46,13.5,621.0,SO-13004,Customer Sale,92,46,system,Transaction processed for WH_200 location,system,2025-10-09
2927,1561,1,Sale,2025-10-11,-49,82.06,4020.94,SO-16045,Customer Sale,97,48,warehouse2,Transaction processed for WH_100 location,system,2025-10-11
2928,3104,2,Adjustment,2026-03-16,-17,118.89,2021.13,ADJ-2928,Cycle Count,165,148,warehouse2,Transaction processed for WH_200 location,system,2026-03-16
2929,2012,1,Receipt,2026-01-09,94,305.3,28698.2,PO-4958,Purchase Order Receipt,12,106,warehouse2,Transaction processed for WH_100 location,system,2026-01-09
2930,3104,2,Receipt,2025-10-20,14,121.57,1701.98,PO-9188,Purchase Order Receipt,176,190,warehouse2,Transaction processed for WH_200 location,system,2025-10-20
2931,3091,2,Sale,2026-01-31,-8,456.94,3655.52,SO-76591,Customer Sale,192,184,system,Transaction processed for WH_200 location,system,2026-01-31
2932,1531,2,Receipt,2026-02-02,67,91.46,6127.82,PO-6159,Purchase Order Receipt,4,71,warehouse2,Transaction processed for Backup location,system,2026-02-02
2933,1522,1,Transfer,2026-03-31,-15,163.1,2446.5,TRF-8203,Warehouse Transfer,82,67,system,Transaction processed for WH_100 location,system,2026-03-31
2934,3091,2,Return,2025-08-05,2,365.55,731.1,RET-85165,Customer Return,62,64,warehouse1,Transaction processed for Backup location,system,2025-08-05
2935,1521,1,Sale,2025-10-25,-22,122.8,2701.6,SO-32830,Customer Sale,37,15,system,Transaction processed for WH_100 location,system,2025-10-25
2936,2011,1,Sale,2025-07-14,-31,124.64,3863.84,SO-61733,Customer Sale,49,18,warehouse2,Transaction processed for WH_100 location,system,2025-07-14
2937,2061,1,Sale,2025-11-11,-50,25.72,1286.0,SO-75962,Customer Sale,51,1,warehouse2,Transaction processed for WH_100 location,system,2025-11-11
2938,3022,2,Sale,2025-12-12,-18,352.53,6345.54,SO-55068,Customer Sale,65,47,warehouse1,Transaction processed for Backup location,system,2025-12-12
2939,1561,2,Transfer,2025-11-25,-8,82.06,656.48,TRF-8744,Warehouse Transfer,18,10,system,Transaction processed for Backup location,system,2025-11-25
2940,3052,2,Receipt,2026-01-20,27,111.41,3008.07,PO-9364,Purchase Order Receipt,57,84,system,Transaction processed for Backup location,system,2026-01-20
2941,2022,1,Return,2026-04-06,4,29.1,116.4,RET-31608,Customer Return,135,139,warehouse1,Transaction processed for WH_100 location,system,2026-04-06
2942,3104,2,Sale,2025-12-30,-34,118.89,4042.26,SO-47587,Customer Sale,139,105,system,Transaction processed for Backup location,system,2025-12-30
2943,1561,2,Receipt,2025-12-19,39,80.37,3134.43,PO-8323,Purchase Order Receipt,52,91,warehouse2,Transaction processed for Backup location,system,2025-12-19
2944,3081,1,Receipt,2025-11-25,119,56.27,6696.13,PO-2105,Purchase Order Receipt,11,130,system,Transaction processed for WH_100 location,system,2025-11-25
2945,3072,1,Sale,2026-04-21,-27,10.7,288.9,SO-73646,Customer Sale,150,123,warehouse2,Transaction processed for WH_100 location,system,2026-04-21
2946,3042,2,Sale,2025-09-13,-13,62.54,813.02,SO-48887,Customer Sale,134,121,warehouse2,Transaction processed for Backup location,system,2025-09-13
2947,3092,1,Sale,2025-11-02,-40,540.11,21604.4,SO-29045,Customer Sale,231,191,system,Transaction processed for WH_100 location,system,2025-11-02
2948,1532,1,Sale,2026-04-16,-16,67.64,1082.24,SO-90283,Customer Sale,36,20,warehouse1,Transaction processed for WH_100 location,system,2026-04-16
2949,3032,1,Sale,2025-12-23,-27,240.85,6502.95,SO-19964,Customer Sale,63,36,warehouse2,Transaction processed for WH_100 location,system,2025-12-23
2950,3041,2,Adjustment,2026-04-22,2,127.74,255.48,ADJ-2950,System Correction,12,14,system,Transaction processed for WH_200 location,system,2026-04-22
2951,2091,1,Sale,2026-01-02,-25,7.98,199.5,SO-58785,Customer Sale,25,0,warehouse2,Transaction processed for WH_100 location,system,2026-01-02
2952,3053,1,Sale,2025-09-29,-5,180.15,900.75,SO-97106,Customer Sale,15,10,warehouse1,Transaction processed for WH_100 location,system,2025-09-29
2953,2071,2,Receipt,2025-08-21,149,21.98,3275.02,PO-6444,Purchase Order Receipt,8,157,warehouse2,Transaction processed for Backup location,system,2025-08-21
2954,1522,1,Receipt,2025-10-04,64,155.86,9975.04,PO-9026,Purchase Order Receipt,55,119,warehouse1,Transaction processed for WH_100 location,system,2025-10-04
2955,3022,1,Return,2026-04-13,2,282.02,564.04,RET-64679,Customer Return,77,79,system,Transaction processed for WH_100 location,system,2026-04-13
2956,2112,1,Transfer,2025-09-27,-27,66.6,1798.2,TRF-5459,Warehouse Transfer,129,102,warehouse2,Transaction processed for WH_100 location,system,2025-09-27
2957,3012,2,Sale,2026-01-13,-6,659.11,3954.66,SO-41742,Customer Sale,187,181,warehouse1,Transaction processed for Backup location,system,2026-01-13
2958,2011,2,Transfer,2026-02-06,-48,124.64,5982.72,TRF-5510,Warehouse Transfer,87,39,system,Transaction processed for Backup location,system,2026-02-06
2959,2051,1,Sale,2025-08-09,-1,16.44,16.44,SO-39214,Customer Sale,43,42,warehouse2,Transaction processed for WH_100 location,system,2025-08-09
2960,1551,1,Sale,2025-08-16,-4,67.04,268.16,SO-33267,Customer Sale,103,99,warehouse2,Transaction processed for WH_100 location,system,2025-08-16
2961,2031,1,Receipt,2026-01-31,186,22.19,4127.34,PO-7184,Purchase Order Receipt,5,191,warehouse1,Transaction processed for WH_100 location,system,2026-01-31
2962,3042,2,Sale,2026-04-04,-26,62.54,1626.04,SO-84241,Customer Sale,161,135,system,Transaction processed for Backup location,system,2026-04-04
2963,1561,2,Sale,2025-12-16,-27,82.06,2215.62,SO-88308,Customer Sale,80,53,warehouse1,Transaction processed for Backup location,system,2025-12-16
2964,2031,1,Sale,2025-10-10,-25,23.04,576.0,SO-78840,Customer Sale,92,67,warehouse2,Transaction processed for WH_100 location,system,2025-10-10
2965,2011,1,Sale,2026-03-08,-7,124.64,872.48,SO-48512,Customer Sale,101,94,warehouse1,Transaction processed for WH_100 location,system,2026-03-08
2966,2081,2,Receipt,2026-02-20,197,25.9,5102.3,PO-2462,Purchase Order Receipt,87,284,warehouse2,Transaction processed for WH_200 location,system,2026-02-20
2967,2071,1,Receipt,2025-07-10,95,21.54,2046.3,PO-1746,Purchase Order Receipt,35,130,warehouse1,Transaction processed for WH_100 location,system,2025-07-10
2968,2012,2,Sale,2025-11-27,-23,312.61,7190.03,SO-30231,Customer Sale,98,75,warehouse2,Transaction processed for Backup location,system,2025-11-27
2969,3041,2,Receipt,2026-03-06,165,124.3,20509.5,PO-3436,Purchase Order Receipt,66,231,warehouse1,Transaction processed for WH_200 location,system,2026-03-06
2970,1532,1,Receipt,2025-08-01,18,68.67,1236.06,PO-9284,Purchase Order Receipt,113,131,warehouse2,Transaction processed for WH_100 location,system,2025-08-01
2971,3053,1,Receipt,2026-03-25,17,183.56,3120.52,PO-2003,Purchase Order Receipt,62,79,system,Transaction processed for WH_100 location,system,2026-03-25
2972,2061,1,Sale,2025-08-13,-9,25.72,231.48,SO-20998,Customer Sale,154,145,warehouse1,Transaction processed for WH_100 location,system,2025-08-13
2973,3053,1,Sale,2025-09-14,-16,180.15,2882.4,SO-68184,Customer Sale,96,80,warehouse2,Transaction processed for WH_100 location,system,2025-09-14
2974,3102,1,Receipt,2026-03-07,176,172.23,30312.48,PO-6221,Purchase Order Receipt,111,287,system,Transaction processed for WH_100 location,system,2026-03-07
2975,2022,1,Sale,2026-01-06,-50,36.37,1818.5,SO-49035,Customer Sale,99,49,system,Transaction processed for WH_100 location,system,2026-01-06
2976,1551,2,Sale,2026-02-02,-1,67.04,67.04,SO-16844,Customer Sale,44,43,warehouse2,Transaction processed for Backup location,system,2026-02-02
2977,2111,2,Sale,2026-03-14,-43,142.6,6131.8,SO-43035,Customer Sale,122,79,warehouse2,Transaction processed for WH_200 location,system,2026-03-14
2978,3102,1,Adjustment,2026-03-18,10,173.13,1731.3,ADJ-2978,Cycle Count,158,168,system,Transaction processed for WH_100 location,system,2026-03-18
2979,3103,2,Damage,2025-09-22,-4,180.33,721.32,DMG-2979,Quality Issue,120,116,warehouse2,Transaction processed for Backup location,system,2025-09-22
2980,3042,2,Sale,2026-01-05,-30,62.54,1876.2,SO-81587,Customer Sale,117,87,warehouse2,Transaction processed for Backup location,system,2026-01-05
2981,3013,1,Transfer,2025-07-10,-46,344.68,15855.28,TRF-9961,Warehouse Transfer,185,139,system,Transaction processed for WH_100 location,system,2025-07-10
2982,1541,1,Receipt,2025-11-02,26,129.79,3374.54,PO-3298,Purchase Order Receipt,18,44,warehouse1,Transaction processed for WH_100 location,system,2025-11-02
2983,1521,1,Sale,2025-08-03,-9,122.8,1105.2,SO-49356,Customer Sale,21,12,warehouse2,Transaction processed for WH_100 location,system,2025-08-03
2984,2051,1,Sale,2026-02-21,-50,16.44,822.0,SO-93977,Customer Sale,150,100,system,Transaction processed for WH_100 location,system,2026-02-21
2985,1562,1,Transfer,2026-01-17,-33,121.04,3994.32,TRF-3254,Warehouse Transfer,33,0,system,Transaction processed for WH_100 location,system,2026-01-17
2986,3103,2,Receipt,2026-02-15,192,175.88,33768.96,PO-5812,Purchase Order Receipt,12,204,system,Transaction processed for Backup location,system,2026-02-15
2987,1522,1,Sale,2025-09-01,-18,163.1,2935.8,SO-64956,Customer Sale,166,148,system,Transaction processed for WH_100 location,system,2025-09-01
2988,2061,1,Sale,2025-10-05,-48,25.72,1234.56,SO-42999,Customer Sale,111,63,system,Transaction processed for WH_100 location,system,2025-10-05
2989,1551,2,Sale,2025-11-27,-24,67.04,1608.96,SO-35686,Customer Sale,82,58,warehouse2,Transaction processed for Backup location,system,2025-11-27
2990,1541,1,Receipt,2025-09-17,21,133.51,2803.71,PO-2517,Purchase Order Receipt,107,128,warehouse2,Transaction processed for WH_100 location,system,2025-09-17
2991,3062,3,Sale,2025-11-26,-23,88.18,2028.14,SO-67883,Customer Sale,107,84,warehouse2,Transaction processed for WH_500 location,system,2025-11-26
2992,3091,2,Sale,2025-07-20,-50,456.94,22847.0,SO-86283,Customer Sale,182,132,warehouse1,Transaction processed for WH_200 location,system,2025-07-20
2993,1531,1,Receipt,2025-11-28,43,93.95,4039.85,PO-6159,Purchase Order Receipt,118,161,warehouse1,Transaction processed for WH_100 location,system,2025-11-28
2994,2111,2,Damage,2026-04-21,-1,142.6,142.6,DMG-2994,Warehouse Damage,119,118,system,Transaction processed for WH_200 location,system,2026-04-21
2995,2011,1,Adjustment,2026-02-08,-9,124.64,1121.76,ADJ-2995,Physical Count,56,47,warehouse2,Transaction processed for WH_100 location,system,2026-02-08
2996,1512,1,Adjustment,2026-02-23,-4,219.21,876.84,ADJ-2996,System Correction,4,0,system,Transaction processed for WH_100 location,system,2026-02-23
2997,2012,2,Receipt,2025-11-04,132,322.72,42599.04,PO-2085,Purchase Order Receipt,52,184,system,Transaction processed for Backup location,system,2025-11-04
2998,2061,1,Sale,2025-07-29,-14,25.72,360.08,SO-72469,Customer Sale,46,32,warehouse2,Transaction processed for WH_100 location,system,2025-07-29
2999,3041,2,Adjustment,2025-11-22,0,127.74,0.0,ADJ-2999,System Correction,41,41,system,Transaction processed for WH_200 location,system,2025-11-22
3000,1553,2,Transfer,2025-10-02,-34,91.38,3106.92,TRF-2771,Warehouse Transfer,34,0,warehouse2,Transaction processed for Backup location,system,2025-10-02
3001,3071,2,Receipt,2025-09-21,64,39.77,2545.28,PO-2106,Purchase Order Receipt,13,77,system,Transaction processed for WH_200 location,system,2025-09-21
3002,3062,3,Transfer,2025-12-01,-15,88.18,1322.7,TRF-3131,Warehouse Transfer,96,81,warehouse2,Transaction processed for WH_500 location,system,2025-12-01
3003,3102,1,Receipt,2025-07-30,64,178.77,11441.28,PO-1639,Purchase Order Receipt,80,144,warehouse2,Transaction processed for WH_100 location,system,2025-07-30
3004,3101,1,Receipt,2026-02-03,20,115.36,2307.2,PO-4003,Purchase Order Receipt,94,114,warehouse1,Transaction processed for WH_100 location,system,2026-02-03
3005,2031,1,Sale,2026-01-31,-43,23.04,990.72,SO-84146,Customer Sale,109,66,system,Transaction processed for WH_100 location,system,2026-01-31
3006,3102,1,Sale,2025-08-18,-28,173.13,4847.64,SO-54995,Customer Sale,180,152,warehouse1,Transaction processed for WH_100 location,system,2025-08-18
3007,1561,2,Return,2025-10-14,1,65.65,65.65,RET-42919,Customer Return,60,61,system,Transaction processed for Backup location,system,2025-10-14
3008,3012,2,Sale,2025-08-08,-18,659.11,11863.98,SO-38135,Customer Sale,41,23,warehouse2,Transaction processed for Backup location,system,2025-08-08
3009,2031,1,Adjustment,2025-11-30,15,23.04,345.6,ADJ-3009,Physical Count,87,102,system,Transaction processed for WH_100 location,system,2025-11-30
3010,3062,3,Receipt,2025-08-31,109,84.71,9233.39,PO-1656,Purchase Order Receipt,59,168,system,Transaction processed for WH_500 location,system,2025-08-31
3011,3022,2,Receipt,2026-04-21,104,361.85,37632.4,PO-6020,Purchase Order Receipt,3,107,system,Transaction processed for Backup location,system,2026-04-21
3012,1531,1,Transfer,2025-11-03,-37,91.09,3370.33,TRF-3559,Warehouse Transfer,85,48,warehouse1,Transaction processed for WH_100 location,system,2025-11-03
3013,3012,1,Sale,2025-11-22,-9,659.11,5931.99,SO-87581,Customer Sale,140,131,warehouse2,Transaction processed for WH_100 location,system,2025-11-22
3014,2101,2,Transfer,2026-02-19,-19,13.5,256.5,TRF-2364,Warehouse Transfer,113,94,system,Transaction processed for WH_200 location,system,2026-02-19
3015,2101,2,Receipt,2025-11-16,84,12.85,1079.4,PO-2606,Purchase Order Receipt,63,147,warehouse1,Transaction processed for WH_200 location,system,2025-11-16
3016,3042,1,Receipt,2026-03-25,125,61.44,7680.0,PO-7239,Purchase Order Receipt,318,443,warehouse1,Transaction processed for WH_100 location,system,2026-03-25
3017,2021,1,Damage,2025-11-22,-9,71.31,641.79,DMG-3017,Warehouse Damage,228,219,system,Transaction processed for WH_100 location,system,2025-11-22
3018,1543,1,Transfer,2025-08-02,-20,65.36,1307.2,TRF-6995,Warehouse Transfer,24,4,system,Transaction processed for WH_100 location,system,2025-08-02
3019,3091,2,Receipt,2025-08-25,70,478.24,33476.8,PO-1128,Purchase Order Receipt,121,191,system,Transaction processed for WH_200 location,system,2025-08-25
3020,1521,1,Sale,2025-07-16,-15,122.8,1842.0,SO-43076,Customer Sale,91,76,warehouse1,Transaction processed for WH_100 location,system,2025-07-16
3021,1561,2,Receipt,2026-03-01,15,81.76,1226.4,PO-6795,Purchase Order Receipt,105,120,warehouse1,Transaction processed for Backup location,system,2026-03-01
3022,3042,1,Sale,2025-12-10,-23,62.54,1438.42,SO-95391,Customer Sale,297,274,warehouse1,Transaction processed for WH_100 location,system,2025-12-10
3023,3101,1,Receipt,2025-08-12,74,112.33,8312.42,PO-4293,Purchase Order Receipt,16,90,warehouse1,Transaction processed for WH_100 location,system,2025-08-12
3024,1553,1,Receipt,2026-01-26,83,91.67,7608.61,PO-8050,Purchase Order Receipt,41,124,warehouse2,Transaction processed for WH_100 location,system,2026-01-26
3025,3062,3,Sale,2025-11-22,-14,88.18,1234.52,SO-98332,Customer Sale,14,0,warehouse1,Transaction processed for WH_500 location,system,2025-11-22
3026,2012,1,Sale,2026-04-05,-45,312.61,14067.45,SO-16296,Customer Sale,143,98,warehouse1,Transaction processed for WH_100 location,system,2026-04-05
3027,3102,1,Sale,2026-01-26,-2,173.13,346.26,SO-49481,Customer Sale,7,5,warehouse1,Transaction processed for WH_100 location,system,2026-01-26
3028,2012,1,Sale,2026-02-03,-27,312.61,8440.47,SO-63681,Customer Sale,110,83,system,Transaction processed for WH_100 location,system,2026-02-03
3029,1533,1,Sale,2026-03-02,-37,107.2,3966.4,SO-41884,Customer Sale,100,63,warehouse1,Transaction processed for WH_100 location,system,2026-03-02
3030,1542,1,Receipt,2025-12-31,155,91.04,14111.2,PO-9639,Purchase Order Receipt,55,210,warehouse1,Transaction processed for WH_100 location,system,2025-12-31
3031,3104,2,Sale,2026-01-20,-48,118.89,5706.72,SO-35314,Customer Sale,116,68,warehouse2,Transaction processed for Backup location,system,2026-01-20
3032,2112,1,Sale,2026-04-14,-22,66.6,1465.2,SO-67247,Customer Sale,185,163,warehouse1,Transaction processed for WH_100 location,system,2026-04-14
3033,2111,2,Receipt,2026-03-17,99,143.71,14227.29,PO-1028,Purchase Order Receipt,10,109,warehouse1,Transaction processed for WH_200 location,system,2026-03-17
3034,1512,1,Sale,2025-08-11,-1,219.21,219.21,SO-53212,Customer Sale,1,0,system,Transaction processed for WH_100 location,system,2025-08-11
3035,3012,2,Sale,2025-10-12,-30,659.11,19773.3,SO-41863,Customer Sale,102,72,warehouse1,Transaction processed for Backup location,system,2025-10-12
3036,1552,2,Sale,2025-10-17,-14,58.45,818.3,SO-96076,Customer Sale,250,236,warehouse1,Transaction processed for WH_200 location,system,2025-10-17
3037,3022,1,Receipt,2025-08-21,168,343.32,57677.76,PO-7415,Purchase Order Receipt,31,199,warehouse1,Transaction processed for WH_100 location,system,2025-08-21
3038,2071,2,Receipt,2025-07-21,132,21.82,2880.24,PO-8152,Purchase Order Receipt,92,224,warehouse2,Transaction processed for Backup location,system,2025-07-21
3039,1541,1,Sale,2025-09-30,-27,132.59,3579.93,SO-98796,Customer Sale,131,104,warehouse1,Transaction processed for WH_100 location,system,2025-09-30
3040,3104,2,Sale,2025-09-20,-26,118.89,3091.14,SO-82865,Customer Sale,229,203,warehouse2,Transaction processed for WH_200 location,system,2025-09-20
3041,1512,1,Return,2025-12-04,3,175.37,526.11,RET-28435,Customer Return,90,93,warehouse2,Transaction processed for WH_100 location,system,2025-12-04
3042,2011,2,Transfer,2025-12-05,-33,124.64,4113.12,TRF-4323,Warehouse Transfer,98,65,system,Transaction processed for Backup location,system,2025-12-05
3043,2051,1,Damage,2025-10-04,-8,16.44,131.52,DMG-3043,Quality Issue,22,14,system,Transaction processed for WH_100 location,system,2025-10-04
3044,3052,1,Adjustment,2025-09-08,20,115.25,2305.0,ADJ-3044,Physical Count,3,23,warehouse1,Transaction processed for WH_100 location,system,2025-09-08
3045,1562,1,Receipt,2025-08-31,96,126.0,12096.0,PO-9336,Purchase Order Receipt,94,190,warehouse2,Transaction processed for WH_100 location,system,2025-08-31
3046,3042,2,Sale,2026-01-06,-38,62.54,2376.52,SO-54347,Customer Sale,42,4,warehouse1,Transaction processed for Backup location,system,2026-01-06
3047,1553,2,Adjustment,2026-04-18,14,91.38,1279.32,ADJ-3047,Cycle Count,15,29,warehouse2,Transaction processed for Backup location,system,2026-04-18
3048,1543,1,Adjustment,2025-09-12,4,65.36,261.44,ADJ-3048,Cycle Count,62,66,system,Transaction processed for WH_100 location,system,2025-09-12
3049,1581,1,Receipt,2025-10-27,69,46.84,3231.96,PO-4070,Purchase Order Receipt,6,75,warehouse1,Transaction processed for WH_100 location,system,2025-10-27
3050,2112,1,Adjustment,2026-04-26,2,66.6,133.2,ADJ-3050,Physical Count,39,41,warehouse2,Transaction processed for WH_100 location,system,2026-04-26
3051,3092,1,Receipt,2026-02-28,131,527.11,69051.41,PO-9866,Purchase Order Receipt,279,410,warehouse1,Transaction processed for WH_100 location,system,2026-02-28
3052,3104,2,Sale,2026-04-08,-24,118.89,2853.36,SO-48625,Customer Sale,24,0,warehouse1,Transaction processed for Backup location,system,2026-04-08
3053,3041,2,Receipt,2025-12-15,19,127.5,2422.5,PO-4002,Purchase Order Receipt,84,103,warehouse2,Transaction processed for WH_200 location,system,2025-12-15
3054,3102,1,Sale,2025-08-07,-45,173.13,7790.85,SO-28410,Customer Sale,125,80,system,Transaction processed for WH_100 location,system,2025-08-07
3055,1523,2,Sale,2026-04-10,-24,54.46,1307.04,SO-90284,Customer Sale,186,162,warehouse1,Transaction processed for WH_200 location,system,2026-04-10
3056,1523,2,Return,2025-09-26,4,43.57,174.28,RET-23338,Customer Return,137,141,warehouse1,Transaction processed for WH_200 location,system,2025-09-26
3057,2011,1,Sale,2025-12-02,-31,124.64,3863.84,SO-32695,Customer Sale,148,117,warehouse2,Transaction processed for WH_100 location,system,2025-12-02
3058,1553,2,Receipt,2026-01-03,178,94.91,16893.98,PO-8107,Purchase Order Receipt,136,314,warehouse1,Transaction processed for Backup location,system,2026-01-03
3059,3022,2,Sale,2025-12-16,-4,352.53,1410.12,SO-36209,Customer Sale,48,44,warehouse2,Transaction processed for Backup location,system,2025-12-16
3060,3082,1,Receipt,2025-09-04,77,83.45,6425.65,PO-8112,Purchase Order Receipt,68,145,warehouse2,Transaction processed for WH_100 location,system,2025-09-04
3061,1542,1,Transfer,2025-10-16,-40,90.83,3633.2,TRF-2078,Warehouse Transfer,202,162,warehouse2,Transaction processed for WH_100 location,system,2025-10-16
3062,2051,2,Sale,2025-07-20,-44,16.44,723.36,SO-85671,Customer Sale,103,59,warehouse2,Transaction processed for Backup location,system,2025-07-20
3063,1531,1,Receipt,2025-09-29,80,87.7,7016.0,PO-7628,Purchase Order Receipt,109,189,warehouse2,Transaction processed for WH_100 location,system,2025-09-29
3064,3102,1,Sale,2025-11-28,-48,173.13,8310.24,SO-67360,Customer Sale,81,33,warehouse2,Transaction processed for WH_100 location,system,2025-11-28
3065,2012,1,Adjustment,2025-10-13,8,312.61,2500.88,ADJ-3065,System Correction,74,82,warehouse1,Transaction processed for WH_100 location,system,2025-10-13
3066,1551,1,Sale,2025-07-23,-30,67.04,2011.2,SO-34308,Customer Sale,109,79,warehouse2,Transaction processed for WH_100 location,system,2025-07-23
3067,2012,1,Damage,2026-01-18,-9,312.61,2813.49,DMG-3067,Quality Issue,55,46,system,Transaction processed for WH_100 location,system,2026-01-18
3068,2111,2,Transfer,2025-12-30,-13,142.6,1853.8,TRF-5637,Warehouse Transfer,44,31,warehouse1,Transaction processed for WH_200 location,system,2025-12-30
3069,1521,2,Adjustment,2025-10-22,-5,122.8,614.0,ADJ-3069,Cycle Count,41,36,warehouse2,Transaction processed for Backup location,system,2025-10-22
3070,1551,1,Adjustment,2026-04-17,-6,67.04,402.24,ADJ-3070,System Correction,28,22,warehouse1,Transaction processed for WH_100 location,system,2026-04-17
3071,3051,1,Sale,2025-11-08,-17,226.49,3850.33,SO-89700,Customer Sale,67,50,system,Transaction processed for WH_100 location,system,2025-11-08
3072,3033,1,Sale,2026-04-11,-47,419.49,19716.03,SO-26833,Customer Sale,145,98,warehouse2,Transaction processed for WH_100 location,system,2026-04-11
3073,3022,2,Sale,2025-11-10,-5,352.53,1762.65,SO-86277,Customer Sale,5,0,warehouse2,Transaction processed for Backup location,system,2025-11-10
3074,2051,2,Return,2025-08-31,3,13.15,39.45,RET-22705,Customer Return,47,50,system,Transaction processed for Backup location,system,2025-08-31
3075,3104,2,Receipt,2026-03-27,189,122.51,23154.39,PO-8841,Purchase Order Receipt,137,326,warehouse1,Transaction processed for WH_200 location,system,2026-03-27
3076,3012,1,Receipt,2025-09-07,179,669.25,119795.75,PO-9453,Purchase Order Receipt,293,472,warehouse1,Transaction processed for WH_100 location,system,2025-09-07
3077,3051,1,Receipt,2025-08-07,92,215.24,19802.08,PO-1932,Purchase Order Receipt,10,102,warehouse2,Transaction processed for WH_100 location,system,2025-08-07
3078,1532,1,Receipt,2025-07-11,30,65.07,1952.1,PO-9655,Purchase Order Receipt,67,97,warehouse2,Transaction processed for WH_100 location,system,2025-07-11
3079,3091,2,Sale,2025-12-15,-44,456.94,20105.36,SO-26161,Customer Sale,146,102,warehouse2,Transaction processed for WH_200 location,system,2025-12-15
3080,2091,1,Sale,2026-01-01,-18,7.98,143.64,SO-68414,Customer Sale,44,26,system,Transaction processed for WH_100 location,system,2026-01-01
3081,2021,1,Sale,2026-03-23,-42,71.31,2995.02,SO-71992,Customer Sale,201,159,warehouse2,Transaction processed for WH_100 location,system,2026-03-23
3082,2022,1,Receipt,2026-03-17,150,36.8,5520.0,PO-5429,Purchase Order Receipt,151,301,warehouse2,Transaction processed for WH_100 location,system,2026-03-17
3083,3052,1,Receipt,2026-03-07,193,118.65,22899.45,PO-5787,Purchase Order Receipt,97,290,warehouse1,Transaction processed for WH_100 location,system,2026-03-07
3084,2061,1,Transfer,2026-02-15,-29,25.72,745.88,TRF-3879,Warehouse Transfer,49,20,system,Transaction processed for WH_100 location,system,2026-02-15
3085,3012,1,Receipt,2025-12-05,54,665.86,35956.44,PO-1399,Purchase Order Receipt,191,245,system,Transaction processed for WH_100 location,system,2025-12-05
3086,1522,2,Sale,2025-09-23,-20,163.1,3262.0,SO-86624,Customer Sale,111,91,warehouse2,Transaction processed for Backup location,system,2025-09-23
3087,2012,1,Sale,2026-04-30,-29,312.61,9065.69,SO-14889,Customer Sale,163,134,warehouse2,Transaction processed for WH_100 location,system,2026-04-30
3088,3104,2,Transfer,2025-08-30,-37,118.89,4398.93,TRF-9131,Warehouse Transfer,157,120,system,Transaction processed for WH_200 location,system,2025-08-30
3089,1581,1,Sale,2025-07-15,-43,48.56,2088.08,SO-77689,Customer Sale,95,52,system,Transaction processed for WH_100 location,system,2025-07-15
3090,1541,1,Sale,2025-12-24,-3,132.59,397.77,SO-46742,Customer Sale,74,71,system,Transaction processed for WH_100 location,system,2025-12-24
3091,3053,1,Transfer,2025-08-03,-34,180.15,6125.1,TRF-4583,Warehouse Transfer,80,46,warehouse1,Transaction processed for WH_100 location,system,2025-08-03
3092,2051,2,Sale,2026-01-06,-12,16.44,197.28,SO-31057,Customer Sale,68,56,warehouse1,Transaction processed for Backup location,system,2026-01-06
3093,3061,1,Transfer,2026-04-12,-8,151.7,1213.6,TRF-3328,Warehouse Transfer,8,0,warehouse2,Transaction processed for WH_100 location,system,2026-04-12
3094,3042,1,Sale,2025-10-01,-27,62.54,1688.58,SO-48805,Customer Sale,244,217,system,Transaction processed for WH_100 location,system,2025-10-01
3095,1541,2,Receipt,2026-02-26,65,136.67,8883.55,PO-3870,Purchase Order Receipt,110,175,system,Transaction processed for Backup location,system,2026-02-26
3096,3042,1,Receipt,2025-12-29,120,61.87,7424.4,PO-8737,Purchase Order Receipt,307,427,warehouse2,Transaction processed for WH_100 location,system,2025-12-29
3097,1563,1,Receipt,2026-04-28,20,67.43,1348.6,PO-5481,Purchase Order Receipt,62,82,warehouse2,Transaction processed for WH_100 location,system,2026-04-28
3098,2111,2,Transfer,2025-08-05,-18,142.6,2566.8,TRF-8694,Warehouse Transfer,18,0,warehouse1,Transaction processed for WH_200 location,system,2025-08-05
3099,2071,2,Receipt,2026-02-09,160,22.98,3676.8,PO-6162,Purchase Order Receipt,33,193,warehouse1,Transaction processed for Backup location,system,2026-02-09
3100,3102,2,Sale,2026-01-17,-4,173.13,692.52,SO-96909,Customer Sale,125,121,warehouse2,Transaction processed for Backup location,system,2026-01-17
3101,2051,2,Sale,2025-10-23,-46,16.44,756.24,SO-59756,Customer Sale,59,13,warehouse1,Transaction processed for Backup location,system,2025-10-23
3102,3101,1,Sale,2025-12-11,-34,114.44,3890.96,SO-28820,Customer Sale,34,0,warehouse2,Transaction processed for WH_100 location,system,2025-12-11
3103,1572,3,Sale,2026-04-20,-38,222.59,8458.42,SO-26931,Customer Sale,117,79,warehouse1,Transaction processed for WH_500 location,system,2026-04-20
3104,3092,1,Damage,2025-12-12,-4,540.11,2160.44,DMG-3104,Shipping Damage,246,242,warehouse2,Transaction processed for WH_100 location,system,2025-12-12
3105,1521,2,Sale,2025-09-14,-17,122.8,2087.6,SO-91137,Customer Sale,103,86,system,Transaction processed for Backup location,system,2025-09-14
3106,3103,1,Receipt,2025-07-09,116,182.29,21145.64,PO-7719,Purchase Order Receipt,89,205,warehouse1,Transaction processed for WH_100 location,system,2025-07-09
3107,3031,3,Sale,2026-01-20,-6,419.97,2519.82,SO-16874,Customer Sale,6,0,system,Transaction processed for WH_500 location,system,2026-01-20
3108,1563,1,Receipt,2025-12-23,78,73.1,5701.8,PO-8656,Purchase Order Receipt,41,119,warehouse2,Transaction processed for WH_100 location,system,2025-12-23
3109,2011,2,Receipt,2025-08-14,94,123.78,11635.32,PO-1390,Purchase Order Receipt,54,148,system,Transaction processed for Backup location,system,2025-08-14
3110,3071,2,Sale,2026-03-04,-14,39.17,548.38,SO-53038,Customer Sale,14,0,system,Transaction processed for WH_200 location,system,2026-03-04
3111,3103,2,Transfer,2025-07-29,-17,180.33,3065.61,TRF-5893,Warehouse Transfer,60,43,warehouse1,Transaction processed for Backup location,system,2025-07-29
3112,3092,1,Receipt,2026-01-09,66,529.18,34925.88,PO-1939,Purchase Order Receipt,250,316,system,Transaction processed for WH_100 location,system,2026-01-09
3113,3072,1,Sale,2025-07-26,-10,10.7,107.0,SO-65769,Customer Sale,92,82,system,Transaction processed for WH_100 location,system,2025-07-26
3114,1552,2,Receipt,2026-04-12,128,56.25,7200.0,PO-9889,Purchase Order Receipt,289,417,system,Transaction processed for WH_200 location,system,2026-04-12
3115,3104,2,Sale,2026-03-05,-17,118.89,2021.13,SO-89434,Customer Sale,167,150,warehouse1,Transaction processed for WH_200 location,system,2026-03-05
3116,2041,1,Receipt,2025-08-05,71,43.9,3116.9,PO-2021,Purchase Order Receipt,121,192,warehouse1,Transaction processed for WH_100 location,system,2025-08-05
3117,3102,1,Sale,2026-01-09,-49,173.13,8483.37,SO-88997,Customer Sale,67,18,warehouse2,Transaction processed for WH_100 location,system,2026-01-09
3118,2071,1,Receipt,2025-09-10,170,21.15,3595.5,PO-7178,Purchase Order Receipt,81,251,system,Transaction processed for WH_100 location,system,2025-09-10
3119,3071,2,Adjustment,2026-02-24,16,39.17,626.72,ADJ-3119,Cycle Count,47,63,system,Transaction processed for WH_200 location,system,2026-02-24
3120,3091,2,Adjustment,2026-04-12,6,456.94,2741.64,ADJ-3120,Physical Count,49,55,warehouse1,Transaction processed for Backup location,system,2026-04-12
3121,3102,2,Transfer,2025-09-15,-22,173.13,3808.86,TRF-1511,Warehouse Transfer,126,104,warehouse1,Transaction processed for Backup location,system,2025-09-15
3122,1531,1,Sale,2025-12-02,-11,91.09,1001.99,SO-51171,Customer Sale,98,87,warehouse1,Transaction processed for WH_100 location,system,2025-12-02
3123,3052,2,Receipt,2025-10-28,200,112.09,22418.0,PO-9681,Purchase Order Receipt,77,277,warehouse2,Transaction processed for Backup location,system,2025-10-28
3124,1563,1,Sale,2026-01-01,-43,70.33,3024.19,SO-85523,Customer Sale,64,21,system,Transaction processed for WH_100 location,system,2026-01-01
3125,3104,2,Damage,2026-02-05,-4,118.89,475.56,DMG-3125,Shipping Damage,88,84,system,Transaction processed for Backup location,system,2026-02-05
3126,2061,1,Return,2026-01-31,2,20.58,41.16,RET-77964,Customer Return,150,152,warehouse1,Transaction processed for WH_100 location,system,2026-01-31
3127,2091,1,Return,2026-04-06,4,6.38,25.52,RET-41533,Customer Return,51,55,warehouse2,Transaction processed for WH_100 location,system,2026-04-06
3128,1521,1,Receipt,2025-07-21,50,123.42,6171.0,PO-6436,Purchase Order Receipt,26,76,warehouse2,Transaction processed for WH_100 location,system,2025-07-21
3129,3051,1,Sale,2026-04-25,-29,226.49,6568.21,SO-14168,Customer Sale,62,33,warehouse2,Transaction processed for WH_100 location,system,2026-04-25
3130,3102,2,Sale,2026-04-09,-49,173.13,8483.37,SO-49706,Customer Sale,83,34,warehouse2,Transaction processed for Backup location,system,2026-04-09
3131,3052,2,Receipt,2025-12-17,121,113.73,13761.33,PO-7703,Purchase Order Receipt,105,226,system,Transaction processed for Backup location,system,2025-12-17
3132,1552,2,Return,2026-03-31,4,46.76,187.04,RET-71884,Customer Return,271,275,warehouse1,Transaction processed for WH_200 location,system,2026-03-31
3133,1521,1,Adjustment,2025-12-19,-19,122.8,2333.2,ADJ-3133,Physical Count,45,26,warehouse1,Transaction processed for WH_100 location,system,2025-12-19
3134,1572,3,Sale,2026-01-23,-28,222.59,6232.52,SO-40110,Customer Sale,219,191,warehouse1,Transaction processed for WH_500 location,system,2026-01-23
3135,3041,2,Transfer,2025-07-20,-7,127.74,894.18,TRF-9183,Warehouse Transfer,88,81,warehouse1,Transaction processed for Backup location,system,2025-07-20
3136,2041,1,Sale,2025-11-13,-43,44.39,1908.77,SO-55269,Customer Sale,92,49,warehouse2,Transaction processed for WH_100 location,system,2025-11-13
3137,3062,3,Sale,2025-07-07,-38,88.18,3350.84,SO-50583,Customer Sale,38,0,system,Transaction processed for WH_500 location,system,2025-07-07
3138,2012,1,Return,2026-02-22,3,250.09,750.27,RET-22895,Customer Return,62,65,system,Transaction processed for WH_100 location,system,2026-02-22
3139,1521,1,Receipt,2025-12-29,134,128.76,17253.84,PO-5764,Purchase Order Receipt,37,171,system,Transaction processed for WH_100 location,system,2025-12-29
3140,3091,2,Sale,2025-08-21,-23,456.94,10509.62,SO-37349,Customer Sale,23,0,warehouse1,Transaction processed for Backup location,system,2025-08-21
3141,1563,1,Damage,2026-02-10,-4,70.33,281.32,DMG-3141,Warehouse Damage,33,29,warehouse2,Transaction processed for WH_100 location,system,2026-02-10
3142,1553,1,Receipt,2025-07-05,78,88.82,6927.96,PO-2290,Purchase Order Receipt,69,147,warehouse1,Transaction processed for WH_100 location,system,2025-07-05
3143,1551,2,Receipt,2025-09-12,111,70.12,7783.32,PO-2762,Purchase Order Receipt,16,127,warehouse1,Transaction processed for Backup location,system,2025-09-12
3144,2051,1,Return,2025-07-16,1,13.15,13.15,RET-34557,Customer Return,5,6,warehouse1,Transaction processed for WH_100 location,system,2025-07-16
3145,1531,1,Sale,2025-11-03,-20,91.09,1821.8,SO-71131,Customer Sale,53,33,warehouse2,Transaction processed for WH_100 location,system,2025-11-03
3146,3041,2,Sale,2026-02-15,-11,127.74,1405.14,SO-83691,Customer Sale,112,101,warehouse1,Transaction processed for Backup location,system,2026-02-15
3147,1533,1,Sale,2025-10-27,-24,107.2,2572.8,SO-42332,Customer Sale,40,16,warehouse1,Transaction processed for WH_100 location,system,2025-10-27
3148,1562,1,Receipt,2025-10-04,141,124.96,17619.36,PO-2385,Purchase Order Receipt,35,176,warehouse1,Transaction processed for WH_100 location,system,2025-10-04
3149,3103,2,Damage,2026-02-27,-10,180.33,1803.3,DMG-3149,Warehouse Damage,33,23,warehouse2,Transaction processed for Backup location,system,2026-02-27
3150,2012,2,Transfer,2026-04-13,-8,312.61,2500.88,TRF-7914,Warehouse Transfer,8,0,warehouse1,Transaction processed for Backup location,system,2026-04-13
3151,1541,2,Sale,2026-01-29,-46,132.59,6099.14,SO-26027,Customer Sale,108,62,warehouse2,Transaction processed for Backup location,system,2026-01-29
3152,3022,1,Receipt,2026-04-30,167,360.84,60260.28,PO-3993,Purchase Order Receipt,61,228,warehouse2,Transaction processed for WH_100 location,system,2026-04-30
3153,1551,2,Return,2025-08-20,2,53.63,107.26,RET-94718,Customer Return,94,96,system,Transaction processed for Backup location,system,2025-08-20
3154,3101,1,Damage,2025-10-05,-2,114.44,228.88,DMG-3154,Warehouse Damage,12,10,warehouse2,Transaction processed for WH_100 location,system,2025-10-05
3155,3012,1,Sale,2026-03-19,-46,659.11,30319.06,SO-22423,Customer Sale,333,287,system,Transaction processed for WH_100 location,system,2026-03-19
3156,3104,2,Receipt,2025-12-25,159,122.31,19447.29,PO-5826,Purchase Order Receipt,122,281,system,Transaction processed for Backup location,system,2025-12-25
3157,3102,2,Receipt,2026-04-03,66,180.06,11883.96,PO-9970,Purchase Order Receipt,76,142,warehouse1,Transaction processed for Backup location,system,2026-04-03
3158,3103,2,Receipt,2026-03-23,189,172.35,32574.15,PO-1405,Purchase Order Receipt,17,206,warehouse1,Transaction processed for Backup location,system,2026-03-23
3159,1552,2,Damage,2026-02-15,-8,58.45,467.6,DMG-3159,Shipping Damage,271,263,warehouse2,Transaction processed for WH_200 location,system,2026-02-15
3160,3042,2,Adjustment,2025-10-30,-11,62.54,687.94,ADJ-3160,System Correction,38,27,system,Transaction processed for Backup location,system,2025-10-30
3161,1522,1,Sale,2025-11-29,-16,163.1,2609.6,SO-16252,Customer Sale,168,152,warehouse2,Transaction processed for WH_100 location,system,2025-11-29
3162,1542,1,Receipt,2025-08-19,192,92.08,17679.36,PO-1285,Purchase Order Receipt,143,335,warehouse1,Transaction processed for WH_100 location,system,2025-08-19
3163,3104,2,Receipt,2026-03-11,49,118.0,5782.0,PO-8233,Purchase Order Receipt,63,112,system,Transaction processed for Backup location,system,2026-03-11
3164,1521,1,Sale,2025-11-24,-23,122.8,2824.4,SO-52755,Customer Sale,46,23,warehouse1,Transaction processed for WH_100 location,system,2025-11-24
3165,3031,3,Receipt,2026-04-02,51,407.84,20799.84,PO-5112,Purchase Order Receipt,70,121,system,Transaction processed for WH_500 location,system,2026-04-02
3166,3102,1,Receipt,2026-03-08,122,171.14,20879.08,PO-2187,Purchase Order Receipt,177,299,system,Transaction processed for WH_100 location,system,2026-03-08
3167,2051,2,Receipt,2026-01-01,85,16.42,1395.7,PO-2986,Purchase Order Receipt,19,104,warehouse1,Transaction processed for Backup location,system,2026-01-01
3168,1581,1,Receipt,2025-12-29,98,50.14,4913.72,PO-7057,Purchase Order Receipt,102,200,warehouse2,Transaction processed for WH_100 location,system,2025-12-29
3169,2121,1,Receipt,2026-04-19,191,31.19,5957.29,PO-1325,Purchase Order Receipt,63,254,warehouse2,Transaction processed for WH_100 location,system,2026-04-19
3170,2061,1,Sale,2025-09-04,-20,25.72,514.4,SO-15722,Customer Sale,79,59,warehouse1,Transaction processed for WH_100 location,system,2025-09-04
3171,3042,1,Transfer,2026-01-23,-18,62.54,1125.72,TRF-4945,Warehouse Transfer,312,294,system,Transaction processed for WH_100 location,system,2026-01-23
3172,3061,1,Sale,2026-04-07,-21,151.7,3185.7,SO-64703,Customer Sale,118,97,system,Transaction processed for WH_100 location,system,2026-04-07
3173,2051,2,Adjustment,2025-07-10,-19,16.44,312.36,ADJ-3173,System Correction,105,86,warehouse2,Transaction processed for Backup location,system,2025-07-10
3174,3031,3,Sale,2025-09-23,-38,419.97,15958.86,SO-77364,Customer Sale,58,20,warehouse2,Transaction processed for WH_500 location,system,2025-09-23
3175,3052,2,Sale,2025-11-08,-16,115.25,1844.0,SO-26569,Customer Sale,16,0,warehouse1,Transaction processed for Backup location,system,2025-11-08
3176,1562,1,Sale,2025-12-13,-21,121.04,2541.84,SO-76923,Customer Sale,59,38,warehouse1,Transaction processed for WH_100 location,system,2025-12-13
3177,1531,2,Receipt,2026-03-08,111,94.3,10467.3,PO-7093,Purchase Order Receipt,72,183,warehouse2,Transaction processed for Backup location,system,2026-03-08
3178,1541,2,Sale,2025-07-16,-34,132.59,4508.06,SO-80094,Customer Sale,97,63,warehouse2,Transaction processed for Backup location,system,2025-07-16
3179,1532,1,Return,2026-03-15,2,54.11,108.22,RET-31967,Customer Return,38,40,system,Transaction processed for WH_100 location,system,2026-03-15
3180,3041,2,Sale,2025-07-27,-47,127.74,6003.78,SO-28632,Customer Sale,125,78,system,Transaction processed for WH_200 location,system,2025-07-27
3181,3051,1,Receipt,2026-02-17,132,221.09,29183.88,PO-9259,Purchase Order Receipt,75,207,warehouse2,Transaction processed for WH_100 location,system,2026-02-17
3182,3071,2,Adjustment,2025-11-18,7,39.17,274.19,ADJ-3182,Physical Count,91,98,warehouse1,Transaction processed for WH_200 location,system,2025-11-18
3183,1531,1,Transfer,2025-11-30,-24,91.09,2186.16,TRF-7556,Warehouse Transfer,24,0,system,Transaction processed for WH_100 location,system,2025-11-30
3184,1511,2,Adjustment,2025-10-22,13,321.96,4185.48,ADJ-3184,Cycle Count,183,196,warehouse1,Transaction processed for WH_200 location,system,2025-10-22
3185,2011,2,Sale,2026-01-10,-18,124.64,2243.52,SO-36926,Customer Sale,18,0,system,Transaction processed for Backup location,system,2026-01-10
3186,2021,1,Sale,2026-04-22,-33,71.31,2353.23,SO-71497,Customer Sale,106,73,warehouse1,Transaction processed for WH_100 location,system,2026-04-22
3187,3041,2,Sale,2026-04-03,-28,127.74,3576.72,SO-76270,Customer Sale,109,81,warehouse2,Transaction processed for WH_200 location,system,2026-04-03
3188,1533,1,Transfer,2026-01-19,-46,107.2,4931.2,TRF-9505,Warehouse Transfer,63,17,system,Transaction processed for WH_100 location,system,2026-01-19
3189,1522,2,Receipt,2025-09-08,174,170.12,29600.88,PO-4356,Purchase Order Receipt,39,213,warehouse1,Transaction processed for Backup location,system,2025-09-08
3190,2101,2,Sale,2025-12-14,-18,13.5,243.0,SO-33709,Customer Sale,18,0,system,Transaction processed for WH_200 location,system,2025-12-14
3191,3071,2,Sale,2026-04-11,-25,39.17,979.25,SO-70956,Customer Sale,37,12,warehouse1,Transaction processed for WH_200 location,system,2026-04-11
3192,1561,1,Adjustment,2025-10-11,4,82.06,328.24,ADJ-3192,System Correction,14,18,warehouse1,Transaction processed for WH_100 location,system,2025-10-11
3193,3081,1,Sale,2026-04-11,-38,58.16,2210.08,SO-68824,Customer Sale,93,55,warehouse2,Transaction processed for WH_100 location,system,2026-04-11
3194,1571,1,Sale,2025-11-13,-26,109.65,2850.9,SO-86056,Customer Sale,144,118,system,Transaction processed for WH_100 location,system,2025-11-13
3195,1511,2,Receipt,2025-10-11,197,329.87,64984.39,PO-8896,Purchase Order Receipt,124,321,warehouse1,Transaction processed for WH_200 location,system,2025-10-11
3196,3061,1,Damage,2025-08-06,-6,151.7,910.2,DMG-3196,Quality Issue,104,98,system,Transaction processed for WH_100 location,system,2025-08-06
3197,3102,1,Sale,2026-03-29,-12,173.13,2077.56,SO-61498,Customer Sale,171,159,system,Transaction processed for WH_100 location,system,2026-03-29
3198,3091,2,Sale,2025-10-30,-23,456.94,10509.62,SO-13950,Customer Sale,44,21,warehouse2,Transaction processed for Backup location,system,2025-10-30
3199,2081,2,Sale,2025-08-14,-30,25.3,759.0,SO-28881,Customer Sale,162,132,system,Transaction processed for WH_200 location,system,2025-08-14
3200,2011,2,Transfer,2025-11-04,-10,124.64,1246.4,TRF-4961,Warehouse Transfer,14,4,system,Transaction processed for Backup location,system,2025-11-04
3201,1543,1,Receipt,2026-03-09,48,65.43,3140.64,PO-3108,Purchase Order Receipt,63,111,warehouse2,Transaction processed for WH_100 location,system,2026-03-09
3202,1531,2,Receipt,2026-03-07,132,89.53,11817.96,PO-1455,Purchase Order Receipt,7,139,warehouse1,Transaction processed for Backup location,system,2026-03-07
3203,3021,1,Sale,2025-09-08,-42,270.38,11355.96,SO-44444,Customer Sale,91,49,warehouse2,Transaction processed for WH_100 location,system,2025-09-08
3204,3042,1,Sale,2026-02-10,-5,62.54,312.7,SO-99968,Customer Sale,288,283,system,Transaction processed for WH_100 location,system,2026-02-10
3205,3061,1,Receipt,2025-09-01,182,145.85,26544.7,PO-6123,Purchase Order Receipt,14,196,warehouse1,Transaction processed for WH_100 location,system,2025-09-01
3206,2061,1,Receipt,2025-09-04,40,26.26,1050.4,PO-5867,Purchase Order Receipt,66,106,system,Transaction processed for WH_100 location,system,2025-09-04
3207,3082,1,Adjustment,2026-02-08,3,84.82,254.46,ADJ-3207,Cycle Count,12,15,warehouse2,Transaction processed for WH_100 location,system,2026-02-08
3208,2012,2,Adjustment,2025-10-25,15,312.61,4689.15,ADJ-3208,Cycle Count,123,138,warehouse2,Transaction processed for Backup location,system,2025-10-25
3209,2112,1,Sale,2026-02-12,-5,66.6,333.0,SO-32809,Customer Sale,202,197,warehouse1,Transaction processed for WH_100 location,system,2026-02-12
3210,2012,2,Sale,2025-10-09,-33,312.61,10316.13,SO-58388,Customer Sale,110,77,system,Transaction processed for Backup location,system,2025-10-09
3211,3102,1,Receipt,2026-02-28,173,165.63,28653.99,PO-4254,Purchase Order Receipt,174,347,warehouse2,Transaction processed for WH_100 location,system,2026-02-28
3212,2071,2,Sale,2026-03-07,-9,21.94,197.46,SO-32133,Customer Sale,41,32,warehouse2,Transaction processed for Backup location,system,2026-03-07
3213,3061,1,Adjustment,2026-03-21,-4,151.7,606.8,ADJ-3213,System Correction,42,38,warehouse2,Transaction processed for WH_100 location,system,2026-03-21
3214,1581,1,Return,2026-04-05,2,38.85,77.7,RET-68344,Customer Return,75,77,warehouse1,Transaction processed for WH_100 location,system,2026-04-05
3215,1541,1,Sale,2026-02-27,-12,132.59,1591.08,SO-15218,Customer Sale,65,53,system,Transaction processed for WH_100 location,system,2026-02-27
3216,1551,1,Receipt,2025-11-26,188,65.0,12220.0,PO-5099,Purchase Order Receipt,73,261,warehouse1,Transaction processed for WH_100 location,system,2025-11-26
3217,3051,1,Receipt,2025-10-30,144,218.42,31452.48,PO-8430,Purchase Order Receipt,55,199,warehouse2,Transaction processed for WH_100 location,system,2025-10-30
3218,1551,2,Receipt,2026-04-07,184,68.25,12558.0,PO-1166,Purchase Order Receipt,66,250,warehouse2,Transaction processed for Backup location,system,2026-04-07
3219,3031,3,Sale,2026-02-11,-46,419.97,19318.62,SO-60590,Customer Sale,112,66,warehouse1,Transaction processed for WH_500 location,system,2026-02-11
3220,3053,1,Adjustment,2025-12-23,3,180.15,540.45,ADJ-3220,Physical Count,13,16,warehouse2,Transaction processed for WH_100 location,system,2025-12-23
3221,3101,1,Sale,2026-04-08,-41,114.44,4692.04,SO-25865,Customer Sale,41,0,warehouse1,Transaction processed for WH_100 location,system,2026-04-08
3222,1552,2,Return,2026-02-21,1,46.76,46.76,RET-75149,Customer Return,247,248,warehouse2,Transaction processed for WH_200 location,system,2026-02-21
3223,1521,2,Sale,2026-01-28,-3,122.8,368.4,SO-90738,Customer Sale,93,90,warehouse2,Transaction processed for Backup location,system,2026-01-28
3224,2111,2,Receipt,2026-01-06,156,147.9,23072.4,PO-4126,Purchase Order Receipt,53,209,warehouse1,Transaction processed for WH_200 location,system,2026-01-06
3225,1542,1,Sale,2025-08-13,-31,90.83,2815.73,SO-12059,Customer Sale,200,169,system,Transaction processed for WH_100 location,system,2025-08-13
3226,1551,2,Sale,2025-09-07,-24,67.04,1608.96,SO-86093,Customer Sale,24,0,system,Transaction processed for Backup location,system,2025-09-07
3227,1551,2,Receipt,2026-01-19,200,66.68,13336.0,PO-8216,Purchase Order Receipt,9,209,warehouse2,Transaction processed for Backup location,system,2026-01-19
3228,2111,2,Sale,2026-04-29,-1,142.6,142.6,SO-66373,Customer Sale,117,116,warehouse2,Transaction processed for WH_200 location,system,2026-04-29
3229,1531,1,Return,2026-01-23,3,72.87,218.61,RET-39899,Customer Return,114,117,warehouse1,Transaction processed for WH_100 location,system,2026-01-23
3230,1531,1,Sale,2026-01-13,-19,91.09,1730.71,SO-38984,Customer Sale,102,83,warehouse2,Transaction processed for WH_100 location,system,2026-01-13
3231,2011,2,Sale,2026-02-03,-9,124.64,1121.76,SO-47545,Customer Sale,91,82,warehouse2,Transaction processed for Backup location,system,2026-02-03
3232,1542,1,Adjustment,2025-12-18,-10,90.83,908.3,ADJ-3232,Cycle Count,119,109,warehouse2,Transaction processed for WH_100 location,system,2025-12-18
3233,3052,2,Sale,2026-03-29,-6,115.25,691.5,SO-92234,Customer Sale,84,78,warehouse1,Transaction processed for Backup location,system,2026-03-29
3234,1552,2,Sale,2025-12-03,-38,58.45,2221.1,SO-94507,Customer Sale,285,247,system,Transaction processed for WH_200 location,system,2025-12-03
3235,3101,1,Transfer,2025-10-06,-6,114.44,686.64,TRF-3197,Warehouse Transfer,109,103,warehouse1,Transaction processed for WH_100 location,system,2025-10-06
3236,2011,1,Sale,2025-09-21,-18,124.64,2243.52,SO-94757,Customer Sale,156,138,warehouse2,Transaction processed for WH_100 location,system,2025-09-21
3237,1521,1,Return,2025-08-09,3,98.24,294.72,RET-12432,Customer Return,43,46,warehouse2,Transaction processed for WH_100 location,system,2025-08-09
3238,2011,1,Sale,2025-09-25,-31,124.64,3863.84,SO-75379,Customer Sale,114,83,system,Transaction processed for WH_100 location,system,2025-09-25
3239,1571,1,Sale,2025-11-30,-5,109.65,548.25,SO-69109,Customer Sale,292,287,warehouse1,Transaction processed for WH_100 location,system,2025-11-30
3240,3013,1,Receipt,2025-08-06,137,329.38,45125.06,PO-7407,Purchase Order Receipt,35,172,warehouse2,Transaction processed for WH_100 location,system,2025-08-06
3241,3021,1,Sale,2025-10-27,-40,270.38,10815.2,SO-42157,Customer Sale,45,5,warehouse2,Transaction processed for WH_100 location,system,2025-10-27
3242,1561,2,Return,2026-04-20,1,65.65,65.65,RET-17536,Customer Return,24,25,warehouse1,Transaction processed for Backup location,system,2026-04-20
3243,3062,3,Sale,2025-12-03,-10,88.18,881.8,SO-80623,Customer Sale,10,0,warehouse2,Transaction processed for WH_500 location,system,2025-12-03
3244,3092,1,Sale,2026-02-19,-1,540.11,540.11,SO-24619,Customer Sale,356,355,warehouse2,Transaction processed for WH_100 location,system,2026-02-19
3245,3012,1,Sale,2025-07-17,-45,659.11,29659.95,SO-41368,Customer Sale,207,162,system,Transaction processed for WH_100 location,system,2025-07-17
3246,3021,1,Receipt,2025-11-18,131,270.97,35497.07,PO-5513,Purchase Order Receipt,36,167,warehouse2,Transaction processed for WH_100 location,system,2025-11-18
3247,1522,1,Sale,2026-04-27,-35,163.1,5708.5,SO-68321,Customer Sale,52,17,warehouse1,Transaction processed for WH_100 location,system,2026-04-27
3248,3091,2,Receipt,2026-04-20,185,454.19,84025.15,PO-6983,Purchase Order Receipt,130,315,system,Transaction processed for WH_200 location,system,2026-04-20
3249,1551,1,Receipt,2025-12-14,27,68.52,1850.04,PO-5841,Purchase Order Receipt,85,112,warehouse2,Transaction processed for WH_100 location,system,2025-12-14
3250,3104,2,Sale,2025-07-15,-42,118.89,4993.38,SO-19497,Customer Sale,90,48,warehouse2,Transaction processed for Backup location,system,2025-07-15
3251,3013,1,Sale,2026-04-26,-43,344.68,14821.24,SO-23689,Customer Sale,70,27,system,Transaction processed for WH_100 location,system,2026-04-26
3252,2031,1,Transfer,2025-08-30,-26,23.04,599.04,TRF-7310,Warehouse Transfer,26,0,warehouse1,Transaction processed for WH_100 location,system,2025-08-30
3253,2071,1,Sale,2026-02-11,-33,21.94,724.02,SO-93040,Customer Sale,48,15,warehouse1,Transaction processed for WH_100 location,system,2026-02-11
3254,3092,1,Sale,2025-09-10,-39,540.11,21064.29,SO-49846,Customer Sale,292,253,system,Transaction processed for WH_100 location,system,2025-09-10
3255,2041,1,Sale,2025-10-30,-23,44.39,1020.97,SO-67483,Customer Sale,41,18,warehouse1,Transaction processed for WH_100 location,system,2025-10-30
3256,2121,1,Adjustment,2025-07-15,-7,31.62,221.34,ADJ-3256,System Correction,95,88,warehouse1,Transaction processed for WH_100 location,system,2025-07-15
3257,2011,1,Sale,2026-03-25,-23,124.64,2866.72,SO-49524,Customer Sale,42,19,system,Transaction processed for WH_100 location,system,2026-03-25
3258,3042,1,Damage,2025-10-27,-8,62.54,500.32,DMG-3258,Warehouse Damage,241,233,warehouse1,Transaction processed for WH_100 location,system,2025-10-27
3259,2081,2,Receipt,2026-01-28,32,24.76,792.32,PO-3560,Purchase Order Receipt,206,238,warehouse1,Transaction processed for WH_200 location,system,2026-01-28
3260,1523,2,Return,2025-12-03,5,43.57,217.85,RET-72884,Customer Return,116,121,warehouse1,Transaction processed for WH_200 location,system,2025-12-03
3261,1581,1,Transfer,2026-01-30,-22,48.56,1068.32,TRF-1558,Warehouse Transfer,22,0,warehouse1,Transaction processed for WH_100 location,system,2026-01-30
3262,3061,1,Sale,2026-04-06,-35,151.7,5309.5,SO-71870,Customer Sale,96,61,warehouse1,Transaction processed for WH_100 location,system,2026-04-06
3263,3022,1,Sale,2025-11-16,-10,352.53,3525.3,SO-52594,Customer Sale,106,96,system,Transaction processed for WH_100 location,system,2025-11-16
3264,2011,2,Sale,2025-09-14,-35,124.64,4362.4,SO-35306,Customer Sale,66,31,system,Transaction processed for Backup location,system,2025-09-14
3265,1523,2,Receipt,2026-01-20,73,53.91,3935.43,PO-5532,Purchase Order Receipt,12,85,warehouse1,Transaction processed for WH_200 location,system,2026-01-20
3266,2022,1,Sale,2025-08-30,-43,36.37,1563.91,SO-60867,Customer Sale,118,75,warehouse2,Transaction processed for WH_100 location,system,2025-08-30
3267,3092,1,Receipt,2026-03-20,159,562.84,89491.56,PO-9307,Purchase Order Receipt,256,415,warehouse1,Transaction processed for WH_100 location,system,2026-03-20
3268,3042,1,Receipt,2026-03-22,137,64.33,8813.21,PO-5910,Purchase Order Receipt,284,421,warehouse2,Transaction processed for WH_100 location,system,2026-03-22
3269,1521,1,Sale,2026-03-20,-8,122.8,982.4,SO-61590,Customer Sale,125,117,warehouse1,Transaction processed for WH_100 location,system,2026-03-20
3270,3051,1,Sale,2025-12-28,-24,226.49,5435.76,SO-82337,Customer Sale,66,42,warehouse1,Transaction processed for WH_100 location,system,2025-12-28
3271,1511,2,Receipt,2026-04-25,136,324.97,44195.92,PO-7376,Purchase Order Receipt,127,263,system,Transaction processed for WH_200 location,system,2026-04-25
3272,2012,1,Sale,2025-08-22,-19,312.61,5939.59,SO-24353,Customer Sale,68,49,warehouse2,Transaction processed for WH_100 location,system,2025-08-22
3273,3104,2,Receipt,2025-10-17,107,117.51,12573.57,PO-2482,Purchase Order Receipt,62,169,warehouse1,Transaction processed for Backup location,system,2025-10-17
3274,1551,2,Receipt,2025-12-31,117,65.06,7612.02,PO-1423,Purchase Order Receipt,14,131,system,Transaction processed for Backup location,system,2025-12-31
3275,3011,1,Transfer,2025-07-03,-45,968.68,43590.6,TRF-6200,Warehouse Transfer,255,210,warehouse2,Transaction processed for WH_100 location,system,2025-07-03
3276,3012,1,Receipt,2025-12-11,144,680.74,98026.56,PO-3286,Purchase Order Receipt,249,393,system,Transaction processed for WH_100 location,system,2025-12-11
3277,3052,1,Damage,2025-11-05,-10,115.25,1152.5,DMG-3277,Warehouse Damage,53,43,system,Transaction processed for WH_100 location,system,2025-11-05
3278,3061,1,Sale,2025-12-31,-26,151.7,3944.2,SO-21642,Customer Sale,26,0,system,Transaction processed for WH_100 location,system,2025-12-31
3279,3022,1,Receipt,2025-09-23,162,341.93,55392.66,PO-1924,Purchase Order Receipt,64,226,warehouse2,Transaction processed for WH_100 location,system,2025-09-23
3280,1522,1,Receipt,2026-02-01,111,170.97,18977.67,PO-9183,Purchase Order Receipt,75,186,warehouse2,Transaction processed for WH_100 location,system,2026-02-01
3281,1531,1,Damage,2025-10-01,-7,91.09,637.63,DMG-3281,Shipping Damage,78,71,system,Transaction processed for WH_100 location,system,2025-10-01
3282,3091,2,Return,2026-02-25,1,365.55,365.55,RET-16677,Customer Return,153,154,warehouse2,Transaction processed for WH_200 location,system,2026-02-25
3283,2012,2,Sale,2026-02-01,-33,312.61,10316.13,SO-85843,Customer Sale,122,89,warehouse2,Transaction processed for Backup location,system,2026-02-01
3284,3031,2,Sale,2025-09-05,-37,419.97,15538.89,SO-37010,Customer Sale,98,61,warehouse2,Transaction processed for Backup location,system,2025-09-05
3285,1523,2,Receipt,2025-07-21,79,56.66,4476.14,PO-4676,Purchase Order Receipt,17,96,warehouse1,Transaction processed for WH_200 location,system,2025-07-21
3286,2022,1,Adjustment,2026-01-02,-10,36.37,363.7,ADJ-3286,Physical Count,25,15,warehouse1,Transaction processed for WH_100 location,system,2026-01-02
3287,2051,1,Sale,2025-10-22,-12,16.44,197.28,SO-39683,Customer Sale,145,133,warehouse1,Transaction processed for WH_100 location,system,2025-10-22
3288,1553,1,Sale,2026-04-18,-14,91.38,1279.32,SO-36902,Customer Sale,117,103,warehouse2,Transaction processed for WH_100 location,system,2026-04-18
3289,3042,1,Receipt,2026-03-08,200,64.09,12818.0,PO-2921,Purchase Order Receipt,282,482,warehouse2,Transaction processed for WH_100 location,system,2026-03-08
3290,3101,1,Damage,2026-04-02,-2,114.44,228.88,DMG-3290,Quality Issue,21,19,warehouse1,Transaction processed for WH_100 location,system,2026-04-02
3291,1543,1,Receipt,2025-07-07,36,68.31,2459.16,PO-5739,Purchase Order Receipt,109,145,warehouse1,Transaction processed for WH_100 location,system,2025-07-07
3292,1531,2,Sale,2026-03-15,-33,91.09,3005.97,SO-84640,Customer Sale,54,21,system,Transaction processed for Backup location,system,2026-03-15
3293,3102,2,Adjustment,2026-04-09,2,173.13,346.26,ADJ-3293,Cycle Count,135,137,warehouse2,Transaction processed for Backup location,system,2026-04-09
3294,3051,1,Transfer,2026-04-08,-46,226.49,10418.54,TRF-8515,Warehouse Transfer,109,63,warehouse1,Transaction processed for WH_100 location,system,2026-04-08
3295,3091,2,Sale,2025-12-17,-27,456.94,12337.38,SO-42312,Customer Sale,104,77,system,Transaction processed for Backup location,system,2025-12-17
3296,3021,1,Receipt,2025-12-20,70,265.01,18550.7,PO-3131,Purchase Order Receipt,12,82,warehouse2,Transaction processed for WH_100 location,system,2025-12-20
3297,2041,1,Receipt,2026-02-28,154,43.69,6728.26,PO-8475,Purchase Order Receipt,81,235,system,Transaction processed for WH_100 location,system,2026-02-28
3298,3103,2,Receipt,2025-09-14,80,172.26,13780.8,PO-6905,Purchase Order Receipt,29,109,warehouse1,Transaction processed for Backup location,system,2025-09-14
3299,3062,3,Sale,2026-02-01,-9,88.18,793.62,SO-14446,Customer Sale,9,0,system,Transaction processed for WH_500 location,system,2026-02-01
3300,3031,2,Sale,2025-07-16,-3,419.97,1259.91,SO-43080,Customer Sale,106,103,warehouse2,Transaction processed for Backup location,system,2025-07-16
3301,1533,1,Sale,2026-01-22,-23,107.2,2465.6,SO-75539,Customer Sale,74,51,system,Transaction processed for WH_100 location,system,2026-01-22
3302,3052,1,Receipt,2025-10-17,182,117.32,21352.24,PO-1417,Purchase Order Receipt,39,221,system,Transaction processed for WH_100 location,system,2025-10-17
3303,1553,2,Adjustment,2025-11-23,-1,91.38,91.38,ADJ-3303,Cycle Count,104,103,system,Transaction processed for Backup location,system,2025-11-23
3304,2011,2,Sale,2025-07-08,-3,124.64,373.92,SO-29166,Customer Sale,3,0,warehouse2,Transaction processed for Backup location,system,2025-07-08
3305,3041,2,Adjustment,2025-09-23,-16,127.74,2043.84,ADJ-3305,System Correction,28,12,system,Transaction processed for WH_200 location,system,2025-09-23
3306,1512,1,Receipt,2026-04-07,84,218.36,18342.24,PO-9649,Purchase Order Receipt,2,86,warehouse2,Transaction processed for WH_100 location,system,2026-04-07
3307,3071,2,Receipt,2025-10-20,175,37.99,6648.25,PO-8951,Purchase Order Receipt,63,238,warehouse2,Transaction processed for WH_200 location,system,2025-10-20
3308,3103,1,Sale,2025-08-21,-22,180.33,3967.26,SO-64107,Customer Sale,101,79,warehouse2,Transaction processed for WH_100 location,system,2025-08-21
3309,3022,1,Sale,2026-01-03,-2,352.53,705.06,SO-20608,Customer Sale,91,89,warehouse1,Transaction processed for WH_100 location,system,2026-01-03
3310,3041,2,Receipt,2026-04-18,94,130.37,12254.78,PO-5610,Purchase Order Receipt,99,193,system,Transaction processed for Backup location,system,2026-04-18
3311,1543,1,Receipt,2025-12-23,11,63.87,702.57,PO-1739,Purchase Order Receipt,125,136,warehouse1,Transaction processed for WH_100 location,system,2025-12-23
3312,1511,2,Sale,2026-03-06,-21,321.96,6761.16,SO-76972,Customer Sale,49,28,warehouse2,Transaction processed for WH_200 location,system,2026-03-06
3313,1563,1,Adjustment,2025-11-14,-7,70.33,492.31,ADJ-3313,Cycle Count,33,26,warehouse1,Transaction processed for WH_100 location,system,2025-11-14
3314,2111,2,Receipt,2026-04-17,15,144.82,2172.3,PO-6776,Purchase Order Receipt,35,50,system,Transaction processed for WH_200 location,system,2026-04-17
3315,3042,1,Adjustment,2025-07-05,19,62.54,1188.26,ADJ-3315,System Correction,136,155,warehouse1,Transaction processed for WH_100 location,system,2025-07-05
3316,3062,3,Sale,2026-01-15,-21,88.18,1851.78,SO-96013,Customer Sale,33,12,system,Transaction processed for WH_500 location,system,2026-01-15
3317,3051,1,Sale,2025-11-14,-48,226.49,10871.52,SO-82354,Customer Sale,59,11,system,Transaction processed for WH_100 location,system,2025-11-14
3318,1542,1,Sale,2025-08-24,-40,90.83,3633.2,SO-28641,Customer Sale,54,14,system,Transaction processed for WH_100 location,system,2025-08-24
3319,1522,2,Sale,2026-04-03,-9,163.1,1467.9,SO-39844,Customer Sale,21,12,system,Transaction processed for Backup location,system,2026-04-03
3320,3082,1,Transfer,2026-02-22,-41,84.82,3477.62,TRF-6315,Warehouse Transfer,174,133,warehouse1,Transaction processed for WH_100 location,system,2026-02-22
3321,3012,2,Sale,2025-10-09,-25,659.11,16477.75,SO-58854,Customer Sale,62,37,warehouse1,Transaction processed for Backup location,system,2025-10-09
3322,1551,1,Receipt,2025-09-11,20,65.37,1307.4,PO-7576,Purchase Order Receipt,89,109,warehouse1,Transaction processed for WH_100 location,system,2025-09-11
3323,3103,1,Sale,2025-09-07,-36,180.33,6491.88,SO-93868,Customer Sale,186,150,warehouse1,Transaction processed for WH_100 location,system,2025-09-07
3324,1552,2,Receipt,2025-08-15,78,56.74,4425.72,PO-9786,Purchase Order Receipt,166,244,warehouse1,Transaction processed for WH_200 location,system,2025-08-15
3325,3042,2,Adjustment,2026-03-19,14,62.54,875.56,ADJ-3325,System Correction,58,72,warehouse2,Transaction processed for Backup location,system,2026-03-19
3326,3092,1,Receipt,2025-10-13,91,521.57,47462.87,PO-6567,Purchase Order Receipt,326,417,warehouse2,Transaction processed for WH_100 location,system,2025-10-13
3327,1511,2,Transfer,2026-04-14,-32,321.96,10302.72,TRF-1787,Warehouse Transfer,172,140,system,Transaction processed for WH_200 location,system,2026-04-14
3328,3103,1,Receipt,2025-09-23,118,173.84,20513.12,PO-9147,Purchase Order Receipt,170,288,system,Transaction processed for WH_100 location,system,2025-09-23
3329,1511,2,Sale,2025-08-31,-25,321.96,8049.0,SO-72006,Customer Sale,185,160,system,Transaction processed for WH_200 location,system,2025-08-31
3330,2101,2,Sale,2026-03-10,-46,13.5,621.0,SO-54071,Customer Sale,84,38,warehouse1,Transaction processed for WH_200 location,system,2026-03-10
3331,1522,2,Receipt,2026-03-16,26,164.6,4279.6,PO-6888,Purchase Order Receipt,37,63,system,Transaction processed for Backup location,system,2026-03-16
3332,3021,1,Receipt,2025-09-17,109,274.94,29968.46,PO-9641,Purchase Order Receipt,0,109,warehouse2,Transaction processed for WH_100 location,system,2025-09-17
3333,3042,2,Receipt,2026-03-22,121,65.02,7867.42,PO-3169,Purchase Order Receipt,28,149,system,Transaction processed for Backup location,system,2026-03-22
3334,3031,3,Damage,2025-10-13,-9,419.97,3779.73,DMG-3334,Shipping Damage,123,114,warehouse1,Transaction processed for WH_500 location,system,2025-10-13
3335,1562,1,Sale,2025-07-12,-1,121.04,121.04,SO-89636,Customer Sale,84,83,system,Transaction processed for WH_100 location,system,2025-07-12
3336,3032,1,Transfer,2026-04-18,-9,240.85,2167.65,TRF-1812,Warehouse Transfer,52,43,system,Transaction processed for WH_100 location,system,2026-04-18
3337,2111,2,Adjustment,2026-03-09,-19,142.6,2709.4,ADJ-3337,Physical Count,36,17,system,Transaction processed for WH_200 location,system,2026-03-09
3338,2112,1,Sale,2026-03-10,-50,66.6,3330.0,SO-26590,Customer Sale,224,174,warehouse2,Transaction processed for WH_100 location,system,2026-03-10
3339,3062,3,Sale,2025-11-19,-3,88.18,264.54,SO-97909,Customer Sale,3,0,warehouse1,Transaction processed for WH_500 location,system,2025-11-19
3340,1523,2,Adjustment,2026-02-08,-6,54.46,326.76,ADJ-3340,Cycle Count,104,98,warehouse2,Transaction processed for WH_200 location,system,2026-02-08
3341,1523,2,Adjustment,2025-08-31,3,54.46,163.38,ADJ-3341,Physical Count,7,10,warehouse2,Transaction processed for WH_200 location,system,2025-08-31
3342,1551,1,Adjustment,2025-12-29,3,67.04,201.12,ADJ-3342,Cycle Count,34,37,system,Transaction processed for WH_100 location,system,2025-12-29
3343,2041,1,Transfer,2026-01-09,-35,44.39,1553.65,TRF-2619,Warehouse Transfer,52,17,warehouse2,Transaction processed for WH_100 location,system,2026-01-09
3344,2061,1,Transfer,2026-04-08,-44,25.72,1131.68,TRF-9979,Warehouse Transfer,48,4,system,Transaction processed for WH_100 location,system,2026-04-08
3345,3012,2,Adjustment,2025-10-10,16,659.11,10545.76,ADJ-3345,Physical Count,5,21,warehouse2,Transaction processed for Backup location,system,2025-10-10
3346,2012,1,Sale,2025-08-27,-23,312.61,7190.03,SO-25028,Customer Sale,84,61,warehouse2,Transaction processed for WH_100 location,system,2025-08-27
3347,1511,2,Receipt,2026-03-08,142,325.07,46159.94,PO-1256,Purchase Order Receipt,66,208,system,Transaction processed for WH_200 location,system,2026-03-08
3348,3081,1,Adjustment,2025-10-21,-8,58.16,465.28,ADJ-3348,System Correction,53,45,warehouse1,Transaction processed for WH_100 location,system,2025-10-21
3349,2021,1,Transfer,2026-02-02,-15,71.31,1069.65,TRF-8503,Warehouse Transfer,165,150,warehouse1,Transaction processed for WH_100 location,system,2026-02-02
3350,3062,3,Transfer,2026-01-28,-21,88.18,1851.78,TRF-7985,Warehouse Transfer,83,62,warehouse1,Transaction processed for WH_500 location,system,2026-01-28
3351,1542,1,Transfer,2026-03-28,-38,90.83,3451.54,TRF-4849,Warehouse Transfer,196,158,system,Transaction processed for WH_100 location,system,2026-03-28
3352,1571,1,Damage,2026-01-24,-4,109.65,438.6,DMG-3352,Shipping Damage,205,201,warehouse2,Transaction processed for WH_100 location,system,2026-01-24
3353,3052,2,Adjustment,2025-11-26,-1,115.25,115.25,ADJ-3353,System Correction,26,25,warehouse1,Transaction processed for Backup location,system,2025-11-26
3354,1551,1,Transfer,2025-09-19,-35,67.04,2346.4,TRF-6768,Warehouse Transfer,68,33,system,Transaction processed for WH_100 location,system,2025-09-19
3355,3042,1,Receipt,2026-02-09,188,61.1,11486.8,PO-6494,Purchase Order Receipt,277,465,warehouse1,Transaction processed for WH_100 location,system,2026-02-09
3356,1522,1,Sale,2026-02-24,-29,163.1,4729.9,SO-76901,Customer Sale,112,83,warehouse2,Transaction processed for WH_100 location,system,2026-02-24
3357,2112,1,Sale,2025-07-04,-47,66.6,3130.2,SO-65485,Customer Sale,92,45,warehouse1,Transaction processed for WH_100 location,system,2025-07-04
3358,1563,1,Sale,2025-12-15,-12,70.33,843.96,SO-14205,Customer Sale,39,27,warehouse1,Transaction processed for WH_100 location,system,2025-12-15
3359,3051,1,Sale,2026-04-14,-46,226.49,10418.54,SO-54638,Customer Sale,63,17,warehouse2,Transaction processed for WH_100 location,system,2026-04-14
3360,2071,2,Receipt,2026-02-05,159,21.92,3485.28,PO-5757,Purchase Order Receipt,13,172,warehouse1,Transaction processed for Backup location,system,2026-02-05
3361,1542,1,Receipt,2025-07-18,166,92.25,15313.5,PO-7660,Purchase Order Receipt,47,213,system,Transaction processed for WH_100 location,system,2025-07-18
3362,1572,3,Sale,2025-08-12,-46,222.59,10239.14,SO-33311,Customer Sale,135,89,system,Transaction processed for WH_500 location,system,2025-08-12
3363,3104,2,Sale,2026-03-17,-34,118.89,4042.26,SO-91314,Customer Sale,144,110,system,Transaction processed for WH_200 location,system,2026-03-17
3364,3051,1,Adjustment,2026-01-28,-13,226.49,2944.37,ADJ-3364,Physical Count,94,81,warehouse1,Transaction processed for WH_100 location,system,2026-01-28
3365,3082,1,Receipt,2026-03-20,74,85.6,6334.4,PO-8247,Purchase Order Receipt,129,203,system,Transaction processed for WH_100 location,system,2026-03-20
3366,1533,1,Sale,2025-10-28,-2,107.2,214.4,SO-99397,Customer Sale,65,63,system,Transaction processed for WH_100 location,system,2025-10-28
3367,1512,1,Receipt,2025-08-22,78,224.83,17536.74,PO-4056,Purchase Order Receipt,65,143,warehouse2,Transaction processed for WH_100 location,system,2025-08-22
3368,2012,2,Sale,2026-04-03,-14,312.61,4376.54,SO-11820,Customer Sale,97,83,warehouse1,Transaction processed for Backup location,system,2026-04-03
3369,1561,2,Receipt,2025-11-20,44,79.7,3506.8,PO-9587,Purchase Order Receipt,11,55,warehouse1,Transaction processed for Backup location,system,2025-11-20
3370,2041,1,Damage,2025-08-29,-2,44.39,88.78,DMG-3370,Quality Issue,107,105,system,Transaction processed for WH_100 location,system,2025-08-29
3371,3013,1,Receipt,2026-03-21,117,331.43,38777.31,PO-8155,Purchase Order Receipt,40,157,warehouse1,Transaction processed for WH_100 location,system,2026-03-21
3372,3062,3,Sale,2025-10-09,-45,88.18,3968.1,SO-78099,Customer Sale,99,54,warehouse1,Transaction processed for WH_500 location,system,2025-10-09
3373,2021,1,Receipt,2026-02-22,124,68.16,8451.84,PO-2586,Purchase Order Receipt,131,255,system,Transaction processed for WH_100 location,system,2026-02-22
3374,1541,1,Sale,2025-07-30,-17,132.59,2254.03,SO-98008,Customer Sale,107,90,warehouse1,Transaction processed for WH_100 location,system,2025-07-30
3375,1561,1,Adjustment,2026-02-08,0,82.06,0.0,ADJ-3375,System Correction,130,130,warehouse1,Transaction processed for WH_100 location,system,2026-02-08
3376,3102,2,Receipt,2025-09-22,151,176.48,26648.48,PO-7181,Purchase Order Receipt,53,204,warehouse2,Transaction processed for Backup location,system,2025-09-22
3377,3041,2,Return,2025-10-29,2,102.19,204.38,RET-53779,Customer Return,27,29,warehouse2,Transaction processed for Backup location,system,2025-10-29
3378,3022,1,Sale,2025-07-05,-18,352.53,6345.54,SO-42375,Customer Sale,18,0,system,Transaction processed for WH_100 location,system,2025-07-05
3379,3033,1,Sale,2025-09-24,-21,419.49,8809.29,SO-85792,Customer Sale,21,0,warehouse1,Transaction processed for WH_100 location,system,2025-09-24
3380,3091,2,Receipt,2026-01-04,188,436.99,82154.12,PO-8706,Purchase Order Receipt,44,232,warehouse2,Transaction processed for Backup location,system,2026-01-04
3381,2081,2,Sale,2025-11-19,-8,25.3,202.4,SO-27705,Customer Sale,188,180,warehouse1,Transaction processed for WH_200 location,system,2025-11-19
3382,1552,2,Return,2025-07-20,1,46.76,46.76,RET-77589,Customer Return,142,143,warehouse2,Transaction processed for WH_200 location,system,2025-07-20
3383,2022,1,Receipt,2025-09-01,173,36.58,6328.34,PO-6083,Purchase Order Receipt,38,211,warehouse1,Transaction processed for WH_100 location,system,2025-09-01
3384,3062,3,Sale,2026-04-25,-47,88.18,4144.46,SO-68637,Customer Sale,76,29,warehouse1,Transaction processed for WH_500 location,system,2026-04-25
3385,3103,1,Adjustment,2025-08-01,8,180.33,1442.64,ADJ-3385,System Correction,209,217,warehouse2,Transaction processed for WH_100 location,system,2025-08-01
3386,1511,2,Sale,2026-01-22,-7,321.96,2253.72,SO-95522,Customer Sale,100,93,system,Transaction processed for WH_200 location,system,2026-01-22
3387,3104,2,Sale,2025-08-14,-38,118.89,4517.82,SO-28569,Customer Sale,229,191,warehouse2,Transaction processed for WH_200 location,system,2025-08-14
3388,2022,1,Sale,2025-12-28,-10,36.37,363.7,SO-45178,Customer Sale,159,149,warehouse1,Transaction processed for WH_100 location,system,2025-12-28
3389,3012,1,Sale,2025-11-09,-23,659.11,15159.53,SO-52017,Customer Sale,284,261,warehouse1,Transaction processed for WH_100 location,system,2025-11-09
3390,3101,1,Sale,2025-07-19,-30,114.44,3433.2,SO-73821,Customer Sale,59,29,warehouse2,Transaction processed for WH_100 location,system,2025-07-19
3391,1552,2,Receipt,2026-03-03,104,58.2,6052.8,PO-2442,Purchase Order Receipt,264,368,warehouse1,Transaction processed for WH_200 location,system,2026-03-03
3392,3091,2,Sale,2025-08-29,-21,456.94,9595.74,SO-43960,Customer Sale,21,0,warehouse1,Transaction processed for WH_200 location,system,2025-08-29
3393,3061,1,Sale,2025-08-18,-14,151.7,2123.8,SO-40173,Customer Sale,14,0,system,Transaction processed for WH_100 location,system,2025-08-18
3394,3062,3,Sale,2025-07-07,-8,88.18,705.44,SO-15146,Customer Sale,8,0,warehouse2,Transaction processed for WH_500 location,system,2025-07-07
3395,2091,1,Receipt,2025-11-26,191,7.7,1470.7,PO-5544,Purchase Order Receipt,1,192,system,Transaction processed for WH_100 location,system,2025-11-26
3396,3091,2,Receipt,2026-04-11,50,451.9,22595.0,PO-9699,Purchase Order Receipt,4,54,warehouse2,Transaction processed for Backup location,system,2026-04-11
3397,1522,2,Adjustment,2026-03-14,11,163.1,1794.1,ADJ-3397,System Correction,66,77,system,Transaction processed for Backup location,system,2026-03-14
3398,3033,1,Sale,2025-08-31,-17,419.49,7131.33,SO-81293,Customer Sale,145,128,system,Transaction processed for WH_100 location,system,2025-08-31
3399,3102,2,Receipt,2025-08-03,92,181.71,16717.32,PO-7797,Purchase Order Receipt,78,170,system,Transaction processed for Backup location,system,2025-08-03
3400,3011,1,Sale,2025-07-14,-9,968.68,8718.12,SO-64095,Customer Sale,239,230,warehouse2,Transaction processed for WH_100 location,system,2025-07-14
3401,2091,1,Receipt,2026-02-20,36,8.04,289.44,PO-7303,Purchase Order Receipt,50,86,warehouse1,Transaction processed for WH_100 location,system,2026-02-20
3402,3032,1,Adjustment,2025-10-06,-11,240.85,2649.35,ADJ-3402,System Correction,101,90,warehouse2,Transaction processed for WH_100 location,system,2025-10-06
3403,1561,1,Transfer,2025-08-01,-25,82.06,2051.5,TRF-5766,Warehouse Transfer,111,86,warehouse1,Transaction processed for WH_100 location,system,2025-08-01
3404,3053,1,Damage,2025-10-10,-8,180.15,1441.2,DMG-3404,Quality Issue,161,153,system,Transaction processed for WH_100 location,system,2025-10-10
3405,1532,1,Sale,2025-10-27,-11,67.64,744.04,SO-10568,Customer Sale,32,21,warehouse2,Transaction processed for WH_100 location,system,2025-10-27
3406,2051,1,Transfer,2026-03-23,-9,16.44,147.96,TRF-7229,Warehouse Transfer,53,44,warehouse2,Transaction processed for WH_100 location,system,2026-03-23
3407,2101,2,Sale,2026-03-21,-7,13.5,94.5,SO-33092,Customer Sale,32,25,system,Transaction processed for WH_200 location,system,2026-03-21
3408,2071,2,Sale,2026-01-30,-12,21.94,263.28,SO-32218,Customer Sale,90,78,warehouse2,Transaction processed for Backup location,system,2026-01-30
3409,1531,1,Sale,2026-02-25,-15,91.09,1366.35,SO-50161,Customer Sale,104,89,warehouse2,Transaction processed for WH_100 location,system,2026-02-25
3410,3072,1,Sale,2026-03-14,-27,10.7,288.9,SO-49122,Customer Sale,65,38,system,Transaction processed for WH_100 location,system,2026-03-14
3411,1561,1,Sale,2026-04-13,-50,82.06,4103.0,SO-92224,Customer Sale,95,45,warehouse2,Transaction processed for WH_100 location,system,2026-04-13
3412,1563,1,Receipt,2025-07-13,16,72.23,1155.68,PO-9648,Purchase Order Receipt,43,59,warehouse2,Transaction processed for WH_100 location,system,2025-07-13
3413,2031,1,Receipt,2025-07-01,133,23.1,3072.3,PO-6163,Purchase Order Receipt,49,182,warehouse1,Transaction processed for WH_100 location,system,2025-07-01
3414,2012,1,Receipt,2025-10-23,137,317.46,43492.02,PO-4115,Purchase Order Receipt,191,328,system,Transaction processed for WH_100 location,system,2025-10-23
3415,3102,1,Sale,2025-11-30,-21,173.13,3635.73,SO-74975,Customer Sale,167,146,warehouse1,Transaction processed for WH_100 location,system,2025-11-30
3416,3031,3,Transfer,2025-11-17,-16,419.97,6719.52,TRF-1084,Warehouse Transfer,34,18,system,Transaction processed for WH_500 location,system,2025-11-17
3417,3072,1,Transfer,2026-03-14,-15,10.7,160.5,TRF-5070,Warehouse Transfer,15,0,warehouse1,Transaction processed for WH_100 location,system,2026-03-14
3418,2111,2,Receipt,2025-09-21,25,149.18,3729.5,PO-6336,Purchase Order Receipt,56,81,warehouse1,Transaction processed for WH_200 location,system,2025-09-21
3419,2071,1,Sale,2026-01-04,-26,21.94,570.44,SO-87259,Customer Sale,53,27,warehouse1,Transaction processed for WH_100 location,system,2026-01-04
3420,1521,1,Sale,2026-02-18,-3,122.8,368.4,SO-73133,Customer Sale,3,0,warehouse1,Transaction processed for WH_100 location,system,2026-02-18
3421,1541,1,Sale,2025-10-10,-14,132.59,1856.26,SO-11420,Customer Sale,43,29,system,Transaction processed for WH_100 location,system,2025-10-10
3422,3031,2,Return,2025-09-18,3,335.98,1007.94,RET-36285,Customer Return,22,25,system,Transaction processed for Backup location,system,2025-09-18
3423,1532,1,Adjustment,2026-04-14,14,67.64,946.96,ADJ-3423,Physical Count,133,147,warehouse2,Transaction processed for WH_100 location,system,2026-04-14
3424,1572,3,Sale,2026-02-28,-49,222.59,10906.91,SO-27109,Customer Sale,261,212,warehouse1,Transaction processed for WH_500 location,system,2026-02-28
3425,3061,1,Sale,2026-02-04,-41,151.7,6219.7,SO-60587,Customer Sale,122,81,warehouse2,Transaction processed for WH_100 location,system,2026-02-04
3426,1531,2,Sale,2025-10-22,-43,91.09,3916.87,SO-31296,Customer Sale,53,10,warehouse2,Transaction processed for Backup location,system,2025-10-22
3427,3031,2,Receipt,2025-12-13,145,430.73,62455.85,PO-7536,Purchase Order Receipt,25,170,warehouse1,Transaction processed for Backup location,system,2025-12-13
3428,1541,1,Sale,2025-10-07,-10,132.59,1325.9,SO-50161,Customer Sale,92,82,warehouse2,Transaction processed for WH_100 location,system,2025-10-07
3429,1572,3,Receipt,2025-07-31,18,212.73,3829.14,PO-4472,Purchase Order Receipt,212,230,warehouse2,Transaction processed for WH_500 location,system,2025-07-31
3430,1523,2,Sale,2026-01-26,-25,54.46,1361.5,SO-21121,Customer Sale,89,64,system,Transaction processed for WH_200 location,system,2026-01-26
3431,1523,2,Sale,2025-11-09,-10,54.46,544.6,SO-37923,Customer Sale,20,10,warehouse1,Transaction processed for WH_200 location,system,2025-11-09
3432,3071,2,Sale,2025-07-18,-48,39.17,1880.16,SO-34377,Customer Sale,96,48,system,Transaction processed for WH_200 location,system,2025-07-18
3433,2121,1,Adjustment,2026-04-15,14,31.62,442.68,ADJ-3433,Cycle Count,124,138,warehouse1,Transaction processed for WH_100 location,system,2026-04-15
3434,1572,3,Receipt,2025-11-16,50,224.43,11221.5,PO-8837,Purchase Order Receipt,199,249,warehouse1,Transaction processed for WH_500 location,system,2025-11-16
3435,2101,2,Sale,2025-07-23,-11,13.5,148.5,SO-79217,Customer Sale,136,125,system,Transaction processed for WH_200 location,system,2025-07-23
3436,2012,2,Adjustment,2026-03-28,-13,312.61,4063.93,ADJ-3436,System Correction,26,13,warehouse1,Transaction processed for Backup location,system,2026-03-28
3437,3082,1,Receipt,2025-10-07,126,85.19,10733.94,PO-3278,Purchase Order Receipt,83,209,warehouse1,Transaction processed for WH_100 location,system,2025-10-07
3438,3061,1,Receipt,2025-10-25,194,152.34,29553.96,PO-6362,Purchase Order Receipt,89,283,warehouse2,Transaction processed for WH_100 location,system,2025-10-25
3439,2022,1,Sale,2026-03-12,-8,36.37,290.96,SO-84572,Customer Sale,77,69,warehouse1,Transaction processed for WH_100 location,system,2026-03-12
3440,3062,3,Adjustment,2026-04-03,3,88.18,264.54,ADJ-3440,Physical Count,80,83,system,Transaction processed for WH_500 location,system,2026-04-03
3441,1531,2,Transfer,2025-12-26,-11,91.09,1001.99,TRF-6927,Warehouse Transfer,102,91,warehouse1,Transaction processed for Backup location,system,2025-12-26
3442,2091,1,Sale,2025-11-24,-31,7.98,247.38,SO-94959,Customer Sale,86,55,warehouse1,Transaction processed for WH_100 location,system,2025-11-24
3443,1581,1,Receipt,2026-01-22,175,47.88,8379.0,PO-2731,Purchase Order Receipt,66,241,warehouse1,Transaction processed for WH_100 location,system,2026-01-22
3444,1561,1,Receipt,2025-10-17,131,81.24,10642.44,PO-6757,Purchase Order Receipt,38,169,warehouse1,Transaction processed for WH_100 location,system,2025-10-17
3445,3052,1,Sale,2025-11-28,-26,115.25,2996.5,SO-79427,Customer Sale,85,59,warehouse1,Transaction processed for WH_100 location,system,2025-11-28
3446,1541,1,Transfer,2025-07-19,-47,132.59,6231.73,TRF-9271,Warehouse Transfer,61,14,system,Transaction processed for WH_100 location,system,2025-07-19
3447,3101,1,Receipt,2025-07-30,200,111.76,22352.0,PO-3141,Purchase Order Receipt,24,224,system,Transaction processed for WH_100 location,system,2025-07-30
3448,2111,2,Return,2025-07-06,2,114.08,228.16,RET-13804,Customer Return,57,59,warehouse1,Transaction processed for WH_200 location,system,2025-07-06
3449,3021,1,Sale,2025-12-06,-14,270.38,3785.32,SO-90390,Customer Sale,54,40,system,Transaction processed for WH_100 location,system,2025-12-06
3450,3022,2,Adjustment,2026-01-24,4,352.53,1410.12,ADJ-3450,System Correction,36,40,warehouse2,Transaction processed for Backup location,system,2026-01-24
3451,2051,2,Adjustment,2025-12-26,1,16.44,16.44,ADJ-3451,Cycle Count,17,18,warehouse1,Transaction processed for Backup location,system,2025-12-26
3452,3061,1,Adjustment,2025-12-21,7,151.7,1061.9,ADJ-3452,Physical Count,32,39,warehouse1,Transaction processed for WH_100 location,system,2025-12-21
3453,1521,2,Sale,2025-07-02,-16,122.8,1964.8,SO-44031,Customer Sale,16,0,warehouse1,Transaction processed for Backup location,system,2025-07-02
3454,3052,2,Receipt,2026-01-20,14,115.31,1614.34,PO-1233,Purchase Order Receipt,8,22,warehouse1,Transaction processed for Backup location,system,2026-01-20
3455,2121,1,Adjustment,2026-04-19,-10,31.62,316.2,ADJ-3455,System Correction,90,80,warehouse1,Transaction processed for WH_100 location,system,2026-04-19
3456,3041,2,Transfer,2025-12-27,-29,127.74,3704.46,TRF-6772,Warehouse Transfer,29,0,system,Transaction processed for Backup location,system,2025-12-27
3457,3041,2,Transfer,2025-12-25,-33,127.74,4215.42,TRF-9933,Warehouse Transfer,95,62,warehouse1,Transaction processed for Backup location,system,2025-12-25
3458,3021,1,Sale,2025-07-08,-14,270.38,3785.32,SO-93570,Customer Sale,14,0,warehouse1,Transaction processed for WH_100 location,system,2025-07-08
3459,1542,1,Adjustment,2026-01-06,-18,90.83,1634.94,ADJ-3459,Physical Count,210,192,warehouse1,Transaction processed for WH_100 location,system,2026-01-06
3460,3103,1,Sale,2025-08-17,-4,180.33,721.32,SO-69967,Customer Sale,214,210,system,Transaction processed for WH_100 location,system,2025-08-17
3461,1553,2,Sale,2025-09-15,-46,91.38,4203.48,SO-34281,Customer Sale,126,80,warehouse2,Transaction processed for Backup location,system,2025-09-15
3462,2012,2,Damage,2025-12-17,-1,312.61,312.61,DMG-3462,Shipping Damage,73,72,warehouse2,Transaction processed for Backup location,system,2025-12-17
3463,2101,2,Receipt,2025-10-23,147,13.97,2053.59,PO-9640,Purchase Order Receipt,114,261,warehouse1,Transaction processed for WH_200 location,system,2025-10-23
3464,3062,3,Return,2025-12-28,1,70.54,70.54,RET-58072,Customer Return,64,65,warehouse1,Transaction processed for WH_500 location,system,2025-12-28
3465,2022,1,Return,2025-08-29,3,29.1,87.3,RET-18846,Customer Return,74,77,warehouse1,Transaction processed for WH_100 location,system,2025-08-29
3466,3033,1,Receipt,2025-07-04,142,407.59,57877.78,PO-7437,Purchase Order Receipt,124,266,warehouse1,Transaction processed for WH_100 location,system,2025-07-04
3467,3031,3,Sale,2025-09-07,-24,419.97,10079.28,SO-50834,Customer Sale,111,87,warehouse2,Transaction processed for WH_500 location,system,2025-09-07
3468,1561,1,Receipt,2025-09-19,55,78.36,4309.8,PO-2929,Purchase Order Receipt,75,130,system,Transaction processed for WH_100 location,system,2025-09-19
3469,3052,2,Receipt,2025-09-04,114,113.65,12956.1,PO-3904,Purchase Order Receipt,55,169,system,Transaction processed for Backup location,system,2025-09-04
3470,3052,1,Receipt,2025-10-02,153,114.17,17468.01,PO-7704,Purchase Order Receipt,107,260,warehouse2,Transaction processed for WH_100 location,system,2025-10-02
3471,1541,2,Sale,2025-09-26,-18,132.59,2386.62,SO-49324,Customer Sale,87,69,system,Transaction processed for Backup location,system,2025-09-26
3472,3104,2,Sale,2025-08-14,-42,118.89,4993.38,SO-63886,Customer Sale,134,92,warehouse1,Transaction processed for WH_200 location,system,2025-08-14
3473,3031,3,Sale,2026-04-17,-27,419.97,11339.19,SO-25176,Customer Sale,104,77,system,Transaction processed for WH_500 location,system,2026-04-17
3474,1552,2,Receipt,2025-07-09,162,59.51,9640.62,PO-1391,Purchase Order Receipt,260,422,warehouse2,Transaction processed for WH_200 location,system,2025-07-09
3475,1523,2,Transfer,2025-09-26,-7,54.46,381.22,TRF-3030,Warehouse Transfer,101,94,warehouse1,Transaction processed for WH_200 location,system,2025-09-26
3476,1553,2,Receipt,2026-03-30,78,87.54,6828.12,PO-1650,Purchase Order Receipt,87,165,warehouse2,Transaction processed for Backup location,system,2026-03-30
3477,1571,1,Receipt,2026-04-06,188,110.52,20777.76,PO-9345,Purchase Order Receipt,194,382,system,Transaction processed for WH_100 location,system,2026-04-06
3478,1511,2,Receipt,2026-01-27,145,322.83,46810.35,PO-1818,Purchase Order Receipt,57,202,system,Transaction processed for WH_200 location,system,2026-01-27
3479,1522,1,Sale,2026-03-12,-35,163.1,5708.5,SO-59429,Customer Sale,134,99,warehouse2,Transaction processed for WH_100 location,system,2026-03-12
3480,2121,1,Receipt,2025-09-08,129,31.63,4080.27,PO-5763,Purchase Order Receipt,60,189,warehouse1,Transaction processed for WH_100 location,system,2025-09-08
3481,3033,1,Sale,2025-07-12,-1,419.49,419.49,SO-12624,Customer Sale,1,0,warehouse1,Transaction processed for WH_100 location,system,2025-07-12
3482,3103,1,Receipt,2026-04-14,165,173.36,28604.4,PO-1726,Purchase Order Receipt,108,273,warehouse1,Transaction processed for WH_100 location,system,2026-04-14
3483,3072,1,Sale,2025-10-13,-33,10.7,353.1,SO-82679,Customer Sale,88,55,warehouse1,Transaction processed for WH_100 location,system,2025-10-13
3484,3092,1,Transfer,2025-08-27,-38,540.11,20524.18,TRF-4200,Warehouse Transfer,363,325,system,Transaction processed for WH_100 location,system,2025-08-27
3485,3053,1,Receipt,2025-08-19,159,172.21,27381.39,PO-3518,Purchase Order Receipt,153,312,warehouse1,Transaction processed for WH_100 location,system,2025-08-19
3486,1523,2,Sale,2025-09-15,-7,54.46,381.22,SO-73796,Customer Sale,121,114,system,Transaction processed for WH_200 location,system,2025-09-15
3487,3051,1,Receipt,2026-01-08,78,225.02,17551.56,PO-2424,Purchase Order Receipt,19,97,warehouse1,Transaction processed for WH_100 location,system,2026-01-08
3488,3033,1,Sale,2026-01-13,-21,419.49,8809.29,SO-39450,Customer Sale,88,67,system,Transaction processed for WH_100 location,system,2026-01-13
3489,2071,2,Sale,2026-01-03,-15,21.94,329.1,SO-93091,Customer Sale,15,0,system,Transaction processed for Backup location,system,2026-01-03
3490,3022,2,Sale,2026-02-25,-41,352.53,14453.73,SO-42962,Customer Sale,44,3,system,Transaction processed for Backup location,system,2026-02-25
3491,3102,2,Sale,2025-12-17,-38,173.13,6578.94,SO-41253,Customer Sale,44,6,warehouse1,Transaction processed for Backup location,system,2025-12-17
3492,1542,1,Receipt,2025-08-20,48,94.54,4537.92,PO-7841,Purchase Order Receipt,69,117,warehouse1,Transaction processed for WH_100 location,system,2025-08-20
3493,3031,2,Adjustment,2026-01-19,-15,419.97,6299.55,ADJ-3493,Cycle Count,96,81,warehouse2,Transaction processed for Backup location,system,2026-01-19
3494,2101,2,Adjustment,2025-12-17,-18,13.5,243.0,ADJ-3494,System Correction,22,4,warehouse1,Transaction processed for WH_200 location,system,2025-12-17
3495,2031,1,Sale,2025-10-19,-7,23.04,161.28,SO-11883,Customer Sale,7,0,warehouse1,Transaction processed for WH_100 location,system,2025-10-19
3496,3012,1,Damage,2025-09-05,-2,659.11,1318.22,DMG-3496,Shipping Damage,259,257,system,Transaction processed for WH_100 location,system,2025-09-05
3497,3102,2,Sale,2025-09-03,-10,173.13,1731.3,SO-85387,Customer Sale,10,0,system,Transaction processed for Backup location,system,2025-09-03
3498,2041,1,Sale,2026-02-03,-11,44.39,488.29,SO-17698,Customer Sale,111,100,system,Transaction processed for WH_100 location,system,2026-02-03
3499,3053,1,Receipt,2026-01-05,79,186.99,14772.21,PO-8269,Purchase Order Receipt,105,184,warehouse1,Transaction processed for WH_100 location,system,2026-01-05
3500,1551,1,Transfer,2025-08-06,-50,67.04,3352.0,TRF-8742,Warehouse Transfer,82,32,warehouse2,Transaction processed for WH_100 location,system,2025-08-06
3501,3031,3,Return,2025-09-18,2,335.98,671.96,RET-32647,Customer Return,71,73,warehouse1,Transaction processed for WH_500 location,system,2025-09-18
3502,3102,1,Adjustment,2025-10-12,5,173.13,865.65,ADJ-3502,System Correction,63,68,warehouse1,Transaction processed for WH_100 location,system,2025-10-12
3503,1581,1,Sale,2026-04-28,-38,48.56,1845.28,SO-35595,Customer Sale,70,32,warehouse2,Transaction processed for WH_100 location,system,2026-04-28
3504,3062,3,Sale,2026-03-21,-7,88.18,617.26,SO-52273,Customer Sale,7,0,system,Transaction processed for WH_500 location,system,2026-03-21
3505,1571,1,Adjustment,2025-11-07,-14,109.65,1535.1,ADJ-3505,System Correction,233,219,system,Transaction processed for WH_100 location,system,2025-11-07
3506,2111,2,Receipt,2025-09-04,30,148.98,4469.4,PO-2380,Purchase Order Receipt,9,39,warehouse2,Transaction processed for WH_200 location,system,2025-09-04
3507,3033,1,Return,2025-09-09,5,335.59,1677.95,RET-28450,Customer Return,110,115,system,Transaction processed for WH_100 location,system,2025-09-09
3508,3013,1,Sale,2026-01-25,-47,344.68,16199.96,SO-60743,Customer Sale,159,112,warehouse1,Transaction processed for WH_100 location,system,2026-01-25
3509,2071,1,Sale,2025-09-16,-1,21.94,21.94,SO-94874,Customer Sale,1,0,warehouse1,Transaction processed for WH_100 location,system,2025-09-16
3510,3102,1,Receipt,2026-01-26,115,174.45,20061.75,PO-9712,Purchase Order Receipt,10,125,warehouse2,Transaction processed for WH_100 location,system,2026-01-26
3511,1553,1,Receipt,2025-12-06,106,87.04,9226.24,PO-6109,Purchase Order Receipt,44,150,warehouse2,Transaction processed for WH_100 location,system,2025-12-06
3512,1543,1,Return,2026-02-10,1,52.29,52.29,RET-48212,Customer Return,113,114,warehouse2,Transaction processed for WH_100 location,system,2026-02-10
3513,1543,1,Receipt,2025-12-02,96,64.76,6216.96,PO-6748,Purchase Order Receipt,105,201,warehouse1,Transaction processed for WH_100 location,system,2025-12-02
3514,3042,1,Adjustment,2025-07-25,-19,62.54,1188.26,ADJ-3514,Physical Count,237,218,warehouse1,Transaction processed for WH_100 location,system,2025-07-25
3515,2012,2,Sale,2026-01-03,-29,312.61,9065.69,SO-65642,Customer Sale,60,31,warehouse1,Transaction processed for Backup location,system,2026-01-03
3516,2031,1,Sale,2025-07-24,-1,23.04,23.04,SO-21439,Customer Sale,68,67,warehouse2,Transaction processed for WH_100 location,system,2025-07-24
3517,1543,1,Receipt,2026-01-31,85,64.95,5520.75,PO-1329,Purchase Order Receipt,7,92,system,Transaction processed for WH_100 location,system,2026-01-31
3518,2071,2,Damage,2026-04-28,-9,21.94,197.46,DMG-3518,Shipping Damage,40,31,warehouse1,Transaction processed for Backup location,system,2026-04-28
3519,3101,1,Sale,2025-12-07,-42,114.44,4806.48,SO-96455,Customer Sale,102,60,warehouse1,Transaction processed for WH_100 location,system,2025-12-07
3520,3031,2,Sale,2025-10-12,-18,419.97,7559.46,SO-58042,Customer Sale,106,88,warehouse2,Transaction processed for Backup location,system,2025-10-12
3521,3092,1,Sale,2026-03-18,-37,540.11,19984.07,SO-38673,Customer Sale,331,294,system,Transaction processed for WH_100 location,system,2026-03-18
3522,2031,1,Sale,2025-08-24,-4,23.04,92.16,SO-42172,Customer Sale,29,25,system,Transaction processed for WH_100 location,system,2025-08-24
3523,3104,2,Sale,2026-04-01,-25,118.89,2972.25,SO-68552,Customer Sale,82,57,warehouse1,Transaction processed for Backup location,system,2026-04-01
3524,1543,1,Receipt,2025-08-13,181,67.29,12179.49,PO-4362,Purchase Order Receipt,40,221,system,Transaction processed for WH_100 location,system,2025-08-13
3525,3082,1,Damage,2026-03-27,-1,84.82,84.82,DMG-3525,Quality Issue,5,4,warehouse2,Transaction processed for WH_100 location,system,2026-03-27
3526,3031,3,Sale,2025-09-03,-36,419.97,15118.92,SO-29630,Customer Sale,126,90,system,Transaction processed for WH_500 location,system,2025-09-03
3527,2012,2,Sale,2025-12-12,-12,312.61,3751.32,SO-68561,Customer Sale,12,0,system,Transaction processed for Backup location,system,2025-12-12
3528,3081,1,Receipt,2025-09-29,194,55.7,10805.8,PO-5959,Purchase Order Receipt,123,317,system,Transaction processed for WH_100 location,system,2025-09-29
3529,2021,1,Transfer,2026-03-29,-11,71.31,784.41,TRF-8419,Warehouse Transfer,228,217,warehouse2,Transaction processed for WH_100 location,system,2026-03-29
3530,2011,1,Receipt,2025-12-08,67,122.6,8214.2,PO-9625,Purchase Order Receipt,140,207,warehouse2,Transaction processed for WH_100 location,system,2025-12-08
3531,3021,1,Sale,2025-12-26,-40,270.38,10815.2,SO-68739,Customer Sale,94,54,warehouse1,Transaction processed for WH_100 location,system,2025-12-26
3532,1531,2,Sale,2025-07-09,-29,91.09,2641.61,SO-89908,Customer Sale,29,0,warehouse1,Transaction processed for Backup location,system,2025-07-09
3533,2121,1,Receipt,2025-11-30,194,30.87,5988.78,PO-8290,Purchase Order Receipt,23,217,warehouse2,Transaction processed for WH_100 location,system,2025-11-30
3534,2012,2,Adjustment,2025-09-14,-7,312.61,2188.27,ADJ-3534,Cycle Count,54,47,system,Transaction processed for Backup location,system,2025-09-14
3535,1522,1,Damage,2026-04-13,-8,163.1,1304.8,DMG-3535,Quality Issue,219,211,system,Transaction processed for WH_100 location,system,2026-04-13
3536,1552,2,Sale,2025-08-19,-25,58.45,1461.25,SO-32475,Customer Sale,273,248,system,Transaction processed for WH_200 location,system,2025-08-19
3537,1543,1,Sale,2025-12-12,-48,65.36,3137.28,SO-25753,Customer Sale,72,24,warehouse2,Transaction processed for WH_100 location,system,2025-12-12
3538,1551,2,Sale,2025-12-26,-41,67.04,2748.64,SO-32863,Customer Sale,54,13,system,Transaction processed for Backup location,system,2025-12-26
3539,1551,2,Sale,2026-02-11,-20,67.04,1340.8,SO-52581,Customer Sale,43,23,system,Transaction processed for Backup location,system,2026-02-11
3540,2081,2,Transfer,2025-09-07,-6,25.3,151.8,TRF-3993,Warehouse Transfer,165,159,system,Transaction processed for WH_200 location,system,2025-09-07
3541,2031,1,Sale,2026-04-26,-18,23.04,414.72,SO-12385,Customer Sale,18,0,warehouse2,Transaction processed for WH_100 location,system,2026-04-26
3542,3022,2,Transfer,2026-04-04,-19,352.53,6698.07,TRF-1951,Warehouse Transfer,19,0,system,Transaction processed for Backup location,system,2026-04-04
3543,1522,1,Receipt,2026-03-26,119,165.72,19720.68,PO-4067,Purchase Order Receipt,53,172,system,Transaction processed for WH_100 location,system,2026-03-26
3544,3013,1,Return,2025-12-12,4,275.74,1102.96,RET-57251,Customer Return,93,97,warehouse2,Transaction processed for WH_100 location,system,2025-12-12
3545,1512,1,Receipt,2025-11-28,73,226.54,16537.42,PO-6588,Purchase Order Receipt,49,122,warehouse1,Transaction processed for WH_100 location,system,2025-11-28
3546,1523,2,Damage,2025-08-22,-2,54.46,108.92,DMG-3546,Warehouse Damage,120,118,warehouse1,Transaction processed for WH_200 location,system,2025-08-22
3547,3101,1,Receipt,2025-07-13,34,113.22,3849.48,PO-7956,Purchase Order Receipt,0,34,warehouse2,Transaction processed for WH_100 location,system,2025-07-13
3548,3052,1,Sale,2025-08-16,-8,115.25,922.0,SO-88938,Customer Sale,15,7,warehouse1,Transaction processed for WH_100 location,system,2025-08-16
3549,3031,3,Receipt,2026-03-26,65,436.32,28360.8,PO-6622,Purchase Order Receipt,110,175,system,Transaction processed for WH_500 location,system,2026-03-26
3550,1561,2,Receipt,2025-07-03,22,79.11,1740.42,PO-7153,Purchase Order Receipt,84,106,warehouse1,Transaction processed for Backup location,system,2025-07-03
3551,1562,1,Sale,2025-09-23,-14,121.04,1694.56,SO-86037,Customer Sale,14,0,system,Transaction processed for WH_100 location,system,2025-09-23
3552,1553,2,Transfer,2026-01-19,-14,91.38,1279.32,TRF-4633,Warehouse Transfer,63,49,warehouse2,Transaction processed for Backup location,system,2026-01-19
3553,3052,1,Receipt,2025-07-20,42,115.37,4845.54,PO-3801,Purchase Order Receipt,63,105,warehouse1,Transaction processed for WH_100 location,system,2025-07-20
3554,1523,2,Sale,2025-09-30,-24,54.46,1307.04,SO-99447,Customer Sale,88,64,warehouse1,Transaction processed for WH_200 location,system,2025-09-30
3555,1512,1,Transfer,2026-03-18,-26,219.21,5699.46,TRF-5622,Warehouse Transfer,101,75,warehouse2,Transaction processed for WH_100 location,system,2026-03-18
3556,3022,2,Sale,2026-02-07,-27,352.53,9518.31,SO-38173,Customer Sale,104,77,warehouse1,Transaction processed for Backup location,system,2026-02-07
3557,3053,1,Sale,2025-09-27,-20,180.15,3603.0,SO-16592,Customer Sale,193,173,warehouse1,Transaction processed for WH_100 location,system,2025-09-27
3558,2111,2,Sale,2025-09-02,-10,142.6,1426.0,SO-71719,Customer Sale,10,0,warehouse1,Transaction processed for WH_200 location,system,2025-09-02
3559,1553,2,Receipt,2025-12-25,63,93.42,5885.46,PO-2126,Purchase Order Receipt,83,146,system,Transaction processed for Backup location,system,2025-12-25
3560,3041,2,Sale,2025-07-12,-6,127.74,766.44,SO-10528,Customer Sale,121,115,system,Transaction processed for WH_200 location,system,2025-07-12
3561,1533,1,Sale,2025-12-21,-8,107.2,857.6,SO-74256,Customer Sale,73,65,warehouse2,Transaction processed for WH_100 location,system,2025-12-21
3562,1531,2,Receipt,2025-07-10,98,89.88,8808.24,PO-8746,Purchase Order Receipt,63,161,warehouse1,Transaction processed for Backup location,system,2025-07-10
3563,1521,1,Receipt,2025-07-29,20,121.32,2426.4,PO-7790,Purchase Order Receipt,20,40,warehouse2,Transaction processed for WH_100 location,system,2025-07-29
3564,1541,1,Receipt,2026-04-21,176,131.84,23203.84,PO-1602,Purchase Order Receipt,102,278,system,Transaction processed for WH_100 location,system,2026-04-21
3565,1552,2,Sale,2025-07-02,-5,58.45,292.25,SO-87592,Customer Sale,197,192,warehouse1,Transaction processed for WH_200 location,system,2025-07-02
3566,1512,1,Sale,2026-02-25,-28,219.21,6137.88,SO-51876,Customer Sale,99,71,warehouse2,Transaction processed for WH_100 location,system,2026-02-25
3567,3091,2,Receipt,2026-03-21,178,467.28,83175.84,PO-6662,Purchase Order Receipt,44,222,warehouse1,Transaction processed for Backup location,system,2026-03-21
3568,1552,2,Sale,2025-11-06,-24,58.45,1402.8,SO-27276,Customer Sale,247,223,system,Transaction processed for WH_200 location,system,2025-11-06
3569,3012,1,Receipt,2026-01-25,109,657.32,71647.88,PO-5843,Purchase Order Receipt,218,327,system,Transaction processed for WH_100 location,system,2026-01-25
3570,2121,1,Transfer,2025-07-02,-33,31.62,1043.46,TRF-9997,Warehouse Transfer,111,78,warehouse1,Transaction processed for WH_100 location,system,2025-07-02
3571,2021,1,Sale,2025-11-21,-37,71.31,2638.47,SO-86189,Customer Sale,204,167,warehouse1,Transaction processed for WH_100 location,system,2025-11-21
3572,1543,1,Receipt,2025-07-16,150,68.33,10249.5,PO-5284,Purchase Order Receipt,54,204,warehouse1,Transaction processed for WH_100 location,system,2025-07-16
3573,1542,1,Receipt,2025-07-31,194,92.84,18010.96,PO-9297,Purchase Order Receipt,83,277,warehouse2,Transaction processed for WH_100 location,system,2025-07-31
3574,3032,1,Receipt,2025-11-30,86,237.64,20437.04,PO-2465,Purchase Order Receipt,143,229,system,Transaction processed for WH_100 location,system,2025-11-30
3575,3101,1,Sale,2025-07-24,-11,114.44,1258.84,SO-93504,Customer Sale,101,90,warehouse1,Transaction processed for WH_100 location,system,2025-07-24
3576,1561,1,Sale,2025-11-04,-43,82.06,3528.58,SO-96333,Customer Sale,130,87,warehouse1,Transaction processed for WH_100 location,system,2025-11-04
3577,3103,2,Sale,2026-04-28,-34,180.33,6131.22,SO-92791,Customer Sale,129,95,warehouse2,Transaction processed for Backup location,system,2026-04-28
3578,3052,1,Receipt,2026-02-27,45,120.01,5400.45,PO-9028,Purchase Order Receipt,68,113,warehouse1,Transaction processed for WH_100 location,system,2026-02-27
3579,1521,2,Sale,2025-11-30,-36,122.8,4420.8,SO-38578,Customer Sale,101,65,warehouse1,Transaction processed for Backup location,system,2025-11-30
3580,1561,2,Sale,2025-08-13,-21,82.06,1723.26,SO-55460,Customer Sale,60,39,warehouse2,Transaction processed for Backup location,system,2025-08-13
3581,3104,2,Sale,2025-07-12,-30,118.89,3566.7,SO-90961,Customer Sale,68,38,warehouse1,Transaction processed for Backup location,system,2025-07-12
3582,3011,1,Sale,2025-07-26,-28,968.68,27123.04,SO-68183,Customer Sale,118,90,warehouse2,Transaction processed for WH_100 location,system,2025-07-26
3583,3041,2,Transfer,2026-03-12,-21,127.74,2682.54,TRF-3822,Warehouse Transfer,21,0,warehouse1,Transaction processed for WH_200 location,system,2026-03-12
3584,1553,1,Return,2025-07-06,1,73.1,73.1,RET-30596,Customer Return,160,161,warehouse1,Transaction processed for WH_100 location,system,2025-07-06
3585,3061,1,Transfer,2025-08-21,-49,151.7,7433.3,TRF-4271,Warehouse Transfer,118,69,warehouse1,Transaction processed for WH_100 location,system,2025-08-21
3586,3062,3,Adjustment,2026-03-19,-5,88.18,440.9,ADJ-3586,Cycle Count,56,51,warehouse2,Transaction processed for WH_500 location,system,2026-03-19
3587,3103,1,Receipt,2025-07-16,157,178.05,27953.85,PO-7421,Purchase Order Receipt,86,243,system,Transaction processed for WH_100 location,system,2025-07-16
3588,3072,1,Sale,2026-03-28,-3,10.7,32.1,SO-28342,Customer Sale,108,105,warehouse1,Transaction processed for WH_100 location,system,2026-03-28
3589,1542,1,Sale,2026-02-16,-28,90.83,2543.24,SO-37225,Customer Sale,86,58,warehouse2,Transaction processed for WH_100 location,system,2026-02-16
3590,3033,1,Return,2025-12-16,5,335.59,1677.95,RET-63857,Customer Return,45,50,warehouse1,Transaction processed for WH_100 location,system,2025-12-16
3591,1553,2,Transfer,2025-08-22,-27,91.38,2467.26,TRF-6081,Warehouse Transfer,117,90,system,Transaction processed for Backup location,system,2025-08-22
3592,3031,2,Receipt,2025-11-12,31,402.07,12464.17,PO-6581,Purchase Order Receipt,24,55,system,Transaction processed for Backup location,system,2025-11-12
3593,3021,1,Sale,2025-08-09,-4,270.38,1081.52,SO-70424,Customer Sale,4,0,system,Transaction processed for WH_100 location,system,2025-08-09
3594,1512,1,Sale,2026-04-23,-11,219.21,2411.31,SO-33713,Customer Sale,11,0,warehouse1,Transaction processed for WH_100 location,system,2026-04-23
3595,3091,2,Transfer,2025-11-04,-10,456.94,4569.4,TRF-9738,Warehouse Transfer,10,0,system,Transaction processed for Backup location,system,2025-11-04
3596,2061,1,Sale,2026-01-23,-33,25.72,848.76,SO-76832,Customer Sale,160,127,warehouse2,Transaction processed for WH_100 location,system,2026-01-23
3597,2121,1,Receipt,2025-08-20,161,32.27,5195.47,PO-2578,Purchase Order Receipt,36,197,warehouse1,Transaction processed for WH_100 location,system,2025-08-20
3598,1551,1,Adjustment,2025-07-17,6,67.04,402.24,ADJ-3598,Physical Count,15,21,warehouse1,Transaction processed for WH_100 location,system,2025-07-17
3599,2022,1,Adjustment,2025-07-31,-5,36.37,181.85,ADJ-3599,Physical Count,75,70,warehouse1,Transaction processed for WH_100 location,system,2025-07-31
3600,2021,1,Receipt,2025-08-10,160,74.5,11920.0,PO-3052,Purchase Order Receipt,184,344,warehouse2,Transaction processed for WH_100 location,system,2025-08-10
3601,1532,1,Receipt,2026-03-31,156,70.18,10948.08,PO-3473,Purchase Order Receipt,163,319,system,Transaction processed for WH_100 location,system,2026-03-31
3602,1512,1,Sale,2025-08-12,-48,219.21,10522.08,SO-41908,Customer Sale,98,50,warehouse1,Transaction processed for WH_100 location,system,2025-08-12
3603,3011,1,Damage,2025-08-20,-8,968.68,7749.44,DMG-3603,Shipping Damage,244,236,warehouse2,Transaction processed for WH_100 location,system,2025-08-20
3604,1522,2,Receipt,2025-10-29,159,170.77,27152.43,PO-2723,Purchase Order Receipt,1,160,warehouse1,Transaction processed for Backup location,system,2025-10-29
3605,1552,2,Receipt,2025-09-22,91,59.22,5389.02,PO-3928,Purchase Order Receipt,179,270,warehouse2,Transaction processed for WH_200 location,system,2025-09-22
3606,1581,1,Sale,2025-07-22,-25,48.56,1214.0,SO-28675,Customer Sale,49,24,warehouse1,Transaction processed for WH_100 location,system,2025-07-22
3607,2051,1,Sale,2025-11-25,-21,16.44,345.24,SO-50977,Customer Sale,158,137,system,Transaction processed for WH_100 location,system,2025-11-25
3608,1521,1,Receipt,2025-12-14,193,119.98,23156.14,PO-6058,Purchase Order Receipt,30,223,system,Transaction processed for WH_100 location,system,2025-12-14
3609,3032,1,Return,2025-07-25,2,192.68,385.36,RET-40620,Customer Return,34,36,warehouse1,Transaction processed for WH_100 location,system,2025-07-25
3610,3042,2,Sale,2025-12-10,-14,62.54,875.56,SO-13787,Customer Sale,68,54,warehouse1,Transaction processed for Backup location,system,2025-12-10
3611,3091,2,Receipt,2025-09-29,160,454.34,72694.4,PO-6264,Purchase Order Receipt,118,278,warehouse2,Transaction processed for Backup location,system,2025-09-29
3612,3062,3,Sale,2025-12-09,-4,88.18,352.72,SO-97565,Customer Sale,4,0,warehouse2,Transaction processed for WH_500 location,system,2025-12-09
3613,3071,2,Adjustment,2025-09-08,-8,39.17,313.36,ADJ-3613,System Correction,27,19,warehouse2,Transaction processed for WH_200 location,system,2025-09-08
3614,3041,2,Receipt,2026-02-05,134,129.47,17348.98,PO-4653,Purchase Order Receipt,102,236,system,Transaction processed for Backup location,system,2026-02-05
3615,3052,2,Transfer,2025-09-07,-18,115.25,2074.5,TRF-3144,Warehouse Transfer,76,58,warehouse2,Transaction processed for Backup location,system,2025-09-07
3616,3031,3,Sale,2025-09-10,-28,419.97,11759.16,SO-54589,Customer Sale,64,36,warehouse2,Transaction processed for WH_500 location,system,2025-09-10
3617,3103,2,Receipt,2026-01-25,53,188.68,10000.04,PO-6200,Purchase Order Receipt,127,180,warehouse1,Transaction processed for Backup location,system,2026-01-25
3618,1551,2,Receipt,2026-01-27,105,65.15,6840.75,PO-4141,Purchase Order Receipt,33,138,system,Transaction processed for Backup location,system,2026-01-27
3619,3021,1,Sale,2026-04-21,-35,270.38,9463.3,SO-37667,Customer Sale,83,48,warehouse1,Transaction processed for WH_100 location,system,2026-04-21
3620,1521,2,Damage,2026-04-11,-4,122.8,491.2,DMG-3620,Quality Issue,82,78,warehouse2,Transaction processed for Backup location,system,2026-04-11
3621,3033,1,Sale,2025-08-11,-5,419.49,2097.45,SO-37423,Customer Sale,153,148,system,Transaction processed for WH_100 location,system,2025-08-11
3622,3091,2,Return,2026-03-13,3,365.55,1096.65,RET-13369,Customer Return,166,169,warehouse1,Transaction processed for WH_200 location,system,2026-03-13
3623,3081,1,Sale,2025-12-02,-23,58.16,1337.68,SO-66131,Customer Sale,124,101,warehouse1,Transaction processed for WH_100 location,system,2025-12-02
3624,2051,2,Sale,2026-03-07,-2,16.44,32.88,SO-79417,Customer Sale,2,0,system,Transaction processed for Backup location,system,2026-03-07
3625,2101,2,Sale,2026-03-12,-2,13.5,27.0,SO-13175,Customer Sale,70,68,system,Transaction processed for WH_200 location,system,2026-03-12
3626,1522,1,Transfer,2025-12-07,-17,163.1,2772.7,TRF-5976,Warehouse Transfer,131,114,system,Transaction processed for WH_100 location,system,2025-12-07
3627,2121,1,Transfer,2025-12-31,-5,31.62,158.1,TRF-8335,Warehouse Transfer,34,29,warehouse2,Transaction processed for WH_100 location,system,2025-12-31
3628,1553,2,Sale,2026-04-29,-40,91.38,3655.2,SO-12447,Customer Sale,98,58,system,Transaction processed for Backup location,system,2026-04-29
3629,3051,1,Receipt,2025-12-11,148,225.9,33433.2,PO-8225,Purchase Order Receipt,2,150,warehouse1,Transaction processed for WH_100 location,system,2025-12-11
3630,1541,1,Receipt,2026-03-07,115,134.14,15426.1,PO-9321,Purchase Order Receipt,39,154,warehouse1,Transaction processed for WH_100 location,system,2026-03-07
3631,2112,1,Receipt,2025-12-26,190,65.8,12502.0,PO-7919,Purchase Order Receipt,106,296,warehouse1,Transaction processed for WH_100 location,system,2025-12-26
3632,3041,2,Receipt,2026-04-05,136,124.93,16990.48,PO-9865,Purchase Order Receipt,83,219,warehouse2,Transaction processed for Backup location,system,2026-04-05
3633,1561,1,Sale,2025-11-19,-50,82.06,4103.0,SO-39655,Customer Sale,109,59,warehouse1,Transaction processed for WH_100 location,system,2025-11-19
3634,3102,2,Sale,2025-10-08,-45,173.13,7790.85,SO-48310,Customer Sale,75,30,warehouse2,Transaction processed for Backup location,system,2025-10-08
3635,1511,2,Sale,2025-10-21,-49,321.96,15776.04,SO-56266,Customer Sale,153,104,system,Transaction processed for WH_200 location,system,2025-10-21
3636,1541,1,Receipt,2026-01-14,172,135.83,23362.76,PO-6494,Purchase Order Receipt,9,181,warehouse2,Transaction processed for WH_100 location,system,2026-01-14
3637,1521,1,Sale,2026-04-01,-16,122.8,1964.8,SO-54964,Customer Sale,34,18,warehouse1,Transaction processed for WH_100 location,system,2026-04-01
3638,3042,2,Sale,2025-07-26,-9,62.54,562.86,SO-35158,Customer Sale,166,157,system,Transaction processed for Backup location,system,2025-07-26
3639,2071,2,Damage,2025-11-30,-9,21.94,197.46,DMG-3639,Warehouse Damage,57,48,warehouse1,Transaction processed for Backup location,system,2025-11-30
3640,2041,1,Adjustment,2026-03-30,8,44.39,355.12,ADJ-3640,System Correction,33,41,warehouse1,Transaction processed for WH_100 location,system,2026-03-30
3641,2061,1,Sale,2026-02-03,-45,25.72,1157.4,SO-54002,Customer Sale,86,41,system,Transaction processed for WH_100 location,system,2026-02-03
3642,1562,1,Sale,2025-10-26,-28,121.04,3389.12,SO-86119,Customer Sale,28,0,warehouse2,Transaction processed for WH_100 location,system,2025-10-26
3643,1523,2,Sale,2025-09-13,-29,54.46,1579.34,SO-21563,Customer Sale,29,0,warehouse2,Transaction processed for WH_200 location,system,2025-09-13
3644,3031,2,Transfer,2025-11-05,-46,419.97,19318.62,TRF-7866,Warehouse Transfer,94,48,warehouse2,Transaction processed for Backup location,system,2025-11-05
3645,1533,1,Sale,2025-08-14,-26,107.2,2787.2,SO-79707,Customer Sale,110,84,warehouse1,Transaction processed for WH_100 location,system,2025-08-14
3646,1562,1,Adjustment,2026-04-10,2,121.04,242.08,ADJ-3646,Cycle Count,37,39,warehouse1,Transaction processed for WH_100 location,system,2026-04-10
3647,1551,1,Sale,2025-11-17,-7,67.04,469.28,SO-74582,Customer Sale,114,107,system,Transaction processed for WH_100 location,system,2025-11-17
3648,3051,1,Receipt,2025-07-09,156,226.43,35323.08,PO-7116,Purchase Order Receipt,32,188,warehouse2,Transaction processed for WH_100 location,system,2025-07-09
3649,3022,2,Transfer,2025-10-02,-6,352.53,2115.18,TRF-5073,Warehouse Transfer,38,32,warehouse1,Transaction processed for Backup location,system,2025-10-02
3650,3031,2,Sale,2026-01-27,-42,419.97,17638.74,SO-55232,Customer Sale,42,0,system,Transaction processed for Backup location,system,2026-01-27
3651,2012,2,Receipt,2025-09-08,113,300.02,33902.26,PO-3253,Purchase Order Receipt,9,122,warehouse1,Transaction processed for Backup location,system,2025-09-08
3652,2041,1,Receipt,2026-01-21,28,43.47,1217.16,PO-5838,Purchase Order Receipt,111,139,system,Transaction processed for WH_100 location,system,2026-01-21
3653,1533,1,Receipt,2025-09-15,68,110.16,7490.88,PO-7128,Purchase Order Receipt,102,170,system,Transaction processed for WH_100 location,system,2025-09-15
3654,1541,2,Sale,2026-04-03,-3,132.59,397.77,SO-77718,Customer Sale,52,49,warehouse2,Transaction processed for Backup location,system,2026-04-03
3655,2091,1,Receipt,2025-09-13,20,7.91,158.2,PO-5231,Purchase Order Receipt,98,118,warehouse2,Transaction processed for WH_100 location,system,2025-09-13
3656,3051,1,Sale,2026-03-31,-21,226.49,4756.29,SO-63521,Customer Sale,92,71,system,Transaction processed for WH_100 location,system,2026-03-31
3657,2061,1,Receipt,2025-08-20,182,25.38,4619.16,PO-4844,Purchase Order Receipt,9,191,warehouse1,Transaction processed for WH_100 location,system,2025-08-20
3658,3102,1,Sale,2025-11-08,-30,173.13,5193.9,SO-56703,Customer Sale,176,146,system,Transaction processed for WH_100 location,system,2025-11-08
3659,2021,1,Receipt,2025-12-17,184,73.33,13492.72,PO-3046,Purchase Order Receipt,86,270,system,Transaction processed for WH_100 location,system,2025-12-17
3660,1551,1,Adjustment,2025-09-05,-8,67.04,536.32,ADJ-3660,Physical Count,76,68,warehouse1,Transaction processed for WH_100 location,system,2025-09-05
3661,1541,2,Sale,2025-11-14,-28,132.59,3712.52,SO-14923,Customer Sale,106,78,warehouse1,Transaction processed for Backup location,system,2025-11-14
3662,1531,2,Sale,2026-03-22,-7,91.09,637.63,SO-29251,Customer Sale,101,94,warehouse2,Transaction processed for Backup location,system,2026-03-22
3663,2101,2,Sale,2025-09-11,-25,13.5,337.5,SO-58809,Customer Sale,62,37,warehouse1,Transaction processed for WH_200 location,system,2025-09-11
3664,1512,1,Adjustment,2025-11-09,7,219.21,1534.47,ADJ-3664,Physical Count,28,35,warehouse2,Transaction processed for WH_100 location,system,2025-11-09
3665,3022,2,Sale,2025-07-05,-29,352.53,10223.37,SO-47306,Customer Sale,40,11,system,Transaction processed for Backup location,system,2025-07-05
3666,3103,1,Receipt,2025-08-29,150,180.48,27072.0,PO-6052,Purchase Order Receipt,149,299,warehouse1,Transaction processed for WH_100 location,system,2025-08-29
3667,1522,1,Receipt,2025-11-04,82,156.31,12817.42,PO-8812,Purchase Order Receipt,197,279,warehouse1,Transaction processed for WH_100 location,system,2025-11-04
3668,1551,2,Sale,2026-03-01,-1,67.04,67.04,SO-73277,Customer Sale,1,0,system,Transaction processed for Backup location,system,2026-03-01
3669,1551,2,Receipt,2026-03-31,66,65.27,4307.82,PO-2249,Purchase Order Receipt,84,150,system,Transaction processed for Backup location,system,2026-03-31
3670,1541,1,Sale,2026-04-14,-50,132.59,6629.5,SO-22812,Customer Sale,139,89,warehouse1,Transaction processed for WH_100 location,system,2026-04-14
3671,3092,1,Sale,2026-01-29,-41,540.11,22144.51,SO-99884,Customer Sale,211,170,warehouse2,Transaction processed for WH_100 location,system,2026-01-29
3672,3012,2,Sale,2025-08-11,-45,659.11,29659.95,SO-93350,Customer Sale,76,31,warehouse2,Transaction processed for Backup location,system,2025-08-11
3673,1531,2,Adjustment,2025-07-30,1,91.09,91.09,ADJ-3673,Physical Count,93,94,warehouse1,Transaction processed for Backup location,system,2025-07-30
3674,1541,2,Adjustment,2025-11-10,4,132.59,530.36,ADJ-3674,Physical Count,46,50,warehouse1,Transaction processed for Backup location,system,2025-11-10
3675,1522,2,Sale,2025-07-19,-44,163.1,7176.4,SO-48875,Customer Sale,55,11,system,Transaction processed for Backup location,system,2025-07-19
3676,3081,1,Sale,2026-03-09,-1,58.16,58.16,SO-35688,Customer Sale,1,0,system,Transaction processed for WH_100 location,system,2026-03-09
3677,1531,1,Sale,2025-07-11,-5,91.09,455.45,SO-46028,Customer Sale,5,0,warehouse1,Transaction processed for WH_100 location,system,2025-07-11
3678,2121,1,Return,2025-12-29,2,25.3,50.6,RET-65680,Customer Return,56,58,warehouse1,Transaction processed for WH_100 location,system,2025-12-29
3679,3091,2,Receipt,2026-03-13,75,476.16,35712.0,PO-9930,Purchase Order Receipt,21,96,warehouse1,Transaction processed for WH_200 location,system,2026-03-13
3680,3104,2,Receipt,2025-07-16,78,120.18,9374.04,PO-1001,Purchase Order Receipt,23,101,system,Transaction processed for Backup location,system,2025-07-16
3681,3104,2,Receipt,2026-01-16,83,120.23,9979.09,PO-3855,Purchase Order Receipt,34,117,system,Transaction processed for Backup location,system,2026-01-16
3682,1572,3,Sale,2025-09-13,-45,222.59,10016.55,SO-38483,Customer Sale,127,82,warehouse1,Transaction processed for WH_500 location,system,2025-09-13
3683,3091,2,Damage,2026-01-27,-10,456.94,4569.4,DMG-3683,Shipping Damage,93,83,system,Transaction processed for WH_200 location,system,2026-01-27
3684,2012,2,Receipt,2026-03-16,17,307.19,5222.23,PO-4759,Purchase Order Receipt,74,91,system,Transaction processed for Backup location,system,2026-03-16
3685,1542,1,Return,2025-07-29,1,72.66,72.66,RET-58015,Customer Return,204,205,system,Transaction processed for WH_100 location,system,2025-07-29
3686,2021,1,Adjustment,2025-11-06,7,71.31,499.17,ADJ-3686,Physical Count,131,138,warehouse1,Transaction processed for WH_100 location,system,2025-11-06
3687,3102,2,Sale,2025-12-07,-37,173.13,6405.81,SO-29288,Customer Sale,109,72,system,Transaction processed for Backup location,system,2025-12-07
3688,1581,1,Sale,2025-09-16,-16,48.56,776.96,SO-32012,Customer Sale,114,98,warehouse1,Transaction processed for WH_100 location,system,2025-09-16
3689,2071,1,Receipt,2025-09-05,69,22.06,1522.14,PO-8947,Purchase Order Receipt,48,117,warehouse1,Transaction processed for WH_100 location,system,2025-09-05
3690,1511,2,Transfer,2026-01-04,-33,321.96,10624.68,TRF-9299,Warehouse Transfer,40,7,system,Transaction processed for WH_200 location,system,2026-01-04
3691,1562,1,Sale,2025-07-24,-27,121.04,3268.08,SO-92895,Customer Sale,75,48,warehouse1,Transaction processed for WH_100 location,system,2025-07-24
3692,3021,1,Damage,2026-01-16,-2,270.38,540.76,DMG-3692,Shipping Damage,83,81,warehouse2,Transaction processed for WH_100 location,system,2026-01-16
3693,2051,2,Transfer,2025-10-28,-5,16.44,82.2,TRF-6830,Warehouse Transfer,5,0,warehouse1,Transaction processed for Backup location,system,2025-10-28
3694,3091,2,Sale,2025-11-09,-11,456.94,5026.34,SO-90264,Customer Sale,37,26,warehouse2,Transaction processed for Backup location,system,2025-11-09
3695,3091,2,Receipt,2026-03-14,179,451.25,80773.75,PO-6203,Purchase Order Receipt,68,247,system,Transaction processed for WH_200 location,system,2026-03-14
3696,3022,2,Receipt,2026-04-30,22,367.83,8092.26,PO-1066,Purchase Order Receipt,107,129,warehouse2,Transaction processed for Backup location,system,2026-04-30
3697,3092,1,Receipt,2025-11-03,82,561.74,46062.68,PO-2799,Purchase Order Receipt,231,313,system,Transaction processed for WH_100 location,system,2025-11-03
3698,1572,3,Transfer,2025-09-25,-49,222.59,10906.91,TRF-5961,Warehouse Transfer,78,29,system,Transaction processed for WH_500 location,system,2025-09-25
3699,3103,1,Sale,2026-03-09,-22,180.33,3967.26,SO-88323,Customer Sale,44,22,system,Transaction processed for WH_100 location,system,2026-03-09
3700,3051,1,Damage,2026-03-12,-7,226.49,1585.43,DMG-3700,Warehouse Damage,101,94,warehouse2,Transaction processed for WH_100 location,system,2026-03-12
3701,3052,2,Receipt,2025-08-27,183,112.91,20662.53,PO-8910,Purchase Order Receipt,105,288,warehouse1,Transaction processed for Backup location,system,2025-08-27
3702,1543,1,Receipt,2025-07-12,80,64.14,5131.2,PO-6689,Purchase Order Receipt,82,162,system,Transaction processed for WH_100 location,system,2025-07-12
3703,2071,2,Receipt,2026-02-16,11,22.29,245.19,PO-9305,Purchase Order Receipt,89,100,warehouse1,Transaction processed for Backup location,system,2026-02-16
3704,1561,1,Sale,2026-01-03,-23,82.06,1887.38,SO-48902,Customer Sale,65,42,warehouse2,Transaction processed for WH_100 location,system,2026-01-03
3705,1561,2,Sale,2026-03-04,-2,82.06,164.12,SO-58445,Customer Sale,2,0,system,Transaction processed for Backup location,system,2026-03-04
3706,1541,1,Transfer,2025-09-06,-15,132.59,1988.85,TRF-6124,Warehouse Transfer,15,0,warehouse2,Transaction processed for WH_100 location,system,2025-09-06
3707,2111,2,Sale,2026-01-17,-24,142.6,3422.4,SO-24721,Customer Sale,28,4,warehouse1,Transaction processed for WH_200 location,system,2026-01-17
3708,1553,2,Sale,2025-07-16,-25,91.38,2284.5,SO-75536,Customer Sale,131,106,warehouse1,Transaction processed for Backup location,system,2025-07-16
3709,2071,1,Sale,2025-12-06,-21,21.94,460.74,SO-12982,Customer Sale,38,17,warehouse1,Transaction processed for WH_100 location,system,2025-12-06
3710,2051,1,Sale,2025-10-15,-13,16.44,213.72,SO-76001,Customer Sale,102,89,warehouse1,Transaction processed for WH_100 location,system,2025-10-15
3711,3032,1,Sale,2025-12-12,-32,240.85,7707.2,SO-97472,Customer Sale,134,102,system,Transaction processed for WH_100 location,system,2025-12-12
3712,2011,2,Receipt,2026-02-17,107,123.14,13175.98,PO-7246,Purchase Order Receipt,35,142,warehouse2,Transaction processed for Backup location,system,2026-02-17
3713,3104,2,Return,2025-08-31,5,95.11,475.55,RET-84011,Customer Return,208,213,system,Transaction processed for WH_200 location,system,2025-08-31
3714,2041,1,Adjustment,2026-04-14,-8,44.39,355.12,ADJ-3714,Physical Count,8,0,warehouse2,Transaction processed for WH_100 location,system,2026-04-14
3715,2071,1,Sale,2026-01-29,-13,21.94,285.22,SO-27135,Customer Sale,93,80,warehouse2,Transaction processed for WH_100 location,system,2026-01-29
3716,1532,1,Sale,2026-02-13,-1,67.64,67.64,SO-42589,Customer Sale,1,0,system,Transaction processed for WH_100 location,system,2026-02-13
3717,1563,1,Sale,2025-12-15,-15,70.33,1054.95,SO-83932,Customer Sale,91,76,warehouse2,Transaction processed for WH_100 location,system,2025-12-15
3718,3104,2,Receipt,2025-08-13,114,121.57,13858.98,PO-6832,Purchase Order Receipt,48,162,warehouse1,Transaction processed for WH_200 location,system,2025-08-13
3719,3032,1,Sale,2025-08-14,-37,240.85,8911.45,SO-48239,Customer Sale,142,105,system,Transaction processed for WH_100 location,system,2025-08-14
3720,2061,1,Sale,2025-09-07,-40,25.72,1028.8,SO-40243,Customer Sale,178,138,warehouse2,Transaction processed for WH_100 location,system,2025-09-07
3721,3011,1,Damage,2025-08-22,-6,968.68,5812.08,DMG-3721,Warehouse Damage,302,296,system,Transaction processed for WH_100 location,system,2025-08-22
3722,3104,2,Sale,2025-11-10,-30,118.89,3566.7,SO-10622,Customer Sale,64,34,system,Transaction processed for Backup location,system,2025-11-10
3723,1581,1,Sale,2025-07-01,-11,48.56,534.16,SO-47678,Customer Sale,53,42,system,Transaction processed for WH_100 location,system,2025-07-01
3724,1521,1,Receipt,2025-07-30,120,118.69,14242.8,PO-5571,Purchase Order Receipt,86,206,warehouse2,Transaction processed for WH_100 location,system,2025-07-30
3725,3041,2,Sale,2025-10-31,-3,127.74,383.22,SO-78609,Customer Sale,3,0,warehouse1,Transaction processed for Backup location,system,2025-10-31
3726,2101,2,Receipt,2026-04-25,185,13.84,2560.4,PO-5193,Purchase Order Receipt,1,186,warehouse2,Transaction processed for WH_200 location,system,2026-04-25
3727,2011,1,Sale,2026-04-22,-38,124.64,4736.32,SO-34566,Customer Sale,167,129,warehouse1,Transaction processed for WH_100 location,system,2026-04-22
3728,3031,2,Transfer,2025-09-23,-20,419.97,8399.4,TRF-9215,Warehouse Transfer,20,0,warehouse1,Transaction processed for Backup location,system,2025-09-23
3729,1521,2,Receipt,2025-08-15,135,125.97,17005.95,PO-3660,Purchase Order Receipt,12,147,warehouse2,Transaction processed for Backup location,system,2025-08-15
3730,3104,2,Receipt,2026-03-12,67,119.78,8025.26,PO-4763,Purchase Order Receipt,193,260,warehouse1,Transaction processed for WH_200 location,system,2026-03-12
3731,1523,2,Return,2025-07-20,2,43.57,87.14,RET-25237,Customer Return,57,59,warehouse2,Transaction processed for WH_200 location,system,2025-07-20
3732,3011,1,Adjustment,2026-03-05,-7,968.68,6780.76,ADJ-3732,System Correction,232,225,warehouse2,Transaction processed for WH_100 location,system,2026-03-05
3733,3042,1,Receipt,2025-07-28,156,61.97,9667.32,PO-6761,Purchase Order Receipt,217,373,system,Transaction processed for WH_100 location,system,2025-07-28
3734,2022,1,Transfer,2025-08-29,-7,36.37,254.59,TRF-6739,Warehouse Transfer,7,0,warehouse1,Transaction processed for WH_100 location,system,2025-08-29
3735,1551,1,Receipt,2025-10-08,137,67.59,9259.83,PO-9519,Purchase Order Receipt,41,178,system,Transaction processed for WH_100 location,system,2025-10-08
3736,2112,1,Receipt,2025-07-28,181,69.77,12628.37,PO-5906,Purchase Order Receipt,127,308,warehouse2,Transaction processed for WH_100 location,system,2025-07-28
3737,2031,1,Sale,2026-02-11,-10,23.04,230.4,SO-16675,Customer Sale,34,24,warehouse2,Transaction processed for WH_100 location,system,2026-02-11
3738,1532,1,Sale,2025-09-01,-14,67.64,946.96,SO-89807,Customer Sale,100,86,warehouse2,Transaction processed for WH_100 location,system,2025-09-01
3739,3104,2,Sale,2026-02-08,-18,118.89,2140.02,SO-49026,Customer Sale,112,94,warehouse2,Transaction processed for WH_200 location,system,2026-02-08
3740,3102,2,Receipt,2026-01-09,45,172.62,7767.9,PO-4900,Purchase Order Receipt,7,52,warehouse1,Transaction processed for Backup location,system,2026-01-09
3741,1511,2,Sale,2025-08-03,-37,321.96,11912.52,SO-78826,Customer Sale,159,122,system,Transaction processed for WH_200 location,system,2025-08-03
3742,3092,1,Sale,2025-09-26,-37,540.11,19984.07,SO-59424,Customer Sale,285,248,warehouse2,Transaction processed for WH_100 location,system,2025-09-26
3743,1561,1,Adjustment,2025-11-09,17,82.06,1395.02,ADJ-3743,System Correction,26,43,warehouse1,Transaction processed for WH_100 location,system,2025-11-09
3744,2071,2,Sale,2025-10-03,-27,21.94,592.38,SO-75323,Customer Sale,27,0,warehouse1,Transaction processed for Backup location,system,2025-10-03
3745,1541,1,Transfer,2025-10-03,-23,132.59,3049.57,TRF-6797,Warehouse Transfer,122,99,warehouse1,Transaction processed for WH_100 location,system,2025-10-03
3746,1562,1,Transfer,2026-03-21,-25,121.04,3026.0,TRF-1923,Warehouse Transfer,82,57,system,Transaction processed for WH_100 location,system,2026-03-21
3747,1522,2,Sale,2026-03-17,-6,163.1,978.6,SO-91074,Customer Sale,135,129,system,Transaction processed for Backup location,system,2026-03-17
3748,3071,2,Receipt,2026-01-03,72,39.36,2833.92,PO-8225,Purchase Order Receipt,103,175,warehouse1,Transaction processed for WH_200 location,system,2026-01-03
3749,3103,1,Sale,2025-12-22,-13,180.33,2344.29,SO-74780,Customer Sale,204,191,warehouse1,Transaction processed for WH_100 location,system,2025-12-22
3750,1522,2,Receipt,2025-10-18,22,155.96,3431.12,PO-4312,Purchase Order Receipt,104,126,warehouse2,Transaction processed for Backup location,system,2025-10-18
3751,1512,1,Receipt,2025-12-08,57,217.1,12374.7,PO-3730,Purchase Order Receipt,8,65,warehouse2,Transaction processed for WH_100 location,system,2025-12-08
3752,3103,1,Receipt,2025-09-16,86,176.78,15203.08,PO-6684,Purchase Order Receipt,176,262,warehouse2,Transaction processed for WH_100 location,system,2025-09-16
3753,2021,1,Sale,2026-02-08,-48,71.31,3422.88,SO-62747,Customer Sale,56,8,warehouse2,Transaction processed for WH_100 location,system,2026-02-08
3754,3042,2,Transfer,2026-04-25,-44,62.54,2751.76,TRF-3371,Warehouse Transfer,69,25,warehouse2,Transaction processed for Backup location,system,2026-04-25
3755,1523,2,Receipt,2026-04-08,191,53.0,10123.0,PO-9944,Purchase Order Receipt,119,310,warehouse1,Transaction processed for WH_200 location,system,2026-04-08
3756,2091,1,Transfer,2025-12-16,-30,7.98,239.4,TRF-6594,Warehouse Transfer,63,33,warehouse1,Transaction processed for WH_100 location,system,2025-12-16
3757,3091,2,Sale,2025-09-13,-29,456.94,13251.26,SO-47081,Customer Sale,120,91,system,Transaction processed for WH_200 location,system,2025-09-13
3758,3022,1,Receipt,2026-01-06,174,352.24,61289.76,PO-2676,Purchase Order Receipt,52,226,warehouse1,Transaction processed for WH_100 location,system,2026-01-06
3759,1541,1,Return,2025-12-18,3,106.07,318.21,RET-16015,Customer Return,91,94,system,Transaction processed for WH_100 location,system,2025-12-18
3760,2071,1,Sale,2026-02-09,-3,21.94,65.82,SO-24061,Customer Sale,42,39,warehouse1,Transaction processed for WH_100 location,system,2026-02-09
3761,3041,2,Sale,2026-01-26,-9,127.74,1149.66,SO-58642,Customer Sale,36,27,system,Transaction processed for Backup location,system,2026-01-26
3762,3103,1,Receipt,2025-08-02,70,176.88,12381.6,PO-6718,Purchase Order Receipt,196,266,warehouse2,Transaction processed for WH_100 location,system,2025-08-02
3763,2012,2,Sale,2026-03-30,-4,312.61,1250.44,SO-13406,Customer Sale,38,34,warehouse1,Transaction processed for Backup location,system,2026-03-30
3764,1561,1,Return,2026-03-17,5,65.65,328.25,RET-20014,Customer Return,41,46,system,Transaction processed for WH_100 location,system,2026-03-17
3765,3102,1,Receipt,2026-03-31,197,175.52,34577.44,PO-8950,Purchase Order Receipt,125,322,system,Transaction processed for WH_100 location,system,2026-03-31
3766,1561,1,Receipt,2026-01-02,19,77.97,1481.43,PO-9528,Purchase Order Receipt,29,48,warehouse2,Transaction processed for WH_100 location,system,2026-01-02
3767,3021,1,Sale,2025-10-30,-21,270.38,5677.98,SO-61907,Customer Sale,39,18,system,Transaction processed for WH_100 location,system,2025-10-30
3768,2071,1,Receipt,2025-08-19,88,21.78,1916.64,PO-2041,Purchase Order Receipt,30,118,warehouse1,Transaction processed for WH_100 location,system,2025-08-19
3769,3052,2,Damage,2025-07-13,-7,115.25,806.75,DMG-3769,Quality Issue,39,32,system,Transaction processed for Backup location,system,2025-07-13
3770,3052,2,Receipt,2026-04-22,35,112.77,3946.95,PO-8028,Purchase Order Receipt,70,105,warehouse1,Transaction processed for Backup location,system,2026-04-22
3771,1532,1,Transfer,2025-07-01,-13,67.64,879.32,TRF-7396,Warehouse Transfer,46,33,warehouse1,Transaction processed for WH_100 location,system,2025-07-01
3772,1551,1,Return,2026-02-08,4,53.63,214.52,RET-80804,Customer Return,102,106,warehouse1,Transaction processed for WH_100 location,system,2026-02-08
3773,2081,2,Sale,2026-01-21,-5,25.3,126.5,SO-17629,Customer Sale,136,131,system,Transaction processed for WH_200 location,system,2026-01-21
3774,1541,1,Receipt,2025-08-15,18,138.35,2490.3,PO-4937,Purchase Order Receipt,16,34,system,Transaction processed for WH_100 location,system,2025-08-15
3775,2051,1,Transfer,2025-08-24,-16,16.44,263.04,TRF-4318,Warehouse Transfer,131,115,system,Transaction processed for WH_100 location,system,2025-08-24
3776,2121,1,Sale,2026-01-26,-45,31.62,1422.9,SO-64575,Customer Sale,96,51,warehouse1,Transaction processed for WH_100 location,system,2026-01-26
3777,1581,1,Sale,2025-12-03,-40,48.56,1942.4,SO-42249,Customer Sale,88,48,warehouse2,Transaction processed for WH_100 location,system,2025-12-03
3778,1531,1,Adjustment,2026-01-14,-3,91.09,273.27,ADJ-3778,System Correction,64,61,warehouse1,Transaction processed for WH_100 location,system,2026-01-14
3779,3061,1,Damage,2025-10-12,-1,151.7,151.7,DMG-3779,Quality Issue,59,58,system,Transaction processed for WH_100 location,system,2025-10-12
3780,2011,2,Sale,2026-01-11,-19,124.64,2368.16,SO-61934,Customer Sale,19,0,system,Transaction processed for Backup location,system,2026-01-11
3781,2091,1,Sale,2026-04-09,-27,7.98,215.46,SO-13362,Customer Sale,32,5,system,Transaction processed for WH_100 location,system,2026-04-09
3782,1532,1,Sale,2025-07-24,-41,67.64,2773.24,SO-20056,Customer Sale,125,84,system,Transaction processed for WH_100 location,system,2025-07-24
3783,3011,1,Transfer,2026-02-02,-47,968.68,45527.96,TRF-5773,Warehouse Transfer,283,236,warehouse2,Transaction processed for WH_100 location,system,2026-02-02
3784,3041,2,Damage,2025-11-14,-10,127.74,1277.4,DMG-3784,Shipping Damage,13,3,warehouse2,Transaction processed for WH_200 location,system,2025-11-14
3785,2012,1,Sale,2026-01-02,-28,312.61,8753.08,SO-40507,Customer Sale,50,22,warehouse1,Transaction processed for WH_100 location,system,2026-01-02
3786,1571,1,Return,2026-04-29,3,87.72,263.16,RET-57425,Customer Return,321,324,system,Transaction processed for WH_100 location,system,2026-04-29
3787,1552,2,Return,2025-07-21,1,46.76,46.76,RET-35520,Customer Return,141,142,warehouse2,Transaction processed for WH_200 location,system,2025-07-21
3788,1551,1,Transfer,2025-10-26,-37,67.04,2480.48,TRF-6711,Warehouse Transfer,39,2,warehouse1,Transaction processed for WH_100 location,system,2025-10-26
3789,1522,1,Sale,2025-11-15,-12,163.1,1957.2,SO-87676,Customer Sale,220,208,warehouse1,Transaction processed for WH_100 location,system,2025-11-15
3790,1542,1,Receipt,2025-10-03,121,89.24,10798.04,PO-6069,Purchase Order Receipt,188,309,warehouse2,Transaction processed for WH_100 location,system,2025-10-03
3791,2101,2,Receipt,2026-01-13,192,13.88,2664.96,PO-5331,Purchase Order Receipt,49,241,warehouse1,Transaction processed for WH_200 location,system,2026-01-13
3792,1561,1,Sale,2025-09-02,-1,82.06,82.06,SO-26790,Customer Sale,101,100,system,Transaction processed for WH_100 location,system,2025-09-02
3793,3103,1,Sale,2026-01-03,-37,180.33,6672.21,SO-79198,Customer Sale,201,164,system,Transaction processed for WH_100 location,system,2026-01-03
3794,3031,2,Receipt,2026-02-02,117,426.17,49861.89,PO-2245,Purchase Order Receipt,12,129,system,Transaction processed for Backup location,system,2026-02-02
3795,1551,1,Adjustment,2025-10-13,20,67.04,1340.8,ADJ-3795,Cycle Count,12,32,warehouse2,Transaction processed for WH_100 location,system,2025-10-13
3796,3053,1,Receipt,2025-12-26,25,188.03,4700.75,PO-5891,Purchase Order Receipt,40,65,system,Transaction processed for WH_100 location,system,2025-12-26
3797,1563,1,Transfer,2025-07-03,-6,70.33,421.98,TRF-6711,Warehouse Transfer,6,0,warehouse1,Transaction processed for WH_100 location,system,2025-07-03
3798,3052,2,Transfer,2025-07-01,-2,115.25,230.5,TRF-2995,Warehouse Transfer,2,0,warehouse1,Transaction processed for Backup location,system,2025-07-01
3799,2012,2,Sale,2025-09-14,-24,312.61,7502.64,SO-96283,Customer Sale,25,1,warehouse2,Transaction processed for Backup location,system,2025-09-14
3800,3041,2,Receipt,2025-09-01,27,133.53,3605.31,PO-2731,Purchase Order Receipt,60,87,warehouse2,Transaction processed for WH_200 location,system,2025-09-01
3801,2061,1,Sale,2025-07-03,-35,25.72,900.2,SO-34005,Customer Sale,84,49,warehouse1,Transaction processed for WH_100 location,system,2025-07-03
3802,1562,1,Receipt,2025-07-06,83,115.77,9608.91,PO-7945,Purchase Order Receipt,97,180,warehouse1,Transaction processed for WH_100 location,system,2025-07-06
3803,3031,3,Damage,2026-03-22,-2,419.97,839.94,DMG-3803,Warehouse Damage,28,26,system,Transaction processed for WH_500 location,system,2026-03-22
3804,3103,2,Receipt,2026-04-18,106,172.44,18278.64,PO-9097,Purchase Order Receipt,51,157,warehouse1,Transaction processed for Backup location,system,2026-04-18
3805,3022,2,Receipt,2026-02-24,39,340.73,13288.47,PO-4256,Purchase Order Receipt,101,140,system,Transaction processed for Backup location,system,2026-02-24
3806,1581,1,Sale,2025-09-04,-34,48.56,1651.04,SO-68628,Customer Sale,56,22,warehouse1,Transaction processed for WH_100 location,system,2025-09-04
3807,1512,1,Transfer,2025-11-05,-17,219.21,3726.57,TRF-6271,Warehouse Transfer,84,67,system,Transaction processed for WH_100 location,system,2025-11-05
3808,2071,1,Return,2025-07-02,1,17.55,17.55,RET-60415,Customer Return,69,70,warehouse1,Transaction processed for WH_100 location,system,2025-07-02
3809,3052,2,Receipt,2025-07-09,161,117.39,18899.79,PO-4799,Purchase Order Receipt,81,242,system,Transaction processed for Backup location,system,2025-07-09
3810,1553,1,Sale,2026-02-25,-10,91.38,913.8,SO-25973,Customer Sale,128,118,warehouse1,Transaction processed for WH_100 location,system,2026-02-25
3811,1522,1,Receipt,2025-12-15,150,165.75,24862.5,PO-2232,Purchase Order Receipt,124,274,warehouse1,Transaction processed for WH_100 location,system,2025-12-15
3812,1521,1,Receipt,2026-03-18,109,126.08,13742.72,PO-8675,Purchase Order Receipt,72,181,warehouse1,Transaction processed for WH_100 location,system,2026-03-18
3813,3011,1,Damage,2026-01-19,-1,968.68,968.68,DMG-3813,Shipping Damage,188,187,warehouse1,Transaction processed for WH_100 location,system,2026-01-19
3814,2091,1,Sale,2025-10-07,-10,7.98,79.8,SO-71040,Customer Sale,24,14,warehouse2,Transaction processed for WH_100 location,system,2025-10-07
3815,2021,1,Sale,2025-07-23,-2,71.31,142.62,SO-59468,Customer Sale,145,143,warehouse2,Transaction processed for WH_100 location,system,2025-07-23
3816,1552,2,Transfer,2026-04-17,-26,58.45,1519.7,TRF-5769,Warehouse Transfer,271,245,warehouse2,Transaction processed for WH_200 location,system,2026-04-17
3817,3022,1,Transfer,2026-02-01,-18,352.53,6345.54,TRF-6489,Warehouse Transfer,122,104,warehouse1,Transaction processed for WH_100 location,system,2026-02-01
3818,2111,2,Sale,2026-03-10,-3,142.6,427.8,SO-83710,Customer Sale,18,15,warehouse2,Transaction processed for WH_200 location,system,2026-03-10
3819,3041,2,Sale,2026-03-17,-34,127.74,4343.16,SO-17152,Customer Sale,96,62,warehouse2,Transaction processed for Backup location,system,2026-03-17
3820,3022,1,Receipt,2025-12-25,93,363.73,33826.89,PO-2947,Purchase Order Receipt,88,181,warehouse2,Transaction processed for WH_100 location,system,2025-12-25
3821,1541,2,Return,2025-10-20,3,106.07,318.21,RET-66482,Customer Return,51,54,system,Transaction processed for Backup location,system,2025-10-20
3822,1563,1,Sale,2025-12-12,-30,70.33,2109.9,SO-37786,Customer Sale,72,42,warehouse1,Transaction processed for WH_100 location,system,2025-12-12
3823,2112,1,Transfer,2025-08-20,-17,66.6,1132.2,TRF-6140,Warehouse Transfer,140,123,warehouse1,Transaction processed for WH_100 location,system,2025-08-20
3824,1561,2,Transfer,2025-12-30,-26,82.06,2133.56,TRF-9739,Warehouse Transfer,99,73,warehouse2,Transaction processed for Backup location,system,2025-12-30
3825,1521,2,Adjustment,2026-01-16,-4,122.8,491.2,ADJ-3825,Cycle Count,100,96,warehouse2,Transaction processed for Backup location,system,2026-01-16
3826,2012,2,Receipt,2026-02-10,72,315.94,22747.68,PO-3110,Purchase Order Receipt,138,210,warehouse2,Transaction processed for Backup location,system,2026-02-10
3827,2012,1,Transfer,2026-01-04,-25,312.61,7815.25,TRF-2067,Warehouse Transfer,149,124,warehouse2,Transaction processed for WH_100 location,system,2026-01-04
3828,1512,1,Sale,2026-04-26,-19,219.21,4164.99,SO-14719,Customer Sale,123,104,warehouse1,Transaction processed for WH_100 location,system,2026-04-26
3829,2121,1,Receipt,2025-08-16,85,30.44,2587.4,PO-6937,Purchase Order Receipt,72,157,system,Transaction processed for WH_100 location,system,2025-08-16
3830,1572,3,Sale,2025-12-30,-7,222.59,1558.13,SO-56072,Customer Sale,155,148,warehouse2,Transaction processed for WH_500 location,system,2025-12-30
3831,3102,1,Receipt,2026-01-05,168,177.02,29739.36,PO-5435,Purchase Order Receipt,69,237,system,Transaction processed for WH_100 location,system,2026-01-05
3832,2011,1,Sale,2026-04-07,-26,124.64,3240.64,SO-72328,Customer Sale,158,132,warehouse1,Transaction processed for WH_100 location,system,2026-04-07
3833,2112,1,Receipt,2025-08-25,31,64.14,1988.34,PO-8882,Purchase Order Receipt,216,247,warehouse1,Transaction processed for WH_100 location,system,2025-08-25
3834,2071,1,Receipt,2025-10-04,170,22.31,3792.7,PO-6886,Purchase Order Receipt,61,231,warehouse1,Transaction processed for WH_100 location,system,2025-10-04
3835,1521,2,Sale,2025-10-02,-12,122.8,1473.6,SO-57545,Customer Sale,12,0,system,Transaction processed for Backup location,system,2025-10-02
3836,3104,2,Adjustment,2025-11-06,4,118.89,475.56,ADJ-3836,Physical Count,150,154,warehouse1,Transaction processed for Backup location,system,2025-11-06
3837,2081,2,Receipt,2025-08-21,169,24.58,4154.02,PO-5422,Purchase Order Receipt,191,360,warehouse2,Transaction processed for WH_200 location,system,2025-08-21
3838,1541,1,Sale,2025-12-05,-46,132.59,6099.14,SO-95097,Customer Sale,119,73,warehouse1,Transaction processed for WH_100 location,system,2025-12-05
3839,2012,1,Sale,2025-11-25,-3,312.61,937.83,SO-53253,Customer Sale,39,36,warehouse1,Transaction processed for WH_100 location,system,2025-11-25
3840,1521,1,Sale,2026-02-20,-5,122.8,614.0,SO-47844,Customer Sale,5,0,warehouse2,Transaction processed for WH_100 location,system,2026-02-20
3841,2031,1,Return,2026-02-06,5,18.43,92.15,RET-63252,Customer Return,129,134,warehouse2,Transaction processed for WH_100 location,system,2026-02-06
3842,3033,1,Transfer,2025-09-10,-48,419.49,20135.52,TRF-5021,Warehouse Transfer,77,29,warehouse2,Transaction processed for WH_100 location,system,2025-09-10
3843,1541,2,Transfer,2025-08-24,-31,132.59,4110.29,TRF-8114,Warehouse Transfer,79,48,warehouse2,Transaction processed for Backup location,system,2025-08-24
3844,1521,1,Receipt,2025-11-30,23,120.25,2765.75,PO-1534,Purchase Order Receipt,30,53,warehouse2,Transaction processed for WH_100 location,system,2025-11-30
3845,1531,2,Receipt,2026-01-17,123,87.97,10820.31,PO-5892,Purchase Order Receipt,58,181,system,Transaction processed for Backup location,system,2026-01-17
3846,2022,1,Transfer,2025-08-15,-10,36.37,363.7,TRF-1721,Warehouse Transfer,19,9,system,Transaction processed for WH_100 location,system,2025-08-15
3847,1542,1,Receipt,2026-01-17,164,89.82,14730.48,PO-6339,Purchase Order Receipt,142,306,warehouse2,Transaction processed for WH_100 location,system,2026-01-17
3848,3013,1,Return,2025-07-15,5,275.74,1378.7,RET-82052,Customer Return,182,187,warehouse1,Transaction processed for WH_100 location,system,2025-07-15
3849,1521,2,Sale,2025-11-17,-6,122.8,736.8,SO-99605,Customer Sale,6,0,system,Transaction processed for Backup location,system,2025-11-17
3850,1581,1,Receipt,2025-08-12,62,50.35,3121.7,PO-6215,Purchase Order Receipt,60,122,warehouse2,Transaction processed for WH_100 location,system,2025-08-12
3851,3041,2,Receipt,2025-08-23,23,130.47,3000.81,PO-1242,Purchase Order Receipt,92,115,system,Transaction processed for WH_200 location,system,2025-08-23
3852,1563,1,Sale,2025-10-04,-26,70.33,1828.58,SO-52981,Customer Sale,87,61,warehouse2,Transaction processed for WH_100 location,system,2025-10-04
3853,1541,2,Sale,2025-09-24,-36,132.59,4773.24,SO-60928,Customer Sale,62,26,warehouse1,Transaction processed for Backup location,system,2025-09-24
3854,3102,2,Sale,2025-11-13,-12,173.13,2077.56,SO-36768,Customer Sale,12,0,system,Transaction processed for Backup location,system,2025-11-13
3855,2121,1,Sale,2025-10-23,-43,31.62,1359.66,SO-86819,Customer Sale,98,55,warehouse1,Transaction processed for WH_100 location,system,2025-10-23
3856,3013,1,Transfer,2026-04-30,-36,344.68,12408.48,TRF-5140,Warehouse Transfer,36,0,system,Transaction processed for WH_100 location,system,2026-04-30
3857,1552,2,Adjustment,2025-10-08,17,58.45,993.65,ADJ-3857,Cycle Count,225,242,warehouse2,Transaction processed for WH_200 location,system,2025-10-08
3858,3104,2,Adjustment,2026-03-03,14,118.89,1664.46,ADJ-3858,System Correction,81,95,system,Transaction processed for WH_200 location,system,2026-03-03
3859,1561,2,Transfer,2026-03-09,-16,82.06,1312.96,TRF-4220,Warehouse Transfer,29,13,system,Transaction processed for Backup location,system,2026-03-09
3860,3102,2,Receipt,2026-01-01,88,169.44,14910.72,PO-4043,Purchase Order Receipt,48,136,warehouse1,Transaction processed for Backup location,system,2026-01-01
3861,2111,2,Adjustment,2026-03-15,8,142.6,1140.8,ADJ-3861,Cycle Count,76,84,system,Transaction processed for WH_200 location,system,2026-03-15
3862,3042,2,Adjustment,2026-04-13,16,62.54,1000.64,ADJ-3862,Cycle Count,63,79,warehouse1,Transaction processed for Backup location,system,2026-04-13
3863,3031,2,Sale,2026-02-12,-8,419.97,3359.76,SO-75905,Customer Sale,8,0,warehouse2,Transaction processed for Backup location,system,2026-02-12
3864,3061,1,Sale,2025-08-21,-29,151.7,4399.3,SO-17526,Customer Sale,86,57,warehouse1,Transaction processed for WH_100 location,system,2025-08-21
3865,1541,2,Receipt,2026-03-05,140,131.44,18401.6,PO-9304,Purchase Order Receipt,58,198,system,Transaction processed for Backup location,system,2026-03-05
3866,1522,1,Return,2025-10-22,1,130.48,130.48,RET-31068,Customer Return,189,190,system,Transaction processed for WH_100 location,system,2025-10-22
3867,3092,1,Receipt,2026-04-26,161,521.38,83942.18,PO-8216,Purchase Order Receipt,185,346,warehouse1,Transaction processed for WH_100 location,system,2026-04-26
3868,1551,2,Receipt,2025-09-26,190,64.34,12224.6,PO-7114,Purchase Order Receipt,52,242,warehouse2,Transaction processed for Backup location,system,2025-09-26
3869,1552,2,Sale,2025-08-11,-50,58.45,2922.5,SO-64531,Customer Sale,283,233,system,Transaction processed for WH_200 location,system,2025-08-11
3870,2091,1,Damage,2025-07-01,-1,7.98,7.98,DMG-3870,Shipping Damage,41,40,warehouse2,Transaction processed for WH_100 location,system,2025-07-01
3871,3062,3,Receipt,2026-01-12,53,84.37,4471.61,PO-8271,Purchase Order Receipt,52,105,warehouse1,Transaction processed for WH_500 location,system,2026-01-12
3872,1551,2,Return,2026-01-01,2,53.63,107.26,RET-80889,Customer Return,32,34,warehouse2,Transaction processed for Backup location,system,2026-01-01
3873,3032,1,Transfer,2026-04-20,-28,240.85,6743.8,TRF-9739,Warehouse Transfer,124,96,warehouse1,Transaction processed for WH_100 location,system,2026-04-20
3874,1522,1,Transfer,2025-11-29,-18,163.1,2935.8,TRF-1534,Warehouse Transfer,220,202,warehouse2,Transaction processed for WH_100 location,system,2025-11-29
3875,3104,2,Sale,2025-12-09,-48,118.89,5706.72,SO-58846,Customer Sale,188,140,system,Transaction processed for WH_200 location,system,2025-12-09
3876,1551,2,Adjustment,2025-11-05,16,67.04,1072.64,ADJ-3876,System Correction,56,72,warehouse2,Transaction processed for Backup location,system,2025-11-05
3877,1512,1,Transfer,2026-01-09,-22,219.21,4822.62,TRF-9394,Warehouse Transfer,26,4,warehouse1,Transaction processed for WH_100 location,system,2026-01-09
3878,3031,2,Sale,2025-10-17,-11,419.97,4619.67,SO-57456,Customer Sale,17,6,warehouse1,Transaction processed for Backup location,system,2025-10-17
3879,3031,2,Sale,2025-10-25,-7,419.97,2939.79,SO-90052,Customer Sale,82,75,warehouse1,Transaction processed for Backup location,system,2025-10-25
3880,2091,1,Receipt,2025-11-06,124,7.61,943.64,PO-1956,Purchase Order Receipt,63,187,warehouse1,Transaction processed for WH_100 location,system,2025-11-06
3881,2012,2,Sale,2025-10-05,-7,312.61,2188.27,SO-68381,Customer Sale,86,79,warehouse2,Transaction processed for Backup location,system,2025-10-05
3882,1512,1,Sale,2025-11-07,-47,219.21,10302.87,SO-95888,Customer Sale,54,7,warehouse2,Transaction processed for WH_100 location,system,2025-11-07
3883,3022,2,Sale,2026-02-20,-16,352.53,5640.48,SO-82023,Customer Sale,75,59,system,Transaction processed for Backup location,system,2026-02-20
3884,1581,1,Receipt,2026-04-06,114,50.4,5745.6,PO-4930,Purchase Order Receipt,51,165,warehouse1,Transaction processed for WH_100 location,system,2026-04-06
3885,2021,1,Sale,2025-07-01,-24,71.31,1711.44,SO-92445,Customer Sale,189,165,warehouse2,Transaction processed for WH_100 location,system,2025-07-01
3886,3104,2,Receipt,2025-12-18,131,120.59,15797.29,PO-5985,Purchase Order Receipt,219,350,system,Transaction processed for WH_200 location,system,2025-12-18
3887,1512,1,Sale,2025-12-27,-34,219.21,7453.14,SO-35841,Customer Sale,109,75,system,Transaction processed for WH_100 location,system,2025-12-27
3888,3071,2,Receipt,2025-09-29,149,38.5,5736.5,PO-6575,Purchase Order Receipt,21,170,warehouse2,Transaction processed for WH_200 location,system,2025-09-29
3889,3022,2,Sale,2025-08-08,-27,352.53,9518.31,SO-83145,Customer Sale,47,20,warehouse2,Transaction processed for Backup location,system,2025-08-08
3890,1541,1,Sale,2026-02-03,-41,132.59,5436.19,SO-69264,Customer Sale,60,19,warehouse1,Transaction processed for WH_100 location,system,2026-02-03
3891,3012,2,Sale,2025-10-17,-27,659.11,17795.97,SO-67672,Customer Sale,161,134,warehouse1,Transaction processed for Backup location,system,2025-10-17
3892,2041,1,Sale,2025-10-19,-18,44.39,799.02,SO-79919,Customer Sale,45,27,warehouse1,Transaction processed for WH_100 location,system,2025-10-19
3893,2021,1,Return,2026-02-08,4,57.05,228.2,RET-49417,Customer Return,238,242,warehouse1,Transaction processed for WH_100 location,system,2026-02-08
3894,1581,1,Adjustment,2026-02-15,12,48.56,582.72,ADJ-3894,Cycle Count,114,126,warehouse1,Transaction processed for WH_100 location,system,2026-02-15
3895,2012,1,Receipt,2025-10-02,186,298.98,55610.28,PO-1922,Purchase Order Receipt,24,210,system,Transaction processed for WH_100 location,system,2025-10-02
3896,2011,1,Sale,2025-08-21,-37,124.64,4611.68,SO-45818,Customer Sale,38,1,warehouse2,Transaction processed for WH_100 location,system,2025-08-21
3897,3013,1,Sale,2025-07-24,-36,344.68,12408.48,SO-18259,Customer Sale,181,145,system,Transaction processed for WH_100 location,system,2025-07-24
3898,3031,2,Adjustment,2025-07-08,1,419.97,419.97,ADJ-3898,Cycle Count,0,1,system,Transaction processed for Backup location,system,2025-07-08
3899,1531,1,Transfer,2025-10-05,-42,91.09,3825.78,TRF-2282,Warehouse Transfer,111,69,system,Transaction processed for WH_100 location,system,2025-10-05
3900,2091,1,Return,2026-04-08,4,6.38,25.52,RET-52983,Customer Return,96,100,warehouse2,Transaction processed for WH_100 location,system,2026-04-08
3901,3071,2,Sale,2025-09-29,-50,39.17,1958.5,SO-84127,Customer Sale,87,37,warehouse1,Transaction processed for WH_200 location,system,2025-09-29
3902,3012,2,Sale,2025-08-16,-3,659.11,1977.33,SO-64343,Customer Sale,108,105,warehouse2,Transaction processed for Backup location,system,2025-08-16
3903,3033,1,Sale,2025-10-02,-50,419.49,20974.5,SO-53893,Customer Sale,96,46,warehouse2,Transaction processed for WH_100 location,system,2025-10-02
3904,2071,1,Sale,2025-07-05,-16,21.94,351.04,SO-58021,Customer Sale,62,46,warehouse1,Transaction processed for WH_100 location,system,2025-07-05
3905,1531,2,Receipt,2025-11-27,25,93.73,2343.25,PO-3166,Purchase Order Receipt,51,76,warehouse1,Transaction processed for Backup location,system,2025-11-27
3906,2111,2,Damage,2026-03-06,-9,142.6,1283.4,DMG-3906,Warehouse Damage,64,55,system,Transaction processed for WH_200 location,system,2026-03-06
3907,3051,1,Sale,2026-03-01,-7,226.49,1585.43,SO-77347,Customer Sale,16,9,warehouse1,Transaction processed for WH_100 location,system,2026-03-01
3908,3051,1,Damage,2026-04-16,-4,226.49,905.96,DMG-3908,Warehouse Damage,69,65,system,Transaction processed for WH_100 location,system,2026-04-16
3909,1563,1,Sale,2025-11-20,-13,70.33,914.29,SO-30330,Customer Sale,110,97,warehouse1,Transaction processed for WH_100 location,system,2025-11-20
3910,3052,2,Adjustment,2026-01-13,-11,115.25,1267.75,ADJ-3910,Cycle Count,70,59,warehouse1,Transaction processed for Backup location,system,2026-01-13
3911,2071,2,Sale,2026-04-12,-28,21.94,614.32,SO-12291,Customer Sale,61,33,warehouse1,Transaction processed for Backup location,system,2026-04-12
3912,2012,2,Receipt,2025-12-02,31,318.89,9885.59,PO-7583,Purchase Order Receipt,52,83,warehouse1,Transaction processed for Backup location,system,2025-12-02
3913,2112,1,Sale,2025-11-16,-34,66.6,2264.4,SO-63010,Customer Sale,144,110,warehouse2,Transaction processed for WH_100 location,system,2025-11-16
3914,2022,1,Sale,2025-08-30,-32,36.37,1163.84,SO-56554,Customer Sale,62,30,warehouse1,Transaction processed for WH_100 location,system,2025-08-30
3915,1511,2,Sale,2025-08-15,-33,321.96,10624.68,SO-33450,Customer Sale,169,136,warehouse1,Transaction processed for WH_200 location,system,2025-08-15
3916,3103,1,Sale,2025-08-24,-31,180.33,5590.23,SO-84340,Customer Sale,99,68,warehouse1,Transaction processed for WH_100 location,system,2025-08-24
3917,1551,1,Transfer,2026-03-24,-6,67.04,402.24,TRF-6060,Warehouse Transfer,6,0,system,Transaction processed for WH_100 location,system,2026-03-24
3918,2011,1,Receipt,2025-11-13,177,127.77,22615.29,PO-7480,Purchase Order Receipt,164,341,system,Transaction processed for WH_100 location,system,2025-11-13
3919,1571,1,Receipt,2025-08-27,181,111.62,20203.22,PO-2751,Purchase Order Receipt,316,497,warehouse1,Transaction processed for WH_100 location,system,2025-08-27
3920,3081,1,Sale,2026-02-03,-44,58.16,2559.04,SO-51184,Customer Sale,52,8,system,Transaction processed for WH_100 location,system,2026-02-03
3921,3053,1,Sale,2026-01-07,-7,180.15,1261.05,SO-55310,Customer Sale,29,22,system,Transaction processed for WH_100 location,system,2026-01-07
3922,3104,2,Receipt,2025-11-05,127,115.97,14728.19,PO-4025,Purchase Order Receipt,27,154,system,Transaction processed for Backup location,system,2025-11-05
3923,1571,1,Receipt,2025-09-19,76,106.21,8071.96,PO-7233,Purchase Order Receipt,283,359,warehouse2,Transaction processed for WH_100 location,system,2025-09-19
3924,1531,2,Receipt,2026-04-06,68,89.94,6115.92,PO-9108,Purchase Order Receipt,67,135,warehouse2,Transaction processed for Backup location,system,2026-04-06
3925,1581,1,Sale,2026-02-25,-22,48.56,1068.32,SO-73417,Customer Sale,63,41,system,Transaction processed for WH_100 location,system,2026-02-25
3926,1532,1,Receipt,2026-04-14,35,65.99,2309.65,PO-3166,Purchase Order Receipt,173,208,warehouse2,Transaction processed for WH_100 location,system,2026-04-14
3927,1553,2,Sale,2025-09-05,-17,91.38,1553.46,SO-17399,Customer Sale,19,2,system,Transaction processed for Backup location,system,2025-09-05
3928,1541,1,Receipt,2026-01-06,152,136.47,20743.44,PO-7969,Purchase Order Receipt,41,193,system,Transaction processed for WH_100 location,system,2026-01-06
3929,2031,1,Return,2026-04-09,1,18.43,18.43,RET-78019,Customer Return,28,29,warehouse2,Transaction processed for WH_100 location,system,2026-04-09
3930,2121,1,Receipt,2025-07-18,46,32.32,1486.72,PO-5186,Purchase Order Receipt,104,150,warehouse1,Transaction processed for WH_100 location,system,2025-07-18
3931,3081,1,Adjustment,2025-10-11,14,58.16,814.24,ADJ-3931,System Correction,12,26,warehouse1,Transaction processed for WH_100 location,system,2025-10-11
3932,3052,1,Adjustment,2025-09-09,12,115.25,1383.0,ADJ-3932,Cycle Count,12,24,warehouse2,Transaction processed for WH_100 location,system,2025-09-09
3933,1571,1,Receipt,2026-03-21,82,108.16,8869.12,PO-4653,Purchase Order Receipt,145,227,warehouse1,Transaction processed for WH_100 location,system,2026-03-21
3934,1541,1,Receipt,2026-02-28,98,128.94,12636.12,PO-5964,Purchase Order Receipt,63,161,warehouse1,Transaction processed for WH_100 location,system,2026-02-28
3935,1531,2,Transfer,2025-10-01,-5,91.09,455.45,TRF-3414,Warehouse Transfer,35,30,system,Transaction processed for Backup location,system,2025-10-01
3936,1581,1,Sale,2025-10-11,-16,48.56,776.96,SO-22322,Customer Sale,60,44,system,Transaction processed for WH_100 location,system,2025-10-11
3937,2111,2,Sale,2025-08-12,-32,142.6,4563.2,SO-79770,Customer Sale,32,0,system,Transaction processed for WH_200 location,system,2025-08-12
3938,3053,1,Sale,2025-07-12,-3,180.15,540.45,SO-79678,Customer Sale,70,67,system,Transaction processed for WH_100 location,system,2025-07-12
3939,1522,1,Sale,2026-04-06,-9,163.1,1467.9,SO-68205,Customer Sale,51,42,system,Transaction processed for WH_100 location,system,2026-04-06
3940,1511,2,Sale,2025-10-12,-38,321.96,12234.48,SO-98556,Customer Sale,38,0,warehouse1,Transaction processed for WH_200 location,system,2025-10-12
3941,3022,2,Sale,2025-11-10,-27,352.53,9518.31,SO-24054,Customer Sale,96,69,warehouse1,Transaction processed for Backup location,system,2025-11-10
3942,2051,1,Receipt,2025-08-15,115,16.64,1913.6,PO-7830,Purchase Order Receipt,146,261,system,Transaction processed for WH_100 location,system,2025-08-15
3943,1553,1,Adjustment,2026-01-15,3,91.38,274.14,ADJ-3943,System Correction,179,182,warehouse1,Transaction processed for WH_100 location,system,2026-01-15
3944,2111,2,Sale,2026-02-06,-49,142.6,6987.4,SO-66262,Customer Sale,105,56,system,Transaction processed for WH_200 location,system,2026-02-06
3945,2011,2,Transfer,2026-04-11,-47,124.64,5858.08,TRF-3317,Warehouse Transfer,61,14,system,Transaction processed for Backup location,system,2026-04-11
3946,1572,3,Receipt,2026-03-22,165,227.63,37558.95,PO-4803,Purchase Order Receipt,74,239,warehouse1,Transaction processed for WH_500 location,system,2026-03-22
3947,2121,1,Sale,2025-10-26,-1,31.62,31.62,SO-81650,Customer Sale,1,0,system,Transaction processed for WH_100 location,system,2025-10-26
3948,1521,1,Receipt,2026-03-12,106,126.98,13459.88,PO-1145,Purchase Order Receipt,60,166,warehouse2,Transaction processed for WH_100 location,system,2026-03-12
3949,3012,1,Receipt,2025-08-10,153,660.3,101025.9,PO-1423,Purchase Order Receipt,313,466,warehouse2,Transaction processed for WH_100 location,system,2025-08-10
3950,3081,1,Return,2026-04-05,3,46.53,139.59,RET-48838,Customer Return,69,72,warehouse1,Transaction processed for WH_100 location,system,2026-04-05
3951,1553,1,Sale,2026-01-31,-39,91.38,3563.82,SO-11597,Customer Sale,238,199,system,Transaction processed for WH_100 location,system,2026-01-31
3952,2012,2,Receipt,2026-04-27,21,308.46,6477.66,PO-5387,Purchase Order Receipt,64,85,warehouse2,Transaction processed for Backup location,system,2026-04-27
3953,2051,2,Sale,2025-08-12,-3,16.44,49.32,SO-82919,Customer Sale,3,0,system,Transaction processed for Backup location,system,2025-08-12
3954,2012,2,Receipt,2025-12-09,46,306.46,14097.16,PO-6995,Purchase Order Receipt,93,139,system,Transaction processed for Backup location,system,2025-12-09
3955,1541,1,Damage,2026-03-11,-6,132.59,795.54,DMG-3955,Warehouse Damage,77,71,warehouse1,Transaction processed for WH_100 location,system,2026-03-11
3956,1532,1,Receipt,2025-11-26,119,64.89,7721.91,PO-4198,Purchase Order Receipt,79,198,warehouse2,Transaction processed for WH_100 location,system,2025-11-26
3957,1542,1,Sale,2025-11-30,-25,90.83,2270.75,SO-89706,Customer Sale,196,171,warehouse1,Transaction processed for WH_100 location,system,2025-11-30
3958,3062,3,Sale,2025-08-07,-46,88.18,4056.28,SO-46576,Customer Sale,59,13,warehouse1,Transaction processed for WH_500 location,system,2025-08-07
3959,1522,2,Sale,2025-07-17,-7,163.1,1141.7,SO-25095,Customer Sale,21,14,system,Transaction processed for Backup location,system,2025-07-17
3960,3031,3,Return,2026-04-09,5,335.98,1679.9,RET-97619,Customer Return,4,9,system,Transaction processed for WH_500 location,system,2026-04-09
3961,3012,1,Receipt,2025-12-07,85,656.17,55774.45,PO-5719,Purchase Order Receipt,273,358,warehouse2,Transaction processed for WH_100 location,system,2025-12-07
3962,2041,1,Damage,2025-10-17,-6,44.39,266.34,DMG-3962,Warehouse Damage,6,0,warehouse2,Transaction processed for WH_100 location,system,2025-10-17
3963,3082,1,Receipt,2025-12-26,87,87.45,7608.15,PO-3796,Purchase Order Receipt,12,99,warehouse1,Transaction processed for WH_100 location,system,2025-12-26
3964,1541,2,Receipt,2026-02-22,84,129.13,10846.92,PO-8836,Purchase Order Receipt,17,101,warehouse2,Transaction processed for Backup location,system,2026-02-22
3965,3053,1,Receipt,2026-01-15,181,186.04,33673.24,PO-6174,Purchase Order Receipt,90,271,warehouse1,Transaction processed for WH_100 location,system,2026-01-15
3966,1512,1,Adjustment,2026-04-25,-1,219.21,219.21,ADJ-3966,Physical Count,129,128,warehouse1,Transaction processed for WH_100 location,system,2026-04-25
3967,3022,2,Receipt,2025-08-09,195,337.7,65851.5,PO-5441,Purchase Order Receipt,19,214,warehouse2,Transaction processed for Backup location,system,2025-08-09
3968,2112,1,Sale,2025-09-27,-36,66.6,2397.6,SO-83329,Customer Sale,113,77,system,Transaction processed for WH_100 location,system,2025-09-27
3969,3091,2,Sale,2026-01-06,-38,456.94,17363.72,SO-16876,Customer Sale,57,19,warehouse1,Transaction processed for Backup location,system,2026-01-06
3970,3041,2,Sale,2025-12-27,-2,127.74,255.48,SO-36768,Customer Sale,2,0,warehouse1,Transaction processed for Backup location,system,2025-12-27
3971,3091,2,Sale,2026-04-20,-18,456.94,8224.92,SO-62824,Customer Sale,112,94,system,Transaction processed for Backup location,system,2026-04-20
3972,3071,2,Sale,2026-03-26,-1,39.17,39.17,SO-43158,Customer Sale,44,43,warehouse1,Transaction processed for WH_200 location,system,2026-03-26
3973,3053,1,Sale,2025-08-19,-17,180.15,3062.55,SO-74980,Customer Sale,37,20,warehouse2,Transaction processed for WH_100 location,system,2025-08-19
3974,2031,1,Receipt,2025-12-30,144,23.24,3346.56,PO-5442,Purchase Order Receipt,68,212,warehouse2,Transaction processed for WH_100 location,system,2025-12-30
3975,1563,1,Transfer,2026-04-23,-25,70.33,1758.25,TRF-4364,Warehouse Transfer,25,0,system,Transaction processed for WH_100 location,system,2026-04-23
3976,1512,1,Damage,2026-04-15,-6,219.21,1315.26,DMG-3976,Quality Issue,47,41,warehouse1,Transaction processed for WH_100 location,system,2026-04-15
3977,2011,1,Transfer,2025-09-17,-17,124.64,2118.88,TRF-7444,Warehouse Transfer,96,79,system,Transaction processed for WH_100 location,system,2025-09-17
3978,1533,1,Transfer,2025-09-21,-7,107.2,750.4,TRF-5798,Warehouse Transfer,38,31,system,Transaction processed for WH_100 location,system,2025-09-21
3979,3052,1,Receipt,2026-04-26,102,114.25,11653.5,PO-4994,Purchase Order Receipt,15,117,warehouse1,Transaction processed for WH_100 location,system,2026-04-26
3980,3041,2,Damage,2025-09-09,-9,127.74,1149.66,DMG-3980,Quality Issue,181,172,system,Transaction processed for WH_200 location,system,2025-09-09
3981,2031,1,Sale,2026-01-14,-17,23.04,391.68,SO-72691,Customer Sale,23,6,system,Transaction processed for WH_100 location,system,2026-01-14
3982,3062,3,Transfer,2025-11-04,-31,88.18,2733.58,TRF-7990,Warehouse Transfer,31,0,system,Transaction processed for WH_500 location,system,2025-11-04
3983,2061,1,Sale,2026-02-10,-12,25.72,308.64,SO-36970,Customer Sale,31,19,warehouse2,Transaction processed for WH_100 location,system,2026-02-10
3984,1581,1,Transfer,2026-02-01,-43,48.56,2088.08,TRF-8042,Warehouse Transfer,118,75,system,Transaction processed for WH_100 location,system,2026-02-01
3985,1533,1,Sale,2025-08-16,-6,107.2,643.2,SO-80504,Customer Sale,66,60,warehouse1,Transaction processed for WH_100 location,system,2025-08-16
3986,2071,1,Sale,2025-08-23,-39,21.94,855.66,SO-20233,Customer Sale,83,44,warehouse1,Transaction processed for WH_100 location,system,2025-08-23
3987,1521,1,Receipt,2025-09-30,184,125.28,23051.52,PO-5131,Purchase Order Receipt,21,205,warehouse2,Transaction processed for WH_100 location,system,2025-09-30
3988,3033,1,Sale,2026-04-11,-11,419.49,4614.39,SO-80320,Customer Sale,11,0,warehouse2,Transaction processed for WH_100 location,system,2026-04-11
3989,2121,1,Transfer,2026-02-14,-25,31.62,790.5,TRF-5588,Warehouse Transfer,25,0,warehouse2,Transaction processed for WH_100 location,system,2026-02-14
3990,2012,1,Receipt,2025-08-24,69,299.95,20696.55,PO-4203,Purchase Order Receipt,61,130,system,Transaction processed for WH_100 location,system,2025-08-24
3991,1511,2,Receipt,2026-03-16,71,327.79,23273.09,PO-8933,Purchase Order Receipt,139,210,warehouse1,Transaction processed for WH_200 location,system,2026-03-16
3992,3104,2,Receipt,2025-08-29,177,123.35,21832.95,PO-2590,Purchase Order Receipt,107,284,warehouse2,Transaction processed for WH_200 location,system,2025-08-29
3993,2022,1,Sale,2025-12-03,-32,36.37,1163.84,SO-20848,Customer Sale,120,88,warehouse2,Transaction processed for WH_100 location,system,2025-12-03
3994,1541,1,Receipt,2026-03-31,151,133.79,20202.29,PO-3761,Purchase Order Receipt,13,164,warehouse1,Transaction processed for WH_100 location,system,2026-03-31
3995,2101,2,Sale,2026-03-18,-16,13.5,216.0,SO-58190,Customer Sale,83,67,warehouse2,Transaction processed for WH_200 location,system,2026-03-18
3996,1553,1,Receipt,2026-02-23,164,89.02,14599.28,PO-7918,Purchase Order Receipt,74,238,system,Transaction processed for WH_100 location,system,2026-02-23
3997,1532,1,Sale,2026-02-20,-9,67.64,608.76,SO-24776,Customer Sale,179,170,system,Transaction processed for WH_100 location,system,2026-02-20
3998,1563,1,Sale,2026-04-16,-33,70.33,2320.89,SO-71866,Customer Sale,33,0,system,Transaction processed for WH_100 location,system,2026-04-16
3999,1572,3,Sale,2025-12-30,-23,222.59,5119.57,SO-57139,Customer Sale,196,173,system,Transaction processed for WH_500 location,system,2025-12-30
4000,1561,2,Receipt,2026-01-05,27,80.41,2171.07,PO-2154,Purchase Order Receipt,25,52,system,Transaction processed for Backup location,system,2026-01-05
4001,1532,1,Adjustment,2025-08-31,-6,67.64,405.84,ADJ-4001,Physical Count,153,147,system,Transaction processed for WH_100 location,system,2025-08-31
4002,3052,1,Return,2026-02-12,4,92.2,368.8,RET-28533,Customer Return,45,49,warehouse1,Transaction processed for WH_100 location,system,2026-02-12
4003,3091,2,Sale,2025-07-29,-29,456.94,13251.26,SO-92852,Customer Sale,70,41,warehouse2,Transaction processed for WH_200 location,system,2025-07-29
4004,3081,1,Adjustment,2026-04-25,17,58.16,988.72,ADJ-4004,Physical Count,21,38,warehouse2,Transaction processed for WH_100 location,system,2026-04-25
4005,2021,1,Sale,2025-12-11,-3,71.31,213.93,SO-76733,Customer Sale,155,152,warehouse1,Transaction processed for WH_100 location,system,2025-12-11
4006,3032,1,Sale,2025-12-03,-28,240.85,6743.8,SO-58151,Customer Sale,113,85,warehouse2,Transaction processed for WH_100 location,system,2025-12-03
4007,3022,1,Sale,2026-02-25,-35,352.53,12338.55,SO-66201,Customer Sale,122,87,warehouse1,Transaction processed for WH_100 location,system,2026-02-25
4008,3012,2,Sale,2026-02-11,-26,659.11,17136.86,SO-88818,Customer Sale,115,89,warehouse2,Transaction processed for Backup location,system,2026-02-11
4009,1531,1,Transfer,2026-03-07,-18,91.09,1639.62,TRF-1085,Warehouse Transfer,83,65,system,Transaction processed for WH_100 location,system,2026-03-07
4010,2011,2,Sale,2026-04-05,-12,124.64,1495.68,SO-20546,Customer Sale,35,23,system,Transaction processed for Backup location,system,2026-04-05
4011,3061,1,Sale,2025-11-28,-12,151.7,1820.4,SO-89684,Customer Sale,88,76,warehouse1,Transaction processed for WH_100 location,system,2025-11-28
4012,2071,2,Sale,2025-08-06,-33,21.94,724.02,SO-27206,Customer Sale,34,1,system,Transaction processed for Backup location,system,2025-08-06
4013,2051,2,Sale,2025-08-04,-4,16.44,65.76,SO-52763,Customer Sale,99,95,warehouse1,Transaction processed for Backup location,system,2025-08-04
4014,2041,1,Return,2026-01-10,5,35.51,177.55,RET-27626,Customer Return,41,46,system,Transaction processed for WH_100 location,system,2026-01-10
4015,1521,2,Receipt,2025-09-07,60,127.24,7634.4,PO-7974,Purchase Order Receipt,62,122,warehouse2,Transaction processed for Backup location,system,2025-09-07
4016,2051,2,Sale,2026-02-08,-25,16.44,411.0,SO-75736,Customer Sale,92,67,warehouse2,Transaction processed for Backup location,system,2026-02-08
4017,3104,2,Sale,2026-02-23,-25,118.89,2972.25,SO-72099,Customer Sale,103,78,warehouse2,Transaction processed for Backup location,system,2026-02-23
4018,3032,1,Adjustment,2026-04-21,-11,240.85,2649.35,ADJ-4018,Cycle Count,137,126,warehouse1,Transaction processed for WH_100 location,system,2026-04-21
4019,1522,2,Sale,2025-11-12,-16,163.1,2609.6,SO-16810,Customer Sale,37,21,warehouse1,Transaction processed for Backup location,system,2025-11-12
4020,1552,2,Sale,2025-10-25,-50,58.45,2922.5,SO-76489,Customer Sale,163,113,system,Transaction processed for WH_200 location,system,2025-10-25
4021,3022,2,Receipt,2026-03-29,87,369.99,32189.13,PO-9037,Purchase Order Receipt,106,193,warehouse1,Transaction processed for Backup location,system,2026-03-29
4022,3091,2,Damage,2026-03-23,-8,456.94,3655.52,DMG-4022,Shipping Damage,33,25,warehouse2,Transaction processed for WH_200 location,system,2026-03-23
4023,2111,2,Receipt,2025-12-31,59,145.6,8590.4,PO-1937,Purchase Order Receipt,112,171,system,Transaction processed for WH_200 location,system,2025-12-31
4024,2071,1,Receipt,2025-09-17,194,21.06,4085.64,PO-7235,Purchase Order Receipt,69,263,warehouse1,Transaction processed for WH_100 location,system,2025-09-17
4025,1541,1,Transfer,2025-09-04,-8,132.59,1060.72,TRF-5867,Warehouse Transfer,125,117,warehouse2,Transaction processed for WH_100 location,system,2025-09-04
4026,1542,1,Receipt,2025-07-12,15,88.91,1333.65,PO-3818,Purchase Order Receipt,34,49,warehouse1,Transaction processed for WH_100 location,system,2025-07-12
4027,3104,2,Sale,2026-03-01,-39,118.89,4636.71,SO-30909,Customer Sale,127,88,warehouse1,Transaction processed for Backup location,system,2026-03-01
4028,2051,2,Sale,2025-07-19,-18,16.44,295.92,SO-76665,Customer Sale,18,0,warehouse1,Transaction processed for Backup location,system,2025-07-19
4029,1553,1,Damage,2025-08-11,-5,91.38,456.9,DMG-4029,Shipping Damage,156,151,warehouse2,Transaction processed for WH_100 location,system,2025-08-11
4030,3104,2,Damage,2026-03-29,-6,118.89,713.34,DMG-4030,Shipping Damage,73,67,system,Transaction processed for WH_200 location,system,2026-03-29
4031,1553,1,Receipt,2025-09-27,160,92.35,14776.0,PO-1191,Purchase Order Receipt,134,294,warehouse2,Transaction processed for WH_100 location,system,2025-09-27
4032,3082,1,Receipt,2025-09-10,103,86.0,8858.0,PO-9002,Purchase Order Receipt,166,269,system,Transaction processed for WH_100 location,system,2025-09-10
4033,2121,1,Receipt,2025-12-28,18,30.19,543.42,PO-8473,Purchase Order Receipt,34,52,warehouse2,Transaction processed for WH_100 location,system,2025-12-28
4034,1532,1,Sale,2025-09-28,-7,67.64,473.48,SO-45292,Customer Sale,7,0,system,Transaction processed for WH_100 location,system,2025-09-28
4035,2041,1,Receipt,2026-03-11,174,43.59,7584.66,PO-3967,Purchase Order Receipt,72,246,warehouse1,Transaction processed for WH_100 location,system,2026-03-11
4036,3053,1,Sale,2026-03-19,-39,180.15,7025.85,SO-76989,Customer Sale,155,116,warehouse2,Transaction processed for WH_100 location,system,2026-03-19
4037,3052,2,Transfer,2025-07-16,-17,115.25,1959.25,TRF-8606,Warehouse Transfer,79,62,system,Transaction processed for Backup location,system,2025-07-16
4038,3104,2,Damage,2025-08-08,-1,118.89,118.89,DMG-4038,Warehouse Damage,127,126,warehouse2,Transaction processed for Backup location,system,2025-08-08
4039,3032,1,Adjustment,2025-08-06,-3,240.85,722.55,ADJ-4039,Physical Count,50,47,warehouse1,Transaction processed for WH_100 location,system,2025-08-06
4040,3012,2,Sale,2025-08-27,-28,659.11,18455.08,SO-49039,Customer Sale,187,159,system,Transaction processed for Backup location,system,2025-08-27
4041,3072,1,Receipt,2025-09-12,114,10.83,1234.62,PO-9719,Purchase Order Receipt,192,306,warehouse2,Transaction processed for WH_100 location,system,2025-09-12
4042,3103,2,Sale,2026-03-15,-30,180.33,5409.9,SO-51178,Customer Sale,111,81,warehouse2,Transaction processed for Backup location,system,2026-03-15
4043,3101,1,Sale,2025-08-19,-13,114.44,1487.72,SO-92944,Customer Sale,72,59,warehouse1,Transaction processed for WH_100 location,system,2025-08-19
4044,1543,1,Adjustment,2025-11-08,15,65.36,980.4,ADJ-4044,Physical Count,78,93,warehouse2,Transaction processed for WH_100 location,system,2025-11-08
4045,1563,1,Sale,2026-04-27,-9,70.33,632.97,SO-62973,Customer Sale,9,0,warehouse2,Transaction processed for WH_100 location,system,2026-04-27
4046,3021,1,Sale,2025-12-23,-1,270.38,270.38,SO-89121,Customer Sale,94,93,system,Transaction processed for WH_100 location,system,2025-12-23
4047,3041,2,Receipt,2025-08-13,73,122.4,8935.2,PO-2205,Purchase Order Receipt,182,255,system,Transaction processed for WH_200 location,system,2025-08-13
4048,1542,1,Sale,2025-12-25,-44,90.83,3996.52,SO-50984,Customer Sale,230,186,warehouse1,Transaction processed for WH_100 location,system,2025-12-25
4049,1552,2,Sale,2025-08-31,-49,58.45,2864.05,SO-61582,Customer Sale,192,143,warehouse2,Transaction processed for WH_200 location,system,2025-08-31
4050,1571,1,Sale,2025-08-01,-7,109.65,767.55,SO-17817,Customer Sale,311,304,warehouse2,Transaction processed for WH_100 location,system,2025-08-01
4051,2071,2,Receipt,2026-04-18,35,22.82,798.7,PO-7559,Purchase Order Receipt,47,82,system,Transaction processed for Backup location,system,2026-04-18
4052,3041,2,Sale,2026-04-03,-36,127.74,4598.64,SO-34071,Customer Sale,150,114,warehouse1,Transaction processed for WH_200 location,system,2026-04-03
4053,2111,2,Sale,2026-01-12,-50,142.6,7130.0,SO-60224,Customer Sale,61,11,warehouse1,Transaction processed for WH_200 location,system,2026-01-12
4054,3071,2,Transfer,2025-10-19,-16,39.17,626.72,TRF-8935,Warehouse Transfer,86,70,warehouse2,Transaction processed for WH_200 location,system,2025-10-19
4055,3092,1,Receipt,2025-08-01,195,558.75,108956.25,PO-1836,Purchase Order Receipt,182,377,warehouse2,Transaction processed for WH_100 location,system,2025-08-01
4056,3104,2,Receipt,2025-11-17,74,113.82,8422.68,PO-4749,Purchase Order Receipt,214,288,system,Transaction processed for WH_200 location,system,2025-11-17
4057,1541,2,Adjustment,2025-12-19,7,132.59,928.13,ADJ-4057,Cycle Count,98,105,system,Transaction processed for Backup location,system,2025-12-19
4058,2011,2,Receipt,2025-07-19,52,125.46,6523.92,PO-1218,Purchase Order Receipt,60,112,system,Transaction processed for Backup location,system,2025-07-19
4059,1561,1,Sale,2026-04-12,-24,82.06,1969.44,SO-18976,Customer Sale,68,44,warehouse1,Transaction processed for WH_100 location,system,2026-04-12
4060,3022,1,Receipt,2026-01-28,144,364.59,52500.96,PO-4041,Purchase Order Receipt,5,149,system,Transaction processed for WH_100 location,system,2026-01-28
4061,3103,1,Damage,2026-03-07,-7,180.33,1262.31,DMG-4061,Warehouse Damage,48,41,warehouse2,Transaction processed for WH_100 location,system,2026-03-07
4062,2061,1,Adjustment,2025-09-12,-1,25.72,25.72,ADJ-4062,Physical Count,175,174,warehouse2,Transaction processed for WH_100 location,system,2025-09-12
4063,1531,1,Receipt,2025-09-11,121,91.53,11075.13,PO-4300,Purchase Order Receipt,78,199,system,Transaction processed for WH_100 location,system,2025-09-11
4064,3052,2,Transfer,2026-02-12,-22,115.25,2535.5,TRF-1214,Warehouse Transfer,22,0,warehouse2,Transaction processed for Backup location,system,2026-02-12
4065,1521,1,Sale,2026-04-25,-2,122.8,245.6,SO-49611,Customer Sale,117,115,warehouse1,Transaction processed for WH_100 location,system,2026-04-25
4066,3012,1,Return,2025-08-04,1,527.29,527.29,RET-10683,Customer Return,191,192,warehouse1,Transaction processed for WH_100 location,system,2025-08-04
4067,2112,1,Sale,2026-04-06,-2,66.6,133.2,SO-43451,Customer Sale,46,44,warehouse2,Transaction processed for WH_100 location,system,2026-04-06
4068,3012,1,Sale,2025-09-05,-37,659.11,24387.07,SO-27129,Customer Sale,321,284,system,Transaction processed for WH_100 location,system,2025-09-05
4069,3102,1,Sale,2026-03-22,-12,173.13,2077.56,SO-97343,Customer Sale,187,175,warehouse1,Transaction processed for WH_100 location,system,2026-03-22
4070,3012,2,Sale,2025-11-08,-31,659.11,20432.41,SO-66759,Customer Sale,31,0,warehouse2,Transaction processed for Backup location,system,2025-11-08
4071,3052,1,Receipt,2025-07-22,46,113.9,5239.4,PO-3200,Purchase Order Receipt,31,77,system,Transaction processed for WH_100 location,system,2025-07-22
4072,2031,1,Sale,2026-01-05,-23,23.04,529.92,SO-33365,Customer Sale,72,49,system,Transaction processed for WH_100 location,system,2026-01-05
4073,1523,2,Receipt,2025-10-08,161,53.18,8561.98,PO-9896,Purchase Order Receipt,32,193,system,Transaction processed for WH_200 location,system,2025-10-08
4074,3102,1,Sale,2026-03-30,-14,173.13,2423.82,SO-54159,Customer Sale,14,0,warehouse1,Transaction processed for WH_100 location,system,2026-03-30
4075,1562,1,Sale,2026-04-21,-1,121.04,121.04,SO-87893,Customer Sale,84,83,warehouse1,Transaction processed for WH_100 location,system,2026-04-21
4076,3051,1,Receipt,2025-08-05,26,229.11,5956.86,PO-8378,Purchase Order Receipt,37,63,warehouse1,Transaction processed for WH_100 location,system,2025-08-05
4077,3101,1,Sale,2025-09-07,-3,114.44,343.32,SO-12377,Customer Sale,107,104,warehouse1,Transaction processed for WH_100 location,system,2025-09-07
4078,2051,1,Sale,2026-01-21,-31,16.44,509.64,SO-88807,Customer Sale,103,72,system,Transaction processed for WH_100 location,system,2026-01-21
4079,2011,2,Receipt,2026-02-25,175,123.38,21591.5,PO-9172,Purchase Order Receipt,40,215,system,Transaction processed for Backup location,system,2026-02-25
4080,3011,1,Sale,2025-10-14,-43,968.68,41653.24,SO-43751,Customer Sale,109,66,warehouse1,Transaction processed for WH_100 location,system,2025-10-14
4081,2111,2,Sale,2026-04-26,-25,142.6,3565.0,SO-99683,Customer Sale,88,63,warehouse1,Transaction processed for WH_200 location,system,2026-04-26
4082,2011,2,Receipt,2025-11-24,174,120.42,20953.08,PO-7443,Purchase Order Receipt,35,209,warehouse1,Transaction processed for Backup location,system,2025-11-24
4083,2031,1,Sale,2026-04-27,-12,23.04,276.48,SO-47924,Customer Sale,33,21,system,Transaction processed for WH_100 location,system,2026-04-27
4084,1553,2,Return,2026-04-15,3,73.1,219.3,RET-39006,Customer Return,68,71,system,Transaction processed for Backup location,system,2026-04-15
4085,3013,1,Sale,2025-09-18,-11,344.68,3791.48,SO-48179,Customer Sale,179,168,warehouse2,Transaction processed for WH_100 location,system,2025-09-18
4086,3103,2,Sale,2026-04-22,-13,180.33,2344.29,SO-43534,Customer Sale,103,90,warehouse2,Transaction processed for Backup location,system,2026-04-22
4087,2071,2,Sale,2025-09-15,-7,21.94,153.58,SO-86025,Customer Sale,52,45,warehouse1,Transaction processed for Backup location,system,2025-09-15
4088,3041,2,Transfer,2026-04-09,-5,127.74,638.7,TRF-8227,Warehouse Transfer,5,0,warehouse1,Transaction processed for WH_200 location,system,2026-04-09
4089,1521,1,Receipt,2025-12-24,70,125.61,8792.7,PO-2208,Purchase Order Receipt,92,162,system,Transaction processed for WH_100 location,system,2025-12-24
4090,3051,1,Sale,2025-10-23,-26,226.49,5888.74,SO-38402,Customer Sale,101,75,warehouse1,Transaction processed for WH_100 location,system,2025-10-23
4091,3011,1,Damage,2026-03-05,-6,968.68,5812.08,DMG-4091,Quality Issue,212,206,system,Transaction processed for WH_100 location,system,2026-03-05
4092,3033,1,Sale,2026-04-19,-5,419.49,2097.45,SO-87328,Customer Sale,20,15,system,Transaction processed for WH_100 location,system,2026-04-19
4093,3102,1,Adjustment,2025-09-10,19,173.13,3289.47,ADJ-4093,Cycle Count,72,91,warehouse1,Transaction processed for WH_100 location,system,2025-09-10
4094,1553,1,Sale,2025-07-10,-30,91.38,2741.4,SO-69026,Customer Sale,61,31,warehouse1,Transaction processed for WH_100 location,system,2025-07-10
4095,2051,1,Transfer,2026-03-16,-49,16.44,805.56,TRF-1731,Warehouse Transfer,126,77,warehouse2,Transaction processed for WH_100 location,system,2026-03-16
4096,3053,1,Sale,2026-03-16,-32,180.15,5764.8,SO-25094,Customer Sale,59,27,warehouse2,Transaction processed for WH_100 location,system,2026-03-16
4097,1522,1,Damage,2026-01-31,-1,163.1,163.1,DMG-4097,Shipping Damage,88,87,warehouse1,Transaction processed for WH_100 location,system,2026-01-31
4098,1563,1,Sale,2025-12-24,-48,70.33,3375.84,SO-60853,Customer Sale,113,65,system,Transaction processed for WH_100 location,system,2025-12-24
4099,1523,2,Damage,2026-02-27,-6,54.46,326.76,DMG-4099,Shipping Damage,35,29,warehouse1,Transaction processed for WH_200 location,system,2026-02-27
4100,2112,1,Transfer,2025-08-12,-23,66.6,1531.8,TRF-5466,Warehouse Transfer,191,168,warehouse2,Transaction processed for WH_100 location,system,2025-08-12
4101,1563,1,Transfer,2026-03-16,-23,70.33,1617.59,TRF-2855,Warehouse Transfer,96,73,warehouse2,Transaction processed for WH_100 location,system,2026-03-16
4102,2091,1,Sale,2026-04-06,-35,7.98,279.3,SO-80627,Customer Sale,55,20,warehouse1,Transaction processed for WH_100 location,system,2026-04-06
4103,3052,1,Sale,2025-07-25,-17,115.25,1959.25,SO-89126,Customer Sale,42,25,warehouse1,Transaction processed for WH_100 location,system,2025-07-25
4104,1531,2,Sale,2025-12-05,-8,91.09,728.72,SO-38803,Customer Sale,50,42,warehouse1,Transaction processed for Backup location,system,2025-12-05
4105,3103,1,Return,2025-11-26,1,144.26,144.26,RET-39217,Customer Return,190,191,system,Transaction processed for WH_100 location,system,2025-11-26
4106,3091,2,Sale,2025-11-12,-27,456.94,12337.38,SO-17262,Customer Sale,151,124,warehouse2,Transaction processed for WH_200 location,system,2025-11-12
4107,3091,2,Transfer,2025-08-21,-44,456.94,20105.36,TRF-9909,Warehouse Transfer,201,157,warehouse1,Transaction processed for WH_200 location,system,2025-08-21
4108,3081,1,Transfer,2025-11-23,-48,58.16,2791.68,TRF-2155,Warehouse Transfer,123,75,system,Transaction processed for WH_100 location,system,2025-11-23
4109,2012,2,Sale,2025-07-13,-9,312.61,2813.49,SO-23300,Customer Sale,37,28,system,Transaction processed for Backup location,system,2025-07-13
4110,3082,1,Sale,2026-04-07,-11,84.82,933.02,SO-10699,Customer Sale,150,139,warehouse2,Transaction processed for WH_100 location,system,2026-04-07
4111,1522,2,Receipt,2025-10-21,72,171.01,12312.72,PO-1371,Purchase Order Receipt,108,180,system,Transaction processed for Backup location,system,2025-10-21
4112,2011,1,Receipt,2025-11-15,139,119.46,16604.94,PO-9999,Purchase Order Receipt,151,290,warehouse2,Transaction processed for WH_100 location,system,2025-11-15
4113,1522,2,Transfer,2025-08-05,-30,163.1,4893.0,TRF-2727,Warehouse Transfer,61,31,warehouse2,Transaction processed for Backup location,system,2025-08-05
4114,1531,1,Receipt,2026-02-03,33,88.69,2926.77,PO-8986,Purchase Order Receipt,49,82,warehouse2,Transaction processed for WH_100 location,system,2026-02-03
4115,3021,1,Transfer,2025-12-23,-39,270.38,10544.82,TRF-7562,Warehouse Transfer,99,60,warehouse2,Transaction processed for WH_100 location,system,2025-12-23
4116,3104,2,Sale,2025-07-26,-48,118.89,5706.72,SO-77880,Customer Sale,67,19,warehouse2,Transaction processed for Backup location,system,2025-07-26
4117,3102,1,Receipt,2025-12-06,144,166.4,23961.6,PO-1458,Purchase Order Receipt,90,234,system,Transaction processed for WH_100 location,system,2025-12-06
4118,3103,1,Sale,2026-04-27,-4,180.33,721.32,SO-55047,Customer Sale,192,188,warehouse1,Transaction processed for WH_100 location,system,2026-04-27
4119,1571,1,Sale,2025-07-12,-8,109.65,877.2,SO-50103,Customer Sale,134,126,warehouse1,Transaction processed for WH_100 location,system,2025-07-12
4120,1533,1,Adjustment,2025-10-26,14,107.2,1500.8,ADJ-4120,System Correction,99,113,warehouse1,Transaction processed for WH_100 location,system,2025-10-26
4121,3022,1,Sale,2025-08-22,-37,352.53,13043.61,SO-41213,Customer Sale,92,55,warehouse2,Transaction processed for WH_100 location,system,2025-08-22
4122,1533,1,Receipt,2025-11-24,170,108.31,18412.7,PO-3272,Purchase Order Receipt,79,249,warehouse1,Transaction processed for WH_100 location,system,2025-11-24
4123,1533,1,Transfer,2025-10-14,-20,107.2,2144.0,TRF-8791,Warehouse Transfer,69,49,system,Transaction processed for WH_100 location,system,2025-10-14
4124,2011,1,Transfer,2026-04-20,-22,124.64,2742.08,TRF-5567,Warehouse Transfer,84,62,system,Transaction processed for WH_100 location,system,2026-04-20
4125,1551,1,Return,2025-10-11,5,53.63,268.15,RET-68664,Customer Return,73,78,warehouse1,Transaction processed for WH_100 location,system,2025-10-11
4126,1542,1,Sale,2026-03-13,-26,90.83,2361.58,SO-22059,Customer Sale,93,67,warehouse1,Transaction processed for WH_100 location,system,2026-03-13
4127,3052,1,Sale,2025-10-11,-32,115.25,3688.0,SO-59509,Customer Sale,32,0,warehouse2,Transaction processed for WH_100 location,system,2025-10-11
4128,1561,2,Damage,2026-04-04,-10,82.06,820.6,DMG-4128,Quality Issue,63,53,warehouse1,Transaction processed for Backup location,system,2026-04-04
4129,2011,1,Sale,2026-03-22,-32,124.64,3988.48,SO-59038,Customer Sale,37,5,system,Transaction processed for WH_100 location,system,2026-03-22
4130,1561,1,Transfer,2026-04-24,-43,82.06,3528.58,TRF-8431,Warehouse Transfer,60,17,warehouse2,Transaction processed for WH_100 location,system,2026-04-24
4131,1532,1,Receipt,2026-01-22,198,65.24,12917.52,PO-7482,Purchase Order Receipt,103,301,warehouse1,Transaction processed for WH_100 location,system,2026-01-22
4132,1521,1,Adjustment,2025-11-17,-19,122.8,2333.2,ADJ-4132,System Correction,76,57,warehouse1,Transaction processed for WH_100 location,system,2025-11-17
4133,3012,2,Sale,2025-09-10,-20,659.11,13182.2,SO-98866,Customer Sale,144,124,system,Transaction processed for Backup location,system,2025-09-10
4134,3042,1,Sale,2025-07-03,-10,62.54,625.4,SO-16118,Customer Sale,262,252,system,Transaction processed for WH_100 location,system,2025-07-03
4135,2101,2,Sale,2025-12-05,-23,13.5,310.5,SO-78750,Customer Sale,23,0,system,Transaction processed for WH_200 location,system,2025-12-05
4136,1532,1,Sale,2026-02-03,-19,67.64,1285.16,SO-17681,Customer Sale,19,0,system,Transaction processed for WH_100 location,system,2026-02-03
4137,3031,2,Sale,2025-08-09,-18,419.97,7559.46,SO-13050,Customer Sale,18,0,system,Transaction processed for Backup location,system,2025-08-09
4138,3092,1,Sale,2025-10-18,-50,540.11,27005.5,SO-54689,Customer Sale,217,167,warehouse1,Transaction processed for WH_100 location,system,2025-10-18
4139,3103,1,Adjustment,2026-03-10,12,180.33,2163.96,ADJ-4139,Physical Count,77,89,warehouse1,Transaction processed for WH_100 location,system,2026-03-10
4140,3091,2,Damage,2026-03-24,-4,456.94,1827.76,DMG-4140,Warehouse Damage,34,30,warehouse1,Transaction processed for WH_200 location,system,2026-03-24
4141,3042,2,Receipt,2025-09-25,51,61.8,3151.8,PO-8169,Purchase Order Receipt,50,101,warehouse2,Transaction processed for Backup location,system,2025-09-25
4142,3013,1,Receipt,2025-12-08,48,350.97,16846.56,PO-8681,Purchase Order Receipt,92,140,system,Transaction processed for WH_100 location,system,2025-12-08
4143,3041,2,Receipt,2025-07-16,121,123.51,14944.71,PO-3733,Purchase Order Receipt,38,159,warehouse2,Transaction processed for WH_200 location,system,2025-07-16
4144,1543,1,Sale,2026-02-28,-10,65.36,653.6,SO-70265,Customer Sale,121,111,warehouse1,Transaction processed for WH_100 location,system,2026-02-28
4145,2081,2,Adjustment,2025-09-26,20,25.3,506.0,ADJ-4145,Cycle Count,110,130,warehouse2,Transaction processed for WH_200 location,system,2025-09-26
4146,2041,1,Sale,2026-04-30,-19,44.39,843.41,SO-65824,Customer Sale,49,30,warehouse2,Transaction processed for WH_100 location,system,2026-04-30
4147,2051,2,Receipt,2025-08-01,89,16.59,1476.51,PO-7184,Purchase Order Receipt,55,144,warehouse2,Transaction processed for Backup location,system,2025-08-01
4148,1532,1,Damage,2026-01-18,-10,67.64,676.4,DMG-4148,Warehouse Damage,49,39,warehouse2,Transaction processed for WH_100 location,system,2026-01-18
4149,2011,2,Sale,2026-02-23,-4,124.64,498.56,SO-54542,Customer Sale,72,68,warehouse2,Transaction processed for Backup location,system,2026-02-23
4150,3042,1,Receipt,2026-04-27,67,61.03,4089.01,PO-2205,Purchase Order Receipt,132,199,warehouse1,Transaction processed for WH_100 location,system,2026-04-27
4151,1531,1,Adjustment,2026-04-25,-7,91.09,637.63,ADJ-4151,System Correction,49,42,warehouse1,Transaction processed for WH_100 location,system,2026-04-25
4152,3104,2,Damage,2026-03-18,-1,118.89,118.89,DMG-4152,Shipping Damage,60,59,system,Transaction processed for Backup location,system,2026-03-18
4153,2061,1,Sale,2025-08-28,-25,25.72,643.0,SO-88748,Customer Sale,80,55,warehouse2,Transaction processed for WH_100 location,system,2025-08-28
4154,3032,1,Sale,2026-03-31,-42,240.85,10115.7,SO-47165,Customer Sale,147,105,system,Transaction processed for WH_100 location,system,2026-03-31
4155,3052,1,Sale,2025-09-25,-6,115.25,691.5,SO-84565,Customer Sale,8,2,warehouse1,Transaction processed for WH_100 location,system,2025-09-25
4156,3091,2,Receipt,2025-09-08,34,462.88,15737.92,PO-4736,Purchase Order Receipt,93,127,warehouse2,Transaction processed for WH_200 location,system,2025-09-08
4157,3032,1,Receipt,2025-11-28,139,229.31,31874.09,PO-2133,Purchase Order Receipt,145,284,warehouse2,Transaction processed for WH_100 location,system,2025-11-28
4158,1572,3,Sale,2026-03-06,-28,222.59,6232.52,SO-19852,Customer Sale,206,178,warehouse2,Transaction processed for WH_500 location,system,2026-03-06
4159,3041,2,Adjustment,2025-10-18,-9,127.74,1149.66,ADJ-4159,Physical Count,79,70,warehouse1,Transaction processed for Backup location,system,2025-10-18
4160,2071,1,Receipt,2025-07-10,159,20.88,3319.92,PO-1944,Purchase Order Receipt,55,214,warehouse1,Transaction processed for WH_100 location,system,2025-07-10
4161,3052,2,Sale,2025-07-14,-10,115.25,1152.5,SO-26755,Customer Sale,104,94,warehouse2,Transaction processed for Backup location,system,2025-07-14
4162,3033,1,Return,2025-09-08,5,335.59,1677.95,RET-89289,Customer Return,157,162,warehouse2,Transaction processed for WH_100 location,system,2025-09-08
4163,3082,1,Sale,2025-11-10,-2,84.82,169.64,SO-31706,Customer Sale,123,121,warehouse1,Transaction processed for WH_100 location,system,2025-11-10
4164,3081,1,Adjustment,2025-10-14,5,58.16,290.8,ADJ-4164,Physical Count,45,50,system,Transaction processed for WH_100 location,system,2025-10-14
4165,3033,1,Sale,2025-09-04,-1,419.49,419.49,SO-71803,Customer Sale,79,78,system,Transaction processed for WH_100 location,system,2025-09-04
4166,1542,1,Sale,2026-04-20,-34,90.83,3088.22,SO-50970,Customer Sale,94,60,warehouse1,Transaction processed for WH_100 location,system,2026-04-20
4167,2071,2,Sale,2025-10-01,-43,21.94,943.42,SO-52049,Customer Sale,48,5,warehouse2,Transaction processed for Backup location,system,2025-10-01
4168,3104,2,Transfer,2026-03-23,-26,118.89,3091.14,TRF-7262,Warehouse Transfer,119,93,warehouse2,Transaction processed for Backup location,system,2026-03-23
4169,3061,1,Receipt,2026-01-06,14,152.66,2137.24,PO-9500,Purchase Order Receipt,32,46,warehouse1,Transaction processed for WH_100 location,system,2026-01-06
4170,3092,1,Sale,2026-02-11,-26,540.11,14042.86,SO-62059,Customer Sale,203,177,warehouse2,Transaction processed for WH_100 location,system,2026-02-11
4171,3053,1,Sale,2025-10-12,-13,180.15,2341.95,SO-73497,Customer Sale,68,55,warehouse1,Transaction processed for WH_100 location,system,2025-10-12
4172,1571,1,Sale,2026-02-27,-43,109.65,4714.95,SO-42880,Customer Sale,295,252,warehouse2,Transaction processed for WH_100 location,system,2026-02-27
4173,3042,1,Sale,2026-01-28,-33,62.54,2063.82,SO-29105,Customer Sale,215,182,system,Transaction processed for WH_100 location,system,2026-01-28
4174,2121,1,Receipt,2025-09-12,57,32.54,1854.78,PO-8605,Purchase Order Receipt,101,158,warehouse1,Transaction processed for WH_100 location,system,2025-09-12
4175,2011,1,Receipt,2025-08-14,147,127.15,18691.05,PO-7365,Purchase Order Receipt,147,294,warehouse2,Transaction processed for WH_100 location,system,2025-08-14
4176,3103,2,Sale,2025-11-15,-18,180.33,3245.94,SO-79565,Customer Sale,82,64,warehouse1,Transaction processed for Backup location,system,2025-11-15
4177,2112,1,Receipt,2025-09-07,192,66.32,12733.44,PO-1535,Purchase Order Receipt,44,236,system,Transaction processed for WH_100 location,system,2025-09-07
4178,1523,2,Receipt,2026-03-24,55,52.35,2879.25,PO-3566,Purchase Order Receipt,157,212,warehouse2,Transaction processed for WH_200 location,system,2026-03-24
4179,1551,2,Sale,2026-04-24,-29,67.04,1944.16,SO-91879,Customer Sale,62,33,system,Transaction processed for Backup location,system,2026-04-24
4180,3042,2,Sale,2026-03-21,-20,62.54,1250.8,SO-54287,Customer Sale,113,93,warehouse2,Transaction processed for Backup location,system,2026-03-21
4181,1552,2,Return,2025-08-27,5,46.76,233.8,RET-22553,Customer Return,264,269,warehouse2,Transaction processed for WH_200 location,system,2025-08-27
4182,3072,1,Receipt,2026-04-20,113,10.88,1229.44,PO-9031,Purchase Order Receipt,147,260,warehouse2,Transaction processed for WH_100 location,system,2026-04-20
4183,3102,1,Transfer,2025-08-04,-16,173.13,2770.08,TRF-5310,Warehouse Transfer,125,109,system,Transaction processed for WH_100 location,system,2025-08-04
4184,2022,1,Sale,2025-08-06,-31,36.37,1127.47,SO-82783,Customer Sale,117,86,warehouse1,Transaction processed for WH_100 location,system,2025-08-06
4185,3053,1,Sale,2025-12-30,-31,180.15,5584.65,SO-42652,Customer Sale,31,0,warehouse2,Transaction processed for WH_100 location,system,2025-12-30
4186,3103,1,Receipt,2025-10-08,27,178.81,4827.87,PO-3958,Purchase Order Receipt,211,238,system,Transaction processed for WH_100 location,system,2025-10-08
4187,2011,1,Sale,2026-01-20,-17,124.64,2118.88,SO-67308,Customer Sale,17,0,system,Transaction processed for WH_100 location,system,2026-01-20
4188,1542,1,Receipt,2025-10-19,110,90.84,9992.4,PO-7828,Purchase Order Receipt,59,169,system,Transaction processed for WH_100 location,system,2025-10-19
4189,3031,3,Sale,2026-01-04,-47,419.97,19738.59,SO-41236,Customer Sale,135,88,system,Transaction processed for WH_500 location,system,2026-01-04
4190,2121,1,Receipt,2025-12-18,40,30.36,1214.4,PO-2248,Purchase Order Receipt,18,58,warehouse2,Transaction processed for WH_100 location,system,2025-12-18
4191,3051,1,Sale,2025-08-18,-14,226.49,3170.86,SO-42104,Customer Sale,27,13,warehouse1,Transaction processed for WH_100 location,system,2025-08-18
4192,1531,1,Sale,2025-09-23,-22,91.09,2003.98,SO-47080,Customer Sale,121,99,warehouse2,Transaction processed for WH_100 location,system,2025-09-23
4193,1531,1,Adjustment,2026-02-18,10,91.09,910.9,ADJ-4193,Physical Count,133,143,warehouse2,Transaction processed for WH_100 location,system,2026-02-18
4194,3103,1,Receipt,2025-09-20,39,183.66,7162.74,PO-4009,Purchase Order Receipt,144,183,system,Transaction processed for WH_100 location,system,2025-09-20
4195,3052,2,Sale,2025-07-18,-1,115.25,115.25,SO-91348,Customer Sale,80,79,system,Transaction processed for Backup location,system,2025-07-18
4196,1511,2,Sale,2025-09-29,-35,321.96,11268.6,SO-67020,Customer Sale,213,178,warehouse2,Transaction processed for WH_200 location,system,2025-09-29
4197,3031,2,Sale,2026-03-15,-38,419.97,15958.86,SO-56892,Customer Sale,43,5,warehouse1,Transaction processed for Backup location,system,2026-03-15
4198,2081,2,Sale,2025-09-30,-12,25.3,303.6,SO-85937,Customer Sale,12,0,system,Transaction processed for WH_200 location,system,2025-09-30
4199,3061,1,Transfer,2025-11-30,-15,151.7,2275.5,TRF-2807,Warehouse Transfer,97,82,warehouse2,Transaction processed for WH_100 location,system,2025-11-30
4200,3013,1,Sale,2026-03-06,-46,344.68,15855.28,SO-85828,Customer Sale,169,123,system,Transaction processed for WH_100 location,system,2026-03-06
4201,1551,2,Return,2025-10-14,5,53.63,268.15,RET-81288,Customer Return,25,30,warehouse1,Transaction processed for Backup location,system,2025-10-14
4202,3042,1,Sale,2026-02-17,-9,62.54,562.86,SO-95964,Customer Sale,131,122,system,Transaction processed for WH_100 location,system,2026-02-17
4203,2081,2,Sale,2025-08-17,-10,25.3,253.0,SO-33533,Customer Sale,193,183,system,Transaction processed for WH_200 location,system,2025-08-17
4204,3062,3,Sale,2026-03-31,-12,88.18,1058.16,SO-57609,Customer Sale,12,0,system,Transaction processed for WH_500 location,system,2026-03-31
4205,3042,2,Sale,2026-04-04,-19,62.54,1188.26,SO-81076,Customer Sale,93,74,warehouse2,Transaction processed for Backup location,system,2026-04-04
4206,3041,2,Sale,2025-11-20,-8,127.74,1021.92,SO-16886,Customer Sale,115,107,system,Transaction processed for WH_200 location,system,2025-11-20
4207,2041,1,Receipt,2025-07-23,68,43.94,2987.92,PO-8433,Purchase Order Receipt,104,172,warehouse1,Transaction processed for WH_100 location,system,2025-07-23
4208,1512,1,Sale,2026-04-01,-28,219.21,6137.88,SO-81099,Customer Sale,40,12,system,Transaction processed for WH_100 location,system,2026-04-01
4209,2021,1,Sale,2025-12-11,-23,71.31,1640.13,SO-95298,Customer Sale,85,62,system,Transaction processed for WH_100 location,system,2025-12-11
4210,3031,3,Receipt,2026-01-03,21,437.99,9197.79,PO-7688,Purchase Order Receipt,110,131,warehouse1,Transaction processed for WH_500 location,system,2026-01-03
4211,3092,1,Receipt,2026-01-06,85,555.98,47258.3,PO-1882,Purchase Order Receipt,335,420,warehouse1,Transaction processed for WH_100 location,system,2026-01-06
4212,1531,1,Sale,2026-02-28,-47,91.09,4281.23,SO-10763,Customer Sale,122,75,warehouse2,Transaction processed for WH_100 location,system,2026-02-28
4213,2011,2,Transfer,2026-01-16,-46,124.64,5733.44,TRF-2034,Warehouse Transfer,85,39,warehouse2,Transaction processed for Backup location,system,2026-01-16
4214,3052,1,Sale,2025-10-19,-14,115.25,1613.5,SO-24003,Customer Sale,14,0,warehouse1,Transaction processed for WH_100 location,system,2025-10-19
4215,3082,1,Receipt,2025-11-15,85,84.52,7184.2,PO-3240,Purchase Order Receipt,131,216,system,Transaction processed for WH_100 location,system,2025-11-15
4216,3052,1,Sale,2025-07-10,-2,115.25,230.5,SO-85225,Customer Sale,2,0,warehouse2,Transaction processed for WH_100 location,system,2025-07-10
4217,3041,2,Sale,2025-10-02,-36,127.74,4598.64,SO-74893,Customer Sale,45,9,warehouse1,Transaction processed for WH_200 location,system,2025-10-02
4218,3021,1,Damage,2026-02-18,-5,270.38,1351.9,DMG-4218,Quality Issue,5,0,warehouse1,Transaction processed for WH_100 location,system,2026-02-18
4219,2081,2,Sale,2026-01-23,-33,25.3,834.9,SO-29495,Customer Sale,163,130,warehouse1,Transaction processed for WH_200 location,system,2026-01-23
4220,2051,2,Sale,2025-10-08,-44,16.44,723.36,SO-31395,Customer Sale,96,52,warehouse2,Transaction processed for Backup location,system,2025-10-08
4221,3052,2,Adjustment,2026-01-02,-13,115.25,1498.25,ADJ-4221,Cycle Count,65,52,warehouse1,Transaction processed for Backup location,system,2026-01-02
4222,3042,2,Receipt,2025-09-07,133,60.75,8079.75,PO-6198,Purchase Order Receipt,92,225,system,Transaction processed for Backup location,system,2025-09-07
4223,3052,1,Sale,2025-08-14,-23,115.25,2650.75,SO-91456,Customer Sale,61,38,warehouse1,Transaction processed for WH_100 location,system,2025-08-14
4224,3091,2,Adjustment,2025-10-21,13,456.94,5940.22,ADJ-4224,System Correction,47,60,system,Transaction processed for Backup location,system,2025-10-21
4225,3053,1,Sale,2026-01-26,-19,180.15,3422.85,SO-94124,Customer Sale,93,74,warehouse2,Transaction processed for WH_100 location,system,2026-01-26
4226,1521,2,Sale,2026-02-26,-29,122.8,3561.2,SO-75632,Customer Sale,39,10,warehouse1,Transaction processed for Backup location,system,2026-02-26
4227,1543,1,Sale,2026-04-10,-6,65.36,392.16,SO-40237,Customer Sale,6,0,warehouse1,Transaction processed for WH_100 location,system,2026-04-10
4228,1521,1,Sale,2026-04-30,-2,122.8,245.6,SO-99224,Customer Sale,121,119,system,Transaction processed for WH_100 location,system,2026-04-30
4229,1521,1,Sale,2026-01-07,-15,122.8,1842.0,SO-23864,Customer Sale,15,0,system,Transaction processed for WH_100 location,system,2026-01-07
4230,2012,2,Return,2025-12-01,1,250.09,250.09,RET-52993,Customer Return,49,50,warehouse1,Transaction processed for Backup location,system,2025-12-01
4231,1553,1,Sale,2025-11-17,-47,91.38,4294.86,SO-60301,Customer Sale,203,156,warehouse2,Transaction processed for WH_100 location,system,2025-11-17
4232,3104,2,Damage,2026-03-12,-8,118.89,951.12,DMG-4232,Shipping Damage,83,75,warehouse2,Transaction processed for Backup location,system,2026-03-12
4233,1541,2,Return,2026-01-09,2,106.07,212.14,RET-18352,Customer Return,73,75,warehouse2,Transaction processed for Backup location,system,2026-01-09
4234,3091,2,Receipt,2026-04-08,117,450.16,52668.72,PO-5131,Purchase Order Receipt,1,118,system,Transaction processed for Backup location,system,2026-04-08
4235,3104,2,Sale,2025-10-22,-21,118.89,2496.69,SO-67892,Customer Sale,109,88,warehouse1,Transaction processed for Backup location,system,2025-10-22
4236,2111,2,Sale,2025-11-24,-28,142.6,3992.8,SO-39327,Customer Sale,82,54,warehouse2,Transaction processed for WH_200 location,system,2025-11-24
4237,1561,1,Receipt,2025-12-04,82,82.18,6738.76,PO-5404,Purchase Order Receipt,76,158,warehouse1,Transaction processed for WH_100 location,system,2025-12-04
4238,1533,1,Receipt,2025-09-28,71,106.45,7557.95,PO-7881,Purchase Order Receipt,101,172,warehouse2,Transaction processed for WH_100 location,system,2025-09-28
4239,3012,2,Sale,2025-07-20,-41,659.11,27023.51,SO-49601,Customer Sale,45,4,warehouse2,Transaction processed for Backup location,system,2025-07-20
4240,3071,2,Sale,2025-07-05,-27,39.17,1057.59,SO-28273,Customer Sale,37,10,warehouse2,Transaction processed for WH_200 location,system,2025-07-05
4241,3092,1,Sale,2026-04-16,-11,540.11,5941.21,SO-35482,Customer Sale,364,353,system,Transaction processed for WH_100 location,system,2026-04-16
4242,2031,1,Sale,2026-02-24,-4,23.04,92.16,SO-19453,Customer Sale,18,14,warehouse2,Transaction processed for WH_100 location,system,2026-02-24
4243,2121,1,Sale,2025-10-06,-25,31.62,790.5,SO-15974,Customer Sale,100,75,warehouse2,Transaction processed for WH_100 location,system,2025-10-06
4244,3031,3,Sale,2026-01-24,-24,419.97,10079.28,SO-82367,Customer Sale,77,53,warehouse1,Transaction processed for WH_500 location,system,2026-01-24
4245,3092,1,Sale,2025-07-01,-13,540.11,7021.43,SO-82323,Customer Sale,179,166,warehouse2,Transaction processed for WH_100 location,system,2025-07-01
4246,3103,1,Return,2026-01-25,4,144.26,577.04,RET-75718,Customer Return,108,112,warehouse1,Transaction processed for WH_100 location,system,2026-01-25
4247,1562,1,Sale,2025-07-21,-1,121.04,121.04,SO-60497,Customer Sale,96,95,system,Transaction processed for WH_100 location,system,2025-07-21
4248,3092,1,Sale,2025-09-02,-38,540.11,20524.18,SO-68492,Customer Sale,336,298,warehouse2,Transaction processed for WH_100 location,system,2025-09-02
4249,3022,1,Receipt,2025-10-09,148,337.54,49955.92,PO-8364,Purchase Order Receipt,88,236,warehouse1,Transaction processed for WH_100 location,system,2025-10-09
4250,3022,1,Sale,2025-08-15,-30,352.53,10575.9,SO-20149,Customer Sale,77,47,warehouse1,Transaction processed for WH_100 location,system,2025-08-15
4251,1553,2,Adjustment,2025-07-15,-9,91.38,822.42,ADJ-4251,System Correction,87,78,warehouse2,Transaction processed for Backup location,system,2025-07-15
4252,1541,2,Sale,2025-12-11,0,132.59,0.0,SO-68746,Customer Sale,0,0,warehouse2,Transaction processed for Backup location,system,2025-12-11
4253,2112,1,Receipt,2026-04-16,185,69.05,12774.25,PO-8192,Purchase Order Receipt,195,380,warehouse2,Transaction processed for WH_100 location,system,2026-04-16
4254,2071,2,Sale,2026-01-03,-7,21.94,153.58,SO-17308,Customer Sale,7,0,warehouse1,Transaction processed for Backup location,system,2026-01-03
4255,1512,1,Receipt,2025-09-08,179,220.54,39476.66,PO-9548,Purchase Order Receipt,54,233,warehouse2,Transaction processed for WH_100 location,system,2025-09-08
4256,1563,1,Sale,2025-07-20,-48,70.33,3375.84,SO-95145,Customer Sale,74,26,warehouse1,Transaction processed for WH_100 location,system,2025-07-20
4257,3031,3,Sale,2025-07-05,-11,419.97,4619.67,SO-16904,Customer Sale,11,0,warehouse1,Transaction processed for WH_500 location,system,2025-07-05
4258,1563,1,Damage,2026-02-11,-6,70.33,421.98,DMG-4258,Shipping Damage,104,98,warehouse2,Transaction processed for WH_100 location,system,2026-02-11
4259,2051,1,Adjustment,2025-08-18,-5,16.44,82.2,ADJ-4259,Cycle Count,8,3,warehouse1,Transaction processed for WH_100 location,system,2025-08-18
4260,1521,2,Adjustment,2025-09-27,11,122.8,1350.8,ADJ-4260,Cycle Count,20,31,system,Transaction processed for Backup location,system,2025-09-27
4261,3091,2,Receipt,2026-01-26,78,476.34,37154.52,PO-6395,Purchase Order Receipt,36,114,system,Transaction processed for Backup location,system,2026-01-26
4262,1522,2,Sale,2026-01-21,-1,163.1,163.1,SO-70183,Customer Sale,6,5,warehouse2,Transaction processed for Backup location,system,2026-01-21
4263,3052,1,Adjustment,2025-07-03,-18,115.25,2074.5,ADJ-4263,Physical Count,90,72,warehouse1,Transaction processed for WH_100 location,system,2025-07-03
4264,2011,2,Damage,2025-07-13,-4,124.64,498.56,DMG-4264,Quality Issue,19,15,warehouse2,Transaction processed for Backup location,system,2025-07-13
4265,3011,1,Receipt,2026-01-31,58,957.74,55548.92,PO-1855,Purchase Order Receipt,306,364,warehouse1,Transaction processed for WH_100 location,system,2026-01-31
4266,3082,1,Receipt,2026-04-06,188,85.68,16107.84,PO-7438,Purchase Order Receipt,61,249,system,Transaction processed for WH_100 location,system,2026-04-06
4267,1512,1,Sale,2026-01-03,-14,219.21,3068.94,SO-40064,Customer Sale,23,9,warehouse1,Transaction processed for WH_100 location,system,2026-01-03
4268,2112,1,Receipt,2026-02-05,33,64.28,2121.24,PO-8613,Purchase Order Receipt,220,253,warehouse2,Transaction processed for WH_100 location,system,2026-02-05
4269,2022,1,Transfer,2025-12-16,-19,36.37,691.03,TRF-4567,Warehouse Transfer,108,89,warehouse2,Transaction processed for WH_100 location,system,2025-12-16
4270,3041,2,Sale,2025-07-12,-8,127.74,1021.92,SO-39189,Customer Sale,81,73,warehouse1,Transaction processed for Backup location,system,2025-07-12
4271,1541,1,Transfer,2025-12-06,-8,132.59,1060.72,TRF-2728,Warehouse Transfer,60,52,warehouse1,Transaction processed for WH_100 location,system,2025-12-06
4272,1552,2,Sale,2025-08-09,-45,58.45,2630.25,SO-39029,Customer Sale,205,160,system,Transaction processed for WH_200 location,system,2025-08-09
4273,2051,1,Sale,2026-04-19,-42,16.44,690.48,SO-35710,Customer Sale,113,71,warehouse1,Transaction processed for WH_100 location,system,2026-04-19
4274,2041,1,Sale,2025-11-22,-44,44.39,1953.16,SO-71798,Customer Sale,98,54,warehouse2,Transaction processed for WH_100 location,system,2025-11-22
4275,3092,1,Damage,2025-09-21,-7,540.11,3780.77,DMG-4275,Shipping Damage,214,207,warehouse2,Transaction processed for WH_100 location,system,2025-09-21
4276,3012,2,Receipt,2025-11-05,95,668.77,63533.15,PO-2174,Purchase Order Receipt,36,131,warehouse2,Transaction processed for Backup location,system,2025-11-05
4277,2031,1,Receipt,2026-03-14,62,22.29,1381.98,PO-4548,Purchase Order Receipt,84,146,warehouse2,Transaction processed for WH_100 location,system,2026-03-14
4278,3103,2,Sale,2025-09-29,-13,180.33,2344.29,SO-18250,Customer Sale,71,58,system,Transaction processed for Backup location,system,2025-09-29
4279,2081,2,Sale,2025-11-25,-46,25.3,1163.8,SO-61815,Customer Sale,111,65,system,Transaction processed for WH_200 location,system,2025-11-25
4280,3021,1,Receipt,2025-07-21,102,271.47,27689.94,PO-3148,Purchase Order Receipt,66,168,warehouse1,Transaction processed for WH_100 location,system,2025-07-21
4281,3031,3,Damage,2025-08-23,-8,419.97,3359.76,DMG-4281,Quality Issue,10,2,warehouse2,Transaction processed for WH_500 location,system,2025-08-23
4282,3091,2,Damage,2026-04-01,-5,456.94,2284.7,DMG-4282,Warehouse Damage,81,76,warehouse2,Transaction processed for WH_200 location,system,2026-04-01
4283,1551,1,Adjustment,2025-07-29,0,67.04,0.0,ADJ-4283,Physical Count,26,26,warehouse2,Transaction processed for WH_100 location,system,2025-07-29
4284,1541,2,Sale,2025-09-17,-9,132.59,1193.31,SO-19822,Customer Sale,110,101,warehouse1,Transaction processed for Backup location,system,2025-09-17
4285,3022,1,Sale,2025-11-09,-12,352.53,4230.36,SO-13257,Customer Sale,12,0,warehouse1,Transaction processed for WH_100 location,system,2025-11-09
4286,2051,2,Transfer,2025-10-28,-7,16.44,115.08,TRF-2404,Warehouse Transfer,7,0,warehouse2,Transaction processed for Backup location,system,2025-10-28
4287,3012,2,Sale,2025-08-29,-16,659.11,10545.76,SO-20951,Customer Sale,96,80,warehouse1,Transaction processed for Backup location,system,2025-08-29
4288,1572,3,Sale,2025-09-28,-18,222.59,4006.62,SO-34952,Customer Sale,123,105,warehouse1,Transaction processed for WH_500 location,system,2025-09-28
4289,3041,2,Receipt,2026-01-23,110,125.21,13773.1,PO-9796,Purchase Order Receipt,67,177,warehouse1,Transaction processed for Backup location,system,2026-01-23
4290,1523,2,Adjustment,2026-03-10,-7,54.46,381.22,ADJ-4290,Physical Count,119,112,system,Transaction processed for WH_200 location,system,2026-03-10
4291,3012,2,Transfer,2025-09-29,-27,659.11,17795.97,TRF-2718,Warehouse Transfer,198,171,warehouse2,Transaction processed for Backup location,system,2025-09-29
4292,1542,1,Sale,2026-03-27,-39,90.83,3542.37,SO-34909,Customer Sale,95,56,warehouse2,Transaction processed for WH_100 location,system,2026-03-27
4293,3032,1,Adjustment,2025-09-11,-1,240.85,240.85,ADJ-4293,System Correction,111,110,warehouse2,Transaction processed for WH_100 location,system,2025-09-11
4294,3052,1,Sale,2025-11-22,-26,115.25,2996.5,SO-92157,Customer Sale,116,90,system,Transaction processed for WH_100 location,system,2025-11-22
4295,2121,1,Damage,2026-03-04,-10,31.62,316.2,DMG-4295,Shipping Damage,55,45,warehouse2,Transaction processed for WH_100 location,system,2026-03-04
4296,3012,2,Sale,2026-03-28,-12,659.11,7909.32,SO-33398,Customer Sale,47,35,warehouse2,Transaction processed for Backup location,system,2026-03-28
4297,1551,2,Sale,2026-02-25,-14,67.04,938.56,SO-22968,Customer Sale,14,0,warehouse2,Transaction processed for Backup location,system,2026-02-25
4298,1541,2,Sale,2025-11-28,-47,132.59,6231.73,SO-37473,Customer Sale,106,59,warehouse2,Transaction processed for Backup location,system,2025-11-28
4299,1543,1,Receipt,2025-10-15,180,64.5,11610.0,PO-5768,Purchase Order Receipt,90,270,warehouse1,Transaction processed for WH_100 location,system,2025-10-15
4300,3031,3,Sale,2025-08-15,-35,419.97,14698.95,SO-55165,Customer Sale,91,56,warehouse2,Transaction processed for WH_500 location,system,2025-08-15
4301,2061,1,Return,2026-02-24,5,20.58,102.9,RET-81238,Customer Return,125,130,system,Transaction processed for WH_100 location,system,2026-02-24
4302,1542,1,Receipt,2025-08-15,174,89.92,15646.08,PO-9868,Purchase Order Receipt,199,373,warehouse2,Transaction processed for WH_100 location,system,2025-08-15
4303,1552,2,Receipt,2025-12-14,158,56.46,8920.68,PO-9634,Purchase Order Receipt,207,365,warehouse1,Transaction processed for WH_200 location,system,2025-12-14
4304,3013,1,Transfer,2026-02-16,-12,344.68,4136.16,TRF-2388,Warehouse Transfer,132,120,warehouse2,Transaction processed for WH_100 location,system,2026-02-16
4305,2061,1,Receipt,2025-08-04,104,25.6,2662.4,PO-4567,Purchase Order Receipt,110,214,system,Transaction processed for WH_100 location,system,2025-08-04
4306,1532,1,Damage,2026-02-20,-9,67.64,608.76,DMG-4306,Shipping Damage,167,158,warehouse2,Transaction processed for WH_100 location,system,2026-02-20
4307,1522,2,Receipt,2026-04-05,151,162.15,24484.65,PO-8434,Purchase Order Receipt,31,182,warehouse1,Transaction processed for Backup location,system,2026-04-05
4308,3021,1,Transfer,2026-04-07,-33,270.38,8922.54,TRF-6624,Warehouse Transfer,46,13,warehouse2,Transaction processed for WH_100 location,system,2026-04-07
4309,2071,2,Receipt,2025-12-04,81,22.8,1846.8,PO-1640,Purchase Order Receipt,27,108,warehouse2,Transaction processed for Backup location,system,2025-12-04
4310,1541,1,Sale,2025-08-06,-33,132.59,4375.47,SO-42552,Customer Sale,63,30,system,Transaction processed for WH_100 location,system,2025-08-06
4311,2011,1,Receipt,2025-10-05,198,119.4,23641.2,PO-8121,Purchase Order Receipt,145,343,system,Transaction processed for WH_100 location,system,2025-10-05
4312,3071,2,Sale,2026-03-01,-48,39.17,1880.16,SO-29889,Customer Sale,101,53,warehouse2,Transaction processed for WH_200 location,system,2026-03-01
4313,2051,1,Sale,2026-02-15,-45,16.44,739.8,SO-66912,Customer Sale,88,43,warehouse2,Transaction processed for WH_100 location,system,2026-02-15
4314,3104,2,Sale,2026-01-04,-29,118.89,3447.81,SO-53880,Customer Sale,69,40,warehouse2,Transaction processed for Backup location,system,2026-01-04
4315,3051,1,Receipt,2025-11-21,91,234.07,21300.37,PO-6732,Purchase Order Receipt,6,97,system,Transaction processed for WH_100 location,system,2025-11-21
4316,3091,2,Receipt,2026-01-17,17,439.37,7469.29,PO-9671,Purchase Order Receipt,21,38,warehouse2,Transaction processed for Backup location,system,2026-01-17
4317,3091,2,Sale,2026-01-22,-22,456.94,10052.68,SO-44168,Customer Sale,98,76,warehouse2,Transaction processed for Backup location,system,2026-01-22
4318,1542,1,Transfer,2026-02-21,-46,90.83,4178.18,TRF-6302,Warehouse Transfer,50,4,warehouse1,Transaction processed for WH_100 location,system,2026-02-21
4319,1512,1,Sale,2026-01-27,-25,219.21,5480.25,SO-84509,Customer Sale,76,51,warehouse2,Transaction processed for WH_100 location,system,2026-01-27
4320,3031,2,Transfer,2026-02-28,-29,419.97,12179.13,TRF-9640,Warehouse Transfer,29,0,system,Transaction processed for Backup location,system,2026-02-28
4321,3051,1,Sale,2025-12-28,-19,226.49,4303.31,SO-22012,Customer Sale,85,66,system,Transaction processed for WH_100 location,system,2025-12-28
4322,3091,2,Sale,2026-04-11,-12,456.94,5483.28,SO-85093,Customer Sale,12,0,warehouse1,Transaction processed for WH_200 location,system,2026-04-11
4323,2051,1,Adjustment,2025-10-02,-7,16.44,115.08,ADJ-4323,System Correction,144,137,warehouse1,Transaction processed for WH_100 location,system,2025-10-02
4324,3101,1,Sale,2025-09-04,-35,114.44,4005.4,SO-93190,Customer Sale,121,86,warehouse2,Transaction processed for WH_100 location,system,2025-09-04
4325,3082,1,Damage,2025-11-10,-5,84.82,424.1,DMG-4325,Warehouse Damage,45,40,warehouse2,Transaction processed for WH_100 location,system,2025-11-10
4326,1512,1,Sale,2025-12-29,-14,219.21,3068.94,SO-64658,Customer Sale,45,31,warehouse1,Transaction processed for WH_100 location,system,2025-12-29
4327,2022,1,Receipt,2026-03-01,104,35.31,3672.24,PO-9756,Purchase Order Receipt,27,131,warehouse1,Transaction processed for WH_100 location,system,2026-03-01
4328,2021,1,Receipt,2025-09-05,148,71.3,10552.4,PO-3432,Purchase Order Receipt,137,285,warehouse2,Transaction processed for WH_100 location,system,2025-09-05
4329,1551,1,Sale,2025-07-16,-37,67.04,2480.48,SO-55201,Customer Sale,75,38,system,Transaction processed for WH_100 location,system,2025-07-16
4330,3092,1,Receipt,2025-11-25,176,536.98,94508.48,PO-8634,Purchase Order Receipt,232,408,warehouse2,Transaction processed for WH_100 location,system,2025-11-25
4331,1562,1,Sale,2025-12-23,-46,121.04,5567.84,SO-16412,Customer Sale,100,54,warehouse2,Transaction processed for WH_100 location,system,2025-12-23
4332,1512,1,Receipt,2026-03-02,103,226.12,23290.36,PO-8481,Purchase Order Receipt,33,136,warehouse2,Transaction processed for WH_100 location,system,2026-03-02
4333,3031,3,Sale,2025-08-10,-47,419.97,19738.59,SO-76555,Customer Sale,76,29,warehouse2,Transaction processed for WH_500 location,system,2025-08-10
4334,2021,1,Adjustment,2026-01-28,-12,71.31,855.72,ADJ-4334,Physical Count,63,51,system,Transaction processed for WH_100 location,system,2026-01-28
4335,1561,1,Sale,2026-03-12,-46,82.06,3774.76,SO-98187,Customer Sale,46,0,warehouse1,Transaction processed for WH_100 location,system,2026-03-12
4336,1561,1,Sale,2025-08-16,-41,82.06,3364.46,SO-68529,Customer Sale,77,36,warehouse1,Transaction processed for WH_100 location,system,2025-08-16
4337,3103,2,Adjustment,2026-02-18,-19,180.33,3426.27,ADJ-4337,Physical Count,58,39,warehouse2,Transaction processed for Backup location,system,2026-02-18
4338,3051,1,Receipt,2025-12-19,43,218.7,9404.1,PO-2056,Purchase Order Receipt,67,110,system,Transaction processed for WH_100 location,system,2025-12-19
4339,3071,2,Sale,2025-07-25,-10,39.17,391.7,SO-47287,Customer Sale,62,52,system,Transaction processed for WH_200 location,system,2025-07-25
4340,3011,1,Transfer,2026-03-12,-33,968.68,31966.44,TRF-6378,Warehouse Transfer,240,207,system,Transaction processed for WH_100 location,system,2026-03-12
4341,3082,1,Adjustment,2025-10-04,-10,84.82,848.2,ADJ-4341,Cycle Count,184,174,warehouse1,Transaction processed for WH_100 location,system,2025-10-04
4342,1522,1,Receipt,2025-11-10,19,166.08,3155.52,PO-8461,Purchase Order Receipt,175,194,warehouse1,Transaction processed for WH_100 location,system,2025-11-10
4343,3013,1,Receipt,2025-10-07,161,331.66,53397.26,PO-4665,Purchase Order Receipt,138,299,system,Transaction processed for WH_100 location,system,2025-10-07
4344,3102,1,Sale,2025-12-31,-24,173.13,4155.12,SO-21097,Customer Sale,84,60,warehouse2,Transaction processed for WH_100 location,system,2025-12-31
4345,2021,1,Receipt,2026-03-13,144,67.83,9767.52,PO-5228,Purchase Order Receipt,79,223,warehouse1,Transaction processed for WH_100 location,system,2026-03-13
4346,1521,2,Sale,2026-01-05,-34,122.8,4175.2,SO-45156,Customer Sale,98,64,system,Transaction processed for Backup location,system,2026-01-05
4347,1561,2,Transfer,2025-12-23,-16,82.06,1312.96,TRF-8467,Warehouse Transfer,16,0,warehouse2,Transaction processed for Backup location,system,2025-12-23
4348,1563,1,Transfer,2026-02-04,-7,70.33,492.31,TRF-2591,Warehouse Transfer,116,109,warehouse1,Transaction processed for WH_100 location,system,2026-02-04
4349,3032,1,Receipt,2025-09-16,164,230.84,37857.76,PO-5876,Purchase Order Receipt,20,184,system,Transaction processed for WH_100 location,system,2025-09-16
4350,1522,1,Receipt,2026-04-03,60,160.76,9645.6,PO-2006,Purchase Order Receipt,168,228,warehouse1,Transaction processed for WH_100 location,system,2026-04-03
4351,2101,2,Sale,2025-11-06,-2,13.5,27.0,SO-34968,Customer Sale,122,120,warehouse2,Transaction processed for WH_200 location,system,2025-11-06
4352,2091,1,Damage,2025-10-27,-10,7.98,79.8,DMG-4352,Warehouse Damage,96,86,warehouse2,Transaction processed for WH_100 location,system,2025-10-27
4353,1552,2,Receipt,2026-02-03,56,60.94,3412.64,PO-3780,Purchase Order Receipt,274,330,warehouse2,Transaction processed for WH_200 location,system,2026-02-03
4354,3022,1,Sale,2025-10-21,-14,352.53,4935.42,SO-97533,Customer Sale,34,20,warehouse1,Transaction processed for WH_100 location,system,2025-10-21
4355,3031,3,Receipt,2025-10-22,101,405.5,40955.5,PO-1615,Purchase Order Receipt,49,150,warehouse2,Transaction processed for WH_500 location,system,2025-10-22
4356,2112,1,Sale,2025-08-21,-11,66.6,732.6,SO-10866,Customer Sale,82,71,warehouse1,Transaction processed for WH_100 location,system,2025-08-21
4357,3012,1,Adjustment,2025-12-07,18,659.11,11863.98,ADJ-4357,Cycle Count,260,278,warehouse1,Transaction processed for WH_100 location,system,2025-12-07
4358,3053,1,Adjustment,2026-02-15,9,180.15,1621.35,ADJ-4358,System Correction,206,215,system,Transaction processed for WH_100 location,system,2026-02-15
4359,2021,1,Sale,2026-03-07,-22,71.31,1568.82,SO-44071,Customer Sale,108,86,system,Transaction processed for WH_100 location,system,2026-03-07
4360,1552,2,Receipt,2025-12-06,88,58.34,5133.92,PO-4259,Purchase Order Receipt,286,374,warehouse1,Transaction processed for WH_200 location,system,2025-12-06
4361,3102,2,Return,2026-04-30,1,138.5,138.5,RET-26230,Customer Return,125,126,warehouse2,Transaction processed for Backup location,system,2026-04-30
4362,1551,2,Sale,2026-02-14,-16,67.04,1072.64,SO-43961,Customer Sale,38,22,warehouse1,Transaction processed for Backup location,system,2026-02-14
4363,3102,2,Transfer,2026-02-16,-8,173.13,1385.04,TRF-1959,Warehouse Transfer,8,0,system,Transaction processed for Backup location,system,2026-02-16
4364,1541,1,Sale,2025-11-12,-36,132.59,4773.24,SO-42248,Customer Sale,81,45,system,Transaction processed for WH_100 location,system,2025-11-12
4365,3042,1,Sale,2025-12-04,-2,62.54,125.08,SO-97128,Customer Sale,260,258,warehouse1,Transaction processed for WH_100 location,system,2025-12-04
4366,2121,1,Transfer,2026-03-06,-1,31.62,31.62,TRF-6540,Warehouse Transfer,1,0,warehouse1,Transaction processed for WH_100 location,system,2026-03-06
4367,2022,1,Receipt,2025-11-16,199,34.56,6877.44,PO-8332,Purchase Order Receipt,23,222,system,Transaction processed for WH_100 location,system,2025-11-16
4368,3102,2,Sale,2025-07-28,-16,173.13,2770.08,SO-18866,Customer Sale,127,111,warehouse1,Transaction processed for Backup location,system,2025-07-28
4369,3102,2,Return,2026-02-06,5,138.5,692.5,RET-53410,Customer Return,117,122,system,Transaction processed for Backup location,system,2026-02-06
4370,3032,1,Receipt,2026-03-03,118,240.34,28360.12,PO-4501,Purchase Order Receipt,27,145,warehouse1,Transaction processed for WH_100 location,system,2026-03-03
4371,3033,1,Receipt,2025-08-28,74,411.85,30476.9,PO-4195,Purchase Order Receipt,133,207,system,Transaction processed for WH_100 location,system,2025-08-28
4372,2041,1,Sale,2025-07-12,-15,44.39,665.85,SO-86426,Customer Sale,15,0,warehouse1,Transaction processed for WH_100 location,system,2025-07-12
4373,1551,1,Receipt,2025-10-25,200,66.99,13398.0,PO-4332,Purchase Order Receipt,112,312,system,Transaction processed for WH_100 location,system,2025-10-25
4374,1531,2,Receipt,2026-01-03,178,90.39,16089.42,PO-6504,Purchase Order Receipt,88,266,system,Transaction processed for Backup location,system,2026-01-03
4375,1563,1,Adjustment,2026-02-08,-11,70.33,773.63,ADJ-4375,Physical Count,45,34,warehouse2,Transaction processed for WH_100 location,system,2026-02-08
4376,3022,2,Receipt,2025-09-09,72,351.01,25272.72,PO-1221,Purchase Order Receipt,116,188,system,Transaction processed for Backup location,system,2025-09-09
4377,1561,2,Sale,2025-11-07,-28,82.06,2297.68,SO-36368,Customer Sale,51,23,warehouse1,Transaction processed for Backup location,system,2025-11-07
4378,1541,2,Receipt,2025-11-22,146,133.2,19447.2,PO-7709,Purchase Order Receipt,42,188,system,Transaction processed for Backup location,system,2025-11-22
4379,2051,2,Sale,2025-08-03,-39,16.44,641.16,SO-26200,Customer Sale,95,56,warehouse1,Transaction processed for Backup location,system,2025-08-03
4380,2012,1,Sale,2026-02-07,-40,312.61,12504.4,SO-83757,Customer Sale,89,49,system,Transaction processed for WH_100 location,system,2026-02-07
4381,3061,1,Transfer,2026-01-28,-20,151.7,3034.0,TRF-4692,Warehouse Transfer,78,58,warehouse1,Transaction processed for WH_100 location,system,2026-01-28
4382,3033,1,Sale,2025-09-13,-12,419.49,5033.88,SO-38521,Customer Sale,12,0,warehouse2,Transaction processed for WH_100 location,system,2025-09-13
4383,1581,1,Sale,2026-03-01,-43,48.56,2088.08,SO-53059,Customer Sale,52,9,warehouse2,Transaction processed for WH_100 location,system,2026-03-01
4384,1562,1,Transfer,2025-07-17,-37,121.04,4478.48,TRF-5361,Warehouse Transfer,82,45,warehouse2,Transaction processed for WH_100 location,system,2025-07-17
4385,3061,1,Receipt,2025-09-15,60,152.01,9120.6,PO-7661,Purchase Order Receipt,90,150,warehouse2,Transaction processed for WH_100 location,system,2025-09-15
4386,2022,1,Adjustment,2026-02-01,1,36.37,36.37,ADJ-4386,System Correction,55,56,system,Transaction processed for WH_100 location,system,2026-02-01
4387,3012,2,Transfer,2025-10-06,-9,659.11,5931.99,TRF-6233,Warehouse Transfer,181,172,warehouse2,Transaction processed for Backup location,system,2025-10-06
4388,3031,3,Transfer,2025-10-04,-47,419.97,19738.59,TRF-8972,Warehouse Transfer,118,71,warehouse2,Transaction processed for WH_500 location,system,2025-10-04
4389,3102,2,Adjustment,2025-08-25,8,173.13,1385.04,ADJ-4389,Physical Count,48,56,system,Transaction processed for Backup location,system,2025-08-25
4390,1541,2,Sale,2025-10-03,-4,132.59,530.36,SO-72759,Customer Sale,71,67,system,Transaction processed for Backup location,system,2025-10-03
4391,3052,1,Receipt,2026-02-25,61,116.83,7126.63,PO-6032,Purchase Order Receipt,112,173,warehouse2,Transaction processed for WH_100 location,system,2026-02-25
4392,3033,1,Sale,2026-02-21,-17,419.49,7131.33,SO-35635,Customer Sale,78,61,warehouse1,Transaction processed for WH_100 location,system,2026-02-21
4393,3082,1,Sale,2026-01-21,-48,84.82,4071.36,SO-11436,Customer Sale,48,0,warehouse1,Transaction processed for WH_100 location,system,2026-01-21
4394,2021,1,Receipt,2025-11-19,23,73.21,1683.83,PO-3268,Purchase Order Receipt,224,247,warehouse1,Transaction processed for WH_100 location,system,2025-11-19
4395,3072,1,Sale,2025-12-09,-11,10.7,117.7,SO-26186,Customer Sale,30,19,warehouse2,Transaction processed for WH_100 location,system,2025-12-09
4396,3021,1,Adjustment,2026-01-02,12,270.38,3244.56,ADJ-4396,Physical Count,81,93,warehouse2,Transaction processed for WH_100 location,system,2026-01-02
4397,1541,2,Adjustment,2026-04-17,-7,132.59,928.13,ADJ-4397,Cycle Count,56,49,warehouse1,Transaction processed for Backup location,system,2026-04-17
4398,1531,1,Receipt,2026-02-21,86,88.81,7637.66,PO-4260,Purchase Order Receipt,99,185,system,Transaction processed for WH_100 location,system,2026-02-21
4399,3022,2,Sale,2025-11-18,-24,352.53,8460.72,SO-45448,Customer Sale,72,48,warehouse2,Transaction processed for Backup location,system,2025-11-18
4400,3102,1,Sale,2026-02-25,-44,173.13,7617.72,SO-60402,Customer Sale,110,66,system,Transaction processed for WH_100 location,system,2026-02-25
4401,3091,2,Receipt,2025-08-04,139,474.69,65981.91,PO-3608,Purchase Order Receipt,161,300,warehouse2,Transaction processed for WH_200 location,system,2025-08-04
4402,3022,2,Transfer,2026-01-20,-44,352.53,15511.32,TRF-9654,Warehouse Transfer,117,73,warehouse1,Transaction processed for Backup location,system,2026-01-20
4403,3103,1,Sale,2026-04-25,-25,180.33,4508.25,SO-61038,Customer Sale,194,169,warehouse1,Transaction processed for WH_100 location,system,2026-04-25
4404,2021,1,Receipt,2025-09-03,138,72.81,10047.78,PO-2542,Purchase Order Receipt,107,245,system,Transaction processed for WH_100 location,system,2025-09-03
4405,3032,1,Transfer,2025-07-06,-11,240.85,2649.35,TRF-9280,Warehouse Transfer,81,70,warehouse2,Transaction processed for WH_100 location,system,2025-07-06
4406,3103,2,Sale,2026-02-10,-35,180.33,6311.55,SO-26630,Customer Sale,50,15,warehouse2,Transaction processed for Backup location,system,2026-02-10
4407,3033,1,Sale,2026-03-29,-8,419.49,3355.92,SO-13261,Customer Sale,18,10,system,Transaction processed for WH_100 location,system,2026-03-29
4408,1522,2,Receipt,2025-12-09,122,157.28,19188.16,PO-1406,Purchase Order Receipt,25,147,system,Transaction processed for Backup location,system,2025-12-09
4409,3052,2,Sale,2025-10-07,-40,115.25,4610.0,SO-31428,Customer Sale,96,56,warehouse1,Transaction processed for Backup location,system,2025-10-07
4410,2041,1,Receipt,2025-12-27,200,44.21,8842.0,PO-1593,Purchase Order Receipt,118,318,system,Transaction processed for WH_100 location,system,2025-12-27
4411,3052,1,Sale,2025-09-09,-38,115.25,4379.5,SO-91039,Customer Sale,62,24,warehouse2,Transaction processed for WH_100 location,system,2025-09-09
4412,1512,1,Sale,2025-12-09,-17,219.21,3726.57,SO-22024,Customer Sale,37,20,warehouse1,Transaction processed for WH_100 location,system,2025-12-09
4413,1561,2,Adjustment,2026-02-05,0,82.06,0.0,ADJ-4413,Physical Count,75,75,warehouse1,Transaction processed for Backup location,system,2026-02-05
4414,3042,2,Receipt,2025-10-09,30,63.19,1895.7,PO-2773,Purchase Order Receipt,131,161,warehouse2,Transaction processed for Backup location,system,2025-10-09
4415,2011,2,Receipt,2025-10-30,120,123.41,14809.2,PO-8740,Purchase Order Receipt,48,168,system,Transaction processed for Backup location,system,2025-10-30
4416,3033,1,Sale,2025-11-06,-11,419.49,4614.39,SO-17939,Customer Sale,25,14,warehouse1,Transaction processed for WH_100 location,system,2025-11-06
4417,1531,1,Sale,2025-09-05,-11,91.09,1001.99,SO-71877,Customer Sale,94,83,warehouse2,Transaction processed for WH_100 location,system,2025-09-05
4418,1523,2,Sale,2025-07-19,-29,54.46,1579.34,SO-19892,Customer Sale,167,138,warehouse2,Transaction processed for WH_200 location,system,2025-07-19
4419,3031,2,Sale,2025-12-01,-7,419.97,2939.79,SO-32710,Customer Sale,7,0,warehouse1,Transaction processed for Backup location,system,2025-12-01
4420,1531,1,Return,2025-12-08,1,72.87,72.87,RET-71702,Customer Return,35,36,warehouse2,Transaction processed for WH_100 location,system,2025-12-08
4421,2022,1,Receipt,2025-09-02,124,35.43,4393.32,PO-3990,Purchase Order Receipt,167,291,warehouse1,Transaction processed for WH_100 location,system,2025-09-02
4422,2051,2,Transfer,2025-11-18,-19,16.44,312.36,TRF-4503,Warehouse Transfer,19,0,warehouse2,Transaction processed for Backup location,system,2025-11-18
4423,2112,1,Sale,2025-09-29,-16,66.6,1065.6,SO-48926,Customer Sale,46,30,warehouse2,Transaction processed for WH_100 location,system,2025-09-29
4424,1532,1,Sale,2026-04-19,-6,67.64,405.84,SO-97008,Customer Sale,179,173,warehouse2,Transaction processed for WH_100 location,system,2026-04-19
4425,3012,2,Sale,2026-01-15,-29,659.11,19114.19,SO-88706,Customer Sale,66,37,warehouse2,Transaction processed for Backup location,system,2026-01-15
4426,1553,1,Receipt,2025-07-23,45,90.94,4092.3,PO-4494,Purchase Order Receipt,237,282,warehouse1,Transaction processed for WH_100 location,system,2025-07-23
4427,1551,2,Sale,2025-08-19,-39,67.04,2614.56,SO-53337,Customer Sale,70,31,system,Transaction processed for Backup location,system,2025-08-19
4428,3071,2,Adjustment,2025-11-23,-20,39.17,783.4,ADJ-4428,Physical Count,39,19,warehouse1,Transaction processed for WH_200 location,system,2025-11-23
4429,1521,1,Sale,2026-02-08,-14,122.8,1719.2,SO-64899,Customer Sale,14,0,warehouse2,Transaction processed for WH_100 location,system,2026-02-08
4430,1531,1,Receipt,2025-09-20,125,88.34,11042.5,PO-7792,Purchase Order Receipt,2,127,system,Transaction processed for WH_100 location,system,2025-09-20
4431,1533,1,Sale,2025-10-30,-22,107.2,2358.4,SO-57509,Customer Sale,56,34,system,Transaction processed for WH_100 location,system,2025-10-30
4432,2051,2,Receipt,2025-11-28,146,16.38,2391.48,PO-4817,Purchase Order Receipt,92,238,system,Transaction processed for Backup location,system,2025-11-28
4433,3102,1,Sale,2026-02-23,-39,173.13,6752.07,SO-31350,Customer Sale,159,120,warehouse2,Transaction processed for WH_100 location,system,2026-02-23
4434,1531,1,Sale,2026-02-22,-5,91.09,455.45,SO-45404,Customer Sale,120,115,system,Transaction processed for WH_100 location,system,2026-02-22
4435,2012,1,Sale,2025-08-08,-19,312.61,5939.59,SO-93590,Customer Sale,136,117,system,Transaction processed for WH_100 location,system,2025-08-08
4436,3042,1,Receipt,2025-09-13,53,65.53,3473.09,PO-1841,Purchase Order Receipt,266,319,system,Transaction processed for WH_100 location,system,2025-09-13
4437,3104,2,Sale,2026-04-24,-33,118.89,3923.37,SO-66851,Customer Sale,149,116,warehouse1,Transaction processed for Backup location,system,2026-04-24
4438,1522,2,Damage,2026-02-24,-10,163.1,1631.0,DMG-4438,Shipping Damage,15,5,warehouse2,Transaction processed for Backup location,system,2026-02-24
4439,3041,2,Receipt,2026-04-22,161,125.06,20134.66,PO-4111,Purchase Order Receipt,112,273,system,Transaction processed for Backup location,system,2026-04-22
4440,1572,3,Sale,2025-11-03,-46,222.59,10239.14,SO-93264,Customer Sale,121,75,warehouse1,Transaction processed for WH_500 location,system,2025-11-03
4441,3041,2,Sale,2026-02-14,-31,127.74,3959.94,SO-26998,Customer Sale,56,25,warehouse2,Transaction processed for Backup location,system,2026-02-14
4442,1521,1,Receipt,2025-08-19,189,120.35,22746.15,PO-4523,Purchase Order Receipt,116,305,system,Transaction processed for WH_100 location,system,2025-08-19
4443,1512,1,Adjustment,2025-08-27,4,219.21,876.84,ADJ-4443,System Correction,74,78,warehouse1,Transaction processed for WH_100 location,system,2025-08-27
4444,1541,2,Return,2025-09-25,5,106.07,530.35,RET-89163,Customer Return,88,93,system,Transaction processed for Backup location,system,2025-09-25
4445,1522,1,Sale,2026-04-19,-44,163.1,7176.4,SO-17891,Customer Sale,122,78,warehouse1,Transaction processed for WH_100 location,system,2026-04-19
4446,2041,1,Receipt,2025-10-11,30,45.49,1364.7,PO-8887,Purchase Order Receipt,64,94,warehouse1,Transaction processed for WH_100 location,system,2025-10-11
4447,3042,2,Sale,2026-04-01,-8,62.54,500.32,SO-48864,Customer Sale,8,0,warehouse1,Transaction processed for Backup location,system,2026-04-01
4448,1542,1,Receipt,2025-09-08,37,92.36,3417.32,PO-4350,Purchase Order Receipt,208,245,warehouse2,Transaction processed for WH_100 location,system,2025-09-08
4449,1551,2,Damage,2026-03-09,-10,67.04,670.4,DMG-4449,Warehouse Damage,28,18,warehouse2,Transaction processed for Backup location,system,2026-03-09
4450,3042,1,Transfer,2025-08-29,-12,62.54,750.48,TRF-2924,Warehouse Transfer,267,255,system,Transaction processed for WH_100 location,system,2025-08-29
4451,3091,2,Sale,2026-01-21,-36,456.94,16449.84,SO-96767,Customer Sale,36,0,warehouse1,Transaction processed for WH_200 location,system,2026-01-21
4452,1522,2,Sale,2025-09-19,-5,163.1,815.5,SO-57653,Customer Sale,22,17,warehouse2,Transaction processed for Backup location,system,2025-09-19
4453,3022,1,Receipt,2026-02-20,132,356.28,47028.96,PO-2580,Purchase Order Receipt,44,176,warehouse2,Transaction processed for WH_100 location,system,2026-02-20
4454,1563,1,Sale,2026-01-02,-16,70.33,1125.28,SO-46248,Customer Sale,49,33,warehouse2,Transaction processed for WH_100 location,system,2026-01-02
4455,2051,2,Transfer,2025-12-19,-28,16.44,460.32,TRF-7757,Warehouse Transfer,49,21,warehouse2,Transaction processed for Backup location,system,2025-12-19
4456,1541,2,Sale,2026-01-24,-1,132.59,132.59,SO-48988,Customer Sale,1,0,warehouse1,Transaction processed for Backup location,system,2026-01-24
4457,3022,2,Sale,2026-04-29,-11,352.53,3877.83,SO-72001,Customer Sale,98,87,system,Transaction processed for Backup location,system,2026-04-29
4458,3053,1,Sale,2025-12-21,-49,180.15,8827.35,SO-66129,Customer Sale,184,135,system,Transaction processed for WH_100 location,system,2025-12-21
4459,1551,1,Adjustment,2026-02-14,-12,67.04,804.48,ADJ-4459,System Correction,42,30,warehouse1,Transaction processed for WH_100 location,system,2026-02-14
4460,1541,2,Sale,2025-08-12,-2,132.59,265.18,SO-42799,Customer Sale,105,103,system,Transaction processed for Backup location,system,2025-08-12
4461,3092,1,Sale,2025-10-08,-49,540.11,26465.39,SO-61109,Customer Sale,363,314,warehouse2,Transaction processed for WH_100 location,system,2025-10-08
4462,2081,2,Transfer,2026-04-10,-26,25.3,657.8,TRF-2468,Warehouse Transfer,65,39,warehouse2,Transaction processed for WH_200 location,system,2026-04-10
4463,2011,1,Return,2025-11-15,5,99.71,498.55,RET-80693,Customer Return,65,70,system,Transaction processed for WH_100 location,system,2025-11-15
4464,1551,2,Receipt,2025-11-26,100,68.81,6881.0,PO-6606,Purchase Order Receipt,6,106,warehouse1,Transaction processed for Backup location,system,2025-11-26
4465,3103,1,Return,2025-11-11,5,144.26,721.3,RET-79186,Customer Return,92,97,warehouse1,Transaction processed for WH_100 location,system,2025-11-11
4466,2011,1,Transfer,2025-09-01,-16,124.64,1994.24,TRF-6604,Warehouse Transfer,67,51,system,Transaction processed for WH_100 location,system,2025-09-01
4467,2012,2,Sale,2026-02-17,-13,312.61,4063.93,SO-39118,Customer Sale,13,0,warehouse2,Transaction processed for Backup location,system,2026-02-17
4468,3062,3,Receipt,2025-10-03,164,89.62,14697.68,PO-7374,Purchase Order Receipt,32,196,warehouse1,Transaction processed for WH_500 location,system,2025-10-03
4469,3061,1,Receipt,2025-12-19,115,148.59,17087.85,PO-2743,Purchase Order Receipt,51,166,system,Transaction processed for WH_100 location,system,2025-12-19
4470,1531,2,Receipt,2026-03-30,166,93.87,15582.42,PO-5972,Purchase Order Receipt,96,262,warehouse1,Transaction processed for Backup location,system,2026-03-30
4471,2012,1,Adjustment,2025-09-09,13,312.61,4063.93,ADJ-4471,Cycle Count,46,59,warehouse2,Transaction processed for WH_100 location,system,2025-09-09
4472,1553,1,Receipt,2025-12-30,80,90.99,7279.2,PO-7752,Purchase Order Receipt,110,190,system,Transaction processed for WH_100 location,system,2025-12-30
4473,3022,1,Receipt,2025-11-12,163,346.23,56435.49,PO-3225,Purchase Order Receipt,138,301,warehouse1,Transaction processed for WH_100 location,system,2025-11-12
4474,2112,1,Damage,2026-03-31,-4,66.6,266.4,DMG-4474,Quality Issue,179,175,system,Transaction processed for WH_100 location,system,2026-03-31
4475,3041,2,Receipt,2026-04-10,101,130.99,13229.99,PO-7761,Purchase Order Receipt,84,185,warehouse1,Transaction processed for Backup location,system,2026-04-10
4476,3092,1,Sale,2026-02-24,-29,540.11,15663.19,SO-64062,Customer Sale,320,291,warehouse1,Transaction processed for WH_100 location,system,2026-02-24
4477,1521,1,Sale,2025-07-24,-22,122.8,2701.6,SO-29985,Customer Sale,79,57,system,Transaction processed for WH_100 location,system,2025-07-24
4478,3032,1,Transfer,2026-03-12,-35,240.85,8429.75,TRF-9591,Warehouse Transfer,63,28,system,Transaction processed for WH_100 location,system,2026-03-12
4479,1571,1,Damage,2026-04-17,-8,109.65,877.2,DMG-4479,Quality Issue,278,270,system,Transaction processed for WH_100 location,system,2026-04-17
4480,3104,2,Sale,2025-08-10,-3,118.89,356.67,SO-55133,Customer Sale,66,63,warehouse2,Transaction processed for WH_200 location,system,2025-08-10
4481,2061,1,Sale,2025-10-26,-33,25.72,848.76,SO-90138,Customer Sale,97,64,system,Transaction processed for WH_100 location,system,2025-10-26
4482,3101,1,Receipt,2025-12-12,142,110.92,15750.64,PO-1845,Purchase Order Receipt,43,185,system,Transaction processed for WH_100 location,system,2025-12-12
4483,3101,1,Transfer,2026-04-09,-42,114.44,4806.48,TRF-8872,Warehouse Transfer,62,20,system,Transaction processed for WH_100 location,system,2026-04-09
4484,2012,1,Sale,2025-09-26,-12,312.61,3751.32,SO-17854,Customer Sale,117,105,system,Transaction processed for WH_100 location,system,2025-09-26
4485,1561,1,Sale,2025-09-01,-20,82.06,1641.2,SO-47066,Customer Sale,30,10,warehouse2,Transaction processed for WH_100 location,system,2025-09-01
4486,1551,2,Damage,2026-02-02,-1,67.04,67.04,DMG-4486,Warehouse Damage,6,5,system,Transaction processed for Backup location,system,2026-02-02
4487,1542,1,Sale,2025-07-23,-16,90.83,1453.28,SO-95037,Customer Sale,105,89,warehouse1,Transaction processed for WH_100 location,system,2025-07-23
4488,1551,1,Sale,2026-04-13,-32,67.04,2145.28,SO-91941,Customer Sale,46,14,warehouse1,Transaction processed for WH_100 location,system,2026-04-13
4489,3022,2,Sale,2025-11-28,-34,352.53,11986.02,SO-29363,Customer Sale,34,0,warehouse2,Transaction processed for Backup location,system,2025-11-28
4490,2031,1,Adjustment,2025-07-30,19,23.04,437.76,ADJ-4490,System Correction,138,157,warehouse2,Transaction processed for WH_100 location,system,2025-07-30
4491,2051,2,Sale,2026-02-19,-34,16.44,558.96,SO-15759,Customer Sale,45,11,warehouse2,Transaction processed for Backup location,system,2026-02-19
4492,3104,2,Sale,2025-07-03,-32,118.89,3804.48,SO-73694,Customer Sale,51,19,warehouse2,Transaction processed for Backup location,system,2025-07-03
4493,1553,1,Receipt,2026-01-07,52,89.75,4667.0,PO-6939,Purchase Order Receipt,181,233,warehouse1,Transaction processed for WH_100 location,system,2026-01-07
4494,1512,1,Sale,2026-04-04,-11,219.21,2411.31,SO-10057,Customer Sale,69,58,warehouse2,Transaction processed for WH_100 location,system,2026-04-04
4495,3031,3,Sale,2025-07-15,-7,419.97,2939.79,SO-81613,Customer Sale,36,29,warehouse1,Transaction processed for WH_500 location,system,2025-07-15
4496,3103,1,Receipt,2025-08-10,83,189.27,15709.41,PO-2146,Purchase Order Receipt,137,220,warehouse1,Transaction processed for WH_100 location,system,2025-08-10
4497,1562,1,Receipt,2025-08-11,108,122.83,13265.64,PO-8319,Purchase Order Receipt,17,125,system,Transaction processed for WH_100 location,system,2025-08-11
4498,3092,1,Return,2026-04-29,5,432.09,2160.45,RET-84137,Customer Return,346,351,system,Transaction processed for WH_100 location,system,2026-04-29
4499,3052,1,Transfer,2025-07-20,-1,115.25,115.25,TRF-1098,Warehouse Transfer,1,0,warehouse2,Transaction processed for WH_100 location,system,2025-07-20
4500,2021,1,Adjustment,2026-03-21,4,71.31,285.24,ADJ-4500,Physical Count,212,216,system,Transaction processed for WH_100 location,system,2026-03-21
4501,1553,2,Sale,2026-04-29,-4,91.38,365.52,SO-54066,Customer Sale,9,5,warehouse1,Transaction processed for Backup location,system,2026-04-29
4502,3104,2,Sale,2025-09-25,-12,118.89,1426.68,SO-31601,Customer Sale,12,0,warehouse2,Transaction processed for Backup location,system,2025-09-25
4503,3082,1,Sale,2025-09-19,-35,84.82,2968.7,SO-90253,Customer Sale,86,51,system,Transaction processed for WH_100 location,system,2025-09-19
4504,2112,1,Sale,2026-04-20,-17,66.6,1132.2,SO-50444,Customer Sale,56,39,system,Transaction processed for WH_100 location,system,2026-04-20
4505,1572,3,Damage,2026-02-23,-4,222.59,890.36,DMG-4505,Shipping Damage,261,257,warehouse2,Transaction processed for WH_500 location,system,2026-02-23
4506,3061,1,Sale,2025-12-19,-12,151.7,1820.4,SO-82251,Customer Sale,78,66,warehouse1,Transaction processed for WH_100 location,system,2025-12-19
4507,1561,1,Return,2025-12-23,5,65.65,328.25,RET-26908,Customer Return,36,41,system,Transaction processed for WH_100 location,system,2025-12-23
4508,3072,1,Transfer,2025-11-12,-49,10.7,524.3,TRF-2031,Warehouse Transfer,197,148,system,Transaction processed for WH_100 location,system,2025-11-12
4509,3011,1,Damage,2025-09-22,-10,968.68,9686.8,DMG-4509,Quality Issue,240,230,warehouse1,Transaction processed for WH_100 location,system,2025-09-22
4510,3022,1,Receipt,2025-09-22,129,342.65,44201.85,PO-3282,Purchase Order Receipt,47,176,warehouse1,Transaction processed for WH_100 location,system,2025-09-22
4511,2081,2,Sale,2025-08-14,-28,25.3,708.4,SO-41250,Customer Sale,156,128,warehouse1,Transaction processed for WH_200 location,system,2025-08-14
4512,3103,2,Sale,2025-08-07,-42,180.33,7573.86,SO-13546,Customer Sale,42,0,warehouse2,Transaction processed for Backup location,system,2025-08-07
4513,3032,1,Sale,2025-10-10,-49,240.85,11801.65,SO-92206,Customer Sale,85,36,system,Transaction processed for WH_100 location,system,2025-10-10
4514,3033,1,Receipt,2025-10-05,113,406.03,45881.39,PO-1264,Purchase Order Receipt,144,257,warehouse2,Transaction processed for WH_100 location,system,2025-10-05
4515,3062,3,Receipt,2026-02-20,42,89.1,3742.2,PO-3209,Purchase Order Receipt,93,135,system,Transaction processed for WH_500 location,system,2026-02-20
4516,3012,1,Sale,2026-03-12,-31,659.11,20432.41,SO-13092,Customer Sale,151,120,system,Transaction processed for WH_100 location,system,2026-03-12
4517,1551,1,Sale,2026-02-17,-8,67.04,536.32,SO-18003,Customer Sale,90,82,warehouse2,Transaction processed for WH_100 location,system,2026-02-17
4518,2101,2,Receipt,2025-12-22,85,13.54,1150.9,PO-9966,Purchase Order Receipt,71,156,system,Transaction processed for WH_200 location,system,2025-12-22
4519,2121,1,Sale,2026-01-28,-26,31.62,822.12,SO-90803,Customer Sale,113,87,warehouse1,Transaction processed for WH_100 location,system,2026-01-28
4520,3022,1,Damage,2025-10-17,-4,352.53,1410.12,DMG-4520,Quality Issue,70,66,warehouse1,Transaction processed for WH_100 location,system,2025-10-17
4521,1542,1,Adjustment,2025-08-11,19,90.83,1725.77,ADJ-4521,Physical Count,211,230,warehouse1,Transaction processed for WH_100 location,system,2025-08-11
4522,2111,2,Return,2026-04-07,2,114.08,228.16,RET-46511,Customer Return,91,93,system,Transaction processed for WH_200 location,system,2026-04-07
4523,2022,1,Adjustment,2026-04-16,2,36.37,72.74,ADJ-4523,Cycle Count,82,84,warehouse2,Transaction processed for WH_100 location,system,2026-04-16
4524,3071,2,Transfer,2025-11-16,-17,39.17,665.89,TRF-6269,Warehouse Transfer,84,67,system,Transaction processed for WH_200 location,system,2025-11-16
4525,3062,3,Receipt,2025-11-03,92,87.67,8065.64,PO-6081,Purchase Order Receipt,53,145,warehouse2,Transaction processed for WH_500 location,system,2025-11-03
4526,2121,1,Sale,2026-04-20,-15,31.62,474.3,SO-56845,Customer Sale,22,7,warehouse1,Transaction processed for WH_100 location,system,2026-04-20
4527,1563,1,Receipt,2025-07-19,173,67.17,11620.41,PO-8977,Purchase Order Receipt,34,207,warehouse1,Transaction processed for WH_100 location,system,2025-07-19
4528,3104,2,Sale,2025-07-06,-5,118.89,594.45,SO-47302,Customer Sale,67,62,warehouse2,Transaction processed for WH_200 location,system,2025-07-06
4529,1542,1,Adjustment,2025-10-03,-10,90.83,908.3,ADJ-4529,System Correction,51,41,warehouse2,Transaction processed for WH_100 location,system,2025-10-03
4530,3102,1,Damage,2025-10-27,-7,173.13,1211.91,DMG-4530,Shipping Damage,90,83,warehouse1,Transaction processed for WH_100 location,system,2025-10-27
4531,3052,1,Adjustment,2025-10-03,8,115.25,922.0,ADJ-4531,Physical Count,3,11,warehouse1,Transaction processed for WH_100 location,system,2025-10-03
4532,1563,1,Return,2026-01-09,5,56.26,281.3,RET-79376,Customer Return,96,101,warehouse2,Transaction processed for WH_100 location,system,2026-01-09
4533,1522,1,Receipt,2025-07-09,38,165.87,6303.06,PO-7031,Purchase Order Receipt,133,171,warehouse1,Transaction processed for WH_100 location,system,2025-07-09
4534,3062,3,Receipt,2025-10-11,180,89.02,16023.6,PO-8818,Purchase Order Receipt,27,207,system,Transaction processed for WH_500 location,system,2025-10-11
4535,3092,1,Sale,2025-10-26,-14,540.11,7561.54,SO-58660,Customer Sale,175,161,system,Transaction processed for WH_100 location,system,2025-10-26
4536,3091,2,Sale,2026-01-26,-23,456.94,10509.62,SO-58259,Customer Sale,82,59,system,Transaction processed for Backup location,system,2026-01-26
4537,3104,2,Receipt,2026-04-10,104,122.68,12758.72,PO-6749,Purchase Order Receipt,185,289,warehouse2,Transaction processed for WH_200 location,system,2026-04-10
4538,1561,2,Receipt,2025-11-10,88,81.93,7209.84,PO-3983,Purchase Order Receipt,22,110,warehouse1,Transaction processed for Backup location,system,2025-11-10
4539,3051,1,Sale,2026-04-11,-13,226.49,2944.37,SO-13153,Customer Sale,13,0,warehouse1,Transaction processed for WH_100 location,system,2026-04-11
4540,2111,2,Sale,2025-07-21,-19,142.6,2709.4,SO-75458,Customer Sale,109,90,warehouse1,Transaction processed for WH_200 location,system,2025-07-21
4541,3011,1,Receipt,2025-07-20,63,926.57,58373.91,PO-1267,Purchase Order Receipt,255,318,warehouse2,Transaction processed for WH_100 location,system,2025-07-20
4542,3081,1,Return,2025-08-07,2,46.53,93.06,RET-15965,Customer Return,108,110,system,Transaction processed for WH_100 location,system,2025-08-07
4543,1581,1,Sale,2026-04-04,-14,48.56,679.84,SO-54436,Customer Sale,38,24,warehouse2,Transaction processed for WH_100 location,system,2026-04-04
4544,3012,2,Sale,2026-01-07,-18,659.11,11863.98,SO-42416,Customer Sale,18,0,system,Transaction processed for Backup location,system,2026-01-07
4545,1572,3,Transfer,2025-12-28,-40,222.59,8903.6,TRF-6044,Warehouse Transfer,240,200,warehouse1,Transaction processed for WH_500 location,system,2025-12-28
