PaymentID,InvoiceID,CustomerID,PaymentDate,PaymentAmount,PaymentMethod,PaymentStatus,CreatedBy
PAY-1ff0e1c7-9341-4bea-bbc7-2c1614a3579d,INV-1ff0e1c7-9341-4bea-bbc7-2c1614a3579d,CID-001,2026-04-19,1413.72,AmEx,Completed,SampleGen
PAY-d0d49952-19bb-4f3b-b25e-50263ed4fe4a,INV-d0d49952-19bb-4f3b-b25e-50263ed4fe4a,CID-001,2026-04-13,1087.48,VISA,Completed,SampleGen
PAY-9c47bc32-dc62-4a88-9973-eca4f0c52d9a,INV-9c47bc32-dc62-4a88-9973-eca4f0c52d9a,CID-001,2025-10-20,652.48,VISA,Completed,SampleGen
PAY-35dd7d41-f903-4975-855f-b76a4961198f,INV-35dd7d41-f903-4975-855f-b76a4961198f,CID-001,2025-05-03,1674.71,VISA,Completed,SampleGen
PAY-b81c7480-f922-4631-a5de-e8f038767fea,INV-b81c7480-f922-4631-a5de-e8f038767fea,CID-001,2026-02-01,434.99,VISA,Completed,SampleGen
PAY-632ae17e-ed03-4fe3-a40f-7b146fb669ba,INV-632ae17e-ed03-4fe3-a40f-7b146fb669ba,CID-001,2025-03-28,413.23,PayPal,Completed,SampleGen
PAY-b8f8df27-9245-4aec-a590-2401d259c0cc,INV-b8f8df27-9245-4aec-a590-2401d259c0cc,CID-001,2026-04-25,543.71,PayPal,Completed,SampleGen
PAY-cf51aeec-f429-423d-9645-e45961621f57,INV-cf51aeec-f429-423d-9645-e45961621f57,CID-002,2025-03-22,347.98,MC,Completed,SampleGen
PAY-e1451e25-543c-400d-8551-0c4d4037e4fa,INV-e1451e25-543c-400d-8551-0c4d4037e4fa,CID-003,2026-04-10,1674.71,VISA,Completed,SampleGen
PAY-f18d19d9-eb42-4676-b587-69a26e8619fb,INV-f18d19d9-eb42-4676-b587-69a26e8619fb,CID-003,2025-05-29,413.23,MC,Completed,SampleGen
PAY-96aa80d4-0f0f-4a51-9aac-7bb72cb15588,INV-96aa80d4-0f0f-4a51-9aac-7bb72cb15588,CID-003,2026-01-10,2022.7,VISA,Completed,SampleGen
PAY-09b282d0-a76c-4644-b923-c4b0c7109082,INV-09b282d0-a76c-4644-b923-c4b0c7109082,CID-004,2025-02-05,1642.09,PayPal,Completed,SampleGen
PAY-71b57c72-43c3-412a-87de-61ca8129c5ea,INV-71b57c72-43c3-412a-87de-61ca8129c5ea,CID-005,2025-05-03,924.34,AmEx,Completed,SampleGen
PAY-e041dbad-4b69-4785-8aec-84f444d49e22,INV-e041dbad-4b69-4785-8aec-84f444d49e22,CID-005,2025-09-01,782.96,PayPal,Completed,SampleGen
PAY-11f370a2-0833-427b-af7f-707f2410d658,INV-11f370a2-0833-427b-af7f-707f2410d658,CID-005,2026-01-07,2251.08,AmEx,Completed,SampleGen
PAY-1b44a401-408f-4c8b-94e4-c5f50473be86,INV-1b44a401-408f-4c8b-94e4-c5f50473be86,CID-005,2025-08-22,2109.69,AmEx,Completed,SampleGen
PAY-bdf1d080-aec8-4015-b441-082bbb385c3c,INV-bdf1d080-aec8-4015-b441-082bbb385c3c,CID-006,2025-07-28,630.74,PayPal,Completed,SampleGen
PAY-6840b586-8f48-4262-a8ff-a689c0ef366b,INV-6840b586-8f48-4262-a8ff-a689c0ef366b,CID-006,2025-07-18,2425.07,VISA,Completed,SampleGen
PAY-82f0ca5b-bb77-4600-b3b4-4b1c026ffcdb,INV-82f0ca5b-bb77-4600-b3b4-4b1c026ffcdb,CID-006,2025-12-06,5654.96,AmEx,Completed,SampleGen
PAY-54aabde2-0bd8-46a3-9f65-7d4fc3849009,INV-54aabde2-0bd8-46a3-9f65-7d4fc3849009,CID-006,2026-03-21,260.98,VISA,Completed,SampleGen
PAY-fba7ecd0-14ed-43ac-88ad-f79969f4e078,INV-fba7ecd0-14ed-43ac-88ad-f79969f4e078,CID-006,2025-06-04,543.72,PayPal,Completed,SampleGen
PAY-a7644792-f700-4a5c-8b78-b1be607f02f9,INV-a7644792-f700-4a5c-8b78-b1be607f02f9,CID-007,2026-03-03,1152.7,MC,Completed,SampleGen
PAY-87a3fec1-7421-4581-b93c-98509835f0cc,INV-87a3fec1-7421-4581-b93c-98509835f0cc,CID-007,2025-03-21,1076.56,VISA,Completed,SampleGen
PAY-3d7543fc-09b2-41be-8906-bda3fc26b9d4,INV-3d7543fc-09b2-41be-8906-bda3fc26b9d4,CID-008,2026-01-10,2718.69,AmEx,Completed,SampleGen
PAY-9a5f70f1-6085-4906-88e3-1f3c8c3fb44e,INV-9a5f70f1-6085-4906-88e3-1f3c8c3fb44e,CID-008,2025-10-03,326.23,AmEx,Completed,SampleGen
PAY-7dbf57d3-31f2-4081-b805-e942f195843b,INV-7dbf57d3-31f2-4081-b805-e942f195843b,CID-008,2025-03-21,1739.98,AmEx,Completed,SampleGen
PAY-ed432469-93e9-410a-b9c7-ba8381dbf3db,INV-ed432469-93e9-410a-b9c7-ba8381dbf3db,CID-009,2025-09-08,326.23,AmEx,Completed,SampleGen
PAY-82fa23be-99ad-4dec-91bb-f15fcc84dfca,INV-82fa23be-99ad-4dec-91bb-f15fcc84dfca,CID-009,2025-06-17,2381.57,PayPal,Completed,SampleGen
PAY-fd3dfd1f-37ce-43c9-a13d-d7953a480048,INV-fd3dfd1f-37ce-43c9-a13d-d7953a480048,CID-010,2025-07-16,347.97,PayPal,Completed,SampleGen
PAY-3d3f1ad8-29aa-4b33-b728-c5aa3c7e3576,INV-3d3f1ad8-29aa-4b33-b728-c5aa3c7e3576,CID-010,2025-08-17,869.99,VISA,Completed,SampleGen
PAY-aa361c82-edee-45f9-bddd-d8cccad75166,INV-aa361c82-edee-45f9-bddd-d8cccad75166,CID-010,2025-03-22,2653.45,VISA,Completed,SampleGen
PAY-489e19a2-cce7-44cf-bc6f-dbac2fb451ef,INV-489e19a2-cce7-44cf-bc6f-dbac2fb451ef,CID-010,2025-02-27,217.48,Discover,Completed,SampleGen
PAY-c8e84ef4-1713-4d4d-a0ac-dc09541bb3d8,INV-c8e84ef4-1713-4d4d-a0ac-dc09541bb3d8,CID-010,2025-08-14,1207.08,PayPal,Completed,SampleGen
PAY-006a4cf6-e4ef-4796-a99a-48f5e2ee0d70,INV-006a4cf6-e4ef-4796-a99a-48f5e2ee0d70,CID-010,2025-09-24,1359.34,MC,Completed,SampleGen
PAY-076374ff-5de2-4c6e-9cad-2adf1932fcbe,INV-076374ff-5de2-4c6e-9cad-2adf1932fcbe,CID-010,2025-02-06,2392.44,VISA,Completed,SampleGen
PAY-92be24a7-f2b4-4cca-a73a-dab34cf0f94a,INV-92be24a7-f2b4-4cca-a73a-dab34cf0f94a,CID-010,2026-01-15,3153.69,PayPal,Completed,SampleGen
PAY-bea0dead-b824-43a8-8606-1e77483a0e67,INV-bea0dead-b824-43a8-8606-1e77483a0e67,CID-010,2026-03-31,2381.57,MC,Completed,SampleGen
PAY-f666b866-40c0-4092-b914-1258c7e2caa7,INV-f666b866-40c0-4092-b914-1258c7e2caa7,CID-011,2026-04-22,902.57,MC,Completed,SampleGen
PAY-296171f1-5542-4511-85c1-86842a33a7cb,INV-296171f1-5542-4511-85c1-86842a33a7cb,CID-011,2026-04-03,2936.2,Discover,Completed,SampleGen
PAY-544214bf-fe37-45fe-8de6-d499c9b1f998,INV-544214bf-fe37-45fe-8de6-d499c9b1f998,CID-011,2025-11-02,1957.44,Discover,Completed,SampleGen
PAY-58899a2f-e5bc-46cb-81e3-3c33ce8423b3,INV-58899a2f-e5bc-46cb-81e3-3c33ce8423b3,CID-011,2025-04-15,2120.59,MC,Completed,SampleGen
PAY-5f34dfab-8476-4eb6-a41a-57a5f5cf54ba,INV-5f34dfab-8476-4eb6-a41a-57a5f5cf54ba,CID-012,2025-12-21,2609.96,Discover,Completed,SampleGen
PAY-a79173a5-4450-4f2d-9c4e-a7bac4b423b3,INV-a79173a5-4450-4f2d-9c4e-a7bac4b423b3,CID-012,2025-06-30,2740.43,AmEx,Completed,SampleGen
PAY-ad257c07-08be-4196-8b10-dd79f4318e8e,INV-ad257c07-08be-4196-8b10-dd79f4318e8e,CID-013,2025-05-14,2077.08,Discover,Completed,SampleGen
PAY-b703b7a4-2eee-47a3-ba44-73fcdc1210a6,INV-b703b7a4-2eee-47a3-ba44-73fcdc1210a6,CID-013,2025-03-09,282.73,VISA,Completed,SampleGen
PAY-1944e374-b249-4dad-8640-ddfb51cde03f,INV-1944e374-b249-4dad-8640-ddfb51cde03f,CID-014,2025-11-18,2566.43,VISA,Completed,SampleGen
PAY-7f8a8552-722b-4b70-a919-e397ee3f6852,INV-7f8a8552-722b-4b70-a919-e397ee3f6852,CID-014,2025-04-22,619.84,VISA,Completed,SampleGen
PAY-cc6f1981-c5cf-476b-b8cc-c395f5747ad2,INV-cc6f1981-c5cf-476b-b8cc-c395f5747ad2,CID-015,2025-04-21,1739.94,VISA,Completed,SampleGen
PAY-c72c9a6f-8733-45f2-b251-c258a36241b4,INV-c72c9a6f-8733-45f2-b251-c258a36241b4,CID-016,2026-01-24,630.74,MC,Completed,SampleGen
PAY-c62388ae-78e2-45fc-92ab-5f33bf296ca3,INV-c62388ae-78e2-45fc-92ab-5f33bf296ca3,CID-016,2026-04-25,347.98,VISA,Completed,SampleGen
PAY-21368cb6-886d-4d5e-a3eb-39a432bf8e69,INV-21368cb6-886d-4d5e-a3eb-39a432bf8e69,CID-017,2025-04-01,1272.32,VISA,Completed,SampleGen
PAY-6a3c05b5-20d2-4767-87df-06ef049dd529,INV-6a3c05b5-20d2-4767-87df-06ef049dd529,CID-017,2025-02-27,598.11,MC,Completed,SampleGen
PAY-b95f84c7-c8c0-4306-8456-dc1f7bd0de5e,INV-b95f84c7-c8c0-4306-8456-dc1f7bd0de5e,CID-017,2025-02-18,2044.44,AmEx,Completed,SampleGen
PAY-9d26ccb0-d393-475f-aad2-58ae8a68e8c2,INV-9d26ccb0-d393-475f-aad2-58ae8a68e8c2,CID-017,2025-03-23,326.24,AmEx,Completed,SampleGen
PAY-3c7fe5a8-24bc-4744-9807-225f4849d391,INV-3c7fe5a8-24bc-4744-9807-225f4849d391,CID-017,2025-11-14,1805.19,Discover,Completed,SampleGen
PAY-4a644306-dd63-4f88-b8ca-e41deb047669,INV-4a644306-dd63-4f88-b8ca-e41deb047669,CID-018,2025-09-13,1185.31,VISA,Completed,SampleGen
PAY-15b7ce0d-5292-4cb3-b62a-b93a3f61726a,INV-15b7ce0d-5292-4cb3-b62a-b93a3f61726a,CID-018,2025-12-01,978.71,MC,Completed,SampleGen
PAY-c946f4a8-8f1f-424d-b377-feb85b6e355a,INV-c946f4a8-8f1f-424d-b377-feb85b6e355a,CID-018,2025-01-07,630.74,MC,Completed,SampleGen
PAY-78ece01d-21e5-4e62-bfa3-bb9291575199,INV-78ece01d-21e5-4e62-bfa3-bb9291575199,CID-018,2025-05-01,1261.48,MC,Completed,SampleGen
PAY-d5351d9b-ea15-48f9-9ad7-7b49d7968767,INV-d5351d9b-ea15-48f9-9ad7-7b49d7968767,CID-019,2025-10-07,2283.72,PayPal,Completed,SampleGen
PAY-855dc20e-d975-4d04-9cc4-3d595a9bf42a,INV-855dc20e-d975-4d04-9cc4-3d595a9bf42a,CID-019,2025-06-21,1522.47,PayPal,Completed,SampleGen
PAY-cd30b248-20eb-4471-b181-ac4e19c33823,INV-cd30b248-20eb-4471-b181-ac4e19c33823,CID-019,2025-01-02,3099.32,MC,Completed,SampleGen
PAY-ce32fae4-7fd9-473d-8169-df4ea7ec93df,INV-ce32fae4-7fd9-473d-8169-df4ea7ec93df,CID-019,2026-03-18,1805.2,VISA,Completed,SampleGen
PAY-154ae439-95f6-4d4b-bc43-8b8e6be81577,INV-154ae439-95f6-4d4b-bc43-8b8e6be81577,CID-019,2025-10-09,5698.43,MC,Completed,SampleGen
PAY-3befbe64-8037-45f5-8d02-6abb1b959b79,INV-3befbe64-8037-45f5-8d02-6abb1b959b79,CID-019,2026-02-23,4948.07,Discover,Completed,SampleGen
PAY-053b1f15-a58b-4918-b766-10440c4445ea,INV-053b1f15-a58b-4918-b766-10440c4445ea,CID-019,2025-06-28,804.72,AmEx,Completed,SampleGen
PAY-17c5f279-6677-4e69-bfa2-a1ef0aeb0f32,INV-17c5f279-6677-4e69-bfa2-a1ef0aeb0f32,CID-020,2025-06-19,3512.56,VISA,Completed,SampleGen
PAY-5b4adfe0-3668-43f4-b871-8db17da656fa,INV-5b4adfe0-3668-43f4-b871-8db17da656fa,CID-020,2025-04-19,1968.34,VISA,Completed,SampleGen
PAY-7532d45f-77ef-4b65-81b4-f41fa2b54619,INV-7532d45f-77ef-4b65-81b4-f41fa2b54619,CID-020,2026-03-08,2066.19,VISA,Completed,SampleGen
PAY-64cbe755-af4c-4a88-af88-9f5ab0b870af,INV-64cbe755-af4c-4a88-af88-9f5ab0b870af,CID-020,2025-01-14,206.61,PayPal,Completed,SampleGen
PAY-895a3376-e3c0-4418-996f-2fb164b55e1b,INV-895a3376-e3c0-4418-996f-2fb164b55e1b,CID-020,2025-11-16,706.86,MC,Completed,SampleGen
PAY-67b6cced-8e9b-4933-97d5-b7e84fbfeb14,INV-67b6cced-8e9b-4933-97d5-b7e84fbfeb14,CID-021,2025-05-19,1130.96,MC,Completed,SampleGen
PAY-89061b25-331b-4a5b-9f4c-963e990ec976,INV-89061b25-331b-4a5b-9f4c-963e990ec976,CID-021,2025-12-11,946.09,VISA,Completed,SampleGen
PAY-8a046e66-7c9a-44c0-8a90-5bcfabeb1442,INV-8a046e66-7c9a-44c0-8a90-5bcfabeb1442,CID-022,2025-09-14,1642.07,AmEx,Completed,SampleGen
PAY-f674a602-c360-4be7-96a8-01446a411f67,INV-f674a602-c360-4be7-96a8-01446a411f67,CID-022,2025-11-24,2512.07,VISA,Completed,SampleGen
PAY-f8a7d971-9dc8-40a6-8e78-6dadf453a970,INV-f8a7d971-9dc8-40a6-8e78-6dadf453a970,CID-023,2025-10-24,1261.48,VISA,Completed,SampleGen
PAY-d09d98be-e9e1-4a68-8bd8-f27ff56a7d1e,INV-d09d98be-e9e1-4a68-8bd8-f27ff56a7d1e,CID-023,2025-06-28,86.99,MC,Completed,SampleGen
PAY-dc617b9e-f0fb-40dd-9926-fbc469e66d30,INV-dc617b9e-f0fb-40dd-9926-fbc469e66d30,CID-023,2026-04-26,380.61,MC,Completed,SampleGen
PAY-dbe48211-f527-4841-a929-4280fad93788,INV-dbe48211-f527-4841-a929-4280fad93788,CID-023,2025-08-13,130.49,AmEx,Completed,SampleGen
PAY-5bc1e6b1-b5a5-45f4-94b4-eb8f9c075a3b,INV-5bc1e6b1-b5a5-45f4-94b4-eb8f9c075a3b,CID-023,2025-02-18,2555.58,AmEx,Completed,SampleGen
PAY-88b5584d-1575-4449-b0a6-945a58c57e09,INV-88b5584d-1575-4449-b0a6-945a58c57e09,CID-023,2026-02-04,1794.34,AmEx,Completed,SampleGen
PAY-135474ce-1530-468b-bc27-8007a07a39ec,INV-135474ce-1530-468b-bc27-8007a07a39ec,CID-023,2025-02-08,2588.22,MC,Completed,SampleGen
PAY-76584d8b-c1f8-4aab-868f-db7bb9cfc75e,INV-76584d8b-c1f8-4aab-868f-db7bb9cfc75e,CID-024,2025-08-25,326.24,Discover,Completed,SampleGen
PAY-fd6a60f3-7e52-4046-91ff-4ef1f1d63eef,INV-fd6a60f3-7e52-4046-91ff-4ef1f1d63eef,CID-024,2026-04-18,913.46,VISA,Completed,SampleGen
PAY-7a8ff8b9-3259-4c47-8b4e-c80a65b15f97,INV-7a8ff8b9-3259-4c47-8b4e-c80a65b15f97,CID-025,2025-02-14,598.11,Discover,Completed,SampleGen
PAY-ce140957-d8c2-4526-ab86-cfd243504801,INV-ce140957-d8c2-4526-ab86-cfd243504801,CID-026,2026-02-17,3327.68,Discover,Completed,SampleGen
PAY-74414f65-3b91-4928-85c2-e7089068165c,INV-74414f65-3b91-4928-85c2-e7089068165c,CID-026,2025-09-02,1261.48,PayPal,Completed,SampleGen
PAY-2003505a-3922-49e7-bac3-843700be346f,INV-2003505a-3922-49e7-bac3-843700be346f,CID-026,2025-08-13,16.3,AmEx,Completed,SampleGen
PAY-7038dd1f-1a0d-4d7c-9da3-bc211b6b9d5b,INV-7038dd1f-1a0d-4d7c-9da3-bc211b6b9d5b,CID-026,2025-06-19,173.98,Discover,Completed,SampleGen
PAY-edf3ddaf-8a51-498f-a218-6b950957c60e,INV-edf3ddaf-8a51-498f-a218-6b950957c60e,CID-026,2026-01-07,4186.81,AmEx,Completed,SampleGen
PAY-07bcbda1-044a-4f72-9cd4-34b8e809cc57,INV-07bcbda1-044a-4f72-9cd4-34b8e809cc57,CID-027,2026-02-08,1478.95,VISA,Completed,SampleGen
PAY-9eccb74e-8da0-4821-9932-cb8e364fc443,INV-9eccb74e-8da0-4821-9932-cb8e364fc443,CID-028,2025-05-22,2098.81,PayPal,Completed,SampleGen
PAY-726237f5-0050-4e53-a878-6287bc5dfcde,INV-726237f5-0050-4e53-a878-6287bc5dfcde,CID-028,2025-09-06,260.98,AmEx,Completed,SampleGen
PAY-bc86297c-7f3b-4cd9-9c2e-18c9d73a0de6,INV-bc86297c-7f3b-4cd9-9c2e-18c9d73a0de6,CID-028,2025-10-05,1261.48,MC,Completed,SampleGen
PAY-a4ce994d-50a9-4866-8805-82a089aa9695,INV-a4ce994d-50a9-4866-8805-82a089aa9695,CID-028,2025-03-18,1957.48,VISA,Completed,SampleGen
PAY-1afb6cc1-af66-49fc-b73e-36e41d89f199,INV-1afb6cc1-af66-49fc-b73e-36e41d89f199,CID-028,2025-11-04,413.23,PayPal,Completed,SampleGen
PAY-8e36bdf2-1330-4d9f-b040-8672e709d47a,INV-8e36bdf2-1330-4d9f-b040-8672e709d47a,CID-029,2025-09-03,891.72,PayPal,Completed,SampleGen
PAY-1085e65f-d691-46f6-80cb-5a9bac858417,INV-1085e65f-d691-46f6-80cb-5a9bac858417,CID-029,2025-08-02,3295.06,MC,Completed,SampleGen
PAY-497faa8b-221a-4f48-afad-5121e1cdd9b4,INV-497faa8b-221a-4f48-afad-5121e1cdd9b4,CID-029,2025-08-01,652.48,AmEx,Completed,SampleGen
PAY-47a81670-a9c7-4eaf-a45d-0ad4782f686d,INV-47a81670-a9c7-4eaf-a45d-0ad4782f686d,CID-029,2025-07-19,413.23,VISA,Completed,SampleGen
PAY-32a5f82f-0c8e-4e3d-ab7c-7bcd765bd03f,INV-32a5f82f-0c8e-4e3d-ab7c-7bcd765bd03f,CID-030,2026-01-14,5056.8,AmEx,Completed,SampleGen
PAY-207ebc78-fb6c-4dbe-afe8-97b5debb0d3f,INV-207ebc78-fb6c-4dbe-afe8-97b5debb0d3f,CID-030,2025-09-10,2283.69,MC,Completed,SampleGen
PAY-316214ef-b0aa-4b53-a031-3631d9aea246,INV-316214ef-b0aa-4b53-a031-3631d9aea246,CID-031,2025-09-05,1359.33,Discover,Completed,SampleGen
PAY-adbabb2e-59b2-43c2-8b0d-730700aad080,INV-adbabb2e-59b2-43c2-8b0d-730700aad080,CID-031,2025-07-10,956.98,Discover,Completed,SampleGen
PAY-b89ae325-f2da-465c-a51d-97580fe3c311,INV-b89ae325-f2da-465c-a51d-97580fe3c311,CID-031,2025-06-21,173.98,Discover,Completed,SampleGen
PAY-14969a51-980c-4239-bc3b-be7dc64bb3c5,INV-14969a51-980c-4239-bc3b-be7dc64bb3c5,CID-032,2025-11-15,761.18,VISA,Completed,SampleGen
PAY-3eedb9b9-987e-4466-860d-4e654be89118,INV-3eedb9b9-987e-4466-860d-4e654be89118,CID-032,2025-04-29,1544.2,MC,Completed,SampleGen
PAY-bd3df377-35c2-46ae-8fa2-44389ad165c9,INV-bd3df377-35c2-46ae-8fa2-44389ad165c9,CID-032,2026-01-03,761.23,PayPal,Completed,SampleGen
PAY-21672caa-3d82-4deb-ba8b-aafbe7999391,INV-21672caa-3d82-4deb-ba8b-aafbe7999391,CID-033,2025-03-08,489.34,VISA,Completed,SampleGen
PAY-7b220f4d-ae4e-49cd-9e71-a70485794ecc,INV-7b220f4d-ae4e-49cd-9e71-a70485794ecc,CID-034,2025-02-08,2174.94,MC,Completed,SampleGen
PAY-879ba70b-e05a-4947-a320-db212cb9b426,INV-879ba70b-e05a-4947-a320-db212cb9b426,CID-035,2025-01-15,130.49,PayPal,Completed,SampleGen
PAY-22b1b766-9d5f-4154-9194-70eeef77181d,INV-22b1b766-9d5f-4154-9194-70eeef77181d,CID-035,2025-12-30,761.22,AmEx,Completed,SampleGen
PAY-ed50680a-13ea-4c8e-8d91-620d9b84b8cd,INV-ed50680a-13ea-4c8e-8d91-620d9b84b8cd,CID-036,2026-03-14,1228.82,MC,Completed,SampleGen
PAY-16eeca10-8b45-4834-b9e0-bf72fd9e076d,INV-16eeca10-8b45-4834-b9e0-bf72fd9e076d,CID-036,2025-04-10,641.6,AmEx,Completed,SampleGen
PAY-ef59d9f8-e4ae-43b5-a933-04265f11eed3,INV-ef59d9f8-e4ae-43b5-a933-04265f11eed3,CID-037,2025-08-31,16.3,AmEx,Completed,SampleGen
PAY-790fac5d-de54-491b-ba13-8b455d8d7156,INV-790fac5d-de54-491b-ba13-8b455d8d7156,CID-037,2025-01-15,467.57,PayPal,Completed,SampleGen
PAY-298fb35d-0374-4bba-a3dc-441115551149,INV-298fb35d-0374-4bba-a3dc-441115551149,CID-037,2025-04-18,587.21,MC,Completed,SampleGen
PAY-4049d068-f0af-45b9-a9da-30f5df27fb91,INV-4049d068-f0af-45b9-a9da-30f5df27fb91,CID-037,2025-11-09,2229.34,PayPal,Completed,SampleGen
PAY-58c585ad-56d2-4081-9b08-63ce7d01acac,INV-58c585ad-56d2-4081-9b08-63ce7d01acac,CID-038,2025-07-13,391.47,AmEx,Completed,SampleGen
PAY-cfd72201-b3a3-4b43-b44f-4cabcf1a2a0e,INV-cfd72201-b3a3-4b43-b44f-4cabcf1a2a0e,CID-038,2025-02-08,1663.83,AmEx,Completed,SampleGen
PAY-00347d13-3d3a-454f-9501-f505c7bac0ed,INV-00347d13-3d3a-454f-9501-f505c7bac0ed,CID-039,2026-04-01,1413.72,VISA,Completed,SampleGen
PAY-38e4bb23-88be-44b0-821b-8d934efb4c24,INV-38e4bb23-88be-44b0-821b-8d934efb4c24,CID-039,2025-10-06,358.84,AmEx,Completed,SampleGen
PAY-219f4da3-27ea-4f02-a582-d9dde3ea99b4,INV-219f4da3-27ea-4f02-a582-d9dde3ea99b4,CID-039,2025-03-05,2675.18,MC,Completed,SampleGen
PAY-a09d3eea-c7e7-4b4d-9c61-4ccc964c0c12,INV-a09d3eea-c7e7-4b4d-9c61-4ccc964c0c12,CID-040,2026-01-23,4958.94,MC,Completed,SampleGen
PAY-f076283b-60d5-4a5e-9f34-2e0aea696992,INV-f076283b-60d5-4a5e-9f34-2e0aea696992,CID-040,2025-08-16,891.72,PayPal,Completed,SampleGen
PAY-7c0e221a-6c02-4507-894d-26c7c3b27c17,INV-7c0e221a-6c02-4507-894d-26c7c3b27c17,CID-040,2025-11-24,1261.48,MC,Completed,SampleGen
PAY-ac667906-6964-4420-a54a-fd3a6ed0b5e1,INV-ac667906-6964-4420-a54a-fd3a6ed0b5e1,CID-040,2025-11-12,1587.71,AmEx,Completed,SampleGen
PAY-c3750ec4-5925-427b-9537-82824461d51b,INV-c3750ec4-5925-427b-9537-82824461d51b,CID-041,2025-11-09,3914.95,Discover,Completed,SampleGen
PAY-333d86d2-43fb-4e84-b99f-74ae201e22c4,INV-333d86d2-43fb-4e84-b99f-74ae201e22c4,CID-041,2025-12-12,902.59,MC,Completed,SampleGen
PAY-c7ad1781-616a-487c-b5eb-55c0e6878f40,INV-c7ad1781-616a-487c-b5eb-55c0e6878f40,CID-042,2025-07-27,413.23,MC,Completed,SampleGen
PAY-4800ec8b-c138-4a3e-ba89-e6b6e269c5e9,INV-4800ec8b-c138-4a3e-ba89-e6b6e269c5e9,CID-042,2026-04-07,413.23,AmEx,Completed,SampleGen
PAY-4c5ee41d-9eb9-4c0f-9188-a017556fed1c,INV-4c5ee41d-9eb9-4c0f-9188-a017556fed1c,CID-042,2025-11-17,1794.35,AmEx,Completed,SampleGen
PAY-84c2135f-7a43-46f1-a85a-643e112ed3ee,INV-84c2135f-7a43-46f1-a85a-643e112ed3ee,CID-043,2025-06-08,429.53,MC,Completed,SampleGen
PAY-5b29f532-2ca0-409c-a7ed-dba18a58ab96,INV-5b29f532-2ca0-409c-a7ed-dba18a58ab96,CID-043,2025-10-14,2066.2,PayPal,Completed,SampleGen
PAY-26caa389-5867-4f40-a630-64e60742df89,INV-26caa389-5867-4f40-a630-64e60742df89,CID-044,2025-02-13,4676.17,MC,Completed,SampleGen
PAY-a98f1eda-fdfe-45a3-aadd-0d6a49303e9a,INV-a98f1eda-fdfe-45a3-aadd-0d6a49303e9a,CID-044,2025-08-12,380.59,AmEx,Completed,SampleGen
PAY-62e98754-0444-4504-b8a8-3f4bc691b795,INV-62e98754-0444-4504-b8a8-3f4bc691b795,CID-045,2025-07-22,337.1,VISA,Completed,SampleGen
PAY-008dcf5d-74e7-439e-a286-bccb93355de5,INV-008dcf5d-74e7-439e-a286-bccb93355de5,CID-046,2025-01-15,4001.96,MC,Completed,SampleGen
PAY-1d8e483c-09ad-4f18-8c33-cb6b60ee2109,INV-1d8e483c-09ad-4f18-8c33-cb6b60ee2109,CID-046,2025-10-25,86.99,AmEx,Completed,SampleGen
PAY-aa968a5f-f9ed-4ffd-b373-47b36336fb7a,INV-aa968a5f-f9ed-4ffd-b373-47b36336fb7a,CID-047,2025-03-14,924.35,Discover,Completed,SampleGen
PAY-755916e3-64e3-4778-a8d8-fb56675620c8,INV-755916e3-64e3-4778-a8d8-fb56675620c8,CID-047,2025-09-21,1468.08,AmEx,Completed,SampleGen
PAY-46d0aee5-a01f-430a-b8f2-bda4553be211,INV-46d0aee5-a01f-430a-b8f2-bda4553be211,CID-048,2025-08-29,1826.97,PayPal,Completed,SampleGen
PAY-f149089e-e954-4f78-8861-2b8b53f65863,INV-f149089e-e954-4f78-8861-2b8b53f65863,CID-048,2025-02-16,1413.74,PayPal,Completed,SampleGen
PAY-426b9332-b94b-4e36-bb00-b9f2f1acd7a1,INV-426b9332-b94b-4e36-bb00-b9f2f1acd7a1,CID-048,2025-06-03,1217.97,VISA,Completed,SampleGen
PAY-a8090916-5e0e-45a0-a157-e3583bb26132,INV-a8090916-5e0e-45a0-a157-e3583bb26132,CID-049,2025-07-27,3501.7,MC,Completed,SampleGen
PAY-d5d594e9-938b-400b-8e6d-2760a4889e95,INV-d5d594e9-938b-400b-8e6d-2760a4889e95,CID-050,2025-09-27,598.11,AmEx,Completed,SampleGen
PAY-cc070a0f-0be0-4c02-9a87-6eac9507b472,INV-cc070a0f-0be0-4c02-9a87-6eac9507b472,CID-050,2026-03-09,3316.83,VISA,Completed,SampleGen
PAY-0d6a5776-16f5-44f6-9094-1ae2c530a584,INV-0d6a5776-16f5-44f6-9094-1ae2c530a584,CID-051,2025-08-22,1973.75,PayPal,Completed,SampleGen
PAY-5b3fb180-3c4e-497f-9895-3804435bbdd8,INV-5b3fb180-3c4e-497f-9895-3804435bbdd8,CID-052,2025-02-15,2718.72,VISA,Completed,SampleGen
PAY-aa6fdd6a-d87a-45b1-883f-ef482ba57cc8,INV-aa6fdd6a-d87a-45b1-883f-ef482ba57cc8,CID-052,2026-01-01,978.73,AmEx,Completed,SampleGen
PAY-cefc61ee-7c8a-4861-8c43-7efa96d9da11,INV-cefc61ee-7c8a-4861-8c43-7efa96d9da11,CID-052,2025-11-30,2729.56,MC,Completed,SampleGen
PAY-ab07ec2f-ac39-4837-a060-e49292599d34,INV-ab07ec2f-ac39-4837-a060-e49292599d34,CID-052,2025-09-27,2066.22,MC,Completed,SampleGen
PAY-0a3bdccf-a548-4b51-bd19-dd05e0825c71,INV-0a3bdccf-a548-4b51-bd19-dd05e0825c71,CID-053,2026-01-27,630.74,VISA,Completed,SampleGen
PAY-bbb4f633-203c-4987-a008-fb7682bb49aa,INV-bbb4f633-203c-4987-a008-fb7682bb49aa,CID-053,2026-02-24,1957.47,PayPal,Completed,SampleGen
PAY-be9e527c-b008-487e-8ca7-19883db5a060,INV-be9e527c-b008-487e-8ca7-19883db5a060,CID-054,2026-02-11,1576.85,VISA,Completed,SampleGen
PAY-bd63181c-0492-4a6e-bdf6-1e3e6f1021dc,INV-bd63181c-0492-4a6e-bdf6-1e3e6f1021dc,CID-054,2026-02-09,2686.08,MC,Completed,SampleGen
PAY-4bab3db2-935e-4e25-aa8d-1ee7664754bc,INV-4bab3db2-935e-4e25-aa8d-1ee7664754bc,CID-055,2025-03-23,391.47,VISA,Completed,SampleGen
PAY-83bf2ce6-a961-4529-ba81-70b8c78265de,INV-83bf2ce6-a961-4529-ba81-70b8c78265de,CID-057,2025-11-17,685.08,MC,Completed,SampleGen
PAY-94199539-1833-4965-9385-020176fa1407,INV-94199539-1833-4965-9385-020176fa1407,CID-058,2025-10-10,2294.58,AmEx,Completed,SampleGen
PAY-087410c5-1135-4f5f-9b22-a29550369f37,INV-087410c5-1135-4f5f-9b22-a29550369f37,CID-058,2025-01-02,2827.48,MC,Completed,SampleGen
PAY-f8822661-3119-4c03-b7b9-beb2fe3264e0,INV-f8822661-3119-4c03-b7b9-beb2fe3264e0,CID-058,2025-02-19,3566.93,AmEx,Completed,SampleGen
PAY-6a091a2e-4f9d-4616-a256-fdf31129520d,INV-6a091a2e-4f9d-4616-a256-fdf31129520d,CID-059,2026-03-02,1141.84,AmEx,Completed,SampleGen
PAY-ada79962-4e6b-41b7-a4b8-fd6b698811c0,INV-ada79962-4e6b-41b7-a4b8-fd6b698811c0,CID-059,2025-04-22,587.21,MC,Completed,SampleGen
PAY-ffd833c1-3d6a-439d-af59-d7fc27e9e845,INV-ffd833c1-3d6a-439d-af59-d7fc27e9e845,CID-059,2026-01-04,217.49,MC,Completed,SampleGen
PAY-beee73ab-6e03-4888-bac0-992f3b858e59,INV-beee73ab-6e03-4888-bac0-992f3b858e59,CID-060,2025-08-08,1772.59,MC,Completed,SampleGen
PAY-81dc118b-dc76-4b8e-8ea5-51fabbda8ddb,INV-81dc118b-dc76-4b8e-8ea5-51fabbda8ddb,CID-061,2025-05-13,1935.69,MC,Completed,SampleGen
PAY-27f9c402-7f06-4775-b7ea-e51a5616b4af,INV-27f9c402-7f06-4775-b7ea-e51a5616b4af,CID-061,2025-04-26,630.74,VISA,Completed,SampleGen
PAY-93391db9-43d8-4394-b1d8-0e87541994db,INV-93391db9-43d8-4394-b1d8-0e87541994db,CID-061,2025-02-03,3479.94,PayPal,Completed,SampleGen
PAY-48a5ef65-42dd-495f-b489-da0e630c53a6,INV-48a5ef65-42dd-495f-b489-da0e630c53a6,CID-062,2025-10-12,326.24,MC,Completed,SampleGen
PAY-a497642a-e54f-4f35-be2b-fbbec3b74ef9,INV-a497642a-e54f-4f35-be2b-fbbec3b74ef9,CID-062,2025-03-23,413.23,AmEx,Completed,SampleGen
PAY-4daaf88a-9e6c-4de1-8e41-cf5925075255,INV-4daaf88a-9e6c-4de1-8e41-cf5925075255,CID-062,2025-11-17,679.64,AmEx,Completed,SampleGen
PAY-5690bc57-553a-451d-a389-f3999b01750d,INV-5690bc57-553a-451d-a389-f3999b01750d,CID-063,2025-07-22,2914.44,VISA,Completed,SampleGen
PAY-78d75598-29c1-48ba-91b6-225793352d77,INV-78d75598-29c1-48ba-91b6-225793352d77,CID-063,2025-08-06,1283.2,MC,Completed,SampleGen
PAY-1353f66b-345d-4a58-9d1b-25d355e4face,INV-1353f66b-345d-4a58-9d1b-25d355e4face,CID-063,2026-01-24,630.74,MC,Completed,SampleGen
PAY-deda760d-b38d-4f9f-b43a-f8a824a023e7,INV-deda760d-b38d-4f9f-b43a-f8a824a023e7,CID-063,2026-01-25,1522.47,MC,Completed,SampleGen
PAY-380cca38-4164-4cf3-b6a1-f9c7047e06e8,INV-380cca38-4164-4cf3-b6a1-f9c7047e06e8,CID-063,2025-06-15,1272.32,MC,Completed,SampleGen
PAY-4277f6e3-81f9-4b2f-b89c-f3f6bfd73e57,INV-4277f6e3-81f9-4b2f-b89c-f3f6bfd73e57,CID-063,2025-05-29,1196.23,MC,Completed,SampleGen
PAY-3b79f295-5a56-4463-8d44-33f9db84a39d,INV-3b79f295-5a56-4463-8d44-33f9db84a39d,CID-063,2025-05-17,1609.44,AmEx,Completed,SampleGen
PAY-a0c73b8a-6704-4c06-8845-4ee17f77da8b,INV-a0c73b8a-6704-4c06-8845-4ee17f77da8b,CID-063,2025-10-17,967.84,MC,Completed,SampleGen
PAY-a666cb4a-6d61-4621-b74e-efb0b5d8f110,INV-a666cb4a-6d61-4621-b74e-efb0b5d8f110,CID-063,2025-06-18,777.51,VISA,Completed,SampleGen
PAY-90eeee73-c65b-4627-bcde-6e6c07963b70,INV-90eeee73-c65b-4627-bcde-6e6c07963b70,CID-063,2025-05-25,956.94,MC,Completed,SampleGen
PAY-ca4e7f16-e5ec-4f25-bcf1-edc7aa80ed2a,INV-ca4e7f16-e5ec-4f25-bcf1-edc7aa80ed2a,CID-063,2026-03-12,173.98,MC,Completed,SampleGen
PAY-d1477220-ec9d-48f9-be73-f2e08d5f5edb,INV-d1477220-ec9d-48f9-be73-f2e08d5f5edb,CID-063,2025-05-10,2512.06,PayPal,Completed,SampleGen
PAY-1771ce73-0292-4000-9b2b-0a4d2fba164d,INV-1771ce73-0292-4000-9b2b-0a4d2fba164d,CID-064,2026-02-07,706.86,AmEx,Completed,SampleGen
PAY-0cca1294-32a0-4c7a-9ead-89d09e51bbb8,INV-0cca1294-32a0-4c7a-9ead-89d09e51bbb8,CID-064,2026-03-13,1620.29,VISA,Completed,SampleGen
PAY-f907cac7-2364-4463-b827-8844b4a6d012,INV-f907cac7-2364-4463-b827-8844b4a6d012,CID-065,2025-04-04,706.86,VISA,Completed,SampleGen
PAY-286c2bd3-3cc6-4fe9-a733-3817f04b82d9,INV-286c2bd3-3cc6-4fe9-a733-3817f04b82d9,CID-065,2025-11-24,3795.31,Discover,Completed,SampleGen
PAY-7baa9758-6ab0-49aa-9cf0-d547598a652d,INV-7baa9758-6ab0-49aa-9cf0-d547598a652d,CID-065,2025-07-11,103.29,AmEx,Completed,SampleGen
PAY-9e6e7413-5c10-47b8-a8b9-faf5e6c5f235,INV-9e6e7413-5c10-47b8-a8b9-faf5e6c5f235,CID-065,2026-04-15,3479.92,VISA,Completed,SampleGen
PAY-e682edd6-bb38-4175-bfd9-03973b9c6e77,INV-e682edd6-bb38-4175-bfd9-03973b9c6e77,CID-066,2025-09-15,4186.8,VISA,Completed,SampleGen
PAY-7654d0e0-e418-4b41-8bf9-68d7469c1d84,INV-7654d0e0-e418-4b41-8bf9-68d7469c1d84,CID-066,2025-07-20,1522.47,PayPal,Completed,SampleGen
PAY-c63567a1-b5e4-41b6-8951-28cfd88b36df,INV-c63567a1-b5e4-41b6-8951-28cfd88b36df,CID-066,2025-01-20,2022.71,VISA,Completed,SampleGen
PAY-d081ac8d-b49a-4182-a0c1-6be6c7f3e751,INV-d081ac8d-b49a-4182-a0c1-6be6c7f3e751,CID-067,2025-07-16,1076.6,Discover,Completed,SampleGen
PAY-57c81120-95bb-4b1d-a635-bba89ce23a9f,INV-57c81120-95bb-4b1d-a635-bba89ce23a9f,CID-068,2025-05-09,739.47,MC,Completed,SampleGen
PAY-b6f7d5d6-7706-4cb7-9d54-f5771ac7cc8b,INV-b6f7d5d6-7706-4cb7-9d54-f5771ac7cc8b,CID-068,2025-04-01,1185.33,VISA,Completed,SampleGen
PAY-e3dfa528-2f7b-4106-83fb-6853037d86bd,INV-e3dfa528-2f7b-4106-83fb-6853037d86bd,CID-069,2025-03-10,1859.56,VISA,Completed,SampleGen
PAY-2555c04c-8192-4e6f-9cd4-f24c090c7e68,INV-2555c04c-8192-4e6f-9cd4-f24c090c7e68,CID-069,2025-11-20,3860.55,PayPal,Completed,SampleGen
PAY-bb1439bc-f04b-45b4-8b2e-cfdf900250e1,INV-bb1439bc-f04b-45b4-8b2e-cfdf900250e1,CID-069,2025-06-25,3001.46,PayPal,Completed,SampleGen
PAY-769240fb-ff30-4831-aa20-e4e5c41c6518,INV-769240fb-ff30-4831-aa20-e4e5c41c6518,CID-069,2025-09-14,3229.8,MC,Completed,SampleGen
PAY-2e020840-24d0-43ec-97cd-ce328e8265f6,INV-2e020840-24d0-43ec-97cd-ce328e8265f6,CID-069,2025-07-28,3218.94,VISA,Completed,SampleGen
PAY-12f4de46-74f5-4bea-8d80-cf3bfa0ba9a7,INV-12f4de46-74f5-4bea-8d80-cf3bfa0ba9a7,CID-069,2026-04-01,1043.97,VISA,Completed,SampleGen
PAY-77b90793-dd05-44cb-93a3-677fa4c1f4d1,INV-77b90793-dd05-44cb-93a3-677fa4c1f4d1,CID-069,2026-03-02,478.47,VISA,Completed,SampleGen
PAY-75b0327f-1f1a-4036-8ae1-a1627a78e215,INV-75b0327f-1f1a-4036-8ae1-a1627a78e215,CID-070,2025-07-05,674.21,PayPal,Completed,SampleGen
PAY-f70cfcc5-e6e8-4574-b8f0-9dfdf92ca752,INV-f70cfcc5-e6e8-4574-b8f0-9dfdf92ca752,CID-070,2026-04-24,1163.59,Discover,Completed,SampleGen
PAY-d7b153b4-f52a-479b-b85f-3079ed1515cc,INV-d7b153b4-f52a-479b-b85f-3079ed1515cc,CID-071,2025-11-21,2675.19,AmEx,Completed,SampleGen
PAY-0020da71-2a2f-4fd9-bf29-bd04be0e1aa5,INV-0020da71-2a2f-4fd9-bf29-bd04be0e1aa5,CID-071,2025-02-22,1685.57,MC,Completed,SampleGen
PAY-aa9d7fb3-9af2-4dec-8f7b-0f970b342f8b,INV-aa9d7fb3-9af2-4dec-8f7b-0f970b342f8b,CID-071,2025-03-24,206.61,PayPal,Completed,SampleGen
PAY-6e233a1c-cb56-4ab6-b69a-bd6619c9fb98,INV-6e233a1c-cb56-4ab6-b69a-bd6619c9fb98,CID-071,2025-11-09,2773.07,VISA,Completed,SampleGen
PAY-24d83900-a5d9-41c8-a3b6-d61a603d0cde,INV-24d83900-a5d9-41c8-a3b6-d61a603d0cde,CID-072,2026-01-02,2120.59,PayPal,Completed,SampleGen
PAY-89ee42c6-8b6f-4690-b0f1-76e685f5a8f9,INV-89ee42c6-8b6f-4690-b0f1-76e685f5a8f9,CID-072,2025-04-21,946.07,AmEx,Completed,SampleGen
PAY-db4afe7c-6249-44d0-a99d-df24dfac7611,INV-db4afe7c-6249-44d0-a99d-df24dfac7611,CID-073,2025-05-29,1805.17,AmEx,Completed,SampleGen
PAY-2bb11c09-d7f1-4c5b-8b87-213ff423743e,INV-2bb11c09-d7f1-4c5b-8b87-213ff423743e,CID-074,2026-02-07,4241.2,VISA,Completed,SampleGen
PAY-0f64dcdd-a1c6-4c39-9660-90df1ccf5776,INV-0f64dcdd-a1c6-4c39-9660-90df1ccf5776,CID-074,2025-03-04,369.73,Discover,Completed,SampleGen
PAY-af525e27-067f-41ef-9e16-f79ca286663d,INV-af525e27-067f-41ef-9e16-f79ca286663d,CID-074,2025-02-12,3588.7,PayPal,Completed,SampleGen
PAY-11677d17-17b6-4da7-8cf2-bd8a6dc9889a,INV-11677d17-17b6-4da7-8cf2-bd8a6dc9889a,CID-074,2025-05-07,1870.47,MC,Completed,SampleGen
PAY-5196bfc8-a341-4d47-bf46-2f77a6fc1303,INV-5196bfc8-a341-4d47-bf46-2f77a6fc1303,CID-075,2025-08-17,1359.34,AmEx,Completed,SampleGen
PAY-acb1ae38-5b7a-41d2-8278-3c68724f1905,INV-acb1ae38-5b7a-41d2-8278-3c68724f1905,CID-075,2025-10-01,608.95,MC,Completed,SampleGen
PAY-ec825969-89bd-4400-bb23-607c817ca348,INV-ec825969-89bd-4400-bb23-607c817ca348,CID-075,2025-02-08,2827.45,MC,Completed,SampleGen
PAY-3df32331-30d0-4712-8e8b-c12cbbd0692b,INV-3df32331-30d0-4712-8e8b-c12cbbd0692b,CID-076,2025-03-03,1261.48,AmEx,Completed,SampleGen
PAY-92c7d5f1-3568-4a23-8da9-e046a7c3e5b7,INV-92c7d5f1-3568-4a23-8da9-e046a7c3e5b7,CID-076,2026-03-14,674.22,VISA,Completed,SampleGen
PAY-5518e496-3d6d-48b5-b9a4-e534d275879c,INV-5518e496-3d6d-48b5-b9a4-e534d275879c,CID-077,2026-03-09,1913.96,VISA,Completed,SampleGen
PAY-3ca7f245-47f9-4399-aa99-2f93eb5b6c4d,INV-3ca7f245-47f9-4399-aa99-2f93eb5b6c4d,CID-077,2026-02-06,1805.22,MC,Completed,SampleGen
PAY-3ff882fb-be5d-4899-a34a-d8066e32daf6,INV-3ff882fb-be5d-4899-a34a-d8066e32daf6,CID-077,2025-11-17,65.24,VISA,Completed,SampleGen
PAY-ac252bbb-2888-4d3e-9b76-841dd06fb621,INV-ac252bbb-2888-4d3e-9b76-841dd06fb621,CID-078,2025-10-06,1587.71,AmEx,Completed,SampleGen
PAY-4ec58796-1333-4306-a3a0-f4062369e73a,INV-4ec58796-1333-4306-a3a0-f4062369e73a,CID-078,2025-11-08,946.07,PayPal,Completed,SampleGen
PAY-2889f6d1-8042-4a94-87a7-18c90c8a8442,INV-2889f6d1-8042-4a94-87a7-18c90c8a8442,CID-079,2025-03-28,1141.85,VISA,Completed,SampleGen
PAY-77e0a932-b775-4914-a32b-af328b29c0fe,INV-77e0a932-b775-4914-a32b-af328b29c0fe,CID-079,2025-08-15,532.85,AmEx,Completed,SampleGen
PAY-9ed37448-4206-4e65-a98d-114bad15bb5f,INV-9ed37448-4206-4e65-a98d-114bad15bb5f,CID-079,2025-01-04,1739.97,PayPal,Completed,SampleGen
PAY-1575aaaf-36c5-446a-aaa2-63adaf075b01,INV-1575aaaf-36c5-446a-aaa2-63adaf075b01,CID-080,2025-03-24,478.46,MC,Completed,SampleGen
PAY-995d212d-364b-493c-9f92-42401fa78bf2,INV-995d212d-364b-493c-9f92-42401fa78bf2,CID-080,2025-09-07,1957.46,MC,Completed,SampleGen
PAY-af737e62-9534-43c4-967f-788cf71307e5,INV-af737e62-9534-43c4-967f-788cf71307e5,CID-081,2025-04-22,1685.59,MC,Completed,SampleGen
PAY-bc3de399-76fa-4e77-b62b-d9ad82392b0a,INV-bc3de399-76fa-4e77-b62b-d9ad82392b0a,CID-081,2026-03-22,891.71,MC,Completed,SampleGen
PAY-257c2d30-fed3-455b-8fd9-eb1232250f29,INV-257c2d30-fed3-455b-8fd9-eb1232250f29,CID-082,2025-02-08,2827.46,VISA,Completed,SampleGen
PAY-8f5d0e8c-ce39-47d7-818f-10f8a4410c49,INV-8f5d0e8c-ce39-47d7-818f-10f8a4410c49,CID-082,2025-11-07,16.3,AmEx,Completed,SampleGen
PAY-9386209a-027c-45b7-8aba-3de153e1f01e,INV-9386209a-027c-45b7-8aba-3de153e1f01e,CID-082,2025-01-16,869.97,AmEx,Completed,SampleGen
PAY-9864ce9d-71bb-45ef-a2ce-080c1600cc3e,INV-9864ce9d-71bb-45ef-a2ce-080c1600cc3e,CID-082,2026-02-01,761.23,Discover,Completed,SampleGen
PAY-ff168167-a29f-4b76-9ed0-43c54d1da966,INV-ff168167-a29f-4b76-9ed0-43c54d1da966,CID-082,2026-01-19,326.24,VISA,Completed,SampleGen
PAY-2e211b6a-4c9f-4dee-b155-a6b813877b7a,INV-2e211b6a-4c9f-4dee-b155-a6b813877b7a,CID-082,2025-12-30,2783.95,Discover,Completed,SampleGen
PAY-3bea3c18-65f9-4384-8b14-1161cd2801ae,INV-3bea3c18-65f9-4384-8b14-1161cd2801ae,CID-082,2025-09-20,2457.69,MC,Completed,SampleGen
PAY-b2319edd-9f2b-45f0-8f86-7e44ffa76732,INV-b2319edd-9f2b-45f0-8f86-7e44ffa76732,CID-083,2025-08-29,1652.94,VISA,Completed,SampleGen
PAY-f80f37c5-08e9-4a67-a671-9d1aece71279,INV-f80f37c5-08e9-4a67-a671-9d1aece71279,CID-083,2025-10-30,2044.44,VISA,Completed,SampleGen
PAY-1f61c0d0-53be-42c3-b91d-f06f2d775d3b,INV-1f61c0d0-53be-42c3-b91d-f06f2d775d3b,CID-083,2025-08-03,2435.95,AmEx,Completed,SampleGen
PAY-51f5882a-dcf1-46af-90b2-7bb8e5b78b9b,INV-51f5882a-dcf1-46af-90b2-7bb8e5b78b9b,CID-084,2025-08-11,1065.71,VISA,Completed,SampleGen
PAY-03d54e26-87ec-4483-a16d-bc48ff8938c4,INV-03d54e26-87ec-4483-a16d-bc48ff8938c4,CID-084,2026-01-02,1250.59,VISA,Completed,SampleGen
PAY-d3b3186a-3d79-414c-990d-907f20c8ee3c,INV-d3b3186a-3d79-414c-990d-907f20c8ee3c,CID-085,2025-02-28,821.0,AmEx,Completed,SampleGen
PAY-0dd16707-4993-4113-9dce-6ce8facfab0c,INV-0dd16707-4993-4113-9dce-6ce8facfab0c,CID-086,2025-06-08,391.47,VISA,Completed,SampleGen
PAY-6f0fc8fd-90bc-42fb-9875-2c1bdcfc6f54,INV-6f0fc8fd-90bc-42fb-9875-2c1bdcfc6f54,CID-086,2025-11-08,380.61,AmEx,Completed,SampleGen
PAY-ff82385d-aacc-4567-aac3-ea26e0627115,INV-ff82385d-aacc-4567-aac3-ea26e0627115,CID-087,2025-01-15,3218.92,Discover,Completed,SampleGen
PAY-2baec15b-d946-4afa-bb90-fa1d16809f79,INV-2baec15b-d946-4afa-bb90-fa1d16809f79,CID-087,2025-09-26,956.98,PayPal,Completed,SampleGen
PAY-fb3ca5c0-f6ed-4908-8cd0-2f0d2f651876,INV-fb3ca5c0-f6ed-4908-8cd0-2f0d2f651876,CID-088,2025-03-27,1196.19,MC,Completed,SampleGen
PAY-76a079b8-b13e-4533-bcd0-0c922dd66091,INV-76a079b8-b13e-4533-bcd0-0c922dd66091,CID-088,2025-10-08,706.86,Discover,Completed,SampleGen
PAY-a025857f-dccf-4fdf-9b56-d198dc814823,INV-a025857f-dccf-4fdf-9b56-d198dc814823,CID-089,2025-12-31,1250.59,PayPal,Completed,SampleGen
PAY-c16ebc9e-1410-48e7-8e4b-3cb99163aeaf,INV-c16ebc9e-1410-48e7-8e4b-3cb99163aeaf,CID-089,2025-07-23,1647.5,PayPal,Completed,SampleGen
PAY-5b266ef1-5f69-4b47-b50d-c03b2f64f840,INV-5b266ef1-5f69-4b47-b50d-c03b2f64f840,CID-089,2026-04-03,869.99,AmEx,Completed,SampleGen
PAY-3254922d-f11d-49b4-a67e-ea0c665e9812,INV-3254922d-f11d-49b4-a67e-ea0c665e9812,CID-089,2025-04-21,489.36,VISA,Completed,SampleGen
PAY-5816dc79-93a9-4a08-918d-6abcad74253b,INV-5816dc79-93a9-4a08-918d-6abcad74253b,CID-089,2025-05-16,163.11,MC,Completed,SampleGen
PAY-04a61a3e-f555-4656-be4d-54f2fee138ec,INV-04a61a3e-f555-4656-be4d-54f2fee138ec,CID-090,2025-06-21,880.85,MC,Completed,SampleGen
PAY-6489e431-bbec-48d1-97fa-ceff0df8f468,INV-6489e431-bbec-48d1-97fa-ceff0df8f468,CID-090,2026-01-15,543.73,PayPal,Completed,SampleGen
PAY-1f7554d7-db31-4318-9ddf-3987274f3af4,INV-1f7554d7-db31-4318-9ddf-3987274f3af4,CID-091,2025-04-26,2707.81,PayPal,Completed,SampleGen
PAY-3c5cdc18-1c5e-48e9-99d2-58addf1affaa,INV-3c5cdc18-1c5e-48e9-99d2-58addf1affaa,CID-091,2026-01-31,2827.44,Discover,Completed,SampleGen
PAY-c992a371-85b0-4a3c-9e1f-3e3b26c5b3c8,INV-c992a371-85b0-4a3c-9e1f-3e3b26c5b3c8,CID-092,2025-01-25,16.3,VISA,Completed,SampleGen
PAY-5c9730c7-7807-4b51-937f-b07898238d6e,INV-5c9730c7-7807-4b51-937f-b07898238d6e,CID-092,2025-05-12,2022.68,VISA,Completed,SampleGen
PAY-ac4927e0-d0cd-4adf-8d76-5b8d7792a0b5,INV-ac4927e0-d0cd-4adf-8d76-5b8d7792a0b5,CID-092,2025-12-28,848.19,VISA,Completed,SampleGen
PAY-91cdc4b7-94ab-4f38-b6f8-97a66e5edc72,INV-91cdc4b7-94ab-4f38-b6f8-97a66e5edc72,CID-092,2025-10-03,1413.68,VISA,Completed,SampleGen
PAY-77ed67c7-0fe5-46ac-84e4-ca352bd5b31b,INV-77ed67c7-0fe5-46ac-84e4-ca352bd5b31b,CID-093,2025-03-21,86.99,AmEx,Completed,SampleGen
PAY-4c1a16cb-4097-4b21-8264-ea0493b0f609,INV-4c1a16cb-4097-4b21-8264-ea0493b0f609,CID-093,2025-05-16,1413.73,Discover,Completed,SampleGen
PAY-bbe98d22-aad9-4045-afb9-1e519779851c,INV-bbe98d22-aad9-4045-afb9-1e519779851c,CID-093,2025-05-05,1381.05,VISA,Completed,SampleGen
PAY-f28160a3-2bcb-44e7-ab9f-63f9c5688693,INV-f28160a3-2bcb-44e7-ab9f-63f9c5688693,CID-094,2026-04-05,130.49,MC,Completed,SampleGen
PAY-e0f00cef-4d61-487c-973e-02a1dda53f1f,INV-e0f00cef-4d61-487c-973e-02a1dda53f1f,CID-095,2025-03-28,3088.44,MC,Completed,SampleGen
PAY-406e4d51-cab6-4743-8611-badc658006b1,INV-406e4d51-cab6-4743-8611-badc658006b1,CID-095,2025-02-08,2827.48,VISA,Completed,SampleGen
PAY-d8eb8382-f441-4fb4-895a-3bc81375a7c5,INV-d8eb8382-f441-4fb4-895a-3bc81375a7c5,CID-095,2025-07-04,1957.48,MC,Completed,SampleGen
PAY-aeb6d270-2414-426b-9ac6-4f24d8f0786c,INV-aeb6d270-2414-426b-9ac6-4f24d8f0786c,CID-095,2025-11-10,1130.93,Discover,Completed,SampleGen
PAY-d4e2ace6-284a-4aac-9355-cabb8b61f0c4,INV-d4e2ace6-284a-4aac-9355-cabb8b61f0c4,CID-096,2025-04-06,1750.82,MC,Completed,SampleGen
PAY-8f54bfde-26ea-479d-9d5e-3144032f2b44,INV-8f54bfde-26ea-479d-9d5e-3144032f2b44,CID-096,2026-04-19,598.11,Discover,Completed,SampleGen
PAY-3beb0012-6ce9-4d37-a341-2a5996d55a23,INV-3beb0012-6ce9-4d37-a341-2a5996d55a23,CID-097,2025-05-11,2131.43,VISA,Completed,SampleGen
PAY-ce9e112f-d2cc-4a63-b4a6-8ffc3849e86a,INV-ce9e112f-d2cc-4a63-b4a6-8ffc3849e86a,CID-097,2026-03-10,1794.31,VISA,Completed,SampleGen
PAY-b89a9424-6eb5-4725-adc0-b8886405a1fa,INV-b89a9424-6eb5-4725-adc0-b8886405a1fa,CID-097,2025-10-10,3371.21,Discover,Completed,SampleGen
PAY-8970c36c-cc41-44a2-abbd-ee5365504b05,INV-8970c36c-cc41-44a2-abbd-ee5365504b05,CID-097,2025-10-28,2609.93,VISA,Completed,SampleGen
PAY-149e7aa7-c03b-4439-93c5-ec2822cdefd3,INV-149e7aa7-c03b-4439-93c5-ec2822cdefd3,CID-098,2025-10-07,706.86,MC,Completed,SampleGen
PAY-db741082-09fa-46f2-9882-a9b0c7db577f,INV-db741082-09fa-46f2-9882-a9b0c7db577f,CID-099,2025-05-02,630.74,VISA,Completed,SampleGen
PAY-9b1fca10-0e25-49c7-b48d-799c7fd7ebda,INV-9b1fca10-0e25-49c7-b48d-799c7fd7ebda,CID-099,2026-03-15,86.99,Discover,Completed,SampleGen
PAY-75273aef-3932-449d-9f0e-8359fc105ed0,INV-75273aef-3932-449d-9f0e-8359fc105ed0,CID-099,2025-10-11,3099.34,VISA,Completed,SampleGen
PAY-925747ba-aea5-41c2-9845-490b1b730237,INV-925747ba-aea5-41c2-9845-490b1b730237,CID-100,2026-03-12,163.11,AmEx,Completed,SampleGen
PAY-0dd7ec4b-d677-4b22-8361-1627a5116830,INV-0dd7ec4b-d677-4b22-8361-1627a5116830,CID-100,2025-05-19,173.98,MC,Completed,SampleGen
PAY-e0e49019-87fc-421d-bffc-9a6cbf42c6fb,INV-e0e49019-87fc-421d-bffc-9a6cbf42c6fb,CID-100,2025-10-31,543.73,VISA,Completed,SampleGen
PAY-2b395888-e9cb-47d4-9d8d-e0f145300712,INV-2b395888-e9cb-47d4-9d8d-e0f145300712,CID-101,2025-10-22,956.98,AmEx,Completed,SampleGen
PAY-02116e71-cdde-4519-b789-1f3d31473464,INV-02116e71-cdde-4519-b789-1f3d31473464,CID-102,2025-01-27,869.98,AmEx,Completed,SampleGen
PAY-9d2f68b8-f9b3-4eeb-896b-949d537455cd,INV-9d2f68b8-f9b3-4eeb-896b-949d537455cd,CID-102,2025-02-21,434.99,VISA,Completed,SampleGen
PAY-d7f749f5-73c7-429c-9ec1-3ae0fac70664,INV-d7f749f5-73c7-429c-9ec1-3ae0fac70664,CID-102,2026-04-26,1576.83,MC,Completed,SampleGen
PAY-ffb6f2cc-4583-4448-abc1-2d0093497654,INV-ffb6f2cc-4583-4448-abc1-2d0093497654,CID-102,2025-07-10,4534.8,AmEx,Completed,SampleGen
PAY-2d3070a7-e862-4ae4-8645-0df654ff1efa,INV-2d3070a7-e862-4ae4-8645-0df654ff1efa,CID-102,2026-01-19,434.98,AmEx,Completed,SampleGen
PAY-f66a7242-2f6a-4eaf-a5e3-da038c28ea5c,INV-f66a7242-2f6a-4eaf-a5e3-da038c28ea5c,CID-102,2025-05-23,173.98,VISA,Completed,SampleGen
PAY-837d7c45-51b1-4036-bab5-92e33d7afbf1,INV-837d7c45-51b1-4036-bab5-92e33d7afbf1,CID-103,2025-03-16,739.46,VISA,Completed,SampleGen
PAY-e867d2c2-6294-4d71-8e60-76733d9d5381,INV-e867d2c2-6294-4d71-8e60-76733d9d5381,CID-103,2025-11-21,3001.45,Discover,Completed,SampleGen
PAY-bf4a751a-25b2-4654-ad0f-dd58a10a4c7f,INV-bf4a751a-25b2-4654-ad0f-dd58a10a4c7f,CID-103,2025-04-06,1359.33,AmEx,Completed,SampleGen
PAY-ccc4ab01-de31-4605-b48f-a6b9d4b0be8f,INV-ccc4ab01-de31-4605-b48f-a6b9d4b0be8f,CID-103,2026-02-09,869.98,VISA,Completed,SampleGen
PAY-3fb18028-ab33-433a-86e9-a50e2721bba4,INV-3fb18028-ab33-433a-86e9-a50e2721bba4,CID-103,2026-04-20,108.74,Discover,Completed,SampleGen
PAY-7ebebd20-df51-4b79-89c5-d3abbc58dc01,INV-7ebebd20-df51-4b79-89c5-d3abbc58dc01,CID-103,2025-12-03,815.59,Discover,Completed,SampleGen
PAY-15eb50e2-5b59-403c-8dcd-e71fc8222068,INV-15eb50e2-5b59-403c-8dcd-e71fc8222068,CID-103,2025-05-10,630.74,VISA,Completed,SampleGen
PAY-bb23581a-5f0a-4ab6-a23c-65829ae2d626,INV-bb23581a-5f0a-4ab6-a23c-65829ae2d626,CID-104,2026-02-23,2392.48,MC,Completed,SampleGen
PAY-e9c25534-360c-4a2b-8624-684e16642711,INV-e9c25534-360c-4a2b-8624-684e16642711,CID-104,2025-11-04,4241.21,AmEx,Completed,SampleGen
PAY-d93b9457-cf9d-4bb0-ad07-3a897c267440,INV-d93b9457-cf9d-4bb0-ad07-3a897c267440,CID-105,2025-08-07,260.98,MC,Completed,SampleGen
PAY-654ad8b9-e75e-44a5-859f-7b8a37c3bf32,INV-654ad8b9-e75e-44a5-859f-7b8a37c3bf32,CID-105,2025-11-10,86.99,MC,Completed,SampleGen
PAY-274dfdf5-784e-497c-a814-ae782dd00230,INV-274dfdf5-784e-497c-a814-ae782dd00230,CID-106,2025-09-22,717.72,MC,Completed,SampleGen
PAY-dd0f7f87-7c61-4b4d-9247-3e26addad2e3,INV-dd0f7f87-7c61-4b4d-9247-3e26addad2e3,CID-106,2026-03-02,1196.21,MC,Completed,SampleGen
PAY-af2d3585-75c4-4fc2-8b6b-c793be780d92,INV-af2d3585-75c4-4fc2-8b6b-c793be780d92,CID-106,2025-06-23,1533.32,AmEx,Completed,SampleGen
PAY-b7833041-4ddc-4ef4-bed4-c010f35d86a1,INV-b7833041-4ddc-4ef4-bed4-c010f35d86a1,CID-106,2026-02-14,3697.46,AmEx,Completed,SampleGen
PAY-40cc6fa0-4d24-4685-a98b-ebb2c695b241,INV-40cc6fa0-4d24-4685-a98b-ebb2c695b241,CID-107,2026-04-15,3061.26,AmEx,Completed,SampleGen
PAY-82ab1415-0c15-4570-95de-d4ed87284ed3,INV-82ab1415-0c15-4570-95de-d4ed87284ed3,CID-107,2025-07-12,674.22,MC,Completed,SampleGen
PAY-7c8346c1-081f-4379-b13a-2babb56fbc9e,INV-7c8346c1-081f-4379-b13a-2babb56fbc9e,CID-107,2025-04-25,532.84,PayPal,Completed,SampleGen
PAY-c108b5c1-f71f-400d-aee0-f6a9738fbf1a,INV-c108b5c1-f71f-400d-aee0-f6a9738fbf1a,CID-108,2025-01-03,3817.07,AmEx,Completed,SampleGen
PAY-54010956-291f-4678-a5cc-dbae93064f67,INV-54010956-291f-4678-a5cc-dbae93064f67,CID-108,2025-01-21,391.47,MC,Completed,SampleGen
PAY-13d89bbc-e194-42c5-9025-e7e09ede808c,INV-13d89bbc-e194-42c5-9025-e7e09ede808c,CID-108,2025-05-10,413.23,PayPal,Completed,SampleGen
PAY-446bc2db-8f1b-45c0-82e5-e448215ecfac,INV-446bc2db-8f1b-45c0-82e5-e448215ecfac,CID-108,2025-12-16,2664.32,MC,Completed,SampleGen
PAY-9429689c-e090-409c-a5a6-0c6bbef9d269,INV-9429689c-e090-409c-a5a6-0c6bbef9d269,CID-108,2026-04-23,413.22,Discover,Completed,SampleGen
PAY-3b122f8c-1043-45f4-a896-34dd99afd53d,INV-3b122f8c-1043-45f4-a896-34dd99afd53d,CID-109,2025-03-12,728.58,VISA,Completed,SampleGen
PAY-3746a86a-0452-426b-ad75-cff64749b17d,INV-3746a86a-0452-426b-ad75-cff64749b17d,CID-109,2026-03-31,1663.83,VISA,Completed,SampleGen
PAY-59835678-4d86-4836-b334-776e3177909f,INV-59835678-4d86-4836-b334-776e3177909f,CID-110,2026-03-17,685.09,Discover,Completed,SampleGen
PAY-520e0442-2ccd-413e-94e4-4050fe04aed5,INV-520e0442-2ccd-413e-94e4-4050fe04aed5,CID-110,2025-07-01,65.24,AmEx,Completed,SampleGen
PAY-6c511c71-5fae-45a2-8446-273222951746,INV-6c511c71-5fae-45a2-8446-273222951746,CID-111,2025-09-22,1174.46,PayPal,Completed,SampleGen
PAY-e22de4f5-4134-437b-b36b-5d12995f0b9b,INV-e22de4f5-4134-437b-b36b-5d12995f0b9b,CID-111,2025-02-07,434.98,Discover,Completed,SampleGen
PAY-defc798f-18a7-4004-bf66-3e3213d7533f,INV-defc798f-18a7-4004-bf66-3e3213d7533f,CID-111,2025-12-09,1685.56,VISA,Completed,SampleGen
PAY-05a83cc1-6d3b-403c-a030-d7559d603536,INV-05a83cc1-6d3b-403c-a030-d7559d603536,CID-112,2025-08-03,1304.95,VISA,Completed,SampleGen
PAY-bfcde78f-be06-4f17-9470-e5d1fab07ff1,INV-bfcde78f-be06-4f17-9470-e5d1fab07ff1,CID-112,2025-12-03,869.98,PayPal,Completed,SampleGen
PAY-7c5830d2-8e32-4e7b-83b0-e91e4c0720cc,INV-7c5830d2-8e32-4e7b-83b0-e91e4c0720cc,CID-112,2025-10-08,434.99,AmEx,Completed,SampleGen
PAY-9bb3fc03-a323-4327-b771-afd62db70bc4,INV-9bb3fc03-a323-4327-b771-afd62db70bc4,CID-113,2025-05-04,815.58,AmEx,Completed,SampleGen
PAY-0b7f63e6-06ad-44a9-b2d6-5ec0239aabdb,INV-0b7f63e6-06ad-44a9-b2d6-5ec0239aabdb,CID-114,2026-01-18,3893.21,VISA,Completed,SampleGen
PAY-cda13266-089b-4ee2-81f7-7160a2d5c332,INV-cda13266-089b-4ee2-81f7-7160a2d5c332,CID-114,2025-08-12,222.91,VISA,Completed,SampleGen
PAY-4221efcb-b022-4561-aeff-d17c6ee0555e,INV-4221efcb-b022-4561-aeff-d17c6ee0555e,CID-114,2025-05-24,641.58,Discover,Completed,SampleGen
PAY-eae10802-e306-4fc8-ab78-fc76143d6a39,INV-eae10802-e306-4fc8-ab78-fc76143d6a39,CID-115,2025-05-26,1848.73,Discover,Completed,SampleGen
PAY-49acdcec-1a0b-49c5-a9d7-5e870fc9c338,INV-49acdcec-1a0b-49c5-a9d7-5e870fc9c338,CID-115,2025-10-20,3001.46,VISA,Completed,SampleGen
PAY-59c62ab2-738e-4ae1-aa7d-2183a20812b4,INV-59c62ab2-738e-4ae1-aa7d-2183a20812b4,CID-115,2025-05-07,706.86,PayPal,Completed,SampleGen
PAY-c4e7b598-db65-4382-bc3b-067513c4c36e,INV-c4e7b598-db65-4382-bc3b-067513c4c36e,CID-115,2025-03-03,2164.06,AmEx,Completed,SampleGen
PAY-c5a288b7-8245-4146-a0ee-198326adb158,INV-c5a288b7-8245-4146-a0ee-198326adb158,CID-116,2025-11-02,2218.45,Discover,Completed,SampleGen
PAY-60d44775-4ac9-4eb4-9326-107fd29dfd5f,INV-60d44775-4ac9-4eb4-9326-107fd29dfd5f,CID-116,2025-12-08,706.86,AmEx,Completed,SampleGen
PAY-9980bfbd-64ea-48ca-908e-8750f644003b,INV-9980bfbd-64ea-48ca-908e-8750f644003b,CID-116,2026-03-28,1576.84,PayPal,Completed,SampleGen
PAY-0217f815-957e-41f7-94ff-887cd90d5e37,INV-0217f815-957e-41f7-94ff-887cd90d5e37,CID-116,2025-09-15,1120.1,AmEx,Completed,SampleGen
PAY-90093066-b61d-4d2b-85a9-f41bdbfc9437,INV-90093066-b61d-4d2b-85a9-f41bdbfc9437,CID-116,2025-03-13,130.49,VISA,Completed,SampleGen
PAY-0b3f5017-cac7-4830-9f52-eebadb1b287d,INV-0b3f5017-cac7-4830-9f52-eebadb1b287d,CID-117,2025-02-26,804.7,AmEx,Completed,SampleGen
PAY-9c28184d-93c9-4eb2-bf40-197d927ae284,INV-9c28184d-93c9-4eb2-bf40-197d927ae284,CID-117,2026-04-20,804.71,PayPal,Completed,SampleGen
PAY-85949468-d09a-4757-bd8b-11cdca881a6b,INV-85949468-d09a-4757-bd8b-11cdca881a6b,CID-117,2025-08-17,717.7,VISA,Completed,SampleGen
PAY-688a95fe-75e7-4c7b-83a8-568917a3b1d2,INV-688a95fe-75e7-4c7b-83a8-568917a3b1d2,CID-117,2025-05-29,293.6,PayPal,Completed,SampleGen
PAY-614f8ea8-491b-4d5c-9a1c-ab1d16394c77,INV-614f8ea8-491b-4d5c-9a1c-ab1d16394c77,CID-117,2025-01-03,4871.94,AmEx,Completed,SampleGen
PAY-dde77948-1408-4485-98f4-c77a1b02a3e1,INV-dde77948-1408-4485-98f4-c77a1b02a3e1,CID-118,2025-12-16,978.73,PayPal,Completed,SampleGen
PAY-91fd79d9-afa9-47b8-b15f-f1b24a43ddb0,INV-91fd79d9-afa9-47b8-b15f-f1b24a43ddb0,CID-118,2026-02-27,5437.43,PayPal,Completed,SampleGen
PAY-5f02249e-9f50-45c7-9893-564a6fa553dc,INV-5f02249e-9f50-45c7-9893-564a6fa553dc,CID-118,2025-11-08,1903.07,AmEx,Completed,SampleGen
PAY-71da507c-31ae-4715-a1f6-353edadec118,INV-71da507c-31ae-4715-a1f6-353edadec118,CID-119,2026-02-06,3349.45,VISA,Completed,SampleGen
PAY-be7d90d1-a285-4789-9f7b-92934fc496cc,INV-be7d90d1-a285-4789-9f7b-92934fc496cc,CID-119,2025-01-17,761.23,PayPal,Completed,SampleGen
PAY-40cf81da-4b52-44f3-a4f8-a64f99167da5,INV-40cf81da-4b52-44f3-a4f8-a64f99167da5,CID-119,2026-02-19,750.33,Discover,Completed,SampleGen
PAY-5c30c005-0b5f-4f27-9c81-70829e5f2c20,INV-5c30c005-0b5f-4f27-9c81-70829e5f2c20,CID-119,2025-06-27,326.24,VISA,Completed,SampleGen
PAY-ec9b094d-2f8b-41d6-8541-0fadda132ac3,INV-ec9b094d-2f8b-41d6-8541-0fadda132ac3,CID-120,2025-05-23,1478.94,VISA,Completed,SampleGen
PAY-1a8862ef-7a52-4232-af87-f8a3424900cd,INV-1a8862ef-7a52-4232-af87-f8a3424900cd,CID-120,2025-05-31,130.49,VISA,Completed,SampleGen
PAY-365c9790-09e1-45a7-81fa-16647423cec8,INV-365c9790-09e1-45a7-81fa-16647423cec8,CID-120,2026-02-16,2947.07,VISA,Completed,SampleGen
PAY-bf454391-f066-421a-b8e7-309ec818c11e,INV-bf454391-f066-421a-b8e7-309ec818c11e,CID-121,2026-01-26,723.16,AmEx,Completed,SampleGen
PAY-83f531fd-8571-4111-90a0-8e6cc5c706ab,INV-83f531fd-8571-4111-90a0-8e6cc5c706ab,CID-121,2026-04-20,2914.46,PayPal,Completed,SampleGen
PAY-b8a1fa3c-912b-4994-a5f5-0995350831fb,INV-b8a1fa3c-912b-4994-a5f5-0995350831fb,CID-121,2025-02-12,32.6,PayPal,Completed,SampleGen
PAY-784c8005-b8d6-4280-bac7-c6bff615e450,INV-784c8005-b8d6-4280-bac7-c6bff615e450,CID-121,2025-02-07,1435.46,AmEx,Completed,SampleGen
PAY-f0b69448-58ab-41a1-bf1d-34aa4f6b8143,INV-f0b69448-58ab-41a1-bf1d-34aa4f6b8143,CID-121,2025-08-29,1391.94,AmEx,Completed,SampleGen
PAY-6f2d3e2f-87af-4653-9754-c272b62a31d5,INV-6f2d3e2f-87af-4653-9754-c272b62a31d5,CID-122,2025-12-04,4023.69,MC,Completed,SampleGen
PAY-3eb34777-957a-4954-ae59-55c58d2aa6ef,INV-3eb34777-957a-4954-ae59-55c58d2aa6ef,CID-122,2025-07-15,2588.2,VISA,Completed,SampleGen
PAY-94ef5e53-ec2c-4ba9-8646-7c03a6e63d3d,INV-94ef5e53-ec2c-4ba9-8646-7c03a6e63d3d,CID-122,2025-10-05,3827.92,MC,Completed,SampleGen
PAY-7b810103-5537-4ef8-b575-e36c461ad4b6,INV-7b810103-5537-4ef8-b575-e36c461ad4b6,CID-122,2025-12-03,4143.3,PayPal,Completed,SampleGen
PAY-8e6f43f8-e4b3-4e3d-aca7-c646d58b31c7,INV-8e6f43f8-e4b3-4e3d-aca7-c646d58b31c7,CID-122,2025-05-11,1141.82,MC,Completed,SampleGen
PAY-37620165-dcd5-4ef7-a662-293081a0c165,INV-37620165-dcd5-4ef7-a662-293081a0c165,CID-123,2025-08-30,86.99,MC,Completed,SampleGen
PAY-e3a2a4b9-1abe-49d4-853d-e7c81914758a,INV-e3a2a4b9-1abe-49d4-853d-e7c81914758a,CID-123,2025-08-11,86.99,Discover,Completed,SampleGen
PAY-f41d0447-4cba-4c5a-a267-c7601d99a7e0,INV-f41d0447-4cba-4c5a-a267-c7601d99a7e0,CID-124,2025-12-12,1446.34,AmEx,Completed,SampleGen
PAY-360c3e98-56c2-45fe-834c-392eb71d9420,INV-360c3e98-56c2-45fe-834c-392eb71d9420,CID-124,2025-01-25,3077.58,Discover,Completed,SampleGen
PAY-9b483918-91ac-4858-8887-e50d4c4130a5,INV-9b483918-91ac-4858-8887-e50d4c4130a5,CID-124,2025-01-19,467.6,VISA,Completed,SampleGen
PAY-4b6e582d-f49b-42e1-b626-4a03f71579ab,INV-4b6e582d-f49b-42e1-b626-4a03f71579ab,CID-124,2026-01-06,1413.72,AmEx,Completed,SampleGen
PAY-491eb299-46c9-4a5c-91fa-e7f8d9881d4f,INV-491eb299-46c9-4a5c-91fa-e7f8d9881d4f,CID-125,2025-12-07,2229.34,VISA,Completed,SampleGen
PAY-07c776f5-0e92-44e3-b13d-4b0714a5ad5d,INV-07c776f5-0e92-44e3-b13d-4b0714a5ad5d,CID-126,2025-07-18,1957.48,PayPal,Completed,SampleGen
PAY-97f3de44-03d4-4ea3-98ac-85ce9fb59d4c,INV-97f3de44-03d4-4ea3-98ac-85ce9fb59d4c,CID-126,2025-03-19,1239.71,AmEx,Completed,SampleGen
PAY-5d672dbc-bc7d-4305-9df3-ea4295f58ece,INV-5d672dbc-bc7d-4305-9df3-ea4295f58ece,CID-127,2025-03-31,1043.94,PayPal,Completed,SampleGen
PAY-2faf6a7c-0aac-4198-86ad-e8c840ce4749,INV-2faf6a7c-0aac-4198-86ad-e8c840ce4749,CID-127,2025-05-27,2142.32,MC,Completed,SampleGen
PAY-5b852f7a-eaf3-4a94-bcf5-bc2b669369d8,INV-5b852f7a-eaf3-4a94-bcf5-bc2b669369d8,CID-128,2025-07-01,1076.6,MC,Completed,SampleGen
PAY-ad49ce1c-c953-408d-a516-4769fd40f85c,INV-ad49ce1c-c953-408d-a516-4769fd40f85c,CID-128,2025-12-13,956.97,VISA,Completed,SampleGen
PAY-ce5c542a-0826-4a44-8f5d-0f649de62fe1,INV-ce5c542a-0826-4a44-8f5d-0f649de62fe1,CID-128,2025-06-12,391.47,AmEx,Completed,SampleGen
PAY-d28264de-af36-44db-9364-93c5163c5b7c,INV-d28264de-af36-44db-9364-93c5163c5b7c,CID-128,2025-12-21,2707.82,AmEx,Completed,SampleGen
PAY-3a924b24-8932-4823-8a1b-085e18652d48,INV-3a924b24-8932-4823-8a1b-085e18652d48,CID-129,2026-02-13,3947.55,VISA,Completed,SampleGen
PAY-4a824256-2fe9-4ada-87c0-07a61a7e4441,INV-4a824256-2fe9-4ada-87c0-07a61a7e4441,CID-129,2026-04-05,86.99,PayPal,Completed,SampleGen
PAY-f249307c-261a-412d-bfae-ec185df3e772,INV-f249307c-261a-412d-bfae-ec185df3e772,CID-130,2025-12-24,4404.32,VISA,Completed,SampleGen
PAY-282ed326-a417-4a44-80a0-2d3c0d037bb4,INV-282ed326-a417-4a44-80a0-2d3c0d037bb4,CID-130,2025-03-01,2501.19,AmEx,Completed,SampleGen
PAY-fd3cb884-79b4-40f4-a01a-f4ba3f5fe5b0,INV-fd3cb884-79b4-40f4-a01a-f4ba3f5fe5b0,CID-131,2025-08-20,489.36,AmEx,Completed,SampleGen
PAY-79be5c9e-3898-4bf6-a17a-0f7490d062bc,INV-79be5c9e-3898-4bf6-a17a-0f7490d062bc,CID-131,2025-02-28,1859.58,AmEx,Completed,SampleGen
PAY-f8fc8c84-863f-43b7-bf7b-52a753dc5f7d,INV-f8fc8c84-863f-43b7-bf7b-52a753dc5f7d,CID-132,2025-11-28,1576.84,PayPal,Completed,SampleGen
PAY-29c6f9f4-af5c-4a72-9b33-6aaba033a018,INV-29c6f9f4-af5c-4a72-9b33-6aaba033a018,CID-133,2025-08-02,2631.68,MC,Completed,SampleGen
PAY-6544ae06-628b-405d-928d-bb37988d344f,INV-6544ae06-628b-405d-928d-bb37988d344f,CID-133,2025-05-19,478.46,MC,Completed,SampleGen
PAY-09baa6fb-2d22-499b-9b37-21d2870f7376,INV-09baa6fb-2d22-499b-9b37-21d2870f7376,CID-133,2025-07-03,1000.45,PayPal,Completed,SampleGen
PAY-a04ee3d4-ea51-4c98-a6d3-2b3df48601bb,INV-a04ee3d4-ea51-4c98-a6d3-2b3df48601bb,CID-133,2026-03-12,206.61,AmEx,Completed,SampleGen
PAY-420a4e87-a883-4938-9d43-0133d8007052,INV-420a4e87-a883-4938-9d43-0133d8007052,CID-134,2025-09-19,1065.72,Discover,Completed,SampleGen
PAY-cb87cbd0-92e4-487a-b53e-a6de940d88d1,INV-cb87cbd0-92e4-487a-b53e-a6de940d88d1,CID-134,2025-04-24,1609.47,VISA,Completed,SampleGen
PAY-935ca51d-2fdf-47b4-a49c-9be72e7fe780,INV-935ca51d-2fdf-47b4-a49c-9be72e7fe780,CID-134,2025-05-27,902.58,VISA,Completed,SampleGen
PAY-337149f3-1887-45aa-9587-bd2014fcb1db,INV-337149f3-1887-45aa-9587-bd2014fcb1db,CID-135,2025-06-05,2087.94,PayPal,Completed,SampleGen
PAY-64234227-070c-469c-b7ce-86fca75f2a9a,INV-64234227-070c-469c-b7ce-86fca75f2a9a,CID-135,2026-04-08,978.74,Discover,Completed,SampleGen
PAY-b002ea8c-1216-4af0-98b0-5a6b2e44e81a,INV-b002ea8c-1216-4af0-98b0-5a6b2e44e81a,CID-136,2025-05-14,761.23,PayPal,Completed,SampleGen
PAY-b8b93b67-0942-42b5-8e71-c324ddf68878,INV-b8b93b67-0942-42b5-8e71-c324ddf68878,CID-136,2025-11-26,3458.18,VISA,Completed,SampleGen
PAY-70308837-fd30-4c04-9bfc-a439b598b70c,INV-70308837-fd30-4c04-9bfc-a439b598b70c,CID-136,2025-06-03,1098.32,VISA,Completed,SampleGen
PAY-d01430eb-8642-4e50-bba6-c79a6dd5d282,INV-d01430eb-8642-4e50-bba6-c79a6dd5d282,CID-137,2026-01-18,326.24,VISA,Completed,SampleGen
PAY-f764cadb-aa13-4ac6-93bc-8f35aea0f906,INV-f764cadb-aa13-4ac6-93bc-8f35aea0f906,CID-137,2025-08-01,1761.71,VISA,Completed,SampleGen
PAY-c30eb610-cef1-42c6-b9db-6ec20d69ea89,INV-c30eb610-cef1-42c6-b9db-6ec20d69ea89,CID-137,2025-11-04,978.74,MC,Completed,SampleGen
PAY-356fe667-a36b-491a-88ec-8b917160260b,INV-356fe667-a36b-491a-88ec-8b917160260b,CID-138,2025-04-23,2348.95,VISA,Completed,SampleGen
PAY-8a49e4b4-e52c-4c3f-9248-79f5ddabe92b,INV-8a49e4b4-e52c-4c3f-9248-79f5ddabe92b,CID-138,2025-09-12,434.98,VISA,Completed,SampleGen
PAY-b11f07d8-c578-4a66-b3fb-e5edbcd5607e,INV-b11f07d8-c578-4a66-b3fb-e5edbcd5607e,CID-138,2025-05-05,869.99,VISA,Completed,SampleGen
PAY-022a0644-a78e-4256-a6a2-247486c0cbc9,INV-022a0644-a78e-4256-a6a2-247486c0cbc9,CID-139,2026-02-09,1087.47,VISA,Completed,SampleGen
PAY-eafbaf5e-f49f-44b7-807d-e4376f820c3d,INV-eafbaf5e-f49f-44b7-807d-e4376f820c3d,CID-139,2025-11-15,717.73,VISA,Completed,SampleGen
PAY-34cdcdae-7073-4a3d-aedf-e34d36a9c8fa,INV-34cdcdae-7073-4a3d-aedf-e34d36a9c8fa,CID-140,2025-02-22,1261.48,MC,Completed,SampleGen
PAY-b0e0e471-01d6-4d18-bb17-db1d433fe1b2,INV-b0e0e471-01d6-4d18-bb17-db1d433fe1b2,CID-140,2025-12-12,2256.52,VISA,Completed,SampleGen
PAY-efb8cdd3-5aec-4724-b184-3b1df6c60332,INV-efb8cdd3-5aec-4724-b184-3b1df6c60332,CID-141,2025-03-19,1674.69,AmEx,Completed,SampleGen
PAY-bf6ef3ca-7a0d-4c9b-a4fe-9aaa9111ccad,INV-bf6ef3ca-7a0d-4c9b-a4fe-9aaa9111ccad,CID-141,2026-02-06,163.11,MC,Completed,SampleGen
PAY-519a5e79-1506-4469-97e6-a65fcce7164f,INV-519a5e79-1506-4469-97e6-a65fcce7164f,CID-142,2025-11-11,3806.2,AmEx,Completed,SampleGen
PAY-ce25d8ff-2a94-4505-8725-309f94be3926,INV-ce25d8ff-2a94-4505-8725-309f94be3926,CID-143,2025-12-11,1810.64,VISA,Completed,SampleGen
PAY-9c570d34-67e3-442f-9dfa-eeb7ea90c03b,INV-9c570d34-67e3-442f-9dfa-eeb7ea90c03b,CID-143,2025-06-23,1576.83,MC,Completed,SampleGen
PAY-92280e85-903f-4ed4-bc5f-e4a012901e6f,INV-92280e85-903f-4ed4-bc5f-e4a012901e6f,CID-144,2025-01-03,271.86,MC,Completed,SampleGen
PAY-21615e0f-3fba-4f37-8949-b470490eef42,INV-21615e0f-3fba-4f37-8949-b470490eef42,CID-145,2025-09-14,652.48,AmEx,Completed,SampleGen
PAY-65da4932-fee4-4f66-838b-a253edff8d8e,INV-65da4932-fee4-4f66-838b-a253edff8d8e,CID-146,2025-02-09,489.36,VISA,Completed,SampleGen
PAY-e46a5d37-2126-4916-a010-5bd191ef9136,INV-e46a5d37-2126-4916-a010-5bd191ef9136,CID-146,2025-07-10,946.08,PayPal,Completed,SampleGen
PAY-48140546-524d-4cc1-aca3-d11dec40a7cf,INV-48140546-524d-4cc1-aca3-d11dec40a7cf,CID-146,2025-03-06,3806.22,PayPal,Completed,SampleGen
PAY-04971572-f5b3-4488-bd67-ea46301e0573,INV-04971572-f5b3-4488-bd67-ea46301e0573,CID-147,2025-09-12,3425.58,VISA,Completed,SampleGen
PAY-367cfb44-12f1-407c-962e-dee6a58705f5,INV-367cfb44-12f1-407c-962e-dee6a58705f5,CID-147,2025-04-03,1729.07,MC,Completed,SampleGen
PAY-0702656b-2afd-4726-aead-e786806a6fae,INV-0702656b-2afd-4726-aead-e786806a6fae,CID-147,2025-09-14,1413.73,VISA,Completed,SampleGen
PAY-682f1d70-18eb-408e-8536-6bd3ba09bcc4,INV-682f1d70-18eb-408e-8536-6bd3ba09bcc4,CID-147,2025-10-26,195.74,AmEx,Completed,SampleGen
PAY-96031707-2b40-4ab6-b6a6-8503d596fc9a,INV-96031707-2b40-4ab6-b6a6-8503d596fc9a,CID-148,2025-03-30,967.84,VISA,Completed,SampleGen
PAY-cf0a1948-2ed9-4560-8b49-2e7c8e1069c5,INV-cf0a1948-2ed9-4560-8b49-2e7c8e1069c5,CID-148,2025-03-11,543.73,VISA,Completed,SampleGen
PAY-0c15d1d1-f39e-4903-968a-9134f86a83f9,INV-0c15d1d1-f39e-4903-968a-9134f86a83f9,CID-149,2026-01-19,1141.83,VISA,Completed,SampleGen
PAY-53e7ec30-71a1-4717-af48-af66b8b55bcb,INV-53e7ec30-71a1-4717-af48-af66b8b55bcb,CID-149,2025-07-14,2066.21,PayPal,Completed,SampleGen
PAY-9328dd59-8e08-49d7-ae8b-52afdc626a3e,INV-9328dd59-8e08-49d7-ae8b-52afdc626a3e,CID-149,2025-05-11,706.86,AmEx,Completed,SampleGen
PAY-8916be7f-02d4-4fb3-8b76-be8370adc639,INV-8916be7f-02d4-4fb3-8b76-be8370adc639,CID-149,2025-08-16,1685.57,VISA,Completed,SampleGen
PAY-a5c08a9b-5ab7-4506-a8fd-154190bb562e,INV-a5c08a9b-5ab7-4506-a8fd-154190bb562e,CID-150,2025-12-16,2098.82,MC,Completed,SampleGen
PAY-1c638cd2-35d2-4bdb-9f9e-7ad384c1f359,INV-1c638cd2-35d2-4bdb-9f9e-7ad384c1f359,CID-150,2025-05-19,761.22,VISA,Completed,SampleGen
PAY-1f6661a6-fb2e-43d8-9c5a-8dbf6199d221,INV-1f6661a6-fb2e-43d8-9c5a-8dbf6199d221,CID-150,2025-10-28,424.09,MC,Completed,SampleGen
PAY-56b69f51-c140-4257-9690-28e968ddc01e,INV-56b69f51-c140-4257-9690-28e968ddc01e,CID-151,2026-03-20,2240.19,PayPal,Completed,SampleGen
PAY-d2bc0503-115d-4bd7-a32d-8fb9955ea452,INV-d2bc0503-115d-4bd7-a32d-8fb9955ea452,CID-151,2025-06-15,86.99,MC,Completed,SampleGen
PAY-54bdde8f-dc5b-487b-99f6-7198f57929d8,INV-54bdde8f-dc5b-487b-99f6-7198f57929d8,CID-152,2025-06-30,2827.48,MC,Completed,SampleGen
PAY-e5c01a1b-7aa7-4c76-b94c-485d903d9963,INV-e5c01a1b-7aa7-4c76-b94c-485d903d9963,CID-153,2025-05-02,413.23,MC,Completed,SampleGen
PAY-6215f411-bb6d-474a-b7ec-9a6f21b7fc58,INV-6215f411-bb6d-474a-b7ec-9a6f21b7fc58,CID-154,2025-08-14,413.23,VISA,Completed,SampleGen
PAY-e5af509b-1a16-48d8-82cd-317bb7143f3f,INV-e5af509b-1a16-48d8-82cd-317bb7143f3f,CID-155,2025-06-06,260.98,PayPal,Completed,SampleGen
PAY-0cde04b0-0c15-494e-99b3-dae512c62c65,INV-0cde04b0-0c15-494e-99b3-dae512c62c65,CID-155,2025-05-21,1957.48,VISA,Completed,SampleGen
PAY-0a27becc-8053-44ac-9639-5cc7f315f6eb,INV-0a27becc-8053-44ac-9639-5cc7f315f6eb,CID-156,2026-02-02,1196.23,PayPal,Completed,SampleGen
PAY-166824b7-7589-4172-a5f0-bb1e5c6e8aab,INV-166824b7-7589-4172-a5f0-bb1e5c6e8aab,CID-157,2026-01-30,2838.31,PayPal,Completed,SampleGen
PAY-236fddaa-3c1f-44ad-b18e-a8f349f56a5c,INV-236fddaa-3c1f-44ad-b18e-a8f349f56a5c,CID-157,2025-02-23,2827.48,MC,Completed,SampleGen
PAY-abe43e14-994e-433e-9b1c-86bf4581e4ec,INV-abe43e14-994e-433e-9b1c-86bf4581e4ec,CID-158,2026-04-27,500.22,MC,Completed,SampleGen
PAY-52f9c2a4-54da-40fb-acbd-77bf532acb5e,INV-52f9c2a4-54da-40fb-acbd-77bf532acb5e,CID-158,2026-01-24,1935.71,AmEx,Completed,SampleGen
PAY-5ad1d276-25e6-4365-9208-06c654a205f3,INV-5ad1d276-25e6-4365-9208-06c654a205f3,CID-159,2025-09-15,1957.46,PayPal,Completed,SampleGen
PAY-e79b8eef-b1b9-493e-8249-49415b1a5bab,INV-e79b8eef-b1b9-493e-8249-49415b1a5bab,CID-159,2025-03-23,924.34,PayPal,Completed,SampleGen
PAY-86ca3687-fdd0-40a2-9432-323dfb1e43af,INV-86ca3687-fdd0-40a2-9432-323dfb1e43af,CID-159,2026-03-10,1957.48,MC,Completed,SampleGen
PAY-c20a1df7-3f89-4faf-ad4a-11435d56fa94,INV-c20a1df7-3f89-4faf-ad4a-11435d56fa94,CID-160,2025-06-09,511.08,Discover,Completed,SampleGen
PAY-74ebd150-b0c5-4d68-a64c-3cbe4a3d1a2f,INV-74ebd150-b0c5-4d68-a64c-3cbe4a3d1a2f,CID-160,2025-01-07,1413.74,MC,Completed,SampleGen
PAY-d107213a-3697-4227-9dbb-e342eff0c0e4,INV-d107213a-3697-4227-9dbb-e342eff0c0e4,CID-161,2025-11-21,380.6,VISA,Completed,SampleGen
PAY-4dc84b38-3024-40f8-a986-10c5a2c61601,INV-4dc84b38-3024-40f8-a986-10c5a2c61601,CID-161,2025-12-03,4295.58,Discover,Completed,SampleGen
PAY-dd5ed6ba-1e95-4b1e-80d8-0bea278b5e5a,INV-dd5ed6ba-1e95-4b1e-80d8-0bea278b5e5a,CID-161,2025-01-23,456.72,MC,Completed,SampleGen
PAY-55735925-d766-4bac-af12-551bb2d232df,INV-55735925-d766-4bac-af12-551bb2d232df,CID-162,2025-04-20,880.81,VISA,Completed,SampleGen
PAY-c9eb7b95-bfb9-4c4e-a109-94117a2e5cba,INV-c9eb7b95-bfb9-4c4e-a109-94117a2e5cba,CID-163,2026-02-08,652.48,PayPal,Completed,SampleGen
PAY-912b0ce8-a13c-4062-9f1f-9ff83f6293a9,INV-912b0ce8-a13c-4062-9f1f-9ff83f6293a9,CID-163,2025-12-02,2087.96,MC,Completed,SampleGen
PAY-bd6cbe7b-2f7b-4550-8a13-94e456619419,INV-bd6cbe7b-2f7b-4550-8a13-94e456619419,CID-163,2025-10-24,5002.44,VISA,Completed,SampleGen
PAY-d705d897-36aa-4004-be25-4516317c0bee,INV-d705d897-36aa-4004-be25-4516317c0bee,CID-163,2026-03-06,869.98,AmEx,Completed,SampleGen
PAY-fc5f7106-5d54-46ca-820f-83d6e11d70e5,INV-fc5f7106-5d54-46ca-820f-83d6e11d70e5,CID-164,2025-12-30,1478.96,PayPal,Completed,SampleGen
PAY-6daa659f-b4fe-4038-a6f0-c390a1c393ed,INV-6daa659f-b4fe-4038-a6f0-c390a1c393ed,CID-165,2026-04-29,706.82,AmEx,Completed,SampleGen
PAY-e087b496-855a-4894-bc86-2e90af713113,INV-e087b496-855a-4894-bc86-2e90af713113,CID-166,2025-04-25,869.98,MC,Completed,SampleGen
PAY-83e7655b-191f-4c00-934e-be4c10a03805,INV-83e7655b-191f-4c00-934e-be4c10a03805,CID-166,2025-05-16,1266.88,Discover,Completed,SampleGen
PAY-375fcc04-c34f-4d26-ba27-67a41399c992,INV-375fcc04-c34f-4d26-ba27-67a41399c992,CID-166,2025-05-12,2381.58,MC,Completed,SampleGen
PAY-f4339fb0-1085-49fc-9aed-2cc373bfa995,INV-f4339fb0-1085-49fc-9aed-2cc373bfa995,CID-166,2025-11-12,2827.43,MC,Completed,SampleGen
PAY-d86640a4-77a7-47c0-96d6-bdd4c56839ef,INV-d86640a4-77a7-47c0-96d6-bdd4c56839ef,CID-166,2026-04-04,532.83,MC,Completed,SampleGen
PAY-2b5916d6-c05a-49e1-9094-163954a48b37,INV-2b5916d6-c05a-49e1-9094-163954a48b37,CID-166,2025-03-23,1913.96,MC,Completed,SampleGen
PAY-5b0a2065-ad32-4d24-98bf-93de8a04ac90,INV-5b0a2065-ad32-4d24-98bf-93de8a04ac90,CID-166,2026-04-12,978.74,VISA,Completed,SampleGen
PAY-2f9e18a1-9745-4c75-b93e-631bcb7bee1e,INV-2f9e18a1-9745-4c75-b93e-631bcb7bee1e,CID-166,2025-09-07,2827.48,MC,Completed,SampleGen
PAY-4721f653-3970-48b1-9ee9-0295329a71d4,INV-4721f653-3970-48b1-9ee9-0295329a71d4,CID-166,2026-03-04,86.99,PayPal,Completed,SampleGen
PAY-c9e822e2-3499-432e-8b78-a70f48e277fd,INV-c9e822e2-3499-432e-8b78-a70f48e277fd,CID-166,2026-01-16,3077.57,MC,Completed,SampleGen
PAY-f08236ce-8177-466b-b46d-435efbbe7e74,INV-f08236ce-8177-466b-b46d-435efbbe7e74,CID-166,2025-04-07,1522.45,MC,Completed,SampleGen
PAY-3dbfae04-2dfa-4d36-ab0d-1fed3093c0fa,INV-3dbfae04-2dfa-4d36-ab0d-1fed3093c0fa,CID-167,2025-11-29,2936.19,AmEx,Completed,SampleGen
PAY-7fe84c25-8627-4429-9057-98b00fb2a980,INV-7fe84c25-8627-4429-9057-98b00fb2a980,CID-167,2025-09-19,1337.58,AmEx,Completed,SampleGen
PAY-8ede5dfe-948e-4e6a-bd53-01ce79211b30,INV-8ede5dfe-948e-4e6a-bd53-01ce79211b30,CID-167,2025-02-02,489.36,VISA,Completed,SampleGen
PAY-125b2733-8c6a-40ac-bdff-c310e533ee2b,INV-125b2733-8c6a-40ac-bdff-c310e533ee2b,CID-167,2026-03-28,532.84,MC,Completed,SampleGen
PAY-8f8bc759-1431-4ed7-838a-3876e5f17857,INV-8f8bc759-1431-4ed7-838a-3876e5f17857,CID-168,2025-05-14,489.34,MC,Completed,SampleGen
PAY-993227d2-c65e-4943-971a-bcf382ba474c,INV-993227d2-c65e-4943-971a-bcf382ba474c,CID-168,2025-12-24,4567.46,VISA,Completed,SampleGen
PAY-9b84caa5-dc50-4e58-a6a3-ab9cf63d3e75,INV-9b84caa5-dc50-4e58-a6a3-ab9cf63d3e75,CID-168,2025-09-24,956.96,VISA,Completed,SampleGen
PAY-26f35329-8a7c-4e2b-aa55-cafe567d4429,INV-26f35329-8a7c-4e2b-aa55-cafe567d4429,CID-168,2025-09-03,1413.73,VISA,Completed,SampleGen
PAY-e469c8aa-1d1e-4a66-85a6-8783674f3286,INV-e469c8aa-1d1e-4a66-85a6-8783674f3286,CID-169,2025-05-20,804.72,PayPal,Completed,SampleGen
PAY-56e05f2e-52b1-4a83-8232-996ef2842e3f,INV-56e05f2e-52b1-4a83-8232-996ef2842e3f,CID-169,2025-08-25,326.24,VISA,Completed,SampleGen
PAY-59e72381-a15e-4c8f-8c56-974aba1be694,INV-59e72381-a15e-4c8f-8c56-974aba1be694,CID-170,2026-02-25,2446.83,MC,Completed,SampleGen
PAY-664b49d1-1f32-4b28-8c34-3e7aff3af150,INV-664b49d1-1f32-4b28-8c34-3e7aff3af150,CID-171,2026-04-27,1413.73,AmEx,Completed,SampleGen
PAY-6ca67c34-d2da-407b-9d99-e84fe03d20ab,INV-6ca67c34-d2da-407b-9d99-e84fe03d20ab,CID-171,2025-09-20,380.61,VISA,Completed,SampleGen
PAY-b8409356-8fde-4478-b3fc-6846ad1e8f6b,INV-b8409356-8fde-4478-b3fc-6846ad1e8f6b,CID-171,2025-03-12,2229.32,VISA,Completed,SampleGen
PAY-88a87720-528c-468d-96de-4bd688a1b0f8,INV-88a87720-528c-468d-96de-4bd688a1b0f8,CID-172,2025-01-02,2827.48,MC,Completed,SampleGen
PAY-b553b7a9-863a-482c-814d-cae7b44dcf3c,INV-b553b7a9-863a-482c-814d-cae7b44dcf3c,CID-172,2025-09-26,1402.81,MC,Completed,SampleGen
PAY-41268a04-0cf4-4511-93a1-697d58a98b9d,INV-41268a04-0cf4-4511-93a1-697d58a98b9d,CID-172,2025-06-18,869.94,VISA,Completed,SampleGen
PAY-88a483ae-cb25-4deb-a173-610f0083f2d0,INV-88a483ae-cb25-4deb-a173-610f0083f2d0,CID-172,2025-01-19,543.73,VISA,Completed,SampleGen
PAY-4a868353-4526-4432-966f-5d4b42860b0c,INV-4a868353-4526-4432-966f-5d4b42860b0c,CID-172,2025-03-30,967.82,AmEx,Completed,SampleGen
PAY-18e23819-2436-4c06-9462-b5a69b33a7e0,INV-18e23819-2436-4c06-9462-b5a69b33a7e0,CID-173,2025-12-23,978.74,MC,Completed,SampleGen
PAY-b54ac488-b595-4789-9dda-c6b4049c6030,INV-b54ac488-b595-4789-9dda-c6b4049c6030,CID-173,2025-12-27,1413.74,AmEx,Completed,SampleGen
PAY-93da46fb-27ef-444e-9320-1f0511499fec,INV-93da46fb-27ef-444e-9320-1f0511499fec,CID-173,2025-05-27,206.61,MC,Completed,SampleGen
PAY-d9cead58-3c63-43cc-aabf-2015bbe605b4,INV-d9cead58-3c63-43cc-aabf-2015bbe605b4,CID-174,2025-06-06,293.6,VISA,Completed,SampleGen
PAY-4983b67d-38dc-4a78-9ac2-278a78c2b016,INV-4983b67d-38dc-4a78-9ac2-278a78c2b016,CID-174,2026-03-09,347.98,MC,Completed,SampleGen
PAY-f171cbca-079c-4044-b1a7-b3fa2b9447e2,INV-f171cbca-079c-4044-b1a7-b3fa2b9447e2,CID-174,2026-01-02,630.74,MC,Completed,SampleGen
PAY-e5cec0ed-1287-4e4a-8d7d-daddd91ce357,INV-e5cec0ed-1287-4e4a-8d7d-daddd91ce357,CID-175,2025-10-20,358.84,VISA,Completed,SampleGen
PAY-d09e9ef0-0468-4106-a504-bcf9b5d97ad0,INV-d09e9ef0-0468-4106-a504-bcf9b5d97ad0,CID-175,2025-07-12,1261.48,AmEx,Completed,SampleGen
PAY-2067eb2c-23e7-41d0-a2db-f6c79e79962a,INV-2067eb2c-23e7-41d0-a2db-f6c79e79962a,CID-176,2025-02-08,65.24,PayPal,Completed,SampleGen
PAY-bfa961a5-1fac-46f7-9cd1-d90ae2e5efa7,INV-bfa961a5-1fac-46f7-9cd1-d90ae2e5efa7,CID-176,2025-04-28,598.08,MC,Completed,SampleGen
PAY-3ac0b255-674a-4524-939b-2807071f8370,INV-3ac0b255-674a-4524-939b-2807071f8370,CID-176,2025-06-20,2142.32,PayPal,Completed,SampleGen
PAY-bd921e3a-5f79-44b0-8358-b5df4263ae13,INV-bd921e3a-5f79-44b0-8358-b5df4263ae13,CID-176,2026-04-08,2338.07,PayPal,Completed,SampleGen
PAY-0074b4cc-540d-406c-999c-d737522c8215,INV-0074b4cc-540d-406c-999c-d737522c8215,CID-177,2025-02-09,1304.98,VISA,Completed,SampleGen
PAY-fbccf8fc-9224-4a74-bfc0-336119c58a9a,INV-fbccf8fc-9224-4a74-bfc0-336119c58a9a,CID-177,2025-09-08,1805.2,VISA,Completed,SampleGen
PAY-ec3c4c55-e719-4a85-9485-181b189428ba,INV-ec3c4c55-e719-4a85-9485-181b189428ba,CID-178,2025-05-08,1109.21,AmEx,Completed,SampleGen
PAY-e0ca2107-bb81-4247-b2a7-57f19b5bd3b7,INV-e0ca2107-bb81-4247-b2a7-57f19b5bd3b7,CID-178,2025-12-04,3338.55,MC,Completed,SampleGen
PAY-350b724f-aff7-4f40-bc84-2d3d0d2691ad,INV-350b724f-aff7-4f40-bc84-2d3d0d2691ad,CID-179,2026-04-01,1391.93,AmEx,Completed,SampleGen
PAY-8398411d-49a4-4580-8c84-47142a1ec232,INV-8398411d-49a4-4580-8c84-47142a1ec232,CID-179,2025-01-31,978.74,AmEx,Completed,SampleGen
PAY-6626d672-21d1-425f-8eca-9c9051de58bc,INV-6626d672-21d1-425f-8eca-9c9051de58bc,CID-180,2026-02-05,1033.1,VISA,Completed,SampleGen
PAY-53ca4f30-e68f-483b-8fde-8163b1c22454,INV-53ca4f30-e68f-483b-8fde-8163b1c22454,CID-180,2025-02-13,217.48,PayPal,Completed,SampleGen
PAY-ec20d2c5-c241-4b43-9da7-e364766b94fc,INV-ec20d2c5-c241-4b43-9da7-e364766b94fc,CID-180,2025-05-20,326.24,VISA,Completed,SampleGen
PAY-32f29c30-762c-45e7-8f66-b6fd45941773,INV-32f29c30-762c-45e7-8f66-b6fd45941773,CID-180,2026-02-04,4295.55,AmEx,Completed,SampleGen
PAY-1ff28c39-cd74-431c-8e8d-59ea843a32a2,INV-1ff28c39-cd74-431c-8e8d-59ea843a32a2,CID-181,2025-05-10,2414.18,MC,Completed,SampleGen
PAY-4f2845c0-5517-4251-b816-bf8ee7cb39d5,INV-4f2845c0-5517-4251-b816-bf8ee7cb39d5,CID-182,2026-03-28,543.73,MC,Completed,SampleGen
PAY-5637c848-5692-449c-83f4-053ddeb1b398,INV-5637c848-5692-449c-83f4-053ddeb1b398,CID-183,2025-06-17,793.85,VISA,Completed,SampleGen
PAY-1d2ab3cf-ed50-440b-8547-4bdf83ec9c68,INV-1d2ab3cf-ed50-440b-8547-4bdf83ec9c68,CID-184,2025-06-03,206.61,PayPal,Completed,SampleGen
PAY-d99ea2ec-e935-4f2e-98b9-902b9c88c0c8,INV-d99ea2ec-e935-4f2e-98b9-902b9c88c0c8,CID-184,2025-02-17,271.86,MC,Completed,SampleGen
PAY-b0791175-99a9-430b-a450-ca84b43af445,INV-b0791175-99a9-430b-a450-ca84b43af445,CID-184,2025-01-20,924.35,Discover,Completed,SampleGen
PAY-1d3ea9df-2900-46e7-b74d-54936f7b2b65,INV-1d3ea9df-2900-46e7-b74d-54936f7b2b65,CID-184,2026-01-25,1337.57,AmEx,Completed,SampleGen
PAY-e108c0b9-7651-41ea-8109-b99ce32e8c2e,INV-e108c0b9-7651-41ea-8109-b99ce32e8c2e,CID-184,2025-01-22,434.99,VISA,Completed,SampleGen
PAY-4275150f-5ddf-4537-adf6-f51188b93f5f,INV-4275150f-5ddf-4537-adf6-f51188b93f5f,CID-185,2025-06-04,2153.2,VISA,Completed,SampleGen
PAY-89cee406-1da2-40b7-bacb-6c27a87eec93,INV-89cee406-1da2-40b7-bacb-6c27a87eec93,CID-185,2025-08-14,1870.47,MC,Completed,SampleGen
PAY-3866ebb4-168b-4b4c-b86a-669e0eef2993,INV-3866ebb4-168b-4b4c-b86a-669e0eef2993,CID-186,2026-03-13,598.11,Discover,Completed,SampleGen
PAY-f562381f-e12b-4049-97b2-775a9810f6b1,INV-f562381f-e12b-4049-97b2-775a9810f6b1,CID-186,2025-02-12,4893.69,AmEx,Completed,SampleGen
PAY-660abb5f-d855-46b9-9c2a-31a0ffd04650,INV-660abb5f-d855-46b9-9c2a-31a0ffd04650,CID-187,2025-09-03,1141.84,MC,Completed,SampleGen
PAY-b132b281-808b-400c-8fa0-2b0f88b98b2e,INV-b132b281-808b-400c-8fa0-2b0f88b98b2e,CID-187,2025-02-24,1794.34,MC,Completed,SampleGen
PAY-f9bbe71a-0ce5-413b-8dc0-a918c067477c,INV-f9bbe71a-0ce5-413b-8dc0-a918c067477c,CID-187,2025-06-25,206.61,VISA,Completed,SampleGen
PAY-1e3fd346-7b31-4d87-b097-ec1771bfee1b,INV-1e3fd346-7b31-4d87-b097-ec1771bfee1b,CID-188,2025-02-07,347.97,VISA,Completed,SampleGen
PAY-e979e80c-d2c6-47f3-8651-987da9aa60e7,INV-e979e80c-d2c6-47f3-8651-987da9aa60e7,CID-188,2025-12-30,685.09,VISA,Completed,SampleGen
PAY-9f8f08b4-ba85-41fe-8b13-a369379abff6,INV-9f8f08b4-ba85-41fe-8b13-a369379abff6,CID-188,2025-02-04,2609.94,VISA,Completed,SampleGen
PAY-490e1a3f-e185-4a33-b2ca-13657b5d7272,INV-490e1a3f-e185-4a33-b2ca-13657b5d7272,CID-188,2026-03-04,978.72,VISA,Completed,SampleGen
PAY-1941aedf-0f48-493c-a7c2-3c2746227aa9,INV-1941aedf-0f48-493c-a7c2-3c2746227aa9,CID-189,2025-12-25,5328.69,MC,Completed,SampleGen
PAY-6bfbfdc2-4742-4ac0-b3e0-e59e6966ec41,INV-6bfbfdc2-4742-4ac0-b3e0-e59e6966ec41,CID-189,2025-11-01,1663.83,MC,Completed,SampleGen
PAY-2e57ad8d-3896-4a97-b939-31301fb520b0,INV-2e57ad8d-3896-4a97-b939-31301fb520b0,CID-190,2026-02-01,1957.48,VISA,Completed,SampleGen
PAY-2284deb2-80ba-4a78-886f-a36967dc726a,INV-2284deb2-80ba-4a78-886f-a36967dc726a,CID-190,2025-08-01,1207.08,MC,Completed,SampleGen
PAY-2592e7b1-cf55-4aaf-af77-1369e705c862,INV-2592e7b1-cf55-4aaf-af77-1369e705c862,CID-191,2025-12-26,3871.44,PayPal,Completed,SampleGen
PAY-c8e78dff-8ec8-4676-94ee-caab3b481d9a,INV-c8e78dff-8ec8-4676-94ee-caab3b481d9a,CID-191,2025-06-15,130.49,PayPal,Completed,SampleGen
PAY-0290ec09-45be-4afa-9a81-3b8bf57cbfa2,INV-0290ec09-45be-4afa-9a81-3b8bf57cbfa2,CID-192,2025-02-22,630.73,VISA,Completed,SampleGen
PAY-a3b169f0-fb9a-4c1b-9074-df7798c38ebe,INV-a3b169f0-fb9a-4c1b-9074-df7798c38ebe,CID-192,2025-02-11,3806.18,VISA,Completed,SampleGen
PAY-a22710f7-251c-43a8-9a0c-6a3d868522b2,INV-a22710f7-251c-43a8-9a0c-6a3d868522b2,CID-194,2026-02-11,4067.2,MC,Completed,SampleGen
PAY-a86386a5-d894-48a6-9b1f-eff15cf3d3a2,INV-a86386a5-d894-48a6-9b1f-eff15cf3d3a2,CID-194,2026-02-13,271.86,PayPal,Completed,SampleGen
PAY-5ab6a94d-a056-4904-a97f-d99eb6ae34b9,INV-5ab6a94d-a056-4904-a97f-d99eb6ae34b9,CID-195,2025-05-30,2468.55,PayPal,Completed,SampleGen
PAY-11078440-0be5-4d0c-a709-7735ba289223,INV-11078440-0be5-4d0c-a709-7735ba289223,CID-195,2025-05-10,1185.35,MC,Completed,SampleGen
PAY-7a8a8b5d-fe8a-4b4f-9393-573baa997082,INV-7a8a8b5d-fe8a-4b4f-9393-573baa997082,CID-195,2025-03-04,163.11,VISA,Completed,SampleGen
PAY-f1422c93-c384-4369-8249-53de3f0694c5,INV-f1422c93-c384-4369-8249-53de3f0694c5,CID-195,2025-08-05,3458.2,Discover,Completed,SampleGen
PAY-429f5285-0755-42a1-83ab-d287c950fa4f,INV-429f5285-0755-42a1-83ab-d287c950fa4f,CID-196,2025-03-23,2501.21,Discover,Completed,SampleGen
PAY-4e1113be-0a9e-40d6-88d7-587c9f144daa,INV-4e1113be-0a9e-40d6-88d7-587c9f144daa,CID-197,2025-02-13,1631.22,MC,Completed,SampleGen
PAY-8efc98fe-a739-467a-b536-305e227ad054,INV-8efc98fe-a739-467a-b536-305e227ad054,CID-197,2025-10-01,3305.92,PayPal,Completed,SampleGen
PAY-c75d27ef-a2b0-4b76-b347-94f4b8080e5e,INV-c75d27ef-a2b0-4b76-b347-94f4b8080e5e,CID-197,2025-11-19,1685.6,Discover,Completed,SampleGen
PAY-bf520e8f-21d5-4b83-8979-1db412ce79c8,INV-bf520e8f-21d5-4b83-8979-1db412ce79c8,CID-197,2026-02-03,1783.45,MC,Completed,SampleGen
PAY-42f60174-b210-4f1c-bba6-a49561dcee3c,INV-42f60174-b210-4f1c-bba6-a49561dcee3c,CID-197,2025-12-22,1576.81,PayPal,Completed,SampleGen
PAY-3bad2944-c50f-4e01-b55e-9d88b8753677,INV-3bad2944-c50f-4e01-b55e-9d88b8753677,CID-197,2025-10-12,3708.3,MC,Completed,SampleGen
PAY-1d4fefee-db5e-4167-b4d6-6eff77546b3d,INV-1d4fefee-db5e-4167-b4d6-6eff77546b3d,CID-197,2025-10-11,1642.09,Discover,Completed,SampleGen
PAY-12c8fd1e-d52c-4a4f-9a0a-1b6ea2399efb,INV-12c8fd1e-d52c-4a4f-9a0a-1b6ea2399efb,CID-198,2026-01-09,1250.58,Discover,Completed,SampleGen
PAY-0cf618b1-256b-414b-b8db-7d28b0628c48,INV-0cf618b1-256b-414b-b8db-7d28b0628c48,CID-198,2025-12-16,282.73,VISA,Completed,SampleGen
PAY-b01ee9c3-a3ee-43d0-a05f-b4884081fc0f,INV-b01ee9c3-a3ee-43d0-a05f-b4884081fc0f,CID-198,2025-02-28,1435.44,PayPal,Completed,SampleGen
PAY-1727b452-619c-418a-a2d7-46514bd19066,INV-1727b452-619c-418a-a2d7-46514bd19066,CID-198,2025-03-18,260.98,Discover,Completed,SampleGen
PAY-272c38ca-3661-46b3-b7c6-164ad2945473,INV-272c38ca-3661-46b3-b7c6-164ad2945473,CID-199,2025-02-12,4404.31,VISA,Completed,SampleGen
PAY-e5297dbd-6b32-45a4-8a09-bc01d82e1b51,INV-e5297dbd-6b32-45a4-8a09-bc01d82e1b51,CID-199,2025-01-07,326.24,PayPal,Completed,SampleGen
PAY-1ffef721-f043-44c7-87f7-f34da91b3ae7,INV-1ffef721-f043-44c7-87f7-f34da91b3ae7,CID-200,2025-01-03,380.61,MC,Completed,SampleGen
PAY-beae5dbe-45af-4cd2-89aa-b22307a3b245,INV-beae5dbe-45af-4cd2-89aa-b22307a3b245,CID-200,2025-07-15,1413.73,VISA,Completed,SampleGen
PAY-2d78603a-471a-47bf-a6a9-b705500ef6e1,INV-2d78603a-471a-47bf-a6a9-b705500ef6e1,CID-201,2025-06-21,304.47,AmEx,Completed,SampleGen
PAY-3e17fb20-de1e-4aa1-abe0-9c5e44bb2e45,INV-3e17fb20-de1e-4aa1-abe0-9c5e44bb2e45,CID-202,2025-01-14,2990.57,AmEx,Completed,SampleGen
PAY-486cd7a7-db08-4d21-ade6-74db419f0491,INV-486cd7a7-db08-4d21-ade6-74db419f0491,CID-202,2026-01-28,1413.74,MC,Completed,SampleGen
PAY-7e71b621-2f3c-44a8-b52e-5debc84b477f,INV-7e71b621-2f3c-44a8-b52e-5debc84b477f,CID-203,2025-01-12,3044.95,AmEx,Completed,SampleGen
PAY-2a9533e6-dcb3-425a-ba3e-a248d01cb33b,INV-2a9533e6-dcb3-425a-ba3e-a248d01cb33b,CID-203,2025-05-16,3044.95,PayPal,Completed,SampleGen
PAY-256f0eff-bb28-427e-ad5e-ad870af88a94,INV-256f0eff-bb28-427e-ad5e-ad870af88a94,CID-203,2025-09-08,772.09,AmEx,Completed,SampleGen
PAY-4d7cf7e4-654b-4c80-93c2-bb5ea6619490,INV-4d7cf7e4-654b-4c80-93c2-bb5ea6619490,CID-203,2026-01-13,3458.22,Discover,Completed,SampleGen
PAY-91ee642c-bc6a-4d98-94fc-32410cc9b1af,INV-91ee642c-bc6a-4d98-94fc-32410cc9b1af,CID-203,2025-11-23,3044.96,PayPal,Completed,SampleGen
PAY-dc5ff130-2f23-407a-98c5-c11064ccac43,INV-dc5ff130-2f23-407a-98c5-c11064ccac43,CID-204,2025-07-12,337.09,VISA,Completed,SampleGen
PAY-a761466e-ac1e-4ef8-8a6e-ed2fe7b0948e,INV-a761466e-ac1e-4ef8-8a6e-ed2fe7b0948e,CID-204,2026-01-12,695.96,AmEx,Completed,SampleGen
PAY-396e4809-7878-41fb-a320-9a7b595a02ac,INV-396e4809-7878-41fb-a320-9a7b595a02ac,CID-204,2025-05-21,2120.58,VISA,Completed,SampleGen
PAY-0bd40f2c-83c6-4e22-aec2-bafab1cda516,INV-0bd40f2c-83c6-4e22-aec2-bafab1cda516,CID-204,2025-05-11,3262.47,MC,Completed,SampleGen
PAY-5eb48635-bd48-495c-aee2-f2161bd9de92,INV-5eb48635-bd48-495c-aee2-f2161bd9de92,CID-204,2025-08-10,16.3,AmEx,Completed,SampleGen
PAY-a1ef2022-f5cb-46dc-9e0d-45a45b1c1149,INV-a1ef2022-f5cb-46dc-9e0d-45a45b1c1149,CID-204,2025-04-24,3751.82,MC,Completed,SampleGen
PAY-063f3722-a33a-4fbb-b8a1-a8474d19554d,INV-063f3722-a33a-4fbb-b8a1-a8474d19554d,CID-205,2026-01-15,3208.07,MC,Completed,SampleGen
PAY-e0ecd458-2d85-48a7-85d9-e8384945a144,INV-e0ecd458-2d85-48a7-85d9-e8384945a144,CID-205,2026-03-20,2566.43,VISA,Completed,SampleGen
PAY-39edea59-1fd4-4b18-a1be-6cdeaed12c2d,INV-39edea59-1fd4-4b18-a1be-6cdeaed12c2d,CID-205,2025-07-22,1837.82,VISA,Completed,SampleGen
PAY-763070a3-affd-42ea-92fc-e4ed090dbb82,INV-763070a3-affd-42ea-92fc-e4ed090dbb82,CID-205,2025-06-15,674.21,PayPal,Completed,SampleGen
PAY-51d4de26-b122-47f4-8b7e-2245ab16d0af,INV-51d4de26-b122-47f4-8b7e-2245ab16d0af,CID-205,2025-01-21,326.24,MC,Completed,SampleGen
PAY-6cadc53c-8c50-4d92-9eb6-c0cabcd8f262,INV-6cadc53c-8c50-4d92-9eb6-c0cabcd8f262,CID-205,2025-07-19,706.86,AmEx,Completed,SampleGen
PAY-aab118c9-9562-4e17-870c-9de300dd459c,INV-aab118c9-9562-4e17-870c-9de300dd459c,CID-205,2025-12-26,5089.43,MC,Completed,SampleGen
PAY-b3713b15-ec52-49f1-8fcc-3698bb3961c9,INV-b3713b15-ec52-49f1-8fcc-3698bb3961c9,CID-206,2025-12-04,1631.21,MC,Completed,SampleGen
PAY-fcac1660-b8dc-4786-9ae4-189805fc0df7,INV-fcac1660-b8dc-4786-9ae4-189805fc0df7,CID-206,2026-03-13,1076.59,MC,Completed,SampleGen
PAY-d5da8e3d-829b-4846-b724-186fa30ddbd5,INV-d5da8e3d-829b-4846-b724-186fa30ddbd5,CID-207,2025-05-11,260.98,Discover,Completed,SampleGen
PAY-8d79f004-81ad-4031-98fb-c2ef9844c9f0,INV-8d79f004-81ad-4031-98fb-c2ef9844c9f0,CID-207,2025-03-08,2577.32,Discover,Completed,SampleGen
PAY-1365a3fd-3641-4567-8ffc-a333eb0f972e,INV-1365a3fd-3641-4567-8ffc-a333eb0f972e,CID-207,2025-12-21,2174.97,VISA,Completed,SampleGen
PAY-b28256ea-7c50-49d8-8298-77abd9ef9309,INV-b28256ea-7c50-49d8-8298-77abd9ef9309,CID-208,2026-03-12,891.71,MC,Completed,SampleGen
PAY-95a13ea3-e4d3-4232-8679-b8ac7839f21e,INV-95a13ea3-e4d3-4232-8679-b8ac7839f21e,CID-208,2025-08-09,3425.56,VISA,Completed,SampleGen
PAY-fc813c83-c2bd-4819-953c-9161967c8b98,INV-fc813c83-c2bd-4819-953c-9161967c8b98,CID-208,2025-09-15,3610.45,Discover,Completed,SampleGen
PAY-729a3cd4-a96f-41e9-b9e1-6e6c1de03ebd,INV-729a3cd4-a96f-41e9-b9e1-6e6c1de03ebd,CID-209,2025-10-11,630.74,PayPal,Completed,SampleGen
PAY-44377f40-6ff1-4f3e-8f0c-e13f40492422,INV-44377f40-6ff1-4f3e-8f0c-e13f40492422,CID-209,2025-12-19,1609.46,AmEx,Completed,SampleGen
PAY-972495ce-a43c-4b4d-8f94-0e110dc313f5,INV-972495ce-a43c-4b4d-8f94-0e110dc313f5,CID-210,2025-06-13,1587.7,VISA,Completed,SampleGen
PAY-3a73a47d-c720-48a5-95f1-6ec14edbd8ed,INV-3a73a47d-c720-48a5-95f1-6ec14edbd8ed,CID-210,2025-11-07,3621.33,AmEx,Completed,SampleGen
PAY-5fc9f291-de24-4141-88e9-786b2ddc06dc,INV-5fc9f291-de24-4141-88e9-786b2ddc06dc,CID-211,2025-01-16,4241.22,PayPal,Completed,SampleGen
PAY-596d2773-b205-416e-a040-b058d7712ada,INV-596d2773-b205-416e-a040-b058d7712ada,CID-211,2025-07-03,3490.8,VISA,Completed,SampleGen
PAY-31114d27-9d50-44be-a16b-e4bb0eb2f2d6,INV-31114d27-9d50-44be-a16b-e4bb0eb2f2d6,CID-211,2026-02-06,1087.45,Discover,Completed,SampleGen
PAY-bb206618-0450-43ef-83c5-09c5338d54e0,INV-bb206618-0450-43ef-83c5-09c5338d54e0,CID-211,2025-01-15,5002.43,PayPal,Completed,SampleGen
PAY-9be67b8b-b5e8-4b82-9403-07e97344ef48,INV-9be67b8b-b5e8-4b82-9403-07e97344ef48,CID-212,2025-08-05,608.97,Discover,Completed,SampleGen
PAY-5d9ef3c2-5480-454b-b871-fb43d5ccdc92,INV-5d9ef3c2-5480-454b-b871-fb43d5ccdc92,CID-212,2026-01-12,2011.85,VISA,Completed,SampleGen
PAY-d423a46d-a526-4f54-815b-37fa95864ec0,INV-d423a46d-a526-4f54-815b-37fa95864ec0,CID-212,2026-02-18,706.86,PayPal,Completed,SampleGen
PAY-ea41a3a3-20c8-4bf7-8cea-ec6bd97f6f65,INV-ea41a3a3-20c8-4bf7-8cea-ec6bd97f6f65,CID-212,2026-03-29,173.98,VISA,Completed,SampleGen
PAY-faf902e2-2f5d-4a8d-8b61-6b4517033aca,INV-faf902e2-2f5d-4a8d-8b61-6b4517033aca,CID-213,2025-08-21,3936.69,VISA,Completed,SampleGen
PAY-a0db4ae6-a9bf-43ba-b73d-64dc1647d309,INV-a0db4ae6-a9bf-43ba-b73d-64dc1647d309,CID-213,2025-12-15,1141.84,AmEx,Completed,SampleGen
PAY-b1c7d288-c373-432d-996f-9463eb6aaece,INV-b1c7d288-c373-432d-996f-9463eb6aaece,CID-214,2025-06-01,1326.7,AmEx,Completed,SampleGen
PAY-cf4b4ab2-2c54-4844-ad04-9324f84d3ecb,INV-cf4b4ab2-2c54-4844-ad04-9324f84d3ecb,CID-215,2026-04-27,86.99,VISA,Completed,SampleGen
PAY-615107a2-1c09-4704-93df-8c74539cd21f,INV-615107a2-1c09-4704-93df-8c74539cd21f,CID-215,2025-02-13,1413.74,Discover,Completed,SampleGen
PAY-2f1a2450-c7f2-430a-a76d-6726d871a832,INV-2f1a2450-c7f2-430a-a76d-6726d871a832,CID-215,2025-01-10,2077.07,VISA,Completed,SampleGen
PAY-793d3192-e9ca-40cd-9383-21d66b822a59,INV-793d3192-e9ca-40cd-9383-21d66b822a59,CID-215,2025-05-27,978.73,PayPal,Completed,SampleGen
PAY-507d6662-a2ab-4c79-b6b1-8f9d95d02d32,INV-507d6662-a2ab-4c79-b6b1-8f9d95d02d32,CID-215,2025-06-04,1185.33,MC,Completed,SampleGen
PAY-a87b74e9-ba56-459c-9bef-fab6beea7d3b,INV-a87b74e9-ba56-459c-9bef-fab6beea7d3b,CID-215,2026-02-28,304.46,MC,Completed,SampleGen
PAY-8757401d-db67-4180-8364-e59f406371e2,INV-8757401d-db67-4180-8364-e59f406371e2,CID-215,2025-02-06,347.98,AmEx,Completed,SampleGen
PAY-f456bdb1-c8cb-4952-92a0-9701f2c9e870,INV-f456bdb1-c8cb-4952-92a0-9701f2c9e870,CID-215,2025-06-20,380.59,AmEx,Completed,SampleGen
PAY-2e73938e-2578-4125-a414-545961569564,INV-2e73938e-2578-4125-a414-545961569564,CID-215,2025-05-02,489.36,AmEx,Completed,SampleGen
PAY-5960d956-f55d-4221-8019-46d9c84f8e57,INV-5960d956-f55d-4221-8019-46d9c84f8e57,CID-216,2026-03-22,663.35,PayPal,Completed,SampleGen
PAY-f30ac6c3-6563-4bf8-9d8a-6e30adbae5fd,INV-f30ac6c3-6563-4bf8-9d8a-6e30adbae5fd,CID-216,2025-08-23,1022.2,VISA,Completed,SampleGen
PAY-d4ba8993-5949-4d0f-ab85-9a9415403948,INV-d4ba8993-5949-4d0f-ab85-9a9415403948,CID-217,2025-11-03,326.24,MC,Completed,SampleGen
PAY-e9648ec1-12c0-4560-9f92-d92ef9bf3b18,INV-e9648ec1-12c0-4560-9f92-d92ef9bf3b18,CID-218,2025-11-07,1413.71,PayPal,Completed,SampleGen
PAY-2bf5629a-7e73-4e21-8bc0-755447c92606,INV-2bf5629a-7e73-4e21-8bc0-755447c92606,CID-218,2025-04-07,1076.57,PayPal,Completed,SampleGen
PAY-ad995d49-9cb9-4ab6-9070-221621b58928,INV-ad995d49-9cb9-4ab6-9070-221621b58928,CID-219,2025-01-06,1935.7,VISA,Completed,SampleGen
PAY-9a24448b-8d18-4765-a611-e00859b7bc93,INV-9a24448b-8d18-4765-a611-e00859b7bc93,CID-219,2025-05-06,2637.12,MC,Completed,SampleGen
PAY-e0f65836-8ec2-4608-a801-fd953bd38c35,INV-e0f65836-8ec2-4608-a801-fd953bd38c35,CID-219,2025-09-12,630.74,AmEx,Completed,SampleGen
PAY-0058afd3-c410-4902-b8d7-86ce5897ac95,INV-0058afd3-c410-4902-b8d7-86ce5897ac95,CID-219,2026-01-09,652.47,PayPal,Completed,SampleGen
PAY-781dedbf-98e9-4e46-9b16-dba33c5ace73,INV-781dedbf-98e9-4e46-9b16-dba33c5ace73,CID-220,2025-02-04,1016.76,VISA,Completed,SampleGen
PAY-c3c4ad20-bdd1-4e06-98bc-eb8f74c1e052,INV-c3c4ad20-bdd1-4e06-98bc-eb8f74c1e052,CID-220,2026-01-17,2827.47,VISA,Completed,SampleGen
PAY-b5baa7cf-8278-45d7-8d03-b391b184fc25,INV-b5baa7cf-8278-45d7-8d03-b391b184fc25,CID-220,2025-12-06,2229.33,AmEx,Completed,SampleGen
PAY-e052ad97-b81e-482c-b616-825bca8788cb,INV-e052ad97-b81e-482c-b616-825bca8788cb,CID-220,2025-10-01,1859.58,MC,Completed,SampleGen
PAY-ef3f86a0-ee1d-4b4c-bd6a-43c63eeb42f5,INV-ef3f86a0-ee1d-4b4c-bd6a-43c63eeb42f5,CID-221,2026-01-07,598.1,Discover,Completed,SampleGen
PAY-19d13bcf-eb58-43ae-84aa-4c6d09b1363c,INV-19d13bcf-eb58-43ae-84aa-4c6d09b1363c,CID-221,2026-02-10,3218.94,VISA,Completed,SampleGen
PAY-5bdebebd-5ca6-4799-b943-649e59f2cf68,INV-5bdebebd-5ca6-4799-b943-649e59f2cf68,CID-221,2025-12-31,2783.96,AmEx,Completed,SampleGen
PAY-ddf27619-ea72-4e4f-9809-769b5757de11,INV-ddf27619-ea72-4e4f-9809-769b5757de11,CID-221,2025-04-19,337.1,MC,Completed,SampleGen
PAY-0181daf4-c674-4128-8376-aaf12fbc6a2f,INV-0181daf4-c674-4128-8376-aaf12fbc6a2f,CID-222,2026-02-23,4088.94,AmEx,Completed,SampleGen
PAY-4335fb9c-aa45-4c46-8fde-0faa9d54af64,INV-4335fb9c-aa45-4c46-8fde-0faa9d54af64,CID-223,2025-10-05,260.98,VISA,Completed,SampleGen
PAY-90088da4-dac6-406d-ad0d-0b3392a9c5dc,INV-90088da4-dac6-406d-ad0d-0b3392a9c5dc,CID-223,2026-01-28,1631.23,MC,Completed,SampleGen
PAY-93336d8d-cc90-4abb-ba16-a2656b2f097d,INV-93336d8d-cc90-4abb-ba16-a2656b2f097d,CID-223,2025-12-21,739.47,VISA,Completed,SampleGen
PAY-8b7d3ef5-3e8e-4182-a3b9-eff30f7593c6,INV-8b7d3ef5-3e8e-4182-a3b9-eff30f7593c6,CID-223,2025-01-23,5122.05,VISA,Completed,SampleGen
PAY-bd1fd6f5-6e87-49db-9fdd-56f6e39f9bbb,INV-bd1fd6f5-6e87-49db-9fdd-56f6e39f9bbb,CID-223,2025-07-20,347.98,Discover,Completed,SampleGen
PAY-99e04abc-3823-4828-95b6-8f48a87fbe8a,INV-99e04abc-3823-4828-95b6-8f48a87fbe8a,CID-223,2025-05-27,1903.1,PayPal,Completed,SampleGen
PAY-b74ee1c9-4e23-4b0d-8d00-a74a63f6fcd0,INV-b74ee1c9-4e23-4b0d-8d00-a74a63f6fcd0,CID-223,2026-03-02,1729.07,Discover,Completed,SampleGen
PAY-f271ea00-7d7a-4a55-9bf9-69a170b535d6,INV-f271ea00-7d7a-4a55-9bf9-69a170b535d6,CID-224,2025-04-15,413.23,MC,Completed,SampleGen
PAY-44acaaba-f9dc-481f-b4a8-d26ffd2e532b,INV-44acaaba-f9dc-481f-b4a8-d26ffd2e532b,CID-225,2025-11-27,326.23,MC,Completed,SampleGen
PAY-1b25ba5e-ccf0-4f57-b75f-f852b611c735,INV-1b25ba5e-ccf0-4f57-b75f-f852b611c735,CID-225,2025-08-23,565.46,MC,Completed,SampleGen
PAY-1f901bf6-f2cc-421e-80db-0aec9445af40,INV-1f901bf6-f2cc-421e-80db-0aec9445af40,CID-226,2025-06-18,2903.57,MC,Completed,SampleGen
PAY-9487689f-ae31-48b1-876e-168b0fcda926,INV-9487689f-ae31-48b1-876e-168b0fcda926,CID-226,2025-05-06,2827.48,PayPal,Completed,SampleGen
PAY-8f0f15e2-094e-42cf-9076-681650eb3523,INV-8f0f15e2-094e-42cf-9076-681650eb3523,CID-227,2026-03-16,608.97,VISA,Completed,SampleGen
PAY-33a64e33-ce86-429b-a3d7-baf7e0e27e77,INV-33a64e33-ce86-429b-a3d7-baf7e0e27e77,CID-227,2025-09-11,2348.95,Discover,Completed,SampleGen
PAY-8dcab69a-3848-4eeb-bdfe-88197fd8bf78,INV-8dcab69a-3848-4eeb-bdfe-88197fd8bf78,CID-228,2025-06-05,2044.43,MC,Completed,SampleGen
PAY-69e23316-1b3e-4ba1-9858-d84e7ece7f30,INV-69e23316-1b3e-4ba1-9858-d84e7ece7f30,CID-228,2025-03-02,130.49,MC,Completed,SampleGen
PAY-ed90c907-f2db-481a-b33d-4bd0f45b4df6,INV-ed90c907-f2db-481a-b33d-4bd0f45b4df6,CID-229,2026-03-13,956.96,VISA,Completed,SampleGen
PAY-4e813cfd-a3fb-44d9-b8a0-3a41dd145f2d,INV-4e813cfd-a3fb-44d9-b8a0-3a41dd145f2d,CID-229,2026-02-04,2794.81,AmEx,Completed,SampleGen
PAY-780dbb85-e061-47a7-bc61-4e0acbc87a16,INV-780dbb85-e061-47a7-bc61-4e0acbc87a16,CID-229,2025-12-05,652.48,Discover,Completed,SampleGen
PAY-466b7377-32c8-4305-a206-443521ac2a04,INV-466b7377-32c8-4305-a206-443521ac2a04,CID-229,2025-06-06,2153.21,VISA,Completed,SampleGen
PAY-69df9e2a-7e73-40c3-95c0-26290a768d51,INV-69df9e2a-7e73-40c3-95c0-26290a768d51,CID-230,2026-03-24,674.22,VISA,Completed,SampleGen
PAY-7b303990-a7b3-4e10-9114-0ec67ce79d27,INV-7b303990-a7b3-4e10-9114-0ec67ce79d27,CID-230,2025-11-01,1130.94,PayPal,Completed,SampleGen
PAY-6be3db3c-4705-4dc6-84a8-abfca9c618ec,INV-6be3db3c-4705-4dc6-84a8-abfca9c618ec,CID-230,2025-01-06,2892.7,VISA,Completed,SampleGen
PAY-90839053-155f-428d-b370-36d78cc9bc53,INV-90839053-155f-428d-b370-36d78cc9bc53,CID-230,2025-11-12,598.11,VISA,Completed,SampleGen
PAY-bc6adeb2-62bb-4d8f-8c67-be6f52aa17ad,INV-bc6adeb2-62bb-4d8f-8c67-be6f52aa17ad,CID-231,2025-02-11,1609.48,MC,Completed,SampleGen
PAY-d5f08b79-06b0-4b27-b554-d20517cb5e19,INV-d5f08b79-06b0-4b27-b554-d20517cb5e19,CID-231,2026-03-17,130.49,VISA,Completed,SampleGen
PAY-b38734e0-054c-4eb1-a238-e04a87f0118f,INV-b38734e0-054c-4eb1-a238-e04a87f0118f,CID-231,2025-07-26,1674.71,VISA,Completed,SampleGen
PAY-8e17328e-8ebb-481d-b203-0d52b52704ff,INV-8e17328e-8ebb-481d-b203-0d52b52704ff,CID-231,2025-07-20,2425.06,MC,Completed,SampleGen
PAY-1264935b-bfd7-4a41-84b2-22f05cbbf097,INV-1264935b-bfd7-4a41-84b2-22f05cbbf097,CID-232,2025-10-10,2022.71,PayPal,Completed,SampleGen
PAY-8dbe8412-60d8-4b20-8143-0bfeed70514e,INV-8dbe8412-60d8-4b20-8143-0bfeed70514e,CID-232,2026-03-14,869.96,VISA,Completed,SampleGen
PAY-8b989315-cb34-4f8e-adb5-08ef975098c5,INV-8b989315-cb34-4f8e-adb5-08ef975098c5,CID-233,2025-07-11,206.61,VISA,Completed,SampleGen
PAY-99b50c92-7e6c-4057-b4b8-2f1a587a798b,INV-99b50c92-7e6c-4057-b4b8-2f1a587a798b,CID-233,2025-08-01,434.96,MC,Completed,SampleGen
PAY-9be160f3-d846-4215-b85d-69971f8a27fe,INV-9be160f3-d846-4215-b85d-69971f8a27fe,CID-233,2025-10-27,2457.7,VISA,Completed,SampleGen
PAY-02d003a3-2cac-411b-b5aa-e1fec22ce3fa,INV-02d003a3-2cac-411b-b5aa-e1fec22ce3fa,CID-233,2025-03-06,3479.96,MC,Completed,SampleGen
PAY-7c4df7b1-fcd7-4e36-a5f0-2e341685526e,INV-7c4df7b1-fcd7-4e36-a5f0-2e341685526e,CID-233,2025-08-01,260.98,PayPal,Completed,SampleGen
PAY-80c194b4-0695-461a-a65b-34ab0ecf7c9a,INV-80c194b4-0695-461a-a65b-34ab0ecf7c9a,CID-233,2025-03-15,2566.43,PayPal,Completed,SampleGen
PAY-0a22cb2f-3b7d-404e-ad03-67d51c7299ea,INV-0a22cb2f-3b7d-404e-ad03-67d51c7299ea,CID-234,2025-08-11,293.6,MC,Completed,SampleGen
PAY-072aa04c-fd79-4d65-a1ca-4eb1cad3eefd,INV-072aa04c-fd79-4d65-a1ca-4eb1cad3eefd,CID-234,2025-09-18,761.23,PayPal,Completed,SampleGen
PAY-b1061870-fb74-45da-9998-b9a5921cc6a6,INV-b1061870-fb74-45da-9998-b9a5921cc6a6,CID-235,2025-08-31,1826.92,VISA,Completed,SampleGen
PAY-4c3b6191-8343-40b3-b241-814ee286848d,INV-4c3b6191-8343-40b3-b241-814ee286848d,CID-235,2025-03-10,326.24,MC,Completed,SampleGen
PAY-8a64218c-4e92-49c5-a7c9-91d9ef564bd6,INV-8a64218c-4e92-49c5-a7c9-91d9ef564bd6,CID-235,2025-03-20,1957.48,AmEx,Completed,SampleGen
PAY-1ba9fa8b-01ce-45ef-a32b-d752cbcd450b,INV-1ba9fa8b-01ce-45ef-a32b-d752cbcd450b,CID-235,2025-05-13,2044.47,AmEx,Completed,SampleGen
PAY-e875992a-8710-4ac5-8f10-020c70603649,INV-e875992a-8710-4ac5-8f10-020c70603649,CID-236,2025-01-07,141.36,AmEx,Completed,SampleGen
PAY-89e15998-b31e-46d2-b91e-64a1203541e5,INV-89e15998-b31e-46d2-b91e-64a1203541e5,CID-236,2026-04-08,434.99,PayPal,Completed,SampleGen
PAY-b2659c51-010a-4269-9c73-7db558c783e7,INV-b2659c51-010a-4269-9c73-7db558c783e7,CID-236,2025-09-24,424.1,VISA,Completed,SampleGen
PAY-b420744a-054f-43ae-9782-9cef8a4d6edf,INV-b420744a-054f-43ae-9782-9cef8a4d6edf,CID-236,2026-03-10,1957.48,MC,Completed,SampleGen
PAY-6fd52b68-8aa1-4ae0-9e88-669f8b10de00,INV-6fd52b68-8aa1-4ae0-9e88-669f8b10de00,CID-236,2025-06-24,1478.93,PayPal,Completed,SampleGen
PAY-fbce4258-1fbd-4901-954e-da43d9822d18,INV-fbce4258-1fbd-4901-954e-da43d9822d18,CID-236,2025-07-06,260.98,VISA,Completed,SampleGen
PAY-3ac700f7-96cb-45da-a883-dc9f2690ae86,INV-3ac700f7-96cb-45da-a883-dc9f2690ae86,CID-236,2026-04-25,630.74,MC,Completed,SampleGen
PAY-b1c7a2d7-d8c5-4d6d-9ce5-e58f26761a6d,INV-b1c7a2d7-d8c5-4d6d-9ce5-e58f26761a6d,CID-236,2025-02-26,2229.34,PayPal,Completed,SampleGen
PAY-b859359e-63f2-469d-9775-8e01c9db6039,INV-b859359e-63f2-469d-9775-8e01c9db6039,CID-236,2025-05-11,347.98,PayPal,Completed,SampleGen
PAY-c45bed33-00d9-4b35-8d23-bb86e97cb0a4,INV-c45bed33-00d9-4b35-8d23-bb86e97cb0a4,CID-236,2025-04-06,2142.31,VISA,Completed,SampleGen
PAY-69efdf83-c064-45ab-94ad-ff07b3fb83d8,INV-69efdf83-c064-45ab-94ad-ff07b3fb83d8,CID-237,2026-02-20,4088.92,AmEx,Completed,SampleGen
PAY-523d7a4c-19da-49b2-a4ef-7e117d111095,INV-523d7a4c-19da-49b2-a4ef-7e117d111095,CID-237,2025-05-04,3273.3,PayPal,Completed,SampleGen
PAY-db722c9a-4cfe-45ea-8cd3-daab4a7a1af9,INV-db722c9a-4cfe-45ea-8cd3-daab4a7a1af9,CID-237,2026-04-30,2185.82,VISA,Completed,SampleGen
PAY-e622c0b4-a5a1-4363-8520-50f57ab0d9b5,INV-e622c0b4-a5a1-4363-8520-50f57ab0d9b5,CID-238,2025-11-01,1196.22,VISA,Completed,SampleGen
PAY-2dccf972-4525-4fce-b7b1-fe96969323f3,INV-2dccf972-4525-4fce-b7b1-fe96969323f3,CID-238,2026-04-24,521.96,VISA,Completed,SampleGen
PAY-2c193b23-4454-4630-b6b3-95699c69839c,INV-2c193b23-4454-4630-b6b3-95699c69839c,CID-239,2025-09-09,663.33,AmEx,Completed,SampleGen
PAY-1380afc4-7c85-40ed-b379-0a43a38dd30b,INV-1380afc4-7c85-40ed-b379-0a43a38dd30b,CID-239,2025-03-08,2120.57,VISA,Completed,SampleGen
PAY-e5565efb-2944-440e-aa5e-561040ac375e,INV-e5565efb-2944-440e-aa5e-561040ac375e,CID-239,2025-08-03,2957.94,VISA,Completed,SampleGen
PAY-4e76a2c6-d65a-48c0-bbc3-bcda74ec4c44,INV-4e76a2c6-d65a-48c0-bbc3-bcda74ec4c44,CID-239,2025-02-07,6329.18,Discover,Completed,SampleGen
PAY-23ee5aa6-3177-4c90-8b03-dcd126dde8f4,INV-23ee5aa6-3177-4c90-8b03-dcd126dde8f4,CID-239,2025-06-03,4241.21,MC,Completed,SampleGen
PAY-a414a78c-37ba-4c08-baa9-83dac117905b,INV-a414a78c-37ba-4c08-baa9-83dac117905b,CID-240,2025-08-08,685.08,Discover,Completed,SampleGen
PAY-499113e8-7054-4bd1-91bf-30f551764377,INV-499113e8-7054-4bd1-91bf-30f551764377,CID-240,2025-03-05,380.59,MC,Completed,SampleGen
PAY-609b6fa9-57e5-4fad-8fa3-a79e6472142c,INV-609b6fa9-57e5-4fad-8fa3-a79e6472142c,CID-240,2025-03-07,4784.94,PayPal,Completed,SampleGen
PAY-42cfd79e-6047-45d7-80ae-3014260d3b25,INV-42cfd79e-6047-45d7-80ae-3014260d3b25,CID-241,2025-11-25,1739.95,VISA,Completed,SampleGen
PAY-7fd6e823-0737-415f-a249-cdadac5547b3,INV-7fd6e823-0737-415f-a249-cdadac5547b3,CID-242,2025-07-26,1903.1,MC,Completed,SampleGen
PAY-a3d5d106-e1c9-43c6-92cf-32ba8c19c360,INV-a3d5d106-e1c9-43c6-92cf-32ba8c19c360,CID-243,2025-10-12,630.74,VISA,Completed,SampleGen
PAY-a7ddea0b-2385-4637-bedd-46634dfcea77,INV-a7ddea0b-2385-4637-bedd-46634dfcea77,CID-244,2025-03-28,2327.19,MC,Completed,SampleGen
PAY-ee6563ef-3581-4e3e-b853-47b4ea826f76,INV-ee6563ef-3581-4e3e-b853-47b4ea826f76,CID-244,2025-12-12,706.86,AmEx,Completed,SampleGen
PAY-c2a98555-b9de-456e-90a4-9ed6f42088a1,INV-c2a98555-b9de-456e-90a4-9ed6f42088a1,CID-244,2025-02-25,543.73,VISA,Completed,SampleGen
PAY-73852ab4-f3ab-41fc-917e-3805a4ccdaad,INV-73852ab4-f3ab-41fc-917e-3805a4ccdaad,CID-245,2025-03-17,782.95,AmEx,Completed,SampleGen
PAY-f9e6ffb0-5714-4181-bcd3-82b0a7445936,INV-f9e6ffb0-5714-4181-bcd3-82b0a7445936,CID-245,2026-03-30,1739.98,AmEx,Completed,SampleGen
PAY-aacc75fc-7b60-40ad-ac6a-cf7fc1e0a97d,INV-aacc75fc-7b60-40ad-ac6a-cf7fc1e0a97d,CID-245,2026-02-21,1141.84,PayPal,Completed,SampleGen
PAY-24bdc60e-3bdf-4ca7-82df-514ae76972c2,INV-24bdc60e-3bdf-4ca7-82df-514ae76972c2,CID-245,2025-02-28,1304.96,Discover,Completed,SampleGen
PAY-ff827929-3865-4931-9bf0-07ffbbb2d749,INV-ff827929-3865-4931-9bf0-07ffbbb2d749,CID-247,2025-12-07,1283.21,VISA,Completed,SampleGen
PAY-842a4b51-3da5-476c-9f58-12ce6bcd1b08,INV-842a4b51-3da5-476c-9f58-12ce6bcd1b08,CID-247,2025-11-05,1707.33,AmEx,Completed,SampleGen
PAY-140a7088-66cf-4a7f-b2e5-55093f900cf3,INV-140a7088-66cf-4a7f-b2e5-55093f900cf3,CID-248,2025-03-11,1217.95,VISA,Completed,SampleGen
PAY-1cbdcae9-750b-440b-ad7c-71c9ff347f63,INV-1cbdcae9-750b-440b-ad7c-71c9ff347f63,CID-249,2026-01-10,195.74,AmEx,Completed,SampleGen
PAY-d06a51f1-749c-4a8c-b313-360a6b43beb2,INV-d06a51f1-749c-4a8c-b313-360a6b43beb2,CID-250,2025-07-16,206.61,MC,Completed,SampleGen
PAY-44bba0a6-fb77-465d-9dd7-e23fedf235f4,INV-44bba0a6-fb77-465d-9dd7-e23fedf235f4,CID-250,2025-11-12,1587.73,VISA,Completed,SampleGen
PAY-3012d522-124c-4527-84bc-230fcb36e21a,INV-3012d522-124c-4527-84bc-230fcb36e21a,CID-250,2025-07-07,326.24,VISA,Completed,SampleGen
PAY-281fad29-dbb6-45b6-b812-11e5d39209db,INV-281fad29-dbb6-45b6-b812-11e5d39209db,CID-250,2025-04-11,1141.85,PayPal,Completed,SampleGen
PAY-7bd8cd83-8338-4dfb-9b9b-e26f4ed0bed8,INV-7bd8cd83-8338-4dfb-9b9b-e26f4ed0bed8,CID-251,2025-04-14,1391.93,MC,Completed,SampleGen
PAY-5583a1b3-f5ab-4078-82fe-147855d7e199,INV-5583a1b3-f5ab-4078-82fe-147855d7e199,CID-251,2026-02-11,1685.59,PayPal,Completed,SampleGen
PAY-e2e0535a-54ac-4a9d-a46c-f3fefb48b9ba,INV-e2e0535a-54ac-4a9d-a46c-f3fefb48b9ba,CID-251,2025-03-26,260.98,AmEx,Completed,SampleGen
PAY-751f4a5a-df61-429b-bb00-2814b078efb7,INV-751f4a5a-df61-429b-bb00-2814b078efb7,CID-251,2026-04-11,2860.07,VISA,Completed,SampleGen
PAY-d7e4b1bc-12cd-4ee6-b638-72eb2360f93d,INV-d7e4b1bc-12cd-4ee6-b638-72eb2360f93d,CID-252,2025-10-05,326.24,VISA,Completed,SampleGen
PAY-94930476-dfe4-4dce-8a08-fdb7c9bffd86,INV-94930476-dfe4-4dce-8a08-fdb7c9bffd86,CID-253,2025-09-08,1402.84,VISA,Completed,SampleGen
PAY-fd3508a9-1499-42d8-bef3-877361c59592,INV-fd3508a9-1499-42d8-bef3-877361c59592,CID-253,2025-06-10,3099.31,VISA,Completed,SampleGen
PAY-f565ae6a-193a-49d1-81dc-6bf98e93db1c,INV-f565ae6a-193a-49d1-81dc-6bf98e93db1c,CID-253,2025-04-10,1130.97,PayPal,Completed,SampleGen
PAY-fa76f1ef-0047-487c-9aaa-5b88284b7609,INV-fa76f1ef-0047-487c-9aaa-5b88284b7609,CID-253,2026-03-02,826.46,Discover,Completed,SampleGen
PAY-fe39ea9f-c3dd-4506-b6d0-58b56ebf5d43,INV-fe39ea9f-c3dd-4506-b6d0-58b56ebf5d43,CID-253,2025-10-05,173.98,Discover,Completed,SampleGen
PAY-dcf1d62e-f384-44c4-afe1-2c9872413fb7,INV-dcf1d62e-f384-44c4-afe1-2c9872413fb7,CID-254,2025-05-30,3675.7,VISA,Completed,SampleGen
PAY-06f67ada-9109-490a-b5ac-91e4cc00ea61,INV-06f67ada-9109-490a-b5ac-91e4cc00ea61,CID-254,2025-01-14,652.47,PayPal,Completed,SampleGen
PAY-87041b91-2bc9-47c0-acf5-fe0194d66bec,INV-87041b91-2bc9-47c0-acf5-fe0194d66bec,CID-254,2026-04-29,1718.19,PayPal,Completed,SampleGen
PAY-c323f841-2396-4fed-a9ec-1b015f2146f7,INV-c323f841-2396-4fed-a9ec-1b015f2146f7,CID-254,2025-01-21,739.46,MC,Completed,SampleGen
PAY-b6343e0f-1f96-4c4b-90c5-51f4586aca88,INV-b6343e0f-1f96-4c4b-90c5-51f4586aca88,CID-255,2025-05-15,347.98,Discover,Completed,SampleGen
PAY-018de2d0-284b-44bb-8293-dbee10928878,INV-018de2d0-284b-44bb-8293-dbee10928878,CID-255,2025-05-24,434.96,AmEx,Completed,SampleGen
PAY-248dc9e9-99c1-4c4d-83c0-ea828cab2e75,INV-248dc9e9-99c1-4c4d-83c0-ea828cab2e75,CID-255,2025-03-02,837.35,MC,Completed,SampleGen
PAY-b717bce1-f3e4-45d4-a247-073f523c0aa3,INV-b717bce1-f3e4-45d4-a247-073f523c0aa3,CID-256,2025-04-18,913.44,VISA,Completed,SampleGen
PAY-97cae1ba-8bbe-4722-9008-baa025fc05ec,INV-97cae1ba-8bbe-4722-9008-baa025fc05ec,CID-257,2026-02-05,1261.48,VISA,Completed,SampleGen
PAY-aafdccea-ed3c-43ee-b7ff-34f8826c2bc5,INV-aafdccea-ed3c-43ee-b7ff-34f8826c2bc5,CID-258,2025-02-08,1141.85,MC,Completed,SampleGen
PAY-99af4e80-7151-452c-a978-b1fed6a7250e,INV-99af4e80-7151-452c-a978-b1fed6a7250e,CID-258,2025-03-05,3653.93,Discover,Completed,SampleGen
PAY-d7a2e500-599c-434c-b66e-f3d3cd4e535a,INV-d7a2e500-599c-434c-b66e-f3d3cd4e535a,CID-259,2025-04-27,1468.09,VISA,Completed,SampleGen
PAY-860cb5dd-f64a-4396-b261-85bbe9ffacdf,INV-860cb5dd-f64a-4396-b261-85bbe9ffacdf,CID-259,2025-06-04,848.23,VISA,Completed,SampleGen
PAY-ad6929db-e93f-4179-9b1d-f14b6e6e6411,INV-ad6929db-e93f-4179-9b1d-f14b6e6e6411,CID-260,2025-11-23,782.95,VISA,Completed,SampleGen
PAY-1512a0c0-3c57-4ebe-a607-7a2fa5a8b1e6,INV-1512a0c0-3c57-4ebe-a607-7a2fa5a8b1e6,CID-260,2025-11-29,2653.44,AmEx,Completed,SampleGen
PAY-449f0f43-dc42-42c4-9ad0-158c5cc9cf22,INV-449f0f43-dc42-42c4-9ad0-158c5cc9cf22,CID-261,2025-09-10,4871.94,MC,Completed,SampleGen
PAY-68ac616b-8f60-4a39-8cfe-6a740e30a06b,INV-68ac616b-8f60-4a39-8cfe-6a740e30a06b,CID-262,2025-02-23,1033.09,VISA,Completed,SampleGen
PAY-40f4836a-bd83-4c6b-8aee-df7158a9fe01,INV-40f4836a-bd83-4c6b-8aee-df7158a9fe01,CID-262,2025-03-29,1011.33,MC,Completed,SampleGen
PAY-0e4899e9-2d94-43d6-8cab-dd91e1fc49b7,INV-0e4899e9-2d94-43d6-8cab-dd91e1fc49b7,CID-263,2026-04-18,2338.07,MC,Completed,SampleGen
PAY-09fb0ada-91ca-4ff5-803f-f32ab984f8ab,INV-09fb0ada-91ca-4ff5-803f-f32ab984f8ab,CID-264,2025-06-14,989.59,VISA,Completed,SampleGen
PAY-9440669a-364d-4591-934e-3d08739f23bc,INV-9440669a-364d-4591-934e-3d08739f23bc,CID-265,2026-01-11,5654.96,MC,Completed,SampleGen
PAY-b049bb13-3b29-42e6-a5e2-7d1fd68b2239,INV-b049bb13-3b29-42e6-a5e2-7d1fd68b2239,CID-265,2025-07-04,1500.72,VISA,Completed,SampleGen
PAY-e3c4df5f-105b-449d-9467-65ffdc1a04db,INV-e3c4df5f-105b-449d-9467-65ffdc1a04db,CID-265,2025-11-07,1174.47,VISA,Completed,SampleGen
PAY-c06c32b7-a229-40a9-8d3b-e22c6c6842a8,INV-c06c32b7-a229-40a9-8d3b-e22c6c6842a8,CID-265,2026-04-10,2827.46,MC,Completed,SampleGen
PAY-5277c659-0a5c-4886-87e3-9911399fe34a,INV-5277c659-0a5c-4886-87e3-9911399fe34a,CID-265,2025-04-08,1794.33,VISA,Completed,SampleGen
PAY-b4e44abc-bf85-4b36-b2e3-5451d9ce6541,INV-b4e44abc-bf85-4b36-b2e3-5451d9ce6541,CID-265,2026-04-08,5230.8,Discover,Completed,SampleGen
PAY-bb5abb1c-af4b-4dca-b580-fe65c9e934bf,INV-bb5abb1c-af4b-4dca-b580-fe65c9e934bf,CID-265,2025-07-19,260.97,PayPal,Completed,SampleGen
PAY-c9271ca7-aaa3-4c5e-afdc-78c8e3bd88a6,INV-c9271ca7-aaa3-4c5e-afdc-78c8e3bd88a6,CID-266,2025-03-27,2218.43,VISA,Completed,SampleGen
PAY-560cad07-1a15-4df9-9841-2d24c5a26654,INV-560cad07-1a15-4df9-9841-2d24c5a26654,CID-266,2025-03-26,4110.7,Discover,Completed,SampleGen
PAY-0687359a-6798-40d0-9697-5c9a3ba847d2,INV-0687359a-6798-40d0-9697-5c9a3ba847d2,CID-266,2026-01-28,902.59,MC,Completed,SampleGen
PAY-7abf2465-fa24-4493-8991-e4667a381d81,INV-7abf2465-fa24-4493-8991-e4667a381d81,CID-266,2026-04-05,869.98,PayPal,Completed,SampleGen
PAY-f9ab5dfc-9b39-44e0-895a-c75c282ee2ee,INV-f9ab5dfc-9b39-44e0-895a-c75c282ee2ee,CID-266,2025-10-19,1196.19,MC,Completed,SampleGen
PAY-4296ddde-bd7b-4aec-9ce2-535949ef1a23,INV-4296ddde-bd7b-4aec-9ce2-535949ef1a23,CID-266,2026-01-22,2773.07,AmEx,Completed,SampleGen
PAY-5c89ff83-e3ae-49aa-932a-24d6a3981d6c,INV-5c89ff83-e3ae-49aa-932a-24d6a3981d6c,CID-266,2026-04-08,2174.97,AmEx,Completed,SampleGen
PAY-d9937ba7-bd84-4c60-916c-9d565bbb6dfe,INV-d9937ba7-bd84-4c60-916c-9d565bbb6dfe,CID-266,2025-05-31,2087.93,PayPal,Completed,SampleGen
PAY-78c6a963-c73d-41f4-afdc-1cbc0300c8e4,INV-78c6a963-c73d-41f4-afdc-1cbc0300c8e4,CID-267,2026-02-22,3044.94,AmEx,Completed,SampleGen
PAY-2ff98db7-e9a8-4a42-9b7e-5aa5891b4b1c,INV-2ff98db7-e9a8-4a42-9b7e-5aa5891b4b1c,CID-267,2025-07-25,1913.96,VISA,Completed,SampleGen
PAY-199e2f3e-88ff-4484-bfa6-c7b5c2a14123,INV-199e2f3e-88ff-4484-bfa6-c7b5c2a14123,CID-268,2026-02-09,3055.81,MC,Completed,SampleGen
PAY-5ce8a791-47dd-453b-bae4-128a71349b58,INV-5ce8a791-47dd-453b-bae4-128a71349b58,CID-268,2025-01-31,978.73,Discover,Completed,SampleGen
PAY-b34d6876-3858-4c2f-9e94-5a31cd466779,INV-b34d6876-3858-4c2f-9e94-5a31cd466779,CID-268,2025-10-23,4001.94,AmEx,Completed,SampleGen
PAY-77e017ce-e5fc-4155-8d3a-54cd3af6ea8e,INV-77e017ce-e5fc-4155-8d3a-54cd3af6ea8e,CID-268,2026-03-05,543.72,AmEx,Completed,SampleGen
PAY-2b1d362e-4d6e-485f-9a75-63f19d4acf76,INV-2b1d362e-4d6e-485f-9a75-63f19d4acf76,CID-268,2025-09-15,2827.48,AmEx,Completed,SampleGen
PAY-82c6519c-9331-4f30-a6a2-2f6fa9055ef7,INV-82c6519c-9331-4f30-a6a2-2f6fa9055ef7,CID-268,2026-04-20,1446.32,VISA,Completed,SampleGen
PAY-7bbd5674-f4c4-4b44-9cf4-5ace4916e36c,INV-7bbd5674-f4c4-4b44-9cf4-5ace4916e36c,CID-268,2025-11-26,1707.33,VISA,Completed,SampleGen
PAY-22705ed7-ce16-453f-a4a4-fe8b7ad54415,INV-22705ed7-ce16-453f-a4a4-fe8b7ad54415,CID-268,2025-08-28,1739.95,Discover,Completed,SampleGen
PAY-3d266893-39bd-4ad2-bd04-53c7912cc562,INV-3d266893-39bd-4ad2-bd04-53c7912cc562,CID-268,2025-08-23,1043.97,MC,Completed,SampleGen
PAY-6f024c7c-740d-40cf-8b48-4448c86e2627,INV-6f024c7c-740d-40cf-8b48-4448c86e2627,CID-269,2025-07-24,1076.6,MC,Completed,SampleGen
PAY-32c15c93-42d6-41a1-b5c5-2082a4a0c2c6,INV-32c15c93-42d6-41a1-b5c5-2082a4a0c2c6,CID-269,2025-04-25,2892.68,MC,Completed,SampleGen
PAY-a5bf3fac-ffc8-4e3b-aa90-ccc6575c0c6f,INV-a5bf3fac-ffc8-4e3b-aa90-ccc6575c0c6f,CID-269,2026-02-22,630.74,Discover,Completed,SampleGen
PAY-9bb2fde1-fa36-468e-9d20-c5e4e22d11f3,INV-9bb2fde1-fa36-468e-9d20-c5e4e22d11f3,CID-270,2025-12-21,141.36,AmEx,Completed,SampleGen
PAY-648e59ff-353d-4deb-9b9e-b605bb9d4307,INV-648e59ff-353d-4deb-9b9e-b605bb9d4307,CID-271,2025-01-16,4088.96,Discover,Completed,SampleGen
PAY-74076707-b6e3-4ffc-b389-22138a430e8e,INV-74076707-b6e3-4ffc-b389-22138a430e8e,CID-271,2025-08-17,869.99,PayPal,Completed,SampleGen
PAY-1b7b05e4-b52e-4e2f-825c-b06565660af7,INV-1b7b05e4-b52e-4e2f-825c-b06565660af7,CID-271,2025-08-26,706.86,PayPal,Completed,SampleGen
PAY-8fdaaf79-5416-4b93-9883-ade2a306d866,INV-8fdaaf79-5416-4b93-9883-ade2a306d866,CID-271,2025-04-23,619.84,PayPal,Completed,SampleGen
PAY-0c2b6ef0-28ae-4000-89e8-cec88b5b3079,INV-0c2b6ef0-28ae-4000-89e8-cec88b5b3079,CID-272,2025-03-09,956.98,PayPal,Completed,SampleGen
PAY-ccb83968-12dc-4ac6-b254-57952e5a192e,INV-ccb83968-12dc-4ac6-b254-57952e5a192e,CID-272,2025-12-14,1152.71,AmEx,Completed,SampleGen
PAY-fdb2be78-54a2-406d-891b-36bb1c2e9aa5,INV-fdb2be78-54a2-406d-891b-36bb1c2e9aa5,CID-272,2026-02-11,1304.97,PayPal,Completed,SampleGen
PAY-1eb37d29-e5a1-4351-9dde-21ffcd87cb5e,INV-1eb37d29-e5a1-4351-9dde-21ffcd87cb5e,CID-272,2025-10-07,1283.2,MC,Completed,SampleGen
PAY-e6435e48-cc17-4294-b66e-ca06d72cdb30,INV-e6435e48-cc17-4294-b66e-ca06d72cdb30,CID-272,2026-03-04,1739.98,MC,Completed,SampleGen
PAY-ccaa19ab-22ca-4114-aee3-958eda78df06,INV-ccaa19ab-22ca-4114-aee3-958eda78df06,CID-273,2025-08-25,500.23,VISA,Completed,SampleGen
PAY-ea0426f6-eaee-4757-a3e8-2d5a2c9b2043,INV-ea0426f6-eaee-4757-a3e8-2d5a2c9b2043,CID-273,2026-03-19,1533.33,MC,Completed,SampleGen
PAY-d1b16f80-42e7-42f8-81ae-ebaa3817016e,INV-d1b16f80-42e7-42f8-81ae-ebaa3817016e,CID-273,2025-02-14,4001.94,PayPal,Completed,SampleGen
PAY-7540be9e-170c-4584-8309-c260537589ee,INV-7540be9e-170c-4584-8309-c260537589ee,CID-273,2025-03-11,1196.19,VISA,Completed,SampleGen
PAY-91941703-a9ff-473f-9639-bff775657b39,INV-91941703-a9ff-473f-9639-bff775657b39,CID-273,2025-05-18,1576.85,VISA,Completed,SampleGen
PAY-107386aa-2873-4294-b2a8-1b1af796df90,INV-107386aa-2873-4294-b2a8-1b1af796df90,CID-274,2025-02-12,2957.95,MC,Completed,SampleGen
PAY-935e1d39-f4a2-4ba8-9a96-bd81f68d625f,INV-935e1d39-f4a2-4ba8-9a96-bd81f68d625f,CID-275,2025-08-16,869.99,VISA,Completed,SampleGen
PAY-34dfb15f-5b1f-49f0-aeb3-035af26a999b,INV-34dfb15f-5b1f-49f0-aeb3-035af26a999b,CID-276,2025-10-09,271.86,PayPal,Completed,SampleGen
PAY-5b646a14-920a-4743-9b99-0e407487773e,INV-5b646a14-920a-4743-9b99-0e407487773e,CID-276,2025-05-13,1674.69,MC,Completed,SampleGen
PAY-5bb897f2-0119-419b-beb8-1c06a573682e,INV-5bb897f2-0119-419b-beb8-1c06a573682e,CID-276,2025-02-15,1805.22,PayPal,Completed,SampleGen
PAY-e6df5021-6d04-4005-8c78-9bfe995922fc,INV-e6df5021-6d04-4005-8c78-9bfe995922fc,CID-277,2026-01-16,1565.96,Discover,Completed,SampleGen
PAY-557a44b9-1b2a-4c79-b677-9a8f39d4d963,INV-557a44b9-1b2a-4c79-b677-9a8f39d4d963,CID-277,2025-08-18,1304.92,VISA,Completed,SampleGen
PAY-438deb35-092a-4d48-993a-75fdd962cb91,INV-438deb35-092a-4d48-993a-75fdd962cb91,CID-277,2025-01-08,5654.95,VISA,Completed,SampleGen
PAY-a533f645-df88-4ba3-bbb4-b77876064ff2,INV-a533f645-df88-4ba3-bbb4-b77876064ff2,CID-277,2025-05-05,619.84,MC,Completed,SampleGen
PAY-264ab56f-0342-44e8-9ba3-42147886f716,INV-264ab56f-0342-44e8-9ba3-42147886f716,CID-277,2025-12-09,706.86,VISA,Completed,SampleGen
PAY-c76808fc-cd3b-4d2b-abd9-02ffde5aa07f,INV-c76808fc-cd3b-4d2b-abd9-02ffde5aa07f,CID-277,2025-06-25,1065.72,VISA,Completed,SampleGen
PAY-44db785c-f71c-428c-811f-1716fc63c96a,INV-44db785c-f71c-428c-811f-1716fc63c96a,CID-277,2025-02-22,761.23,PayPal,Completed,SampleGen
PAY-6f0effe4-c7e2-432b-81ec-7e4c4c2fcd34,INV-6f0effe4-c7e2-432b-81ec-7e4c4c2fcd34,CID-277,2025-05-22,3643.07,PayPal,Completed,SampleGen
PAY-93971a73-f284-42d9-acb1-752ea443d573,INV-93971a73-f284-42d9-acb1-752ea443d573,CID-277,2025-11-14,1522.46,Discover,Completed,SampleGen
PAY-f6626215-be37-4d96-8d5a-bc86fc3fd7fe,INV-f6626215-be37-4d96-8d5a-bc86fc3fd7fe,CID-277,2025-08-29,891.68,VISA,Completed,SampleGen
PAY-6911105b-6d47-4522-9562-053321acd0fd,INV-6911105b-6d47-4522-9562-053321acd0fd,CID-277,2025-03-19,326.24,MC,Completed,SampleGen
PAY-4f42ab24-d4a7-43dc-86c8-a3c31f08d006,INV-4f42ab24-d4a7-43dc-86c8-a3c31f08d006,CID-278,2026-03-03,173.98,PayPal,Completed,SampleGen
PAY-2b1c3b62-ee51-45d3-8436-0584883d0a5e,INV-2b1c3b62-ee51-45d3-8436-0584883d0a5e,CID-279,2025-05-29,271.86,AmEx,Completed,SampleGen
PAY-92c5a0bb-651f-49dd-be5d-dc1bd74fd8ea,INV-92c5a0bb-651f-49dd-be5d-dc1bd74fd8ea,CID-279,2026-02-20,761.22,VISA,Completed,SampleGen
PAY-a6baebc8-97a9-4372-95c6-3cab20f8f69a,INV-a6baebc8-97a9-4372-95c6-3cab20f8f69a,CID-280,2026-02-28,1033.09,AmEx,Completed,SampleGen
PAY-4bcf6ed5-4af1-49c9-aa95-dbf4d0432ed5,INV-4bcf6ed5-4af1-49c9-aa95-dbf4d0432ed5,CID-280,2026-01-31,706.86,MC,Completed,SampleGen
PAY-9ee3c266-1c04-4886-adba-673b079895a7,INV-9ee3c266-1c04-4886-adba-673b079895a7,CID-281,2025-06-12,467.59,Discover,Completed,SampleGen
PAY-d87cf71e-703d-4fd8-934b-26763f56479e,INV-d87cf71e-703d-4fd8-934b-26763f56479e,CID-281,2025-08-12,1555.05,VISA,Completed,SampleGen
PAY-f6a47583-13e9-4583-a2da-c345e53906e9,INV-f6a47583-13e9-4583-a2da-c345e53906e9,CID-281,2025-04-26,206.61,MC,Completed,SampleGen
PAY-6d70d7a8-8a4a-4366-b299-66a59c9830f1,INV-6d70d7a8-8a4a-4366-b299-66a59c9830f1,CID-281,2025-03-01,4023.69,MC,Completed,SampleGen
PAY-b1a9b9af-63ff-4b35-bdb1-a7254afa77b9,INV-b1a9b9af-63ff-4b35-bdb1-a7254afa77b9,CID-281,2026-01-17,1739.97,VISA,Completed,SampleGen
PAY-9ae37461-520d-4da9-89ae-4011f03e686d,INV-9ae37461-520d-4da9-89ae-4011f03e686d,CID-281,2025-04-21,1718.18,VISA,Completed,SampleGen
PAY-cda817cf-beb8-4931-8477-84a3e6a99ac8,INV-cda817cf-beb8-4931-8477-84a3e6a99ac8,CID-281,2025-09-09,2435.95,MC,Completed,SampleGen
PAY-1288df3c-d91c-47f8-b7f0-e28876a359fa,INV-1288df3c-d91c-47f8-b7f0-e28876a359fa,CID-281,2025-01-31,3403.83,AmEx,Completed,SampleGen
PAY-13b42f3e-459c-45ed-9aac-5ef06837ba76,INV-13b42f3e-459c-45ed-9aac-5ef06837ba76,CID-282,2025-09-27,848.22,PayPal,Completed,SampleGen
PAY-b04b58fa-d922-4118-a88e-bf2f4a29b662,INV-b04b58fa-d922-4118-a88e-bf2f4a29b662,CID-282,2025-01-11,1576.83,MC,Completed,SampleGen
PAY-de9b5195-92e2-4eed-90fa-1d31c642f1a0,INV-de9b5195-92e2-4eed-90fa-1d31c642f1a0,CID-283,2026-03-17,2131.46,PayPal,Completed,SampleGen
PAY-68b408ce-ad31-4a1d-a175-724d96240a5c,INV-68b408ce-ad31-4a1d-a175-724d96240a5c,CID-283,2025-07-09,869.98,MC,Completed,SampleGen
PAY-dfa161e8-f57e-4c46-a204-d2804cf6528c,INV-dfa161e8-f57e-4c46-a204-d2804cf6528c,CID-283,2025-09-29,1642.08,PayPal,Completed,SampleGen
PAY-06d1492e-890e-4ba4-b68d-8d7f8ec59899,INV-06d1492e-890e-4ba4-b68d-8d7f8ec59899,CID-283,2025-08-29,1631.22,AmEx,Completed,SampleGen
PAY-47e69d18-7fb3-497e-9568-e4e1707fe217,INV-47e69d18-7fb3-497e-9568-e4e1707fe217,CID-283,2025-06-04,1652.93,MC,Completed,SampleGen
PAY-0e7226eb-676e-4c5a-a255-aadecd34ea88,INV-0e7226eb-676e-4c5a-a255-aadecd34ea88,CID-283,2026-01-24,2066.2,PayPal,Completed,SampleGen
PAY-416a2860-17e4-405e-a1ec-f8f9250b4975,INV-416a2860-17e4-405e-a1ec-f8f9250b4975,CID-284,2025-11-27,4088.96,VISA,Completed,SampleGen
PAY-6c977009-8881-41fc-af3d-8f09e35d7267,INV-6c977009-8881-41fc-af3d-8f09e35d7267,CID-284,2025-07-15,173.98,VISA,Completed,SampleGen
PAY-7513e76c-9854-41cc-82fa-5881b30ad075,INV-7513e76c-9854-41cc-82fa-5881b30ad075,CID-284,2025-12-24,5665.8,PayPal,Completed,SampleGen
PAY-7db8dd28-82bd-43ba-9de9-1e620bc6b042,INV-7db8dd28-82bd-43ba-9de9-1e620bc6b042,CID-284,2025-11-11,1522.48,AmEx,Completed,SampleGen
PAY-c2b2e3f5-36d5-47b1-8a88-1434298b9f60,INV-c2b2e3f5-36d5-47b1-8a88-1434298b9f60,CID-284,2025-06-10,2550.12,MC,Completed,SampleGen
PAY-65220b4d-1892-49d8-a4f6-ad18191b7f45,INV-65220b4d-1892-49d8-a4f6-ad18191b7f45,CID-284,2026-03-22,543.73,AmEx,Completed,SampleGen
PAY-4eba5f2b-16da-4b25-bda5-e3f71a9ac101,INV-4eba5f2b-16da-4b25-bda5-e3f71a9ac101,CID-284,2026-04-19,1283.21,AmEx,Completed,SampleGen
PAY-88680d76-3127-40e1-9bc6-0dcbfae25895,INV-88680d76-3127-40e1-9bc6-0dcbfae25895,CID-285,2025-12-17,2827.47,Discover,Completed,SampleGen
PAY-068a6697-ae31-4c4d-9067-5bf17b204c90,INV-068a6697-ae31-4c4d-9067-5bf17b204c90,CID-285,2026-03-24,532.84,MC,Completed,SampleGen
PAY-2d6a016d-76f4-4852-90ac-ec352d28423f,INV-2d6a016d-76f4-4852-90ac-ec352d28423f,CID-285,2025-02-18,337.1,AmEx,Completed,SampleGen
PAY-325b72d1-6309-4362-866e-47ae2413a669,INV-325b72d1-6309-4362-866e-47ae2413a669,CID-285,2025-03-02,3947.55,MC,Completed,SampleGen
PAY-25960764-e166-4cec-b5d4-da563f6b67ea,INV-25960764-e166-4cec-b5d4-da563f6b67ea,CID-286,2026-03-11,3610.43,MC,Completed,SampleGen
PAY-bc65f222-5908-488e-bdd3-5af57b1994b5,INV-bc65f222-5908-488e-bdd3-5af57b1994b5,CID-286,2025-04-28,4589.17,MC,Completed,SampleGen
PAY-0bd4de6f-ffc0-4d89-8905-d581c8328c0d,INV-0bd4de6f-ffc0-4d89-8905-d581c8328c0d,CID-286,2025-09-03,413.22,VISA,Completed,SampleGen
PAY-2d5f18d7-e21d-45aa-bdbb-9ff71f307047,INV-2d5f18d7-e21d-45aa-bdbb-9ff71f307047,CID-286,2025-03-02,1413.73,PayPal,Completed,SampleGen
PAY-6b04d800-6313-483c-a0dd-0c1a72cbe237,INV-6b04d800-6313-483c-a0dd-0c1a72cbe237,CID-287,2026-03-26,391.48,AmEx,Completed,SampleGen
PAY-725c817f-6bfd-457d-b665-5c449b039342,INV-725c817f-6bfd-457d-b665-5c449b039342,CID-287,2025-11-07,902.58,VISA,Completed,SampleGen
PAY-93ec04e6-76fd-4eb3-a08d-3bb5a86b58a8,INV-93ec04e6-76fd-4eb3-a08d-3bb5a86b58a8,CID-287,2025-09-15,4523.93,PayPal,Completed,SampleGen
PAY-9aa6d5d6-0588-464e-b060-ba425ab97439,INV-9aa6d5d6-0588-464e-b060-ba425ab97439,CID-288,2025-07-15,1750.81,AmEx,Completed,SampleGen
PAY-f4df8102-40d5-4030-ac84-9e54f2a1c702,INV-f4df8102-40d5-4030-ac84-9e54f2a1c702,CID-288,2025-10-22,3479.94,PayPal,Completed,SampleGen
PAY-f9c74d81-8931-4034-b829-4503deea6259,INV-f9c74d81-8931-4034-b829-4503deea6259,CID-289,2025-08-27,924.32,MC,Completed,SampleGen
PAY-4a7480e2-e557-4d36-b086-591e4c9f5a1e,INV-4a7480e2-e557-4d36-b086-591e4c9f5a1e,CID-290,2025-07-06,598.06,VISA,Completed,SampleGen
PAY-c5d019d0-6712-4fcc-b8b1-ce1bad9ad284,INV-c5d019d0-6712-4fcc-b8b1-ce1bad9ad284,CID-290,2026-02-13,2392.47,MC,Completed,SampleGen
PAY-4eade53c-9842-4f84-b075-d470b53c83e6,INV-4eade53c-9842-4f84-b075-d470b53c83e6,CID-290,2026-03-12,2914.47,AmEx,Completed,SampleGen
PAY-d69588dc-8def-4994-94c1-c1e1ab1ffdf7,INV-d69588dc-8def-4994-94c1-c1e1ab1ffdf7,CID-290,2025-08-07,391.46,MC,Completed,SampleGen
PAY-ca258b71-798f-452b-b84d-12c51f5bb47e,INV-ca258b71-798f-452b-b84d-12c51f5bb47e,CID-291,2025-06-02,2066.21,Discover,Completed,SampleGen
PAY-514fedd4-ac33-471c-b9d1-8ac8059bca8f,INV-514fedd4-ac33-471c-b9d1-8ac8059bca8f,CID-291,2025-03-11,1217.95,PayPal,Completed,SampleGen
PAY-c1debe74-921b-48c0-9f61-d50baa80fe05,INV-c1debe74-921b-48c0-9f61-d50baa80fe05,CID-291,2025-02-05,1196.23,AmEx,Completed,SampleGen
PAY-9a38b745-0964-43a8-a04c-81919ac4806f,INV-9a38b745-0964-43a8-a04c-81919ac4806f,CID-291,2026-04-24,1783.44,VISA,Completed,SampleGen
PAY-3cc55ca4-77b5-484c-b0f4-cebf4d868a79,INV-3cc55ca4-77b5-484c-b0f4-cebf4d868a79,CID-292,2025-10-07,1065.73,PayPal,Completed,SampleGen
PAY-e3fe1389-60f7-454b-a737-20e5aebe0cf1,INV-e3fe1389-60f7-454b-a737-20e5aebe0cf1,CID-293,2025-05-25,1043.95,VISA,Completed,SampleGen
PAY-baca4115-9d4a-4027-bc71-6a7b45ba83b9,INV-baca4115-9d4a-4027-bc71-6a7b45ba83b9,CID-293,2025-04-23,2283.69,VISA,Completed,SampleGen
PAY-ad6e299a-5dc2-44c3-81b5-51970f446afc,INV-ad6e299a-5dc2-44c3-81b5-51970f446afc,CID-293,2025-12-28,2936.21,Discover,Completed,SampleGen
PAY-d4877f60-069b-4794-8209-1e2bfb0d3b49,INV-d4877f60-069b-4794-8209-1e2bfb0d3b49,CID-293,2025-07-27,1413.69,MC,Completed,SampleGen
PAY-09ea5e2d-d3ee-4c91-a04c-dc9a9b976b10,INV-09ea5e2d-d3ee-4c91-a04c-dc9a9b976b10,CID-294,2025-11-12,2131.45,Discover,Completed,SampleGen
PAY-e38271e1-d471-4bca-9071-83fb7f1f522e,INV-e38271e1-d471-4bca-9071-83fb7f1f522e,CID-294,2026-04-13,65.24,AmEx,Completed,SampleGen
PAY-79191825-383e-4353-b954-4d99130fdbd4,INV-79191825-383e-4353-b954-4d99130fdbd4,CID-294,2025-05-09,163.11,Discover,Completed,SampleGen
PAY-247d282f-35ad-4be4-a319-3bbc3b5a3ae8,INV-247d282f-35ad-4be4-a319-3bbc3b5a3ae8,CID-294,2026-01-20,1750.84,MC,Completed,SampleGen
PAY-c4756a42-6794-4011-8d0a-b8051e2e6f20,INV-c4756a42-6794-4011-8d0a-b8051e2e6f20,CID-294,2025-07-09,2827.45,PayPal,Completed,SampleGen
PAY-3bdf49b3-962e-42f0-aa88-b61298ca1d12,INV-3bdf49b3-962e-42f0-aa88-b61298ca1d12,CID-294,2026-04-26,2675.18,Discover,Completed,SampleGen
PAY-d94c414d-9167-406f-877a-87d4e833e9bc,INV-d94c414d-9167-406f-877a-87d4e833e9bc,CID-294,2025-04-15,1043.97,MC,Completed,SampleGen
PAY-26bfea57-13a8-4c31-a8c6-24705a235b55,INV-26bfea57-13a8-4c31-a8c6-24705a235b55,CID-295,2025-06-11,217.47,Discover,Completed,SampleGen
PAY-4438f2f8-441b-42ea-8afc-380323b3a88e,INV-4438f2f8-441b-42ea-8afc-380323b3a88e,CID-295,2025-05-26,5437.44,Discover,Completed,SampleGen
PAY-67022346-5391-436d-be12-966fcdd7dbfc,INV-67022346-5391-436d-be12-966fcdd7dbfc,CID-295,2025-03-27,3479.96,AmEx,Completed,SampleGen
PAY-66a59798-06f8-4ea7-9381-182e1df8fd85,INV-66a59798-06f8-4ea7-9381-182e1df8fd85,CID-295,2025-08-17,880.82,MC,Completed,SampleGen
PAY-f92d14f8-548e-419f-b8a8-77b501d5c7b3,INV-f92d14f8-548e-419f-b8a8-77b501d5c7b3,CID-296,2025-04-28,935.21,VISA,Completed,SampleGen
PAY-ac32458d-7f41-47dd-8357-40fca7bd4e27,INV-ac32458d-7f41-47dd-8357-40fca7bd4e27,CID-296,2025-07-15,413.23,VISA,Completed,SampleGen
PAY-cbb2cb69-c777-42c7-98e1-0fee1354b580,INV-cbb2cb69-c777-42c7-98e1-0fee1354b580,CID-296,2025-04-25,4415.2,AmEx,Completed,SampleGen
PAY-847b6c9f-41f6-4387-9a28-2fc2f347ee89,INV-847b6c9f-41f6-4387-9a28-2fc2f347ee89,CID-297,2025-10-03,706.85,PayPal,Completed,SampleGen
PAY-f21f18b3-435c-43e3-9123-183b847269c7,INV-f21f18b3-435c-43e3-9123-183b847269c7,CID-297,2025-06-19,3153.7,VISA,Completed,SampleGen
PAY-ba87c10f-adb5-40da-af6b-8f15cf69b320,INV-ba87c10f-adb5-40da-af6b-8f15cf69b320,CID-298,2025-03-29,532.85,VISA,Completed,SampleGen
PAY-db669d6a-645f-4446-bcd0-0e5775779500,INV-db669d6a-645f-4446-bcd0-0e5775779500,CID-298,2025-06-10,521.96,MC,Completed,SampleGen
PAY-f8b1fe59-8bd4-4139-a2a0-cc64d9a7044d,INV-f8b1fe59-8bd4-4139-a2a0-cc64d9a7044d,CID-298,2025-09-26,761.23,AmEx,Completed,SampleGen
PAY-c6e7ca83-f693-4248-ade1-8d19949fc83f,INV-c6e7ca83-f693-4248-ade1-8d19949fc83f,CID-298,2025-08-30,260.97,MC,Completed,SampleGen
PAY-30017ade-6845-4628-b134-9fa75d31ba7b,INV-30017ade-6845-4628-b134-9fa75d31ba7b,CID-298,2026-04-20,750.31,PayPal,Completed,SampleGen
PAY-74d9bd95-b68d-4d31-8658-435c9fa47699,INV-74d9bd95-b68d-4d31-8658-435c9fa47699,CID-298,2025-09-02,608.97,AmEx,Completed,SampleGen
PAY-60e44780-27f3-4dd3-809b-2d5b5a4fd831,INV-60e44780-27f3-4dd3-809b-2d5b5a4fd831,CID-298,2025-10-03,543.72,AmEx,Completed,SampleGen
PAY-afc35a86-7cff-48d5-9b0c-a7d56521f206,INV-afc35a86-7cff-48d5-9b0c-a7d56521f206,CID-299,2026-04-26,869.96,AmEx,Completed,SampleGen
PAY-7829cdbf-3041-4553-a903-f9429d065285,INV-7829cdbf-3041-4553-a903-f9429d065285,CID-299,2025-08-29,782.97,PayPal,Completed,SampleGen
PAY-cb8924a0-d9e8-4015-bd1a-14bd873f4a77,INV-cb8924a0-d9e8-4015-bd1a-14bd873f4a77,CID-299,2025-07-22,978.73,MC,Completed,SampleGen
PAY-0d28e225-b56b-4775-b3ae-9af41fde56c7,INV-0d28e225-b56b-4775-b3ae-9af41fde56c7,CID-300,2026-03-12,978.73,VISA,Completed,SampleGen
PAY-04df315e-cf4e-4298-bfce-7d906593e008,INV-04df315e-cf4e-4298-bfce-7d906593e008,CID-300,2025-02-08,2827.48,PayPal,Completed,SampleGen
PAY-7a6b52ca-a8b4-4bfc-9dbc-dc8070088107,INV-7a6b52ca-a8b4-4bfc-9dbc-dc8070088107,CID-301,2025-11-24,630.72,VISA,Completed,SampleGen
PAY-2a52bd96-7359-483b-8c08-a9ba7d477b36,INV-2a52bd96-7359-483b-8c08-a9ba7d477b36,CID-301,2026-03-12,1043.96,MC,Completed,SampleGen
PAY-ea28fab8-f54e-4491-855d-b5860ce624ce,INV-ea28fab8-f54e-4491-855d-b5860ce624ce,CID-301,2025-03-27,2087.94,VISA,Completed,SampleGen
PAY-c09a01fa-451d-4e84-828b-be7e6560f8ae,INV-c09a01fa-451d-4e84-828b-be7e6560f8ae,CID-301,2025-12-23,1957.48,VISA,Completed,SampleGen
PAY-becb1bb7-91aa-4820-a114-25734d4a0b5d,INV-becb1bb7-91aa-4820-a114-25734d4a0b5d,CID-301,2025-09-09,1457.22,MC,Completed,SampleGen
PAY-abdaf982-db08-48be-9792-40c0879b92c4,INV-abdaf982-db08-48be-9792-40c0879b92c4,CID-301,2025-08-14,1261.48,AmEx,Completed,SampleGen
PAY-7d7d2f44-3c3e-43be-b71c-855e591e4de9,INV-7d7d2f44-3c3e-43be-b71c-855e591e4de9,CID-302,2026-02-26,326.23,VISA,Completed,SampleGen
PAY-953cebd8-15c1-42b4-b454-5b15309ce756,INV-953cebd8-15c1-42b4-b454-5b15309ce756,CID-302,2025-04-08,3208.05,PayPal,Completed,SampleGen
PAY-7d3d6b03-4880-4b81-a6f3-71cb10086630,INV-7d3d6b03-4880-4b81-a6f3-71cb10086630,CID-302,2025-04-06,2392.47,MC,Completed,SampleGen
PAY-92360984-90fd-4a42-9a19-70c863cfe667,INV-92360984-90fd-4a42-9a19-70c863cfe667,CID-303,2025-05-04,902.57,PayPal,Completed,SampleGen
PAY-8da3dfed-1e04-430d-bbd2-85701cf35fd1,INV-8da3dfed-1e04-430d-bbd2-85701cf35fd1,CID-303,2025-05-01,543.73,PayPal,Completed,SampleGen
PAY-a2d47672-cf9f-484f-b70a-81ac71e192a9,INV-a2d47672-cf9f-484f-b70a-81ac71e192a9,CID-304,2025-09-13,3479.93,VISA,Completed,SampleGen
PAY-fc6b9bad-a863-4313-a4ab-e6835eaa69df,INV-fc6b9bad-a863-4313-a4ab-e6835eaa69df,CID-304,2025-04-19,1587.72,VISA,Completed,SampleGen
PAY-850a3030-6564-41f8-a2f3-de1f4aa9b76b,INV-850a3030-6564-41f8-a2f3-de1f4aa9b76b,CID-304,2025-04-03,1326.71,PayPal,Completed,SampleGen
PAY-7fa001bb-4360-4d4d-8938-57731c6cdeab,INV-7fa001bb-4360-4d4d-8938-57731c6cdeab,CID-304,2025-11-24,2240.22,MC,Completed,SampleGen
PAY-2f8c75c6-b02d-4223-a589-031056464025,INV-2f8c75c6-b02d-4223-a589-031056464025,CID-305,2025-09-25,706.84,VISA,Completed,SampleGen
PAY-ae466b9a-3763-435c-a74d-5e29baec4a23,INV-ae466b9a-3763-435c-a74d-5e29baec4a23,CID-305,2026-04-19,902.56,MC,Completed,SampleGen
PAY-34af4220-b062-4e7d-a111-db2ded3b0733,INV-34af4220-b062-4e7d-a111-db2ded3b0733,CID-305,2025-06-27,1685.6,VISA,Completed,SampleGen
PAY-e2ea039a-19b0-4370-81df-b2291dfa6ff5,INV-e2ea039a-19b0-4370-81df-b2291dfa6ff5,CID-306,2025-07-06,2414.19,MC,Completed,SampleGen
PAY-b13f3510-a6d3-498b-92d1-76e16dbb8f2f,INV-b13f3510-a6d3-498b-92d1-76e16dbb8f2f,CID-307,2025-01-31,1413.73,AmEx,Completed,SampleGen
PAY-9aa4b03d-eacf-4f37-864d-8d0b94bef1f6,INV-9aa4b03d-eacf-4f37-864d-8d0b94bef1f6,CID-308,2025-03-02,413.23,MC,Completed,SampleGen
PAY-da747fe2-3ed0-4d33-be65-a98283a3be52,INV-da747fe2-3ed0-4d33-be65-a98283a3be52,CID-308,2025-10-24,1163.59,VISA,Completed,SampleGen
PAY-d1702813-c0f2-4790-b7b2-ef5d582fbc1b,INV-d1702813-c0f2-4790-b7b2-ef5d582fbc1b,CID-308,2025-08-02,989.58,MC,Completed,SampleGen
PAY-9adbc9df-c1e6-4a98-a69f-57930255140a,INV-9adbc9df-c1e6-4a98-a69f-57930255140a,CID-308,2025-05-11,500.22,VISA,Completed,SampleGen
PAY-c0440fd9-44b3-416a-9936-5fb8b69da06a,INV-c0440fd9-44b3-416a-9936-5fb8b69da06a,CID-309,2025-11-01,2609.96,MC,Completed,SampleGen
PAY-f51a5bf0-8492-4c74-aaac-aa46c952c928,INV-f51a5bf0-8492-4c74-aaac-aa46c952c928,CID-309,2025-01-06,2990.59,VISA,Completed,SampleGen
PAY-aa200745-c95f-41c1-88f4-3292b0a41a33,INV-aa200745-c95f-41c1-88f4-3292b0a41a33,CID-309,2025-08-30,1533.32,PayPal,Completed,SampleGen
PAY-b501ca0e-0e1a-448f-ad5c-7eff6ee5bb78,INV-b501ca0e-0e1a-448f-ad5c-7eff6ee5bb78,CID-309,2026-03-25,1859.59,AmEx,Completed,SampleGen
PAY-fccf447a-b067-4f2e-9b1b-f35bffb1aa48,INV-fccf447a-b067-4f2e-9b1b-f35bffb1aa48,CID-309,2025-04-18,5491.8,MC,Completed,SampleGen
PAY-451300ef-1b11-49b1-a083-f2a0dd911518,INV-451300ef-1b11-49b1-a083-f2a0dd911518,CID-310,2026-04-23,1620.32,VISA,Completed,SampleGen
PAY-e6d5f6f9-a6e1-4fd2-9bda-89c37aba2e36,INV-e6d5f6f9-a6e1-4fd2-9bda-89c37aba2e36,CID-311,2025-10-28,2174.96,AmEx,Completed,SampleGen
PAY-f81c86b7-c83f-4eda-96a5-180c35706999,INV-f81c86b7-c83f-4eda-96a5-180c35706999,CID-311,2025-04-05,5067.7,VISA,Completed,SampleGen
PAY-c9976696-6a1c-40be-ba33-3869bc28b86e,INV-c9976696-6a1c-40be-ba33-3869bc28b86e,CID-312,2026-03-01,1968.31,Discover,Completed,SampleGen
PAY-a83a99aa-720f-451c-a2a6-cf5e4f61e71a,INV-a83a99aa-720f-451c-a2a6-cf5e4f61e71a,CID-312,2025-08-26,1185.33,MC,Completed,SampleGen
PAY-f1a262df-42a5-4504-820b-70fc617eb140,INV-f1a262df-42a5-4504-820b-70fc617eb140,CID-312,2025-08-04,413.23,MC,Completed,SampleGen
PAY-cae01f02-c230-4b07-ba9a-907faa44d4fd,INV-cae01f02-c230-4b07-ba9a-907faa44d4fd,CID-313,2025-08-06,1120.09,MC,Completed,SampleGen
PAY-13db53bd-23d5-486b-b912-aa9fb98ac099,INV-13db53bd-23d5-486b-b912-aa9fb98ac099,CID-313,2025-09-13,271.86,AmEx,Completed,SampleGen
PAY-96c22f3d-b621-4ae3-9188-c8fb9b37ccac,INV-96c22f3d-b621-4ae3-9188-c8fb9b37ccac,CID-313,2025-02-21,489.36,VISA,Completed,SampleGen
PAY-ff5fb65e-7b32-44fe-b33a-c1eecbef6477,INV-ff5fb65e-7b32-44fe-b33a-c1eecbef6477,CID-313,2025-12-02,1250.59,MC,Completed,SampleGen
PAY-fec8a571-3a1c-442b-9f03-cb47b2ecc620,INV-fec8a571-3a1c-442b-9f03-cb47b2ecc620,CID-313,2025-09-22,1957.48,Discover,Completed,SampleGen
PAY-99be406e-2fc1-42ef-938e-87f970507140,INV-99be406e-2fc1-42ef-938e-87f970507140,CID-314,2025-07-05,1261.44,VISA,Completed,SampleGen
PAY-bac949eb-e4c9-498b-b0d9-005f55991f03,INV-bac949eb-e4c9-498b-b0d9-005f55991f03,CID-314,2025-05-19,434.99,VISA,Completed,SampleGen
PAY-3207e912-ad9c-4c1e-9477-7e6fa11a25f7,INV-3207e912-ad9c-4c1e-9477-7e6fa11a25f7,CID-315,2025-03-17,543.72,AmEx,Completed,SampleGen
PAY-591b09b4-e414-4446-9656-67a1b4034e7c,INV-591b09b4-e414-4446-9656-67a1b4034e7c,CID-315,2026-03-20,576.33,MC,Completed,SampleGen
PAY-4f466f4f-c376-45ca-a728-8d4d1d4f4cb9,INV-4f466f4f-c376-45ca-a728-8d4d1d4f4cb9,CID-315,2025-06-05,217.48,MC,Completed,SampleGen
PAY-2df73a17-24e0-46d5-935a-2dfe6606be9d,INV-2df73a17-24e0-46d5-935a-2dfe6606be9d,CID-316,2025-01-31,326.23,PayPal,Completed,SampleGen
PAY-4eb3a2b2-1c8c-4cc1-877a-637eff70c5e2,INV-4eb3a2b2-1c8c-4cc1-877a-637eff70c5e2,CID-316,2025-06-04,413.23,AmEx,Completed,SampleGen
PAY-331bda19-9678-473a-9027-1ba1cd67d29e,INV-331bda19-9678-473a-9027-1ba1cd67d29e,CID-316,2026-04-10,750.34,Discover,Completed,SampleGen
PAY-4e8dbb24-22db-44c2-9836-9efb2d797dee,INV-4e8dbb24-22db-44c2-9836-9efb2d797dee,CID-316,2025-06-24,445.83,PayPal,Completed,SampleGen
PAY-58804dfc-4816-43c2-846c-e0135ec91cea,INV-58804dfc-4816-43c2-846c-e0135ec91cea,CID-317,2026-01-01,16.3,PayPal,Completed,SampleGen
PAY-6f66b118-cf49-4da7-989a-3e77057f802e,INV-6f66b118-cf49-4da7-989a-3e77057f802e,CID-317,2025-10-17,1250.6,VISA,Completed,SampleGen
PAY-89b8c827-6634-4b3c-a143-f340b18da5ff,INV-89b8c827-6634-4b3c-a143-f340b18da5ff,CID-317,2026-03-22,598.1,MC,Completed,SampleGen
PAY-22ed01b7-6668-4336-bef1-e3cd58931aec,INV-22ed01b7-6668-4336-bef1-e3cd58931aec,CID-317,2025-10-02,2435.94,AmEx,Completed,SampleGen
PAY-dda05f61-0bf8-4629-a292-ab3e8288ceb2,INV-dda05f61-0bf8-4629-a292-ab3e8288ceb2,CID-318,2025-04-04,1413.73,VISA,Completed,SampleGen
PAY-a92bab6a-b84b-4d85-a757-9ac4500f12d5,INV-a92bab6a-b84b-4d85-a757-9ac4500f12d5,CID-318,2025-11-03,663.34,AmEx,Completed,SampleGen
PAY-dfe1e328-6ef4-4737-aa70-b9219c9f340c,INV-dfe1e328-6ef4-4737-aa70-b9219c9f340c,CID-319,2025-12-19,2675.19,PayPal,Completed,SampleGen
PAY-384ce316-a6de-4542-979a-d3f0e6458499,INV-384ce316-a6de-4542-979a-d3f0e6458499,CID-319,2025-03-19,2055.31,VISA,Completed,SampleGen
PAY-e0eecaf3-ce72-4ff8-889e-0301bbb3111c,INV-e0eecaf3-ce72-4ff8-889e-0301bbb3111c,CID-319,2025-01-21,3643.06,AmEx,Completed,SampleGen
PAY-139c7e39-2be2-449f-9115-1f4cf624db14,INV-139c7e39-2be2-449f-9115-1f4cf624db14,CID-320,2025-02-20,2403.33,AmEx,Completed,SampleGen
PAY-5e68993b-cdd3-4686-848c-d24e6fd1ae78,INV-5e68993b-cdd3-4686-848c-d24e6fd1ae78,CID-320,2025-10-29,5350.43,Discover,Completed,SampleGen
PAY-6b2c23bf-c0ca-4cad-a2d7-0fff81f2e042,INV-6b2c23bf-c0ca-4cad-a2d7-0fff81f2e042,CID-321,2025-10-02,1957.48,MC,Completed,SampleGen
PAY-13aae31b-4676-419f-8f55-54177683784c,INV-13aae31b-4676-419f-8f55-54177683784c,CID-321,2026-03-17,1402.82,VISA,Completed,SampleGen
PAY-1aad0593-e7a5-4dde-a7aa-68930d4c6a4c,INV-1aad0593-e7a5-4dde-a7aa-68930d4c6a4c,CID-322,2025-07-08,1076.56,VISA,Completed,SampleGen
PAY-7bd976f3-3cdf-426a-a26e-2a422ef92800,INV-7bd976f3-3cdf-426a-a26e-2a422ef92800,CID-322,2025-04-04,1304.96,VISA,Completed,SampleGen
PAY-560a56ea-d147-455f-8eff-0698e061c347,INV-560a56ea-d147-455f-8eff-0698e061c347,CID-322,2025-10-30,630.74,PayPal,Completed,SampleGen
PAY-59a0bf38-98ab-4cdb-8271-2c71076a4722,INV-59a0bf38-98ab-4cdb-8271-2c71076a4722,CID-323,2025-01-05,543.73,MC,Completed,SampleGen
PAY-07583612-24b9-4575-b25e-461af50067c1,INV-07583612-24b9-4575-b25e-461af50067c1,CID-323,2025-05-17,1783.44,MC,Completed,SampleGen
PAY-6926d917-a586-4291-92b0-743f640c569e,INV-6926d917-a586-4291-92b0-743f640c569e,CID-324,2026-04-16,2218.46,AmEx,Completed,SampleGen
PAY-ab863c2b-4962-4f25-82a4-7f81f26b28d5,INV-ab863c2b-4962-4f25-82a4-7f81f26b28d5,CID-324,2025-08-18,706.81,MC,Completed,SampleGen
PAY-9fdb03ed-40b0-4f18-b81e-177443f9ffab,INV-9fdb03ed-40b0-4f18-b81e-177443f9ffab,CID-324,2025-10-22,1413.74,VISA,Completed,SampleGen
PAY-c4774efd-523b-402d-841f-2eb30267479d,INV-c4774efd-523b-402d-841f-2eb30267479d,CID-325,2025-02-03,217.49,MC,Completed,SampleGen
PAY-fa6a9abc-4b9c-4bb5-bb1b-93ec058aeedb,INV-fa6a9abc-4b9c-4bb5-bb1b-93ec058aeedb,CID-325,2025-06-25,1631.22,PayPal,Completed,SampleGen
PAY-35da0c85-3264-483d-88f8-efd10cb1fd70,INV-35da0c85-3264-483d-88f8-efd10cb1fd70,CID-326,2026-01-06,2229.34,MC,Completed,SampleGen
PAY-1f3a6864-cf97-4d7d-bf4e-a7c46df36923,INV-1f3a6864-cf97-4d7d-bf4e-a7c46df36923,CID-326,2026-03-20,2718.71,AmEx,Completed,SampleGen
PAY-60fc3f12-5ea8-4284-9f1b-e401d400e29b,INV-60fc3f12-5ea8-4284-9f1b-e401d400e29b,CID-327,2025-02-25,2968.81,MC,Completed,SampleGen
PAY-2ff06d6e-c70b-48b1-9312-63b1b0bbe99c,INV-2ff06d6e-c70b-48b1-9312-63b1b0bbe99c,CID-327,2025-12-22,4784.94,VISA,Completed,SampleGen
PAY-3e7ab162-5f82-46f5-a1f6-73b57141bb92,INV-3e7ab162-5f82-46f5-a1f6-73b57141bb92,CID-327,2025-09-23,7699.43,Discover,Completed,SampleGen
PAY-c97e080e-3fe4-49c7-aaf5-7a3a874b98f4,INV-c97e080e-3fe4-49c7-aaf5-7a3a874b98f4,CID-328,2025-01-05,761.22,MC,Completed,SampleGen
PAY-4eeb0f1e-b397-41b0-a201-3d49648abda1,INV-4eeb0f1e-b397-41b0-a201-3d49648abda1,CID-328,2025-04-12,1033.08,VISA,Completed,SampleGen
PAY-c381e468-fa09-4bb3-9093-32328f8e6510,INV-c381e468-fa09-4bb3-9093-32328f8e6510,CID-329,2025-12-25,1250.59,VISA,Completed,SampleGen
PAY-66cde77c-7efc-49e7-a681-197c00f7e638,INV-66cde77c-7efc-49e7-a681-197c00f7e638,CID-329,2025-03-14,1022.21,MC,Completed,SampleGen
PAY-d6f7666b-0f4d-4afd-a0eb-bbb8ef1f0742,INV-d6f7666b-0f4d-4afd-a0eb-bbb8ef1f0742,CID-329,2026-03-03,347.98,MC,Completed,SampleGen
PAY-13ab1fcb-45ca-4d7d-aeb7-a5eda3d8f640,INV-13ab1fcb-45ca-4d7d-aeb7-a5eda3d8f640,CID-330,2026-01-04,1413.74,MC,Completed,SampleGen
PAY-6d48c0d5-f986-4adb-82a0-b68e29f2179d,INV-6d48c0d5-f986-4adb-82a0-b68e29f2179d,CID-331,2025-02-05,1413.73,VISA,Completed,SampleGen
PAY-12c3b863-f194-44b7-ad19-0849d1f96136,INV-12c3b863-f194-44b7-ad19-0849d1f96136,CID-331,2025-01-29,2294.57,MC,Completed,SampleGen
PAY-f0cc8459-50f0-44c0-82ec-e5f95792be6b,INV-f0cc8459-50f0-44c0-82ec-e5f95792be6b,CID-331,2025-08-26,1348.47,Discover,Completed,SampleGen
PAY-f6722789-38ea-46e2-888c-2c5bb6c834a7,INV-f6722789-38ea-46e2-888c-2c5bb6c834a7,CID-331,2025-05-07,1946.56,AmEx,Completed,SampleGen
PAY-f4a6f014-cb6f-4ff1-b191-6513ed355752,INV-f4a6f014-cb6f-4ff1-b191-6513ed355752,CID-331,2026-02-01,1587.71,VISA,Completed,SampleGen
PAY-9b29bfdb-14aa-4ef0-bb53-bfdb21a30ec3,INV-9b29bfdb-14aa-4ef0-bb53-bfdb21a30ec3,CID-331,2025-10-12,630.73,MC,Completed,SampleGen
PAY-d27f01b9-6f20-4415-b8a1-7fff8107d643,INV-d27f01b9-6f20-4415-b8a1-7fff8107d643,CID-332,2025-10-30,1587.69,VISA,Completed,SampleGen
PAY-0820e0f7-2660-452b-b681-4bcee30f3f7c,INV-0820e0f7-2660-452b-b681-4bcee30f3f7c,CID-332,2025-06-20,929.75,VISA,Completed,SampleGen
PAY-e1dcdc96-b138-48e6-95fd-7166add2f414,INV-e1dcdc96-b138-48e6-95fd-7166add2f414,CID-332,2025-12-12,2892.69,AmEx,Completed,SampleGen
PAY-c143ac1c-4ebe-426f-ab97-5568f8e54077,INV-c143ac1c-4ebe-426f-ab97-5568f8e54077,CID-332,2025-09-16,86.99,Discover,Completed,SampleGen
PAY-9bcd4884-7bcc-485e-81c2-cf7ad4ffecc3,INV-9bcd4884-7bcc-485e-81c2-cf7ad4ffecc3,CID-333,2025-11-21,2827.48,VISA,Completed,SampleGen
PAY-0b7e3981-24b2-43c3-9339-0de0e2fff4b4,INV-0b7e3981-24b2-43c3-9339-0de0e2fff4b4,CID-333,2025-07-16,1130.97,MC,Completed,SampleGen
PAY-34971fca-d1df-4555-958b-c52287a86b1d,INV-34971fca-d1df-4555-958b-c52287a86b1d,CID-334,2025-11-28,1739.93,AmEx,Completed,SampleGen
PAY-947567a0-a3cb-4375-a834-bffc6e7014c1,INV-947567a0-a3cb-4375-a834-bffc6e7014c1,CID-335,2025-05-15,2490.3,PayPal,Completed,SampleGen
PAY-297e5082-3d13-400a-9186-6df8aa9168fe,INV-297e5082-3d13-400a-9186-6df8aa9168fe,CID-335,2025-06-27,2077.05,MC,Completed,SampleGen
PAY-d51097be-eff5-4dc3-a43e-023b21ced38c,INV-d51097be-eff5-4dc3-a43e-023b21ced38c,CID-335,2025-09-10,869.98,Discover,Completed,SampleGen
PAY-8032672d-b084-4577-810f-a4d9a02aa020,INV-8032672d-b084-4577-810f-a4d9a02aa020,CID-335,2025-11-03,3599.56,AmEx,Completed,SampleGen
PAY-edef8a95-e129-4eba-a6ab-2c0532cb706e,INV-edef8a95-e129-4eba-a6ab-2c0532cb706e,CID-335,2026-02-18,1892.22,VISA,Completed,SampleGen
PAY-66cc5cbe-c792-4ee8-96df-43de253a1d0b,INV-66cc5cbe-c792-4ee8-96df-43de253a1d0b,CID-335,2025-01-04,4567.44,AmEx,Completed,SampleGen
PAY-dd420fcd-396a-4606-b1cb-8e027da58bd8,INV-dd420fcd-396a-4606-b1cb-8e027da58bd8,CID-336,2025-05-15,206.61,AmEx,Completed,SampleGen
PAY-bc9a1ef3-2950-49dc-b0e7-fd738b9c299a,INV-bc9a1ef3-2950-49dc-b0e7-fd738b9c299a,CID-336,2025-12-10,3371.22,PayPal,Completed,SampleGen
PAY-a6d6afe3-0a02-480f-b2da-94b54c50f6ea,INV-a6d6afe3-0a02-480f-b2da-94b54c50f6ea,CID-336,2026-01-29,4567.44,VISA,Completed,SampleGen
PAY-0744ca08-d3bb-4c03-be32-5a6913f24b4b,INV-0744ca08-d3bb-4c03-be32-5a6913f24b4b,CID-337,2025-04-29,1304.97,VISA,Completed,SampleGen
PAY-4431e7c7-2aa2-4a86-8330-25b134d50700,INV-4431e7c7-2aa2-4a86-8330-25b134d50700,CID-337,2025-05-07,2348.93,VISA,Completed,SampleGen
PAY-a5c11f19-aedb-408c-816d-b0927cdc2970,INV-a5c11f19-aedb-408c-816d-b0927cdc2970,CID-337,2025-01-16,2044.47,MC,Completed,SampleGen
PAY-9933fe9f-1712-4b93-8473-0a855e2f31ea,INV-9933fe9f-1712-4b93-8473-0a855e2f31ea,CID-337,2025-09-01,2000.96,VISA,Completed,SampleGen
PAY-a50dbba1-57ea-46fe-bd72-45eee6c4cad6,INV-a50dbba1-57ea-46fe-bd72-45eee6c4cad6,CID-337,2025-06-21,1337.58,Discover,Completed,SampleGen
PAY-b94f805b-0df6-4437-b840-ea1ed736cedb,INV-b94f805b-0df6-4437-b840-ea1ed736cedb,CID-338,2025-12-02,3479.92,PayPal,Completed,SampleGen
PAY-ad39ca17-d6bb-49c5-95d1-2d1abaac0f49,INV-ad39ca17-d6bb-49c5-95d1-2d1abaac0f49,CID-338,2025-10-14,3262.44,VISA,Completed,SampleGen
PAY-d390ea68-1dc5-4fe6-89a4-a1d0574811bd,INV-d390ea68-1dc5-4fe6-89a4-a1d0574811bd,CID-338,2025-11-04,2827.48,PayPal,Completed,SampleGen
PAY-5b774b9f-3958-4d28-b74e-53b35f25ebe2,INV-5b774b9f-3958-4d28-b74e-53b35f25ebe2,CID-338,2026-01-23,1272.33,PayPal,Completed,SampleGen
PAY-d9cfe4d6-6cae-45db-98e2-538b112b33da,INV-d9cfe4d6-6cae-45db-98e2-538b112b33da,CID-338,2026-01-15,1718.19,MC,Completed,SampleGen
PAY-67e1c049-59f2-44c5-9d18-01243998afe1,INV-67e1c049-59f2-44c5-9d18-01243998afe1,CID-339,2025-02-24,576.34,AmEx,Completed,SampleGen
PAY-7e133375-7e34-4718-a2d5-7f64cd50ca87,INV-7e133375-7e34-4718-a2d5-7f64cd50ca87,CID-339,2025-06-15,1163.58,VISA,Completed,SampleGen
PAY-6216ecd9-672c-4446-a6c4-5cccf095be10,INV-6216ecd9-672c-4446-a6c4-5cccf095be10,CID-339,2026-04-15,2903.56,VISA,Completed,SampleGen
PAY-5fb38b0d-c99e-4666-b0e2-27cfe56f02f9,INV-5fb38b0d-c99e-4666-b0e2-27cfe56f02f9,CID-339,2025-12-17,630.74,VISA,Completed,SampleGen
PAY-db45b33f-3b7b-4cff-86a0-e39444dc9489,INV-db45b33f-3b7b-4cff-86a0-e39444dc9489,CID-340,2025-04-23,1783.43,AmEx,Completed,SampleGen
PAY-1dfe1d76-4e84-4825-be49-c4f8bdf075a8,INV-1dfe1d76-4e84-4825-be49-c4f8bdf075a8,CID-341,2025-02-03,108.74,Discover,Completed,SampleGen
PAY-de02808d-ecd6-4dfc-9de3-8ccf7298a4b4,INV-de02808d-ecd6-4dfc-9de3-8ccf7298a4b4,CID-341,2026-01-12,326.23,VISA,Completed,SampleGen
PAY-bf744611-8c2b-46fc-8281-d4e500b67007,INV-bf744611-8c2b-46fc-8281-d4e500b67007,CID-341,2025-11-18,1739.96,VISA,Completed,SampleGen
PAY-e81d3237-d9b2-4a1c-9b3a-d1c3f3062a0c,INV-e81d3237-d9b2-4a1c-9b3a-d1c3f3062a0c,CID-341,2025-12-11,1500.7,VISA,Completed,SampleGen
PAY-e933e4b1-3903-453f-b8f5-a36e05110f2c,INV-e933e4b1-3903-453f-b8f5-a36e05110f2c,CID-341,2025-10-30,3175.42,PayPal,Completed,SampleGen
PAY-0378165f-9d33-41a9-ae33-81cddd32eef8,INV-0378165f-9d33-41a9-ae33-81cddd32eef8,CID-341,2025-03-08,1207.08,MC,Completed,SampleGen
PAY-118a4767-d1a9-4f67-ba51-59a4248efc05,INV-118a4767-d1a9-4f67-ba51-59a4248efc05,CID-341,2026-02-27,391.48,MC,Completed,SampleGen
PAY-3e9c9225-966b-4ac2-9117-dfd369f25d82,INV-3e9c9225-966b-4ac2-9117-dfd369f25d82,CID-342,2025-04-17,1500.69,MC,Completed,SampleGen
PAY-786e3645-5361-4732-9a81-6bae531cc2b7,INV-786e3645-5361-4732-9a81-6bae531cc2b7,CID-343,2026-03-13,750.34,MC,Completed,SampleGen
PAY-cddfb917-bede-41a1-a93c-2a59e13dd503,INV-cddfb917-bede-41a1-a93c-2a59e13dd503,CID-343,2026-04-24,1413.71,Discover,Completed,SampleGen
PAY-2d5a4c64-a146-45c6-916b-8742922b5994,INV-2d5a4c64-a146-45c6-916b-8742922b5994,CID-344,2025-12-19,2566.45,MC,Completed,SampleGen
PAY-994fd739-8829-49df-a909-25dccc1afc6e,INV-994fd739-8829-49df-a909-25dccc1afc6e,CID-344,2025-05-10,956.98,MC,Completed,SampleGen
PAY-ddca5882-f4b2-4c31-a28c-c8345877c48b,INV-ddca5882-f4b2-4c31-a28c-c8345877c48b,CID-345,2025-04-14,1250.59,MC,Completed,SampleGen
PAY-b2b34995-3988-4ee9-9ba3-65a0ac812c53,INV-b2b34995-3988-4ee9-9ba3-65a0ac812c53,CID-345,2025-10-16,869.97,PayPal,Completed,SampleGen
PAY-0b8b19a7-d3f6-4d22-a848-c51620200bf5,INV-0b8b19a7-d3f6-4d22-a848-c51620200bf5,CID-346,2025-10-12,4393.43,VISA,Completed,SampleGen
PAY-c82998e2-1752-45c3-afd9-ca3a990160a4,INV-c82998e2-1752-45c3-afd9-ca3a990160a4,CID-346,2026-02-16,2414.18,VISA,Completed,SampleGen
PAY-a40ac3db-7165-4dc3-af3d-b81f3251a5fe,INV-a40ac3db-7165-4dc3-af3d-b81f3251a5fe,CID-346,2025-03-02,761.2,VISA,Completed,SampleGen
PAY-0fe9e734-6903-407c-9990-9e62c4b7b14b,INV-0fe9e734-6903-407c-9990-9e62c4b7b14b,CID-346,2025-03-02,1555.09,AmEx,Completed,SampleGen
PAY-340c3828-6a72-4a7a-9715-ee33c3d7bdfc,INV-340c3828-6a72-4a7a-9715-ee33c3d7bdfc,CID-347,2025-11-23,2229.32,MC,Completed,SampleGen
PAY-3d549638-a35d-4160-9f5f-7e848b2d2d58,INV-3d549638-a35d-4160-9f5f-7e848b2d2d58,CID-348,2025-01-09,3044.96,AmEx,Completed,SampleGen
PAY-24ee5bfe-34ae-4f0b-890b-f5e961d4d452,INV-24ee5bfe-34ae-4f0b-890b-f5e961d4d452,CID-348,2025-12-18,2827.48,Discover,Completed,SampleGen
PAY-96692ff8-dfce-4965-9c3e-7cf758ecc5a2,INV-96692ff8-dfce-4965-9c3e-7cf758ecc5a2,CID-349,2025-05-30,782.97,AmEx,Completed,SampleGen
PAY-dbb61827-4c37-45c6-87e1-49ae296f1537,INV-dbb61827-4c37-45c6-87e1-49ae296f1537,CID-349,2025-05-10,1391.97,MC,Completed,SampleGen
PAY-1ccdceac-698d-4c44-b603-b8b060791fe6,INV-1ccdceac-698d-4c44-b603-b8b060791fe6,CID-350,2025-10-12,2827.48,MC,Completed,SampleGen
PAY-1c94c850-297a-4cc7-b990-5cc14814ca78,INV-1c94c850-297a-4cc7-b990-5cc14814ca78,CID-350,2025-08-19,326.21,MC,Completed,SampleGen
PAY-d20a82d2-7369-4b60-831e-3c892c933c18,INV-d20a82d2-7369-4b60-831e-3c892c933c18,CID-350,2025-05-16,891.71,VISA,Completed,SampleGen
PAY-a9f27259-2670-4e9a-a4ec-feb8b8c4e384,INV-a9f27259-2670-4e9a-a4ec-feb8b8c4e384,CID-350,2025-04-07,1098.32,Discover,Completed,SampleGen
PAY-6075d635-adf6-4444-9ca4-97564dcfd378,INV-6075d635-adf6-4444-9ca4-97564dcfd378,CID-351,2025-03-15,2240.22,MC,Completed,SampleGen
PAY-f36475f9-ca83-4523-8583-e9d68a6789b0,INV-f36475f9-ca83-4523-8583-e9d68a6789b0,CID-351,2025-04-26,3164.56,AmEx,Completed,SampleGen
PAY-93e79b86-80d7-460b-a79e-ccacd7166c19,INV-93e79b86-80d7-460b-a79e-ccacd7166c19,CID-352,2025-10-29,173.98,VISA,Completed,SampleGen
PAY-b9f86813-9307-4b4b-bb32-4797296cf9c3,INV-b9f86813-9307-4b4b-bb32-4797296cf9c3,CID-352,2025-08-17,206.61,MC,Completed,SampleGen
PAY-ec55398a-22ac-4315-baa4-398cc203d68d,INV-ec55398a-22ac-4315-baa4-398cc203d68d,CID-352,2026-03-16,1391.97,VISA,Completed,SampleGen
PAY-d80bbee7-4592-49ec-a0b1-23d7caed44dc,INV-d80bbee7-4592-49ec-a0b1-23d7caed44dc,CID-353,2026-02-23,3099.33,MC,Completed,SampleGen
PAY-1a8d5f4f-9d56-449f-9854-82434cc5cf0b,INV-1a8d5f4f-9d56-449f-9854-82434cc5cf0b,CID-353,2026-04-14,967.82,MC,Completed,SampleGen
PAY-20a195ee-d6d8-49f4-86b4-9e2d53a2d44b,INV-20a195ee-d6d8-49f4-86b4-9e2d53a2d44b,CID-354,2026-04-03,1805.19,MC,Completed,SampleGen
PAY-5822e6a0-6384-4466-8bd1-b5448595bf45,INV-5822e6a0-6384-4466-8bd1-b5448595bf45,CID-355,2025-05-10,2000.94,AmEx,Completed,SampleGen
PAY-c78203d1-cf06-4354-ba60-8a95de65c5eb,INV-c78203d1-cf06-4354-ba60-8a95de65c5eb,CID-355,2026-02-05,1098.33,MC,Completed,SampleGen
PAY-66aa76b2-08fe-4a3b-8d68-003ffd9fad17,INV-66aa76b2-08fe-4a3b-8d68-003ffd9fad17,CID-356,2026-04-24,1163.57,MC,Completed,SampleGen
PAY-f540ec89-9122-4921-9a73-322c43c6deff,INV-f540ec89-9122-4921-9a73-322c43c6deff,CID-356,2025-10-28,4763.19,VISA,Completed,SampleGen
PAY-08eefefc-76ad-432e-9052-eab646135f40,INV-08eefefc-76ad-432e-9052-eab646135f40,CID-356,2025-07-07,1065.71,MC,Completed,SampleGen
PAY-f0f340d6-c776-4c45-91ce-6f0f210b62dc,INV-f0f340d6-c776-4c45-91ce-6f0f210b62dc,CID-356,2025-09-17,4415.18,VISA,Completed,SampleGen
PAY-3e7ef45c-2936-4bca-9038-942ff6dc1b3b,INV-3e7ef45c-2936-4bca-9038-942ff6dc1b3b,CID-357,2025-10-11,1576.83,MC,Completed,SampleGen
PAY-a60aa9c5-1643-4cdf-9f60-f4fc27c18871,INV-a60aa9c5-1643-4cdf-9f60-f4fc27c18871,CID-357,2025-11-11,706.86,VISA,Completed,SampleGen
PAY-6a6866ea-305b-47f9-a576-e1c33fec4030,INV-6a6866ea-305b-47f9-a576-e1c33fec4030,CID-357,2025-12-16,5002.43,AmEx,Completed,SampleGen
PAY-04032174-babb-4c6b-93d3-86845e531dc2,INV-04032174-babb-4c6b-93d3-86845e531dc2,CID-357,2025-05-26,804.71,VISA,Completed,SampleGen
PAY-69c9fb39-3716-41ac-b805-b7c6e046ada6,INV-69c9fb39-3716-41ac-b805-b7c6e046ada6,CID-357,2026-04-07,543.71,MC,Completed,SampleGen
PAY-3ea360d3-93d3-4e75-841b-99ace986453a,INV-3ea360d3-93d3-4e75-841b-99ace986453a,CID-358,2025-04-05,456.72,MC,Completed,SampleGen
PAY-6e115e2e-e422-41ff-8566-706d0e48482c,INV-6e115e2e-e422-41ff-8566-706d0e48482c,CID-359,2025-09-21,543.73,MC,Completed,SampleGen
PAY-62173510-458b-487d-84db-e3225ae995c8,INV-62173510-458b-487d-84db-e3225ae995c8,CID-359,2026-03-14,3479.95,Discover,Completed,SampleGen
PAY-d0b88772-109c-4b2f-befd-147598e5d739,INV-d0b88772-109c-4b2f-befd-147598e5d739,CID-360,2026-03-15,630.74,MC,Completed,SampleGen
PAY-e019e350-1b63-42e1-aad1-d23b857cc15f,INV-e019e350-1b63-42e1-aad1-d23b857cc15f,CID-360,2026-04-25,1065.71,VISA,Completed,SampleGen
PAY-57fa1edf-b141-426b-bc6f-c8ef293fc4e1,INV-57fa1edf-b141-426b-bc6f-c8ef293fc4e1,CID-360,2025-06-02,728.55,MC,Completed,SampleGen
PAY-9540ac5a-07c0-4b5d-91d4-5383a1361f1b,INV-9540ac5a-07c0-4b5d-91d4-5383a1361f1b,CID-360,2025-02-26,2827.48,VISA,Completed,SampleGen
PAY-32329d19-3a06-4c3b-911b-4d3b69e627e3,INV-32329d19-3a06-4c3b-911b-4d3b69e627e3,CID-361,2025-09-21,1261.48,PayPal,Completed,SampleGen
PAY-fd09fa04-27cd-49c9-8a25-f5c34ff821a5,INV-fd09fa04-27cd-49c9-8a25-f5c34ff821a5,CID-362,2025-04-28,2566.44,MC,Completed,SampleGen
PAY-bdbcafd7-789a-4f99-86ab-8f9863c87c0e,INV-bdbcafd7-789a-4f99-86ab-8f9863c87c0e,CID-362,2026-03-07,674.21,VISA,Completed,SampleGen
PAY-f43acba0-f0b4-4a27-b7f3-0506ada0f1ea,INV-f43acba0-f0b4-4a27-b7f3-0506ada0f1ea,CID-363,2025-08-17,1098.33,PayPal,Completed,SampleGen
PAY-5e566777-6839-44c3-9aeb-8db80957ee28,INV-5e566777-6839-44c3-9aeb-8db80957ee28,CID-364,2026-03-22,1370.2,PayPal,Completed,SampleGen
PAY-1f39eeed-adf5-4db2-944d-7cbe314218f3,INV-1f39eeed-adf5-4db2-944d-7cbe314218f3,CID-364,2025-11-06,826.47,VISA,Completed,SampleGen
PAY-4f579772-4eb8-4b7c-983e-3ff776c72ac9,INV-4f579772-4eb8-4b7c-983e-3ff776c72ac9,CID-364,2025-03-18,761.22,MC,Completed,SampleGen
PAY-7ab65496-f533-4037-bc75-2aac81422038,INV-7ab65496-f533-4037-bc75-2aac81422038,CID-365,2025-01-02,1848.71,MC,Completed,SampleGen
PAY-91fc0a59-a2fc-4e57-9478-a0783e92c666,INV-91fc0a59-a2fc-4e57-9478-a0783e92c666,CID-366,2025-05-29,1130.95,MC,Completed,SampleGen
PAY-e6b7cb2f-e955-4eef-bc09-769581974707,INV-e6b7cb2f-e955-4eef-bc09-769581974707,CID-367,2025-07-06,2327.2,VISA,Completed,SampleGen
PAY-cc440924-cf73-4677-8947-8db96876342e,INV-cc440924-cf73-4677-8947-8db96876342e,CID-367,2025-08-31,1065.71,VISA,Completed,SampleGen
PAY-c079b4b7-a804-49e9-9293-b9fdc2e2dd66,INV-c079b4b7-a804-49e9-9293-b9fdc2e2dd66,CID-368,2025-12-18,3697.46,MC,Completed,SampleGen
PAY-2b154008-f24e-4c89-b287-2a3d3163a464,INV-2b154008-f24e-4c89-b287-2a3d3163a464,CID-369,2026-04-17,1169.0,MC,Completed,SampleGen
PAY-4dcee81f-1964-463b-9b99-dddced55181f,INV-4dcee81f-1964-463b-9b99-dddced55181f,CID-369,2025-10-21,489.36,AmEx,Completed,SampleGen
PAY-68ae7869-b00d-4695-acb0-82a4a76a32ae,INV-68ae7869-b00d-4695-acb0-82a4a76a32ae,CID-369,2025-10-22,521.98,AmEx,Completed,SampleGen
PAY-bab72f44-4687-431c-8b56-45520ee903bf,INV-bab72f44-4687-431c-8b56-45520ee903bf,CID-369,2026-02-11,598.1,MC,Completed,SampleGen
PAY-3016b5fa-18dc-43e1-b991-d95fa0402459,INV-3016b5fa-18dc-43e1-b991-d95fa0402459,CID-370,2025-06-08,1739.98,AmEx,Completed,SampleGen
PAY-5f797388-f2b2-4eef-a543-92e64406701a,INV-5f797388-f2b2-4eef-a543-92e64406701a,CID-370,2026-03-12,206.61,VISA,Completed,SampleGen
PAY-8315b28e-499e-4c97-842d-a7714275a9d6,INV-8315b28e-499e-4c97-842d-a7714275a9d6,CID-371,2025-03-12,1750.83,MC,Completed,SampleGen
PAY-a2b82223-776b-44bc-a3c4-577a14d9f7bc,INV-a2b82223-776b-44bc-a3c4-577a14d9f7bc,CID-372,2026-03-11,761.23,MC,Completed,SampleGen
PAY-823bd013-45e9-47eb-be82-03fa962b9800,INV-823bd013-45e9-47eb-be82-03fa962b9800,CID-372,2025-05-30,130.49,PayPal,Completed,SampleGen
PAY-a42f8c21-373c-4416-9eca-4bbf0eb17c59,INV-a42f8c21-373c-4416-9eca-4bbf0eb17c59,CID-372,2025-10-31,434.98,AmEx,Completed,SampleGen
PAY-33cb2a45-8a86-4f48-a63c-0855314d87d6,INV-33cb2a45-8a86-4f48-a63c-0855314d87d6,CID-373,2026-02-20,1685.6,MC,Completed,SampleGen
PAY-e527ab0a-412e-4967-a8ef-4b777031ed65,INV-e527ab0a-412e-4967-a8ef-4b777031ed65,CID-374,2026-02-15,1968.32,MC,Completed,SampleGen
PAY-72974616-2873-45bc-a29c-5c602ddeb73b,INV-72974616-2873-45bc-a29c-5c602ddeb73b,CID-374,2025-01-08,326.24,PayPal,Completed,SampleGen
PAY-feca9947-29ba-45fd-aa67-8b6a96ed71ed,INV-feca9947-29ba-45fd-aa67-8b6a96ed71ed,CID-375,2026-02-20,598.11,PayPal,Completed,SampleGen
PAY-8fc6884a-c2e7-477b-bf70-aee95d11072c,INV-8fc6884a-c2e7-477b-bf70-aee95d11072c,CID-375,2025-06-04,86.99,VISA,Completed,SampleGen
PAY-c5bf3141-3689-4e0c-abc3-7469e9a932d2,INV-c5bf3141-3689-4e0c-abc3-7469e9a932d2,CID-376,2025-05-17,2414.2,VISA,Completed,SampleGen
PAY-f54492df-e97c-4d03-bd56-a7b9c655b358,INV-f54492df-e97c-4d03-bd56-a7b9c655b358,CID-377,2026-02-20,2316.31,AmEx,Completed,SampleGen
PAY-a19160c4-69e4-45c2-8bb2-1cf3c75c3e0e,INV-a19160c4-69e4-45c2-8bb2-1cf3c75c3e0e,CID-377,2026-03-21,2131.43,MC,Completed,SampleGen
PAY-7c8552fe-92ec-4a45-9be0-2734538d0988,INV-7c8552fe-92ec-4a45-9be0-2734538d0988,CID-377,2025-02-27,3621.31,Discover,Completed,SampleGen
PAY-117f45e8-6885-430b-89fe-b9b397a9c1a5,INV-117f45e8-6885-430b-89fe-b9b397a9c1a5,CID-377,2025-08-05,2022.69,PayPal,Completed,SampleGen
PAY-fd48b8e1-be7d-4c2a-8ac7-9004164f65ec,INV-fd48b8e1-be7d-4c2a-8ac7-9004164f65ec,CID-378,2025-05-20,3371.22,AmEx,Completed,SampleGen
PAY-dd16d4a7-cf03-4671-b45c-7c06ee665cb4,INV-dd16d4a7-cf03-4671-b45c-7c06ee665cb4,CID-378,2026-01-23,2348.95,VISA,Completed,SampleGen
PAY-c39f3793-4a8c-4d51-8f1d-153678005a97,INV-c39f3793-4a8c-4d51-8f1d-153678005a97,CID-378,2025-06-12,1968.3,AmEx,Completed,SampleGen
PAY-c3dda517-9b04-4963-a836-82286b1a0bd3,INV-c3dda517-9b04-4963-a836-82286b1a0bd3,CID-379,2025-10-22,206.61,MC,Completed,SampleGen
PAY-8dbe9949-ca49-40e2-910a-16f6967be8ec,INV-8dbe9949-ca49-40e2-910a-16f6967be8ec,CID-379,2025-12-17,956.98,VISA,Completed,SampleGen
PAY-702cb20e-7eb6-4bc4-a863-6475b694e976,INV-702cb20e-7eb6-4bc4-a863-6475b694e976,CID-379,2025-11-25,1729.08,AmEx,Completed,SampleGen
PAY-5bad6fd3-f5b4-4101-a28b-5140ab049380,INV-5bad6fd3-f5b4-4101-a28b-5140ab049380,CID-379,2026-03-26,326.24,MC,Completed,SampleGen
PAY-daf814df-b596-47b3-b9f0-27b3ed2c4421,INV-daf814df-b596-47b3-b9f0-27b3ed2c4421,CID-379,2026-04-26,2577.31,MC,Completed,SampleGen
PAY-6b91317d-b107-4de8-a24b-5408604f67a7,INV-6b91317d-b107-4de8-a24b-5408604f67a7,CID-380,2025-06-15,326.24,MC,Completed,SampleGen
PAY-315f29e3-12e2-452b-8f71-59e8e38d0c61,INV-315f29e3-12e2-452b-8f71-59e8e38d0c61,CID-380,2025-08-28,434.96,AmEx,Completed,SampleGen
PAY-765d1cfd-c755-463d-a34e-5cc2aea77ea8,INV-765d1cfd-c755-463d-a34e-5cc2aea77ea8,CID-380,2025-03-03,304.47,PayPal,Completed,SampleGen
PAY-fc7dfaa3-7b18-4cce-9fef-fe63ea2db4cb,INV-fc7dfaa3-7b18-4cce-9fef-fe63ea2db4cb,CID-381,2025-07-11,587.21,VISA,Completed,SampleGen
PAY-194cdd5c-4b21-4474-b802-065b16a2661c,INV-194cdd5c-4b21-4474-b802-065b16a2661c,CID-381,2025-08-29,967.84,MC,Completed,SampleGen
PAY-ec2c7de4-06ab-42cb-9df1-38319d09ab7d,INV-ec2c7de4-06ab-42cb-9df1-38319d09ab7d,CID-382,2025-02-07,1826.94,VISA,Completed,SampleGen
PAY-3d76028d-9ab4-4d2a-999d-a20335660559,INV-3d76028d-9ab4-4d2a-999d-a20335660559,CID-382,2025-11-08,1011.31,VISA,Completed,SampleGen
PAY-3019cb88-820a-4014-a2c2-79a0593ad935,INV-3019cb88-820a-4014-a2c2-79a0593ad935,CID-383,2026-03-27,1631.22,MC,Completed,SampleGen
PAY-a44563a1-9e58-4606-abf3-b9f4f460fb8e,INV-a44563a1-9e58-4606-abf3-b9f4f460fb8e,CID-383,2025-04-02,1652.96,Discover,Completed,SampleGen
PAY-c60a78ca-2a8a-400e-ac6c-708a0b6bb8cd,INV-c60a78ca-2a8a-400e-ac6c-708a0b6bb8cd,CID-384,2025-11-15,3371.21,PayPal,Completed,SampleGen
PAY-e06737aa-e68b-4ebd-af1a-935ded670a13,INV-e06737aa-e68b-4ebd-af1a-935ded670a13,CID-384,2026-04-06,619.84,VISA,Completed,SampleGen
PAY-9e003a1e-5e3b-4a1b-b238-b1b9fccb97ff,INV-9e003a1e-5e3b-4a1b-b238-b1b9fccb97ff,CID-384,2026-02-14,434.99,AmEx,Completed,SampleGen
PAY-10bedfc8-ea84-4db4-8e95-a596de568aca,INV-10bedfc8-ea84-4db4-8e95-a596de568aca,CID-384,2025-10-23,1245.13,VISA,Completed,SampleGen
PAY-dfe31ad8-9315-4574-853a-d5f4df4204c9,INV-dfe31ad8-9315-4574-853a-d5f4df4204c9,CID-385,2025-11-14,489.35,Discover,Completed,SampleGen
PAY-0ce118e8-9bec-43b3-8784-baa44bff739b,INV-0ce118e8-9bec-43b3-8784-baa44bff739b,CID-385,2025-11-25,326.22,PayPal,Completed,SampleGen
PAY-cfc01d72-3f22-4037-94d2-6759a72712f7,INV-cfc01d72-3f22-4037-94d2-6759a72712f7,CID-385,2025-10-02,3697.42,AmEx,Completed,SampleGen
PAY-027b99c4-5446-45e5-906d-3738d2a8ec48,INV-027b99c4-5446-45e5-906d-3738d2a8ec48,CID-385,2025-02-13,4078.07,PayPal,Completed,SampleGen
PAY-a2aa3c1b-f699-4aba-9cfc-0cdb0b65827a,INV-a2aa3c1b-f699-4aba-9cfc-0cdb0b65827a,CID-385,2025-01-05,2120.56,AmEx,Completed,SampleGen
PAY-08e599ae-d55c-4690-a0e5-7738053bf94e,INV-08e599ae-d55c-4690-a0e5-7738053bf94e,CID-385,2025-03-17,978.67,PayPal,Completed,SampleGen
PAY-a1ae560a-f8f8-4f74-b1a1-c0b9b7957b4f,INV-a1ae560a-f8f8-4f74-b1a1-c0b9b7957b4f,CID-385,2025-09-14,630.74,AmEx,Completed,SampleGen
PAY-777ea76b-3523-4951-a649-7ccf4de03a45,INV-777ea76b-3523-4951-a649-7ccf4de03a45,CID-386,2025-12-20,3262.46,PayPal,Completed,SampleGen
PAY-0997e75e-61b0-45f2-af8e-e41850bbbb6b,INV-0997e75e-61b0-45f2-af8e-e41850bbbb6b,CID-386,2025-12-15,978.73,PayPal,Completed,SampleGen
PAY-cc61f95b-1de4-4103-9aa1-d10dfcd76e15,INV-cc61f95b-1de4-4103-9aa1-d10dfcd76e15,CID-386,2025-08-16,217.48,MC,Completed,SampleGen
PAY-e8708e05-bd48-472e-bbb8-c0b758c9271d,INV-e8708e05-bd48-472e-bbb8-c0b758c9271d,CID-386,2025-02-04,1957.48,MC,Completed,SampleGen
PAY-81538c5f-3bb3-4f1b-8ccb-1521f960f667,INV-81538c5f-3bb3-4f1b-8ccb-1521f960f667,CID-386,2025-05-10,543.73,PayPal,Completed,SampleGen
PAY-99367a0f-fdb9-4780-9a87-94d90634442a,INV-99367a0f-fdb9-4780-9a87-94d90634442a,CID-387,2025-04-17,2066.21,Discover,Completed,SampleGen
PAY-3b0fee60-b4fd-4094-ac1d-0004e4dd444f,INV-3b0fee60-b4fd-4094-ac1d-0004e4dd444f,CID-387,2025-10-12,630.74,VISA,Completed,SampleGen
PAY-a21f298d-f7a1-4dad-94e9-65b030442a37,INV-a21f298d-f7a1-4dad-94e9-65b030442a37,CID-388,2025-09-19,1870.44,PayPal,Completed,SampleGen
PAY-322d60ff-cea1-4920-8692-1792518bce1b,INV-322d60ff-cea1-4920-8692-1792518bce1b,CID-389,2025-01-15,3425.58,Discover,Completed,SampleGen
PAY-fe023714-06d9-4457-a422-34eca97e085d,INV-fe023714-06d9-4457-a422-34eca97e085d,CID-389,2025-01-18,217.49,AmEx,Completed,SampleGen
PAY-c0efbcd9-83ff-4e7d-b702-df3480f8e491,INV-c0efbcd9-83ff-4e7d-b702-df3480f8e491,CID-389,2025-01-03,1196.22,AmEx,Completed,SampleGen
PAY-cde1914a-690b-443c-ba42-29c9ec717de9,INV-cde1914a-690b-443c-ba42-29c9ec717de9,CID-389,2025-09-10,489.36,VISA,Completed,SampleGen
PAY-7b50a2c3-eb72-476c-b8a0-ac872747dd78,INV-7b50a2c3-eb72-476c-b8a0-ac872747dd78,CID-390,2025-11-13,2773.07,MC,Completed,SampleGen
PAY-7e09da93-7479-4f92-ace7-3762090a7966,INV-7e09da93-7479-4f92-ace7-3762090a7966,CID-390,2025-05-21,3153.71,VISA,Completed,SampleGen
PAY-0715cd1e-d176-44c4-a348-6792d9218856,INV-0715cd1e-d176-44c4-a348-6792d9218856,CID-390,2025-08-14,86.99,Discover,Completed,SampleGen
PAY-7656834f-bb4e-472e-afc3-ebcebc98de2b,INV-7656834f-bb4e-472e-afc3-ebcebc98de2b,CID-390,2025-06-07,554.57,Discover,Completed,SampleGen
PAY-4fc0fbc1-c3fb-4974-ae4b-9a33da73f2d4,INV-4fc0fbc1-c3fb-4974-ae4b-9a33da73f2d4,CID-391,2025-02-20,1826.96,AmEx,Completed,SampleGen
PAY-bc38b6e7-2c66-4ee1-b9b4-8973fc478980,INV-bc38b6e7-2c66-4ee1-b9b4-8973fc478980,CID-391,2025-02-28,5111.19,AmEx,Completed,SampleGen
PAY-6a38f667-a20d-40ad-a599-01e6f5d7b450,INV-6a38f667-a20d-40ad-a599-01e6f5d7b450,CID-392,2025-07-10,108.74,Discover,Completed,SampleGen
PAY-c1952936-9d17-4c0c-a912-bd365aadc857,INV-c1952936-9d17-4c0c-a912-bd365aadc857,CID-392,2025-05-30,1174.44,MC,Completed,SampleGen
PAY-bc1fca58-d5eb-4f70-8843-c081be06a1ac,INV-bc1fca58-d5eb-4f70-8843-c081be06a1ac,CID-393,2026-01-16,6253.07,VISA,Completed,SampleGen
PAY-b0c63187-f3e1-4383-a724-7be538c2bb60,INV-b0c63187-f3e1-4383-a724-7be538c2bb60,CID-393,2025-04-08,902.59,AmEx,Completed,SampleGen
PAY-cce63363-8deb-4249-9875-50ba0504f445,INV-cce63363-8deb-4249-9875-50ba0504f445,CID-393,2025-04-11,326.24,AmEx,Completed,SampleGen
PAY-6730b865-867f-44ea-8634-a2da7b69f72d,INV-6730b865-867f-44ea-8634-a2da7b69f72d,CID-393,2025-09-15,2414.2,AmEx,Completed,SampleGen
PAY-0725049e-2dd8-46f5-bdd1-24bb08d927be,INV-0725049e-2dd8-46f5-bdd1-24bb08d927be,CID-393,2026-02-16,1685.59,MC,Completed,SampleGen
PAY-0e264758-2d51-42a1-9665-c6a2bf5f03e8,INV-0e264758-2d51-42a1-9665-c6a2bf5f03e8,CID-393,2025-09-12,1555.08,PayPal,Completed,SampleGen
PAY-8c1ebd6c-1e8d-421f-b6c4-8dde996ccbe8,INV-8c1ebd6c-1e8d-421f-b6c4-8dde996ccbe8,CID-394,2025-06-11,1413.69,AmEx,Completed,SampleGen
PAY-d5cf84cc-55d5-43ef-8caa-e1b8476c0040,INV-d5cf84cc-55d5-43ef-8caa-e1b8476c0040,CID-394,2025-09-20,288.15,AmEx,Completed,SampleGen
PAY-76662dad-f8ba-4c2c-bd81-4ff2139cc016,INV-76662dad-f8ba-4c2c-bd81-4ff2139cc016,CID-394,2025-03-07,2816.57,VISA,Completed,SampleGen
PAY-4da89702-2d58-4919-a54f-1c8ca6ae29a6,INV-4da89702-2d58-4919-a54f-1c8ca6ae29a6,CID-394,2025-09-16,1196.22,VISA,Completed,SampleGen
PAY-9cbfc093-8e99-4fd5-9a7e-00955c4ee412,INV-9cbfc093-8e99-4fd5-9a7e-00955c4ee412,CID-394,2026-04-24,434.99,MC,Completed,SampleGen
PAY-9cc96116-c991-468b-9a26-429fa8d0c5d7,INV-9cc96116-c991-468b-9a26-429fa8d0c5d7,CID-394,2025-03-13,271.86,MC,Completed,SampleGen
PAY-a1a99df3-2c64-48e9-b492-432e44994de2,INV-a1a99df3-2c64-48e9-b492-432e44994de2,CID-394,2025-02-21,1663.83,VISA,Completed,SampleGen
PAY-78a58d57-73aa-4bc3-949a-40116d81c8f2,INV-78a58d57-73aa-4bc3-949a-40116d81c8f2,CID-395,2026-02-05,761.23,AmEx,Completed,SampleGen
PAY-026b6f86-a778-45ce-ac55-74446e0f8e53,INV-026b6f86-a778-45ce-ac55-74446e0f8e53,CID-395,2025-07-21,3479.96,VISA,Completed,SampleGen
PAY-879b7c94-37a8-453f-9332-50e6031c44b3,INV-879b7c94-37a8-453f-9332-50e6031c44b3,CID-396,2025-09-16,1261.48,VISA,Completed,SampleGen
PAY-bc14a8ad-281d-4903-9879-70deefaba598,INV-bc14a8ad-281d-4903-9879-70deefaba598,CID-396,2025-09-02,2392.47,VISA,Completed,SampleGen
PAY-2caaa5e6-1f89-40b7-b9bd-f58b40ab3efd,INV-2caaa5e6-1f89-40b7-b9bd-f58b40ab3efd,CID-397,2025-09-10,1457.19,MC,Completed,SampleGen
PAY-73d3a8a4-c9b8-4549-bbe9-49d93292ccd5,INV-73d3a8a4-c9b8-4549-bbe9-49d93292ccd5,CID-397,2026-02-22,4349.93,Discover,Completed,SampleGen
PAY-5bdea595-b366-4d6d-a073-6601e43e6220,INV-5bdea595-b366-4d6d-a073-6601e43e6220,CID-397,2026-04-17,772.08,VISA,Completed,SampleGen
PAY-2ae31244-28df-4830-9bca-c98542e0fa38,INV-2ae31244-28df-4830-9bca-c98542e0fa38,CID-397,2025-07-30,163.11,AmEx,Completed,SampleGen
PAY-095c3d8b-52c2-4b32-921b-6912a7eafeec,INV-095c3d8b-52c2-4b32-921b-6912a7eafeec,CID-398,2025-03-03,1413.73,AmEx,Completed,SampleGen
PAY-8814a89d-1299-4833-b61f-a909d62c461d,INV-8814a89d-1299-4833-b61f-a909d62c461d,CID-398,2026-01-15,717.72,PayPal,Completed,SampleGen
PAY-6aaf52d2-6aa3-4a75-8dc1-f587fb414cb8,INV-6aaf52d2-6aa3-4a75-8dc1-f587fb414cb8,CID-399,2025-08-02,521.96,VISA,Completed,SampleGen
PAY-68d02111-f35a-4297-97fd-b64566aed4f8,INV-68d02111-f35a-4297-97fd-b64566aed4f8,CID-399,2026-04-14,1511.58,VISA,Completed,SampleGen
PAY-61095f6d-0b68-4c97-9412-2b533b7964fe,INV-61095f6d-0b68-4c97-9412-2b533b7964fe,CID-399,2025-04-11,2359.82,VISA,Completed,SampleGen
PAY-d5b593e0-7709-495e-8479-8edc30434794,INV-d5b593e0-7709-495e-8479-8edc30434794,CID-400,2025-10-11,1794.31,MC,Completed,SampleGen
PAY-3fdba08b-5ea3-4b6e-9baf-a1a03f7a9342,INV-3fdba08b-5ea3-4b6e-9baf-a1a03f7a9342,CID-400,2025-09-06,413.23,VISA,Completed,SampleGen
PAY-79bf6e89-482c-425c-a13c-d610feffce52,INV-79bf6e89-482c-425c-a13c-d610feffce52,CID-400,2025-01-16,2990.59,MC,Completed,SampleGen
PAY-07776b74-9f1d-4ce0-96f0-b18ea7c7d1db,INV-07776b74-9f1d-4ce0-96f0-b18ea7c7d1db,CID-400,2025-03-17,3838.8,MC,Completed,SampleGen
PAY-d66de639-1921-489b-9343-8d894864c33d,INV-d66de639-1921-489b-9343-8d894864c33d,CID-400,2025-03-19,4980.68,MC,Completed,SampleGen
PAY-caa72dc6-bf62-4888-b060-b55ace8359db,INV-caa72dc6-bf62-4888-b060-b55ace8359db,CID-400,2026-04-23,2544.69,MC,Completed,SampleGen
PAY-848873bb-0080-48d3-939a-758011019c5e,INV-848873bb-0080-48d3-939a-758011019c5e,CID-400,2025-09-23,413.23,Discover,Completed,SampleGen
PAY-8e3f504b-d0b2-4c70-963e-56eeb1e36bc4,INV-8e3f504b-d0b2-4c70-963e-56eeb1e36bc4,CID-400,2025-12-15,1848.72,VISA,Completed,SampleGen
PAY-22b81cff-5290-4178-a460-fc5037bd093a,INV-22b81cff-5290-4178-a460-fc5037bd093a,CID-401,2025-12-24,2392.46,AmEx,Completed,SampleGen
PAY-0599c56c-330a-457f-af06-5ed07ac17b56,INV-0599c56c-330a-457f-af06-5ed07ac17b56,CID-401,2026-02-03,4023.69,VISA,Completed,SampleGen
PAY-8537c290-366c-4499-a204-622afc950733,INV-8537c290-366c-4499-a204-622afc950733,CID-402,2025-10-16,1913.96,PayPal,Completed,SampleGen
PAY-d0ce12e7-282f-4512-a5e9-8c1e4fc7ec54,INV-d0ce12e7-282f-4512-a5e9-8c1e4fc7ec54,CID-403,2025-05-10,4088.94,AmEx,Completed,SampleGen
PAY-a1d0eced-f76d-42a7-8d15-681b2abf63f2,INV-a1d0eced-f76d-42a7-8d15-681b2abf63f2,CID-403,2026-01-21,413.23,PayPal,Completed,SampleGen
PAY-dc9e82e1-1a54-4ef1-9a43-5564359ff265,INV-dc9e82e1-1a54-4ef1-9a43-5564359ff265,CID-404,2026-04-30,2174.97,AmEx,Completed,SampleGen
PAY-77e426d4-1bd1-4124-9767-b0002efe8051,INV-77e426d4-1bd1-4124-9767-b0002efe8051,CID-404,2025-05-08,804.71,PayPal,Completed,SampleGen
PAY-4bf7e503-d5e0-4e46-af39-d2115c27fd84,INV-4bf7e503-d5e0-4e46-af39-d2115c27fd84,CID-405,2025-09-09,2283.69,PayPal,Completed,SampleGen
PAY-6fbf7079-3713-4017-83a5-7ea40856655c,INV-6fbf7079-3713-4017-83a5-7ea40856655c,CID-405,2025-02-04,3327.7,PayPal,Completed,SampleGen
PAY-2ce270e0-fce6-4cd1-a3d3-656d907b5edc,INV-2ce270e0-fce6-4cd1-a3d3-656d907b5edc,CID-405,2025-06-21,358.85,Discover,Completed,SampleGen
PAY-86adc740-e065-438f-978c-e21d12c49eb2,INV-86adc740-e065-438f-978c-e21d12c49eb2,CID-405,2025-03-03,2000.94,MC,Completed,SampleGen
PAY-536c2ff5-a30e-4da8-9738-ce5319aca546,INV-536c2ff5-a30e-4da8-9738-ce5319aca546,CID-405,2025-08-24,880.82,AmEx,Completed,SampleGen
PAY-3b64c4fc-6a33-4036-996b-4b05740a202a,INV-3b64c4fc-6a33-4036-996b-4b05740a202a,CID-406,2025-08-18,1739.98,MC,Completed,SampleGen
PAY-991cb2a5-f8df-4762-b645-1709f62bfdfa,INV-991cb2a5-f8df-4762-b645-1709f62bfdfa,CID-406,2026-02-22,2881.82,PayPal,Completed,SampleGen
PAY-eabb8bbb-1c72-47a5-bce5-20bd7941491e,INV-eabb8bbb-1c72-47a5-bce5-20bd7941491e,CID-406,2025-05-09,1598.56,Discover,Completed,SampleGen
PAY-ce7b0001-3673-41ed-82d6-8714282153fc,INV-ce7b0001-3673-41ed-82d6-8714282153fc,CID-406,2025-10-17,1174.47,AmEx,Completed,SampleGen
PAY-d5496a99-6954-4d72-bde8-8f97af8a9f19,INV-d5496a99-6954-4d72-bde8-8f97af8a9f19,CID-406,2025-01-21,489.36,PayPal,Completed,SampleGen
PAY-5c2ed3c6-7608-4cda-8654-3ca7fdc73aa4,INV-5c2ed3c6-7608-4cda-8654-3ca7fdc73aa4,CID-407,2025-04-29,717.72,PayPal,Completed,SampleGen
PAY-341ab779-caeb-48c1-a6da-4c85169ff960,INV-341ab779-caeb-48c1-a6da-4c85169ff960,CID-408,2025-11-28,130.48,MC,Completed,SampleGen
PAY-4acb9251-5605-4157-9229-a700d9af7e4a,INV-4acb9251-5605-4157-9229-a700d9af7e4a,CID-408,2025-05-28,1370.2,VISA,Completed,SampleGen
PAY-7aaec9a5-8318-48d8-b399-0cd452eaf48d,INV-7aaec9a5-8318-48d8-b399-0cd452eaf48d,CID-408,2025-04-28,1685.58,VISA,Completed,SampleGen
PAY-9058617e-5f4a-4d78-99fc-ccdf902376e1,INV-9058617e-5f4a-4d78-99fc-ccdf902376e1,CID-409,2025-01-26,3599.55,Discover,Completed,SampleGen
PAY-ff6efc82-d6fa-43a6-9462-eee599dde24f,INV-ff6efc82-d6fa-43a6-9462-eee599dde24f,CID-409,2025-03-22,2066.21,PayPal,Completed,SampleGen
PAY-4601b3d5-93ac-421f-b2f4-bdee4a80c174,INV-4601b3d5-93ac-421f-b2f4-bdee4a80c174,CID-410,2025-10-21,2446.84,VISA,Completed,SampleGen
PAY-10b7cc32-5efe-4f88-bc83-e8e11ee95708,INV-10b7cc32-5efe-4f88-bc83-e8e11ee95708,CID-410,2025-06-27,804.71,AmEx,Completed,SampleGen
PAY-3cbe15f4-9052-4007-99ec-7b0f67ebf8bc,INV-3cbe15f4-9052-4007-99ec-7b0f67ebf8bc,CID-410,2026-02-11,3479.94,MC,Completed,SampleGen
PAY-bcb3c992-d2ba-4c57-a2ae-db8c1d4d122f,INV-bcb3c992-d2ba-4c57-a2ae-db8c1d4d122f,CID-410,2025-09-18,86.99,VISA,Completed,SampleGen
PAY-77847742-b425-4235-be11-7ac8ef6efa3b,INV-77847742-b425-4235-be11-7ac8ef6efa3b,CID-410,2025-02-27,2968.84,PayPal,Completed,SampleGen
PAY-0ef58180-9678-4ec3-be29-66e4d9854055,INV-0ef58180-9678-4ec3-be29-66e4d9854055,CID-410,2025-01-23,2120.57,VISA,Completed,SampleGen
PAY-7b55ccdc-2c5e-4fc7-bebc-4a53a854fc93,INV-7b55ccdc-2c5e-4fc7-bebc-4a53a854fc93,CID-410,2026-04-21,326.23,VISA,Completed,SampleGen
PAY-46d52ee0-02bf-4f6c-8f54-1564ef93f0bb,INV-46d52ee0-02bf-4f6c-8f54-1564ef93f0bb,CID-411,2025-08-15,1022.19,MC,Completed,SampleGen
PAY-ffd18fce-f4c3-44c7-ba4b-bc66a69cc026,INV-ffd18fce-f4c3-44c7-ba4b-bc66a69cc026,CID-411,2025-08-22,1522.46,MC,Completed,SampleGen
PAY-629d47ec-d53f-44cf-a9c3-b301aae09bd9,INV-629d47ec-d53f-44cf-a9c3-b301aae09bd9,CID-412,2025-03-01,141.36,AmEx,Completed,SampleGen
PAY-b7e8b32d-2c19-4a24-8c7d-7f11d3f92170,INV-b7e8b32d-2c19-4a24-8c7d-7f11d3f92170,CID-412,2025-09-05,869.98,PayPal,Completed,SampleGen
PAY-1e81e39d-e18d-436c-893d-bf106a76833a,INV-1e81e39d-e18d-436c-893d-bf106a76833a,CID-413,2026-02-06,543.73,MC,Completed,SampleGen
PAY-104933c0-4fb9-4822-93d2-5f19f661a965,INV-104933c0-4fb9-4822-93d2-5f19f661a965,CID-414,2025-07-06,478.45,MC,Completed,SampleGen
PAY-31de8b51-9201-4ddd-ac1d-c8c891127364,INV-31de8b51-9201-4ddd-ac1d-c8c891127364,CID-414,2025-10-17,1522.46,Discover,Completed,SampleGen
PAY-9260c80a-3f35-49c9-a731-5f76cbd13fc0,INV-9260c80a-3f35-49c9-a731-5f76cbd13fc0,CID-415,2026-03-06,326.23,AmEx,Completed,SampleGen
PAY-4ae5ba16-a941-4111-ac4e-3e2d5691f3be,INV-4ae5ba16-a941-4111-ac4e-3e2d5691f3be,CID-415,2025-04-21,543.73,PayPal,Completed,SampleGen
PAY-325951b8-15af-4fdd-be3d-34111782c84a,INV-325951b8-15af-4fdd-be3d-34111782c84a,CID-415,2025-06-19,2153.19,VISA,Completed,SampleGen
PAY-3fa9ff93-a3cc-43d8-a7b0-319609cfbf69,INV-3fa9ff93-a3cc-43d8-a7b0-319609cfbf69,CID-415,2025-03-26,761.23,VISA,Completed,SampleGen
PAY-83f5d321-089d-4a3d-8790-87b3d5c66029,INV-83f5d321-089d-4a3d-8790-87b3d5c66029,CID-416,2025-01-08,489.36,VISA,Completed,SampleGen
PAY-fa0867be-b09a-45a1-8ca9-e26c60bd161a,INV-fa0867be-b09a-45a1-8ca9-e26c60bd161a,CID-416,2026-03-30,1381.06,PayPal,Completed,SampleGen
PAY-0d45bc6a-7e96-4985-9370-1b2e846e0a15,INV-0d45bc6a-7e96-4985-9370-1b2e846e0a15,CID-417,2025-04-28,86.99,MC,Completed,SampleGen
PAY-35ffc434-4eba-45db-a323-65b141fdf63d,INV-35ffc434-4eba-45db-a323-65b141fdf63d,CID-417,2025-01-19,2066.2,MC,Completed,SampleGen
PAY-01622386-65a3-442e-ab77-66d2c2f88fe2,INV-01622386-65a3-442e-ab77-66d2c2f88fe2,CID-418,2025-12-19,326.24,MC,Completed,SampleGen
PAY-b0675686-2664-4984-9f15-e34df49047b4,INV-b0675686-2664-4984-9f15-e34df49047b4,CID-418,2026-02-17,3479.96,Discover,Completed,SampleGen
PAY-b5d1fb84-e8a9-4429-9054-a1532126c175,INV-b5d1fb84-e8a9-4429-9054-a1532126c175,CID-419,2026-04-19,608.97,MC,Completed,SampleGen
PAY-b4b953b2-3589-417b-beff-63671de59fe3,INV-b4b953b2-3589-417b-beff-63671de59fe3,CID-419,2025-08-09,1560.5,MC,Completed,SampleGen
PAY-64335fc3-57f9-47da-91e0-f6605a8f2df1,INV-64335fc3-57f9-47da-91e0-f6605a8f2df1,CID-420,2026-04-19,772.09,MC,Completed,SampleGen
PAY-6f9edddd-bfbb-4f20-9631-69ad1ebb5b4e,INV-6f9edddd-bfbb-4f20-9631-69ad1ebb5b4e,CID-420,2026-04-12,1130.95,VISA,Completed,SampleGen
PAY-238a3aeb-78eb-4384-a5d6-15b1eb29fe4d,INV-238a3aeb-78eb-4384-a5d6-15b1eb29fe4d,CID-420,2026-03-23,543.72,VISA,Completed,SampleGen
PAY-f43b8a10-0fd9-4b5c-b003-07c99dd31e40,INV-f43b8a10-0fd9-4b5c-b003-07c99dd31e40,CID-420,2025-06-12,1294.07,MC,Completed,SampleGen
PAY-0bee7ed4-26ec-4793-be8d-a216f7018e1c,INV-0bee7ed4-26ec-4793-be8d-a216f7018e1c,CID-420,2025-05-10,1065.72,MC,Completed,SampleGen
PAY-ea3e0588-84e8-4314-9410-243fdba3b285,INV-ea3e0588-84e8-4314-9410-243fdba3b285,CID-420,2026-01-04,663.34,MC,Completed,SampleGen
PAY-ff4411fe-9dc6-427b-8d61-ad17292ef005,INV-ff4411fe-9dc6-427b-8d61-ad17292ef005,CID-420,2025-05-14,282.73,MC,Completed,SampleGen
PAY-e6db0ccb-a62f-49bf-9037-4cd5d0638b3d,INV-e6db0ccb-a62f-49bf-9037-4cd5d0638b3d,CID-420,2026-01-06,108.74,MC,Completed,SampleGen
PAY-be554384-0106-4a15-a15d-13ed40ab6997,INV-be554384-0106-4a15-a15d-13ed40ab6997,CID-420,2025-05-24,347.98,PayPal,Completed,SampleGen
PAY-91b98305-ff48-4f8d-a249-ced7ad879c58,INV-91b98305-ff48-4f8d-a249-ced7ad879c58,CID-420,2025-06-03,434.96,VISA,Completed,SampleGen
PAY-1a949250-1147-4a65-abe4-11a3c83b9ae6,INV-1a949250-1147-4a65-abe4-11a3c83b9ae6,CID-420,2025-01-31,4415.17,VISA,Completed,SampleGen
PAY-58343718-d110-4877-918f-42d2cf056d6d,INV-58343718-d110-4877-918f-42d2cf056d6d,CID-420,2026-03-06,260.98,VISA,Completed,SampleGen
PAY-38efb90f-72b5-4f3b-9de8-332eb89a0ed7,INV-38efb90f-72b5-4f3b-9de8-332eb89a0ed7,CID-421,2025-03-23,1087.47,VISA,Completed,SampleGen
PAY-bd6f4938-890d-45c1-8fa2-3b8f6f8e1534,INV-bd6f4938-890d-45c1-8fa2-3b8f6f8e1534,CID-421,2025-02-26,299.03,MC,Completed,SampleGen
PAY-cb24e158-335a-4310-941d-30337731913a,INV-cb24e158-335a-4310-941d-30337731913a,CID-422,2025-12-01,2827.48,PayPal,Completed,SampleGen
PAY-8ddf74c1-1278-4569-bd67-08752169bdb6,INV-8ddf74c1-1278-4569-bd67-08752169bdb6,CID-422,2025-02-01,978.73,VISA,Completed,SampleGen
PAY-f51ae6b3-0906-44a1-9908-c02fbfa128ec,INV-f51ae6b3-0906-44a1-9908-c02fbfa128ec,CID-422,2026-01-27,489.36,VISA,Completed,SampleGen
PAY-9807dd1a-58d7-4d5c-8b68-be53b1e2ee98,INV-9807dd1a-58d7-4d5c-8b68-be53b1e2ee98,CID-423,2026-03-13,3197.2,VISA,Completed,SampleGen
PAY-c55881bd-088c-4f9c-a143-81fd997e7a53,INV-c55881bd-088c-4f9c-a143-81fd997e7a53,CID-423,2025-05-01,2126.0,MC,Completed,SampleGen
PAY-d809f8fe-1188-4354-9aee-95c010c04d4b,INV-d809f8fe-1188-4354-9aee-95c010c04d4b,CID-424,2026-02-01,380.61,VISA,Completed,SampleGen
PAY-cda2ee99-25dc-4996-a682-545ba4ff95ad,INV-cda2ee99-25dc-4996-a682-545ba4ff95ad,CID-424,2025-09-06,1033.1,VISA,Completed,SampleGen
PAY-49e2eb6d-2987-4241-a58c-26daf571ebc5,INV-49e2eb6d-2987-4241-a58c-26daf571ebc5,CID-425,2025-10-19,1413.73,AmEx,Completed,SampleGen
PAY-8f345865-855c-42e1-87ad-f416284ee19f,INV-8f345865-855c-42e1-87ad-f416284ee19f,CID-425,2025-04-18,3675.68,PayPal,Completed,SampleGen
PAY-f01cb68f-de93-45a0-9321-f495a764e738,INV-f01cb68f-de93-45a0-9321-f495a764e738,CID-425,2025-06-19,2974.25,MC,Completed,SampleGen
PAY-39bd8c8b-2fd5-464f-935d-82c205a9f928,INV-39bd8c8b-2fd5-464f-935d-82c205a9f928,CID-425,2025-02-05,2490.32,VISA,Completed,SampleGen
PAY-c3fe6747-ae63-410e-b855-2217a92259cc,INV-c3fe6747-ae63-410e-b855-2217a92259cc,CID-425,2025-06-10,1098.33,MC,Completed,SampleGen
PAY-63bb2ba2-ea5e-4d05-9ab2-f8c1b66f09c9,INV-63bb2ba2-ea5e-4d05-9ab2-f8c1b66f09c9,CID-425,2025-03-11,935.2,AmEx,Completed,SampleGen
PAY-d4ac7013-6498-490a-b27e-67272fe76249,INV-d4ac7013-6498-490a-b27e-67272fe76249,CID-426,2025-04-20,1903.08,AmEx,Completed,SampleGen
PAY-88b35029-8716-483d-a01d-8e90d31e4cf4,INV-88b35029-8716-483d-a01d-8e90d31e4cf4,CID-426,2026-04-06,2229.34,MC,Completed,SampleGen
PAY-41d0b273-403f-40d1-b4af-77d4065e8e7f,INV-41d0b273-403f-40d1-b4af-77d4065e8e7f,CID-427,2025-02-01,3371.21,Discover,Completed,SampleGen
PAY-731f0969-b944-4197-b42a-6833a46b08af,INV-731f0969-b944-4197-b42a-6833a46b08af,CID-427,2025-08-02,2207.57,PayPal,Completed,SampleGen
PAY-1f4575c0-3fd3-4782-a6c2-a630fe79c441,INV-1f4575c0-3fd3-4782-a6c2-a630fe79c441,CID-428,2025-01-17,630.74,MC,Completed,SampleGen
PAY-fe7b7541-c2ef-41fe-9402-7358d98e08ec,INV-fe7b7541-c2ef-41fe-9402-7358d98e08ec,CID-428,2025-08-19,804.69,AmEx,Completed,SampleGen
PAY-07a754e8-a758-4816-9f61-1f73b2c0a962,INV-07a754e8-a758-4816-9f61-1f73b2c0a962,CID-429,2025-03-31,1979.21,MC,Completed,SampleGen
PAY-67ea2c81-f531-4ead-82b3-30c5ec1f1888,INV-67ea2c81-f531-4ead-82b3-30c5ec1f1888,CID-429,2025-06-23,739.47,MC,Completed,SampleGen
PAY-17891873-6891-4c1c-838f-7b26ad813167,INV-17891873-6891-4c1c-838f-7b26ad813167,CID-429,2025-12-30,3969.3,AmEx,Completed,SampleGen
PAY-b7a8b135-b759-4cff-b0a8-f5d604f1296c,INV-b7a8b135-b759-4cff-b0a8-f5d604f1296c,CID-429,2025-10-19,695.95,Discover,Completed,SampleGen
PAY-da42f5e9-dad5-4c34-9b25-76adb283a5d4,INV-da42f5e9-dad5-4c34-9b25-76adb283a5d4,CID-430,2026-04-12,4980.69,VISA,Completed,SampleGen
PAY-b4b26b4a-b329-47da-8bf9-dde1168a4d91,INV-b4b26b4a-b329-47da-8bf9-dde1168a4d91,CID-430,2025-08-20,2446.83,AmEx,Completed,SampleGen
PAY-e05cd056-ea88-452c-bac2-127b39969bd1,INV-e05cd056-ea88-452c-bac2-127b39969bd1,CID-430,2025-11-22,869.98,VISA,Completed,SampleGen
PAY-acd984d4-1b51-4918-a65e-190921ce3337,INV-acd984d4-1b51-4918-a65e-190921ce3337,CID-430,2025-10-18,2555.58,VISA,Completed,SampleGen
PAY-91f2028c-4fcf-46c0-ad6e-03bb5c7ee5b0,INV-91f2028c-4fcf-46c0-ad6e-03bb5c7ee5b0,CID-431,2025-08-12,554.58,MC,Completed,SampleGen
PAY-c068afdf-2e38-461e-80f1-9497897599ce,INV-c068afdf-2e38-461e-80f1-9497897599ce,CID-431,2025-09-30,5437.44,VISA,Completed,SampleGen
PAY-9195e16f-e47e-4577-ba71-81d440570df6,INV-9195e16f-e47e-4577-ba71-81d440570df6,CID-431,2025-06-07,1261.48,VISA,Completed,SampleGen
PAY-5974fdac-20dd-4ff4-b61f-89e77cb80d15,INV-5974fdac-20dd-4ff4-b61f-89e77cb80d15,CID-432,2025-06-19,886.28,AmEx,Completed,SampleGen
PAY-26457cf1-cb24-4e3d-b446-dd24027483ca,INV-26457cf1-cb24-4e3d-b446-dd24027483ca,CID-432,2026-03-15,598.11,VISA,Completed,SampleGen
PAY-28cd6b2e-b091-45a3-8f7b-2a7c3e5d5a6c,INV-28cd6b2e-b091-45a3-8f7b-2a7c3e5d5a6c,CID-432,2026-02-10,2120.59,VISA,Completed,SampleGen
PAY-cb493262-3fd0-4484-bb5c-28e15efb91e7,INV-cb493262-3fd0-4484-bb5c-28e15efb91e7,CID-432,2025-11-15,3697.46,Discover,Completed,SampleGen
PAY-6cdff3f8-920e-4105-8c1c-78ed2814732b,INV-6cdff3f8-920e-4105-8c1c-78ed2814732b,CID-433,2025-10-17,978.72,VISA,Completed,SampleGen
PAY-faa75241-d86f-4cc4-be5c-44fea4215b2b,INV-faa75241-d86f-4cc4-be5c-44fea4215b2b,CID-433,2026-01-03,1141.85,VISA,Completed,SampleGen
PAY-353f4193-494e-4a19-b902-fe5029589a39,INV-353f4193-494e-4a19-b902-fe5029589a39,CID-434,2025-01-08,1033.07,PayPal,Completed,SampleGen
PAY-df9d51fd-a388-40e8-aa55-b817a8ea003d,INV-df9d51fd-a388-40e8-aa55-b817a8ea003d,CID-434,2025-04-18,1913.94,VISA,Completed,SampleGen
PAY-35eeb253-d9f3-44d6-89ea-365409d65ff1,INV-35eeb253-d9f3-44d6-89ea-365409d65ff1,CID-435,2025-05-05,4317.31,Discover,Completed,SampleGen
PAY-ee4c4ff6-0f90-4748-b965-7da43ee362cc,INV-ee4c4ff6-0f90-4748-b965-7da43ee362cc,CID-435,2026-01-15,1196.23,VISA,Completed,SampleGen
PAY-4e48196d-4322-4c4f-99a2-6a6d9768fec3,INV-4e48196d-4322-4c4f-99a2-6a6d9768fec3,CID-435,2026-03-01,4143.31,Discover,Completed,SampleGen
PAY-18a215ce-05bf-4a2f-ae4d-d39f75c87851,INV-18a215ce-05bf-4a2f-ae4d-d39f75c87851,CID-435,2025-08-09,880.84,PayPal,Completed,SampleGen
PAY-84e216da-e9c7-4144-9773-36ab6b64486e,INV-84e216da-e9c7-4144-9773-36ab6b64486e,CID-435,2025-01-02,2827.48,AmEx,Completed,SampleGen
PAY-28597fd0-9b49-4af3-be40-790f77267c99,INV-28597fd0-9b49-4af3-be40-790f77267c99,CID-435,2026-01-13,3218.96,VISA,Completed,SampleGen
PAY-b3dd00df-19fb-48a5-963c-27834b445f33,INV-b3dd00df-19fb-48a5-963c-27834b445f33,CID-436,2026-02-28,1022.21,Discover,Completed,SampleGen
PAY-94a8784e-8c73-48d2-be49-715447010203,INV-94a8784e-8c73-48d2-be49-715447010203,CID-436,2025-06-07,86.99,Discover,Completed,SampleGen
PAY-34c9904f-fab9-44a7-8ec3-a18cd3fe0150,INV-34c9904f-fab9-44a7-8ec3-a18cd3fe0150,CID-436,2025-04-13,2066.19,AmEx,Completed,SampleGen
PAY-10ebd5b2-3834-47c5-97eb-399e57cd2d13,INV-10ebd5b2-3834-47c5-97eb-399e57cd2d13,CID-436,2025-07-21,413.22,AmEx,Completed,SampleGen
PAY-fd3a03d7-8ddd-477f-aacf-28ab5b423e28,INV-fd3a03d7-8ddd-477f-aacf-28ab5b423e28,CID-436,2025-06-13,2022.68,AmEx,Completed,SampleGen
PAY-31e11de0-ecf9-4cb4-9c5d-dec3bc1e25bc,INV-31e11de0-ecf9-4cb4-9c5d-dec3bc1e25bc,CID-437,2025-08-11,2870.95,AmEx,Completed,SampleGen
PAY-5136fd99-8a43-4ee3-b707-f0b3e5db719f,INV-5136fd99-8a43-4ee3-b707-f0b3e5db719f,CID-437,2026-04-13,206.61,MC,Completed,SampleGen
PAY-7394fbfc-b430-416c-b17a-9c81f92e0551,INV-7394fbfc-b430-416c-b17a-9c81f92e0551,CID-438,2025-06-24,1326.7,PayPal,Completed,SampleGen
PAY-658ee5c3-1916-4399-954c-2bc77d13ca08,INV-658ee5c3-1916-4399-954c-2bc77d13ca08,CID-438,2025-03-21,2044.46,Discover,Completed,SampleGen
PAY-96b96184-6612-4775-9b6e-cfe7be33ce4c,INV-96b96184-6612-4775-9b6e-cfe7be33ce4c,CID-438,2025-04-17,1576.8,MC,Completed,SampleGen
PAY-51723c8a-d979-4581-9112-d16cc6dd774e,INV-51723c8a-d979-4581-9112-d16cc6dd774e,CID-438,2025-11-10,2120.57,PayPal,Completed,SampleGen
PAY-44a47680-0b7c-4790-9308-1b1780b289c6,INV-44a47680-0b7c-4790-9308-1b1780b289c6,CID-438,2026-03-17,967.84,Discover,Completed,SampleGen
PAY-7c4b513d-18e0-4bc8-bf31-b10dd5262bd1,INV-7c4b513d-18e0-4bc8-bf31-b10dd5262bd1,CID-438,2025-10-23,4893.69,MC,Completed,SampleGen
PAY-f13e9b09-a1eb-4fa3-baa4-4e981ff0f097,INV-f13e9b09-a1eb-4fa3-baa4-4e981ff0f097,CID-438,2025-11-16,130.49,MC,Completed,SampleGen
PAY-396be539-d8f6-4000-8c74-8f1f198e3aec,INV-396be539-d8f6-4000-8c74-8f1f198e3aec,CID-439,2026-01-03,1783.43,VISA,Completed,SampleGen
PAY-6236d6b8-6d30-4bd7-a856-7dc7e4b33f56,INV-6236d6b8-6d30-4bd7-a856-7dc7e4b33f56,CID-439,2025-09-23,1739.94,PayPal,Completed,SampleGen
PAY-e14157ee-203f-49b5-aeaf-7ce8b6122ede,INV-e14157ee-203f-49b5-aeaf-7ce8b6122ede,CID-439,2025-01-25,2392.45,AmEx,Completed,SampleGen
PAY-66b9560a-e88c-4d34-963a-fc64d3d7b1bc,INV-66b9560a-e88c-4d34-963a-fc64d3d7b1bc,CID-439,2025-08-06,260.98,AmEx,Completed,SampleGen
PAY-adf5b0ec-d179-4eb3-9fae-eb47abb7b043,INV-adf5b0ec-d179-4eb3-9fae-eb47abb7b043,CID-439,2025-08-01,1065.72,AmEx,Completed,SampleGen
PAY-06c5d051-ea40-4416-b9d0-819af20917d9,INV-06c5d051-ea40-4416-b9d0-819af20917d9,CID-439,2026-02-22,3479.95,VISA,Completed,SampleGen
PAY-230c7968-50fb-4fb4-9666-33a692c2cf4c,INV-230c7968-50fb-4fb4-9666-33a692c2cf4c,CID-439,2025-04-13,4078.06,AmEx,Completed,SampleGen
PAY-6560591e-88e8-4966-b384-905124597c81,INV-6560591e-88e8-4966-b384-905124597c81,CID-439,2025-04-26,587.22,MC,Completed,SampleGen
PAY-f551902f-e0d8-4b98-9513-a4e3e7a7dc77,INV-f551902f-e0d8-4b98-9513-a4e3e7a7dc77,CID-440,2026-04-05,413.23,VISA,Completed,SampleGen
PAY-b5a29d84-43df-4077-bae3-f6f7b6c12f7e,INV-b5a29d84-43df-4077-bae3-f6f7b6c12f7e,CID-441,2026-03-26,1609.44,VISA,Completed,SampleGen
PAY-bb318e82-4303-4c98-bae1-697ace3a8842,INV-bb318e82-4303-4c98-bae1-697ace3a8842,CID-441,2025-02-17,337.1,MC,Completed,SampleGen
PAY-4a781365-dc96-468c-9abd-7ab150eb2edf,INV-4a781365-dc96-468c-9abd-7ab150eb2edf,CID-441,2025-07-13,2789.38,MC,Completed,SampleGen
PAY-a394e5d4-d110-4568-84f5-9b1bf5af82ed,INV-a394e5d4-d110-4568-84f5-9b1bf5af82ed,CID-441,2025-11-16,4784.95,VISA,Completed,SampleGen
PAY-6a25e640-6e8c-4fba-ac80-5456a8e56897,INV-6a25e640-6e8c-4fba-ac80-5456a8e56897,CID-442,2025-09-03,1261.48,AmEx,Completed,SampleGen
PAY-97f3869e-6da0-4880-9746-ce74ebe39858,INV-97f3869e-6da0-4880-9746-ce74ebe39858,CID-442,2025-02-23,1326.7,MC,Completed,SampleGen
PAY-e4ecf3b4-c45a-4c1a-b684-ec2d237e6233,INV-e4ecf3b4-c45a-4c1a-b684-ec2d237e6233,CID-443,2025-02-12,4404.33,MC,Completed,SampleGen
PAY-0d9d6f87-c332-41ea-b7f7-c16d9abc33b0,INV-0d9d6f87-c332-41ea-b7f7-c16d9abc33b0,CID-443,2025-12-12,6329.17,AmEx,Completed,SampleGen
PAY-ab70b181-dc82-4c4b-af11-cee61aa4f17f,INV-ab70b181-dc82-4c4b-af11-cee61aa4f17f,CID-444,2026-03-31,1413.73,AmEx,Completed,SampleGen
PAY-5b58d6aa-3232-4b63-bb50-358a350cc8e3,INV-5b58d6aa-3232-4b63-bb50-358a350cc8e3,CID-444,2025-05-22,413.22,VISA,Completed,SampleGen
PAY-89efbc6a-ab39-43ce-affd-4f576c5ec703,INV-89efbc6a-ab39-43ce-affd-4f576c5ec703,CID-444,2025-11-07,2805.7,MC,Completed,SampleGen
PAY-88ac077d-48ca-439c-9c87-2a28f1922f17,INV-88ac077d-48ca-439c-9c87-2a28f1922f17,CID-445,2025-10-11,434.99,AmEx,Completed,SampleGen
PAY-be7ca6d0-95ac-4eee-9a4a-21cef71aec94,INV-be7ca6d0-95ac-4eee-9a4a-21cef71aec94,CID-445,2025-08-16,793.82,VISA,Completed,SampleGen
PAY-24956182-8d65-44d5-8b61-8ef4a9c353e5,INV-24956182-8d65-44d5-8b61-8ef4a9c353e5,CID-445,2026-01-08,1413.74,AmEx,Completed,SampleGen
PAY-9c78fd8e-50bf-483d-be15-b4b230f78fb6,INV-9c78fd8e-50bf-483d-be15-b4b230f78fb6,CID-445,2025-06-15,1413.73,MC,Completed,SampleGen
PAY-7652912d-9f00-41fb-91d1-630f54b19cc9,INV-7652912d-9f00-41fb-91d1-630f54b19cc9,CID-446,2025-09-14,1652.94,MC,Completed,SampleGen
PAY-0f807f5a-4657-4391-9892-5b826e28ae29,INV-0f807f5a-4657-4391-9892-5b826e28ae29,CID-446,2025-06-17,1196.23,Discover,Completed,SampleGen
PAY-e2fd119d-8618-4b95-a497-142ad44cbb6d,INV-e2fd119d-8618-4b95-a497-142ad44cbb6d,CID-447,2025-11-22,652.48,VISA,Completed,SampleGen
PAY-2f2a1ca9-b43d-4c52-a499-54596a1c35c8,INV-2f2a1ca9-b43d-4c52-a499-54596a1c35c8,CID-447,2026-01-21,630.74,VISA,Completed,SampleGen
PAY-6f2f886b-5c5b-4971-bda5-468d477d0909,INV-6f2f886b-5c5b-4971-bda5-468d477d0909,CID-448,2025-07-16,358.85,Discover,Completed,SampleGen
PAY-bff98314-85b8-4163-aba2-613d659840df,INV-bff98314-85b8-4163-aba2-613d659840df,CID-448,2025-12-04,3316.84,MC,Completed,SampleGen
PAY-b540af47-f93c-4a95-af6d-b5fb27235320,INV-b540af47-f93c-4a95-af6d-b5fb27235320,CID-449,2025-02-14,1391.97,MC,Completed,SampleGen
PAY-cfa321ef-1469-47b8-b94a-d4de66b6e9a3,INV-cfa321ef-1469-47b8-b94a-d4de66b6e9a3,CID-449,2025-05-15,913.47,VISA,Completed,SampleGen
PAY-6d8283cb-2e93-45a8-a791-0228447038eb,INV-6d8283cb-2e93-45a8-a791-0228447038eb,CID-449,2025-06-10,1620.34,AmEx,Completed,SampleGen
PAY-4c5bb89a-fe19-48ba-92d8-8216298a6adf,INV-4c5bb89a-fe19-48ba-92d8-8216298a6adf,CID-450,2025-05-24,1043.96,PayPal,Completed,SampleGen
PAY-b71425b8-699d-43ed-a2f0-2d8c58f6d0df,INV-b71425b8-699d-43ed-a2f0-2d8c58f6d0df,CID-451,2025-10-29,4349.93,AmEx,Completed,SampleGen
PAY-8a08c4ff-d043-49e5-851a-0dac31c8b384,INV-8a08c4ff-d043-49e5-851a-0dac31c8b384,CID-451,2025-03-04,1141.85,MC,Completed,SampleGen
PAY-23b58256-5834-48c3-96d2-60277b241c57,INV-23b58256-5834-48c3-96d2-60277b241c57,CID-451,2025-01-07,3588.7,PayPal,Completed,SampleGen
PAY-865a5f4a-41ea-4243-a16b-5dc441634002,INV-865a5f4a-41ea-4243-a16b-5dc441634002,CID-451,2025-02-17,1359.35,AmEx,Completed,SampleGen
PAY-8ee19462-ea2e-4c91-971f-6c88ce4f1676,INV-8ee19462-ea2e-4c91-971f-6c88ce4f1676,CID-452,2025-12-09,3643.08,Discover,Completed,SampleGen
PAY-4d08d4b3-5577-4ace-a79c-63e68f7db1b0,INV-4d08d4b3-5577-4ace-a79c-63e68f7db1b0,CID-453,2025-09-23,86.99,Discover,Completed,SampleGen
PAY-23c4b8c0-5b0b-478b-bcd9-c749a22777a5,INV-23c4b8c0-5b0b-478b-bcd9-c749a22777a5,CID-454,2025-06-25,706.86,VISA,Completed,SampleGen
PAY-1ad0ff6f-050d-4e0c-adcd-7a013b12f5f1,INV-1ad0ff6f-050d-4e0c-adcd-7a013b12f5f1,CID-455,2025-07-25,65.24,VISA,Completed,SampleGen
PAY-871b76b1-fc28-4171-8acd-fcd308b2346f,INV-871b76b1-fc28-4171-8acd-fcd308b2346f,CID-455,2026-03-01,1076.55,AmEx,Completed,SampleGen
PAY-133c916b-728e-4a84-a0aa-e2885182004c,INV-133c916b-728e-4a84-a0aa-e2885182004c,CID-456,2025-12-10,2827.45,MC,Completed,SampleGen
PAY-08db921f-2751-442f-8517-374cb881bb40,INV-08db921f-2751-442f-8517-374cb881bb40,CID-456,2025-11-01,1261.48,VISA,Completed,SampleGen
PAY-6af1ea5a-630d-40dd-b3f4-c9a83a196007,INV-6af1ea5a-630d-40dd-b3f4-c9a83a196007,CID-457,2025-03-16,1674.71,VISA,Completed,SampleGen
PAY-583d7cb9-7965-4a0e-b112-a35706eca419,INV-583d7cb9-7965-4a0e-b112-a35706eca419,CID-457,2025-10-28,369.72,Discover,Completed,SampleGen
PAY-b1fb0a63-e2be-49ea-bd3f-b281f7fd9369,INV-b1fb0a63-e2be-49ea-bd3f-b281f7fd9369,CID-457,2025-10-23,260.98,AmEx,Completed,SampleGen
PAY-86bf6526-616e-4165-9d81-c9455edc384b,INV-86bf6526-616e-4165-9d81-c9455edc384b,CID-457,2026-03-27,3273.3,PayPal,Completed,SampleGen
PAY-88159683-954e-474d-901b-26b53160eaf2,INV-88159683-954e-474d-901b-26b53160eaf2,CID-458,2026-03-22,2609.94,PayPal,Completed,SampleGen
PAY-1d5fbf5f-7303-4a49-85e3-1a32422fde84,INV-1d5fbf5f-7303-4a49-85e3-1a32422fde84,CID-458,2025-02-04,2827.47,MC,Completed,SampleGen
PAY-7eb9d8ce-cfc5-40ec-a21d-487f74f034a1,INV-7eb9d8ce-cfc5-40ec-a21d-487f74f034a1,CID-458,2026-04-07,2327.18,PayPal,Completed,SampleGen
PAY-80086b1e-f988-49d4-bba2-6d78b18d53e1,INV-80086b1e-f988-49d4-bba2-6d78b18d53e1,CID-458,2025-02-10,3023.19,VISA,Completed,SampleGen
PAY-a5e694f7-e6c9-4820-9701-b598c2a399ce,INV-a5e694f7-e6c9-4820-9701-b598c2a399ce,CID-459,2025-07-23,1794.32,VISA,Completed,SampleGen
PAY-a762f3c6-157f-4fbc-9bd9-5c9c7ea85305,INV-a762f3c6-157f-4fbc-9bd9-5c9c7ea85305,CID-459,2025-10-08,3403.82,PayPal,Completed,SampleGen
PAY-7c0c316c-8781-4cf0-8790-0af82e9c8375,INV-7c0c316c-8781-4cf0-8790-0af82e9c8375,CID-459,2026-01-04,1304.97,PayPal,Completed,SampleGen
PAY-8b23eb5d-fb16-4065-b962-17fa0e9317a7,INV-8b23eb5d-fb16-4065-b962-17fa0e9317a7,CID-459,2025-02-02,3479.95,VISA,Completed,SampleGen
PAY-28ed46ea-dfc6-46d4-b60c-37f5efd77e2e,INV-28ed46ea-dfc6-46d4-b60c-37f5efd77e2e,CID-459,2026-03-15,2544.69,VISA,Completed,SampleGen
PAY-546fe619-c0b4-414e-bedc-24d65c9cf763,INV-546fe619-c0b4-414e-bedc-24d65c9cf763,CID-460,2026-04-30,1043.95,MC,Completed,SampleGen
PAY-1c1487b4-ad8a-4051-b476-e0b29d4175e4,INV-1c1487b4-ad8a-4051-b476-e0b29d4175e4,CID-460,2026-04-26,5546.19,AmEx,Completed,SampleGen
PAY-7e584327-317b-431e-803e-8070da8578f0,INV-7e584327-317b-431e-803e-8070da8578f0,CID-461,2025-02-27,2609.94,VISA,Completed,SampleGen
PAY-6c70b53a-ac01-4c50-b4cc-2ebfdf610c17,INV-6c70b53a-ac01-4c50-b4cc-2ebfdf610c17,CID-462,2025-12-02,2936.21,MC,Completed,SampleGen
PAY-e788dbeb-6718-42a2-ab60-ffa203652834,INV-e788dbeb-6718-42a2-ab60-ffa203652834,CID-463,2025-03-23,826.46,VISA,Completed,SampleGen
PAY-e4d9923f-f264-406e-a926-a7186a4fb809,INV-e4d9923f-f264-406e-a926-a7186a4fb809,CID-463,2025-07-23,739.46,MC,Completed,SampleGen
PAY-63792fff-9ae4-467e-99b7-333e919ed853,INV-63792fff-9ae4-467e-99b7-333e919ed853,CID-463,2026-03-10,521.97,PayPal,Completed,SampleGen
PAY-b859c68d-d241-4966-b608-557d00bbcfd7,INV-b859c68d-d241-4966-b608-557d00bbcfd7,CID-464,2026-01-08,2501.19,AmEx,Completed,SampleGen
PAY-59513cc1-8eae-4c72-bc06-497097b9845c,INV-59513cc1-8eae-4c72-bc06-497097b9845c,CID-464,2026-01-02,978.73,PayPal,Completed,SampleGen
PAY-cfbe4034-36eb-487f-93c2-44495231a5a3,INV-cfbe4034-36eb-487f-93c2-44495231a5a3,CID-464,2025-02-22,434.99,MC,Completed,SampleGen
PAY-13498ee0-d1f1-4e6c-bf5c-5d67914230cc,INV-13498ee0-d1f1-4e6c-bf5c-5d67914230cc,CID-465,2025-03-03,1674.72,Discover,Completed,SampleGen
PAY-32926b9b-3924-4b5b-8097-4b7d572f8873,INV-32926b9b-3924-4b5b-8097-4b7d572f8873,CID-465,2025-03-27,1109.2,MC,Completed,SampleGen
PAY-a356689d-f28b-4f59-ac54-d8f0f9d9dcb7,INV-a356689d-f28b-4f59-ac54-d8f0f9d9dcb7,CID-466,2025-02-17,1109.22,Discover,Completed,SampleGen
PAY-58589dda-c321-4761-9dc3-5e7b5f0f955d,INV-58589dda-c321-4761-9dc3-5e7b5f0f955d,CID-466,2025-11-05,3936.69,AmEx,Completed,SampleGen
PAY-9419e50b-63a8-4150-aca0-1f6bb685735d,INV-9419e50b-63a8-4150-aca0-1f6bb685735d,CID-466,2025-05-27,3806.19,PayPal,Completed,SampleGen
PAY-5f2b7685-dd86-4725-a0f4-d26ddb14d63d,INV-5f2b7685-dd86-4725-a0f4-d26ddb14d63d,CID-467,2025-08-09,2408.76,AmEx,Completed,SampleGen
PAY-5cd96683-beeb-4acc-bb99-6b835a77debe,INV-5cd96683-beeb-4acc-bb99-6b835a77debe,CID-467,2025-10-23,869.98,AmEx,Completed,SampleGen
PAY-612aeaca-b9d6-4744-8561-699f4d0a57b0,INV-612aeaca-b9d6-4744-8561-699f4d0a57b0,CID-468,2025-06-25,663.34,MC,Completed,SampleGen
PAY-af59c398-ca48-4c9c-af1a-bc0dd277e519,INV-af59c398-ca48-4c9c-af1a-bc0dd277e519,CID-468,2025-02-16,2588.21,AmEx,Completed,SampleGen
PAY-9e5115dc-92f8-4cf7-88ee-299d58e0cc36,INV-9e5115dc-92f8-4cf7-88ee-299d58e0cc36,CID-469,2026-02-11,2077.06,MC,Completed,SampleGen
PAY-3ec67c1d-fbe1-4523-a3f6-d29518f40661,INV-3ec67c1d-fbe1-4523-a3f6-d29518f40661,CID-469,2025-03-07,1283.21,MC,Completed,SampleGen
PAY-8a80eaa2-3bb7-4151-9c43-b21495eed785,INV-8a80eaa2-3bb7-4151-9c43-b21495eed785,CID-469,2025-10-14,1196.23,VISA,Completed,SampleGen
PAY-a4c13db5-c6d4-4ede-934b-239b16fa40b3,INV-a4c13db5-c6d4-4ede-934b-239b16fa40b3,CID-470,2025-02-04,3643.07,AmEx,Completed,SampleGen
PAY-435a228e-f05b-453f-8e21-147e8f1ef7b5,INV-435a228e-f05b-453f-8e21-147e8f1ef7b5,CID-471,2026-02-19,706.86,AmEx,Completed,SampleGen
PAY-346bdf53-b121-4e4b-a53b-5be2e5d26a4c,INV-346bdf53-b121-4e4b-a53b-5be2e5d26a4c,CID-472,2025-08-13,674.21,VISA,Completed,SampleGen
PAY-5301fb6e-1903-4e6e-b0da-29f857ba3077,INV-5301fb6e-1903-4e6e-b0da-29f857ba3077,CID-473,2026-03-27,728.57,VISA,Completed,SampleGen
PAY-4d75bab7-4c2e-47a2-8754-e14a6dc9da56,INV-4d75bab7-4c2e-47a2-8754-e14a6dc9da56,CID-473,2025-07-15,674.22,VISA,Completed,SampleGen
PAY-0c94b226-1f7d-4ccc-8c80-661a6cf55ddd,INV-0c94b226-1f7d-4ccc-8c80-661a6cf55ddd,CID-474,2025-02-23,326.24,MC,Completed,SampleGen
PAY-e9983b21-9b37-4b97-91a7-e0aeec04f2bc,INV-e9983b21-9b37-4b97-91a7-e0aeec04f2bc,CID-474,2026-04-16,652.48,VISA,Completed,SampleGen
PAY-9e218cda-b38e-4fc1-9e47-8eb75f3cb7e7,INV-9e218cda-b38e-4fc1-9e47-8eb75f3cb7e7,CID-474,2025-04-09,1881.31,MC,Completed,SampleGen
PAY-15f7af74-bd29-4b12-be3c-56b5481fbdd8,INV-15f7af74-bd29-4b12-be3c-56b5481fbdd8,CID-474,2025-11-15,543.72,MC,Completed,SampleGen
PAY-23618fc3-71c4-41ef-a45a-23c1703f6afd,INV-23618fc3-71c4-41ef-a45a-23c1703f6afd,CID-474,2025-09-13,1522.46,PayPal,Completed,SampleGen
PAY-27078bb0-8bdd-4b66-8563-da4b1e6cdb0f,INV-27078bb0-8bdd-4b66-8563-da4b1e6cdb0f,CID-474,2025-10-09,1957.48,PayPal,Completed,SampleGen
PAY-1a530ac0-763a-412f-84bd-2f83864b72b0,INV-1a530ac0-763a-412f-84bd-2f83864b72b0,CID-474,2025-11-24,141.36,MC,Completed,SampleGen
PAY-cb527eea-c535-4689-9a4a-042fdb7de131,INV-cb527eea-c535-4689-9a4a-042fdb7de131,CID-474,2025-10-17,4001.95,VISA,Completed,SampleGen
PAY-e7d58cc4-aa44-4e7f-bb18-e6bda695657c,INV-e7d58cc4-aa44-4e7f-bb18-e6bda695657c,CID-475,2026-03-12,1685.59,PayPal,Completed,SampleGen
PAY-6919c272-7caf-4de6-88a8-c7529213ccf7,INV-6919c272-7caf-4de6-88a8-c7529213ccf7,CID-476,2025-11-21,1522.46,AmEx,Completed,SampleGen
PAY-3cc852b4-5843-4aba-8718-02c529466a14,INV-3cc852b4-5843-4aba-8718-02c529466a14,CID-477,2025-04-13,195.74,VISA,Completed,SampleGen
PAY-6f672a3e-a5fb-42b3-8fc8-6f4ef863a972,INV-6f672a3e-a5fb-42b3-8fc8-6f4ef863a972,CID-477,2026-02-01,2555.55,PayPal,Completed,SampleGen
PAY-cefaf24b-d2a1-4d33-b95f-df12aa45bdcd,INV-cefaf24b-d2a1-4d33-b95f-df12aa45bdcd,CID-477,2025-09-09,2827.48,MC,Completed,SampleGen
PAY-b32b2fce-789a-483e-8d26-7a68c537391c,INV-b32b2fce-789a-483e-8d26-7a68c537391c,CID-478,2025-01-25,3936.68,MC,Completed,SampleGen
PAY-89bf13d3-1a29-464f-b4b9-d92539684949,INV-89bf13d3-1a29-464f-b4b9-d92539684949,CID-478,2025-06-14,3914.93,VISA,Completed,SampleGen
PAY-54f81d7c-3351-4b28-b28d-b0ddd26d6a8e,INV-54f81d7c-3351-4b28-b28d-b0ddd26d6a8e,CID-478,2026-01-27,4088.94,AmEx,Completed,SampleGen
PAY-cc45b16a-a6bb-40c8-a46f-f41df68d177f,INV-cc45b16a-a6bb-40c8-a46f-f41df68d177f,CID-479,2025-04-16,2229.32,PayPal,Completed,SampleGen
PAY-e6968bf1-28f4-411a-a4b3-99dbf41365eb,INV-e6968bf1-28f4-411a-a4b3-99dbf41365eb,CID-479,2025-10-05,1478.94,MC,Completed,SampleGen
PAY-ea5aa87e-cc0a-4ca3-93b8-d47ee9c15ddc,INV-ea5aa87e-cc0a-4ca3-93b8-d47ee9c15ddc,CID-480,2025-02-20,3436.44,MC,Completed,SampleGen
PAY-2133301f-ac1b-47b9-adb6-47a27e285d7f,INV-2133301f-ac1b-47b9-adb6-47a27e285d7f,CID-480,2025-02-14,652.48,AmEx,Completed,SampleGen
PAY-cba57447-2485-444d-a30d-110f5aec810b,INV-cba57447-2485-444d-a30d-110f5aec810b,CID-481,2025-04-05,271.86,Discover,Completed,SampleGen
PAY-4b5de1a6-6325-429d-ba2b-05d83b883ed8,INV-4b5de1a6-6325-429d-ba2b-05d83b883ed8,CID-481,2026-02-14,1973.78,MC,Completed,SampleGen
PAY-d98e1195-72cb-42e2-94ef-873ce37f8bd6,INV-d98e1195-72cb-42e2-94ef-873ce37f8bd6,CID-481,2025-01-08,1468.08,MC,Completed,SampleGen
PAY-57206365-0a1c-4cc2-8c4c-cb0fbcdb5a2f,INV-57206365-0a1c-4cc2-8c4c-cb0fbcdb5a2f,CID-482,2025-07-27,173.98,AmEx,Completed,SampleGen
PAY-40ef87c4-090e-4da0-b8ad-6d2fde7d56ca,INV-40ef87c4-090e-4da0-b8ad-6d2fde7d56ca,CID-482,2026-03-17,750.34,Discover,Completed,SampleGen
PAY-bf44c01f-ca23-4a74-8cd2-dace8e1ce37f,INV-bf44c01f-ca23-4a74-8cd2-dace8e1ce37f,CID-483,2026-02-03,2555.57,Discover,Completed,SampleGen
PAY-d304f548-5a07-47fb-b2eb-3221b94a0d32,INV-d304f548-5a07-47fb-b2eb-3221b94a0d32,CID-483,2025-10-27,2827.48,Discover,Completed,SampleGen
PAY-8a1a0380-3956-4a86-b8c0-25a15e07607c,INV-8a1a0380-3956-4a86-b8c0-25a15e07607c,CID-484,2025-07-28,206.61,VISA,Completed,SampleGen
PAY-f8e59159-ef45-4a0b-bb25-cfdda5402645,INV-f8e59159-ef45-4a0b-bb25-cfdda5402645,CID-484,2025-09-16,434.99,MC,Completed,SampleGen
PAY-3e817cc3-54fa-4edc-886b-fa0fa97ef48c,INV-3e817cc3-54fa-4edc-886b-fa0fa97ef48c,CID-484,2025-07-15,500.22,MC,Completed,SampleGen
PAY-fdf0c89c-f11a-403b-8336-d7fcafa24763,INV-fdf0c89c-f11a-403b-8336-d7fcafa24763,CID-485,2026-02-01,2838.33,VISA,Completed,SampleGen
PAY-2256d4f3-51ec-4e3b-93ba-390d87c1f65b,INV-2256d4f3-51ec-4e3b-93ba-390d87c1f65b,CID-487,2025-07-02,413.23,VISA,Completed,SampleGen
PAY-e503597d-dbf5-4b0b-9a24-7bda66053e61,INV-e503597d-dbf5-4b0b-9a24-7bda66053e61,CID-487,2026-04-05,1674.72,AmEx,Completed,SampleGen
PAY-27e37dd5-8c0d-49fd-8e8a-00520ad19590,INV-27e37dd5-8c0d-49fd-8e8a-00520ad19590,CID-488,2025-12-10,1076.58,AmEx,Completed,SampleGen
PAY-161c3375-e003-4da8-8cf1-b724d08c1cfa,INV-161c3375-e003-4da8-8cf1-b724d08c1cfa,CID-489,2025-01-16,2120.57,VISA,Completed,SampleGen
PAY-2e72e1b0-f1e3-4be4-aa0d-9c7d0bac2961,INV-2e72e1b0-f1e3-4be4-aa0d-9c7d0bac2961,CID-489,2025-08-18,848.22,MC,Completed,SampleGen
PAY-536428bc-4f13-4017-a57b-f858dc18180c,INV-536428bc-4f13-4017-a57b-f858dc18180c,CID-490,2026-01-01,1413.73,VISA,Completed,SampleGen
PAY-de286eaa-b08d-42ee-8b29-229048035ccc,INV-de286eaa-b08d-42ee-8b29-229048035ccc,CID-490,2025-11-24,1120.1,VISA,Completed,SampleGen
PAY-0e171602-b682-4221-8092-23d57428eb2d,INV-0e171602-b682-4221-8092-23d57428eb2d,CID-490,2025-03-07,3001.46,MC,Completed,SampleGen
PAY-99488707-a497-476c-b2a2-e94b3d0a7332,INV-99488707-a497-476c-b2a2-e94b3d0a7332,CID-490,2025-03-17,3708.31,Discover,Completed,SampleGen
PAY-fee1d30c-c223-48e6-ac9f-e4d983ff3edd,INV-fee1d30c-c223-48e6-ac9f-e4d983ff3edd,CID-490,2026-02-23,2283.71,AmEx,Completed,SampleGen
PAY-d303aeae-16f9-4742-9d24-c027e2d630e1,INV-d303aeae-16f9-4742-9d24-c027e2d630e1,CID-490,2025-07-31,1739.98,PayPal,Completed,SampleGen
PAY-c677aa2d-b9d0-4851-912b-2d75b537a28c,INV-c677aa2d-b9d0-4851-912b-2d75b537a28c,CID-490,2025-12-21,826.46,PayPal,Completed,SampleGen
PAY-88951f06-caba-4a71-8d24-33f90fbcfbb3,INV-88951f06-caba-4a71-8d24-33f90fbcfbb3,CID-490,2025-04-02,3360.3,VISA,Completed,SampleGen
PAY-ffd117b3-4805-4634-9583-548d6f660780,INV-ffd117b3-4805-4634-9583-548d6f660780,CID-491,2025-06-25,3827.95,MC,Completed,SampleGen
PAY-c33645db-6838-4634-9664-774a41e86cdd,INV-c33645db-6838-4634-9664-774a41e86cdd,CID-491,2025-11-04,86.99,Discover,Completed,SampleGen
PAY-cab3c794-33a2-495f-a76c-222b2dfd11a2,INV-cab3c794-33a2-495f-a76c-222b2dfd11a2,CID-492,2025-05-04,173.99,VISA,Completed,SampleGen
PAY-b96113b5-eccb-4dbd-b345-4e91e8daf1df,INV-b96113b5-eccb-4dbd-b345-4e91e8daf1df,CID-492,2026-01-15,5654.93,AmEx,Completed,SampleGen
PAY-54bee324-2e53-4630-915a-ab630239d234,INV-54bee324-2e53-4630-915a-ab630239d234,CID-492,2026-04-08,1109.19,VISA,Completed,SampleGen
PAY-fa629724-053a-4f90-a2a4-d721b8f41934,INV-fa629724-053a-4f90-a2a4-d721b8f41934,CID-493,2025-01-22,1033.09,VISA,Completed,SampleGen
PAY-4ff6fbcd-bf9c-4904-b5ef-e8d8506194bb,INV-4ff6fbcd-bf9c-4904-b5ef-e8d8506194bb,CID-493,2025-03-31,1239.69,PayPal,Completed,SampleGen
PAY-e1c82e6c-a03f-4b91-bb38-9b2e16a83c4f,INV-e1c82e6c-a03f-4b91-bb38-9b2e16a83c4f,CID-494,2026-02-17,4349.95,VISA,Completed,SampleGen
PAY-97aff666-1a90-401b-830d-a8f5d0ec7879,INV-97aff666-1a90-401b-830d-a8f5d0ec7879,CID-494,2026-01-10,3316.83,MC,Completed,SampleGen
PAY-49ea6bc1-1127-4c8d-a5e1-2210a87dc2aa,INV-49ea6bc1-1127-4c8d-a5e1-2210a87dc2aa,CID-495,2025-09-04,2718.68,PayPal,Completed,SampleGen
PAY-4238afd7-16d8-462a-ba63-4e861c0f8f35,INV-4238afd7-16d8-462a-ba63-4e861c0f8f35,CID-495,2025-01-22,5056.82,VISA,Completed,SampleGen
PAY-780187d7-dfe9-472d-bb47-6d96df2201a0,INV-780187d7-dfe9-472d-bb47-6d96df2201a0,CID-495,2025-04-03,608.96,MC,Completed,SampleGen
PAY-b81e3dc4-b8c9-40e4-ac33-ce1245827924,INV-b81e3dc4-b8c9-40e4-ac33-ce1245827924,CID-495,2025-06-24,956.96,AmEx,Completed,SampleGen
PAY-b529827b-40c1-4c3d-8af5-35b48d6de46e,INV-b529827b-40c1-4c3d-8af5-35b48d6de46e,CID-496,2025-02-25,434.99,VISA,Completed,SampleGen
PAY-11223082-5c59-4fd1-a430-2b26a0c5a557,INV-11223082-5c59-4fd1-a430-2b26a0c5a557,CID-496,2025-04-11,3936.7,AmEx,Completed,SampleGen
PAY-1847fc0a-83eb-4dfd-8891-dbc70fc3aac6,INV-1847fc0a-83eb-4dfd-8891-dbc70fc3aac6,CID-497,2025-09-27,489.34,VISA,Completed,SampleGen
PAY-ae678cc4-1c78-417e-9906-0320322e3185,INV-ae678cc4-1c78-417e-9906-0320322e3185,CID-497,2025-01-31,489.36,VISA,Completed,SampleGen
PAY-7b15dadb-6122-4ce7-b0de-0eff1aac61a7,INV-7b15dadb-6122-4ce7-b0de-0eff1aac61a7,CID-498,2025-01-25,2783.95,AmEx,Completed,SampleGen
PAY-eb1b81fc-8c17-4de4-8a45-ce13f1e5f1f3,INV-eb1b81fc-8c17-4de4-8a45-ce13f1e5f1f3,CID-498,2025-05-06,2544.68,VISA,Completed,SampleGen
PAY-444ec66a-a370-4fcd-bf57-5784dbd65a6d,INV-444ec66a-a370-4fcd-bf57-5784dbd65a6d,CID-499,2025-08-05,1381.06,AmEx,Completed,SampleGen
PAY-8d38e08a-5f48-43fd-bf97-3f7cee7094ed,INV-8d38e08a-5f48-43fd-bf97-3f7cee7094ed,CID-501,2026-04-20,271.86,VISA,Completed,SampleGen
PAY-6b957330-f008-40a2-8229-56841c36249f,INV-6b957330-f008-40a2-8229-56841c36249f,CID-501,2026-02-24,869.98,VISA,Completed,SampleGen
PAY-699ecd80-3061-4734-908f-4ea0efb52c88,INV-699ecd80-3061-4734-908f-4ea0efb52c88,CID-502,2025-05-12,793.85,VISA,Completed,SampleGen
PAY-e8f71bd1-237b-40ed-a34f-331d5768a9d9,INV-e8f71bd1-237b-40ed-a34f-331d5768a9d9,CID-502,2025-11-30,543.73,VISA,Completed,SampleGen
PAY-5086bcb4-895e-4f8d-9b2d-a6e9e688b724,INV-5086bcb4-895e-4f8d-9b2d-a6e9e688b724,CID-503,2025-08-31,3208.05,AmEx,Completed,SampleGen
PAY-10402b0f-338a-4876-be84-2fa53a799eda,INV-10402b0f-338a-4876-be84-2fa53a799eda,CID-503,2026-03-12,3479.96,MC,Completed,SampleGen
PAY-262fe86f-8243-46cc-8294-46547f7ba333,INV-262fe86f-8243-46cc-8294-46547f7ba333,CID-503,2025-02-04,2827.42,AmEx,Completed,SampleGen
PAY-dfcc809e-49ad-4b86-b7e9-9e8862a2592b,INV-dfcc809e-49ad-4b86-b7e9-9e8862a2592b,CID-503,2026-01-21,4480.42,VISA,Completed,SampleGen
PAY-23141b90-8160-4590-94a7-cea1547ea416,INV-23141b90-8160-4590-94a7-cea1547ea416,CID-503,2025-09-21,315.34,VISA,Completed,SampleGen
PAY-68895a04-c109-46dc-89a1-4ce82aa9a94f,INV-68895a04-c109-46dc-89a1-4ce82aa9a94f,CID-503,2025-09-20,2000.94,PayPal,Completed,SampleGen
PAY-07cf7122-2871-478a-be8e-3d1c501ed33b,INV-07cf7122-2871-478a-be8e-3d1c501ed33b,CID-503,2025-12-20,2370.69,Discover,Completed,SampleGen
PAY-a756dc89-348b-4aae-90fa-5189cedfa212,INV-a756dc89-348b-4aae-90fa-5189cedfa212,CID-504,2025-05-14,750.32,VISA,Completed,SampleGen
PAY-7b65e209-7276-4c31-a536-da2fb5777004,INV-7b65e209-7276-4c31-a536-da2fb5777004,CID-504,2025-02-14,1794.32,AmEx,Completed,SampleGen
PAY-1d3364ee-d0bc-4fd7-9dd6-63810807918f,INV-1d3364ee-d0bc-4fd7-9dd6-63810807918f,CID-504,2025-01-08,3643.08,MC,Completed,SampleGen
PAY-6646b99c-a0b9-48d7-8a48-e5adbaac51f7,INV-6646b99c-a0b9-48d7-8a48-e5adbaac51f7,CID-504,2025-12-24,5981.17,AmEx,Completed,SampleGen
PAY-15558d1e-d0ba-4427-8dd5-091907340881,INV-15558d1e-d0ba-4427-8dd5-091907340881,CID-504,2026-04-04,260.97,AmEx,Completed,SampleGen
PAY-6bde6474-ff2f-4c0c-927b-358b6ffe6d75,INV-6bde6474-ff2f-4c0c-927b-358b6ffe6d75,CID-505,2025-02-08,3740.94,Discover,Completed,SampleGen
PAY-0b43f420-2ca0-4dfc-b9ce-7ed4045e78cc,INV-0b43f420-2ca0-4dfc-b9ce-7ed4045e78cc,CID-505,2025-05-25,2338.06,MC,Completed,SampleGen
PAY-3f50c559-d86a-49ec-b4d9-ec4145a9108c,INV-3f50c559-d86a-49ec-b4d9-ec4145a9108c,CID-506,2025-06-02,1087.44,MC,Completed,SampleGen
PAY-310db1d8-7912-4032-befc-8a7e7c562860,INV-310db1d8-7912-4032-befc-8a7e7c562860,CID-506,2025-02-25,217.48,PayPal,Completed,SampleGen
PAY-18b34909-626b-4d4d-89ce-692f30bceba2,INV-18b34909-626b-4d4d-89ce-692f30bceba2,CID-506,2025-11-17,2381.57,Discover,Completed,SampleGen
PAY-f2bdde95-3b20-42d0-b771-351b0ac68500,INV-f2bdde95-3b20-42d0-b771-351b0ac68500,CID-506,2025-11-07,1739.96,MC,Completed,SampleGen
PAY-530ebc7b-12b4-4747-a4a2-179801d916bd,INV-530ebc7b-12b4-4747-a4a2-179801d916bd,CID-506,2025-07-26,130.49,VISA,Completed,SampleGen
PAY-b358e1dc-f6b4-484c-aa08-9c04f332b0c0,INV-b358e1dc-f6b4-484c-aa08-9c04f332b0c0,CID-506,2025-11-30,3273.3,PayPal,Completed,SampleGen
PAY-27f9a506-2b04-45f0-8655-df92c702beb8,INV-27f9a506-2b04-45f0-8655-df92c702beb8,CID-507,2025-11-26,4165.04,AmEx,Completed,SampleGen
PAY-ac8c63ca-483f-4589-9a27-16592aa10832,INV-ac8c63ca-483f-4589-9a27-16592aa10832,CID-508,2025-01-05,4621.81,Discover,Completed,SampleGen
PAY-b43d7334-b833-4cbd-bcca-2464db9e8d46,INV-b43d7334-b833-4cbd-bcca-2464db9e8d46,CID-508,2025-03-14,413.22,Discover,Completed,SampleGen
PAY-80868fed-cb7b-458f-a263-8ffcb3477384,INV-80868fed-cb7b-458f-a263-8ffcb3477384,CID-508,2025-03-10,2348.95,AmEx,Completed,SampleGen
PAY-dae0aaf0-b3bd-4acd-b86c-4d81a8109fee,INV-dae0aaf0-b3bd-4acd-b86c-4d81a8109fee,CID-508,2025-02-25,7503.68,AmEx,Completed,SampleGen
PAY-387f7f01-99f5-4127-9e14-d21f91b01247,INV-387f7f01-99f5-4127-9e14-d21f91b01247,CID-508,2025-01-07,1065.72,VISA,Completed,SampleGen
PAY-7f682464-25dc-41eb-b018-976e01882f35,INV-7f682464-25dc-41eb-b018-976e01882f35,CID-508,2026-02-21,565.45,VISA,Completed,SampleGen
PAY-4cf8f0ad-ce70-4ce2-9afc-3149c3971bd2,INV-4cf8f0ad-ce70-4ce2-9afc-3149c3971bd2,CID-508,2025-10-29,2773.07,VISA,Completed,SampleGen
PAY-fbc891cd-d52c-4996-a6e2-e17e11ffa237,INV-fbc891cd-d52c-4996-a6e2-e17e11ffa237,CID-508,2025-10-17,2327.2,AmEx,Completed,SampleGen
PAY-e45e9442-e574-4c0c-bdb7-f999d136d3eb,INV-e45e9442-e574-4c0c-bdb7-f999d136d3eb,CID-508,2025-10-15,2011.84,PayPal,Completed,SampleGen
PAY-8dc5bfe6-3aa6-4813-88ab-d36c35383c20,INV-8dc5bfe6-3aa6-4813-88ab-d36c35383c20,CID-509,2026-02-12,2240.2,VISA,Completed,SampleGen
PAY-0a1996c3-5f19-4bd5-9079-ada45880dcef,INV-0a1996c3-5f19-4bd5-9079-ada45880dcef,CID-510,2025-05-25,685.09,VISA,Completed,SampleGen
PAY-71a45cac-8c9e-417b-9c38-e73da8506351,INV-71a45cac-8c9e-417b-9c38-e73da8506351,CID-510,2025-03-19,4349.94,AmEx,Completed,SampleGen
PAY-0fd2cac0-f298-42a0-96b3-184e0a589c53,INV-0fd2cac0-f298-42a0-96b3-184e0a589c53,CID-510,2025-08-25,2348.95,VISA,Completed,SampleGen
PAY-f4378d3b-535d-4dec-a92d-3f4bf44cec16,INV-f4378d3b-535d-4dec-a92d-3f4bf44cec16,CID-510,2026-04-24,630.74,MC,Completed,SampleGen
PAY-a9c0fdfe-d5a2-4c5d-ba9b-b403eb36dd49,INV-a9c0fdfe-d5a2-4c5d-ba9b-b403eb36dd49,CID-510,2025-05-11,1652.95,VISA,Completed,SampleGen
PAY-f71a06e9-6a84-4512-bfb2-47557538b022,INV-f71a06e9-6a84-4512-bfb2-47557538b022,CID-510,2025-03-21,413.23,MC,Completed,SampleGen
PAY-bb5b4f1d-eeb7-4f1d-b128-a2b32ffa4a5d,INV-bb5b4f1d-eeb7-4f1d-b128-a2b32ffa4a5d,CID-510,2026-02-19,1413.74,PayPal,Completed,SampleGen
PAY-219eec45-345b-4652-9852-fd03fa4aae0a,INV-219eec45-345b-4652-9852-fd03fa4aae0a,CID-510,2025-09-22,141.36,MC,Completed,SampleGen
PAY-f028b705-9c42-4734-a967-44509adee69e,INV-f028b705-9c42-4734-a967-44509adee69e,CID-510,2026-01-16,326.24,PayPal,Completed,SampleGen
PAY-1221687e-b7d5-4fdf-b77d-36abf29e2021,INV-1221687e-b7d5-4fdf-b77d-36abf29e2021,CID-510,2025-10-07,652.48,AmEx,Completed,SampleGen
PAY-a6ed5f99-4bd8-4f84-bd8d-95ba8c6388bd,INV-a6ed5f99-4bd8-4f84-bd8d-95ba8c6388bd,CID-510,2026-03-11,3860.55,AmEx,Completed,SampleGen
PAY-9cb08983-5c9a-4553-87db-55e43364e78f,INV-9cb08983-5c9a-4553-87db-55e43364e78f,CID-510,2025-10-09,2392.46,AmEx,Completed,SampleGen
PAY-35ec7f22-7132-493a-a5e8-5b3baef76b05,INV-35ec7f22-7132-493a-a5e8-5b3baef76b05,CID-511,2025-05-16,1000.45,VISA,Completed,SampleGen
PAY-04416d3e-09b8-4c80-81ab-d45f76a64ae2,INV-04416d3e-09b8-4c80-81ab-d45f76a64ae2,CID-511,2025-10-19,1903.06,MC,Completed,SampleGen
PAY-b51fe0ff-b700-4642-81ed-0de43eba33e4,INV-b51fe0ff-b700-4642-81ed-0de43eba33e4,CID-511,2025-01-28,304.47,Discover,Completed,SampleGen
PAY-eaa75eee-794d-42b1-a720-fd33ecdfb1ae,INV-eaa75eee-794d-42b1-a720-fd33ecdfb1ae,CID-511,2025-07-18,2000.94,AmEx,Completed,SampleGen
PAY-0c7f667e-f1cb-4739-b5a8-cc62f60ed173,INV-0c7f667e-f1cb-4739-b5a8-cc62f60ed173,CID-511,2026-03-02,1413.72,PayPal,Completed,SampleGen
PAY-1dc9657a-7a62-4ca8-b49d-3c1c33eb8358,INV-1dc9657a-7a62-4ca8-b49d-3c1c33eb8358,CID-512,2025-10-24,2446.81,MC,Completed,SampleGen
PAY-5cf01287-eb02-4bbd-9760-e4317950ad02,INV-5cf01287-eb02-4bbd-9760-e4317950ad02,CID-512,2025-03-18,1957.44,MC,Completed,SampleGen
PAY-6c3619c6-691c-4381-9a03-de9b925cf997,INV-6c3619c6-691c-4381-9a03-de9b925cf997,CID-512,2025-08-05,598.08,VISA,Completed,SampleGen
PAY-8a3078dd-4548-4571-aee3-5d861b8754f1,INV-8a3078dd-4548-4571-aee3-5d861b8754f1,CID-512,2025-04-13,2272.82,PayPal,Completed,SampleGen
PAY-b4432d31-84ad-44fc-adbe-4ff6b2baeb43,INV-b4432d31-84ad-44fc-adbe-4ff6b2baeb43,CID-512,2025-10-12,706.86,AmEx,Completed,SampleGen
PAY-8cdfb058-fea2-4b97-9fb0-ef0a1d8289bd,INV-8cdfb058-fea2-4b97-9fb0-ef0a1d8289bd,CID-513,2025-11-14,1576.82,VISA,Completed,SampleGen
