OrderID,PaymentMethod,TransactionID
21c26517-884f-4412-b499-fdca4613ce7f,AmEx,2f54f928-a97a-41fc-8b61-733eee0b8213
1f259407-5845-4e2d-b80b-49319422fccd,MC,9139185d-fff2-422c-867f-b78bbe08aa91
838e4c87-7e99-481c-80c3-bc883322d760,VISA,d3c45a92-547e-47c4-bef0-0e7a343b542a
109bb7fd-6a0f-4949-a698-a8ec2446ab1f,AmEx,3d31a65a-967d-4a9c-996a-4698cea995f2
68122e2b-d195-41dc-b8db-dd12c5e802a6,MC,e4af9f14-b03a-4bb8-aa35-8a8411ad5607
1d2787ac-a988-457e-abb8-1e7bf99dd3bb,VISA,d63694f7-6e96-4c06-ba8d-9c8899c27373
ea0c7d11-c8ed-4842-902c-84fcd37d6b25,VISA,8634a5b0-110f-4a69-95e5-c1f5ec478f60
e6d4c394-d9d6-4881-8aed-58a459772349,VISA,2d7e12c9-1328-472d-acb6-f634da7c2489
473faccf-b8d4-4e70-9ca6-a441ba700038,MC,aa889f6b-659f-4853-9ed8-0d68db96fc56
5707df8c-a134-4cb5-bb90-87da382a1068,VISA,a68216e7-02c0-4904-a7ad-2042d9f368e6
5930c8d6-a850-4d24-bfd0-c45b67ae5a08,Discover,38f4d47b-ebdb-4130-b577-ff034cd270c3
b8d74768-a4bb-4336-9491-0f34ffcc85ea,AmEx,5f2d0f70-c330-44c7-9fec-3be11d06a43e
73ba7360-105d-462a-9149-1560f136553b,AmEx,690a9bda-f6a4-47e6-ae35-cdc57442fdda
a8485c95-ca45-48ab-9229-d2df2b90860f,MC,b0568f40-d9f6-43a2-9dad-bc78ca2caf48
39299da6-7118-453e-96ab-82a45ea79cce,AmEx,a1692cb3-fdb6-450a-b2b6-ba082e332d4e
72d88f36-fd2b-47ff-9e02-bb5375ecfc28,AmEx,874a7c0b-33c4-4ff0-acd0-b0dae7724a27
89e9f4d3-2f6f-4417-849e-bdb38a60550a,VISA,5b06749d-d75b-4c10-9001-1ea86bf8a15c
fc0df4a4-84d5-4686-836b-0e10ac1f6b08,PayPal,b757c1e4-9bb8-4c8b-bc8c-f46635695b97
52856ca6-dbf7-43dc-bb84-49d235041d35,VISA,34126f16-21cc-4274-bd6b-a22776aca80d
6a198f6b-5736-4af3-93fc-54a8e001bc1e,VISA,e3401541-852e-45af-84bb-a8b930349ea8
ec0d93bf-3418-4e99-a2a9-89a96ebb639c,VISA,646194b9-d073-4ca2-9781-e939c2e895c0
da6d4e40-c37d-4a3f-996f-c71976e3210c,VISA,ae504166-8bed-4586-b34e-a0f5059e13ee
8a830031-0d3e-48ad-9317-02c8102dca4c,MC,631323c9-0098-431f-8a94-c91ab3d5cbf0
ccee6355-8e83-4ea7-a50d-e9a3fb949946,MC,a6116582-8ffe-401e-aee6-570035ded999
6b3ed51d-6986-479a-a48d-d5f2e265532a,MC,81c75dd2-5846-4e82-9443-a0fd9ee4a6ad
1a3203e1-ffaf-483a-9260-2aa918a93630,AmEx,7317ce7c-d6e3-4440-98c3-7db564f6b6d1
991a919a-32ea-4dda-af7c-589661ba0171,PayPal,0ccfecbf-e718-4eb2-bb02-437998ee6103
23c80c7f-3da6-44ec-a684-51e11523388b,MC,e641981b-aee9-4575-8838-55940ef997c1
995a75f3-558b-4b73-84c5-9bbea80b02e9,Discover,ced5a8f7-ec9a-4b75-b743-cc0d63bd0332
87f489eb-d300-4719-9601-1ec54d377881,AmEx,dc85ede4-e889-4985-ad70-ec4aa30e863e
5572432b-3c38-41a8-be92-a24df8ccd0b7,MC,ef901b53-1e89-4c41-a472-8076756cd6ee
a6ca3c01-aec2-43eb-b7f1-addb1cc52462,AmEx,177e63c6-2468-4503-97e4-7a798ce5cae4
ccd8b496-22a6-4285-a5e7-b1fbc1cbb193,AmEx,015845c2-4794-4765-95ba-8d86a508ca1f
bc1199fc-eb39-4982-9fa6-37ef5b4858ae,PayPal,30241ba1-d9ef-4086-934f-5202a34e9a35
0f2cb72a-c901-432b-a927-d9de7bf45843,PayPal,11820f08-1922-438d-ae35-0b3a5ae558e0
52344dfb-7b47-48b1-a313-d9e7b86349af,VISA,cd7e181e-d7bb-4279-915f-0ffcaa878ebb
814f87ec-2ca0-4617-ae67-6655d0d935ba,AmEx,8a9e0098-db47-4561-b037-141ee2c12f93
01dcdd05-2b0c-405d-91f5-fdcfb028eb0e,VISA,c7ab8d0d-242a-41e5-aae9-71c11b1417c2
1b8f078a-7faa-4bb4-8fc4-7d8e214f06c4,AmEx,5fe8f856-e343-4f6f-b62b-d37d91f9e2c7
31426e2f-8cf5-4539-a728-9a01df9a2254,VISA,412230ca-e0c4-4f85-8005-c2aa4accbb73
1b563e81-61d0-4ace-88e4-13669b3bcca9,VISA,0d39baa4-bf6e-46f2-8c94-7ed19d11f383
343ea726-7692-4a10-9ca2-cb90aee770f2,VISA,1c4142b0-5ab9-4f10-874b-085118f23b80
60887300-ea0c-4e56-9284-62891953334b,MC,d7a40dd6-ab19-4511-a81a-0c7093acaa9c
b4df9d14-3556-4c78-b110-2124bcb4e028,AmEx,6667f3eb-9d59-4452-aebe-2baf4e77fa96
7629498e-fdcc-42db-9475-147525aa599e,PayPal,a4ac754e-c009-462f-a486-7fceef4df170
37c3db92-7108-447c-85e7-ae5ea70137d9,VISA,b8743e71-d16d-4575-84f5-7db26cab39f3
f6e20e54-8421-4222-bdf8-99a483dde28e,VISA,07f2d9fc-b1eb-4338-9620-582cd3f9dc91
6fc772d7-5692-4adc-9709-a9cc38942518,AmEx,63284021-59f0-4dcf-a8d7-bf5f013bf016
84485bc3-6f84-41af-ad5c-8cb8fef9faf7,AmEx,c4e2fa34-5545-4a8c-a5a9-2df3de8950e5
d2a1a4c7-0104-41c8-8e4d-3cb40fd6ef4d,VISA,43610031-5866-4f31-9e4e-50a1c5e0b89b
e68cdcd3-099f-4cda-8332-5c504f7b1b1a,VISA,bc80f0ef-8140-4efd-a0e7-9bfa3be04aba
3023f047-fe3d-4ae1-96d3-2d1be92c17c5,VISA,4476acec-8afe-4922-991c-d3b359d98296
ed596f37-9247-4003-86fd-4930261d9b1e,VISA,71c9bc83-7d19-42c0-87d3-68c9ab0eedaf
61d95590-57fb-4c72-bda8-b2e400605f15,MC,9d476edd-14c6-4e49-ba2d-fd2f5ccc5b5a
3f2edb37-c082-48f4-a364-1bb4f5a36aa1,MC,7832dd1e-6707-404a-aeb2-eaad03a60686
ec949933-3f88-4c37-8d29-8f8ced27bdbf,MC,24137812-675c-4b77-96ba-2dce5980e916
a48b7604-455c-42a9-8381-652760a6f705,PayPal,eac5c7fa-597b-47ab-b5b2-4a429d6d55b5
71266ce1-3fa0-445b-ac08-6e3ae11f1660,VISA,125252f2-8a33-4434-89df-0c445984bfb3
2ff56a33-bb2f-4250-b4ee-26d9910e6d1d,AmEx,6b98d1ce-e2a7-493b-a5c4-3c9572d0485f
f23833c1-865e-4637-ae9f-59d3b8ab3d3c,VISA,5347ee9e-6c58-4a2c-b4ae-cf91b9f282e3
8b3caaf3-e3b7-4f0f-bdca-ac8d7eaaa677,MC,d52b92b6-e5c4-4a3a-8c06-9441d5aa6994
049972f7-dcd3-4412-88ca-dd2619397c90,MC,f840d1c1-8165-493a-be79-2896345a49d2
00ea6a72-a240-430c-94fc-7761b4284336,PayPal,607c06a0-8d8c-4a3d-801f-9402fcf9c7e4
d4e5d561-301e-4384-8ebd-702afd3a5d8f,MC,4abd4a69-6d12-4044-84fa-bf61c48077c8
a26c7df0-885a-444f-b8c5-e77628f5607e,MC,a93f9faf-7b90-43a9-a988-0b17aacc6ac4
d02e6378-654d-4b8f-9ea0-2a1a764cf61e,MC,ede4a839-e46c-4c70-b59b-7b48f1dda9de
3952921a-49d5-4069-9038-ec97a3724587,AmEx,5c19e6e2-1182-4898-9ec4-4298cbcbd4f9
fe18332c-1226-428c-af0a-51159920b085,VISA,7745bb88-e8c2-491a-8c2f-385e49fcee82
32600cba-244b-4533-ad9d-5d390e14cb48,VISA,a0b3e401-8759-4734-8dab-ae087be181f9
efc02d26-4c8d-4389-b45a-74f1e7809710,AmEx,85f14ead-47d0-4921-8997-119b6c8f9d7b
222cc2d3-013b-4ea6-890b-50e304c9201d,MC,3ba0a259-15d3-4e4d-96e1-3b8be3ce2a1f
9c90bcd9-0d4d-464f-a66a-1ab394cba421,PayPal,5a42f686-2b2c-4469-99ae-39dee104c285
d19d932b-e418-4c04-a90e-0d4f4f97c50f,VISA,9407d70f-5451-47ed-8ed2-04434d9912fe
c1509d15-0f6f-489d-b600-787ee37dbdf1,VISA,fcdda54b-77d8-4de4-8916-24f691d30825
b708679d-fe12-49c5-8476-2dd022c01d0e,Discover,63a9ac90-7a69-46e0-963f-4dd4c3cb9143
990815e6-2c2e-4455-8345-714a9b68554b,MC,2b0ab317-0e2d-4f60-8558-2a0148b6f519
5a1a9a67-167b-41aa-b994-452a0d34dcf2,Discover,39040586-317c-4e3a-9e45-64750717bba7
ecd724d9-dd68-4b86-96b0-0f4aeb014f87,MC,e44fe4d4-1f36-4735-8508-5d87cd1d330a
9019e78a-6877-4d6f-aed7-05edd5991f0c,AmEx,1e1dee2e-aa7f-46af-89fd-b2dac9b53c01
cbf6f470-3afd-4055-8c1f-a5cf34fe718d,Discover,e70ed64a-f1af-4a94-9da6-3e9af7a02efd
d00e95bf-7f86-4e03-850f-d607365ccfde,VISA,c289ba47-e491-4b3c-8823-a179a2851e72
d3dca4ea-7f71-4890-a14f-98b810530f50,VISA,b817891c-73dd-4064-8e6d-595234b047f0
813573d5-58f1-4405-b3f7-243824cdd578,MC,24f516e9-f5e2-495f-86e0-663b97c17f6f
0d453faa-4742-438d-94b2-bed2f4789fd5,MC,5b4bdf68-179c-4fd7-b581-1e225f1436a3
45c37faa-2c06-4af9-a592-b70781b58629,Discover,02016180-9857-41c8-96cc-79e33a5c754f
8f513e50-7b25-45e3-91cc-60c4db2b781e,VISA,441258c8-425e-4e67-8c94-90be926654d7
b2973f2f-eea3-42ff-a928-29f0408ebb0c,AmEx,2bdf0781-b87b-41d0-b469-3bdfd72e90e7
58660668-a2a0-447f-a53f-5af50ee955c0,AmEx,64deaf0a-3216-4cc3-9e7f-c1908bf51281
ae249275-e386-44a2-9bd2-86a66a1f3947,VISA,3ed4fca6-0aba-4d8d-a0b2-0cf9b49f707a
a10141bd-d557-44a2-977f-d09badb6fb82,MC,598bc26a-7373-4cae-888c-e885149a3fd7
5dba7068-9c0c-4f47-80ec-8ad11b4064e1,AmEx,ad542232-2afa-45b2-b5df-012fadf556bf
ebbce089-16dd-47f7-8d80-69e16429ff5c,AmEx,9b99959c-e1dc-4088-98fa-cbd91335e143
b79ff2eb-9721-4523-b3b5-921c9e07a724,Discover,13f69861-dc78-4a1c-be75-96b1e0921299
9c914ecd-0d4d-4f3e-8ad9-e9614a882509,AmEx,11297f48-5b54-4ebe-90f1-cdb6e91972f9
788f96d5-7e1b-4b81-a3f5-1a2b0847ac98,MC,5aadf83b-e18a-4c09-8c92-d0e17a3d3da2
1bc2c6bd-2980-4f4b-a32c-ddf710b2bb9e,MC,d2527ce6-ad0c-4a4c-a0ee-97f58c0061e4
58295c0c-a509-4faf-bd20-6a214181af2d,MC,5ad26f53-c447-407a-a33e-ae6d8d4393e5
6b02122a-478e-4a17-bbfa-e3edf87723b1,MC,d85bb554-0355-4116-bd30-9fc079ab5d8a
7b1dbca2-ff6b-4184-888e-ceaa1cef3ad9,PayPal,d9bb1be6-6f5c-4f4a-83ca-7f4b2fbbbaa6
2adc3567-a7bd-4cab-91db-124f3a91e967,Discover,70f5e725-e62a-4cb5-bc0a-913f02fd603f
9f40f00a-495c-4849-9a39-35d2b402a119,MC,e9bfadb7-256d-4c2b-a70c-db54a3cb507f
86277ce2-2860-49e5-9639-5707cfd89a61,VISA,5c45a3ac-338a-4c76-8724-41776736dca1
16278c1c-e99a-44f6-a4e9-23acf1571ee8,VISA,655bc170-d14c-416e-bfbf-8a46c28e8bed
d3b3cd9d-7257-4879-babb-e0ba6eaeee77,VISA,9ffe9aeb-b47d-4996-abe6-a365a2492206
b82b579f-95bc-4c90-9924-0c74c30880d7,VISA,99260ae2-09d0-4c7d-8eca-bc7e1bff596b
a28e1f48-1999-4522-9f40-2395750dd39d,VISA,c545c4d4-582f-447f-b63f-f874bbb4dbc8
0014c741-9ff3-46b4-abba-a6fa35572e13,MC,a0feab0b-4d5f-4f06-93b7-206eda81cb4d
b56d93e0-32e9-4e15-a456-f3e481f11133,AmEx,2657a253-fac8-4b02-a449-17780b94a81a
b7cce25e-c71e-4866-a12a-aa475321243e,VISA,84bf47e0-fee3-4dc4-9e66-022d622ccced
7231ccea-f2cd-4a66-9e80-5de91ffd4259,AmEx,399cd989-8d47-4301-ab16-bfce651a94b6
8a63b8e2-4b88-47b7-85e5-fde3df15c6f3,VISA,7d4bc4a0-4e53-48df-aec7-a9f6032ac701
9cfade23-5fa6-4980-9aca-a7577a54c658,PayPal,da7a78c4-1f41-4014-99e1-f08fce4a3080
c2118095-1c35-4c2e-bedb-65fe22b5af9b,AmEx,4c439c7f-fdc1-42ee-b8b7-1c161d187ba0
5fa25337-39b5-4ea5-ada0-35f78037c75d,AmEx,181333bf-7afc-4f69-ba34-045655db32c2
d08e58db-bd57-4970-b381-fe7b8f956c33,VISA,491180bc-4aa2-422b-8596-1d5ea1a710bf
d65ff81c-974d-45bf-bf28-d6a35114bfc0,MC,29ee0197-8e8a-4c90-ac09-920b9748a627
e5931b95-90b8-409d-a172-b7878cac2f8c,MC,d6e5f741-f67c-4325-83b7-8ea25177a0fb
139459a1-0eb0-433b-8773-878c48e4dc2b,VISA,2e7205aa-7591-4d58-8189-98dba8afc345
79fd3573-8df9-4a8e-8324-6a0d55e75a6c,MC,cd74425f-8152-4f11-a338-9681aee570a1
abaf58d9-cb12-4595-8027-7b9b4aee42cb,MC,f659dbf6-a648-4fc0-b7b8-da8be5a800fa
360a2e3a-ddf1-4980-87b8-c0e6a1674235,VISA,6af03672-2eb8-488c-b8f0-74546beaf5e1
c10d69d8-a29a-4c31-b3d6-274b5ab9de5b,VISA,ef908100-c711-4338-976d-dd2fc5300a24
e4a81312-20d9-435e-ac36-60c190d73812,VISA,0f6a4def-bb86-41ef-8d9f-1d0533f4f019
b4a57fdd-e775-472d-8d25-f33b17da69f2,MC,e6a3f339-e667-4fcf-8584-a18cdfecdf6a
dbe9ef93-fe8b-4d36-91b6-289cd53db5b9,MC,efc9688d-42f7-4609-9829-bf732cfd11f5
31e46e8b-cddb-4932-9cf4-a9468d359447,PayPal,f3fd3dd3-139d-4fa1-beae-ff9cbd203ca1
a0d70446-97d5-4dd7-a003-a074e51613e4,MC,8fa59b5d-6ea3-4556-89de-e3a9861e990b
b1aed70e-93de-4156-9545-1acd066f0a59,VISA,30bffcf1-8f82-4b2d-86a5-34b84ba3a8b5
6f9bd56a-2b96-49fb-9252-754de8fd8cd7,AmEx,24d0432d-4aec-431e-a9b1-a1e63919276b
a6caac4a-be3a-44c6-afe8-8d45115e51a4,AmEx,cba19d5a-46cb-4d3f-9d58-164633217443
1fa21da9-ae21-4c21-9c01-ec91108d5b98,AmEx,d34bd672-f88f-44ec-9c2d-801dc559d399
6c65eed2-6e8b-478d-955a-1db6e322f1a6,VISA,b6561f35-778a-4d5a-96a3-12f719f40ef9
6129e78d-cb05-48ed-b2a0-dfebf1bdf6b2,PayPal,40167ef0-c68d-402f-b3d7-ffca3cb96d75
0ce71126-1c2b-4b14-b0de-2bba9c9d53e3,VISA,df6c9524-8626-4c59-b816-f341bcb76f23
0c728ef4-bc29-4215-ab85-7a84c0537f53,VISA,a86af9e5-3512-4c54-b124-8de062ac4350
4eb74a49-64c4-46bc-bfb3-0f9a4a70ad58,VISA,3f02540b-4d53-4e82-90db-b5c45cec5f00
199d03af-6c64-4bf2-82c9-8abd5c48402d,MC,44e5ef9d-b850-40c8-a813-8d6e80c33c85
5d545b96-8e89-489f-b70a-181f065ffcf7,PayPal,d711dd61-fe12-4799-8f65-647cd03b1fa3
559511a6-468c-4f6e-bb6d-ab1acb1fd113,VISA,f788589d-1faa-4ec8-881b-5fa3b2e20c65
d4c5e06d-7514-4ee6-a88f-a2b766a69f5b,VISA,931d5fe0-5514-4f47-88b9-4fa753020d87
a0209050-4e4d-4418-9d88-cb1e60758685,VISA,382a8e1e-8acf-42a7-b6c7-bcb5e4f3a544
d29757e9-b706-4078-ba78-bc7dfb53a2fb,PayPal,d6977ea5-383b-491c-bbe7-c1c8d025698a
345222a5-9954-4cbf-b76d-84b29ada4602,AmEx,203dd538-807d-44e0-a185-ee3257d31c3e
68667c8c-1081-4cea-8f59-0fea5169f3e1,Discover,445a2e92-f89f-4ef4-b837-acb718284d5f
a4d624bb-af68-4b3d-bc03-912ef093b09c,VISA,a84b93bf-2805-4cf4-838a-c54739b70790
cae8e475-f463-452e-8cbf-d3369928e734,VISA,330f1527-d412-4f0d-8263-1efa6806e362
68405d86-5f5b-498d-8985-660c63ff11a8,AmEx,76708d67-332e-4c58-bbf3-1e96ded50ca7
f8e66ad7-5a60-43ef-8c28-336c32270852,Discover,630d8a26-d45b-49f0-9c01-dcdf2da043dc
be388cbd-2832-4e75-8262-e13aacf3695a,PayPal,fcf17139-c79e-42a5-8322-9e747e1cf031
a11dbc45-7307-4aee-acc0-cf10cfecdd26,PayPal,a1e32d9a-2058-476e-a1d0-a82d072b357a
e7ff88f2-7260-46a3-84ef-1f571d27e44f,AmEx,2213c25c-5549-42e4-92c4-4d8a11ca1304
69c91d27-86ad-4bab-8beb-279313f5cf8d,VISA,4b19b156-47aa-4569-a9fe-9af6f9026521
d946192a-fb61-404d-96c1-f9e055554ddc,MC,7592f3f7-e0f7-4e7f-bf28-f6ed3687d3e9
2ccc2486-ce69-4f57-8987-fc142d09bfdc,MC,4a671032-3c7e-44e2-bb4a-9f6e08542289
08edf44a-f921-4189-a809-2b1849995747,VISA,bf68abb7-8f47-40db-91c7-a00ab7288c5f
03494dfa-2636-480a-91ce-0c8067ceecae,AmEx,8010ff14-c024-442f-90ea-dfd623e741b5
fc7bf3a5-943e-4d73-a6a8-b251882fcbc6,MC,b716f3ec-be0d-418b-8505-f0f81648896a
2b19f5a8-c267-44f3-8cf1-58c591175ed6,VISA,6347feb0-5248-4687-bd74-29e2059f2d52
4ff745be-2f36-4887-bca4-a1d11c4b7304,MC,2dda3bee-6111-464d-97cc-a52eaadf909c
7063b416-5dff-40e7-8c2a-e980ff321408,VISA,9546387d-b043-41c5-8da0-80973673cf4e
398882f2-ff82-45ae-b9d4-7d3187fc55d0,MC,6aec17f1-68cd-4545-9308-7f79b5aeb10b
98836d99-a991-4266-a802-f8e133b44cd1,VISA,49544304-1157-4fcf-a4dc-1e5d7f6e6393
45d3f4ce-e400-4110-87b5-c028664d4423,MC,002dc27b-1ab0-4057-9cf0-abb886899856
4afa4fc6-2ac9-4c2b-bc05-a21da9aaa6f4,Discover,bd2c4252-0dc8-41bb-92bb-03b5492e9686
9b2ccf39-574b-4e9d-8789-80ee557da572,VISA,5dc24ff1-7b56-4308-9838-848d90589a53
477d217a-d99c-4568-a1c7-7fa93cf05515,PayPal,5536a6e6-b9b8-4db4-ae6d-d4903bd28cf3
71aaa2d0-c440-4679-9aa2-2bec10a0f2d8,VISA,21415620-5b4b-4b5e-97c4-103de1190229
f946cc7b-8478-4bee-9e2a-1981d0a99825,VISA,574fda48-18ce-4703-9875-1bc3bdd4921f
3855e92d-3f99-42ca-80a6-22e73bc3a22d,PayPal,22cd48a2-6fa9-4659-8270-b915604d5e16
e458d97a-e678-41ce-868f-03bd5957cf87,VISA,d4a5313a-e863-4caa-bc2e-9530a196c544
891d2102-2b06-4f9f-aeab-8e9a75a00bef,AmEx,1de0a532-a692-45cd-aba5-ab38ded8b43b
521abce3-afb5-47f3-9eab-e672e715a813,VISA,78368e7a-b57e-47a9-b66f-ba7a9af742b5
03714326-ed83-45e5-8963-8fd638121baa,MC,2aa8a237-83a5-47b1-b9bb-f5bced7076be
1870d72c-79f1-433f-a5fd-efc7be4ad86c,AmEx,ac559ba2-4bcf-41b8-8f84-4ebde54c2215
f9cca82c-855c-4a8a-a3d1-2b8b14f208f7,VISA,3547f7ca-7a1e-4455-be11-95cbf82e92f5
ce89b4e6-3b41-45e1-baaa-dd809226bf9d,VISA,7e8a1fdf-d6ba-4507-afde-1c0897c9db54
0365baf1-2953-4237-99b7-ad9ff7b8a9c0,PayPal,b319f415-2991-4b83-a6b4-d06aaf8e6c5a
2f10e189-2b47-44f4-b6f7-bd2f8c4ec20d,MC,111a5d71-c04b-41a3-8316-eacf54b4efcb
639873d9-05ba-4b0b-977b-aab623b1a517,MC,c8c17ca1-fe7b-4d6b-89e6-ae542ac9f7a5
2c845c91-533b-4727-aaba-da0fa3620370,Discover,d2f47990-7d49-4914-a3f6-8722f3bdada6
eee75862-51cd-4e59-83c4-195b94bfefec,Discover,1df4809c-3690-4469-b706-d0458d95192c
d1461f39-561e-4db6-9846-9d7b1837a43c,Discover,26ba96ac-1fb0-481f-b8b0-83492965cef7
cfedd039-e8e0-4c8c-a349-b875b63c8b3a,VISA,3fac4d73-03f4-4059-be0e-6464db7bb121
db6fc9cf-9e08-4c6c-8998-7a2da1bc7355,PayPal,18873ccf-2072-4077-865e-8f2c1ae4a42c
29b2b5b3-6624-4cf0-8c07-a728558ef90b,MC,2c115803-fd4a-45d8-8bb8-55ca932391c5
6c4d988c-0d85-45d4-8879-3401a4aa4bab,VISA,9aba2f4a-64d6-432a-9694-fbbad22fee7b
068c62e2-3209-4f6c-886f-791a55ae6dee,AmEx,fa7f673d-9a1d-4825-9936-39703bcd8080
ca08da19-1a40-45d9-832c-d98d4a499c16,PayPal,364281a0-8136-484a-b24f-a7f3a5887e30
65055644-ca6a-4cc0-8f9d-d4fc2c626f77,PayPal,2c2aefa3-2aeb-4016-9485-75f24dd37d94
04043e50-cd6c-49ea-a352-61981560960e,VISA,fb580f31-12dc-402a-91d1-77300c8a4678
8695cba9-a030-494a-8348-5ce79e86ef58,MC,2273dc6e-bc71-4684-9e8a-de41919fee8a
4e0ca46e-f079-4e93-b85c-354851b882f1,AmEx,85235b54-613e-48f2-8af6-ecb03229ba8c
fe1bd04e-f671-4178-afb0-945ef7adc783,Discover,4501210a-c9fe-4902-bf6b-d5ef6fea2479
b47e661c-06d2-4575-a02e-9687bdd7a3f8,VISA,23a3cb5f-bbfb-43a6-a467-cf6ad11d2b56
e830a8d2-fcce-4f54-a1e3-b91f194b332f,VISA,a51447d4-228f-4161-8bbe-70bfd07c19f4
e78958cc-e727-42de-a9fc-0400b04ef699,VISA,5abeca1f-f2a3-48e3-a9a5-57249f0bf95c
f2b33deb-c71d-4538-b59f-b8dc02bc46d5,MC,4068f9d3-48ba-4579-b8cd-ef480ac76940
1a9e978e-780f-4705-b40c-2490f856338b,MC,e8cc563d-df94-44d1-ac13-dc6b9a065284
9fb5bdc9-5caa-4129-ae4d-7cb73aaa56ce,PayPal,ed69bef1-626d-4c41-9ca9-33023b837941
1ceda0a7-b970-49d4-b810-57eed7195d17,AmEx,afe27eb0-795c-4c64-9314-d628535cfc1a
81dc1499-9009-4e3b-9e65-8a905637b76c,MC,54836f01-8add-40d2-8cbb-f40a3b92d4d0
99fc23e1-d36a-48a4-ad4c-e55d93f794b2,VISA,c5193f55-63b1-48ff-ac59-716abf8460c9
3204f140-30d9-46f9-9502-7f41210bcae7,VISA,8feb0d63-0ed1-4ace-856f-4b5ec71b140d
7f9636b8-907d-4cd7-85ae-2c09c2b4cc5b,VISA,a0b8a7fa-99e5-47d6-97da-e1dd300eb73f
1bf94f64-ed40-4c48-b131-05788aabd36f,VISA,5df21da3-68a2-4a5b-ab53-7febafe46703
eeae68a8-4d2b-4630-a31a-7fea7e7d6a4b,AmEx,d741fc4a-3ea6-4411-9999-44b4c9667d64
80410b7e-3cae-46dd-a426-a63649034d44,PayPal,f2258560-6ee8-4860-8322-9c24dd898cda
38426b7a-badc-4aab-a6e6-8b160fa39f6b,Discover,19a085c0-7523-46de-99b1-63b3b5b4449b
0ad276f8-4e57-4dd0-85f8-ec55c410b7b8,AmEx,cc358ae8-4fbe-4487-8623-9c8b8904a93f
aa0a7998-d259-4df5-ae20-eb0f6f11bee0,VISA,90dde7f2-ad83-48c4-8b87-41b34d423ee2
2bca98a7-8b34-4131-a31c-e9cea768266b,VISA,bab66a03-439b-407b-b6aa-10e2e0b52c7c
9d1de455-fd82-4aa9-be8a-d3b9b97a9a81,AmEx,118eee64-9e14-4244-8215-65fc17f12155
83cb345b-f301-4bdf-9f30-87fa78c2c30d,VISA,978ae7bd-2c90-493e-9f9a-de688b722fd4
297c3b52-51a6-4a2b-9d25-a5b9345f0c20,PayPal,32aae912-c9e7-4751-956d-f9494dd463a7
23655d6d-f110-47d5-9868-1a42fab8ae4d,MC,1c877d9a-3b49-431b-b032-78c39017c5b0
c50c97db-b3ed-4101-9071-ddcc377d4373,VISA,7de50f66-df09-4ffc-beaf-8c3ed369b23a
1cea3bec-0989-46c7-a62b-a02d1d5e5001,MC,3e15912f-82e4-4b28-a7d7-95f4e7bb31ff
a2f07c76-740f-4ce7-9c60-6907ac65d103,VISA,f6c7137d-8d76-4df5-9509-697244231a48
0928135e-05ec-48dc-bbc5-91305def5ab4,MC,2338c7e0-679c-40eb-91db-f62b03464497
4b42abdb-b0b7-4472-a97f-d67685334e46,AmEx,793ec3cc-b05b-443b-af62-abebe9e4296d
c3195672-2f2b-4587-85b0-7b1f32f2567c,MC,5d10579e-39b4-45c5-82dd-cc7e6e93e2f0
af7c6a67-ce33-4bff-b0f7-be14b3377f56,AmEx,c34ac7b2-bc30-45b4-9b3e-cb34585ac326
cb4d104a-b4df-4b60-92d7-bade885b7d67,Discover,3a4f9f1d-68fd-4e7c-8046-2a34252434d0
0b5fa688-8bdb-416b-aa9c-0cac90114b53,AmEx,34ae6cc2-402a-4bc5-985c-d83185d6644a
63c7d3a7-3d5a-4693-b61a-493c94a5d9fe,VISA,93bd2eec-b2bd-467f-aa4e-9b62b8690c96
2ce3a467-21d6-4338-8bef-6230543c8d1b,Discover,9cd44cfc-0cb7-4163-a6b6-85b63da5ddfd
cf76ba66-3e0d-4cf5-ad30-3e500d2e4b3b,MC,0fac7314-c26f-4ec6-9bb7-3341a018ce28
3568ee0b-ac50-4c30-a29f-eff06afdfc7c,MC,cd125840-5fc0-49f8-bd21-8c900617cb15
dd69c07f-6f8f-4ece-a4cd-e276218c6e19,VISA,def18ed7-3e1f-46f4-a052-040c3f0abb15
37c479d0-a72f-435d-a333-767c91a80faf,AmEx,411267d1-9bd2-4193-8e47-1d6a36251ffc
216c2f62-e72e-43c6-8d4d-53d28473e9b8,PayPal,0933f75a-0604-4d2e-a164-c08fd501fcbc
18b7cf6c-c418-40af-9065-589732f6936c,MC,9d4d2551-cbf5-41a2-920c-ad81933cf248
9cda6ff4-f750-4182-9d22-e2429e753569,AmEx,10a1405d-58ba-4128-ba05-0410ee9612f8
3610a631-cf2a-4c99-a312-1df67b588d3f,PayPal,a5d3aa87-ced6-4533-a40d-71ea1ace7d1d
46b57bbe-b4bf-4f3e-b528-fd04d510aa31,VISA,f0e4b27c-1ca9-47d4-9b05-e85bb12fb88e
eb52d42f-0e81-457e-9143-39de35b596af,VISA,ef3780c0-3311-4c40-bc28-0e4de5079b65
550ecc68-4f8c-497d-8ef8-30dc475277d7,VISA,e4e251e1-256e-490b-ab69-acbaa3123303
76ab23bf-aada-474d-965a-f7d4f55bcd8f,MC,4b7256cb-2150-42ae-b988-1d895196c98a
9ed2f2a6-7eab-4ac6-b8b6-45feb81dabff,AmEx,67c97da5-44ac-4088-8ad2-7f1a7b2fe98d
e43832de-c283-41fb-bfbf-cece460445ba,VISA,2103f26f-856b-4c15-b6d5-b35c8ece6a43
ece464b1-9dc3-4891-9fc1-dbe7ae800630,MC,cececb09-3752-4a42-9538-2dc8cc442a71
6622a1cc-8f37-4a84-a7d3-2fb442418305,MC,6ca1fd76-b0b2-49ad-816b-aa2326c40c7d
ccb3e82c-fd2a-4093-897b-cd98e856a031,VISA,c3989460-689d-4e7f-bb44-3f8bb383380d
f9cfad0b-4407-403b-9965-e6e7329f0104,VISA,37c27834-691d-47c5-9840-287675f52438
e1b949fd-57f5-4259-b4f3-5db3a6931b5e,MC,e2215d43-d027-45b5-984b-8f4fdd541de2
ff63ac90-fb13-4d35-8194-1fc6fe6893fe,AmEx,4befba65-a171-4b93-853d-7ca71feb3557
6269b7b4-6f0c-49e4-84f3-29c7be744ad5,VISA,b82c8b9d-a949-4348-9663-e5dbf607c17d
906fde7d-d9c0-41cd-836e-f95c23f3e20a,AmEx,8f0daa31-921a-4425-9166-1dbfd9b08c29
75ff7310-1a4a-453a-b68a-63b362873862,AmEx,f8e9ad86-bbfc-44e0-adf3-16aed9eeb3f3
13453d2c-c3e1-41a5-9fcb-bf78f010ca99,VISA,1d51c729-f437-405b-8549-75858db64788
392b9acd-0e47-452a-a8ce-15ad33922f53,Discover,adb52c3e-0e4e-44f5-bd81-1a3a37a2e4b5
362bd5e5-b39b-43d3-9177-4f7fd7cb7df1,VISA,1fc36b19-cab7-4840-971c-a8dc261c84dc
fae512ab-e85b-47ad-bd59-5adacf16f04e,MC,183a9b06-8b54-4b24-b12c-1f36e44d65b0
02ff5a32-52be-415d-92b4-0602d44e0a71,VISA,fd4939a3-27be-44d0-8cb9-b74b5e30ed97
91e7c898-69d2-438a-af16-9e0d35f364e1,VISA,b9c64520-b23f-4799-bd2b-4460f37e8b2b
7da1b4f6-8869-426d-9b87-64bd8898109c,AmEx,3aa957a6-9da1-4a8d-8b69-b4868729fe4e
8b70d56c-788b-476a-9f4b-caf7047996f6,AmEx,4a5a672c-f3ce-41ac-8fa8-c2d9e841cac2
27cf0a4f-1ffb-4a4b-8137-2d0bc9ff004d,MC,24cb9f21-d87b-4eea-b7f2-69071def1407
44c5b42a-0374-46a2-a350-91cd75a8bc60,AmEx,0a2b937f-ce5a-461f-a31f-f2bdbf41b685
03a21b40-39d9-4e0d-b7aa-aac4ae3c331c,VISA,c90b1dd7-d40a-4318-a603-32386b96b7a0
c2720b46-205f-4015-93c5-18c63e2c1b34,PayPal,9d8192a6-9b68-4851-ac7d-983214cfc6cd
a94c9480-6d08-4796-adcd-6ab9efe00c76,MC,3f694ed9-4286-444d-9777-e6e19bbdacc5
28563c86-3005-46ae-91a0-931a618b1bdb,MC,cbb6c63e-92ca-42f2-b56b-d34c36176c02
70fead88-2eea-4b52-b62e-a53fd19f2aeb,VISA,b1098493-b9d7-4665-9dbf-7d05165da67c
b69a2c09-d6b1-45c8-86d9-76eaf6444510,MC,e206870c-f5ee-4a27-acde-dc82701c5b86
bb445a6b-bbf1-45d3-8f94-0af9d6dc75fc,PayPal,4421e388-f42a-49af-b6f4-001584543a65
629841be-6c02-4718-bbba-56db0c4945b1,VISA,99acaaf8-d2e6-402b-9651-1fe9aae32b6b
8811399e-48d0-4db7-b6a0-5c2fbed094e5,VISA,a699dda5-65e2-4902-b48f-4c704489f13c
9cab6b30-31fe-4847-a2d7-acf12c13e4be,VISA,a05d3976-78b4-42e9-b20a-c6d22b0bdd0e
baff09b7-5a2a-4828-b275-6c84c2df0613,VISA,ab134465-d5cc-4e4c-8961-f58d8da10991
35c8d9c2-9c06-421d-91bb-d0e1fde8c834,VISA,0fb58983-be02-4f11-a0df-40a5990fbdbe
a5f8087a-bda2-43b3-a6a1-67d5d82d80e6,PayPal,b6988c28-a1af-4385-b02f-e5fc3eb16289
48ab08f0-4a71-4042-b5da-6c1244fab645,VISA,940990f7-66b4-4bb7-9f42-165ea4152836
9097f607-677c-4c41-a3ea-5c567c096d11,VISA,f69c24a6-1967-4a20-99de-1082efe66276
b4e343ae-ecbe-4556-8f47-a8aa9e8c2d7b,VISA,3e5cf8bb-d2a3-4aab-a6fc-40451b8db2be
696b94a1-b7c4-4857-a647-f478fc50bc75,VISA,f99bce08-6fa2-4ff8-875d-16d0cd40448a
eeeb13fc-d022-452f-a3ad-24dca89244ac,VISA,f36f8ac3-5c9d-4e3b-bbbc-e61fdba99774
5d7b6a61-88e4-4112-976a-e33a6c7c6ec1,AmEx,5e4e3bd7-85bd-4269-97da-95a21ff47127
ea9866cd-0398-440f-b627-1ee931066b73,MC,f3cc2e78-2fdf-49f9-adc4-86ebe70f8cf6
a9a24db8-9d4d-4b72-951f-f5798f1c5f44,MC,fc4c0d71-d307-486d-9b89-12c1f28e2730
7b066d70-99b1-4c80-8ed9-d65b719010f8,Discover,1558e2e8-89f5-45bf-bfbb-4d2f74a71e54
952c66fb-bf9f-4316-89bc-50e48b198cd5,VISA,94a2453a-bab9-4cb3-8fa3-0a51c7e1d98e
ef69f12d-6575-4453-be4a-b6c68af75fe3,AmEx,727dae19-ffd4-46e6-85b8-241eb74e36b8
1208326f-00ba-4bb0-bac1-d1fefa9e53c5,MC,b27d3318-0495-4c7d-9adc-90a0050c5d27
b7c64cb5-c704-43fe-9566-a502975f6beb,Discover,3b754845-3aa4-47f8-b8d3-7779559d1ea2
f84eba28-6b7b-4e98-9903-ec5b1045c3f1,VISA,e94a1e84-9b7e-4645-9468-2d158b4123d8
4b2f4d0a-75ca-417a-a753-70071b31f1ee,PayPal,2c3644a4-922f-41fc-9297-9045647c1a6f
3bb05597-f379-4cc5-ada1-23110f6a5d42,VISA,9b0a877c-bc8c-4b09-8889-ce1f5b323edf
240854a1-98a5-4019-b1e3-b6b26fa45393,AmEx,2d5ff103-d59f-45ae-9632-a0d51c065ecd
0fa8cced-7ff9-4f8b-9ca9-3a196ca686a2,PayPal,3c88dfd8-0038-4251-a845-9e1fa704b3c9
f58d0297-e435-4b78-98fa-f82a8c2ea560,AmEx,fbb70ed7-1fdc-47d7-996f-c29e2fffda62
6321ca3a-b8d4-4e4a-951f-5746e1033e9d,PayPal,954cd477-5e0f-44b1-872e-39155abdc0a1
60047700-0849-4c98-9cb2-4cd521f5958c,VISA,bc7483a8-291c-4788-ad78-4d7ebb0d84e8
e0b4f514-2972-4e8d-895a-164da9899cab,VISA,4883d49d-55ea-4c04-92f2-8f61ba05b6f3
c117efe7-72fc-4563-aee9-e6158aafbd4c,MC,89662fd0-3804-45c6-9d2b-6e329842d72f
2177a12b-900a-46a2-9bae-303844549265,VISA,9156cf34-bc2e-48d5-92e9-0c1a53f7d9ae
7df95b8c-fc5b-49ee-add0-6e838a7b78c6,VISA,04ec74d9-6b46-4b13-9a0c-54f855faa761
3d3b8308-34d7-4054-9b94-64b4690dc4b8,VISA,6f82da02-b71b-4ee3-8bae-8cd0a1e3c9b7
d7b96cae-2be1-418f-952f-89bdc1ace564,VISA,d3a7f6a6-5670-41c1-993b-b22e4707bea0
5da49dd1-410c-4d0a-9450-3781df42903b,AmEx,e44cc346-0563-453b-917b-cd1e56a1fad2
83c72b14-e95d-4d2a-a9d0-79fdba1fe10c,VISA,41844c6b-deba-4172-aad0-5ec56b9fbdaa
1d41cb65-e493-4ccd-9562-3184ea8575a4,AmEx,885e9b9d-80c4-492d-8edc-68312624a07a
d99def83-922b-43a0-a01b-6a55f018f621,PayPal,17c6e3e4-e7af-4799-a847-5ca99df06bd3
3ad38f7e-5c72-46c5-bb9d-36eb0ca19449,AmEx,44ce3e2a-cedf-4cef-a9a4-4df1907c68d7
f1ae50d8-ec5c-4133-b9ce-0d1c77518314,VISA,4258300a-2f78-4da4-b3c5-670c1c482b07
640ee02e-aca3-47ca-a5f5-e47769022f7a,MC,97f63ae3-c716-4f22-bd72-46bd9006e129
b7878f4c-652b-408a-a819-a45f81ffe61a,AmEx,b6e88222-8e8f-4bd7-aac6-4b41f298b77e
47db7145-0b88-442e-8130-c586a6ae5ae1,VISA,779158f2-c735-4b2b-b57e-b4bed602c70c
b9386c7f-996e-4bb4-86c3-34cf2dcee229,PayPal,200171c8-56ea-42ca-92d7-2e58c9dbf8de
cbd82df4-2a59-488c-9a3a-1f6b880ff42e,PayPal,e2942591-4374-4447-a3e5-aa808d4237a3
6ace6f3c-722d-47f1-aaea-34ded2f98c74,VISA,85430519-af88-440b-b344-a82d69edaf7b
d8753820-8c41-48a0-b749-d3823ba4e1bd,MC,f8e0cc23-8804-47cb-b7ab-c03c8adde76f
e4d81193-ad79-466a-b4e7-c89b4c67c331,MC,14352ca6-4d54-4c21-bf96-1b537583aa9f
fca170c9-99a3-44bd-9909-f0a0a3d9516c,Discover,76251ffa-b364-4d0d-988f-f3c01351b5cf
3c891c27-5947-4541-b68d-4d9297c30b08,MC,fea60547-cee7-4420-99cc-178f5b2d49f5
6966826a-cd36-44c4-9066-044b95034df9,PayPal,2bca88a4-8018-4dc3-a523-f70b1f6c9678
9b948028-1ff9-4806-b64d-53a7cb8bb73a,VISA,af19b520-c2c5-472e-a3c9-cf7e4ea1279f
96f61c0a-6c5d-4160-8308-5c73036537df,MC,d08f07d9-08b0-4529-99c1-23596038cb9b
ba2b94ee-998a-4492-86c0-f71342342547,VISA,402bc7a7-bc07-421a-962d-c59518fb1cce
7c1fe721-e15f-4f13-ba93-0a952ba7a6e5,VISA,39768a33-fc2a-4060-a329-409ee8a0d14e
0dba5505-7bdd-45fc-aded-888fe8eb5bd7,AmEx,da5722d8-7fb4-4125-8c22-6d9078f88624
082e2223-6078-431a-ac79-f0cc8ad93900,Discover,f0c9a6c9-7dc3-42b5-9b01-e5da0347c4b1
a805b553-9608-433d-9533-81bb02c2e8ec,PayPal,70c25046-3e38-4892-9417-572364002bdc
d3dc2cda-69cf-4f47-b97d-b4fe576ccafb,Discover,2dc8eacd-dfbc-40fc-bfdf-eec4168bc3d4
3157ab2b-4f40-426a-b860-5d6eeacd5d39,VISA,37aa3f27-90cb-4fc0-aedd-94f67f07aa09
c08baea4-a2fc-4737-9970-a7062efc3730,AmEx,a3f1b532-a1eb-4de6-a978-b715f1c39854
367b6937-b297-4f23-8230-0b3416f34b62,VISA,3dd3734b-c5f2-490a-834e-a8a46272461e
74939454-f10a-4a5d-91ed-2d1baf6e51d9,MC,c4c13c40-5ba5-4b0b-b30f-2bd30a58c913
a2a32c4d-b41d-4e4f-9fb8-0f70dc092b58,AmEx,2ca55e67-4acd-494b-97fa-a5295cca3201
bbc21cac-6f79-4c46-8ae8-e4e992ff225a,MC,7d6e03d5-2ec6-4eb0-ae48-ab6ab42f309b
928f65a8-856c-4d73-bf7a-b5585d2e7767,PayPal,05c2b4a5-f426-4aa8-b852-713130fb3dac
9ef2cd96-4937-4d89-a985-9786bae95cd4,PayPal,e13f06d5-34db-4758-b940-1655ae55ea3f
bde08571-3329-4894-b36f-c0889468d889,VISA,f5f629cd-bf2e-4d87-8b68-8aaa19944295
cc612c2e-c02b-49c9-9627-226ecc9bf17f,Discover,56cf9d65-338e-4256-b14d-36fd22757f4f
dbb50336-36ab-4da5-9327-f45207c126f6,MC,ab931bbb-7ee3-4b47-a759-056125e498de
49663202-cb69-4c55-9cfc-fd4e57d142de,VISA,010f46f3-70a4-4135-a7ff-749f1058ab56
c1f4936a-7df8-4fd9-acab-97db50dc4149,VISA,7ab9383c-86ac-47b1-9951-e8e6e34418bb
d1806c82-5ad4-478f-8a34-e40b2a0346f7,PayPal,08e22738-3247-437d-88d4-d516cea380c7
4d472a04-37ab-4000-9312-db386027945e,Discover,f2ddde82-92be-461f-9889-cedca7f5b03f
71bbeae6-2733-4227-99d7-4dcd67d3e008,AmEx,c1e56218-d9f3-4b0e-80ea-05877f270805
613463a8-a44c-4582-b92e-f742e983087c,MC,40f0c09b-99d5-40e9-8485-a675c45cbe75
ea056a2f-65c4-46b3-81e6-4cd7b120f106,MC,c479ac66-da60-4e83-b34a-9fbec1f53efb
9e10462c-d319-4ab9-91a4-f8ce3b910e6c,AmEx,fe176a86-2c91-4c02-8460-f47a748e9bc2
17b6e807-7c69-4f6d-8c8e-e0a6b88f2bed,VISA,222623ea-6b2c-4e45-9680-e5125db3929c
6a824acd-ed39-4764-9e8c-e59658bc0dd8,AmEx,0da9ee69-46b6-48ae-ac66-8b14f8a44867
79307bf3-10e7-487b-bd38-bc749d340d16,VISA,2f44372d-0fe3-489b-8375-0572e192eb83
3ab157be-8e07-4c68-90f6-fad07fcf49b8,PayPal,2ad36c1a-3350-4142-9bbd-8f8809d04d2c
4f882b8c-2365-4bb8-ba74-afde7246f9d7,Discover,74662499-9b27-46e1-a6d7-9c7ec93448eb
5494de56-b935-4756-9ed2-5e51e126c59b,PayPal,e22fd03f-b71b-4eed-b0ac-6ac7f5e26dc5
e30117ca-0804-4de1-a527-1fd7208f95bd,AmEx,594ae0da-71ef-491b-b410-cabf74bd7d72
965dd9e3-62a1-4d6c-939c-f8e99c557823,VISA,c9d76fe5-03c6-44be-8e2b-5314ba5cf0dc
48781087-7dd5-4c2f-a6b8-b20f304d5217,AmEx,787aef17-e153-4c8d-ab31-da5c6cf46279
004ec2e9-4af5-45f3-a645-f5e247cd38c3,VISA,bcaaee7a-dd39-4aa4-a6ea-2b9e88c370e8
077fc860-9494-4a30-b146-116d592c3066,VISA,7037f41f-5cee-4861-b8b8-571005b08aaf
67307ab6-b303-496e-b49d-88db634c04a3,VISA,cf1b84ff-6a09-46b8-8bda-c1225453af7d
1748f429-5a9e-470e-9380-25e2fe6a4820,AmEx,7054d7ed-013f-4500-a5ed-44b5dc939a7a
27432d11-08b7-49b6-8de7-c727d165cb9d,VISA,cd2dcf23-f754-4549-8976-5ff4043eb1ef
d1094c93-d517-41ed-b687-9c366304363e,PayPal,f633e855-db65-4cd2-b238-daf01c5f3afe
4df262e0-21e9-4044-b618-a7ef5cfb11a3,MC,13c96105-b57f-4121-a132-0338ca66ef3b
e9f86a09-3989-4808-a6f5-cee2f8c74fad,MC,5c9780d3-7121-4de9-96ac-2a084cc87e83
2ad152ef-d6b7-4beb-8a6b-12f831cefe3d,MC,3cc9c765-e865-4927-a242-2330eb2abb15
892a95b3-8a65-4c50-a247-a54322d019a9,VISA,121a1e28-d835-4484-b599-0fa6acf6e156
cd66af46-c4ac-4d18-8604-eb4d55566589,MC,a4e1438e-f431-49ff-8285-b35ba0a77e13
16ea6532-72a7-4ef6-bf6a-aa60392e6ff6,MC,9e15436e-5f66-4df7-b1b6-51787c43de64
fa0ae7b9-5b46-4f85-9867-f29b916d7d7a,MC,3fd09b08-2217-403d-b27a-06cab9f80cd2
f19d836e-033c-4c64-b0f4-5498a923a9fb,VISA,114e42d4-8ca6-4dee-91d9-8c7bcb1bd2ef
478ef1c6-663c-4e24-8ef9-83959a18e870,Discover,0bfc4ed2-deca-45bc-8538-1c9a064b89bf
538fb56c-f27d-4451-8bed-53d28ffbf1e7,Discover,5b234ec3-2d4a-4996-a647-3f3fd6d55d9f
210c0b69-1845-44dc-a051-059705897098,VISA,517fe59d-20a3-4a66-ad6a-e0e52fa4ecac
17e9b6f8-2bab-44a9-9cdc-b9ba790e8354,AmEx,3f74f90f-a3f6-4e9d-bff9-9aa47b340de3
2878b090-8596-48c0-b2ac-cbce5817c8aa,VISA,bf601591-07c1-400c-9877-de35bc5fe977
403e33da-22d8-42bc-b746-d28bb7bcc44e,MC,a2a8f00c-3f49-4f4a-bcb4-0b21b12efde7
53443390-1f74-4cc5-b0aa-7478b9fe6668,MC,d6c0d845-b794-4efe-b6ed-b53658fb4f1c
de2b3fe8-cb59-4b33-b0dc-0a5743bcf840,MC,0574268c-adab-460d-bad7-ee19213c82d0
5f91e43e-05d1-436c-b2d1-b4023458b950,VISA,8b7363cf-3943-4840-b2e1-626a6f7f5072
3e1252a3-5270-480c-bb75-06fbbda3eb45,VISA,41ad8ca7-6fb6-47f5-94c6-18561170b1c1
b07fcb9a-cf46-4386-9c03-4a2afbbfe11a,AmEx,ea4f1e65-d38d-4eb5-845d-1b3c12b5fa66
873f7c2e-e1a0-439b-b8ec-85ff79d6cff3,Discover,90d1e4a0-fc05-4b7a-9a5f-a24f0501f7e2
b8d80943-aa5c-4104-a19c-165a87ad8f83,PayPal,538e8f53-38c2-4998-bb56-b91a59d066d3
1a7524f7-2f62-4bcc-9622-66a5a6accaa7,PayPal,8d5fced0-8c76-449d-bf39-939552f3ae08
1e761b17-f832-4b9f-9522-f90235484895,MC,53d94826-0b25-4cb3-976c-6537ad745cd5
1a139cd5-a206-43bb-9eb1-bfaa0533c7c5,AmEx,d430e8be-8a2f-4ff9-bd77-e839b9fb6cfa
9d70f057-7d7e-4a87-92fd-9d77e672ba54,AmEx,ad2320dd-9bf4-4a43-8b3c-13d590a3f20f
57220b7b-ca10-4415-bfb8-b10ca852790f,MC,bd71cb4a-8d7c-4eff-aff1-9578fd1eba78
298453cc-4613-4769-b511-6bc8950d1007,VISA,0cc564e3-8fc1-42d0-b056-ca474710017a
107a8ee7-e795-4e9b-be92-73773b234103,VISA,2d25a0ac-0b0c-465f-bbaa-18d8e8ba0bf4
a8ce88b1-f694-4af7-ae69-3c1b973819e7,PayPal,af4a0450-9c5c-4cee-ad4d-a0157e342bd3
3fc379ad-debb-4402-9ff9-194351cb8b6e,MC,3472a673-ee8f-4c50-99c5-439affec8dbd
565531ef-a318-412b-a553-015c260688b0,MC,9fc7cdfb-78d9-41da-b56d-5f49f0121738
cb6df07f-0b33-444e-8320-b8a17d4c535f,VISA,83c6c0cd-c4a2-4921-9e00-b59c51671b98
56201a09-edf2-4bc0-b96a-71ba37f5fa64,Discover,260eef0c-1e49-40be-bdab-001fbbfe86ea
4235bb43-fb59-4ae9-8eea-d89d1ff3259a,MC,2b54d8c1-d402-49f4-8b1f-f34aa6e906a4
110a8cf8-34f4-41ea-ac5f-79d81f23d4da,PayPal,62ecdc8c-c171-4e0e-948d-81f55479a7cf
1ae97588-a1a7-445c-a1ba-eac59071ca0e,VISA,5ecd3507-8991-4fac-b972-d88009e16bc4
fe6a0c39-cc92-4ab0-b365-3c56ebb482e0,VISA,3cfbb850-3450-437e-a45f-96fa1fc1b9a0
890176af-4147-4e6b-8dee-f1af8d34836e,Discover,2b4c206e-9ea2-47b3-ae33-225b5137b755
b7b443e1-1200-4c4f-ad31-7c082accbaeb,PayPal,23652b01-d81d-4ee9-83a5-9d7205bce6c1
7cb74e83-1369-4fb8-877f-12c4c28acb18,VISA,3516f854-553b-48fc-9ece-1568971a6178
40db294b-3263-4d15-8b7d-aa40bdd54fd0,Discover,c34a0bed-34e4-4924-8db6-21d8a7533e08
56f3f302-009b-4489-81ec-6c6a5ba056c7,VISA,b4367ef9-c087-43c3-8ea8-752d2c58c1ae
e60f88bd-3f8b-4063-9cf0-df730fd21998,AmEx,d3587079-d806-4a8f-a5ae-933b594f0c24
cb926309-d7eb-4b4e-845b-04d584208dba,VISA,3ef3016e-2cf3-49a3-a27d-a2876fa52fe6
6adb9f77-aa7b-414a-8b72-d88083ad2a74,AmEx,076e14a6-e07d-499e-ae34-b94266cb3399
913d8f41-2bb6-4728-bcf8-ac87cc384d5d,VISA,ad7d7c1f-4dff-416b-996f-0f6203d9cb81
179b4e9d-0a27-4dbd-833a-2899958039ba,VISA,00bfdbd3-c5eb-4a7c-8372-48b32c43b3e6
0bd5132b-0e30-4816-8947-1c5b50262597,AmEx,330c3c01-caea-450c-bc96-9fa65750aeb5
490e2914-7d05-487f-bde0-3932acb6388b,MC,b75ffc8e-7a31-40f5-9a88-8e0171433934
75a8801e-3174-4d42-aaa5-bf5f2d59b929,VISA,539a11f7-8d57-4030-ade1-f59772bcf347
ad865134-4fd3-4221-86e0-082e41be3e82,PayPal,7455d05e-6996-4b29-ac80-05c0767ef296
23d0e96d-eb34-4ecb-aa22-eb31b72ab27d,VISA,ad495023-6f84-44b3-83a0-58eaa192bade
383bb444-d0f1-426b-a5ac-f70aa88e874c,VISA,88992d23-d5ad-47df-9987-ad4121f3e474
101a2a79-0f56-4ade-b166-b2bf6a4f5321,PayPal,74373392-8670-4381-988c-08b76a04807d
f85458a8-c1a8-44c0-969f-aee5eb210d97,VISA,1d572b13-e7e3-4360-bc62-b5a280a5e273
e5dd4b84-917e-4906-85de-d5d77e72e8ba,VISA,0e3dc87a-a52f-4f99-96a5-0503a822a41c
a791f4d3-eb75-4bcc-9c4f-ad48caa63f21,VISA,6ee4c6eb-c1cc-474b-bf46-e2a4232484c3
d8214d74-9418-43c5-a6e8-52ca7c6588f5,MC,82d553a5-4af5-4f43-9030-fb725906c980
4e3dc4bf-da24-4a66-b558-f19e54fe5843,MC,825e8106-e4a0-4e2d-bcec-7e4a14e2a776
d4adaf2f-9d00-4b93-b518-231096c856be,MC,2c2bdc90-900e-4724-af9a-141e1dc9c4a8
60c24e1e-6426-450e-b574-2abcb87aa369,MC,c86b8300-e4ef-4062-966b-abcc0d2684ec
98d6e800-8cf2-4f8a-aafe-39f74e2d980b,VISA,87283cc7-bef1-420e-af41-727e55d07997
7ffa07af-ea7d-4498-ba4e-dea1ffb45e04,VISA,36f69e61-63ff-4f7d-b8cb-4f5f1229e88d
607ba428-7278-49da-b83f-8ed17fc2cb75,PayPal,54ac435d-06cc-457e-abac-5ab7caf6f683
00d9a6a2-3dcc-4de6-8cbd-0e97a5bec14d,VISA,1f4fbbef-aff2-4693-814f-ee2245042a15
473beba6-6b47-466c-9fa0-1b05827d2a2f,PayPal,fd2c086d-f213-4b5a-b997-9177a40f2f23
9004ec87-3e32-4c0e-a31e-8c14e02f8cf5,MC,fa88b396-4dc3-4729-94bd-2601ccfbff58
1a2aa3b1-2984-4fa3-aaa4-78c27c9b35a5,Discover,fc56bbab-b77d-4a9b-97c1-f5d900192488
e135390b-c22a-4f9f-9083-f07c349cfb74,AmEx,a8bf2b57-2a14-4eb6-9f1e-d40eb4bacc07
fc85c66c-432e-4de3-a0a9-5057c8d36936,AmEx,c68299d6-f49e-4659-8a66-fa8f51150394
81363ab3-4cf4-4c7b-bf47-6461a3d3c8a4,VISA,1405d040-6e6c-4922-8da5-c2b3537c6c72
2a9aa5ce-b52a-4eea-a6fd-965f0a7f3ca7,VISA,7bba0747-5f2e-42a6-bc67-52e3b3d03d9b
c848afe5-c762-4166-8cc8-54ca661ba736,VISA,f34d2ddc-de22-46ab-8a69-b71a977092a6
acc84de1-faf5-45bd-a8d1-2c164ff7351d,VISA,a8f38bab-bea1-481b-9b1d-58ccba372dbb
96d24731-d2b6-406e-b822-be2772963e13,MC,f845a34f-a9df-49b2-8d1f-bd48eb515f5c
e208bef5-1b63-47e0-9c91-5a8ef62fbafd,MC,1d3cec28-095d-4d6e-880b-9eccac3cbe77
4b63b5ae-3161-4008-bdde-cbb37551a03b,AmEx,6955df98-83e6-42ea-bf3e-f77d6d368803
fe7e8317-363a-42d9-b434-c2813bcb676e,MC,50987ba0-e19f-4771-874c-ea96950b2637
07bcd10c-b50b-441c-82c9-ccdf6fb72e35,Discover,c707b883-c1f5-41de-8462-cfa9920f21c5
fdd08a3d-650b-444c-82a5-457d6d9795f5,VISA,65999ae9-46e9-4e92-a8df-f9c1340751f2
22201e95-8522-4ae0-b255-8f6bf00dcdd0,VISA,14006b4c-4550-4701-98bd-79b17c30a991
fa76a460-803f-4016-9eac-d032415795ac,VISA,f5aa3932-12da-4d96-9d37-237e7d2638ee
9255dd6b-8593-490c-8409-b74d5b68c856,PayPal,36994a0c-7d8f-4081-a52b-fe30d02a77eb
22bf6afc-bf91-4683-ab49-a5916efe1fa9,VISA,b96d14e2-4d0d-40dc-af05-d5df77474f25
ba78b95e-67c7-409b-aa9a-f2331f1c2b57,MC,72bbc9d7-ca4d-47cc-87dc-642f9cfcfe8c
3520407f-0e64-4250-bf09-b43eab269c75,AmEx,03ae34e0-2f30-4635-935b-41490926e4b4
4f93b75b-d0a3-488c-8313-1a7beb4ff8a6,AmEx,248b60e3-bf05-4ea2-9930-cfa09cf2c308
947d6eea-712b-491d-99be-1bbb2545a6fa,VISA,22cca862-650e-45e5-8a50-30a99eea9c81
2a30f6a3-165f-4238-947e-1a1bf3fb6bec,VISA,b2563be3-b289-4cec-a556-1931648a6269
41cef93e-3ae2-4f9b-8850-06dce9c255b6,AmEx,2f7d78c7-8260-4b42-8f41-131594635bfd
bd3a2554-b91f-41c6-af95-0d9296a1bca9,MC,daade509-f2ca-469f-abbb-dce60ecf3004
9f05af8a-919b-488f-935a-9023a6406d85,Discover,b2d31962-3aad-4fbb-aed7-476450b29b94
5fd5986f-494b-48ca-9026-eb679146071c,VISA,98c1e5b4-5990-47bf-a2ef-0e28795d4536
11bc4b11-154e-4306-81c9-04e939f6c79b,AmEx,ced3de12-ab42-48a5-ad25-8acf7599adfa
60888da4-33d9-46af-bba2-054a4ed2619b,Discover,17376a64-cc8a-446e-855f-268c8f82b6ae
8e9e1603-329b-4448-906d-ea08ca787d51,MC,5a495413-79e7-4938-a321-0c01d4226aa8
c5fc5a45-b05b-43bb-85b0-9845963e2243,AmEx,1aa8f7db-14a1-4315-bcee-f13405bd60cc
a981cb14-18cf-4cca-b9d6-0354d82b288d,VISA,e688ecdf-c18f-47d4-ae9a-36f147c1849f
6dc60c14-c745-4404-97c5-18433c82dae9,VISA,ba636964-24dd-4c14-a52c-68c2498e50e9
3c6b0fe3-f251-463b-8d15-d38e2e3d388d,MC,69da64b3-735a-4942-8c5e-95bc6211c568
f2defd99-01df-4554-906b-08e8edcf3c45,MC,d88da12a-2719-4940-b279-e188d8e42fc1
e161adad-5b68-4f70-a029-a745226de283,MC,5014d825-7ff3-4590-a791-2d5022461fe4
bdc67ed9-30df-4e26-a630-6fbd3259b5df,VISA,0dfdef53-4db7-4f91-8a86-28f4ddbc2dbd
ee534d54-3c6c-48e0-9af0-5d4300112e22,VISA,ee63c7c2-c201-4a14-b5f5-efd7e56ef28a
f338f26a-a415-4a7f-95c6-aeec9d7f5802,Discover,d4a1e63b-df35-42c9-aa4c-0026d7437fce
4c7510ea-7012-4fd3-9030-241c45076911,VISA,df758dff-670b-411f-b9f7-3361c57b3bc1
717696ad-2781-4aa2-b1ef-fe2488194cdc,AmEx,cd7029b2-b1e3-4ba6-990f-e88f7f083723
81c75362-8350-4dd9-b766-c7187980d7a0,MC,569d5e82-b628-40ef-8361-65a9a3b80a59
34f7d69f-418a-45ef-a0b3-6bf6b7801ac6,PayPal,245360f9-f1c1-4883-9834-27697744f904
2a767909-ca98-4a89-8681-ea4fcb57c438,MC,d1d85493-5db1-4b73-baf6-32726a336074
39fd26c7-76b6-4deb-a3eb-f997980fd909,AmEx,1d1588f5-3cb2-44a4-99ec-9f007f02453b
0cc74c76-bb62-4fdd-9107-67269c6e2d66,AmEx,12955b0d-b5f7-4d46-9331-e402acf55dd6
eb682d93-a7e3-4e40-ada4-fcf6a9e88d34,VISA,b6b247f8-a11a-41f0-8d70-443fb5144e50
6e0c42f7-b2a0-440c-953c-ecc031bca15c,VISA,e83dbf92-3802-45c3-8502-f1616dad5cf6
9c65c5b0-cf81-4cc7-b76e-2c82917031fb,MC,5a5ec7ce-d0e3-4d79-861b-faca4c5f6b7d
f8b7fc76-ee9b-458f-8d55-00ad6596195e,MC,f085d0ca-6ba6-498d-b3fd-5aaea5f9ceba
e5f84f20-2e14-4d7d-b3a8-abb185c68090,MC,f3b82737-09ae-4060-a918-fe5e36a245e9
3ed68c42-1829-4c82-937e-d61f5af20c22,MC,9de32529-b4bb-469d-a28a-5e52497fb188
ea761096-e95d-460c-bc79-e5d4db850458,VISA,1e10b93c-d1d7-4175-aa7d-ba14e0816791
8ab093fe-90e1-4723-95a2-d8578a8b57a8,MC,f088b3df-6693-4c29-92ea-6a3d284df966
f9f91554-db8b-42de-895d-ad9e96978a8b,VISA,04a352dc-2ff4-4791-83d6-dd3717cf86bc
875a69f7-b28a-469c-a9c8-50ed32932c84,VISA,87a75eae-b0e1-40fc-8595-6baa7b03c0c2
41f59194-abc1-43cf-9519-5ace4f7d7114,VISA,e77a5fcb-8b93-4fb9-a527-e6eaacb8cc5a
89d800c9-c309-42d2-abc3-7231277cfdd7,AmEx,923d6d3e-74e3-430a-838d-af2ad9b58b61
9fdfc9da-a4ab-4489-9856-6e96ca2c6804,MC,e070383b-484c-49ec-9c87-564f08274926
900d466c-75be-42f0-a68a-ff7ae135948b,VISA,4662fb2b-77e9-49be-8c70-c33bf9e15e82
d28b3231-8fda-4a2c-b951-d756d244b178,MC,a2fe15df-867e-4d9d-b8d9-2c36a960115c
d2acfecd-ccf7-4d47-8fb3-e9b1d81e1e88,VISA,6f2ea8d5-3c02-4056-ba06-28508bca38e2
3fb7c431-d71f-4596-82ee-e294134c3bab,Discover,e2e82074-a82f-4676-9667-0d8d49df845d
b404c8df-f69e-4d96-ac38-bdf6d03929ad,Discover,9b7726b9-c462-436f-9bf6-2c74269dd2cd
7279b3c1-5149-4387-be90-d91d2ebe85c4,MC,10495026-ca63-4f12-84d9-2cdb21a41ff9
fa2ff3af-49bd-4dfe-9db5-c541b24e4912,VISA,35e83b28-392d-449f-bbd6-c5166f0bf7bf
a7cf2e52-7bb7-4935-bd10-d500a85819a2,MC,f5b932e2-2226-42db-938e-86e5bec3dc21
7b87b7c1-c31e-4359-8055-c99b8abceca3,AmEx,b8f0913c-8e98-4349-8ef5-ac609484b519
4e89f9ab-f51b-4c1f-93b4-98fe42991bec,VISA,063f93f5-79fd-4ea0-ab5a-68b5f946758b
50919347-2b5a-4318-a83b-235f59d647c3,VISA,47bf6029-9daa-4d1f-b917-73abf6d80f45
c864c9f3-bc3e-4c5a-b112-02cef50719bd,VISA,b3e84e55-803a-48cb-abe0-71d3db4a2248
71d30dee-9109-421c-ac29-5d81704c3716,MC,e9065219-b522-4e0d-83ef-69988954d9f8
abc39be6-5f88-4dbc-bddd-b511dd2e7254,VISA,e74d2a0b-aa34-48c3-85f5-3a23eaabee08
922edd76-5216-428c-9ad0-7754826447b8,MC,a7cf141f-138a-457a-a15a-fe0b31100174
49a02e0b-0d4e-477e-bccd-a40b5ef70e73,VISA,37641d46-709c-4d1a-9490-29732f0bc186
9d1c82c9-d3b9-482a-9b0b-d72bdc80a16a,VISA,954da5e7-f425-45ad-a6cd-964ca9d4578b
ee79ae09-4e80-48c6-8817-efc5e6cb05b3,Discover,234b9f6a-b18f-4f79-8c33-f5630ac119c2
0b7652f3-dacc-435e-b46b-e896b09b8a94,AmEx,e226dec2-3da3-4e80-bf80-065a612c5582
309a02af-dd29-4355-aff6-0b9d7695429b,MC,674287d6-6156-4efd-b682-c82aa83ac036
dff6c0f4-bfa2-4a28-991e-ad1addef3184,AmEx,6f7c3b9c-318f-4d6a-b682-ccc40b7baa6f
8f6de04a-6769-4faf-9b1d-565e6bdedece,MC,626da650-d644-444c-97a6-9ede3adfa99d
58e64ca1-8147-43b1-a70c-d5cd133d5e15,VISA,377a9bd6-8f94-4b5d-bd8a-247196a8eb9f
96686b43-eea3-4d69-89f8-27b8d5a63ca2,VISA,6bfeffae-a147-4953-84a7-12c46ec0082f
8986cb36-7906-4017-8aac-a5f70039052c,VISA,090a0142-c98c-4078-8487-a761fe65a97e
d1d5b278-4c1a-43c3-a7ce-fc869e067ba0,PayPal,2aee5290-b20d-4988-9302-c0a4a0472a9a
012a0fd7-c881-46f5-98fc-8d1d674d01c7,VISA,aec1ebad-7353-4e3f-894c-72df94f6c48b
287fa48e-5d8d-429a-967c-af2c461dba38,VISA,455c1e92-9eb5-4f01-8504-618d2a756e5c
7427cc6f-8b11-455d-94de-8b9422c75789,MC,9a0f2a2a-ccc9-4794-963a-762b5deaae77
76c42120-e677-485a-8ebe-187f2217a538,VISA,52b06f8c-4b43-42fd-8cae-06e8b07ac5e6
9c7a62b6-6943-4d8c-85ee-789ee9ef129b,MC,7e41a4ec-ffb1-42a4-b8dc-dbde60eb69ac
665730e9-2a6a-42c8-8b92-33fdfbf29bbe,AmEx,ca66b801-3ecc-43de-b05c-6c65afc2932a
9d1cf2df-6d46-43c7-8e63-3b70601ad48f,VISA,56853814-bac4-4076-a45d-589757f0f74b
8e9bce32-f1aa-4357-8cf6-e96c3b3e9148,MC,509f5896-28bf-40dc-b33b-b7dfb97c1b76
04d3b6a0-bba7-45b1-a9bd-d989b436e3c3,VISA,28ec65c7-fe76-4a85-b448-e2f7020cd1e5
32b8c05a-d877-4ce9-b6f8-3058f4bd309f,VISA,a422f14d-5193-4be5-9879-1795b9d85b0a
4f651e53-462a-48aa-90cb-f34bd18ef10d,Discover,c8762699-f026-4f59-b9b8-2330dc9a98e2
095c09f7-5cd0-42d1-aa86-680977b1b72b,VISA,56c782f8-823e-4b11-a710-e4e6223f6651
45214902-0f9b-4407-b673-6f4009c66f67,AmEx,b2d3978e-c6b9-4008-bd83-c8cecfc75ffa
708d15b8-ac8c-45be-ad23-902327189f01,MC,bb41f65d-a2a5-4b74-be90-f63739e3c5bf
0f948070-03d8-4e29-92a7-afc51dc0f9e4,VISA,b889aaff-c71d-4930-babc-715af8ddd48c
8d718102-261b-4e3d-aa4a-d6d503eb1fb5,MC,3ad0aee4-9cb6-46bb-a409-62df6e7f449d
3579d713-161f-4927-b505-c9977246b16e,VISA,fa854d58-2883-4eca-b97d-eddf7e30ce74
0f28dde0-6874-42e1-8b44-0a1c5f7f9cb8,VISA,7590393b-a1a3-43ed-a3e5-836b37ce3be4
f1dd1b9c-5367-4e2f-a55e-40316b1010e7,MC,c6169af2-a820-452e-be8e-9d7e9b878ba1
35530b77-3592-4496-bfe5-66b5545b6068,MC,de8aa0e8-8f40-4d99-ba6c-264f88ddade0
35d3911b-7a6f-4571-98cf-bfe398d4259d,Discover,0469e306-3596-4233-9098-5dfae09eed51
ce3cf1a4-30ee-4b0b-ac95-cd4f3404bfeb,VISA,26976da3-153e-4f52-9207-fe65c1f9cdfb
a6cf37ad-e7dc-4021-a536-6466c8b25cb1,VISA,c0c7ac1e-7daf-4af2-a9fc-1ca8f6944d59
36fda1a8-e593-4d7c-9551-249c9e3248e6,AmEx,92141554-5de6-4daa-b89c-8663ab4e73af
0be5f587-ffa6-4e21-92aa-a1a1c5128732,PayPal,3cbf69d6-da27-4e28-bb2c-456f98a0494e
b0b891c0-a0b2-4022-9e78-0965bece395c,MC,5ed49532-7a85-48de-9894-a0f9a66983ea
4f238382-9453-4587-b760-80ac33999044,MC,4262dcac-fc09-4954-aa1f-bd27759df84f
eee0af8c-2659-46d6-872a-8ee820c5381e,AmEx,c4bd2979-5dc5-47ff-b771-f697f1703d27
d7954be2-7f96-49f6-a3e7-807c1adb0605,MC,cc6e34ef-30dc-4f0c-8be0-9828436b1204
0049be91-24b7-4e87-9b4d-223af06b7ab2,Discover,06e30c13-ed6e-470b-8427-f5b544bc5497
5628d7a5-a568-48d9-81da-e9edc62b18f0,PayPal,162a8d99-56fc-4c58-8b3f-5b16a6d97781
72248b0d-868d-409e-b692-8edd2eb60b88,VISA,c630fc00-8731-469b-9411-fe703723265b
71a66a33-7b08-42ce-8c8b-4dd2d749352a,VISA,0cf37232-b1cd-4139-9b87-0f1ea287ba68
6179df07-ce4a-44ea-ade1-8bffc9ea391d,MC,ca345f40-a0ca-4386-bdb5-a72637fec06e
ced09193-aea8-419e-9812-60ddb3ce62cb,MC,92aac77c-9f71-4b43-9a89-df34414199d9
110c21a3-5fd9-44a1-9bda-61b938ba3424,VISA,bb1d28da-4114-4960-b29e-0bff6d7146c5
9a714eda-74c4-4a2a-a897-4fb042cbf621,MC,7a435320-4e09-474e-a94d-b27282c8b380
c9116c23-8564-49d4-a2de-5ea6f794ebbc,VISA,1c595c73-ba77-4b27-8046-db81ffe9302c
1e0d0b48-713d-4b1e-9183-eba1ec300d43,AmEx,fe7c958e-af92-4f22-999c-787664da7528
38c5cd31-da01-4d22-ac92-2ee7569c89db,PayPal,c1f71a3a-8114-4f10-bf90-10a286ec9908
797ff315-f3e4-43c8-a0f5-e2a878b87c52,AmEx,c68d2384-51ef-46e0-a2de-9c2ff22da3ee
3fd2a437-f2a5-460b-bc90-ffa002f4e288,MC,0a2e3034-cf64-4762-b86d-296ebbddfa07
7687126d-d856-46cc-a06b-4dfaa56595c9,VISA,d0a2f96e-09f3-49a7-b3df-b16026726521
b89c32a0-89ba-44b6-85bf-dd19ae0d0f54,Discover,a39a9ec0-b2e6-4cb2-8d09-710b427f97ff
f03fd071-e050-4954-b34e-bb1e0aea3753,VISA,cf5204fd-cfa6-4768-82a0-71e9515a45db
6201881e-4e5e-4562-8ea9-897c7ab251e2,VISA,0f7d3976-744b-430c-8c14-5d9921a6dd42
010f0de2-5c6b-4b86-ae61-99a492fb7532,MC,718bb5d1-e3a3-4eac-9191-1c595ff88237
fc43637e-9961-47b0-8ffb-534f94a48edd,VISA,49756b8b-9fce-4cc2-963e-165bb7054a1c
38338a0d-d325-4ced-a2c5-6ed344543b37,MC,db8bc30a-1429-40e5-abae-a20e8135cd66
ba57217b-64ac-4ae4-bae3-e54f4a2cbfc9,VISA,95731e8d-16e2-4a0d-984c-9aac1f181696
318a2cb8-fea8-4a2c-b543-b463d96be927,MC,64f712a2-faeb-4627-925b-c930e3b7684a
8aed13ac-8247-4c94-8a29-66ee6462a002,VISA,ee127e7e-c6b5-4685-b70d-8b688d9a9b1c
40197fe7-d57a-4ffa-9095-10ebf142743d,PayPal,8432b6c3-5fcc-4245-9d83-1b554b8f72e2
b3d74b4a-32cb-4521-89f1-2c3a45e64514,AmEx,4cde1e37-ffe5-41d2-b5a6-01aa21a3302a
03367a42-9adf-4aec-994e-565d2755d5de,MC,f82ff89e-fbde-4448-89b5-ea2420564699
11423a06-dff5-47a6-93c0-85284711fdd1,PayPal,3a002bf4-3703-411a-88ef-08c6a34fd586
fb75bece-cf31-44f9-8523-9ffea37e3f1f,MC,0b2c179a-90b4-485c-a263-7f45fd706b68
159f91ef-d89d-46f5-be4c-7df0fdae58a7,VISA,5f93e23b-4cb8-4212-879c-9e058881f521
8521d0eb-624b-491f-8093-d67fcd41bce7,PayPal,c5d31f75-bba2-4d64-b980-7ff83bb58d56
1069079d-6844-4450-b9f2-598116840818,Discover,5f8870ae-10ae-40d2-a12a-99e0dbb760b7
86071d8a-af66-4df0-b5d8-e3c6a1947860,VISA,910b3968-ee74-4349-a1f2-da6be016cac8
db6638e4-71d4-4d0d-8916-c481e458f83e,Discover,d9b2ddbb-1d71-4c68-bd2f-277346b427c1
4796324e-a764-45ed-8ef4-5b3c8ee3be5e,MC,3d42e176-fe82-4e80-9f01-bd6c403923d4
67ebf383-ae66-4cc0-a3dd-9611d1afb1d7,MC,f068f35e-764b-477a-bff1-f88b65bb7417
3c60c5ee-3d1a-48fd-9e09-e9dd79e1673a,VISA,0f09deef-893e-40a7-a8b0-3b3dbe684891
891b4578-92fc-4509-b45d-7037c3a83c62,VISA,8a6dc222-bfbd-4c88-8959-61ab099a81d3
8a7f7e88-47b2-43c6-a28d-5005f54ffb87,PayPal,18ecff77-eef3-4284-b3fd-182ebafc96f0
dfbd508c-72b4-448d-b8f6-83ba0f218c74,Discover,5e7c9879-b067-4e06-84e8-27dd6a946c7c
bfd2b70f-403c-4969-8ac0-3a113000d7c5,AmEx,f2b25547-2d10-4c41-b436-054b19d9a7cc
4e177360-0a8c-4af7-834b-73a97324ce22,VISA,63137b05-2ff6-46c9-b118-738e082a10e7
5d3a4f65-83c2-48ae-9df3-d13fc42e8f7c,PayPal,f6231761-7367-45f5-80a9-8f0f0cba584f
3b7bdb3d-58df-4c1c-a548-7336e1a00965,VISA,a257668f-9472-4a6e-9c85-be112145461a
5b1a865a-7fb3-43f5-b897-b097daa02f8c,VISA,d7104c9d-b9e6-4488-8d45-6c5b381fe5b3
1c2f2b89-62d9-4511-a8dc-c8d28446b77b,VISA,2a544054-ae75-48b1-9bbd-8fd08d5572d9
ab87f624-c315-4833-8e40-d91d58cadf6c,AmEx,37716c45-a54f-4342-ab3b-1fac892a1c89
c995e268-cfa5-4cd2-8ca6-9b4e806cd4aa,MC,f8231b93-5124-4cd3-b3c4-69033c2a0942
9fb40746-f88e-4fab-b0fb-6a1e87dbe1a6,VISA,096c2605-5fa6-4607-853c-9580d1b38253
76332cb3-3067-4185-9331-9c3cb8dd2fbf,MC,7f6f8e9a-c3a9-40c1-bf5a-5872adb15dd0
b8718831-ea3c-465c-a90e-1ac721ce7417,MC,ed8c128d-962e-4f63-b4d3-af902b0e380a
01b89ce4-ecea-4da0-8499-39a4decdc362,MC,313af9f6-18f0-499c-809e-92c89bee3d49
bec6af50-240f-4ea0-ae37-5d5514b8155c,PayPal,59bdee55-1a1b-4b0c-a97f-1333d30d6a3f
dc732e21-b128-4bd2-b99b-5ee3b6ac969f,VISA,1424c400-37d9-43cf-9aa6-c6cc57acba6e
af167b75-0fe9-4db0-ba65-faf513f50085,VISA,2e92d79d-fefe-46f5-833d-d8e61a1c769e
cd17907f-43b4-49b9-95b9-a5a9581315ad,VISA,c92296b8-527b-4fac-a37e-b329e235ac26
194eba46-2097-45de-9ae1-565f2275f9cd,AmEx,eed68500-7414-4f1b-8682-70fd1d437443
642e5e47-449d-4868-94a1-b07299242e2e,PayPal,b1a3d224-97d6-425f-93eb-30820c1830b5
b42b4c7b-deba-4741-94b2-1d506aeae800,MC,f93625d5-1126-4e7b-96ac-cca618744beb
95e0023a-29bf-4997-8d2d-463400633e8f,Discover,50d5341f-2429-4028-ad68-60e1f28049bd
32eff44b-4a9a-4676-a4a3-2e7e820e5984,MC,6292c2ca-f187-4f65-9d7b-9ff983b64cc6
cbec0f9a-60e5-4f11-b50e-ff83c3da07d1,VISA,59bd6caf-49cb-409b-8867-01f440efb4cc
66a8307e-17a7-4f57-8b46-53af103de27c,VISA,e6190f89-92be-4b14-bfba-e38a952a25d5
519f76a4-18cc-4ad7-8e56-df8f07ff806f,AmEx,0ee592a2-2d62-4c5c-baa0-4c3221946838
c30a3819-630e-41bd-b5f0-2c36f6dde7bc,VISA,b5268d58-895d-4c23-9ac9-07e5d6315aea
c4452ad9-b934-4c6a-9848-499cba8b98d9,VISA,e260e72a-f306-4cc0-8565-f5006c2f1a59
3dca11e6-9f80-4d56-a420-a6766f471917,VISA,ce0f8c47-ee6f-44fe-8a90-e759bc2279b2
be5658ca-610f-4aaf-be26-b327e6a1d003,MC,2950e06d-dbc8-44cf-b166-fe9b81d0a236
0fca03a5-9b5a-4c0f-8b98-0734be6f44cd,MC,ca5888b6-dee1-4721-a58b-61e0c4773e3b
bcb7bb92-90c1-4e3d-8a72-e868383ca615,Discover,8ae4b848-aa72-45e3-aa6b-a5e5e84bd513
5de1204e-ae4a-4651-b940-1034635fac37,MC,c1b8aef6-0a88-4c11-a019-e7b244ed4cb7
ea9556df-4054-4a08-afdd-f13108faf27b,AmEx,63d7cafc-2800-4c5c-b9db-11a291897d82
426250cb-a1a6-4a76-9f8e-31d224328e78,PayPal,b1e50dec-b11d-4c54-bc2c-d6581be227c3
5c1ca12e-398e-4594-8e45-19e0cd5a97be,AmEx,8520a5cf-0257-4e0b-8b17-e76ba09e94dc
bbe63c42-039e-486b-b1e9-d5aaf16d74f4,MC,056dad2e-0947-4a3c-a215-267fbe9c969f
19b614da-7a54-40ac-bc46-f92311294645,VISA,09a18c6e-b495-41bd-98d5-801b4a9dfcf7
1a6ac638-3f2f-43b6-a2c3-268bc4a52ade,VISA,5a6a224a-a942-4995-b115-91378e9fca18
717f9d76-908f-48ee-9e0b-2007b76bf8d8,MC,69e05a5d-3a61-41b8-af1e-3a2cda669a2a
4d97955e-b8bd-4c85-b25a-faacb5717982,AmEx,ae523427-fd45-4842-ab2b-44b139638e22
b7c7796d-515c-4488-8021-1bfe13e572ae,AmEx,f35b249b-a105-48ec-86cf-617ef1b6de3e
3b0f8d8a-be1a-46b3-95ab-9be13ae1f37e,PayPal,5baa0c57-0f35-48ae-af22-32aab5881848
45113e71-a995-494f-85f1-cd495ab5ccf1,MC,e22119eb-4c70-4c66-8859-3ac50e2ae723
fa5c1456-4241-45f8-8592-5d6697cd73a0,MC,cddf0392-cd93-4007-9db3-e185da105d8e
b3eb3495-c5d9-41b2-89f9-afb6d84c27d1,Discover,91f870d9-e076-445e-9375-17e522d0cb8d
bb69cc8d-9559-4e50-888d-82a780169288,MC,e6ce5110-058d-4072-b153-1f098d7dd7a6
051c02a5-ad6e-4722-b685-35d8f4d32262,AmEx,f2c34740-0be5-49fe-849a-5845f0231473
af1d1b22-4de1-48ac-b32c-9af3ccb2fda9,MC,9ad8f9f1-fc5e-4160-889b-f7733bd488dd
480cb556-a435-426c-8f9d-7d89ffa2de51,AmEx,22c12b05-6d96-4f9e-ab99-f6da30b6e089
a866dc3e-449d-4d1b-9167-c758f2086ec4,Discover,5baebe50-e15f-44c9-b6ff-7b4fb4c73acf
2da6e39d-cc15-4df4-b8c5-a210a6df9d88,MC,8890f69b-211a-4937-b727-2d848b3eb6a9
b5746f30-0a94-4779-9ee9-0b7d6c162efa,VISA,9d134d02-f40e-4546-926d-b803f064ead6
222d6b91-8721-4990-83a0-300faca99480,VISA,02eec206-cd8c-40f7-a643-f7956ba13f78
844e8ea7-93e2-4082-8533-904ada37c700,VISA,8e7404e8-9002-480d-b900-6ba98b0171da
c6a0bf69-aa9a-4dec-b0f5-19e528278683,MC,7040db63-ad31-49e4-852e-564b320f843d
efa8c359-1d06-4f96-8e58-6a08057dbfbd,MC,1b5edb29-057c-4415-9cf0-e6ae960f0945
8752c25f-39dd-4081-b03b-b2a021d1b998,VISA,d6cc849c-09a2-400f-9ae6-87f708e469d9
5592cb48-84fa-4f06-90df-0930ca089b01,VISA,c6033efa-6097-473b-a6a0-d92e6cc24528
29879ae6-1585-4b0c-ada7-db72e3d6122f,Discover,cc6fd965-fe1d-487a-8c96-eb2382f94978
8f9b45e2-9096-491a-8676-d2f160ca6e96,MC,d010d401-25fe-401a-8eac-eeb7fc08c688
65884342-4d62-4a28-b94f-bf7da70b367c,PayPal,bac11422-7df0-4542-8308-603b00f31fc8
0a0a0426-5c89-4be5-a268-f03761c4ba91,AmEx,31e2b21d-9613-4568-b2c3-b872b3d63d43
6ca00365-dced-4a32-83cb-b5b0141980ff,AmEx,c43124fb-61e5-4fb4-b861-80c3f827d5ff
fcbbb49c-f5f5-4001-a2d6-70d26205116f,Discover,a1b5d584-715a-4bf6-bcbf-da5a75af3da0
98807dff-bfc5-4632-84c5-78d9c1d5bf87,MC,6265c9c4-93f5-4e33-92e9-78b17b34b8f1
315c9493-76df-4320-abfd-c1d87c0ac5e8,AmEx,9c9339f0-7367-4bc3-ae7a-0063c6114cd3
4f9a2a71-97b4-4074-88f4-ed466fc41452,VISA,36e527b3-6e71-4a55-a4cd-7e4dcb8a955e
b5c470ac-7efc-4fef-99b5-094bd338114f,PayPal,e8d50f95-f0dc-42bb-aaf0-ba88b485eeca
b2d04292-af7e-44ae-b7ea-0670ea509aee,PayPal,2543a0af-9c98-42ce-bb20-308082af8028
9a60142c-2d31-48d5-bf1d-dfdb00703234,VISA,1e46f69d-b892-4572-9288-2018f282008c
76dafdae-7e09-4211-a5f6-72c001641778,VISA,d55cdd4a-4ac2-40bb-bd12-1859f125a8be
f599feb6-8271-46f8-99c5-da73061ba01b,VISA,2cd36b10-b742-410d-8636-dd1db867bbfa
4dc83b58-9fc4-43f2-bdfc-33cc22b52063,MC,fa402038-a07f-4789-8bea-587a9a08950a
2f352f0f-cdba-4b19-9b76-046375be59c5,VISA,40401498-f7df-432c-91ca-9ea51512205b
2f707db5-7c65-4f83-a588-02d81e94a932,MC,f1492a54-614b-4844-aea8-f49f207a7d26
b9fb4beb-88e6-42b8-90b5-d456bb1b0d85,MC,a312b837-2912-4e9e-93e2-68f731d497b1
92d38a34-d03e-4d59-9b57-7cc8c99d1cde,VISA,3d80664b-90d7-436e-a147-f7f7efc86bd0
545f3974-41df-43f5-84fa-49c95a6bdfaf,MC,a2c1fa78-7b5f-483c-9401-33bb4abdcb3a
bc1d7cf1-0d12-44fd-a178-6a536c8e6913,AmEx,2101d732-ff0b-4de2-8132-696ec3c268ea
b3604785-5504-4f6b-91f0-f9b6636e4b1d,Discover,0ba163f9-d4cd-43dd-8f44-d269385aae81
09d9ee14-716d-4d0a-8a62-438efe752463,PayPal,70fb5778-102e-47fe-b924-43980b33baf9
123f072b-74cf-4747-a811-ecc6e649c5f5,VISA,66029452-bd51-416c-8b65-1d282c3f0e27
3c7d43de-d278-44a8-a8ec-5b65eab06b4a,VISA,67e04f2f-5afb-40ce-8866-46a23fe5da80
5256062a-97cd-4f1a-9e8a-70195a85b0c2,VISA,9cb2622a-6666-4a42-808b-2e53ded03efe
7346c165-c1d4-4dcc-8190-fb4f18c4ca8a,PayPal,c5222db4-34e7-4419-8baf-0be65582f027
1231dd7d-8c95-46c5-8302-c9f0b0e831c0,AmEx,c6f415e5-4c1e-4edc-8ba1-11f2fd0a46d2
99b2af79-6d2f-4668-8a6b-a4ba57134f69,VISA,24e9459f-5a28-4777-bf94-3915881b0edb
6f2318a0-4182-4495-bcf0-cbb53f60f37a,VISA,a9488679-0bc0-4670-91e9-593012f93314
deca82a8-3e4d-4db0-8a8b-7c649dd3b599,VISA,0dbd0acf-7569-4e6e-ad4d-f53bf3891e80
f34a0226-d63c-4d11-9ff2-d908a28e9bd7,PayPal,88b3b372-30b1-45a1-8525-f7ed5223885b
b672d9e2-ef72-43ce-a5e6-6f6c0f7d1c88,VISA,0179e67d-922c-49d9-a819-e9c79cbacaa6
8f4ae609-b86e-4816-88ec-4ff66d384fb6,MC,a951d2af-7ff4-470e-94e2-30e828a624d2
3310b5fb-5284-438a-a03b-fa6b02c2a17b,VISA,73b9bca8-6069-42b1-b442-b8c4cfdad21b
85dd622a-5ac4-4ee9-aa69-dc3b5faf82f3,AmEx,48417247-e1f3-4ee3-9223-cc75ae9b7fc3
04093281-fe81-41c4-89ee-202b9daac216,VISA,e1040cfb-b9ef-4921-b1f7-0442c6f824b9
9b514cb0-aad8-4e93-b8bf-5a40d2c3a3a3,MC,b87c3314-4ccd-4699-843d-2db91cb999d1
854e8b19-6a10-4cc7-ae29-788adbaac2a6,MC,99f392e9-826b-4e8a-ba88-3c65f007f545
70535b58-5049-4bc8-ad56-3f9b10895cc1,MC,7f0e967a-c46d-4a82-83af-5a6629c69fa8
fb402703-e66d-4c31-8d68-48cdd1020234,VISA,13958b48-1ed7-4bb5-a500-0772fe0402d7
ce2a382c-981a-4048-b38a-85a49b83339c,MC,e229379c-1ea9-4e5e-bf40-8058468df0c4
405b2126-05e1-4152-8b67-2410fbe65bab,MC,ace7beff-596c-4b98-8a3e-12d3f55c270f
c539b57f-2639-4338-88c9-6b191ddd3997,MC,f9821ff1-9609-46d3-8269-537cba0e5f2e
83e5107f-3258-4bf1-95cd-1193be1d4ff4,VISA,6fde5c61-fd2b-413d-bfc2-8015115830ee
e2c7439a-9aa7-4b45-a9d0-12ad411303c0,VISA,47680140-6cd6-4c97-873a-35d9b313ba15
bbcacf05-b197-4f2c-9bc6-7c68651e8e02,VISA,ddc99ced-54cb-4592-8e0d-316bfaeabcfe
1a46fe70-da08-4a88-b0b0-91ff3218ab86,MC,7a0f689b-ca38-4a4c-9eeb-ac059160b26a
66a56c5a-e57b-41f1-8c8e-d440c95ed395,VISA,cea3dc58-7142-4756-b460-51acce93093e
fc0da079-c3f2-4dd5-b9a3-0fd7a4a33b71,VISA,784113f9-96e8-4969-a80f-14f22f74dda0
549515ed-b925-4f2c-81d0-52de7e11eb1b,PayPal,ecc33649-5143-439d-b41b-c465197b3883
0e6e39e8-1c64-4a2a-9281-e8372c1aa4f3,MC,aeac81ed-ecde-48fa-8334-a4e6964d424d
0bd70eac-1e38-40c4-8798-2433e4c788f0,PayPal,5f480b9e-6c4c-45e6-b76d-a19d25f8f5d0
6d0f66b2-16f2-4518-b8c0-1644022a2960,VISA,025233ec-c053-4e21-9c6e-54e06284e59c
cdc5844d-1945-4e42-9266-76240f0e7197,MC,d996dcc0-f07f-4a4a-8010-46c1872fea8a
2cff3196-2b96-4b8a-964c-d971d4aeeb88,VISA,00f783a7-ff51-4fb6-bd80-865f6071377f
725b2fc0-183a-45ed-a01c-57832bf331fe,Discover,96d9684d-6441-42ba-81dc-2c9ae1234098
02341031-4877-42ba-9a00-86e5ca4f42c9,Discover,e60dfb31-1c63-4596-8bd7-769aad9bf7ee
51fec216-fff6-477e-bcfc-60b47ecb3d0c,MC,1ac534d6-3fac-4e8a-a301-c5e48e030085
3d750af2-3cee-48f9-8a0b-68dc230ce3e7,Discover,72047b74-9c7a-4f94-b9e5-474307950b36
091a6b25-998e-403a-9712-76a5e29d5b59,MC,dea7109b-5066-4078-b475-9db69398874d
15039485-9e55-485b-b3c9-03691761408d,MC,c33bf530-4359-4300-a33f-25f545a6d9d5
a5f35c9d-eea1-448e-9ca5-be105f2ee303,VISA,86f934b9-f659-4e44-a0d6-24e3d9735333
b3bae43d-991a-4a02-9fc6-d0afae8e6126,MC,40e7abbe-61c2-48cf-b65f-cec1afedd099
898a5fc0-ddc6-4b7a-8fa6-6310e6ac81bb,AmEx,41c8a1f3-1e42-407a-8c2a-16e4fe913dc0
fabecbb3-d0bf-4ef0-b39b-3b5389e90d00,VISA,01b14998-2ab1-414e-b6d0-57365a535906
ec19a55c-233d-4688-9204-4e87f971d6cf,PayPal,ee23be77-5610-4184-99fe-83cd45589c89
c6bbc360-e121-48ae-9b7d-4ea52f0e8e38,VISA,0f4a830c-a55b-44ff-a72a-e404a7e21bda
b47a51a7-bd3c-4e96-9c4a-5e8b809c808e,MC,4100a412-8ac5-4d7c-ade8-0f5c6f0e530f
9f934cb9-d1bd-40aa-8727-702bc3646491,Discover,5f81d302-2f82-4866-be81-02a14b2671f3
e6c6e90a-a97a-4edf-9b33-e9b8bc94b523,MC,f17a48a4-d7f9-4280-95a1-8f77f2164cd2
58ec8d33-ee92-4bb6-b6cf-72b80fdfcf91,VISA,753d1595-0a35-45ed-be1c-a23dbdfa539a
2107f12f-51a8-4001-8dc6-0de874bb8e3d,VISA,357f5b02-3cd4-4be2-9e53-32f456783fd4
088bb73b-1f69-472c-a12c-13ed94ad16fe,PayPal,1b98bb5d-f94e-44f3-a224-d2e98c344616
c3f8ffcf-f7db-4a6a-995f-4323f3fe1af0,VISA,f6af3e24-498d-4355-b933-b5ad803257ea
9cf8f7d9-5c2b-400d-8b4c-345f8122de93,VISA,bb9642c0-58d7-4d58-a600-e78108c167f5
522b5e9a-4c54-4b4a-9cfa-bcc9737ce903,VISA,e49c0ee6-f66c-4b43-99b4-ac5b7f3b1a30
bbfde3f5-8dd4-41b8-8ce5-b15392bbfa98,AmEx,cb2ce9c7-7c08-49f8-9a02-bdbb60ed5084
07777cb7-e858-4e84-94f2-baeb841d296c,MC,3600b4b3-701f-48b1-9529-47bca6341e8e
9963c80e-1a9b-49f0-9b75-b29c8fc14068,VISA,20dfd6ef-72f5-4aba-a3c4-6fd99aade441
0327afc4-21f4-4db7-aed3-190e36f6bda2,MC,b2398d0b-e8b7-4363-90d2-b202fb26248b
92e27306-74dc-4e62-8e50-81d26131d9ac,PayPal,495036b3-c178-4e84-809c-979a97fc3104
273e40b5-8a3a-4b06-a5e4-a439caa3b70b,VISA,5a12b5fd-5199-482b-94dd-2dc3bf7a9b74
aaa3be12-914a-41dd-875c-6761ed596829,PayPal,a6d506af-0371-4c08-96fb-90e30915d3e8
7f0cdf67-a8f8-4000-bfae-9a18a0a0fc16,PayPal,b9827058-af24-4429-aad7-6380bd85442d
d968331c-79ec-4568-a339-3180f7bcd9db,MC,8af7ba18-bf0e-4285-a010-0c5f0ee77830
7b310fe8-6b92-41dd-abd8-4adf54f16cb7,MC,1cd4b1cd-c3ac-4a42-9f41-97414b2622a1
4fbb7a64-487a-469f-a986-2a7b7e050e38,PayPal,3ea80d9c-4ab4-487e-82b7-05856b76ef73
8d762c22-40e8-4dab-8e9d-f7d49da2ece6,AmEx,ff279218-fb71-482f-8e97-d55f7a9836cc
1437384a-7c4a-4f98-a1ba-724902325de1,Discover,5b6767ad-43b8-4b27-8c65-1d4a5b19d9f5
399c46ce-f0a6-4c23-99e7-0dd0af3fee39,MC,107a5a87-e261-46a8-8d4e-466c6bff059e
631d042f-aaa4-4b30-b979-8bf3f92b4242,VISA,453a48d3-ba82-425f-b4e3-72ad55e9ce64
7fff532e-87c8-42c3-976c-99e16486c855,Discover,0b639a9d-9819-473a-9027-7dc91e1ea106
196e2c3c-f6c5-46c3-9acc-e264fe7bef5a,MC,94736cfd-22e8-4740-966e-c9d3a9fe5572
93ab5877-3e2c-4cbc-9723-4b827252d604,VISA,148a5cac-9cfe-432d-bf9f-d81e288b2a2b
5722b683-de25-4292-a8bf-79077a8c8d20,VISA,959ece08-1eb5-4e5a-8a3a-d1eb0efbaab9
05056f27-29e4-42a1-98b6-bf28b7f4b3de,MC,2f649e6f-43f8-4b3a-92e9-fef8f5845db5
bd9cc90e-1293-4add-a1fb-8cee1dddb4e2,MC,cb44b0a9-668b-4fd0-ade1-a026d31e63f9
6b8a0c25-2812-4814-90c3-0eafadf2796b,VISA,6436fac4-42aa-40cd-b477-7fc2e6fbeb3b
036ab4fa-7b39-4e72-b58b-9241637e7e7e,VISA,68f6937c-d7c3-41ae-8f18-6af1193152c2
570a5530-c80b-463a-b813-94d8f82dbefb,MC,dcfd6e9f-4f6c-44c0-b521-a73b63f796fc
042e9183-0e49-4d60-871c-6ac37bc859c8,MC,d8f63430-a924-4c15-ad08-7b8da47d1a58
953e8c65-dc9d-416c-9cc8-873d7e8b2cd4,VISA,db2bedaf-af18-45cb-8aca-6e0a0110c7a8
d8604244-a02f-43fe-b072-98e80575602f,MC,5f47d961-8e32-4830-b38c-0f8b27cc4b09
3ca85860-efa7-4eed-81d3-70dfd781b308,VISA,d299d5ef-2846-4e73-a5e0-48040a97dbb3
28b5fabc-3755-4b52-8ff0-624f3714ed38,Discover,98b07645-0350-45ba-ac42-2e000a13e684
d0fcd6c5-5a09-494e-a0ec-5ff995f6bbc5,MC,cd27b882-7698-487a-a609-fb513aaa28f5
c129f55d-f7ba-4796-a8eb-e05c2077be64,VISA,2d854aed-29a2-4c5f-b6ea-337e0dc4f1ec
62978a16-f89f-4852-ba74-a3afd36d0765,MC,f4b2c64e-4295-4592-bfa9-4c0546a876be
a31e823a-c75c-4286-b7eb-8c02c26d944a,PayPal,37ce91e9-371e-45f8-a90f-a342a0fc3d4a
8d515a48-0df1-4057-a400-0327155473bf,VISA,ef2209e2-9154-4a73-9e9a-c4bc72c8651e
1b136de6-2271-430b-ae3d-d66517ec4828,VISA,f958b0db-68ad-4c92-ad73-b328a5ab0a76
4db1008c-1985-4385-a162-a375763b6b74,MC,3ddf1642-7a52-4763-968f-7ba4ed3ffb92
6a2a7847-ccef-451d-bae4-96fd71c6382e,VISA,6b3be684-9254-491a-b132-26aed30ca3d4
91b6f072-422a-44f5-8ca5-6cfd27e512bb,AmEx,d9658718-d49f-48bb-b08c-1e83d44212fa
5961ae5b-88fe-41f1-b350-7de72f8dfacb,AmEx,72fb777f-4a6f-490c-bc2c-fa393902bd2f
62d9d39b-e81f-4947-966e-54ae349cce59,PayPal,1914ddcd-4e1a-4747-8fb1-f590d8686fb3
3717670b-1de8-4669-84bc-734f4a2c1bb6,MC,315cc6e0-a5bc-4b46-8a24-87825adb83a6
3bc8ca8f-47e5-4f75-9620-753c79060c70,AmEx,555ea51e-5bfc-469b-b0f2-221b8d499aab
bdead656-0cbf-4f96-a18e-cb59b684ad3a,VISA,40d810ad-6336-40ef-a35e-3f01c922acda
ff5f0347-d420-4b6d-8c96-ab2cf5c61127,MC,651caa46-3477-4ac5-8067-a69699dfbf48
5bc34674-7c8f-4c03-a9b1-cd99f0f49af3,AmEx,f384cf32-7aef-4830-8c8e-3262c440e762
ca721a62-e2a8-4bf0-aff9-f5abf0516e79,AmEx,eb39fcd9-59eb-4745-87af-a15aa1c38e6f
be122e66-051a-4e57-b41b-e6943030afcc,AmEx,2a73ecc0-c7be-49e3-bc24-b216e0c89bca
6b3ee242-5f31-4657-af82-868a7019cb1d,MC,bf5292c1-408e-4ca1-b175-a627736e2625
090c89d2-445b-499b-9b1b-06630d01dc9e,MC,861cd606-78a6-42a9-aa5b-1aa117899058
67aadb1f-6cdf-4550-81bf-9ca07cbda8e4,VISA,5ee1c82d-2b1b-4e0d-b776-b1e6565b2914
92af4151-4847-4062-9303-b4bcd9b47371,VISA,21be1d76-6ee8-4937-83d5-d227974a1ff1
836bdd67-192c-4362-80a3-95fafa747509,AmEx,f0902171-e23f-451a-9666-8bdda089fb71
15860ea3-ecf5-4a59-a8d0-c59f4c92168a,AmEx,4966ed79-2310-41b8-8d94-5840840383c5
38689895-de28-4183-95f6-9f37a0762759,PayPal,8bd32a94-b42d-4813-8cd6-4b5326bbd95f
e0b9d8d0-52f5-4164-a2a5-55510df85a5e,VISA,70b50f5d-76ca-41f0-9dad-3c65fe1a1c08
655e4773-b58c-47ab-96f3-f56f84cc3bec,MC,c7c8f78d-e6f2-4ecb-9514-8ca27486d2ee
81ecf9c6-ab71-42d3-8da3-9ce84511ed82,VISA,d7a0a924-708a-46bb-9eaf-d1374cf3b69b
1ce0ce80-5084-4a98-807f-89d5e30220c7,Discover,ebc69592-711e-4816-9c42-f4bd1ef6100c
7a75f134-981f-4bdb-8b9e-079912266077,Discover,425a5f32-0041-4363-9a4f-f7cf3f7ab1a3
9055e0b4-db66-4162-b9d9-daf2e40f5464,VISA,8e6a3349-d414-46de-aa03-11a5f256d3e0
e33b210e-a6b9-45c1-b8c7-60296f6934e8,VISA,e967d147-a7b9-4ae7-a953-fcd59e919a9c
7d8a901b-b5db-4290-8598-2f5ab4098056,Discover,32d0f19f-2609-4d82-951f-9e71f0bdd0b4
1c0043f6-243a-40c5-bdbc-0b473323956d,VISA,4f7cb45b-e7d1-471e-8216-1f3cf1cc7c8b
44566e01-5e4d-4e11-b6c2-7575b5d2c17b,MC,0c08356f-ed1e-4376-b3e1-54f21e68bce7
7694c8b0-4d97-42ef-8d09-2831c3e61342,MC,922c3099-e2a6-4f4b-bdc6-fe2db6527b74
1a4a5866-bbab-43b7-9801-717a38d757b1,MC,5925ccc7-734c-408b-8187-7a6142423be6
0fe9cfe1-9d5a-4fa0-aa5e-e82ce25ad436,VISA,cf888d02-e9df-46f0-80f3-f9d80d1fa2a3
9c547d8f-b4da-4b49-a8d4-985776f0dfa0,VISA,3f83e2a4-a555-42ac-8c38-a34954a4d4b5
b54022dc-db53-493b-b2bd-b8fabc0bf9fa,MC,42588b6e-3cbc-49a4-8cc4-9f1f712a2da9
0d674d15-8863-4118-b33b-38aa9137cfd1,AmEx,7e840c05-0e2f-404e-b092-a6b9e2c709fa
7a8de2b6-91d8-469c-aff0-fc2cc86e6d08,PayPal,4ebffb0b-4d60-4145-8283-11d28a6a6b1a
cddccc85-3255-4326-b6d4-cc6270d3ba67,AmEx,ac2599b5-24c6-4cfc-aee5-e9da9e70db0c
7b0d939a-c119-495d-bba8-c28dbe8306e1,VISA,1033bf87-7dcd-4474-a6af-d339ec7c66d3
609c79de-1800-4ca3-8b8d-6c388d334cb6,AmEx,ce640be9-b138-4576-a55a-41b6c56eaa67
2f110a63-f1aa-4eca-9172-12775ea9c1f1,VISA,dc7edfc8-8797-4e26-948d-17257b23fd6a
2ebdc6fa-91e1-4f06-9370-b709c32ed336,PayPal,06e5e1a0-4f40-438c-8e71-e637d81f0093
30fc9e03-e6a5-4f76-9901-97de6efa5ee8,AmEx,add8ef35-5439-4fe8-9c86-0fda4492445b
c2b44e8b-5661-4818-aef6-8490a8494623,VISA,a8fd6617-8e05-4508-9f14-a8f11f01019c
1991e061-8542-4d11-9e43-bdb47ef5cf3a,PayPal,604b95d2-67c4-42a5-9e17-20ca7b6d86e5
e7549033-24a3-4290-8720-e5ee046b4ad5,VISA,fb7ea749-7574-4945-bf4d-a7c8a4d4225a
bfe0edb6-a7f2-45b7-9fd0-10701a1a600d,AmEx,099eca9a-a276-4ddb-8a12-57a854ac3050
c1f17960-900d-4b9c-bc73-1bf8407931a9,AmEx,3f7c0bbc-4881-4227-af61-6278254975ab
de9ed447-38b4-4d38-924e-2f5c1fcdb376,AmEx,7c4026af-76b6-4690-8db7-eb61d1f9ff92
13f959db-c9f5-4987-aa9e-9e6db3d83e44,Discover,5ba08976-06ef-41e1-8a11-6aaee33227b5
c90a06ca-67f7-40b2-85d7-5d6f1e447028,VISA,88551de9-bcec-4ced-b139-08ec99b31b2a
e7bae80e-7eb6-4d5b-b5d5-9fc57c4ac373,VISA,093e54d9-a33b-404a-9f07-dcfcb8ecc612
c48e1c21-9511-4595-b652-1c5a72955d61,PayPal,3c53c739-455b-4c3e-be9c-b8a4a065102a
5b69efbf-5b9e-4b70-a349-41ff90d8caca,PayPal,ece1e314-b598-4ba1-8d4a-116cab92c3c5
6a48ff31-8d04-4f79-bf52-8ae16aba25a6,VISA,dadcd025-1a00-4190-9a7b-b4891ee49e75
4e7de8a6-74f6-467d-a148-f5a2d011e7d7,Discover,22c53e2f-88dc-43a4-9f36-13e39d533cf3
269420ce-9fa9-4a14-a575-01c03aa96bf7,MC,b192cde0-3af1-4fc0-bc61-f4f08a7e4d8b
ab2f599f-ff3c-4281-ab72-7623bae2b87a,VISA,489d2e50-85d9-44d3-bbd6-65e5c7599dcc
47e27c43-5530-44a6-a98a-8de98a713753,VISA,27bcca1e-227c-40ff-aef8-60d75c09741a
1e69d448-6c2b-434f-9af5-6b41b7912038,MC,6975fd82-f310-4bd7-a5a1-7ddf180f700d
2ad4eced-d9ec-452c-a9be-90f2ec010d11,VISA,4bbd45c3-ff62-4f7b-a854-61184f3b35a0
6f2add98-7be1-4d51-91bf-d70600d89091,VISA,e12b3d17-b2e1-4f30-b5f8-7f7c9f768541
87bdf616-fc79-453a-bcf3-6fcaa6336095,PayPal,99ed1aa8-8627-4679-80eb-39bc601e3115
5137fd0e-426e-410d-b6d0-e1b0f55a157d,MC,1b5aadb1-f9a9-4258-b06a-956473511108
055a0dbc-f614-4a69-b4aa-bbc5ce78b6a2,MC,9f3def6a-0fe3-47a7-bc6b-e989b38b4064
c0533474-816c-4843-8081-3679e53c8e26,MC,c4b770a8-2522-4ea1-969d-54554bdd5be0
6d57b249-9dfa-4580-bd9f-7908ed06b4b7,VISA,b80240ae-be7e-46b1-87ca-749af1ada789
45d077e6-1b61-443f-bbd8-937e07e6360a,VISA,4bd75f89-0734-480b-b62b-51f7c6390fcd
dcfbb784-007f-4bd3-85ea-1159f53a6f55,AmEx,71bff802-6ca2-4cf3-aa0c-0229bfcbc747
6af1e4df-bda2-4173-949e-9a7fdd810398,VISA,9b5cff0a-ca71-46c4-ac2c-aaffbefe9304
36d7cb27-0179-4248-9985-11355e5e93d1,Discover,990ccbd9-ef30-4916-83dc-bbac0c506450
342b6ad2-19ea-42ec-88a3-7673a598d983,VISA,97fbc7c3-0dd1-4b8f-b810-25633e07ad46
b420659d-e19d-4a8b-9681-020f0438c634,VISA,b1d885f4-f97b-4985-9ba5-90ce816d4e0d
61ca5b4d-2047-4131-a53d-14d7269f1ccc,MC,71033ce2-42e2-4ec2-a780-576344b11074
2d5ff0fb-8c34-4e7e-93f8-fc15127a6d0f,VISA,0b4138cc-33e7-42dc-9ac0-88ea1ca5c4df
6b06bfac-c7e2-46e9-a827-6dd83f423bb1,VISA,e1668fdd-d843-41ea-aa8a-6827050d9729
da39c9fc-057e-4a93-b099-dc6ea4020af1,MC,0bf1045c-78ac-4925-a4ca-2742f52c1b48
45e78e32-3b0d-4245-8bbb-15f3c26c8267,AmEx,7f2ecd85-c242-434e-9a17-74d12d0d5e71
953d7b4d-63a6-42b7-97c0-834fec119142,MC,5c203f6a-6377-4578-8159-602ba9fdf7cf
3af1bdaa-1a43-4f4c-9277-bea079db9d4a,MC,36c67f67-1a8d-4f3c-aecb-3140336ca72a
b1e4235f-e57c-45ec-8487-cd8268facdba,AmEx,37091ce9-65b3-41e9-b3f9-761bf0c48853
c8f780e9-7e8f-4758-9209-729e82fbc80b,VISA,079b4317-632f-4ffa-9a36-a16190ac1cd1
cb626cc2-6304-4bfe-b9dd-c4915562ed86,PayPal,8d71c3ac-338a-4a4a-ae4f-24d0539ddd2b
a5b35e7e-ff33-4c54-97fe-99b4d4e765c7,MC,f92483fa-e442-440a-a119-8ce58035bd1c
5443f93c-6e57-47e2-bda1-d8c41e058e0e,Discover,a6ecd047-8329-4a49-b302-3bc6aa439aaa
c18dcf0d-27b9-4f65-9287-6d4b9d5173ef,MC,c06a1ff8-756f-4cd4-b776-c43b9259f1ac
1c21fba0-08df-4901-b826-2b9bbd482fac,VISA,ebb2f2a2-cb97-43fc-a674-ee9ce1fcb172
3891647f-0f4d-411a-8c05-4573db23c235,VISA,90e192f6-91d3-4b9b-9244-2c615284d285
1a7de00a-ca33-4638-a71f-a18692af906c,AmEx,d3dd54c5-c3ed-4a77-a4c7-bd0860a677eb
23f5cbd1-9f01-4d57-9d5a-95b2e537295b,AmEx,6e86eb54-03a4-4023-9260-34177b49b714
8e0c1f33-2e48-4857-9bdd-14fe521a5932,VISA,ebc44e54-28a2-4915-baca-a2b89fd14b5f
7665da84-04c9-4add-8626-83f4be91003e,AmEx,7cc4418d-f159-4fff-8f04-2d6e4038000a
36d9695f-12e5-429e-81e3-b555075f95a4,AmEx,75928a68-59cd-475c-9027-d00e97d22d26
43ae1737-17e9-490e-a4cd-85de0aba8d16,MC,f5198d5a-8fed-4e28-99bf-7673aa6de9f6
5e106edb-0851-4082-bca3-46f358adeca2,Discover,f6e98e14-0eb9-4467-bab2-f3ddd4dd269e
b07cf5b9-8313-44f5-adf5-2db506cc5831,VISA,190de630-44c6-4b24-9386-b52970e7ad79
6d295381-8b4d-43bf-8073-3889dccfc3a1,MC,d539abff-bcb7-41da-a89a-22c7ed3561ac
00216af3-30e1-4ef9-ada0-5c4e29e4efbf,Discover,f8c45c01-7d74-479d-81a4-1ec15a00119b
bd0d4419-58a8-4f1c-b6a6-22a0f10adbac,VISA,55e19cd6-01e5-479b-9f99-68b3509932b7
154f88f4-f0d3-4a3e-8028-4306e8fade91,PayPal,9e71e8c5-49a0-4df0-9717-a6fd13f8a326
64be30bd-355e-45e3-ad2a-aecca39a8ee5,VISA,6bb0c5a6-1869-4830-81a0-82d659fba8c7
b9ecf326-09c5-4835-ab5b-ec6ab01e8d48,Discover,a925d5d3-cf0c-4f1b-ab43-349dbd8a12f0
d0efdfa3-2513-43fe-a108-25128e6b16fc,AmEx,3ecd15b7-12ee-4dfa-a44c-280c86ce8894
3ab687e6-6f6c-413a-bb03-a71d9d3093fc,VISA,5f4bbfe6-c3ba-47eb-ac48-2ef0c1489d04
3a3e87c5-faa0-4dac-be86-66aba763340a,MC,2f4ce438-79b6-40c6-be45-2213d220c3a5
6527b19d-8d6b-460c-bf9d-b1a42eacd7ae,MC,8b60be8f-f5a8-48a8-afd7-2a1367750cf4
ff93a4c9-f5f1-49e5-b531-6958cc11c37c,VISA,dc594c8f-265c-4a2f-995f-ad289ea61026
5647773c-bba0-411c-8b0f-0b972b48c462,VISA,f48a033b-9659-472d-8b6e-accf9c69e49f
8a53e039-d07a-423c-a46f-70ae1c7a59e2,MC,0331efd3-4176-41f9-bf8e-c7f5c56c3313
fee6bdb3-2e60-46ce-b746-6e800be26b9f,MC,87ba0285-a0f6-4c10-8ca5-a1ead4130ffa
e214ec32-cee6-48a8-a5cc-e60eb29ad9e2,MC,e104073c-812e-46e0-8353-99b96bec743f
0d24b428-61d9-4cee-992f-0fa975d35268,VISA,85ef39a7-dee4-4c68-b67b-847d26d785d2
e9cfeb35-17d9-4d6e-b1e0-44800a2440bf,VISA,2de599cb-9960-424b-b86f-58f92ec991ec
c422bf7e-9dad-4896-9e37-0e99715455b0,PayPal,650a76ee-84ed-44f0-8991-b46786f0e514
5552bdf2-121b-4386-b927-6724cbee8d5e,VISA,7e321827-e277-406f-8425-41679bfeef09
9b0a1c7d-dea3-42ee-9edc-91ab81a5ebb8,PayPal,ed103adb-dc46-4eb1-9058-86514e1f7680
3aff1b2a-f5ee-4b96-a749-9a267c455ac2,PayPal,37c3fe8c-8605-44b7-aa1d-3efdbfb72c04
90062fa1-47b9-40b5-a018-ad701214108f,VISA,823d8a5b-bfeb-4fd0-a173-36461c9e00b3
901c0f7c-77bf-4cc0-9e19-88327285bb51,MC,c15f1072-e58a-428b-8b3c-5003151b881a
18f6456f-6451-49a2-bdb3-a0f397484734,Discover,8636b815-721f-48df-9c6a-1e1e3492e461
378866c7-8ff9-428f-801a-70cdac8f9082,VISA,1f0b85c7-6557-4b6b-bb68-90b366cb53b8
95945ac0-30ae-4601-849b-613c9854e30d,Discover,9aec88cd-8e98-4839-95a9-1a1f4243eb86
b0c76528-29e4-4d56-9eae-6647d0a756a7,VISA,1290de2a-074e-4597-b720-2dfeb50b7e01
7c2a4623-f9c6-4c80-8c30-e4eb7297a15a,PayPal,6b5eb09f-0a93-4b7e-9700-87d5cd70d32c
ce983b95-ed05-417b-a18d-320c68482c6a,Discover,5c6fb572-271c-4f9b-8513-b601f3ea2383
f0f16f7f-8230-4050-9808-87f31fc6a118,VISA,a9cc4287-5b17-4537-85aa-0025280685dc
94b6f280-2a78-4fc7-a903-800bf38401b7,VISA,88eb2741-5769-4794-8043-c0868e5e28ee
aa22114b-75c2-4efc-a756-54b4c5215c4a,AmEx,54b44d28-b4a0-423e-afa4-b4a570a81134
ec67fb40-afe4-422c-81f2-df1efce97fd1,Discover,de544d32-c73c-48a8-8cbe-d0710735eec5
ac90483a-092f-4fa9-b656-71bb6d086698,VISA,3d25686f-1f85-4a1d-a8ee-7312b373a539
2af61299-447d-4765-8965-d2745028c76f,Discover,be94031c-5577-4961-9a44-3154f64e1c75
41a8a9d9-5469-4e5f-b9e2-a24fe29dd1d6,PayPal,14b511be-232c-451d-b1a2-1b485fdf5035
726f3c8b-7044-416f-bc28-5d030bdd2d00,AmEx,fc62cd9e-ca64-41ff-8334-67873b895d4a
9dbc3272-b895-4ebf-b2f4-c924470411c5,PayPal,a9523b14-e6ee-4270-99c2-9b89802388c5
d575f5ae-740b-4622-afc3-3117979b9f91,MC,e4eafe78-b541-4994-9d40-183ea5247c80
7b143fc2-f251-4949-9734-2278e2e816b8,PayPal,c030d5f6-8360-4f51-9cc1-e76f44fe1a4c
91cfd436-ebcc-4d4e-8b88-39fd60b37b14,AmEx,dc831e1f-070e-4a9d-89a1-4eae265c460f
72368586-3374-4bb3-a6d8-de4c5253b99f,Discover,01383139-697a-45f4-bbb9-f738c9d00429
32156deb-46f7-4cb9-b339-b29ea0026cd1,MC,7f18bbf1-7efb-45e0-817d-32cec2a3afbd
a285df4f-3db9-4938-8431-eb0c8e08e19d,VISA,ad4fd569-cf6a-499d-939f-2d2c45817360
f46a48f7-8fb8-4b42-9d11-9822440e41d9,Discover,c4a87b6a-4f03-43f5-af99-ac56bfddc6a1
df40b369-201c-4e13-91f4-4297d00c77ba,AmEx,40dcc859-83ec-497b-b46d-0dca9c439e31
081c5390-3c08-4310-9ac1-fcf27d78a921,Discover,c33401a2-cacc-45b6-b79e-62b1ab955696
7b03829f-4e2d-4398-905c-265aa8247646,AmEx,f9ca6c1b-d5e9-48bf-95b1-7d8776eb1e5e
91a5daeb-a2d4-42d1-aa08-6dab77aa2e24,MC,ef5c06a0-73ac-492b-afd2-a3f5e3a9a0f4
cf84ef00-2d4f-41ac-a4b4-4f13d1e92030,VISA,37c9025e-3775-4ae9-b722-81a82583892b
2a17351a-9654-4a68-bd2c-04e3d9aef542,AmEx,d50da7a4-3bf2-429d-adc8-583f1fc3336d
7d1dfd4f-9f6d-4e47-8f20-e681e963892d,MC,c548e189-a223-44e9-9a2b-416f1abba3bc
4f2dfe6e-f13a-49a6-abe5-4cc9a73663c1,PayPal,549a8232-afeb-4b80-be7d-9844bacd32f0
37565f75-4f49-48b3-a028-14dcf4f04708,VISA,6a542a49-8a1d-4c51-92b0-7ce78ea4dc30
ae2817e4-fd4d-4d12-89d3-9bed5741c117,MC,72234e56-bdd7-4e7f-b634-0c16ffa0bcc8
5c20da65-dccf-4090-8bc7-ed2da67f9ef6,VISA,1b0ea203-e980-4ede-ac79-e9f5d375be55
94f0a9b6-a084-4f9b-8cfa-4875d9cd7cfa,VISA,f0be922f-f1e6-47ef-a389-a75c58d256b2
285e08a4-7699-4116-a40b-04bcf61d0565,AmEx,3dd31395-55e0-4ef8-9c91-b7b34530b390
039ffabc-0490-4f39-9598-8e9cf7aaeed9,VISA,efd47f9b-e61a-4769-ac13-23d6abbcda6d
6379b3ec-5c1b-48ed-8d28-3cf14397e8ef,MC,782409cb-ff8d-41c5-b3a0-f5eae17d5524
bb32c68a-aad5-45fa-9183-4264cb631584,Discover,2c79f220-a06b-4631-bb85-6354c53a4a24
20ea38e9-39c4-4b93-aeb2-db463c87eda7,PayPal,4812acf6-9597-4f0c-9c89-01d8fa15afe1
f077d999-d913-4cf3-9fed-971fcbe74244,MC,bd521407-b513-4525-bcee-27232bfd8609
9617282e-7358-4dbb-9054-7ff08990174f,VISA,1e8ffa5b-7882-4bd1-a964-212435c72070
47f3d1be-4a73-4a85-9405-fe7f2a669da2,MC,997638be-2160-41f7-af7d-ab745ca016e2
96913b36-f2dd-4206-ae11-1cdff0acfec6,AmEx,7b3012ba-9402-4601-9aa8-63e9fc6e334b
b7dcc559-32e7-4486-9b3e-94b4c8849e34,VISA,5b85415a-aaf0-457c-9c6f-a0298c86b340
9c7b911b-8c90-482f-b2ab-c22fcd73a9af,VISA,02700fd2-5fad-42c1-8a09-234bd011e133
43d55105-0625-481f-b107-c46dbca063ee,VISA,7aa00cbf-571f-48c9-a933-16d169dd703f
1b91e424-5bd1-47bf-a2b6-32ca42f8e7e3,VISA,c4389d91-2fcb-4f19-92d9-d1260c9a5de2
6ff2e178-800e-48e9-9eda-60386639b68b,VISA,690152f2-e023-49f6-9bb6-ef88b6a876d6
5aea8161-9cbf-4886-aa93-3e249b506c16,AmEx,2fd53d1c-35f9-4920-94a0-80cf8222b5ae
2659a24d-68b0-4308-b1c3-dfbf1563d411,Discover,f0142ad1-0259-4c57-a684-c7cdc9a782fe
422da96b-662d-4bc5-938b-e307f26b018d,MC,0467f638-a72c-4952-9715-86d2fadc1d60
8c42c5e4-d4f7-47d1-8719-90066c1c9eaf,VISA,f7c76374-f43e-432e-bd40-96f25603708f
e2619a3d-775c-438a-9862-e728eac4d3f5,MC,550d04c8-8a93-4595-95cd-fd5e95baf428
0ff59cf7-4859-4c81-92a9-fce5feb76a8e,VISA,46c45daf-68c0-41f9-a264-f96a58464d24
9adfe282-1a6a-490d-a8f3-48b018eb61f7,PayPal,8188bc0c-ac3c-457d-8244-bb78362182b8
2427ddca-4456-4f54-99e1-79a0e05768de,AmEx,47aa2b46-ee40-48e8-96a0-a32a1dc84ef2
67d2f443-1df7-4a2f-b8c6-f5ade6ed862c,MC,9cf7c83d-60d4-4f91-a216-fae93d5f7605
319468a6-db72-49bd-aaad-2f029b97665f,MC,415db714-4776-4e1a-a002-de0f4f9a2757
941395b5-1390-4bf6-aea3-d6012d8472d2,Discover,ed58af35-3631-4e9a-ac4e-53c7d7608fdf
393c5744-654c-4405-ae5a-5a8609bc72a9,Discover,a65afc5d-124a-40e3-a69b-8245e6cee4c7
560661d3-6db5-4d64-a8c2-613e5bb8fe76,Discover,efac1465-eb0f-4e2f-96ff-cd496a3b5d55
ccf77dbe-1685-49cd-862b-338a878ef826,VISA,b14b02b2-3959-4aeb-bc1e-078cddac95d8
9c5c65ec-bad0-46dd-b12a-7e6c6149506d,Discover,2a36383d-12d2-4316-8661-281435f2bceb
b4e1a2c5-fd23-496f-87d6-d1a187cc351c,Discover,1c596585-e92c-4cbe-996d-9c9ca86be568
e70d4c6e-9a08-4eee-8485-5f38ca4352bc,VISA,47e8ba09-5950-48cc-86b4-ee1d88be8cf7
a76bc50a-43cc-4dcd-817f-ecb5b39967d5,VISA,e1d648cf-adf3-4acf-8d83-ef36b1c5926b
8a66c175-b2fc-45fb-8631-9069458f93ac,Discover,c124b5a0-b8d2-4d1c-b6c5-40d6cbec4a04
91c194a8-a8e6-464b-824a-b6840d898acd,MC,afade492-274c-4071-98fd-5fd21e6ede0f
477931a9-0f16-42a6-a986-2bb5e088726f,MC,aa8a3fe5-790d-4f66-b5ad-6617f18326d4
ce2ad421-4de9-4aea-b71d-f17999d8ebf9,Discover,9355553f-498f-4846-ab82-e7429a8e4105
62d16739-af75-45f3-af4d-9b923e69d6c5,MC,bc509f92-3a1f-4999-9638-bdd5f1ef205a
68fa7c24-b3b4-40ee-9e16-04004ce6d7ab,VISA,1bcc8568-3652-41ed-9e14-12db904170a7
7241686f-1021-41a8-a709-42a14ab985c6,VISA,7e655251-55f9-4c71-95b9-c455dc738937
17a6055d-e08b-46a2-b0c4-f945948666a2,MC,184ec74f-840c-4c8c-8aa9-30d98bd2f396
3123ec23-7417-42b6-ae39-d4224cb2724f,MC,1cc1a785-24a8-4e7d-b12c-71c8cded707c
1ab89abf-d80a-4ca6-a87a-d3080d2b2900,MC,91fc83a1-f26e-44f1-9365-c71b7bddb19b
86ba3f0f-77b0-42fe-b6d4-3411e6ec149f,VISA,ee4cb091-1bdf-45f7-a4d0-a058483ad41c
bb4a3d6a-dc6e-4af1-a2e3-8a12196ed7ed,MC,fb61d3cc-7960-4761-96b5-8199d4454439
0ca42d7d-ec46-4dd2-ba4a-31837f092f24,AmEx,621c9671-cdde-4921-88ee-bce5b39a7155
50fcaf1b-c7fb-448e-94db-98bb5e29c3b0,MC,c07c35f6-2d7c-4179-9ac7-e69b6486edfe
2c57e8d8-1d71-4cc2-9309-ba504da81556,AmEx,ada880e5-755d-4336-be33-1da309658329
f6bf9f0c-a191-4b62-9299-d50556c7a04d,PayPal,28bd8ce4-0747-46a5-bf19-e365be3b61b5
2f1f0fb9-17e0-4224-a4d5-ff69fe017c24,VISA,9a7719d6-1e9a-4a57-9ccf-e7c1b55c3920
aa44b168-1bee-46cc-91b9-aef287384e7d,PayPal,0bcb16e6-06b2-4c5b-80f3-76dacd221e2a
aa2b8efb-7657-41ff-8248-341cd3036804,Discover,48516e1b-9942-4113-ab1d-3b3c8e3942e7
8f094e20-b26f-478a-8233-7abb32a9d936,MC,976eb736-4057-4353-bf0d-b58fdb2176d0
58bddaef-2992-493b-9b3d-fa0642cd4ffd,MC,2e32b25b-e7c5-4228-97c0-4628ed4e2e02
f035846e-9949-498d-9678-c2f575f296a1,MC,4cac658b-47b1-4f90-9715-0dda7d430b7a
7feb5d5a-d82c-4a71-b217-b58b08f5d953,MC,6f0945ed-9a44-43f1-aa56-20301f0fa5c6
9d05522c-993a-463a-9c3c-cc2e6794a91c,PayPal,ddc58f1a-e553-4ab7-82f6-1487ed6eaef1
39959cbe-3f00-40e6-b87e-65aacbfcfb63,Discover,65f628df-ad2c-4c2e-9964-c29e4fd67170
17bcd818-216b-4ea5-9cb2-6320c3b8df9f,VISA,dd341cb3-e08b-49d5-b031-c34d4f35ea55
157686e0-08c8-4d28-806d-9c18c644bfa9,Discover,06624e3c-7567-4bf8-b428-1f042793feef
2a4b916a-c18d-4a34-bfc3-10efba8c1822,PayPal,73f033b2-e72a-4b81-aeaa-3c5e0547f89a
44a1c092-4fbc-4d8c-ada3-adbbf6be916a,VISA,f3acf984-41b5-4f7c-80ee-0b745d7c6c1b
b2aeff53-cdce-4e69-a1f3-0d631e09ee32,AmEx,378ae309-48e2-448a-b66a-338ab97ff97c
7cbdf463-e11e-4def-ada9-45f0328d2b06,MC,38fcbe83-d50e-432e-969a-46da3ff3a623
803bada3-9114-4776-a934-9684ff8d1e0b,VISA,fe27c5ea-1d1d-4cab-8d22-102820551a5c
01023d5f-7ae9-48b8-abeb-8c7a1a1bf81b,PayPal,3338743c-f3d0-4f1c-b52c-32d052d1bd00
f1294428-bbdb-44b1-9376-fb09645e85a9,AmEx,94544ddf-30e4-46c9-aabe-6d9c3de60e59
2b263b4a-84a2-48d9-b2f6-77a5f040f3e2,MC,91630dac-a971-4ff0-b9c9-fe26c4d90695
fe174df6-c514-4ca6-9f7b-61973020e6b4,AmEx,fba19f14-762c-427e-aabc-6ac05167d43e
01d48df7-7832-43cf-8411-2ab191d4b0d4,AmEx,21ce1213-75f9-41aa-831c-9696699ea19d
abb70395-8c9f-4fae-9bac-ed163f8888e4,PayPal,fd58da0c-93bf-4944-9c8e-837c060bd4e5
7a450a4d-7cab-428d-85b0-42324fad97ac,VISA,1d929f6e-b9c9-41fc-934f-1b696a487e23
ca57bc3c-d491-40be-ab7c-c93c07d213dc,Discover,f022c8af-111c-4435-ae10-fc1c2dd5c5e3
4d7e77e1-e21b-40df-a314-98e7fc4c111b,VISA,bbb3cf9b-a4bd-4fb3-b2cb-33ca55dd10f4
a77e44d6-ce3f-4bf2-ab44-99db9580dcff,VISA,8c09c664-3898-4656-bc5a-e1c826803672
894c40f6-e2c6-494d-b940-8113aacd0d74,MC,c9734da4-767f-482a-b815-e7dbba8b71ee
c334b191-13e6-431c-96e3-992ce24f884c,MC,3ca63d30-11b7-44dc-9e7c-4608dd5c11b4
03cd65d8-4b10-4778-879b-c41dbff1fa74,VISA,68e2fc3f-9304-4d7d-83ed-12b2e3075a6a
889fb78d-c884-4e6a-9476-556a1fa8a89b,PayPal,7d6d6dbb-aec9-41fe-908f-07e489ecb334
7462cce3-40d5-46d4-9d76-bf73ed4279c3,AmEx,22b40cf6-fdbf-4042-9b73-d293eb013534
8c9d042e-1c74-47af-80a7-9c7e81973ea4,VISA,c8f2d9af-9962-4251-970c-7fc4dba9597a
597f25af-dcc1-42ee-a0f1-abfabf7178d0,VISA,5c7f6cce-adfb-44ce-8fcd-aa0de25c8b49
0629ac87-f752-4f59-aebe-c4e23257326b,VISA,89f4c110-e1bf-4a2e-9c57-71ce382b68b7
2adedfeb-b4d5-4732-b12a-934abb66f6cc,AmEx,b5f6cbfc-3223-4f90-9407-76354f5100b3
9727ef11-2068-47fb-9061-6c1938d2873e,AmEx,0e862400-0c78-4b06-88aa-53d853a4ac01
b31849e4-ae8d-4460-9c07-5823fc375f07,MC,f4675962-0c32-477f-9f58-d1a683c3a41d
fadf2647-5884-4c4d-93a9-add72d9f7751,VISA,07338a4d-6a59-4993-8bbb-a36c444b14bc
0b49d3a0-eaa7-4eb5-b748-4f0d0fda56ad,MC,b5bc919d-8832-4793-8443-947cb53559ca
f9ec218e-ea52-440a-b966-f5a62cd3add2,MC,248e3af2-84b4-49fe-8443-628e035373ec
5e436a16-4387-4239-a3fc-beb32c3922a5,VISA,95e01134-b360-4cd3-b2bb-2bd7dbffd756
5ae4b6fc-97ae-41a4-9a22-c4d112b7c003,VISA,a446a0dc-4bf5-4f2d-9dd7-d011c18599ba
9827f883-dd8d-4955-8023-ec36ac2f0992,MC,6fd764d5-3971-45e9-b61e-f1c96eccdf59
1abe5454-dd7b-418a-a9d9-0e25cb02c4e9,MC,457166e4-94f6-4a65-adf4-48b46da87ba6
9b096c67-4615-4d1c-95be-613761e9bab1,MC,e3646e53-9f1b-4aa4-8263-e9d7ef2a2572
b04cc9f0-398b-4517-8965-ad8badff65b2,MC,52a84152-717e-4239-bb46-dd37680c1d52
67541f48-15df-46f7-8251-8c45c941c033,MC,a72193a6-dfe6-4237-a6aa-b4afeae6fc4d
2be766af-1cda-4cfe-9a94-b02979ec4879,MC,57a53826-9806-46ba-9efd-c61583fba8ce
3cab82a1-bcff-42bd-b0ae-4f0cccd93adf,VISA,88ad5d80-23b4-40b7-aea0-64890423b304
967ecd9d-acd9-4aa1-99c7-ba6a07c83a8f,Discover,16f9c990-7347-452b-8b59-f54184ec6c27
d452ffa5-804b-44a8-8db8-3cc2d1504429,MC,7902da0f-e8d0-4c7a-bed8-84521a6f87d2
6aaf2ca9-28d0-4f28-ae19-359af8adf917,VISA,6988cd19-6fd2-435e-8fbe-6c960d10d289
49a665ac-4da6-4a53-bfc4-3b3ad21b0cef,AmEx,4b1e7fd5-8b93-4f89-8ee8-f9fc8f64f8ab
9a632f25-d6dd-4c8e-97fd-69dfe20576d1,VISA,d021d604-f30f-49d2-a6a8-5c610b97b493
4ada2f4f-7cee-4133-a15c-236c45c41e58,VISA,35187df9-dfc3-4e16-add8-ef0da243ced9
f71df8bc-d6a6-4b13-9c0c-c8ad7d95fa53,VISA,844eb48a-4aa5-489b-9b8c-1de762a535c0
ba557188-b0a9-4dc6-bb23-2ad76abef841,MC,469ca68e-79f6-415a-8b38-2309314f68f8
992cdc9d-acb0-4448-8b05-bc5984dd627b,VISA,37fddbb6-d27c-411a-bfd9-31d974b3b107
a1cfa7e6-9cf3-49ad-ae3d-7c2200b6bafd,PayPal,6512b8e8-d9ba-47fc-b928-697ed46fce22
4453e79f-46ca-4336-8ea8-bafdacec8560,MC,6bb285b8-0104-4ec6-a35a-7efe1a83e727
2c3eb5fd-1d81-4e26-a2b3-ced31e79bcaf,VISA,d7f7c026-b16e-479d-afa5-c1ac22bd12a0
a3466c03-d871-4b3a-b165-39d536234a62,VISA,878bdd48-30ad-4b4c-8962-74f343c40ed0
5dcea80c-51e3-42c0-9826-04c205e62e41,Discover,7652be22-4b42-46f1-8024-c714c62bb68a
3e86334f-2899-4faf-8f51-ff2562c8181a,VISA,7281c537-b165-4a5a-acb9-fb3ab3c42ae0
47019061-7124-44fa-960b-c8c8e96a0c0d,Discover,02557105-074c-4853-b197-27911de06fd1
3a24c096-2a25-4e5f-81c2-48eb426c8709,MC,e2d613a5-879d-4d78-a69a-386f12ed7d94
d7c09f6d-0a2c-4d98-a7c4-7586229326b1,VISA,39c0b3e7-85f0-4bf5-85ae-3873e0b390a9
3675f2cb-19cd-4bfe-98de-801385efe99b,VISA,11f23f9d-694f-4c8c-8a94-d839ba95a365
e3bb0b35-3c78-469e-921f-cd402011a468,MC,c25a8e2c-2b98-41ac-ba78-1a2cb31fe62e
8c106df7-a339-4d31-b5ae-30c8931c8aae,VISA,0870b2da-8935-44ec-ac5e-e27c93d25c3d
6dd8b9fc-decd-411f-8295-8e0ab19d8f73,VISA,b43164c8-86d1-475b-8eaf-270304042751
8fd06a3e-f442-4317-8095-8135e5b55a60,VISA,d7e1dc17-2ca9-4122-b46b-c80d95ebf3e3
049a6527-a019-4ce0-af64-0fb7558a59df,VISA,c0196ecb-74ec-48a0-b7a9-ab3d701b51e4
d21ceb3d-764b-4efa-bb1a-0ccc85d49c31,Discover,9e44810b-da7d-42bf-9060-f2032d4edf21
89fd529a-c965-42c4-b536-16d5c5b99b9d,VISA,171e902d-541b-4d11-97d4-a985040bc26a
c4962425-fbeb-4180-b9b5-139accc6b1c6,VISA,23514e92-4994-4f46-b82a-41e6b6559d70
a679441c-e2ac-404e-9208-5def4bbd8125,AmEx,e6ffa935-f608-4bec-b7d6-b3a516b03a0a
98d9ed7c-741c-41ba-990f-5525ec5d40eb,AmEx,1fad4cd8-483e-4d15-b5fb-918f55820cce
fd173772-a6f2-4b6b-be1f-805bde718f1c,VISA,33d1fc33-73d4-4bf1-aeaf-de3ac59b9bd7
87333113-f987-47db-8155-701cd21f6c4d,PayPal,fbe97ce3-a507-4528-b232-36f954505c25
42dc2597-b9ae-46ef-a493-e5fcdce35741,Discover,6052d8aa-ec8b-4dc8-9ea0-9783c1974c40
7ac83294-a5f3-4e9d-b22e-4a672e7becf8,VISA,4ee99040-ce4c-47c4-a23f-73c2cf5ecac2
a43d7af6-20dd-4a44-a576-e0e358fa1a60,MC,01f5995d-8c5f-40ea-b9ec-911068872a00
04f5133c-4e67-4bc6-bac0-8a74d176b13f,MC,0bfb443d-df2d-4273-a55e-080a417a0260
e70dd1d6-4781-4836-8b4a-8763545c5bde,VISA,1d759a73-df31-445d-bedb-8aea3296fef8
2d0559e2-262e-4ed6-8440-2ea5ef41757d,MC,7659274d-ab55-470c-890e-b73409598217
035bccf7-2131-4530-83dd-15db513810f9,AmEx,8ca49814-c311-4c21-bfa9-940e24542de7
ff577a4e-0873-423e-b503-cfff0151a89e,VISA,744e4fd6-a50d-4512-80f7-5f478d109e7d
014b6a3a-aa08-44c4-b823-685c35bae93a,Discover,c1cc5424-79d8-4350-8d86-7a5ed2b6c616
77ab6d9f-2131-468d-b5fb-773ea60c7ec6,Discover,d02b15d7-44d3-46ff-aa48-60d6262c3a7a
5ff85213-950b-4e8a-8f2e-29abc856803c,VISA,5cae0310-06c3-47c6-adc0-6b0e26f47572
457d9cea-9b9d-426f-b358-7f7bfb4036c1,VISA,b188e36b-763a-4505-ace9-0802e67dd36d
406b1090-952a-4de0-98f6-5f1e9f12e0bf,AmEx,eadba6a2-50b9-401b-ac20-30b92b4f9a96
52ff491d-6460-4bd0-a283-dd63a50b4835,VISA,1d2e4786-bb3c-422f-b21a-15d07918bd19
5b13c79c-bf8f-490b-bcf6-a175eb698e99,MC,16f7e491-49a9-48aa-9458-6f5a39ed8761
f1e51b51-ffbc-453e-976c-fa39d94e6f66,PayPal,ddff452a-45f6-4e9e-9f88-b0a2f16da553
456f6da0-b0ec-4435-805a-e2dc9f3fda0c,PayPal,b11d3597-05d3-474a-bb00-23bf55ea8b5c
81827159-8fac-4a0b-9892-b1dbcb1118dc,AmEx,b6da738d-83f5-4de4-a6ec-fe62869c59a3
3efe058e-a6d2-4bde-b723-b535a1f38440,Discover,640fc15d-c988-4d49-b579-0296dbbe5018
cd5dcfd1-20f2-41ff-babe-02edde729564,VISA,f9028bbc-ee88-46b9-88c7-e2ad6960ff61
9056d277-1f4a-4da4-9110-13bac582d639,MC,7d0d0402-9503-456f-ad9e-48d5da22aea7
0cf5c232-c3d5-43c7-9e3b-80cbd1670c8a,VISA,1d399b7f-850d-42f8-9a67-d044cc9a53a2
8ae8cbf4-b8c6-45a2-9a6a-1192d334c4a9,VISA,b7b2c988-da09-484d-b453-c0f6770fe57a
74ff90b5-20df-4d40-b4c0-1f4b245fdb89,VISA,52205d12-b06f-4fc3-be7c-f013f1025c96
09dff386-3d22-47f3-9d02-d20a9d608e53,VISA,c9efcabf-e363-4beb-8479-1ed12d3a1065
7cc3fa0d-2ec1-473f-ada6-72c78a052dfa,VISA,9411abb8-32b9-460a-b43a-3b30a6801e92
2eadfd73-2edc-4c1f-8fa9-66da7b13f9d2,MC,e26e6735-854a-4f92-94c8-1af86c2e540d
8c114bdb-131a-4ae9-a865-126972b263a9,VISA,d8698143-d699-4a20-9d6d-01b640b555a2
5e451f9b-8658-4666-b42c-a3e5a3c4991d,VISA,f040f2b6-4289-46d5-97a1-10d207d0aa5a
073c996e-73fc-4a6e-8848-1e068473a7bc,VISA,ceb56dd4-6e9f-4ece-9908-065b5a5c41af
56a96b02-d708-42a2-91ca-4476e2800802,MC,c48ea76b-1772-437e-a607-8a5967cca61a
1254f976-e946-433f-85e8-24cbed83be68,PayPal,544dbd93-22af-4107-91f6-e1968a18b7ab
9fadd5ea-f6d5-4042-8d1b-ca41d5bdfd1a,VISA,57b25b01-5e85-4a62-bc74-777981bc7847
c42f796b-a67b-4fbf-9ed9-e68a472a1df9,AmEx,d66139b6-ade5-4ed7-a625-8bdd922dbac7
388675b0-81fa-421a-98f3-f56f8a709c73,VISA,651e4d97-380b-4446-aa9c-62c89b7468b1
2fee7a75-52aa-4c2c-9c13-bac4674a7497,MC,5f4b617d-5bf0-4365-b62f-67d4d38af94c
fdc201a0-3647-4fa8-a9ee-a7b78dbf8412,AmEx,c6fb1a29-a5a9-4aa8-8a32-e7683b0f4e29
75a57158-9e27-4706-9bb1-be61b5cf050e,Discover,c11e8574-2aa5-44fc-8ab2-f7d07131c4c5
9f7fc54b-d415-4b7b-897d-347447558cc2,VISA,a46051fc-8720-49a1-884b-4a48fa0d032d
12396fc8-84dd-4f5c-ba4d-983dd69effb0,VISA,8530e9ee-c6d7-486f-abfb-dc4df130b98b
28380770-7815-4a92-adaa-7e6b5e6cf8f0,VISA,51f85198-ca80-478c-958d-83f7141a6130
bd9e381f-48bb-4026-a2c5-c83451968f1c,MC,f868860e-f07c-47c7-8757-23ffe11c1b89
42db1c98-6a38-49bb-a8e5-049ffc040a37,MC,be75405d-5ae5-48e6-8fac-1b37596df683
040e584f-b032-441a-bea4-b4e3f24de776,MC,48a74dc7-59b0-4dec-af6b-c36a94538d8e
9b16a955-aa77-4f7f-b550-74d3fd1c94b7,VISA,b88ceac2-1593-4027-8851-ad8b4d129d02
2046e74b-1962-42ae-afc0-c115ece24487,MC,2396f085-2fcb-4987-b103-b08cb006f072
cfd1a0d6-0c0f-4bdc-a507-fa402d6da663,VISA,364d716c-90b4-484a-ac3f-34e0c7cd87ae
0787c945-db2d-471f-bddf-96e3236dc6b9,AmEx,220ed834-2342-4ab7-a699-55eba8964c44
c4838937-fe9d-4a68-b122-6da3e513e510,Discover,02e29086-3940-4ef3-b253-0a6aff2efe75
b1e0d579-8892-4b0b-960d-4e4f5c34c722,AmEx,91510b47-fce8-4d8a-965e-a1273a147291
523040df-e2f0-4a90-930e-78e5f7515a0c,Discover,120a55f9-a79b-4a57-b9d8-7641f7896280
3be5dd66-12ec-4a7c-affa-7d5aceadaace,AmEx,68f1a01f-9f21-431a-8e4e-77af05b1257c
814c1b91-f99c-481b-91fa-76c59a48b3dc,Discover,17800038-0b82-4851-912c-25d8c0890e95
ac0cfa1f-6755-4314-9899-3dd407e2a05e,VISA,69f36d0c-62b9-495b-9cc7-cad56403342d
765e8f63-a668-496c-84f5-a0ed3769831c,MC,59e63544-01d7-4f82-9705-7a3c754c7c10
d541a8f6-cfc4-4b53-9eb8-16e9375cb1e3,MC,fa0c5af6-ad29-4c65-84b7-d60136ddba5a
c1edb597-9393-416e-a063-8d389fbf1ad2,MC,6d7d54e3-7615-4438-ad2f-79b4e08d7026
c4b0f162-35d2-4f68-86bd-d974ecc4165b,PayPal,e32091c6-fe5a-495f-8c6c-70918ae94221
b87379da-73a7-4026-a65d-107b36528d0d,AmEx,02072c23-cc51-49ff-ace6-64006d50d459
9cd94af1-49a7-4951-9798-eea4c0a937ff,VISA,829bdcb0-5463-4b88-8200-696e9810fdfd
d57ad3a6-4ac1-44cd-8230-9a983aa6b371,MC,52113375-e4e5-4e96-88ee-7b2aebdff7fc
96a0b27b-3e90-4821-8eff-8186a10873fb,MC,0ea31d41-f29a-44f5-9bf6-6af432b556cf
03d8368a-62d2-499d-a983-9b8a9d602fd5,PayPal,fd2fd4f1-d6bc-4683-8020-1ae24d3b5c96
3c2ad557-cb94-4f3f-af60-4808df2348df,MC,6687b0e1-d74d-4cac-98f5-3c7cc62d26ae
aebebe91-9aea-4e99-93ba-7602c0129467,MC,6d36a9f4-9d47-4794-875c-53ecfc641b38
51a1ea6f-8f91-4961-8f81-9932a734ec97,VISA,05adbca5-df1d-4e16-8688-354c286456e3
85133eed-b1e6-47aa-a095-418154752255,MC,09e3f3ec-a5b8-4847-995d-4039daa997c5
5806e362-b72d-464e-8360-83304bdfcbad,VISA,025bf5a5-6fe5-4013-a793-8bb211f62e9c
7756bf53-c1c9-4700-acc9-1a85cc2a7b25,VISA,98b9ba14-b78a-437f-be1d-acf00e211e0b
d72ea814-327f-43dd-a1d7-76843d1c8f46,Discover,309c4bb1-370a-4e2c-8952-b4c9bea43999
994f7f29-dc59-45af-8abb-17c305198ce6,VISA,51903a93-5672-4d1b-b67f-5c7d651e65df
629091d2-1f79-4338-b85e-e645d94ff125,VISA,a2bdce50-693a-4eab-a3b2-c92dc8ba3e41
63ccd03e-f304-466d-91f1-5fcc2f1d2a6e,AmEx,622a18b2-6f6a-49d1-8dc6-c751f061b0c4
bef258c3-a888-4213-a9e4-983b4c3fb59d,VISA,9407c1ba-c262-415d-b812-e42e22539aba
d8f908cb-96fc-423e-a337-4e3c63ee4858,VISA,22ace076-ec57-48ff-b6f6-bda57112f37d
dc3fc48c-cf02-4d84-b7f9-b02c71a71fe6,VISA,f28f97f6-23fe-4976-81ae-d5fa5f3f6529
7cabe7d7-1f0c-49e9-8974-ced0a6daddc3,VISA,1199e97a-b98b-4134-9bef-ace9e508260d
2db58261-744a-4370-af2c-03b329683809,MC,3a7f1fc8-4d0a-4892-8a3b-fc47f2a39127
963d92a1-bcea-4e29-b70e-e0fba1e220e0,MC,dc0c6e35-dbe5-4141-b3cb-619d0b21e61c
c1f08ed0-c7eb-4ad9-9286-e1e732f9b963,Discover,32ab255b-1f5b-4c86-b01e-b248be7407ac
67e64d1d-dfcd-46e5-8bc7-60da70cf3db8,Discover,9e02d8c7-5d11-45eb-aa26-fe544e8e2a88
532c1b44-28e4-40f7-987c-0c61395bd489,VISA,99ed1461-4c34-4571-82f9-bdf536a1a20f
4aae602e-a509-46bd-acf0-0b963084d31e,VISA,3285a307-d1b6-48b2-aafe-d379629e4f57
b2c6900e-45d4-42f5-a25b-0e660d8df0e4,MC,cb1321bf-35d3-4bf6-b0fc-dc03e75d928b
caf72a8d-aca7-42a8-aca6-18b943b775d7,VISA,1714f292-f57b-4eda-9996-47c2c728666a
aa7877bb-fb33-416a-96fe-8aeaefbad119,VISA,b24756d7-863c-47e6-b893-c5f9a80b4f74
9496f2bb-ec95-46fc-81f2-450fc96ef8a3,AmEx,5cb058a2-f941-4c58-9b5d-c86345965f98
c6a30fe2-1e8c-4d16-a33d-b365ff1cb34f,VISA,da0b73b5-2f45-4d43-b727-c2c05499fb70
995ef0b6-6194-48f4-a485-62b7ee116114,PayPal,0bd89aa6-e483-4485-b071-53fbebb1072c
973b2bb3-d32c-4950-826b-ff2840914356,PayPal,b8c73911-061a-444a-ac7f-c4976eeb024d
e06406c4-ce7e-4e08-8d5a-dee41925dc2d,PayPal,b17ab092-ca6d-4717-a51f-cbce16cf574b
488a6058-9a41-4be1-a518-6d4c8769fa01,VISA,7210e2ee-6c83-46d7-9fca-e3684376c6ff
72c8efa3-9ee8-474e-aa1f-35a44f8f7ed6,AmEx,c9bfc456-7df6-4157-a05f-08fed6b3cff4
d3a03c05-8553-4ee3-9d10-2c9e927d56e4,VISA,9c12c4b6-4cd2-45f6-a728-0913f4aea36d
fe1706ed-7921-4c9c-a9c4-b717e00d841b,VISA,9e49a555-ba53-4cb8-acf0-e49db46aa971
37fb1e8f-4513-462c-bfd2-887446387c23,AmEx,61f85528-eeee-4857-8995-e140f427788f
50453f2b-d3c6-4fc0-a5d4-92eec9bb9c22,VISA,433f93f4-5980-464c-a104-6aeb2fcd519a
ca5c8d6e-6d78-4bcf-a6be-dc609e8929c1,MC,d690ba56-7a69-47e3-a841-d73893864a58
eaac11f8-d9c6-4cf9-9a0e-338ab2458b6d,VISA,333643ae-5195-47bc-b4c4-f773306de2d0
50c62059-08aa-40e7-bc4d-9d336dd17b8c,PayPal,31704c9d-62d3-452e-ab88-356131b8255e
8feb5025-e41a-40bf-8b5f-3c99f7ef8e72,MC,ea900e47-8831-4562-9d6d-4d6c748cbf86
fef10a8f-ecd8-49c6-8a72-dec197a51c9c,PayPal,9682ba72-23e9-4021-ade6-d9b1a0fa9d05
52e5327c-d7d9-4814-b7dc-c51383abade6,AmEx,520746ae-71c7-47a2-ae6f-9bceb536c5c6
c81b7fc7-f998-46f9-ba08-368a995cc3c6,MC,52d75d2f-3770-4e64-b498-29446dd4ac54
8c7869c7-06c9-481b-9d08-7fa7e4a0ce3b,VISA,5dc492c6-c450-4eec-99bc-13b285cf03d3
59185ea1-8f00-4a14-a1be-638afb2ca74b,VISA,f67955cc-1c3c-466e-8132-4b0a048092fc
fda6dcb8-91b2-421f-b2f5-2de7d477d0ec,VISA,c8c3cc19-0ba3-49e2-909e-cc54c7958b9e
7be4a131-0298-4d7b-8963-df3ac272da51,AmEx,fa1db86a-76ed-49b9-ad16-dafe14eea9d0
20c7ec18-7b31-4d5f-b763-1576257aae25,VISA,4160e74a-e8ed-4c56-b6c0-b2a990171277
905f143d-4d12-434d-8ee4-7e274a80f699,VISA,081e63b0-447c-4ab4-ba94-7167e4335e15
e5eac176-1a42-47fc-ac66-7a6a99f6700c,MC,f7d71c60-6732-47fe-b8f1-c49708b14318
4f75b15f-9f99-4165-aa82-1a7d6429c952,PayPal,0dc665e2-e294-4d10-958e-f321d78831b8
5ba29606-05f0-4293-a42c-1730bfe2388c,MC,7f046544-cb11-4893-8a41-0892e028cf21
050fab84-3e15-47fb-94c7-282cd8d5020e,MC,6c6f0a69-e44b-4ff2-863a-8fde2507e0ab
139e6d97-1fbe-46be-8fa6-eccac6e516b4,VISA,500b6c5d-1447-4220-9492-6686c3261f5a
8876618c-ecb5-42b7-8e17-2f5945d85b2a,Discover,e56fed60-ec85-4dd6-bd6a-071520412e87
63acf411-adec-4f98-aa07-a5e6cd628293,VISA,c6b77809-fcd2-436c-aec7-8d70705e12d0
c629f4c3-b6f6-4a72-b2ca-376ecc3f2f39,AmEx,154a78f7-ed39-41ba-8838-20aba1bd4e7d
f21c9868-fb58-4c7b-8f9a-b0f7c794ff47,VISA,113c6ea8-d7f7-4281-9e15-dd6890930d79
a9470014-3322-4a81-a255-505dc6b6e37f,PayPal,b15cc381-66fb-44ad-a753-5b250dda7e46
fe858302-3f00-4657-b60a-faaa69fd692f,VISA,20573f48-57fc-410e-8132-cdd27ebd27a1
36752f27-3a1a-4769-b643-ae7a8137460e,MC,32dd83c5-5854-4742-b017-3674bb7b8c4d
fc8bd267-b4d5-4db5-8360-1c9e40b92161,VISA,06762502-a8f9-442e-ba39-ceaca64a2f81
31d7fb0b-eae3-4aa1-884f-563203824a95,AmEx,4b0471a3-3036-4dc2-be92-472126bc0bb9
677f36fd-280f-415d-9bce-f82117ee3e1a,MC,a3654ca4-b529-43e4-8412-1cbe46feada6
dabfd92e-5914-46a4-b910-05264d835717,MC,2d744ccf-0c4c-4197-8419-69eb01385b64
c21d7b21-7595-47e2-8052-ae5eb9d96e5c,AmEx,6b8d1cad-1c4b-4ca0-b562-afadf93170bd
7c06d427-fb61-4a59-afec-f07cab64ff1e,VISA,039a22ed-87f3-4f18-8aa0-a8af5bf7fb2f
88809142-8944-4084-816c-7c7773649f5e,AmEx,3d3b92b9-23ba-4516-8725-61a04fb682f6
afdcfd2a-e3d4-4171-a6a9-8065882cdb09,MC,51cd55e7-c946-440b-8112-af719d94006a
ea8c85f6-4e42-49b1-b2ec-fd7e3a0d7c74,VISA,9dfc06bd-e4e3-442c-aef1-86a22be2cfe9
d6cebf93-715b-49fa-8a2d-ed0dd0b99ae1,Discover,1e9eff5a-4f95-4162-8f2e-039735c72295
894a7809-e654-4db6-a9ad-f8ec314f7a0b,MC,bf561224-d038-4379-9d73-55f65f22a3aa
dcebe791-b28a-4dc3-80ce-9b87995b3c82,AmEx,14ccee3d-498f-4c47-9fdc-9789209b0255
774a48dc-f188-41af-a282-f437b6d0f359,PayPal,a04432d7-91f9-4032-b121-d32cbd4a85f6
376bfba9-42ed-4f8f-8dc7-385bed88f285,MC,3aa18303-da64-44b9-9b95-4c11893e8c02
79548139-fb37-4ad3-8106-d24f3debbfee,PayPal,21e34e18-f3be-4b78-9f37-432c8e413d1f
46f92ffe-4162-4761-98f9-59e86029817e,MC,09f7ac1f-5333-4db3-a07b-fe193050831e
9a0c1ae0-fd0c-480a-94ae-ad719c55d16a,AmEx,b1fe9e14-ad25-48ee-b1a5-a6e9c21db61e
6bd519de-b664-4f56-806c-1a575a37c2c0,MC,5c861738-b94b-4dde-b329-31458738386b
893efcf4-83f0-4903-8775-aa32de7a371a,Discover,c36dd67e-156b-4d94-ac40-69f84a034b13
9325401a-421a-45e7-bc0c-b459e1d6610c,VISA,37cb13e3-5269-4ddf-8f5a-e29d2d185f87
210d8609-fab3-452f-afb0-32989a7abea2,VISA,80c85095-3819-4240-82a6-42708c420ca6
10a70df7-2d4f-4f5e-bfe7-7e828d4fe1a0,MC,9c701292-2a32-45b4-af1c-3eebbc052a08
4dd597f4-2cb4-4d7a-b14f-01945d83ee9a,VISA,a891c89b-74b7-41c7-8451-1cf84ad629fc
085e5c42-49bf-4604-8426-40c047fb5a2e,VISA,7d42aef2-b61b-41d5-afa2-11a239979cb0
e7158c41-6e56-4ad5-87c4-d805628cf0ad,AmEx,8d1fee9c-e552-4aa9-abd4-8059903cd266
d0199d85-a147-44ea-a87e-66b1bbcf48fb,AmEx,e0ce42c1-ba80-4727-9cd2-a5561958ac3c
8520ecb0-bd5d-4a86-9bee-afb5c39e0da4,VISA,a646b2c0-02c0-4030-857a-8dc536f5e222
18a57a17-6127-4fcf-b614-639dad0d5529,MC,70742e07-4dff-44db-a1cf-3978cceb31bc
cc45d2eb-2d3c-4f6c-91ed-4ac8b6b41ef1,MC,fe4a9815-60d7-487f-9522-c356c4910f6d
c3588c85-74f2-422f-bc9c-aa2d63320d6f,Discover,5665fd21-b79f-4da0-ae38-5f5bb8fa89d0
9b64262d-d14c-440b-bba6-f3f961cbb6e1,Discover,de574b68-90b9-4d80-83af-6e1ff285ca8d
440ee09c-68e3-46bf-a241-6b1557744f87,PayPal,c08dddc7-3717-4bda-9334-21f52fa126cf
90c99d03-be75-4919-a307-b1b675b5aa41,PayPal,c71a3985-5543-4efa-8aa9-c7196d6b7b6f
e17a1b7f-5c00-4654-94d6-9b69c9bc2db0,VISA,66e4e8ac-a32e-4d8a-987b-1e6b71ec4800
278e1cbb-9032-4798-a83a-186d8c5c9555,MC,a59317d6-f20a-4155-a311-b476eef4ad33
a7d8b989-d367-4830-8d53-230955bc57bd,VISA,db738f40-23a9-4aac-9534-58efa28dbe97
d7b380ae-6b55-4c52-a555-43854eb0321b,PayPal,0ca0a6ed-9510-4cdb-8fc7-2bbcbdc97472
ff053611-fc91-4c87-9524-658fff0a5bbe,VISA,f9de6975-65e2-4711-88a9-87907f77094b
3cdb181a-1c0d-4981-83cc-af67a3c84379,VISA,83ba001b-be06-4130-a328-f6d5d6de40b7
77ab56d0-26f8-4caa-96d0-5a85c2dcf51b,MC,619c9843-c45f-4d50-ac13-d42a0e953654
ad9d3249-8f19-4d21-a399-02b185c41681,PayPal,9062c4a4-032f-4868-970e-a3cd72887095
0fb90fd3-f47d-4e09-a399-ba91146718ae,VISA,707aa770-d13d-4a4f-8170-cd5630dcdb68
7b8dcf4e-45ec-4382-ab1c-97d1fcd95cbc,VISA,5c3fce9c-3aad-4ce2-9f1c-6c9edd0ade45
48708b73-3b18-43a9-8eb9-28779b70cc34,PayPal,c47f2ee0-fe03-4d07-9997-5dded6710bbd
a5215173-4bcf-407d-9632-f4e7df382dab,MC,a48874d3-4cac-471a-bc42-6e7f988e6cae
add7d9ba-d8a6-45a2-a195-1fc6e9cf936b,MC,9f31fc83-f567-4283-8817-801747d4ab02
9736d1c2-fb99-4ebe-8625-029a746d1880,AmEx,d8c81b30-565e-407d-88f1-d3701afbf65c
b1272f01-5164-4a77-ba40-f0a5a82344b3,MC,28d5fe9a-11ef-4a4f-b773-e4216ada2cdb
753f8ce8-2a43-4eea-8bd6-abde34fa401d,VISA,038f3759-0b0d-4e3a-a70a-7ba1c3643af7
5f3a4b88-a3fa-465b-bf1f-79f35c9d6d25,MC,716689a3-301b-42ee-9945-8c6fb21516df
2dc125fe-4be1-43f0-a5f1-474fd24e8505,VISA,5385c9fc-afa2-442e-a209-e55c7a847cd1
35c14bcb-2d68-4abb-96c3-331c09bebd5c,VISA,cfb5e89b-bd8e-42c2-b551-13673a875e5d
932336d7-0cf4-4493-93fc-90a5f741e37c,AmEx,d8cc293e-68c5-4f61-9c9e-fae0989a8d81
d84674f6-9330-4c55-95fd-944e63df1149,VISA,f8141660-3162-49ac-8a92-7c53c9334a62
1ed6984b-0880-454b-b6d3-c8eef8927203,Discover,ee078d15-eb8c-436e-a742-c02fe49dc075
9c8b99fb-ccbf-44e2-bb5d-521b659d02f7,VISA,20945b6c-57da-48ef-ba26-82c9c9db08b0
68c62417-f219-4386-bd06-b25a2e075652,VISA,cbf78968-67ff-469a-b95e-5feb20ca82ce
abaf6606-69f2-48b7-a805-3014e4375989,MC,da4d44ab-3342-4000-8db7-45a6d09426f0
40218319-53c5-4c6c-b18a-66f35cbfdd3e,VISA,267911eb-49f2-4ffc-b43d-f5d90b29ba26
3d1421c3-604b-4ce4-b606-7fd331ec6390,MC,8fe9e110-1c03-4649-bb81-2ed66fde7228
91f26350-d177-4cce-88cb-68808865b935,MC,3a4b81c4-0c5a-4dd0-a91c-0d5aa015c9a5
1d113143-97fc-4244-9f73-21af216bbb73,Discover,94cabd93-2824-4838-9012-01fa5fd5e187
c0a5a0ff-fd7a-4296-883e-32951e00a79f,AmEx,19d609f1-34b4-4648-ac47-0503c650ebbb
042c55a7-6a16-475c-98df-0b2241d7c9bf,AmEx,c24dbfc9-03bd-48e8-9e22-cf9df60a7bbd
eb613fb7-df5e-46b1-ae00-70622da748ef,VISA,840424b7-17d8-4518-9e2f-28b1448787ff
7e3a8665-88a5-4abf-ba6a-e1fecc2f08c1,AmEx,21aceb3d-b942-4ea6-811f-a6966fd21245
27ca2e98-9f3a-4984-9fbf-d6c116326538,VISA,4e4e8d89-05be-4c1b-86a2-9f28055bbc95
be761a7e-e40a-432e-aba2-f9232f7d692e,PayPal,1c27cdef-fd61-4cd8-82fb-8348e6787dbc
fd998a29-ab9e-4019-9fd6-198e92ba6d88,VISA,8651ab24-ec9c-4de8-b807-2ac80ed2c826
458d3838-494b-4886-8b19-0a87ae619aa9,MC,25de00e0-ce7b-4990-a7d9-f7bdccdf8c96
e7d37dae-8502-4f00-84b6-cf39a035f298,MC,adb77552-6080-49f5-9790-a08505a9f238
6cba2620-5205-4388-8e74-b4ae072b4a1a,MC,be09ce00-3d6f-4da5-a8ae-bbb622162d9d
a8155ba0-abe0-4d21-93d8-3a4393f202c4,Discover,b230bf9e-c83a-455c-b43d-85f3dd8ead8e
d37308d8-8456-4329-9fc4-dac0802a6abf,AmEx,1b606d5c-50a0-4c33-b0d4-ab21222f4442
7927397f-3ea7-4a8d-a581-9c3c3b7d3ed8,AmEx,63b7a796-8062-4f07-b013-1a75e079a6e7
7e6c6c9f-4bce-47a9-b73a-0d0d14a73426,AmEx,24541e11-d90e-4cdb-b62e-fe84e0ce2e77
398f354c-ebd4-484d-94a6-ee2ae5597d35,MC,d9781c41-4b41-4f2e-8783-8902f9aad508
914886b4-361b-4abc-8b51-4ac0c724e9d8,AmEx,981060e5-ff46-4cd4-a98e-a816449520d1
2d94b16e-e754-40a9-9c85-99e6ce6ed75a,MC,84c5d75c-ba32-4a84-8348-9626eae369d5
c5732cef-10c9-4efd-9913-4b6ffea83f41,MC,fa2cd4de-a16c-4264-a454-44df78663bae
10401195-3e7d-4713-a632-d4f817c84164,AmEx,b641ef49-d767-4fa8-8145-07973baa24fd
55b2f68c-ae4a-497b-b0e9-80445c1a65ad,AmEx,44b8cf5c-49b9-44f3-a4cb-1178bedd6021
e3077e8c-e5e4-47f9-a326-719bd564e9eb,MC,e04dfe05-827b-42d2-a51f-582b70aa43b9
72d67d26-299e-407a-b0fb-cf21fbc5dd1a,VISA,c8ea907f-0bb0-4517-bf16-24d9ac954124
fe6c6679-6576-4932-9a79-53960f665099,MC,ccc6a459-8d5f-4dae-a83c-ba12f40f3a0a
98064bb6-0ffd-48c9-8577-3d76f8ede4ad,AmEx,2fddcee2-889e-425a-a131-40edf4ac2bd4
ba0d67c7-989e-461e-8917-4183d4a89433,MC,ab1e72eb-01b6-4aad-b8f3-0d627eb76a9c
7be4b7d8-f1f0-4d73-8b0f-2c465e77737e,Discover,b8ac27ee-06e9-463b-b650-a90a0cf9ecab
864193fe-657b-484f-be80-e7c611c19652,MC,dcaa49e3-48ef-40e6-9d29-403e0303cf76
67205460-2d2a-4307-8848-13b0b3bf4046,MC,766846a5-93e8-4b0c-9702-965c61c361de
bdc42d8f-873e-453f-ae8f-13a2b88cb609,AmEx,47884724-4ab6-4a4e-b520-c1c068a8b7c1
953759fd-7b7d-417c-ab3b-5d91f2cfd3d0,VISA,5face570-c375-41ec-9dfa-e5bed0726aa0
d7a8a0fc-abc3-4cb2-9f02-246b38a9a7c5,MC,63fbac82-2aff-4deb-954e-3e281d123d56
e1d3f47c-271a-4c3e-8266-76f86d86845a,PayPal,505443e1-c6a8-4313-85c3-92f41849aa3d
8a27a01a-5672-4cb1-aaf0-6d30f9ea6408,AmEx,f9fa57b2-19c0-4864-90e5-48aded997d06
2b61fd6b-f286-4431-a973-4b3846ff7455,VISA,3c76eb50-abea-4ad9-a04b-c6e41e476b61
7bea52fd-beb9-47bc-bb97-f499b1a4ffa9,Discover,3af37983-3597-44cc-8602-ad48a512bfb4
d97d081f-0872-4c00-8bb7-218fc4422504,AmEx,4c3b3956-3eb0-4492-85d6-e48fbc931f14
a3636f1c-1cdf-4f40-9f0f-474c92dcbe19,VISA,96cce4df-657f-4b68-a96c-c2139e3a5c7e
96735999-57aa-4268-8154-f30334980a2d,MC,7c903c2e-d8cc-49a7-9031-2354ed4652bb
de1c4ddd-28d2-4158-abd6-288e52e40e07,Discover,9d098e6d-0727-4225-b9be-1a12ccfe792f
6547e7a6-b7ce-4f7a-a971-576b1a7f2392,VISA,b4959a3b-9656-4d77-ae94-5a795f1e9e70
d155a054-af86-4074-aebf-0003ea208573,MC,b332654f-cc51-4c58-a243-2477227afe5b
1d7965d1-63cd-4cf0-94de-543c99dce96f,VISA,ccfb15b6-74d0-41e7-87a9-1b9ce975e9b6
c92cf3fa-f570-4281-a733-7b0cc2d23b5a,AmEx,3e0c7784-505f-46eb-8bf2-1da60050afa1
6793ead2-3ebb-4418-8bbc-15f8f581adba,PayPal,6b66d14e-9ad3-4d59-ad00-4131ad5dc9ca
02ad9fe5-20bc-4640-b8ac-c398e74e022c,VISA,d75749bc-8260-4c0d-b6c4-a8a1d6af2e0b
e608fbef-450e-4c5f-a07e-987c695beaa4,Discover,66c5f519-dfb1-49d6-84ef-ae634063cff9
9acda973-0180-49fe-a88f-7922b8527766,PayPal,44001bba-11fb-4add-9c96-601829837ab8
258c8fe2-9324-49a3-82e3-2877b0b1b3a3,AmEx,138ecd2a-9380-4cc2-a8fe-c55cffaa1c4f
1b78338f-d487-4e97-aca1-15c9f779e1cb,AmEx,e1969032-6117-4d65-bd5c-8992d91db1c7
ddfd3bdd-dfd3-44c4-8273-ee93ed4655d8,VISA,2cf7f8c2-88a4-4e75-a34d-29ac4849c2b3
ebafbab1-1972-4353-9dd3-5212c6614744,PayPal,608de593-342f-42be-a0e9-5effefd767d7
2b6e68a9-fb18-4cd8-81bc-4905152a104c,VISA,690870c0-7c05-4752-b64e-a4846054afbd
af86fe8b-d504-46b6-b315-80808abe524e,VISA,455bf43c-9ee5-4faa-b2ff-8a8c2c53be75
aab7dcfc-4131-4515-98e2-617cc9c82b32,VISA,285d3033-4f6a-4e8f-b5bd-7722c420f0e2
0c562de5-e6e5-4879-b67a-d3e50d00c715,VISA,166dabb4-6eec-4db9-96b7-4a230a7f3886
7aaf84c5-ed09-4a40-aa8a-7576443c8c4e,VISA,76b26a7c-192b-4778-bbd0-04ab80997ad2
0b2d56cf-5193-42fe-abff-9ee749a334ff,VISA,732ccc24-b6a1-4fa0-8646-9a368532476b
3b4dc3a5-bffc-48be-a00f-ee2e8c313e50,VISA,4c08fffa-4d77-4ce9-9085-58cbb31c35f4
10a98ec8-e557-4381-b5c6-e2f1ac656f54,VISA,1b241ba7-8d5f-4d39-92ee-753bde35c5c8
f7386b17-a2bd-4191-9a58-8420ee1d587a,Discover,609c99d0-bc49-4bb3-a08a-fcdaf649a26c
4e6d58d8-8737-4a0a-935d-835bfd0163e1,MC,63458262-810e-4d35-9832-8ca4a0a356eb
c228f123-73fa-46e1-ad10-cb30312c73b8,MC,7381193a-4934-4c9e-a72d-b578f157b015
662484d5-96f3-4817-8414-6fecba3858a2,VISA,7fd81acc-eb88-450d-aa76-47f77c2f84d2
b63c55ab-b83f-4f73-a70c-deafe3124c98,Discover,67c8b4c2-fdbb-441e-bb2b-051b5fee2eee
e07ae68a-762a-43ac-b011-ca0a171fcd95,Discover,dd667515-0392-4ce6-b58a-c4e9e8b59c59
323f24e8-a69d-4116-9243-22b12510464d,AmEx,50161243-67de-4848-ac36-5cdd19286a5d
04babc9d-f934-4048-aaa9-bdb055bee8ce,MC,88a6543a-1500-408a-91a7-35f2bc837cce
32111da2-68b5-43f0-b966-70813c88145b,VISA,be985bb5-7f6f-40ae-b32d-592991eba277
30a44513-008b-49a7-baca-c28cf5e68ec3,MC,d1c13cf7-3090-4264-9763-3f9fd78bc2a3
989a6418-b23b-46c8-b31c-cb0171bc4e90,VISA,e694fec4-4ad0-4c51-ac3a-f69949c48519
12da893d-bd3b-4ee1-b1ad-23963b469c82,Discover,cffd85f5-2a52-457b-8d9f-a87e7b10b2aa
02d82bae-4959-48c1-8085-ace8ebb76ee1,Discover,38aa318d-3eaf-4072-add1-b00fd61c9e49
36777813-ddd2-4be4-9a0f-80fe2cdc55bf,VISA,c997af2f-af8e-42f4-acb5-e596cb7623fa
4e77b9c9-eefe-4305-97a5-28c362901d92,Discover,65030b55-97fa-4ad3-8de9-9ccd781a5fd8
e9c3b09d-b811-47dd-8370-6ae1139c6ba1,AmEx,dd272230-f9a0-468d-b5d8-88ec52fae03e
120ea429-d8e4-4ddc-ae05-78035b477c95,VISA,b45ce423-7a8d-4b5b-b855-dad2b0d6399f
7409cad4-dc52-447f-ad21-4220ba0d748d,VISA,64b7cf09-4f06-4f64-9201-386f9ad51242
5620ba7e-c8d2-4b33-9291-397e9e836c5b,PayPal,de953d00-c8b7-4387-ad27-903183f28677
554802e6-d9e5-44a4-b1fd-fa8b6563f859,MC,ea108e8f-6e57-460c-a901-a64c4f974d45
8c56efb4-2e41-4053-8b05-6f28dc949ffb,MC,15230621-ce93-4cf6-9baf-533989405bb7
00508b80-df33-4904-b09a-c152e6ec8364,AmEx,04ab9b0f-0128-4f1a-b3cc-84213486ea07
33c13b4d-6978-49de-8079-7512b2a2ed37,PayPal,19d7e3f3-d2e2-486b-87a9-6b8ed40bbd68
db341e65-bfc8-403e-b59b-ab7b2f625f81,MC,86ed06e4-7522-4fde-89ea-deafebc0ea1c
f6498c88-40aa-4c95-92a7-9ce8f73915a1,VISA,10036fe7-752d-48fd-badf-fc6a51dd7452
4a380941-f4b8-4414-a819-601dac9587da,AmEx,a11dd27b-68ec-412b-b3e4-bd12753d2072
0be3c315-085b-4263-a663-2b36e0210182,VISA,4ebb76da-3b1c-4ff9-b33a-8e856e3e4dab
c4b93506-f890-4d9d-ab3f-2d8e2eabc567,PayPal,ca3e77f0-e824-4e10-8ffd-d953fb1e700b
2d81ede0-076a-4a5b-a449-6c46b278e898,AmEx,27910424-36ff-4a69-9a94-1d14cb7c55e7
9c13d1fb-122f-4ffe-89ee-339c6edbedba,VISA,e90734e4-2360-4271-8e34-1c5e45068ecf
300e32c3-3db7-4753-92ae-d1dfe43c86d5,PayPal,45523cd2-a21c-4c58-ba44-98316ba73951
b3e2aa63-4894-4617-82b0-5619271eeffe,MC,5e2e0859-5162-48cd-a2aa-aa261c45eaaa
7aede223-df1c-4285-a109-2df0bdaee3e1,PayPal,17bc422e-bc66-4d87-b6a8-53382821637b
981563e0-958d-445d-bebb-e3cc6dbeec52,VISA,3abf26fb-cbbb-4e7c-9b84-c929dc437876
8b07e84c-4b2c-4a9e-84d2-b4f40f137c06,VISA,122467b0-0ff6-4157-b5ba-c6929bb4b4aa
b615fa9f-8af9-49c4-b944-b4ee3227550d,MC,a3474852-6f74-4671-b26d-276172f4bb37
e4a04f0c-4524-474c-9c5e-032ae81034ef,VISA,fc8df06c-09be-4629-b55d-b3155fe5dc71
82504109-30e8-42c4-a032-580eb4ac1674,AmEx,9b8933e0-aab7-4362-86d7-9fef2d07fe9f
6e8cae67-c432-4d6b-9ae7-53f57f2977f0,AmEx,2e9a5619-a89c-44e4-85c3-29890fa34428
681b5a17-5e40-41eb-a1ee-b688fbe448d4,AmEx,f0992c03-fea5-4c0f-877d-93af17e6c19b
17193fc7-3b6b-4842-8021-304a725cceb1,Discover,58e1686e-36a5-4e0b-933d-acb1d17565a2
f71af27a-3554-40fd-9664-06d8a188f101,MC,72fd2eb5-66f7-43d4-af8b-6b331e6a2b5f
5b761825-08c3-4cf8-91ba-ddd224c16d3a,VISA,292d0bfb-fdbc-423f-a819-57275e38225a
7bd93609-9ced-4637-be87-e783e28d01f9,PayPal,fc0f9ecf-a574-4ce8-bf71-1669e92b4831
edd94959-ed09-4f39-a090-19cb774fc9ff,VISA,0766f888-9b69-4b04-b527-140f36c46d36
172a9bd2-f968-4aa5-98bd-a7ef3a7797b9,AmEx,dd910d35-7f48-4a9c-b0d9-c07983ecf086
126a25b1-e36d-43c1-9498-eb0fb93b3d32,VISA,e42c1e9a-6755-4f08-ac4b-8502a1f4d415
830a74f0-af2b-4c7a-a282-646309d0cfaa,VISA,d74a6fa4-97db-45b4-b67d-ae1e6ff64259
af0fb198-93f0-41aa-8e69-62fcea746e68,AmEx,ec21b16a-71eb-4cee-8bbf-87e26cc08d2f
f327ce18-4cb4-48ee-9148-a03378c0e9e2,VISA,34b9af8a-f764-4e5c-89e8-8e4994b3178a
664d7c16-5ebe-4d8a-a894-33bdb561e8a2,VISA,2fce77a6-ae09-4073-9fc0-afc5a8dd3c6b
676add43-01a3-4c75-b7cc-1ee118de1141,AmEx,884d7e50-0595-40ca-8736-f05b113e9cfd
e2538f57-c3d8-4f14-8dcc-9369f1044f50,MC,8feace04-ae50-41e9-a6c4-d199fc4560d4
b3304fc6-2aed-4e1a-b558-920252a853bd,AmEx,0d6294b8-bdd2-40bc-bb7e-16544dc943eb
dfc29bf9-f2f6-4999-a6a4-5ec00a7ec7cd,VISA,b100fbeb-3179-4cc0-ade8-1541f431fe36
245c71f2-ccd5-407d-a878-9fd92fc4093c,VISA,00e104e9-3f78-4447-b167-85150f63e955
3ab3c005-440a-409a-8d3b-f5b52cee6fb8,MC,ead9e88b-2553-4456-8f64-559f375225c1
fff2b277-85a5-4860-95ac-41d426d408ac,VISA,e8fa2de4-e7d6-43f0-afd8-5e45ddc32540
3a0e5b62-38a4-44af-837e-84419532877e,MC,b5efe4df-6fc7-4f9b-a9c0-e07f338ecd09
39783b6a-1c92-4d0a-bdb2-dfaca90776e1,VISA,a76f8bde-b557-4b1b-9e1f-b3d06857b466
565f0b92-5ae6-4004-8524-9ca66c4ee91a,VISA,3bde7a5e-351c-427b-ac66-4557990c5128
fee83324-7980-4aba-90b0-3690909fe242,VISA,36a7d141-0653-483f-aa55-46c20905bc65
b62442e9-9856-4079-8552-81067a548255,AmEx,2102705a-88d8-4424-911e-6cc33cc4f5ed
56881ba3-aa4c-436d-913e-7a9eb1c7dfd7,VISA,9d214a04-6a02-4577-8cfc-8f59c227b0c1
feb82cb8-56bd-4227-99ac-26ad6edd0671,MC,284412fc-ea83-4665-a06b-6c08aba80cb0
27af754f-73fa-4715-9e5e-d29c17da6a85,PayPal,12ea25d1-4b17-4523-9945-7dd3f02965fd
422fbb39-03e0-4cbd-ac72-ee5bd55575a3,VISA,faae3fe1-9925-4e93-8e63-999bde436842
cf8f4b57-a2d0-4032-a012-c491d8153801,Discover,e8a2aad2-93d0-414c-8006-d892774ca32b
4218c1f7-1fe4-4e29-8405-444e50012394,MC,66c027a0-f0fe-432d-8f19-007347fcbe4a
55b169bf-cb52-40a9-8a64-9c7cd3fc39a7,MC,9d6337ad-56b3-4718-ad6d-ee6a3f623c5b
b6177f86-0130-4b45-923d-9a171cf58eb7,AmEx,24b5725b-6df7-48cb-8b0f-055c9423d44a
1b3e3b0a-a38a-4236-8f7c-dee92ebef065,MC,f8297ab7-338e-4e50-ba6b-fd894c21dfa9
fab28cce-8202-4172-85d0-0bfe4974017d,VISA,93db984b-59c3-4944-a6db-1a797d06c233
03a6ed5b-e28f-4a3a-b91d-08181f00f388,Discover,c19fcd95-5e58-4665-b9e9-9e2afc18e957
66268045-4d7c-47fb-9eeb-343f902a2664,MC,09fa593c-e714-4df7-b206-85077843a2a3
19e2a220-f04a-438e-8bca-f534b6ea1166,VISA,ee94ae33-2b0b-4514-b505-57d8a8e86086
e47ad243-1dfd-415a-92b3-00341188be16,VISA,bce5f7b3-88fb-4233-bab3-7c54ca6e590f
3942c751-9f04-4ac9-906c-56a4e2bc2690,AmEx,a775cf8f-1b57-43a9-b055-f61cc4b2fb3c
abd66c73-035c-4126-a32d-22921d967f72,MC,b14c7c24-ddf1-4f79-b84d-6f2e9c9535c3
d5481c37-c1c6-4033-8da7-1c18bc18ce7b,MC,a2fd9801-5af9-4820-b9b7-fa296136a60a
56800a1c-e45c-49b2-b940-1fe12730fb8c,AmEx,25b10194-96cd-47c6-8fdf-4c1f7c8598a0
06ee9f49-72de-4c1d-9e66-e117df6214ec,Discover,9ccff8ec-1de6-4b43-92fe-ea886a12a879
6224edbb-9809-4f43-8628-bdb2c172400c,MC,bad0b1a9-be40-4583-861e-5a9ca158af27
e86fca07-8ed1-4f3e-a49d-1bbaa1843598,VISA,ca338425-f47e-4dd4-839c-0e215bb02cfe
750bdc87-54e0-46b1-aa6b-56dc2a59fb99,Discover,54bd98f6-f3f8-4a80-adda-a231f6800273
999ac1bb-a0e9-4825-a2f7-be2d199bb660,VISA,78c3b247-b6b0-4c4f-89ca-7c9edefc092b
638f2e8e-d60e-429c-a864-3a947d5759ec,VISA,0efbf50e-5b76-476d-88f2-9045b75d28ad
ec9e6854-2579-4b5d-9b7a-cfcdf7566040,PayPal,4ec22108-18ff-46c4-b1b5-8822f6b36d50
820c52e9-c1f4-427e-ba57-2e50f9dbbb43,VISA,a0e851c2-4fd4-47e4-997a-a52699559545
03384bce-cdbb-4f3b-9a2a-f9b91b873dc6,VISA,abbfccde-131c-4c03-9b11-2de5baee83c1
4397051d-dc3c-4438-b03f-133d6fa94374,VISA,2d58601e-e8de-4d09-af29-5e804c053d4e
2d2fcc1c-8eac-4afb-a8a7-3dfae9a03fe3,PayPal,5468ccf5-d5ed-4d28-a3d8-1919a2c39d8e
045eb629-e91c-4c96-8cf5-08bf40624095,PayPal,0dc51987-cea9-4f03-a2a0-82faff602990
1641574b-06e4-4917-be06-23f2ca1e4b96,VISA,469c8f13-11e8-42c3-8451-79fa674e402f
fe8f93cb-d666-4785-8740-470b57979002,VISA,0ccab15a-eb65-4baa-9d03-f6abd7a73ee6
786baaae-28f4-454b-aeb6-33e4ae631820,AmEx,79204226-cbf6-4833-841a-9f6eef94891b
e8e60cec-cdc8-49c9-9923-c162ac1242af,MC,d4fca14c-7ad3-4a0c-8851-966dbd4798d0
1329c55e-2fc6-4c67-a83e-5e8cecd18902,VISA,162d02e8-d722-426a-9302-55da35fa1c18
e1225f6b-4323-40e3-8ea2-aab002c066c2,VISA,f64defd2-2ff9-47a0-8af5-2f97eb54ab29
aa2e4010-5069-4a68-aabc-3a4d9027f2e8,VISA,3a138260-b512-488b-a69d-73a8ba2897d0
f155457c-d2fe-485a-8fca-f67acce6ff1c,VISA,0c2d5711-9ec4-4170-b1d5-ab17fef31e74
941a018d-0941-4ba1-aba0-9d84b54735b4,VISA,41dbbf4b-4db2-4a23-b237-39635d981633
038a8ec5-bbfe-40b4-9f08-47935e616819,VISA,267ee442-5bcd-4570-afaf-56dc3cfb1387
4d76deb6-e611-4dbb-a364-6ed3cb9a1a53,MC,527892d9-93be-4311-a5f7-79ce70c0a16f
da464b3c-7755-4b60-b619-59800ad7ab77,MC,346d8b0f-8e97-4ca3-8908-faa3afa6c5f9
b7abf6ed-e0d8-470c-aa75-8a465bfc497a,PayPal,cd8b6220-cfec-45c0-8c44-4a2a41e08588
d86e6589-626e-4fa8-bb78-8490c4f13586,PayPal,f6cfc654-cd15-4401-b3c0-1b92e01de097
a5427199-b1a4-4bb5-b18a-7b0d26df5d67,PayPal,47fb36dd-5c63-4ba3-be4b-013ea81d32e5
b234614c-ad35-4fc7-a4ce-591ee8b31f62,MC,a6a54d90-911a-421d-b14f-e66407818c57
39121f91-8fdf-415e-8c71-366e9956d222,AmEx,77321e9e-ca76-40e2-a755-06ce33968593
4b0e62c6-000b-4be6-ab58-ed2ff51d7fad,MC,41654b45-868b-46fa-8a76-f21f484f2d3e
17faeb83-a9ef-4ee9-a1f7-0c5927845c4f,VISA,1c872964-1ee3-4f35-9825-37980b52f0c4
b494c370-2c46-49b0-b452-30524c4fffcc,PayPal,8b033d9c-bf5e-4f10-82ca-65db41595164
bdd09ce2-f555-4e99-9683-f2f544f54132,VISA,8909ad25-6313-4741-af85-c91df2463209
91963b30-3dd2-481a-b6a5-64ba05816293,AmEx,23db2408-af39-4ccd-9c95-cef24ebda818
af7a2c1f-1e47-4f8a-b468-620260ab6283,VISA,428df55f-dca4-4c4d-866e-96a74bd64fa6
7d64c24b-c880-4e00-b027-09aa81e39324,AmEx,1a99bf1c-d552-4d94-ad59-1c94b2e36e30
5ac4eee5-1507-43f2-8518-0d9ac59a1d97,VISA,0ad51b04-8aa4-4719-b344-d3e66b9f67da
4ab33ed9-9709-464a-a8dd-65387a59fc4d,VISA,eb4f95f9-3e05-4826-af21-401a50fb5f3d
211388be-6ea0-4a40-ac0d-2a0af78f7862,VISA,6d56f9e9-7976-4361-a86b-64c392e914ff
65c5ac68-a846-4588-b7e7-2f32e75fb995,VISA,808c3f4f-2f5a-489b-a7b6-3ed3e4dac33e
726d25ea-4df1-4196-a96d-4953417dda64,MC,b59cbd94-cad8-43cf-9b1c-98d6cbc84f6d
b5f95cd4-e8aa-4f08-8022-e9b6ecde7863,AmEx,f8472190-f00c-44d2-acdf-0d8770cc7481
1803c01b-6639-40db-9abb-101fc481e2ab,VISA,3b4eb8f4-e730-4aca-88e5-ebcc8a0d2747
8181fddf-dfb1-49f6-9be2-122a21fbe8cc,PayPal,9e0d3656-577f-4830-95af-d90189d663cd
7d8f3c1b-2661-44b0-a54c-cc15931595c0,PayPal,ab6092c8-f749-4461-bc52-428caec61541
2a73a68c-56f2-45d6-8730-aa93c4988eb5,MC,f368330c-d094-44b5-be39-50956d744c19
a6d043a8-717c-4c28-9284-152979fa5676,VISA,15d97f34-e251-4bcd-8a42-7b44b997ada4
e583abe9-d731-48e3-a97d-c278b510538f,Discover,fda36a42-3113-4737-a25c-ef7fbb1735b8
b77f7547-ed10-4fed-8229-5aa2af94e341,VISA,7e02ebe8-6edc-4eb6-a18e-90df4896e013
500835d7-06b3-4ea7-90c1-ba3d5024a4cf,Discover,d71491f2-f71b-47fa-94b2-fd26e0faa62d
f8192c80-2d9a-4ead-8ca6-e77e8e93dec4,VISA,4cc88144-1023-499e-9924-1c71fb4fdbf9
481251ed-cdb5-4593-b39f-d7ab113038e1,Discover,945a4005-61d3-4749-b3bf-1203e8c449b1
6262381e-a841-47ea-837a-f05c92f0d446,VISA,5d940c65-387d-46a5-98a8-8cf09f0d4dda
e1bef9c5-53d9-4a10-8253-3b67d67cb398,VISA,36219b8c-e015-446e-ba09-ff47372a0457
5f45c804-8c53-4495-a45e-d5487a31c1f5,MC,8f8a7b2b-d258-463d-a9bb-94b45bcc0388
d54f8618-e6f5-4710-b6b3-5741a8f3abae,MC,d4b22719-ad86-479e-a898-474db7e1f708
2cc22313-f559-4a88-b058-cc3b52cabb83,VISA,77871a7a-ec4a-4adb-beaf-2f5cbb57ebad
2f0d3dfb-3aea-412d-a7a6-fe70f0ac3dba,AmEx,1058b53c-7704-49a7-a38b-ad43c2bcd008
fb0e2ae9-2b49-4f83-abfb-607d05bfcea4,VISA,a19a561c-d305-4f55-9f06-b60212391c0f
0bd79cdd-7165-420a-b625-b1a23db9b01b,VISA,5bddc292-556d-4a5a-956d-e420ef00523c
5c2c3a46-cdef-431f-8a99-819ab4992015,AmEx,521ce1d7-af4e-4c5d-9e09-c4bbe835bc0e
a948e8b8-53d9-47f2-9d36-94fa1aeea552,Discover,d8b040f6-53ae-4c87-8412-6c75513ed0d2
d2f39f2e-192b-4225-864c-28e6075ad7a3,AmEx,0333904c-5c9f-498c-a10b-2496119dae20
b38c0870-4814-4927-8a11-393b031121fd,MC,8b6f6017-50eb-42da-8c84-192e24960000
fa1047e2-fe55-44b6-9bca-715f5123528f,Discover,0fccf3b6-5174-44e3-96c7-0c3188f932e9
65652c44-4dc3-4723-b1a8-85ed2fd5d184,MC,e7b6bf5b-0d41-4952-829a-d3219d6b5213
fd332f5e-3779-4324-a9b0-9762415d4f73,MC,14fe04ae-87d1-4def-b568-bd971af16b5f
b56f2190-8f80-4a73-9a73-a8e019305ab0,VISA,e32fbdeb-c044-4d86-b7e0-94566c20cf53
2b63b977-c1df-4665-9835-09bfed1e5b0f,MC,0710a0ff-4504-478b-b349-4c6abba6f9f8
b7304d9a-7b0a-4c5e-a3a2-1bfa293fd462,VISA,eefef794-37a5-48b6-b97a-123a5bcaf542
f8d04da8-ea87-4bd4-89cd-d3227a55edb2,VISA,eee1f4b2-56b8-4e9b-8171-f0a991e765c8
956ec723-4327-461f-95f7-de140cf94c36,PayPal,3fd43e88-bf33-4b16-9ee7-fe84a3a7d975
8d3f64cc-7922-415f-ae71-4a6d49f5dcc4,PayPal,58f24e15-7811-4a48-88f9-30f1b44d3756
921cbe7c-2d01-4921-8f7c-c4bf14da6482,Discover,db912c7b-10a6-4108-b55a-f0b20ab7fd45
014e40f6-907f-4720-aefb-361ded538683,MC,b2d2f5b6-0ebd-4e23-baa0-959b502ee045
f91a164b-f744-46fb-8297-862d086c10f4,AmEx,8be4ee77-57fe-489b-b8ff-9eb008ea286e
d2091a3f-5fa1-4bb2-9f61-ca463649171e,VISA,bb6ff4d8-ce9d-4954-9583-c29efd98c697
8e6cc7c1-3324-48b1-a0af-0041314225f2,Discover,ad3b9b14-df2d-4989-b917-fdcb120a4304
3049b015-8a98-473e-b13c-299c59d6e075,Discover,7e978fb7-bd3c-4f9c-9210-e376bb4223d6
a0819e03-0161-4a42-9bfa-c4af9ff53900,VISA,e4d50646-14b9-4820-8781-a31262b6da22
b4af4029-9e6a-4e07-afaa-ef049404db79,AmEx,96ac0bb7-0ce1-4b4e-bba8-cda797d98083
547f0e19-933b-4e0d-8ed6-246498c7399d,VISA,ce90dd70-8d3e-4984-be54-a0c2effef79e
85fe2f0c-0ef6-45b2-ac30-c12501f15df7,MC,f41ba780-acf4-4659-9395-47bbeb75255f
e9928c77-dd9f-49ee-9e09-4c7c86131aa5,Discover,99a85f29-fc96-49ad-87b2-0b4a43b99f52
eee89b52-4a44-4005-8439-7e6e7a8eedc7,AmEx,9ff81673-b560-453c-84aa-805998d52c41
8b22eae0-b5c9-4297-bbdb-15cc4cf1bcc7,AmEx,352f0535-e708-4b1d-a703-f0b1136f62c7
de3c3916-76a0-438d-aaf0-3c3003c8dced,AmEx,d812d720-9393-4890-9019-e824fb9a4245
acc18e45-54e8-4cf4-bdd4-28371aa12e2b,MC,38accb4b-7c0a-48bf-9f59-0d20b02050d1
dc91d00f-6a91-4e01-a2b5-7f0c113db052,Discover,a58a52fc-471e-42a7-b306-90ce9019df42
07211c32-4fb5-468f-be36-60d28ed17a3a,Discover,191ff428-dd92-43ef-b08a-968e4e68ac24
dfd830c2-28fd-43fa-8e92-fb9347b3025f,PayPal,491556ad-999f-4356-99cd-0fd29b6a8183
23f9b549-0948-4d67-a8d2-f49872e386a7,MC,89adaada-deaa-4899-b91b-1354e8b01db8
4f47496a-9c82-421f-9c7a-1d1af7f9489d,AmEx,187c3769-32f3-49c6-9ebe-b3b55af71f40
2f5ae480-bb10-4d4b-a84b-3a7adfca36bd,Discover,8bc8564f-dc47-401e-816b-c2b19eb86304
45bee90c-8f11-4ad5-973c-b365f275b16e,MC,a7a13a14-f4fe-4a67-a676-779ddbc4c68f
cffeda0f-4ad7-4cfe-9c96-a724f503c181,AmEx,1ec5a82a-dc2b-490f-a258-38586aa10163
085d3888-ab46-497e-bb50-d434b94e1dff,AmEx,fbc96e49-cdab-44d7-8e3f-39ca0792941b
5f17af4d-9b1e-4ac5-b1b9-fa6cceb06e81,VISA,5dee8149-0580-425b-84ed-14e74318eea6
928b63f4-ba00-4d9f-ba9e-7bb77ecd1466,VISA,a947b528-0631-4ce9-ba96-e9f827eca862
9fab2f5f-f293-4635-adb5-d008e5b37010,PayPal,1ea854b4-f027-4b24-ac22-6f83d9783851
e6910248-c70d-4c24-96d2-b502fb8a98fa,VISA,88b8524e-129e-45ed-85de-589438100ce0
b588f526-926d-4043-b37c-955e27818212,VISA,15bf559b-a815-4cf3-81e1-0061aeb1ae29
6a9cb347-5f0d-4909-9f63-405be152b128,AmEx,60a1c749-3022-44ed-92ed-198f62ec5644
80f382be-9e8c-41d8-a8f9-42dad80368ee,VISA,bfaf05f3-ed6b-487e-b6d6-c1f7b2f2c6aa
69ba16fb-d681-429f-ad16-e4311802a430,MC,f5024334-881a-4b2c-ab2d-ff1119fd3e7a
b4b9cdcf-6575-4506-8bfb-56818322a749,AmEx,106a3a06-3bb3-410d-a8c4-f1f5917ccfdf
9582dcc0-8f89-4a5f-a061-6ee63b1e568f,AmEx,7735a38f-74c5-4ace-8e65-078aa63c01fc
b6373648-ced5-442b-b90c-08ecc3b3a89d,MC,7d00c1ff-5e20-4103-bf2f-22ea4d920146
b18149b5-037b-42f0-84e0-331d0301b163,VISA,e96eb217-0b16-4eb0-ba11-dd23e35cc99d
8f6e1a46-0b5c-4036-bf7b-e62f90d18e92,VISA,f846ae1f-8c6f-4d1b-bebd-ac6f7b6d4ceb
ce3ce3b6-2ff7-4ad3-bf26-0ba9bcdce5cb,VISA,6983c946-de68-4aeb-b8e9-0b33c3378562
87d8ca4f-b3a1-47f2-89ef-2641401dc376,Discover,bb07ae24-1dbf-4cce-ac45-511e586fe4e7
180f6d22-b763-42c2-b986-226008796799,AmEx,32e85499-aa90-4c7d-b042-7b363790c0d3
07c0efb6-52f9-402c-b99f-cb6e47ebe884,MC,fd09f55b-f497-41c5-9673-fcf49540e7db
ec9c7816-bbc2-42fd-936c-64bec2a15fda,VISA,e5e916a9-1d66-4dc4-ae80-4066c7c26435
dd6b477d-90c6-47da-86c3-4119e276aa0d,VISA,0c5d14fd-e15f-4650-9e95-773671bfe8ce
6dc25e14-6f7b-44a6-8211-8e3b6acc731e,MC,9112c7fe-3811-459d-8c69-5f390b666e27
44e3f6a4-d7fe-402f-95a3-21dfe06916b1,PayPal,ba6975a9-d99f-4b28-b460-49df0bc4505f
34415e85-038c-4b37-9c42-c1708ac87e46,PayPal,c60efb7c-c0c0-409a-a816-edb39b94f87f
65b00c61-6198-43c3-b3f0-311fb0949d37,VISA,4cf75e76-9c88-427f-946b-36584f2e332b
42103a60-61d6-4fba-a9ec-220d8adec891,MC,061c9e9d-b8a5-4c6d-95be-cefb50055ac6
49d9428a-bffe-4ddb-a057-83e138b0b99b,PayPal,b4b09a56-bccb-4ac9-ac27-ac295629f662
87c899fb-83c8-4fc0-8623-e8ae304fccba,PayPal,4a3e9872-5904-4706-ae5e-126cce472161
346e7231-15d0-4765-b653-5a25d101167f,MC,0d87306d-be35-49a3-9016-62e33c763cda
ef137f2b-f56d-4191-b76c-589a09b3ec20,PayPal,773948df-272d-4350-9c2d-f73b76e72587
0eaaf743-cc64-4309-8b0a-0d7242f13b44,VISA,93ee080d-ffc8-43ce-833a-2548b74d0d5c
708df546-5e03-4856-b28f-7aafbb35592f,AmEx,a9be3db7-8c78-4c20-8bb0-7fb1a91bb494
a7b5e696-9112-4a9a-86ac-9a1d42a86f60,VISA,0c6705e5-2038-46cd-9fe1-937d68343d14
0f7fbb4c-ad74-49e4-a575-84a16ea0ba41,Discover,4b9c66ba-bb5d-45a0-819a-15eb1515593b
be58c480-4d1e-4947-a071-2365343d2468,VISA,92515611-0d8f-4c5d-ac01-bd59eab60200
fb759677-06ce-4e95-9da4-ce9cedb42e64,MC,547b1f25-0c2d-4b17-899d-0c64e8c5fbc6
04712948-236d-49dd-bf14-ae26730334aa,PayPal,a9808b11-a9f3-48c0-9166-0aa2b7013017
676ef4f4-0b94-4563-8d9c-07465ed1c294,VISA,e7d01377-a841-4ced-b56d-9dfecd3845a9
78f3f762-9262-4f91-992f-f2941546aa87,PayPal,669b2ba3-b64e-4a09-9c96-c826b6874285
c1b40031-f876-4a13-9f46-a49ef948166c,AmEx,ba5c3d75-4d31-4858-ada7-a59d7eb66e8c
cf6a65bb-0925-4d43-96a2-3d7f6ae50acd,MC,723dcd94-c08d-4a85-b922-c376db0c5c35
994207e7-d172-4a40-a596-146c075d1e2d,MC,3bdd4171-d394-4620-9da7-13925cf1224a
7cfe88c3-bcb3-4bb1-b429-71758338130d,MC,b91cb49f-82f7-426a-94a0-b2f074756b68
2cb42c2f-4fb0-4495-ac6e-295ed779bc96,AmEx,b352b5d5-8d7a-43da-b5c1-a1eda0fd0937
9c4f42a8-8067-4071-8a9b-ea02b54b41fb,VISA,e3ea00df-52e4-4510-b2f8-2f1d8311a263
053f3ba9-c87f-44a8-b4a2-d91f5ce3848d,PayPal,96fcf6b9-2f3e-494b-93ee-0181376a15fc
0074e98e-820a-421d-ace1-08c128d5d867,MC,d56590e0-69dd-498d-9cee-67f8f755bbda
323604c4-43df-4628-95db-244082ae1b6f,VISA,4d613ace-7679-4590-8e9f-b9c083e87446
bce8e211-c6bd-4a66-b2af-7bc7b8c6ccc4,Discover,8cc3ce7e-ebe1-4b5f-9953-23bfb2de079d
3b16e8b7-59c8-4e9f-b688-b455f4efe9ca,AmEx,45b0d133-0eb3-4e02-9064-a4ae4f6d2c17
61356d02-2fb9-4fc1-8f7a-0e394a5c50a5,AmEx,a981cfac-650c-483c-acca-0e4a746307ca
1a2426ae-4963-4f64-af6b-8e1c847f3774,VISA,0d87c604-b762-431a-bb89-c7101e9374dd
068670ba-1800-44a4-94ae-a531246a1ea4,PayPal,d6486eca-0494-4192-9f23-4356ab24d2ae
549e4dc0-4a6d-40d0-af1e-a9dc706de649,AmEx,2664c8b5-b2e0-49de-bc4f-63501dcacef8
270490d7-5e9a-426f-9a94-ec9f9748e948,VISA,c6046679-072e-463d-a2e8-4a946959453a
616482fe-19aa-4b19-95cf-319edc5c718f,VISA,c2a774dc-5385-492b-8bdb-bd7470644d4c
3435a4a1-f879-48a4-b922-d753fab2369d,AmEx,82b948a7-45e4-4341-afd8-c5d2a563c28f
271bfbc5-a90f-4fbf-a0a8-7f21536f68c2,VISA,c3c607d6-1e59-4c75-b693-afbaf78cf1ca
b169cb84-acd7-404b-9ecb-aabb3895043f,VISA,a9ef079a-1209-4e02-9208-df7ed0ffc9f8
76afc22c-45a0-40ec-b1ba-bd583ce82a49,VISA,cf5252c7-9ee7-441c-a7eb-117a08785ad7
85e98f16-1fe6-4efc-a72e-b1ab7e37dcfc,MC,ec71a420-7a47-4372-84ba-e06e78cbd14c
f607fc9e-ce70-470c-bb89-d04d3fcb5e09,MC,bd5690b0-25c7-44ae-9fac-cbe0e2b05ee4
761d0433-da31-4100-8161-bfdebab6b10e,VISA,b4cd637a-8839-48c8-a42e-774c6c2d6df2
115ec2b7-92e8-416a-8f38-04764f8742a9,VISA,2fbd768a-f368-430a-959f-024756d1506e
204ab673-cd42-4dff-a85b-db0afbac74e2,MC,18c02986-222c-4d46-9c7f-7bde929c404e
6030cb5e-ecd3-474b-a3d6-e8f32653867f,VISA,3f05eab4-6000-4c62-b937-4f494d66c569
76dc1759-7d46-4aa9-b3c6-f82eebe49203,VISA,c8eb6b51-965b-4bc6-adb5-d2d614c65786
1e756c9d-a734-4877-8a7a-d27a474f09c9,VISA,68b9d8c7-e8d4-4a1e-a232-896aadc52434
9af2e49d-09b8-4177-908c-89a03ad2774c,PayPal,a992277c-48e3-4785-a1c7-6776eb387be1
018f51e9-84cc-458f-af36-112e812593e1,Discover,020d2968-5a5f-492b-895f-22b5244cf888
9e9537fb-7cae-4c9c-bb4a-8352f413e32e,PayPal,9cd5422c-0f89-45f2-a11f-2ef66f72b719
84c1683d-6100-45f5-bbbd-7561bdcdbc03,MC,747f9a06-0480-4b8e-ac5d-8d8391418f17
5c2db4cd-5b5c-45d2-a92c-12da1ce6d6b8,VISA,2506e968-1bb0-49c3-83d8-19f4efd47d5b
0ce3573d-d329-40c3-8c76-ed3e8fc7ba18,MC,c70f9d40-a164-4718-9f33-ef66f27408e2
30a99438-4082-4d5f-a786-1c823dc05adc,VISA,6f298e5a-8948-4cd2-a0d7-d5ec6413efff
2d147476-ee89-4797-9a67-d2dcb6b57b1f,VISA,fe0d816f-7d81-4e60-9ef0-6b13b62e5f97
bd3169b5-e413-44a3-ac7a-70aefdcacdd6,MC,ada9976e-8056-48d8-8c10-0e832674a12d
22df37f4-97d1-4a54-ba9c-63e34d778c44,PayPal,ff47933b-07b5-4c1b-ba30-3cd87dfbed58
b597e02b-97bf-4b31-b23f-0ead09d0ed6e,MC,9407fdf4-70c8-4f19-bc3f-b2137cde435c
6dddfd81-f6ed-4b9b-8cce-02c691330169,Discover,a196a7a8-33f2-49a5-8673-deadb6107cf3
53ce9a49-3264-44fd-a82e-a236ee9f30be,MC,26d39af7-2666-4257-8e33-be9c70243a36
2d3e9bd1-8dcb-40e6-8a96-8b8a56ba30f8,MC,b72edeba-3fd2-4442-9dd9-298cab76f2a9
bb549634-4ff3-4be6-894e-23e8417b4169,VISA,12c3e0e0-73b9-40a6-86f9-ccb8654533c6
d384f5c7-797f-487b-a811-c02b03dbf049,VISA,3685a346-6cf2-451b-96fe-a25b221f388b
627eca5c-df61-4cc7-9963-b4685f721c3c,VISA,849d0a57-b587-463a-9736-181cdf2e306f
aeda7991-2ce0-4913-9a94-6495f0bfed3b,PayPal,cfa63d61-dd47-4599-a059-125dac5e4701
bcfcc823-1672-4f39-9e91-1e7c408bb4bf,VISA,32cf3941-ddec-4df6-beb1-98c7ee8289d1
33806630-3575-4479-8d3b-b17f74de8082,VISA,23438d38-f0e7-4d72-9ec0-3ea26beeb3f8
2348e304-c508-4332-8db8-c008134cd2dd,Discover,688ed9a8-cba0-437c-a277-3a184a4ee1d0
5dc95968-ba30-47d1-99e9-97b1d48c4d7d,VISA,b7156f14-a076-441e-94d5-44c53703f3aa
2374abfa-f48e-4896-a374-fe225d469582,AmEx,43b7b1bd-a03e-4180-9640-8425c296601e
502488f6-d3db-4a76-bdee-229788573ac4,MC,9dc27f86-b453-44f5-9d83-552af78ca9b8
78d7b238-3809-4497-9069-ce1637643a1d,VISA,5f90cd96-a4bf-4d2e-b57f-5cbbdfd34534
f6d671ed-eeb6-48ee-84c9-ab38c1e8bd0c,VISA,909e211a-8f46-4a0b-9a86-4286c30578ed
75a0e213-c75a-43c9-9348-db6f98431720,Discover,1cb27692-f45f-4e3a-80ab-a10ef8c50451
0e5bf809-2a4a-4606-bc13-b4ad06a177b4,VISA,73e34f37-451a-4386-b524-dca47b776a5c
5a524a18-6222-4293-9f56-1c7163a2e42f,Discover,107af6fd-e6e9-431e-b954-a91affe06877
c1dfcfc6-34e9-4d94-ae18-fed4b6eb1a59,VISA,a89bfc05-42ab-4509-8f52-8820d6dca838
c2e36f55-536b-4ce9-84b3-5eac6e69f99a,VISA,154579c8-7c1f-4456-8451-db25b04fa0af
1ad19b00-a284-4422-b289-5220714044d5,PayPal,ab385506-6842-40dd-a858-ddadaac70515
e3915845-396a-4d15-b23e-5cceb00c2b8f,MC,842678be-5531-4501-bdb1-37d7dce6fc8d
e7ab5840-68b8-4ffa-9123-73aa996e90b3,AmEx,26a4b601-a2e2-421d-acbf-cf7ddcd1260e
51d5e30a-2f36-4779-9fee-3b3002d9f9f9,MC,b562b2eb-2b31-49a9-b87f-ee25de46d2ce
28441129-5c00-4303-b8d1-4fdcfb5dcece,AmEx,838c3c98-6f18-4e38-b3a6-278b0770780e
8c1dd564-f738-4e54-bb73-785f21e20904,Discover,421d4e0f-fc09-4a65-910c-32fb3e943301
5f13435d-c362-43f9-b7e9-134da9263995,Discover,1e427396-76b7-4197-8230-5f9f156538f0
539b8f2d-3f99-49fe-b783-4ec6f351dbdc,VISA,5186174d-97da-4489-89c0-27880e9888c8
85e2ba7f-5c16-44d8-ade1-35b05f0a22a8,PayPal,9f117cc5-1292-440b-b4c2-f8aea4431585
bdff1974-f486-4ef4-b143-ff53d0ff1ef1,VISA,9d1f4e2d-0403-457d-9816-5c92e17c6dd7
bfe78fde-a11a-491b-92c1-c7e9a03016ac,PayPal,27fa1956-e0cb-4783-bdc1-46fb7964e349
a71d867a-5248-4cf9-af02-1ba94cf69412,AmEx,175f4581-0e25-4dc6-82fd-4ec16150568a
0d48522e-68dd-4a89-8278-e86ee93bd6b4,MC,f78e42bf-3ce8-4b24-b740-650077a905ba
79be08fc-8974-4988-bc1c-c4ab78a2a46e,MC,9e85315a-30e7-452c-9de2-08bd930954f8
f33af5cc-6976-4722-bb6b-aabc73b08f4d,MC,ff095477-c13f-4cf2-8eb0-210331d2ab31
b54f38ff-ff33-4ebc-a0ec-d407731ecc39,VISA,d0d7d522-c09a-43f1-a293-6c53eed039c4
e8634907-a457-4058-a750-7b28b43e19b9,AmEx,dbfa5642-b664-4644-8d78-ef69a52b114b
7ad64e22-8c9a-4b39-8f47-3fc01d7a29a6,VISA,4936f726-ac28-486b-a1e9-3e2895bbe8a3
cb013b8a-a757-436e-b9eb-3b4823d72617,MC,fffa4d46-f62e-4577-83fe-51d4050b044a
df475f9e-69de-4218-b9f6-d94249b0fc43,MC,0d4bf2c3-17f9-497b-b264-7ddec8dbdda4
079230d6-efb3-4299-bb12-94272733f775,MC,63893ae4-7e6d-4675-8bba-8bc74e240264
5a6a669b-bd9b-4e2f-85ed-1b03920f25b2,VISA,0a81491f-a803-4170-9a3c-209b34c74352
172e0e87-4713-46c6-9704-848bac46ad81,VISA,a4e41c33-13fa-4ca8-bba3-43aeb51ce1df
c1829ab0-a6e9-405c-8837-bf532985182d,Discover,d9057d47-1c9e-47f5-bf8a-a9b6f248de40
4b1df177-541c-4569-bebc-2d338f06a9c6,AmEx,11a177bb-4307-453e-a29e-75cd86779087
e43feab6-db1b-4c54-aaa8-a128b0461e0b,VISA,9ad95702-e888-4c32-9c5c-63e60043ec15
b88c30ab-e87e-42c0-bc64-3b81343dda9e,AmEx,4362ece2-6811-47a4-ac95-b02d37398f54
aa1ddc7d-372c-499d-8503-68dac05f128e,VISA,939bd746-53c3-4959-9199-5ff2d4df856f
f5582571-4a74-4449-9fb7-b3403443a607,Discover,fa9ada53-6b34-47fc-b235-7a2760282af5
6216c7ac-04e2-4cc4-85d9-245e59465f7c,VISA,f6729d65-b2ec-4e93-a8e8-f7d311c4773c
b95b83b5-d897-42e0-9baf-7c3d162da0ee,VISA,c5f0d8f5-414a-4bd2-bafe-1dc22e1ad111
d0bceb10-a235-4a36-bee5-d48fd0eb3d60,PayPal,f9f6a5bc-46a6-4677-b9f3-b16b031ada90
e8fe4158-47ec-494c-bd0f-c81f62c3ac05,PayPal,5908a588-ebbe-4467-84f8-b645b97499c0
38c74b3e-2ce5-4792-b916-427304e3fbf9,Discover,40182be2-2868-4aa1-aa67-b9b339b8958f
99e340e9-9585-44d8-b6fb-0d4f959d6aad,MC,e1cdcd37-b4bf-4705-be24-f317c6c8bd51
1112e241-6cd6-4096-8861-bdd46305260b,AmEx,fab014c7-4153-4b48-8eb6-c9c75b374602
3626bb54-2088-4619-b5b1-e8a1bc4dd2d3,MC,25b10c30-af23-41eb-871a-8be861959057
46298e55-40b5-4e38-a0a8-37684a6d1a66,AmEx,edfd3ae0-635e-4a55-9776-0b73aaaa3ffa
d5b6b1ac-8710-483e-99f7-8b4c2c6545eb,MC,21e9be4e-8495-4fee-8f5e-d52c1578f77c
8a8daab3-5ef1-41f0-8144-e1cc201e6170,Discover,301fd073-445f-4c46-8d35-387b8d93df70
9a3640d8-14ed-434d-b5f6-a03aaebf4609,Discover,e374ecf3-0b41-4d2c-93a4-4b1825515b35
b88311b2-458d-45f6-a0bf-b04a61ce4069,MC,46b48db6-f81a-4f92-9bd8-eada97d107b4
047b4958-2b55-42ef-87ae-cc7715e4f32b,VISA,2eff9ad9-e368-4ca4-b45f-d5173be52eb8
884aaa7e-4d08-4bed-a3c0-4d7e4eda7ca3,VISA,adf14ced-06e1-4831-8f5c-9ebf952f8b7c
d13976cd-5995-49ec-aafe-9fc0430006f3,VISA,9dc7edbb-3c85-40c7-bf5c-a01d85a98494
ae821e68-93db-4ed5-a2ed-97a46d4ccbea,VISA,93ad5b58-abd8-4bd1-9788-aebc8c14cf74
87aa9a44-0763-41a9-af2c-965e4badb3bf,AmEx,a0461ada-8b83-4489-a5d9-7b268fc307d1
443b786b-22c8-488e-90ce-df39a6210199,Discover,a28dedca-c454-4e8b-a91f-80fa8eae8597
598b3e11-7e2a-4b4e-ab75-ecf6b40af345,MC,cedc6c62-ea47-4b24-9058-78e6da84dc8b
88854e34-8f72-43f8-8ec7-ca70ed8699a0,AmEx,5244ff7b-b9ce-48e4-aff1-08ba655f6ec2
2615220e-f042-46ef-87bb-914ea5317c36,AmEx,81f82321-c477-4d49-8589-d882c92fc685
c38eb5bd-c023-484a-9c50-4536f61296ad,VISA,f21b7730-afb0-4672-8d84-9065ecc8c789
0542aaf9-af1a-4dfd-b42d-38dbc24f3b0d,VISA,10ba9ede-f50e-49d5-8826-eca5b6d3c697
fc39416e-b36e-42b3-99f6-632cd362e7f4,Discover,735af56b-352d-45f0-8892-0d75d476f7fe
1d42fbae-400e-4fc0-807d-c6142f8169a0,MC,2cbb7a21-b0b8-48af-b5d6-19b915d7a517
8921c518-1b15-4aaa-a13d-f40088f90f6e,VISA,54337716-21bb-47da-b3b6-be3efc68c7ca
5ed83b1c-c890-4321-8e87-b6b2017fea4e,VISA,0d96a172-7297-4976-871f-1b9c51e4a42f
00de8e7f-fe35-4bff-a4d7-ac5529c06f00,MC,f9007d9b-9f57-46cb-a1ca-b24af23e3207
c5948bb9-1315-490b-a971-de66f5af460a,MC,eed078b1-2c65-427c-bb9f-45719fadc2d2
fec8b07b-7016-401c-905f-4d85507d1fe9,MC,2fd54e3e-04ae-4434-afc4-2661a20af6c2
0e4aa3a2-2c7b-437e-a4ff-8431f1141e23,VISA,e048651c-8cbd-41df-957f-d47b6aa46b79
1a714f44-f3c6-43e8-84cc-991f3b44a10d,MC,907b1c14-b5f6-4e01-ac84-9ef99870082f
46343386-2d84-41b8-b0be-f3291faea941,MC,1535db7b-aa5b-4cc1-82d2-3da9ba83d83c
4170940e-2f0d-4dd5-b945-f5871c42dba3,Discover,a877e3a6-b372-4639-8abc-0a6773d3dbae
9a947cb0-0517-4001-a5a0-0cf020bf7d4c,MC,50d2cc6e-9d1d-4ead-8678-ef38301cb8c0
b84275c5-4dc3-4836-8091-65a32990e220,VISA,8b972577-5572-49cc-8cc1-3ec05c623073
23903565-7744-430a-9349-3f902ab4c48e,VISA,1e72440c-ff1f-4783-baca-72a66e51b9d0
6f538931-b7cc-4aa0-aa8b-462483063b69,MC,06fe9a4b-2ce7-4460-ac8c-f186cf10e5a9
b432a0b6-a114-4d1b-9dd0-1641b489cb9a,AmEx,401e2787-ad50-4407-8283-7951a17144a1
5053f753-cbc2-4793-b290-23229d34a6fb,MC,dfd5d113-c008-455a-a67e-8be8535112dd
14691c99-5558-4305-bc06-17ef3ed500de,PayPal,f150c2a1-0be9-47d8-a691-39b8b911d22b
4b9216a0-9933-46bd-92b9-9ec865ba17e0,MC,a0950229-44db-4007-9ab5-aac2ad63e9f5
95093b61-78bc-4c74-b6ef-deb01e46281a,MC,e9a13d7a-cab7-4adb-9ada-4aade2e1ca2e
42d10b90-9994-4f59-afcd-00c24f304e17,VISA,cf90b1de-6ead-43c5-b539-1ff169868872
ecbe20dc-5da2-4a7a-9c87-73d91d2e09d1,PayPal,8f67851a-e131-4840-8860-63510810edc2
c7f9523d-46e6-4a05-a500-2853afcd3974,VISA,c02baaa8-dd8c-42a6-83e6-fe466d13c5c6
494797d8-6599-4a2e-b6a5-4e2c6b9af218,PayPal,b478a337-5f15-4abf-8f59-bbc15b333f53
d01d4770-22fc-434f-9807-0010c92c2e6f,VISA,6df588bc-c177-49a9-aeac-a30cf242c6e0
750a3000-2653-4005-bcd5-fcb068e60f6f,VISA,64edc772-8b3c-4f4b-909a-f8d0aa5a0ef2
08c89710-1db0-4159-99ca-924593ee84db,VISA,4c97cc95-f0a4-425b-af5d-561303bf0274
74400fff-27c5-450f-9e09-3198cc9b4211,MC,260a45c3-96e8-42c4-a25f-e5633ca170b0
e7366800-4fd9-450a-9c1e-d73b10ef28c8,Discover,c109f120-c918-4422-8e65-b6df91a6486d
9bbe1f71-d62f-43bf-ac0b-72b1e25ffc93,MC,af19a616-0622-4da5-b63f-06c001558eaf
5289dd25-688f-4cc1-86f7-2ac2dde0c429,AmEx,f9fbb21a-40b7-44ad-ab4e-629c82117db1
c47f0f59-2483-498e-8b2f-57caccaf7308,MC,9930715e-179c-4eca-a232-3b929a492d9a
192edb17-585c-44e1-821c-1ccb9a7903e8,VISA,97a5bbac-55f1-45c1-a633-9acc48f2d69c
f8743160-7e06-4007-98f3-f47f9314e474,Discover,6a3c0ecd-841b-4669-b4f1-173b9d89825a
d4b48d58-16ff-4a6d-ac95-8b88c91c1d0d,Discover,2dfa8f1b-d5aa-4fbe-ab98-8949a911436e
f832dad8-e03d-4df0-a970-dc43cc5c25b1,MC,cabb62b4-0005-4000-aba6-635ed0fdf365
7d72a379-ccc5-4350-91dc-a02d40634900,AmEx,66303fe7-86e8-42ee-89bd-02d430c6da1d
139417c9-0106-4e0c-ba7b-a2023e1c5580,Discover,ed4d1a91-c1d6-436f-971b-8ae0bb0481f2
19550215-d18a-43da-9b41-8d020a35f918,VISA,f02feee4-d45f-4986-bc56-10ce7df272dc
b7e95a1f-255b-4009-9886-c354c541950a,VISA,9596ed67-c894-41da-a1fd-fe0960db99c9
64380082-8e4a-4677-a935-a3bd6d4d5240,PayPal,9490d43f-bb58-4a1d-ab8c-d867769fcc72
94f8c130-c0d6-4435-a2f7-703b7b1d19cc,AmEx,f5c06252-9dd2-4a5a-812f-99442aa0d3f2
84e85933-ce81-4843-9d46-48687a810225,AmEx,392c5ee2-3cfe-4250-ac08-0b8be7c458c0
23efbb2d-5f99-4475-a84e-039afacc8bd5,Discover,745e350e-7384-4dc3-8be4-414ed0a9d643
940e8dba-16b5-4263-982b-27ae09402697,VISA,cf315024-1c90-4b6b-935f-58f3c8274e0b
76f0bb90-175f-4b1f-810c-057e203eab74,MC,ff94562e-03d1-4fe2-b76e-ad69ecf2ba67
423eedc1-5802-40ad-b5fd-fa958d55035f,VISA,ada84221-f34b-428e-8c07-6f1baeba0561
09407a23-2132-41a3-a8a2-f792ed07cc17,PayPal,c3312da6-d884-4918-9743-fd1b4165989e
1dd16e80-987f-4daf-88cf-7eafe63989a9,AmEx,563ce161-89fd-4f0f-8a97-c3c6b8557919
feaa07e3-6d83-4e1a-a832-9bf69a61ce44,Discover,dcbae9e7-9368-485e-a5e7-920f85608324
875e2e83-c692-4750-8eee-ffed300190cf,PayPal,15651fcf-9c8e-41e6-bd82-960f51788557
63c5c79e-572e-45f0-8945-a29ac38fe2a2,PayPal,05428591-c774-40d4-8457-ff255d24e65e
4d0303e6-7854-4c03-bc74-cb2f21bf82a4,MC,2607b473-1178-485f-a1e7-0fc8c7b07521
c9536ea8-9405-40b0-a8ce-315f01512c75,MC,ee75d966-0bcf-41af-914b-09821580aaa6
6fe21e7c-c86a-44b3-a057-7fbbe631f684,VISA,1a3f7386-74cb-4866-b1c5-7edd709a339c
47590cda-7ac9-42c8-8185-24c89a2a22c9,VISA,ea33f770-c3a1-4dba-abee-60c6272f6f86
459d3cc3-eecf-4551-9190-3bcff9a2dea2,MC,7a28c72c-72f9-4d28-8920-23db0ed71655
bab0e8b0-cf0e-4b38-abfc-4e6cfbf2e859,MC,ff0819b4-8e44-428c-a16b-bba04aee44a4
fe43aeff-f6e3-4c56-a178-e263e94ffe25,AmEx,498a0846-cd31-4f4a-94d7-374e0935d2c7
ea3e6e3b-d44e-48b9-8e54-4de1294b593c,MC,97a4b425-a84d-442b-b8ab-8b2a9cbb223f
9ab7d0ba-4236-4ffc-ad25-339ac2975821,AmEx,a902c8d8-f3bf-4e09-bcad-8cf0388a69a5
1c2ce7e3-7c5b-45bf-88d9-c79df090158b,VISA,0f076105-44fe-4963-bc1d-b61608671fe7
065b8914-7868-4e5a-8011-8fbf0dfeab12,VISA,dbedd4f8-0dd6-4f12-a8ff-b604019b444c
95112d1b-fb38-4c6a-9c7e-cb5220857096,AmEx,3859da11-2dad-48fd-b93d-834ff5392c8d
bb60e120-8e34-44c9-b7f8-ddfec25b1f47,Discover,d0b98750-f1c1-4533-b978-72f3cd537849
cccaee31-834d-4326-b8f3-d3ce5e06d5ae,Discover,876e90a3-312e-4c4e-9135-ec34ffb3de47
00448e37-9ecf-46fd-ba90-fde516f2105a,VISA,d31c2327-b10e-434c-bb68-6bb89b05112f
2e571d84-e969-42bc-bc70-7c0917ae0c11,MC,afb17d04-5b4f-4f95-8683-376cfd35b915
80e5ae32-9d4e-4c7f-a6a4-8b713ef3098d,VISA,1cdeeafd-302d-480e-bd2d-28b7fbe5a3f7
ce6db2a6-e6f7-4d74-9754-7afc6d6658da,VISA,5db1acb6-48b7-4b7c-a98e-49ba2c36fa40
4ca441fb-5fe6-4a10-80ef-494328446db1,VISA,884e1688-f5f8-41d5-a147-6da4ef243e4c
18c63c79-629c-44b3-9b8e-1bcc6a03ad95,VISA,f0bae788-611a-460c-b553-f973d1d77d58
b797062f-daff-4714-ada2-ceb2ad502814,VISA,3d16bd89-88eb-4187-8645-4d786209c14c
b4166c89-0e65-4431-b443-bf63c0ac09f3,AmEx,ce28af4e-d1fb-4a60-967c-d2a635651d6d
2888d352-657c-4c7e-b866-917d203891e4,PayPal,9e7bf0b8-717d-4753-aa84-c6c2cef417ab
876d3225-c77d-44ea-9b34-f5e244abc9bf,MC,4a145321-63f3-4dcb-9aee-9b14ae505f51
9eb5e960-ccb1-4efa-9943-cffe940831d3,VISA,edd6de26-dee5-46fd-856d-67a37876f6c0
9a74c525-6c45-4ef4-95e0-8c8523bb19b7,Discover,9bdf5a63-ae2c-4ab4-a703-6ec2712c8463
526d99a0-7ae5-4875-af88-66962b7027a5,MC,333779de-6c24-44df-a4df-72b752b07a00
238e80ea-7317-4256-aac8-b5e2899f970c,VISA,5d2ac4bb-406e-4e2a-a4a5-4481344f7c5f
20aca83e-6756-447c-93e1-04a8a0236e04,MC,032717d0-059b-450a-92f7-10ad0d77c583
99fdc912-1796-4f17-b7d9-de928db4e22c,MC,518b5cf5-1eae-4390-abb7-d0a2406f1047
fb68bede-5148-4613-a9e1-6cf14cc43c28,MC,02030922-793e-40b6-ae08-e560f8e8a494
465d096b-f59b-43c4-a774-bc96f6d1bd3d,MC,c1b44111-169e-479b-b6f5-1acaa7a2f62c
024467f0-ee9a-4f56-b3b0-a3e7dda7cb76,AmEx,cf2fbac1-f151-48e4-af38-8af24ea070e8
f7f9e01d-fd39-491c-a0cb-2b85c77e5145,Discover,e7f5a520-2ab4-4d96-87ba-7078e40d7b49
20ae6430-6304-469b-8d17-1e3dce1b9c5e,AmEx,1decc1e8-29b9-4ead-be34-9a5fd90a8238
04a292bf-43b0-4087-935c-0d2ac42a1cf2,VISA,cfd3b20d-308f-4cd6-97b9-8aeb5afaa94a
5e142df0-5bd9-45dd-8256-c7b7bf979f8a,VISA,4eb000a7-8866-4a4d-ab18-b231702a83e6
17f4f6d6-e1bd-4601-a9c3-17305ec9890c,PayPal,7891d88c-e4a6-47b8-aad8-8e63638bc777
353e9c0b-5af4-43f3-aa57-aa2345cc458c,VISA,1cc76f97-b755-496a-b863-874eb074cc2f
f0876982-9c1d-4acc-b64e-7b88e22ae90d,PayPal,db439b97-9111-46ed-8282-b1d3d084b59f
0cfa89ed-588b-4820-8ae0-11fcfa2ec96e,VISA,6f9c8691-fe95-4d48-93d8-7d5091ba0946
ee6b5e4b-6b71-4c37-bd0b-9f037fe81f12,Discover,d49722e1-f387-427a-b2ce-4bd39bf08974
91903ac6-82a8-4019-ba89-60f8f01c8050,VISA,4e2851cc-8411-456b-b0b6-40b4c1c74dfe
cef68f01-7e42-43a5-bd99-ffc0a6c07e1b,PayPal,524ddbd3-dca7-42e3-932d-f5ae087606f7
e58c0925-7b2d-4e5f-a158-b8fdb81f9c2a,MC,f3283042-423a-4b21-8436-060472492b73
4e2dd0e3-1fc9-4ac2-b227-352e6af801f7,MC,084e7709-652f-4c19-b83f-3a7fcaaf6aed
b388809d-6b21-45f3-8a4e-ac67fef6cdc8,VISA,d84948e2-85aa-45d6-a714-1b21b54bd37c
3a8f5c08-c3b1-4f2e-96a7-e5c27a9327f6,VISA,b4ad7f42-7d26-4dd8-a104-6a4da80dcc00
87551386-19d1-4ff4-8320-b009f77565ae,AmEx,72779e3d-a281-4bf4-a0d3-4277067ff743
5451d155-3110-4388-9982-bb8857c9a266,VISA,a6baac12-a540-4c55-8946-e6bd3b2af344
d6c98911-32a9-4862-bf21-e79df6e6d1e4,VISA,b6cab28b-0dc9-4560-a0f1-1d636a51e968
e3585b0a-7b35-4453-b972-130c3579af3b,PayPal,1d0756fb-bb30-4179-a279-be6c6cfec5e8
f590c5c4-ffdc-4c73-8579-24fd9e48b97a,MC,d1496d21-314a-449f-a3ff-3cc3bb8e24b6
24896af0-86c1-44a5-826b-4c09dfc31e06,PayPal,e988de40-127f-4118-a58c-1e2194b90433
7a616c2a-a5c5-4107-9acc-695fba28a44d,VISA,6f89a70e-fc7b-4eb5-8d92-b2981a2ae1e5
8f0263f2-ced6-4811-a285-124514104849,AmEx,ba173aa3-9d33-4414-a6e3-aa7db8de076a
36398c08-be05-4649-81eb-a42d36a1979d,PayPal,61fca877-f887-4b62-ba8e-de3ed543991b
dc9facf2-088a-4a76-8091-1969b385da39,MC,8b7f1381-e9a6-4e1c-95e1-642d2e1bbad3
610357ac-0c1c-4e1e-abce-083f8cc65fe7,Discover,2bdfe1c7-4e39-4c19-8964-44e1f41348e7
d2d4ad72-ca38-49f3-8f41-8b1129a84e35,MC,03eea978-8ffa-4483-8c7f-50a93a884fd3
b8ed2152-ce7d-4026-bfca-76ae55264c49,VISA,1472af46-5d71-41f7-b6b9-ea0de9587f80
f8de1c13-a0bf-4663-95e5-307c33ad3d75,VISA,7e296675-c77b-405a-bb39-316b053c3808
d107c8b4-5f7e-4397-9dff-c5fd8b93180a,VISA,70079a82-b5fd-4204-95a2-944e7c6dbce2
979c1269-8e66-4979-a3b0-c1688a97c300,AmEx,cc4274cc-6385-46ba-9e08-8d29bf18a484
a39358d2-afbf-4a55-89c5-321eb7c68caa,MC,56694a51-5c01-437a-9347-d0ccfc9a273b
aec14aa6-1a24-4106-8e3f-0fd5000c0425,VISA,cf3d40b5-4aa1-44ed-8b0c-bc4dfc50f833
8412b161-477b-40e6-bada-5bcf5b2ce592,VISA,b4e2369c-e814-44de-aa11-2d2163ed1ad7
c2789da3-894e-48dd-a607-bd4f033805a8,MC,dc3cae4b-4072-4deb-829a-d7a98a032a9e
7ba06345-1427-43ec-bb78-55ea5258346f,Discover,5088ea51-bb00-45c8-b7ff-79f2c9822ec1
5a8ab18d-c9b9-48e2-9dc1-de670f059191,VISA,68f6233f-45c3-423f-acff-6e7d900c7b0c
d2438d69-123b-453a-af16-de56d76dace2,AmEx,9aa5495a-5ef6-4cee-9028-2aaddf42882f
8691a566-102d-4b25-989f-3512c04fe107,VISA,d9e49036-bcec-415a-9507-1708e30116f1
7b1173fd-9282-40ca-8514-4451fc3fe35d,MC,c1eb27e0-1b3b-42bf-a4e3-6f66efd9087e
6ded955b-ed14-45f6-af94-5fe0ff2f3972,Discover,40f72850-6519-4e4d-b659-87e7ea17e0d8
401f788c-f565-44fa-aab2-23df79b25537,PayPal,ac9fef92-72e8-434a-a1fb-ed7eb2bc889d
19254712-6679-4fcd-988f-c3de63fcc69b,VISA,a16271af-84ed-49bb-b04f-1266d49542f4
06cb795a-336e-4d88-a24c-cbabcd62c325,VISA,e2657b5a-c489-452f-a296-4170bf4f6585
06d1e9a0-4c24-469c-af7f-e97d7a0ab8f6,Discover,bcd5df1d-6499-49f7-bd8f-e6d3b99ced46
4c993aec-9fb4-4ec0-bfee-ee1f12b5753a,VISA,e3e254e2-8b0d-4f91-ba6a-4901f10001f1
e8501a1d-8a1c-4737-ab3e-69afe094ade2,MC,f13186fa-f017-4da6-937f-083ee5751b08
ba7368a4-7322-48bb-b5c0-e844be57e91a,MC,dcf97db4-c241-453e-a870-f2541e426a19
e30d0454-4c83-48bb-a4e8-f5283639292d,PayPal,7c845a57-0ea2-4e38-a410-4dcafa66c4fa
3e5f9bc1-5539-420c-9b3a-ac41e6f98dcb,VISA,681e886b-b4b3-4f5c-a1f6-f915ed2f0d07
9c9ed799-db14-460c-bfac-b5c5c496e4f5,AmEx,bbec827a-bb45-482c-8ae6-4027e2142274
c81a00ea-d24f-4989-a05b-77fa081238ff,MC,e85b1c2e-041f-4f66-9064-58410ee3958b
105a7d38-c0a0-4124-8ac4-9ad415b6da17,PayPal,bd017260-5ed4-4a4f-a152-a87472124e04
2e8673fe-17eb-4b4b-9aca-0c77281f904f,VISA,5220a00a-5e32-49cd-917d-5a690166eed1
935fcff1-3bdf-44e1-a65f-b99ade3881b0,MC,2246da3e-b5e1-4dbd-a35e-8679327dea04
b408ddb9-0394-475c-b96a-202d85df5ce1,Discover,a4c845f6-b3cc-4ca1-a234-2af093f8e6d8
9e074de4-5032-4994-80d0-e3756e9a8d29,MC,cea1b2cf-a092-4f46-b330-f0a461bfed1a
645de171-69a5-4a32-bdda-a6861e214507,VISA,18b44bde-c2af-45bf-9e41-d9ab2bf20395
1f8e4bbf-f3e7-4c6b-87d2-be635b577f55,AmEx,eaf51102-c714-4740-9862-ea03a0bcbd6f
1d05b7d4-54f9-498f-a01d-2301a63c7e3e,Discover,f547f759-6774-4b4a-9f60-7b0feef3db2a
3abb5a8f-3a07-4065-9716-363cb4b0ffd8,MC,094d4d8e-944f-490f-a5dd-c743fd3914de
99aa819f-4312-4ff4-b6dd-4aa017f68f4a,PayPal,d5f9d56d-c127-4c75-a4ba-1597b577f815
7dcb4858-7486-44a1-a282-bb310fcf6383,AmEx,01038c27-64cf-43c8-83f9-16ba7decc01c
5b1ed6cd-da61-4007-b00e-1fd821ee47db,AmEx,d14e185f-36db-4ba5-8e28-6521165a9595
0b96348d-6acb-4554-9d0d-84f2f1323c9a,Discover,bcace24f-465c-491e-aee1-bb4a4ea70acf
dcdc5f64-2844-421a-972a-55b50b5fac6f,MC,ea29972d-9008-4a17-8aca-b28da18e119e
c2007c4f-5d00-4027-b72f-b54ffc1d3192,MC,f21bf40f-dc55-4b6e-8c28-73f41dad99b3
65c540b2-4ac5-4c7c-b2ed-e3a9c7195f1e,VISA,af1f569b-f368-4b2b-8646-8cba3c717c1b
0edfae5d-2914-48c3-afff-12bab02c2c13,PayPal,65d19a5c-9662-409e-86b5-ab6d5c76efef
7181a0ce-ab6e-439e-b146-3a9a622b3063,VISA,8bae3b2f-aebd-4e2d-8808-bbd522158de2
4abde38c-cda7-4554-bb71-04ea1e4ccb6a,VISA,e06b2750-9aa1-4229-8f30-fc45aeec1438
5316c819-6cac-4c5e-8254-950d641800bc,VISA,544cf67b-c1c7-414a-9640-33abb1dacc2e
46b17294-7647-46b0-a8c6-d7767cf4f5b1,VISA,15d157fc-fff1-4ebb-b525-340c7df0287e
5f9255a3-1006-4cb0-89b0-13e77b0068a1,VISA,50e49044-b5cf-4426-8dbd-b4e093537878
1129edd9-3299-45e1-a412-a8618c79c540,VISA,f79eaaf4-e47b-4068-9e45-93db6a9618fc
f5792a31-713d-47d9-bd43-67fa63bc3f2f,PayPal,e0a150c8-0bbb-4d47-ad3a-de0c951f43c8
f145f394-bab2-4e3f-9fa6-1f1af781e7ac,MC,3717a55a-de22-424e-9d01-98bfd2569c00
e9c8360c-97ac-40fb-bb50-96f34515905f,MC,983b4b8e-c90c-41f3-870f-2ce91eec9a3f
6f8e5812-25bc-4f41-a8d6-600e7fa539c3,AmEx,ec3b8f17-e1e4-4c16-809f-2878d507e488
bc5f27a5-a67b-44f4-ad9f-47314c6f769d,AmEx,d1f61556-8cd4-490c-8035-4641d33233f9
84fe9c9c-ee10-43fd-ae1a-4ef936b45c84,AmEx,ca3c7aab-e21b-41ea-a372-a199abb57766
6b902ed4-68f1-4bd8-87f1-9d2dc1c9bfd8,MC,e56cfa57-9d85-4b44-8d2d-416179c923d8
80ad0ff8-7a5f-48a5-9025-06beb6f61946,MC,45f296d3-5ceb-470a-9f60-fd24edf5d6f5
5d92b984-3f12-4c6b-ad03-c6aebea0dbc9,VISA,051d58dc-8c5f-49cd-96c8-781ef6c85bf7
f9c4d16f-aa0e-4839-ad3f-02b28bbc91d7,MC,2d87c848-2eee-4247-8322-9d9cdc82c100
40e019b1-2912-40e0-b653-9fb1202f3bb1,AmEx,44764afa-f2c4-46e5-a4b6-049a6244414b
d722f2ef-c3b1-47b9-aee4-209591cdb9c3,MC,7e57e85c-8895-4c1d-9c0e-40e58e568b1b
15107643-00a4-4e97-a064-dfcba732dfc2,AmEx,67d9e4bd-ff4c-43bb-9442-c9cddda5155b
f5c520b4-fd41-41e0-930c-307edc08ea6f,MC,1539e866-c939-4820-ae8e-c4267666455d
b2a8f876-726a-4230-9ae2-00b06ec3d0ac,MC,f3656066-6e26-4467-8688-2a0bfa9dedb9
48f582bc-f431-45aa-8348-8770791057f5,VISA,b32ee6e0-ee2a-4a0a-ad11-2ac2f3c80c9d
3eaa3856-633c-48bc-a05c-22b423f6ddad,PayPal,965b7b96-8cec-45a9-86f7-0f8da6c69161
3ddffb88-265c-44cc-8fbc-057b178e1c9d,MC,ffcad30f-7fd2-449b-be79-637925fa3bb7
b9d27186-83b0-44e2-a84c-47621f1ec110,AmEx,2c9b696a-b3e4-4865-a5f7-8345b69226fc
d4bb1a64-a4ad-4856-8c21-b8f3f18943a1,MC,3c29ff6a-1f5f-45d2-9bed-05aba2829a0d
c30e5754-3407-4729-89e5-a3a03727ccdd,VISA,9f959c23-b46a-47f8-a960-7c44de2e51e7
92a544b2-ee90-4db2-b45a-ccdb770cd06d,Discover,7d01a763-71e6-4ccf-9bfb-7a745260ce0c
bda4d8ba-c967-47c5-b7ed-e21c04d8fbdb,VISA,99451274-c034-4abc-abba-f138904c8438
10d21466-ced3-408b-8c07-cffef0dc9cb5,VISA,ca760f19-bfb0-4f7b-9fb6-66763040c996
bb93549c-bae5-4f76-825a-ab9509f164dd,AmEx,24b99555-4374-45ab-82d9-4aecc00f9764
11e8f989-1f82-4c57-abf7-1c6add77c52a,AmEx,7c9125bd-e72e-47c2-83d9-4b3d44271676
d7426333-78b1-4e10-8524-b71e3fa0343f,VISA,1ac0bc61-daff-4286-8618-0061cb4a0b6b
e6a94a3b-2967-4c52-a68e-d595c09db0e3,VISA,b1ab68a6-4ee4-4401-819e-69b8a2a0ad44
0fa8e989-ed4e-46ff-887d-692b3be8aca3,VISA,60345062-ae63-499a-8978-641849861f11
e45a5618-84bf-4573-89a0-f08953a75f6f,VISA,b859753f-5121-4a2a-9cd0-27eee91fe22e
6ddf53d0-6d0c-449e-851c-efcbe8268a2d,Discover,71f0fc3e-8d5a-4d68-8d9e-2669b159ca17
b94aa332-f1a7-4fbe-9534-32d9e3a2441e,VISA,b7c96d28-4c86-43e1-9c7d-ed2ce1c24ead
186b97d0-ea70-4323-b0e3-767b224621e2,MC,e02964b5-4b49-4835-9f3f-d192e350c915
12be9d1d-0a30-45e9-9f17-d79d4e034d2f,MC,3da2fd5f-669e-4127-984a-3cbe1d741060
9cc5c6eb-5b42-496b-be33-7fa70fb383b5,VISA,ecab06b2-2365-44df-8867-d543fe708e30
0235a828-f12f-4929-8da9-cab22fe14ecb,VISA,b395a6e8-1b7c-42ef-9c35-2a45117808b4
d042564e-99d6-4007-b935-42a04c2a381a,Discover,27e71097-50d7-4df3-bfa6-7a58e4a676f8
470b5280-23dd-4b83-9e3d-932dbd37863c,PayPal,bbab8e55-6b82-4529-ba5d-2e78668f92c9
6abcf2ff-8ce5-4d96-a640-59b00c32339f,VISA,121a91e1-1a36-498b-b198-079fedb6fd53
49e73792-d45f-400a-95ca-5629a85154c6,VISA,0f343db0-d3dc-4b95-b012-cfed6bef4e40
6c9dd904-132f-4aa4-96dc-3896d08ba935,MC,8c99537b-6aa3-4cda-ac8f-42f00e53304b
d91a8fe2-59da-4042-aaa5-32ae69fdadc5,AmEx,a01cfce7-e4f6-40c4-8b6c-d5f79bcc52bc
b2db806e-ebb1-4f7f-9f2e-a28ebe795590,Discover,a5deb834-68da-4261-b45a-75fdf16772ea
e22a89de-3eb5-4b27-955d-1a6f308329f7,VISA,ef70f7f2-2687-48e9-ba91-ac3af28016fc
2f8fc29c-2414-43ae-ba56-351a78c0d3ea,VISA,3564131c-82f8-496c-9fc5-62d5dc747bed
20bee1ab-5789-4cac-9af1-d5b6f7132a07,VISA,122ef4b9-6b5b-481d-9dce-fb72c66540ed
94abda88-f5e4-45be-bb6f-f3ca85a174df,MC,c1bd6967-af94-4ce3-9734-b90bdf2f6d1d
d413a77d-3902-4ae4-a278-1f05dbefae28,Discover,77393db0-94d1-4932-885d-ee1ef6a85f0a
681103a2-491a-4485-bf26-be112770ffaf,Discover,d7795ed8-35f0-429e-afff-551cc93b001a
7156d671-2a92-4e25-b338-b9c13adcc3e6,VISA,0dbd3ba2-b0e7-4d6a-bd07-b571304ad7e0
554b2be7-cc59-4d62-8e5d-197da23696b1,PayPal,9767511b-0c8e-49b3-8207-c122cb4cf784
b5ee41b8-73ea-4836-b683-980a9ac0ff56,VISA,4493650a-7aa0-4ace-9722-4e5a9b9a621e
02b0e622-ba58-4733-b9b1-d4c8707396e8,AmEx,135b0331-3020-4e5e-8b69-ee3bc906686f
bb96ee5a-f683-42f5-aeba-833dde6bd696,MC,eda4af25-d5c2-4e0f-800b-e00b5de42a46
c8c1a925-bb46-4a86-9cda-3e409f631055,VISA,1bebead4-7645-48c8-b83e-3c8af7c3ff72
9c3d9d11-40e5-46f5-a95e-04eef6353e86,AmEx,53e4ff8d-3522-49aa-8329-93d84c43c5fb
b6ef7ac3-a050-4135-9068-ff974a579712,VISA,34dd3b83-4e78-4e14-884f-b4f66bfa45ed
ed3b20a5-b467-4352-b0d5-26814af982a0,VISA,859e53b7-e5bd-439e-999b-55a6cccf03df
1133414d-7c4a-472a-bf33-428cb8482673,AmEx,8182eb82-1a92-4043-84ca-c6fa571d9e6b
8bc4b4ef-c6c6-4826-bdea-30b5fb568412,VISA,824c7fe8-dc78-4300-88e0-1a064f62d2ed
36fc685b-470c-4ea9-8d88-4b72e9a2cf2f,Discover,b7747c3f-c70c-4d45-b58e-0df2257bf109
ec05c6da-0d72-4425-abc1-707cfec30b8c,AmEx,c1a99098-4f53-4c1a-82b6-af4bebe5d2dd
c0ab529b-62a6-4fc2-915a-4665036c7ddb,VISA,02e6fef7-130e-4598-9601-6bc224cd6ec9
9617b10d-84b8-4f31-adf0-5f46f861c5f7,MC,f17da25a-9490-4ffa-8e00-9cb4d83696fd
6b77b57d-8e8a-4f84-8ee8-0c4592cb9617,MC,9ea8be8f-de4e-485b-9a73-58f358f3165a
2fd8b7a3-ddf3-48e6-bd6d-c6af81eaf82b,PayPal,6900ad2a-d146-49de-ae16-fc5d23fe038b
e62d5571-7287-44ee-a060-511efa945f20,AmEx,9a07a793-75a2-4751-b910-ee27043161a3
07bd513d-6fa0-4b33-9e51-f71257e48ca4,MC,8212f4e5-4084-4283-8f23-87d9b5b28e1a
ff69919a-9504-46ad-bc40-71f105ae21db,AmEx,f51654df-351e-4133-bdc3-9915c1cd6ef7
70ceaad9-910a-44cb-b417-28e1a3005213,VISA,847675af-c341-4914-a879-259fc8a8491b
f4e2bee7-c2f6-4981-b92d-2579d4af7526,VISA,7dcea531-5496-4ccb-8087-4f69b58b2529
b1e19fd7-92c7-4a3b-acef-040fabbbe7aa,AmEx,1fcc8835-e6e6-4d51-a489-d7fb60c32af7
05466ccf-c2ff-4744-8140-f601fc9a1f17,MC,4a39d91b-647d-4a58-8e75-a8f7b5698167
b33b9d1d-fc3d-434e-a1d5-06a8f8f02f2f,VISA,f6c48c83-ac22-4114-84f0-c851db1fbd6a
02dedacc-8cf3-45c9-9f69-284da29b7671,AmEx,c5a2e848-ef13-4b81-841b-f124c31726e4
f792937d-2911-42aa-8739-d5946b3cc7a1,Discover,143745d2-17c8-4ea0-82f7-5b5bbf4cee14
32cc8174-1336-47bc-91aa-280d017ad4dd,MC,44c0367d-b327-4ec0-9811-de2563e97198
637305d5-03f2-48b4-9e86-d00dddbc3469,VISA,d2fc21a4-18c6-47d9-a16e-66940c0905b4
61307bc3-5fff-4ebb-b6f2-3be52d2a45ca,VISA,739349d8-c821-42d2-a56c-b00035e0ea17
d5d77dc5-c7f9-4ab6-912e-05243e4ff6f7,PayPal,bcd18338-733d-4547-8897-b8996c5d9482
822191ef-0e66-41cf-833b-462db1548194,VISA,01fcf9ba-8e17-4b1a-aabe-e097d79802f3
593c541f-654e-491b-8145-7e370beb1ef4,VISA,9215022e-2b62-42e7-9a33-9a22694f3bc1
8835b59b-1cc6-4e13-b89f-ecde3da0b563,MC,7c4a78d8-0cc2-4726-a942-8b2ff9d08acc
95f5ae24-f328-400b-afc5-5297adb86f72,MC,88154836-59a6-4f66-8ea4-b34f750d4fc7
f0f1b444-8a5c-4b4d-a447-34bc4443f3b0,AmEx,4f0ed5b3-ba79-427f-bd72-db1f31f8221d
db1c3679-1484-4c43-8907-2ff01f79057b,Discover,847cee09-7af4-4b48-a77b-ee2c265fcb77
85ee3823-53fd-4fae-acdb-5b2bc363ae62,VISA,40356c61-18ad-4521-862a-e8d6af4c8862
ebab0dba-0633-4348-b0c2-136e3c91a907,Discover,d5bdc8ed-ee2d-4299-96c9-b94487c0c23f
aa78a70f-bae5-4055-af15-b750b3dee96e,VISA,f1220206-700c-410b-a574-9511ec9d9b72
389a66e9-20bd-464d-8a85-61e906225b20,VISA,bdbe7c7b-a23e-4779-b751-04cc68cf001d
c4f5d52c-6574-4360-8a15-5e8f4490a70f,VISA,1dc472ef-ab77-49f2-b84b-ac17f292f25f
239ec3bf-6d14-4fbd-bfba-a939d899ed11,MC,2640184c-e85e-4f55-b70e-9e93e7b09253
53356116-a97e-45f0-ac22-de55c512c84c,VISA,c8b22a19-93da-4fa8-b4c4-e394643d927d
77559379-0b87-4fd1-b354-965d9e2de394,Discover,dc71d235-d4c4-47ba-84d0-ecac45409508
c17ca099-ac02-4064-98cf-60a839c2a093,AmEx,c288dcfd-3b10-47cc-ba2f-231cc02c4af8
8abec652-96d7-47b3-89d8-dd07c86f9b8a,VISA,285144dc-5bb0-43eb-94bb-ccaad032bf10
50117594-210f-48e5-809e-99c0e2beef65,VISA,a80e12f1-fc73-4580-924e-0e2008f87654
b760fbce-cb75-4403-af70-c00b56bc8f89,AmEx,020fd332-c143-4377-872b-9f0fc45d1469
91877cb5-0acb-46a5-a242-0a7205110d32,VISA,6443a838-803c-4fe1-8dff-2c416e005032
d7f73731-6abc-4416-ad2d-d58a1dba0e53,MC,d89f8014-7c3a-483a-9801-0cad0846a9a9
798a5f85-4b45-497b-be39-9daf3d885357,MC,d51b5449-2eb3-41a0-b2d9-308e7071510a
28354354-1963-4181-bc01-f54879b008a3,PayPal,bd9f1238-2552-4fe7-aac0-1723d08b2419
e4bd2004-02e1-4e0c-8c78-ab48b2b03e1f,VISA,ede0f4d0-0754-4fd7-be14-1da510d8d902
81a042a0-560e-4e52-b61d-5810bdb83b5f,VISA,ff46d121-8475-49d1-bee2-a9cb8d52eff0
f020f286-fb67-433a-ab77-ace7265d52a6,MC,636b4c3d-bfc7-4b6a-a5ef-10bb8e2b4822
75e0e132-3fd5-4e44-aa0a-772c37b5c4ee,VISA,4a96068a-0e92-4e2b-a6ac-9e4049e58fe8
a38c0e7a-6bad-49b8-93e4-65f2d13a701b,AmEx,ef70967d-2c8b-41f2-b197-fc1cbe7ca0d3
668867da-e5b9-4a6d-a358-c67dbe1b13e4,Discover,6d0ec46a-45fa-47a8-b2ce-65712c6e4866
9df2a65f-692f-4d9d-b4d5-0c35abb2f77a,VISA,85b57897-3505-41fa-9bba-5d93554593ea
74e49025-b29a-41d4-a758-b98dc2a4bbee,Discover,6579164a-8c0d-41ba-93a2-7e7203ee70fa
8e43962d-106e-4586-ac58-7a9530c9e6d4,VISA,45ee80e9-dba1-4682-9c20-567177189ff9
82eb1db6-ca0a-411f-918e-14f88e35afcd,VISA,6628e6df-c63e-471f-8f75-dc4e8abfc365
ad9be7d8-da88-4f99-a406-ab4011c46440,VISA,f78ac0c6-e8fa-4acb-b070-09239f825c43
10afa122-7c7f-444e-b6ee-755880543ef5,AmEx,39dc8679-4de6-4335-b47e-073565628908
c8a87bf5-ea5a-4445-883e-cd4bcf5646c5,MC,3222380c-c45d-4da6-baad-496836456180
07bd3908-e1f9-429a-adef-2590d408b73c,Discover,e1418c6d-5bac-4b8a-8902-6380f185c7d0
4e8cff1d-49d0-4f41-a9cb-dc351a933212,VISA,96db0f42-a843-46fb-99ac-d77abbaa71f6
20ba237b-53e1-4679-b369-fa3a227a7aef,AmEx,51dae12c-298b-412f-8e30-6b05f1dfe05e
07d8aad6-bbdf-476e-b7d4-166f14090e15,MC,88f0cec5-4258-4e00-af8a-33df3f346c77
6f32a259-715e-45b4-8c2a-91e37c969318,AmEx,da4ae7b6-250b-4b91-996d-3acb63f84977
5052e378-fdf6-41ef-9e4d-d58a9e4d80d5,MC,b7116ad1-7dfe-47bc-a229-69bb81925ef3
43343710-370d-4590-88be-ea8a2f796af9,Discover,5a293ad7-4daf-44e2-b08a-629793b353a9
4e6aea33-dbf0-476c-b324-d8333dc4a465,Discover,f7aea198-af6b-4b29-8114-95ab3845a788
4d9a43c6-f399-4a02-b8f3-a7633bf1c5f7,MC,eeb3318e-b465-4733-a977-4399457c6ffa
d957bc40-be63-4fe0-b70a-6f09c31759d6,VISA,8e848d14-d1af-4076-bf13-fc619b963855
0668ce52-d8cf-4b4c-abef-62e02bf650b5,VISA,8cf2508e-8381-4b92-bcc5-073239ec733a
954583d4-9b8d-4814-a06b-7ae479f0b63b,VISA,a0b09123-ec18-403d-9f8e-6f63c844d9e5
36c68550-9510-486e-aafe-689d2c4eb226,VISA,80c338e3-ff68-493d-8397-bd86b914a64d
149946d6-a3c2-4ca1-a9a6-be6c42db4011,VISA,e9c22edb-d8c0-4eef-96b3-1cace1b62351
be469b09-d338-4a94-bb3a-2a6a23d92939,MC,fd888eae-2b8f-4762-be4d-036fafddee63
dae3da06-dc60-495c-90de-2573294edb56,Discover,42048019-9fc7-41de-aa4d-0f573481a0f3
e9432530-45eb-4172-8388-65cdc068e24f,VISA,79977392-4db2-4473-b77e-050e19b3b155
0783dbea-c563-455c-97d6-d6a8cd848d4c,VISA,36aa29d3-1cae-49b3-bd1a-e398fedb1c1c
cf483db4-b6da-4d3b-ab85-f74c0595e669,Discover,14bf4a17-303d-4afa-aef6-70ff6af9783a
0edd69b1-bc32-4265-9e1f-dea4a8cb4d78,MC,b2959fd7-a1dd-4854-b604-09cf9c6ae4d1
abd83e7f-61c5-412c-b769-4f7cfced8d9b,VISA,18cb177a-4a21-44c2-af74-bc32b9647fcc
00bfd921-2efb-44b8-83b6-56a8d9ecec38,PayPal,be45a7a4-60a1-48a8-be7e-627f736979db
7ce025f4-9469-467b-8dc1-be4009b0a8a5,VISA,6a9d59dc-3e09-4a2b-a01c-39ce2b964f28
c826c5a9-2041-4d4c-bfe9-0a5d1e3f8166,VISA,e0d6d902-c01b-4d88-a51b-30c10dc40851
1b23274c-c631-4e95-9955-f699d2c5d9e9,Discover,39513b28-a6aa-40da-adc2-c9147b8f84f5
923dfdf7-ce7d-478e-aafe-4b7cb1cbb5e0,VISA,58124dc0-0a36-48e6-b2ab-22e0e547a31f
e9e859a7-e82d-4b89-afe7-dbacc3e83b85,VISA,4f4d46b0-e4b2-45b8-9c28-4208bb24477b
a3abca62-bdce-4f89-9291-7661bb3e033c,Discover,b5ac21dd-15f9-41b6-8f57-fd8382d4715e
9ede767a-7b53-4d3f-81dd-1b4809fdd610,MC,d9087af7-6bb0-4c56-b0e3-5e3c54cf224d
5678f8cc-d0a1-403d-819a-ccd900143c25,MC,ef3721bd-d650-4012-b529-29cae2dbbe4d
8b051fe3-dad5-4a2e-8e6d-971fea3de411,AmEx,70c9266c-1fd9-45b5-afdb-47adb834e0c6
73dc73dc-842c-4e5e-b73d-8b5ee41fd271,MC,e57ca17c-ad75-4e64-b09e-56f17cbf6fa3
91c0c932-4f87-49ae-b59e-5a8a9286cb43,MC,954bcf02-ed58-4efd-99e8-9f6218a5146e
e8791b85-a9d8-4ff7-abb2-49da6ee34447,AmEx,559fe1d2-e22d-4b5d-bddf-dc7627e57706
3a2ce65f-da95-4a1b-99b2-7fa70e39365c,VISA,a9635367-ab7f-4454-8712-2803dffb9269
a5c55efd-ed73-422b-ad4b-2f7dd0deac87,MC,69e9755b-0eda-432b-8dd2-a84393f79b56
8b0119e1-49e0-4541-9611-a79c00cb0a2e,VISA,0c65da5d-ae47-4e47-8716-5e983af53893
aec83e71-d59c-4a7a-b353-2cfe3b2d31b8,PayPal,b443f107-6d33-435b-8488-02dc7518f583
cac0a1a1-84a2-420c-9b06-7d5af3317c6d,MC,fd6da1d6-10a2-4dcc-b0f5-8c720243590b
fc63f3d8-729a-42ff-8c67-41bcbfc3eb2a,Discover,ac0baef5-9129-45f5-92d3-e71d8bdea3a9
c451a276-5786-4288-ace5-f214609b2ac3,MC,fd5043e2-f2c4-4a35-a166-4d3d7860153e
b24c3d47-109b-480f-ab3d-93e71af514fb,AmEx,01c5425b-3538-458e-8bcc-fb5de55a8b49
00126399-97f8-4111-883d-652a592f296e,VISA,56f5b7a1-20cb-4536-96df-a1809c3be61e
af065789-faec-44b2-bbec-5485924a1597,PayPal,7da11011-b21a-4922-8d09-47b528051f8f
595f1cfd-7cfb-4629-b1b5-a72b7562e6ef,AmEx,ac27db95-2f09-49c8-b973-53ae17cf0a60
9997ebb5-b166-429d-8665-368872451340,MC,609b1d1b-6eba-4aae-9acd-71a76c16ac8e
9e3cee94-1f79-45e2-8b51-575eadbb0e48,VISA,7ae40796-3db9-4b35-af8f-992500b0c98e
48f66338-6b68-44cd-a9c8-692059ad2491,AmEx,bb939a44-d38e-4c09-9b9b-efaccfd5e3f2
59e6f7c1-b439-4bc2-8949-3f469c1009b6,VISA,bc81704e-08e2-44a7-9746-1eb509e87ffe
1e4366ce-3019-475f-8c92-2efe806f6428,VISA,34628373-f267-4e88-a407-04b73ad8d808
8c2c97fc-87c8-45eb-a939-0ccb87fe8bb4,VISA,30ccf4f0-2984-42b5-a7cb-37f99053ecf1
ef3aba3f-02fb-48a0-a3f8-7593d9470bcd,MC,d20cf623-a1d8-4461-8648-12748e67e66b
761bfa80-fb9b-4359-af32-9c4e8d30848b,MC,8992a5fa-c42f-4f46-9735-e8deed089a87
086ecc12-ae95-49eb-b95a-a9fa122a10a1,PayPal,790161ee-e8c7-491c-8c19-f8120d0158ee
4e67da32-68b2-48bb-8f3e-07c490ebd3d1,PayPal,c3afa5f3-5b4d-440a-a936-50c51e86552c
633ed214-39ec-4933-acb0-f4167958d472,VISA,01657a5c-9ba8-45d6-8c3e-1ef77147b17d
3cc2cfb4-2fe4-49f1-b93f-f27906cab3a8,AmEx,8ba81f35-7f77-4426-98ca-f7c6323c7d41
9069fc7a-53ac-4845-8931-2a3abd7ed045,MC,4815bd70-eb4b-4742-b21d-2fc01edf7834
9f9fb6e4-6f70-48d5-9df8-455e3994134b,VISA,5b5eb15c-6e62-496c-9d7d-ae4fe0c14a7f
f25eb831-02ab-4289-ad72-9a39a3ec070e,MC,34197e9e-4ca1-48b3-b04c-3a3ac84db808
b955b745-ff77-455b-b0b1-fab0eb9de3eb,MC,cf2ff56a-ef23-49b4-99c7-f95d68056fb4
a647994f-b70f-46d5-93bf-34f31b9cae82,MC,5f8d434e-4c7c-497e-89a0-3f25dc76f367
5fdc46ad-5d0f-468a-b1b7-f11a7539ef1c,Discover,70424bac-0baf-4cb7-bc58-8bdd85b0bdb2
cf79249a-d1e2-4b0d-b278-080d8fca3c9d,MC,29533c32-3a61-4f43-99ae-c65936064bce
115b7f89-8a63-4222-aa52-4e9e497923e0,MC,4402ec74-f2c8-440a-8280-8dc6c5f2d2fc
d9df0f37-51aa-41a6-b2d1-7455de84799d,AmEx,6dfb9157-346f-4f1f-ac70-96ec7ec35bef
997e504c-5ff0-44bd-8d81-8dfbe8aba3cf,VISA,8e71111c-05af-4d75-a57c-7daa494e7b99
50e75377-7906-47e5-9318-932b82d84557,PayPal,52f02463-cb9b-4519-ac66-89bdea2a13e4
84b8b361-cf49-453a-b9b8-15e612593512,PayPal,529f09d7-9b2e-47ce-a755-fe6e90456dc6
86950acf-3dbd-4e9e-8a0c-bd860cbd4689,MC,e36d9b32-3b39-4884-9aa8-653cd6108866
7a4c6f56-a22c-40cb-aadc-1e35fd839f5e,VISA,32fa42a5-32b4-4f0d-981e-d35fffe6691d
4aa7359e-4d79-4c78-89c6-526b0cc15cf9,AmEx,6be08ea7-3bbc-45fa-a98d-7de26add2b74
8e35f0e1-8856-497b-9251-ae5305f385f3,VISA,71c13ab6-3d37-448f-a3ef-1ebc1978d69f
c668ca0b-0ec6-41d0-bd60-21e47f3c7f86,AmEx,9e79e27b-cf6d-4957-9431-8067f22a0fe9
417bec02-a5f9-400b-9ce3-a8e8fc1c0c95,Discover,affcce02-aec1-4f40-ae8b-a89c79be7bf6
2efd025e-1355-4777-9dc5-0bc493a03837,VISA,430c1f4f-ffce-46d7-9672-943cb6b5bc35
59ccda52-2585-4885-a14d-1534a7bd4ff1,VISA,4edbdc5d-09f0-4bed-98ef-756a38bafdff
63fc1192-f3d6-4aa4-adca-407f0bce5b22,VISA,e826aa26-930b-4885-a31a-af8aafc71d70
6c56030a-0671-4494-abf5-a4702a52b9bb,MC,7b534662-94be-41b8-abd8-770b3ba46f9e
95d22d7c-1e83-4b8a-9e1c-f563b4421f59,MC,bdef2196-512c-4253-b6ff-fcb3772e2e90
3a3ad3d6-8dee-4de0-8bb3-77d41337149c,VISA,cab09a65-4112-4d89-a881-8328813de2d7
58363d56-fb4d-42b3-90fc-4b7ab0f7aaa1,AmEx,09e1a405-ce1d-4637-b75b-1adb0978df5e
63cbbe3b-945f-46d6-9c7a-0410070e009f,VISA,59abfc6d-51d0-4ee9-a194-f6366259a848
f166c00e-9de6-4b2d-8baf-348dd05cf51f,MC,4d70602e-0210-42d7-afa0-44366360a041
c12ae743-97fc-4091-b8d8-aa8721ede562,MC,cc51758c-92fc-4502-8b2a-7b3c3d037513
de53f19a-36fa-45a7-b03e-023411b61bc6,MC,32139590-f991-4392-a52d-a3b355789ae7
80ef9dfe-5f6e-4a46-b61f-09a6648e7b4b,AmEx,2c401904-3ad2-4acd-8a01-1dc3c88b1ac3
c711c649-918b-4116-aa42-4f1cd687c68c,AmEx,59c7f666-5ba1-4e0b-b954-97d8db6523b3
72ea8b71-2588-4bbd-9cdc-789de6e7bee0,VISA,840bf194-7cf5-49f3-82d6-6e4ec7bff426
f4d83272-a7ee-4dad-b4a1-9d59a2c68162,PayPal,f823956d-81ff-4193-9e7e-59c33be5af4a
5a195b5e-5376-4748-9cd9-ddeed3a4b377,VISA,26248577-9868-4002-a71a-7471daebda60
c819d75b-c323-4612-85db-0845b9a4136e,VISA,3c4a351a-79b1-4d76-9b98-dbbde1f05900
22366faf-593f-4366-8e0c-71488205db73,VISA,77045d43-a01a-4638-92e6-52616d76cfdd
82f24cf8-c8ec-4930-948b-dbce4dbf0afc,VISA,86f22446-77e1-4fd6-8e93-205acca54dab
57b2dd97-2852-4eef-bb09-58d110d43019,MC,a0c0f17a-eb9e-4b4a-827d-ffd437825e64
c0823880-1e2a-4b05-b4c7-668d22ef307c,Discover,6503eb7a-d88a-4a58-840a-f2621295a35d
a7d8c431-733a-40a0-9258-d9af6006e5be,MC,2cb68922-2e2e-4394-bfaa-25a32e2d08a2
088eb6c3-0e5c-4131-9715-efb00b3141d1,MC,d65d554c-d1cf-45ca-b79d-7616ea2244bb
baf521f8-07da-423e-acdb-6edc526b9e29,VISA,d5a220a8-36eb-4a11-b29b-c176b40bb644
5c19486e-42f8-4f2a-9904-68ee9c64c8c4,VISA,97c45145-084f-47ef-a717-45f745785e54
967b5523-0dae-4c28-b1c9-0e64b42f7aa4,VISA,dd670573-eb6d-45ac-8c1a-b8ac50a9efe4
4fde5db5-a3b6-43b7-82c3-a853adae8963,VISA,bf8e7499-6ea4-4cc0-99aa-c1dde3b92b8d
df09f1c3-ee54-474e-916c-740cb448647a,MC,8e449315-0c0a-473c-9b1d-5d3324f4e6b4
186b5c47-b317-4175-aab6-4b2e3c654d5a,MC,9a85159c-54c3-4dd7-a97f-be7fff607477
b0835b50-fbc0-42f5-90e6-4f363e5ad6b6,AmEx,9b93400f-3f99-4706-b30c-27686059520c
eada5aac-00a7-45aa-b366-93e595f204c8,VISA,8d67d423-90d0-4d7e-a755-69c9ce055932
e47a3640-d859-4110-b5da-031c7f2cc224,AmEx,4055b1e5-0603-4585-a09f-a92473019990
489d3a75-06be-4d4c-9503-17ba1c6aba4b,VISA,44ea1ee6-3985-41af-af62-a3d6058ded8d
8d1eb87c-ac05-4d20-99e4-5aec60c2bdc9,VISA,c3a46a52-c7e6-4482-b33d-3fec00cb19b9
75c5bd54-fb3c-41b8-b66d-df3de8725cd0,VISA,89cb2414-6a5c-4979-8b6a-de19db4c335b
8112427e-2c9d-4881-b762-628d07716b0a,AmEx,1ee986c2-79a3-43a7-b32b-372c9a9a4d50
8f34841b-840a-4cc5-82f9-f81af521184d,VISA,d68fc1ba-7295-40d9-af4a-76f1e8065188
955f29bb-f7e5-4d1b-8d26-b6841bd521fd,MC,54b8d614-3286-4343-bba2-de9b118ce606
c9628182-2637-456b-b418-214012107cc0,VISA,ab22bbd2-8230-4b7b-8c84-10d83dc2c6ad
1e6cd57e-c199-4603-b13c-14568620ecf8,AmEx,89b1df5e-f2ad-423a-845c-37b1b2a5a96c
00bb5a58-763f-4c26-be55-262c8ff60742,MC,8e2d1a24-0e9b-47a6-bc3a-8aa5bc386629
4f1e07fb-2f5f-4cd2-a7b4-ed12a0cb1a47,VISA,1305b7a9-8666-4981-8023-7772742b9646
d6dd2f43-6f38-4362-8580-7f104ff25927,PayPal,17f7debb-a14d-4a5a-89b0-1532f9e82f56
94c3cb7f-3ba5-4eef-a596-b9e3f36a9991,PayPal,81ff87fe-f5e0-4b2f-a9e2-d82fe026d5d8
1c3dd6b7-8c79-4f99-b169-e3ae3f448d0e,AmEx,160e85d7-9b7f-436b-b9bc-1ba32741e27e
23bd25fc-76fa-4b1d-81c6-4ed557cec28e,Discover,0087bdfb-522a-41d9-8c2f-757f4bf6b843
b8d52d26-402f-484f-bb3a-5bc0f1ad129f,PayPal,da90edea-7282-4485-b424-7e3a79ca4099
49ad03e3-1895-4d71-b484-8af3350544d0,Discover,06df012f-d065-43d1-980e-1f4f707e4f93
81c2d038-eba8-4501-af0e-bda96cbae5f7,VISA,d99150e2-8e31-41e6-a437-345d73b33363
7df024a3-5ac7-41e9-9392-6986e4552754,VISA,d401bfa2-20bc-4c31-9ced-f673f5290723
a0115e75-ad04-4018-be66-27d2b8fac9c0,MC,9fb82e1e-7659-424e-b649-4975fa918ec2
8f9251fe-d356-44a4-82f3-67a9b68afd90,VISA,38304aa1-51d1-42d0-a6ac-4878a58b8db9
99055c7b-dd1a-4d2e-bb68-006359cf8081,AmEx,951374dd-be2e-4a74-bd40-8de253ed5fd1
454be78d-74d9-41b8-9318-494b68516b68,VISA,ba86fff5-2ea6-4bfb-8f13-74a665cd034a
dcf3025a-0b26-466f-9641-878efc5f0e55,Discover,e42440cd-cdb5-4612-9cf9-eeea9854b075
03ca2407-f0d8-41dd-a4f2-83a5fc750841,VISA,6909324b-0762-4a67-8dd8-7dda56d60312
12af15be-3595-4328-812f-1660fa1ab90d,Discover,db1b0cf1-cf96-4fe6-a15b-5a830beda4d9
e135c0c7-da0b-4164-ab67-b0ef6889bb89,VISA,d43efa78-b84d-468f-ba38-b78a0dda2f4d
9c98731c-204b-4d33-b875-6955582072cd,Discover,2110a7d8-61b0-4d16-8bb5-bd9c69ee9424
135736bb-0e75-432f-86ca-eda4b7ad0520,AmEx,68343ea1-aa31-4f51-b2dd-5fbaa46541c0
23010afa-b328-498d-a5e4-144175912f15,VISA,b067528c-c3e2-422a-9ca9-418dd154a0d2
046f69f1-f468-4217-932a-a3c4b6af8145,Discover,eec67619-fedf-40ea-8929-04050df64cc3
508b7281-e0b0-4006-982b-3adc1bf6cf8b,MC,1a1a1eb2-1dff-4203-b217-92cedaedc62c
1f62f393-69c7-494e-b3d9-c2b3b10356b8,VISA,af56f5eb-6ac0-436d-9f8d-5303d502cd05
cbdd8451-299b-4e0d-a50e-e49561f7ab49,MC,1886e84b-22df-4c14-8b43-58bcd9cb4a28
f15910c0-6036-44de-a338-2803f860f6b5,PayPal,51342220-db82-4529-8cb9-6506004a16d8
37c3a3c7-8fc7-4beb-ac73-64040f2c2c1b,PayPal,d6e325c1-0dfd-4278-a1bf-5d3ba95a2f0f
314a1a93-3318-49f2-863e-cd7ab945def4,Discover,87bce566-4e60-4d80-a741-56a9879c33bf
604bf653-24f3-4f01-b86f-9433c2630cc1,AmEx,ff2a2b36-0828-4537-9a12-d7cf990f75e4
16bd9824-4ece-45bf-a795-11ec23ad8a85,MC,7e4d6803-dd23-4bf3-8a21-080cee01da82
421c0fc2-9629-413f-9f11-f1346e15d502,VISA,47881120-0204-454e-91e3-311a11c63bfb
38caadde-0cac-4db6-9596-fcd1bfcd5bff,Discover,6a6c849f-6f6c-45a5-acb8-96dc9f379eab
d2b54647-13e5-4d88-b8dc-6ec49d994b41,VISA,2aaa2f54-c048-4018-8ff4-c6b51f56a4f4
7a6053ff-68f5-4b12-9299-23a5bfcdb272,MC,574f0a95-a0a4-467b-97cb-127306c8c4e8
0c8a831a-e28d-444e-aa0e-8429928b0bf3,VISA,11774896-3fbc-410c-a463-e1bc8057d424
fb2bbb8c-0aa4-4029-830a-721a242b5a91,VISA,903fe65d-3a7f-416b-b597-f73ace00fdbb
fc973120-5108-485f-a97f-a38163f9fcca,PayPal,9a33bc07-c0bc-4009-b645-96870b2762d3
917ae5c7-8a85-423a-9e27-0633c752072c,VISA,3ee73d90-ee2b-498d-960b-a2a98afd94d3
62f5140f-8a65-403b-9e3f-dfacb59ae706,MC,fb0996bf-3ef0-4038-91d0-422ceaaf09f6
1fdc377e-1629-425e-b766-499816fdd29a,VISA,69e5cdf2-81cc-4017-8839-3cc213c365d4
7e23bf10-41e1-4a3c-b9c4-d0c8a88a5400,Discover,94b908d8-a676-4f6e-b0d9-16546af55ffe
d56c31b0-1c9a-4788-aaac-e791cc332934,PayPal,9d3bff22-d825-482c-b5bc-c6108e2f6283
9d0fc78b-5f80-48bd-8ca1-a2d6caf7e78a,VISA,43dc0f9d-79a5-4266-a05a-a8933e0f114c
d71835f9-4c3a-4498-baf9-84f3636f8e6a,Discover,a73475d9-43ea-49ab-98ca-9a06e7219877
1e5412cf-c938-4c1c-861b-5d781cf78644,PayPal,addc1b66-d318-4718-b571-60253a313055
053baf33-7c52-4d81-b592-1da6cb9a4c41,MC,d02d8742-78f8-42b1-972d-d3567f198856
6ed076d0-a343-469c-a2bf-3833b977f7f1,PayPal,f7b743c1-45af-428e-b10d-0bd9d1a84a72
fedea98a-b85e-4d59-babf-d32a437dafde,VISA,0d9ce2b1-3079-4cb4-a4d5-44341f740776
dfa2383e-0515-4dae-9e68-cab745e6c7a0,VISA,6e21708a-3f53-4722-88c1-ef50a6bf2240
7a7d5be4-f4e2-408c-b586-fcec9a1e2250,VISA,b4b125d3-21f7-4509-a41b-057cc4eda024
a577b8ad-ce7f-43fd-92b8-cce317d36ccb,AmEx,bfb206ce-5fb9-4e27-b105-eca9cbfb758d
0f0bbf0b-e789-495a-aeee-152897e01d92,VISA,80f2ace3-d849-4ed4-92e0-87a4f490fece
150dd245-6b84-4c73-a161-7c5c319e8b9c,VISA,2a5a5398-2abf-4750-8c60-04068c8c6dea
e2dcc897-f841-49df-b026-40dd819b8b70,MC,f6d77a46-21d5-4991-975c-b9c479c73761
93ecc362-a2b6-436c-b6e1-b328e58c8951,VISA,c8833095-f30d-466c-b0c3-be15f8c61c4c
0bf10003-9fd3-49f5-b631-9a649e8a4ca0,MC,72bc2f79-2531-4e29-88fe-cb88f91870d4
b360a159-7d33-470d-b0c9-0bc2a2e6642d,PayPal,e56070af-fa53-4800-b01d-016155e00c26
aeb14a18-9d33-4441-b243-ec86450b4364,VISA,fe1794d3-12ac-48f5-a4eb-2bbd196ad157
c4c151b2-30c5-40a2-a412-83c25a4449b1,PayPal,b6eed819-71dd-4237-9579-36fde25925a2
d04ad6f7-29e5-4fed-9a1d-f868a128ee45,AmEx,304ff9e5-35af-408c-b3c5-baf133536e58
3acb2b7f-ce7c-4fa9-9396-4af219c9836e,VISA,d5615cc8-c60b-4d06-8256-904eb3864594
80b1f18b-56fa-40f5-8a46-e3bcb960971f,VISA,fe883423-2fda-4140-bf5a-af7df21eb630
1c376ab4-bbd9-4212-8e1c-6f57ad19a930,MC,5b433965-ced0-4780-92d9-5472fb82637a
582e623f-efe0-4dbe-9e6b-ba7693e4df7f,Discover,e8badd1a-910c-4134-aabc-ac870253c3e8
3db90e0c-7630-4a56-b31b-58204c656d6c,MC,5e6e53a6-ecf4-47aa-9776-5d7b8d50d945
9263f1ae-b5d1-4c9a-8705-3fa8657d0ed5,AmEx,b93954b1-bae7-463c-871a-a93ac1c4c595
86f96ff9-7704-40bf-a397-02d3697a7820,MC,3c5d5d60-aa52-4148-9843-0555207b9ffa
5f44b098-9288-4be6-9e0b-c4f50af16e94,AmEx,84baeda8-a241-4aee-ab40-c92415aa345b
80c884c1-e054-403b-b59b-c8dbb5623ecc,MC,f77fbc7f-f39b-4ea8-b737-947753fa3d0b
7b406636-bd0f-40ed-8fe1-04de564f6e4a,VISA,3f44d076-06b9-4555-b278-6bf12fd6fb85
ef8aa46a-57ac-4db1-b453-a745a9f45176,PayPal,3d2a6a8e-1bcf-4987-84bd-8861517025c1
d7b72cd3-c845-4e27-a3f8-7c90058cfc9d,VISA,ec5a7fe1-1e21-4360-8990-a8291f496b5a
fffc84d4-d6f6-41a6-9ae8-83ecf91c58df,Discover,ce258a9d-d6c6-440c-8c1d-ed640ed9d6b7
8a6f6ddc-fc7e-4ea4-a678-ff5f90ac08f8,MC,7aabb2f4-a972-4d08-ad01-6368744b9216
b0cb8ee4-a79c-408e-9021-534cdf99ae41,VISA,e2748a07-0f66-4b99-9ad1-04c828631d35
b922ffe9-60b2-458b-8f71-2d2748ef6f13,AmEx,ae38dea5-2b4a-4b46-8f88-179fa08dc00d
82e98e8e-2599-4f66-ada7-86bbbf00558d,VISA,73cb98e5-4a53-4b66-8050-5e95a34bbcd3
e8c8c58a-28e8-43fa-be66-c96b5ed8cea3,AmEx,4cf29ce6-c883-402d-acb5-97541660052a
d562ffc6-d5b0-4356-87ab-37da63374afc,VISA,67827260-2bf6-47c2-9288-c42b61406bfb
b16ea27d-9351-4f73-9928-ad9c0bbe6d2f,MC,e991b4ee-f0c7-4666-a3cb-030b217a72f8
69841770-9d9b-40d5-9242-12074ac4b71c,VISA,6f4c6098-07ac-4d5c-93a9-a442e0cbb003
6b1d4bbf-7c5f-4256-a2c5-b0c2212f8a68,MC,c35e8f94-6c66-4ade-bf71-5ed6604f92cc
1bdc1144-2d0f-44e0-90aa-38de8cb670d0,MC,c78fd3a2-1ffd-43a6-815f-bbfaae4b602f
21eb0a46-a4a1-451c-b815-30641776b56e,AmEx,e9e176f8-a232-4290-9e67-32829f280a7a
5b46c6ac-7c9b-4e13-af11-fd9410aa4c47,VISA,448406a0-4dc2-4776-b04a-71db5c38b7b5
2987235b-1dce-4784-a27e-bf3a02b1c14b,MC,c13e4b95-29d4-4c91-adba-1aa0ba524c82
4876c695-6b6c-4271-814a-1f7e71af3266,VISA,7e093bdc-37cd-4164-89b4-e3e52dad032f
364325b9-a4ee-42dc-b944-d788d99acb2a,VISA,3a6733ea-f459-4106-8020-8964e30b4c3d
f8445771-9f1e-42bd-b9c0-0e6da8d4a977,MC,8eaf1322-132d-412f-93a9-b40938f2cf57
5b6e21de-2a07-44e0-9616-09fec130576c,PayPal,1f8ac0ab-2647-4ac9-bd28-e334a506d8c3
f8d8f99a-b3e1-4259-b087-824e41d0d50c,VISA,9a086ec2-1fcc-459a-ab07-5e3e9b2ff36c
7110868e-4aa9-4bd6-ac11-bd7e254ac1be,MC,4cb71cb8-b3d1-404d-9860-d6a5385a0cc8
522e8f54-000e-4861-b586-882dfc3ebee0,AmEx,6e0ffd0a-c1f5-41a3-9adb-8315458909de
cf99a01a-2299-42aa-bf3c-505b491b126e,Discover,4d5da03e-b882-4e4e-83ce-65f3346fbdc4
f7477d35-188d-491f-9786-dee4935ddcb0,AmEx,dc5df9df-f811-49b8-963d-18d954e21971
bba640bf-139a-4321-bed4-e70aa9a65fe8,VISA,d325a4e1-e457-45b2-b87c-2c28a71aeed0
7d6b2de5-1868-44d5-a34a-dfac3def0c72,MC,cb50b979-81d7-435d-8b64-f8327384af6f
2c37b3ec-9d54-4681-91be-849fd86e593e,MC,3f016d33-bc7d-4d6f-b0e4-b4f7fd775cf2
2014eb0e-429b-47bd-9b2b-54acc30c1fc3,VISA,5aad0391-efe8-443e-9365-06eb633e79c7
799f38aa-da76-415e-98ea-8372bceba76d,MC,b81274f9-b3ec-4720-a856-7f413ea76b6f
82fc1029-3072-4b54-8c6d-377ab322b25f,AmEx,f2a94da3-1a65-4e82-9834-6d4df2a8f926
4b8601e4-6e61-4800-9106-87c711bb1307,MC,920ada1e-d812-4e03-b6f5-ce8098f77d5b
c42e46a5-7e84-41ad-b854-ba9255a3c926,MC,e6f356f4-d0e1-4b76-af13-0049a4ca22be
b1de5e15-1790-4b76-80cc-0701b8f7701f,VISA,9daa6e56-8079-4739-9cf2-0b1ea3eead63
a817a000-a984-47f3-995a-877d273303ef,AmEx,ef884bec-90bb-4779-a6be-3d70b22d0bf9
1056a606-bb37-4e28-abd9-edc3b273fb0f,VISA,9c250012-9f55-4e4d-ab33-31e0bc792f23
56c58c6a-b1d0-4939-8097-500137ee864c,VISA,d98067c7-887b-477f-b185-dfc789521e7f
83691801-d116-4cb1-8cab-48c63f121f7c,VISA,37bd4012-32d4-4f17-952a-550f1343c651
1383c01f-a02e-414c-8aee-ec1a28ca7e7c,VISA,bbf080b1-b695-4dc9-9e93-b7dbddee6f10
b5590ac3-6770-4f4c-8c87-670adcf270e8,AmEx,06507e44-d07c-4992-9c34-d95a3c3d63fc
ea508545-722d-4588-b68e-87bc152f9744,VISA,551db73c-9387-4b0c-93e7-2ec5834cd571
65636ec0-4091-4f5a-a209-8121518f0506,MC,e7089202-9178-4b8c-ae22-5015d2ea9841
157c3189-d7ee-4713-8e10-2a9ff1c2e354,VISA,9797b3cc-404c-41a0-9006-e1f044bfbb44
0c5961eb-5277-4a12-86eb-abdb723531a5,MC,0ad65ddb-c2a2-4bbd-abb2-bfb13f75c861
f8bbab1a-a8b5-463a-ba93-b691acb86049,Discover,a6a50b15-a929-47aa-96fd-af49573dd458
2b5d6e15-f749-48a5-bbd3-d7aba83e1102,AmEx,26d05432-90e5-4495-b607-58decc9514d1
da25074b-131f-4e83-976e-b0c563bae13f,AmEx,1f2f15b2-9e83-4059-85cd-8f7611ccc73e
5b172ce2-eab2-4aeb-a05d-5c6c9979643a,VISA,3ba8de8e-bc65-4c3e-ae85-d5e81f222fb1
e807d096-f9e0-4474-8901-382473eb9de0,PayPal,3fa89a25-9ee5-487d-9f8f-4c1b109b8970
d0d1cf32-2aea-4bb3-81b3-c28f9675aee7,AmEx,c408ed61-1f57-4aa2-bf0d-a9256c702b97
f5527c59-f5d0-42d1-ba7d-21fd5c26c74d,VISA,eb5ea370-4081-459c-b880-1310f12aaa06
fd3d8f41-70cd-45d8-bdf3-1c7d54e85a89,MC,06347b2e-9001-436c-b61a-89e2dc63789c
6eb822cc-75da-4f2b-bb4e-9b13981596f9,VISA,dc20aa5c-59b1-4643-a935-0732aed35ea9
fc2c14b8-ed82-44d5-b00b-2448f747c595,MC,8d2422eb-495c-4ba8-b265-97fde3634d53
07264e59-d802-4f17-a24d-7506114e27cb,AmEx,0fec68b6-f32b-4b07-a7f9-2c63f9a90df1
f43e7652-7067-4706-a091-3ead8f5b48a6,VISA,58dca647-6083-4cc6-b8e9-56a48c776742
766b39b1-9f79-4fc0-9fdf-66c5e3628720,MC,deae35ef-9f0f-49b3-aeeb-e0021241dd40
09eec45c-3655-4d84-857c-4a9b7909a458,AmEx,b24d8187-2cb6-4151-9c70-9709d2c730ee
80f3d5ad-4d51-4383-a26b-57ec6a833bd7,PayPal,b52a90ba-74b2-40b5-bdd3-700e7044db1a
6710737e-fe34-4db4-9395-e7c46fa98c98,MC,d6fc8bdd-eb2a-4ffd-babf-be23ee6487ca
0eb8c6f1-d323-4210-9a6f-8144e5bfdc59,AmEx,6c4036db-e603-4242-8611-e67aa84688bc
a761f27b-ce74-41bf-b110-bab05e6df785,AmEx,c35d9dfa-4586-44fd-afb2-2efc0f93cbca
1db19495-7685-4ea0-a5a1-3702f07aea85,VISA,c45a3d1a-63a7-424d-a328-cbf49fb8d505
34b5464c-bd2b-411e-8cde-edd9cbf3b1c2,MC,ca0a5309-b23d-442c-9557-8a86e3c1be36
93cf7fc1-b47d-43c8-9d59-0b525c680c86,MC,1c9195cd-ba2a-4379-98e2-6f512c0e8c87
3c5977e1-8cba-4c7d-9828-5e2579ea4da2,VISA,ca803942-5f30-4748-a05e-03078fd1cdea
8a5e8ad0-9504-4015-88ab-97f847d9dd29,MC,1e71a616-90b4-49ed-9e6d-04591661b7de
9301e8f6-b0bf-415c-8633-59a26dcb29c5,VISA,02beb954-75ea-4c29-a60e-68e5ee3bdf0f
e52d1f75-4991-4f9c-a914-58822cd43a87,PayPal,544ba86e-ed30-4c9b-a2bd-4a4b1a8bda68
5d544c8e-5e14-4c72-986f-67c90f3e6700,Discover,1dcde723-2182-4018-bb9a-1f1ab0844fbe
cc734f74-c5ae-444e-8bac-b11c1f076192,MC,78197034-d007-4c5e-8d30-85ff985a8f58
543b16d3-e427-4391-8fb0-f74d743ed6aa,Discover,3f0772a1-e459-485d-b253-fbacf83fe863
191d9130-7691-4f60-938d-f0043f648583,VISA,f99c7958-29d9-4f88-82d5-7aff9b5e2415
1ad48c70-2903-45a2-9837-c9907318739d,MC,16c7921f-cd87-4c7c-9e95-e693ae3a584d
00c36cc9-5daa-44d2-890f-22236aa9df12,MC,1c98d4ed-0278-49fd-9870-eb6463ce6a43
40f5c531-050d-4dec-96d3-8627a5249a08,Discover,9390bc98-aeaf-497a-aa59-9a64ffd7db75
ba1e50e3-9617-4000-a803-2dc056d399da,AmEx,cf83c624-1ae8-4045-b74c-18f83379ee3e
d04d415a-fc7c-4e24-b2e6-977bb2ad0527,PayPal,f2d49813-accc-4bfa-a2bc-608162801a06
d51e213d-5a08-4402-bb29-1c6306019c21,MC,9f9a2aea-c57c-4624-b1af-afa4f6077577
df0cfa21-aa55-4b2d-af0f-3042eb5ef7a7,AmEx,6f32327e-b8e5-44fa-8164-2d4e91ad84ed
5377687a-ac4c-4900-bcd8-74a2a2c728bc,VISA,be46784c-1a5f-4438-a57e-6bb0b67aea1a
1e841baf-e566-4beb-9c19-98e1437e0f16,VISA,af9e92f3-4768-4078-9aaa-03c4257494fb
e17a5427-9465-49e0-9928-d02951714121,VISA,16ec2220-a9d5-47f0-9f9f-d5bdaf30c208
b5cf5dbe-532e-4616-a113-fd55f3c4157e,PayPal,fece8d8a-a9b3-4600-9a19-2add6ccbe5c1
d2872465-6eb8-4a9e-adfb-d96ef7c434e3,AmEx,7d4be3c3-8bc1-49bf-b746-4f03d3b9fe4e
cd5bd407-825d-4cf6-88c9-376a819327b0,PayPal,db4ff9af-18b4-4abf-a5ce-42fe1ede40ac
e0e9ba47-31db-4af3-bf1f-649907a30465,PayPal,379d0d55-9823-4a82-92d8-001fb2c799a6
ff8ba761-4893-4975-ba55-69b436aa4411,VISA,76e7291f-b1d9-45bd-9c19-f24961f1176d
9ac55289-5a38-4d72-9855-ffd39f8e1165,AmEx,578b209f-af8d-491b-ba34-7f9ea83d132d
2b51e483-d7ec-4d83-a5c6-4b28415810ed,AmEx,22d6ccee-d3da-4609-a742-bdfdf5dc1fd4
80a205d5-54ad-4f60-b7fc-a64b94039a5c,VISA,137f43f6-4c9f-43e2-ac90-6a3696a12007
155cb1ed-3b9a-4a00-a68f-97a4901a9dea,MC,5e0a0fbb-0d7c-441c-94e5-722448684bbd
960c027c-a6c2-48ad-9e46-147c82b02e6d,VISA,4cc947cc-da56-40d5-9942-57f825793f2e
4a90d366-ffda-4102-9fb6-841852427c9f,Discover,94c15d5f-fe58-4492-8e09-5a4fe826882f
e434e59e-b894-4146-8a15-31924a60d4e1,Discover,2ce40130-a2d6-4197-8e83-ad94b3bbdee9
1e996e11-f739-4dc6-8506-1a69d07fc0f9,Discover,88533fb7-4b2c-43a7-bdf9-d6a31b3f66a6
b4812e68-db45-4463-9000-c506ea76aac6,PayPal,0dedbc76-6715-4202-bdc4-407142ba6616
2fc34228-7eef-4532-8da1-526db40f49ef,PayPal,1c374f9e-e3e8-4729-9d80-51af5c7b8f97
7bb336f4-0a95-4d8e-8504-d44b27586682,PayPal,dcdbe84c-867b-45db-9a85-80a277313367
4b9ecf81-e8da-4224-8f7d-1a55b6d02009,MC,5fffe852-2592-4b7d-aa09-cf349ff7549a
b6794bd7-b226-4dbf-9d08-dcb46684c969,MC,882727b3-fbd6-4f81-811a-f3a562948953
d7afb43c-823e-41e0-83a1-28ab8df68c8b,Discover,1baf3394-576a-451f-b75f-7461363c38b2
13b7a3b4-d7dc-4b63-84e2-949e4d8dd61f,MC,45c7560c-afc7-4a47-a2d1-7f6d4b162ee8
4307603c-98a8-4487-b07f-2324f19b0022,VISA,0815a591-1ba6-4b73-b8eb-5c82b009cba9
fcc50696-4146-47d4-bf65-ba7b5c8e29ce,PayPal,d8de1db5-6d72-40e0-bed1-b23f43af520f
892b7aa6-2a74-410d-90d7-af8057ecf6e8,VISA,feca0d47-50f8-4111-81b7-99d2545c4c4d
f6a19595-a5fd-49ff-8de8-5aef7e3288a8,PayPal,11a9c1f1-8d88-4584-9215-9941991c01a0
b73c2b6d-ddc5-4b2f-90f3-dba027d5e15a,MC,6a7470af-96d1-4379-94b6-c2bdfc173199
3c4af3ca-be8b-4e37-9d66-ec57cca83734,MC,d8e7ec2d-3938-430b-ac0f-e4ab83f96def
f0cac1e4-48ec-4629-b292-5ef1ab78cb04,AmEx,bec9c9ee-02a7-4024-8529-3c7b5d6206c7
97497c21-7a28-4baf-8e3b-2e63f7d8dd12,AmEx,c0c2ebe0-8f34-4f61-88cc-763df2f52bcb
50e0bbdc-7aee-40d8-bc28-7b640ce6ea56,VISA,85910796-635c-4900-9a5b-e1c2c85198db
a2464e3d-4fec-4849-b781-8f7c83f593ab,PayPal,d5392be5-8ac8-467f-8041-acc3daae1ec0
ee9684cc-5084-4957-b1df-fab861e8bd93,PayPal,d9bffed6-7fab-4c92-9b85-982bc84d85cd
6aafb5e2-96b6-412d-ad98-3c87dc1b7083,AmEx,245e74b8-e42f-4bf2-a6bf-d0911188706d
fb1c45ca-0e09-4780-9981-5bb957b6fc0c,Discover,25cce0ce-70d4-4c15-b609-6592d7ecf799
a33105cd-e6b7-47e5-b193-eba8e555220b,Discover,d9ee4661-23f6-4f48-8941-68c6223dbc6a
b54e46f4-623e-45cf-8a8a-1a8848f0ed92,VISA,ae4c7d42-9b36-4ad0-b87d-7d5be766113b
e3ea410a-7b90-4f65-a1a8-23b35554b88a,VISA,7a72e31f-8c02-4808-a986-cbb34f1672cd
d487f2e6-e45e-47e3-a47c-9bba790101b1,VISA,f7b5ffee-a9a4-4fd8-ba44-3385ac44fac2
063abf39-7e17-4af7-b2bd-8796c6375f6c,VISA,2ce36b10-4cc3-4215-84b1-7f81a4f3b0df
d6c175d6-7dd7-466a-a756-88316c13e5aa,Discover,2c120e8b-1c1b-4f3d-ac1f-2c8952ff413b
319d8c2c-b0ec-4ff6-8608-249c75d946b7,PayPal,632bfd56-5d2f-449f-ac82-7a4161668697
a09c49f0-e976-4bb0-af29-9735a03ac758,AmEx,ad0d4a93-4646-4b1d-9156-600712f15e63
9901ea4c-ceea-4ef5-a269-f2b84e404c2e,MC,70863bd8-42a9-4ef5-8bad-6c654599eec7
1b65f16b-e88d-428e-a8a0-1895e2b8e03b,PayPal,aa8523ba-5738-41ef-9e19-ca49dbbe9516
f6e1a5ff-4899-40d5-9402-f1d5d577e679,VISA,13268f18-2004-4384-885e-079115b29d01
d6f76e8c-b391-4e18-bb5b-03f8b305ab05,VISA,e1312966-e8f4-477a-8658-a3966ec8b8e2
af771638-7ee2-4488-9d64-0915a9731289,VISA,5e6ce72d-b944-46b2-9826-cafd9d44ccdc
55150477-0d12-4a3c-8edb-c7de1ec7a396,VISA,33361e4a-62ce-4432-8e58-e34666127439
efd093d6-4e86-4b6c-9791-6de93a19157d,VISA,ab24b721-97b9-4db4-9808-5eb17947aab0
a86a5ad5-ced4-47a8-82fa-73fbb3640698,VISA,0782a6a4-fb03-4d03-9fab-d35f7eca3e55
9236e3b3-45bb-4ec6-ab8c-b4cc35713791,MC,a249952f-3f9c-4480-bfab-aca7b14aa911
6da6a32a-2eaf-49de-b35e-584bcf9a920d,VISA,d9a3a3cc-ed93-4482-9e9f-154a73ad6c1a
53c200a7-c203-4c2c-8ede-c649559f79b6,MC,d14ab829-f000-4652-8349-c402c559e7fa
d6fc36a4-c41b-4bea-9e36-5539b133116a,MC,dd6c52f8-4983-4866-9551-736aec892cf8
5ed6d995-a891-4ea8-8943-85131a462074,PayPal,bbb53ed0-9281-4f09-b077-3133f57b582f
e8c31e1a-0520-4452-8016-ee2e09849ea9,MC,3737d69d-6982-4f4a-ba0f-778c2395c73c
d350a0c2-440d-47c1-ae85-ef3495b4e370,VISA,eb1379e5-003e-4969-8a8f-5d844af93c5c
b6ec51da-3456-479a-8eb2-4f17c8deb1c4,Discover,1853d4a5-af46-4e77-881a-0e6ea8312673
4b5d4abe-525e-43a3-bdca-cfd32b0b9bf2,AmEx,9ec2d966-1885-41fa-9e4a-8d543a7ce52b
bec8143a-aefb-41f6-8916-4fcda5f61306,MC,37afb6d6-372f-40d1-9d48-80b60d39951e
b434e219-d99f-42ca-8ef7-0e58dc7de698,VISA,848b7c2a-2097-4938-b616-9f015f159da9
52fb090b-c9b8-4e0d-8e98-a541902b8bd8,MC,a60165e4-ebea-4f88-a254-86b940dceffb
dc35a0bb-7f47-454f-9556-2390af5abc4d,Discover,2ab7003b-7581-4085-a208-4d81bcdf1bfa
ff518d0c-cc3e-4925-b9a8-a013519288af,AmEx,a3b2a824-153c-4618-848e-5c1f1056ac97
08b5c5e8-00d3-44cf-8a1c-b8fe7753861a,MC,f48ee7af-1a40-4d08-97e1-0a73bfeb5c0b
eaf63966-4ef4-4fea-b772-a681f1dc52c5,VISA,e6f91ae3-884f-4d7f-94de-148edbaf9f14
6550a8de-9e73-4c0a-9f08-977b3fbc5f14,Discover,e2fc6135-6733-4a9f-8415-6e9e549f14b1
1f67d49a-48e1-4b2c-902b-72ea6b5b1a5e,MC,277b5de9-82dc-4173-82e0-d09a810c3f07
c1f5d41d-887a-44f8-8f22-7ae6efd90139,AmEx,2423380d-4b51-4d23-b583-3f696512a1cc
374c6228-ff33-481c-b0e5-ab6f6b4de4ba,PayPal,b306d832-3922-4e13-8e44-09955f8be368
38fe4bc3-1731-40ce-9cff-af4b4f4911f8,Discover,7f3d98ac-0269-4c20-afec-a2eaa39a082a
c3ce774a-c7a1-4df9-98d5-7e9ee1264c15,AmEx,663cba85-7893-468e-99f0-4816051fbbe0
f20a61e3-33f3-4619-978c-470291001b31,PayPal,a17b10fc-08b4-4fcc-bc77-64f57dd8221d
24ddcade-8416-4a05-9bb8-aee9685aa786,VISA,1b03a4ed-a46a-441d-8bcb-83ae8d32829d
0f5e20f5-dfff-471f-85be-67ea1353b750,VISA,9774e8cc-bc15-4aa3-9cc9-caf6e77de174
5747f80d-772d-45b3-ba70-6fe37696e427,AmEx,98bca8fb-4176-4c9f-8033-067f012dc6f7
e04433c2-c849-48dc-886a-96de3cd110e5,MC,d802f083-f4a0-4af0-9c63-bdc881de2efa
28a3ec03-2656-496d-a1bc-d7a3675b4943,VISA,99a01b03-3cc9-4497-9508-86cb5b6f26a2
821075b3-fda3-4589-9006-773ac3b23e43,PayPal,08569aa7-2a00-460b-9ab4-749d594a5467
b3afc402-14e9-4433-96ee-2dac09d3dcb4,AmEx,a131361f-2fcd-45e6-88bf-38e838630110
ce2fcb1e-621f-4ca5-83c1-d32ef2ccb4a8,Discover,5ce0b4cb-8e3b-4beb-874f-94fc42df1a55
1f5d6932-5842-4c4a-8b02-c10b17652a02,AmEx,7ed385bc-ab6c-425f-b1e5-84e8f9ce1119
6a284a73-15e6-4970-acf6-538ef7367536,AmEx,fa24c746-8227-4133-892e-6db50a50a854
e469be21-e045-49f8-99f4-4f4504bc968b,VISA,b1ea12b5-e998-418e-a7aa-61ef1ac4eada
848dcab9-0e32-420d-94b4-4d86b700e3a9,AmEx,dfd9aaea-b9ef-4aa5-8c55-cfb0172d6b0c
fb81eefa-15f2-41eb-ba5a-62775a0985e5,MC,44f2979d-6ac7-4360-8328-6ab8f8f12750
0b5964e6-e755-42b5-84a6-010d1cc6f231,AmEx,17c12204-38b0-4eaa-95db-4d92b437d7a0
2bcaa3d5-737b-4e7c-bf93-64f130134c60,PayPal,4ce43228-6977-43a8-b09d-5586f3c38a12
31e799b7-c25d-4c41-8e83-805de03ce36e,MC,53d84e67-112b-4d34-ab28-89c5c2873ed2
56c2e98e-5ee4-4c02-bb56-e8ad08d7b9d3,VISA,042272f2-f957-44ac-b1fd-df0b6a7ddd57
95cd6cfe-a2c3-455d-8073-dde9330b3f8d,PayPal,2147759f-f74b-4800-b597-d88ee5716773
a85c108c-6c2d-410f-bd1e-3448a93d0691,VISA,42545d4d-223f-4548-80bb-e146ee2d9e19
61bdf6fa-c5ee-4fba-b3e6-753a31550371,VISA,09cb1b00-e6d7-4a69-b8a4-f0e26d95c7d2
d4205e34-e65e-48e8-a97b-ce0151c5098b,PayPal,faa194e7-efd3-433f-b562-ff0c39dfcff1
aa67d159-97a2-453d-b29b-63f791658e79,VISA,06b34f0f-d764-4d0c-bca2-c6ef610b2cfb
4f45f8c3-7039-4c66-94a5-777ac1cb09f9,AmEx,69937cbb-1ce2-460d-995d-175228ce28d3
e540147d-d65a-4aab-8d76-fbdcc5ad2ec2,MC,3d1b104d-dbb4-4a9f-a154-1bbab7384585
24e5af7d-3405-4c22-a765-7ec41e66d207,MC,15ada8ba-8089-4843-aa1f-3728a1910137
04e4eb62-4950-491e-8c96-c2f0b3298a62,MC,81f35701-3702-4e01-8ee9-cb1b9ad1947c
7f21247e-b831-426c-bf9c-70ada2a25030,MC,a6c0bfd4-2c72-403e-9d9e-04db1c8fe633
71268ca8-af6e-47b9-8ded-6b7d04dea78a,MC,e45990bd-c734-450f-99b6-d43944894ab5
08341774-9b7c-46a2-a3ef-ad7b9d2427bc,MC,4258231d-7344-49ac-98cc-17b4b0d11471
0e1dc651-4486-46bf-8806-fab9b645ac17,MC,406c72f9-d790-4032-9c0c-f8e2c5c03698
d75c1bc7-57d5-4d7b-a261-b0d480e7802f,MC,8d4549cb-d7bb-498f-b9ec-27d0d8cf0960
908e077c-0120-4dee-ba30-bcc3290b682b,VISA,970526d2-5eab-4fd2-9f81-dcc2e629c940
a9b8a50a-75a5-46f6-b938-21ce00cb19e8,MC,c8d7e5ce-49d8-45f9-8702-53917ad81d47
958578bf-8553-4a91-8746-a11013a5cc59,VISA,9015dffb-6b58-492c-b82b-78c4da2b7ec1
505365a9-be56-460b-bb65-e82ad5ed1f78,AmEx,98bdbb78-4aa5-4f66-82f2-13dfdcf51a1d
ac1dcba4-6f30-41d9-a2df-3652df51ed34,PayPal,560e30ba-3698-448e-9581-caed43e80173
aec57165-8bc6-44a1-bc93-3a39f43b47e8,VISA,860e16af-f60a-4586-9cc2-2f22b3d9a9ab
1793942d-9674-4734-a78f-3f76ef6e562b,PayPal,b97d0871-73d1-4e7b-b158-8dcc265390da
1fae8ed2-dab8-431f-95cc-564ae0046b81,MC,918c3324-6836-4e29-8247-fb1474ce8f76
6cb5e6a7-a0b4-47c3-be2f-5cb06c466324,VISA,341a7ece-d2f2-4411-add6-30d55bdafb91
9218c415-8a26-4a6a-b302-e9faaa82321f,MC,0cc6a040-b1da-439e-b15a-1f1f2a519fdd
c4acaf9f-2432-4b32-8b4a-3a33b9348558,AmEx,6960d8a8-d60e-4dac-bc0b-adb86d8b2b39
2781ef26-d9f2-48c8-a56c-7e1480fd7474,PayPal,79a6ca17-dccd-41a9-98de-4b2dc7cc3651
935fd600-aa02-4225-827c-a1de870b1097,MC,32b21642-93b5-4542-8ec6-34b991dbe133
655adbd5-340a-4aca-9c8a-d5ff280f3aa5,Discover,b44bc413-7e75-4147-a2f2-4897273534a2
389dc6ae-e50a-4a55-96f9-84fd91f0ba93,VISA,0d0632e5-5b24-444e-853d-6d36f729f214
7dc30520-0dd0-4f33-8538-f7f63953f144,PayPal,ee8c2fcf-7188-4ee3-b1f6-4addde186aa8
1246efab-1376-4fd1-8147-a221c61c6ba5,VISA,db0ebe6d-9d67-4914-8657-02b02189c3bc
72c37a16-b0fd-4305-92ac-dc80ea6ea752,PayPal,7f9b980b-01f4-4f9e-9835-3ef0a25d4d98
dc0acb0f-bbc5-45f5-bc70-31c7432be2e0,MC,d0de6f9c-11d2-452b-91d7-0a74b190b197
23a28c41-d513-4a6e-93c8-554b1b257eb2,VISA,fde55f30-604a-468d-aeea-aeb18190cb78
897f7b0d-fce1-4b99-99cb-1a1de38dd51f,AmEx,ad5fa7d5-6237-402b-9edd-21f2261165e0
ead06a3c-16e5-4d75-83f2-69b4304a6ba8,VISA,7ca738ae-d2c9-4360-8189-8f2a8457a331
eb80f984-4a58-4dde-9495-0dcb868105e9,VISA,ea549022-5718-47b7-9b73-acbc877560dc
04d56d33-06d4-4d0f-ab29-e51beec49b72,AmEx,d3963368-66ae-4073-b44d-354670581066
e8e79eaa-0800-40ad-afa2-9dedad138c15,VISA,791cdf73-15f9-4648-a98d-88015497ce74
7281be80-bad4-44aa-93b7-499d935197a8,MC,515d804e-d140-4178-8f61-08e52802e799
4fa22628-5d8b-4986-a79f-abc70479dd3a,VISA,5470023e-3cba-4a2e-bbe9-9557777cbf2a
b7123678-bd08-4708-a03b-c68cb3c60741,VISA,00fdc869-f939-4c0b-a6f2-a209dd036ef5
b4767a21-e09d-48fd-9dfd-38f659c945d9,VISA,a9d49b8f-00cb-4dbe-a14c-eb0dbcbc7e25
38b905d8-68db-4c05-851a-4f356cf90b7a,VISA,fe30334f-c756-45cc-b1ee-9b799e074ddb
a157bf60-4eb3-4934-b4ec-b16c5a76d625,VISA,10e0dd1b-51af-40f1-89d1-aba428af9cae
73f9caa0-678c-4931-8dd0-593a890d348c,VISA,99e0e716-4911-42dc-84cc-7d078f847c2c
3bda0832-fa43-427e-8183-d31897a1bfbb,MC,0a0f94eb-0fdc-48bb-a5b1-8d4389d4897b
65097d0a-4c6a-4fe9-afcf-95097b1b74c5,VISA,839a761d-360a-4272-9a5b-295021da6ab1
f536a478-c6dc-462a-b791-c88c59497820,MC,c2772ab4-5c1d-400b-af44-c22a22272326
b0b8f54d-59e4-4da2-8789-e1dd6707fae7,MC,82b91179-8124-4de9-a6ae-bddc4978d8a7
115df80e-7684-45ae-9338-dc3a3aab9f12,MC,f57fa6c7-5947-47fe-9db2-2ce1bff9de0f
23ec1bbf-310e-4918-a2db-7b994b445eb9,VISA,6c308473-8abf-4126-ae18-b59cee2df5e2
28293e68-fa1a-48d3-bf95-d466a9e70fdb,AmEx,f32e53b6-078e-4fad-ba1e-7a2745512cd4
18b6aaee-333a-42c9-a356-aad0aacdb3f7,AmEx,050f7f45-f2d9-48ca-b2aa-5824bd4bc0b6
a74659da-2129-4a04-812f-5cb34b3aeaf7,MC,708c653b-7950-4cf9-a8ca-4a1a8efad6c0
23201cf6-b613-4b31-ae16-2e54a3d14a7d,VISA,c6cff5f5-e6db-4e6e-9695-3cf3d1b70738
89a3fffa-c2a2-48d7-ba40-795add8eb527,PayPal,0f54189e-816a-441e-9399-509400aec488
752c5dbd-0141-4ce2-804a-7d37d67623dc,AmEx,db6fe6ec-c525-4d41-807c-4c2eede8ca02
e7e084ef-2f89-4faa-97f7-ac2b9b4ba3a5,VISA,69264bfd-ad1d-45b2-b6e0-8d293c437776
5ddad5f1-3626-4c1c-99b5-ed54dad9a44c,MC,1577e040-c1ff-4588-8b01-e25acaa6d4f0
3beed65f-f78b-4596-9b35-84aaa30a4427,MC,aeb9ac79-f971-433f-baa2-2a801f85edd6
56f12c69-958d-4a71-9832-159b1000473d,MC,130744a0-f411-4de4-8e65-0762eba2ec9d
8eafe965-2bdc-4ce3-b70b-af0e824a98ee,VISA,1b88d1ad-e4b1-4683-85dc-5c9cb01d2e2b
85f83648-db78-4ff8-a2da-2626234a2b52,PayPal,b5c554fb-3a2b-44ec-abfb-f50f5ba5a0ad
0e1a528c-5e16-4a08-aba2-356eccb7d891,MC,ba692ace-628e-4890-b61e-6708bf16b9c3
18b8002b-8900-461f-a0c2-75d15d605b5f,AmEx,99ed08dc-f029-4613-9103-1d472c6b8922
66ffdde2-64a7-44fe-b01e-dd6641d8765d,VISA,28c3b0aa-725b-4fdd-ae6b-18e88ecde7f0
cdd58cd1-f016-4df2-b646-9c0a74d60618,AmEx,4e2f0b4b-59b5-4b20-99c2-ef859d1f7301
ace5d5c1-ee46-4622-8f74-39c8c395c633,VISA,52610a65-6e45-4ab3-852f-0a8da01dc01a
0d57169b-6d99-48dd-b917-094cd334d1ae,MC,18e2c126-59f4-4d95-aed0-cdf51aa73203
3de5e5a6-3204-4b5d-a399-f2dab6babb2b,MC,dc3eb471-e5ba-40e5-b7bb-6244f70d29ad
40c694e9-6b87-4a8d-9a27-cabb6f1da9a5,Discover,d0912dca-387a-454b-a32c-d78009de441f
dfe03595-c70b-4bd3-85f8-a154b9b64fac,VISA,8341c561-d75c-4a31-b997-23f58fb555e4
60348554-a88b-46e0-9763-57eb08d5d8e9,MC,3edb9752-4010-4fd2-806e-08e44e684cee
50189953-899d-4890-8484-6e2fe20ce49a,VISA,5bf9a89f-6132-4876-85f4-5c76eb6f1d52
72d54e3e-c155-4fc8-b359-fccce6dfa5a5,VISA,2add3ff7-0e5d-4494-8ca4-1e940a640530
19059808-3964-462f-ab40-a07a8d62f8fa,AmEx,c5383cca-5433-4a83-8103-a27f4fbbf1fb
02de16e3-1395-4de7-b54f-16f4265f701d,VISA,2d0d6bec-37be-48f1-a632-eaa0202d7957
0695fe8d-09ce-4ada-a212-51f3c8a0ee93,PayPal,512f2b5d-7b53-425b-a47a-5fccc949d85b
b63f0138-9a83-47e4-9567-a93da7f7e257,PayPal,0470b209-77b7-4e7c-a053-019bb75d3d5e
008c2d66-64fa-4cc2-b841-49df0d991ea7,VISA,a6b335de-4638-45d4-85db-aed931d52eee
5667d510-9d08-419f-aa26-ddf8ecca780e,PayPal,c1bbb0ab-4efc-4c9e-be45-36f943bc8cd2
2951a832-df70-4d3d-ba13-0e643f90c097,VISA,3c6bf4b6-9119-429b-aa5e-5aa1e45ab58f
6c4baed3-0c7c-4680-a363-15fc953a351d,Discover,6d7a5bf3-51df-4f9e-a62f-20f4a1936f5a
eb103acb-b968-48ee-8b1f-faae84a6c115,MC,f6cb8bee-6c16-4076-964e-5e59821f71d0
09a1f0c5-779e-4d7a-b6e1-d575eb5537ac,Discover,717f56e7-1a10-4db5-8fcb-fe61813aec28
ce05589e-2a70-4227-8262-76f0027f70bb,VISA,605bb4d4-adbb-4bb7-921d-c866d351d215
05ca32c4-04dc-406d-b599-176d901059be,VISA,beec7b8a-d916-49d0-824f-8b2946d6797c
24c30b56-8564-4ca7-b53e-d332d51273f7,VISA,d0c96ba1-3103-4995-8b84-c026e09b92af
6a350111-d9ed-42d9-8fc9-7ae5daab6690,Discover,bd80214d-4769-488d-8c7b-e69e6a3c5852
f4768532-0023-4624-b671-7c4d0ffe14c3,VISA,5dce756e-332d-46a1-8a12-f9138edef9e7
22d493c8-1d2e-46df-a6ed-5965e6d3eea2,MC,4d126914-f139-4e52-bd92-af8776c78f3e
a03a8e91-3491-4b56-9246-b15bdb7390aa,PayPal,39e8985d-1808-42dc-99f3-138c7133d732
d38cc32d-5c6e-45ac-8ae9-b24aefdeebac,VISA,50979ffd-cc9d-4a1f-b86e-94c0899f140d
519573e9-2864-4345-99f3-d69b8373e9ea,VISA,0a747621-8c2e-4f47-9910-ae9ff185235b
7d0b100d-ceea-4597-ac81-42ccc597f36c,AmEx,a9a3bbc7-5780-4ea1-848a-b3dd9ec5288d
14f5a168-a97d-4e5b-a07f-ea3007f66fc0,MC,1a0a72a8-7a8a-4ae0-824c-008492dbafe9
2704157d-424d-4442-944d-f4400aff5eb9,Discover,c5f0ff81-0308-46f7-96b9-eb4f201c920e
8d205ca9-e914-4ed8-8d35-3ef5bc5ac7ec,VISA,538d451c-a81d-4e5d-9b69-8acf6d2ef408
0d175a04-72a6-4ea4-a937-575ef5052285,VISA,9ae9aea5-6880-4861-804e-a5e99bf30b35
fade2815-71ad-4a54-8fe8-cc8a0bde6df2,VISA,d3c8e30f-6c72-46ea-8e7c-11cdd13828c2
80c3a875-de5a-4b35-b6a1-b3ff38908dd4,VISA,c615ae4b-affa-4e90-8f01-38421350738d
4b5e6173-3a58-4553-9595-6e795f298b99,PayPal,9710cacd-88ae-4780-b7d7-1b410af55295
ea54bd38-4353-4379-81c1-2fbec5e5a05a,VISA,b3a9264f-e0f8-4f0c-ad69-78fcef996663
a8061904-1c28-4b3b-84c0-9e7236a5b150,PayPal,90d55df6-cf97-4cbc-99a3-4898bac9ac99
17880e1d-d907-40a9-ace4-dd6d01a28d2b,VISA,66feedc4-5a57-4d75-85e9-097335ac2f33
626a6044-fb82-4548-a30a-6a6a71d0e778,VISA,7833fc21-d889-4f9f-be81-537c92f0291a
852987cd-cad2-4ece-b9bd-743d655da302,Discover,96e8f1f9-2e4b-4a57-bbf4-21758dcd3500
b062cba3-e6b1-4ad8-b8c2-843891d33b74,VISA,c1044ba8-9419-4d65-a244-9b3e0928d229
90367206-83e5-4b52-8b38-2c301d7b7336,VISA,6df18371-8a4a-4b6d-af5f-6a03bad20060
8f0d4375-1036-4465-a093-bb2c8768de81,MC,c997f07b-0e6c-46b2-9986-39c3d6a21963
10376e9c-fe7f-4b7a-a530-20eb0699ac1a,AmEx,820f07d4-ac43-482c-bcbd-37a6dc9e0e11
e9d58245-6f40-49c0-9016-df3cab921a37,VISA,59e5501c-9948-4cd9-b654-20806a186d83
44f70c5d-3e3c-482d-ac5c-c03c7e03e1e1,VISA,8c25dd81-fb86-441a-adda-53cf375785e3
fb78abaa-33d6-436d-b81c-c4d09d20cfab,MC,ade16603-001c-4588-9bdf-f2fc8a7f13a8
6bb5c505-edbc-414f-816d-f748e6e6c982,VISA,6dad3d79-96df-403b-a235-9999dd9d6d54
5d3bd254-4565-4384-b97d-95ed2ad5d623,VISA,ed824312-71eb-441c-bcec-51306e79db26
2e449dbf-ac9e-460a-8534-7bf8339a08be,MC,75038e07-8a4b-4f30-ad69-816801994dbb
be7a2620-5e51-4403-be4e-6df523807e54,VISA,797cc3f2-cb55-46ed-816b-8a007edfb302
93c10baa-7121-47a9-9255-8bb6b0278d07,Discover,73da90bf-4412-4fcd-84f0-0183526ef62f
992c8bf9-e101-4ff2-9cdc-d623ab8ec513,PayPal,feeb9a49-69b2-465a-b286-faf70fbe4fc4
2e7d0b71-825e-4179-a3ef-a94cb8e83c6a,VISA,1302de33-1bcd-4c36-8040-bf9c4aaff5b3
2ac3ff88-045e-485c-bb69-dad7a4b33a8a,VISA,8f6334fe-d7dc-4630-b9d3-180ffda14250
9deed030-abc9-41df-b5df-4b8ea356fce7,VISA,5c879095-4440-4c43-8805-c89b01e535ab
1949863e-142e-421b-af39-8d3f171e3888,Discover,70bc8338-7d39-4d8e-b54f-7d6cf5d0d440
72e70d47-df47-4049-9bf1-2cfa948c1561,MC,129e6a7e-7899-47f6-a745-359922aabf4c
f49f2f45-b00a-4f69-aca5-2299f36a725b,Discover,fa9fa3c6-087a-46b1-80fa-accf14ce4959
2baef7a2-6d9f-4d38-90d4-c3b4d04570d8,VISA,5f3aadd6-0933-4318-a996-bf1f73b74ba3
f57452f8-2e11-4087-9219-f91cac2da91a,MC,94252bc5-919f-4c02-b199-4743f1c6785f
d92d34b9-1899-4d77-a9b0-8711bc0204fc,MC,0c34f988-f338-4d78-8a51-8b28b5186af1
86db0674-0adc-4794-b3ce-d0966da5c935,MC,f2cac5a5-ffbe-479f-8a82-dfd8c54bbb7a
fad697d9-8412-4e18-9744-6d40e7b01fe1,AmEx,a5319fed-83d3-4d41-aa39-997b3b93c075
67aab6c9-f87a-4382-886f-aab741f2842e,VISA,9b0f1e18-d655-4d7e-9f22-ad3f54b6fd9f
ed08210f-e5a9-4a0f-ba9a-f51603e7f47b,PayPal,2be5a689-954f-4927-9f15-24a4418086a7
8a9c9f2e-3154-4ed7-931a-f61be7a40229,AmEx,4ebf2954-0532-4a41-a8ca-1acd7dabbd17
9274ed9a-2d75-4208-8a45-f3ba506d0dfe,Discover,2ed3e834-fc1f-47b3-8606-6f2959d48dad
80eac119-4788-4fcf-96ee-dace4eeb4262,MC,53bfa9d4-1201-412e-8101-53bc41dbfb0e
97acb610-4e7e-4f1b-a6cf-5bdb531c440b,AmEx,2ab6282e-d8fa-4147-a4a6-dbf94256e229
273b7087-475f-4a02-9210-ffbecfab83a6,MC,ca28ab7c-db7e-47ce-a6c2-957d87549071
015d8296-b05e-49bb-8b0a-e55540351b44,AmEx,b75db127-90eb-4888-a506-1a5744a6b2b3
7a1d06b6-96d0-40ff-b3b1-6c8a693cb841,PayPal,e88251a8-d81c-4404-b754-916a3bff54c8
83903d95-90d4-4549-b1fe-d87ca2ab708b,AmEx,58c9bd10-7d2c-4ab0-af5e-425036143b84
80c03093-8f00-440d-a0ac-f6c7181e8c0f,Discover,9e65ed91-385c-49c8-83f4-4bbf8016d288
4985bd5a-fb46-45eb-ae97-921236515a86,VISA,56ca3f4c-6b34-4c77-8f88-3830d0d30065
0d7db02a-1329-4f7d-a88a-845b50e5e27e,VISA,8791203c-845e-4845-85af-18bee23c4614
bc6ebd85-e6d9-49da-b120-e4cb9751ab74,MC,bd5731b7-3111-4861-9295-d3a374749c0d
e0b8c4ec-27c1-4f4f-a202-d5c026080149,VISA,889767ec-8d80-4e35-9da0-ebf8f631dbe5
de3b4d57-7f6c-4886-8b66-bcb47d9105bb,MC,0bd79b4d-9d5c-4c10-8ec8-30f050e3ba70
1bbe3202-5e76-4c4a-9db3-3ad6ecfe1ee4,MC,fcfb09a8-7e31-44e0-83c6-d13cf57540c1
4e59c9a6-f973-4a24-ad7b-2c0eb8985dd9,VISA,db60fbe9-6c6c-4b6f-b470-e57c98bc2707
21e2d3ed-e12a-482e-b3a9-b01eb004a5ac,AmEx,abc37b32-5c30-42d8-81a6-0697779b27a4
1d6d746e-8160-4373-8e77-283747aaf90c,VISA,5b046e2c-82b6-48a0-8862-26cce0346fa0
9737c114-5544-4400-ba16-921e88209b7e,VISA,81c16c63-6e60-48a0-9bbe-a73396e43240
f4016a51-0a5d-4b28-9350-781004ff428a,AmEx,1bc43395-b324-4c30-8723-947d7291fabb
3209aceb-218a-4e44-9bd6-7b37652ec5fd,MC,f1cbd04c-12a2-43fc-a63e-2fd052d293f1
14c81ba9-b054-4ad4-95c6-7f6b04940743,VISA,3811c31d-ee2e-4a70-b79d-f8d6628bb07e
5d731cb6-ff39-42d5-bac6-0c8b876aa965,VISA,90a45b3c-1670-42d0-900b-2d0994f2a9d0
ff7141d6-38e2-47e9-aea0-5f17f1c844dd,VISA,054330d1-c4ee-4258-b24d-a2294c6895d2
ea74c14c-7e1f-4a37-9f41-3d9cca04c340,PayPal,85efa73d-40ae-4d14-93ee-02ef3db442d5
08b13260-4c0a-49a0-9e51-1ce751db49dc,VISA,17595a8b-1c4b-4b88-9162-3576a9826b2c
eb255ce0-e352-4fc2-925f-8e39c6051782,VISA,2dacf9b3-b626-4939-832a-7c46d2ec58a1
ac16406b-00be-47ff-b8ca-bc00acc6ea20,Discover,88ae0373-b239-4308-92b7-1249651b08fa
1bda05f3-0257-4329-8261-dad7a76048fd,VISA,0d7fbb1b-35bb-44f2-8147-ee76c8a261a4
ac7e6f7d-be65-4ad9-a3f7-2209a98701a7,AmEx,69d8d781-302a-4524-9e46-cd85cf993219
7bb4762c-673d-4675-bab9-6de22b10a24f,AmEx,8d0c71cb-2f63-4ac8-a50d-4247597ef7eb
96c01e63-5fe0-473b-866a-49b8e4de31d7,MC,36e7bf49-5989-4002-8ff9-284fc39fa4d7
78dafc4a-7f47-43c4-8bd9-76163c4b1a66,AmEx,7205b369-27d2-41aa-8880-4d31a0751327
3c929f6e-716c-4255-a4b4-aa3d507a5abb,VISA,0e8ddae3-ff9d-4127-938f-ab3faa855b4e
9ac3d5b5-8c38-4fb3-a83f-94a367db209c,VISA,8df9f4b4-ae67-44ee-8da6-2fcd8f88ef04
2864957f-b24e-47ed-8dac-f24fd71ee75b,Discover,f9630872-f2d5-4ad0-977b-81a0e5a5ae47
ed084801-c237-4380-b68a-b4ff4c01bbeb,PayPal,8eea75de-47dc-4fbc-bd4c-e3573a33d17d
87358264-a1f1-4d10-af69-b209042b4385,MC,cd677364-91f5-4c3a-9217-20399609cbe0
64b5f639-32ef-45d7-bf4e-af0d812aa8c3,VISA,c57a201d-4fb3-4b3a-ac04-27418555795f
884d965c-c4ea-44eb-8d03-c942df596e70,VISA,3bbfcc48-cbd0-4a91-a6b9-d839b0f99b28
1a4f2ce7-a130-4a31-b8dc-ed5190f73448,VISA,d78d5b89-1755-4e28-8403-e0cd9f4a7b13
489ac8dc-b817-4ab7-9e6d-3bf29bda0cf9,Discover,6e922eb5-161c-4ce7-b113-be227f3ddcb1
ea9d0608-7f9d-4655-a172-4affa4cd232a,AmEx,491615d7-d71d-4133-87c7-a4607304b7d5
77a2af41-95f4-41f4-91f7-6f2e4f396015,Discover,e9e00260-17bd-412e-a4db-7d9198984ffb
dfa0998e-eb2d-4312-acc8-66c32d188822,MC,61144fa3-90fe-4d02-80eb-ec5e8f9e1630
8e35c16a-b52b-453c-9446-8f31ffdb6743,MC,7de52354-bdbc-4c29-ae76-efa24fd25ae8
68b22cec-0233-445f-a8ea-fedf0669d018,MC,a2e509f9-68ef-41fa-97be-427535d7793d
2297af66-c5d1-4b98-95cd-0c7dd47ebbd0,Discover,07f80515-8b45-45a0-b197-8e1ad2cc2d50
65277dfb-925b-4bcf-89b5-ced557fe95e6,PayPal,3a1c4d48-388d-4d89-b07d-73a4ead3c8a2
12cdb21d-0be2-4f5a-ad78-6de8cbcdc8a1,AmEx,22e3be2a-d4e6-4423-aded-c8c7fd9aee9f
27c1e933-cc25-46fd-8168-afe4c8fdaaaa,VISA,5233e839-e71e-48fa-9cc4-2e8087dac331
3610dfb5-1b88-4068-ba39-46a49cd93a67,VISA,79bcb83e-67bb-4b48-8a90-8eafdf1b80ff
ea2bbafe-e737-43b8-b1a8-61d319d09952,VISA,65afb28c-03bb-424d-aed4-906875ceedcc
0c2fc542-66aa-4bad-9a59-bd90ca7334df,MC,e531b061-3583-44f0-bd8f-1ed4421a1f1f
65a90280-7d40-418c-905c-4297e4479e35,MC,d5b7a372-9326-4df2-8fbe-fea70bb05091
569c7e9f-a9af-4dac-940e-203ffc801211,MC,056b1290-f4f6-4e2d-8455-2004863acb37
c5a41608-0846-473d-8548-df0849a865dd,MC,0b5eca2a-2b37-4057-a484-a5d9bcd02526
b702eae9-1dc2-4288-a5df-b7a751b88d50,PayPal,9f20f49c-0041-4ddf-ab1b-52d73e88e8e3
11a66452-44f2-465e-8491-07ec7e48a7b8,MC,cc253619-3b13-44a7-acad-d6d3c8d19120
aef7a9f5-390e-43e1-924d-fcbb8e9e50d5,MC,66356837-38e7-49f1-b935-b676b1ab23f8
6e93541d-f9a9-46f6-9d85-ade86c573f12,AmEx,71ec09eb-a958-4df8-ad9b-1ca1ffaa3422
514e203d-a291-4031-914f-d7b82039df2f,Discover,7509ea4d-cd58-46ce-8b7f-74f47dca2440
3ce36cc2-22da-44e0-ad0b-34bb65e2505c,PayPal,0690821e-e836-4fbb-8241-94491c1f42f8
5e5f95e7-d1ab-4aba-8dc3-e2efac0e59e9,VISA,e21c89d0-dc3e-4919-8a19-6a9073344d9b
48a5ed85-c4c9-4c26-9c21-47f5686b6c69,MC,f56ac8f6-7eae-4539-9976-93c9676d6357
73c3207d-fad3-4761-ac82-59ef279554a3,VISA,3ac1e2b2-7704-460c-a8f3-cb1cea3ba521
b1aafa5d-9465-4c3b-9f26-621baa8399c6,VISA,5b7fb6ba-75c9-4e34-80a5-056fda5c01d9
d5fd5121-4685-4b85-91b9-c1dc29dea785,VISA,f52f4047-e63b-4d55-beab-8740c75b0c03
b9862fb3-02ee-4518-8538-2744ffe2d6b6,Discover,6767858c-e007-45b3-b3ed-2648c21a301a
697de892-d13d-497f-8f50-3e8b4dc724ea,AmEx,0b9066db-ef57-4f28-896c-514ce3bba32a
114b7b3b-0ba5-44a2-882c-81cab894a4b3,MC,c742bfc1-905b-4706-8e2e-1cd97a560642
98eb1f81-6eab-4abc-82d3-fd44f2eb4776,MC,0fb5bb80-22b5-48b3-b557-ce04710d6ca8
f7f5fecf-c2be-4318-8a73-4127acee557a,VISA,399eddbc-8b52-4a35-98cf-c71ddc1fc45c
925af8cb-0c0c-4c54-a4e7-f29ae0f8232e,VISA,3315e3e6-3bbc-42eb-aa26-25b93db5ed23
cef04c52-24c7-4930-a2ca-325fe3e3cb54,MC,3f648e0c-2991-4ce2-a1f7-11804b5b32eb
ef42dbe3-9748-43b2-8c88-edf1df41502d,VISA,6c446024-c9f8-4be4-84a7-61797750304e
5d22f0ac-734a-4982-83b3-cdeb80eef941,VISA,42c29d93-d012-4b85-a1cf-92cb1d7e1964
5524a28b-2859-49a0-82a6-3b60d2cf3eb9,Discover,70568338-0818-49bd-82d0-3543e9727e06
9d7fa57a-4bc6-4dd7-884c-4662762facbb,VISA,6e65649a-69e1-4e37-938c-77e1b2dc8e09
91f7ada8-8c55-4d10-998d-a59531f57ef8,VISA,ece825c6-b9ac-4101-bf9b-27cde5178148
7b4d9bdb-0196-4f6f-97e3-866d4124e9a1,AmEx,ed6b0323-150f-418c-8513-732c24357fa2
2481c533-62bc-4216-8e1b-ffb6eebae751,PayPal,9176a413-83b9-462b-8278-11975275327c
94400d69-37a6-412d-a1d6-525615cf024d,VISA,4a2e27d1-b799-4cc5-a39e-ed378d1e77a3
0c78ef8f-9e14-43f0-b110-c040662ddd71,MC,9b05cdcd-8602-45dc-9e83-9ea797b0af67
f8b37da7-d9b8-4945-a570-97df3ad10de2,VISA,580efec6-e289-4af5-a58d-f9a1ee70a44a
8ea54287-c374-4b6b-a0ce-ed45e812d0e3,PayPal,779ffbb7-7cc2-4001-a9ee-9c451810367c
c0683198-fc5f-4ddf-949f-82d47a1c5d38,PayPal,0b6a7073-8dfa-4716-9d10-644540c37292
2881ed3b-8f1e-4531-88ca-bc10656efb60,Discover,ca37f739-8a85-45c1-b142-b4d51a4ff561
413da94c-06dd-4191-94ef-0b3fdf8d73c9,AmEx,e545f24a-e463-475d-919a-714aa0c080a6
e219bec9-fe5d-4701-9a38-ad244dac4286,AmEx,2e431ac1-7de1-4fdc-9e77-d6789eed5508
9ad50a3e-c993-4359-aea8-6095394e1387,AmEx,2a1b8c8d-2b98-4397-9853-1ab7d653d7f6
69291db6-de16-420c-a3a7-171a7d0c4c58,VISA,46f54608-728f-42ed-bb3e-460ba2aba47e
723a3e57-1a3d-4c70-b149-3a9a648da52e,VISA,fa62bdbe-a092-46fe-ba0e-ecc3cb73dc1e
e28a27ea-344b-4839-9b8a-2e9875f15a65,VISA,3fc35959-caf0-4f30-8046-d1801f8c7c0f
6af69d16-317c-464d-80ad-aecbab9c0b0d,PayPal,d53ea841-6dfc-4976-be22-3d9dc5cbf61a
adae3e79-34c0-4d3f-99d9-5a3dfc871cac,AmEx,3f99d196-e23f-4f13-93f2-eecef38c5393
35490c09-762a-4ef9-a739-4192f2897033,PayPal,c3d01788-3dc5-4565-a4ca-2da407e810cb
7e357098-09de-47da-ad4d-84ad557ef779,PayPal,adb27f0b-60f9-4bd0-8bb4-7fd74f72fd66
9f9a4a9d-34fd-4f3d-a5a2-e893e718a2ca,MC,6a3bc663-2d8c-4f5c-b19f-1ea2d053acb1
26ffde34-20c0-460e-ba89-5023af690377,Discover,aca9f81f-bd71-4130-bfb3-84636b8af789
6fd308bb-2c9e-44e8-a620-e0fb42d4ef28,AmEx,863fc584-8274-400d-9922-ac02fc3b4e2a
577a0277-190b-4eaa-976c-a50a9c8ac95c,VISA,02e4bfbc-2d95-4b3b-9186-9ae661aac07f
e94ae009-5225-4d5a-840e-8879b8cf1580,VISA,9349811c-5c65-4b29-a87c-6c71084f7371
157635d0-fff8-41c3-951b-865e08a45d2e,Discover,f29e242f-98ad-464c-9bba-05dc74eb8610
d35808f3-cee2-4f38-86a2-942a5e7c9d50,AmEx,7920a35d-fa72-40f5-b8c3-79b0bf994e2a
47b15e15-2f7c-4f00-a38e-517ecfc2029a,PayPal,f650c3b5-4026-44f6-91ef-a91fb3f96675
ee61ffab-3dfe-4bcd-9b27-24a341a6fd50,VISA,eff9e3fc-9bf4-430d-8686-169c7515f77d
7878791b-9b65-409f-be4e-3f42849d49ef,VISA,26f724ad-1d5c-481f-9350-822c8c0131f3
00a85010-3cff-4105-a56a-4f69cbe5e164,AmEx,cae93bc7-b38e-440e-aaf8-1b6aa869be51
19cc6635-ef5f-4396-bdfa-8f8443208354,MC,89f95c43-c6f1-4c90-9f91-dc0c17a78ea6
fd6310bc-059c-4f93-8335-e4d3769821b1,AmEx,97f3f088-f29b-47a9-a268-929960fa92b3
4afd42fb-5792-43ee-a8ba-fa58716262a0,PayPal,35ac6751-bdeb-4dcb-a1da-4ea0dad3ea67
09a0b0a9-19e0-48fa-b385-365453546af1,Discover,423b9a5a-dad9-4aff-a8db-81355293fee3
ef5f3718-ef52-45b5-9cc7-20f4b5399abe,MC,fa41f360-b09f-4201-8f6e-0afd444111be
14258777-4a87-41d1-951c-bfafb18c5e26,VISA,1bd78470-1631-4301-ae72-72bf22b7c1f5
68a6b3a2-4299-455d-b945-92fc2a63dd8a,MC,507909df-2fab-4656-ba01-f77a6965b461
6de6ca09-8de3-4dcf-9c1a-bbf711514b5f,Discover,52b2d786-2bb8-4f5b-8bea-05077c4483c0
87714a49-67ec-47c8-bb4c-6eaa4fcf91be,PayPal,159cfc0b-dec3-4196-8b53-c13b69e5fb31
44c33451-553b-4f33-972e-b0b71131c0d4,VISA,7098e3be-ffc2-4696-bcdf-0360eb8e8446
71944e03-5cfe-42d4-a715-570234d72931,MC,cd34f11e-7325-4db7-ba02-a5de05c2aa38
983d1043-1d33-499b-9701-3d9afcdef582,AmEx,6be884e6-7aaa-4360-9abd-fd546a7e9d9f
4b4442e2-3e07-4540-9434-f96c2a2aa2d8,Discover,a2a06a38-6eec-49e7-ab65-d52496cfdd11
cd004843-65f6-408d-b163-b8774d636223,VISA,a8fcbb4a-d7a0-4fe6-ad62-7c8c123bbcec
2c7860b3-9b28-4077-9d15-48ef32d02719,PayPal,b24cce5a-d8ad-4c13-b1cc-0dbfbd34012b
a84df703-387b-4c56-9c21-9931d5d87084,PayPal,70e9f77e-396a-4dab-9c20-b709dc3ec24d
0d8c451e-3412-4959-8410-ae01305c65ba,VISA,582ba4d0-faf9-4f53-8997-f2249f0c310a
910d13f9-227d-45ca-ba76-b360b5d18117,AmEx,5dd43ae5-9922-4114-9dee-23f824b80a8b
3cdd2378-fa5b-437a-ac7e-f86ab90b3176,Discover,be9258a7-dcf8-42b5-8b5b-6896a8450d13
968aa2a2-ed23-4ae9-88d8-47046db614ba,MC,fe0995ac-aeb5-4a53-84ae-de488c277df9
caf13f17-87ef-4b4f-8d7e-c96f1ec22c24,AmEx,abdf2e53-e780-4974-b232-1eb503ffbeed
45c51234-4586-4f26-a5e8-d3887f9e4a76,AmEx,a4e5a509-f76a-46aa-ad74-9d5678790ab8
ecd28e38-f2c4-4449-a3e4-d8e0f739e8c2,MC,f8e849cc-815f-4aac-aad2-b22f321e5414
e7691e34-c9d1-461c-9052-17e06308c115,MC,bc7ac22a-e80a-4227-8a0e-0a142f7c17a8
cbc5b074-c2c1-4f8a-8ae3-d85c1fb6c161,MC,6c3a6090-a3b7-4780-9d72-b247e92351b2
87ddb221-e128-48bf-b953-be0386c43add,PayPal,120966fd-c864-4bd3-bb19-2431911d701e
cb08cd34-bdba-4b1a-941a-4adccea349ca,VISA,f9b36ce4-4e6f-4923-a042-3b8626d9ca4f
7b239b3a-f3f6-4140-8186-2a41ee75db7c,PayPal,33e254ad-5209-422e-bd23-f615c0c5c87f
72239a0f-178e-4b4c-bf66-d4f83fce14db,MC,35518b3d-31c7-4420-bf8d-9518677c6ea6
cd59d897-41a7-4d98-90f7-2e476333d560,VISA,1d4d3ce8-c0cc-4a4b-bfab-143067d1c750
bf4d425c-0a34-422e-8a00-211289912cc6,VISA,8b598524-1952-4d89-933f-cc8778f7dd59
2deb7328-8927-4405-81a3-d17300147d00,Discover,9c462a6a-d799-46b9-bf78-68a8f293f726
3ac7f406-df96-430f-b8e0-a105642e7eb4,MC,3e18661a-3e96-4c2e-bfb4-17b9605d17d5
80050919-738d-4bcc-8087-3ce67a3c3113,VISA,25839a55-adb5-4c1f-82db-1f05ee4a5539
7efb00b5-6e12-42dc-bbff-9ccd4d2b8e49,PayPal,0bfce4ac-81c5-49a6-891b-c49d7b93aa1f
db8e80f8-25c2-4e8c-bb9f-27bc150ac777,MC,d42eeeb3-779d-494f-a463-822fe573bd96
4445eabd-dfb5-428b-bb7f-4258121a630e,AmEx,3a9d9d68-9278-45c2-9d7c-f1b4454d2053
ebef56dc-5c5c-4261-aeaa-ceb849b4d88c,VISA,6b6bed43-761e-4f2d-93f0-8db91e0fc2fb
3c3c3103-4498-4725-81d9-50d9c861ef9b,Discover,ec3111aa-c4bd-4f97-b16d-504708994382
1b04beb1-2fe1-499f-9ddb-65eb7f4ec0bb,Discover,e3e1402c-32ac-44aa-8933-5043ffbcc5f8
0ed6e450-0bfa-44ba-a76c-a2a23ab08e68,MC,99d5a653-b904-4a4b-92f7-2adfdf210fa0
1e400fd1-dee0-4174-aea3-ce9772b72acd,MC,f4239e55-6fbf-444e-b040-abea1a1110fe
6a920465-66b4-4570-b5dd-9b196f3a5965,MC,92409f01-cffd-4a9f-89b6-ed8d42f35ff3
261d6284-f196-4222-be22-35f2b43879d3,VISA,6746dab3-cc90-40db-945f-bdaf38fb9412
64f99649-0b9b-4456-88fb-78082c822d44,AmEx,f39fbb0b-7ffa-4839-8a37-0b09f9fddece
dd6a099e-6c8c-49e1-a22c-c90924c6f302,PayPal,36294470-86c1-452c-9e10-16923e4583da
dcd2838c-5f9e-47b0-9732-dab336c1cd3b,Discover,41e7fb3f-dd3a-4cc5-a63f-ce1e597e52a3
3b0adb1d-9871-497e-b3d2-6a71b26ad680,MC,08965829-b4af-4423-b3f0-7ee8bead2f8f
6895c0ba-daa6-434d-ba64-2f653924dfe2,MC,38a47f76-ad4f-4cc3-891a-e967d7b21b9c
79134e71-89b4-466f-b1c9-bcb614f42c16,VISA,0206bb12-e78e-4c10-8870-c9ab305ae20d
a9ab708c-76fe-44db-b876-911c1bda9ad4,Discover,71e41dff-d48d-4794-85b9-dba090272aeb
41759eaf-ac0a-46b5-adf4-101bcddd09f7,VISA,8e10c18c-5435-4b75-ad6d-232ab703ad12
5f02e8c1-d4ce-468c-9931-aeae29bf3d88,VISA,15343020-2b3b-4ee9-b825-e23a73df7bac
34d66209-5695-4e34-af05-81f1f8790358,PayPal,9b6eb053-b2be-4abc-afbf-f02e05b2504b
dfa26d31-580f-4175-b83b-27d3188005cd,Discover,8ef78def-d5da-4556-a354-0577e90e8f82
15d29ea1-239d-4458-96c0-338e3770b1ee,VISA,aca8bbe7-8580-46c7-a4d5-3fd8f3c95339
8f4bad6d-d39a-4712-8d3a-0b66fb7309d7,Discover,70c72f0f-f3de-4c9a-ad82-795db58ef8f6
cf8fc50e-d401-46f0-8a70-8265a9359feb,VISA,ea20be76-e7c1-45c6-89f5-1f540750c4cb
6a27031b-6c18-4d86-ba73-8f5ed452b221,AmEx,dce1bb41-ecbe-4e3d-b6de-6fa81e8deec7
53ab0b3c-5eda-4763-a657-7b55337b0107,VISA,0b803374-a7d0-467f-83b7-c96d86d5f182
af41bc76-555e-43d4-94b0-216867629fa3,Discover,3c583817-a119-44a4-a941-3414c579c970
b1dfc0ab-4014-4255-a2a2-de719c6eeac1,PayPal,2243fe58-8388-441b-aec4-bfebfb264ae0
a1c371fc-daf6-4e80-9d62-efdffbf7a06b,VISA,182782b6-a0be-473b-8881-1e121f8b3ede
2000dac2-234d-4ee7-bb9b-787bb1c52365,VISA,45d8ecdd-3568-4937-9161-46b6e71e3679
992a593a-0fab-4833-aace-3546da7eeb59,VISA,041782e0-9191-437b-9a07-a5db4c471c05
e156c02c-3c61-4a8f-8d0e-fa8052dd805c,MC,30782a54-1299-4d51-bc6d-202edb224ec8
3192ec63-ff6d-4068-999f-60ba7c7ad741,MC,0c870b34-307b-45d8-9d75-7abd7de9f82d
65242e42-f996-438f-bb83-15cef9a2fbe5,MC,f0307e3f-ce26-48d7-a617-ea399b8bf787
8ec7e167-1e9a-4ded-ad8c-a982a9293aea,VISA,ae8a4e61-d9ad-48d1-99bd-ec5b57e6fbf4
55f999b3-8566-4e9e-b8b4-f5c7f736360a,VISA,c881ec67-f7fd-4e4c-8ea4-6be7305601b4
f1b25b30-410e-4a16-9a45-04db9d664c98,MC,166bf313-2dbb-4c1c-bf3a-8403104e8cce
8e7ce149-d1ec-44f3-a8bd-1f3e62bffb89,VISA,3e301dc8-b31f-4521-af15-d8cc340a3e7d
ac474719-b769-47ad-95cf-a8863e016353,VISA,430b8eef-d62a-486f-a024-e5ffcb1f6f13
c6b6109f-80f8-4003-b1bf-7a8090c3e2c8,PayPal,e10300e3-5154-4363-bb1f-20cacfbd8601
fcf64366-bd4f-481e-aba9-dd424b38735a,MC,2fdcc42d-d65c-49e9-98a6-da120a1145d1
ffa57ad4-f71d-4ffe-90e4-8938fb7e25dc,AmEx,205b62ef-46a6-433c-a9e9-dbf5044b66b6
4b420ba1-cfe6-419a-a05b-625898b22a95,Discover,ca68a283-877c-4069-b0c4-a68da4d1a392
c535e90b-9469-4a0b-a1cb-dac82d0358f4,MC,4fd9f485-46d8-47e8-a8b9-3f8e1c8894f4
1878352c-3a4a-46c5-98fd-60e581626b84,VISA,9a2181b2-0831-4d4f-aac1-0c8ef3ac8074
24a6bda5-b140-424e-b5c8-9527b8cec58d,VISA,44f2fb58-3e18-441d-845c-1e3dfc94b39d
c30d6763-fc42-461e-8e18-b4169a10c1e6,AmEx,a8c4c7f1-926d-4e32-99b0-6069c41a2ddf
5df94754-0e63-4357-a9f5-2813d37a831d,AmEx,2ff1b27e-a4dc-40b8-bc1b-d1ad5b2a0173
22286065-b319-4532-8e28-047f08986555,AmEx,26f7bc51-4b9f-47b9-8894-a98e5d955558
87a8d577-f9ba-4987-a600-d81ff819524d,VISA,a20c6a89-111c-450d-90d3-71dc33b97ea9
e98e514b-6c96-406f-a7df-2feddd16afde,MC,3d77828b-bff7-4f89-8ce2-0bfe94f8823d
f84cec3a-d669-49d8-8f68-0e262dbe6dcc,VISA,117a84fc-c95c-44c5-abaa-7d3fc0a845c9
4036098c-ec89-487c-9341-62d5ab8359c0,VISA,0b1c220d-64da-413f-a258-0c0e60c66b62
3664a295-1ced-45b4-921d-79e52ca2636a,Discover,9a403670-6303-4136-b77b-3d5be24b12b6
ab689270-f18a-49e1-ac9e-a0710e4cc440,MC,7b2f55bc-4441-4af3-ae58-94644fc91950
52032568-debb-4c92-b322-c185f6759b79,MC,d8459cbd-59cf-49d1-a03c-da5ac587b5c0
a32afe1b-9925-4998-aad2-3962e82c49c5,MC,6c25e4aa-519f-4dab-bc4d-07bd4bc2acda
e4b4840b-f07b-4722-9e54-19ca1ddac972,MC,ff7e0085-7066-4bc8-9758-09144d6cefb5
f1ad6521-ec00-4f2f-ac76-bb1247153166,VISA,696144ea-9115-4c1d-8c92-def5079adba6
905c3ec0-5f54-4a10-8f9d-8d6bb8401188,PayPal,f78550f5-538a-4ef3-bf0b-d04d2574a982
55ee29bc-6203-4d24-890c-2eb8988c5bde,MC,6f52cbd9-7c11-465e-aa1b-801253803142
1533689b-a0f6-42e0-b927-901b8786198a,VISA,a22bbe88-4d4d-4ea3-968b-9f8e62fef2c6
c1248cef-c37e-401e-bb1c-54f89af3691f,MC,719316cd-32a5-4fe6-bbf2-ab82d7c6fb0b
ba1491ef-66db-4a4f-804f-71ecd1d300b4,VISA,ab660808-2cd9-4544-af03-c995781b05e4
411fe99f-49a9-4b9a-864e-409ef663778e,MC,c6d361f0-5fb6-4172-b3b8-f5affa81c7fa
646e0704-2f84-4e67-aa21-c83a64d18a1e,VISA,19037ebe-cef5-4c20-9dd8-f309fb7062be
f4899a0a-d0ca-4442-a786-56af6d88871a,MC,afdb2504-9f02-4af8-b81c-e5099be65003
469ce922-b04c-4b6f-8c8d-dd12b51c5abb,Discover,573aae9e-27d1-4360-860c-8465c9685572
47fb00d1-8de5-44b4-a4ac-e15024c6ed3e,AmEx,39415823-1e21-444a-9fa3-97f4ee22c4b5
8e34c4b0-2ab6-49f3-af9a-78f54c0908eb,AmEx,51bfa85a-d6eb-41aa-b610-6a18ed909fab
950ab509-f2c4-4ed0-9666-5e9632ee4eb2,PayPal,0a87d76d-4a72-499d-bada-fc83f39aba93
b97f26fb-1578-4fbe-b2cc-af4cb8b1e15e,MC,9a3c8e42-0b27-47d3-a16a-392f5eb50f2a
7cdacc4c-3132-4b6a-8ea9-0fda818c06f8,MC,942b93d7-419c-4eff-82fc-592f3f7ad85a
c5d0aae3-27ba-456a-9665-6a881c4cad08,AmEx,9583d9a7-b69c-4b89-bd5d-41d0d30f420c
a8348546-2290-4233-bccb-408514624962,AmEx,35ab40c1-a841-44e2-be19-a46e4803452b
194b90d5-4877-4d5b-98f0-ab311815aae9,VISA,6d584405-cfc0-49b0-a6cf-0acbf1beccb8
7fdc7002-8b60-45f4-ab11-72bf6ba8307a,MC,6240ce12-2658-4e61-b314-a6fbe8c956a1
72841ebd-e941-4b6d-a941-b9a0f15f2c02,AmEx,d85d75ca-60bd-4bb0-9cb1-c47ea807e66b
65d86293-2a82-4ff6-b007-5e2fefbd1e36,MC,8a9bf2c9-8b63-4c32-903f-33418e93f15a
c7fbe813-40b9-4e8c-89a3-f276366686c3,AmEx,c3302edf-256a-4b74-ba53-0117c7eb5aad
3faace13-c96a-4e87-b1b8-a7d83652afe0,PayPal,898c8578-8c3b-45a9-82ff-0f811df14ea9
9388fbc0-c83a-4b9e-a016-46517eb5d711,PayPal,1c5ae302-a1e2-4a99-a1db-e18c466af33d
e97fe707-96f8-47aa-b00a-99a9a4e3c914,Discover,840437a8-286a-4eb2-990b-6600a187e4fe
adec7889-afde-487f-b378-86680b51457e,MC,8629850a-781a-45b8-9eb4-669df6974f00
385074f9-40dc-4a73-a6d3-1e514f2afe40,Discover,975bce44-b0ab-4f01-b26a-fb029f057c7c
463fcf09-86e8-47a5-9087-8457448c18dd,MC,85d398aa-eeb5-47b3-9b47-576d707e6567
565606fc-c59e-44a6-9891-daacf970ddf8,MC,672bd376-a09f-4087-8f78-677fc791049e
f84ed945-7521-48c7-9aa2-61b4301064b2,Discover,b0f295c2-f141-4180-b8c1-e6ecd409c08b
0ce21c9e-f98a-4de2-ac6c-d979f2f0a4b4,AmEx,196a057a-f8d1-4d3d-af0b-9e2482a77f3d
790ab5f7-e814-4469-b6a5-fdc871c1ddc9,MC,4477850d-3eb8-4685-bd70-fdb9194f341e
018b3a90-e24e-47a1-bf6d-f05f7d46fd0a,VISA,e36cd4a4-0ab9-4598-8f1d-9cf8d324ba35
0e4ee675-9694-41a7-aea4-9914b65817bc,MC,854c2bec-e142-47f5-b5cf-0eca5fb6bc5d
153c41ed-02df-4ef6-b7c5-f2523a9c2b08,MC,cddda2ff-52fb-4b70-958d-1beb3f7a82f9
7188c875-2712-40cb-965c-c0b52ebd430a,AmEx,35c67802-4f81-47f0-a993-a8e4d26abef2
0f7f3ece-e7ca-4bff-af77-6ac497b48800,VISA,5028e863-8769-4711-9d0f-47b4c7b9a0ec
593c3823-741e-432b-9c51-3ff4964f59ab,MC,b7750919-634a-4b69-a6ba-71afd060048a
a9315346-a6ed-4ef4-b8f0-3e3783feb2b2,MC,272c6edf-0814-4a3c-97ac-c8861b2a3908
f8163491-f2dc-4f97-afab-5c5362140633,VISA,2da240f5-43dc-45d4-9465-3fe0eaed830f
41efc355-d321-4cc0-8e4a-69f157c9e5dc,VISA,92cf84b2-502b-44bc-8e10-4ca515c1d753
bbb9b2f9-1adc-4872-b36e-d31a8094fc72,VISA,7cedd5cf-59d3-46bc-8011-95448a7d9f19
509199ab-e16c-4613-8d21-b6d861540530,VISA,1f63435a-77b9-489d-a106-2df4d1140af3
b406a9a5-0124-4ddd-897d-4ec1bc475c09,MC,a46a4e8c-8177-4632-956c-74919c29409b
d537aae2-12cf-4fcd-93f9-518da306a5fb,VISA,81cae8e8-14dd-4ea2-8938-08c14d50faa0
93fce0b6-a5f2-4f3f-9fe3-a0b1066efd57,PayPal,51d440d5-9bc9-4a7f-a8ec-3b5a8999581c
0c5b020e-61ce-4149-97e9-56e689bdb0a0,MC,8dcf9e3d-3849-422d-9e40-0808709507f6
addede19-bab6-46eb-b97d-4a610a873350,MC,b444b562-7ff5-4b8a-a29c-c1d275e37f54
67af8271-8d93-40c9-aa48-d213e960e1bb,AmEx,c149afe7-afdc-47d3-ac8a-e5155f0137c9
7da419ba-68d5-4ce2-a46f-ba7bb1ec35a9,VISA,457a1ef4-5212-4a5d-a96a-9a557ad0bc2e
2f7d00a7-5164-4914-8f5e-1c26f6ad0a8f,VISA,e98dd42d-637a-4ac5-a916-60545b2ba8c8
84ffbb9f-7960-4bd2-8cf9-4c9f593be907,AmEx,6bfffcc0-fcdb-4e89-b052-94649ef7502e
8a58484c-4207-4d63-9250-334103cfb806,VISA,6c6b6858-80a5-4a16-ab23-c13193713fd9
1849fe45-c721-4dd9-8e38-2ede90d37eb2,Discover,32296e35-9a43-4488-8541-e508c712f117
d22c50ce-5d4a-4c91-b4b8-dcc033d0e5bd,MC,99007282-3814-4fc3-8c3b-14a9bd99b1b5
30b77dfc-a852-4e38-8027-90bba320b8c8,MC,221d13a8-b115-40ce-aef6-1f26388616fb
a9881be7-a854-41f3-a9af-a9855bd33864,VISA,e4834586-2514-4770-bff9-bc6146ab5f46
78e4282f-4a11-48b6-bc00-28f8f1b9e7a8,VISA,da73ca7d-8e59-4bae-8da3-fe6ce9897bba
de6fc6d6-844e-493f-b0bb-b77769f13667,MC,95314627-c366-4f45-acdf-53a424bd8b96
12901737-6df5-47e2-a249-218780c19f09,PayPal,ea10b655-1d3b-48ea-92ec-7d61b7d05bda
10e4ea47-d7e8-490c-94e8-3a1adbddf02b,AmEx,8732fc1e-4643-4f05-b59f-a73d4d736001
e441f20e-45a6-4a73-b4bf-1294af30e2f5,VISA,ca959d49-5293-4a4b-ad07-c66407e09ace
0ff21f3d-b094-412e-8209-cfb1b8f51ac3,PayPal,961a0038-b856-46aa-b37a-0c96a7be659d
95a42cb1-a7b7-460b-b572-0b7876b507ba,VISA,8d9fc026-7134-4889-a89b-5310fb802879
217d0fe8-2d8c-45bf-a782-bbc0c8232e7c,MC,53385ace-7191-420b-b96c-480339dbea6e
7bbd092b-b4c4-4942-8088-341b3a6e77e7,MC,bfcc4d63-f871-44ea-9e83-36ed353babe6
986ce46b-cb06-4917-8e99-4f41f013b11a,VISA,113f2f54-e892-4f6b-8727-33f1802209c2
bdd17dfb-d7b6-4aa0-b965-443ee72a7dc0,AmEx,0d53afcc-316a-4d00-9d91-16a4a6b0d1ae
a52f0d6f-41c0-47d3-a28e-29c14f5243e7,AmEx,5506a907-c431-43b3-af7e-b5896c37d0e5
1ad1caf3-436d-4311-89e3-2e09f6b62c90,VISA,844cc89a-6876-4c8c-8851-dc1ecb9cb84a
30a502d0-d73d-4bec-a8d4-8822c8b22f5f,VISA,63f8ec01-6c80-4df5-b5c2-b8663185306b
b9380f5b-e498-4423-8d3d-dad8b707f851,AmEx,79e21dba-9cfc-48b4-95c6-071484769bf5
ffb0f99c-8b2f-4b1f-8708-b067e43362a8,VISA,0593f03a-26b3-43ad-9787-4ae79c67e0d7
56720e3f-a00a-40ab-92bc-626447cf39c2,VISA,ab541088-2b0d-4784-8f99-588fee30f08c
ea373ba8-d1ac-49cc-a195-7210eccc021d,AmEx,4e83c763-d20b-428c-b3a5-3b6dabb8e23b
c642822e-b044-4c97-b162-66e5be8801f5,AmEx,1e581c17-f811-46bf-89d3-6e2f13c27932
4b34808d-732f-457c-b0b3-5ca619391131,VISA,b03b4031-5b74-41b1-80ca-2eb679597866
54fdd0b8-192d-48e9-af09-35791adfde60,MC,1da4ac94-125d-47be-ab05-c7b022544c97
7ce313ed-bd71-4e9e-a926-3fd781bd93e0,AmEx,de063afb-172d-4ccc-a6ad-9ab1ec389e83
2867fca0-b21c-4797-ac0c-0658d10c72b6,VISA,01fc8080-a9e9-4d1e-8537-372cdea9209c
50ef9834-1af7-4a7b-b308-2dd6c0c79362,VISA,a1e6185d-bc24-4b54-b884-f84690d8f099
294fa05a-fc82-476f-921d-c2db64022a7e,PayPal,85b5a5a7-ad06-4db6-8b95-9fe3a2dc0cdc
61d0d603-59bd-41a3-b9ee-9d2a9ef83356,VISA,815a791d-2a6d-40df-ab20-42a4d0ad21e5
5ca5abef-fe01-42ba-b2c7-9255dfe0b084,VISA,07dda738-d62e-4cba-994c-a36490e82e3a
8e1f3480-af0e-4a45-b418-4c97453d581e,AmEx,13790fdb-5344-467d-a447-b815bbeccdff
2417630c-dc17-4778-994a-b69dd0aba95c,MC,4e7757ae-d29b-4a3f-8b29-f59cf04ee8d3
91773931-9171-4082-812c-d5b637e0bd6b,AmEx,5dd2a11f-5903-46b5-878e-bb38c4f8e389
9c6b6a87-f3c3-4fa7-b152-1f4cceadcf3c,MC,8516fd87-98cb-4c98-8778-041c265a6be9
e0b5daf8-e59b-4566-b328-7132c2ca0a4c,Discover,b585d8fe-0719-4259-9414-2486ac6adc34
faaeac23-efab-43b9-9b4c-b5a80d79afca,AmEx,97a09549-53f4-426c-b00a-47330215dba1
922da1f8-0428-40a7-b8fd-5f9cbe9a06b4,MC,e795fd2c-346b-4952-80c5-9e505a7ef21c
fd014a9e-6d53-4644-a2aa-959478dd68b8,VISA,9d436d19-001a-490f-9920-1d7482743370
28cbf3d7-cf7a-476a-b18d-089fc07d4b3a,AmEx,5cb74699-33e9-4923-90e5-648e6eb2fef9
45b7beee-a7ea-4b4e-8881-7cb5f227155e,Discover,f0ec1a17-14c6-4a38-9e0d-6ce7ee7227b4
a882a1ec-239e-44c2-af84-bc0f93a82670,VISA,14a6a191-f508-4e0d-bf52-c9876d55b866
e1bd427e-147d-4f86-b8f4-9905d054bcec,VISA,7e8a416c-6cec-45f9-aff3-ca01329b1c55
ce5efa75-4c97-4120-9dc3-e3ed7c1b66e0,VISA,ec93f274-2a96-45cb-94a3-c4c6ae31c231
53d8ab8d-23bb-4579-a8e7-9121e6740b9b,VISA,484c9c60-5e7b-4a61-8cac-bc25bc0dfbbb
6f51e016-47fc-4570-a778-0aebb19bc1a8,PayPal,865261c1-6bee-47fb-97df-a46d961661a9
d82509a5-a78a-4c2e-9bc3-8bccf8f8fb56,VISA,42af4078-e2b2-47b2-88d3-287b0e393f9c
0bf47e34-fafd-48f4-9b1c-e304e0ee6d48,AmEx,a792b520-9c21-4e14-b50b-bbcbc424e985
24159572-1096-4436-bdec-688fb001e012,MC,b1ba93a2-9f95-42aa-9e04-814dc2b87a57
39f62e35-01c0-4e05-ab4b-bbbdc6914872,MC,ec78bcfb-2eaf-438a-8d8c-9180160a044a
2ab02c02-228a-43b7-9d55-510476f5053a,VISA,84e2dbe8-5a5c-48e4-8368-7416cc8f2333
5e6c795b-745b-4092-9be1-0d8fc71bb060,VISA,2375e51b-a009-4196-a328-6be36078e14c
5bb95107-8317-4e4f-a46a-c7de58657424,VISA,003983d8-798a-4f1a-abf0-026495bbf25f
b4876b04-2ad0-4aa7-8491-495d34213fc1,VISA,34438952-5957-4843-8d27-5d1d4e39dd79
aaf0693f-3c17-43d9-9baa-17edfb898417,MC,09e66a7e-9598-46d8-aede-b12202c2afad
016e6c21-e40c-48f3-b24b-18fee5b2f359,VISA,874b8521-2b47-4e89-8353-cc4c88e021b6
748719c9-a1d9-4500-ba25-ca28985f24dd,MC,f4bd77bc-e2c7-46ef-8aaf-0243bb16cf5a
a587f96e-f373-469d-a749-930690fadb76,VISA,7e126442-ae94-45cd-a3a4-0665c2f689c3
69e2f7df-1202-4110-97d8-b0ed00e712c5,AmEx,3d0bcb4a-31b6-4a7b-b2cc-9c63fb5e679c
d00b0735-ee99-48f5-9ebe-463289948357,VISA,2940ba62-ad0e-48c1-bd3b-8963996b31ba
1b72763e-3776-429f-9840-c653854b97cb,VISA,a5f4fa48-2a4b-49e1-98d4-7d04d31fd5cb
7661a4d1-0331-4257-b08a-12d6351dbcb1,VISA,d8a238a7-3e9d-45d2-8215-3e74241cd083
d940023b-deb8-4a78-9752-64eda79754ff,MC,da6e5a7b-8c8c-458e-83ce-1648ca26fef4
a9e08d5f-affe-426d-b4a3-425f45e1d307,Discover,4d8ed809-6fe6-40a7-8067-16f2be14edd8
1f566028-da5d-4378-a383-6e6febb0a5d3,PayPal,f7d4253d-4e92-4481-a748-354e1f0d1dc5
6f537c96-0e37-489c-b64c-64177188c474,PayPal,6107c8ea-5673-4652-9548-93118538f96b
86a59b10-a2da-42f4-abb0-872dcd06045d,MC,ea6c8e94-c9a7-46ee-a4e3-34634550ef72
45f3d388-15ed-441a-bd9a-cbdabdcaf9fe,VISA,879d27c7-b9ae-484c-b3ca-f15afea7c41b
6685fba2-340f-4eba-bc48-22ad48d1cd98,VISA,45a1222e-2a46-4ea2-b567-ecdba7712b84
e30f0a88-bd26-45f3-b396-4a2e006447a9,MC,17f195fb-d1ed-4f3e-852d-c5b031e7fe07
1eb36396-a4e5-488c-a4d2-43c74b8f9357,VISA,1fc58e54-09a8-43e9-8cc2-42b467f5983f
2accaa38-6dfc-4c30-84e4-82a594f33c1a,MC,83d7a2c0-284e-473d-9fc9-606f6de73bdd
fc766a8c-1762-46d2-beb1-714bdf1a75a4,Discover,fbf950eb-a3b7-4a69-90ef-3e0460d411a5
25890116-5a0c-4e62-9e2a-767d515c8fd7,VISA,0e4733bc-a461-4828-97c3-f7b513cedd79
1faadcc9-d3c9-4cab-877d-cf9d1f230b9c,VISA,928f73f9-cd37-4074-a48a-24e5e7719d19
59506708-26d8-49ce-b6c8-55992c2147fa,VISA,245d682a-057a-416d-ab17-51199bf530ef
9de2299f-8af6-4bef-8d14-9a8a51d0d394,PayPal,1d11616d-d9ef-41ed-9ff2-2bf07dd2b84e
02b050e0-3585-4f54-89c7-fc2dbd3e0ce5,AmEx,4e8def89-f24a-4d15-88e5-935d13f40fb1
2a7a8327-50c2-46f7-91b1-5ec6be85bd5b,MC,776148b3-76e4-4f00-b231-22be60a66575
0fd55d3e-2617-416b-8a25-b8439d5e0f39,VISA,cac9d372-8b99-459d-84de-66f13dcc304b
57d8707a-f9a4-4448-90a1-b455ff978910,VISA,c1701cbd-d39c-4ee5-ae11-52faa451fec4
861826cf-3d26-4449-991d-2232f77e63d1,AmEx,c65a92ab-62af-4efa-bdd7-304541da14b8
398c6155-ef01-4679-901c-5e5e25c11cea,AmEx,8bff7797-6c7c-4809-b6e5-94bfa34087c6
7830d901-2329-4abb-a41f-a9b239952004,Discover,1c78267b-9a51-47cd-99aa-6ecca4ae53c8
c84eeffb-6921-4c85-8211-ccbbc54812e0,PayPal,7a5e93ee-21f7-4039-98b4-1a72ade53ec9
76c3b3f7-9092-4d6b-8217-fa8f3e33b1f4,PayPal,3c27b6df-8460-4ce4-80cb-a9c1c5b1f3d1
31c25d7d-da77-4cb2-b90a-1ce434557ef7,PayPal,72103426-9683-40f1-bb3d-4e2b1e0c4f5f
0899f6d7-fb01-439b-b014-91baedbd1ae8,MC,b7f286cb-9d47-4284-84f4-c1102dfd1c88
33735f40-e676-4062-81ce-a3063c8aafdb,VISA,908301c4-c0d4-447e-875c-ed5c293d5770
475069b4-0d13-4df5-973c-93f1ed35de99,AmEx,3e0bd49e-32da-463e-a2ee-5ef53c811e29
f5cdc045-0953-423c-98ae-f52357f4d35e,VISA,690eeeb0-091f-4f92-9ba0-544aaf851128
b1f327bb-07d3-46ac-a214-86b5681b8736,PayPal,67dd35e3-7fca-4af8-ba9f-a9199d19e044
10bcf9bc-2c28-4017-85f1-8bb42be8ac63,VISA,e4677f88-1320-4f07-af2b-f8ed14098e06
9d3b842d-0aa6-4d47-b01f-36222d0b2404,VISA,a3793f35-2f58-4da1-805c-c5b06a35ba0e
eae2ca4f-df55-45c6-9ad6-2ca7fdefb3c7,VISA,c6a42875-6370-4a05-b745-62a5c3d29227
ecf083da-43bb-42d3-9f5e-121d6cf50852,VISA,71c95381-19b5-4c8a-be95-75868bceb0e4
2cc22bb4-4115-4b05-88d2-7138bb1e740f,AmEx,0d4b890a-c236-4be3-a81f-3a36a8a497ca
f4d4cdfb-5f81-4647-9cbb-700b05554c97,VISA,f72649bb-1393-4ad1-9b74-2a2df61a6e50
2afcc785-ee32-4205-8090-a7a5dd2fd279,PayPal,033e9e03-2921-40de-850d-737bd210fd04
ed6aee32-ba29-463f-a2c3-fddd22306e88,MC,6a17fc2d-f919-4e1c-937e-87728db26ee5
6a39f884-85f3-48fe-95bb-ef3a7303ea5c,VISA,abbe5d00-00ea-46f7-8213-9ce074b167a9
711fb5f6-4411-4130-8231-d744ec8b67d6,Discover,03a30f25-5251-44e9-9048-18fc73a3ac15
676fca99-19ed-41fa-afdf-e9ecba1e7a4b,MC,85e6514d-be0c-42ad-a56e-0de9997a23ef
22992b04-9e69-45dd-a134-95f46567f4c6,VISA,e9b83fb5-203c-4ce9-b260-4e1fc13396c9
586c53f6-667b-4d83-9dc2-d45e8b518fc8,MC,d8a31cc0-fc9a-4638-a420-5f08ccd0716f
c939cd50-d4bc-4e22-b44d-48fb56d04c68,VISA,6f79f77a-2412-4428-9b12-2805a4db7148
6b51339f-94ec-40c9-85f6-e41c733d9dd4,VISA,5ad074cc-6638-4c2e-84cb-848ca2dc6628
68ce39fc-df7c-41a8-a43f-4fafb6f28e8e,AmEx,db93ee85-9e67-4482-931f-51fb98ff3a2b
af92103e-d8fa-4ae6-82c2-178e7854e6e0,VISA,b9c6bd6c-85c8-482c-9e82-0defd26e0663
ccc6eba0-8d4a-452b-994c-2da197147bbf,Discover,003aba32-b474-49d5-8214-c90aebc62633
5802fe5f-42b9-459c-a073-8e14da3f99ed,VISA,73260eaa-d6cd-42d6-9a7c-b63542addf81
7c3ba151-0e19-411c-a081-0b5cdd5d466c,VISA,bf07983e-863b-451e-b440-d9d88f958c7d
9f1e4d8f-c346-4e07-84ec-619e5d808e02,Discover,5dbf51e2-638d-49e1-b1cc-b6523d156af1
2e459084-4db6-48da-beab-aaa202428f9e,AmEx,53529c69-e766-437f-944d-89adc60cf34c
3ef14df9-f4b9-43ba-b514-6ef605e7b1dd,VISA,66a2b0ca-6d0f-475c-a5ea-ae0a844b0d70
44163946-00e6-4cd0-873c-d71432b8826a,VISA,63a114a9-b4b0-415f-9adc-cea1ca915d6f
13fbe90f-b700-4ae5-af3c-af0ef626e19e,VISA,366922b8-9c89-4a23-8ef4-ac2426d5c418
2dffaedc-f5df-4c58-88b7-6bb6dadee661,VISA,bdc07399-c4bd-43f2-b0c1-ee306698fb8a
ea3e7ab6-ccf4-4210-8534-876eec0063c2,MC,f341611f-5331-460a-9b53-d090b7d4a8b8
59a17cff-c662-4f38-9d25-238e5344be9d,MC,1f808e2d-296e-4eaa-8dbc-df1611775e51
e8de4d8c-e827-46a1-af78-914e6d57d916,VISA,d49dd441-1805-4441-904e-8f638f1f2b76
e90f6528-22be-412e-a2c7-d81ba2d19df3,VISA,142ac352-132c-4552-9b7c-a64e1fcdf335
9def1d07-a0d1-46fb-a67e-c7448da93491,VISA,7657241f-4e99-4f19-a796-fafcefc05b01
82da9368-90ba-471d-9fcc-935750249245,VISA,85211fe1-2d92-4246-9741-049f7f2c3d05
4acfdcd9-f654-4715-bae9-ac7e1a753296,VISA,30c73b41-f0f7-4086-ba4a-3077202c60d4
4682ba68-36d4-4df2-a877-1daf118a0659,VISA,0193417c-78af-435d-99a7-eb476c3b3e1f
585af3ba-8bf3-4acf-91a7-736b55c64d40,VISA,18a960c4-1d43-4c46-a20b-b428f83b05c8
c31e7631-2399-4719-be4b-815c4d03c471,Discover,d3bce15c-a4bf-4bf1-aa8c-bfa657003eb6
916af511-dd42-4b59-b77a-3eb7f0c9338b,VISA,f01a2a70-a381-4c51-91ab-51c0f99ef4c0
1f5508ec-941f-4528-afcf-1060c0a84d07,MC,0208c6ca-2a14-49a0-ae9e-d6c0f9489f9a
7db50749-d523-4dcf-93c4-1ba8178530d4,MC,62335a03-8ac9-4128-8925-fe8bb4a21ac2
e739d0e5-f09e-4413-8baf-cfd342d4e48c,AmEx,f10b03b4-fde2-49cd-926e-913b0e61cb1c
2edaf011-2da8-46d6-8b38-cf702ef95396,VISA,cb519bd4-7819-4437-b3a9-ac7b907dd974
999de71e-4d36-4d18-a644-b3bf565b8722,AmEx,07b9aeb4-8f80-4410-8ecd-4f790ad152e0
a1e7ed75-696d-4faa-9eb2-35815c4bc75f,MC,35902707-dc5b-4576-8d51-72af4744f71c
4693c895-9df6-48b2-9462-10283d3c605d,MC,915ca787-327c-43a6-a36e-c376624f6a90
cded7d7d-b7cc-47a9-b4b5-c794914de22c,PayPal,0fd106b6-d306-4530-a92b-12eefc470168
5b6b2c21-9402-4bc3-ab6c-8103d97a4bec,MC,98aa5307-594b-422d-98d3-a4a8b9052cf3
b5846767-246b-401c-a445-e01215bd5521,AmEx,25f4a465-c5a3-4084-9b7f-7b6827ae4658
26dbb618-49b2-488e-9159-0d6de097873b,MC,6a48978b-7b58-437c-a825-bb932f473db3
6ba202a1-8dd7-4432-88a8-654c9ef18b08,VISA,df076a4f-2a39-4b7d-915d-bfe88941d83b
d00248de-8f0e-44b5-b6ed-90493d2ce8b0,VISA,76f90d23-bbf4-4cea-b3b9-2fad9708d089
f163f26b-d4d0-4eff-b831-44e0a20ab1ae,MC,fd8ed852-0613-4542-806f-d3465e6955aa
1d1c1847-d408-4fe3-9a46-2905b342e372,Discover,f8cef6e8-88cc-486b-a25f-a866d7fd55d2
8ae051b9-fe87-4be5-b41a-7bb262194fc7,AmEx,3ae59fda-4c11-41d1-9d44-45227b38216d
fd60958a-70cc-41a0-bfd9-11bcc1ad800c,AmEx,f161b378-a2d0-4328-b583-8b02e4419d1f
fcecff44-acfa-44fc-a26e-e21cc103c08f,PayPal,06adf306-9fb4-4f33-b1c6-e2cf1e4fceeb
f6950d57-6bdb-4bfa-ac46-238b939e763b,Discover,cc05032e-28f1-4442-b19a-467e970789c8
5cc605c7-80d9-4b3d-8b49-8a158c2cf068,PayPal,c74625ca-2d09-4d50-a25f-e78ba1d531b9
3bcdba48-94b1-4884-8790-b18f9da96bca,VISA,7af44d53-2dd1-4777-a730-c0de39d56a7e
6bc44c5e-e504-472d-a67d-0761bb442829,VISA,f24eb207-7100-4f8e-8772-a89e81882666
20350c34-7c17-4e4f-bdc3-49acfe27977c,Discover,4ee6f441-f095-4ee6-95ec-58e0f152f701
91cd0a23-5502-4c83-944c-c5faffef7968,MC,8b654986-2d26-4bea-bbbf-8484adaae2d0
9912e7db-5d3e-4940-ae21-6d728b42ee83,VISA,a03c978d-b86c-4a50-b3b0-58205f982b8b
4cc320f2-88f7-4cb5-9b94-bd04507f78a0,PayPal,f14c0afa-257e-47ca-8cca-cda8c5dd9fd1
1b4ad53a-51cc-4970-af33-9d1f828bc97b,VISA,46f1ea67-b6e5-42a3-9896-4144fa72d8fd
d51c58c9-6f43-4db4-9b0b-e0d12b6aa3ba,VISA,d7b46e32-80ce-4953-ada9-bb929dc9c857
d55f4e08-7d3f-4198-956f-a0636279c523,VISA,7849d787-fcf0-4bb8-a68d-be5f93560575
118e2db0-7b0b-4132-a730-c2061dac5196,VISA,ae88d097-a6b0-453f-a894-226b43e5d44e
a7f5d0ea-a048-4d24-a67d-9bb979ad7961,AmEx,ecfffe5d-2b47-4dae-8120-619d17e2924a
f5dae7ac-c320-4be2-9ed1-4af0933ae81d,VISA,0aa99d23-2e63-49e0-9d09-78942e4a2a70
efac5f84-52cc-406e-9659-1ab6051f0712,VISA,85bb7b51-92f2-4ce1-9e91-3e46eeea1a32
45b1e82f-373e-41d1-ad27-741d60ae37ad,VISA,9f1566ac-442e-4ff0-b8f4-343cbe3e4a1f
551a05da-58eb-452a-be7e-1f4dba880e1f,MC,94aef8c2-4985-416b-96b6-49d44a085b1c
9287ff4c-f59d-4b0b-9ec8-2ef4cc0eb890,AmEx,a383e21d-80ed-4975-b1b6-b0dadc4ec9b6
9b2be23c-5fb8-492b-9acb-049004fffec0,VISA,db68335d-28e1-4622-9db7-e35113f635b6
88ab24cd-284f-4c84-b53e-7dcbdb464f73,MC,5e11f844-0886-4e07-a3c6-babf8ac95340
b5bd096c-688b-4876-88af-c2b5ec028824,VISA,35aee47e-6857-415c-8377-95c561cebfd3
8b1640c6-0242-4fcb-8339-69bbb317aa69,AmEx,8d33557b-1c94-4618-b912-e47b0504902a
6f1b834f-e9fa-43b7-8cb9-fed1f8fc9f0f,AmEx,196d7e2e-46f1-49b7-b70a-af7d535ef0f7
0432abd5-bf0e-4a4b-9e7e-19583d878c6a,VISA,d4237f0b-eb8f-4121-ad25-1e18d134f967
51d66490-fec9-491a-90b9-8f04902f03df,MC,bb1bb6ad-5808-431a-b83b-c443008d740d
0886b11f-717d-40a6-b89e-de25c03fcf38,AmEx,eb024967-b283-46fc-9bae-0bd4ab19fa40
050645f3-397a-43a3-9bb9-41b2daf00b48,PayPal,42ef676f-5364-44f6-84bf-3e9c2c76f83e
878d5719-d324-44ae-b822-5b3bf9f5500a,AmEx,947ac85a-7ac7-4b00-af4a-2a460df18b37
c29e67cb-cd55-4530-8c25-37b89f582870,MC,f4d2894a-a9f2-4b29-9cb8-c5fe690b2471
9c9d937d-aa4c-4227-8f7f-85dbf842f8b4,AmEx,b52832c3-d550-4765-abda-a7f3097424d0
533b5889-e300-4c42-8ba4-75739e588226,VISA,80b793c2-fd4c-4042-a0a0-8f96f4c8da3c
7eca1f76-f598-4e1f-a6a5-074f218f2234,MC,2f25cd83-783e-459a-b173-e51b282b4fbf
b7d7aeff-8dc0-4ebf-9fb4-9fb3851d398e,Discover,c4680a05-192e-4ae6-9ed7-506bf5a2216c
55545177-38ed-4588-bbcc-c166f7b7774b,AmEx,5246ae8a-c141-46df-837c-49d0bd52fdd2
87091edf-2c6a-423c-b28c-5dcad9fffa51,VISA,cd176c30-3ac5-42e8-801a-912632fe9b6d
8f39f97e-2363-4ce7-a202-59eefee0d99f,PayPal,a297a21e-d6de-4580-9785-d7429ffec93b
3ada59e6-a1d9-4ff8-96bd-d5ac30630f80,Discover,59445c03-5f7c-4b88-8bf5-e74055d1316b
97a051be-5fe5-476d-b84f-07892caddfd3,MC,e474607f-97bb-40d2-b6f9-b830fd5bfffa
96811b06-fe25-4ebc-8012-88c09a108c3b,VISA,aad7c7f5-0ee3-466e-b376-05a6f7aad2bc
def82295-023f-4a24-ac09-c2edb27d9d2d,MC,df705603-e2e3-434c-bc52-92dda1fd26a7
81f87469-7b98-4c2d-8ca2-8fff5ed18db8,Discover,0702ccc0-1838-4a5d-96d6-f8731fefe7d4
8470bea8-f209-454c-9710-6012d0fb6b40,AmEx,fa7ba117-4801-4c1e-8355-6a05b716d90a
27defb9f-5de1-4878-99bb-8852936de5c9,MC,4ee44f0f-0826-41f0-81b1-1d4a527d336e
69b67761-0c65-4639-ab43-c693c0858d15,MC,7c7cee28-5600-4457-b026-db808f76cdee
b1c048f8-523e-45d3-9552-7e9223551421,VISA,7119031f-241d-428c-8ed9-677b004d4bfb
29d835dc-5997-488b-bc73-c5cf8894843d,AmEx,524edefd-bba0-4314-a073-7fbc0e881a61
804ff4dc-ca54-4ab8-ad37-53f477c07188,AmEx,10597c98-e959-48a1-9229-7de2bdb6f217
5a01a531-f105-4fb7-a220-d9ad093ff5c2,PayPal,bb77c0aa-53b6-4d71-a028-eccce449630a
b8ed8438-7e21-4700-a5cb-ae66b68a50fa,MC,143c2f13-f1f0-4323-8673-d199ae5107ed
bf3ccc09-da76-42eb-9f65-eb37d0b55830,VISA,7f5ec289-e3ba-4c1b-ba5c-949997715ac5
5fdea73e-3483-4436-bbb9-0190b6cba9d9,PayPal,2f61d556-9cbe-48f1-87b9-822e5d54b1f9
c92d3f82-fbb6-45d9-bf53-a065ad609fa4,VISA,904c2c24-6c81-44d5-abec-af735a3cb4f8
ef894bc7-9ab5-4d34-a24b-0d80e2c6e205,VISA,e68dde55-2f9f-4fac-b2b3-a5b67b1ecb8d
bf93f3b5-d546-4a9a-b968-6a0334e95f86,VISA,0b76e047-8e41-4876-95b1-8ae66f63e0a3
bbbb81c7-38fa-4492-96cd-1149830e4c17,AmEx,75691c09-2d8b-4673-b0fc-68a31e03cc8f
53a85488-fedb-4c13-bca3-ee309562ae59,VISA,94c6e0a8-ab92-4c4d-97bb-9733bac26b71
2a22d1f1-7f78-4b17-a543-46ba11cf2e47,VISA,009c343b-f6bc-4d12-bc6b-be4ae9d7fa54
a03127ea-e191-464f-8433-78d66b56df17,MC,bf7d0f31-c008-479f-a688-63074714aa85
044a02e3-06e4-4b79-aea3-f1d06a28f6c5,MC,dad7f8e0-9bbb-44e9-a762-36074b79488b
51616906-1adb-45ab-b9b4-bbdfe26d623c,Discover,0b40d8e3-8445-49cb-8626-21dc048f8ee1
f2d24b3a-63de-47b3-b0ed-9ef3a34dc323,VISA,be2a91cf-04ef-414b-9636-629b874d32af
a81470bd-1ad8-4571-99e2-780e781152b9,MC,25dce73c-7ef7-483c-8250-5e83193df7d7
d1316ac3-6d24-4d74-92ad-272cb75315de,MC,e8a87216-9e4e-4bd7-a7a7-17e25dfd278d
87978690-7d37-44ab-ade0-8823139896f1,VISA,b434538b-4412-4a63-89e3-669b0e865253
c39b2f49-bbcb-4a88-9e6b-62674b843575,VISA,e6534e57-9edf-45e7-a68c-40ee583e2a5b
5cf2f983-82b2-411d-bd49-4c42c1cda96c,PayPal,15d98749-78c7-41d1-95b5-7f6dd0e4aabe
e3af391a-a15d-4172-8850-3e8adad376b5,MC,d8978b25-8494-4051-a638-6beed819d205
50379254-7f41-4149-b701-95b5a46ee295,AmEx,7b125453-066a-48ad-820a-8b3d10e1823e
49713a24-8c05-4940-9425-7baa514deed2,MC,ab95d819-5dcd-4586-94f8-0ab06037dd02
5fd344c4-fa98-42bd-b710-ea2457caa889,VISA,c4d2a34f-7477-4e07-8f20-4c917ee17060
8f667c25-44cb-4aa5-9168-20a7548d2694,PayPal,ec189be5-b0bf-4cc6-b061-4bd2d1f49188
d26f1c60-d7c7-4dfe-ab0c-1e45e8d23c20,VISA,5dd8c86c-9b78-4c8e-b771-5e63372c46e6
4d857154-dcca-442c-83d4-fe5f6b3e3753,AmEx,909f9375-49d6-4602-9f5b-27a4f00ce0e1
937f9cc5-9143-4411-a326-e66eb4e9f07b,VISA,236aa3ea-83ae-481d-9d89-330dd1ec57b7
f0a2bb03-def8-426f-9fad-fcbd93b93c74,MC,3e253690-987f-472b-a939-8010ef193e29
618e9ae4-53b2-427c-84cc-d39d3c568dfb,VISA,811d6826-ae1f-42ad-b2e9-4f7669bdbe2a
6b134681-4936-4614-9c5e-0f1aa67eb7ca,PayPal,ced4292b-55c2-4ab2-af87-6f1029dde8c1
dd802a9d-dd04-43a1-90a8-a57b58a2a383,Discover,bb2e27dd-226c-438b-8130-a828a1628fbd
023045b4-ad3a-49a0-8c12-9ea5e454e289,VISA,9bf71ba2-2891-46f3-a529-fba473fa0061
87e17107-f434-47e5-9813-f77fb777f2b9,VISA,cb3c74f2-dd4c-4325-918b-07f9039ae686
9c4b43e7-7fa6-4e3a-9ae7-d65dd075334d,MC,349a29f6-c602-48df-93fd-64c250b423f5
b004dcc7-e462-429d-a7bf-0eb314b23c91,MC,e460d1b5-12dc-4c20-92e5-8a55f1f2565a
7e898aed-150c-4b8b-870c-47a7ef8482de,MC,4db8988e-61c2-4645-b858-2ebbf5602cfd
06baf62b-fd96-468b-94a3-6e31a2bf0377,MC,306556e3-889a-411d-938c-069205382d0f
dcfe8a42-b9bb-417a-8a55-325108eb2ef4,AmEx,9d88faf9-db11-4193-a51b-a5ad58d3adae
fb866e62-ffa5-48ec-a417-b968d3bcea35,AmEx,6d5ac94b-36f2-4029-a7e2-04a327010d6a
3127eaff-9a4a-425e-bac4-551f15a471ac,MC,ae82e5f9-98ba-4cf3-b263-63ced131309c
ca7b0585-66bd-4c6a-a4b6-1f77d40c2186,VISA,e8e04158-fdb4-4518-9553-cb477aaef9f3
975f2005-6c97-4752-838b-d504d610d712,AmEx,392abd73-638f-4114-a3c8-7249a8adac1b
452b729a-f9bf-47b1-badf-93d57de8f6f7,VISA,96021a78-058e-4f82-bfeb-2225cda10214
920eb22f-8d54-45d3-ae19-1500238874f0,AmEx,a248584a-fe8b-41bd-9de9-7351e557bc66
2a10b4bd-33e4-4036-8882-ae06c52277e2,AmEx,a5574549-f4bc-43ee-8bdd-f98a70260261
b723d7d2-e20c-4e4d-af18-a4d804b86ef0,PayPal,c9d5456f-63a9-408a-b4b2-f4d6d46ca5c9
daa47a43-daa8-400a-9e3c-dbcc54b8f58c,MC,f08231a5-f3b5-4f71-b5f2-430361420016
96f345ff-8c30-4eb2-9601-11873c73416b,VISA,cb78de67-3069-40f6-be62-03905e2712a1
2c5c0bbc-a866-479f-9952-9c2b7a1eb0e6,VISA,f1f4fb89-1af3-400a-a504-eb4811d374d4
7e4d78d0-4cf8-4a65-adba-ada859f01789,AmEx,9a649445-7b72-460e-a806-9c301bb9507c
d5c057e8-7ccf-4dd3-81ea-0e443d8ae14f,Discover,d4763a24-8a68-4e65-b908-23f2591fe1a4
15dc2dca-7f81-429b-8363-28f5c884a3ef,VISA,1bc67edb-cd5d-4161-9cc6-61ba43006b7f
4ae993f2-df68-45a5-962f-486051aab16a,VISA,ff2c0a5c-56e4-4e77-94a5-dabab939b0a9
5fd839df-5e24-44f9-afeb-c76ad2649084,VISA,8c30f519-5c43-4ae6-bb6d-c82b20ab2711
8e64c432-1825-4ce3-ad6d-89a0e44bd2f8,Discover,b09b69d7-487d-4e04-a111-662a026f4909
a8fc189b-a691-4f97-a66b-18ff4f56503b,VISA,86f0300a-447b-4744-8ca8-199232bdae28
1e45dbcb-e414-4f23-a0d9-17c690f8828e,MC,4d2fc022-2797-4f13-9665-ed6ee22a8d1e
e8c7d333-36c7-4675-913c-a6fe25347f68,AmEx,8d972479-5c8c-4bc8-b360-23137ac8eeff
eb6f0d49-a728-447c-9cf7-1a9f9a0cd56e,MC,0df6a720-689c-431b-8be2-b1bf461390fe
06e89d03-4dd9-4e9e-ab8f-41f687e4768c,VISA,ba89630b-844c-457f-acc9-379d993b316a
21f8a9ea-2997-42d0-bab5-b7d0b7053b4e,MC,6c1c61f9-2e03-4c8a-92e6-f0757efed232
99f2d03f-b316-4a21-a85a-92d8bcdbc6b6,AmEx,1ff7136a-8cbb-4cb3-948c-d8ebe483d78b
0645fc5d-2b44-4d04-942c-3e11515d9ee8,MC,8d2e4628-ff3a-47d5-84d8-00720c8b27b8
45c3f451-0816-426e-b0d4-546011ae3af9,AmEx,afb3cf09-ff4d-4b68-8a0d-5b8157ab8a9b
e1e6333b-e989-4f10-9151-3125da6101a3,AmEx,1e83b458-d7f6-44d0-a2a4-85830b978323
70a17691-2d06-4e87-b500-d8b7e5e38a9e,PayPal,e44613ed-f2fa-4fad-a57b-2ecb1610d589
ccf732bf-ce83-4d3b-9ca1-662cfd65dbe7,VISA,3055951b-3b40-4f1f-8879-ad12e75b3a25
eb2ee9b0-fe8e-4c55-97d4-7fb063a0b738,AmEx,dbacab62-9273-42b2-8458-c8265d6a0565
d6da16f6-9602-4482-ae44-ceef24bafac7,VISA,14b89a94-3ef6-4140-a3c7-ee28ad815266
421098db-8c8b-4aa9-b9d8-3b518da28ae3,AmEx,bb11a0c7-bba5-4298-ba5a-67ca9e58615a
489e3825-c24e-46cf-9343-88b828c5d36c,Discover,957fcf50-4b73-4caa-b57f-bca7db322952
6782a57b-f3a7-4525-ab13-a721d3eef2f6,MC,cdf6ee90-e778-4caa-800e-9858c8c54694
a492f9a9-bf84-477d-a875-35c467020657,MC,01c698c1-0c63-4da9-a055-da69af173e84
8a5eec66-370c-4da5-93a2-ad8a85890ec4,VISA,a457b49c-80b0-4a4f-8eec-1f17ad443be5
2201b0ac-63d5-42a3-9ed7-acfd484caaf8,Discover,7143b90d-0e8c-4ba9-903d-237e768e42b3
2e4ef41e-6479-4b08-8f0d-57126d6c3005,MC,a7000576-df7f-4fb0-8441-b4e55ed90459
d74bb6af-b82e-4eeb-be71-b9eab420add5,VISA,d3743ef4-f8af-408a-9d97-0be9cc7bfedd
058ec766-e88f-45e8-9b7c-df216114386c,VISA,6e7f9b15-d919-4f0c-8c98-964b98ff15ed
4137a1f5-accf-4a6b-ba7a-2b3115a1f760,VISA,6c2ab78c-e237-468d-b260-c96dae93d829
47e6b813-5c13-4b53-9d12-a48ae76a7382,VISA,fe3229aa-76a5-46a1-9cf5-d54b4cee696a
689c0dad-472b-47a3-9db3-a16b92f601bf,Discover,d6732008-e6b0-45dd-a28a-3726d072fb13
44665b64-5d66-4247-9f03-421c5ab2b9ee,MC,a0a8860b-145f-4e4b-b469-3ed907d55511
032d78ae-4299-4133-b2be-1494391b1d18,MC,2f685f3a-8b8b-4075-9732-e063fde48fbb
0a05726b-ded3-4b6e-a85a-7f3e5f5744c8,MC,05302260-5e7c-4481-a1aa-2009bea5c3f8
1b61e0c1-e165-4dfe-a822-53f2d1f3bbe2,MC,b67b52e6-b1ef-4a4d-adae-17beb6faeaf4
ccf45e4f-5681-4d75-88ab-75c7ed93ffa3,Discover,ef536971-cb88-4160-a4ea-16d47568c641
a14c2ed8-139c-4ee4-a2a7-b1e26fb51c74,PayPal,5bba1c51-1fc9-454b-9e6a-683263567f54
35be879c-b377-45ff-9e43-bdc96e93ffb9,AmEx,596f747b-4efb-4ea8-a883-5b2cb577737b
8a430b36-0661-4399-ae3e-6a8f0b096830,Discover,bfb3714b-ea63-4d76-af48-e1b1de28fdf4
bb1f955f-d2f4-4575-b59c-47abcb5550d8,AmEx,b5ee7eb7-9e8a-487e-ba18-bddf13492d36
b357a325-4b5f-4e70-9e3a-dff0572c7de7,Discover,d8654f47-e5fb-4ed9-aaf4-7f4ce0d82bdd
8cf6f74a-259b-4d4c-b909-ff7269fbe2e7,VISA,46b4ac50-aa1c-4b21-a138-de2a6af47fea
c645a0e8-cfa2-4bdd-b6b7-5eaeb33db6f0,VISA,cfb88c0e-6321-4401-9748-66d272541221
4421379e-b0fc-4b61-ab5a-6a280298dc9c,PayPal,7ff2c776-d8e1-4ffa-abe3-f479687a83de
3d56e025-4a80-4c9d-b6d9-9170e873e5e1,VISA,841f581b-3491-41e7-b75b-b07054961c71
8b89f401-c073-4265-8cf7-d3d20d18ce93,VISA,0abde8f0-d019-4075-a79e-b91666824208
f63eafb7-9059-4899-935a-2f6f886d93c9,AmEx,2fea895f-2130-48bc-ab2a-3540b3f6dcf7
9593a728-77ef-4923-86aa-7f7128bf0196,Discover,27b34acf-62be-466d-9c64-b79435f64ab3
ef6faad3-39e6-49d5-8396-e7eae17fd930,MC,a525a0bd-05c0-4f6b-b5ed-d9d7908afcf8
d829bc46-296b-4186-babc-619514a9f32c,VISA,0b13d22a-6f74-412c-a5c8-db200904d5d6
36084640-3650-4774-a62b-e37605a34bab,VISA,6e0322fe-2100-41f9-bedb-1c65de7b81b5
8e2a996c-16a7-4c66-aa60-75a65997b623,VISA,3733707f-6b6f-4ea5-a91f-1825fb5be3b3
42cc3a18-549e-4b17-a215-07870d62d572,VISA,323a122d-3fa6-447d-b177-be7d2778f891
fb7c6327-6495-4408-9d21-4a00eb099823,AmEx,b0f18038-c214-42b6-93f7-e8c76849950c
7b7f2f65-fd23-423e-8343-82e885e027b9,VISA,e3fda94f-87d2-43c7-986c-d1f309605fd0
88c15b37-dc33-4657-ad4e-6504a435b57f,PayPal,6e5d8d9f-7aed-4abc-9fb4-bf70e48fc162
f75fb58e-91e2-4bda-855f-643e13cb1daa,PayPal,dc47bd40-b49f-4291-bfa5-64d3281f9997
23014e64-1b61-4589-9b2f-a387e62ca1aa,VISA,6b2560b6-4bd9-4b72-aa62-a2358b5f2589
8b983b5a-7e9b-4912-a4c9-8458d683e68c,VISA,66f015d8-b9a9-4436-b20b-3491fe11541e
e8ff5a68-0400-4dcc-baef-9313afc2da6e,MC,7dfb0ef6-566d-40ec-9817-9eab63dc2ec0
a4cc9057-0d8c-4105-97e6-44b6901cfc9c,VISA,6cbc82a4-cae6-48d8-a013-9b9509101eee
9e2e7bc8-c603-44cf-9e4b-231666d24bc4,VISA,301b7715-f90f-4af0-b1b7-c3a53d9d1fef
009a2f0e-5d77-4ff6-bd0c-c5f9ce325c81,VISA,a082fdb5-50f0-429a-9f13-fd41f34824bb
187b6cd2-5b64-45b2-bc7b-8a0821a150e2,Discover,129dd0bc-3922-4e55-8095-8a8288c2becb
0f19be81-0d10-4184-b741-1772a87b4a16,MC,c2680837-eb88-4d02-8af3-8213310714d6
5304ad21-7f99-4f96-809c-9661b625e160,VISA,183d1a3a-2baf-4790-bd61-d9955bd9496a
86061601-800f-4dbb-8809-4ea3d75acb40,VISA,c9ae2340-49f6-47a9-8b40-c536abcd5f0c
84b87e96-8f92-4f29-bed4-a59e1f06bd74,VISA,13c53e7b-4e5a-48e7-9df5-df3cefeb6c6b
fb94b587-c3f8-4f40-b190-094bfb445527,VISA,9423158f-c5b1-40f9-bc01-045374154b5f
addc1b16-8656-41b4-a9bb-f8d7d18811bf,MC,8b82500c-7536-49e2-b180-a44157609adf
405220ab-c9ec-4d34-a0fc-a95f840776c3,VISA,44cc6ae6-d6d9-4a22-8cbc-52e0775cca24
27ec9342-0043-4309-a83e-b9bfc270c489,VISA,0749afaa-34bd-4c39-aab7-4beb1abf4cb0
a6773c51-8293-46b0-9b18-6c90978ff694,VISA,50fa5df1-c491-47a1-9777-e753ddd0b850
86e45c21-7def-43ea-82d0-faedd39da2e1,AmEx,9ffb3687-1b57-4221-a34f-083fb6419259
3b836090-a6f5-4566-b0fb-9d029955c5c4,VISA,d32f4240-3406-4b60-a48b-efb21ed15a9a
76b1cf5a-e0d2-4b3a-b6b4-c8ffb01ea7d2,VISA,87209597-e8e7-4494-944e-42435bad4ec5
13716c17-6b8d-499f-89f2-954510a2d987,PayPal,bbe05a91-c4d3-4a7e-aec6-2cfb62f21a0a
81116a5f-fd20-4502-a8e4-0dccdfb177d7,Discover,9cca4b92-79a0-42fe-bd26-9a874956f611
58b47206-1f54-4fcc-946d-e2c13bc2da4f,VISA,8a552347-64b9-43a0-8bac-5bbba8bade3e
4601dedc-5e4b-4b9c-bd83-35651a9cd440,VISA,6f402159-06e1-4bca-8a63-d8e4c4d0a569
13c3f844-eb01-4a7a-a3a1-3408c64aadef,VISA,f81bde13-8ab8-484a-8e34-26cef31bdd61
0cb98192-0c4b-4d66-aca3-b72bac0f5333,MC,34eb41cb-1ab1-4659-b60a-a5cdf04c353c
74c63964-9c48-4790-beea-5b4a168f83c1,AmEx,bb0ea6ec-57ac-44e2-88e2-36be7d2f1a7a
f49724a6-afbd-44dd-9237-9c7453cb7bac,AmEx,05b46d8d-f860-4771-8a15-48c494685b7e
43f5b282-7706-4094-bd5e-1b8b314e0957,VISA,11c5a4ea-7262-4823-8465-7a58becb07ae
d5648320-cc04-4033-9eb3-d56acecf66b7,MC,fe4ca04b-e74e-4a9c-9ea6-daae08154eca
f046bd5f-8ca0-40dc-8bba-86c9c3137f91,PayPal,5b51da8f-d83f-4d4c-a1e8-c403d1c69f6a
56e2a80c-8439-49a7-a77a-419142eed191,VISA,f3366889-7219-4ace-ad6c-9b0c71436ef1
9c95c827-4ec9-443d-92da-caaeaa0a3a8a,VISA,1e284c1f-2275-45bb-a0f8-8278cb6879b8
5506427b-15d8-4eb3-82e9-6d71b47f6a55,MC,f88487fe-0a5d-4144-b75b-07a5e737ed21
278192a2-ce58-4b20-aa9b-4d9f979a1e0e,VISA,cb81b3a3-f5f8-45be-8f66-47288814b755
bdcaedd8-12b1-40d4-9657-889f3a69f15a,Discover,a2d12e66-4e09-402f-b7ee-7b83dcdb765e
2310c5d2-cfb7-451c-b0cf-182acca912ce,MC,8fab3ce3-d9f5-4c2f-a43b-00130d57da15
ae63f2a4-e2c4-4835-b12c-61227b4cb2e4,AmEx,1b706885-e853-4513-87f9-0e3449cc10a7
545c7f4e-d2cf-4efc-91e8-23d120d73cf6,Discover,779ef18b-c97c-4be8-b883-07ea31a1041f
8f079579-0eca-4ec3-900c-011508a766da,AmEx,7a5e49b7-72b9-455e-9cad-1578132c2498
c04be768-1aae-4f06-a245-c7b21f022649,VISA,5abddcd8-dbf4-478c-85ee-b4ca37d27326
b0aa4918-2203-4ef2-9346-3ef49d81a279,VISA,78b9dd2a-3a45-414b-a117-900a141dcd4c
525f7355-d4fc-4fb9-9290-4c2558ff4414,Discover,16f3ef70-2ac0-4116-b3db-b2d0f8ac10a5
db043c30-d6ee-49ad-8f09-89811e4dc152,VISA,19dbc880-fc0e-4673-b7a1-a7bc64feb25b
492edda6-ca8c-4ff5-9e2d-b629852e7f99,VISA,cc195f09-1317-4d58-bdc4-754a5a911f58
826f430d-98fc-4f3d-a9d2-f63390c3a866,AmEx,1f4d9aa6-36a6-44ca-bcdd-4ebadff4511c
b2481e61-f1a5-47a8-9019-368f416df024,VISA,ee92fe21-ff4b-438b-813d-c447ceb1660d
1309e359-d085-4875-a55f-42bc2d912115,MC,57fafa7d-ae32-4b48-82b0-b9632e412177
01ba3f87-5e92-48a0-beb1-df900c752546,Discover,5025c58b-cead-4a65-9171-de21868a255c
f3a24b80-9bc9-4c54-a519-c1b0f93c0603,VISA,c6dc4473-9de2-42a1-bc90-76ac01381989
f1f4f35c-a07b-4af9-b797-3a28f33564a3,MC,c8ca3eea-d06a-4f09-9e56-6c527556ed8f
b04ea264-3449-4dfe-bda9-2f315d29cb1a,VISA,cc29784f-26b9-4242-90b8-c8f4c8f092f6
297e7360-d01d-4f9c-8775-42350ce9be07,MC,dbf275c4-560a-465a-b261-b3d2c5df0680
28b4592b-a299-4be1-a2ee-468b8de9f221,VISA,2e38c61f-af4f-4f4e-83b1-732cd8d742fa
c4676590-28d3-4f05-8242-db863cf5b000,MC,186b157f-01b3-4954-aff9-fc6015a1f45e
f8180bdb-7a13-4e69-b130-179f073b8281,PayPal,522ea234-9189-439a-adc0-5e9de071e9f3
f70e3482-3270-45d3-b1fe-ea526066f25c,MC,e9846114-1d46-48cf-a2ec-e41558d46cdc
bcc469a4-044e-4fdd-9457-5bf99cb3191f,Discover,d60f2505-1d0d-4b12-a5c2-66f24324d905
a8c0b44f-19a1-4c5b-968c-145ac28b196f,AmEx,d10ff7d1-2bce-49b2-bcac-5fee7c84101e
2ab4e786-00d4-48d2-b330-d979d034e224,AmEx,555b5a66-844b-4b0c-99d0-8ca615dc36b3
5ba4ddc6-e1b7-4b9d-a462-fbcc58d57e45,AmEx,d5f8c73e-1101-4283-b95f-38ca1d5b8afc
80d29c74-f059-4e97-8d60-c7912181d61a,AmEx,e2e1f5ee-0c46-4a9e-9acf-4cb43c7e2528
e54753de-53f5-45de-ab3f-afd40fd72c8e,MC,a64dce1a-5e52-412d-9995-8958d3367c58
b6411f1e-7dec-4b6e-bcb7-93cdae4824b0,VISA,49dc9bd2-89f0-4cdf-a210-77938314497e
fc2669cf-d71a-4552-8c74-823fd0ad176d,Discover,b175bd02-341b-40a7-8738-51dcc2697ea6
3ea04308-46ab-4ea4-9684-38764fb86262,VISA,81630fb1-107a-4279-82a6-b50548ef7484
00ae29a9-ca9b-4e9b-be24-dd160e70be54,AmEx,a98a7897-1d67-49be-8fd2-0dd569e7e709
745b0110-3622-4df3-9991-1f4721f22c59,Discover,6d8614d8-ce81-463c-b275-37edd7e3fcd0
7da0be7f-4dc0-4ca1-ac90-9b38741a945f,MC,19834a21-252a-4445-a535-92243e2f55b5
527a0203-73bc-42ed-967f-d3cb78d99eb6,MC,ec1df421-4d3e-4bdf-b13a-b5e8986fb02e
a1ab9604-a4bd-49cd-95c1-bfc97de679f7,VISA,e9406df8-895a-48ea-b082-eee8bdd3ad4e
2aa06363-1b4d-4cfd-bd34-a50ddfb61d25,MC,99bf9e06-d6d7-4cc5-be47-f8fba6f2aaf2
4801b891-e7f7-4ac6-9cec-9af8143136ec,VISA,ace8afef-d74a-42f2-b02c-b4251ff93c6a
5532c3f9-faeb-44c4-bad1-147ed26e3dae,VISA,5ec63d0c-1a9e-45ab-ab1a-717964966b14
1847a171-3b6a-4d1f-acb6-d88d88ee31c0,AmEx,207f4151-4fdb-4cba-9430-5530b1a22b94
f1742b3f-021b-4155-86b6-90d9f520f20e,AmEx,52c135bc-60a7-4cc4-bd85-6fbf636e2cce
7bab5bf5-fef8-4eb9-90b2-362591a837d2,MC,2ed4d14a-8b70-4da1-b516-db4da0047cd6
95654417-e945-436d-83ab-0a7455998c22,VISA,04a66c33-47a4-4194-9b08-63ca3bb1e765
a6cdcd07-9be1-4330-9b38-695af026fcae,MC,0aeba433-15de-4510-b3e8-f08ea2553b47
6f9db980-b0a3-4bfe-8759-9dbee7b969c7,PayPal,0edaa8a8-c972-4db5-a475-d77226b213d5
9819e1e0-de00-4248-9137-9a4fa4edfb2c,VISA,dc2f9589-6d0c-4c9f-8475-1d482f2aff12
1d9b0012-5236-4eff-ac56-6b72483f9704,MC,4fa4de34-48ec-464f-af91-01aa60a9681c
c784f1a0-0b22-414a-91d8-94a7083d6dbd,MC,93373f0e-b4d3-4c78-b60b-a4eabd52753d
fbb4881c-7e5f-4ca0-8465-b9bb46e43a1e,Discover,046ea1f4-5559-44f8-b162-813acac5783f
53c1420d-740a-456e-b287-8901361ed342,MC,238cb3fb-9f7d-4932-9222-4d799c592af3
d444d158-7062-46c1-aa8f-524c423715e5,Discover,bd0d9dc6-1107-49c2-9e08-fbf6e20ff64f
743c20a6-df78-4f8f-9014-210334b73d81,VISA,d108ed1a-316e-4601-b61e-24e9efb9fd4a
2310a495-71b5-4640-ba51-66cfd647a05e,PayPal,ad3f8b85-e5bb-42f7-be32-01e9179aecaf
00e2fbbf-cc69-4b1e-812c-4f5009273d1f,PayPal,fdbc1a8a-9125-4896-9c69-814359127433
ff2bc9b6-e147-4ac3-954f-efcd48b292ff,PayPal,e0471108-4023-4951-9e14-26bcb2b3feab
e6626922-6231-42f2-bace-85c687f5866f,MC,cf69ed16-ca6f-4730-bebe-3d65287f7000
b1b1c3f8-c68f-4f60-92b8-c5e0d5a06da0,VISA,a01e3e18-d7a9-482b-b025-4a60896e805d
586de747-696f-470a-b093-dce3febbb547,VISA,17ffd4f9-6d78-4c05-921f-6e5c2088ff08
111cca22-f872-4b05-a9a6-0136ffc4b92c,MC,fce00a60-76f5-4c94-9b80-cec8b5cf3576
241b9320-5012-4fe0-b4bb-3266642a0fa7,MC,e8cf408f-c1e5-4f05-a115-bdbbc35763a2
6cc5cf64-dd8a-4dc1-83e5-aa4e98dffed5,VISA,b15b5671-4188-47e2-b95a-8b58b6145cd3
19b09f07-44a7-4bf1-96b5-2da5a064e7c9,VISA,5b6e2dc4-c5a9-45fc-bb00-1a01ffc85e2e
68f88811-6d9d-4413-87b3-b352db5098fc,Discover,fbd0d0ca-70cb-4533-8678-626e8597f3f9
98606343-3da0-46da-85d8-e502300ec0d1,MC,877e246e-cbbf-47dd-9cb3-33ab624b9c08
38f392d1-fb27-4313-b73e-9b39302ec42a,Discover,85c931a3-eed5-4197-a08a-af4e5fbed55b
a3284cc1-9c33-4c4b-889e-c79ef39d9740,PayPal,98a6cbb8-4ff3-4eb9-b06d-d4eb8f867065
59f162f4-15a5-46c9-ad79-0e1f7e623df0,PayPal,0d60d906-3d2e-4e65-92af-cb2cfc3ba6c6
f0115277-59ae-44e1-9437-bdc4db77ff06,VISA,c54fa1c2-0708-48e3-9643-502dfa59e382
a67f850d-2a2d-4bbc-b578-e31823c4e7a0,Discover,c4f87536-4be7-41af-ac29-788c27cb4b95
bea63bc4-6f89-4896-b3b0-c9e56d44780e,Discover,c2819bad-cbf8-4a59-9e56-506f94278419
9086c9b9-4c1c-45be-9625-dd8476681566,VISA,7ef47965-4c74-43ee-8a4d-673737ae0b60
e6f26f1e-7e13-480f-ae30-c2a344eef9ed,VISA,008e8064-1aba-4216-b235-64abfce7faaf
49d746ec-264f-4530-866e-a12f1ab0681c,AmEx,c6b1c613-da4d-4c2b-9193-343446db31ed
aaecc160-0400-4794-b587-b81789e1aefe,MC,62e5e9ae-f36a-43df-b3c0-10f4238f7d08
92340c7b-32a1-47e6-b767-8d6abb501de7,MC,2ae9f6d9-7738-4541-bc3f-df0c84df99ae
efee53fb-90c0-4ccd-9435-e0a79e875a35,VISA,8960510e-6685-4145-a717-245b8ff1b298
59173a82-c75f-43a1-b914-85e599bc4874,MC,3a45ffc9-ff6d-40f3-9bea-40f515717d81
d1aed925-a50b-4967-a89c-1b63e8496b39,Discover,9c4dcc29-9b6c-419b-9957-1044c1e87338
e63fdecb-9204-4b34-878b-fc183e4eb348,Discover,9dcf2807-65f6-49b9-be8b-9d090d6cc19c
f3eb6481-3f4c-4b62-982b-895abb8ae7c0,Discover,331fd588-7924-4a68-bceb-76a403b94759
1b299eae-865a-445c-aeee-27db55772584,AmEx,8ee3d885-f195-426b-8667-847ddf426668
a9b82156-7426-4a7b-be01-6f63774ecc65,VISA,1e2057dd-22ca-421e-8060-c2e79940a381
f420909e-8b13-4c8b-8355-4bea39e738cf,AmEx,7a15a961-7c76-46b5-b074-e603d8da38e4
9bb4a479-4164-4f8c-a55e-48fb7b28d1e1,VISA,8cb9070e-fb70-4428-b2cc-c9c0bb61e15e
c88f2474-adb2-489e-b136-07d1e031964c,MC,0eafa097-95a2-4c4b-8c40-52a18725e8ec
3b2eddff-b676-4d51-90b3-3c275a86ed8f,Discover,6ad57db2-51f9-4e79-84db-f8b28921c30c
6695c4be-9393-4706-b7a7-991ed7eacff3,VISA,6ffac2c4-be83-4599-9e54-72f61753167f
c2377875-10bc-4826-8623-294ed2314006,VISA,4659a2dd-a5db-4542-9e96-fb2fbab2ca47
2c68246d-444d-47b4-bc04-b80410b5dee3,AmEx,1641903b-6aec-4806-b58d-bf698766304b
95bc6cf1-cbb6-4a07-889f-6aefaca9d990,PayPal,b26195d0-837a-4cc0-9285-14f0c522833f
4c04be3f-2647-462c-8884-e4f6443cc964,AmEx,42a55d6a-1f6f-4ba5-8bda-f2193493c921
73d2ae4b-6aa0-4d38-8867-5f18a4d6be25,VISA,72d26794-63e6-4f51-ab82-abc2ed48fd64
abfc503f-06dc-4d4b-a3f6-6bbb792c8aca,AmEx,e5b9def2-c374-47d8-8b8f-b3394bf68db6
82121e1e-4f69-413d-9ded-acca1c112df3,VISA,4692e489-cb0e-49d2-a765-d92415941b52
e61d3aff-948a-4a16-a3b6-79f58b647022,VISA,27bf6cff-b02a-494d-92fa-2275835388cf
b281070a-5287-42a4-a250-6ab723ff49b1,VISA,4153330b-401f-4864-a58f-8be7f9b6d282
13f224af-3822-441b-9bcc-2e45559df2fe,MC,14ce705b-7e78-483b-96a6-1b69ad985040
6faf2f50-116e-4b5f-91f7-2839cf4a9f89,VISA,ea4ba409-8e29-4b18-a6e4-1c8ca877fd8a
e0b44f7a-2057-4598-96d5-771a5f86b790,AmEx,36883433-dc58-4703-b810-14663fa2ce03
d5b2ea12-69b4-4a77-895f-20989cb44cf3,VISA,6724c5ac-3785-4ef3-a8b9-124548eae60d
05f19217-b5fb-49ea-9f64-7c4f92157a21,PayPal,ca368170-9bfe-46b9-9f51-96db3e50e794
1ce0f51a-8d08-4fc1-8b45-893176ad3aa5,PayPal,ce2e851f-cce0-456b-83dc-f5c6bec73e66
c8302765-72b7-4ba0-92c1-3e1baba2a362,MC,f6ea9bde-4460-4fb4-9491-499f29df16e6
6c38c59c-e93b-459b-9392-d6687acb34c1,VISA,095f4138-b025-4b35-98f1-8961d50b43ee
2f96c57f-1b1d-4851-bf6f-5cdb7d81255e,MC,4c5da3b8-b71b-473b-a9cd-a54738cc8445
d65c72d5-0550-4920-bd4b-78eeaaae4721,Discover,d60088b9-295b-4e49-a4da-26b4bdf1b59d
dcfe7912-2ffb-4e5e-9669-fd7adc9b8ed4,VISA,cc449d00-0d07-46e6-9a5b-877608bd10c6
6c625ecd-da8c-40c3-a823-1c918542b2d0,Discover,6814d7cf-a12b-4941-b42b-430df8d9bcb6
1af57369-7592-4735-a181-8dd1bd54923a,MC,536e1608-823e-48c4-8652-50c8f681fab2
78154c96-c510-4c22-be2f-653d17854b52,PayPal,f49b4b99-9ecb-4f14-aedf-091e98b9d506
8dea1be5-786c-4e14-86c2-526fa91d8682,Discover,b55c8bf4-1978-4d09-815a-a8629a2f30e3
066798ae-910b-4d57-8237-e2ca5929157b,Discover,9631a51a-043f-4e28-b4a7-a0dd7a277432
ceab1171-35c6-4c0c-90bb-5f32f581f611,PayPal,537bc1e5-3f8d-4ace-8fda-e539ceac6936
7ccf29b8-8b89-461b-bcc9-5a12cba812f5,Discover,357c15ab-9db2-4f33-be7a-93c11aa8b83b
59320d6e-3d68-4450-bcf0-97641f2912f0,AmEx,6602fdbd-c17a-4a65-9be3-f16cd29c4f46
0d91d4bd-9cad-4bc7-9795-9c69723b54fa,PayPal,809f6a7b-60e0-45f3-ae6d-fe502a1e54bb
1c43bdd5-bed3-44b9-87f0-c5b2c2591eef,VISA,62421c8c-ce2d-418c-b49d-7c44c07da787
f3999927-52d6-4a49-a59d-8d0acb282f66,MC,a507da9a-24d4-4117-83aa-845231330737
8c5e6d7e-d11f-4d12-ac19-fc53657f9547,AmEx,65a417c0-a1aa-4763-95a2-bf153b0af625
7571ee5b-d6e2-44ce-ae4d-287f0c262de5,AmEx,5fe2f8ad-ffa6-4ef5-b9fc-b59d561138ee
58d608fd-dbba-4b2b-afa5-fc63b0af665f,MC,be8344e1-0486-4fac-905e-0e6d3fa93a31
19fb3ccf-d4ba-4bca-9afd-bcac2eee51c2,MC,bde46392-2ea6-4457-8335-b88c9a3826b9
90288870-1ebc-46aa-bc83-81db1f0a6a30,MC,b28174ee-8a33-49e9-8787-650096bf43e0
8fa85f8a-631b-4773-bb26-c3490066d494,VISA,700a485d-7db2-42fc-bac4-f0bffe686f67
70d35ae4-29b5-469b-ade3-11b02186f7fa,VISA,58f90129-df65-4186-8ffb-1b63d03d538e
3195a9f6-f5a2-434c-a9ae-91873020176c,MC,c2e799b7-0c53-44c5-908c-1552d869f99b
f62f287d-6188-490b-85f2-132090925be9,VISA,e71f3e7a-84a7-49dd-941a-7120989ae523
559bb929-9af6-44cd-be78-1a6eb2fac7a8,Discover,99c6cce5-73ad-4732-aef4-c33cbb4d2c4e
f2d912b8-ef63-4440-8746-9798c25debe7,Discover,da71a78b-8c09-4265-8997-4bb2f0a0e804
aed84a95-297b-413f-9c70-724db6780fdd,MC,be4a57d9-390f-49b3-bac5-63b378158edb
0c2ba053-21bd-4312-bf3b-cca742cf73ee,AmEx,aeda32d2-61b9-4ecb-bbe3-b13e2d8b439f
1fdf689d-ab25-4971-9609-d07800060827,MC,e67d4c1b-a767-478d-bf3f-53700af451e8
aa9d197b-476d-4129-98ae-248811dca82c,MC,8f93bd46-a97c-4975-aa64-f6727b6e6607
c1364a24-ebd6-461e-8ee8-da14d14d33e8,MC,edac49fb-7716-458c-927b-9bc03ea1c10a
b155f2a8-94bf-4e8a-967c-0302c6a0a9ae,MC,1537d777-e68c-4ef2-8893-5887acf9c0d8
3ebb796f-6266-4ce7-95a2-ca8e3bcff72e,Discover,2be77ceb-64a7-4489-a791-4a44b9eec207
e70ffdc7-e921-4291-92c5-e78366dcaaf1,AmEx,abc5bc91-7de7-4a94-998d-066dfdaa34e6
167dd5e4-3da8-407b-9fa8-0c0be42e9b3a,AmEx,b0151349-ce28-47f8-947a-451df31fcfa3
134e7c7b-c09f-47f3-b10b-e41770ba4db9,AmEx,fbbf3a72-3637-422a-aaf5-4dd333c49ec5
aecf03f2-dd32-4ab3-b823-fdae3aadb116,VISA,4d1cb4e5-dbe9-4ded-ad65-994a125b32a2
0944760e-4812-4de5-9ab8-6732ffe487d5,MC,c669ef3f-1fc2-49ca-9baa-29dfc2f83b1f
d8baeb58-d329-42ad-9699-9c461d5576ef,VISA,6005ce49-cc96-4401-9289-bbce41b1a68c
f2734692-50b2-4884-9c07-ee1ea4f67217,VISA,c0bd5ea5-6c50-4630-aade-874577e27b38
15da8b5a-4ce9-4c29-ad5b-a00fa1ef5817,Discover,a3693967-b9cc-4b61-aee2-b9654b294be7
db561f35-6422-4070-9286-cf7ab5cca53d,VISA,7b2feb44-b9dc-42d6-8fdf-74a4a63b033a
f3cc96ee-e993-4413-a357-14dbb6cda1c0,VISA,e53e0a44-fd30-42a7-9894-0020f8e77ed0
5422bc0c-5f10-4914-8263-8ae7f9cd9625,AmEx,f0fa6f6a-1307-4ded-80b8-a16f3eefb846
76e68b6b-bea9-4d1e-a085-a535f4620a78,Discover,89ad4bdb-af70-4426-95fa-75f89538db4b
8ee607d1-b730-484a-84da-dbba1e7ef550,AmEx,47926996-0420-4f40-aff5-8d93d68383b0
38729403-66dc-4b84-81dc-832f36adb299,MC,bf6236a0-aea7-4d4a-ad74-f06f3d4b21b7
9e3ab73c-50d1-4610-9a75-c9647ce701d3,Discover,205bd9ae-0be9-4cd7-bc42-364a6ae2d6a7
1dc05118-7e76-45f7-b80a-17c50a5b5487,PayPal,f1c786dc-2806-4ad3-a32e-06feec89ec0d
d838036c-94ac-47ee-8d33-79f180fe6a20,PayPal,73e7c3cd-4269-4627-abbf-27a7552a46c1
bf0e8000-2a3d-4d9e-a880-f3323946e9e2,MC,df0bdf59-1bfe-49f7-af64-9d93c3ad6564
f8529a45-c882-4833-8cb9-f0f19dae60fb,AmEx,d3a8aeff-f298-4378-abb0-8ea2bab9424b
529b65af-84d4-4be0-82e8-a23a52eed839,MC,94518fbb-ea79-4e94-9721-492341adcfcb
33f2d803-f8c6-47b1-9ea7-d6702ebb8f8d,MC,a888051a-866c-4fcb-9cae-9471a124da46
8aabc2d2-f916-4fa8-b46b-f54cd9f57375,MC,276a8bd9-e576-401b-9a50-c4e5018174df
ca7aee8e-169a-464b-9cf8-ae880b01e163,VISA,bd197ac3-54f4-48bd-a903-d563dfa430f5
d7cd92a6-d46d-4e03-b496-19a8d4ea0dca,AmEx,e75f3fe4-60d2-4457-9619-c2f5a7612aec
8b00dff8-faf6-43f2-b475-32c93279df11,VISA,ef7a1219-ca35-44ea-82ec-3c5184a9728e
ada56fae-8f95-4f9a-a878-4efdf2087ebf,VISA,a5542fa6-f62d-48cb-a610-d4a0e1798618
c487d5e2-b8b6-4537-bdd7-d6220ac6442d,VISA,bc7b8cf5-c376-4829-bd17-250d3698e295
d2e85a74-0770-451a-9c56-2bd66c50043e,MC,1622442c-2ede-4409-92ff-42ebe0f269fc
bce69cd1-110a-49f2-9ab5-25952f85566a,VISA,df90a09a-1f3c-46dc-8481-7d950af89e06
d23fc08e-77f7-40a0-925f-1c407a78ce28,AmEx,1f8cc6a3-8b39-49af-9332-7dd105ae206a
772067d5-8716-4607-b4c7-153dfc1eff9e,VISA,dd55e986-ae1c-434e-a3c1-ef7f3cbc0a27
b8a20a66-86ad-4ae7-a9a3-065cd4cd67d9,PayPal,38971788-af2a-4f7d-abbe-1edfa4c267bc
a858f745-4a1d-454e-b7d0-2c3b28406a6b,VISA,4a8c76f7-75cc-4d96-aae4-c32364dfe9e9
3c79aaed-8361-44fd-91c2-72badd663037,VISA,9ca4908d-e363-40e8-aeb6-17da8826b791
cd599859-ecef-42e1-9286-1f2fa1131282,MC,c700e428-c17e-4ef7-84b9-ac360ca372e3
1728bfd5-c94c-4643-a2e6-efeaf6286b19,MC,79c496a9-14f3-4011-8285-397cba8524fc
275f64c4-7482-4249-8ea8-b7507862f18a,MC,f4e72b07-c0c2-4830-8a15-cb6d9dcdb2b9
1d1c4e92-b8a8-4f4c-93ed-829c298ce859,VISA,57a60ad2-2885-4191-bcc1-32ba169a6913
cdde000a-c87a-40a8-a031-b2056a067772,VISA,432dd75c-7e52-4e91-9348-0d7c8770d85f
e80985f2-09be-429b-8d24-4c2e4ec041ea,MC,5b94c114-6dc2-429b-bb6c-c973ed2e4dab
ea17aee5-b6f6-4145-ab00-aea71d860303,VISA,bd70d3e1-4b78-4ff7-90b9-c2c4b026d969
1ba0c397-16ef-4cf5-b9f5-879ab9ebc099,MC,81820318-a795-4d83-8089-78e4d28c61c6
fe011531-26ab-4aa0-abae-1236e47a1c35,Discover,50cb538e-b1cf-43f0-891e-277a965be79f
4371b00d-37dc-4915-967e-94f17b15c65b,VISA,4a571c16-4518-4539-b65f-d9b5e4c45628
eda0696b-3110-4b4e-ac59-d17dd9471936,AmEx,a754f596-19cb-4098-a083-7b4dd31cf756
ee9f5415-0e22-47f7-89eb-1737a8bba260,AmEx,11c5ce9d-f5a7-455b-9a74-1561f4a0898c
596d1760-6f23-4d7d-bcb4-3bf799039eeb,PayPal,868db6a7-e3bd-4b16-b0fc-9082ce7c16e6
9300cd86-7dea-418a-a290-bbeb5135d9fa,MC,bcad746a-d5e4-4374-80a9-f8619bc4f670
74a62e9b-5a19-44c0-9fde-db8c41d524c0,AmEx,22a842f0-cdc4-44ce-b88f-6bdad0075e59
fa5ebbf7-3de9-4f1f-b576-92cf57ee2097,VISA,54c82935-3561-4187-9f45-3b35d26e4dfc
a9635171-9706-405c-acc5-bde2218c7245,AmEx,446a9ab2-f2eb-4c8a-ad53-9a7f185b4d6a
95efa766-3f11-4ce8-b208-c2279e798f92,VISA,17ef9cd3-3ac6-48d4-9fb2-5a367bfbbeaa
161618ce-1a25-43a0-a7c2-13b82a8a14b7,PayPal,03c91464-4449-4410-a492-cdb555c00eb1
7b92e346-ec74-4aaa-90eb-59c0d6d545f1,MC,b5be75d9-e33b-461d-ba83-447e3e353e3e
7244438f-4abb-4fdc-af01-10ce31091eb7,PayPal,d0b973b9-3cfd-479e-87f9-d7dcaf45558e
9e11d6e7-54ee-470c-ad01-7613c42c1b93,Discover,8e3f8335-1742-4e95-91f2-3875839fe5c7
861f4488-4e4f-4df3-8484-877de2687c80,AmEx,fd5c9cba-09e9-4299-8219-24011ff4ddf3
31e45c17-afc4-4aa1-b187-322ea4d1c98c,VISA,7476880a-9410-4570-9c38-ca4e9a1745f3
8a0d50db-adad-402b-a886-dab7b6ec9bd2,MC,7f92658c-8360-4b41-80b0-0fc82a1b8316
d1d38f91-4e38-48b4-a818-07c437c4450a,MC,cf06252c-7454-47f2-b90b-c408e0e29620
256c5ab3-070a-455d-b8eb-940234273cda,AmEx,aa63bb4e-43b6-404f-915d-c4d5bb6945e0
83fdbaab-eee6-4d66-952e-24fd3863d5cf,PayPal,8cf00302-ac16-4be5-8b4e-0ade8eca5680
6b656d9b-22e1-4322-8140-1c3043191cb7,MC,afae4056-bd40-41d7-b72f-e079e90e91ba
1f61811f-3788-427b-8271-909fcd1887b3,VISA,5b215446-8a64-4031-b00e-931e794ba261
7e0c0c57-db21-48a9-a858-e533a72d4fba,VISA,80b3fac9-fb38-4491-9f9e-f95f30746083
613eb767-ab31-405b-80da-bfdaa3e7259d,VISA,bdd6c249-6c38-4742-a170-818720c795da
04143c9b-463f-4975-8242-2060d5906f45,VISA,20acf695-97ff-4723-a3be-11da8463eeee
555ad3fc-c17a-4bf0-8ee0-608398e5bf22,VISA,99b378a2-8419-475c-a02e-a75e583f5abe
45d07169-3236-463d-b070-01f775388485,PayPal,9f7d36c0-2d1a-446c-bc90-f941f344ad4c
f0e7519e-9778-42f4-acc2-9de0fe65ca76,VISA,67953a67-2293-44c0-8dd3-6e58e0ad3b1d
1d009958-9ec8-4c35-b1f7-c8545c35f14e,MC,bdbedead-d032-4a43-af88-a8bc4a87ef1d
11171a1f-2bba-45e9-8dfd-9dface38feb7,Discover,4afdc08d-9002-43e3-a27c-7069ecf40c3a
e593b2ce-dbce-436a-a6f7-19aa989e5e4a,MC,732cdd5a-0378-4022-b418-1861d11c0ebf
b94b41d7-5e51-4a91-955a-1bfcb709a078,VISA,3947c709-35b8-4485-8a2d-ecea99431210
181c8d72-0b7e-4ded-b955-ce5fa7988f48,PayPal,ff413c86-fd3f-46a5-ac38-e8af15428e9d
9ea50e72-299a-4b40-bbf6-4b39a951d33c,PayPal,12ddff79-e94c-4ce8-aa6e-86354b0f4eb8
37eb7d6a-79b3-4b07-b2a7-1d3204e8895b,VISA,a65185a3-30be-4aff-a9a8-0dc91ac7a9f4
345a3b7e-0401-4db0-944e-a9ebacd9bbe7,VISA,b17908bc-9004-4633-9b24-dc78dae93272
27917047-6315-45f1-b210-61285bfaba4a,Discover,c20a1b55-f8bb-4c80-9f1c-5dbe3fe13624
c8421e35-3a39-40c7-8933-06d1a7792a44,MC,f703c22e-fe80-4180-8a1f-2965f315fd05
232e9fde-6f0c-44cf-96f5-5734fa740843,MC,0f808c70-cca3-4b25-9e61-ed061231123c
9b53157e-d91e-46fa-9ad6-ecd0c467184f,MC,5d4b2e81-d590-456c-8602-3610843c4db4
d89641e6-6b2e-4730-b411-ddb64f030e18,MC,5951a3d6-fb2f-4bb3-8793-89ecdc387714
31eefab4-3356-455e-b917-cf8362dffd78,VISA,f1a9a2ab-5ebe-4045-9a0f-947e3d86de8f
bc71c555-f231-4350-99c6-53e2828f10e1,Discover,88c256f8-292e-45da-b2d6-1f219c9cc218
3dfa0424-48ea-4997-a87c-7b0bc80601c9,MC,3c74ea3b-3dee-4110-84da-e6bb25d6788b
8708bd2b-f297-4c27-b168-eb1acadb2b83,Discover,606df30d-2a7a-4987-a963-d9cb58fab162
1f07d5d8-9b9b-4f15-88ff-8952de11b63e,MC,d7a9b07d-09d3-4ebb-8ab7-e2be5f6195ed
9d7d20c0-164b-459e-bbb1-b0646ae55d82,VISA,ca32e96d-30fb-4cb5-925d-22f84dae1662
ba0fee8a-5f99-4064-9e76-0ed9e6cf154a,VISA,525660ec-f204-4574-86b2-44f222d92451
8b62337f-65de-4993-9f8f-bb8b0fe607f9,VISA,0e7b8791-2b62-4410-b69b-957b9acdf602
a1f6a089-6f10-4452-85ca-8467cb80ed99,Discover,adb8cf78-a7bf-40f1-9cb8-c14fd96d3eeb
54f1ac8d-802b-41d2-8b4d-a1c394c05f7e,PayPal,d23c982a-eee0-44cb-a11f-217e0d74eede
ca521dff-def7-49cc-a12e-ebe67793a8f0,PayPal,e8d13144-a629-4eb0-b2e2-9e9bcdac138e
0c09ae64-cd44-4e51-8977-2f9af28cf8bc,PayPal,ae3de011-0eb3-4c38-975a-94741490a5ff
34f87ae9-94c5-47e8-b9d7-f8a3d4fb22cb,VISA,d13e3467-9632-4dd1-a996-1dafadcf2a7d
260580a4-256c-42ff-86ca-f9e721f4b099,AmEx,c3a0defd-657a-4181-8496-e3b2fa77cb00
1040e398-26c8-4d6b-b0b0-a2fd14905331,VISA,e0f3b47d-bb86-48f6-8e79-a0c0ead124fd
db8825b6-3047-4dea-a17a-36908aaadaab,VISA,cdf05ac5-3e2f-4f73-b97d-b3873ab3ab4f
f0d4b333-387e-4aa6-9a2c-e04c8628d161,VISA,871cf5f8-7b1a-4e0f-8266-98a9b6274713
10339f18-bcbb-4f5f-a16e-ced2ce231996,MC,619b93f8-6b1b-480c-b7ed-4396135354c9
6544a7dc-0abc-4ce8-a4b8-2dd38da89d9d,PayPal,b4c1f937-f5b8-4886-831e-11cddfea250f
a933479a-7e30-42a5-90bf-2cfb15543fa0,AmEx,9edec6b2-89d6-4ff0-b852-d20a85773ef7
0e56d1d2-c041-47c2-9913-9cd7b85a2062,VISA,2496447a-0fcd-4907-bf10-e40ac42af2e3
16e1cae3-c42d-4af3-9890-5e868258ed07,MC,af9071ee-4a33-4b2b-8e01-fe97b3ed0c89
477df7e2-47de-47b7-a99f-3d9a87605f49,VISA,03b582df-989e-4019-a786-4f027841e17b
fd03bd4d-65f8-4238-97ca-1ff23c31c745,Discover,87806818-ac6a-41d8-9afd-af0e1cd76b37
0f4353c9-cb34-4da0-aca0-9d9d0b0538c6,PayPal,7b55d390-1fba-4c37-9447-5035e574993e
fcb09094-e370-4799-b488-b7672bc10b2f,PayPal,16ffcde8-5908-4c8b-a188-97f40667c77c
f175f8b5-e17e-42ea-bde4-cfe35e53dc30,VISA,3c29d4e3-d37e-49c7-ba9a-6abf45cc6851
cd914fb3-0926-4e79-bc7d-b190f547d8da,AmEx,6314370b-8914-4afd-a4d5-bd77a61030d8
21961242-905e-494b-bb72-c240ea72ccdb,AmEx,b0820a2c-4e4a-41cd-b788-0cc1bffe4274
51b7a918-4cd9-4fd8-b9b6-bcdc7d3099be,AmEx,8d3e14d6-7365-4fee-9c0a-a2c8aa01980e
62db54dc-45ac-4ca9-98b0-d650371c09fa,MC,3663194d-c3d3-408c-ad75-049fe90279d7
45ae0b66-4496-4376-875e-ef18a8dd74e1,VISA,0cbd96cf-76ab-4069-8093-3136b231cfa5
f4afa0a3-2639-4345-9803-39cd71289fcf,VISA,84dcb791-c0b3-46f2-84e2-019f5e358e17
f6cb68c6-b117-4c6d-9fbe-c288e01b539a,MC,9c805c88-1aa8-4071-894f-96f3ff496186
11155e77-ef62-4474-b776-d01e945a34a3,VISA,ae8fa75d-de68-4eb5-9e87-7dd324b3d9d5
e66f0388-29c4-4536-8a1e-2f9b37e47454,VISA,d0d33298-991e-483f-9f0e-8b3921d76bb5
6aeb9b4f-8fa9-43fa-9f46-f4ba1f02546b,MC,8007bdf3-ba1b-434e-8989-802f804baf3b
3658ff44-44ab-4f04-821b-bfbbdb1fbd9a,VISA,6a35709a-9433-44cb-80ea-19ac60d3822c
0504b7a6-c214-475c-8064-a67aa77a2d92,VISA,10fcd7c8-46b3-4237-8665-bbb4756c4e1e
6e181b70-3f5c-43fb-bfd9-77d580f4ddce,Discover,e5e6d45a-726d-49a0-b66f-2b351550b168
3264a8cc-018d-4e89-9b2f-fd646208fe99,MC,7b4563a2-c105-45eb-88a6-99fad80f6660
69e994ba-0cb2-4582-8ccc-616f7bfd4e6a,MC,974c00cf-1fad-438f-a0d8-d850cee93546
ceb794a6-2c21-4619-8560-293e8562d26f,VISA,6c6a0eb0-485c-42fe-aebd-82f932e1740d
4a1999db-2c97-4289-a9a3-718d3c88901e,VISA,89226a75-4843-4199-9320-e6d4db9f0546
e4973fcc-0b9f-4ccc-86a3-31d1c91d638c,MC,0606cd93-09d0-4901-bbd5-901ced751126
50d4e440-eb04-4c19-ab79-4a446515b72a,MC,730b0aef-b960-417d-9f6c-c05be9c40823
5da0c111-7554-4bd5-a068-e73d0716e8bf,AmEx,1d065dba-24f6-4f82-af4c-7e438b152ffb
a544bd40-83b1-447c-b639-6f8eff5ed584,MC,7c1a1c63-26c4-440d-895c-9d0c3e5df3dd
ad47d412-e206-4898-8f00-ee56575541d5,VISA,4df3db10-7d9b-4e20-b530-211ae9c4e3c0
bfa959fe-a54e-4f12-9a0b-bc1fec9d3e19,VISA,e74d87ac-fc9d-49d2-ad33-dca36670bf78
86b0011e-f6d2-40b4-a34f-4e3742206e77,MC,88e2dcea-7966-40e6-b847-31087eab5755
d872ee86-c827-4f34-8ff0-1b206ad54dd6,Discover,42c22313-adc9-4238-947f-d4bc1c2d2677
91d99bc0-2b25-4e46-8308-31829ec59f58,AmEx,ca3f3bfd-9066-45e6-a04d-1843b544d4d4
31d05451-e9ca-48cc-8bcb-8a7aa21599a2,AmEx,0ac915b5-f6dc-4cfa-bda8-c1080f1a149b
0e83d21c-723d-453d-9550-8ca9bf8e7ccd,AmEx,1936fffa-aecb-48a2-a3d5-53a43cecd213
e633956e-e2bb-481a-b6f3-f4874c541a69,VISA,62184c76-2d39-482e-8d1b-82758b26cc95
23663e8f-7af8-4d16-9222-6953f9d6690a,VISA,ffd05b8a-51a9-42c0-b6ab-ff24b3736df2
dee00b22-e7be-4c1e-9f34-3e31ab6c6855,VISA,01ba96ff-85fc-4507-a7d7-2841ae940f97
9777f09e-24aa-461e-8fe6-3806d2814184,MC,98fb11d7-fe4f-4751-8074-4f5e27abbbb1
275084fa-b1a5-41f7-be69-18ca7e4ce783,VISA,f9fa6ba0-cfa3-456e-b4b4-fd7691831e3b
bd604204-2998-4fe9-896a-c481eaaf280d,VISA,8ed27f7d-32c8-4eab-a5b2-f5993e3f5b69
f7a2904b-538c-40ce-af64-f1ab9d16a7f0,AmEx,bd2023a1-0485-4206-ade5-5c0702ee54eb
abd665d8-b9e1-4cb1-a6db-6fb40ebe0169,VISA,84fde417-9dea-45bb-b9ac-e2dd377d15d9
1287d080-9228-4de0-94d3-03dc659e538c,MC,8ca08547-9176-437f-ac7b-a354de93243a
8fa5a8aa-27d7-4ba4-ba98-6cf2b340ec70,AmEx,b2920f5c-d1bc-43d6-a147-093abfa8ea62
a8d357f1-523c-4ef2-93d7-9707167301c1,AmEx,6699895a-070d-469a-908e-73f8fbe91c85
af933b49-c7f3-451f-a5fa-88a99463f207,VISA,14398348-ad55-4bb3-b091-02e1fb69a936
2174ac45-cc84-42b9-be4f-358516bd56d2,VISA,56d21898-1ed9-481d-85c9-703c454e5226
a4c6a9af-521b-4356-9326-61fb5a07e41f,VISA,fa052842-0160-4182-aba4-2acb5bf7160c
c2b0aba5-d5e6-437c-83c0-ef72cc2a6710,MC,ab253bdf-3054-4e7a-9ea7-6ea9f5b35b13
0103d926-273c-4202-8089-7890fe4dd66e,MC,355f1c79-0fa1-4092-b328-0680990fc55c
dc7ea73a-56c4-4754-8b11-e313c12197a2,VISA,ddff54eb-ff8b-4c0b-a2c7-4d436023712d
c9f93946-c5cb-4fc4-8282-2c01f9e3cfb6,Discover,0932b87c-39d4-4f9d-a16e-eaf5823f4846
7a4fadd1-f3a7-483a-b71c-9da76f365c12,PayPal,eaf85d40-545f-4d34-b8d9-4e23cc480da1
06d790c4-487a-4db6-ac3e-3c1a1f79cd77,MC,0d947635-f002-42fb-80c6-92481b5f587e
5e5a951f-8855-4cdc-bd2f-7b0aecc08a61,PayPal,3e1b0ed9-2914-406f-9534-e89f23f61b48
376051c1-60f5-463c-af94-9b0e419250df,MC,a3e0a6c3-d207-4aaf-ac49-f67ccfa78903
a96ac45e-0605-4fb2-8cbd-f557ad4041f7,MC,7479fe88-2d3e-4cba-9dc9-eabe32520edf
3eba7218-a62b-4d6a-b1a1-05ca57d5bb34,MC,bc145d39-8371-413f-8f23-dc3b7f7536c1
31e11ed8-5025-4ab9-8347-92f692be9f7e,VISA,f3e5c8a9-5f5d-4abf-9420-d1b9b2b6cb8c
e968a812-1f23-46ff-8715-27cf3074e55c,MC,3e87a203-3c2a-4bc8-aa9e-1a7d34684732
29078cef-135a-4813-933c-da036d4ff364,VISA,22157bb8-bc86-414c-9f78-0baac6b6398a
e638bf2c-8de6-436b-8fa4-3b05cc70ef60,VISA,04fe6fa7-ef30-4e14-87be-9370b7ffee1b
8e51f4c9-67d9-4808-83e9-4439aa384112,MC,7cba470a-9ca6-44d3-9405-ddeba1cb854a
0171684c-729e-4aa8-a78c-834e08dd93f3,Discover,1db3a721-dafd-4e3b-b627-efc613c53d9a
4e37c8c1-c29e-49fe-9d0d-5c3b389850c1,VISA,6adf40f3-9a08-4a43-8ca9-9ea2e660a27b
1f5ca1c5-b417-4e72-8737-827c324cdd40,MC,881b089b-21d2-49c1-86ad-99ac7619aa63
c0c7657d-8147-4dc6-b483-3a43a351f3c8,Discover,bd5e59b4-934d-4152-96cd-4483c96921e9
66eaead6-494e-4079-a612-5608a14fbd52,MC,20b027f1-1516-4b17-8c01-e2d899870684
47ddbf6d-417e-4692-b6e6-85258e1d1261,VISA,eb03f9f4-e722-4eff-889a-10ac5b3f499e
d7813512-fa51-49d1-a4c5-cf3dfe40a90c,VISA,1be99f34-2986-4007-a957-1e5598196bd2
dc2e6edd-7ae4-4d28-8526-0e6fadc05a3b,PayPal,bbc5a0d0-4ee6-4c96-b746-3a094267ad68
82e7ae9e-951b-4048-9c55-941f5fe7e59b,AmEx,554797bb-7d4a-4a7a-91dc-51cba789d95d
898c1353-ea28-4a3d-b867-2710e58d40a9,VISA,46c0c8bc-70fa-431c-9265-8113ec5ecd69
e24965e1-edf2-4d55-bf25-dd221d6e574a,VISA,4657ccc4-d96f-40b2-b273-7656570acf94
6e7952a2-a870-45d2-b943-02667c4db3af,VISA,adcd3e07-80e6-4210-80ae-8cb691745e7d
a99b36cd-e166-4a2b-b37e-591300228503,VISA,7f266b64-a144-4155-8ab1-a1330856b1d6
8c803f7b-48cc-4b6e-a419-7af885b88f63,AmEx,b2feaa2a-5844-4cd9-986f-0e793db94b7e
af924871-fa7a-4f84-b8fc-41f3c626a526,Discover,cbb18c01-d8f0-47b6-bfb5-9125aff7608c
c1f5d033-83d2-4e66-8869-72635941127d,VISA,9329e8a4-5c7a-4551-9ac7-4e382774a682
c55139d6-d541-4392-ad09-ac27bfc91489,MC,2e8ea1dc-cb4e-45c7-a6f8-cf59a23eefbb
8e2cc88d-e234-42b3-9101-8e52ffff19b8,AmEx,65e36052-2dc6-4c37-b110-959599982e10
1bc121e4-0358-4372-9177-ffc023319d4c,MC,1eb1977c-3602-4b14-a790-6da1e3ab310a
a8c05297-1bac-4b59-bb3a-07a821bf28b5,AmEx,86697429-1c07-4f80-a591-0a01ec4ab16a
28f915a0-8ca9-4299-8cf8-d0b2e2299aef,MC,72dff521-7095-48ce-a95b-1cfa7a55384d
9e4d7c0b-a94a-484e-a3ad-a3caad7c33c6,MC,71c1f189-fa7c-4a5d-9127-a22565654ecc
dbe5b3e8-766d-4146-9012-4c330c2de03f,MC,a433127f-c901-409b-9b57-52cdd97945d1
ffd8d1e0-7c7f-4e7f-9c7e-b67e1a0883ab,MC,6872f92f-5152-4b32-a426-104f0e55ce67
02b39af2-1fa4-45ec-a027-04269bbc9705,MC,75adac3c-f9e5-4ad8-9829-a8f45679a433
614be9df-61b7-44eb-b55f-7d41d2bb3c9c,VISA,496b0137-8885-467a-abd9-4429a93b8a89
2aa04b37-1257-444e-a2e0-da4e213b1b85,VISA,05ed9afe-caa3-42cb-9de8-9cc397b75864
f11cbbb3-5898-4759-8e4d-233e6b602612,Discover,6037a6d3-9046-4c64-b85c-8aec15b2ebb1
7133f65f-a002-40ec-be2f-a3cf4a180d35,VISA,b29f9a49-8ef5-4609-8deb-db54c1753b4b
6f23018e-af67-4489-a809-42e2d413d7b5,VISA,a116359b-e677-43d5-9806-ba516cbddd2e
41572af3-7df6-46e8-86ef-6d2d6cdd7dd3,MC,0437cfa1-ba85-46c0-83e8-76d5c8f96b7c
10d7d320-8210-498d-802e-d59850e30c99,VISA,594c330c-5a61-44df-ab31-5d3600c13733
1247666c-57f7-4519-a127-68043d77f675,Discover,48b557e6-cd8c-4c27-895b-cde3898ef78a
24c8a054-dced-4d88-b1c1-8833ffe22c11,VISA,f3de1e30-05ad-40c9-b8ba-a58960266097
70c92759-9eef-4cf6-b2ef-e3d530b17894,MC,61118839-aa15-4668-bb3a-fc2b49be2b40
0de2752c-b485-420c-942f-d6ff3f11db5c,VISA,2602216a-ddf9-49f2-8114-725773f8cd42
cdc96094-c178-48dd-aed8-d104c5985748,PayPal,06b6729a-628d-47c8-89b1-82122b237625
8551d48b-70cd-44d5-a4ea-555f28ae005a,AmEx,113c0c55-e4cf-48a4-825f-1b793b7ec7bd
414be41e-a652-46e2-8a1c-a073a52eb181,Discover,b41e36f1-abe4-4125-913c-9db7b109518c
53b15d72-ca33-4011-a291-89380131e61a,MC,e08b9dd0-c42b-4a6e-809e-338353836e7a
8e5ffb5e-005b-4ea0-abaf-d985711f722c,PayPal,2ef39303-cd09-4e68-9d37-47d60ec4bbb2
6517bb62-4900-4b6b-bf30-ffd8c5b47295,AmEx,a3d7690a-4f0e-47de-a96e-f6ff50ab758c
ab9db7af-9f34-4792-a8c0-aa2b0c42ba1a,Discover,0e354f78-b8b0-4dde-a68b-84578bdd95f7
15a7ad3f-871e-41ee-b57e-ee24c91da661,MC,441cb9c5-bd53-4677-8291-c65798407e1f
f5ab6ab7-9c82-4bb7-805d-bfff0d855c36,Discover,f6751017-a4b2-40c7-97a8-5286ee4fb6f2
e3e832bd-6182-4d9e-a550-2d370d6a59a3,PayPal,c3d8be69-3cac-4f80-a853-edbd17b1c8b3
59fbaa0c-aecf-4b1f-b255-3949724dd890,PayPal,a8394ff9-e897-4a59-afdb-df874071fdbb
9a26c54a-9970-4362-9751-debf81a36a87,MC,abc76b29-3e41-4b4f-bb85-4458643f7817
48cca210-1114-4cf2-ba99-765cb7508d29,MC,5499a300-b981-402e-afd9-cabaea936d19
5258cd4e-dc00-4dc1-8743-4afeec757789,AmEx,80780a84-5629-4308-9085-593a7261a117
ac525656-84ee-4503-abf8-fc5a61ec3ce6,VISA,deebd994-e95e-4fe1-a1db-63fc37880b53
06470215-1550-4e10-8cb0-cea577d8b0de,VISA,14532cfc-e252-4d0a-86ac-12e3b4d20476
09634770-07cc-40bf-838c-1499422b1ab0,PayPal,05f3ece3-9c61-4d11-84a6-e119beb8a0b1
ed4df329-bbc5-4a4c-914b-c165c071c40f,MC,a96ce156-f6e7-4a90-9207-cc3af425e1a2
e328c0a1-4b88-40f0-9bc9-e48d46e0799a,VISA,44090615-7ea8-40a8-9607-8e50060334ce
038e1956-bacf-44bb-9368-9e1bc34c7da0,VISA,e0d71bcb-a3f3-4f6e-8763-307633ad5172
04d3950f-16cf-4747-9f91-07be1a88a349,VISA,1a4e8570-3f07-420c-b065-9a8f23e37391
d8c71d04-7a4b-4523-94fd-a0cd59b49498,PayPal,97d31a26-7f97-4504-88f0-6c0b83fdcb05
d1f0cb13-3970-4b44-9c05-f070c7d397ae,MC,40c11659-fce5-471d-947e-f3303ca48aa9
38c6d73a-f706-4286-813f-bc79f199279c,VISA,ed5c2474-1580-4bf3-90d8-fa08dff88338
18e6bb68-19fe-461d-a413-0d3f095cf628,MC,a8830990-a2fc-42a8-ac26-662b2ef53a7b
8919b1de-39bc-4614-87bb-3a41c84a0d43,AmEx,cae1a2e7-98b8-4d49-8516-44bc28dc401c
0caf7578-96c5-455d-b13c-a8bb4901ed6a,Discover,b9b3561d-d225-41ee-a931-4351ae868daf
e5164744-5657-4d7c-adb5-f15cd6735beb,VISA,eba148cb-ff3d-47d1-b97d-fb071e874b97
4c651952-666e-4308-9bb0-4c3849ef7083,AmEx,c7d16ab9-6d78-4dd0-a774-78f45224fdef
868153c3-f1ff-4310-af65-973e99ce0800,VISA,3e78ee3a-d8f6-4805-9188-62f7d39a1f7e
3154c57e-2e08-4217-b2dc-f9a8de77f287,AmEx,762a2e85-81a6-4db7-b664-5cbd82bdbde5
52e3e847-a11f-4a6c-8f07-8dae1cfe4d97,MC,61c584ff-81f5-4749-96e2-f13875886254
0276c19d-a382-4ad6-b501-722487703382,MC,454849a7-fa31-44b3-a773-9329cde38c07
dd5147a6-c305-4647-80ca-95ae6641ea5b,AmEx,6d901079-30d8-4b3d-908f-0e81e05a9d24
f0e1d046-ed7e-46df-baf2-6bae6895f8df,VISA,0647fe7c-e57e-48dc-9edc-57131592f550
da6758c7-bb9c-4ca5-97f7-157f6d1d2fff,MC,d33b8dbd-30d2-4c3b-827a-d6e32720312b
98429457-5c30-4a5c-820a-af35ee19fb7a,VISA,8c981b21-7004-4f35-8c71-256bcb8ccc57
8326299c-6a2a-4401-8a49-912920356448,MC,ba85ace8-ed5a-4140-84a0-4006be9eff20
14432ac9-7d9c-4aa6-bdd2-249f8e2ead77,MC,b24ed320-9e49-481d-a043-639016421b4f
e8988494-960d-45b4-b8dd-e84d74473d77,VISA,a0c0ba03-6f53-4a18-b100-a99cdf69cb32
a4b44bc4-8736-436c-9a46-3cfc12f0e662,VISA,1ab3fdd2-81f2-4829-aa67-bc3d18aa7d0e
c9c8fffe-6b03-4ee1-a06f-89c8456ed147,VISA,5aee1f91-7ab0-4b8c-abd2-2c69df3cd9af
58203a99-99e4-4ebd-8122-b4720422cc6c,VISA,7d2a1acd-5b53-4846-865f-44ac44b99b16
fbb0dbdb-a274-4b44-96b0-9e0fcbc028aa,VISA,dea33ead-63e6-4ba1-b596-2eb34a18446b
75e8f549-5ef7-417e-99df-80597010fff2,VISA,5a6c1343-ef8e-4106-93df-53c760b764d4
bbaa8b39-4c99-465f-945f-9bd41c1c6377,VISA,63eaab22-69ca-4125-bee3-fb65614cecad
8968339f-c7fd-4b1f-9dda-2b1b282cc71d,MC,fc1d6b3f-b573-4857-bf47-36fe251dd3fb
ecc5c0cd-b08d-45e1-ae42-2fe007556d86,AmEx,24d6caef-d084-40fc-9ce5-d3d13f1cdcd0
9f291d07-ef58-4bb8-a1bc-a954b3fe9f56,MC,e8c395c2-49e5-43da-af44-de2e755035ce
ba5c3528-625f-42b5-9a8f-44d4628742a9,AmEx,a21f06d9-711c-4532-90a8-f35bfb41a904
303a75a1-f798-4e00-85af-6adc2b25b497,Discover,d737dd5b-8191-40cf-b44c-d4344e213a60
52380427-6bf1-4588-9921-242bcb987396,VISA,51e1896b-ae5e-41e2-bcac-6ad540db1da1
a70ca405-f0b2-43bd-96f5-69422e6a0bf2,VISA,b35d652e-3eb7-4014-aea8-434c0aa14747
a72353fd-4652-4222-a3ef-7754e3ffcf9a,VISA,b4a390a6-af9b-432b-b7e8-a08302d327e0
f4488ca6-bd94-4de7-8e1e-2bdd5593a9c7,AmEx,4301ab97-824a-449b-a86f-e070d2be46fd
245b2ae2-1b10-434f-8ec0-9cc3aa01b22c,VISA,0b79d3c1-3726-4ce7-b3a5-77907d6f2b05
7128830d-e9d6-4bfa-a59a-8ff58d0d0405,VISA,ffc8cc8b-96d6-42c9-9fe5-4a1d21a22855
b2b86f14-021e-43ad-b4a9-2955c951c47f,Discover,eefc2147-e49a-40f3-9ed2-89ee3dcbc184
c686fd21-bf8a-4ff2-b6fc-f95bbe371326,MC,a9e0fe0f-d90b-4574-8092-180ca9cdf190
71ed4763-da64-48bc-bcc5-705e5e664a21,MC,263be9f5-ec55-44a9-9bb6-b88ad7ed2e42
54baed35-6d40-4246-b533-4e7d2c6c7084,Discover,f720e57a-359a-4c35-abfe-cd636d3c8e08
0c09773c-e77e-4e56-90ee-871e30fe4734,VISA,ed0872b8-9524-41a9-937d-b2c2d55f07b7
9d928405-b330-43d7-856d-8826dd004148,VISA,2d43ab2b-a4a7-447e-b629-c6dea98526fd
e513fa4a-ea34-4644-9635-9ccad17e233b,MC,0209b35e-26c9-45f6-9c6a-68da73246afb
9c0c17db-a2ff-4a99-bca7-c48910be8948,MC,c21479f9-1c58-4bf1-b90f-16a623019bf7
f9c3b663-7428-48f4-8ac4-389748366a1e,VISA,804f5701-85a3-4b7f-8caf-784bb0484ff3
c2b48a70-e6d1-4f39-a37f-60a19fea3848,PayPal,7f399f38-19e7-4c84-b142-02ac10411403
11ee55c5-bb25-4fad-ac51-dd1d4dacb4a8,PayPal,a090458e-c100-4d74-8763-209b94b9ee02
e72c8a57-7154-49d6-9430-e8665c659fcb,MC,8cff2f9e-a254-4907-a8dd-02d81a52063c
d5bcc5ed-35b7-48af-b3a4-b83506f5e2e6,MC,89e8dced-4aaa-4248-a2db-8c7d3844caae
a09625c5-2a74-4c78-9f8f-dc437a4c98e0,MC,8712d9d2-0fde-471e-896a-a2564ee2c177
ef7c2ad6-e522-46a1-bc1b-f0d0dcea6b05,Discover,9d8eafdd-8a40-42db-afe4-8755f32109ad
6d415321-56dd-4186-b635-9255684c2562,AmEx,6cdd869d-180b-444a-b454-52e2fc4c0a7b
c683a0c7-32dd-4995-b260-ac620531cc7d,VISA,1c897d48-b0b0-4956-9487-92b39d6a4679
23e4b483-b1b5-4cc7-8870-b3a2e31cc80b,Discover,cdab2f9e-f82d-4dd7-8788-a2d6034687cb
2ac2f014-45a8-46bf-92be-0845fa3affdc,VISA,ca3035f4-5536-472c-acd6-3f2d0a7e939d
d1f21d49-2d13-4427-a471-21fc3acc31d1,MC,f30411bd-cd84-4fa3-bb55-00ab375b33e7
ad4de927-25f6-4ad2-9d44-e702a88ef4a2,VISA,9f065851-ffe8-47ee-92e9-9cf303a60722
fd83e9bc-f482-44d0-8d2f-b0a9ba06bda6,Discover,f62d2429-e0af-4a45-a14e-2ceeaf3a6a14
f883ab23-c861-4da2-9de5-f87e683922d1,VISA,9580377f-46c4-448d-8fe6-cf0930d0f984
85b3933f-619d-4c01-aec6-1786889fb35d,VISA,99f7d8fd-ba7f-400f-9d38-60ee35b9658b
253957f7-d786-45cb-9c8a-af1aad1a8958,MC,2ee97d4c-16cf-4b98-8e64-163fa2eff774
96ab9cb9-83f2-4f7c-b3b9-4d73cf8245c6,AmEx,72c5953a-511a-4798-b7a4-6d82ecd2f034
315f4ca2-a0af-47c9-989e-47f5864619fd,AmEx,d640fa23-ae8a-4181-bd30-c8c12e97f3aa
3752632f-b917-4df6-a3a7-8f7f81eec9ff,PayPal,542bb8cf-bc0f-4d28-92f8-9c0f3765331e
515ce4b7-c6fe-4a97-8bd8-8790ef494f47,MC,0abd0bc6-0666-4229-9387-67f85127a7c6
614ce20d-26cd-4af1-9b35-150db4ca4460,MC,58925a71-a217-4e9a-96cb-bf513692c6a0
bd00d7d8-c9ad-4628-a576-75b55bbbcd52,MC,833aec8c-03e9-40c6-bc5b-a7274c7c2e20
308ec80f-10e3-4909-8a35-bbb5400a6ddf,VISA,0340af6d-0a8e-4293-a598-9d2bff7e4d41
32d29a24-804b-45db-b62a-10ad3e31e16c,MC,5b2b5ced-33d8-4874-8ed7-241acdda73e2
f95bc7a2-dbfd-40c9-9cf7-569da226eb2c,AmEx,9d71794c-67f2-4d57-96d6-e4f808d6f28a
34af455f-2647-4b86-b75b-7896074f599d,VISA,aa5a76f3-b741-4800-8408-4eefac32c473
f3372d8f-6f64-4a6b-bfaf-fe5fdb8fef52,MC,9fb81375-9fac-4e68-a5e7-478e52b15497
0e13290a-a453-407b-b54d-2b9f0d462c25,MC,2059d4e6-24ee-4775-b851-621dbf3e1248
33d427c4-7981-4757-b974-b29b1bc221f3,VISA,88676989-d18c-42b0-ba44-4dae381f0be6
312aa17d-b704-4cdb-9259-d8421df3b115,VISA,b62af8d7-b5d3-4552-aeed-ca430cda4f72
bd694ea3-9124-4293-9b1f-ee121e59d58c,AmEx,e3615a08-1283-4a07-a4df-e7f4dffbc259
411060c2-faff-462b-a24b-a8037e656b73,VISA,cd584a6f-de11-4fc1-9b7e-4ca632758504
ca7acacb-68c9-438c-b7b9-ebd5eb2cef6a,PayPal,85a319ef-c08c-459a-b709-87665963f7df
b5ec113b-7990-4c04-9742-0aef162fc267,VISA,627eff00-09d5-41a8-83a6-1355faa4b42e
66bab9d3-ab13-42d6-9877-ec105f558140,VISA,e2470f96-ce53-4c88-a1d1-7fa916f029f1
581f9694-0655-4119-a1bc-709787864484,PayPal,a683407c-cdb2-412c-a3bd-04cc01c559d4
987a3469-eff3-474c-aa8c-a16474d91f7f,VISA,df7a40b7-1f25-48a5-b42b-7457d123d78f
ced360fb-fb1e-4b5c-bb42-17539d9aadcf,MC,c5ff5883-baad-4263-bee7-18b60bc281c7
56d8a113-a524-4f14-b6f2-9bc2f4b65ba6,PayPal,aee38a39-6240-4963-90ff-888b3033aec7
8bec45b7-a249-4276-a212-88a1ccffe119,MC,ce62041a-491d-41de-ad16-731965b26534
e9046208-8bbe-492b-a750-3b2e6e473a95,VISA,009a706f-88f3-487c-ace5-ca9993f1da95
b085cc97-cdae-4d24-9df9-2e5ff960de0a,AmEx,50c91542-83f5-4a47-bf8b-a0e7c81485c4
4e61d5ae-202b-4a65-96f9-7edb50f896ad,MC,e7b0d450-8957-4985-b7bf-ca4c1c1818d7
8001f4e3-a7c6-4b80-999b-32b35ccfda9f,VISA,4db95d88-5fc8-41b9-ab41-e5ed76945758
81addfbc-2f92-434d-b4be-76823b79803c,Discover,c369abfc-f44f-4b3f-9233-cacebe120fc2
e6bd42b1-de18-4b79-b6ea-72dfe0ed40be,VISA,1172b3a2-d5d4-46d3-8ae6-31020e860e06
bf040bfc-24cb-4129-a3b9-efd601696bc4,MC,18e5d702-59a8-476f-95a2-40e61490e33e
cc749111-0170-4fda-9536-75e0f18839ca,MC,fa617ea0-77f6-46dc-ba5d-40c64231f514
de6df05f-1478-413f-9a67-99852d3454fc,Discover,5c31b140-137f-4db3-a19e-8ff0280c44ed
48048b96-3f5e-48df-81db-f930164f3ad9,Discover,48049599-c909-4e23-8194-dd435f41b9f4
266ccb0b-aebc-4729-886c-d688e88f3830,Discover,b080cfda-a43e-4699-8440-f10eaa0c77cc
df2f7819-2528-4b95-95ff-e8ab75b55714,MC,22de779e-8db3-49cb-90ae-452af9619e62
85405927-f16d-4f6e-b73b-226f4c21c971,VISA,4763ce42-1567-442d-a040-fa11228c5b2f
3809348b-706f-482f-86bc-51a390da0ff3,VISA,60a56ee9-840f-48de-b5d5-011a5b8e3e71
4885713e-9147-40be-a2ff-8c73bcba6347,Discover,6317f3a9-e8a0-4cdc-ac08-98fe5b7c0f20
ac8bb8e0-b89b-4032-914c-e86eeebfdbb9,VISA,454bb064-3198-4852-9daa-8543b0e86107
c61bb649-0ff9-422b-81cc-441b2e65e69f,MC,95792b9b-b9a1-4712-a74b-fd5ec4108571
b9e36627-426a-4cad-ba08-ba70bb473a7e,MC,fa83480f-20dc-4d59-90ac-a829f8a3fb17
acc18888-572e-4321-b3fd-7b0080fd16ea,AmEx,e8775a3b-3109-4ba4-815d-a786ef1a3ca4
20aabbb1-33c6-4b8d-8674-967aab96d9bd,PayPal,699f224e-6418-44a2-86f5-34c178aefeee
90e2b4c1-2880-4fe0-afc0-ab28dbb5d3db,AmEx,4f529e6d-cb5d-4f26-bf7c-c2c2ed2a0b07
9cd16985-d577-4caa-81dd-3fdb0b84c2ba,VISA,6cbe29d3-30c0-4a0f-b6f7-54a91dff217c
1f73a444-b8d1-467c-82a2-dd2a0d362a31,MC,d9f24377-17bc-408a-8dd0-252b5b8a4ae1
cce2724e-dc21-48ea-8d49-9b26a6ce6a4d,VISA,2d74ac73-4456-4953-b85f-7b91a5c9c78f
59516193-d39a-4be5-b526-8b4bf5b86039,Discover,75c010e6-1985-462c-af0f-ac6088f28323
20bb0a54-86e7-48e6-a4d4-f29144f1834a,VISA,c97d1577-76a0-4f6a-8fd6-5692bbb35184
36da1bd4-f8fe-4031-8758-62fb27db098c,Discover,a52d3c08-4d6d-4113-9739-14be81a0fa95
d69121f4-6bad-4ea9-ab6a-44afa8e8663d,Discover,f9978f2c-5bb2-4c07-886c-8e1f8c0ffecc
aefb0d16-4254-4c0a-b04b-22a7704fa080,VISA,35454049-7dd7-48c3-8a25-6158811fa42a
cd5e5bb4-24e0-441d-92be-3ab999c798b9,MC,0197cda1-5cee-4d22-83a5-abd8735e6b5d
571b570d-9443-4776-97cf-20d7ccda00c1,VISA,759956c0-0c6f-4565-aa20-ee8a04a787e2
ab1c9fd5-e9c3-476d-911a-fdfc4dfda0b4,MC,912e233e-0f04-46a7-9014-c99a6a9200e1
129f010f-7762-46bd-b183-96294ac6e715,VISA,d0fe717c-1d5d-4830-9e4c-ff486409c1b1
2b9b392d-17d6-44e2-be79-e14affc06980,AmEx,d9607fc8-b4a0-4633-a349-331905f97be0
956dd717-a458-4e45-9cef-403fbdfd69ac,VISA,2039c060-ed82-4d58-92c7-ddec444ecdda
a3a11de1-4375-4f88-a15e-a65afea190aa,PayPal,604e5a95-6563-404c-96b4-2d129c67ae0b
14ff53a7-d78d-4547-8920-9805f9467342,PayPal,72072337-5f50-4cd8-99c4-c75403e454c5
0122df9f-0c88-415e-b935-ccb3e095ba49,AmEx,fdf536fb-32bc-474c-98de-798015607dcf
cb2d5b3b-e16f-4dd7-8594-86e6098142b2,AmEx,3e557ee9-15b0-48fc-87b2-ce14e688bb33
9a437139-7204-470b-8e37-469e180f15b8,Discover,cd9412fc-be80-42a4-9215-f41957d7aa72
92da739f-1362-46c7-aacf-c1f5c5909e41,PayPal,05470cee-56ab-42f1-99e9-f087d092e8cc
fa143e00-f845-4613-b831-723e336fbadb,Discover,09b4aeeb-e61a-449c-b348-95ac08517a2f
9f72af6d-815d-41f2-b8f7-bf66649c318e,Discover,3b8aadda-da81-449b-9f03-e874475d12b5
37419d42-0091-4a60-b3b6-d9d49b970185,AmEx,0e850562-4c70-44cc-ab1a-e39cd161bebb
1e85cb07-6b6e-4ac7-96a1-558690e597a0,VISA,e05b2497-f374-47ac-8214-a3e54829cb64
b4466cba-6369-4d90-b554-c19a5752cee0,VISA,7da07075-7e38-457c-b629-71bb2b053ee3
9de774d6-7717-4e9e-883c-df40c81bdf9d,Discover,fa1b7d56-5a3c-4e34-9f7d-fd89d91bf9aa
bd1e7419-af40-4592-b053-1b1ffff633ae,Discover,64b74387-6536-4155-b3ac-b105252c7e17
7801af46-35dc-4b4e-a6e8-a2b0f68a81c0,MC,14d5650d-d1ce-4451-8cd7-5c5fb49f128c
7b325bb9-8155-4c50-a81a-7e68f4ff7f27,AmEx,4c83ee08-afb4-45d6-bd84-8c780171c108
b321332d-6f25-4bd8-934f-91f769a4ec26,AmEx,3f2413bd-0dc8-4139-9922-eb2f18cd7fee
7bdd3214-13c3-47a5-a4b0-6ac68b782ac9,MC,91566811-f9ad-40a0-9a27-78d1ca9f9f57
fae7c46c-3d7f-440e-aeab-a35c4a21c710,MC,ec1a7410-f4c9-466f-ba33-66c43ba7f59f
3ca2614e-54b8-4ef3-98e3-3fb7919a675d,VISA,c871c2e7-c5db-4650-b949-2a0524694f6a
e6ffa2cf-9b88-47ad-a558-ec88459e80d9,Discover,7e61d822-0803-4ae7-9948-cc87c80df111
9367e976-75a2-4ecf-ba52-5102eaac6b43,AmEx,1ecc761b-7169-4c48-b6cf-34b6f04295f3
45f3224a-a714-41b6-8f99-d5dbc32bf0ac,VISA,fd23c5b2-9610-4426-83a5-0815ca884eaf
4981fb4c-48d1-413c-87b0-ff65c588455b,VISA,85e952c7-db75-4018-9033-ceaed03ecfca
cef97d3b-f0d8-45e4-a44b-92fd6a183e27,MC,95dd14fb-637a-494d-a302-7ba8e2d8b9d2
72c0c94c-f950-44ac-b3b8-c0937b06d9f1,VISA,67ce0135-bcc7-4190-b067-b1fba14417d4
b14f9627-601f-4b2f-be99-dc3c73105970,VISA,bece6a18-5a30-4735-a79b-a49019ccf8b0
4fe10654-412e-4ce0-8c84-ace1f0f7fbbb,AmEx,db045e4d-867d-4c8e-a93d-1c137e5bfca8
4906683f-39b8-432b-8e0c-51f6a08881fe,PayPal,c530f169-c287-40b2-8a2d-deb0686eab1a
a86f7a3a-0cc5-4358-b000-68051e7c178a,VISA,4d854a5a-6a3f-4c0c-8dc8-8ae3ed04e0b1
f12df8fd-e4af-4536-8af1-40ea25c9767f,VISA,45093da3-1572-4daa-8d15-8a8c7357a4a4
bf47661c-b822-442f-bdc0-18225b32b754,MC,82ed753a-8a64-436c-bd5d-02d18b72b5c4
51fa1938-5ff7-46a1-844e-03bdca7f6f8b,MC,a66de009-1db1-4dec-922b-c05a5d867641
4a9a950b-382e-42e5-b028-d3841eb05f2c,Discover,9f4eefa5-83d5-4f67-bc80-63fd38dc3215
8d48407a-7f21-44b7-a2df-bd3e221d4ce1,VISA,001bfd7a-6c6a-4a66-aea5-9b6d44985cf0
cf686eb6-afc5-4ec6-94f4-2f268facb6bd,MC,124231dd-b026-477f-b51b-06b276a55da0
9bcc574f-6df1-40e1-819c-7f15e2a71a70,MC,c0626b07-3032-40d1-a161-bd5eafe47d34
99637115-0eda-4e54-b7fb-d5a0967b0120,VISA,9812739b-4790-48c1-bf19-cccb4353c89c
08fcac8e-d769-45ac-a553-8decaa586bfd,VISA,fbc1756d-b3ae-4b42-a3b9-20bc49cb8471
3199b57e-3aff-4965-bb54-c8e030b846e6,VISA,033780b9-fc7d-48bb-ab25-f7d602cab6f1
90514815-92ed-4c76-8db0-49c2376f0979,VISA,9c845b75-c19c-439d-b950-ebf9b06bc071
32ce5f27-61d4-4806-aa47-dc5e3ee03b3e,VISA,af55087d-fd1b-4ccd-921f-861be13170c3
fef0d735-13df-4610-9e8a-33bdc2e13c45,MC,3a2322f9-4fed-471b-90bb-91d53b34abd0
ba2fae5c-b0e9-4870-abc8-ee6aa8df9a48,MC,4b5bc093-9597-4dd9-9dfa-2cd8c35ce37f
368041a8-0ca2-4d4f-a35f-0ad3753b338c,Discover,1734d34f-2919-4062-8d86-981c6f6ff339
d4fc0be5-ef50-4cb5-a82a-6839f9668422,MC,58e6134b-4dba-4843-9f05-e7a1f498bc75
f80d1b06-0299-4f33-b914-42528cd70623,PayPal,015bc26e-d4f4-4784-922a-5f8012dcae5c
613df29c-6a74-4a7d-89c7-75b904165507,VISA,042b3ad0-a8a0-4599-90cc-ad73e23c88f4
11d3d998-a391-4ad3-9815-0ea97b6cb309,MC,b896bffd-b83a-4f3d-8c98-9bed951a8cd0
5262275c-c14a-41e2-b58a-3c5a7d49ac9b,VISA,4c5e0f06-bed5-448e-a79e-61a130cbe3d4
f0edb977-b8fd-46e1-8444-9cea91d8d5a9,Discover,269ec384-ec75-4358-9548-5624d9e4b183
223b5a2b-9334-4cf0-bbce-c0d1d5f88683,MC,0f1bbf98-40b7-409d-a3a3-254844a49190
a55720d2-eca7-4fab-bdfb-fb8e3f315f8a,Discover,5b6cce97-d458-4a80-97a6-8007b3bbf9b1
eff1ea8d-099d-4633-911b-b921ac5f2ede,VISA,494cead6-e5d6-4fd2-abf9-a78c6b067ab3
bfb4ac2c-58ed-427c-b970-6fcaa2c4d295,VISA,8ac7ae31-35b6-4b09-987d-caa88d13207a
9ce87be1-7b27-4f03-8ebd-1785a85e6fb4,PayPal,c26a17d7-2073-4a94-8c25-f39df58a8efe
b6a4acd3-79c8-4b3e-9084-40cc1a7d1545,VISA,27017b96-2408-4508-b08a-6f5335fe1522
990950fc-8613-4514-ab6b-38127bd4842a,Discover,f5080ad2-3729-44be-93b6-3a3f3612217d
48a0690b-0567-49e6-a17f-b59d942651d2,PayPal,ef44324c-c541-4078-8186-8bca649d7f08
5b76ba14-a8c8-4a1f-b873-e5f13d48b536,AmEx,4816d58c-a466-47ee-b1c4-712c75ffe8aa
4102fe3b-46e5-451f-ae0c-6d217805bd1d,AmEx,2ebe0c98-39a4-4de1-9844-8bcd25e48c89
578620ef-878c-4c20-aab3-4003f0d390e5,PayPal,5e178322-f6b7-407e-8464-4a4e89ffa63d
05ae4cde-0d48-4605-afbd-4548f2c05e10,VISA,f1941699-0d41-448a-9f79-67194b272111
258025fa-ab0e-44ae-89d5-41aa71262762,PayPal,3f8b3d6f-3987-4240-851c-693432508cd4
ccd2bad1-7577-4a62-865a-8088e2da4a4b,MC,36382ad5-c9c3-4a92-b2e9-cdf8d2a893a4
ac4e0af5-f01e-4537-9ff2-9d11b951820b,Discover,319a20cc-c0fe-4c37-b18e-e0a255b6609a
a42fc4d0-a4d8-42df-b6c0-0efb5dfca201,MC,968a9549-361a-4d98-bf7e-097c571f58a3
12252011-6512-451d-86ce-fb752c069261,PayPal,a9b4a183-1964-41db-a6b5-904eedf88cb3
d044cad5-4a6b-41f5-8842-5d385bce7d6c,PayPal,b9fdca40-212e-4bc3-9e02-41a8eb3a41c5
5156a95a-727a-4e71-a4dd-6500865e0f98,MC,6c00d7ff-d830-4fbc-93a8-c676395b8727
dabab0f2-5eaa-4b98-9368-1ea4ac77f7e7,MC,39ab3423-156e-4208-b4d4-1552d088a436
3861c186-6280-4822-83c4-3be28121ecb8,Discover,6933032e-3864-4cbd-ba7e-1a70667f256f
6b95163d-db8a-4b35-95d7-e74e6f8f4908,AmEx,ac80b89b-c5ca-4654-8d8f-db0793f46808
f5091ab8-60ae-4817-a30d-afc30751ce50,AmEx,0a6fefff-405a-4f6e-8270-4b91f02f3fe7
7fc8786d-1d64-4dd3-acdd-3cfb1776f854,VISA,bbb15be5-7ebe-4cbb-834d-32d9c9581fee
5cc79268-a24f-4aaa-8202-278ec8c2d63f,Discover,7c17f3b9-eb5a-4d7f-99f3-97ac2f5e3ef2
ce08d9b7-699e-42b9-81a0-a2240bafe422,VISA,cc6fdfe8-332f-45fe-839a-22a70e8bb6ae
4394e1d2-b0a7-4fc7-af76-2969abea2b3a,VISA,a704a33a-f4cb-4fab-914b-bdded5fd2606
a638bb18-fb28-47c7-b44a-c0c0b4215b25,VISA,168d3308-9097-41a0-88fa-ee2275b09e15
971e53c4-f334-4199-b831-a1cf392b473e,AmEx,65fbd2c7-fbd8-47d7-a393-1730debd9a47
4d938d18-cf43-4f77-b407-cb9e69f5d95b,PayPal,392ce5de-4119-4d3e-87e1-09cfb67a8095
1ddfb396-15cd-4dd6-bfa4-98f8efdd23cb,Discover,ea2e9e33-2c07-40ec-aa9f-fd4bf65bfb6e
2ed8e554-36bd-436f-a362-6da9e1df42b3,VISA,0897f3eb-0034-4f5c-91c9-4c0fddc235f4
c02c96d4-4250-4b5b-b331-617c8ee0ced6,PayPal,45912132-eba7-45af-b29c-2ffa7dcce100
ba7f9aa4-1bbf-452d-9ec8-81cecde37163,VISA,4a20b6ec-9801-4139-88d1-483d778c3b1c
120691ae-c506-4979-a544-7eee0fb83bf8,VISA,3ddd2e2d-941a-4b28-854b-1bb2971b59e7
044a9696-c705-49b9-bc9f-7fa4b479d162,MC,07136b15-aee9-4c6d-9d0b-e9aa20ae7e4f
8dcae465-0496-48bf-9bd5-56abe2add1cb,AmEx,37be2e76-6df9-4f03-a185-aaead560e46d
d3074121-719b-461b-b9af-b2dff8378d00,VISA,e10a86aa-f227-4cc8-afdd-1ce25d6a44f8
95755b20-4958-4f4a-94d2-429623745bf3,MC,e6b2100c-ee17-4395-9f92-25d186b57766
9b5db3ac-d68d-49dc-8516-e49e2e1221a1,VISA,fb6e275e-f01b-4656-abb8-b5341c50b168
e9add294-3e6c-48c9-9245-d06aeaf03b14,AmEx,daaa8654-7197-4434-a2c1-9412580aacc7
3b16c94c-d904-4d36-8d31-d20a7b91f338,VISA,9b3b3317-1ae7-4c7d-9017-65fa2d86fbdf
4f4b1b06-6798-421a-9c60-3050b872d351,VISA,a51c455d-3c1e-4e37-a85b-64554b48af80
4f2dccde-79ec-4732-96f0-59896ec82c02,VISA,5e4825c8-8eb1-4a87-8128-78660a53c459
1c907b7e-f07a-41ce-a521-1a59adb490a3,MC,6d7eeef8-da01-4841-b4ff-3fda62b96200
8c267a74-8ddc-4c78-8ce7-e49c9fd95576,VISA,bd00fb5e-cc51-4224-9212-0d96b027ee1a
e64d05f4-3f21-4608-835c-12235130a6eb,VISA,14409df5-04e3-41e2-9962-e481ff58a7d3
d4192816-1c83-4702-8405-92c92a534642,VISA,b9e141bf-d6c2-43b8-aa1f-b25f391e93ae
ec024fc3-b619-47c8-9d0f-d6f47618b1bf,AmEx,092b2c0c-35f3-41cb-ae83-99d00be398be
38c59b7e-cfd2-4b8f-95f0-e701df3e4dbd,VISA,db60daa4-01b1-4aab-889f-115294df71b4
39f7b67e-6a99-447a-a335-8f68e08ffe32,VISA,e6e7946e-e8a9-4fe1-8fc2-056b4dd734a6
2967f56e-0bf9-4af0-b173-c00a25e36f9c,VISA,4edcf441-835f-4dd8-9806-6f2ef3ba40d9
cf73dd4b-694f-4d2a-bd6b-513cb09a06a1,MC,31e2b6f6-1b91-4c92-9c5c-f0403c8a3ff7
4be6ceed-b7d7-401a-bce6-9135c3d6da7e,Discover,3b6efe8f-0f72-4d47-9e87-f5abcac112a8
443a7fcb-797c-455b-a311-cb94d587cbc4,VISA,f345324a-25a9-4857-ad38-f3a31fc6f422
cdef3fdb-6aec-4a8f-82e3-261528b6fe33,PayPal,ee2ad642-f3ed-472b-9445-abaaa3ac8397
63f297f3-c63b-404f-b0c2-2f7016862e6d,VISA,23fa32a0-15a0-402f-a93b-56308451d68b
3851d029-15e1-4d55-9b5e-27fd7f4e9577,MC,f8c03aa2-effa-4853-9ec8-9cff205a6345
15804f10-fc28-4f67-8642-7e99cab8b43e,MC,08410d59-0bce-4dd0-b1ff-5fa20b1208da
cbb464bb-015c-43c2-b787-e899c2f6abf1,VISA,a0815837-5c66-460b-868f-f1af30f1c4a7
2a1abbf6-9924-44e0-850b-8f27178d8599,MC,361969b0-c134-4634-937b-ec16a4d788ba
aa2a2048-6d1e-47a0-847b-7f5eb57579c7,MC,08733fab-ac13-4b76-82bb-af276dd92263
2a99af1e-c4fb-43aa-9da9-1be7581f0e7d,AmEx,68fc60f3-d5be-4a2b-9946-954f86092d8f
e406eef2-807b-4d26-9c65-b51ca046dc90,AmEx,241a97aa-59d2-4a15-a716-74a881609caf
957db944-0b38-4aa1-9982-bb18f967a40f,MC,42faa529-7a6f-4180-a6bb-df320e85300b
50084301-a9cf-4804-af8c-27ecff7aee47,VISA,f4768b59-7408-45e8-b38d-875868e8e8fe
91848a26-edd1-4d1a-bdd8-adb2c1b9fc83,PayPal,893b504c-5f05-4365-9545-703e918a7a93
bce56cc2-b55b-49da-9f29-911d5791fdcf,Discover,b675e4f0-d290-4f3c-9e58-acd88cf96fa4
4d4f7133-08d3-4589-b089-1f331d0c8514,AmEx,c5a40d3c-e637-47fb-a168-b933aafc7d62
1e5fa25d-137b-4526-b486-b0f75a8bbfde,VISA,c409fba0-6633-4383-bc0a-a9d9ee423670
3a104857-555b-4cc0-9995-eb2d21e8926e,MC,c03ce3ca-dbfb-4be1-ae83-30c0ce29fd23
4de0f5eb-c816-4992-a3f6-b01c0151a65e,MC,5c85d769-d612-4098-9020-bcbb573043e5
22c30e4e-8561-4dae-a760-ea08334f86dc,VISA,8d1e0df4-3c79-4183-9c87-d6332aabe7d9
7cfa8bca-967f-456d-9b39-43d1bff541bc,VISA,4ede6466-1c76-413a-adfd-1176e0c3cac2
ae868b91-82c5-49ff-9ebe-48f40d5ef1a1,AmEx,35f89216-dffa-4aa8-aab7-806c2ea9f6e5
49bc1a21-fef9-4f6e-bcd2-35082f655076,PayPal,aab549ef-2c22-49e6-8dde-1444dd745421
b4d2f729-e8bc-49b3-baa2-59dd44c6161b,VISA,18c4b7e2-6914-4d75-948c-2c3b3009483a
a87909a5-1dca-413f-a0fe-83cfb9a31221,VISA,3997a4e6-8d53-42a6-bfa6-c123068afebc
36b314ca-6a1e-42ff-9caa-e9502c476f17,Discover,f92c89a0-f5d6-4cf2-8ec6-3ef8cd2fff6d
62c1594b-cefb-437b-ba52-7e8927f34a43,MC,e855f189-cd08-4838-b063-66d0ce1ecedf
4ddc5b35-ccdd-4e99-89f4-781a76e61c82,VISA,61eb4392-4f22-4dd3-b40e-a271e591de93
ab48c028-67e4-48df-9258-03c2ca7efdcd,MC,01d94cb9-48d6-465c-9d83-78716ffb9174
97077166-bafd-4149-9dcb-08d5896c1738,AmEx,d445abbc-ebb2-4d74-b5da-d2586d4e5985
8eae53d1-8848-4018-aaa4-7b7649eeac44,VISA,d679453a-c127-4274-8e4a-095f15ec3433
d1c3f310-72d5-4088-abb9-b42da676d750,PayPal,cbd8cc29-cf02-4ee7-94fc-9f8cd387a236
b47e7ac7-09d1-49f2-8072-b5784cbcece6,MC,b283ef4a-b492-494c-8e23-a3a3a39bf24e
7ed6bb8f-cb19-4a59-8c85-929029b5e927,VISA,711df07c-587d-499f-ad66-0cfa4992170c
289e0805-c4a2-4f9b-aa2f-6ee3d626c7be,MC,70d5e2e1-56b6-487e-8e19-e408fb0636dd
d64b3f0c-b77c-4887-9eee-961c96c59ea1,MC,d264ac65-ed60-494f-9286-f469010ff5e3
a1905d37-10d7-4b77-a78c-ccad43acd5e8,MC,fe022a06-ab85-49ea-9d10-6b33b0747709
7e238aba-2704-4f5b-bfe4-555754733d65,PayPal,5c32dde1-637c-47bb-a198-bd5bf8d9823d
070f1a3a-cbc8-4a2b-9cd0-f67da56df56d,AmEx,aeac8f05-2448-44ea-b739-2ca8ad160707
20a962c9-bc7a-4580-a124-1e6ec4f421f6,VISA,12a583fa-4c64-43e5-a594-67ef723a983f
ebbdcf76-ee80-4150-9d8b-688193cf2abe,AmEx,28ada8ef-eafc-483d-8e03-08750070f761
c6112525-a405-44d7-a50c-13ac574f23b4,PayPal,8b6ab67d-05cb-4dac-8db0-261148fc19b1
77191ff0-c668-4607-873b-e6cd63835860,VISA,9b143d96-301c-49f7-9fdc-fc3db2ddb8d0
7b3f9c18-242b-4c93-a3a2-ac5a560c9c0c,MC,7936b44a-40a7-4493-9dc9-e2e4d7c0272d
15a76586-5cda-4309-856d-172603fb1b6b,Discover,8b874268-049e-4f0e-8c1a-59e91f5f1f42
448daef0-6871-4446-9341-542be46e15e1,VISA,7083c48c-e3f1-4da1-9377-9ef90f47deea
d3c7db13-b65d-44be-bba0-1ab8db71d048,Discover,1b76aafd-66ae-45f3-9d41-ce0a1e5c372d
eba74933-cac1-49a8-b9cc-caf3c418e7d8,MC,75a6eb52-2900-4216-9297-8ff1ddd85e96
9ec1127b-886a-4601-aa71-c331801d70fa,VISA,23539c89-96d7-430f-aa6e-62e420c9e326
67ad2e0f-f421-40bc-8663-34f3b9674825,Discover,9ce5c56e-2342-4ccc-b61a-9d8b51dc7f93
05c52f3e-eced-4914-bfe0-a2ed502a52a6,PayPal,3e79334f-c5f2-4a52-9db2-edf0e9dfd07c
a2c0d250-a6aa-40de-9533-070de4625f20,VISA,cc07c386-94b4-43c7-b6c9-09d03e0be7ae
72358d22-c82c-4e38-8a20-6743f3e74d26,VISA,fe526e4d-cbf6-4e89-b7a3-f14a0a191347
f236a547-e8b3-4661-91bb-c14f9a4e89c1,MC,72e3a2f8-c2cf-4920-bad1-b0b238bef1c1
5a795d2c-9c36-4ed9-b8b2-5644d331524e,VISA,91cb7d0e-f878-485e-9ae4-eea4a6e2e69c
ec5143ee-2d2c-42ac-86b2-4bd124efc852,PayPal,a7b5b8e9-e33b-426d-860c-f531ca668dc0
4fbf5d7f-ca51-4ea3-a722-8feb474a9389,AmEx,393bbea4-bae0-407a-beb1-bf4c5da0f58f
f0a8193b-0068-485f-90c3-21e580ae4f4a,PayPal,196b5afb-da36-41b5-ab67-65f62123ff9c
9e73b36d-a0f2-448c-8fd9-8d03520677ee,VISA,266b1dbc-12bf-4d0a-9f56-58ab72773695
e3e7de1f-d62e-46f7-ab4b-ffa2603d2693,AmEx,c11f1af0-2ace-4063-9e5d-16a844830a4b
94b96d62-4933-4121-9960-612f5d6993b0,VISA,9911b07b-2cce-4674-88fd-0f0c953a9fcc
2295de49-a575-440a-b03d-b8a6b411e084,MC,40c91401-0b75-432a-bfc7-4d5efe2d6ca8
31131b0c-c216-4cbc-8055-96b9acb69a1a,PayPal,f6f2b426-5862-4300-9c09-8481996d0db8
49cd1d0a-f9d6-4796-96ca-e83ed20a869e,AmEx,6ea670b0-2a6c-4383-bf96-b95eb7855b6f
4226a97a-2f1a-4c0d-8bac-98301b8f9240,VISA,d2647733-fbd8-4dac-88c6-903c0f2e074b
f84e7d64-e3a3-4bf6-9ec7-a9c16919eb1e,PayPal,443e71e3-d7cb-4efa-87f5-3dcfa835067e
cc2c2247-6cc1-431f-8c7d-5da74e091e66,VISA,a6093bb3-2c4e-4168-be7c-8a8eb6b81173
6264ca77-dfbb-47f7-989b-7500f4a6469a,AmEx,2b116496-3b46-47c4-b799-90aabe79b1f4
f3570978-8e87-4906-9d91-91723a39b811,AmEx,b782a15f-89e5-409d-824e-feb49bb95f56
c99d5760-d14a-483f-b91e-7bb7d39dfe60,VISA,dd4a1b26-40b6-4023-ac6f-0506f05f19e4
a06b3cd6-ffda-40bd-afcc-f8785e707519,VISA,cad26011-6641-49fe-aa7a-921b65692900
c43ae42a-d151-4f48-9d4f-f9faadac6ab0,AmEx,e0763c72-456c-4c4f-b540-54be041b676e
055e7c1d-3c0c-48a2-91b6-bba2ae3e557f,VISA,13d3fa68-471c-411c-927b-054a794e15f7
63911947-64dd-4084-85e8-627b6700cfb9,VISA,14236fa1-5bcd-459c-bcd0-07ada02810a3
940cb500-06e4-405d-8655-a5157ccc1e8d,MC,dcad4e81-1d55-443d-9862-db25893e6036
5b729e70-c5f7-4bb8-8382-695ae57392df,AmEx,e9c57430-832f-4285-b6ec-e63c1049c0c3
f3fecb9c-05be-4dbb-8fc7-b14cf29afcc5,PayPal,19a09ea2-3d5e-4a77-9db0-2574921efbc7
70f6fdf2-5799-4551-9692-cd1729c58739,VISA,ef9ae309-f868-48d5-989c-9e7b6139dddb
3bfee0d3-6a44-45a3-a887-616363b619fc,PayPal,ecf3bfa1-466e-4cb3-b51f-52cbb48df395
51ea1c34-ad9f-4df5-984d-fab7090d38cb,VISA,247e502f-4fe8-485e-b530-d6be56694710
646d4cf8-7b45-4b3d-b581-4b39ba6c13ca,VISA,5152d309-2a7c-47c2-a686-243c17268ed8
79e57db6-3398-4614-bf8e-1e73cc9698ff,MC,f4c7c261-f4b1-4d2e-8ad1-a7158ca81396
b764a264-fbfd-4d32-bf7d-2795cbfd4191,VISA,6a35d211-5f13-4287-9854-956cca1eea0f
b709e6cd-5282-419c-bd43-d2eb46160a3d,Discover,1bed8683-0284-44a1-885b-f3e5b4147afe
ab5ec25a-3323-4baa-9749-48c04ac2e0a8,VISA,45209ef2-3eea-48d4-bc1d-31e9bcb1e2d8
c1b7e633-51fc-4da2-baf0-db04ed34a65f,MC,39966bb6-2e54-4774-88e1-a546cd99bcd2
cf9a6b82-d9da-4c94-a093-4a85ab7f3016,AmEx,ba69a414-a797-49f8-8b18-3a95ae4f4066
23089b72-b3d4-4932-9294-4fd387a83ab6,VISA,0c6dc542-cb49-4741-b22c-1ca347949e42
369c3f5e-c94d-4ef6-bd2b-b904bea656f3,Discover,deba5126-6f6f-42c2-801d-e0f990853faa
0bda46d4-439b-48e4-91d7-2ee4bf663114,MC,3914df6f-ef16-45f6-b5a4-16ba1218d2d1
20b1c0b6-5171-43ca-bc9c-5866ea1a7ee6,VISA,c059e9e7-661d-48d2-b5ab-fb25d2adda81
ccb6469e-038a-4c54-a338-42c813c6d4d3,AmEx,a4027993-5137-4ff4-8441-c6bcd995919d
576302d8-b15a-43c1-9b67-e28739bf87d7,VISA,32fd8253-e92c-41e4-b8d8-a91325727d57
dd8b3cc0-e95d-4b5a-8fe9-78df43d6bc33,PayPal,d04bf206-c3b6-48f8-8658-292959c53afd
74163120-695b-4020-b6f5-095bf279888a,MC,d15d8e15-43b2-402e-b053-79164710104a
2d968f50-0d00-4c8e-905b-ea53e5e652de,VISA,4c48a7b5-92ea-4680-971e-00b8dc985eeb
55f2fa8d-ccd1-42a3-831f-086d785f3c2b,MC,7c499de9-b009-4d1d-b1c9-d1db7fa9950f
395b2728-bfc2-4c93-a4d8-9e0f2c894196,AmEx,20c8df27-759e-475f-9ace-57bfa546dba8
5492017e-d169-46d3-b773-43e801837ffb,VISA,07adef15-9d86-4e10-91cd-55a4c2974791
97d7276f-caa3-45b9-a9d0-f7f389d34240,MC,e3c3408e-24fa-4a49-8477-dbc2a3b57d28
e4d58195-603d-40e6-937b-b1fb4e54735d,VISA,83297a79-e1d7-4aa9-81ea-a8b2a2aca75f
57eec1c7-b7d7-4900-87ce-5a05f8e4640e,MC,c5093e81-8588-4a98-818d-1102a5d00442
090115eb-daad-4326-8565-63480c068aed,VISA,bf62e7c5-3eec-4741-9495-69906d40f348
ddd7978a-15eb-4460-9a92-0d8015e33981,VISA,ae87e720-9b08-4e7f-9f3b-5704a0aa1aa0
63bbac3b-57d6-4da2-ae61-4704b3eef666,PayPal,c72514f6-70ec-42ee-86ca-400d669db42b
794f76fa-6a1b-4a2b-b754-8f97599d6012,AmEx,0ffc1c07-8011-428b-9f8e-9c9e1b99e2ca
8dcefc9a-1262-4b0c-aea2-619b587c3e8c,MC,93af2da6-9036-4bc9-a744-ea387ec98b52
30936f27-4fce-432f-afea-c3e574979b24,VISA,19d4e6ba-6847-4b50-a2bc-188e54fca363
4f9a40c1-21a7-4d02-a627-4bf0990d35de,PayPal,b42e03d4-6b25-4569-8791-8ca5f2260b31
a6a19db3-5248-4804-b363-70dbe381f822,Discover,97c9cc3f-348e-4af3-9e25-c87090565ebf
2486578d-e98b-4bd1-9d24-0a81b8ea9bee,AmEx,a758db3c-ac63-4f79-86e0-e5a764d3b789
1620e5e8-a238-4b34-933d-2ade70426d89,VISA,948c56bc-1dc3-498c-b0ef-4014552f5ae7
1c902368-cbff-4514-ae41-b8068072a7d2,AmEx,9a63f750-df47-4c21-9c2a-993d90e032f8
1196f51f-8952-4532-a58c-35cc3e1b92f7,MC,1a63f638-febe-4502-a8fc-b7570f3902ac
27548777-86e7-45cc-b3c6-618ccecc18cb,MC,3ff642e7-20c6-4881-a0c9-6a97fa2a58f0
042aa355-b134-4ab3-9b26-dd2e24634d38,VISA,ec66cc8c-6dd8-4266-be65-2f2fada6c7d1
15d60d2d-c7ed-43b1-8460-3ad23a5823bc,AmEx,20fd90b5-fe97-44f6-9a3b-7d91922b2466
740a032e-de48-4376-b88e-866c3a9c87fb,VISA,891701c4-76b7-4e71-9db9-a6051283845e
80ece95b-87f7-4b45-b262-6698157ef128,Discover,56796431-5542-4802-835c-8db8c14eb19f
30e1530f-594a-46f8-b643-1d7c3ccc7355,VISA,c63d29d5-d91b-4255-bdcb-c1b8c681d93b
bc54deed-64d8-415a-8541-e063c52b867f,VISA,8e5ac66c-01e6-4d2e-816d-79f637dffeb8
dd9dc8a7-409d-40e2-a65e-dee5fe5acc3b,MC,d36ec693-8cf0-4dba-be9f-a3277a47e0c7
9d30e2ec-cfb3-4e3b-be2e-7c3de4781136,MC,143bb046-7a41-4982-a09f-01ef32dd3965
533acd13-3493-4dc5-9287-9112975b31c2,PayPal,ef38cdb3-983e-474c-9251-40cdadc3f356
35b42627-beaa-4ad3-ae26-60e3665776d0,Discover,dd6952ca-a875-4714-b085-6eda1f2bbe83
698ca845-e3b0-4f99-89d0-9b074f94f307,AmEx,2105ebf0-12df-46eb-a7b2-5dcd6f9ee8fd
8ae4db44-421b-4923-9fdc-0afb40297868,Discover,b7d5f65c-7936-4380-9bc9-c02f507e86f4
ac6570f8-7d5e-4b7e-bb88-928d32d36b32,MC,311b3a98-d8cc-458b-ace5-6d093a5af633
47adb62b-3876-4002-9954-487e20cdd23b,MC,63b659bc-26c9-4e32-90cb-2ce060ca6186
76c82c88-f1c0-400d-b524-e55550f04e04,AmEx,8ebb0f59-a58f-444b-a194-a34c2f92122c
1b33d84e-5167-4b70-9dce-e0e04a2f47b3,AmEx,0a76aa31-5191-41f2-9943-a8a80f2f66c1
522a4ecf-bbb1-4acb-bedb-8f01227e1090,AmEx,d93da113-512b-4221-9103-cd19946c34ec
22676553-f935-4392-a47f-e69ddb32c32c,VISA,5aa7dc03-e4c2-424a-958d-bc79d8eec5f3
2a5f3fca-0d92-429c-8ad0-d67e307135a4,VISA,4b1a09f9-a656-4cbd-af94-301a5cb008ff
0d1eca12-3aaa-46ad-8dc2-cca389640d7f,MC,02eaf86c-68c3-4043-b85d-89690e759ebf
632e7f01-d4bd-46d3-ae1d-07bebcf5cd8e,VISA,555f0bef-84e1-4662-8f67-ffb5a9096371
fa4e7149-3fbe-4985-a46e-26c2c6dc09db,AmEx,b93da90f-1e7a-4ca8-9e6d-be589b2fcbcf
7c166269-ab97-4de7-9e56-16361d693552,VISA,c2b29a4c-9a89-4ff0-ab4d-7bbe580c5cb4
da485868-4757-438d-aaf8-c731ea093e09,MC,542663f8-ce06-4eda-b9c0-1b22a2259460
7a2849fc-ce7b-4dd9-863d-25e4ca0ce5f0,MC,a7f14e68-0628-4775-90ca-f4078def22c8
2d84b485-ef30-440f-b360-3675188aa0ad,AmEx,f466e756-5433-4f74-843d-b6cdf4dcab39
6d5fba6d-37ca-4fb7-a46f-6572b41881f2,AmEx,5fc516a9-4809-4605-8358-b2bba9b75c16
90cc3019-d20e-428f-adb8-a35350f46f9b,AmEx,71eb3ed2-bdfc-446c-af39-b7a38aae4a23
77f8cfd6-618e-4976-b8cb-e1c50eec4778,PayPal,d8f93568-cd2d-4a45-8550-eb27fdf664e5
5cc87651-9434-4a09-adcb-e7127a38a036,AmEx,c7704646-064c-4445-b9e6-91cf0b9a81a2
cc540138-f8f2-4719-a5aa-79c1601ee5f3,PayPal,bf92a57d-e05b-4207-aa03-9269ac056325
8c70541c-5b59-4f7a-96b6-e0d161f97041,Discover,ba4fbb8d-b471-4a93-a1fe-ea98cd4508d9
1c853ff6-35bf-423f-ae2c-9a3f589ef8a4,VISA,b8bc5860-e0b3-4ef8-a887-f171c29b848d
5adb5a55-27ce-45f8-b89f-6e8708a1c8a1,AmEx,b15c2fd8-56dd-4c32-95c2-d63ec0eed6c8
8a045d29-82fe-4a70-9a21-3cd50c841e17,MC,b710a8a6-1752-4dcb-9098-0511d23b2e30
b69a6c4f-937d-4c1b-9204-b19c23e99992,AmEx,558406c7-a83f-41b9-b441-db28b77a6d1b
a384994c-77a8-4e1e-9932-ef34ef78f04d,PayPal,221776ff-d153-4f15-b037-367de1d458e2
5bf87eb2-7e33-4f03-87b2-c6620b36c817,PayPal,4399a66b-4cce-4e01-8913-98b2b5fca232
207b052c-006a-4d59-b622-d2501f2e2073,Discover,2d885e84-a4da-4865-ad4b-265f4ea0aa31
b5ef2ee9-9040-468c-a203-5b7098bad3b4,MC,49ae9dbb-5d1d-40a0-a147-c8ffcb3297df
d6022efe-5be4-4ccd-b4cf-e75e67e98be7,PayPal,8c508341-9023-46f0-b675-abb46bb78377
565c0785-4a1b-4d60-ba61-54800875e969,VISA,b921418d-4024-408e-98a9-4882f9a843fd
97ae7937-986b-41ac-a9bf-d5e0710bfe00,VISA,569d09b8-342f-47dc-8f20-da9f52bbaf41
63bcff03-7e68-4e37-b240-a35fe17716bc,VISA,5776528f-59e7-486e-9763-1000fd30ba75
6ae7f019-3a37-4333-8ae5-20439c3f4ded,MC,55e1858d-bc96-4ff0-9a4d-f6c5f139052f
f73ad119-3931-4467-8f97-310ee63b0fa9,PayPal,4d6c47cf-294c-4fb9-b245-35ba1424a074
98fd250d-ab43-4060-a2e3-c11077d0e1f4,Discover,a8945ea0-3c5a-410d-8a63-81e538a6c8e0
d5551db6-de6d-4d89-b0ba-fa67b9e6a9df,Discover,99e44607-6e88-48bf-8ee7-df8268dddc02
c3d2f02e-ffbf-499f-b298-a55d666c75e9,Discover,9312381d-15af-4fbf-b6aa-5783eba49663
128d15bd-330c-411e-8870-2ea03ed7c3ce,MC,f35a230c-6e1d-4110-bfd4-70382caf743e
75dae8ab-ae10-4255-afe8-47bc2fcf29d9,PayPal,9da37a54-9562-4eec-b3bb-55648d612f29
d121b2fa-c4ed-4cb7-aaa0-36a09083a109,AmEx,3ec13e4c-42dd-4ce9-b99b-22121b7cbff5
2819a15f-6503-46f3-a905-cb06a096120d,AmEx,ac7ae8c7-1fbc-4c70-bd56-0d51bd3f3c2a
04e3b163-c555-4461-9066-054bc66d18bc,VISA,726be2cc-1149-471a-850f-d5e76185fa14
e410c4ac-0ba1-4cd7-bfc3-3514036fefa7,PayPal,59da7b82-6634-4ff2-96f2-fb024089b3a2
a10d427b-ed69-4c2b-8b33-4de2b5cb72a4,AmEx,b6770604-4d54-451d-9d4c-e0119e0c5ca3
eaa303db-1b05-4731-8532-8c3219948461,Discover,626f7053-4206-44aa-9261-82e351bcb953
13670b6c-7e4d-46a2-a37d-0723c4e5f3c1,VISA,864ef6e5-e09c-4f70-8c97-7a4f980acad0
71ce8af9-2679-4732-b235-f8f962fb8981,MC,55261f71-9896-473c-8e3e-ff4f89fc476b
a30855ff-d0d2-4408-b846-69204cd54470,VISA,51655c59-6f71-439e-b44d-19fbd465416e
206e3596-6dc5-4893-8d2b-a344a3910517,MC,6d250f15-0439-4784-b851-7880d596a609
88b0c2a2-59ce-4de9-86e5-4f40bd11df87,AmEx,a488ca2b-4b91-4d29-80a6-3e2c7a55aa7e
35cd112c-707c-4424-ae54-6960d77eecde,PayPal,daf3df37-274e-473f-a2b2-7e7beb44bb0c
5038d3d4-bce6-4db5-88d5-c6b13e752030,PayPal,b34b41fd-3738-4bbc-acf3-a787a58fde41
618e6f9b-2f5b-4581-9959-2416a1f1a0d0,VISA,2dae5d14-dcf4-4b7b-827c-814aad3c8c61
04cdf011-9789-4f3e-b12b-0a37b7957d66,AmEx,72fccac7-e37b-4112-b93c-8c8de3c3fd58
0b537c0a-314c-4b78-877e-6de4fb3e7070,MC,306da2f6-9cca-4ae3-8216-4332d35be56b
0003ec29-10d9-4b43-80e7-ad9783776491,AmEx,5be9f955-8852-4f06-98ee-65f86731fa25
42e39b36-dd3c-4317-b68d-850e7d9afc56,VISA,ef432e67-68ed-41a6-ac13-8e54976243f5
a40e627c-bc2c-4455-80bd-e8eed399708b,VISA,829a5b30-4c69-42ef-8661-934743398b44
a3d8a4e5-0531-47f8-b6fd-b8ee23ca0ebb,MC,06adc2d9-fdd5-4907-8742-f59acf2acd9d
e0deb534-5dcf-46c4-bbc1-11d2d6e78d51,PayPal,478acafb-1ca2-41a8-9d54-822fd9ac2b0f
7b314045-2cdf-4ca7-8d56-387f00908f27,VISA,1cf4c53f-cc29-4502-976b-8a02d985293f
3df4f1bf-2d5c-41c1-95fa-6db9cdedf109,VISA,9d7995b4-5a9e-486c-b499-3de3f749938c
b30146a7-5ed4-44ac-a677-34db76591186,VISA,e59c648a-0a6a-40b1-b03f-820d18762f15
2726b82d-1ef4-41f8-8a7e-edb077d6e6d8,VISA,f1661560-edd5-4e71-9060-317e1ced78f4
38482548-f97c-4ae8-897a-c8960c92751a,AmEx,f3933f5d-be45-44fc-b468-a10855712a0c
7947c226-1129-4c99-af28-0c25ea6eb389,PayPal,e21b3623-d0c7-453c-832a-aa70f5baaa36
a1463af9-afca-4931-9c54-a407a0668b9a,MC,090567a2-fac7-43da-a5dd-2f00dc21a302
41ab06cb-d7ee-4b5f-97e1-9b917558e962,VISA,441b0c38-6588-474b-91c8-122e07173219
072055f1-4099-44e0-8489-a476e6974281,AmEx,a19bd671-c09e-4654-82ac-5c1f8f61693e
fa176eb0-3144-4fbd-85bf-fc33f0f96521,VISA,53a9043a-2a69-4987-b582-8938f563bf2d
7d4563f3-3324-418b-8b19-e1b40fc13864,MC,23d2d845-a326-4734-ae6a-482476903f91
fe79fbe9-6647-4aab-b40d-9ae964d549b6,AmEx,ca1e9e2d-954d-48e2-930b-0b78e13e3251
9d8dfef8-fce5-4752-9523-38ac63ddee1c,MC,9b8f2e76-c124-417f-ad11-c247356338df
ae7c777a-e7b5-45f4-82e6-2d78b68a3c06,VISA,7f8ea170-9c97-4f8d-a233-dea4bdc0d2a6
8c1247e2-aa58-41fc-8819-e60f66027d1c,VISA,be63c302-5925-4c27-bac8-7896f53c8be4
860fba6e-323c-4684-b153-a36b14f6673c,Discover,414e9849-d435-4085-b3e8-bdd93516ed69
afb5003d-7e45-44ae-a212-0146b5133701,PayPal,b67c2891-79c8-4c55-a46b-6f7d2ad98bd0
33286614-8993-4579-b30f-ad1eea07d3b0,MC,fd5f151d-dd79-470a-8905-e566948419fb
be59f461-2ad3-4f3e-85e5-fd02b0481c13,MC,2a83626c-7b05-47ba-b889-1bdf966c8d95
b0d84085-c915-4154-ac66-6cb2d0ff7774,Discover,41fc5a7b-ae3b-4742-948a-a15964767cee
717bd64e-f1b6-4406-b99c-f58398f47f87,MC,43c44661-c736-4aaf-abbe-f4ffa27a2b16
1aa93535-5f20-4885-9770-a5bfbd69fd53,VISA,a7e29dcb-e513-41ff-926c-0096f999ba3f
d734f654-b9aa-4e8c-8e40-9c139bc436c0,MC,b1950dcd-2291-4eb5-826c-a813f4815821
58da691c-bd72-4024-ba08-6ff040aff7c2,MC,8b8a31bc-9f95-4dc0-9cba-1ed51cd5d109
beda461d-d06c-4c47-ab41-ca83db4a259f,VISA,fee4191c-0c23-4bbf-9a32-edc98abeeb2d
1d9ea52b-f89b-46d0-bc0b-d2f676c06d3c,AmEx,1e0098d2-ac09-481d-9639-ef040378188e
14070084-3c0b-4575-8d0e-5b2983810957,VISA,a9ff94d4-6d21-4f20-abb5-5c832aa86b86
ddd36b9f-fad7-47fa-9a6e-08936213e27a,PayPal,93af8ced-182c-4756-912c-8ccd9da0be1e
c6663715-0cfb-42f5-8dfb-0969c86dedc0,MC,8cde5d76-3652-469e-9f5c-d55556b6ecc3
170f02b5-0b1c-4421-9ee4-587098a29481,AmEx,fb30e72d-a946-463e-b3a4-b11804ec5486
02c6251d-6799-431b-ab36-28678ec49df9,PayPal,98bf8686-5822-471f-99b0-0f06df2fd719
c150e212-2dee-4599-92c3-d62a120f18b6,MC,ab35505f-b3fc-40c3-9fa9-fa9869782b07
2eb1224b-ab64-4309-920f-e80ece16c049,PayPal,ed5bb000-127b-4290-9b95-6c50bebf60dd
53e45403-27a9-495e-9785-563cfe4ac2d5,VISA,8bc0b570-7b0c-4ea5-be33-a0141e11de93
e13d8b85-3274-44fe-a2bf-1f89735c495b,PayPal,1f4feb3a-e61e-4c7b-98b7-9efa0a5a38ca
fe433ea5-e8e4-4570-8067-a7ed01604674,MC,d3e9d2e9-53d9-4b30-81f9-33812f465d0b
0723de6f-6742-4cc1-9e4e-a5fab6dff832,MC,c5658907-0568-41c6-9530-5c3bb6452c16
7c2bb92f-641e-4055-bc53-68c13eddbe6a,Discover,7b156c20-eacd-4fe7-8c69-899f8d29bb0d
a919e19b-38bc-4829-8281-2faeda9855ef,PayPal,2689f7b0-7392-4306-a73e-cf7d569f218c
ebe9abcf-cc03-4b81-b81b-df6f6c89ca06,MC,3a7d174e-b08f-4b5d-b9da-44177e51b2b5
e120118a-0526-486c-bb88-179a78d64c70,MC,4f3c52bb-f4be-47e5-8317-bc94e18cbed2
e978817a-3d85-4726-8998-c150bb5386ff,MC,e7d1b0c5-38e7-4844-8dd4-a6ff1b9c5d2f
6ea6ccdc-280d-43b4-8a8f-a61f1cd51b56,Discover,f95b9aa8-bcb4-4fa3-80af-a06f522650a1
823a9717-dc7f-4982-8744-15e66fc8780b,MC,1426d3e6-6482-4d0e-8979-e1675e6300e4
e16a139c-6939-40e0-81db-922fbe41068e,VISA,fcf2ffae-953b-4e06-aaea-165c389050d3
2c8c5f2c-765d-42aa-89d7-944d028016da,MC,8bc4ba80-00c5-4445-b87c-4e01b535fc35
ca2056b2-1c0b-4436-aaed-feab2d986a0d,AmEx,ddd85c70-1404-4842-948f-79e60f3cf010
ea4e91dd-3a2e-4db2-8eae-b5bb17aa2b5b,VISA,868f883f-1864-498e-874c-d4b5a1d1d08d
32482125-bf6e-480b-9362-70b251b8c121,MC,3f0724e1-3484-440b-a6a6-95f651018f65
26deee51-b9e5-4059-9a30-1ed17618d0ca,Discover,2be59181-d15b-456a-b008-0bb74ff54b7c
1aa9ab84-7200-4b36-b5f7-4963bf1845e2,Discover,5a037ae7-b4f8-4fea-b195-0779d507ba8c
f3357f92-822b-4966-beaf-7cca0f155cf6,PayPal,b358fd5c-79ce-40da-9337-9cbbd58e6da9
db30905b-641f-4e2e-bb9e-595cfdd758ab,VISA,22dd1e3d-0a09-40d1-aef9-531c8e1d792e
ac2183b8-492d-4f60-b4ea-31583ba7074e,VISA,cfe37dd7-945c-4e62-937b-ece901186a2b
19572d5d-7c16-4bed-b48d-2652ea0500a7,VISA,1da7153f-96fa-4685-bb0c-3a13d239dc10
f962cb13-2b73-4c20-839d-cf91bc9ab4cd,PayPal,660e89f1-8ce2-4a26-ad89-4f2526099081
04acf293-809d-4a3b-9a35-d913d9743342,VISA,4f62de7f-a51e-49d8-83ec-2d186fe7f93b
0e472cab-617b-4aa3-af26-6b4855fba235,MC,8b7a6e87-ec31-4cbf-aacb-ade5f8dfe955
5199af1d-8b3b-46a1-92b3-91ecd63ae9fa,PayPal,f837be05-8bd1-4c6c-acbb-5a2f44a8ca71
9dbaf3b7-5742-4b69-a511-b0cd6fab4b24,PayPal,85233eab-3188-425a-ab0c-86800bbfafb2
5f44f7ef-e603-4e55-a6d9-91edce46070a,VISA,d5f04dee-d6e5-4b1f-9d8b-21c436524f2d
94151ae4-853f-47e1-a84f-1951c2be7036,MC,525e4585-bc8c-4f80-b7b2-bee7e645df80
89b5163e-e824-468c-b228-adf750f4bbd1,VISA,d597bb2a-fc38-4470-99d5-82d7091f7227
bd8832ec-afc6-49c4-ba6e-fee56baa140e,VISA,7f4a9cdf-9a66-4a7e-8abd-a192e461d956
d98fed5a-9fad-4728-b1a0-b3c74095b45b,MC,40ecf694-9bb4-411b-9e51-44009f9f64a1
5c6b6a1d-dbb3-4c8c-b995-9d7599c91330,VISA,9ba481ce-8de3-4546-a6c9-84c3f6d99857
0e1b0671-65f9-4a3a-98d0-158248b7b580,MC,a4d8a5c0-17a4-4f50-b6e3-78ab6078b556
7be2d946-7730-43d6-9d9c-9f3a4539c465,Discover,f07f79ea-2dd7-4595-b5c4-51e155e5700f
479c1502-dd3f-4149-a712-866006a0e048,VISA,65175eb8-5d92-4bc0-b348-bc6091719763
c19e7e38-bb59-47ef-8eff-239c0743c166,VISA,66052a9a-faa1-42cf-8b7b-f9c514d8e065
b7630a49-7b62-4bb7-85d0-1f287c668781,PayPal,66ebb6f1-ec81-4594-a994-bb42ead86091
7bf64837-ae9a-4bef-a8d1-6e05550831a8,VISA,eade6f78-d888-459d-9573-78d199cb3dfc
5209aa27-bf2e-48f9-afbb-875f767d4b56,MC,722c6783-3059-447e-8bce-d57e86d601d8
319a1076-2f76-4ae7-9a5e-b9f661d807d4,MC,a3f87900-0c62-4e30-8148-afcfa34d0525
47cbc8c6-4e02-47ac-be5e-d63f4fe0331d,VISA,2f87022f-5ea0-4e8b-9d4b-9b6066439ca8
8ede7d20-d78d-4e08-b615-746ac9125672,MC,52b94e51-9414-4120-892c-be2937e77da0
aa56e961-fe26-40f6-8bf5-a0d11abf9172,Discover,52a8e524-1aba-42d3-b30f-93965e47fa8a
8b35871f-166e-4b91-9853-446fafbc9176,VISA,22aa7130-d82b-460c-9a25-b948c99da745
71cc171f-8fbc-4811-b9c6-2be1a0f37d34,PayPal,854d2e17-0309-4140-a236-8ebb385f0eb1
2eeb452e-4be7-4d34-9031-4960684c1a87,MC,74cbbcd9-103f-4561-9c94-9bb6fe70db61
5ba27fda-9d71-4a15-9d63-792e55ede080,MC,c48df1c9-2f7d-40d0-a312-cee0a99f5210
f972a584-33e5-41f2-a7da-9af6e5264c29,AmEx,55687da4-e657-4d2f-ad73-8a8d111f113c
88bcf904-a492-4b5f-b199-ec77b4cbbc7c,VISA,bb00582d-29c4-406f-9360-49b5058748d1
98eb37a0-e216-4d62-9e26-456b931f21e2,Discover,b2954ffd-8e67-4605-aeb3-7ed7a01bac7a
f3dfa31e-630e-4be7-bf16-df36123ddcd9,VISA,176a5299-d744-40ef-ad9f-1d27b2302077
5c23ac15-f55d-4709-b46a-5c11f183d545,AmEx,2e60a78e-3914-401f-9247-eb7874684c34
0b42bf9c-0169-4423-bbf7-a6c3223fe4b1,MC,33c48ebe-32db-476f-b060-93f7685519d1
00a6187c-fa0b-4d25-aa83-914a472f61a3,VISA,8e0cb487-12fd-411f-bbdf-0259aea3a867
673f9a78-cabc-4f4e-8065-3870d2bf26aa,AmEx,9f801e04-ca6f-46e8-b5b5-e0353b6e83d0
5b833a60-0724-4c0d-bd82-3048c0f13958,VISA,6295f905-2188-47ec-a527-c3f6dcfef219
53b5249b-95ab-4f87-9c4a-b751d7bfa7e0,VISA,981eff96-aa83-4a07-af83-86f167aeca80
5cf78127-8a8a-4594-80b8-602dcbf3a932,VISA,38217325-e30c-49c3-a9e7-057799aadc5a
2e6e269d-c2cb-4860-ac63-6e108787fc1d,AmEx,d6f97ab0-2819-446c-9dad-05345c80c69e
c7142c47-10a1-44e4-b02c-a7271004d214,VISA,695fa9ed-02a8-4e84-a1a4-ec01c0d47b65
778116a7-21c1-4381-baa7-094cc32b1e9c,VISA,7499233a-048b-4e91-985a-e2036cdecef8
c0916dee-3720-4b5e-b9cb-b10271caf5af,PayPal,985c9a7b-13e5-44f1-a0b9-04735a70b618
461afd8d-4718-4ef5-94b0-f70fa1a24fac,Discover,5f9d83e0-4b51-444c-8918-95bb6e8ceba9
996b5607-d403-4dd0-8022-cb88a54d3624,VISA,b2d0a5ce-220c-4691-8762-a81638ce9bce
62996576-ec03-44ef-bfde-f8ceab5064e7,MC,64b49504-1071-42e7-b059-aaef99c0d586
bab20dbe-ab58-4975-9756-c9bf97801009,AmEx,1c777387-0baa-48bf-8f42-32b463bed3b7
38863e24-ed09-42d8-8c59-c63f57199be4,VISA,0772caef-e87f-4129-819c-76654a14ed33
4f811ae2-ec5a-4cb2-9458-9a6da9b11f8a,MC,728bd4ab-2d30-432a-831e-5b37838f3b03
27d5b190-302e-4dd8-8f84-6be4f7773ece,Discover,fe3d9f9f-03bd-4788-b704-f3c33a6f95d2
b388ce9c-4164-4a23-9be1-009300cfe219,Discover,3aae9b46-9356-458e-a78c-b1d37b4e9cce
1589ceb7-1211-43d3-b2e4-f654415b0b0a,PayPal,b1730100-ea1e-412f-b23e-c32fc511661c
d1e7b857-7f8d-4385-9f01-b94fd2c5e691,MC,105868bd-b7c8-472c-ac85-ef1e8a3d2340
8bd238af-8d89-49ba-9a9d-5d69bbe0324a,AmEx,56110413-676c-4f41-9334-15bf96ffd35a
85a4b1a9-2163-425d-89a2-1b6ae95efd2f,PayPal,2ed110b0-7dbe-4412-951c-0cfaa81484e8
0f5f6b6c-9ed0-4618-aab0-3fc7039b74dc,VISA,c2e86d38-0ecf-4f14-b273-3ee170e26ab2
b2002928-c5a6-416c-a0a9-52a1f530587a,Discover,2f82b17e-f1a2-4de1-aeaf-c529acbca839
f06739c4-2182-4489-9f3f-9f807eb69115,MC,8e527932-c5d1-42dd-ad53-89dc31a0e8d4
e6b496ca-cce8-4480-b04f-7318d7e3ae99,PayPal,b4d2c6d7-634a-4163-99e8-5ce0f437ae91
3de71a64-1f69-4e35-a7a7-76abedeab934,PayPal,a469b7de-2cfd-4b6b-b7d6-8ddfbcefc14f
7bfe101a-8413-42f2-86f7-ea8a38c9d223,AmEx,ac2750cf-3b62-470b-ae42-b449944a4111
8d580c9f-c935-4944-a2cc-e104a4366bb2,VISA,1cce1a58-6c92-4162-87f3-92931329f320
8ae2c9ff-e538-467a-9fda-408177a5e26c,MC,3f8ff46a-6b5e-4d4e-9c3d-901a50256b5f
663038ba-4d18-4c57-907b-c15a3945c794,PayPal,a88c7425-fd88-4685-b20d-05ef9bf7060a
8b117166-061a-4d7e-982e-7d96e9a7a0bc,AmEx,c10d6e76-5bed-4aa0-8ace-13e239ee1e68
5e2c7c66-6475-4f69-9e34-e6d7c0ad2971,PayPal,a61d7235-43db-4d91-bddd-9a3d8a780600
f8b005bf-e530-4497-b766-fcc7921d9b78,MC,d2f76880-b77e-4df4-ab41-75e903d727e2
492e0c96-e1b1-4f5d-bf0a-868f2ab4356f,VISA,b46f2a9a-15d9-4592-a50c-2dea1c1ae598
3cec6661-4a53-4678-b596-bc4a8fdcae9f,MC,ce288bb6-88a5-4301-a176-b782e3cde129
4429b7a0-c68c-44c0-b9b6-032d7d5b0125,Discover,ba719939-56cc-44d6-95da-165a3e6ce8e8
839a5c3d-4ecd-4815-b3e2-f7655cd76c91,VISA,02d597c2-bb50-429c-90ce-51559247f25d
0b4e4b8b-2ba6-4f3f-80d4-f89b34af55d7,Discover,bcc2a581-284d-41c0-957e-14eee64e9c7f
c6c238ed-3ff6-4db5-b2e5-1b2680e8d393,VISA,0cb48814-dfc8-43db-b9d9-fc70fc2abbe0
d348bda1-4033-4530-b2f9-3c68958c0a02,VISA,a49f786d-9027-4356-8d46-41fdc2f43b6f
b6e07b87-2350-41a7-a81b-4fcd031c13ad,VISA,d43aa149-1b06-4166-976b-40ab6a8ed7b3
1da8f480-a2e7-44ee-855d-365da3357aa6,PayPal,f2439579-db76-4c1c-a156-c7abd6d1eee6
f7bbd134-abec-43ff-8c1a-76efb7ffd6c2,AmEx,be6e70ce-313a-441d-9195-1d7a9d5e9f72
83980900-a980-4efa-ad0c-40e61b3acfd3,PayPal,de5120ce-b00b-448a-9729-7e54fef545ab
7fc53b29-0b7c-4ae1-b0f1-9ea18302bf87,AmEx,e0adedf0-dee1-4b63-a9ac-7192f15f0dc9
2ba16198-6794-44bd-b1b8-370953e47573,MC,f35631ab-9c67-413e-9955-92133af59136
03306099-baf9-4bc4-b78f-d5bf1d516908,VISA,c7e2e4e8-2b67-4f0c-9606-c2dce97912f9
97c7bc2a-3681-48c4-8169-d97980c59dbf,MC,021dd02c-0816-41bd-ab09-374436e7d807
205a1525-2a47-48ff-9325-1fb3d6d9c022,VISA,ed33946e-e3b4-4c4d-a786-ff9310d03464
fa516efe-6825-4b31-90b5-6a8929e03538,VISA,766f2ac7-809f-497c-89cc-448aa50b75df
95fecd3c-9fa3-4e34-a2c2-397134ba9520,Discover,41ef4ff4-06f5-40ae-b1e6-b1ef65d04f7b
358df643-c113-4312-9e2e-43c3acb6c873,MC,8437c27e-b14a-46c6-9017-c5b70e17f415
16a02794-9f81-44c2-b637-f27a50a9a9a9,Discover,ce705852-1fcd-434f-8e58-c0128cc17006
d92c2e34-4703-464a-bd32-27e4ae962135,MC,adedbd1f-5faa-455c-a635-a365a83f7c39
afd09e89-7109-4177-bcfd-af0838520076,MC,217b41fc-8cb5-48b9-9b72-92f3266b4ee0
88fb9079-a769-4021-9c9d-127d79e2ca41,Discover,a1a75f7c-fdc4-420b-80bc-1bda836800c1
6ee32cc6-ec34-44b5-8417-a727cdc01ab8,MC,8421ff16-c679-43f9-a91a-f582a576e3be
44fd046f-09c6-45be-836f-1a0bc9a28127,VISA,d7538bad-1d5e-4b82-bdef-2bb86b59f2dc
3d4a8132-d19b-4b89-aa47-209ead48603e,VISA,4234125f-1fcc-4ca1-b035-0f902c9c32dd
91035b8a-cec9-497a-9243-560471f7acff,Discover,bacc6c46-3b5d-47b9-896f-fd3d4838f3dd
e89d3fd0-80f9-42ad-aa25-248f56424a82,Discover,f79cfb28-c633-49ac-85dd-d3a6d822ee48
76349100-8163-44f3-a389-1c25c9012ee3,AmEx,6fdedea6-3667-421a-8218-a3f8851ee40a
d38979dd-7605-49af-8419-620941b7c67c,AmEx,9b9b52c3-a6e4-43e2-93fa-c72afb035ff9
f75794a9-ef76-418a-99e7-ab8300fdf016,MC,8fa908be-cfd1-4be3-ba6a-f27082f6c1f7
90adfd39-4098-4458-a246-0b3a658611b9,VISA,d9b3c547-c204-4958-8561-fbd2b7db9513
4b592749-5d74-4ed5-8fa2-429765408602,MC,e703e5e3-6366-4163-b152-f95b554f58e3
5484cb63-cc60-4b3c-9676-1890ab00c113,VISA,75a76b82-33e9-46a9-b67a-7f58a474c2c7
7257f3eb-abf0-4c70-8c44-5177efd0e808,VISA,999f7ffb-dd07-4b77-b5cf-e8258e8023fa
fad09941-d421-4145-a68f-d87238ae27b3,MC,d51e977d-da6e-437a-98b9-6d2e73140b3a
e0637b47-302b-488e-b968-e63c7b5cfd7a,AmEx,0d1c1a46-47f9-44d6-86db-e835d90f4ce3
7bc3c2ad-4d0d-4ed1-bd66-5a5f0d046f73,AmEx,151014fb-382d-4581-a7c1-19013c820632
551643f0-ea96-4e86-a019-d1bb1a89df50,MC,55e438b8-ea22-4aac-af95-312cf2ffb243
df7b5834-d57f-4155-8edb-8fe6413214fa,MC,a025c113-d319-43be-92eb-b1addfa52320
94ea5967-e12c-4117-80d7-770d3c203528,MC,96b5102c-a259-4262-8e08-b50b64f92f54
9682e80d-f6c5-40d0-ab56-0062fc860dfe,MC,59c67cb1-b51b-4802-b1c0-efa081a60fc9
07220e75-392a-427f-b652-ae8dd1828aca,Discover,fc0cceab-e2cc-4024-af82-c667f2a27e56
ad0fda47-8d68-49e4-b52a-c083249487a8,MC,2cafdd1f-894f-4ff9-a71c-540bda49aef6
842b7f90-84c7-4f11-9edf-65e7e7014c11,MC,6beed59e-8cc8-4548-9af4-6a73e4b29533
c3e617bd-5dee-4145-9453-f5e986f2fc00,VISA,0d792487-5b3f-4056-9e4e-064dc11ff1ab
db4f9fcc-3572-4930-9ac5-63d122a0ca10,MC,11c330dc-f31b-49b4-b466-c04b353a6244
cdfc6437-9c99-4907-a81a-34bfa7a2a224,VISA,6b07b667-f21a-4bdb-b47d-bb59cd0bdc08
47ce9a45-94fd-4682-8c1d-f281d3bb1772,MC,399712ce-d348-4289-86be-e0ac14848823
8ac91d96-08e9-4c66-b860-2eaaa2ade6f0,MC,435a78ae-f096-4870-b246-64fde64ef5c4
83e2f7f5-af02-4dd3-a7d2-a242a68889f0,MC,8dc458f5-6887-4008-a998-3ceb6fdf395f
0a3e24a0-0dc4-4dc7-ad24-54dcbf013342,AmEx,1b3e912a-d446-4597-92b1-ee9417907bcd
2e735324-ba26-424c-bdca-dc06e6c96587,Discover,ff7c77e2-d2aa-44e2-a4fd-caea6e9a183f
87e1001b-4d07-439e-bbcc-c8847902eb44,VISA,301dcc20-3af2-441b-b3f4-8f887d661a52
6117aa16-4b54-4b50-ae52-89f9a2134dca,VISA,9e162323-abe2-43f8-ad0d-7968c86a90c7
dc693292-f273-4a23-9206-e6de5c6ab09c,VISA,03859854-4037-4655-a769-64a75fbcfa1d
b5bd8552-3b3f-404f-a3d8-a1d7fed17519,AmEx,bbc18f4e-65ae-4392-ae1b-9f7a0f62cc37
b880501e-b257-4a4c-858f-9ec530060d5d,Discover,d7254ec4-ba6b-412e-a6c3-a25698e317f9
bf93f29d-2308-400e-8634-0196b3daeacd,VISA,99d2d577-dad1-48e7-9e04-aca8a8cdb050
3c5e7faa-25d3-43f4-969f-6933b1433a2a,MC,942b072e-745a-49d4-be5d-d1528aa8e929
2e58e4dd-88b4-48ed-9c48-c0c0701e7502,PayPal,b34e7dd9-7702-4e14-bdfc-7cf3fbba6a45
ae4d6355-bc42-46d6-8c10-e80048387d63,VISA,01bceae8-6d17-4927-9d5b-d56a198bdeb9
60211180-8dba-4672-ac63-9116ab4225c4,VISA,fa2ccd16-0b1b-4e32-a13f-890828475a48
03a98db5-0602-468c-8e41-5e93c8dcc748,Discover,db27ed67-bf4d-436d-8c4a-5e9a7d4934a8
805096ae-3e20-4196-8577-c96ca61be9cb,MC,1d493ad3-10d8-49db-94d7-756e1afd7528
b8988f4f-092c-4d67-995e-df0b3860075e,VISA,e0ee8065-3aec-43b8-8368-d27fe59a0bae
18aaa50f-1f25-4548-9b20-91bffe011245,Discover,d0d57ba3-3e33-4174-9239-2171939f7c3b
5a176b50-2b7d-4b71-9260-ff32242c3257,VISA,8afc2f23-2186-4b22-9f4d-3485397ee7b3
16b66004-4728-436e-a844-d737db7c170f,AmEx,f173cf68-81eb-4fca-a8b5-1e2490d65f3e
583c988e-52eb-4093-bd2d-35bf31cf04fd,VISA,5e546aab-b36c-4307-9939-d9481a6b2ba1
8d12f0a7-3f4f-4541-aed1-fb2430f86ae7,MC,f15d55af-dc11-4ae5-9713-57afbd441a53
6b43c2cd-8ce5-4b82-975f-ac7b86a1fe73,MC,b44c0ba4-bd9f-406b-b8cd-9ae185f218c0
c64f48b2-afbc-459c-b2d8-42b75ff66fb5,PayPal,6e2591fd-3b35-458e-ad2d-854c5f3cb9a3
22d96f58-cdfb-455c-a9fa-4ab91dc747f1,VISA,3a0cdeb0-cd82-41bf-9304-13ebd73f006a
03127ea0-b0f8-45ca-bf72-0fc25a845c0a,Discover,6631af31-9b89-4381-b294-02cf2ee0c5a8
d73333d9-c0e5-46e5-90fb-5ed2c9dbe923,AmEx,957c50be-2b94-4dbc-81d6-7e6fe8a79957
257acc70-1ae4-4091-bc92-9845e2f5da96,VISA,6338081d-b665-4578-9f14-7b95a60fc3c7
8a16d36a-5c4b-420a-a5c6-e84463889d1a,VISA,d6be9b4d-3a4b-442c-adc5-b6aee4294011
ceff91a0-6113-4806-8aea-11b10a8ec26b,PayPal,3f0191c8-de5b-47b6-9905-bcb46906fa7d
6ff433eb-337b-4c30-ae70-c47dcfa0ee89,VISA,80941401-4b8a-48ac-bebf-c71900bb3812
5db4ffc0-7acd-40ad-ac9a-471c5fdbeebb,VISA,5160ee57-6597-48d6-ae16-5d92447f6e40
e34b7d96-0966-451e-adde-8200b5d129d4,MC,f553a06d-d165-4114-8a6b-81c5c8af272e
1e47559b-8fba-4eab-81b4-78c8ddddb4db,VISA,1bdd6c60-0528-47f2-8ea2-08cbc5dffe29
a971a3d6-77cf-4f61-a629-58c2a47a8d3f,AmEx,750edf6e-252a-4880-ba1c-9c4140bf054b
c106745a-6fba-410c-8b72-3b5a3fc58c6a,MC,7b70008a-2ab1-46c0-b0cf-6f913f0e9c39
6b150321-405f-49a2-ad32-4dee674bf63c,VISA,c4eee7e0-09d2-46ef-babe-4bf5b478c678
29df32fe-500d-4d82-a5d1-770b68fedf4a,VISA,632e9f03-199e-4c92-924c-4a94a05a3128
f0f8f9b3-63b0-45d2-beb0-df392a7f758b,VISA,c920a91f-ac19-4746-8cae-3d8fdbc393c0
ce40ac18-1870-4116-8aa5-2342845c8329,AmEx,d760e0a6-a655-4c26-be00-0cf19d5cd5ac
0df83b97-2d30-4f04-92f6-c6b37fd54c17,Discover,1d066dd4-6d67-4ab7-a8b4-7219028842e2
f10cf507-eb8d-47d7-a81e-5a3a1cab360e,VISA,1779140f-7492-4fb8-8079-41e95ffe0ad9
a9c3d918-fba3-40b5-86e7-adbfe9a36728,AmEx,cd98498a-d556-4e25-abfc-901adc60600f
97be3bae-23c7-43ce-a656-03f5f04a2bfc,VISA,822137be-d29c-46a5-9159-4d3f7f706664
6e33d50c-7932-4bae-9737-3fa5b485215e,Discover,40609bd4-02c7-4a18-bd60-ec7ab6329c19
5490bfc7-12af-4bb4-9c18-78dcf62dfa93,AmEx,46c0fae3-d3f1-4ab1-94b1-ed8e36cd968c
05128b6d-848f-4b2a-8a67-c3766bea82e1,VISA,7ccffdd4-b973-4fc5-8353-4e5f423638b7
5bcacf11-2c3f-42c8-a7d1-457182c1abb4,VISA,c885162d-e52b-49bf-a7d8-9e06f71cd31a
0cf2ed39-e27b-4124-95ba-36d27686a230,VISA,4e9ea433-53f7-497c-ae09-a93589ad8167
93a08531-8b20-42e5-9cc9-9ac66b02f3a4,VISA,fc0ec259-0199-419d-b5f1-bd01c10122aa
3c3dcc24-a983-4f3c-8055-97d59b6f0134,AmEx,7736b468-4eda-440e-aa2d-4c642b92fa3b
66a412f3-7340-4fa9-a928-2f09ddddb905,VISA,c390088d-0f27-43df-b8ff-3e1744fe4077
cd36a2c2-0883-4193-bf42-68aa921c40a9,AmEx,2b00104e-b03e-4022-9a28-a51aa10a249c
6b20a35b-708d-4cee-98aa-fbaf95703010,VISA,a7e3c3b7-2025-45e8-b8cb-aecc18b3b1de
c7ff67a8-7ee8-4311-8b0c-540dbaf8054a,Discover,24037637-6e77-455f-bb66-914c61206745
201458f4-73dd-41a5-99e6-98843196d403,Discover,611468ac-8f5d-4a4f-a6a5-c15161ebb483
ff5ca031-17f5-4597-b63c-5e44ebd819ef,AmEx,e2b6a016-5137-4617-b0c1-d52cdd27c59a
2d5d2ffb-bee6-4221-a735-924f72fc2241,AmEx,c7e19252-a2a7-440d-8030-18ce96b3c53e
ec23daa9-950d-4adc-bc77-196ce744630c,Discover,30c7bb4d-6e52-4caa-8817-55025180d23d
02e4a59d-442e-4ee3-bc3a-175d63403220,Discover,337dc764-d1cf-4b6e-838a-3df5fd45c978
184c8dac-2536-4f56-bae8-fc4e3140f512,MC,97a596e9-c309-4d3e-832b-aa415d459c60
5020d766-d923-4ee4-a117-6c657a413da5,MC,df5b1f2c-6f55-4b00-9d2b-54ec61df99aa
0dc40ee2-bdba-4c08-81f2-9aed9d28c26c,Discover,9bf45676-c89d-4a71-946f-919fcb0e52ec
bfb9182b-8f25-4855-b369-06b2642635b0,VISA,afb4754d-d1f4-4a74-b995-b26f5b630238
b64e9f59-b072-4e69-bd51-a0f2f063ecf5,VISA,1bf5e66f-9940-4db7-b56b-4b5bdbf0210d
f074d077-e2c7-460d-8c4c-0b94c8cbe8b6,VISA,6ff36b28-ecd6-485d-9723-5ca488b5e79e
8e09824f-9ca5-4136-944d-acfeec5e04c2,PayPal,3f716dfd-f212-4fc5-9692-6288fd690f06
f510e46a-e6d9-4ebf-99b1-9ae61c1db971,Discover,4187ceda-541c-4f91-9487-ddfb7013dc27
8ce72e38-26f3-4335-b83f-36802b4d1082,VISA,6e23a0b3-02b5-4b4d-85eb-54540c07d3b3
ad60ca92-ec92-4a1f-ac1f-bd52cc58bfdd,MC,2c5a4f2f-8985-44eb-91a0-8e093a4a7fcf
136a5b2c-96c2-4b9f-b252-8f5a76207aff,VISA,ed641fc2-86cd-4c74-bd17-5e0292b61749
33494cba-b2db-48cf-857a-90bddcd926e7,AmEx,1505d3fe-049e-4e21-9e51-b01a5fb15eee
b07054d7-b5ab-444a-9deb-2f788a339740,Discover,8e1216fa-e17d-48e2-8a18-a7f17f2b552f
7ec44310-7422-4783-893b-499564290122,VISA,0c51d533-58ca-4896-b678-ffc44a5bd395
8d26fa53-398c-432d-836d-7d2337593faf,MC,63a31aca-3055-4e2c-8727-e30d3ec32dac
bc1ae483-e216-40d5-8e20-ba02eb16ac09,VISA,26336952-a088-458e-965c-f46c35874e87
1b4db4af-74ab-478c-b9af-4931ea52cada,VISA,314f60e1-30d3-4a9e-a674-b91bfd9dd7ed
83ea69cc-a251-4a35-b02d-194a60946822,MC,6b93e96d-d394-4b4c-89cd-ebc99327102e
4b022e76-31ed-4f33-a9a3-2d01944c92cc,VISA,9d656003-c6fe-4d70-976b-86e4ff4433f3
0438075a-8976-43b8-9f59-2662adccb139,Discover,a7782a5e-d6f2-4bfc-9246-251512279226
86acd4b5-1131-44c4-8f44-1a320ea7ab87,PayPal,1e76d356-b167-48bc-84e5-c71d19c7217c
eef73be8-8eaa-4646-b4f3-6c75320f41f2,VISA,2361049d-7a7b-431a-9f41-400f1ec83799
c1bbce7b-c595-4e10-9676-92143d3dfe37,VISA,1dd3096f-13a0-4c41-bbb7-c54969573630
bf671378-f62b-45c4-8f80-9c185c152ae1,PayPal,66769dd6-4110-40cf-b1e1-b3069c66612d
9b64cd5e-e534-4991-8221-86a3635cba1c,Discover,669873a6-675b-4225-aaea-7d321b7ca999
6202b60c-ffa6-4abb-a4bc-1002772cad08,MC,d4977611-7a98-4d3c-82a7-392f52e5cfbd
720dccdc-06d3-4c85-afaa-8610d421c443,Discover,6a0c484f-37a8-479d-9180-9a2cbb8c29e4
53495636-7deb-4331-b13a-557c9ae164dc,MC,a55b60e9-2cc3-4ce0-9797-1a0d484858b5
31148efc-6a9f-4c7c-bbc4-42bc293c0b49,AmEx,27adb7a2-edab-4d9d-bfd6-ad8567e8196b
66b15aea-984e-4f83-90ed-02c952a47e73,VISA,611403d0-56f6-40f6-a8ed-79c898c0856e
1c07214d-d1cf-4ab4-a3eb-1219a0c57bdd,VISA,1ff71d98-6d25-4ce2-b0fb-c783dd74efd0
56bf2f5c-e006-4627-b98d-590bd9b8db28,MC,96f99c66-4c84-42cb-8ed7-9fe29d6ab39e
0a3c4537-fb87-4023-84de-cf19796c0f92,VISA,8fdcd4b2-988a-4096-953b-624498fea580
7ed7e28e-89ac-4ed6-a382-653f1bb9c011,PayPal,e1e3c08a-d974-4d65-8968-5c33f20bd8a4
6bad02e3-3b3a-420d-8ce9-22e2d7067c01,VISA,22e6aa8c-45ed-4c72-acf5-768d2bf7a83e
bf7045c8-f9f7-47a0-bd0f-68a665dd9aa9,AmEx,b10db299-d36b-4c30-9b32-aaa5f0fa4637
fa718d5a-7f48-4d55-81bc-e151cf14d78f,VISA,58417392-0a3f-4e3c-8329-186c388e4e61
969d94aa-fb42-414f-ad5f-bc65725fb258,AmEx,5b4f6b3d-ed22-4884-a412-64201f0c87b3
ab5acd6a-25e2-42d7-ab7b-a991dec5d2dc,VISA,07aa7efd-97e9-4497-95f5-f0cb05053347
d2eec6d5-655c-43f4-a681-fd77446ed5cd,AmEx,cf3e0131-2a18-4534-8e96-a034ae034133
4ed5f5c3-041e-47b4-9b43-8f5c7e3bcdd0,VISA,807e214c-5e03-48a6-9b5c-e9254767404a
188bae37-c367-47b5-9635-f4a0f136843e,Discover,dfcce40b-1c61-4810-b191-8d8373b746c7
4dc5f58d-9211-4633-8448-1bcac72c3388,PayPal,90b474c2-085a-4f71-86f3-11b278c0a5fd
508a3dc8-1f7a-421b-a621-32944e96dcbf,VISA,4cfc7ef1-d365-40be-9359-78f38466fbd2
dd3616b1-9ea7-4c05-af44-4ee4e0f86d1f,AmEx,d8c9a51b-d860-4249-bf23-3518d60e8a94
18c7dbf4-57e6-4c89-8770-e5536ca40870,VISA,d16b6189-5db7-4b2b-988a-6b1a20bea403
e60a8e20-09cb-4a2a-ba49-bb38aba85a1e,VISA,89ee70a0-c4fd-42c7-9bff-50bac2da2c78
e3680a17-5c03-4ec9-9096-67db0380add9,MC,0b942c39-b9d2-4793-9e9e-a7bbe0c2fc1a
47b7b430-bacc-4a4e-a01e-fb8c02a32922,AmEx,4d8f7597-7639-4c27-a8d8-7091e6eb8303
b95f4ee9-f06b-46ad-942a-8e4beaec4c92,PayPal,6e61e18a-1580-4a3c-8dac-88bab557833a
c7e66c26-dcc1-4bad-b66d-ae63435827e6,MC,fc5cdcbd-9fda-4274-b46c-34f8b7f2b100
c3c8a85a-bee3-4e8f-8a7c-ad045ad0f136,MC,7e4dfb8d-7d58-4120-a5ed-d91cc891739e
656ac864-87d4-4bf5-9233-6ea4d80a54e1,PayPal,baae2f24-c336-4b49-a5a2-26df3473fb58
5423ff26-7fb9-4bc7-bdd7-297ed7443439,VISA,2ff69e4c-b6e9-4296-ad69-3aeec232e796
37be53eb-350a-49c7-888f-957d9e31d0b2,Discover,7d784ce2-d62e-4da4-b4f2-0fdb4271beae
9e7f3b34-6abb-4d56-a748-37442a29224d,PayPal,f9693ab4-c4f0-4919-be3e-d3f4dee64862
bd2418af-c17e-43a6-8856-a3c70e5c74ce,VISA,905eaf0b-4683-4515-af96-809e65c317e5
e05ce88a-9bbd-4365-bf39-23eac9ff632f,MC,de722f2c-dd92-4f65-8611-31fe2d79c33d
5fad50cb-26df-47d0-bc0a-1351fd76aaa3,AmEx,8aa2c4f0-b2d9-4015-b251-84c37c791b02
d512fe2e-52d1-4310-885c-29943566a191,VISA,9ca9b6de-ff8d-4d18-aea5-f70ee3cffd6c
be6f0092-85b4-493e-b0c4-d7b19de746ef,VISA,919d9063-851a-4150-bb1b-0b5054cac4ec
d796ea9b-8967-44f6-a377-d4207e95e977,MC,639a4a9f-8951-488b-ab45-ead7e9c1ff29
aacc9192-33fb-47f4-94ae-156968bb3f58,AmEx,9f03ecf3-6351-49a1-a2fc-2242596f5042
c60c25ef-6602-4adb-b0e7-a98b29e14710,VISA,3f1c5b4c-a310-44bf-9ce6-fdae27b9a2d0
27b5db33-07d3-48dc-a99f-3cde53e1dc19,MC,92c8a8ec-07c3-4114-b7a3-eda5c0ce12d2
08900062-adbe-4a2e-a8c1-8688c7f54088,VISA,cb6c9dba-36b8-403f-af80-f2ec154c7b35
9acebc6b-05dc-4937-a482-93cef561b838,PayPal,a3fc8b61-07a5-43ce-89d2-ec1b47756b4f
85bada8a-9a67-4ec1-92b2-c8085e308dc0,PayPal,46aa2bde-2e05-4464-ad07-6a692ad4808f
2df95c01-13bd-48b6-8978-f185b609f291,PayPal,0c4b383e-cf53-4a71-86af-f94415d3cc1d
eec3a0cb-60bc-44f4-bedf-b3ab56a85834,VISA,a91a8d64-1764-479c-a2b3-0666e81549ac
292233f8-9488-4b65-ba6b-d094311740e5,Discover,09041f0c-78a3-444d-ba3b-27e265204955
4645a0b4-ea95-4036-aa41-5039d23854f1,VISA,27264700-2d98-446c-96d0-7f56abef81fc
cf8cfeec-bf52-4fe6-9f4c-52031ceb5449,MC,285c450d-791f-405b-83ea-6a2c2bc10186
b7794555-b9bc-4799-b5a9-eee5eb76c08f,AmEx,14dec4a8-bb5f-4ebe-ae20-4defb1eea596
2c52cc28-846c-466c-b882-8db76617b6f3,VISA,a5b5451c-f519-4419-9d7e-4eecb5004538
03b6af81-bbcf-4a49-97a4-d57e07a3078e,VISA,530386ad-fbc2-49aa-be46-968a00b67279
eacc1de3-4396-44cb-973c-96f05f762928,PayPal,28e457f9-7d17-4032-b98a-da7dc9c97397
71029744-1135-4c57-9e06-1d0ee1dff2ef,VISA,5e52e6d5-dd80-46e2-976c-ec937a78a4ea
d0d95127-a5c2-4544-8c0e-ce82a2f5011f,MC,ef999405-3c81-460a-8b72-a3aa2e62a515
a2b21b1b-a80a-4c2b-be1b-6954b067cb07,MC,03c7e54a-082f-46bb-8255-31e20818efc3
3a86ab4d-a7ff-4b81-a1b6-d16476cce83c,VISA,c73ac0a2-bc33-465c-869f-cdf60eae69e5
f14e5c93-3008-44fd-8afa-ce5239635d49,VISA,09bcd26d-5e56-4fe0-9e64-ceb9c97f79fd
33f905f3-c453-433a-be46-b42dc69de2bb,VISA,75a481a6-df98-472f-a2f6-3254c1f9ee79
6e2a8e33-2e94-43d6-bbcd-ae8511807969,VISA,5346be84-3491-40ed-8c24-b88a78ada174
3e7d54c5-3463-4446-b262-ab8a316b59d8,VISA,7d619730-73a0-420a-a61e-cb9059685109
304852de-9a51-41dd-9b0e-9dcd0350bc56,MC,0b37175f-eb89-48ff-a48f-a3f461cfe1f5
3368699e-5fa0-469c-8dc2-d184385ed1f1,VISA,2c30a3f1-541f-47c0-bf1f-a5917ed020d2
5ebadb73-0ef5-468f-a033-7415802762e1,PayPal,86f79511-7cb1-4549-a0bb-11972e27ab58
f22eb5d7-edcb-4e83-964e-1d94f1a389e6,VISA,19658ca3-acb5-4b80-93ee-b78f3472426b
0154d0da-a7c4-484a-a537-64d43e41f433,MC,869e3011-99bc-4673-b8b1-cde4269e3ea6
91244997-65bb-4729-a8ad-73a528d668ef,Discover,fff6d1e8-59e8-4bcd-942e-504bf32ffa6c
7c3ff5fa-3a17-4feb-9bee-b75c3b710bf8,MC,04ac9d22-a347-4a33-8704-2f8076a1ef5a
04198c54-68e3-43e1-a81d-55583b8f9a3b,Discover,d7175032-3c1c-41f2-9cae-d6e411a05337
971761ae-2099-43c9-a76f-88ade7487e89,VISA,8e96ad37-c045-461b-b9ce-b1ecf2512ea1
79288796-3644-4ff3-97b0-21a92533b9f1,VISA,6a7562c8-1c30-420c-ace9-1dd9e7493bf1
e9515f5f-dc27-4033-b676-f24a54d80b80,MC,cefc8b71-5499-4156-9798-5ed5a4636660
410d628f-91a3-49d1-b1af-4ed2536707d1,MC,94202070-4252-4bed-9e28-69fbf76eb617
45e37042-e9fa-44ec-b04b-8f2afa85e945,VISA,048f2e26-5089-49eb-ae56-142f12b26c22
dff39d46-4044-4940-b04e-f4f6a3a86461,AmEx,981c42bb-45cc-432c-a844-6ba176957375
3291f93c-d892-4180-b7cb-4f7791b828f1,AmEx,b62bef5a-2e0f-4dde-8d68-dd603f4aff45
736c124e-8188-4481-9654-c831d1ab64b3,VISA,3ee3d470-c24f-4faa-8d61-c037ac8a8f5e
236e03ea-a387-4ce3-b34b-5663911822aa,MC,c725f68f-18e4-4f34-844a-d6de34ff4f73
be806ec1-1592-486d-a514-cf4fb76eb2d5,VISA,c9d10c37-6145-4dca-9d10-ea0892086594
04aba26d-006a-4d77-9170-c25ee0a174e7,MC,a58502a3-d481-47a0-b5eb-bb9fe5d0f1f5
35a6f888-e176-43e7-b3fc-29c779f9e361,AmEx,a5151742-d4ea-4eea-9e69-b9371986eb5a
36215f29-a58a-477c-ba19-04ea612bfc4e,MC,f2ab4924-99d2-4c17-ba42-8d9c07e35f3e
30d58eec-be20-4f39-9e5e-3aef0964b840,Discover,7bd05ea9-80c6-4979-8fef-79d77bb0e58e
602d85d8-9b95-4337-b626-f1613d12aaae,VISA,9551215e-9490-4c15-828a-bc56e6712fa9
cf417603-de93-434e-b7f5-6d1b4e4f9028,MC,5bd3fa61-ef6d-4308-9c8c-f28dea16b7ac
268c238d-f13b-41ce-a22a-63319cea24d8,MC,58d2db12-551e-4c18-a8a6-11e03c5c0ce3
1e541d5a-4137-49a9-85e6-e728dbdb4bce,PayPal,ebd3424f-b0f0-4d30-b305-b94dcbc139bb
8b516fbd-0c5f-4c99-8444-81d86ae30de8,Discover,aecb69d5-2ed6-42a8-bdf6-f6c69fafc1cc
0b6b65d1-2de7-4c92-9a25-e0753baf55d9,PayPal,dfdc24e3-e8f5-44b7-b5c8-4e66b3ba354e
362515e9-dfc7-413e-b100-a07707f8b4db,AmEx,0c1970ce-fbe5-426a-8d52-64af8e0f9817
fac3b005-700e-48d5-aa83-685a6fa7f13e,VISA,616b4844-cd8c-4f2a-a5ef-38b3ec20d11a
ccdb5f61-8f4a-481a-8497-fc831e3676ca,VISA,5099dc48-a568-4fd6-b2fc-ebdc815e6772
d144952a-8dd6-4630-a4ea-9e95592fa9a8,Discover,55a70383-b671-4811-9b37-97175b47da92
b75b3dd9-528d-4cf2-8030-8e1dcf971923,Discover,39d4fb53-cd88-458f-b8c6-ae09a3c1ae44
5b39e05f-d4a2-4f22-9a1c-a0291ea5f2ba,VISA,d4fd8d49-f0ab-4dff-b908-90ec1d70519e
284799fa-80d7-4924-90b3-7a249a4443f8,MC,cb4b5688-b4b0-4ba9-92b4-3654bbb41efb
fd32e92f-6a01-4afc-b239-413e7548b50a,MC,4e06ca08-5289-4cf2-878d-7d2603b0c5f0
5838300f-67b6-42ed-a1bf-9427e5792e94,VISA,f24eaf31-52af-4e34-8b1e-33810157c21a
ad34abc8-a0b4-4a0d-aa18-514b1276fe0a,Discover,de402e70-89c9-47a5-8313-39fe78a92d30
207e77f0-ea05-435b-83f2-c33d719a9633,Discover,ecaff477-0d3e-4f40-945a-50f20fffbc03
e3f71ab0-48ff-4b77-ac29-bcf26a99fc4f,PayPal,d8be90f7-65f7-4b79-9abf-837797a27978
ce3f7a32-d20d-47cf-ac27-a61a8689e525,AmEx,3cf5cbe7-560c-4f7b-a9b1-89752654d5a3
15045b93-622d-4cbd-9ab5-ccb64da0ca33,MC,dbf064b0-9595-49cb-9bf3-142b4148d440
a93fa9ef-0c92-4215-a1ed-725e6bb60ffd,VISA,bb285445-e09a-4ed5-bcb3-cb1cade80ee0
42fbb701-de49-4d5c-9245-6bd3189d6aec,MC,bee166f0-f54d-4a84-bb02-b78953a7602c
415ae5e1-41e1-4bae-9628-02ef5fa3c269,AmEx,81aabdd8-052d-44cf-b625-af5f14919669
b603845b-1e33-47b9-b74c-3060890661bb,VISA,ead4b208-6feb-49a6-8730-a9df6bf009a1
63221b43-be73-4395-a67f-154db519db40,VISA,3edc28f2-309f-4f97-9337-8312e01488a1
7f14ae52-3bfe-41d1-8c94-2739d0890245,VISA,d4c24e5a-c18b-4daa-91cc-ca8e04954f54
170885e4-4c84-4641-bf06-5bc7dcbafaa6,VISA,d385788d-5dd7-4e6f-89e3-510cdd89c036
e457bc38-f125-454b-84bb-9c2418640b2b,VISA,57ec86d7-d669-41de-9d63-40070294abca
4622242e-08da-4090-9b6b-5b60969bb4f1,AmEx,bd2bc347-5556-4e94-88d3-c24a4cb144cd
c8aba820-c158-43c8-98b7-d558115db6b0,PayPal,60e9c416-cdb6-4095-a024-e5726215f1f1
4a0e2f53-4f69-4923-a190-bcba5f325448,VISA,54683636-34b0-4bf3-bd15-ff19411b4f3c
f647a9ca-b45f-4683-b27a-b7dbfd2ad3ff,VISA,4c5d1d84-15e1-4fa7-81ea-4b8b0233d3c6
92f08c8c-4615-4fb6-9196-ff2f3a679a21,Discover,d7e750f8-2367-4661-9fb5-72234b51f43b
fb4e4c3a-3285-4515-bf8e-859e1fd566da,PayPal,b6e909a4-0f28-4631-b436-9aba0bfa3f72
3ff33e9a-4e12-4e03-9ee7-9b5db28b75d9,AmEx,886e56f1-69bf-4174-b5a2-a91ea066ca9c
0b694213-3e18-44f8-8514-60eaa3104a26,VISA,cd0f84fe-2eb7-4623-aa4b-b08fed0a679b
e3258444-f762-4d8e-8d40-8b09d05869d0,AmEx,fd87bbef-9492-4f26-b963-07567709464b
17dea27a-eb47-4ad4-8769-093a9ee3c482,AmEx,55745996-5f58-40b7-8f60-e87a2bb1a040
9adc1888-63de-4a3e-b6bd-021afcc2c972,VISA,dbefdc87-265e-49ce-b66c-8e8a5708ba80
0029c90a-5879-497a-9c1b-3dbfc5336ade,VISA,82c323a0-0e18-44b3-b325-c2fd52a285fc
8b358eb2-7e1b-4018-acdd-a9df5344625d,VISA,46174055-a30d-4f70-8156-a5d43d3d5eda
bef91f57-ce1a-4910-bcec-58930ac7f119,Discover,1fe5df81-1920-4313-8a26-247d93061e43
ca9ecd6f-d46b-4ac0-983f-99daa4d37e5f,PayPal,595c9cdd-300a-4047-95da-78d6c458def9
aff1876a-11b8-4372-9152-b5116be50e43,PayPal,1be4e430-0501-42d8-82da-07ff3f9a2fdb
9e1ced67-f514-4ee0-8883-acfff37eae07,VISA,1e57f51e-4566-4a8b-b63b-87f0b7193359
f66d69b0-751f-4204-b9ad-90ae9ed20354,MC,38ca560e-f425-4406-adb8-35d274f19727
10bf0b90-ca8b-4b3c-a521-3531ccb6e435,VISA,d5a30e68-90e4-44bf-bba9-feb079aa9e97
3363a9fb-8050-4e76-a25f-ed5604554c11,VISA,8e61e48e-94e3-4f9f-a1db-e824b8cfedb0
567d32d3-419f-428c-88d6-8b5914e5988c,PayPal,6d03b942-f8d3-4c53-beec-9c5c46af9b1b
cef843ec-33c4-4941-a256-66eb4d6cd283,MC,069ca35e-54ad-4e9d-9275-f9be2a51734a
d90df515-0600-4243-8ac8-707adb71c718,VISA,9b1c76e8-4d03-424e-87a3-06c5fbe92dbc
2b4de6ed-db97-4440-8ac3-3a0449b48716,VISA,c59d6e04-54af-4366-98b1-32ee3808a55f
4f50efec-f6f2-47b8-8721-4ef98d2e12d8,MC,f7cbe65e-4f4d-4043-8696-d8da49d9c071
c5b693be-bc55-4420-9688-5d7d67dcc990,Discover,795414be-510e-46f3-8617-635e13ffa6a7
85f98f50-b067-4069-abb2-f2c5a7ecd6b9,AmEx,1132ef33-20ec-4e91-9423-33bc5d8e934a
6d7304be-edad-4850-8496-bee2df183134,VISA,02e3cba8-0b2b-4021-890b-bd875ce51b61
80c34cbe-2d62-46b9-a9a6-04f1562b0bb9,Discover,ce8cc7d9-7ac8-4daf-b604-1b72e4787fc0
a2c7cb8b-235d-4d7b-b66b-ac1d43cda816,MC,52f3d5e7-a337-49e1-93a1-9a7983cfe143
cf705381-da26-49cb-accc-0456a648f92c,MC,1c70694e-b94b-4de8-ab22-51cee6e96e50
1ff93673-635b-4277-b41e-6cb1baca5677,VISA,f8b466d2-c229-4f05-8f76-f4bc7ec882c1
48777ae7-1ded-4c91-9d49-e4d38cf546a6,AmEx,ecae5d68-dbf4-4ad9-8884-7d1cd0079a43
cf4b9942-03b8-44ac-83dc-90c537a5b026,VISA,a66a352a-4eeb-44c0-afea-acd396505f64
9ca92247-ac10-439c-b512-19dbb2c3de9b,VISA,fbfb23dc-138f-4de0-8e07-60cc475e7542
416a0efc-0532-489e-8b7e-3ad81e64e091,AmEx,884cdd8c-b952-460f-8e47-5b59947f95d3
fd802713-4cdd-4ed1-9d37-c63b2820510c,MC,94c0fbab-d7bf-4dea-9ca1-1105391a469f
a5ca5943-a8ad-4a50-a975-bc7e2adb081d,VISA,54268617-98c6-4735-98e7-556e9178c830
39eb526a-49e9-424c-9715-c7c06bbdcab2,VISA,ed63051e-7030-4f22-bd3a-d0336e2c49a7
8acd9f2b-f3ab-4cde-9dcc-6e0df9ee0000,MC,db7fb193-6d2d-48a2-9dd2-6bb3c81954f6
69e0dbb5-fb5e-455f-88dd-218c56eb76f9,AmEx,6d2bacab-e53b-49c2-aecc-1fe0cb12603f
47f95181-0a9a-4b2f-8738-d194289947c2,PayPal,b119b5be-31ca-463b-843a-fea9cb1fc245
86f0d71e-9dca-43fa-9e5a-7be79f6b5192,VISA,a7ce70e2-8304-4247-9708-69042376c319
79d336fe-0676-411b-aec4-6d821c675afe,PayPal,2ca8be91-5273-4f8b-929b-dbdcfdb1976f
9e3500ff-1473-4b77-a263-1d18de21152c,MC,ce5916b2-e46e-4ea7-bf19-79e9a3f19a29
b33d0831-97d4-4ebb-a7b8-81aea01d369d,AmEx,c0ed716b-d9b2-4865-b3eb-3ca2860a4286
a9158ef1-42ec-4011-b8a0-a1c8f2a5ae83,VISA,3d6a8eb2-a7ee-4eff-9379-5d7e49d21dd0
f1962d66-b0ff-4883-bbab-36e8eec244a3,AmEx,eb765f79-a691-4a53-b2f9-1f72fb522aa4
7880bdcf-2f84-47af-88be-f516d6aed819,PayPal,6f05cdd5-af60-404b-8a4b-999f758585f8
2b0c18fc-a598-46c9-8fa2-fedad1ee6804,VISA,f611df65-82f2-4a33-b200-9f8b55a9de1a
d706c32d-b578-4b22-bbe2-0e2207bd9244,AmEx,ac85362c-8dfd-4b22-8857-2ba402d2d459
3f6ccf0e-7545-491f-bc3d-9dfd54d0c311,MC,96fe2927-2cc4-460f-a9fe-9f948b15df03
ae20f8f8-c731-4809-b463-14254772ffef,PayPal,7f83df0c-77dd-4938-9c0f-7c41cc3adda7
a2f112d7-29ca-42c4-b714-5fdeb8d5a773,MC,bb469df3-300e-489e-be87-07c4f80c26e8
68b7b7ef-a632-40ab-9278-ddddfe276b38,VISA,b5ebfea0-a6f8-4ecf-8229-89992274fc4e
5d478c19-e02b-42af-9e4c-d3545ea00a48,AmEx,d5cfb5e2-3690-4e84-86e1-604beaff1c5c
80b50b64-8833-42c2-9565-02f5bf44ce78,PayPal,e458cadc-5e57-4de2-bda9-52f437e89115
ca93d875-5bc3-4042-92fd-5fe916e25500,VISA,0c83becd-ba44-4059-bf53-f9304a1ffb73
3d095cd4-fa6f-4823-aee3-0f3c758dc86e,PayPal,eb527420-11cb-4fb5-8614-5b22dded068f
3c1e160c-0d6b-4e58-a0a8-066a3ddcf0d7,VISA,5e6e1a43-38af-43be-96ba-9953ccc36ec7
3701052c-139a-47dd-8a74-bed31bba024d,PayPal,2ebdb0a4-9ed1-4bea-82e7-fcca09562b88
e48c3032-decc-4448-9e1b-9697ba370d2e,MC,790177e4-3f72-4c4e-8045-ad52e3a0d3ef
66f8cf4f-a420-4ab7-9f63-4c726a253778,AmEx,cbddbd42-a63a-4f60-989f-40cad2246763
b8943c98-3662-4c41-8e41-5ec88680bb2c,Discover,00044013-61bd-420b-8fc1-e1ee2ee269ac
a7eda32e-ae3a-4191-9ac7-6d54fc9489ec,MC,92282286-a711-463e-b002-4476b6cc97b9
4055e721-a237-4b64-bcfc-0e00aa3c23e7,VISA,a41e1528-7bfd-46b3-9ea8-ea9753096a67
3c80274c-d60f-45d1-acb0-119dd62cd6f3,VISA,d8de04f2-6c40-4dc2-ada7-f8a0e85914a2
f1085d1d-0462-41ae-b3a5-d286644f02a2,VISA,8b14f829-0c71-4278-988f-2e1a4ef3a5b3
2802306e-7012-407b-8ebc-d13eddcdefa4,MC,0435299b-edc5-4d62-9c43-7a59082c2199
8c344cd0-2695-4342-9c3c-ac9c961e7d52,VISA,c212aabe-ab62-4aef-8e8d-8b09ed064cff
b2d600c3-2235-4b4c-a4d9-defc6da3f458,VISA,f6e79ef3-c482-4464-a5f8-2e622633550f
24c463ab-ec3b-42a7-892b-f47026c69c5e,VISA,bfd05f02-1861-47ed-9e4b-2ebbea859765
d157f4f7-e245-448c-9928-cf30bf25bc40,MC,31062c92-3b39-4c06-a9a1-afc60acb9cd2
8c500502-4411-450f-b7d9-532ca5b18125,VISA,35dcb1cd-0d99-417e-9557-fee629965a16
58c83fa1-7465-41a4-a189-edfac0cf430e,AmEx,e42300bf-29a7-4286-b32a-df3f236367f6
71c574bf-a1ff-41b4-8cee-69dd1830e770,VISA,0d392216-bb0c-41c9-afbe-87ebe8acbf31
ad70d92c-9943-462a-a824-f92200d988f2,MC,a05694fb-a925-4f61-86aa-daadb9f565b3
aaf5744a-46d8-4379-81f2-3a040222d900,VISA,00580caf-6ab7-4b90-a30d-d61de0ebb2a4
1e2814a9-cf95-4f3e-bcf8-7a4acc90e87c,Discover,5d86fb26-46a3-46df-be03-a6937b346b90
f9e55f3a-24d2-4384-ae02-0aa1eb4c9ddf,MC,e6d94467-20a4-4d29-a294-d9807fb7cb8a
ecb87d1f-dead-4f26-a2e5-4c4e7b979ba2,PayPal,af254b3e-d408-4641-a3de-40929ebd06ad
fec17479-cc85-45a1-bdee-030897bc9695,MC,dc2415b5-8c4b-4478-ab06-7124844990ab
3dae0177-fc26-40b1-8331-6c0174efde3f,MC,e43b1ce8-64cb-44a5-9766-42f314044afc
15e8bbd7-7f26-4432-a05a-52e1811e1df6,MC,164725b4-fbfa-4189-a5f4-47171840c7ea
3315a748-27cc-447c-b729-d89b850c2148,MC,45000e17-8d96-46fe-af57-0a8d83d3db3c
e59f7af1-6d03-441d-9cc2-44ce91190e24,VISA,f1124758-6ae7-41f0-b90a-7174e6a4bb2c
dd4adff8-1600-44a6-be95-7d5b5d2354bd,Discover,1832f983-4153-45a4-97ef-0f689862ee1b
e2967c58-b8fe-4807-93f4-8e0ce3b2e9fe,PayPal,a69b0ba4-017c-40c0-8a26-21f60df7454d
c2a30156-3c5a-419a-94fd-f74081b78c0d,VISA,63e38d59-5c25-47f7-a349-3a1c2cbc131f
749b9d59-b2be-42f0-8019-bb0c0516bbe8,VISA,9bec26d9-1345-4c0d-bc32-64e25e9b3233
c192426c-a396-4619-b858-2e4be8026174,AmEx,168fa17c-aa5c-42ee-9960-b5a5a63cabcb
a0e42d81-7588-4312-bf14-621569643abf,MC,3114da95-bb11-4ba2-a0b1-23a9cd03e7ab
853cda5f-8081-4666-93ac-205360380ff8,PayPal,4889fad6-3e4e-4fdb-8634-f528d5c32be7
48b126dd-ea6c-427f-85fa-f40968863ec2,VISA,b3d959f4-17dd-4f22-b98a-5b7bbc0a36c4
003a1cc8-0ba9-4e86-9638-af9775516ca0,VISA,799b1603-d010-4fc7-bbba-3697f610c99d
22dc2b22-9e99-4560-a6d1-48ffee0d1872,VISA,1d5d9bdb-b761-4e08-b4dc-792f2c39e8ab
75cba571-d4e3-4ea8-9267-71b7dd4f5e87,PayPal,83ed1ee9-d680-4d97-9e21-dbc449a3b531
6daabfb0-820d-4657-907f-16109c1fd588,MC,daf74b2c-03fb-4e67-ab0c-99a0fae0efb2
8d773a41-1a4e-4230-adaf-52b59ffa6a7f,PayPal,b03a9de5-2de4-4b5d-aabb-592a557a8b55
a23b61ed-18a0-470a-96a5-fa2433058e3c,VISA,67945223-49f7-4bf7-9862-4e5ac4bea6f3
a209c192-67cc-4d70-aadc-a65674a0e517,VISA,fe45fe34-3a5c-42a8-aacc-0940a7e9838c
29d894cf-4f1a-4625-9fc7-4631bab6c6cc,VISA,f985783c-c79b-4f53-b80f-940f83f45d4d
9ba18bed-1605-48d9-8a99-2f8264918382,VISA,0b56a3ce-9239-4a09-af5d-58983de86359
f9664e9e-3669-476b-9021-8b2f455b33ec,VISA,f5ee34b0-dbef-49ea-bdc1-bfd85ee29a6a
c283fae3-9e84-49ee-b244-d28d6821b174,VISA,d85ca87f-cee5-45b5-a398-fce92be741ac
eae901ef-d74b-4fea-8fdc-3a637945681f,VISA,ce4014f9-c0e4-405e-becd-6de5b852e31a
a26c3955-e49f-4e71-bdef-3270a95060a9,VISA,f445cac0-cbe9-40e6-97cd-3fd078c59a4f
583bf496-707d-49b8-b248-df275f04d8fb,AmEx,1b9ee258-bc91-4c7e-b3c8-3e10eae748a2
af27b987-5af5-457a-ab94-f1b02ca9f177,Discover,7057d945-3d34-468a-9f28-b80b86dbe88b
921ae71c-c525-4ff5-9ca0-2a5375a391ab,MC,116eb9b8-5549-4e2d-bcfc-bb5408f5a95c
8ad5954b-5582-4a84-a20b-97084c10b6ea,VISA,62b24e99-696a-41ac-8cc9-8820b9e67424
b9a701c3-1a0e-4492-8cfb-1883ca75dee9,MC,60638a1f-5d2e-4fb8-8972-7289071a38ce
a92336c0-1d2d-463f-bf56-aa2664c227e8,VISA,737c23bf-681a-4c90-9128-6a0b417d888e
289c62a0-2f6e-48a8-a701-88f5c2c6bbba,Discover,268ce915-dde0-4ad2-a415-7e4f9f2fe847
837c363c-8ea6-45d3-9c02-993e396f8ea6,AmEx,df6bc4c4-fec1-4499-889c-d6b93b7b149a
f6ba4084-bff8-44a7-acdd-1f2cda6776c6,VISA,2f9b8e7f-cd6d-4296-8f73-30da492673b2
b5ef33a1-144e-42ce-b1d3-f9403c1c5c10,MC,01c31904-b4ce-4e38-8086-d68239327319
6cd43830-a56c-4c98-ba02-38fad4efc335,AmEx,499bcda3-2216-45dd-a2d1-6954552709ec
9028c06f-9cd5-4057-af97-b3af1dfd4e5a,MC,11770bd5-ce0d-4835-9c33-22960d7f665a
c2c763c6-d552-42fa-ae37-4c0909d3c46c,Discover,1a408c12-2b0c-49f2-a0e9-55b8ba773935
5c763921-5fdd-4f45-9525-84da2c76bd46,VISA,65d4cdbc-e541-4072-9dc4-87c45146ed5e
1d1d63fe-9f3b-4716-b703-c9619eae7c8c,VISA,e266e8b0-3319-467d-8996-bf8cd0f09690
1df58cb7-d599-4902-a764-812cb2a6021d,MC,95603064-e7b3-41be-a350-375a9d16f669
8e91549a-0125-474a-8519-dd1ab49960f8,MC,cb0585ae-8f74-4abf-bb57-71b05bd9c538
65170271-1692-4b6c-8837-138c8ed6e3ea,MC,3408c134-05d3-483c-ace0-c307b82da176
c8d55922-d924-4974-a9d1-db9224a7a534,AmEx,de77a586-bbd0-4cfa-8412-fb0d314abb43
9364e544-c3eb-421c-800d-899d44b9d0cf,PayPal,6d86c075-d034-43c6-a9c1-b3ffa6292eb2
bcb2e5eb-790a-4e5d-ae1e-0147bf4edeb2,AmEx,77b715f4-d27a-44d0-9daa-3ff870dacb8a
a836e75b-98b2-48d9-8853-b1cf8e782e59,VISA,cdb5972c-4d19-4ff9-81b1-a4f1531fe251
20699c69-ffa4-49c0-8323-69586c7a5e08,MC,bdbe52b4-379b-4983-9a79-3fcc8ab16ed0
f93ce979-3222-47cd-8eb1-3b7b4b6e38b9,VISA,55359825-a98d-4f09-90a1-73dce7925a27
0d57778e-af2f-45db-beed-3455a28d2758,Discover,7ba39639-7e0a-41d3-a165-bbe0b5dd252b
e198411e-06a3-442f-af89-50f1e8f69b95,AmEx,4ac822c6-d191-47d3-8db1-9c851ed0a096
b0ae98a0-91fd-4dd3-ac17-802adef51d07,Discover,0c575f72-0a27-4e28-8b9f-8e318c4bc7e2
a2f3ab24-44be-408b-9969-45b850886902,AmEx,b3ae97de-d6dd-47b4-b15b-acf8776ecc0f
f94aaebe-513a-4e4f-a813-63e9310b4808,MC,0a27a627-013f-4489-9116-901c0fff1ed1
3251373d-1f18-4c44-a22a-12ae3ffd1331,Discover,37ec50c9-f854-4896-aaa3-7dd508f881a4
069424eb-56b1-49d6-a738-ce17d50e07fb,VISA,8fe9b081-a695-4d2e-888b-7c3f833780f3
59540d11-8be5-4570-af8d-3f26bb38e3c3,VISA,b2624fec-9edc-4db5-9899-d575429ffb50
5f21f66b-3b17-4eaf-8dc5-db0963286527,MC,6a761b3a-a7ed-486b-ba48-891198f1d274
92dfd7fc-b10c-4b06-a384-93c0bf44a634,AmEx,bab50a28-565b-4012-82e2-337419fd445d
2a7eda19-ac4c-4b97-a83a-3393e7f94202,AmEx,3d554331-1f4a-44e8-b789-1cc1af8fa9fa
7e5c62ca-7906-43bd-a879-40c790c54010,VISA,f42d7300-5a3d-42f7-9e53-c4b0c99c64ae
56404ddc-f7bf-4a70-8245-31657345a91f,VISA,a13dd530-084a-4562-aa69-dc41621e1d0b
4b9ee605-845c-4197-9670-d1054e9e27aa,VISA,8322b404-f0dc-4ca0-9545-b28697e71d4b
4278f834-4e01-4ac5-8c31-1167569c5cc4,VISA,62c8d274-b1ff-41e5-a404-c4a8f2b8ddb5
19aeb1cf-190a-4363-aa57-a590673af0c1,VISA,9d14e650-11f1-43f2-9d36-1ea2398a6ea8
214f68b3-64db-4de7-b020-ef3f8fc7770b,MC,6daf1bcf-cdb0-46b9-b75b-67a255c767c4
38f93eee-8afa-4772-a006-dd5ec0703a8d,VISA,2fffab5b-61bd-4d78-9b96-02b249feaae7
a5ed194e-e5f4-444f-8790-33fa3f8bc7f5,MC,7ed310cd-0b32-4937-ac4c-8fc34257fe72
6e67e755-c3de-4474-afa2-81a75e1f80cf,MC,647a18c3-667f-41e7-a68f-ec9f69ae56ae
d95b157a-0903-4c8e-9b90-14e7b22db10b,MC,cf1b7f4b-a814-4693-9940-17feb282d304
7868dddc-d212-4d1b-b8d1-9aa40a0c4d79,MC,278c9974-f8a1-4ede-9125-6c0ab9d2484a
1528976f-5faf-4fb7-98c3-2b70d3e0ac51,MC,1df07ba6-607e-43e6-9b9d-7f55fd9332c0
b86a313f-62ad-49ff-be0a-27b72e159c57,VISA,6ee63556-88b4-42d3-a8d6-ac25034a85e7
02ee29a5-86aa-4587-81d4-f864e7525d4a,MC,375bcdc7-8ba2-4f4a-87cb-b0386c986937
bc6ce7da-0ac9-496a-bb06-4c9d209c5d18,MC,256a13d0-9eab-44f9-82be-18d0ead63dc1
ef7b25bf-39f6-4dab-bcc0-f4a85562f04b,MC,d5ac49b5-2494-48d5-8c2d-9f0bda4a349b
60ac02c1-4700-4d1b-876f-ae1039f593d9,AmEx,6ae964d5-7bbb-4c7b-9fc9-bce61200f190
13400ca8-7a4b-4e39-9f94-c0ad0b9bb267,VISA,07c9118c-e114-4c24-aebd-bba80caf6945
e0b2a882-2111-4898-9eeb-10a3d74d0aa6,VISA,96822c64-80fe-4ebf-9abd-64667cf140d6
f4a5d120-fe22-4ce0-9f4b-947339ef837b,MC,f0038670-99cb-4175-807a-43d13f274a6f
04e085c6-2f8f-471e-a7a0-e61aa15d3863,VISA,e00bc0aa-50d7-430e-be70-750c3e3357f4
d5f59c12-03b2-4bfd-afe2-663b3cc5dfdb,MC,07dbf618-5799-4a17-b2c8-cf4a3638ba99
04d3b356-7c01-4de0-a899-6e3b49ff9de8,PayPal,7a9de8b7-e87e-495e-910d-0e3e96a35712
35f84e91-fc45-4a87-8512-2d4315dc6773,MC,3e544554-ba70-42ea-8f63-8f77e477cd62
793f0832-9050-41ab-9445-d95c5963f4e9,MC,ab13eecb-e85d-454c-b329-5878682d6c84
0333d52f-31a2-46a0-8bc3-095e9f113d83,Discover,42fecba8-9851-4eb2-831f-fde2f28af619
fbb5cfae-c50a-4214-a63e-1f7306a0a169,VISA,b292004e-ed5c-400e-ab0d-54ec7d3a7d9a
4ec347eb-3af4-447a-833d-cef9f2533a54,VISA,16e54aa0-4f7a-4840-80fc-71b2407b5be3
c09bbaf3-065b-4301-ba54-287077921797,PayPal,c13192ab-a4eb-4d97-b4a8-6a6e61cf098f
6856b7b4-05c8-47ea-b421-776cc8fa702e,MC,8596c786-c251-4695-bf64-5bb257249358
61c782d2-fc4d-47be-9f60-b5f1beed24ba,Discover,54ba72d2-a5eb-4d98-9173-7d0b017e621b
36889c5f-cb83-4295-baed-87b387b1ee00,AmEx,6540ee42-39e2-4baf-8c7a-06aca2d28eb3
857f6c6a-b9ef-4a6a-967e-67d50ccb3612,VISA,ba6ce515-dc10-4c1a-adb9-686d6a0a43ec
253f3ccd-6fd3-4daf-abad-c5c7c4613125,VISA,7601a1c1-8f57-41b6-b811-a70319c228fb
bd568662-a407-452d-aeb2-71456e074d40,VISA,b2ef516d-6969-465b-ab12-457ac9ed88ad
e2d6ea07-f368-4376-aeb9-5bc2e33d1843,PayPal,9fcde00e-9947-4cc5-ba2d-862b39284233
f2c55751-8e84-4d5e-a7df-b37669b0747c,PayPal,f916b454-cf17-440a-a629-0c14aa717d56
64c41b0d-1290-4edd-b7a1-bb51ea1dd36e,VISA,cddd50ae-4786-406b-b41e-ba19e8a1c04f
a8a27e2f-ae13-4519-b2f8-c27b9351d381,MC,a1e03fbd-0ea8-437b-b9fe-785826c4f9ca
a546e795-7e61-4809-a795-957964493885,Discover,644e769e-ca53-46ff-9f06-2673186a9064
26d208b2-8b38-493e-b58d-ffd6779fa90a,VISA,d2300050-f0fb-4d2c-8a50-9a15c742f8ff
9903fa03-2555-4a36-9e9f-78bbde9a0fda,MC,8fb734c0-fb0e-4235-9930-2f061a9e2a81
88c428fe-5f5c-47dd-83e4-0c524a7afdb8,MC,29f4ffcf-81f4-44b4-bad2-f8610d979d43
8926de54-63e7-456b-83df-b408a30704b2,VISA,d82829ff-c6b3-43c8-b52d-93251e80657c
21b71380-cba5-4716-8727-54f886936065,PayPal,ec7b49d8-67e8-43c8-ad16-f8d271dd9d93
2411bc1a-a845-4653-b93a-89fad22b6c64,MC,6a30bc3b-2791-44c2-bd09-19771a696cdb
e2b24fd8-034f-43b2-ab95-b257edeede5f,AmEx,a093d028-0fc4-4de7-8f05-260cd4a671e2
f024dda0-8c70-4d3f-b106-28e3bbfb2ac9,VISA,52043120-727c-4696-8741-00979d65c8a5
a5a65974-6e33-4041-9274-7e7f6b544a2f,AmEx,462e9b23-2d03-4413-b960-46eb20dfffb1
a23dcb52-afcc-4859-83d1-ce32f5398686,PayPal,646e9010-1e86-4739-82ac-4074346ad138
d4d5027f-a0d8-4069-ac96-9e4c53c96df8,MC,f5e1af8d-2b5c-411b-9f4e-436cdd686519
61e467de-722b-48fd-8e94-2f0c4f28cddc,VISA,23ff03c4-5441-4c95-a4d2-782f734f885e
ef230bb6-417a-4249-8c76-b0a7c819e1e3,VISA,0ab84f36-db13-4a4f-9a1f-bdd1737685c8
1592a2c5-6137-4a13-8a93-6ea9ec097759,VISA,ee451ed1-40bb-4929-8641-03b07d678b2f
08b0f54a-b4f2-4404-9dec-80594c783a2d,Discover,41553769-c64d-42a5-9ef5-47ac4a229f9e
f77e0429-0eeb-4500-9ef6-13b047f6b0c9,MC,012822f0-4349-41ee-a781-9c94eedf93d1
7362ed9d-4e95-4cef-9e0e-b7c35155a6e6,MC,2d232db3-bf7d-42de-b490-47fd27f42cc8
407a946b-7581-4069-8a25-39afae815056,VISA,5f518c5a-8e36-47b2-b509-e181e36721d1
931b7907-307e-4035-ac30-580ede9f44a7,VISA,33bef3c6-1530-454d-9461-1b44eb33fed2
b4251f0c-ac9a-4637-bb62-c3b0650b6955,PayPal,57af6a11-a683-4477-9b12-882afea2941c
d69d882f-7d03-4bab-950f-8db409662136,MC,7ba563d7-082f-4fcd-ab73-fb0f7cc51954
1f508246-1653-4bb9-822f-ba8568ce7693,MC,5c50868a-5fce-4965-adff-fd673b861452
9c2dbc5e-90ad-4d47-8fc7-b303ab71b5e7,VISA,5c4e9510-20e6-4ced-8514-947d41767d6a
02fb0bab-3e33-4a0e-9813-86c22fc15030,AmEx,e6a29f37-fdd3-4ed7-84db-b3dda6c65c51
75412d76-e500-43cf-af4c-440fd126ec18,MC,abf5abfb-d459-453f-949e-9fc5adf9a5b6
eb2d4869-37ec-4ccf-8ea9-43f9ef7ccfad,AmEx,f061d5a2-f68d-4131-9d69-b50ac24e2bfb
0aecccd8-831c-4331-a49e-8c8482be14c7,VISA,a49da6ca-0e4c-4d85-ad86-e28550785e68
906c4749-fbe7-4e8f-8f84-3bcdfbac1ba5,MC,b302c3ef-b361-4254-9ffe-e7f9f91846ce
9f47e35a-ed63-4df7-bbfb-23bc15be7719,Discover,7bdec325-27ce-40ad-893d-01284521519b
acff1f27-2854-4e0c-8ef8-447ba1f1aa93,VISA,d79cae7b-9cac-4876-8b8a-e269db79141a
df060c29-a3e1-4a71-bca1-0098011a363a,AmEx,b472dca3-292a-4750-9f70-0f9ea2a01ae4
3e457681-b84c-4891-8261-030159a4e17a,MC,3c144142-bdac-4777-99d8-e9cc6f309499
969f9d44-a60e-46dd-80c6-1275753f26b2,VISA,492c1ad3-5b1c-482b-9a41-1275755bf5d4
ff641a66-b219-4350-8835-1343931f6d5f,MC,a8093aff-d0bc-4a71-a381-9e0f16157338
6437b833-484a-4e30-a6e6-f358e8b3196c,VISA,2fa1de3a-54f9-424f-938b-562d77377f33
5689f960-6f28-4491-a963-fe8d7f244c6c,AmEx,42353f44-768f-4e8e-9fac-1fc355e4a1ca
fcd02cd3-234d-4d36-b13a-97394a1d9083,Discover,f745df3c-c116-488c-9b5e-d530fcc3b76e
2536c6ec-acad-4eab-af4c-d525a2de2da2,PayPal,616ec022-a38b-4364-9a28-d12c0efa34d3
d488c4df-ad3d-4065-b55d-ead2f541d725,PayPal,7bb9a565-909d-4573-a0d4-3d8945103fae
c1288119-0914-4792-afa4-0ae83c361630,MC,5eebf1cb-9525-4d09-916b-521ef0e3fb85
d7b86f14-89d7-4b96-8bd6-c554a4833b67,MC,7fa28b6b-d352-4f0d-976a-c418a5a16925
959dfce5-1c08-481c-b310-72ec26df63bb,VISA,495dfa7d-ebf5-4951-9065-801fa46704d8
e95d160d-b6c0-4652-9f0a-de4dd5cde6f0,VISA,bde5901c-827f-46c2-a858-593574ff22f1
c7f0f63d-3dab-49af-b7de-06878ed972dd,VISA,0a9cc251-52dc-45a8-b0a0-2b69bebf572d
d0fe16f6-2a5e-4e8a-bd06-ae2d755ea800,VISA,d3f5ee7d-00d8-498b-ba44-e76e594ea2df
a2e30a22-aaf4-4558-af2d-71b56f818f87,MC,55f502c8-6ed1-4a29-b0ea-a0f293331d85
d2491ee5-95fd-4c96-bc73-5b5096aa10a8,VISA,2b4bc571-c58b-4a3d-a27a-46c0cc8c7ce9
d828ee8e-fa18-4215-9eb4-a5d4749c7510,PayPal,90fd6bbc-41dc-4f65-bf69-03a631527225
3d497544-0663-43d5-beab-432ccecd280f,Discover,62c5d051-5a8f-41aa-b5dc-8ce0cf547ce2
a6127754-3128-4c33-a7fa-59f455e0a1df,MC,437eada0-6e4d-42ed-89c1-aff3b99c2b5e
9793aa7b-c389-4241-86fb-ed98b6e478d0,VISA,c4271cf2-f32f-42fa-a297-4e433db1d395
cf52e080-253e-48d3-a505-c1bef049c650,MC,256db7fe-739b-4c9f-879b-f7fb9b968245
4a85081f-ee14-425e-bf5d-ef4225912b7e,PayPal,8b3c2532-b73b-4310-87de-a4283e0a9868
6fbad587-d6de-46ee-bfdf-929d5bdd0b9d,VISA,c615decb-7ed1-42ec-9192-78310fbbf7bf
13344aa3-41db-46c4-be17-5f20a820d4b3,VISA,08dea213-4d0c-480a-b962-ca13c09201cf
c9893cba-3a8e-4b31-8c9b-44fbcb65f311,Discover,3b0f9bbb-7e34-41f1-a14a-ed8c06b65772
3a5ede5d-889e-4746-a7e2-0c3d72576e37,MC,fe3cbbf0-8f98-42e2-8cd4-0b765d25b662
56846eb4-122b-4431-9502-ec7cedfc1a42,MC,03e0dce4-597d-4a37-a8ca-643d1c4c887b
48298d04-565e-4b62-b31e-a398728b6886,VISA,7278737a-9b5a-4bee-84c5-923d5b3ed089
41af61cd-95b8-44bb-94f3-cb636803d9e5,VISA,64acedfa-35b8-4588-be5b-be2ad80ce5f7
821ebb98-aa1c-4c80-8367-cc8e925c4fe7,VISA,3012ce42-a137-4961-8c17-92429a98a6d0
5359ee2f-2067-4e5c-869e-f73f9db4dbd8,VISA,f946f06d-9869-494b-be7f-d00c9ba7a56a
1f34241d-95fb-4028-bf76-338575c6ebb0,MC,4c5b3234-f396-475f-8bc5-e1b30ef5d8f8
c6d7ac4a-6b15-4222-907e-7b199080552f,MC,78c6095b-2870-4e2a-b10a-c33a29d2429d
2c61917c-5a3c-4d92-97a6-1370357d2f03,MC,97396d33-ce1f-4790-a0db-1fe8fc89ece1
7f2c0559-18e1-42fe-aecc-e5ca6ee5b7ce,PayPal,1a4d4251-03f5-4620-a1bd-173ae8db2b69
0f8105b2-2504-441c-a034-f7659b2f2202,VISA,4816d765-fcbc-4aa8-846b-d6cab51d980b
d262914f-b22a-4895-92eb-5b9bccf7a291,AmEx,47b771f9-c903-415c-81b0-63184fe09b45
c5790ac1-62f5-4924-b9c0-8a623e515f32,VISA,e76916ba-d241-4835-b884-2b24231957f4
c3048f88-fa4f-417e-9fcb-be4a74bfd31d,MC,080af4c4-7263-4fa7-9bf0-559e9ad55a56
973f48d1-ae8e-4a22-a24f-8b8299796f2c,MC,f4749844-388c-48f0-8a48-e8dff895f065
1b0dc409-ffff-46be-961f-a0341ea82093,VISA,4293c343-3698-442e-b7da-74fa733f6381
1a76ba27-bf46-4de7-9adc-9ec6f5ce8799,VISA,1449a78e-9c12-4449-afe7-af83e138fdb2
728a8a8c-72d9-41a2-be5f-7c6535a28bdd,VISA,121d7458-1d97-4977-b03d-d92686ab1c0f
07f4bf73-def0-4e2d-88e5-10b2d84d8a06,MC,9b9cdcbd-4df5-43ea-ad63-5a54286e0d4b
8a93366f-d808-4d78-9981-382480c15b9b,MC,579f4fbc-6d48-40eb-933c-417b65f59327
aeaf259a-ebb9-4197-bf00-219e3273836c,PayPal,6fc974d1-3a31-4af1-bb7e-168e1fdf9923
4506720c-3a67-404a-a7e3-c785048a7e87,VISA,f3472e8b-e41b-4e86-98d6-cbeffc66ed1b
53ce7c13-c803-4635-aee8-4d3fe84b4562,VISA,75a2f697-cd34-4fe7-a86f-ef5d07c27e65
bd2cf077-c002-4186-84c8-52aca61f41f8,AmEx,a1544efe-52ea-4fea-9ace-9e1bb0e042c5
b1e4762c-c41d-406c-b95e-ad499e185c9e,VISA,6df2a9cf-f851-436e-9433-85f1f92c044c
a7557f0f-9ab6-4344-a66e-09da985e7628,AmEx,f1124b85-f897-420b-b589-3989f400160d
eb70276f-5b07-440f-8bda-5171a31afd81,VISA,b7c79462-2368-4d4d-8b30-7eab6d194555
0d1bc548-843b-4604-8030-fb0d3e2ad244,VISA,69767eb8-cec5-4a67-92b2-134b8fd92ab4
6102aab0-6126-432f-aec1-4991c2ba280a,VISA,41513d71-6080-4045-b888-889f9c54587a
ee9c6e8b-ec6b-4f81-864d-269aa4388c46,AmEx,c3feb063-568f-4eba-8bb3-9dc442e99067
eabd8cdf-75db-4f31-8be3-932a3c0343b2,MC,e092f4aa-3682-46c9-aa33-faeff52dd2aa
24107eb6-d83a-4cba-b369-966d43d7df11,MC,ee6c7a66-6cf5-441d-af79-f4336f3e943d
8ea0b1bd-e2e9-43c0-8ae6-5c83fe0b1565,PayPal,e0c370d9-6ad1-4389-a38e-8bf3aa406c9d
a3972940-61ea-4760-be4b-eb1a6dac6945,MC,e7e7ec38-c386-4e77-b1fd-c4987c90eeec
6661908e-efed-4d46-b419-6c2c3644b0a3,AmEx,ce19a646-7f42-4e08-9298-c82a26ca392a
fc4f1457-7ba1-480b-92b7-efd04b855173,MC,376937b7-fe28-4727-8cc2-8fd729c6bec5
ea61b7ac-ec9a-4dab-8d56-e79f57011cae,VISA,3430f11e-bf70-431f-be1f-7b4c3b867e7f
645eccd1-ed42-4593-8be8-400899ec56e5,MC,4669689b-85b3-4840-b0fa-436b2e330dae
97b6e2f1-ef27-4225-beb6-1a54c38794ba,VISA,350b4614-ccc6-49dd-9b59-8ee4eb497e40
886f69d5-bc22-4bf3-a632-70596ce380e0,MC,400bc3ab-0019-4e8c-a996-aa1c963d15a0
a76c14a9-751a-4d6c-9768-58b3ea04ddf6,VISA,17505771-ab4e-4b92-a32b-a6e19db48ec1
6e4626ff-8db0-43d7-9483-fe7cd5fbc7c5,AmEx,778816a2-445a-40dc-83ea-8a924c7f4626
4e446add-6d02-4e49-8c2e-bfb394a94fb3,MC,af69b87a-36cd-46c7-b22e-1767d5dbc665
96cbfb52-1959-4afe-9d0f-4e1bf1e3f29a,VISA,eedda44a-9f64-4b44-9f55-c7701d4f5fa0
23952e2a-f2b6-49f0-b00f-79f703478731,VISA,6e1d04e1-38f1-404e-acf6-35f51e170ac2
96dbc733-4c9b-4d6e-9c33-421e36a0f57f,MC,e28c9cb9-327c-41e4-815a-41409a1dd002
209c6288-aa55-4a4d-bcde-8e66ced70b95,AmEx,a824b7e2-d709-494c-84fa-8cf5312aacb3
b5eed721-61c3-47df-b35b-cd45c6754cde,VISA,2370ad6f-430f-4830-ba0e-146627084a92
9523c5d3-6dd5-40c4-8897-104c55e2f5a8,VISA,b869b0cf-baf6-4ec5-9637-b6eb30fbd2cf
dee6051c-b3cf-497e-876a-21a6b4184256,Discover,ff1eebcd-d2ca-46dd-8959-ce63ffdc6fe4
a8c2a296-ddc7-48d7-b988-70b7ba53022a,AmEx,7f38de86-6294-4dcd-a0a7-33c79ec3cd8e
a695642f-e96e-4188-8bf4-5848bd409309,AmEx,75a1955a-1402-41de-acc6-254650b9555d
628e989b-8c4d-4741-b78d-71f9c6b75f8a,MC,30f5f565-5b2b-423d-a243-87bce9891693
1bb50e68-14a4-42bd-a69d-b60149838e51,AmEx,dc9d41aa-a2d1-4c60-9e33-88b1dad9a041
f88c788b-2819-437e-90f7-c0c94813b1e5,VISA,d626b3c7-9aac-497e-9d57-1d81c7bf5067
ed2930d1-41e7-4d8b-a1de-d289497258d2,VISA,220cd367-99d2-4df6-b911-873509809c67
331eb7bf-8bea-463b-84c5-f360fe82ed21,Discover,5041b885-61fc-4298-a448-ac983a75d56b
f203aba7-419a-4b89-bdb6-de438cc768f6,VISA,883c3675-5aef-4383-b532-f4483770db0c
86bb50ba-649b-40a5-bed0-9dc2c9d3374c,VISA,41d3eb3f-0c8b-49bd-9adc-7425931e8541
f48dba30-d73f-4b47-b4ae-7062fa001754,AmEx,479061ba-2f9a-4eb2-b03f-5740ee664a9f
a2c9913d-6a63-46e9-af62-d5de52627c80,VISA,6b581c91-abfb-4adf-8fb7-f4a41fcff16b
6cad564a-1f3c-4323-8208-14de35418d9b,VISA,33df4a97-e607-4fe1-a01a-136a9ed1bde1
b364666a-b6ea-4218-9ea4-657dbd3fc706,AmEx,dd00ff96-0035-46f8-86d6-f77d4e9c9237
21aca042-d011-41e9-92c6-591564ae2830,VISA,d151ad1f-c26a-49e1-910f-7f7bd9261e92
3a9b16b6-9338-4406-b9a7-45624609e016,VISA,a867d203-4382-46ee-a51a-7d13ce8ae63b
fdb5403b-7869-4257-9d8b-9f04a525c569,MC,8918a297-7e17-40d9-a154-eae43e9c6484
91de799f-58a5-4db5-8f15-aa64144b300f,VISA,7deb058b-316e-4afd-b6db-a5309e78341e
281df6aa-f91f-4b8a-b42a-bc78195787a1,VISA,a72cb518-8ee9-4aa0-9b2a-a073096edddd
e6de6426-4f7d-4c8f-9017-a214e87c8069,VISA,24de3dcd-edb1-444e-863d-be2213488e90
6a2af76c-995d-4f87-806b-7d4aadb54666,AmEx,f4094759-bf49-440e-b84f-d56b7597dcdb
20f51de8-2e75-43fa-ac47-9b407734c416,Discover,231699cc-b148-4dbe-9e13-c541cde1d7b7
8a6aabec-452f-4fe3-a433-7c1400cd7b68,AmEx,55837792-1159-404b-b401-6988a17e8732
71de069e-1e3a-4edb-a431-d6d2e4b1c1cf,VISA,a90ef0d9-1a7f-48eb-9358-f0610a7920fa
45f67912-bd44-44f7-8691-6014d6df848f,PayPal,7f68d975-da47-4291-a550-6c9ba4c6e25a
7ef80942-a6c6-4dbd-97d1-b90b12919aa9,AmEx,9d5f247f-0444-451e-9aad-6d5a78b07cb5
5dc28591-34d1-4085-8edf-de7a746883b9,PayPal,64b7a73a-8703-491e-b7c4-556f23fe63bc
353cd769-9f39-49b9-9005-510e1e782094,AmEx,46f9512a-c312-4f1a-9b02-7fe660c84dce
cb29dae1-314c-4269-8ce3-9d668a91c22c,VISA,297688ba-4687-4fb3-a74a-deac87a1eb23
2064d870-b570-4e73-928f-a3b083eaf68f,MC,f5829949-4acd-48df-b201-340e695fbd35
f3894f41-2106-4fb5-98a0-90ba7734d144,Discover,cf1dc77f-0d65-47fd-b56a-6d62acedc9e3
a00c8c29-f310-465c-8fc0-0af9dd30ccb9,AmEx,58aee57c-243f-4609-b8e8-362179ca6635
7b1a70d0-3cdd-4d95-896f-14c62147ff9a,VISA,30a346f9-6013-4f95-acc2-45bb135b02c6
8a8196ff-6084-4f7e-8503-b17cc6c2686d,MC,61b06c2a-ea52-4208-94da-fc4da81d4c0d
904c833c-179e-438f-9741-45c5faf394d8,MC,2e670cef-1d55-4ff6-8c34-1781d09b442d
4ef87c80-3f0d-43a4-8faa-d3ca5213d107,PayPal,3ac6377f-8bc2-4e88-b38e-860f8ecd9d8f
05ed7058-3a71-4b70-b621-cc0a09f94bcc,VISA,ddef9c30-9fb5-4fa4-ba83-f43798db3d34
50e5256c-ea59-4e55-8130-fb8f6525e004,Discover,7bc9e9a0-9ae2-47ea-9f11-5bfd0b6a843d
f8d019a1-e2a2-4637-8797-3665f86a9b61,VISA,40f6e89f-35a8-49b3-96b6-a146dbd7280c
b5f66b37-023b-488a-bf7b-db481f7bb337,MC,eed150a8-a8c1-414a-8c4d-a2c011aae7c9
ef8c3bea-573a-40fa-88bd-50c09baa62fd,VISA,422b0212-893b-4a00-9dd3-5b77ad69f272
e8ce0546-4552-4247-92f6-9eb470430641,Discover,7f8319bd-5f6b-4003-bc64-16d002701cf3
fea997f7-e6ef-4590-b8ed-527ac9f8a5f7,MC,c38dadd8-6d94-451d-936a-89b8a8570a03
c4aa8b5f-c6e1-4e95-9b21-56194a551dcc,VISA,ad776d65-0a52-47f0-bcdd-7dc03ab546f6
348445e3-f977-4da7-a806-9b266e45acc5,AmEx,93bb9d2f-85d1-43ba-9406-acc6971853f6
4f581937-4b16-4654-a4d1-62063068eb8b,VISA,67cf22c2-db44-46c1-b288-bd511374b08b
f768d5d1-e7b1-4d8b-8a27-c9f3ed0e6838,PayPal,53cd3608-2e3c-4410-8f2a-298c11771e66
ef640c28-1289-48ff-b586-f557d772ec5d,PayPal,2e90555e-07f0-4f7b-90dc-87143394d7b7
a76fd9b8-a493-4696-9d60-04e666b9dfc6,MC,0616cc3b-5eca-4769-b777-780280df4605
d2527fac-45fc-400e-a04c-964c701f5796,Discover,098b7451-eadc-48ae-bad2-90c58fbe006e
01ebdcb3-af86-407b-a2a3-db0a36569c14,MC,291f0cc0-1ee5-4fc1-9c53-c6eecaddff1e
98a50b73-7cac-4b5b-ade6-5fa58c1722b4,MC,a49600b0-79ba-43a4-8207-26b2b8f38f69
6e9ca0de-47d9-4175-a66d-b37b1163f6b4,PayPal,31f7b9fe-7c09-42c4-9b34-1a0f0d1a6c6a
519b5c40-f9e6-4d32-b2ef-1e791c5eabe3,VISA,ec33284f-5612-4099-8386-78bb9e05f147
935b128c-4338-4726-b74e-999ed15abd32,VISA,a1dceb36-e704-446c-a8f7-6c7042a0cebc
744da8e9-dcb9-471f-81fb-c91925fc5e87,VISA,6f9d87ae-d2bc-4e9f-8b8e-8b934563ee81
74e13430-b047-44a5-8b1d-ea60aa14a90c,MC,39380db7-a0fc-49a7-9285-b8ba861955b9
3ac5558f-a99d-433b-8270-8e2484efc32a,AmEx,33393a37-53e0-4eb0-bb4e-7aa880135ac5
f2f2b0cd-9203-4753-8d7f-5f6891e85324,AmEx,44c32ddf-6904-4fbf-ab5b-8991db7d64f7
b4b6c022-f9d8-425a-88d8-1cc0f83967d7,VISA,73781aec-8943-49ff-8908-8bd3df0ff2d9
4a074338-972d-4594-a193-831e910c4f89,PayPal,25b243d7-63cd-42e1-a59e-3512a24118ba
fcda12ef-8130-4abe-bcb6-0709a3467377,AmEx,b54bd9aa-4eca-4e34-a535-7c358982c694
a98a9e59-25b5-421f-9def-62b08a8bd355,VISA,84fcfda3-731f-452c-9d73-a234aa3c7208
9c143c4d-4699-4939-abe0-1f1a83cdf811,AmEx,00d25479-7e01-48de-9a68-84c9becfcfac
6adf1e53-ce3f-47aa-8059-2bfda0d0d91e,VISA,3824d93a-6b94-4c6e-8323-898db930a3e4
d84d9cf4-55d1-4651-89e3-447aca1b8c69,MC,8bcdcbfc-a691-453d-bd48-3cfc869aba4f
42337868-57ce-4242-bf1c-c881397bbab7,MC,e1233121-fa7e-4270-a9b0-d5f7ad984079
9cbf72f9-771a-4f78-b608-f09c9043c5ea,AmEx,432f01a7-27ff-48b9-8d0d-0045f5decbad
2bb033d3-0aa8-43b3-a050-247c29088faf,Discover,8e4546c8-2768-4b32-960b-799be3c78cee
8b73557f-a02f-4484-ac10-55f221c94ae3,PayPal,d1b5002d-a75d-4994-8a34-2431f69e6e4d
f7a28f86-f298-426c-82a6-17646b211da8,VISA,b4f7cff9-0efb-4ce3-be2d-9bec9f1368e0
54852ca1-b496-4d38-aefa-8c096ca4c082,VISA,ebfcc550-ac37-4843-bf71-e8deb6046202
7631ff7f-a97e-4b72-bc4a-75e536f1ecd0,PayPal,a1148835-542a-4407-8461-cb5c23ee9403
f239a01f-7616-4880-b392-4b9f22866a14,PayPal,03f28f27-276f-458e-a50a-be64aae734f0
6ac45bdd-bbf2-412f-bca3-b79c33d4ac76,VISA,21c2bf3f-e8db-4244-80e5-d15b0205b5db
fc56e817-db8c-4077-9ae2-6abe23268586,VISA,98d4161c-9edc-495f-81db-d1c9485fea3a
4ba62a9c-362e-41ff-aa81-a8c5ab41ffc8,VISA,d8423c15-cb15-4879-ba09-5b4a3ababd3d
6e27729f-a269-4fa9-9910-73854fdee53f,Discover,e4eb4ab5-64d9-4153-afb9-58e6172269eb
82dce08d-92f7-4c10-b9b6-9de8264f6bd1,VISA,375a2236-c1c2-41a9-a4c5-7cd17762e054
fa15783c-3e25-4514-ab90-6bc3954af1f5,VISA,9fec3a8b-4ac9-43ca-bf31-deeed1bf51f3
38b16ef4-8773-41f8-8c74-db9b041fac6c,Discover,f79d0cf3-be61-447e-b5af-e8f23375bfb2
97b63c91-6e85-4ccb-ab7e-c703a55ad15f,Discover,7d31cd97-2ed3-447a-9535-6e535fabfa52
c5069d5f-9869-4136-b667-ace4ba35da6e,VISA,0faa706e-eecd-4e37-b422-e83ba552ee3d
ff3182c8-4349-46b3-ba51-b16043d80010,VISA,0dce48cf-2cb9-4963-9aaa-8f63f22c66d6
09f97204-49de-4f48-b8dd-111ee03a660f,VISA,faeeb5c4-8041-4efe-b5d8-4a8af9a5c324
89910f1b-e6ca-4cba-901e-e80211699549,VISA,092fe7d5-ba48-4c1f-8121-7a105006ab23
920b4979-0ae4-4a03-b343-6b15f8e8f735,AmEx,2e9fe3d2-5b08-4415-afef-c2a03224e279
58a8a79c-7a95-42a6-b96f-bf6590916775,AmEx,0d715abe-4d31-4834-8ca8-45500a3cb8ee
dfc33977-02c2-4e89-b53e-8d7d25fb1e90,VISA,e2053db8-97b6-4edd-a9d4-c9e1bf8109e0
6c007149-1ca1-4119-a3d9-de5b424a671a,VISA,828a4da8-899b-465d-bc1f-2c75598a06fa
d31e2730-9272-4e27-b08c-9833d33805d2,VISA,3928a163-8c9d-4061-a207-778c14a63029
2357c1aa-cfc2-4137-be69-18e635be17fc,Discover,8290de5b-db31-4fbc-b814-4c89ef46f5f3
a5fa9e08-3d89-4081-b133-8a2dc11f85f1,PayPal,1c1c8b37-5fd0-4174-a3c9-61be6dece31b
ab73b27e-ee73-4589-81f6-c6e533f597fb,VISA,1de9d669-82fb-41fd-bece-a287a48a89fa
c90fd4e4-f8d3-4d9a-ba80-5ed2b05e803f,AmEx,9b68273d-fb8a-4a3e-8ecf-43d7f91cf959
dab1cc2e-4344-4b5c-b94c-421adbba89d3,PayPal,c3885c36-fe32-4042-a16d-47a94efdd62a
4b9c5f40-753e-498a-9849-cb0516d3360d,VISA,b7b750b9-562b-4dd6-82b1-92ed11d747fb
24ad132d-094b-4e80-84c8-7b6f6144e5c4,VISA,6cca257b-91a0-4542-8e70-6ca915a223b0
4bc37eae-3da9-4a91-99d5-b80a790ceacd,MC,a2eb5105-47bd-4b59-860d-4f76fc26c14f
07eef6d5-4e25-4978-973f-99c4073be5d1,Discover,fb759f1e-0080-410a-881f-153b693c7459
710aa0e5-5ada-4ec8-ac95-2abd9e8b8eea,VISA,fe15e2a6-5236-47bb-b593-d1ddb6e997ff
e1089572-d7ca-4fc5-81a3-26052a3b2db9,PayPal,ed9c5e0a-2225-442c-8b35-be03e2a30984
5b379de2-beb2-4bc5-8983-25d862a82e05,VISA,2c141f00-6d28-49fe-8064-3d2012995d8d
c5294d34-b17a-4de2-9ebc-18582afd9ece,PayPal,7a63fe5e-1bc2-408d-b3e7-2245b57ef376
97d70a77-cb52-4a78-8620-0619dce7ca57,PayPal,1123760f-892b-445d-b4b5-c26426311ee4
c09912ee-80a7-4648-b233-d36e57835e9f,VISA,56b45764-408f-42cf-b26f-4489574b6f0b
3d03db22-d231-4451-a50f-a751c0ff0f81,VISA,5e4015cc-5ad6-4479-b8bd-a96e6a894e5d
25f89a5a-cf49-4c45-ab23-0317a9f7d0ff,MC,b4af2312-d387-4aeb-a436-479d1796aa00
c6902a51-1283-4699-b8e0-20c0e4263c29,VISA,5e0b9260-e9ea-4446-8ff6-39cee4b8925a
338cca77-2491-40a4-ae8d-635052a24022,VISA,79c657bc-b6c5-4032-a949-a4b2d57b8945
d207a0e1-fa3e-4775-836c-dc8e9830113b,MC,386f9fb2-76f2-46a8-a808-0167cd009f60
3be06d05-fe4e-471c-a1cf-61b963d0b6f5,VISA,25d455cd-aa0f-442a-ab91-c34d9c69db4c
046fe1cd-910d-4ed8-96d4-6ea0f9db74c9,VISA,923956f4-28f0-40d5-b9a7-0121c247912c
1941cf96-0345-4e0d-ae24-2042b59efd7e,AmEx,0d4fb84f-258c-4c9a-8a7f-1bcf83c19af8
2e2e9c19-9b53-407a-a9a0-ffe4a8c59818,AmEx,783c85c5-69eb-4735-96e6-33c069fb2a10
69ca6723-dbb1-483b-b394-9ffeba1e9a3f,PayPal,9ed8aeab-59aa-464a-a2b7-b0b893534f2a
fab94eaf-340b-465e-917f-85f0d2b7a9c5,PayPal,14fe9258-ec3a-4595-995c-10a3b9d1a3f9
6b51beb7-c251-4112-a4cf-3c42b9cf173b,VISA,95ca5f6f-c3e5-402f-a553-7bc73bd967d9
a3037ed0-61c4-445e-b5d9-2d5bb9f37b59,MC,6454b84c-9c90-4f5b-8e0e-aa244b119ff8
4c89dadb-a202-42ae-bb2b-de4c80e0aea3,Discover,d02f1f9b-3a54-43fe-861a-acbb798294a3
c23aed64-3aa6-476a-bb86-41d7ec110e77,VISA,e9b7a4ff-4a20-42d1-bc02-9e6681908c12
c62595e6-4b80-4966-9f27-e336b0b07501,Discover,8b1a2c93-511e-42fe-993f-d49ba049128f
b54ffbd1-5ea3-4793-8a8a-970329edd395,PayPal,ac531458-ff4a-4b20-9dc4-91feb5470521
21ae6e48-764a-4420-9e11-502038a8c012,Discover,f1a30378-1fe6-4aa2-8244-4acc7e708ae8
81d4cd40-8af7-496f-999e-e93ec61496c2,MC,fd1b73e9-4222-42aa-a8f6-61c866cb7d05
450e3bfd-488e-4971-9c4a-e52249e5c451,MC,afc44528-5ad6-4caf-b5eb-2b23fa60d08b
ce41f744-07d8-432a-9b62-f18149465963,VISA,e0cb941e-9237-4d88-ae48-2ace11352a6e
32c8ae32-accc-4157-8b90-f3633823be31,VISA,f08778fb-ee14-4cfb-bf1a-826d38218938
038d419b-4a3d-48e1-bd6c-244fde9e50a5,VISA,288fe4c4-6afa-437d-a353-7783c129e930
516af1bd-ccfc-4b7a-b832-e03abf506d99,VISA,5c9f4e7f-684f-41f4-88fa-fa5960c393c9
5996eaf8-c243-476e-acd0-580df393bc6a,PayPal,063461b3-4c4b-4f38-aac0-c1d51c1a0bf2
7a577f1c-de7a-45b2-b1e1-26a376b7c5c6,MC,8fdc741f-aa03-48c3-b875-6aad36a1d14c
bfa0e6be-d1cd-45d7-8d22-1c96e1fd6522,VISA,fc374c94-0aa0-4011-a23b-4650b2bec19d
dadbe8cb-ffd0-43e9-8d19-f8879a0c2015,MC,536f9a8a-77de-4b79-8054-0ff0394b8a19
fa7627ec-89e1-43e0-8cc7-2f46e41ccac1,VISA,c00bdf62-5be2-466a-adc4-a4159fc77bce
78d920bd-afbf-4502-a153-6c2a5634c8d5,MC,4c4a200c-f44b-43fc-999e-36e25b08121b
9e71b909-71e3-44d1-8e12-900b5341daaf,VISA,ed34ad7a-8ef2-4b0f-88fe-96b6f0970fe7
5f0771d5-05ff-4acf-9f65-6ec6e416bf90,Discover,b484e30f-7c4a-40e9-b42e-67644aaec15d
c27e8d33-57a6-427d-9653-d9fc9346d832,MC,2d304fb5-3723-4be6-afef-ed50dc9fc049
6fc8433c-06c4-4a8a-bc8f-8133ceea845b,MC,39aadea7-b4e0-41c5-9c42-427adb1625e8
298abf37-ef9d-45da-a6db-cce0932dd8b5,VISA,31a966ee-c178-4e7f-8cb1-2d565e7d3a97
a213cc32-84c2-4e99-904a-a6191bc65512,VISA,b8bef8d9-6b24-4982-984f-507376e29286
c524d7fb-68fd-4acb-9f82-2d68f119808c,MC,a1769fee-f56d-42c3-91e0-4d9c3fca966c
717697d4-b47a-4cf0-b4d8-39cc42315f9f,MC,f091ea12-073d-4a27-bd4d-7f7855d30b2b
b7ea7d80-45ec-4aff-85cf-d4e1733eb3ef,VISA,7fe41b28-2f5f-4746-9d72-3a7010cdabea
61aa2440-e0bd-4c07-86c5-519f90e6eaa6,VISA,75c12f3f-1e9a-4431-9241-de5384a466ba
03a8ca9b-1444-4409-a9ad-28edc2910030,VISA,3739574e-26fe-4417-94ea-f8de8a291cbd
0d97e313-f231-4796-9265-f579c093d654,MC,b95570ff-54e6-4038-b77e-c6fa65c9531f
b0fbb475-ae71-4489-8cb8-ab8f0790ba30,AmEx,cb5a42a6-6551-479c-bfdb-5038b05e2957
bf60aab0-0972-4f7d-ab3e-927764585999,Discover,1a6cd1b7-e8bc-4e1e-a9d9-572f048c1359
652958ad-6fd3-4af4-896f-3e157f418bb9,MC,77245885-e3f8-4908-802d-9c03e7b180f0
ee10359f-bb43-43c4-ad0d-7248520544ab,VISA,e29a5f30-ced0-421f-943b-6a0f277dc202
18aef16d-8234-4d5f-b3c4-ca8982bfb97e,AmEx,87e345e0-041c-478b-be83-fc2677202982
ac73a1d5-7011-44e4-b09f-2ed539f0e4fd,VISA,fd060255-71ee-420a-b839-021390681fa2
fe8a077c-c15a-4eab-b5bc-be86e72460eb,Discover,4d5328b0-7a90-40e9-841e-2c546133d6f2
4e6f11ff-9228-494c-8e7a-09dbdfc0ead2,MC,46a3c829-1e9d-4402-89cd-aa50fcfe721e
bf0025e8-1b92-4cb4-a7c7-298d0576a815,VISA,18469a97-f6b4-40e1-8f2f-f70148df8b5e
35551795-029f-4bbd-95e1-1d24dfb25940,VISA,50b9307e-e111-42b1-a19a-450a0ff19da9
754393d5-e4d5-4e83-bebc-4098dee6e650,VISA,c40bb6a2-b8e0-4127-9cd5-182b47ca0bd3
610f975b-63bc-4e6d-9de4-299e2de6f89c,VISA,417a7fed-b208-457e-907b-70c12ddb7fef
e62a7a4a-eefb-4db5-860b-d9cf7cc17f3e,MC,90600935-5f33-4d22-aa7e-305be8d849c4
9d402fe3-53e7-432b-85f7-0ae300b547cf,AmEx,b5b4b440-272e-4d9b-87b8-8f5aeda50c8a
655dbd0c-cf40-47e1-940a-d0869bc35c81,MC,1286d3a7-5d48-42d2-b2f9-588d65a307c0
43a1243c-844b-47d7-a0bd-8e692086548d,MC,b8d9a0ce-0cd9-481c-86ee-5e05c27aa29e
1fe07f33-36b6-4e82-933d-4bc7fede5514,VISA,7ecedf97-3d02-4602-96d8-8c0d28335c2c
75ffc6c2-16c1-4547-8e90-166bc2a219e5,MC,f648e347-9aa1-42fa-b50a-dc1fe66e94ba
c9808a57-c3f2-4d24-9102-175ab4e0327c,MC,5e5baf70-fd2d-41bc-b058-e1a79a099892
89a878f5-c301-4480-8cf7-814e37561264,AmEx,87e1a868-212c-49cd-a0e8-21475a9cc6fa
7b3539a4-7044-49db-8b81-2be6027da3f7,AmEx,328e6769-c95b-4144-9546-22839237f5ce
de9a3bde-7185-4dac-954f-61ef6c3a82ad,VISA,759da204-4f29-4e63-a24a-2342ae844d04
92a05f12-c3ec-4b0d-b336-4ea7b148e240,VISA,d9137467-0080-4917-b227-3e58f04292f3
c4f5d42e-9d8f-4224-a681-d1d993235545,MC,b98a15a4-8c62-4244-b300-8f205c98d1f8
3b41bb3d-6fa9-44d2-8042-366fe39e3b43,AmEx,4a443b09-c27a-4559-b9f5-ed1fc95b40a2
43b323be-b0b7-462e-9747-ea937d515779,VISA,e6f8c5bd-a48c-4076-ba25-1a44bbd5ee63
26fcc392-7621-4e1d-a97f-414a57a0fcae,MC,8b025f6c-8da3-4c4f-a446-80f4113ea0b1
bc3fc78f-23d3-4d02-9cda-b5e33d5619d2,PayPal,9ad8abe3-ccfb-4dff-9dd7-65c588d19f35
ed01b3d2-af98-4d65-92b2-64f5506166df,Discover,27f2d0d0-4412-411f-a6e2-de1f85227259
6a0bd350-048b-4c51-b305-50fc8229edbe,Discover,bd131e7a-9a2a-4b3b-8306-fdec9ebfa635
0fc67f86-7984-4dad-b716-b839ad69eecb,VISA,e79eed5f-4c12-40be-9c39-b9ed48a66f4b
121cbcbb-f53b-4c1f-afca-027325f174c5,VISA,6c29635d-0940-4be5-a808-4aae2761e172
b21d7e2c-b0d1-47ad-acb0-6941337d6f6b,AmEx,d2a7f07d-4485-4e79-a391-387bf7c743e3
890953be-d57f-4e83-9b10-d00ea08614df,PayPal,8faaa746-18df-47f3-81c9-4ce06d13bb62
ad5d31a2-81e8-4ad8-b4b5-d464a7381cab,MC,59fdae58-4e29-4a8c-8ff5-eaf91828d3a2
adb94b27-d2a4-4317-bd22-84c2de35e354,Discover,1572af06-40f7-4bfd-9534-358fcc9cc765
2cfa0ea1-3c73-4fee-a673-f612021d40f1,MC,757784f1-9090-4861-adb1-398b106011ce
f02684bc-fd10-430b-b967-f78b6ab18b1b,VISA,e21f38f0-d194-4d26-b416-3f081f66d1fb
b0f28ba2-46b1-4db2-992e-b8f03dc5c1c2,VISA,fb45133c-1c88-4f76-bddd-fb5f0e8f6417
51fa1ce0-dcb7-4f30-9253-4ed9dee2ce56,MC,2a709454-700c-457c-85b8-f7d65b8dbe21
d48a7843-8128-4cbc-8a4b-5a6a0503c4a5,AmEx,7a5f9cf1-4843-4f66-9163-8aace9a8e5c6
1c83b0d4-a566-4733-b6a4-4c20e598b857,PayPal,17a2ea61-743a-4075-9e9d-f857325003b9
32f8a56a-3068-423d-876a-aa5b27e731a7,MC,93d466f8-4ae4-446a-9952-37fd2d49400e
db006a48-f0ad-45a9-a787-6e443ad6defe,VISA,91f77317-89e5-48cb-a935-34685b1870f5
09e84397-ec6e-46c1-aea2-86ffa2ea13d7,Discover,e23d9c40-f6f0-4926-9dba-024727ecf561
582cc30c-6ba6-4fee-9f54-5f3529060111,AmEx,0503dc48-4f65-4f66-99da-499c2160df32
87674178-986c-402f-90cb-959ba94b42a5,MC,285868c4-ce39-446c-947c-466b6b2db4bf
fa2cbd70-7eff-4a7f-9ff9-d4f302362d32,VISA,ed7e392f-8ad2-4db6-acbf-a45cac60b168
6b1a3e10-89b6-41a4-9f1c-6c8a9aa6d214,VISA,d76b3b40-db1e-43db-b155-d8dcde1def64
552c2276-effa-43f9-8030-7bdcb7007e16,VISA,79850b0d-7a92-47b3-8895-cf4665632886
64addbae-61b6-4237-ae93-a7317eeecce8,MC,e829b7f8-baf9-4946-9537-cc5ac2593406
7ac28a10-e0f7-49b4-9288-ed3eaea18ef5,MC,dccd77c6-b447-4222-b309-f7ea6f1566f1
caab1dec-55e1-47b0-a749-05f93c3d574c,AmEx,98cb9ba6-e82d-4ba9-abf0-194039693429
26bcf8aa-d7ce-4e32-a038-13d618d3e477,AmEx,ef506f41-9112-45f7-a4c1-82144058329d
9dfa9359-2358-422d-82b5-562fbc6488a1,VISA,6f8d6760-8005-4437-92f0-6222a255fac3
198869bf-4be5-45d9-9ba7-0061a9e19b67,MC,fdeb020b-3938-48c2-a826-ee367f6681ce
587a0add-821a-40bf-92b1-2d2ff8b90334,AmEx,eec4d3b0-a00d-4c1b-8384-42f7edb50e41
3168b308-1540-44ac-a814-d5280ad427a0,MC,e0004de4-3673-487b-ad60-b8439907da18
7dce9bd5-1060-4291-a112-d00f8efedba9,PayPal,8228bd7c-631a-430a-8c1e-644d351f40ec
dbc4bae0-2c8a-464d-b3ca-e2e9e7f5b33a,AmEx,c11e7fa8-16e6-4c8c-b2c5-2c6f7b7737f8
7c67d181-bc98-4dd6-a4e3-e676c9a822dd,AmEx,e60f7ad0-e4ab-44bc-9761-8a9d57e72118
3a6dc49b-e3d6-43ef-898f-6f62a2df2067,PayPal,6558cc5d-1e59-4e7e-b3da-79da83f72972
e7258539-9072-4344-82c1-347343f6f00d,MC,ba42575d-22d8-4f83-a447-a638b9c660df
8afc57dc-36b0-420c-a5bb-19f3663d8c29,MC,0914eceb-cc16-4d21-993e-478216e744c7
0b53a8eb-7a32-4d18-aca3-eec44f6e45be,MC,f5672cf4-f841-4308-aad4-ffe6a64f81ca
5bee0795-dcbb-4222-9c39-9062a253e374,MC,70c606e0-2343-49d7-8a9a-52462517b349
926d6fd4-9efe-4445-9769-aef478311944,AmEx,6f4b7f01-107c-44e4-acdc-a83b75b5d83c
b57f291f-52a1-4d88-96c2-06c460518872,MC,b1ba4e49-3926-4ae4-9db1-1bea4261b13d
6bdbacd9-b00c-410c-ab75-c00a92b10196,PayPal,63d72da7-4df0-470f-a2a0-820ee3c5b7ed
fa895f7d-b8c5-42e0-845a-de5e54ea507f,MC,dc3f6933-81fd-454d-a218-9adf68055c86
6255df50-2f44-48a7-96ec-aef473ce002d,Discover,27dc2391-e11a-4457-b6b3-dacacd5a38eb
65e09139-f507-4d2b-b9e9-9b3ebba8f32c,MC,0aca1044-360d-4d20-8de0-8de959ef69bf
2655adef-a6a4-4bf8-aa64-a4c7da90a519,VISA,17e24907-fae7-4055-baf4-cf9cf014842c
f2983c7f-c596-468e-bc67-b90966f8d070,VISA,7a1bdda6-5f9c-4fb7-8c6b-3d5e24d02b46
a2939534-a988-42f5-a870-def465d99942,MC,13f0f328-b5d3-4004-ad00-fe2a9fa37d2d
9fdd1e5a-1824-4fd5-84f1-86f0f1843541,MC,e863ee46-afe8-4687-8093-077b6b2dd754
f245cfcf-50b5-4637-94b3-5941fb7e61e1,MC,0718588b-ddfd-447b-9669-2ddf4bca967a
493c284f-4307-48f3-86de-f5c2f955a58c,VISA,f4dfa120-c256-43d4-b1e9-60f22a54292a
f12feb91-617b-43f1-ad1c-b9565110ef57,AmEx,af435691-201f-4cec-9f87-904ad96b995d
0243f1cd-c762-4832-bff9-6548e3709850,AmEx,0587e0c0-8363-4170-b7c5-f926232e6898
d156082e-ca43-42ef-a8bf-7a13a2f82525,VISA,7ea030d2-2605-4466-9183-a4163c6d0aa0
921f205d-7ce8-4638-8dff-886a01280bd3,Discover,2bf23003-7e8e-4c1c-8300-6bf3fbf71fb5
90bfd08f-e72d-4896-8522-ca7bca11d4da,VISA,f3ae1b60-8435-4880-ad20-a48298d43a0d
01bacaf7-847d-407a-b98c-7fff291919e4,VISA,4a005abb-f788-4225-ab0a-875de2d54bae
79445cf1-3261-49bb-9a10-3cf24e59bbf1,VISA,450ebdbf-b043-4d68-813c-b1dd3fdf9253
14d29156-cb42-49e1-87b5-7fe358e6d79c,PayPal,f74e5d1a-4fde-4039-8482-68b11905a963
4a355645-c856-416e-b41d-39602d4041f2,VISA,8051f37d-d388-48d9-8772-ebe998587471
f6e15988-9a19-4a4e-858d-d10aa34d43cf,PayPal,7c4ff2be-4bd8-46cc-83f7-02d964716a6b
4718c00b-f6a4-496a-b0a0-3b2c7b8499b2,AmEx,e7a94149-15a8-40cb-8077-ca9972007149
6d093849-bb0d-4f3e-8cc6-4b465c3dbd0d,PayPal,4fcc84d2-867e-4f72-9afd-bc98a3fa57c7
8de82c2a-52b7-465d-8faf-c87015f7dadf,AmEx,44a440a4-940f-4da7-854d-2e42e239ab7f
5e233c1a-be01-4373-9ad2-dd9898494ad8,AmEx,b2827e53-1344-46ab-b4f8-6de74f0400d0
802b6b57-fa50-4a4e-b1c8-cad5a3051076,MC,ccfde85f-19c2-4246-9775-5a9281f802c9
9e191927-84e7-46c3-a81e-6360d78f9a78,MC,91cdc723-8022-4e2c-8ced-953d7e65b1a4
966bd6ba-3068-419b-9b09-4a34f786d98a,VISA,bf92685b-69d1-46fb-bffb-3aaa173f68ca
584ac116-6189-4d82-a0c9-c39cc1a65043,VISA,0ea287fc-492c-4290-ab6e-c189ffeeb08b
d3a91c70-d3db-42bd-97bc-fa29dd9d68ee,MC,9508cd14-2ccf-47e9-b20d-8a54f65320e4
4cadd5de-db21-4e31-a085-09512a1e4b2d,AmEx,4ab304fc-6800-4d28-916a-2c7979efeb50
55c45a9f-f414-4585-b004-fa3525589a49,AmEx,eba7d6bb-2919-41d3-91a9-911842f0747d
46ed0124-acd1-458f-ae3d-445e46c9d6db,VISA,dae0ef0d-5826-4d26-a263-d14412c376e0
524b1ab4-60e6-45d2-bb20-fea5f3c8a895,MC,fef32938-0457-48bf-8851-9d05ef5f629c
ff6bc752-6df7-4023-86a8-86b26bb65f94,VISA,6c79c022-0378-4873-a94b-76a5aeff73f1
63eaaf00-0a3c-428e-ae56-e54149a0d336,MC,d7c41e2f-78f5-470d-bb2d-b80e61afd05f
99827ac5-eb5e-4dcb-911f-eb3c3ac547b9,MC,113a898b-144b-4979-aa70-abab6235250a
291f3c0f-821d-4b66-90f1-c1f6846dc09a,AmEx,71b02501-d3c0-4a33-a7a6-019f3a576603
7fb13638-abce-4af6-8840-ba4fa051d9a8,Discover,c02ef964-9bda-46c0-96e6-d112ac48551d
73b167b8-505b-499d-b0b9-e5e8aece1223,MC,9ba7655f-3755-4316-9edd-bc1a83a0bb1b
9d0e8dbf-263a-42a4-9692-f524f9c9f4f5,VISA,5e235c2b-11f1-41cc-8fc4-9bc271605baa
b8cc02bd-c3c6-49a2-8409-d3a3579e427e,AmEx,0bde8658-573d-4a83-99dd-2daa804a19b1
2ae6339a-7007-4050-8642-d2e6db5bc357,VISA,79675407-f242-4c6b-8492-aef4b1108399
ea192db2-c91e-4246-81b7-0e782c8cdac4,MC,9740076e-afd0-4209-bf73-945e102001c6
f89a427d-01e0-40c4-9ae6-034b36bfb233,MC,a9e9d6dd-03e1-4dec-8033-b703922aa371
388b9b1b-86c4-4402-9827-6c79455cdf93,PayPal,db5e6fb0-37d2-410c-b605-114e7dba7872
7819b556-d318-4fc5-bf95-8b390efe5f77,VISA,3c8e61b9-99e7-4e9b-8b45-ae59b3d8ba98
eec5b3b7-7967-475e-921e-f2c2079f02c8,MC,b7f23289-e997-4739-a9f2-8889bb4099ce
36e66e0e-8d50-4869-8cd6-ff3fcec7ea37,VISA,cd8e7471-9c29-4cca-bcca-26e0d432b7fc
6cbc4cd1-469f-4cba-805c-b88bba6f5700,MC,4df1a1a8-8d27-4724-981d-69705b49b905
1f297386-6dc6-4e70-89f3-96af1e985abc,MC,cc61c026-96bc-4333-904a-af21cdd5e1df
dece114f-0311-4369-bce5-376a8cbefbf1,VISA,35f42022-e142-4571-8f07-78f8f6dd3d13
c9bc9137-94a6-4470-895d-fc05cec7a11a,AmEx,9201ad3f-c16f-4372-a819-ba32127efc92
f46c580a-114d-49e6-96ba-39ea99fd8685,MC,866ca309-d47e-4e5e-ae16-cf055bd98527
7be77819-63f8-42e4-b63e-669da0ded820,MC,7a794e78-5a67-4b85-a64f-f0d43aa819a8
e185375e-419c-4b52-805e-4f508dea0799,AmEx,25658f7f-afc0-450d-a610-8febbbd9b693
8b10a178-5350-4a57-b03e-f39881f81c28,MC,13f67296-ce3b-4d38-a226-36c57fd0d342
7e4b1517-bac3-4445-9590-4fb6a41b6003,PayPal,c483ec5c-c4bb-4282-acb7-d9a405995f6e
a146263c-2d9b-468e-9b3b-e64d090e26f7,AmEx,79600fee-c511-477a-a073-e362fe20069c
c0e09992-668d-4a41-b38d-711509451792,Discover,4e498d8c-85c8-4725-979d-331382a36385
de066283-2e59-48cc-ba5b-cd78f696756f,Discover,1c5d26ab-84bb-4bba-a54f-07b9526c7183
ea141afb-a44f-48dc-8b0f-7c2782bdd122,PayPal,a5fdc7fe-e39a-4ad6-8a9e-cae3eb153fd9
6d6bd3d0-e9e0-4f62-ad54-f6e0b5c15c56,AmEx,d4b7cef3-6525-47a9-b817-244288f077bd
5deb6f5d-ddca-4fb3-b09e-bb49eee015d6,MC,2a5d5020-1262-4ce4-87f3-83897fb6b54c
fde2f8a1-140d-4c3b-910a-da20f99cc36e,MC,421bdd98-6470-4d9b-b4d5-c3ab6085d2bd
ec5b1a9b-8f6b-4cfc-bae6-305d502083b3,AmEx,2a80300b-2906-4beb-84d6-4f7aa895e2c9
e511edbc-a9c1-4b2e-b61b-53d7a702aeb3,Discover,d4d7046b-ecac-4580-96a9-c8bb692ad937
b19a19f6-24dc-4de5-8175-196b8c9c6bef,AmEx,595f9f72-0faa-4bbe-a027-e8dc7224b84c
ad34d00c-2a9f-41c4-bdb5-47a585bf7d7c,VISA,af845b1f-e4d9-45ae-a77f-3e9e410373cd
ff09846a-b631-4f2f-b4dd-6d6b3e461df1,VISA,dd6e990e-c020-4bda-9151-5896dd915e56
6f2645b7-86c7-4d3d-9eac-11c307b135a0,VISA,d0f4c98c-d775-432a-96ed-f3e2c3bac87f
79c78713-ca81-4fa4-88bc-7a7ea7192d33,Discover,591a3148-c616-43f6-9a72-67aa7ae077bb
a95b140d-c5af-48b7-bbdd-25eed2e19fac,AmEx,9afb9a57-8086-4b00-9ac0-61a9b233f93a
42a836c4-8e62-4da3-a0f7-433b2c84b887,VISA,ee62a464-50ea-4fc9-aa65-cee320af6915
e34442c0-383c-40aa-bb49-13980940eb1b,MC,d72f2814-665a-40c8-912a-7de98c2c6531
e95a08f6-f094-43b8-a12d-0756257a4103,VISA,e3fb9b7e-1458-40df-bd0e-e35b37ad7e36
e86cc108-9dcf-4636-938b-db4bb39507bc,AmEx,e1f499aa-1bee-4d5d-a7d5-e0a0d9dcdc3f
6e5e2b2e-af43-4a41-a3c1-e64e1acfe7f0,VISA,6ac34075-cacf-4633-a91b-9fc0669be5f0
d2d27222-ad8b-48bf-918c-259e7ce633d8,VISA,d92113e1-d7a3-40c3-9b94-3a18a7e51dae
b7fff5f6-3905-445a-83be-091a3553b6a3,VISA,d7cfd202-c56c-43c9-b4e2-f082583faad7
d42679cb-9f2f-47d3-9cce-35ed4b02ed01,MC,ddaa8fc3-9fb2-4fe2-b6bb-aec04232ead3
f9e1ea13-751b-4215-abc3-1f4fa4b3a324,MC,491f0d0e-67ac-4a1a-bd8f-3aabe3e4f9aa
dc96073d-8e46-45a2-884b-e1dbaa4f8f00,AmEx,229e5931-6cb1-4036-b9b6-d1dcf5e36c08
07ea06a8-0a61-498e-a889-dd8371eaa02a,VISA,f1ec932a-6e11-41b3-ada7-816c625edf92
60807414-bd1e-4666-be40-196a081e7657,MC,409455a1-dc43-49ff-8a27-010a1fc53794
4f1c3f3c-767b-4c8d-9764-15fc752042f3,Discover,c9ac5f81-4e21-46c0-a8d6-919d4a0a7148
cbcff2c5-a0cd-4bc5-a9e7-d386be5198f4,MC,3745928e-3977-4d8a-b09e-32d73540b193
57d6559e-7533-45e6-8b18-a24121c09d88,Discover,42ad1a9a-42a5-45c2-8c61-b6cb48940c5c
ee33b60b-9dcd-4664-88be-6beea14d377d,PayPal,8d5d52a5-999d-47ca-b83c-722d1d8f2722
c13ff233-30ea-4d3f-ba50-779f8c2b2b42,VISA,c2a8d14c-2784-402b-9778-351808317a76
7aa2dae9-cf20-478d-b844-27a260b17326,AmEx,2521666c-f047-4293-8b31-86e107b18a35
1339eb29-afcd-48f3-bd72-1fcd90ee283c,Discover,29e6623d-622d-4b11-beea-0008b6378965
f8c5fc94-51ac-47c5-92c8-ae15b640644f,VISA,2e630593-d4c5-45d4-93f0-87b40d22d8f2
03c0de1d-3e32-4075-afe2-c8301f48363b,Discover,18bd25a1-9f66-4926-8468-7b05b37bca56
69624ce6-abda-42e9-8340-193994fb8932,PayPal,c25bc681-5ae4-4e2e-932d-86f41f9d9673
ca998441-c0bf-462b-bc29-075a5f46ff4d,MC,8cabecb4-ac17-4d4d-a531-3cb727b389d9
6b10702c-6726-4fd4-ba33-a8e6245268cb,VISA,5c48697e-e476-4405-8021-810548710cef
c3eac56c-ee12-4760-9242-4fe74296d2f0,MC,e999c0db-1e5f-447d-97ec-97232c5daadc
60d30aef-95cc-47e4-b3e2-35054eca6cfb,PayPal,14a5688d-e5aa-43c0-910f-e848a2cb5b64
82217914-b7b1-4218-967b-48c9b347f94f,MC,e5f22f49-24da-4a86-9dd0-8741221c050e
ddff40d7-849f-4ade-bf8b-80d3caffaf23,Discover,398c4a3d-05c4-4fbc-9abc-fd1ee5fd5fa0
de8cccec-f20e-45a5-9c92-15f6530b6a26,Discover,8287d91d-a8bf-40fc-9b55-b311e16ff440
12d17568-ecdb-4a87-a280-80cdfdd33792,VISA,75ae4d37-2a79-4091-9f2f-7f1cc8033950
92471c49-c477-49de-9b0f-aab7a17f715c,AmEx,f5715d8d-9099-49b3-9ae4-fe57b3632341
79bda5c3-c166-4016-b5d7-2159161f2bf3,AmEx,01524ec9-fe28-44bc-ad86-ffc888dc0fa1
b3f93685-ddd5-454c-a85f-276529990783,VISA,2b31cd51-c80f-444b-8e88-3a672ab54fab
c06f97f6-4ba4-4672-96cc-1e4e63ca4f97,VISA,9e3d264f-45d5-44cd-b257-d6130cc51649
dbeb8974-fe90-41ca-a000-007e5ef05060,AmEx,b13d63bf-fd72-4ac2-8238-49d0b2c1032c
7d74c198-e912-41fa-af8f-8010e3781c89,MC,c2b36e8e-1c78-477a-b41e-eccd45b0c3d2
61f2b9a6-8558-4629-8bdd-04afd1f6025e,MC,359f9dff-f198-4304-8882-a0eb7b4e9e75
79160689-21d1-4eb8-b533-c6cab576d0a5,PayPal,4236aa3a-b11c-4631-811d-4455b247b8f1
5f5b414a-432a-4bb4-938f-96b2e7e849af,MC,891eb3ee-f64c-460f-9136-f44ae208601d
95a1c841-53af-475e-9ecc-c04ce6baa8fa,MC,13e2ee42-b305-4a6c-9a15-f945fd0e5537
27e86cc3-4cfb-4aea-aa0f-adbe60dcfa0f,VISA,65c72486-0088-4afd-930a-4b953803aae8
f342b84f-1154-41a3-b1be-365aed99eb73,MC,d22516a2-857b-45c5-937a-571f7c4191bf
a83e685a-51b7-4981-b3be-82e17e5524dc,MC,665eca92-81ee-455c-a21a-f8945279dfd4
75ead373-6ea2-4f17-8189-68056b4e19cd,AmEx,82b85c44-6cab-46d0-bfe6-759e9e829f2e
a219bdf8-314e-4a33-b0a4-879a51a4ddab,PayPal,942f15de-308d-4524-85c8-ffb874f9021e
71124f80-4c25-483d-b5ba-ef712eea3751,VISA,54d33d95-039a-40ec-89e9-091eb2660a40
8eb6beb6-8b11-4dc4-a0f1-a6ae2fd04ed7,MC,a6f3eafd-ab2e-4ded-a1df-db779bb85adb
c62990d1-d810-4cf6-9367-83b1f062a887,VISA,14c4afa0-2f62-41a4-8733-ab58f08ac861
de1ad8f7-9467-4a07-9580-a73f8b3a0661,PayPal,4600aa66-4264-4187-a88f-a9078cec8b96
c629c471-497a-4aca-8543-0b1a75fb42a5,VISA,b01407ef-6492-415f-b414-dbdcd490bd15
cceb7a42-161f-4841-8093-7790771e0ccd,AmEx,66e3ff40-f95e-41fd-88db-8de6302bac1b
93cd6a66-edd2-4ecb-a00f-965e95cf7d7a,AmEx,a12ca6c9-0591-46f7-bd2a-6eb81bdf44e3
dc9256bd-57cf-42f0-b402-13b4a226c7af,VISA,c206f4b2-1f6f-4a02-b45a-15cf0057a0ec
5a37611c-dc6e-48e5-bb5c-ea35b9ba104f,MC,6d0138da-556c-4f32-941c-3d36c5efcb72
6e86723f-d029-48a1-bcd9-23bfc5fd7796,VISA,98dc41ee-e448-47b5-ad08-83f2b0a610d4
a2728b5a-601e-462a-ba6d-677b9a7ec85d,VISA,fe37af07-c892-478e-a7d7-a6180ef1a6af
90fbced5-7928-46ca-843d-6d0d6fdc3e6b,Discover,8348478e-8f80-4bae-bd04-553afcb81ee5
36f117b4-9442-4dbe-a31e-2d9fb266b925,PayPal,bf23d732-4ee8-41d6-9923-41c0d30734e4
059f6492-1044-4173-8f29-ff3dda60b786,AmEx,dc536902-d937-409a-b30d-8bb676b90cb1
7da9c482-eb7b-44ac-9976-8e7844335377,MC,52bc328a-a643-451d-8c24-2480921b8542
99f07a31-a1a6-466b-b8ca-301118e48940,VISA,d9895742-66e2-4cef-b010-4a5cebdb6c5d
71ffca4d-dea9-4f7c-8a57-90b8b41f5ed7,PayPal,395f37eb-f89c-41e1-b25f-92a9a43d5373
ff0f0458-3cd7-42ee-b8c5-7e7a6c277908,PayPal,eb29b086-6740-40c0-8038-44de89dbacd9
2ade4c1b-6bc7-458e-9bbe-d6dec90ac561,VISA,bd238937-183b-4568-8ece-b0aa95349a59
7353f91c-a5c5-4d71-95ca-335955af8800,VISA,5e413f51-a0c5-48ef-8741-836244bbb958
c1851490-3d76-402d-abcd-1c3e6799b9f5,VISA,351601c0-f215-4e87-9f28-57a2be411714
d7593980-87bd-4b37-bc91-09310ac31a25,PayPal,06cc1e9e-378a-49c0-8304-6e8db69f0597
587e3e50-ac87-49e6-926f-dfd2082160ba,VISA,b6cbde22-5598-4084-affc-16d7ea04a75a
c7f19871-bd37-40f4-81ff-2ac390b99fb3,AmEx,af2a1a01-2869-495b-852c-b95a42940325
3b7a222b-334f-4839-b614-9af69b76d15e,MC,c0e50a0d-1930-4a31-8d5e-b56b12889ad3
4e8e1d3e-271a-4cb9-8a44-e696a5be2456,VISA,df6a9e90-f868-4c0a-9e29-5c178d75662d
ccddd540-91ca-4b09-a136-500630322ff0,VISA,c7adf029-b4fe-47a3-9d50-36f106e92a03
749f2288-3acf-451b-bad8-fad384136a63,VISA,c8d9a04a-a4a4-4de6-b4fc-907986ccfee0
fbe567e2-76a4-4f32-b770-a42977e16ac0,MC,6bd27fa0-8af0-4626-99a0-d44502d705a8
c7b21383-cb34-4647-ab5d-5a4c5f522194,VISA,8bbf7b37-bcee-4b59-9c6e-3764bfb5a405
60eddc79-891b-4ce9-8405-0b8a2363ae1e,VISA,97acfb3f-d45e-4377-8fab-bb7d2d2afdbe
c39d89ab-83c6-46af-a8c9-bdd9ea3d43ce,AmEx,f2fa52f9-9e28-4d8c-8533-706b20337fe3
bc44c232-80ae-4053-8225-22c51eee72aa,AmEx,03b9f4d3-9a0d-461f-822c-586020a58b39
b3dbf2f9-f217-4a47-b650-e3a4fea9b33b,PayPal,4c541f4b-b551-435b-ad35-8d23cce7dbda
df4379f9-7e40-44b1-9a5b-aeaa31a13048,VISA,ff1cd97b-9ace-4179-852d-8ad1cbdee965
fc598c6e-8235-40b0-8faf-20f8038c612e,VISA,6f9717f2-1812-4143-8805-fd0de4af4646
055ba92c-9a8d-4bdb-a68a-c27d4a73d110,VISA,8d75fc31-7d03-4295-a2ce-ebe342059065
decc4b61-4a00-4917-8497-b042144d69b7,MC,3c675c21-0d9f-4df6-93fa-107538a34b63
1404729a-bc83-43b3-859b-fb29d4fe77fc,MC,b4300d87-559d-4c3f-a277-b54f55b2fff5
1b61a475-7648-42f3-b942-dbdedb025c4d,VISA,502e008a-ad5d-426f-bceb-e88cbcb49bbe
e0b8db2f-3703-4086-9f91-54ae9f78254e,AmEx,207a3544-027b-4b03-81e6-d01f65a8cff1
7cdc59bf-9090-4441-9090-591903d5e058,VISA,ebc3c6ab-30a3-49f5-9631-ea7c6849936d
048188b6-192b-4234-a20d-8448898e0468,Discover,68e9e525-9b88-48f7-b158-7fce30538114
9cffda76-2c1f-47b8-b3c3-cd91d277b00c,PayPal,b9ed5f3f-2cc0-4dfc-9e78-24d72bc50514
2b056e25-847f-409d-8ba1-b073b35cb00f,AmEx,b53893f2-a988-41cb-9700-409f73a7a6b4
fa7e0226-086f-4993-9136-e5d496154ceb,PayPal,9624fc5f-fb70-4b65-966b-aa8bb6185f3a
eb63bd9d-9599-4e97-b575-e71aa9f84f5b,VISA,def3005d-e553-4996-ac33-bd4182318855
45d50e79-dc5c-48b6-bc48-7c90cfad1640,MC,dba5d358-9bed-4f60-9fc7-9c5a41c72b1a
ba390539-0a89-46dd-b4f5-56d7849ffc7c,MC,83e1c0a5-91fe-433a-9852-1a1c103649e5
89fc2b4c-cc9a-402a-a251-07aab83acc42,MC,687089e4-ede2-4f5c-b3d6-89243f7e3c4b
a303594d-160a-4295-b97c-c818e098d724,Discover,c9dbbbbf-b8f2-4701-9f3d-540875317dfe
0cf9093e-dc66-4f00-bd56-3069666967f5,PayPal,d596bd85-516f-497f-b67b-3d665f1188b9
70f14add-7304-4b18-a834-297db86fddc3,AmEx,97cdfe22-ad4e-4bca-84c6-239bfaf26b9f
f31e86bd-5ca5-4fcb-a076-9b2b8cfb8f43,VISA,1b43c59d-1c71-43f3-abe2-5514db4f8e93
e5f09d10-f598-4dd0-8bc3-d1bfe427cec8,PayPal,e8ab78d1-7fd9-4625-9a55-5fca769cd908
a06c3670-c04b-4a09-b9c1-acb32e42f18d,AmEx,d969eab0-51d5-4c3b-80d0-ce07cb5be1a1
6a104150-c6cd-490a-903c-8beba1e8cf21,Discover,b7801adb-402b-4d86-9e28-ec8cfed33ea1
ea54db2d-7d07-43f3-abd1-a3cdbfdc9691,MC,03eb1223-5802-44db-97e5-0311564835f5
2f0123bf-3343-4fc9-983c-3731631d4ef7,PayPal,256e217e-fb96-4152-9ce2-de8f1de25f6b
e6ffbad5-0a81-4d79-92e6-e88fd8c26e57,VISA,ca43345c-14b4-4667-acf7-18f4c82755cf
2c91e1c5-8e5b-48ea-88e1-3a056b3576e1,MC,0222268a-db86-4add-b851-6b2e24b6959c
a5ad53b7-82b8-47bf-863d-a3d7a68de400,VISA,2106176b-4eea-4980-9d54-5b9e86b7ff57
170c23f7-8ac8-4cec-bd54-a7ec20327548,MC,99219cc5-125b-452a-86cb-6f078b20b734
ccb4e0d9-2d2a-41d6-bf37-46d25402d296,VISA,dca4d1f7-7bf5-4b02-a9f5-188711cc9236
c5b4c9e3-f609-4125-8389-63e592473f03,VISA,71ca3d5b-8acb-4941-a924-91632dd611a2
48bfb2c1-4206-4898-b5c2-16566e8e8bc6,VISA,81701c68-5909-4893-ab47-9150fac9cd7a
b5619e17-5767-48f5-9b64-d4ed89f7a4f6,PayPal,d073f822-b624-46f6-8a08-3741dbbb2380
671a6550-57ae-4653-aee7-6e42d3bcf648,VISA,98d11c47-ad35-41fe-a7de-020a1c0a7361
3a9f08f9-3b0a-4bd4-810e-d15a535ffd52,VISA,de060868-b27a-442f-b37a-9783e3029c85
8a238ec4-07e0-4c19-8aa0-3ff33240e56f,MC,052c2f7b-5b22-4274-9069-535565ba0fee
538cf850-c62e-448f-ba81-43f6caa7bc12,Discover,28934fc1-4183-44ca-9906-54910844eec7
87f86ec7-d6d8-4017-92bb-ce4c14071b28,AmEx,2a65d3b1-935d-48d1-810b-de8e4b1eb36f
51b68383-520a-45cd-8dda-ed8e4fc6b114,MC,8531f67a-a74a-4f40-a77f-2ccce36c0430
20083c03-2fd5-4d6e-bd67-351abd17acb2,Discover,e1d7464b-7fd1-4770-b799-cf3812f3f8b6
55bc1840-a29d-47fc-8a09-72f296115ed6,AmEx,db817a19-987b-48c4-946d-e529c2fb5986
b21f597c-8833-4cd2-8a56-913755683cb0,VISA,6726e83f-c964-417a-851d-58cd54dfc47b
e62e4f50-6c45-4bc8-a18d-6888100ff67f,MC,9e8a7336-3a9e-44f4-8992-dbafb23d4d12
ecab3e31-537a-4c67-ace0-e79c80ab1bea,Discover,2028e3f3-6814-4960-b5ed-6d2f90bb0a9b
804a6c77-19b3-4e1d-a343-3dc771556432,VISA,46daf188-7cc4-4e3d-bb6e-fa799e71b12f
e37066a0-3306-4c22-8c4f-5b4ee5da1145,VISA,82ef7c84-f1a6-46a3-88df-12239ca8de0d
c58e471b-3bde-4fc8-bd7f-7e20537d6f85,VISA,57742426-359d-48c3-bbc7-59eded00c9ec
9bfd6115-32fb-4896-8387-15467cb55e20,PayPal,7eeb9f89-9fdd-47ca-acbd-81e9b761870a
d8b2a791-90c3-4d6d-8f15-55427e814c07,PayPal,8a35c9f1-8819-4c1c-8685-44f9e9593f92
054e2f83-e32a-49d9-9645-cfe4c7a72f9b,VISA,891e507f-669f-4174-873f-a85c96fa5fa6
b33d6f01-b73d-4766-b93f-dd4b0a5b145a,MC,1975a567-ee68-40a6-a846-436e6cf8a5dc
9cc70acc-dce4-4fea-b058-79951034f943,MC,d2dfdc3b-e068-4126-ac66-62a15e75c17d
cc786af6-6d9f-42af-bdc3-92e9f8d86f33,MC,5136f054-45da-40dd-a126-fc83a0a73a98
390389eb-d25a-4cd6-aadb-3102b15a189a,PayPal,954b590b-7e4c-40d2-96d0-34aa05860087
8e85319e-2bd9-45b8-9230-05c2a2c63b63,Discover,3a470c12-34e1-40a3-9537-6723c9186679
18442574-a6cd-4475-9c6b-8854bb460ce1,MC,8261425e-cae1-4900-8920-d75370248899
9cde7bf0-79ac-4cd2-ad25-d2eaecac8efc,VISA,4df55126-777b-4a32-95f1-7b28db897436
03013dff-d251-4eeb-9907-3109c7f4238e,MC,891c1063-049e-4cb0-8724-8b8d1102fd23
ea25eb72-420d-480f-9428-3bf05b90d1dd,MC,dd0008c7-1b5a-4305-918a-1e8479dd8fa3
d42a21fe-0cf3-42e9-95b9-78f7e00adf43,VISA,4de11f5c-dddf-4e7c-a611-dd529f6d848c
8506b1a1-938e-466f-b137-2da1da2d5f47,Discover,b447f8d9-ce97-4b84-b989-3aa7db5017e7
c375d13a-bfa2-46ab-81c2-f14156c7f416,MC,bc45bd79-d84d-4220-adbc-d87c25b7d446
d82bc2f3-f26f-47ff-8b01-a48d9f97ac11,VISA,8eb18377-611c-45cc-b4d6-d8d4703e4ad5
389cc600-8905-47dc-9adc-a365a4d688f9,AmEx,c2a73dcf-51a9-4206-bfd1-b72fa31a66a7
9f0fc1ff-96ba-4211-9eaf-86345449922e,VISA,cb16176f-24b7-48b4-a94b-ef9ac51931ef
3f99eeb2-6b0e-4e9c-9d0d-a9ca507bb890,VISA,d5a0ff06-b7d6-422f-b255-786d605f0a03
ca9a7a5f-ec47-4b33-9f81-e751aa7187fe,AmEx,8dbecea2-01ea-429f-8f00-8adb8cdbd1d4
b4ef9a25-6cbc-48ba-ac2e-69828acc2a0a,PayPal,a0611d9d-67a4-4ebe-a0ab-20bc827f3039
ec521be4-b99e-4e94-82c5-0b3601f9605a,VISA,6c6aca06-0f8b-46dd-a659-5139e87715fd
ad7bbabb-a467-45cb-af1b-20ca0e628ff4,Discover,7f566900-e7d2-48b8-af4b-4dafbac5b779
96e4012b-87ac-494e-bd11-027007122c6f,MC,ef39c853-49b2-406b-9322-7730011d9344
bab4c227-8436-4bf5-bc66-d6eb914048d9,PayPal,3c5bcf71-4c90-42c5-939e-d8386b02760b
898c8dd8-340b-4719-85d6-b9bf43361e05,VISA,6dadedbc-643f-4254-9c11-d1a2cd88c2a2
5f2f4aeb-5013-4e15-8f21-1e98fc161455,PayPal,be6d7931-9bc2-47d0-a160-0ad7d48ee355
c9e6adf4-4455-4405-87ff-e378e62ba7c4,VISA,1eddedf5-8a81-4216-abb5-9ce20084feab
5b63bf2b-11fd-4f6d-945a-9b014d869a55,Discover,83d9ad50-4ae2-42f5-ae5d-8c313085a929
71e8afe6-96f2-4066-8901-d72319215b84,VISA,b4bdd3a2-41e0-4861-a138-52bc2b30cb72
e06b0b5e-0fe5-48f9-b904-0db413238eff,Discover,d412d3cd-c249-4e9e-b11a-65be1cf875e4
2a307a67-4d0c-4c88-8e6a-ab5cb7ff045e,VISA,d43c7383-294e-4e39-8fb5-2b95bf854be8
626cbeb4-07e4-4f70-9ec9-dc9d53db4850,VISA,00097d92-ee45-4efe-89e1-009b50044a61
196cf650-00a7-46a5-aae8-4196d7e5c7ec,MC,4ccefbec-2f19-461d-ac56-1be429f97bc3
ce067844-19d3-4c85-a7a1-3290c17ece90,AmEx,be07f24b-8104-40bb-9967-8cc1b08e03ef
718e5022-3ebc-45d9-962e-9eda9f194b28,MC,66c11346-c215-400a-aaab-af3eb91aa269
db259e38-15ae-4796-bcc8-2d16f2e5ffef,MC,58051273-e321-4e39-8f55-a79dbd711798
134cf069-2aba-4549-b161-6018e6e90f36,VISA,f149cebb-dc59-447e-a7f9-fef782832b31
6f45a6a1-fe08-44f8-b04b-afb7f76ad96e,MC,63affd96-b69d-4fa9-a235-6e1365debd71
0cd99823-7569-4df3-bd09-fcec8af3b1b9,Discover,4bbe0ed4-171f-4fd6-a7ff-3fd84d80d51e
668bc28e-9175-43e1-b84c-82de1ed9903d,Discover,888654dc-7db3-40aa-bdbf-7cf44c776094
9dec60d2-388b-4a15-bdab-a54bb9c44ff5,AmEx,66bb599d-b0c6-4d56-b074-1efeae578ae7
cfd58b52-2c63-4fc4-bca9-353bde7b57ef,AmEx,1ffc208f-71de-459b-948f-1cbf3fe8243a
0b94a4ed-388e-4755-b7d7-9160d0e9ee89,VISA,34c64183-13b9-4151-880a-e993e4afb3e7
cc5999a7-bd44-4e36-b520-4b1ad434ff37,VISA,a929ab21-60a9-49be-8178-21e48fb7902b
6d4c8206-be0d-454c-8523-b85f7d954d1e,Discover,bc82e36c-27ea-4ca1-970b-dec93808bdf9
c3d05f1e-a4bf-4088-94f1-2ae2f2f00ee3,VISA,739dc3dc-c147-4010-a465-6189881f5deb
4753a121-e03a-4a32-934e-e958b9e1aa4c,AmEx,243febc6-2247-42e7-b26d-94b9c9b0d052
49e86fa6-206f-4627-8def-aa8419fdf1e1,VISA,35f5d661-abb9-450a-833c-4d591919a0bd
7a5ff19d-defe-49a0-adbc-cdbceedd7ef4,VISA,70e95eb7-a513-4c0c-8f6c-5ce10501ef0f
2c904dc4-6d0f-47d4-98bf-b60e82b6f9b4,AmEx,a8463a69-ef94-41e6-93be-bfb06a7b5983
908fba42-1944-4450-9063-0b9b4feff757,VISA,2bd75b5e-ef18-4c64-91a8-30259f14ed57
c72c9a5e-cd8d-497a-8e2c-6913ada94096,MC,4646f2d4-b586-410d-ae1e-9fa7bb0fb3f2
08b5b1ef-40e8-447d-b95c-748d3a308a12,PayPal,9ba28265-75d2-4aca-862e-f27892bc6dea
9492d3b9-5817-42f4-b4a9-7107a7888f6c,MC,e511b41f-9580-40e8-837b-306ec805fb0a
098bc30f-3d64-4682-89c1-231912f004ec,AmEx,83f305b1-2961-4844-971b-0d012f1c0b46
8f54b480-a1f1-4f28-acd4-e7d7a83e57c9,MC,1ffb5b3c-3288-4470-8b08-f2332acb2f88
55108d2f-3cf4-4c60-8f2e-d7898b249ce3,VISA,4c96aac3-79d9-49b1-afb0-4fb5ef1adf66
fce0fe46-b2ae-47d2-902a-4e46cca686f3,VISA,a907f066-2eb4-4201-a400-9f61c4e9583c
adb737d1-0103-47de-aa2d-8e15ccc51074,VISA,ec5a9753-6eb0-487c-900d-097d368212f3
e07b1167-90e4-4b35-bcdc-f11d52e88b7b,MC,fe0e1af7-a94a-40d1-beeb-050af362e579
e51eb89e-7a73-4e41-846b-9c4a846d0c3e,VISA,2647f84b-58aa-4c3c-a474-94a0ee5b7369
b1f3ade4-ae8a-4080-85c1-79622ad8972b,MC,80e5bb67-f32e-4548-a09a-9429e9a33159
800f2d9e-7b34-451f-929e-1e58509dc676,VISA,2503ac57-a93f-46d1-bc9d-1df47b6e59b5
37fd2681-d36b-429b-98a0-474aeba9f747,VISA,458dc248-aef7-422f-adef-d4145a623d4d
9081047e-0c5d-4b02-812a-258bc6a9fc56,MC,28f7e45e-4753-4a7d-9f3d-48c1c0905a4a
c8dfb201-4ef6-448f-99d2-f8f7f1163ca5,MC,1fb25360-cc8c-4e4d-af8f-36114cac2797
0b6b45f7-c77f-4fd0-a8c2-8815f443671e,VISA,05d97624-6cb8-4064-81e4-f508598961e8
97257d22-c8cd-4544-9043-97f781e9980b,MC,bdf988fe-ea96-44dc-bcef-1a13b3d894f4
e71488e1-9e22-4e1f-9b9b-d1566c9c9d9f,MC,8154e63e-c11a-4dd2-8ea9-553467e7db80
000add1c-9543-4ae9-8907-b0cdac1dfc23,VISA,9e7dde33-c102-4500-aa6f-b71adff6f5ef
a596d9cf-3876-47c3-a882-223b0a25f268,Discover,de083d7f-7e3e-4bca-9bbd-e336462135d3
7e25a674-3c9f-4763-83be-da95ded7fd0e,VISA,fe80ebb0-447c-4d9e-bc58-80d06d13cae0
01a89556-c88a-4dc6-b80d-c68258d5cb92,AmEx,dcebafdb-58d2-4cc6-aeb5-fa880de1d804
5257bfe2-ace3-4ebe-9288-e3c6439f749e,VISA,33a26f5d-c2f7-4474-bbba-18a24677da89
0eae50d4-38b4-4738-b977-494b07207850,MC,d5294ceb-90bb-48c6-bdbc-49757445923d
d35a8da6-49c1-42cf-9bb8-93f6324d02bc,MC,e5e9a511-e3c4-4e5d-bfb8-9feac78dad3d
ecf9ff2f-9475-45b5-8fa1-773f38752c8d,VISA,18d9d654-9753-4117-bd21-08f502615eb3
c3c2784f-5ae6-463b-b1d9-4c4c5c2354f0,MC,0bedb213-dc29-417f-af68-7cb6e7a91c0a
979d1ed8-1fae-42e5-aee5-964ebe97b191,VISA,7930e65a-2329-4354-9943-9761be39c75b
fff72694-ad47-446c-b74f-019414b3f433,VISA,a39ff17b-11ba-4c8a-afb4-f0e2d3d7ab45
e90c6568-87a8-4f51-962d-dbd4029eaa19,MC,fa2d10d7-0a36-4d7e-8818-de034116935f
1ec909b4-658d-4f7d-ae4d-327e5c277dbc,MC,26cca18f-0cb0-4f47-a363-971a9a50dfc2
fc4cb254-7253-4c69-8f00-4e62a9657d50,VISA,0b0c87f6-a139-4d52-a614-8f4817c429ec
9b5b8528-80f5-41be-add9-6d7c96accaa4,AmEx,6dddafc6-8f33-4edd-8dbc-8f9a28806cb0
5fec2f04-03fb-4d67-91e1-a2393cbfc428,Discover,2fdc1ece-7667-4316-93be-d924cca2a9cc
da3ca22f-883d-4e2a-884e-9abbd75174f4,MC,3df09aef-fb9f-4f61-82e5-1adc62d46505
a8914ebc-801d-4314-b503-c0ea90025608,VISA,f97a10a3-03cc-4656-bd1e-71965012ea2f
ddfd31b8-2d7c-4720-bd3e-0a9018a7ffd7,VISA,ce8850ae-3b00-4754-80ba-ab99d72c2146
a446ac00-a3e3-41f7-beef-34626af568b5,VISA,f88abbac-c9bb-458c-b803-c8bf1c85eed4
35fc3525-508f-412e-bff0-f6d1fe3f3342,AmEx,abdb87d4-69cc-4b14-a2e7-5e0aec90255c
ffe492f4-570e-43bc-90d1-c4b555e9a4d4,VISA,8a14c25f-e34a-4063-88b1-b77dd08c2141
02399530-809f-48ae-b032-719f5b50868e,VISA,6b5eca7e-6733-4e2b-a112-eb3060a53dc9
1f9c3ca5-ea67-4cb7-a983-a5ba5b34c134,AmEx,0cb0868d-56b8-4f38-81b4-dda3fa5b6d0f
87e08774-d5c7-464a-a921-73f9636505bc,VISA,5200cfea-d209-4b63-a48c-a4432fa13da3
83f4fca9-1bbc-4643-8fd5-5659e582ea0f,PayPal,abae1f55-8a59-4832-ac05-e0ad8141a2d4
0140e27e-9ee9-464e-b581-c29b79f770d9,Discover,c016ab8c-d55e-44d8-b672-738e7667a861
f3b3928b-df11-42bc-a29c-72d1faefb531,VISA,08f66e72-6c72-4c94-aacd-e4afdde59d1a
13a8ace3-1cc4-4e54-a777-ca3f2de8d7d7,MC,bd808e95-1854-4c96-882d-eabab4cff68a
d65f9a5f-94ae-4a0d-8f41-0d330b224d1e,MC,fd56670f-b352-4083-9b81-39a51d383cc6
f425bb4f-6454-4106-b568-05b24eb2386a,Discover,e44b1536-cb69-457a-9faa-a979962753cd
1b2bc184-e780-48e9-a9f4-97d0e94c9e35,MC,f92f1b98-80d7-45bb-9d6a-e48df9040a4e
05de866c-3de7-4b39-9901-b9b3c094fbf1,MC,e3ffc3c8-e587-4159-93c5-47557c15c4c6
ec4b2dd3-3b84-4797-9763-d75ebbfaf5d9,AmEx,95b3ca2b-0682-4487-b95a-6f880a63c021
e87cab33-063e-45f4-b78d-30de903d4153,Discover,e1bc0b59-7b07-4806-be44-0abf565d36e4
89137171-4736-479d-b8c9-b9a0118d3f50,VISA,d12e4f27-f441-421a-87bf-7e8d6afd4cc1
487e55e0-88b1-41c5-bc07-d9dcbe2f9eb8,VISA,1425415b-8a22-486b-96c4-23b2602675d7
8366ccdb-239c-4530-a1cf-99e854e267ed,MC,1e995ac3-0365-40ac-b335-ffd5a3322432
872565da-bdc2-4109-b99a-ccc4c0a17d0b,VISA,8f6c4faf-bf28-411a-a14b-0b28ddf9ef26
7c674e0c-1cb7-42df-b2b4-57f065bf2912,AmEx,409394b3-ded6-4a1e-9b23-b6fad017d4ea
85249257-75a1-4c2f-91f7-0b9f9364b8ed,MC,2514cae2-384f-43f4-94f6-77fdc8a7c7f7
b374d429-6d8c-4392-92b7-9ab588eccfe0,VISA,47c81cdd-a8f9-4eb5-9eaf-01c4012b7bf0
9143466e-b0f0-4532-9911-38708d4f5058,AmEx,e5f117f2-8367-4c74-8a29-490805c37860
bdbd551f-1780-4afe-8c22-f8cfa4c0f4f9,Discover,b195a1ca-04b7-4b38-bc50-d6c3e52319db
e273bd91-f6b7-4fb6-bc1b-b196a9c300c8,Discover,5d0fd323-dd4f-439e-931d-96250a97abea
88cfa933-eaf8-4a66-8d41-d5601c98e8a0,Discover,9100686e-ce7d-47bd-a085-503bcdeb8537
c6861753-5f11-42d1-ba92-a2a00f02fcb1,MC,8d32e18b-ce5c-4320-b0ce-225e4f0a4bf5
67c17629-6ebe-48b0-baaa-ae7ac0829340,VISA,1a6e9f66-e5cf-47f8-be5d-aa111a50903c
e0e8ef8e-dbfc-4f15-8848-1ccddac685e6,VISA,1ddbbe70-02a4-4bb5-8ba7-e9cc30dc4711
a4d9896d-0f7c-4e0a-95e4-fef396ac2083,MC,d33190e0-195f-41f0-8d83-e1b27355eba0
f03e0467-5623-404b-88ac-e232583ccb57,VISA,7a7612bd-763e-4294-ad3f-3ecf2124112f
1fe3593c-684c-448d-be3e-d5d8eeb8435c,Discover,14e6daca-d66f-477c-8e8a-aee1c4b7c8d1
d2f8ebf6-60a9-40c2-8df9-5a6528b5a50c,MC,f86e644f-7c21-40fe-9990-eb34fa4e947a
5bfd2c8c-470b-4532-a3ed-d9573ec03670,VISA,3fef13cf-ac46-45a9-944b-5ad99edad8e8
ffbf1123-4fbb-4de8-900a-3345e0006814,AmEx,513ad428-6593-40f1-a2a8-67c8b35edc69
d7c5814b-53e0-4df3-a9e7-589ebbbab786,AmEx,de120764-538a-4123-9854-2c832f19f4f6
d3652ef7-b320-4fd0-a99f-8b9ef5daee97,VISA,ccfcfa28-9408-4805-b60f-339e7db5d381
4ef64b0f-fe63-4ad0-b8da-1bd2413eecd0,VISA,fabad18e-a247-4e6f-9cf4-bb31f159c1f5
42522f1d-70d0-479d-bb96-6e427f73e450,AmEx,7525261f-c6ca-4fc3-b803-ce7cf8b27341
fa246021-aee6-44b0-b42f-c8195d6b97ca,PayPal,50d234f0-0497-4c05-af64-a9aef31cd89e
7448957d-7464-40e1-9e37-bba31c9e8fc0,Discover,a113e28e-8c68-4afd-b08e-eb4fedb00e73
9fa2f27c-81d3-4f27-a092-a63cfabd70d4,Discover,96878b70-77f5-4c90-8717-751a591f7ea5
a58a2566-eccd-4dd9-8a8d-adc9ce0ecf50,MC,b6796878-698a-4b1d-80af-2e7c59bb34b9
86ea81c3-a771-4dcb-a09e-63c01960ed2f,VISA,3cb707e4-460f-4ca2-9d1f-1d826371016e
df183d01-47d9-4cbf-803e-90cecd45e7ea,MC,0886fb67-efff-4ae0-b2f7-1c606fba2c5d
f552dec5-3e4a-4b6a-8d79-09b03fc335d0,MC,059d3d36-c2b5-44a0-9c95-651896c30b25
fdba9459-e8fb-46d9-b345-796b8eea0369,MC,38015e4a-e304-466a-9049-a69c17a17ed5
3dc540a4-9bbe-4959-9916-91505ab40b4a,VISA,5a4545c4-488e-4caf-910a-16506d275caa
2892a4dd-359c-4c26-b3ed-e96ed373a790,VISA,7cf9ba36-9462-40e0-9716-bbcbf23b1e4b
ca54f58b-8c3c-43e2-864b-fd067a5e4348,AmEx,298a07e2-1dce-44fc-b976-a6a579a5c33c
e6dd596e-adee-4feb-9d4f-118ae2f1be00,PayPal,1aff3c7a-389c-4960-b4a5-ce9347b8f1c3
f640fc46-69c4-401c-a5ae-e7f7ca8924c3,VISA,e9613b60-60df-453e-a17e-45da506f43e1
f1c24a38-87ea-4c05-9f2e-7e62ea8d040c,VISA,36f76c02-79ea-4d7e-b42a-61dce99180ba
06c951d6-5aa6-402f-ac0a-23c436258417,AmEx,4e0fd318-8438-48b4-b147-cad6e16db080
469205c0-1d9d-4c14-875a-6fd72965ed9a,VISA,823ee0a6-d020-4ee6-8560-21e652ef9946
2ffda82d-4950-478a-9470-ecf6eca582af,AmEx,9e3b3fbd-c516-4bac-a434-4e61a35c54c5
81b6e8d3-077a-4eb3-bc12-a3ec00699494,VISA,36d785e3-dd73-4ad8-9870-006d6835afbc
3fbde165-f825-47f6-8fe9-82bf973922b0,VISA,78ae987e-a14a-46e7-b07f-5fdedcf3f64d
36f813c1-8578-431b-9797-97630b7067af,Discover,a0bc9b1e-28f4-4ec1-97b4-ec0d9005b055
19081a18-176e-44e2-9ffa-4ca7487d1ea4,MC,0c9b700e-b26b-48b4-a1c5-d9d87dee7487
89af8a33-6f17-4ca1-a4d2-9a0fab3bd5d8,PayPal,75a06fa1-ec52-477c-bbc6-febf301d6c91
bf2b657d-2891-4197-b7fb-47d27265d12d,VISA,ad069d47-96d6-46b6-8bb3-ea3801f01b18
2a295914-b3a2-40c7-aca7-f6c8c123d448,MC,29159e4f-22eb-41a1-9ca1-61b9500dfb24
93be33ad-8fe3-43ce-ae58-e3984d28a22b,VISA,2a01acb7-0d44-499f-af25-7e8cb788c125
f2d14354-e081-4dc0-ac04-e0689bed0ad8,VISA,2cf2fa7c-7f86-4867-97c6-e8230cc25f5e
c5c99b5d-9dca-4d32-8208-193e3e601870,VISA,26c01a09-76ef-4e81-a718-648e780a1d60
673e46ef-ac3a-4a4e-86d1-260fbd19aadb,VISA,73ea62ed-38d7-4c1e-a4f3-69c51b5b1209
5d27f140-2057-4971-82b2-fe60b0e617ea,MC,0f0744da-0dc0-4177-8c51-e4eb28fb6f2f
ebdf9c88-a5c3-406f-a1f6-350411cf2659,MC,873edf43-34f4-40e1-aa8a-d5e074893555
ba91de46-078a-4712-9cbc-8800516891ba,Discover,af1c4db3-b8fa-487d-8d5f-959d9181bce7
020094db-2206-4104-a05b-b001e405b0f4,AmEx,0ecd86df-c8af-41eb-8488-c872729e724d
aac14767-ba3e-4d4c-8883-27e1d6104251,VISA,b60fcbb1-a02a-41c3-999a-01c55b8df343
6deb417c-8689-4c85-9a12-6aa73fd10b6e,Discover,f345993a-8267-4b48-a9ea-7de395e14d0c
be972f2c-33d4-4cb8-9c68-ef72074b7b70,VISA,2e6a9852-9bde-4d9c-8e94-9fa55d02269b
c03fc52b-bddc-47a9-8f13-28c1db7a0af3,MC,d448254a-6e18-4bb2-bbf4-8840353283ce
adaebcb5-456a-49e5-88f3-c84a63c6b4ad,VISA,d3a2c9e0-36d5-451c-bb81-0c3d255b8dbf
30504355-4fbb-4fc7-b651-e581e44b40aa,VISA,6b18aa90-84ee-445c-9852-086f614b1b80
5a89d957-f0fc-4261-a7cb-f8e6377b773f,VISA,73d5d188-e989-4038-ad76-00c26ce8d9ae
4ee8a88b-4557-4ba1-816e-548052813bd6,MC,35c8b2c8-0bb3-4871-87bb-da3237d50b3a
d584e04b-be05-42f6-b997-9372cf215d80,Discover,ca542b31-46b7-481b-8a63-692013982e85
3b463f1d-d83f-47fa-9894-89e67eb0a1b8,MC,a5024098-b4d9-47e1-96c9-08edd13b4e16
e4a1dd52-8894-4d54-aee0-30f8b2104321,PayPal,dc10802f-fb7f-4f04-b9b3-8fd94e49fb22
54337e12-1a7b-4802-90ba-ec87bb3e1c7c,AmEx,fcd76b42-d883-40e3-8df5-1cba0b526638
7d818e0c-f178-4ae9-aaae-4f5b542f83db,VISA,b3ce4614-0bf8-4109-93d9-06efb913cda9
39a6b84f-97c0-49f4-b2b9-b547341599d9,VISA,75faf2e3-0cc4-483d-a389-57b537e252c1
76927d61-c889-4c6c-bb30-7b8daad2fb4c,AmEx,bff9d878-8b00-4e8a-afbf-4cfa6463742f
1b5f73f7-4d87-43cd-baf7-9d78955bdff6,AmEx,369edf7f-5220-44ba-b967-3b62dcc2cb36
d54bf370-9b83-44e1-bfcc-629ecece9e5c,MC,fbd030d6-5cc0-4495-835b-8b093bb736c3
7419faef-ce5b-4704-81f3-f5a3e0c751e5,AmEx,43a50580-165a-44db-b122-196c5f0797e5
748b41ed-05f8-434b-ae91-76fcd759fd32,VISA,5f892e23-11fe-4410-a3d6-1308561a28a0
1e8269fe-ee2f-472d-81b5-fa85383ac054,MC,48ae408b-47d0-4200-a601-814ebc64e2c3
40cba6d7-b48f-46d5-a93f-9adce10ff5a0,PayPal,a94ade84-4811-4007-80ce-0898ea5aa6d8
3f7ba693-f28c-4721-8e4d-7bd5a25352d9,MC,f8a6b4af-43b9-4df7-8235-5c5293fc5b33
edd389ba-06ab-4a1b-8f7e-8ce41d4deeba,VISA,9c4aaf67-21dc-43f2-a842-2b559a27815e
4ecdd7aa-949b-4be9-8082-695a42312679,MC,99db8c88-4c11-47fe-8906-ad6a6066e1be
afe3f215-6692-4f0a-9e66-b252fc1dfb84,PayPal,14fea934-cf11-4e3d-97c2-fedab14d69e2
c2fe8fb5-5406-48db-874b-fdb95e4076f9,VISA,8885982a-ae78-488a-9f0f-159fc0e490b2
9ae71b20-9de0-4c57-b359-b8fd11526473,MC,02655c06-975d-4c96-8d92-5d4f5230d83a
1a65020f-4986-4c09-ad60-1babb30d7527,VISA,ed0db501-6106-4fec-ae37-56ef732214c7
353e7665-f7cd-4327-9b55-ea6eb1c2227e,VISA,e93839fc-db70-4777-a01c-ef753fe56abd
c8618c0a-487a-4fba-91fa-f8802fc64816,Discover,dc0f4dde-343e-46bb-8537-3bc3b5834c78
95976fa7-87b9-4a63-a4a3-978db0f55b9d,VISA,f26554f2-9fd2-4c49-a029-1e2b7e6e920e
6b713eaa-0f02-46ae-9487-13c558b225dd,Discover,89277c84-7020-4b35-a4e4-c837206df23c
164c4497-ff45-4092-8a90-ea7d5ff8fcd2,VISA,29621aac-097b-4cc8-a129-ce4bbd49a6e7
d77bd9fc-2f72-4d8b-ae39-03a3254913bf,Discover,591300b9-5fc5-4967-a37e-e36c8cebb7ec
3b06d165-d84b-4a7b-a56b-239503274294,AmEx,78cda8b0-3316-477e-9a24-44e678bc1aab
5044a02b-f796-4f08-96d6-90e31d825f6f,PayPal,f900e72a-35af-45de-97d5-1308014aafd4
4558e756-cd6a-4aff-a17c-14dfe72e8984,Discover,46f2a42d-10cb-45eb-9cdf-a7228c33fb2c
0d34a466-d884-4008-9ab1-379212808839,VISA,bdce341a-5ce3-406c-99ad-937c925487f4
fbf07afc-6004-4c8c-9ddf-69b217b280c9,AmEx,405c5cfa-f7c3-4b9d-a2f3-e8d487135ed4
d02c152f-ee34-4e5e-a94a-31eebc1b4e30,VISA,48988de6-9f37-4467-ab20-83232a925233
f183b056-9943-4edf-aa93-ef5d1afa9023,VISA,2183afe0-6bc9-4ce1-8035-9f6f9b1fd7fd
c7ea0033-eb8b-40f9-adea-9c69f24ec561,VISA,7a16a5e6-2f0d-41a8-b492-4a0c90bfeb0a
65d07306-e1c9-462a-acf1-66a17b08a1fe,VISA,7ba3f3e0-1878-4316-8db6-6f0a7fce19b5
79a44416-9138-4bc2-b0a4-2b120833a9d6,MC,d2454c92-dbbf-435c-9b17-c1ea6d191ac3
75d898e5-9d1a-4515-af23-a0dd9e0f848d,Discover,65960688-c524-4729-adef-7874f30d3e25
81fcbde2-96ce-4fb5-9ca3-2c8f13819e5c,MC,f0402282-3322-467b-8a59-c0ab6e154eb1
4ce99264-71a0-4955-b8f4-f8d7cfc855a8,VISA,222bc405-a6d2-4220-82de-2dc0ac1f7a96
c642ccd3-5e21-44c6-8ee9-22376dfd4661,AmEx,72643768-0878-40dc-98cd-27ff4be4b4b7
368b2534-f46a-4df3-b8c4-92fa3ad1492d,VISA,9bcce9f7-9ec1-49f0-8e24-b8582657af35
a80c949f-22c4-4b4e-bfb3-2f9b04708a3d,PayPal,6f2307ae-6319-43ee-a2da-66508fbd51c0
f61d9acf-ba42-4e56-aa1d-61c483888803,VISA,68d146a6-c22c-4283-b76d-13ee1a76c490
a4841c33-18a9-4c00-9649-e7e41d008af9,AmEx,3c6fa99f-acd6-4e9a-8e96-b4dd035c6876
8d043955-d076-435c-9c9e-dfc7ffe3b9ee,MC,2caf05f0-cc8e-4ca9-8044-2ba9ad9de0e3
6f675651-78af-45a2-aec6-960fe929dadc,MC,05f862e0-7f29-46e7-b564-e090007fd9c1
39e31f52-bf02-4ee6-ae61-80bcc8cb8e81,MC,c6a2b39b-2775-492d-94ee-1c6bcefdbc74
9037e224-f1bb-4184-b745-e762c4653bf6,Discover,97209fd6-8eff-4e52-a865-566445be3763
08cf6378-a8fb-4b41-9633-bfa320a1efa2,VISA,b0750135-c08f-4f47-b97a-a1fe40e3e72d
6e70a62c-a156-4156-ba17-766a26e5f531,PayPal,0cd90598-7a1f-4b3a-bbd4-9fb9708a5b86
ceecea07-a341-422f-ad55-66de8584a113,MC,32cd994c-49bc-4962-bfe4-de1722ad7a95
56037e78-82e3-4608-aaf5-7809e713e311,AmEx,519641ca-612c-4aef-8b7a-0c17933365bf
7bbef6cf-e92b-490b-acea-3aaf26e5311d,PayPal,ef4a2bab-02a1-44a3-877a-0bdf14dbe071
945d8754-12e9-4b23-ab67-72f5f1667f4e,VISA,25b471c3-87f4-4e72-af62-a865e99aaeb9
76e0cb4a-a880-4654-a89e-e6daf39d7e1d,VISA,9ec0ba02-080c-41a6-b364-6f2852058dd0
fb1fe491-3b4a-4ba2-b9a3-7464e5037bf6,VISA,a0bdd888-3bb8-4f36-9c7e-7480959f184e
e52a6e50-eb86-4aa5-b2e9-d7059d91c13f,VISA,532a45a4-bb96-4abd-a88b-9e2724b0077c
3a7b2c30-33fb-42ae-bb4c-7d4e02accc34,VISA,2391282d-fbf1-464e-80bd-7563beb41720
6e5107cf-9c6d-469d-87dd-48737194e3a8,VISA,0e7a003e-8360-4d92-af15-3771cb37f93c
3d8066ad-c6d2-4289-8a36-1828360bcde3,VISA,8fff7503-2d3b-40db-8189-3602e43ac0e8
4d1f1caa-1a7a-48f8-8a2b-548abc80da06,AmEx,f9a8ddd7-fb2e-4f7d-a1d8-c63cf5e0dc5c
e0e9244f-c209-4328-9a09-7f4c6427d68b,Discover,0abcbe74-5d02-4ccc-96dc-538f7945d4b7
d866877c-7f67-49d3-b973-d49096e20054,VISA,09ec41b1-7fe2-4bc2-945e-2b16731ad8ad
4403cc6f-3848-4c90-8ef1-8f782501ba98,MC,809c8ac0-1a86-41fa-91e4-ba1872aefc08
4d3e68d9-bb5b-4e00-86f7-20dd61ae5025,AmEx,202821aa-a58a-4622-ab9a-7e576b9bb313
4454aa19-fc00-463e-8eb2-afe9439eb2b7,AmEx,40c6b768-d9ac-4da1-a630-2fa1b32fc8fa
1e1f8e5b-d6da-4c4c-a801-0565464b7ebd,MC,8f5752a4-51c2-41ca-be92-4cff1140af5a
a957367d-f07c-4d09-b3c6-e80b194b3ba1,VISA,db36f3e5-29d5-4b11-bb17-be3e6cb54043
af5f1ff7-f3e5-445d-8732-fa3f0ee012e6,VISA,d257de03-83aa-4b6c-a269-204e8406f334
d149b315-0395-474b-bad2-38acc184f054,VISA,f695fe6f-3cba-4348-b97e-e936c6e27d09
d7862a21-75df-4cf7-b3f2-4e6fbf2f3c18,PayPal,533043bd-d3dd-461d-9ccb-84f8c5d2eee9
e0e0a4b7-8f2a-4eac-84a5-e704a9ac4b8e,VISA,a8ac49ba-fff2-4d94-bd08-81c9a987d352
70e1cfea-91ec-4eb5-a163-6bce46c38b29,Discover,1496dffc-6957-4c46-b267-e2d9db13df61
6d3e2a97-90cb-4ee8-a0c4-cb373770d93a,VISA,43297ecc-40fa-4d7a-b5b9-a2d731112a60
628814bb-f21b-45d2-bc2a-8e440ff00871,PayPal,5a061f87-d4ae-4e8f-a100-7360432decee
2b8145e4-1888-4b40-a3d1-40636a9c9f58,MC,d153e5a4-5ac1-4b4f-ab5f-12c7760e8522
14c7b990-1b30-43ed-8cd1-9694afc9bf9c,MC,fc264174-2a7d-4fdd-a4b5-06969b37a7af
1c9aafe1-9270-46dd-9c30-045f30ae38f9,MC,74ea9fc2-de9e-4c0b-9e89-0ebcdc62655d
07c8b79d-088a-42eb-a6f8-2b30ac31c9a3,PayPal,cc9b6881-da71-4aad-8172-9d2a5bedabc1
082c5a03-2847-4495-8ace-440036fc1331,VISA,7a5edfd7-6531-418c-aac4-22cfe0c56747
daf67b17-9b92-4e5b-906b-28a726101290,MC,0c9283e5-1a6d-4376-9ddf-368bd10f650c
089c159b-e119-48a8-bd41-539b906e1e7f,MC,53c03479-0380-4791-87c2-aa5cccab9aae
8f2aa000-7521-44ee-810e-4062b362410a,Discover,d4117e12-ee2e-42aa-ade6-141480845ea2
61745cc6-ea14-41ce-958b-4f8409228db5,MC,f7c116ab-4d79-4ee3-b46a-9e0ee6aa2385
047d361b-2382-4558-a0a8-0da763a0f0e0,AmEx,eeba9caa-0755-455e-8409-5a79d7b92ffb
8769ebaf-7e66-40fc-9944-0eb56b013846,VISA,0a7f11f5-ddef-4028-88b5-2107e776fffd
8a695b1c-8ded-47f7-9c2c-ad4e5eb02e45,MC,a2ad3e2e-efd4-45ad-b2d2-e1c987d1b823
b2003308-e2e6-4882-bbbd-281d2ee86fdd,AmEx,ea8cace5-4710-4f2c-b08c-bf388d5619a6
ae889ed6-1502-4bf8-933c-03cccc71e4ec,PayPal,9afd3c63-bc72-4a50-a623-8b504ab0098f
25c8eb53-259e-4a93-bd39-bd9b8b4fabad,AmEx,ea67ffbe-3e58-4f50-84b4-106b11e42e1a
02b63b79-cab7-4ca9-9b50-8be0d122f62c,VISA,1338cb02-05bb-4bbb-9083-94859bb3708f
9af7db12-d70c-4637-a60f-eafded0ba617,VISA,6f2d49d0-68d6-4397-8455-0de21ea05b13
6bda8332-b18c-400c-94fe-a245fe9254d1,VISA,b44c0f28-a457-4281-bf93-5188f3d1a646
893be3c6-6cd6-4685-8dbe-156d02b89705,VISA,1ec8e617-2253-40bf-b08e-7458839a73ca
e9b47bd0-9bbb-49d1-ac44-ab2e1e9121d1,MC,dd7c22f3-35da-4cf9-a798-201da164ca82
534e0299-ee47-4cde-bbb5-666097a3ed79,VISA,d754efad-3c15-4f86-a6f2-3f05bbfbec32
1033ca79-aac5-4892-ac55-3814f0a0f760,VISA,1a9b786d-298e-4e16-853d-512104e15374
19c4ff7e-7521-4ca9-83f3-f12a6b35525e,AmEx,e0fbc2ae-cdbc-4fae-9604-705ee9dc3d3d
e9d10bfe-fedc-40c6-a448-bd00110c1723,AmEx,3f7106ee-a0f7-47cc-be1f-1f061fc7d958
a15bfbd0-af41-4b8e-a1f0-e3910b95f5f8,VISA,7c5591bf-1a3f-4b53-98e5-a4afca69f61b
1253164d-9abc-45a5-82e4-c61aa6b01ec0,VISA,e3b4cdf1-e4f1-461f-b892-7c0585b439db
80cfe26b-8d08-46e1-8818-ad363e636f6c,PayPal,3c9d8b0f-1e94-40a9-a979-8275bfad57f5
217d8b03-6e2e-4e4a-8ba5-de5923fc69fc,PayPal,b0e60d6d-ff20-41a5-9b8a-5ae05c0046d0
b2ffa110-5d3f-4db5-87f9-72a2deeaca56,AmEx,35d2eeaf-3aff-4bdb-a1ab-fbfb4f2e25d0
fa07d5b7-4d31-4a2e-9698-6851b1cfcb6b,MC,55a7e1b6-4f2f-45a7-ac15-e9b4f0045d15
8fd7a064-91ab-41bb-9da2-1df7c395471a,MC,c78b1c54-f510-466f-8ae6-07790f95b0e1
3951ae60-e189-4677-aeaa-4d29c89bc765,MC,8c087c77-cdba-4134-826d-400a64a3128f
35607bdb-ba6b-4877-ab51-60d446aa2369,AmEx,2f4acab5-edd3-4a62-a8e0-0bf850c6bc4c
311ceb97-c7da-4b71-81ab-57c46f537d61,AmEx,f3cc453b-a064-4041-91f3-6585eea333c6
f500d3d3-d8df-428b-a7fc-cc0ca1a28c88,VISA,a19c4735-4369-40f9-b250-4fda41859932
620795ca-f7d4-4b79-9aa0-25f1b6945842,MC,01b8bd18-6718-498e-b68f-f0d1b27b64ba
4630be6d-e3be-4ece-b051-61b07b947cb4,MC,f46d3d4a-4a50-4574-a97e-bc6764048028
167502e1-480f-4502-8d27-8246f3da2844,AmEx,9a240cd0-7d43-4b67-8075-364eb69ed9af
4b4e6373-4f2d-4a61-b788-5c7bb4040fed,MC,19a824fb-1656-44e3-8763-98c98ac0d324
789da070-60a5-4c4c-b0a0-c12d9e28ba94,VISA,2fba3e00-5a3e-4e2f-9ddd-90bdf4e6ede0
987450b8-39af-4fac-bb1a-d8d643047806,MC,a02269c5-525b-441d-a2ff-d9c11d1886e2
3ee047cb-4a8d-496e-b1cc-0e620111c143,PayPal,cfb619b4-5067-431b-bbc4-8e14f01de158
931e0b93-ac85-497d-bacb-80313b4b7f86,Discover,36b39089-5924-4dc0-92e4-5bfb7874f5c9
5e944edb-673b-4e0d-863f-a4058d520332,VISA,dda9b1ac-45ce-40ec-afe6-1b3e1ca919da
708451e3-b35d-4406-a518-21469e9ad05c,VISA,1abc2056-321b-4966-bfcc-fda094d2073e
31625c17-dcd9-4cb0-81be-3691ebad7e1b,AmEx,f4b32d5c-1dc4-4367-b718-82c7e1fa5ffd
24256f83-535b-4c94-b0be-624d4bad4a4b,MC,e1c8d913-d88d-4c50-b55b-33df22e3cc6b
43fddb7b-9559-45e8-bf19-588824ecb98f,VISA,213555ab-9fec-435d-902b-f8b77a201f85
85dff92a-3f0d-4830-9ab3-e0b392d8c8cb,MC,f81e5e61-9902-4c1e-9cc0-00df9a8b2827
5f02c88f-fc32-4bc2-a4b1-db80d769e4fc,VISA,72ef6803-8a18-43da-91e4-7ffa5b13d0f2
ed12408d-ecf2-4f30-b4f9-29584da915a8,Discover,8a930b71-a328-44c1-a14e-30286ecbbdd3
5bf0cf9d-2221-47ef-92ae-a24595d22c81,MC,430b17c7-105d-420d-a0a4-9d554f21517b
08ab9ac4-db49-4a2e-a9ef-b92d54f9e18d,AmEx,d05c185b-bed2-4b4b-a3bc-642df432f85b
3f667ba4-7a07-47b0-b148-d81860adde1e,VISA,d1c92c94-bda2-4717-8b35-1f0de2365692
2b343ef0-56dc-44a8-906e-293d5bc9e66c,VISA,d02e13e2-2cb1-48e5-b713-2b29bbffb95d
578d3543-baab-4c3b-a120-07b92dc6f3a3,Discover,f6cdbc59-a97c-4337-82a1-11bec42e0607
d3d432ca-18d1-4c2d-b8a3-6b39bec88642,VISA,3bb6e54c-a884-41fb-a78f-49feee0da1ea
ab609617-4b8b-4e39-83f6-beb634665971,MC,a78f0b3c-01ed-406c-a478-7194c46b0fb6
2c6f4069-dc52-4c5f-9f1c-04931686f836,AmEx,b407ee59-f205-4a24-8281-e1a651fc1445
e6b884a2-0eb1-476e-9ee5-bed4d9dcbd92,PayPal,9ddb76e4-2626-45a5-96cf-1964ad10161f
39669af2-45ac-4aba-a4de-fd7e324b2852,MC,46cf8ac0-7aca-4b8c-8475-08b54f6e87e7
412675a2-7877-4f9f-8053-d38762d15dbc,PayPal,127f3441-3895-43e3-85d0-0e01c6b85505
b4b94fc6-4cc5-485d-bd5e-a3beafabb53c,Discover,b7a883e8-81ba-4a38-8f07-21aae5c58df8
b8040851-efd8-440d-ae5d-8985a7e419d2,MC,498838f7-4ff6-4564-960b-6e6a41776daa
61112ace-8b78-4b9a-a0ad-c456e2fba7ea,PayPal,18dba1c8-1457-44ac-b0ce-41613b8c42e7
7446a811-a172-4e0a-9ef1-d5ab1d6339be,AmEx,094eef89-5250-4062-b2d3-f34164a1eedf
135faf3f-9cbc-4b5e-a1ce-4b8db30dd292,AmEx,c2c55e60-8f8c-49a7-a3e7-05d313351efa
72937016-3f47-404c-93bb-92cfaeba6e48,VISA,6435568c-7a6a-410d-99aa-9bc5a423a1ce
b88e1265-acc9-423b-94ca-0d695cf81dcf,MC,56ac331f-db49-419b-a628-5774ee5fe91b
54020194-9324-4bcf-abb5-d327b9591d95,VISA,1e82309b-d034-4883-8091-0e2a9a4f1408
c2683309-14c6-49e7-9e10-d305d8c5ba70,VISA,32841641-0f21-44bf-8df5-bb3e23f5b63f
04b4d3cf-492a-4ee5-bcca-08aaefeef94d,MC,41acf537-05ec-4334-b5bc-4118fab0cb76
0196329f-28f7-45f5-a4e5-9c06fc94e941,Discover,3e14dd91-8c95-48e6-ac12-c4aa24c33788
ba207661-6748-4918-b037-2ea34ea5ae04,VISA,4f1bc33a-14e5-4529-bbdf-111fa5061c38
c856b86e-18b8-4718-ad06-128cee27eee7,Discover,257e71ba-4971-4751-ad0c-8da9ef5e6231
f3f7d979-ca8c-45ff-84c2-1b22916243cc,AmEx,08f44834-a022-4618-8294-513523af98d5
f447a902-7f7d-40bc-a871-39028ca40266,MC,fa88a8e3-2390-4aad-830b-3685ce7c21eb
fa3370d3-a229-401e-95e9-c5efda65efca,VISA,a9cdf6d9-0f3d-4c21-aaeb-c8940339768e
1d5aa21c-b47c-4357-a011-29b94ab2869f,AmEx,847d877e-494a-4bad-8c12-6be9b82693d7
8454606f-f3c5-4d21-a23d-078d8e4e9823,AmEx,ffc8c221-bb0c-4876-b531-d9c2c2c0ba9b
9454b7b4-aed4-496f-bc57-b93883324573,MC,d6200403-8dca-46de-a1ab-16b0da8fbc1d
213b74af-4c57-437f-bf53-698a4949fb58,PayPal,0a48ceb4-e2d9-4362-b81f-4289c580347a
c5e4b093-ea15-459b-9152-2df5d10b2bab,VISA,d5545f25-1783-459f-9562-5c3ccb6f172d
97034671-5d4e-4145-8d0a-2fe45650f0c3,VISA,83cd0029-0ecb-4879-a8ed-e09d70a48da0
28d67287-776d-491e-995f-a7ae54ea9cc6,MC,30c410d2-b523-4415-b513-848918a3e8b6
9b70b6d5-65ae-4074-8061-edc76738cbfc,AmEx,132a38d9-85f4-4b46-a234-27ee3a6813e7
052e5b7c-f154-4e7d-8940-b5c034282309,AmEx,22ef99c8-d97a-46db-9814-9f5bd6834405
64538201-b0e7-48a6-b321-dbefed1c86dd,VISA,afcc6d9f-e05b-4dd9-a526-7055bd69ba8c
5cc074ee-5456-4185-ba0b-4fe131b384e0,MC,1a151702-ac8b-468c-b1b6-e4b8aedf9e0a
0a8b3eb7-09b9-49d7-ac5e-ab03ff82568a,VISA,da0f31c1-0a09-49a0-bd70-e29c1d721890
a0d31a10-07bf-4fd5-b245-473e9e21b8ac,VISA,ff5eaa28-df6f-4485-84a5-a9cd558908e2
1fc16052-69cc-4c22-9942-38c40656264b,Discover,39b15689-ab7b-4b6d-b307-37fc1609c91a
7171187b-a0d9-4e86-8f8a-c454ec542c92,VISA,063a4b65-54d7-4955-8c50-a020a82c1fe0
950e8fc9-bcf5-4d60-8d2f-b0256e552e5b,Discover,4d0464c5-8d9f-4d1a-bca5-2001878709c8
d4cbc4a8-e930-41d8-8b42-14cfb3175229,PayPal,632a93ac-9e72-4806-9a7e-f1f71f8617b9
201755ca-6f1b-4633-afc4-5488e7ef8ad9,VISA,77045f35-8f50-4a81-be75-03dec55f4617
f3c39b3d-930e-432f-b33a-f9ddc78600ed,VISA,6add68cd-8da7-46f9-abe2-65ac45dcd0b2
ea58cd15-a9b3-41c0-a398-dead3eee1dfc,VISA,43e9336f-3cb8-4156-b692-048be0035ebe
3ffe3762-527d-40ea-a444-434347b0eaad,VISA,2c8d39d2-5972-4f84-bc17-b03d38891f76
b861feb2-97a5-43b4-8d9b-959de27971a7,AmEx,51cc7c87-2d65-479d-9f07-234e27cef3f4
b7e9218d-f4c7-469b-97d2-7cf099375463,Discover,912c145a-d447-4252-9d90-8afa70dae5b4
ed685e3d-4b9f-4f5c-b8d4-f1b128b8955d,MC,dad4d61d-4a19-42fe-ab18-8140f15f3ec0
e4c30e41-71c1-4b8a-8af4-0e37c55492c2,VISA,4701bc65-36b3-4702-a5ad-d133ab5f3ff6
bb4fa4e9-1f9b-4b04-a3fe-7714018776c5,VISA,66090fc6-846e-4566-b5de-e6f279f07460
98d25131-a6c1-4c6a-8153-2047ec6e44a1,PayPal,45211ed7-33cb-4dd6-8d62-936471faba4f
e71255cf-0285-4e0e-a1d8-408e1d802af8,PayPal,e8a9a41c-2602-4006-8188-25a8204869d3
007ef45d-1395-4d30-bb1b-22d1580dc2a4,MC,399d40bc-e38c-4472-85c9-03269d54565c
0b17113a-061a-4059-a528-3fb148b11b51,MC,650b6923-9cc1-4c0f-8c68-81ccc9770b20
5fd02eb0-45ad-407a-a753-995916535ef5,MC,896f05c8-697a-42be-a748-dd586268e591
767d70f9-46cd-458e-bf3b-8a4116bb63ed,VISA,1bb88845-a98e-48b6-877b-6c11148bb597
791588df-1e46-4649-a5ce-b528abe3001e,Discover,5a9e41a7-1339-44b4-98a5-bbb4016f6847
968d87ab-cb2b-4bf7-8c3c-71588870130a,PayPal,c2498508-3b12-4031-96b2-c656ac8781d1
8ce48986-ad46-46c8-8a4c-a12b68a5a12d,MC,d990f0bb-6bf4-4e30-8f0b-7f374dc3dad8
be1992d9-1f2e-431d-9b67-18f720cbe83d,PayPal,c71dff12-6bff-47b0-8de0-4a652e79df9f
9273b7dc-9cfc-4eff-bc76-992cbc331ab0,PayPal,7f7bf8b9-7303-459c-a9c6-77519e2015ba
eac10970-8ac5-4ca0-b6aa-0c9ecd27d449,VISA,13650c67-1fef-436c-ba97-e46fdbda0111
b25b9af4-6ac2-4c61-91d0-b22782d616a7,VISA,e494a9ac-a81a-4d34-96f3-2f5b9db798e2
16fea675-ec2a-46b3-912d-5eeb0da64d08,MC,d566d1b9-7853-42fa-9d70-7011b6aa74af
c3379676-4532-4a21-b2f3-9a3d37aca280,VISA,5f470149-eca1-4094-9f76-267493a733f2
6f39030a-7b5a-40df-967d-9546677fd87b,Discover,8a8860f8-e835-4f8b-bd5b-a94f79667062
524b01e4-f89b-4eb8-a336-d70c637b66f3,AmEx,3a110a95-f505-4396-8c32-fa5556d70a82
03116bd1-c711-430d-bb5b-6500f8f6137e,VISA,295223fd-134e-4fb1-a356-4ef3c5466035
86467cc9-a69a-4d13-9d4b-6327166a7845,PayPal,be005c7a-bb06-4e4b-8150-0b78a8fe5b5b
c1cdc3e8-042d-48c9-9ee4-59ead4834bc9,MC,7896dec0-4f72-40bd-9946-c7b4c377cb2c
6a5df667-ea71-4174-a4dc-f970a8bc6788,AmEx,8a6429b3-a2f7-4dc7-8f78-1ee5fdae9c6d
4c2b233c-157d-47ea-be62-5af5eb41556a,AmEx,602ab751-7cfa-4716-9c5d-93f763828f6c
bc9baf30-ceb6-4e66-bacb-85a9a6b1d639,MC,11182a0b-fe72-4f2b-b0d8-268831027d8e
9495cdb5-a1a7-4f51-8221-6bbd52bfbb96,MC,373b8ae0-6f8d-42eb-9689-27c417fdfe10
d5f830ce-338e-447f-864d-9fc363be0d20,AmEx,0ad1fbaa-fd84-41f2-bdde-b1f27f267d53
e7935c85-0d88-4b34-a9c8-a93855b45912,MC,76b440d6-b7d0-4969-914b-03e367a57754
c2fd4283-4c63-4e3c-bf28-6060f35161eb,MC,c10ec306-574e-4030-93a0-2b8e59ff593b
86660fce-92e7-401b-9acd-02ecf732d11b,MC,fc234d78-87f9-4949-a9d7-dfad4765ef1f
369b9223-a8e0-41a5-998b-67d7596b7de2,MC,f000c278-839d-4c02-935c-27577251a1f9
dc8fb2dd-7004-453e-bab1-8be862d52dc9,MC,62981291-7330-43b8-af01-af7ec6a1294f
b23ccfca-0597-4d35-a5d4-30a96dddc052,VISA,ed3a6a4a-8758-4781-ac6f-b1dd329e9810
897af5be-6d6e-4026-9b97-aef2c9ace37a,VISA,cf4e6b00-a4b1-49bc-a34c-d55682fa89c7
35cadd16-b6d6-44ef-8d65-3e6ab75da583,VISA,9b14160e-dba4-4550-bbc7-6fbbef020ad4
6b8e9ef1-9a77-4a39-8585-06e1e2e3e9e9,VISA,b215cdb3-268c-46dc-8f3b-14133d53b290
58735f49-c2ff-4e3e-b5f5-22232317aa82,VISA,22a59581-624b-4992-abcd-7ab88664282f
95347e5e-39d3-409e-b7d3-55c585a4f835,VISA,0a7d8318-58f0-4dcb-9884-0d9471c5e126
39605b32-43d5-41a7-a0cf-02c4a2e3ad9f,VISA,980d3f4f-4e5d-46a3-ab7b-17e4a7cb3e04
2b465212-f1ed-4af1-8c75-aa2da5edae1b,VISA,1f437097-e6e1-43d5-971f-19af6fa6dbdd
c7b162d3-1ae1-4ee6-b410-ec7787c3f048,VISA,e8ddb5c6-a476-4197-aa7e-0925a9c2c4a1
61b96c59-d271-41bf-8f06-12fbd576c2d2,PayPal,a432c8c5-c269-4f3e-920b-da1974b8208d
3afe9400-4c3b-4a36-bdce-ff9793de997c,VISA,41236901-b13f-4a05-bf77-8efa4ae871ca
80c14ae8-0923-4edb-89a5-4909c64b6eb4,MC,bea9a5e7-c39b-47b8-9be5-6a32c41718bc
23408666-936a-4f87-b395-f79be451d920,AmEx,e8c82750-c94c-4da6-be56-bbddc45fa7b9
fd3d6cdc-144f-4b8a-ba91-9d2f6a9336dd,VISA,2241eec3-c6fd-4159-9a7f-893f45af8d25
d0864122-e3ca-47ab-afd2-77b144215a39,PayPal,3835c9ec-9612-4182-a826-5d2b8b556f3c
4e6c571a-263a-4061-851d-5e8f34718452,MC,74e9210b-3a8d-4138-9aee-cd6eb403bc28
076f8e39-c598-4a6a-b432-643a8c38f411,VISA,d0843c71-6f2c-48c4-ab20-c3f789eb45c1
0f0ce8a0-98f0-472e-b505-3ab75c79e2fa,Discover,c898299c-8b4e-45c5-9525-9ae4f89fbb98
1ae8192f-2571-4200-9443-ae4cd395c181,PayPal,f9ab1a47-8b6b-414f-aba7-d733913a3e88
ed5590cf-ddb0-47c4-ac52-8d2b039368e3,MC,cb837632-9899-4077-a4ad-b6d39037ee95
a578c53f-46e4-4bd1-a36f-117ffaf3ed0c,VISA,898c1c22-b1ea-4848-82d1-356dee786d36
ffec21b6-fad1-4745-852c-205f4691b1da,PayPal,0169b4fe-343c-46d4-8120-c681e1411001
73b1eced-27eb-4c7d-8642-ac9c134c5e0b,VISA,6a1a1f5d-479c-41ca-a507-5a6ba58f4312
fcc96ac7-7df0-472c-86d1-9378061295da,PayPal,35cfcd07-7f3e-4756-9249-dd2fcdf73725
3737c5a7-ff2a-49bb-999c-846d2a43d9df,VISA,37092a33-608e-4627-8346-1dbbee3747ef
7939c0b6-a002-46d2-b643-da62a0a3d490,MC,ccde1a62-fa96-4539-b07c-46914cb6bf40
336b41b3-5154-432f-8398-201a2ee02419,VISA,f2aef616-d7f5-430d-bc39-a984b9067285
b18fc9af-e1cd-434d-9c7d-4f7330e29510,Discover,1d65a50c-37c0-4c20-83be-7726bf08a81c
ac2302b5-ae54-4779-b87b-7d26fed7d31a,MC,700b5bf5-2b86-46af-9d7e-2c636b28ca6d
c8e96b21-770e-4685-9566-36788eaf3d60,AmEx,598fd9bc-f713-45df-b960-2ceb5203ff15
e8363d78-2c93-44e5-848c-c4c3b4d12e2a,Discover,448ff64a-9c16-4fad-bab2-2cf7e1b27821
21eacaf6-e796-49a5-80f7-dedf7cd4ab77,MC,5d339861-99c7-4f2c-abf3-14b12bdf1f4d
6962d00f-45e3-426c-bed4-78a3a23fd096,MC,1bc70a10-ac00-47ce-9c5c-9b0af063d12e
9c966cbc-daaa-497e-b2b1-5c349fac82e8,Discover,aab9c927-b0bc-43d6-b3ad-5f5c10c24e1a
f27d201e-8789-4a9b-bf57-f41c520e1d40,VISA,ad9afeae-d619-49a5-b925-ec85f9a2009d
cecd0cc6-fb72-4c83-a6a1-3afe78e8c1eb,MC,2e59b07b-ecb3-4c05-af8f-72f68a920e28
9562151c-52e2-414f-9dce-36e538f01dcc,MC,25c247b0-9854-4966-8814-2823922a9410
8312df75-ce92-4cb1-b974-047a60bd6267,MC,d8db2803-36dc-434b-977c-ac82aa86f667
985ed9cd-5016-4946-8887-f8701a5071c3,VISA,c5cf40d0-f27a-4c47-9f0d-d50a4469d572
6b81b387-3567-4166-ab91-11663a8e09bf,Discover,eb2b176c-7e55-4917-8966-a1773e7f0311
a6cd2328-0615-4206-a9e4-4b7ea08a35f8,AmEx,53339872-3e0a-4528-a221-8407c6501c53
b1457fbc-5650-4923-8e65-ed82e2033424,MC,8edb1058-2ed9-483f-b147-13d09eb84d03
0adc233b-a088-4f37-8321-5c8e940d0a4f,MC,74b9609a-a542-489d-b7ce-6307eb07d87b
cc54594b-7989-4131-ad0c-3d5615520229,VISA,8621879c-4bce-4109-9704-d408f1157e86
1c33fa7b-9060-487f-9bc8-a29df27b4cbf,Discover,44e548e2-175d-48ab-8fa7-9fc17c667f9f
c71cae14-0a96-4b24-ac99-ad7dbc4b47fa,MC,42029489-3f6b-4497-b9fd-43fe2adc3b30
d1757955-ccba-4145-a7bd-ee8b74325bd6,VISA,5947431b-ea74-49ff-aeb5-0d22159e230d
f6368301-42df-4b87-ae77-0339ba452910,VISA,b04f86a6-acf3-4df4-a95c-973604e8590d
8c2b664e-78ad-48ea-b19e-677f3dafd318,AmEx,c9dea5a9-7df2-455d-b1df-88fa0ef72666
c9bd9e91-5bd7-437e-a35c-790908a8764a,MC,7e555771-99b8-46e3-8cbf-da32ad7a127c
6091e0c5-1c4c-42d2-a08d-faaab70f6ae2,VISA,cef66699-c8d1-4de9-877d-0d6655b8028f
8136f808-6c01-4768-868b-b819b1b17815,Discover,7690806f-e770-4a52-a9f5-5875d1ad59f3
773d1ba1-507d-4f38-9179-4dc2cbb78f5f,Discover,1910f693-7e85-45e1-883c-671e58eec3d9
9d0bfe73-29a1-4cbf-a823-c40de7a797a8,AmEx,ec274ee6-2f68-4a98-9a3b-dece301676a5
9eca7311-4430-4eef-8f39-7a68e9bffc11,VISA,72124658-650a-4a96-abf8-9e51db3807f2
b73be412-5846-49f6-8c6f-83f857730adc,VISA,ec16c216-06c4-4660-8003-6acbbc20ca0a
ee0d99f2-44bc-4caa-bf61-12cbb906af90,Discover,3b9096d3-855b-421b-aaa6-71d7e54476cc
ba6f0fe8-f563-4008-ace7-f8f8a789af59,Discover,c21db544-350d-4048-8c1a-caaf62523508
973c21f9-93ac-4b3f-b8be-ef3d8ea753e8,MC,9e695cbc-60a5-48ec-a4a9-4f18eb0fb3b1
557c3982-0808-403d-b8e6-f652b757eaf7,Discover,569ec101-7d0b-4348-8870-3d303910e493
962c8803-e84d-4a23-91d6-7f9ce5b4a65f,VISA,5e4bb350-ed44-47c3-938c-e0793422619d
25f6e9fb-47f1-4dfd-b921-06509223113d,MC,3eea1f42-ad31-4b89-8b27-e6beb27128fa
df766eda-5bef-4fe9-8e92-786d250e889c,VISA,629eb5a5-9cb5-45df-8a25-6d73f0448418
a1842349-3577-477c-8412-5afdaf2139cc,MC,836e365f-dbf4-4f52-a771-931aa3dfa419
826d2f2d-7659-463f-8b59-6c1902ae698c,AmEx,6ddfd336-d40e-4b0a-8774-96f6e9ec34ec
1c2042e5-d834-4c34-8278-c97520e3c531,AmEx,979bdb35-e81e-4236-9669-988bdbbf8f92
65da6fae-17df-4d2d-b481-ad6c69cbd403,Discover,1f8b40d3-ebad-4eb5-9a0c-fa1c0cb1e3c6
50e1d2b7-a6ad-4efc-9d77-797e3aac1f45,AmEx,2a22f780-5fd5-4f34-b55f-e87cbf48c7ad
2437fe4b-9242-4b18-a0ef-87e8c5a081b6,VISA,c9daa472-308c-40de-a906-f271ae7258f4
cc449851-55a7-4cc2-83e9-77f3e0bc1b7d,MC,7675ad0f-c038-4044-96df-a783bf5b1749
c62f5236-d25c-427a-abcb-8724baf4d742,PayPal,a761aec0-af41-416f-9489-02c77606d2ee
15597645-91c4-42b3-8f3c-60252dd26c1d,MC,0a987510-c6b1-43a7-8fd8-498f03b3a61e
5c5ad678-0a14-4785-a91f-c23c9419ca9b,AmEx,7a285597-aecd-4f85-8838-07fb4aeaa6cc
1d1ab625-84fb-4a4a-bc0a-9550fe450f73,MC,88075ab9-839c-4317-bd01-8b91cf4027c3
304aa2c2-febc-4f15-b024-ac02e4ce277a,AmEx,79f2f878-f7cc-4f47-ac90-bcc222352fc7
568bf108-db97-4dd7-aed0-53e2fcb12b67,VISA,3abb3eb0-6171-4e69-8108-ca5239a3d73e
49c8d359-ad4c-49a6-81d3-b964c1630190,MC,7e3b967c-f947-4927-9444-6c171615d85b
7accb19c-6f1b-4698-8135-9afe3b25852b,VISA,6de91378-a10b-4c0a-9505-20d9221989ff
a4efba0f-b3bc-46d4-a088-fef4c658c470,VISA,ece506cd-d2aa-40c8-849a-8eea1ed553eb
669401c2-fdd5-404d-8dbe-8c1361698940,Discover,c5770dbc-a03e-460c-87b5-9be617aabae2
aaa6345a-c451-474c-907d-520ce8aa89a2,VISA,456f7c47-f3b3-430b-a6a7-8c9ae7a8fc92
6efc883a-0b61-4668-af4a-9d0be69ed038,VISA,c6273469-189c-4803-b13f-582d9db793ed
f2f939e7-1da7-4ebf-9306-cb1f7da53509,VISA,1a54cec7-df47-4585-9c1a-6d268e67aaef
8559732d-5db1-487b-9e16-3dfb23d55da8,AmEx,bbdc696d-1389-4340-92af-1987ead54ad8
b2949c27-6ab7-49cb-ae3b-984d9bbf4817,VISA,bcb12914-8167-4be4-a78c-63255ae514d4
9af2f042-d5cf-4326-9baa-e64c7833e00a,AmEx,21f0e640-fed1-4a94-a739-d0ae1b48cfdd
1b26d3ad-4de3-4984-a4fb-1b90c359a1c9,VISA,4ae1cffa-b50a-4452-8c1a-f5ffeeee3536
d650d261-4184-4704-96e3-7b8123c3da7a,Discover,96cddda3-b41a-41de-b0a3-95ac8fbf9198
dbbfa613-9037-43fc-b0e5-255dd6b8a418,VISA,856476a2-c7d5-4cc8-b8ae-c460f8a2211f
db88a8a9-9005-4c1d-aa0d-cf17f60dd66a,MC,7e017060-caa6-4a6c-9549-7d0da46599ed
b21a63ab-a4de-48a9-9539-9dea9bb4f10f,Discover,983297fe-4f36-49fa-b991-d5eb688618b6
5f3fbf41-5e06-4be6-8290-ad7c0017c8cd,VISA,5bb8a860-20e7-443c-b029-581e6b7ad5ca
302acada-5a60-427a-91af-7cd2d9065712,VISA,cef36e44-5e52-4be5-b991-430b915862e5
908a6094-f823-4508-8872-254bf993e9e0,AmEx,80a8c031-f2b5-45a0-a1b0-fdf73c73eb7a
9e8d6304-67a8-4bd9-ab14-252a463b95e2,AmEx,4b54844a-0c22-4d2f-ad88-c812574b6fa8
6952c7bb-44d1-4aee-a7db-f16e4067532b,VISA,19fb8c00-c1e4-4d58-a5df-619cc4d3b18b
47d50c60-59d4-4a68-888f-35de071893bf,MC,65034c29-6365-4b1e-948b-f39df0d50020
a06c0de8-4b07-4208-8eee-4e80c5571ffb,Discover,a3113ab7-fa97-4312-9e5f-78b3fca73a67
be65d0c4-685b-4d59-ab8e-59261fab4335,VISA,dda90f8a-71a0-4158-8278-930401fec092
7f894025-6f0e-4360-9c75-c3f3b364c9c7,MC,5ba327ad-2de6-4ad4-91ab-36be801d87e3
e5899be1-75e0-4d8c-91e8-f9aebfacd1f2,MC,6d32514f-eb53-42b2-a2ec-202300cafb77
02a2841b-8a17-4e41-a894-41588a74a906,VISA,6258b11b-cae4-4861-9a58-7c647d6c455a
92697b02-10bd-42c2-a604-a15de6ac213c,VISA,746a5e0c-3969-4aab-9421-b8e762ef150d
c1d1f166-7361-4830-a22d-cc4d6f538b2a,VISA,9d0b439c-ea02-4dc0-aebd-bd907ea50b17
2c164e5a-8a33-4bc1-bfa0-b5847efa8a9c,VISA,10c55cbf-76f3-4ac6-b16c-28275da7ff21
071721e0-6493-495e-8d48-4edb7011a651,Discover,f55c24d5-48d9-48f0-b320-bae514cbfcce
d1154070-3468-4f85-92cd-ef716d572aba,VISA,1a51801e-3b8f-42e1-867e-55c1a601973a
f6156a8f-fc34-43f7-b497-d8d8b15907df,MC,3e2d542d-7e9c-47a6-bac6-5ff5ba67065b
60d29931-4d4a-4052-ae0d-7654bc637a2d,VISA,c2f3edfb-3083-4fd5-85b2-1266467025ee
596509ee-1d56-469e-8f94-7a552d8bc2f2,MC,46ff2167-a11f-4360-9e79-50fdbf3398aa
6020073c-e0b1-49dd-8731-22142fb5eab3,VISA,70970863-cb09-42f9-b47e-6f972a4baaf8
82eb7d04-5694-494f-afc6-3741dbcbf3af,MC,ab575c60-1a4f-4255-80a4-fc4e63e823f3
e936f27a-9a9e-4c1c-ac6c-938fe7726ee3,Discover,d23b374c-f289-47ac-b790-835cb399d6d2
57e7e946-d7a5-46e7-b758-c3aceada91dc,VISA,bf6dbeaa-faf5-47be-8b83-5e5a717df7fc
ca135b68-9104-4cef-937d-974be69d9943,MC,4fae9dbc-b084-45b0-8180-a0c69646ba60
3daed1df-5fcc-4e1a-a05e-3ecbc59bc136,Discover,4b4db8f9-9f7d-4dad-bc81-0ed6c9d4397d
df0a5a5a-ae49-4288-a639-168b70a09b54,VISA,39117d7b-5cdf-420d-babf-1e80933c438e
9fe4950d-b9cf-46b1-81ea-0fb8c1e2977b,Discover,c089a74a-7025-46cb-9c92-a978e5cd326c
94c66051-a71a-4818-bb95-01a6695e716f,VISA,f59e2f06-5428-44b4-9d11-b19d1c99e899
25736d3f-75ff-4e7d-b847-cf23c71e5b4b,VISA,76480ab2-daf4-44fe-b762-9fe3d8a2beea
ac6811e5-0a6f-4f4c-8ab1-58f5d6d2604b,AmEx,7ef5c97c-49bf-454a-ba22-f41733670557
771fca87-da3d-4c68-80ec-904449ee45c5,MC,36ad8a0d-e119-40b4-8fd0-8b1976ce0220
dc1c55ac-e53f-482b-9d8c-8b05c33884e6,PayPal,fbddddb2-1c7f-4d3d-9c74-6e5e03bcb9bf
bb4411e4-09f3-45c9-9068-3e69f336055d,VISA,83af021b-45e6-4a9f-9565-bc0090e8181a
bddb21d8-6baf-449c-a161-4133214324ec,PayPal,589b5276-6602-4ff7-a20f-e4340ad82ae2
4b0bfe57-c34f-48c6-921b-54bc0297ac91,AmEx,7cbc1e4f-0fd4-41e2-b163-32da7d01b411
bd4c613a-dab2-4b6d-aaf9-4c479274a317,VISA,73ec60e6-8be8-4544-8162-9053f972829c
4487ccf1-aaa9-4005-9342-6764dc23712d,VISA,164e76e5-9f77-4a6b-a9fb-e8243c5b1eed
e2415ab6-72e5-4608-8d94-3d3e1c7ac7e3,MC,92e22360-ccdb-428a-b39c-7560262ef1c2
510bed09-c731-4a73-bd6b-56c728729af6,VISA,29b8811c-34b6-44ef-a522-f5e716c0ae34
e3b72ebc-9d6a-4856-b6ca-055f9f8e9556,PayPal,8b34da45-102a-47f1-9e37-0fea29ed3e38
bcf3ed55-4c67-4143-ba4e-796483ba9550,AmEx,2936a257-cd67-476c-8e5e-a435f0f8419c
c3c2adca-954f-4b6f-8766-bc0ec6e3f80a,VISA,67a0a9f4-354e-4c6d-b501-5e7a9b4365cd
308c8191-3441-4250-8220-1f8f0eb0cde2,Discover,7b6a93e5-1add-4a55-b582-6a47edaa8d1a
9c016dc1-b9fd-466c-abff-5e721111bf9e,PayPal,4b0fd25f-263d-4307-b1c2-c72927d6d004
cbfe8be3-c0ac-44b1-879b-d7ecfa03de61,MC,8d414bb7-8b80-40a2-ae4c-e775e1d96664
2cf960f7-d7d3-4c3c-9e11-663a987c4d2d,AmEx,1ae0ca9d-885e-44dd-b475-209c56328212
58e2ed4b-71f3-4c0e-86df-b039d78d6bef,PayPal,63601fa7-3f6b-4d89-8909-62e3ded8ccbe
5d05f6b2-dcff-420e-b78c-a84b6fac4911,AmEx,7de560d8-7475-4e27-9a59-583d365f5900
693fa350-99fb-4ff5-881a-3b921926483f,VISA,6bdbf3e1-e904-4b1d-bba8-b6f3b0b7c787
4def46a3-34a4-4f59-93c7-51d885d85482,AmEx,44a70c15-7a22-4bf6-9f7e-8f6517dfd65b
76ecf736-8e6a-4e66-b827-843f4001fb98,Discover,1b8f6867-ec15-4aec-afbe-7ebe161be1bf
c287904d-0303-4f54-b86b-9ba1896e1868,VISA,b34ac043-9dd9-4806-b11e-80b0d2ae50bd
5c476649-ac71-461a-a0c9-dc595b31f26e,Discover,de59bd90-0648-41c5-b99b-852ac72759bf
1864f2ed-493c-4a90-8f6a-8144d742e599,VISA,a42f04d4-7929-43b9-8ad5-04c5a5174950
662254da-2f05-4212-9b05-9dd0daa86011,Discover,48cf0bf4-76de-4715-9592-26686f2d206d
386a561d-f6ee-44b7-8346-d800f751a9bc,Discover,b672e966-846e-45ce-a5c5-1b8b3aa72763
1fecb661-3ca0-404c-a61a-5f0a5cdad938,VISA,8325d5aa-4eb9-4019-97bd-82782e855749
1a3ed218-a80d-4103-aa9f-c5218f7cb4c3,VISA,a16e7503-3b74-40f5-abb4-0b57bb854236
1a100a41-2a54-4cae-9324-8a523577866a,MC,6a257cef-9ed4-44d1-932c-7ff71a536b73
68f503c6-99d3-4c8b-8a6a-55365b817d7e,VISA,939547e5-7804-4ca9-8dc1-fd820340725d
6624bb84-b1e5-4e50-a001-fb6cd5faafe0,VISA,abf61ce4-77f3-4675-abc5-5e86183d628a
a7214bee-a6f0-4b33-8d79-2fa9d1779b27,VISA,9cb1eb04-79a4-49f9-8c62-7a4e4036bd52
677feb6f-1ac8-46ae-9544-0498fc9ef781,MC,c62d37d1-f4cc-4f9e-a4f2-c478a6b41e3f
3f6253a9-7855-46f2-b737-a654f8be4add,PayPal,f2df2edb-6b55-4c23-b141-bd525e2f946d
ce8dcfe7-767e-4327-9855-91ab71acf6cd,Discover,78785d09-b7b0-4bf3-90f0-98adc8317399
9dbc4288-4fb2-4599-a817-d4cd64c9cf61,AmEx,ddab20c5-763e-4e7b-8948-d57c80e34a75
b3d8c7bc-a2af-4666-9a62-9bbda53df059,VISA,59ce12fe-6e60-43b3-a392-9998b92ff2f9
8fa3fda8-5947-4cac-af00-b597a1db7b7f,AmEx,5e3d2fe9-d44f-4d06-bcd3-fe136fe9863e
25b78c39-e91a-4ce0-9d0c-b65afb5365b1,VISA,b6ccad06-32d5-4d48-9ba6-45c47634a771
85563e05-b5d0-4fbe-b7df-4941377ea825,MC,20de92ec-9466-4fcd-ad88-ad628f1cdb5c
92465160-a880-4314-a910-44dbc7a5505d,Discover,bcb241ec-97cc-4fe4-b3f0-b222ed471c48
c5f50ad1-a566-48cd-8306-61546aa86e77,VISA,5d463680-c4a6-44c0-b6c0-010ca15e5c58
1989a5c8-efb5-47ff-8b76-dcaccb0b053c,AmEx,ea1028af-42cd-43ef-982c-cc94e42148ca
7c978bd1-2528-44b1-88aa-1934fd1e6e43,VISA,fedd2cae-d8e4-4d47-b94c-188e7507e124
7f94ecde-a014-4bda-905d-9c175312e624,VISA,d038daaa-faab-49fa-b4c4-20f667893eeb
3b573fbb-bfa8-4f3e-8f4d-842bea213da1,AmEx,b4f8d263-64b0-468d-b41d-e7b8cd32f0bd
bc383557-c445-4bd5-9c6f-9136d13ff5eb,MC,5d5e6120-09a9-4b96-97dd-f2da8b8281d5
a8688b61-4af1-4661-bc30-b9362369be00,Discover,4fecfddb-55a4-4db6-8c06-4e8d5336d737
6d3cde57-1a56-4dc5-b64c-a3d3956ff3a3,VISA,c723bebb-9ced-4c3e-b2bb-bec2ab36b74c
7c757de6-ca99-461c-99dc-f7048474cb73,AmEx,37895812-a16b-4617-a067-ada91fa6e3ff
eba731bc-41c7-47aa-ad79-488c0fc7517d,VISA,53fa2964-c3f4-498d-9235-d77431b2f3bc
e4ea6b93-817d-48c7-b516-0e19352c3ec6,MC,02696cd3-6c5a-424b-8b7f-458a0c7dc953
07a66326-e935-4cf1-bda7-ad8a59a897d1,Discover,122c0a8c-8fd2-48cb-879d-64965f3322b2
54d1ef98-2c0f-4b60-8547-cd896a0635ae,Discover,863ce23d-1346-4ec1-a8ac-84b5f0ba185c
90ff64b0-698d-468a-ad6a-d21d51728d15,Discover,c0b959e8-ded0-4774-942b-a7aab0528356
f38a882a-17a8-428e-80af-90fea36f3c9c,AmEx,003ae915-fa37-4baa-89d7-87e860d7941f
76cd412c-1398-491b-a462-38d4aa21a30a,VISA,a992fa4d-5fbe-409b-a291-db428cafbb2c
147c069d-57a6-4688-ac63-c41d608eec54,MC,e6880a71-d632-44e5-a5ad-ed39b20bd420
7b08e0a5-5c9d-4df1-9602-e39e08beb3bf,MC,1a6f7878-f474-404b-a54f-bc43d0bb13af
84448b31-6b01-4912-ba1c-83c098a9fc7a,MC,1f32b885-43dd-40a5-b82e-10dbdf86db63
2c15c118-5587-4a08-9f13-1764d8ad6446,PayPal,b8eb1cf8-d33c-40a4-8602-17f149023a0f
839002b5-1ae0-4ddb-ad4c-20a51c3a3329,AmEx,3308bff6-ab7a-4b2d-bc54-9235b49e3cb1
860846a7-7f0d-4701-b092-52311ae424ab,MC,4b11f051-45aa-42cd-b54b-e5fe63549b55
a6ab0516-32b0-46af-b32c-a308dfc6bfbe,VISA,85fc850a-d932-4f8c-a89a-390bcb82ff94
2f5bbc35-76cb-4009-ac91-c58bb120eb94,VISA,8d5638a8-34ac-4170-8645-460362b4ee36
16c86898-777d-4b97-912e-720c94245941,Discover,2bc19ab0-6fe6-4c1c-9683-d519adef81be
aa784039-3117-4488-a1d6-3bed69f0e6fd,VISA,89fbd4e3-3730-4ab4-97b2-6bfd6517d117
fd069932-952d-4e62-8831-9cbc93fbeab8,MC,f8db4127-ccf2-4274-8ad0-1e5bc2f97b4d
a809484f-9d16-4106-b6b7-0779d827f2d0,Discover,e87045e8-e1a6-415a-9f4c-01baae6f0794
6256aa1a-4730-473e-a9fe-572ad3ab7d36,MC,1f7702cb-dbfb-465b-bf64-1b8a5f7927ed
ffacdb99-a319-4e0b-a792-77ad882cdbd4,PayPal,4e06b34a-1f9a-44cb-b13f-c5993a7b6060
2b2c06bd-a364-43ee-aefa-b9b31153bc7a,PayPal,5a1f0377-ef2b-4d4b-ac65-7902eced82df
ee1a4bc0-cf37-47a7-9be0-efa0e6c799c0,MC,af9ac8b3-cf58-4027-b071-65c5d77931a7
034587ed-5a18-48fc-8142-1924d4ccf12f,PayPal,5e2c5710-a297-4b27-bfcb-87c9ba805187
b370e9bb-75ca-43a2-a31c-958b7f75d2ba,VISA,856d67df-ce4f-462f-a536-fa6340e81485
c88c36d0-4ed1-4bec-af84-aa8e992a6523,PayPal,1c48542b-20c9-414e-b2de-89d7802fa984
9a858e60-3f5b-4ffb-9dc3-441742037adb,MC,b32384b4-4e1d-4ed5-b363-91db18fd8af4
500f0445-af34-4eb0-a7c2-4b965f20a7b6,MC,537b1b79-03a8-4f09-9102-961eb5e0593f
e4c47e93-7b02-467b-a65e-0b887d712d6c,MC,4751b0fe-17c8-4384-b7e9-e4223bc7498d
86fb8c4f-a6fd-4fe7-9ab8-c29fce51f1fc,AmEx,d9bb5b98-f1c2-40af-86ee-4eba9b277e6a
cb823787-0f35-4b74-8c03-601e2369d3f4,PayPal,b66a2322-aa49-4c47-bab5-6c07af04a13d
c677d45c-244a-499d-934b-8477809b8f9e,Discover,334de287-2067-4fa7-a5c7-f3b248a2d914
d72e81e6-80ac-452c-81d3-5241df6e985b,VISA,2a582fc8-cf69-457d-b0ef-daddb7813f5b
2fa5e8c7-9854-4ebc-854c-20ec5c1a55b6,VISA,b371073c-88fe-4fee-82ba-247c3d5b92c9
0d06ea66-4a7d-4f49-bff8-00b4e688994e,MC,ee931145-fbef-44c7-bc0c-2e96fcea3c40
c6c726a5-4585-4288-b059-d2a9ba2cf57c,MC,513b2236-ea19-4aaa-b057-47659b3b4be0
f9a938d1-2a60-44fe-874f-c8b14c30985e,AmEx,e89dabad-c485-434e-abc7-11587380075a
96432b06-04a8-4a90-9262-4a014fa45362,AmEx,648fa302-e1fc-4fa8-ad88-1c66a43108fc
15f8812c-d6e8-4edb-8b52-364fde746d6e,Discover,791152d3-7d94-40bb-bdc2-9e8f54c72b10
0d92ff95-f8cb-44fb-ba6f-b73aafc7b9be,VISA,67bccd94-a7fd-427e-b1e3-4d1bcc4e6b9b
5429be57-6abe-4e8b-aea2-a2a392d0f3f2,VISA,be7d3b53-16cb-46f8-a62b-6e0f6127fcfb
14705cb6-42e6-4517-8e50-3b959a547209,AmEx,037ad7d4-c718-4bc0-908c-ffe716cba7a0
0ce97d6c-550a-4b1c-b404-1e206264ebd2,AmEx,a0d89945-fadf-4e6b-bb1c-aa11ba48bfd7
b370097d-81e0-4f47-9ab8-8e819193298d,VISA,7fc86eb0-46ea-4adb-b0d4-35ccef7d652f
a4fccbf5-7b2c-4e6e-9a05-527ce0774a7b,VISA,9848cc0b-9ffe-4229-8853-9156999a759a
62b1b969-4853-44ba-a08f-eaeeccdb450e,Discover,41b9a4cf-4ea4-4797-9033-d6b329697dcc
9c80871e-8999-4bf1-9411-c5125efb562b,MC,09526c97-dfc4-4b65-9c12-bcbea081d51c
6fa2d1ef-078c-4716-9d9d-e21ec3dfc5e2,VISA,5a56ec51-2399-43ab-9ac4-057c903f989b
4f0ffece-d137-4152-a580-8069bdc67303,AmEx,7335eaf7-2f27-4bc5-9f99-fa7fe269452b
a338d2fb-04db-4c32-9378-7a7e96805ae7,MC,5f3f2190-65df-4de1-9109-27756ea2d9ba
6e03be1a-6dc6-4140-88ca-5866fef3824c,AmEx,37a4547f-c81b-401f-81c0-68c8dc9042ab
297cd7de-d0f9-48a6-9f02-e0e9571f1476,PayPal,26ac90b2-14fa-44f7-a4ce-cf8354455217
e672a6ca-0da2-4eac-a9cb-6f5a53f76377,PayPal,3c6d5498-bb15-4b7b-ae98-367baaec9025
40237846-16be-4367-9cbc-6995f471786f,AmEx,fb80d369-03c5-4b14-9923-e761c0fa74b6
31454d8b-5780-4bbe-9836-4ca1ec0002dc,AmEx,dd00af20-90b8-41a6-a411-e0af99c6ba4c
987368b6-9e87-4c19-8545-681137f8d832,MC,9a72123d-c7de-4532-9189-9e01171be3c2
c13c9e53-2978-4cab-b17b-ec5b708dac00,AmEx,86eeaa5e-4983-4648-a13c-4f70e637c9d1
fc5f723d-58c6-4e6c-a1df-70e1f57762dc,PayPal,fcf3bb2a-5e1c-4ad4-b2bd-97c9a22e5796
ac80dddd-4758-486a-8a1f-83b01a1ffa12,MC,6c275c83-fd35-413d-ac14-4e60a033b0c5
936703e9-e14b-4413-81dd-96d083ca6ab4,AmEx,a35f4a07-45b9-4a97-bdbc-a307734fd684
297e2529-fbb7-4028-93cd-ae2741643b7f,MC,4d7c0a5c-5a46-4d29-a970-4ca7e1670856
b2031e8f-8fe0-464a-94cf-cb132f6021e5,MC,72042fdb-c717-4ce4-9f24-6984f4e9c64a
2e813877-436f-4995-aca9-361994912246,MC,369c176f-ba97-4d51-a47d-a31a86c90dcb
2a8d19ab-be81-48ba-ae16-21a8900bf123,AmEx,5059101e-9542-488c-8477-9d30d76b49ff
3d0bf64e-960c-45a3-a950-d42653642ff1,VISA,8af19509-fb3b-47ce-af5d-bba187529a96
3e1ac801-4c11-4214-81ca-fec4da573f36,Discover,f7e7831b-4537-4965-a9b8-1afec3560f44
e14fdf78-348f-47ee-bfa2-9ade32afc416,VISA,6bc02a40-7044-4c24-a3b6-fbf640fcd76f
31ef537c-9cff-48ca-9b9c-9adc673cd8cc,PayPal,ccd99269-667c-435a-809e-5d928ae4890c
aa77cf73-0166-442b-898b-4b70a1862b02,PayPal,1c4a6f2a-cb90-48bd-85e1-1ee9e9adfcfb
b5a72d7f-3407-4631-b64f-b358df188428,VISA,701a49b6-1ec4-4091-9e02-7f2566dd4b1b
53af5d67-c688-4067-b101-e550834dcce4,MC,7b0720c1-8f44-4925-8e00-366b0702e987
188e835e-83cf-4818-8b85-8ce6498a5f0b,MC,11438104-d6e3-4c50-b32d-302e4de1d3d5
69f16a09-08c5-4649-9488-f2ec76bf9c74,Discover,fb92810e-dec7-45d0-98fa-03ee086279a4
176b26a0-4986-4769-bf66-3bec1a851e5c,VISA,d8a66335-bd86-4e42-ac03-2c84b95b0886
ab80c416-9ac4-4bd5-9d4d-21f409429201,PayPal,01dfcedf-a72f-4d5a-9f55-8d7f38c19e18
e5f96f88-5ad8-4acb-bd3b-376b372fa31a,MC,30810198-7fac-4763-811e-799f31c4ed83
5a3b8490-81ec-469f-9f29-6a80e1f64178,MC,3cc9bab4-1a53-449f-a1b8-378d13289b72
d60f0523-bfe7-4250-9f05-cb653810268a,AmEx,13ed0b1c-87b0-472d-a9dd-63f49e02efa1
78d48b25-059f-49de-93c7-cce3852d9f39,VISA,cabe6cb8-c86c-4a34-a28f-19f902797922
cdb35cd2-8204-4a28-89bb-33107fa021a0,PayPal,1ae4afd4-4545-4386-ad61-39e3c424a9d9
d47d9b5d-d540-4684-b522-efeb619e50ef,MC,2779c90d-2fe0-4df6-ad90-ecc576db9adc
2789d915-da4f-44d9-8175-61ae7f77b079,VISA,6270aa5b-9f1c-45c8-828f-afac056b3730
937ad247-3887-4767-bcf7-3bc0fa47647d,VISA,8bf704ea-f5a2-4b57-9dd6-f29b75eb800e
8cc9df81-0c71-4c2f-afb6-16b922984e02,AmEx,bfec7e4f-80e9-4552-b63d-2082d02b8f76
6624e90f-fc1c-493c-bbe6-ef8c0f6385b7,PayPal,6a2e84e5-28dc-4807-99d3-9f8fc7449ff6
0db11a94-f769-48d3-bb81-21357af55d67,AmEx,13a2a898-96c9-482c-bacb-69f3ae62a26b
4213814a-3d69-41b1-9e2d-25d7cd7afe3a,PayPal,4cfc6cdb-ec8f-4f4f-971f-c0c82c7ba88c
fa0e46b7-f69b-4e05-921d-90d9fdc2c016,MC,60110728-7ff2-454d-b497-305b1d7c9fbb
79f87f24-f9e6-40b8-b5e1-3ea9850b7461,MC,acbb3fec-1629-4321-9f21-8cb6abc2167b
5915c988-8949-40bd-ae64-df06185a80c6,MC,9d6ab592-544e-4810-87be-44a05b482984
96084e69-700e-4ea5-9616-369363d8de10,VISA,a7537085-9cc3-4d45-bc2a-8400a0871306
05e20fd6-0e49-4b76-be72-8b9031044d8d,MC,1be4e8eb-3964-46ed-96de-05ee0aeaa459
515055c0-b94f-41a1-8f2c-e67a41e34743,VISA,c6615174-3cf8-4303-9724-70714d493e25
2eab33de-f009-4c66-9189-badf8de4c68a,MC,169deff3-d75a-4e31-b5c9-39cfa33e7a46
250b33ef-6ea1-4b2a-9ed4-f12aaa979962,AmEx,963b0a3c-0aa6-45de-8ee9-e38cbe0a1bed
66949cbd-40b7-4ef7-adc9-538419068e2b,VISA,15bc3434-0e64-471c-985d-b410a253e819
9e18f455-8f9a-4bc1-9db4-6f427e80ce0c,PayPal,acd94710-ba9e-4080-914d-32e97274e77a
cd3f046e-a120-479e-a6df-fed1d989222a,VISA,36b9dec6-b376-45d8-b8b8-bee511b6fa61
b32d5749-14ad-468a-b4f2-86c046c4352a,MC,2a0bb9a1-5dcf-4962-b55c-d05aa7a80628
624edfbe-88ba-4466-b336-d74183c3d80a,VISA,7f7786e0-6dd5-4aba-afbc-1fa4d077e9d9
3616e08e-e7f1-4d64-b3c4-6522a2d8f96a,VISA,d4e1979b-1f64-416c-b773-9bb1b87c8841
f7bbc780-ca42-4249-9a0e-971e19fbc77b,MC,f33599fe-dd6e-4060-b35b-cacef74127c1
5e8713ca-cbb0-44f3-b6c4-e32e5f764fb7,PayPal,37e94e4a-5aea-482f-9150-3ccdc956821a
79e6813f-8932-410d-8fdf-dce45cc8757c,VISA,cae7c8b9-c2a8-4c1c-825c-d4fc3b831389
727610fc-81f9-41f3-82d1-b2c66d5007fe,AmEx,6941edcd-67f0-4dce-bf3e-4689b3cc242c
b924eacb-2074-446d-b851-13f34fcbd600,VISA,3733cb29-40e0-4540-b31b-10bb1402c4d6
04a6baaa-8cc0-4b42-9d46-96dd0ee53632,VISA,2e131086-d9b8-4566-99e2-cf6adba1a75a
c1b0bb9c-1424-495e-adf3-fb50b0beb2fc,MC,08d144ac-1c48-4f9a-9885-ae16414cc8c7
d5aa7823-15c3-41c2-ab6c-f84d0cf71cf3,Discover,ca368190-c69c-4ce0-b30f-4d0255ab4b9b
541d72ca-1809-4bda-927c-fbf24de32e5f,AmEx,dc4e529d-4d67-4196-80aa-d0b76650d6cf
35866bc4-5ede-4afd-a520-ccbd3407fc1c,VISA,0df0dfe7-9742-49d0-aab0-1f2751cef336
e846681d-a2a5-430c-8561-d85518b3e09e,VISA,f9ee4dbb-e784-4ec3-9cdf-d70c8ded451d
fb76c875-f48b-421f-9473-a01eee7391c4,VISA,0764ed61-39db-4fe4-b7d7-673cb8a43fed
1a8d33bd-c69c-4778-b76d-78feaca3124b,MC,8f99b25f-6426-4d1f-93cc-8f153a6d8ae4
b3247192-ea8a-45a9-9bd1-a56f96aa384d,VISA,08672dc5-8711-473e-9917-e21258022772
95866d8e-ecdf-4b08-98d8-99c3058f588c,VISA,bada394b-5752-4bfc-8abb-bda5a2491ae1
a6acf449-029c-40c6-8adb-393dfc0743f9,MC,b75db180-f64d-4bd7-806c-c16c9d51ac26
a0297da5-d316-4d08-b261-99131eff8d36,VISA,41027877-8073-4602-91f4-a808c8212260
a2fc1818-7522-442b-80e8-cbeccefafa55,Discover,678b036c-b3d2-4494-b206-452fa3b55bac
9a31f3c6-a929-4651-a061-42eabac383dc,VISA,c090ee30-da9e-4119-b968-6b43ce72b82e
f41d7861-fa1f-4dfc-81c3-6c4698776794,VISA,5565b23a-fb1f-4c62-bb67-4d6010ae5002
013fedf0-8b23-4b8c-a895-9ed25492adff,Discover,7f1c46a8-d81a-4604-8ba6-3c8e04d21553
d283ae43-8003-47cb-8fe2-1f766909dcd6,VISA,cc99a830-a143-4236-92d0-d4192b882125
ad91030d-57fa-4283-8b1a-e87dcb58b5da,AmEx,f97e41ae-4497-443f-b18b-f24151cc9778
a2dab1a8-17da-457a-8763-d3194171b6a2,MC,7f5bb533-20ec-42c8-ab9f-e763222e5a58
541a2296-5643-406b-a7ca-be49facf0442,VISA,8341cbe7-eca2-40d8-a3a8-a49ca5e1e416
4a9c42e6-8d8b-4ee9-ac4c-06c06c9832cd,MC,8210322e-204b-4ddb-acfc-ac2a0d4e6735
7347ab4a-8ece-47d2-91f3-e55d8e6aa53e,VISA,12c889bd-805a-4ad4-b206-aaaf9a3a0c88
cb7f490b-3371-47e2-94f2-89a9644838f3,AmEx,a2229397-7cbb-4aaa-83dc-d543bac8a8a6
4d275f45-6f60-4fdc-b3e1-b29b36df9828,AmEx,fa984abe-16eb-4d69-84b5-616a04009d34
7b446d00-8c62-4439-a769-5b7b23f6876b,VISA,089f5166-ffb0-4a2a-966e-3d3e0b952b3c
9ddb1ef3-a280-4009-82da-ddebeeb4c4ed,VISA,f22dcd34-9f05-40cb-9760-02ba38354fb3
795170e5-1d41-4a09-bb20-1cdc2e118aaf,AmEx,081004ea-b165-474c-bef3-5af57bcc9b06
f3cd262f-b05d-4914-a483-96248ee53c74,MC,97aada9c-75df-4209-82df-6544ac3b6f33
11892bf1-3eee-4f1b-8c82-4a00dc1bfe79,VISA,0f5ab9fd-2bb7-4fcd-93c7-175b2b2dde64
c5afe6c2-dd8b-4ea0-971d-24102731484b,Discover,3ccaebfa-a18f-4842-87fe-d44f15d0eaef
1b3a0060-dcc2-495c-817f-3396ded8b9a5,MC,4c5c448f-7b3b-46b2-9a87-162f5b6b89ac
a8357bfb-7347-404f-879b-97404a336bd6,AmEx,5fda25c3-7bda-4ef0-b0b2-144617283301
9bf4cfaf-c601-47a9-b0b1-3aafbaff242c,AmEx,e15c5a96-13da-4bbd-814e-7e33f4fa1164
edb31c91-2aae-4b17-984f-c4ee07cb5cd4,VISA,813d18cb-24df-4ca1-91c3-4ec6c6ceafb9
e65fd70b-0953-4bfa-81e0-7f9e36eae86a,AmEx,93fbbe75-14b7-489f-b265-ad7400135783
ef554303-94c6-4ea0-b163-c45e82dca7bd,MC,ca28b687-f840-4f48-b079-2f0921107064
d77bd448-1b47-4217-be74-d7b182087ef7,AmEx,e1c9206a-763e-47eb-a96c-aa197a5ae6cc
fed29957-6ad7-4079-97be-ffb729b05461,VISA,dcd6e12a-fe96-4541-a0b5-b26660a41786
c7b12664-5ba8-4fa1-9d6e-796510b015e4,VISA,0b139815-63db-4cb3-90b2-a528608735ac
ba7c1b6f-1081-4aea-9999-91d6a4b8b08c,MC,67dd8f93-4a8e-4f63-b9ec-d877753a34ed
9e186f90-2bef-4a28-a32b-364470acb9d4,VISA,5fd21ef8-83bc-4bd6-b7c0-aabcd76c396f
96a97883-d48c-4785-9d27-32312bb55acb,VISA,c1710c9e-f043-4149-9672-7e976f7ee436
3b0c85eb-279a-41de-8392-92b8c8770820,VISA,395484be-01e5-411d-a6a6-904e84751e51
03038197-6299-4edf-91dc-a8ecc91de116,VISA,ebb2c728-3ba1-45c6-afed-defa609986f9
faa52fc5-8a9d-4b0c-8ca3-5700f48a9894,VISA,4158c46f-19c3-441d-8939-5b0e13f3b5b2
98cd5bee-aaf6-4952-9d77-8d55a9232817,VISA,988ffdf6-e3b8-4352-a5f5-c45052c36ea3
36a1008d-0987-48d1-94ca-a620f3d6e93b,Discover,9314aa16-8d7a-4d34-a2d1-eb9f8917bb6b
5415641c-9017-4482-a07d-58e4e1d32e14,AmEx,f6234bb5-0055-43e2-977b-e70a0f0a876b
b7c4729c-7143-4b18-81e4-a0272fb8a9bf,AmEx,38b9106b-be6d-4202-a509-095fef082ae2
26d9d82f-599a-470a-8c0d-0853b379eb27,PayPal,19df1ecd-28b9-43e6-8e52-68c8035a6271
a36077dd-2705-4996-9fe9-9ae00f715987,Discover,5830ea2c-8328-4551-ae22-3daeadeba145
b9d68d3b-9919-4e9b-af22-8b36c18016a0,AmEx,e750b5f0-c991-4d43-a224-7e3e86af3bc2
bf835df6-36a4-45de-ac18-e479d1de8a84,VISA,20a16436-3bba-4dc8-964b-4879d65fd73e
67cbb8d5-9dc2-4af9-920d-5122aff7414f,Discover,2ddb8052-c776-4cbd-94b8-aa651ef27e26
293937fc-3f60-4497-9092-d95812c7f757,AmEx,fad0187e-fbc9-4af1-8224-53f264235c49
620bac54-17cc-468e-b63d-1ecdded9bddb,VISA,ef22ed36-de23-4810-8f9a-98c12ba4b0a0
eec09990-7fab-4161-8d69-ae4434275391,AmEx,5fa9b7f0-bd3c-465c-aaec-d848a26d49e7
a2f80c0b-8f92-4831-af7f-d453d73c3205,PayPal,30ed252e-f7a7-4b2b-ac19-7e312f66c95e
9c61216d-67ec-489a-bb0e-c313f7060638,VISA,2697984e-7a8e-4e94-a8bd-04d2aef4c664
4d727ab5-0c1f-45d1-898a-ec2210b86ef1,VISA,cfe7b1c5-4ea7-496b-9e11-527ab493ca5e
d719e341-1dfe-41a3-b86d-e338582ddaa2,VISA,81eb75d8-bc42-45d1-951c-b3a597ff4dcb
5723ee70-789b-4f11-8743-9304e4ebe514,VISA,27fc172f-d488-4141-aa88-eddbcd1399a3
9cd1bf0d-fb99-4b7f-a12a-66fe64193fd8,AmEx,1410819a-4d9e-4971-af50-01c45e5c5e3b
7c13796e-6d60-4f0a-bcf9-e8b6d3eebea4,Discover,7cb1e0f2-f654-4843-a80f-7c54cc06a888
45914e03-6d7b-4c93-9d0e-5dfa0e963706,Discover,9b8ca934-528c-46ac-b0e7-cdfcadd6d1da
6912bc2d-56d8-4513-a536-d286c64aec89,PayPal,39a84891-fd91-47c6-88ed-36f7df873916
bb66e113-c0c7-4de9-8b64-3f35166de5ac,PayPal,578bf259-f2f0-4351-a071-c5b6b2615f69
b777a3f4-e827-4d4d-a7ee-f5c8779fbda4,VISA,16eb09b9-7e97-4f95-8a25-83c343804734
17c966da-a9a5-42da-90ec-b2c7f251d344,VISA,64581c85-872c-488a-9fc0-4ecd76b90b52
5de80f01-2b3f-4ac2-b42f-1bda91a21b41,PayPal,13f45666-a20a-4b61-a628-beb4a68c4c22
244e9673-db36-4af0-a73d-2b67bd3c5648,MC,6bd0e03f-8dc3-4c8f-b01d-42959e541397
2f4df300-15df-47b6-9282-f5d014876ba7,VISA,8d1b5bc1-a43b-46e9-a39d-b6b9f9442566
9fb3c777-2e7a-41c7-b091-05e58dbaeb39,VISA,9966f1f5-97bc-461d-b338-42098c8031bb
4cf95c07-a14f-48cd-b47a-04a753b48c11,AmEx,fe1be6bf-78d0-456a-9095-229cf44f8772
c7b70bcc-d76e-4a95-9af1-f0d25034f75a,MC,d1a5b04f-10f8-4cec-bb7d-d0aaf0f02e2f
871fd3d0-31e9-4a70-acd8-eecd8077db35,PayPal,480a93fc-09ac-4416-8f32-c8aba91470f0
61218a0c-054d-40a4-bad1-5001da5c10d7,MC,e8c0741d-415a-4b8b-b410-4263e836f356
f5b13e56-e5cc-4fae-b67a-f12bfd32e6a2,Discover,1a254510-8f43-4ff7-b96c-9c3e44ad9f8e
58c60a98-d5fb-466a-8ddf-e79c5f5b0815,PayPal,0f84738a-c33e-435c-9028-d5368bc2ab1f
331ace2d-9731-475b-8ef7-ecdcc8bdab5c,PayPal,d26062f5-f0c0-451b-aa3c-ca4bd6d973b9
c94ceba4-e1b6-43ad-9577-4a5ea79ca733,VISA,541ce4e2-fabd-4e23-bdc8-6796ce92e692
c4f24620-cde8-4959-9ade-b47a3b8bb5bf,AmEx,32165e07-acb8-49f3-aff3-edecdbfe8aa4
a664190b-b7e4-4e54-9a58-39374971630f,VISA,37f6772d-dbba-4ffb-973f-ac96f74a31f9
55a4c850-4554-4224-8f1f-122632682a68,MC,8cfe810e-3e81-47b6-9094-faf1c4837a38
f5509299-af74-4e2a-bc93-80c5c665acc6,MC,79b4b3fc-2475-400b-b7c8-9aa62b4eae95
168c79a5-1aa4-41fc-98ac-b9f9b676e806,PayPal,4a122633-1146-4df1-8d1a-33bc727c4b12
7e74df02-1526-4b52-a872-783eb5c6d82b,VISA,37e66ab1-8e7c-4f46-a6fd-833b97c98f8e
e8302cd2-96c4-450c-aae2-c92e13cf2c24,MC,a832dc3d-04e3-4a5d-a67e-6c7b1a08508c
4de22d08-352f-4a61-b98d-605c568df2ab,PayPal,293deafd-e2dc-412a-be66-fbd1ca9aeaba
c381e481-7d1c-47bb-8d07-7328472d5c26,VISA,cd82b0ce-7610-4a71-bab6-370189d2b546
0b8b2cc2-d7b0-4b6b-b8ea-922679681505,MC,bf48fbdc-ebfb-44ae-9ab3-012bb1a9efda
59ae820d-cd30-436a-b86b-07bab2ed9fe6,PayPal,9c18ee1b-d437-440f-a75a-aa019a703242
cd663c23-bfc5-43e1-80ac-6fc0890395ce,MC,452c7beb-65e1-4e52-a083-57d72d706427
f4337f5a-a5c2-40b4-b5ef-62b2881cba6b,VISA,0b6ee8b9-dd19-49d6-880f-625233ab2821
62805afe-c7b5-4308-92e3-8c7527068d54,Discover,96a311ea-3ef4-490f-a365-7ff07efc8784
1aa097fd-4eaa-4ceb-b700-97d4642e39c8,VISA,2ebd4ed9-a600-4c0c-8d36-6e64b33fdd86
132bddc8-2eab-4415-ae68-be89e5a076a9,Discover,2b1a946e-514e-4c74-b60c-f5576f0d547b
d40b8b91-866b-442c-8bfe-7b682d878745,VISA,6b672c1a-49c7-410f-8e47-eb1a5b4b83d9
8e49380d-e8f3-4357-b850-ebf714471fbe,PayPal,0af56f7b-68f0-4b04-b46a-e3928447c903
94bdd7e3-0be5-411f-9cc3-89adde23667b,MC,43c6b55b-7ec1-4ea2-8cea-05bc79858429
01bd94f0-0c9e-4c89-8629-926ec3a5424b,AmEx,8c94f917-4e63-44f5-a31b-b9a68de4613f
9f17bf9d-ceab-4f0b-89ac-b819698d8648,MC,790c16c5-4393-490f-8c5b-75a8b89a1071
a7dafb3a-5d1f-48b9-b826-0773b6c68ea1,VISA,7e44c210-54cd-4331-9611-90ff03c2857c
e99c37e5-5260-4871-8868-7f28b0593982,MC,8c2a8376-644a-44d6-b3a9-3a09fd8bc033
666c0251-4478-43d6-be23-5a061701f7dd,VISA,548e0cc0-58c0-4b15-992c-7961d75c5d0a
09ff8e39-17b4-409c-b30f-b7c1283fe25e,VISA,0b54cacc-e153-4a27-81d4-ec5f3e640bae
60a08420-870b-4a24-9687-cc4326e0db56,MC,d631b491-f226-4851-8c91-6e95f73ecba7
bf6ca13b-b2c0-4f11-a73d-84b09c95b2bc,AmEx,13235f69-b597-44ff-b1aa-8497efb8da8b
2e0ee4a2-caa3-41c5-96d9-b54ca92406b8,PayPal,1f0e68f0-374d-47dc-8e87-52f1d5851602
32159836-1d9f-4194-8e76-a99f70a9c54e,PayPal,c9ba94e9-ba0e-4a79-93e5-d7e64572c9ba
f401f7ea-76f1-4299-a5a7-577f3cb51eeb,VISA,45971297-dcb2-44f3-a62b-e7852a368f54
7cf12a49-7b49-4670-8377-dc293df3f6bd,MC,b6dacab7-bc6a-4575-85a4-926ae0a5a778
0d5cde7e-0074-4e45-a2f2-8b1870a24acf,MC,66be3c91-1034-4cc4-bbfb-36cc26ef8c50
4ae4a04d-1efc-43a1-bc7f-478b594bc2e8,MC,ce46364b-9f1b-40fc-85cd-8debed237a63
063814c1-5707-4d5b-a25e-72786c5f8ed7,VISA,8c3e13fc-0810-4a7f-b374-9f1b54a0ad20
a40e850e-f582-449f-aec4-eb23aa1dcaa0,VISA,5a975c54-1ea9-4772-b87e-828b859c0ba6
ef87265f-7e60-447d-8c54-7349a1eb876e,MC,ce0b9c60-56bb-40b0-9034-d119a55202ee
0b14f106-b4a2-4235-a80f-efb470f3eede,MC,7b069334-b54d-4821-b66d-470fa6efc556
ec567df6-ad4a-4835-9138-3987dd7832f7,VISA,5f06542d-7b1f-49c3-ab53-ff50a5c48c1b
e875e26c-033e-4cd3-8438-05aac0060c9f,VISA,18d45527-2e5c-42c8-abd3-ae326792bdfe
bcd34c04-77fe-4fd1-b583-e3a830e6865c,VISA,a2b0b1f4-4d50-4927-baf2-10b42e630d5c
55ba761a-3a90-43a3-9b83-0ed3b88d2185,MC,ac1c79a9-d71f-4ad6-afd7-3253d02d20ae
1b005ebd-54e3-44de-b86d-4e3b3f53a36a,Discover,2d364681-f344-474a-988e-667aa3a6d455
3e1ef9b0-c35f-4807-936e-548ed8fdd54c,MC,eedde674-b60c-4275-a745-f037075eef3a
a3e00a3a-1b62-4b50-aa2d-3aace60192c5,AmEx,1bc96846-2f33-4410-ad59-22216e8b5912
baa1bf00-01c8-4941-8145-1c99ff587275,PayPal,2e98b1c3-7d5f-45ca-bd74-870074e647ec
32de1313-be46-4096-baee-cc38b737bc45,VISA,e4f1306b-a69c-4b18-a125-b1a460570266
526f7375-e066-4cdf-9522-b86f03544bbe,VISA,3683a59a-0ef2-45f6-b57d-464e5d8c3c19
a31e4da0-81c3-42ca-ae66-1a21493b8b0a,VISA,1709703e-2ae3-4c7f-a28a-69b63970cefd
6d1c1ea3-aebc-4e67-9243-52e4ddb4894a,VISA,95b1111e-8280-4dec-b3c9-1c87b9f21e57
fda5eac4-d911-4891-ad8f-29346c798132,VISA,b0643d0e-3fc4-4de9-904f-8d67842b5b7f
405dd033-1e12-4e66-920e-6ca17211115c,MC,bf529947-a276-4a2e-b880-bab9265005ad
a8598cf8-15ec-4005-a008-66dfa869c50a,MC,4ae99c76-096a-44fd-8241-979b92031f79
43109410-6597-4d46-9260-9c3bf899e50a,PayPal,06a92e69-a9c5-461d-ba46-d8d4c2c720c7
aa8e513f-d7a7-4837-bb9d-5b2de66f0f1e,AmEx,3af88951-da6f-49e9-8661-be78bd58d1bf
9cb69fc6-2e0b-428c-843d-07574fa8345b,MC,1545002a-5769-43a8-8282-1a4fa588ac21
70395c6d-c981-41a2-8478-ae068c52a450,VISA,73941deb-59dc-47ea-b444-05e7f2d5aea4
d12027aa-d308-479c-afe4-bef35b57e970,AmEx,af27cda1-3ef9-4e99-83cc-2a593d95428a
db235bae-61a5-4172-8e92-6fde51ee2db1,VISA,da5efd51-ebfa-443d-acb7-2eb79c5a45ac
4d074a08-e911-4a2c-9a60-35541fc9c4f5,MC,f86669d0-bb52-4a46-9a13-be8b954d0295
afd9a01b-4bbf-474c-a29e-3f995cbfb099,PayPal,aba90e50-ad5e-493c-b1de-42caae7f4c6f
8b0d39d9-8b74-475e-9353-e0f5cad4b8d3,MC,261931d1-7d13-4137-8e7b-8779da9b149b
934d0136-407c-42fe-9867-b814629eb06f,AmEx,457bc392-a6fa-4f28-af0e-33cf05247555
d2497f9f-9522-4c62-a738-821f8e027201,Discover,0aa95ccb-eb4d-4eab-a1c6-4b98633e0a5e
8274f00c-9311-46c6-97ca-cb80a3202289,MC,3086d094-28a7-4fd1-804a-c32a9ecc43a4
57fde383-acdf-457f-878a-72059c3d51a1,VISA,e8f63803-4038-4c2f-838c-c878490e7cba
17cc1d16-36f7-4dd3-87ba-083f8e965486,AmEx,2a60823e-5b7e-4525-a753-5ab05eaea59d
439bcddb-72db-4b98-981b-faa26ab52d27,MC,a6632964-d39e-45f8-9968-0bc420b93748
cc2bd62d-0873-45d8-b6ed-7a3b783c49c4,AmEx,93bd705f-9523-4fe8-af9f-6bde3f2b6256
c51001c7-8bf9-4346-a8d3-ab6f18edc7c7,Discover,40faa236-4ab4-41a5-a677-7712a6bf1a13
b777506a-8a5f-4614-a793-5385b9b3d7d0,VISA,12ec09ce-a52e-4cad-9c86-bdef2d6055ac
834adb07-eb0f-4103-9630-c15253049070,MC,a3beda36-f58c-4c99-a3fe-38a7bdf5f7b8
f6f00f24-b3e8-4cb9-8948-9ea9f3c5171d,PayPal,ff79185b-698d-46b9-a78a-af0505256125
e648d1bc-66c4-436f-b54b-56da7f00ce70,Discover,a57b8806-ba98-4b66-9063-85fd4a4f6b13
9301edf5-f5ae-497f-98ca-a1be41ae7d2e,VISA,44a5f204-e73c-41b8-a28f-e0f68cf2d391
a93ec1ba-e312-4197-a24f-ce7054b18a13,VISA,1346ea31-51d9-4070-b162-1be2e4f4571d
c34b517b-a7e0-458e-b25b-14dea6083572,VISA,810a95fc-5cc7-4a0d-b24e-c054d6f4f67f
35e6b9d0-321e-41f6-8488-44a5dc9648d6,PayPal,4cfda5bb-6e4b-4582-b276-3da11ddb04f8
adb1472f-6f20-468d-9e23-3971e545e3ea,MC,12e06f37-ceaa-445d-9d25-feb1a9a60660
a31b4b83-d56a-4d20-b2c7-df6e3ea7fa4e,AmEx,f4892135-ccfa-4ac2-b94e-c7def7a84a36
631c0db2-f5df-4313-9d8c-4848ecbeb499,PayPal,900a6c36-819c-4027-a9c4-cab625bc7c4e
29872083-3e5e-491b-9ddb-865b3cb8ac39,MC,415b5fee-c208-4377-83b2-d862a07f0c47
71f7a395-a1f8-4b98-92b9-034e474c7194,AmEx,42f2ab5d-1ec8-4cb0-9341-b39a68a7c7a3
041fe40c-6443-4915-9146-37d49e686839,MC,0dd1c66f-fd4f-4401-bd09-f914729765f8
03efc356-73ae-4dfe-876f-148c41a90cf4,Discover,67ddf0c9-4b24-48a8-826f-6610c4a58123
c3801156-a70e-4799-b760-2a46b9af5ab6,VISA,4c835d66-784a-4b28-bfe7-86e66552f51c
d1892ac1-5c06-4f88-83d2-916c423b4dc6,VISA,04234a39-ff47-4aa0-a26b-50d0d2288c0a
d4a433c8-cb58-4386-a50e-620796b4c43b,MC,40b0d2bf-b337-40ce-a13c-6f68c58ed2a8
8d0af9b7-3a57-41fe-be65-d88780107593,MC,514bf871-348c-4c4b-9ade-0b837af11581
fba47012-3122-447c-882b-9b5aeaa378f3,PayPal,15f5aca1-9818-434a-809c-5f435c1bd256
fd241cd5-c9aa-4941-8dfb-9491341f74bc,AmEx,8b0b4b98-eb18-45ae-a11d-387468fea0a2
c448afef-261d-4d97-bcf5-9d69ade187a8,Discover,87d1ada7-334d-45da-b76a-54f6abf418cb
7f8e59b4-c306-4cdc-9961-a1f62c11c4a1,AmEx,c775bcd4-2f9c-457f-9bea-c86e12300e5b
fbcd27ad-edde-4d39-9fa6-5371c928509b,Discover,6cc88d53-8d6b-45e0-826a-b3266a155545
657d5d8d-43f9-432d-9bb1-237222698d5d,PayPal,1bada6f4-aadb-43c5-8036-e0623efe95e1
c95eb98c-1b07-4dde-8ca3-e50552bb0507,MC,317b7a6d-df29-4148-947b-a7e7ee2806c3
348e746e-f838-44f9-8529-1561a890d3bc,AmEx,178c6e3e-3acc-4af2-befd-4ecf215fc09a
14a249fa-bad3-428e-bd07-0606c0119b1c,Discover,ca96a900-eef4-4a64-83d2-d4e16c59ecfc
549b54b6-933d-40fe-adf3-afb670bf1d0d,VISA,be2c64b5-94b5-419c-8871-4486ab663f17
f184afa1-d8c2-4045-8785-911cc9f0fa25,AmEx,7c82156c-3ad4-495a-8379-54543603b096
8cf07b8d-00ab-42cd-a131-3afa0ab2da49,MC,32dfd99a-fcd9-4259-bbbe-4b718b2fb93f
6c285c56-d17e-4049-9ba3-577e8ef23c39,VISA,8c8b62c3-3aa3-4eb5-a202-ef10a9bd064a
b7006bf6-2464-40a0-a378-3ab099e265e8,VISA,bf2c0d22-c7e3-412a-ad94-f9de0e9c46f6
b7aaf228-500b-4e03-ab47-e42a0a3c20be,VISA,1e27285b-c55d-4ad6-b67c-c21c8f48a3bb
76a42718-cab0-475b-98b2-0edd93d26016,MC,6c83356a-ae6f-4ab6-8743-3173efcf8bbb
28d84223-1632-4ec4-b191-0220067c2622,Discover,cac1181b-b348-476e-9664-af5f417c6420
577d7e10-dfa2-49ea-9fb2-b159c0d677fb,VISA,5b51cd26-c717-4f0e-909a-7cc5217eddd9
8fb8e93e-7d06-4db2-8259-c5d279573cea,VISA,67196740-1787-47bb-ab0d-277eed7564b7
435cc5f7-1d6b-4429-8c2f-aff8fff8d397,AmEx,d0baf21d-bb29-4ef0-bd45-823f684bec9b
9d93ebf7-a00b-403f-89df-a215d130e1c2,MC,a2d4a031-a6ee-4e36-99c5-5fbc781a3eac
e070828c-a3c2-427b-9992-d4ab0b59e554,MC,5b6b8340-3e28-4956-815c-3737017812b1
6d4e5c51-f812-4107-a5b6-aec887c1850b,MC,c9fa3902-f7e2-47fd-b7a3-6b6acb595fac
75fad7cd-c9a7-47a8-94c1-a37e14bcbfce,MC,9c4da95f-f154-4d34-bb4c-0c9bcc080bf3
96a4872f-aed5-445a-8fb4-5db3e89099d9,Discover,121daad3-7e91-4416-8ad9-647626000cd5
cb6fb2f9-82f0-4bc6-a680-7638eed0e71e,AmEx,cd24c6c3-0a02-4750-b285-4be2595fce77
57026163-4c7f-4d4b-85a8-5e08783b1f1b,VISA,48130bb7-8ca5-4092-9e1f-b1046338d078
35f8a629-f318-484a-862e-bff7454d9dae,VISA,9fc2d6d7-5b04-4e22-bdbc-bc77b72105de
67f634d7-af8f-4ce7-9f37-ff43408235aa,VISA,50f455c7-26ab-4ec8-aa2b-2064d6db11b3
140d6807-20f4-4928-a1cb-8d39ec0fc658,VISA,b02a9974-e57f-420b-98c5-485520254aa3
2bcf4010-b206-44fb-9129-7d54c4bccd11,MC,b658d78a-16a8-40f0-aa92-eb41ae8a8209
a0c2cb90-bb42-4463-adb6-418d063f7b40,VISA,c467101a-3460-4823-af30-aff5e9d33ac4
5e9135d0-5d87-4b23-acd4-8bcd4cd37f33,VISA,0ca2a188-32c8-45dd-b462-1f86aeea2b7a
7f98513c-ace5-40ee-9ca8-227df9ee0f18,Discover,a9041c29-8d4d-4949-ad6e-7b1882133a9e
b67741d7-3d9c-4ac3-a652-77248432494a,Discover,fe6271f7-d393-4df2-ab87-1613eb9cacc2
63385b9e-ff0b-444f-96d0-9794e33edc71,MC,604a9ed1-80fc-43ab-9b95-257c93dbaa16
4114b0a9-48d3-493f-bcf6-f5a9cfab74dd,PayPal,c473faf3-a30d-4c84-8971-add203cf5ca8
c12264d8-4b62-4186-bb87-aee7380c894d,MC,a1a0ab90-475b-4ca0-a7ed-3d3eacf872f2
0860a098-678a-4e86-b134-c65468fea864,AmEx,8e582b0f-5b93-4e45-be09-25a2f106f236
362263a7-ae3e-4a3a-864d-998174bd99eb,VISA,86f189d7-28fa-44b7-b8ba-91621a82c52e
25e11e91-f471-4b64-a153-5c29dc28079d,VISA,72521348-d84a-421c-ab66-a4fe023bfef8
94c437ba-cf4c-459e-b633-f46df6e6fcb5,MC,52b26458-3a88-4cc2-b6cb-a91047c961a8
31f03e2b-e4cf-45aa-a589-836ec85f116a,Discover,6083ab7f-458f-4e58-ba76-f7f84dbb531b
2f44e227-38f2-4266-b5f8-6868b9d132ab,VISA,fe5b8745-fa2e-40da-8f97-beebb56cfc7d
788aaf60-4a05-414b-afef-ac747d59213f,Discover,e4ac1144-ae3d-45a5-ba69-0387fd250533
9badc4e7-c7e1-4bff-ac5e-98e27d959a68,MC,4366d163-d504-41e0-81fb-851b242b3473
2d203dee-793d-4df4-bf3d-1fe7402f1b1f,VISA,d93c59a6-4973-45da-8eb9-2c5a3e3c17e4
a57d6853-8866-4661-9214-eb816bc6a37c,VISA,66848c8c-3512-46db-b5ae-fe6b4b6d1900
e94bb8e3-114c-4c90-bdeb-83732752ae12,VISA,e7baddfd-c680-4cf3-98ff-e6e78f232dc1
2b5e52f7-7543-411a-9ef1-3cc939b5237a,PayPal,8dc55144-8788-487a-884d-1dd6059fadc2
873a67e9-91c0-490c-86c6-c1b9f9384973,VISA,7ca298c7-3bec-4a2b-b601-12caf7129d6f
46171823-eb20-4df4-b74d-029e933f7d6f,AmEx,bbbefc78-db16-4c60-b586-97778cf18188
284f65f5-6213-445e-985b-c2adfed770c1,MC,cff2cbdd-d500-4e14-a801-73ea589977bc
0072e799-c78a-4625-b772-f74171c191f6,VISA,f41e2d81-1ed1-4618-9442-0415964ee11b
b9918646-f6c0-4911-9b85-406cc0cc5b52,MC,961930e7-5a65-4ae6-a2d5-a8e9b3198c28
2e04b1a2-59f2-414b-b5cb-d6da2177acf0,MC,468c8e8f-3df6-4f14-a1d9-07be075d9a1b
fcd97ae2-aae4-48a8-b0eb-cf46f9c45029,AmEx,67c4d2c5-c5e1-4471-abf0-0210c790cab1
32fd58ae-5914-4901-a27b-a1dd90313de5,AmEx,de2fd912-fbc9-4d90-8b68-fb971d4c0a64
dbe5a3b4-d453-417e-b095-3610c28766bf,MC,69fc2100-6d55-49c6-a510-ee0085e2d07b
ffd3b1bb-bb08-4998-b8c0-0c85cf9b6820,PayPal,6206e8f7-d08d-4721-8506-fb71cdc6d869
7b24f271-6682-4e0a-9729-fa5f7933f338,MC,fe85dc36-85c0-4f3b-b1b0-382d44049736
284e81c5-0927-43fa-a7b8-2fd4f67112de,VISA,75852119-c397-45d1-a6f9-9f03d9b02562
5a0e99bc-20ea-44f9-b1df-06f89f407cb9,MC,fb0ea9f9-09bf-4954-a2e3-00bffa88eed3
d4438904-fd2a-4665-9866-3ae6ea8f51a9,MC,ec056e59-57bc-4d1a-ae67-73d33e79064c
f57d4bcf-3fd6-4785-96ea-1b945434320a,MC,51d137fd-8ff7-4c10-98a4-a72bfa7069e1
a3c7a6b3-b918-45b4-bd33-e653dcdca196,PayPal,74eb1e88-cdd0-4ef4-825b-1176305f5d11
27406df7-4d97-4c3e-b669-8bc51b885e3e,Discover,0e03ce5c-ee4d-4dcc-a6a3-91c928f857b7
46f34115-deae-49c1-a86b-495b87e65c4e,VISA,fbe723b7-c782-4a37-baff-98ce016e8960
fa23fa8b-cb96-4826-89a5-6772dc88ff59,VISA,a9a7ffc4-aa04-4622-8537-636fa7fbc60b
79e609c3-fb40-4827-b93d-9e001b4a8a7d,MC,c126c3ee-a84f-47e8-92f9-62e2aa7c3e7b
6ee0c316-29e8-40fa-8984-7af72fe356f1,MC,7b43baa2-bde9-4d3e-adca-527c7c6ba964
f71b24a5-872b-4680-bd7b-87a93fd4e0cd,PayPal,c837530c-7550-4986-a62d-7e06739ab65c
c39e06b3-7b3c-4cd2-a1b9-346858474b65,VISA,7367f10b-f94c-425b-88d8-75c0cff7270a
2e83bc2d-3751-4513-b33a-f9045f0082aa,VISA,a920ccf1-cd2c-447f-a1b3-d6e8edf3a938
a4b5acf3-876b-43c1-8158-0d747c8f7281,MC,306aa615-4b15-46fa-a48f-9c5c03c017af
3618cc3e-b5f3-42fe-b1cf-bc962f759bd0,VISA,74254559-2232-4354-9c54-ad1ffb6b9825
e95c1737-d049-4d7b-8ce2-48ed4936122b,VISA,0f83d381-f988-41df-b7ad-d53c6dd4fb90
0c4cd1d4-c070-44e7-99a7-884aff241533,AmEx,4525b387-ae86-4651-a07a-3761f0cbe4ea
ef46c1b6-cb8a-4d4d-8335-aa82e55f4722,VISA,41cae1bc-73d9-4bda-ae70-ffba67716b1f
934433dd-b7dc-4cf2-90cc-769922642db5,Discover,9802cfe9-528b-48fa-b4f2-c24b5c705ad0
ab686be0-563f-403e-b99f-5bdf51b6b721,VISA,1ba9ac63-a0d1-47a7-ac27-92b89c3b4c10
be3f1ebf-1c1b-4b91-8b35-e13539d25af3,VISA,d42c11c2-01c9-4c8a-805a-61fe2f3d3fe5
6f64f102-a5aa-431f-8b99-8237795ba493,MC,6aac4eb9-c130-4228-990f-4f61d5ac9ef9
7ca7423c-4bf8-42f8-a425-4a23c7b94803,MC,2dd02488-3570-48d3-8561-6fa2bd359f11
1b93e802-da6c-4ad3-a4ff-858089d96c5d,AmEx,c3c8f5ff-61eb-479d-9689-bdc269349d8b
45944917-4d0e-480c-9832-18723a4205aa,Discover,b56a5b7d-f96d-4a34-9c3f-b7ffbed47f1b
e6488bdd-8d2a-4372-acae-ae822c91b21e,Discover,9f133b04-f2ce-4c0e-bb30-146b19c4bf30
421d31b2-495f-4cd1-8011-a94f35a9c886,Discover,aa4cbb3f-df77-4037-9330-9d4b76a37f08
b2c3c73c-e6f6-4fff-9eb2-d396d7876374,Discover,6846b9fe-3763-4375-9434-5fc454d20bf3
2ea79e3a-d8dc-42c5-bf72-79c6bbc00489,AmEx,eb39b002-74ce-4f91-9be4-e7727937c22f
37778244-2ccc-444d-a4bf-d8cb17d5ed2a,VISA,23c3d5c2-f31a-46ce-82b9-3cf8a70cb9e9
5981777b-e1a1-42d1-9720-c76f09159820,PayPal,17e5656a-471f-4396-b0cd-3f23934bc77e
56baee66-dfe0-46ca-aac4-e307fe1e67a3,PayPal,ba5871de-66e6-4bfa-957b-5ec16cf764b9
bf3e38ff-8de0-41de-93ab-261818d8c203,AmEx,94f43b4d-5c99-42ff-a1f9-6891fd671f20
7662192d-c6a5-4fab-aa89-462dd94de8c7,PayPal,1ff183ab-449c-4064-8065-376888ebbdc1
fef5fccd-1ec2-4f73-9073-2142f5622c3d,MC,c052b0fc-60c0-431d-9d67-de18fe420813
2f0df3e1-c1da-438a-8e7c-b4bf5f67de39,MC,28606eb7-3af6-4ba6-be64-97eb1c552468
cd57fe55-e360-4ca9-9120-07a1216605c4,PayPal,ff650d37-d659-4df2-bfda-98c194e4ecd4
fc5a2006-9ef7-44b2-bc53-881e5a2bf732,VISA,9a33ef17-26d6-422e-8121-3cc9dcade00a
2ad11452-10db-49bd-a75a-9eb8ae593319,PayPal,179fb4af-babd-4e9f-bbf2-59614aeeb44d
8137cf2c-a25b-4ba8-ad3e-9cb324b7d6d6,Discover,171ccdfc-8605-4455-bf59-97fb00318617
a5c90e75-5707-4b26-aa2a-e66ab8783501,VISA,5084ae47-6889-4f4e-96c3-484e26e7616a
1f5b86e8-1708-4b0b-8de1-c1a66404b1a1,MC,f462c255-e2e4-4bae-addb-3b039b62bd76
b5786ee3-bc28-41c5-8c82-f4d159b8f1f2,AmEx,e9624d1d-6fb0-4c74-ae0c-a3e778bad2d9
3595823e-0ec2-4df1-833f-f8a4585da8b0,Discover,99a3c005-0d1c-4a97-9bbd-8f243356aaf7
d9b1a9d1-de7c-426a-9353-164e9f1665d6,VISA,1ff29fb5-e2fe-4a67-9325-879a894b93a8
c56d2ff0-e09c-4d3f-a94b-70c8f7cfacbe,PayPal,25daad3f-6e85-4496-ac0f-75c229ed548c
72db3936-5623-4ce3-bcc2-cd3ddd9b2f55,Discover,bc674055-061e-4bde-a679-3c3c306e3c44
aba3087e-77a4-4cba-8873-929081350957,MC,6f47db41-bab4-42ab-9cad-0baaa079feef
fa178018-3f86-4ea0-9214-c2102314792c,VISA,fafb6ee6-ce03-4459-bf91-29c642ae76bd
84e0ba91-42f6-4b7b-ada2-d2080fd59bc6,VISA,e148d502-042d-48cf-85bc-441207882aec
af5c3cd7-1c5d-4c8a-87bc-954d3f63a3a8,MC,38234305-acf0-4ec7-9e2b-6b79f78c8987
5504161d-f6de-4a63-95bb-181202e5ee11,VISA,4bad866d-ea80-4fda-8387-229a650a0be9
9f24d437-ce07-4c56-a008-f5a29c32cf5c,VISA,3e285af5-5b51-44ff-b678-9b3263f40c56
0da1a49b-4934-442f-9adb-a603e0c884ee,VISA,1de14343-05ca-4cd7-943b-54149b397d10
87cd13f5-8c5f-439d-b32e-a49439bf212d,Discover,83d4648c-d2f1-471c-88c6-e4063c6204a3
d335e605-99dc-4098-8bbe-e74e75244bd4,VISA,69c0b522-f8ae-4f73-a386-ed33217fc047
b78213c3-b33e-4484-9489-f81984633e41,MC,dd479fe1-20a6-4dee-995a-94b0bdf29a2b
64a94ffd-c14b-49f5-be11-19e24e222606,Discover,9d6e6631-6322-4424-beb5-ebca6f734006
2650e53b-dee2-4246-af4e-cd482d6ebd5c,VISA,0b648ce2-a8ce-4cdd-b721-1a1d200fcdfb
adda0ac2-0606-4f34-8752-9808d0d41aff,AmEx,5cf7ca9c-464e-4911-a2c6-bddbf2d62ef0
8198804b-26eb-4de2-aa8c-1de85b2b0f29,MC,e7753c35-8bdf-4f62-a4f2-8dc1f9522dc3
50904f36-2247-4f55-8a38-78d792be1829,AmEx,9fde2a30-56de-44f1-81a9-21be973b1b72
ceffb853-5cb0-4e18-a91c-5a293e2be259,AmEx,3b28ba5e-968c-4502-ad29-0cf8d4ac6d9e
0bc81075-2a7e-4e5c-bb94-cafba0ca8459,VISA,3c9661ce-6a41-4daa-868c-62de08720e99
c26f0118-a2d6-4a96-9835-8f953d878c9f,MC,79855fd2-9f36-4099-98fe-acbe2b5cf1d1
13113733-fc10-4493-947b-28a91be57bc9,MC,cfcd6419-d9c0-4fbb-98bf-6e429c261b0e
bd61bf47-93e0-4a17-92c1-2182e28ef3d9,Discover,cce868c5-bf7d-4c81-9c29-f822446471ed
273c0490-947b-4c7e-90ac-73973485d67f,MC,9e3ee350-a6c8-4591-a4b7-7cf67d05d95b
e591b81a-98d4-4b82-b3e5-3f2598cfe928,PayPal,b38d2d01-9109-4d63-84bd-b736357dc4ca
a9e9d04f-a5e2-40e9-8dd5-35b8c6d34794,VISA,01b9a84f-8446-472f-8aa1-40dc34cb464c
a6bf0192-228b-4a57-af25-7ae0f1deec12,MC,99ce47f4-2dce-4974-bda7-2e4205266177
c764644a-e0fa-4766-80ad-8650ecf14b12,MC,06a4ec4e-cf57-4c28-b481-0d2b1a5114ad
fd6ab50c-4ec8-4bb3-8cde-cb4719b0d599,Discover,c9a5a02b-e6c8-4188-aae6-41fd54df5088
d0736d57-b350-4d59-93bf-bd5e60b4a0c4,MC,a7e9d5ba-2497-4846-8c31-9c4d9b5398a2
bd44b434-9fab-40ae-884b-69d5306208e1,AmEx,73cb2fed-a8f6-4b9b-9607-9429bcd832db
4513ce38-f8ad-45d0-8a32-16727bde855b,PayPal,d5de8e32-cde2-48c6-b006-f746ad6cea3f
aded7d57-e8bf-433d-a2c2-b8705f4b156f,Discover,a633d9b0-95fc-4d5a-bd58-9dc27de7adcf
0b47adce-f82a-498f-87e4-b78f77aaf4be,VISA,6be9eb05-3a84-4522-acb2-a611326a721e
d0aab19c-3850-43eb-806d-3f60d32c5d7d,VISA,1ccf2f55-c146-4eb7-a958-8d4b6a58015d
28567087-e7d3-4679-9860-b742a59a4fd6,MC,6f9d8a41-dab7-46b7-a8b9-2d58f7366cd4
fc1a4b76-6911-4500-aacf-5ec41e16ce41,PayPal,6e7fe315-acd4-4dc1-9ebc-743f738e7435
66c84f9c-4860-4a64-bbdb-6c7fa673d31a,PayPal,c7d69d54-7d47-4620-b150-6c3707a0c14f
be098d51-a5e7-45d5-a8c6-011cfa367aa1,MC,27ee6158-d4b4-43e7-b03f-70ad8732a22b
4dc004dc-8661-44c4-84d0-0c4977191843,Discover,13b93879-c5d3-443a-9c90-308ce92eb0a9
db8f9eb9-9edb-4c38-a209-aebfbf041a54,Discover,885db8ef-d135-43bc-ac62-5535e61bec17
9608a268-1fc8-4f29-b1bc-a0729495d830,Discover,b732ade0-c8d6-4f08-b66f-d1c0fd6ea961
c4252cee-b2ef-46d9-8f0a-e207de312d43,MC,868cfac8-269a-4099-9075-c74803670d78
dc1ea55b-f706-4368-8756-e7a008e3f198,Discover,55c1bc30-9899-45c6-9d51-d24d7e83f21b
c1618a06-b917-438b-b071-cd5c6745054f,AmEx,4f299006-c768-48a4-b9b7-fd65d3254944
faf3ec19-310b-4010-8b97-c8a69f4f9ed7,MC,76ab06a6-b23c-461e-a276-35d7ef51b38d
dbc1110c-c5bf-47a8-9b93-8c9c35a111b4,MC,165367e8-d9db-4bbd-9c29-8afb66e74c8a
636c5da5-c569-47e5-b63e-fe60ebe01513,VISA,0a68f3c6-a984-4a97-bc6c-fbcbd8c15d36
c837b19f-fd4c-43e3-a30c-1ab1068de266,VISA,7ecf456c-fa5c-48cc-bce3-a7245f6f94f7
4acf5726-9748-476a-b247-d19e5a28b01b,AmEx,dbd2f3e1-8576-40f8-b724-26ba86e0f3a5
bc175582-b3f4-4976-854f-d062ac4f56f8,MC,4d00fdf0-5f70-4071-8214-e9af2626ea15
c5a78181-45dc-4052-965f-877539cd8727,MC,7961f7ae-395c-4cef-80f5-0a2281052549
4e7cade7-1c06-49db-a889-9956a41c5423,MC,c6f0a3ec-54f4-47c2-9ad9-f6eb9f70d958
0de93e92-01ca-4c5e-af3a-590d8a3a342c,VISA,e37289ab-b765-4e5c-a82f-fe72441f5a04
e17f95e7-6966-4d36-b137-d06702a276c6,MC,f564aec9-4c82-483e-9086-3a0a396f94a5
a4780be5-9715-4e53-9f86-865a95ef5f4f,VISA,afd154b5-8ffd-423b-a6bb-c930b88b7593
343da77d-25d7-490c-ad67-d824094ed829,MC,67774aec-711c-4c8e-8e60-b4116563b2c7
ca6bbebf-d950-40cb-81ee-6a819de1f2cd,VISA,f0b3e49d-300c-41d2-904c-00ee263edaf3
8dfa921e-260d-4d06-b6f6-e1e77a996492,VISA,b86df368-e612-47a6-b708-517b89b8cc7f
f9e05879-15d3-496e-acda-107956eb3113,VISA,df99838a-0f29-4cd0-b7a2-498028ea2f5d
8e47357c-d9b4-4e99-aff0-2a51691268d8,VISA,d4159bd1-e8ed-4acf-ac71-5b9aa52b877e
ed1ba299-81e3-4c70-8bf9-0adda140d7a6,AmEx,fa673a20-ba30-4695-8182-d6945e2b0309
6b7a1171-5b43-48b9-ab2c-8f5b04cfe7ea,MC,5e5a89ce-d5a9-4325-8f5b-da6150f9c445
539a8e5e-2145-453a-bb78-6f317712c328,PayPal,399dc37e-49b6-4959-8495-2d108882c0a2
a884862a-ee26-4e9f-b3b4-8459ffcf4fe6,VISA,a24e1352-8f95-4373-84f6-fd4eebf694a1
84dbaff2-dd74-4de1-b1ed-c5fca0970e24,Discover,aa309522-6a13-4ff2-b635-7744243b0bb4
22aef26c-43fe-4678-971d-6f18d62e3a9f,VISA,c3059532-608b-479f-b74a-ea81db22353a
794adc0d-39f3-485a-a7c4-da92de7df690,VISA,39d3c13e-2265-4349-9200-32d41cdf5673
2e066c33-7641-446a-9d9a-f3fdccb43446,PayPal,ea330505-c139-4255-bbad-d6f00dc76461
1d1aae2c-71e1-4365-893c-e5bb0fa82057,Discover,5efece5e-bb15-4e28-91fa-7f1dfa46dceb
33fb3c32-ff34-449c-a504-7d6af7ab50c8,MC,b7ba7849-fb1b-4b30-8040-63fe9d23661b
8e4f41c6-7f68-4737-96c8-d1cdaeddeadc,VISA,b5c9a018-290f-4e3a-9a5c-4da738d562d9
0abc7df0-be4e-4cc1-8f33-3dba17f7e66b,Discover,5e853d2a-a601-45c6-b582-cdaf392cd421
986f0ccb-c11b-4aa1-bcde-5c7a83c71028,MC,1c0914f5-66c9-42cb-bec4-97fc76679320
7170a7d1-aeb9-445e-8551-7a30297eb431,PayPal,4496f2bc-2b1d-4380-86ea-e8398358903c
d5d7014e-4153-4cff-abe0-45f597a7feac,Discover,e8ec5246-2e71-46ac-b8c7-3939d6ba1450
fc5ae088-43c6-4dcb-b37c-87d3a5c22cf3,VISA,0e464154-bcbc-4fb1-bf2e-f32a9db3b0e4
d0ec69b3-b6bb-423d-b799-64e7d39c01f2,PayPal,d9c8f87d-5b41-4521-94cd-21f715b51f24
cf1b3dc7-5084-40ab-9257-26f5cb7dccd6,MC,deb73ef2-9107-4c17-94b3-d05bd0f9cf56
6cd4b262-40d0-4085-9f96-d825932db85e,Discover,2665a16c-fe98-41bf-a91c-a7d32de818f8
4251bf72-f997-420b-9022-c43bdc857b29,AmEx,b4d93ad8-e297-490e-b5e7-4e82f86f9ba8
7a9e9f72-f9d2-4667-9561-56dcf68d0b18,AmEx,9d42490d-c50f-475a-bf67-e369e12f1e30
0f1b045a-bc7d-46ad-894a-790f60216bf0,VISA,ba19a722-cdae-4d80-841b-0d37039dc803
e929ed99-5d4d-4911-b2d6-7b85a493a6de,VISA,a691bcea-cb17-46c2-b1f8-9d3a5ff8dfdd
816fed94-dc4d-447a-919f-1a10dfe1c3e0,VISA,561fbbe6-5468-4d5f-974c-02fb1e33c521
74631b00-6e87-4bf2-b410-0239ed51ee7b,VISA,ba567bb7-2a94-417f-bfec-a24d3e81b3ef
9d5a583e-aa11-4327-b528-1e6565680209,MC,8c356f1e-c023-49d7-8f00-98dd9dad7ab1
54cd29bf-3f06-4475-a3f5-7b12eda1274e,VISA,53d7b3c6-d835-40c3-8a7b-ab24c821262e
56a1d0e0-2815-4719-9455-af915b1f3a73,MC,c750a7c2-40b7-4263-86f7-5c1bd0363389
4a9ad04f-8f8b-49b1-9974-f9452f127b3b,PayPal,02bdb128-2223-4c34-8070-83ba150b9004
4986168c-e392-4071-b50d-d4869401ca31,MC,c490d4b8-1f15-462d-8359-20db71bea789
f2abfad1-77e8-4918-95f0-28f8ae38b83b,PayPal,f23f3174-cdcb-408c-a4be-edc09d555fd7
dea68bd5-3ca3-4ebf-b141-7054ccd977e4,AmEx,19e12d9d-0ff0-49a1-9a37-55bb069a5da4
251d9973-0343-4807-ab84-8617f839684a,VISA,998ee610-2baf-4369-a68e-b6f377e29465
7bb7e009-0b47-4d41-af1f-a4be56e3d9ec,MC,67ad1185-bc30-4dcb-bdcf-7a72d75b3393
eaf191b1-0bcb-498d-abbf-d9a8dae0caa1,VISA,f064c2b1-93ee-4cc9-91e2-664fc8a6ba24
44da1b57-40eb-4be8-9c79-e9cdd5ce8bae,MC,4633febd-6711-403e-afa5-edce3f6b7e18
01111d23-138d-49e1-90a6-86685410c032,Discover,a54b8564-4076-4a66-8141-ad6a6c239c84
d4add854-76e8-41a0-8dcc-f21d0bfd140c,MC,a7cf430d-8ff7-4c18-be58-78edc42c7854
44c902e0-64b6-42cf-b71a-3e39e0ab2120,Discover,52bf23ef-623b-4c5c-a49c-25b69bfa821b
493811ba-9e8b-4106-a18f-74833319869e,MC,2cea7b18-9457-4833-9a00-da27af619140
1227763e-8a72-49a5-89ec-5591cad87542,PayPal,2e487216-7332-4251-83e1-6da3c9856828
d2c46e77-7748-41f2-ac17-a9adf4a9fcac,VISA,292526fd-f24b-46aa-8fb3-74af5c6d7575
f45bbd9c-7fdb-4360-9346-6eb73ccd03c9,MC,c6e66dcd-a45c-4b16-9c67-c0bcfbe7cb86
f77d9ddf-6d25-4732-bbc4-d257e37839a3,VISA,9051c407-f883-499e-a1b1-42fc330e3972
106ab214-f61f-42d7-86d1-e96b3af1145b,MC,8841964e-b1f6-4d76-a6cf-b82fedd0493e
c5872b83-b98e-4fdd-ab3a-94b251ed7434,Discover,fb744b1d-041f-41d6-bc8f-985bd1d0719e
db6441e7-b3e0-4f7a-ad82-422fc27e8720,MC,b0e9b305-b008-4565-9ccf-b4eace199b9d
f71a212f-ab26-4964-b431-abc7b17545ae,VISA,cca54308-8424-4962-8fd9-28eb748d56e2
ef6cd74d-3382-4506-8111-758606eddeb6,MC,3b474809-9332-4bd3-a1a3-ec16ad8bc517
11bc41d4-451a-426a-89dd-281ad692186d,AmEx,46d9c98e-2cd5-424b-b88d-c97bf0d6d312
4a1d95fd-5ead-416b-8502-8fe3d1b027df,MC,5d48a784-30dc-4d07-a009-c6666c99e01e
fc1742d8-c807-425b-bcbc-289df1accd3b,VISA,8fdc29c8-57e1-477f-876b-3a8b787a920a
73999188-37c7-48e8-811c-089fa21a951f,VISA,754989e9-183c-4392-9772-35e2903696d0
0c40d0c0-507e-4f29-a6c4-93f8022599e7,PayPal,237af682-7153-4c3a-bc45-fd3f1e4ce2b8
5e504137-c34e-4316-ad1f-19faa580c7eb,VISA,bc70dede-a103-4b47-8614-a865769c371f
b09dc6e3-86eb-4990-bc97-2732c91b2ccb,VISA,23fa758d-f62f-4b57-83a9-5a98aab9d851
65eb4450-d0b3-4428-a9d3-e97b0e3755fb,VISA,5c30907c-c7e6-4074-89ad-2c6920d0281d
077a88c7-c039-4517-ba8b-196030082d75,AmEx,d83fdff3-959f-4c90-b042-d6f9c8972df9
2792d6d1-3ab3-44d6-8862-71c858f05078,MC,018429ec-504a-4bc7-85bb-9233597cd0ba
d0c566c1-2e72-4890-aa58-a762f0f3b75c,Discover,d81e75e7-6fb1-422b-8091-77fb76c9acbb
29acb89c-3893-49ec-b286-4a457fdef18e,Discover,68148b9e-e650-447b-8df0-ba58029fd371
01de8d47-c449-476d-b585-be0329b670d7,VISA,2b716b1d-6c5e-402f-88dd-d1c3b6d1ac5e
41d4cd6a-1e7e-4f0b-9495-1fd00c143eec,MC,cafc5416-46f4-451d-9e33-2f042e1f3e5c
318dd861-4e89-49f6-864d-3331ec840b4b,MC,14e02ec9-c272-4bee-b870-f1b0d1dd7375
a9bc5aa9-83bc-4d4a-a1d3-b263b9161a0c,MC,f2f8afde-1710-43db-9bdf-4d81e8eacfa3
df2e8e5d-3278-4665-a6b3-18cc1a608c02,AmEx,c514a080-390d-414a-a0a0-f9b4c070ce79
dbf92c35-7e36-459c-a4ca-f02a098945fa,AmEx,a617e688-c303-41dc-a9a5-6260ef911827
30e282ed-a602-4249-9c24-b90a1730f872,MC,2a175676-d2de-4ad5-9b5a-d64078b0a06c
d8f00e7e-fea4-4993-821c-48f564522280,MC,c677123b-b392-4ab4-a352-248aa78fd322
82a45f52-67b7-4886-9f23-c43f118d5d56,VISA,f27a19be-9a1e-441e-8b63-92cd53cf1e44
95e198e5-f587-49e6-8af5-ad1f6a1db17e,VISA,fa826e05-f03a-4ff5-8797-a2a7afd5a735
99eed768-b43a-43ca-955a-8a58751066b2,VISA,46cf79db-406f-4231-a0f8-02c29eb39269
53ff3cd9-a2ed-422d-bf7e-e0e73f3d1935,AmEx,0d2f03b2-baf6-405b-ad6e-87851c2f95a0
e67f60a3-a208-4f4c-aac8-9fde982fb23d,MC,7579e627-7c17-490f-a04c-f11b2e16d02a
b3e3052f-4b20-4e3a-b8d5-69f20bf8e33c,MC,f9521b0d-ab10-438e-8203-99685c17dbb5
0b199709-8dbb-43ea-9219-351d8b940010,VISA,b2faa226-66ea-4645-95dc-b1ba6b6fd9d9
ddb9f3ac-826d-463e-ae62-03e171e2f62c,VISA,0220d302-832d-4275-a4e0-2d0aba1de799
34903c1c-c5c4-49be-a32d-f8cd85298cee,AmEx,45de42d9-0e7f-406e-9c9f-41afbaa45c7e
f7f897c2-89aa-45e2-85cb-9dfe75ce11d0,Discover,96dae40b-02c6-4bcc-99b4-aae08220cb5d
4286dfe5-f781-4fd6-b3ad-c2d31c05541f,AmEx,7a467bc0-8a95-4ffe-9032-e981bd5023a4
3b31c60e-7828-47ca-b236-19cf5c2bbddc,VISA,e94e01ee-633e-4790-b7a9-bc68c2691eb1
bbfe1f23-d57b-40d4-a6e8-c29008560049,VISA,510071c9-7e72-44af-aac8-948603fb4904
11098380-c84a-42dd-bd71-7b1db8b190c8,AmEx,116d91ce-3540-4e03-85f2-6fd831c7313a
aabd2c02-083a-405b-8419-b7b09648cc2d,MC,d4321054-7df6-4319-90ce-a7aaa06f7f65
0a629d6b-85e1-4c09-9c02-8770e76c1dda,PayPal,44dddef6-56d2-467f-89d6-00b46d2ce141
29566b2d-da0e-478a-b2b1-99c684b0c4dd,MC,47d54ef4-b967-4478-a528-4832b50e634d
482999a9-937c-4560-b731-65735ee73a51,PayPal,69ba33cb-aaa1-4360-9e37-33c65a98d46f
053c8611-9537-41d8-8ed4-7fe5f648f1f8,PayPal,d8dfefb0-5fa9-46e8-a809-791c962eb590
693d79f7-5dc9-47f0-b456-0ed8155758a9,MC,4dbbaeb6-0171-42ce-b3be-87cc9ded09fd
6dc3a165-51eb-414d-a755-fe6a9736ae28,MC,c863e396-7955-4328-878e-388c9d757caf
e36c665d-163b-486c-9baf-6b5c9feb4f5f,AmEx,b8fbd049-28bc-4522-b982-162c6abffe08
aa40bd78-42b8-42aa-8f6c-2c0e9ae2fe3c,VISA,30308370-18b9-4609-a9f5-1841ffee6dd1
60a6fe0e-e277-44cd-9a21-cc405afd8101,VISA,e4a327ab-78c6-46ca-bb9b-e6273b124cf5
3d86483d-ab1d-41d1-8fef-9dec86dcd627,VISA,1dfd6cc9-0859-48c6-a7aa-c9256ae884d4
ad0aa06b-26e7-4bd7-839b-90efce016f2c,MC,f3aea94f-5791-4edc-b555-32038f214788
909fd2e5-8d71-4d10-9dfd-593298f69b82,VISA,e51537a6-fa54-417f-a365-ada73cd093c3
49c2af17-905d-44e2-8e7e-647abd3a47b1,MC,646c7308-61f6-4b34-9c4f-5651ef9df5e3
5da24d6f-2b00-44cc-bae3-f5b1d56e2802,VISA,fd55ca3a-34c4-4037-a0ad-1ccfa34f3b5a
f982e19b-c3ac-4804-8ddc-a9eeed4c9434,AmEx,12dea886-aa81-41b6-9feb-1c09254748f9
5b2e5d13-557d-4afb-aabf-5a9236b73061,MC,097f658c-5b08-4675-8cf3-638c771f9b40
20e4510f-663f-4028-a84d-223594b8fd2e,MC,97d00bea-9995-4038-ae60-bad4df741bc3
13ba35cc-cd73-40a9-ae7d-3ab697ee419f,AmEx,252b321e-4729-4505-bf48-224f2b28ab61
6bc39a64-1552-4bd1-b241-4c9061563036,MC,a54c1816-07f0-40bf-a57e-05d19e7c12ca
1893984e-15b1-48b8-a66f-f60dfbeb4f8d,VISA,c726e890-88ce-44af-91f4-5ed79ad702c7
3a5e742c-4631-4c4c-9422-84743dc13d0f,PayPal,6e0dd926-ffd1-432a-acf7-4a33c77f0e19
e42a0ef5-c527-42c9-8456-49aaf9760986,PayPal,749dbfc0-47ef-4949-aaba-30e80e5bd32d
15ea47da-1f95-4b49-9085-dbcc13b66df7,VISA,74ed1ab7-dae7-4652-a7a7-e63647d86182
2da84cb6-6eb1-401b-b8b2-0c1a9e435206,Discover,14460a0d-7a39-4c0a-9840-05aa2921c167
77a3d321-473d-40ad-86b7-c348cc2448fe,VISA,d954fa13-19ca-4b31-a943-fd09bff88997
94894815-ae22-40f1-908b-998800b99613,VISA,9cdc4ec1-1238-4455-87c7-0b03acbae8eb
00067b2d-8c6f-41d9-8cf8-97479965db01,VISA,4a1078fe-576c-418a-828f-c3d74520531b
446d0f82-9a9d-4591-bc0c-dbfcf38ce149,MC,a3a37fc7-8434-4c6a-ab76-2e306f54f379
4c95be47-b5ac-4738-8caf-67175cf463c7,MC,c12e2eea-c7d1-4f46-b9c3-3f1111334a6c
6f415b6e-4e77-435d-aad1-3479874930c1,MC,86f64472-3f24-48d4-a33b-2c7a70494edb
e3179929-9e53-44a2-b809-883bac8d3355,MC,e8bb0c85-5eb1-46dc-bed8-bb2329146faa
7ae52970-e64f-42e3-a565-bded8d91f053,MC,870293c8-5320-45e0-b30a-57240d0870fc
570451f9-2bad-438d-b53e-2e1caf9dca72,VISA,e2efcda2-3ab2-4251-81cf-cd759ccf670a
34a49f9f-a78c-41dc-a594-309d7316059d,AmEx,4b08d9de-7f88-4678-9400-3bcef04737eb
356fddaa-eabd-465c-a51a-9f82244b66a5,Discover,0b4993d2-98aa-4579-bcfb-7c6588f31ee5
21366c86-b156-44ee-934e-0994e4e037c0,AmEx,4b0710d0-41e9-4e4a-be5b-699e6f14347a
54433f37-2270-4c72-9ae1-d51e319fc415,AmEx,c0a263be-521d-4ed8-9a27-73501acdefd8
b1983c62-79df-480e-84bb-5b2f30ebd097,MC,3f851757-cabc-4afa-8843-1c23ebc8a67a
537b1939-9953-41ed-bd62-f7380d5f0387,VISA,10da661f-fc79-496a-aa96-4283beb7801e
2dc9ded6-4156-4306-8064-515769967aca,AmEx,aca811c2-8dc3-4bbd-8a16-ec112cdcaa03
01d23980-5436-44d3-bdbc-55f165075095,Discover,969c0c52-18b8-488a-b2ca-0d20556bdaeb
65e258ca-79e0-47ff-9f88-397c2468b215,VISA,67f105c2-276b-414c-b054-211a5931a318
18a9d5fe-49f9-4d39-ae39-aa20c14f844b,PayPal,3b0af864-d061-423b-a176-cf08c4b7a759
fa25c465-afdc-404f-9bb6-66c1001a8c4e,PayPal,d72f4446-93be-454b-b3ee-f79945bf4612
cc5ff1ee-6dce-411d-8caa-3cc0621b9dde,Discover,c4c8a0e6-8f67-47ef-8206-e79c7ea4af1e
790c3246-e034-4465-b5a8-b0941c1595e5,MC,5ccf056f-d413-4821-a013-ec40b1280206
7ec28f8e-802d-40e2-9ece-58efd4d80a82,AmEx,f5ce3cfb-dcc5-43b4-b54c-c77d73cda732
276e4825-b2bc-4b35-b9c4-292b675fb007,PayPal,c53484c5-46d4-4c99-9c7f-e32641abd357
79303fb2-c80a-47e3-8b1f-6387ca553002,VISA,73eb8df6-6bf9-4277-ba38-d97d52987be3
22f32275-8f88-4a38-ba01-ceefb01a3de5,VISA,841cc5f5-a89a-45f1-8d8c-293a8cb69d1b
c10e48e5-b6c1-40a9-b4dc-1696851f5f2c,PayPal,c66be966-b153-407c-b08e-574e6dc21739
911912e8-f394-4af6-a3ce-cb26293c00ba,VISA,d1d6a263-be4b-4bcf-afe8-8bc3c469d699
4641b1f2-46f1-4ce9-8565-13afac8ddcbb,PayPal,dfc932bb-f673-4ff2-9494-187dd421002c
5ec50335-2c09-4afa-b889-3230e33fc66e,AmEx,a3c57d34-85a6-41b7-bbdb-8210f36f8a04
bd9d3ec1-a419-4dd8-80f4-29ddbf459010,AmEx,2efda35e-2978-4ee5-94d1-b1dfc603e5df
642d0487-da09-43c3-a4fe-e7416f6a0f20,Discover,db8997ba-21f9-484a-af5c-44d7ea861bfa
e420783b-f66b-4d6f-98fa-b5149b27183b,VISA,c7d2e4fb-0a60-4ced-9efe-fb42c6288a68
a16bd512-412b-4221-aa40-4dd44d01cd70,PayPal,2438494e-47a8-4fbb-8873-aaf19de4e925
e1908702-7c2e-401f-91a4-965e5841c314,VISA,9925e969-44ac-4f42-baff-06d540fa33d3
0985a31f-8f18-4ee8-807e-3d7671c73cd7,Discover,910f84ed-7177-4a58-a9d3-27141c6d8e96
eae872d7-49cf-40cf-b562-c86f96281f63,VISA,c32ff3b2-8c93-44ed-a190-f3c9b978b926
1e6b1d69-b2e4-44bd-961f-2e9f2157b919,VISA,3cdb4731-ad23-4e17-bb8d-6d5cffb31c28
dd003def-1589-4457-b0bc-55a7ad1b154e,VISA,0a875465-b0c4-4df1-8740-c2eaa680fc91
52869c6f-560c-4bdf-b78e-22930744c1c1,MC,93ff8920-51ed-4a8f-b8db-dd1d67b00242
6d242062-72af-482c-beff-48608fb75b50,PayPal,c10572e7-12e4-4890-ad1e-15f5836c2623
fe4606ac-4487-4818-9c5c-adb40fc728d0,MC,320492b3-cbb7-4b1b-b1cf-cd6d78672be5
dbe01b8d-1c42-4316-936f-95e07901482f,MC,13864381-3dd1-43c0-83a4-f028f464012d
3946c9dd-7ab0-4b6c-944b-54d75c5a942b,AmEx,f45d709d-69b3-4291-bfcc-c16911974b6a
a039ca59-14eb-4f1a-8252-0464060ae2cd,PayPal,00dac16c-77ce-489c-a380-82b3126576a6
819a77c8-fc4c-4343-9c7c-41cd2987f5ca,VISA,a37668be-57f8-4e93-bf6e-e14c62239845
6af712e3-f4d2-4ac5-aa11-53be6685ec07,VISA,b184f26e-ee33-4195-baa9-b81713f34cf8
d95ab642-3797-416d-91ec-5fe092bb2a53,PayPal,f9d73eb2-5b50-45bb-a1f5-280ba72df33b
c018d010-ea20-4d56-86bd-225127117901,VISA,0ad905a9-45f8-4dc6-9ca5-5fad3c768f37
4d5a5e6b-ad54-4dc1-9411-902347c40da5,AmEx,45221c6b-0851-44e1-83d3-2dc4967ca2dd
06c84fc3-cacb-4f03-b5d3-b760d94c46ac,VISA,b8c7c762-4a34-4a31-aa00-b82b62be2988
6abcb3ed-4ba4-47b9-a6c4-9b16d34bca47,VISA,6826e44d-6671-47f6-ba84-9bcfa5c4d26e
1ec01b74-44c3-4f0c-818c-53077b29f09c,Discover,acde0090-6edf-4e13-a88c-cf9f0ccd9275
dc768d8d-7549-4cc7-8335-2fa27e03706a,VISA,8159527e-6c31-4e52-809e-d54c8b0b0b25
2b0197c8-991a-4146-8bbf-1d05c74a2ad5,VISA,2018477d-0eaa-4c81-9d36-3724e6994d8d
bea18052-224e-4fca-8de6-3597fa9ad0a9,VISA,a3925d64-fb42-4e8a-a38f-2a89cffc51b2
0533add7-49f7-4549-8ae9-f66963acc03b,MC,c6f506b6-471d-4ee8-8e6c-226bb5a9def7
e30f84a1-788b-4e38-a814-1cdf55360273,VISA,fa4693ab-09cf-4186-80f5-469ca46106b6
595e49ed-6bf6-4e1f-8d03-df065b824f66,VISA,1a4de34e-e3be-4400-a996-fa906fec6276
3685c470-45db-45a7-bfe1-0f6c30f55ba8,PayPal,cca87062-6b77-4bcf-8101-a8cc058bd255
aa0978bd-005e-4f4d-96c4-92cfc14cb69a,VISA,26682645-0eca-4640-9188-6212e2e850ea
bb5dff0c-20ec-4f43-b372-32d733c335f3,Discover,6d2a4c1b-9af8-4707-987b-03624ff0a8ce
2bef8924-8099-4142-9484-01fd1c102cb1,Discover,b951c7f3-4dfb-4313-b294-afb310e58572
821f76cf-1677-40f6-b280-118479011c15,VISA,c855869a-a745-4fc4-8fe4-2fb35b3afac1
a727709c-3c6d-41a8-b0b0-2f6789dd048a,VISA,00f36c63-6788-4e84-ade2-f3b283e9e72a
4191235f-f69f-47b7-b8b5-fb179a2b8057,MC,6c3820f2-8e9a-422b-85d9-13319d0af921
2736b1e7-d95b-48b9-b8c2-aa29302ac894,MC,a8a5a9cf-f603-49e2-8ffd-50ce9315e6bf
905e4c69-8611-4b27-969a-14dfc53727a2,AmEx,6673faaa-7a6f-4bb6-9017-452091afee97
3119a958-c3b8-4f59-a077-43db72227dd0,Discover,869fa750-7fb3-43c9-a6a0-2cd46dcea04c
bdcb489d-a623-4597-a9eb-87b4bf6a6085,VISA,ce2553c0-b91a-403d-9e75-e4bd056faf2b
99b603df-3edf-4a94-baf0-5ccae4523d99,VISA,99d1b8bc-639e-4f21-b121-d388f78a0d97
c86df439-258e-47f8-b627-e36ab18ab2d4,PayPal,fe72f519-9e3c-4929-8505-11596a42ad28
eef8b934-4901-496f-b3df-50c589ba963e,MC,c48cae74-6b17-46b4-8447-284cab039799
4e42f000-9350-4e86-b5c7-1e4eb59ea3fd,VISA,628de910-24c9-4b9e-8d17-b6645ce88bd5
a0454882-8957-4752-9d1d-c8a57067db34,VISA,e72efe2f-f385-4614-832e-0a488f22538f
dfd71b86-1520-499c-8ce6-422e4790affa,Discover,fec5919b-d23d-452f-877a-09f49015bada
21f54aa3-6b43-4393-9dfe-4ba5261820e1,VISA,9bd30363-00bd-4f94-825e-8db7bdca0dba
8b419ea9-c51a-4749-ae6b-e083f0a9e372,Discover,89aaa65a-5c06-451b-9ef3-2b072a7263c9
796cc817-88ce-4380-ab59-2784b03006b4,VISA,84444c3c-31b0-479e-943b-21212413abcd
86d0fbc2-a7ee-4c4b-8180-ee0f26e5f12c,VISA,6ee35298-81e4-40eb-b931-34a97bcc823f
95bc6bbd-8fe4-4b51-b342-47d6043b0607,VISA,050008db-b901-4b03-add3-dee06f0fd964
069b3405-81f4-46a3-a463-90d9398a509d,VISA,9c981401-16ea-4b71-8cb3-16f41a457e65
f3eed189-a467-467a-a54a-69e0b002a3b7,VISA,ce952664-fd17-44a1-8d94-7d489c46dc65
bb871343-fba3-4c2e-b846-3ac761b8de07,VISA,58369d73-b9e5-411b-9f77-b48dac40f0d1
c660ca4c-84d7-47fb-80b3-33ecc1909b39,AmEx,4a75ea3e-3c72-4f84-bde3-d6172afe3355
b7f04f6b-2cc9-41e6-a901-4747364d36ff,MC,cab9ced2-22f0-4bcf-a893-2c765321be16
2578b5b8-b599-4df7-b1de-51ac7f83144a,MC,cdf39dea-70c0-4e86-8d42-9b268b010c8b
84b3cfd8-256f-47a7-98e3-5bcab321de03,AmEx,af0932cd-a6e0-4596-80eb-a7061297f321
ff0d3b1f-3362-4ffe-b997-65cc15ec4e73,VISA,0d4f5135-8d8e-4144-b34a-f2acab0e7e19
99b2064d-bb1e-43ee-be81-15fb26ce55e7,AmEx,df887296-390d-4389-b5de-7985c3833fe4
ccedf4b2-bf02-4a44-914e-1869a34747ef,PayPal,d8aee8d5-936b-4c19-b16b-9c3f9246fd1e
777d0c60-f7c6-4aa1-90d2-4d05c32f6127,AmEx,e9556a7e-4895-4dfd-b662-ef74cf0f7b10
d7d62a44-e748-43c2-a232-1112cf80d39d,Discover,a726ee5d-e708-4c64-8ad9-09c1d61654f8
6eb19db0-1c28-4709-bbc1-25943968206e,AmEx,814fc7d4-03e1-477a-bcb6-8ac600d025c3
90f91fe9-c216-4b3c-b839-16ff469633c1,VISA,0bf32e9f-471e-41b8-9d76-f39f095a141c
4d0324f7-1884-48d8-a268-93c3aeddbe96,MC,7ff3c017-9087-45e9-a432-c7c72cb5db10
b3cea3c7-cebc-442c-91fd-0965f50c0061,VISA,07b98fb6-67ff-42ab-a2ba-19e025ece07b
1b7e6bdf-18c2-48b8-8f71-609826d661d7,AmEx,7e3ced8e-654d-4608-b54f-37758f5d4abb
eb58b3e2-890e-432d-b7d7-6b48cdeadc11,MC,6f4a2c77-d117-4c69-8c42-fe6b0d85d500
97a9e1a4-145d-4f3c-b4ae-973cb48cfdb1,AmEx,cabe119b-1c6f-4cd0-9c36-bf7de131897f
8d72c12b-eac6-4b0a-8db1-7f07c6d0ff6a,MC,65208a8d-160e-4c45-a690-d1e981254542
8ec1cfdf-9545-4a76-965b-a4d4663e4b85,VISA,6881cc42-ec7f-468b-8592-0b1b6052af29
e5934942-5be6-4389-8ee9-e4bdf5a893d5,AmEx,d77e3997-96c6-4ac8-a88e-d3c1afa6e858
78b06e40-bc7e-4442-ac07-2caa54bc778b,MC,5972d572-6672-4155-b58d-d507974c0dd8
98f50a7a-23a8-440c-8b81-4603abc7b5df,PayPal,af8f4c75-4775-4870-92d6-c68c7137b46e
131a5333-f503-4352-a350-17453ef0c40d,MC,040174b6-7b27-4efd-9eb9-feaf55ee0953
c0559ff9-0ce7-40e5-b49d-f771ea766659,VISA,73875abe-3eca-410c-a8f0-6633e7c5c268
0719fb93-ffbc-4b3b-825e-2ad16c582bfe,MC,3e38a2d0-07c1-488a-8f49-775eac79f025
48156e3f-cc50-4339-a439-56f0c0c4cfe9,VISA,bb47853c-a1e3-4dcb-8228-f2010fd0aef2
6383b223-bd82-46d2-9228-348766a65f5d,PayPal,b755dd4e-d151-49ab-a520-7057d02c3519
266ec16e-343a-4e69-903b-6724ba19c55f,VISA,e3cd53f1-5054-4203-91fc-2b65c40cf7e6
9d3adc6a-7e13-4dcd-b78d-d3430abf86f4,PayPal,99b072c2-02a7-405b-bb47-3722ce2144be
0c8488d1-4f35-45e9-96b8-1029632ac6b1,Discover,b4507778-89fd-47ac-a5ea-f174f123dbb3
00618d99-2ec3-4204-8a55-31af64261fef,VISA,0d4b3253-24c2-4952-a856-6cdf9bf14d15
da988669-39c4-4b48-984d-ece7b62a98c3,VISA,c3c168cd-e6c6-4be4-91a1-58a653d82307
3db374ea-2526-4998-997d-a9f34c6d4811,Discover,a47aa355-fef3-458f-b93c-f25e48d0e287
6db85490-0393-4b07-8f79-173ea24dcbfa,MC,383a66eb-6606-4641-9e1b-bd2dbb2ec1f3
36c0a2ca-9db8-4a02-bc6b-13c81842c177,VISA,6f383278-0ac9-43a7-955a-348bb20bcc5e
101666cc-4f31-4a93-938f-1a5291adbcf1,Discover,033df731-18f5-4d51-a16a-6704dfdd1042
1cc17c2e-eb86-40f2-aa69-bdabf9fda8e7,AmEx,32c4c140-5fb7-41f2-a76a-15112b30f525
dd812b32-59c7-482c-a67b-d698d1f9e91f,MC,eb778f8f-f1c6-47c8-8409-cefa48582dcc
e7186133-30ab-41ac-80b5-06d01e7413cc,VISA,70b91196-9bb5-4930-a5cf-449b16bdf63a
c64c0895-ada8-4ef0-8b88-6c0f8053c5d8,Discover,3e728df3-fa48-4d90-a84e-b20978d85001
8312e43e-da5f-41d7-b955-268ad3a0de93,Discover,5180fbc2-bf3a-4bb4-bccd-e6e84bf3f057
9afb76b9-6451-42be-87e9-53050b924a99,PayPal,14989954-efd2-4924-8293-23b0fe392065
378cd992-0de4-47cc-b1eb-9ceeb700ee11,MC,f19f2cb7-7b7f-46fc-937f-a3b1503e8881
de38d3b9-7be6-44a0-85b3-49dd128756ae,MC,58e9df63-35aa-490c-93ed-be5c63277c37
c7ab89b8-d9e0-450c-a395-e3b3024816e9,MC,7c0a0bc9-eaa5-44ef-8119-30e288d9a4e5
b1746a9d-f523-41df-b75b-62c547d0dd17,Discover,9927d181-0716-4258-b787-3533f76ce6ef
767b27a2-65f0-46d2-8ff9-6d72ff774ae9,VISA,e54d557a-e5aa-4c98-94dd-189ac3f6a9f9
40bee295-197d-43e1-93f8-e9a8cbce8efb,MC,b9bb2d59-0140-40e3-a1cc-b3840be8c5a6
691767eb-1cd6-4445-93e1-98c11fa3e6f9,VISA,8acf2481-129a-4055-bd78-39aa1a3cf06b
ab29ee71-512a-40ca-9e9d-2f88b6470e90,VISA,9d56ceef-839c-4f6e-baef-e011dac17e6f
010a66c9-9804-44e3-9e3f-d92a3bd795d6,VISA,94ace54e-1c24-49bc-a66a-9793c22b8e90
21c8527d-51d2-4275-b00b-68f17cf0a57e,VISA,05f1577c-b5d2-456b-a6b7-b29846f1fe68
3134419a-d3c7-40f6-91d5-e2468f7dbe01,MC,f5b68d53-83be-499b-ad38-651924951d8a
2f153aca-d4f6-43ce-af8b-69ebe2847857,PayPal,6a9681ce-8afa-48fe-85c6-6de6fafe8e59
12ff3bca-97f3-4601-adfb-5247481b5369,VISA,651e70c5-7369-4632-a1db-bfd88a6ab868
3a258bd1-7c69-4d28-aa39-383c67f352a4,VISA,367fbc62-f33d-426d-8679-190563d166e8
a90e3a36-7598-4815-93bd-36920efda9b6,VISA,7cf2d399-292a-4490-b8b2-27484d65bc57
b663bd70-8b6a-410f-b678-4775ba6cd1bd,VISA,276c4132-c8f6-4241-afc3-8167cef7b0ce
fa98c6dd-7318-4538-8275-c7b48884e7f2,VISA,9820a4a5-7f0a-43e2-9ca6-4a7e9eddf686
ef94318e-6fd4-4197-b5a2-d32fde10ecb4,PayPal,ceaf3c77-b3d3-45dc-b738-b60f02c2a482
ef349680-7fa2-49a1-8995-f288fc8ff784,MC,0d9326be-1b41-44d0-b965-53ba6ddb9ab5
c7259fbd-7eac-4999-b9e1-667b8f5174c4,VISA,7dc3e17d-62aa-4885-8f8e-d73ab0b42ac0
d423ad62-faac-4432-a2d9-6d3b1ccdac89,VISA,613e5d3a-203d-45ee-96a2-e4430fa937f9
1254839e-7dfd-4ac6-a3e3-df210415a153,AmEx,12b54694-b9fb-45e3-ac7c-3b4ce81f90f7
e27011c4-ef77-4a02-a9d0-4cc28782145b,Discover,9bef1cf0-c2ae-461a-ada5-3714ebca298a
96ee7eba-9e45-4a10-9571-b4c4ee6ced80,AmEx,a173cb73-ba95-49d3-a751-deba5db7aff1
f3eb019b-de50-48b2-a8e5-684861f84166,Discover,871f5d52-ecbd-4814-a0ff-7cf9b14fdd8a
15a7233e-51e5-4ecb-bcdb-881a3b7d50fc,MC,cdaaca6a-ed44-417a-bf81-89b346605705
e04a57a6-a230-453b-b5bf-99c45cb1ccac,Discover,9e3c845e-18f3-4ba0-9a02-dc68a50b87b3
ea719e52-92e3-48b7-abb2-f1ccba885717,VISA,05da351d-0610-4394-99e4-74a999447485
36f18524-e265-4799-a592-de6ec263aaef,VISA,47adbfc7-559a-4009-a138-d2a6bce32269
d2034b73-892d-4514-b964-9d4e8bd19dbe,Discover,d28bacd5-d63e-4bf4-bf02-be0f11a30a2e
b4296846-9157-4260-9ca6-dfd816f2ba3b,VISA,fda02804-4838-4b57-899f-ed0af4934cd1
ac2454ce-402c-4fa5-a6fe-183f24780cf9,MC,2206cad7-bed8-40db-b667-13770ebe558a
9660c7cc-6baf-4291-9a96-595a157bd98a,MC,ff6961fa-42a1-46be-8501-22f3d2522832
66c2a873-30f6-4a70-ae5d-d4558d90fbd2,MC,e6dac25e-c5f4-476c-b1d7-e11cd76e22bd
3ece40f7-adc2-4958-aaac-220a57b44188,MC,edd8d207-6182-4165-aa3e-e1b21d0bcb25
490a04c5-cdde-47eb-a0fa-c1d7563b7bd5,PayPal,c6f37e25-576a-4c25-8909-c27f7bdecf6f
0f4044e0-4217-479b-bdba-fe5e1dc2fc13,PayPal,a80e2e81-0086-4f06-ac55-f1c67f0ba8f0
45864e4a-1419-4a07-b4ac-c7c2abb6a5fe,AmEx,eef8327c-eeae-41c8-9621-e59fb22e8359
62c9dd51-80e6-4dd1-81a5-2862c51ed239,VISA,5f5e28a9-c990-493e-9394-fcb8db4ba806
ea9a8830-fd5a-4afc-bf10-cc39d2bffd88,MC,909b1ee1-0ed4-4ca8-b714-ea1a8de9d200
4e4a6647-7175-48a7-a4d9-699e2d0797c4,VISA,fe1b501f-c57c-450e-96e0-5e9d1d3ec1fb
3de20830-600f-44f8-96c6-843c79275cfa,VISA,f32313f5-cb2a-4826-a119-75b1ee90ee71
e63db6be-47e4-4634-a869-73a302331f7b,Discover,927211c8-05e9-4419-b415-397de688e75b
a486f63f-fdd4-42c0-ae88-3fd5f86b1781,Discover,c02cfaad-db2a-4972-9a39-b390d1106a9c
32c2fed1-608f-4c3e-a212-98f59a8c0d13,VISA,66874620-17d2-4895-8605-d706ac51c52d
ecd9f14b-951c-4168-82e9-20dc7f376b93,MC,aaebcaf4-2478-4f98-a9bf-bb12d2856d9a
58f6d22f-afd1-4eb5-922a-05619776152e,VISA,14fd4430-e558-427c-9930-bc7591adaeec
5a35957d-3232-425e-aa4c-bfd0d02b267a,VISA,752eeca5-e5aa-4109-97e9-011168f29d8c
87f6b26d-ee30-42cc-91a8-8c2aa7fc8f2e,MC,76a4f860-8b3f-4b49-8354-938bb390d475
2126b349-051d-4187-8174-e8dabf110a40,MC,0e6c3cf6-b5a8-42d7-8fb5-2ec460428e08
7b39efe0-a278-482e-8502-b10495a1cf97,VISA,43426c2d-9c9e-48b2-97cc-c2c9143e3f79
afbe5b46-9fe7-4c44-96e7-b6ba7bab5be0,AmEx,b880e8e0-770a-4d57-b615-30925c53ad43
4e7286ff-66d9-41b3-b4a3-843984f0c8ca,PayPal,99344a30-31c3-43f4-8ba3-abacaa0f9b66
257f39d3-0dbf-4935-8ad4-78aacc4aa1b0,VISA,9a3a16a6-7048-4469-bc15-8483913f4402
335e2516-d8fc-428e-8472-b82d1c503a7b,Discover,6a0ad15a-15ac-4c5a-bd2b-34f455f85565
f5a8316b-bf49-4fbd-9221-d4a207cdbc6b,Discover,f08ddfa9-1ad6-4b71-bf6e-2cab89393214
f6a02db0-16d7-4d30-8012-f4b2d0157443,VISA,f279d72f-b4bd-4c97-8d9e-dbed9c29b605
a4a2a180-58a1-4e3a-89b3-f51581ad9f3a,MC,5e6b4884-9eab-463b-9ec5-06c6c62cb2a1
5f406390-3473-42ea-97e9-fd7372df359d,PayPal,c8afa4b5-8e3d-468b-a23f-3b06736b4d32
18258bf2-bd97-4e10-a25d-9b9942c30ed4,AmEx,c557b983-6522-44e4-8c07-f2472608e8c5
6985230f-c32e-4896-9c95-1b09e48e6040,PayPal,59ba9f63-1a61-4f42-8251-e8a169352d7f
a8503585-e9ba-4319-b45c-6147ff9a0d7b,VISA,a98d9986-2a76-47e7-aa78-a72ba79e02dc
55aafa48-c3a3-4d64-b573-b7fc253ea9ae,VISA,8107bf3d-5f49-4634-83e5-7d0f1e0f8e4c
5e2caf02-7109-437a-b9fb-98f9e88f2a99,Discover,ccaaad44-eb9e-4920-8cf5-13b54417cab0
0e46d768-4978-4a3a-936f-27b71500929b,Discover,608f12cc-7744-4e4e-81c8-09a7262d23ea
290b6e1d-20fd-4b68-9135-63bdcccb330b,VISA,368e52a3-5177-4d31-af2e-b3bf15df9efd
472fa427-0b1b-469b-bb41-f20f1033129d,MC,ae487d7d-31c6-4876-b5fc-0b194b23c70f
8c6e588b-99cc-498f-a2c7-35b31c0fc4fd,VISA,37e5f2b7-e680-4c83-8e10-0f09cc71f0eb
a9c0b443-c44e-4046-8fd1-a109cd4bd5fa,PayPal,03a4c9a8-a979-48d9-90e4-6a81c59452a6
7d286aec-80ee-48da-8ae6-ecd825a026a8,Discover,d2ef2669-13b5-4011-b2c6-bef360d340a8
7e91220d-9627-452a-8803-dad19d126d17,VISA,51533013-4770-4b9d-a9ed-a93e38a99faf
fe40e491-2aa6-46d8-a040-011d966b66f9,VISA,224ca85e-3a83-45c3-8683-0741cede01d5
c1d0503a-8b5d-43f2-84dd-90c8291b270f,PayPal,e88f66c1-ff1f-4a8d-9f97-ffeaa573fcd0
faf030e9-4800-4c62-8b22-0744f01c59e5,MC,49d73715-1a66-43d3-8f15-dadc597eacf5
4eb1d96d-ae97-4369-981f-08b8dbe90ba2,VISA,63506a91-07d2-4ed0-9e24-09643fb93e45
040c36c6-0047-4b65-bae5-bb3938c5b828,AmEx,4b0a1456-7cb3-4d4d-873b-f01b81a6e2b1
89018734-2a21-4890-852e-14a68dce3f27,VISA,fc928576-a7ce-4302-a511-f0eb9fe95532
d3223cb4-0f65-4636-beff-0b112cfb4cfa,VISA,b81e8db0-f348-4184-ab45-cc7b89da219c
05b98038-abbf-4801-8510-3bab16207639,MC,a890d40c-43ef-4a7d-ba95-de42daf26b02
6a047782-227a-40fc-a85a-0bb231f7bf6c,AmEx,898b613b-7acf-4b58-8b2c-58f11f819dc5
cb6b389d-7ae6-47a1-b4b5-870893b5c293,MC,e2e624da-4bd3-404c-85d8-c526de3b8b0d
21e59867-3218-4234-8215-13866b5eba93,VISA,55cfda4f-d6d4-41e7-b47e-60551d7c856b
ecaf4b30-2f4c-49b7-bad6-7666c501334a,MC,4ab198e8-e597-4042-a0cd-01ad85f36061
133cb43d-a46f-4f6e-9fdb-58fc1f28d14c,VISA,5f580758-f720-47c0-8952-722b69f59a28
114567a1-428f-48e9-8a20-7137dfdc4844,VISA,4182a51b-3ecf-4d8b-8355-f3c65c0f6ee2
2ae76d27-c250-47b5-b43d-4eeb24a5758d,VISA,3c16114f-ab68-4e80-92f3-0648db7b8d20
f29923ba-0718-4055-8e8c-695fb46889bc,MC,03a5b022-8eab-41ff-924f-399cf39e8d12
c7c25d3a-27ba-4afe-95fc-8c09e4340521,AmEx,f69b0193-3ef0-4157-9007-b19eadc027b2
2c507191-a700-4639-9ff1-7566df41be3f,MC,a4ff19a8-93aa-4ad9-b0f5-5c23cbd8109d
f06ccffb-1df5-49a7-b57f-a4fb03c1faf9,VISA,3c58705c-4b3f-493f-b6f1-c670605ab47d
85a8fd52-e5a2-4ff0-906d-f89ec53c0ad0,MC,61c904e4-a468-4d77-9eb5-8d063112f88c
9ff49f22-7add-4cf1-aef7-7a9eda802371,VISA,f91975bf-4373-413c-8976-a4afb80d13fc
9fade1f0-acb9-42bb-97d9-b98eebacc2e5,VISA,d6fc0688-a00d-4c22-b65a-c9157e4e3e0e
db986aad-dffb-43e4-a3f1-6923b2bc28c8,MC,caf7a700-9673-42c5-891d-79ad5257766e
88ec61e2-8a54-4672-a8f7-621bc87a0bf4,VISA,10aa8245-2bc0-4395-ad21-cab43da68fc7
0702ee06-0037-455a-a978-d360b3ee4e99,AmEx,f0b02967-96e7-41b6-a893-1d4d9cb1a24d
6e40eaef-70da-4a02-a867-b041ed75db5a,VISA,2f35e859-21c7-4f6b-9916-52af572b9ae3
2a2b3f73-267f-44e5-be2f-b44edadb6336,VISA,62e6f78a-c001-4188-82e6-1a233896823e
2873e095-ca94-49a7-9d26-dbed9392e51f,VISA,4e6b850d-5a25-4a06-b44f-5309eafa8877
72419f89-bddf-45a5-babd-fb3b87cf97b2,Discover,305bd4ea-74a6-4d8c-8916-86cca21c8cea
b3c1b242-7530-4865-a2d4-cb9c3c15d96a,MC,6d8c4ffb-edce-4ace-814a-5ca5f1143f7b
4941d3c7-145d-4462-bd21-2b843fc08bf7,MC,5db0cbe9-a101-409d-b582-bf9a660bc768
f63978f7-fb53-4fd3-beb9-eebcbf0ec797,Discover,b0be1b29-b0d5-4e55-82c5-a7627a004c25
609dab76-239e-4ce8-bc2b-9e37e8a47643,VISA,81a16019-c683-4730-b188-a17bc85f0c14
658b2b69-bc1e-41de-8c29-0374354751eb,AmEx,f6e5f5ba-9bce-454b-8e0a-c2d404aef242
612e658a-019a-4cd3-b549-92f6680951f4,MC,6c754870-028c-4f58-a0e4-4c09dfd22dd2
e77f7a2f-ded1-4fff-88cb-f5e3cf93197d,MC,bf428643-ceb8-4dca-9ef7-a83cbf6e08ed
450c43b6-8696-49c4-b927-dd5923fa2c30,MC,6435e7c6-c095-4330-9b6b-0969113b47b8
86975ddd-a8b7-472e-97cf-3c77ba8cd62a,VISA,161e2e4a-f705-4f60-b4a2-42f69208fcbc
0aef58e0-3438-4f9b-bfce-76572ae1a587,MC,97ed728b-93e6-4aef-85f0-7a07ddf9abf3
abfba0d5-2dc7-4ee6-8ae2-2ce87e12b668,PayPal,f230a76c-258d-4588-830d-b653ed6097ba
ffc6229c-6ced-47b5-86cb-e590b9134461,MC,a577a1e2-85c8-4494-8a95-2c62be69a31e
458973e2-f4ee-4fab-8b53-a8081e709206,AmEx,0604657c-c37f-4158-9f78-c4cc330fc38d
176e66cd-349d-4b32-a1f6-ed42573e51b8,VISA,38fbf775-90cb-41bd-b92d-fb571fbcd5e3
40e5f1a7-9c37-4878-b61d-7fd3561cc054,AmEx,7e8d4cb9-69d0-4025-81fa-3346c2127c28
73b9142e-27b5-465f-990f-30a69cb8f9fc,MC,abf448d9-eeb9-430b-9ab3-adad731645cf
8b502cd7-219b-4cde-bb98-2076c87f67e9,MC,366b39c3-102d-46be-98f7-b244d82f0704
cedb6b66-bccd-43c5-99cb-e105dcc2ebfb,VISA,1a7de547-6869-412a-9908-9281ffa41de0
fe5777dd-72d6-49da-aa58-577e1d4ed1a9,VISA,ffafaa74-cc40-45a2-9208-97bf689e3e97
2147764e-0508-42d9-98bb-d2a722e672cf,VISA,2e00de99-066a-4ccb-ad5a-82fe9559138f
322f71ad-3ef5-44f8-9b50-14b5f79c4403,PayPal,c6e2e9c5-498c-4291-bb21-cd91e981451f
e0c7cdbd-235c-4b4b-a989-2f5699485615,PayPal,02911de9-efa8-4fda-93fd-9d0e5aaf5435
6efe0df3-b5bb-4b90-8d91-6bdc0cd84951,MC,ebb52269-a0a0-4739-81d3-ec70e291357d
2e00b501-558d-45a7-977d-7823a0d6a4f2,AmEx,294ea8db-408d-456b-93e2-6996ecfe60c3
bb10f892-201d-4483-9211-ef30b7c9d452,VISA,8d1425da-b44f-4653-abda-1ee6a27c0076
a7c3a0b1-6201-454e-9db0-532644d71a84,VISA,5ba39e1e-58e5-4406-9928-6436ae61319d
70e8eacd-7595-40d4-adb1-b048b031c8f0,VISA,f5ad15b5-480c-4a1f-8e5e-1226f6934aa8
9e15be37-b00e-414f-b8ba-4043c105efd3,AmEx,cdfa2b4b-c8e8-45bc-b9d8-ca61c6727d03
517f20d0-e3cc-400a-9cae-1a852eebaea3,AmEx,8eecd39b-e154-4a2c-bc6a-302d27779df8
96003736-e6cd-4b19-8d6f-5d54174784ce,AmEx,7ea1c699-fdda-40ea-853f-11daac3d3aa5
e25893a4-a0f0-4ebc-a20a-ce479d20cf03,VISA,2ba23a5d-8035-45d3-bbb5-900c7d02967c
db52e66c-ef1a-41d7-8348-6b7756671d95,Discover,5d37ee7e-c787-46d4-939c-cf0c42b5ab86
f83dab4c-9f42-42e2-bb1a-0fc2b9d028f4,MC,463edc47-7ddd-4bd4-9fc0-18444074ec38
9b13c106-be23-4c01-a45b-75629f755e52,MC,f01d094d-c3e0-43d7-9d93-056dded3f2cf
262381a4-f1af-44fe-a397-eb0af9195b08,VISA,84e9ea9e-d655-42d8-88a8-7a5cb819d013
3d8a33f0-2939-4343-90fa-81b8c8652d4e,Discover,600a2ff0-9927-4834-8f72-6732a8a4afaf
8d4181d7-8bef-4efc-9e7d-f442c6198277,VISA,f3afb356-1f14-4d09-b65f-76184b148afa
029e2439-eaca-48fb-b3f9-dcd8fc2297be,VISA,ba9ae401-63ee-4b0b-b422-d39b083e8d49
14ff25cc-6bba-4ecc-b28c-ada82b7fe9b4,AmEx,228bef40-24a0-4191-bf77-56f10176a78a
eee347bb-4e56-4c49-a8d9-81f4249acee1,MC,ece9b98f-b3ea-4be1-8946-7f90b0a0dcc0
63f77ba8-bfd0-4390-b447-7075a69a19e6,VISA,b45ddbaa-4f95-4105-802f-348a6c3f1c0d
db4af684-9b12-407f-a034-233713461d81,AmEx,327b27e0-2787-45f0-8dc3-0a79012a8c7f
7deb1107-b7ad-4070-92c1-1e40168c0568,VISA,6b6cda16-7e31-4f61-8e40-a8884a85b6b9
eeae1141-e250-47f0-a6e5-2aa4d92838f9,MC,9c781436-e4a2-4b36-b36b-c3df8c60f894
64416863-d6a9-460c-9458-b294b669985a,VISA,253c5c5a-1f58-415b-83d0-8a226997db0c
183f258c-e5c1-4794-ac36-02a103fec844,MC,34f2fa7b-7da6-4c3c-8f70-ff2d20d6bdc3
f32af14f-e5ea-4334-b9b1-371b46cc2d0a,PayPal,ca55127a-9e9b-4c70-8f80-a4e7268f85e3
88638400-7308-4572-86f3-1c3db7a679de,MC,cc1c0399-e26c-4961-8123-ad44b4294030
94ced69b-31c9-4de6-9e9f-04a616d8dc02,VISA,1e6df669-37be-4678-af1c-0dce95c636f3
7e84105a-1baf-4bda-9cad-84ad1f0971dc,AmEx,2ab23e8d-3c2d-4d6d-bd0b-8e99ffaa0001
d1c24ce6-5ce5-4196-9d1d-aa3c139fb252,Discover,3f366607-cad1-40e8-a9f2-9bba0b73bd73
fce692dd-88a0-439f-ba39-26d176b8563f,VISA,9b5352c6-9983-4946-86ac-73a4f93c3d48
d3189942-96aa-44ba-b728-deb940f768b7,AmEx,fdb7f821-c233-4b15-b4aa-7f62e09f1758
fbfd81e1-a4c2-44d2-8010-3dca5c102001,VISA,ed252b23-16f8-4296-9235-7d1655e890c3
30dac97f-9bcb-4462-9dff-3e8304f8795b,MC,a6f59a50-aab6-4483-8ddb-44285ef7236c
faa1edc6-382c-43b5-a10f-6df3d36c127c,VISA,a32581dd-d0d0-4cc8-a1f3-ff9f569b5ffc
0145c85c-1921-4a9d-9516-3e90dccfa280,Discover,43920947-e8c0-4525-b682-7e34d27fef34
6adb466d-48b4-47f6-929f-09f6d426c678,Discover,ebd1fa79-64f8-4ba9-8010-28665786c8fd
9b787216-a1c2-4232-ac3e-5264c79083a0,Discover,153f8b0b-892e-4420-a010-b47f736038d4
86ed98de-b1bf-4362-ade4-13bc86ad264c,VISA,07402725-acc5-41d3-bac4-8c700ea0b5bd
f81479b4-9abf-47b4-a61e-800e4f9724e6,VISA,ce488868-7ca9-4ee2-b445-8b47c568a5b2
a564c86c-a400-42eb-9abd-915b286b4189,AmEx,9e558360-5e01-40ad-9040-fe3462ceec81
4fbe3b21-9bbc-467b-b1d5-0d961217cc86,Discover,74d2d99e-71ef-4d03-ab51-1c7bad442731
5fa708fd-0171-47aa-b16a-9893cc1fee15,AmEx,540463ac-41a2-44fa-8bb5-09db75718de1
31bee6f9-4c26-48fa-b663-6011ece8ddbf,VISA,963cb23a-0bca-4070-963b-5098804691c2
11e5ad98-3884-4edd-9a2a-3d4f9fdad7e1,VISA,bdcfc7f4-c31d-4d9f-9fd6-d1fd9ff47373
ffefd153-84e1-4965-9cc2-3622924b01f8,MC,eb548235-9566-479a-af3a-45f4b67ad9de
190e1f33-d7c3-4bce-b42d-3f14446aa046,PayPal,27b6bd55-e3c3-413e-bbee-5615fa20ed3d
39e0860b-3b53-4970-a059-ac0b2c9f164a,VISA,df4ead89-1d34-4537-8f63-add019326979
8d209367-c436-4523-af8b-adc79183abf2,AmEx,465d40be-2390-4842-a514-15713b92ddce
4fd9fa17-1c58-47c6-8dea-65c85f97c8dc,VISA,e0d4eb4b-aefd-449c-a752-cd0c8e72319d
39be682d-8ee5-4824-97ec-1d15954065e4,MC,68da2763-32ba-4b24-988d-2e8d0e67c3f2
b9b23913-ab5d-4629-aa4f-ec458deb14f3,AmEx,1c521199-08fa-474b-8fda-06aad04b5417
4482c6fb-e19a-49da-a5d1-2faffbe83254,AmEx,9fd73927-0d36-441a-826a-79a792f48bcd
39cb0e16-ae00-405b-a871-6b5ae843a62d,VISA,de8ab141-a0fb-4ab8-9536-17db1ed34e0e
32e2b74d-c416-45b1-ae49-3ba87abc44bc,VISA,e1b7ff08-1fbb-4433-9ece-ae8b9de14dcc
97261b05-269f-47f8-8c7f-5e15bd5adfb0,AmEx,4c8fd9cd-c390-4efe-bfa3-426e5924fa4b
77a86651-ac50-4a51-b507-940eef485243,VISA,1d97401d-035e-4ee7-89fa-3d18d990d634
3be6460d-f906-4fc4-b8f5-d11e92b6fdbe,MC,98e98bbb-7e0d-463f-b23d-8983e2e0248c
1b0ce1f9-9ae2-4df2-abc5-d39345e63b0e,Discover,559dc9bd-1d09-49df-a094-8b5ee1140a49
580e2092-dd71-4df6-823d-3d6fea00364e,MC,6b7039b0-5402-42e0-a0ff-5952560a71c3
c3ccdde4-07fb-4a8a-a9af-98921730f144,AmEx,99543537-2bf2-45cb-a244-fdb4f842e803
e36d8de0-90e5-4fe5-af02-8b0a45e5e6c0,VISA,faa9187a-65c9-46b4-b75c-72f5f461a26d
4050ead7-4d1d-4727-a7a9-b5b7d3870ee7,VISA,c3840456-2ecd-450b-bff6-5e7f643a2fa5
a369a9ac-ab0a-4e66-a6eb-ec03fe51d11a,MC,f5b0b4a4-ddaf-4541-bce3-a1fce582efa2
47345364-c1b9-4085-bda2-335c0af2848b,Discover,af173750-43f8-491e-9aa5-c2cdd7e0b365
608c771e-c340-40e4-a0ed-88d4f042878b,VISA,a7cd523e-5dc1-4d58-9342-16eaeb6e398b
2d0b5b6f-ae07-403f-b20d-b64244312cc5,PayPal,18d23eb8-104e-4a5f-bcd0-d65590c05425
b46567cb-1d1a-40a1-a357-6e804b68eac0,MC,73198ccd-0c1a-496f-9faa-e525aec888c7
cccc78b5-bff1-4cac-958a-4d2a82900398,AmEx,bc17ebda-ab44-4a59-8da8-8ee0de68d4bd
90c97ee3-5f2b-4e92-a847-8f77acd77714,MC,cebbe204-1ddf-4df2-a666-edee220c561d
8f74c6da-25bc-4763-8204-a7bd5369fa0d,VISA,c8f8de9e-226c-4b25-ad9c-5f0af52a3e26
bb1ebb85-8c65-49c5-985a-d7dde429d74c,MC,b8144acc-2c37-4253-b8d5-176506ed4a7a
06d0103a-6596-4173-b1fd-bac40bbe0587,VISA,6f09cbb6-e602-4813-bd8c-cc22c3bb5ee9
93bc83bb-f483-40ca-a2b8-771671d1e704,AmEx,23ac1def-c8d2-4a31-96c3-95a9e64026aa
ded9edae-3fd8-4baa-aa00-d11a452d39c9,MC,9f4885f2-9f4f-41a8-9979-130f763340b0
bafc1b86-3e89-4bb9-bbfc-c4c312a28d77,VISA,512a5d85-f061-438e-9da2-f97d036dee97
91a6b19d-8517-4808-ab38-b2e585599c2b,AmEx,acdcad50-852a-4035-ae3f-0fd1d6696168
8ca6c076-1da3-4ef0-a2c2-15a478fd9559,PayPal,3dfebb93-98a5-49cd-9769-0d52186826fb
2bd0c936-1168-4f78-bb36-0a55a930a2cb,VISA,71cd941f-2499-4d29-94e0-12f95434ff53
b916bd27-876b-463a-acd6-37986a8fe48b,PayPal,a9ccf3eb-db97-4e57-bbc3-76c2420c46bf
ad56cd3f-e404-4a7d-abb0-d04efc4f6d85,MC,b5ffeb44-6e8b-4d92-b3a6-806b499ea1cf
498941e1-cafb-4373-9f03-3a44a94a1ede,VISA,858ac460-fd65-4900-972f-4136282213b9
67346fac-7a3c-4db3-bb4e-1e65824de155,VISA,294983ec-2cff-4567-a5e4-2ef87d328d1f
0fdc1304-88a5-4722-bea2-c02509163e65,VISA,24cd30d4-0018-4b8c-960d-d66689519105
c2785ffb-7c59-4db1-8d73-56498b8f7f80,PayPal,884d862c-95fd-4fe0-97b4-05e78fb15757
8f865bf9-e31b-4d49-a37b-bf78576ae6ef,Discover,d1d0a429-602d-4e71-9860-b6f4848f4f5e
ad4cdba4-26ff-4735-87a1-82867791e328,VISA,2c6cce14-f823-4347-9124-22c383195f4e
19200425-5739-42a8-a6d0-1006f10d63a3,VISA,134cd0c7-a25f-4a42-948e-15a2bc25d82a
ad1d0179-b705-443a-b879-2e15da57d292,AmEx,8d1331d1-e8c0-496d-856c-664a10b0ce0b
3fba1af6-9daf-4743-9fcb-13bda0f68ad0,VISA,e1292f03-492e-42b9-8d54-166bb13bda97
d692e7cd-a7e1-424e-85f3-21e07f69c28e,VISA,2f9c2942-ddf7-4c71-bf53-eb5050312fb4
2204c135-ff02-4493-9f3a-8fdc10fd9dcc,VISA,9b03730c-1e5e-4334-9e8c-9f1b955cd132
3f4972f0-ba19-44c4-9fcd-56e0d402384d,AmEx,21ed5e81-da7d-4812-819e-4613ef2b7269
2b4707da-8260-4332-8bfc-e88f6efa3ab2,Discover,89555575-f54a-4b19-acc9-c34d044f8c17
fbb10fd8-507c-4f75-9670-0c3b10c27b7f,PayPal,e7fe5006-7744-4dec-b9ee-7ce3cb6e3272
d167ce91-765e-45d1-b873-ad608a9adfd6,AmEx,2fe63623-cdb3-43fd-a155-be35d805514f
51989b8d-cb5f-45e3-b19b-9c8ef2c6a7c1,MC,b143983f-42d3-4cf3-9755-4df9579e40f2
32e3f7cf-c967-49ac-b1ec-89b980decac4,MC,6f58708b-4e0a-4b06-87a9-cfd4b1c49e73
84c9cf8b-b35e-4459-b1b5-d5c3a6d9e689,MC,7d331d44-8228-434d-b417-9e90e0252921
60ffaa1b-7fc1-46d6-bbab-f712053b02e1,Discover,2631e057-5fd1-4b8e-a060-1f4fbc94d4e6
09724c47-242d-40b5-afc5-f6d6e3723d10,MC,350527e2-92da-4647-ae7d-9544be3c66b6
cf8a90dc-86cf-4471-9c9d-d139b46e2b23,MC,fb241045-77dd-4853-9fc2-64aceae116b5
6cc7b18b-5cbc-4a22-adc8-62bdeb268470,MC,9e9bc34e-8833-4652-9318-33bb0f0d75a1
35f62b13-e2b1-4e80-b0a6-f3a15b14127e,VISA,22282913-339f-4df9-bfb2-6fee6bb82903
0e3fc0c3-426c-4c4a-bb28-4e7f006d43d1,VISA,87daf431-268a-418b-bd12-81904aedab69
aee6db98-345e-4ad7-8a13-443cec925557,VISA,aab9678f-de48-4254-9f69-475a36ec03cb
24a4cd95-040e-4caf-96f4-af38095197ae,MC,ee543d86-280b-404f-ba26-a9a093cfe922
f5519656-a33d-4dea-8db5-b299fafcd92e,VISA,a9d3dc1e-6bc7-4fba-8476-b77944da5f0d
8ff4c76f-7a68-4d1f-a550-e83a7abcad95,VISA,ba8fcea2-a30e-49ba-8cc7-c96048d0fe3a
9d2b885c-f030-40e3-beb8-c63cf449e2ff,Discover,ccfb07ed-f2c6-440d-8bfe-f2e2e2ee6e34
ac0c0465-3ea4-4b01-b59a-cc87f80494d7,VISA,bca0d7f9-6d9c-441a-a7b3-ace39cb47713
332fa024-c86f-4036-a40f-fab9ea4e6fc5,VISA,b6a40080-2a9c-4de3-a74a-12303c8cf95a
50d5ea65-6903-469e-a3e3-83875e1d8d12,PayPal,bcc1d916-7522-4531-9858-0a420f1999d6
88c8f5d9-1aab-43d5-9481-ef22310bd2e0,MC,632303bd-f459-4e51-bb60-5d0af730a314
907eaaab-ea72-4b6b-98c5-30b22fb9b667,VISA,b9f3fc54-5435-443b-80cf-5f9e4784a2c1
1c9c2dfb-3948-4167-82be-3c19b79a52e6,MC,563644f1-d5bb-49c7-bb62-310774030179
b5f59cd9-3798-41ed-9d36-95958f119df6,AmEx,c1ad8214-099f-498f-94c3-cf70741a0c14
bc93e8bd-b654-40a9-9ad7-c0294763f273,MC,f4d57ba5-64b0-4802-8374-f8ba440c7f02
455da825-c61d-433c-868a-e99972bceab9,VISA,441e728d-20c5-4695-8c5b-bc173dd70d1f
cfc64e48-3167-4148-ba9c-a503cca8f1fa,VISA,633857b8-0d3a-4156-a784-2dd606eaf14b
d614a1fb-d77d-4206-89f9-709118870aa5,VISA,900cdfd9-f51f-4492-96c1-ad1d45db7346
83c2fc26-dc2b-4f18-8ca1-5db1ab975b78,MC,761bd6d5-c4f2-4ac1-b8b1-45fa680c1787
712d66bd-e4a2-4dec-a3c4-078f72259ace,MC,98702d64-e9e6-4d5f-8258-daf8caa0231a
139944e7-fa29-49dc-b281-f0088124d011,Discover,b6f671cf-ee9f-41ae-b959-59935fcf6862
5a31c07d-4eab-49b5-bf65-8277a002c4fa,PayPal,37856eb9-6d3e-4e9f-96d3-a207324a7124
999d929c-3521-4987-913b-df410d61b9d8,VISA,6af1472d-826e-4ac0-8b94-ecfa50c97fd7
b29bf95c-5c25-4ec6-a651-a2c9ce1b4492,VISA,2a6fbeb7-92b9-4816-9185-116c775a0b34
b51db570-b9ee-45ae-864a-c29317574681,VISA,90290275-c633-448e-80db-94ef8d4e320e
56975b64-38cf-4268-bca8-8ecd11a9d16b,VISA,d8b07449-dcee-467d-aa8f-7e78e8afd160
77cec56b-782a-4276-9ca3-439b7750974a,VISA,42500b51-b538-455c-826a-b0ef5cffbadd
7d90b92e-2377-42bc-b5c3-c0534a73d3a5,VISA,1f88aed5-d3c0-47bb-947b-505784b659fc
c7c69674-e49f-4a1c-b570-d8bc37018ace,VISA,a412d6dc-62d1-44ad-bf7b-c7bd3efc06d2
f03a2de2-14bf-4502-8917-b3803f0c4091,PayPal,94b64cda-9c54-4286-8298-c030ccafb46b
5097ff99-8559-49af-98f3-a7322a2527f2,MC,09d7390f-475b-4c0f-93af-2a96b88af181
307ac984-5867-4b02-9276-bf713e2dcf1e,MC,85d7cab8-371c-4ab1-b415-f370be2ebe85
c7268c0b-5436-4edb-a30d-cadc334da461,PayPal,d959b7d8-2c64-4a5d-9839-3f1ab08bf6ec
0c478733-3e54-47a5-8984-54ab67271a68,MC,c865d1a8-03f4-406f-8184-ac2c3ccb9b85
7ffd2eba-89c5-407c-9a55-a2398cfeae59,Discover,9be0183a-53cb-4eb3-af68-96254e23a5fa
390baa5e-8dc4-45aa-8b70-b2ed30d14e31,MC,1776aec1-e2b7-49b4-931e-712b7afbc573
60f92f69-6ed8-4eb3-a837-9787c9c7a4f4,MC,4e3e404b-2ec7-45b0-a7a8-5d225e3886a2
8b4ae733-3290-4bc3-9709-18393c2cca9e,MC,c73c9c9f-ed9b-4b0a-8857-04668339a581
a6362add-c57c-4651-bb44-7e434d5dfb8f,PayPal,4c225d48-f7a6-40e1-a0d1-577c5ce3882c
342a8edc-4d2a-414f-ac7f-9146f012f1a1,MC,36d0148c-0b20-471a-84d0-bf426b48ead9
b672ae71-111f-4d02-85af-fd15fd99d72b,MC,eaccc083-f9f9-4d4b-be9e-21ed3b06cac8
cb9183da-ec91-4311-b84c-3f393ca8b62d,VISA,69899f49-ee15-4c06-83d4-bb80cea30ab4
df17af7b-85a4-4a6f-9a4c-cb66296d45e3,AmEx,83ea3e2e-2a34-4e5c-9aa2-d7a55bd6f702
fc9a52e4-61f3-4776-8307-4b5aa832371c,MC,60a809bb-5e6c-4dac-b062-e82f45b6dac4
3dcf65e4-e12c-49af-b191-1fbf4a033cfe,VISA,6f2c7089-f810-46ea-a0c7-5fdb722b632b
2e42771a-2143-4a67-bf9c-1881b9ecdac8,PayPal,befef5be-a347-4c0d-8709-fbc495ac9923
c059c17b-40fb-49c3-a94d-7aa4b3576b0f,AmEx,53c4087b-b1c6-4786-84ff-b90d231ed31d
95b344c2-9696-4039-aa13-e615764e77dc,MC,3f15f5e1-b799-488d-91ec-b639c90f6bf7
6e8d799d-ff31-4dac-b60b-7b97267bc57e,MC,f02d3dec-4978-49fb-b5d7-6089b2bdbafa
c9be6946-1cfc-4601-ab36-d45dfad21794,VISA,fccb75f6-eaab-4d06-8ba5-216ebbc65a7a
42792f5e-4127-44a2-ab36-da2045a47bbd,VISA,3e620389-c8da-4455-88ac-6ad64104d20b
6811b747-ec3c-4625-bcf3-beaae71b18f2,Discover,75454381-7c8d-4e50-967d-02e85d9ee4a1
8e22f016-afb9-4a1c-b0a5-e3fa1eb8cb4a,MC,434af065-fc54-4061-846b-df35fa3ca2d6
07402166-d611-4074-a741-ff4ac1767f9c,PayPal,d9856c6d-1118-4b23-83ee-737361f61cf3
d7cbacee-5031-411d-91b4-ed2b468c830c,AmEx,f3265d51-0ff0-494a-ba39-da4a6fdb226c
8a0f7010-bf49-4011-b9d1-dd51a822cff2,PayPal,6de3530e-2492-4e05-88f9-dca69659c95a
8d095cd3-c32f-4e13-8221-bd0d49fd76c5,VISA,a0ab6159-f1f0-4a7d-9674-5b205b83784e
142052da-c2e7-4412-a121-86c152324885,AmEx,762ba636-aedf-4b9e-aee0-d1201d99a402
d862d9f1-135a-4e04-bb88-401a328b34cb,AmEx,e2c0c7ff-b2d6-4a4f-a514-7fc7228b0684
d25b613e-bd5f-4420-b8f7-0057ffef7b11,MC,8b7e3345-ceec-45a9-9942-5869c3474af5
82acefea-10c3-4a9b-a93e-9f9c1c4897e3,MC,e93f85e8-67e3-4ef7-8e40-96222e639faa
913175b4-099c-42ae-9329-bc7ebeedd661,VISA,69c0959e-1684-4625-a0f8-4197f0fcce79
6bfbd75b-3ae8-4218-9e12-47a6a9868ec0,VISA,81180973-bfe9-4c43-bc98-17c0d1dd0da0
a2be8295-42d9-4a78-a752-c30d14acf0ef,PayPal,554a0277-ae05-49df-998c-53cfaf49f6b4
bc482ecc-7a6a-4d70-b152-5fcfad3e6228,AmEx,88046a31-f11f-486d-987b-6e4656612bf1
8ab446ee-8a97-4ee8-bf54-f8a873d5e018,VISA,5a7677ba-5941-4c54-9f1e-568b4a9a77ae
507dd151-62c9-4e98-8ac5-c1761af84d4e,VISA,0c2da2c1-2534-4d39-85f3-810151225f4b
9532b2d5-ce9b-4aaf-87fc-e9fb53fb315b,Discover,af57bc13-939f-4a52-8c8e-718467c2abed
a0ba8371-78e7-4cab-bf4e-cbecf0f7533f,VISA,b8a4d636-2c10-4f9a-808f-a89466d20492
e038524c-eec4-4b7c-937f-fbed40bbb3f5,PayPal,3b3602ed-7a2b-4c13-b798-13cd1c8718a7
b2264b8f-5810-43d7-8a92-3f02e392e3c5,VISA,b9985504-76a9-4382-aef7-1773309a9dfc
215b34f6-38ce-4c15-9ef9-771389090c4c,MC,66065ff3-86a3-4249-9a79-85a5e880d96b
4b97772c-7ccf-45f7-88da-9beb49f53396,VISA,94e04d2b-9a4e-402e-bdbf-389fb1dcd58f
6be4930b-2841-4888-8b20-e8a8225b12b0,PayPal,641cac51-0a66-41ee-ae67-4c3cea8fedfa
66c4f8ec-335f-4d17-bce5-d2b0e050b8a7,Discover,bc1f1766-c9d9-4581-8292-2e5232ff8a26
335e3064-0515-444f-b770-4e8948d5429e,VISA,7af5317b-c64e-451b-ab71-212a3a07e681
ab583eec-9f40-4099-b3ae-f972b3ce59fe,MC,f3c14007-da9d-4257-8230-dd48b4e15552
0042fbff-c63a-4a32-86c0-36a0ba04eb18,VISA,db30bf97-afdb-44e8-87ac-7c41159bde77
95b02fcb-aba6-4312-86a0-75e0dd3ab8aa,MC,2d59f252-9dea-42fa-a64e-9b0d4d1e213e
0ea1f938-c82f-46f5-855f-5e7b9177211b,VISA,568cec8b-21a7-47ae-a2ea-b2d1ef97a6cf
b92c8af7-94af-491e-9094-e11dc4bd09d4,MC,2da327bb-224b-4e2e-8550-2272d9e5953c
eed54dbd-c6c8-405b-b8de-dcf6a62fac84,Discover,b31886c1-bc99-4770-86ad-dffe030a2a10
d263d223-11a6-4bc2-90cf-52428b2f197f,VISA,e5d73bd9-25fb-40d0-9e00-881e66894d26
5a46b457-6524-488d-8179-320f3ee76a17,VISA,7b484fce-22ca-45b2-9911-ea69744766d2
f97cadd3-aa3b-47c5-b765-25771e5f9420,MC,d5efbfe2-ebb1-42ed-ac7e-6f168bdd04b8
415ecf7c-7654-4c84-a137-f36364386b92,VISA,2eb3291e-ce2c-4592-9735-a46586a610f3
307d9191-42b3-435d-845f-b0cee3b6b883,MC,5ecaded4-ed1f-41bb-9449-d23d90c120c1
da583d2c-c459-453d-9e65-6ab4dca0cd44,MC,c5f0ef1e-a459-4417-af8b-1c66cdfc125a
591ee6d0-ee32-47bb-9649-6770db010d76,MC,07e7eab5-e363-404f-8c2f-04b195d5f67c
3f368b64-3e1d-44b6-9112-813757a18df5,VISA,6768d721-7ed9-4be1-b2bb-a3b4224a32a0
ff3eabac-fedd-445b-886d-3503ab921dd3,VISA,ab077362-9aa2-4e1f-8a8e-58747e98b603
9eca7bc3-6631-4cb4-9aa5-b37647e56920,MC,d001764e-bf83-4dd8-b6b7-150e03f71d52
ad401f64-26ca-4a6e-a183-ebea9efe671c,MC,33cd0845-2883-4637-bab7-01e5cddaf9e5
58ac4ef0-ad19-41dc-8663-5db22531ba6b,VISA,aff28d61-032f-4635-aa5f-176e9e70226b
3cdbb624-3ee6-49d0-bdb2-951503d817df,MC,367d42a7-1a78-4ca8-8570-b62d000f958c
74bf6628-b812-4341-8bab-5f7c42e61bb9,VISA,b39394da-2162-4ce3-85d6-ea8b7a1f0895
043beb47-2e99-4274-89ed-771308812ec0,MC,4bb42e78-f11c-4e2f-a27b-3d31eb4c55fb
8883315b-9dd3-4803-a6e8-1fdd66728e3e,VISA,b92ab302-505f-427b-afd6-8c70a72f12b7
3146386f-ce49-4f11-89ec-98b62545dff4,VISA,120123ec-d5c3-4ad3-bebf-a8bfcf1abcdd
5c68be16-d856-4fc5-a380-b655693d1e18,AmEx,c891e7da-33b1-4e03-b057-47cef4e7eadb
c2b40d46-bb29-4293-bca6-d148fe7c7d29,VISA,bb7c0417-2c36-42f2-988c-1e370bf11029
7dbfd437-c560-41be-9b2a-1e772c274af1,Discover,c82c3e2a-71fd-4feb-88b7-a84e1eaf568f
8fffdcb5-c0cd-42bd-869c-e186e6f312fd,VISA,19558ecb-55b8-4aa2-82ca-5b89cef3e100
6d484297-6ec3-4676-85d2-66e133284731,AmEx,0aebec61-afd2-4020-a1c8-f98b0d54f58f
b8572501-ac5b-4e48-a534-56377c51cbbd,PayPal,e626b74c-159c-45e0-beed-dc6d7e4c84d7
273db2cf-2968-4b4b-8177-186c986e1120,VISA,dc64f126-2912-4c18-a112-6e27cb98cc33
884e0b57-6d99-47c1-b6e7-117c7bcaf3e1,AmEx,fd10ebb9-523e-468c-b133-649b35a79b4f
66173004-1758-4926-af23-4d88d90c73f5,MC,93ffbdb5-8ece-4015-a6fe-c2b238bf8b2e
61df7a49-17f9-47db-aa94-11555fb03feb,VISA,29c07bdd-aedf-4ed3-8ee5-976a8918b8ec
5fc60d35-74a4-4845-8544-0551eef04019,MC,a7807430-48b5-4106-be2b-27b485d74c92
6c86632f-cc4f-426a-979f-0c734fc07a0e,MC,4b69d4ec-ed5a-4d08-89d0-7268fcc6e289
40a5241e-ac90-4a11-a5c7-7498537549b3,VISA,70909198-1d90-4d01-9500-60d443c4f907
002daeb7-7b47-4b89-a5f0-b06cf3adbf40,AmEx,1edf112a-e5dc-4b5f-a941-1eea076dae2e
33158f31-38ab-410a-9339-a955520e7593,VISA,7a690b0f-b46f-44b6-a0b7-d28e1b98703e
27296bf9-a194-4fd7-a866-6a464c10d2a5,PayPal,053ce9e6-0647-46fa-8bf8-79f8f7f26d46
8adcd1c3-b2c4-46c3-a31d-2f91d1d8b83a,Discover,c0e64085-03d1-43a8-95aa-4f4542fae824
f0ae4218-8d3f-4b4d-8822-e24e29f93f30,VISA,df32bb07-0a4f-44fd-a39b-60c143ce15e4
b7c86cdc-c5cb-49d9-944f-5628ef8d53f6,MC,a691a88f-57a5-49b7-a1e7-77bcac1734af
ec34391d-1ab0-4884-95dd-685c0c8a90c5,Discover,e9bb21ea-9696-4aba-8227-265f082b650f
4d869653-ce7f-4470-b630-b9712cae6b76,MC,236dfe63-858c-4c57-ad6c-4b92e65e3fc5
f5af1066-1c93-43b8-b773-b2968565ecbf,MC,2e40f0cc-b9b2-4bc0-b9dd-576f24a60698
c7bc65d4-da91-4bb2-aba9-04859d214d3b,AmEx,6cc4ecc0-c976-49d2-9ede-b14592e8b87f
8cf1e64f-bc2c-4751-9e6d-a53972855d29,VISA,5ec28158-5ad7-4664-904f-ce63d768b0c6
aba3b145-baea-46d6-b286-bf40407f6e3c,PayPal,c09172ab-aca1-4c6c-8259-2e9e48ec31a8
e132a274-e044-468f-b6d0-87a7a7c25dbd,VISA,14d64fdc-c3f2-4be9-8e2d-159e3dd92312
9f3e19c1-6ebe-4f55-a193-a66e570d76d9,VISA,cc031197-c717-475e-bdbf-5a84dd7b479d
de866985-708c-4d99-baac-1449f612f5bf,VISA,873f1889-e55c-4aad-a01d-023e18309cf6
6f396469-a60e-48f3-a793-e01ba1dc073e,AmEx,9b276ef0-ccdc-46e5-8630-4be06ce5298b
0fb45ba9-2adc-4d9b-90f0-4da85d1d2383,AmEx,2e47820c-e506-469c-aff2-e28454ba6dce
c15b42aa-4b27-4029-aeaa-c69726b2248d,VISA,ccb62b25-02b2-457e-9a38-e362706b2b58
bef6815e-b0fc-4e6c-b848-a939e714085d,VISA,775d234d-7cd8-42ee-857a-6b62c9ba43b7
ca72215c-cc01-43e7-8bfb-6b2f4a68569d,VISA,3f343bd4-d141-4993-8630-9c5efa9d9404
f13289cf-244f-40ad-991d-9aea20887106,VISA,df852665-1e1d-446e-bdf7-8b8ed1dd5c38
543e05e4-f134-45e7-a8de-e920159c3dfe,VISA,69a7e652-9c3a-47fe-af93-3595536d69dc
c6d79098-3b80-4388-a0d0-a2c510c98389,MC,08290fe4-ecc5-419a-a124-23f5c53b54b4
e5cfc6b4-3657-48a3-abca-c7bc22a19235,AmEx,34c97e4a-1085-4ffc-8790-2ef7b842c533
169c18b8-9838-4f03-9a33-5cda189b8acd,PayPal,b9050aa8-a1ba-4e56-a83b-479f310cee8e
e20cd1d5-2fe8-41b5-a7c1-0532f3a9dddb,MC,43ee66b4-5456-4a38-a447-e704b7cd9982
04ad2db0-3b54-4fae-a3da-1f9afcde0922,MC,d8552b3e-7220-4f0f-999a-aa5fa71b3d91
ff3b26b4-90a7-4671-888f-ac0bb99e2daf,MC,01eea499-7b9e-4335-be05-6aa6bea3fe6c
6910f6c8-7486-4d36-a3b9-8c5520976a4b,PayPal,c9ff065d-9f74-4ed6-b881-055d1d9efeec
e414c807-f8a9-4b2c-9c0e-023be1988a82,Discover,8944711e-3df2-4c29-bc4c-383fdf99c3bd
28283f2a-b1b0-4c4a-85d2-7f6e447cc534,VISA,794514ad-f960-4d0a-ae94-643937354aa2
7bf265f4-ce3a-40c8-98ec-9f52e52125fc,VISA,b7436385-64df-43a7-8fae-b86ce8babce6
9ab47973-e66a-45df-bcaa-0b94e73d4d5c,VISA,71365fd7-de4a-4ccc-8824-747938fe5526
2c583d22-7e96-46fe-82dc-dfac41947476,VISA,7ae79ee1-e915-43b4-9c0c-61ca49855a8d
ab335028-1c3b-4333-9d34-fca69a6dd046,VISA,8119a661-5a20-499a-9f2b-478b40a29bc3
75b355cd-5800-413a-9a09-7e57e07ceb7e,Discover,1ecff3f3-17bc-4c22-b57a-6708bad8d5c0
67906ea5-eb8d-4ce1-8a81-f0d9c0c5c6fe,Discover,e55084a4-2162-4a37-9d2f-d4c9ff3a3f5d
1056bbbf-2a09-4660-a5a4-d93eb8440e5c,MC,b3996eb8-d262-417d-b7fd-5f568ab61ab4
c00f2f4e-2ac6-4c08-9e78-f17cedca6c05,VISA,e4ab107f-c9c4-444c-a1ce-55d58400d9f9
0cd26371-2b59-41bc-8fe5-f95f1dc2a121,MC,b1a1fa26-7c5d-4477-9a5f-ac9e6fbf9d7b
a3d28bc7-d7bf-43c5-ae50-7c02da2806f3,AmEx,34a12d46-250a-4079-b6d7-1dda13e6e190
ae81ffb3-51bd-41c9-bb7b-07af44782b4e,MC,b5a5378c-7ad9-40e0-833f-b0b7dc6de0dd
9b88034b-f3a9-4499-a67e-24c809890508,VISA,c52b546a-006f-4092-b47b-fcbae17c2878
ff2b85ab-5ca3-4f7a-a9ca-3969763ade29,PayPal,d461d042-2bee-4230-a2b2-0f2b029184a2
d8851118-2e6f-4e50-b85f-a6d7275dc0c1,VISA,79565bec-4851-4f22-8ac8-c18c17c2d13f
710aed57-d20f-4863-b437-8afae17a6fed,MC,737fd8bd-48a9-4154-a1e3-e0188edd203c
012099ae-98de-4657-8a92-f8adf41a6408,VISA,ed8edf1e-3985-4845-ae1d-82c02f486eb2
dcb155fb-9e62-4ff7-b4ff-e2e042e04e6a,MC,02e23d56-ab1d-4ca7-a0cb-a6ccb672dab6
00aabbf6-1484-4394-b6b3-22ebbaa0ca57,VISA,324cd59d-8c4c-4c71-af7b-032cfd744bad
e96c0cae-dd9a-4b09-84ea-20a8fd8466c4,PayPal,a5b56012-9cdb-41bc-b89a-7a9b26e664cf
96bfa039-3a3c-43f0-ba3c-8f4fe2886c50,VISA,3bde030b-bd27-4bee-9d54-e68de0c78d19
264a2221-6169-41c0-bdaa-0b8d190e4232,AmEx,fac89d8b-c89b-49da-9c48-fca7fb7c7b99
899b1046-4efb-4969-ba97-20b66868810a,VISA,f9e775ad-7509-4693-bc42-8abebe301358
1bacf949-d905-4c0d-a28c-63fd0493cca5,MC,a1502cf3-3b4e-4337-90f9-c8c89ef87062
ac6fac6f-e83c-4df1-b996-294c9a788c76,AmEx,65c4975e-3127-495b-b5c2-a47a63355032
07cb8533-95aa-4a8f-adc7-c229c13b782c,AmEx,8ba3b7ed-a455-4dfb-af04-52bc01bf5a3f
2206efce-a6be-468c-b305-7f6705cf60e3,AmEx,463d0742-02b6-4a7e-bb17-8ce0d245d17b
94f260f4-a4aa-4f8b-a573-1fd1e625b9b0,AmEx,aa3b0c3e-8031-4851-ae9b-e2a5ebeef8f1
ab06645a-96aa-4bc1-8eeb-e2a338788f69,PayPal,0571a7bf-2cd0-41ef-8b5b-eef9f2b8a0fd
d088f976-b8a5-4c8e-90fe-c1846879053f,AmEx,137d6243-8869-4816-88df-2c454d251a63
35777233-b13a-4bbc-be38-08c85a5420f3,MC,db7ea19f-96e2-4998-91a9-3e0bc3364f6c
6a452aeb-c04e-41d5-af38-7b32436f5be0,AmEx,323be624-0ecd-4cd8-a4fd-55b95f7b2b8a
c782d8f9-181a-4fa7-a15e-e26633c50597,MC,71dc098a-02b9-40d7-b5ce-1f27e4c90249
4cc706c0-dc85-4948-9eb4-fc440e5fff38,MC,cb14da70-dffc-4687-a87e-3971a7bf071b
32631051-9a16-4f17-995e-19b06abe40d9,VISA,ef2da30a-f0af-4e32-83b1-6c01b6858fd6
9f6d7d36-ec92-4bf9-99b9-d57506dd5e74,AmEx,16c82de9-2276-48f2-962c-dd7a715f9124
683ad504-8730-47d9-bef7-271f1b4860af,VISA,dba22d14-2b2f-4924-8a26-3984aabe339b
07d93bcf-c802-49eb-866a-7e36567c07fa,VISA,57962e9d-49ca-40b5-b713-509c345d3e17
721dda61-5272-49c7-b9d3-b06981b63f09,MC,34868ac0-981e-4884-8811-ee9a048b6d6a
d31056b4-8973-4124-8c66-2192b66d411e,PayPal,fc12f2b2-cab4-45e1-8331-0f70c4c4e2c7
78e2ba06-f333-428e-b734-8227497bc81c,VISA,89fb784e-60ac-4e1b-869a-21acca7d4b14
dbd7ed89-7fa6-4026-8ca0-b7018be9e2cd,VISA,9317362f-05a6-4f13-a842-f5a401469145
b572760f-1f15-4fa8-9368-c7106cfaee9e,AmEx,33a2176c-71e5-4480-bd64-d9ec7e88b051
5d79b53b-25d9-42b5-9bf2-151c4ffb91d5,VISA,060ff92c-fe81-4b59-ad7c-6c1210cc177d
3195fd59-903e-40db-b685-71a7c2419103,VISA,c76a7b9f-c800-4473-afc5-3863d9d3bca8
28453cee-59ac-4593-9d02-c43de817632c,Discover,1c704fa6-180e-4795-85b7-57cf93f6355c
41e52b21-95e0-43ec-a943-b6f62a32a327,AmEx,597fc626-c149-4daa-b732-fc997f559b4e
c492c9fd-8bb7-403c-b977-8bd8033fe2bf,VISA,45b67f6b-c7d7-43f4-8c62-b5a22fccce16
8bd2fa7e-9b5a-45ba-b186-4e1e35c9c411,MC,28b25f0d-f5d5-4075-86a7-bcba16ed360f
6793b78e-e534-4666-920a-c2e18c864812,VISA,284943f2-16aa-4f67-bc6a-3632f0487d93
c79c981a-06da-4be1-86b0-d71bab6dcd68,VISA,c54218af-9272-4f3e-8898-f520683621fb
71f67617-e570-489b-9c90-b12e734f260c,MC,0ea07790-fc38-4233-9bdf-fb7eb0fdd56a
ed1d7106-7cd9-497c-abe1-06c321ab6529,Discover,6ef4be43-b448-4413-bac9-0988342812ef
05d4e40e-45d7-498a-9738-99d3859b786e,VISA,4b33bb0e-bdec-4622-8195-370df8e02ca3
c15a82b6-33e6-40af-b60f-7dc443c352e3,MC,38794222-fcf4-457c-a7bc-d70cb3b48f8f
f24f0752-0a77-4237-aa8d-5935ac125b78,Discover,d9d78dbd-03dc-4a4a-9b07-7cb9a825b89e
7a2246db-47d1-4fbf-9fa5-0959aaff9145,VISA,ddd41bfc-42c5-429b-8cb2-3acccf624582
9f297fcc-8e1a-478b-9782-f5c03128a279,AmEx,1c73f40b-11b8-4de0-8093-af7ae40c0806
19d7bcb9-6fa1-4778-a728-b0a00cf00ad2,VISA,6261fe12-29a7-4396-ae81-133946c99674
c5291b23-8be4-43c9-93ce-d99561ff2237,AmEx,0a263c2b-1f15-4e7d-87c1-180419e80b02
2b56993a-b4a4-436f-82cd-5c3387ed9836,MC,d2b22215-0129-4972-8089-ca6bca994a35
26b69534-0230-4a41-809f-09c4beb279df,AmEx,78f93992-4dfb-4f88-bcf6-1ee4cb160f63
5cffa5ac-36dc-441e-8ef3-7794feb67e4b,AmEx,1fc0d752-6fce-4fc6-a89c-7becdb0db64c
e58930ba-54c7-4cb7-b7b5-8862257d63d2,VISA,cd6cb3aa-13b6-43fb-8fd9-da4460e8fc9f
8b2c12f5-ba47-4297-a1dd-46f8093597ca,AmEx,3ae58ff4-a953-4ab9-86e9-cfc88e5649ec
22d89daf-66e0-4aef-9c2a-2eac0662b86c,Discover,fd4da336-9787-47f5-b6f5-0e4774d88bc4
29b4c139-b7fe-4af2-87a6-92a1d2f81fda,PayPal,00460c33-baad-4bfa-b8f1-3c2b07c4b377
ae0b0c6a-f2ac-48d8-bff0-0000f4b7fe74,VISA,83ca2a97-61e0-42ff-8a51-a616b43de814
975857fe-0821-4335-a055-0fa31c898422,VISA,c3d96e65-dbe8-483e-80d1-0e85fda6bd78
1bfa21f8-6f45-4816-ac9d-a72321ae42bf,VISA,6f09085d-bba2-41c4-a146-7837ff3538e2
016b00dd-2427-432a-9a8b-a314ae94be4e,Discover,b4676849-cb9d-4a2a-9642-6b8dcb383dd8
15e12ca0-10b9-45d7-84f6-cf44474fef34,AmEx,417917b9-e912-42ca-b783-6bf30e318b83
08f25643-22f7-41d5-a306-cb3027b66729,MC,7687b7f5-5c46-4a0e-967f-43ace047698c
efb3f064-fdf0-41ae-990a-3484dd582d8b,AmEx,7c93d5cf-8c79-4c28-a85d-293020fe32ac
d9ca2aa5-9b5b-4ea0-af6a-0d2218ac00ae,AmEx,71eb2ce6-39ea-4b31-a550-6179010a5b72
ce1c399c-4013-429a-bef1-b19c6f069ce4,AmEx,ab44d8f8-33df-42e1-bff6-6c23ab6efa64
60979f2a-4dbd-4536-bac5-bd4f388b4d6b,PayPal,82fcb5c7-3bb3-4c94-9dfc-86384d713c9f
88cfd863-7be0-4fb6-b635-91723678d438,MC,55fa88b8-5784-4807-8421-b746626bb2a7
1d376e80-c3bb-423c-a705-0850d9338bdf,VISA,f7d10339-8e09-4532-b94d-a88b670fb986
f62a324e-7787-4079-8785-c4698d3c80f7,MC,fd8bcf37-d651-4497-8ef9-f786cd77f271
fa66d767-2c72-448a-94eb-49b166f702d2,VISA,4c7ac5d0-8fbb-432d-9271-a4af89ace9fb
ed578517-52e4-413a-b280-b657371dafd3,MC,29581f5f-b35f-4966-ab6e-f4ca518d9fd2
1d6ba8fd-8a20-4904-952f-99f390975355,VISA,2bf2e553-8037-41a2-989c-641502c1e4fe
84f5354f-bce3-44ac-8a17-6670d2097b3c,PayPal,2050ee39-aa60-4dbe-be94-bdf641b00b31
42911bd3-284d-4da5-9de3-8c72084809a1,AmEx,470fd704-40d2-4fb0-b24d-82053ef2a140
dd1b01f1-bd3c-4c6c-87a8-2c08555afc98,MC,4a30f4fc-561d-41a9-a038-d8c46a9234ca
f7a2102b-2e78-48ff-9275-358712791db9,AmEx,839de48f-b8df-40fd-b579-809caa972ba2
8f2b0ad9-6ce4-4646-aab8-fc7dc2aa0065,MC,167868d2-2a86-4443-9f0c-0d4641818243
b6e966b1-1a3d-447c-8bea-91e9cfaef249,VISA,e85ee68e-b100-4dc8-bf15-82ca0642e02b
cd9a579b-d734-45a5-8a93-53af426d472a,MC,34088e04-4106-4f05-85c6-08710bf7eaf5
cf4c8cd6-72c9-4278-ac07-c0126f3e25ba,VISA,91de6283-4c57-40f2-95f6-0faca55bf109
9dd5d6ea-8117-47cb-9222-2a0e263cb87d,MC,01c7c8bd-4acc-4ded-a3ae-3bec8f0793f6
1d784f19-754c-42fc-b538-b1fd11bd85d8,VISA,309c6722-85a6-420b-b330-1fb773e74ca7
70b9693e-c167-4f21-b7d6-004293607741,AmEx,ab0204d6-eba8-44bf-804a-2481454e296e
f557b606-e2c7-474b-a2ba-d4e2154ce00b,VISA,5ad33eb3-7679-4f1c-9cf8-0bdf57c0100b
e5bc81cf-2e65-4d0c-bedf-b1eef3cf8a97,PayPal,162964ed-2057-4a1c-9cab-41a6f10770b2
3dd3b88d-f656-441c-932e-48cb9d359927,VISA,9b6b77d6-2643-4a05-9556-9798f0920ce0
0673a3f5-0111-4584-befb-f7d07c49caea,AmEx,4d4a72d9-cb8d-4efd-9ba5-abc6bbd2f785
0894adbd-1824-4dbc-a4c7-c7a00b758f93,MC,f7059a29-d88f-45bb-b91a-ddd492a46acd
5e291321-2c70-4c6e-bbde-04922eb2472d,MC,5c91fbcf-5d5e-4a2f-95bd-00096c566001
e6b9a544-fad6-4062-998c-2d4e2445781c,VISA,113870b5-3037-44fe-8b98-883acf7f3b2a
a2a5ad27-8bbf-4b8a-b09d-3c391fc3cd0c,Discover,fc7b272c-6fae-4851-b7f5-b606a8a2730c
f186d0b7-10bd-4ea3-a42e-294f52a9591d,PayPal,77ad3560-180b-441a-86e8-fc7555c6f11d
e82d59c3-505d-463a-92fc-c76be5344f19,VISA,11114147-0f06-4529-ae1e-99015281744a
e2414b97-4e29-45ff-a203-a79885b6bc08,MC,40802cbc-aee5-4c9e-bf78-00d3b7a50281
2f9e0bbc-7bf7-4fbe-984e-acee12a626bb,MC,ce5e9c5e-3bde-47fc-bf19-7b0e189b5915
fdd21a9d-0c8a-4f20-8f74-7e5d07ea5179,MC,cbf64564-c783-4807-8035-ad7d22a0ffad
565d4bfd-88f8-47fd-9c8a-e1ec9bf90d69,AmEx,f0dac8ce-b7bf-4555-be0c-4aebf040339b
3b2e8fc5-4375-4d5a-8e15-b5693916771a,VISA,40b79455-62af-4ece-b4c4-50f15df1d298
aa47d52e-b0e6-457a-9e11-70afc81e5398,VISA,2957f760-8a0e-47e0-9eef-442fa8ecfaa6
4f5e4f61-22a8-4ba1-847d-5755aaf27653,VISA,cb7fbc5b-7576-47eb-a30c-7df6393467c6
bf6462fe-012d-4dbb-8487-80882f2a15e2,VISA,bf6c6a55-c802-4dd7-937a-60f5b06e9bba
1484c668-89ed-4d0f-b0e3-8de45b538b08,MC,0e054a50-20ff-444b-89de-d3fe98cd4175
a9daeb1b-17ca-48bf-8deb-ba6b16c319e8,MC,267cf786-4e88-450b-a615-44fe7f8be459
59c7b3cd-52d3-4cca-a2ef-cce33b4a2baf,Discover,93351d55-a114-4e06-b5ad-304cd9996ab4
64ab390b-e60b-49c9-84e0-e0320470c5b1,MC,65525108-3018-4ec9-867d-c4571124e357
c16d4f46-a6bf-4871-94d5-87a344b41702,MC,e76e5411-79cf-4768-9155-9875f6bc126a
317cc911-f551-45d2-97b0-712ec41a805d,PayPal,f9200897-5cce-430f-b944-492111a9e101
dd2bdb80-b9b1-4df4-b4ff-c59e7b84fdc2,VISA,5e8401ac-33aa-49ed-a58b-537e5f5e0008
0bb5387a-f470-49ec-9404-e3093ef352a6,Discover,cfae8014-0bb4-40f8-90bc-2dce3f34e1b2
4c2d0bf1-f6b5-41fa-8703-13659df9f0c7,VISA,40c7f63a-d93e-453f-adb0-be2cb57cfdcb
fa19ba6f-f140-4dd5-a162-a3c5f6a7101e,VISA,4affde37-e18b-4d65-8ffa-82bb3fbdfc1c
f4535e61-d304-4e44-9726-01f3c521cf1f,VISA,3449ec25-d586-4738-82f9-b00837f9b039
c34aac58-8131-42d7-afb6-8794796c04ac,MC,925be025-d814-4910-8905-2a5ac62992ec
d3b652ae-2ffe-477d-8b6c-9e7c2fc3191f,MC,8a66da7e-39e6-4556-bb22-4c99279eef1d
69b74df2-a569-4afb-8c94-8f7876e5c129,MC,28475507-4ca0-4ee9-8cb3-5c5f6fca0137
fd3af4ec-cc1f-4bc1-a70d-0fb825e423e8,Discover,1d717256-758c-4552-ad18-b5274f2d10c9
bd09b528-48b7-4088-8f21-2c9e8ff473e8,VISA,47cd8bfa-9a6c-4f82-9bd5-a4d34c74e2fc
290abaab-1c68-434c-9cb5-ea0a7751a169,AmEx,f254022c-383b-47ca-8fea-186449c71ddd
3623503c-754a-4c63-b87e-d07ffdb64394,AmEx,ff63c835-a9d5-4792-87fc-cc36f02e0495
d7403eaf-b0f0-4db2-a305-a4ccdb13e585,MC,9c0c24e2-2e31-4b84-8b91-5919fac63a98
f1fbbe47-fcf1-48bb-b0bb-c893ee5acf50,AmEx,7f22d138-2155-4c61-8dc6-e5efa9a10fe5
be523f92-4eb6-4b94-b0b3-1feb03b1f834,VISA,7eae6f40-a567-417a-90e3-1aef91026252
8c9ea9a3-e43d-4742-8a2c-6bd596bfb7bf,Discover,cfdb4d2a-ee05-4e19-a3df-9e1ea0f037a7
ddeb281d-d8c3-489f-a94f-5f9dde31292c,VISA,9e8ba1b7-3a31-467f-a403-daaf0882645e
fcacbb10-fe05-4723-90b6-6e8ab7493887,Discover,a3d39165-97f4-4e18-a042-38864720198d
3299b0f9-f415-41b7-bcf7-2b6c6f0b3453,Discover,c46a5928-a7f4-4575-aea5-039a27a99dc9
f5dbf765-ff73-4ddf-8b9b-2c063fdeb7d5,MC,3c00ba5b-4103-4cd0-a978-59483be36105
ee7c1ffd-f167-49c7-aeb1-f1a0d52b376f,MC,73611874-e9d4-4bc4-b108-0b1ccf48588f
ab2b645f-50ee-4a50-92ef-5200c43ba9b4,MC,06f903b9-0efa-47b9-8ebf-d6573e7f8052
e26103d8-3ba9-48ef-92d8-c2a480945f00,AmEx,10aa851b-16ef-4d63-912c-6cb8a93671b9
3eaf0706-5353-4eba-a18e-03af199fdf28,Discover,868071f8-d45a-4e8c-84c2-ea3e157cce2e
c87c403a-e220-4a8b-aa06-01962b89762e,PayPal,38e318ba-d4a4-4e8f-afdd-86cc1aee22d0
321d48f4-c946-4115-81f6-07a366416b50,VISA,62a5e2c2-509d-4d7c-b111-a220987684a3
dfbd4788-56ee-4ee8-be63-fd6e756bb0f8,VISA,535534a5-5508-4a5c-9cc4-d478018e761e
b2ff8616-c668-4d4a-89ee-726522205ed8,MC,dbe13850-18b7-439b-b1ae-0508ad6d9f9d
d8e9a30d-2eb1-4858-a5f7-769c739c2930,PayPal,ad27a342-4b8a-4e1c-b73c-05833a49982e
1aa3f883-9655-46fa-b714-5e3da002373f,VISA,89068e46-801b-4ccc-a5b8-8d4ccc0518d7
799ebce2-a9c9-47de-86e3-6bffaac59d1e,MC,af571656-9072-47d2-b55e-663f7706901a
c52c1596-7781-45d4-b37c-fe7a5574dd98,MC,8176bea8-3a2f-47b4-931e-15b30aa0ba48
df885d3c-9de8-4b07-864d-c0e9e6044c95,Discover,2c6af2dc-b515-42be-a833-a76d674fe27b
b12c9c78-e95d-4514-9916-efc103c1a50e,VISA,cdbb81bc-d8a0-46e2-9d1c-b862bf7cd61c
f2badf33-676d-475c-bf8b-5286733ee660,AmEx,c21ca138-1c05-4815-9b67-c5a073707a92
0bf503f1-01f4-4e5e-8fa8-60fae6f6d7ba,VISA,958a56be-c0a9-4479-8193-79860431bd2a
423e828d-7cdb-4d67-bfa7-1f4c30db1184,MC,205a314e-86c9-4e37-828b-d504d5ddb2e9
53aadb1a-f59a-41a4-b463-df38f91b5e51,VISA,6a18f9ab-5bd9-4181-98b7-f792e22c82b9
c1ed16b6-571a-416a-98fd-5ef347a24aee,VISA,f28c43db-bca6-4162-804d-179bb265d306
c4f9774d-757c-4000-b391-ae3962e76151,VISA,0bb9f121-1c78-4023-bc29-a746ab5d7cf0
6c86893e-dd2b-43db-bb6f-6e7c73432ca0,PayPal,1e83c20a-a2fb-458a-b6d5-8ffa6ea3e8d7
894a2df3-3865-4019-bd43-8263f6d6a837,VISA,3458f105-ce4c-48c5-8544-3d6c4fa9cc36
d7f76110-dfe1-4724-ab73-9db227c0224c,VISA,3fc593cd-be86-4d3c-80eb-f231fd91fa6c
b3a52d2e-af8e-4b5d-9464-543cca738303,Discover,335d1883-3259-4990-b519-649937ec4d0d
b9d27f54-3c5e-4fb6-a530-aae4fef8e85e,MC,7af15057-9d21-4660-a1a8-4b00ecadb461
a205fd0a-fbc2-4c3f-af39-760750df65ef,Discover,8258ae31-2871-49a8-826f-d79ab92dc53b
e2b99965-c2e9-499f-a026-5253363be785,VISA,f345dcb7-20a8-4e4b-bd88-69901b00c988
2460444e-a665-44ee-ae7a-bccc9eaa6a08,Discover,8f57d602-32b1-49f0-805f-2bcdfc2646f3
a7e5493c-d8d8-4240-b8a2-749f59620148,Discover,673cc435-60c1-4057-a990-c92750b67f98
f5e04804-98c1-4100-9641-381b292aa3e7,PayPal,1b9a2f53-c1b9-458e-9105-3038d5bc1ffa
0f4e3d0a-f1bc-453d-8539-97e084549f25,VISA,c12883c9-5a63-4a5c-b76d-933a58b5af24
7a31ca03-85a8-4ecb-9999-42d7a84e43b5,VISA,828f3727-2fa0-4130-8a9c-5c4f23f3a259
682f8998-f758-4ad0-b183-266fd6a20d7b,VISA,f91e240e-ffbd-453b-97c8-aa734502ce4e
0fba024b-2958-4d9d-9954-59a714336492,VISA,40c5a711-3cd6-4011-b459-40bf3de50892
d0cfd5f1-7a33-4345-863c-4ff0bd79ca69,PayPal,bd61cf61-7e64-4b54-81f8-dc2d07a3e856
a1b252e7-42f2-4174-aad8-2b785380cb64,MC,1bf3690f-9c3c-46c5-a132-dd9707ce7481
e5e2fd8d-6032-41e0-8cce-fb1e577030c0,VISA,44d11e74-9aba-46e1-8cd9-65473fdc61af
114f2b0a-45e5-4644-83f2-58a8b85e4e66,VISA,722af6c3-1426-4855-8dd1-c7e31ac48a33
01c208b9-31ac-429d-b528-c30097d2f57f,MC,ff970f38-24c3-4cc8-b3ff-1490881493ec
d518fab5-c8d0-4f4b-8879-43423ea5ec33,VISA,42fe661f-4ef6-4f67-96f9-a361c1e4c3f1
fdf95f16-a324-45eb-a607-1512658c2b6d,MC,eb6fff42-1e64-46ff-8254-bccff63da335
3e19ea95-89b0-4422-a167-824dbc37fc24,VISA,1ad8fb96-8814-40f1-88fd-8047b737d1e8
416cd196-71a9-401e-8d5a-36d476f2bf4a,MC,ef1fbf6d-2b05-493d-8752-506d167d6280
0a3eed8f-bf83-416f-ba5f-c733e3849011,AmEx,a9dea52a-84c6-41b4-92b4-9c12e227f82e
f4a646f8-f32f-455f-a0fb-a79b87a5bcbe,Discover,890410b9-b106-485b-80cd-a378e33e9361
b3c54a6d-3c84-4d54-86dc-fa0a48f6df83,VISA,5a35bead-342e-48c6-a453-634b9bee4e7c
9ed3ac3c-8222-400b-a3f4-2c22d0828b19,MC,20bdb957-7866-438d-8a3a-84fb908e8632
c31c0fd8-fd21-4eba-bdb3-9ef3ef7f27e0,MC,2c4a2df5-f062-42d9-8134-79f875d1c1dd
b6a7b245-7ec3-478d-bac2-5ac8f1f6a710,MC,5b42017d-3db4-4af3-97f8-df5cfe4ea9f9
8651f6f0-1412-4686-961d-648bfb1173b6,VISA,29761084-ad5a-4390-a347-350ba7c9b9ee
78ba10f3-9a75-4ebd-a639-44814bab2afd,VISA,221f011c-b860-450c-92d6-577fe234e5fa
eba8eec9-5fb6-496b-b606-b8d9fbf5d0a9,PayPal,c4717080-3bdb-466d-a172-13652c679309
e3df99ce-5ac0-42ea-9c8c-ea5c809245dd,AmEx,8294f65e-6270-4eec-b0ad-9809ef0588d3
fd56c6e7-c161-4b57-9a73-ddbb741e31fe,VISA,179908df-7975-4b2a-b7ac-3a8c69155698
63b2e88d-c1a4-4244-8055-51e61f6ed6d3,AmEx,3b2b19b7-9eab-48d8-8036-31b690bd61cc
1ba836f0-808c-4459-be2a-41f7962f1105,MC,b9d97722-9f18-460c-9f9e-4e73894d7c24
576592f0-3540-4a11-97a5-132905823848,AmEx,9864f3a8-9b2f-49af-866f-f683314c94fb
cd844965-59df-491d-b9d7-8c7b7de726b1,MC,3ccc9d85-732e-4fd8-9f8f-c5731e6cdbc0
d99c6579-cea6-491a-927f-c9a51fd3202e,VISA,07ab6982-3ea5-41ee-b517-69bf8de29b8d
78ffe9e3-5fce-4204-9f01-82a051bb7c9f,AmEx,bea1d214-cb88-4b0a-9377-6be9172745d0
c335fbe5-b62a-4e36-b012-9c238dd66f89,AmEx,4b5c23f1-8d24-4af2-881a-a900ab5a77ae
00205192-f37f-4d07-8e0c-3d74de83d9f4,AmEx,d914f4e1-04a5-46ff-80ac-92698bef66a6
6be34e04-67ac-441e-b7c9-c2e995121ca0,VISA,354e80df-a2d3-47c3-a242-aa1d605d3050
2b180ffa-ba49-4a11-96fa-6f3919157a38,VISA,bea574e0-fe60-4a35-b6b4-c0415eec65ef
6b815dce-6d8a-4598-b097-b0e23a3087bc,VISA,ea89706c-550e-4f73-845e-a74407d27afd
b880aa60-d8cb-4101-a622-7ed586e4ffe0,MC,176516ff-5b79-4edf-a5d8-cbaffc92941f
a1514753-8665-4701-ba8e-c6c44f3ad253,AmEx,66e02b81-25fc-464d-91df-945305843d2c
d65cd0bd-2df4-4269-815d-12d643aa2910,AmEx,8c6bbcc3-69f9-4c9f-b503-b9f8612713c1
2637db95-4bc6-4f93-a10b-ed6b7ba97f47,MC,46593856-48a3-4e8b-8891-d03bf0e05e7c
d50a9339-981c-4e3c-9944-fb41a4e0bf7e,Discover,223262dd-0feb-4f2b-859e-3cee9c72ab29
cb87761e-e487-4eaa-ad20-efc4f1200485,PayPal,5168adfa-20fc-4851-8566-82246d56fb25
0f71b3e9-9db4-4f65-a79a-28fdda98521f,VISA,19eab796-0e22-4ad8-9470-25425addd7ae
f7252caa-f8a7-4753-856e-07ca0bb83115,PayPal,5877848d-bfbb-4077-89b7-5bc554e0cab8
8db56970-4a03-45f8-b93f-1440bcce92dc,MC,69f6e99f-0bd4-4c4e-8ab7-d5832cab6fe3
5b55912b-bda1-4dda-9aa3-74ba92b2737b,MC,3b9b87c8-8d26-48fb-9fba-1ead09f3395a
730c7de6-be99-4955-9cf7-e9f0162e8dba,MC,ee6aa7a1-e1be-4fd5-a192-1d96abeeaf81
e458c561-6bb9-48f7-9fa9-50e330fa125c,Discover,327edfc3-9b30-4ae6-8e7c-524e30a01eed
b1cc68f4-72a0-4ba4-bfbe-819a5bd089fd,VISA,e7420c7e-8adb-4c24-b0fb-78a29b90beef
2ff2100a-b70d-4e1c-a544-f7f63f0a4f22,PayPal,0c632ec7-905b-46e5-92ed-4019b1b04840
9b992c52-5e18-4a93-802d-5a6d03788b77,VISA,7d020ab0-2e4c-431d-9985-30d7eeb048e6
4e830de1-7ee5-45aa-b5a8-fa5470392b3a,MC,87121624-e8b5-4f5f-a214-de2eaa90c92f
5ecf5550-5fec-44ea-a4ce-de36d3922e34,AmEx,e99cd9dc-3e20-4b88-a9b7-6fb271bc5e6a
fd2b9684-87e5-4cd6-9a61-e70efce3d37c,MC,5609d23c-0114-4ccf-8810-516c1863d4b7
42c0d2fa-ae81-4c90-b8e4-d24d82a60e0a,AmEx,5dd7781d-790f-429e-a94c-a94498931020
37af9b4a-0441-48d0-811b-9bdbf65c9cd6,AmEx,a4981ef3-3ec5-43f4-bd2a-293ab49656f9
7ac3f6d2-d879-4c08-bb6f-9961e3901a5d,Discover,ea06ebca-a2f0-4255-9ec1-c4ba487f3013
6269554b-c315-412b-bacd-8eaef2842556,PayPal,e93bdd01-dd2f-42e3-8160-b2fda368a6a7
c507e868-0631-4fd1-bb08-9fa506d5c8e6,AmEx,7ebae22f-da6a-47ff-a34d-7fffc9eddc46
b24db0db-bd0e-4c82-a36c-c0d664400e42,PayPal,3c3f0b87-2ff6-402e-81f3-e179ff49b4cb
b358d263-78fc-4c7b-bb3b-7985720be7dd,AmEx,7d2a88a2-66e1-4ada-a35d-59fba172a2bd
725baaa9-bf6e-4f27-8bcd-f9a9a9d70387,MC,050739d0-9fae-4859-a9a5-dfda97dc775a
89e245fe-c9f9-417d-98dd-7c098598995d,PayPal,3e935ff5-efe3-45b9-b788-c7070e7be562
84256923-179e-42ee-ada4-8577c2fb25ec,MC,5f3db201-f406-4055-85cb-230ce17ef4cd
d1effe78-4efe-4055-980c-e694c0680f48,VISA,8c70e81e-8f73-45e1-897d-c18593b525d0
4e595d43-e378-42c0-8c88-75ee5e602420,MC,d9d989ce-2c35-46c0-9a5a-197cc30d4fa3
59999aca-1f33-42b1-b095-49cbf1610a91,PayPal,36e8ca1a-a996-4298-9262-e8a348f753a3
60407209-bbe0-40c5-a60d-35dd5e177bce,MC,eeb8db8e-f8d6-46d5-9a80-1acdac92045e
74ac246b-c6ea-4c64-b9d1-ab2cf9b1a256,MC,c49f70bd-a5bd-4cea-a126-5643df3e6432
7ce21486-c338-42df-99aa-69edd732f9f8,Discover,862ad28c-5499-4d1c-bda3-fc5a1b7c875f
fbf0a3b7-e4f4-401d-9e56-cf8d869f98a1,AmEx,923f55c5-fbe0-4bfa-9a89-2e39eb904205
97379d7b-8ec8-4dbd-80cc-f46754b321e6,VISA,4084efca-fd9b-4fdc-bc06-cacb31063954
61243c12-70a9-4b14-b6f3-a48aeba7a393,VISA,459c52fc-0f82-4203-972e-f9475a1cedc0
82cbd0fc-3b09-4799-97cb-20f496fe1530,AmEx,0f0b54b2-faba-4599-a875-ca1dce13bd43
674f0c13-e754-44d7-9c87-7f924f94ee4a,VISA,07cff02b-dff1-45d9-8d79-e950a8b869ad
64cb64e9-e29c-4f1a-a7a3-9344adc3318c,AmEx,3f621054-aaf0-4f20-8117-c0279c98be05
aaa59e9f-3382-41fc-9204-05b757460694,VISA,5616c02b-0e93-425d-b732-3b65545c2ee7
637f527f-c12a-4dfa-ae47-a2ced1faa0be,Discover,20ff08c1-7f54-4ad1-ac4b-51409e5fb243
11e318a1-c9cf-4a55-99a4-c7211833f109,MC,4db77f11-d1e7-47ed-b1fd-b6a632695ae6
20cc92ef-ff2d-4386-a80d-18c73068cd2f,MC,33901c55-b9e0-4dbb-b481-64701dd48fb9
762c28ca-b6a9-4aaf-a450-4e854a4de54d,MC,aa3533e2-1a67-46c3-a0d1-5673ef8fa0f8
9d3dc7e0-9f58-43b7-bc6b-fc8b2cc2e195,AmEx,51812948-935e-452e-82f3-5430b6e67eff
e9897fcf-2826-42bc-80b8-8aa1ff15fab8,VISA,31e7bcc3-7d90-4937-b630-5f8f4687f079
eb6fc6e3-4e50-435e-8499-be3a9616e68e,AmEx,8fbe462d-6d2b-453a-9a1c-e1d0f8e7bcc7
83379a0c-5f0a-4269-a2c5-ddee7a0b6628,VISA,8d67e3dc-cbdd-4178-ad0a-d804807e2b67
64bd2172-1863-4080-892f-43c7ea979c09,AmEx,f79727a9-7425-498f-97fc-4559d4e96d25
231e5b10-da60-464d-ae72-c92ffee4b15c,Discover,929628b5-0e1b-4b7e-a2a9-20d2547def88
b381f8cb-b419-4363-be6d-0ee0f3377fa6,PayPal,519ca658-f1ba-4fc7-8da8-96c0bd73588e
1d99d482-30f9-419e-af1e-16314863d4cb,MC,455980c3-8fb9-4748-a896-170de30204a6
dab47db2-612b-4579-bdd4-998837a173b5,VISA,c5ca445e-975c-4b87-a5de-54cb9f14cd9c
21319750-87ac-489c-aa72-695223d9af3f,MC,8cf516a4-8554-44ab-9cac-614106c130c3
1790e4da-e540-4e78-a6fc-4bcd0ac0a8b1,PayPal,67614146-b20a-4812-ad0b-a33f38453a13
7921b534-5e79-45a8-8fcf-760d4eaba41d,MC,36a6db78-46ca-42e1-abf3-f2ac5bcb1a16
ab0307b2-9105-4c9e-85fc-b80697f71354,VISA,135f979c-f01b-481a-974b-d4f6b77c09b8
126128b7-a677-40fa-ae85-5eb3f6d3b4d3,AmEx,e71f0c68-f80d-4837-a3b1-b929f1661239
a95aabb2-df67-4ba5-aa17-d679f2b895ce,VISA,d978d806-d305-4cfd-a7e5-5de9d22439bf
84fd43dd-2b45-451e-a0d4-0c8ad01b6fa9,AmEx,fb2b7bd5-07a0-44ba-bbd2-7e260b16562b
7196c1ab-0d04-461c-bbc2-328fd89c43a7,VISA,5fa89130-5827-48a4-b09e-791ca066e4f6
d4ceb08d-b445-4759-95c5-2e3175830dc9,AmEx,20627275-62fd-4f64-85b1-68f34df7d8f2
e139e402-bd2d-4724-90f0-98d54c429154,Discover,a592ab43-c7d9-487b-9f1d-9d2c92b322bd
2737b94c-0648-490b-b446-97a7c7bed98c,MC,d92be618-7829-4526-a1e9-acff5cadbff1
18ed9d5c-d59e-49c0-a032-7f65ce3f980a,VISA,6a569d60-b0f7-48a7-9834-af00149bec9e
842ac2cb-8b1d-48c8-93d0-a4b8730916c2,AmEx,531a7369-99fd-450a-99bb-d51d84824801
52410013-0ceb-4aea-a63c-3df598028042,VISA,3dc1ae5e-0433-41b6-9354-3ac99280ee8b
cb7df383-02d8-4832-99f7-3519eae6b4fa,AmEx,d9859e29-a2a2-41f2-a4db-6560c439db6e
24a7c9b2-8418-4694-9661-eb162c2fa075,MC,d1dd7340-f86c-41f9-baca-92d2c0348860
415ecb89-4d6f-4093-8cd2-065992115e57,MC,db658720-1ea9-4b09-8a9b-24ceb8f9829f
3ab588df-15ed-4baa-9914-80406dedbb1b,VISA,26fa8f38-5e9d-4380-802c-e43984c5546d
2fd550fb-6317-4d4f-88d2-5711d73adf54,PayPal,95a1330f-637c-4a3a-a816-1fd9719c32dd
a64d6a31-c238-4f14-a4e0-0c2e93c5bd22,MC,0584e60d-bce5-4813-916d-a3e1ff928f01
998661b4-522c-479f-9f43-7f4ebd98b054,VISA,e91899e1-3528-4f83-a07d-dbaced2c039d
e7f5a6cf-bb9f-4353-a682-9ae7c30c12af,MC,736ae04b-12a7-4496-8146-d5384cc5e065
4d76f511-f6a6-40e2-ba7c-8eac0d864222,VISA,ec7a25a1-467e-46e5-856e-4f8a7dd122da
00dfdfcc-c0fb-4844-8943-b87ad54fb362,Discover,634bd904-bc25-48f1-a460-d412f5c81f16
bca7f9c2-d51e-4b0f-b784-2f953c58bd59,VISA,73349e1c-5dd9-497e-a9e9-650b36a2433b
4f95d096-e8c2-4128-a012-fb8d1c84617f,VISA,e9616f20-c407-49fe-a4ef-eed4dcc3ea17
760196c2-cc23-4a29-9552-76d51bfdd29f,VISA,6cf5dd90-7299-450a-8110-f71577f128c4
29bf496a-0c32-4577-afcf-35aaea8582a0,VISA,c1ab1520-3294-44b6-8682-50059ef9f2c3
b7ad89af-a61d-4d40-a3b1-dc8de07ef9f8,VISA,9d000adc-cf9c-42b4-b71b-d30abf923b5e
0d33313e-e2e2-4fdc-9f02-3e52bcaeed6a,MC,7bc941c2-3f83-45c5-acf5-bc95b034e41f
bb2600e8-e1b0-4010-8226-19fff40f6735,PayPal,0101b768-26eb-41bb-b9ab-e210b0296f87
01e9fed5-ab23-4f23-bb20-d5a759208aa8,MC,207e53bf-32fc-40f6-a666-00181703f557
545ec359-221d-4063-ba8b-51e737fe9f36,MC,eb0e0d8b-f1e2-47cf-81ac-e36145aca91a
624ec729-b983-4733-9f85-155a7d8b77e8,MC,4171e2f3-96cc-4895-9187-c595c6872079
7785eecd-45d0-47b1-ba70-a6372b255db7,VISA,5654953a-cb34-4f7b-8f82-816bb08cc494
453077d1-02ab-49cc-93d7-e0a84831095d,MC,746586c1-eb30-4b09-82f5-d488f2f70bb3
40603df2-dc41-4368-a678-b3417627fd6e,MC,ba049fb0-0873-4977-8b9f-f601d62d7443
75e98ae0-3cba-494b-9346-ddc407a16f9b,VISA,6480df8a-bc45-4591-b3a1-ad1c709bad37
eec6e61b-8c22-4bf4-bae5-72fbddb87fed,MC,a5841f9f-cdd8-4ccd-8840-25c8a2b34731
6a56c509-95d7-485a-8fbc-b1d6b2dbf949,AmEx,5799f672-54f4-4ba1-a23c-de778edb8beb
4241f894-0945-4856-ae0a-ae57291dd356,MC,c9ed40ee-19c4-4e6f-88ec-39364751c779
535bf3fe-cd88-40f2-90cc-8bcc29a64d48,AmEx,c26d4c88-d7fb-411b-89e6-16b3d3d46492
4ba8eceb-8963-410d-a1e6-6e942099e5d0,MC,15f9fb19-a508-45cf-9242-a28b00f42c5d
30d8b62a-9c77-4c6b-b2f0-3f64f4a5c9d0,VISA,0aab7ea0-2b2b-44b6-996c-320ac97f693f
edec8700-11bd-4e7f-8fd7-ce70fef63f57,PayPal,93d5945b-51b7-429d-a638-78ce2c787e8b
5cf70cee-4d8a-4264-9435-482b5710964c,VISA,e4fe349b-544b-450a-9c07-d4a8037370d6
9ff927a9-342b-4aab-aa17-58b819af2fe3,AmEx,e4938bd1-d908-4fc4-bfcf-f49fa7f2107c
e3ba1b21-07dd-4236-9dcc-54b837a2565d,PayPal,c10c6a2f-1809-405c-b924-45ab116e0589
0c881fb5-863a-4f8f-904d-2029cded39b4,Discover,07ac86c9-42c4-4440-a537-2b9a3eec8c14
f4bcc6fc-6a9d-4e27-bb6a-3eac47012700,AmEx,4851dee0-8f91-48e7-a88e-3d45190ea3cf
4bbca0f0-33c7-4c43-b5c0-b6f54948b6de,VISA,9767bbc9-a3e6-45be-8e5a-225e1c9ccdc4
75c1401d-08e3-4a15-b0b3-0ca0562514bc,Discover,24f4e28b-f671-4c09-bb9e-61617046cc2a
ddfe9ef2-cf79-478d-adc5-2076f4d109cd,VISA,78f56c34-83fc-46bb-8d6f-253ee66a8fe7
6920d2bd-686b-451d-9f72-34327d2d1f9d,VISA,057bd77e-1483-42a9-9050-c8da3bfe1725
fb698c35-0107-4f95-af53-cdbce479af2e,VISA,a40e84c6-5933-4487-a0e9-d2897f7ef831
962c6ae8-889c-4ced-8291-2ef57a43b7c7,MC,e7151f38-5b3f-4919-a0d4-bc58dc3058d7
e2ab45c0-cf65-4c35-87e4-b483e374d394,PayPal,fc25f6a9-f021-4074-8aa1-652551f88beb
ea8dcfb4-c218-4043-a3d6-ebcf03472600,VISA,79aea792-518a-4dc3-bfed-18f1cfd93a8b
1cf550e5-4a53-40a5-a98a-0bcfbcf3790f,MC,2aefe5d3-0f88-4bff-9586-3cfe7d6a2e92
d74b5e2d-2b3b-4970-a461-7ea502982890,Discover,b63a2407-fa28-43a2-ac86-5e80e0e0dbff
e9023db8-ab5a-4fc8-a3f7-4a99c274d106,PayPal,0197d770-1610-40f0-a2ed-b69222315497
4204627e-7b11-4d83-9a0a-50696a2f15f2,VISA,fde597c9-fc9f-4321-a6aa-7525f59743c4
c70d78f9-af2d-48e5-8f5a-4d9fb51f4465,AmEx,f0a1ed1d-c03e-4d6d-8637-37bb454e66ae
cba8b6d1-cf7c-4a4e-a1d6-84e494372ef1,MC,aaef4e0c-e18a-4f39-965f-628ef635e4eb
63100ef1-41d6-4a99-9530-595e37d7268e,AmEx,55d74cad-9459-4666-86cd-024ca2873d9d
d5796e06-33e6-484e-a739-8dc3e5d345ec,VISA,29a94447-01e8-4607-a0a3-f0a1a834b872
85c34348-f686-408c-bf3e-c256ed1797a7,Discover,e50e3344-2827-4fa3-a333-307edfaaf343
8ff5f19e-3610-42f1-a46b-4114e335a33b,Discover,200b6f78-2446-4c43-a9fd-f330f60d5138
7578cfd2-88d4-4b64-bd3c-62b506791f6e,AmEx,fbfe48f1-4b67-4bef-a54d-55ba9cf0ad55
8785fedc-252c-4590-8477-0ac105768f4f,PayPal,5c5612ee-2cb7-4e7b-a019-eacb22b2c863
e8432dfe-e4bb-4276-8ca4-0696f8050045,AmEx,3aaf10db-c3c7-4655-9767-d19055196db1
fe721317-b808-4e74-aaae-8e2cb8f1a015,PayPal,79191c5c-0406-4dbb-aed4-967a17b62cae
db2beaed-4dcf-42a6-9aef-32dffea676f2,MC,bbcd56e6-492e-4d40-b916-7a4eecbb2ea0
0ae76eef-ce21-4318-8f2b-eee6793007f8,VISA,f0d8fde7-de2b-45b1-82cf-a2e6aa924b76
2883dc36-c0fc-4c65-ab95-25f85e417c2a,MC,91d8e1ce-abfb-461d-afc9-77181dd367e1
d5811597-4c0e-4084-9dcb-6dd8b667b3c2,VISA,bd419f44-a7fe-4df8-ac59-3f67a56744b0
1c84d63a-bf31-4875-8455-5f5cf9fea9c3,Discover,731bd98a-8acd-4d34-b745-4b59cdff1242
2f4e8f11-3cb1-49c9-85f0-a83560ca6459,VISA,8ccd1005-2339-478b-9dff-e32cd300c282
c849b91a-c980-4eec-8669-190ae919d329,AmEx,58ff32b6-0f73-4ff2-9786-e7d002c41938
499027ec-7173-4769-be91-da923338417a,MC,cbbdd9e5-4c7d-4e7e-9358-c474cbc49919
f3c9047b-e2f5-4f5e-bda1-719c666977f7,MC,588c2067-db95-43c5-ab67-0c9ed452e7b9
39fb1014-9763-4075-a0b1-5c1d945b0d61,PayPal,3d63c59d-e3db-4e27-8f88-352658a0ce7b
2de433c1-b670-4f57-bb35-ad35e098197d,MC,2d2a203d-28fb-4019-9162-4b9e8b2f45f1
80213a3c-c871-4433-b0b9-befa249c2830,VISA,fda1a5bc-bfd8-4635-9991-25633545a3de
4ac52c40-dfd5-4b9a-bda9-4683c2c9460f,MC,5bed748f-2b5e-4ac4-ae46-9d6dd54e2faf
e2141588-057a-414e-b46a-5482221d0f69,MC,b1d95d44-4d76-4554-9f1d-62be6fde72c5
ba802709-841f-4e07-9ff7-45012d8a8496,VISA,2e94b2d8-fd86-4624-aedb-b6c71c54f3e9
e4716c33-d22b-4de6-b1b4-5371129aa4c2,MC,b382f897-b329-42d1-9a71-78178043ccec
ef2786b4-7957-44d3-b147-3a87bb99bbe1,VISA,7de97513-e00c-4e1b-aca0-d8172f814faa
6d068934-2ea7-414b-a7e6-7e4f7c6fd37d,VISA,1e40d39c-09c4-4999-8f2d-4865d6dd46af
b36eb9e1-2f4d-432d-bc48-33fffbc67b91,Discover,8e6d74fc-0785-4c33-983f-6e8f6559e973
469c7d4c-7baf-41e6-824c-599b755bb7eb,MC,e58c5e16-f3a0-48a9-8cad-f02fb18ad50f
27c8d12a-6b75-4f78-816f-92e1e5301a55,PayPal,beedac62-14fa-4b49-9da0-47542a96a2b0
78b48f80-0444-492a-a1eb-821eb3a3a673,MC,ddfb6455-b48d-4bae-8cde-adb25c7bcf8a
e11a7d9b-3855-4769-bc42-af18d969d506,PayPal,7adbc563-5572-47b0-b960-709df964f534
924f7ac4-1f56-497e-b276-120d975f9b61,AmEx,f37a3237-b6d2-48d1-ba7f-eed9b3e5d82c
8dd02526-2c6d-4033-88ae-c5f76fb5ecf4,MC,ed355412-d2ae-4f9a-8049-4a3aba3f50d3
59636ebb-8258-4c69-bc2d-0d49ab3706b8,MC,4a0f091f-bf10-46be-84d8-95affd8319d1
f1eb964d-0235-453b-9706-a0a998f2f3fe,MC,cbd07324-1be2-4e09-a173-6e5b89ebfec2
a49ec22e-e650-4d26-8f1d-71ee8c704a1c,PayPal,99a28841-264a-47b2-8593-1f17b63380ae
3e4aea90-4fb4-401a-9947-e2c1595e3a0c,AmEx,cce4e6c2-aeee-4515-a4cd-9f99dd67d23b
73f99acd-07a0-4cff-9841-0f6fc64dbad9,AmEx,486b919c-2324-4a6b-9115-6733d032b9be
a23cb2b3-d2fe-457c-bf9b-390e1bc00d4c,VISA,1b6cfd69-f76c-4e2d-91b0-dec6fbee1ef0
aef3f911-1b5c-42ec-9454-b3492bd40d7e,VISA,274a62c6-7fd9-463a-91f6-9c1fba76dab1
47f01387-a81a-44f1-8ba0-400097ede924,PayPal,72631309-3218-4042-b5d0-6a1230066b95
cacac1df-4483-4f71-9773-148c74bd8993,VISA,7f3a8115-315c-4dcf-9123-6c09eab00746
061fac3d-1627-4fdd-8787-a4167cc21c01,MC,61ec886f-720d-47f2-81ba-d25e92a54e85
62c7c7a5-251b-4637-830f-2db88f93b26e,MC,e90cfef8-115e-4a80-a0ed-0a468399dd71
db7fb523-1c19-4000-a687-9132c347a6cb,VISA,caff05e5-867c-4fd0-81e2-5323a1d2d9dd
b8c3cc26-545a-4197-a2ea-1cdfdd93a904,PayPal,5550a692-f66d-4f2e-a6ad-66a2a4955c06
ed93589a-8015-49f1-b409-c9d05913cade,VISA,108d1195-f2f0-47f7-972a-187585602457
c80a4809-8b60-46f7-8be0-5ce2cb7167dc,MC,49c9903f-2ae5-4f26-84c2-b15e955c7082
76920371-2daa-4558-86ce-9d371cc2e1cb,MC,6ad212bb-850a-4115-8823-661fcb87a007
b12c0064-395c-4009-aa63-809b1b88f0be,Discover,8b807d49-0205-42d3-94d9-7ad7e938f20a
c913067d-f42f-4875-a220-700d0ffa7808,AmEx,9cc3a915-0119-4533-83b4-78d7e6d1803c
26c7dd24-b653-440a-80cc-b6120d37bea7,Discover,c17304ac-c1fc-4077-836f-2bcfaf110e4e
be7c79d8-3c9c-4940-9f62-9a586d41987c,VISA,9ce878d3-c7cd-44a9-9e1d-2e1fe639916f
8b092f62-7f24-43bd-9aa1-e348adfae2c8,VISA,f1ce1ce5-9e83-429c-bb83-729647353c7a
201aa62b-eb63-4b88-ac1d-0ea272b408ec,VISA,d80e03f8-a7a3-43f0-a282-35fc0ce4192f
6761eca5-6c66-494a-822b-9c919082e4fe,MC,46e188c6-eeb6-4047-97ee-7947954c7f39
da2d4cf1-43c6-456c-98b5-0d5ca395f1e4,VISA,80bafffe-c4d4-41ce-ae59-c46b0d5a2b82
86edb8ab-1bf3-4c7f-b282-1d3af9580026,MC,f72f0e76-eea0-47a8-a8bc-3011fbf42e27
d96efdf2-9aaa-4a8f-8623-8eded9666224,VISA,eb89960a-70cf-43df-bd76-850a7bdc8768
d3f19d42-d4f2-4e66-8d3b-80174dd76862,PayPal,79c23075-4656-453c-b7cf-1fc478df1720
0183ad1f-0298-46f6-a43c-83f0b97ea171,MC,969f548b-abdc-4d73-b393-537382327c6c
e70dd4db-8781-4b2e-9f81-4c70137d47ac,AmEx,8602bf57-98f0-4dc7-9665-d37f3a3976d3
d9797250-f9c7-4660-9491-80308ef2143f,AmEx,28af399a-640b-4910-9133-1186fe20074c
0e75c0e9-3752-4ba7-aa31-dc1966b2236e,VISA,eb8e2fea-db7c-43d4-887a-ada68ead33f9
ffcc96f0-6061-4ea9-98da-7e08a83cde3b,MC,1c08a387-1376-448c-a787-7140bf28943c
8632781d-9c2f-45d8-b21a-3d185a987107,VISA,4de77976-cce0-4b0e-b14b-11881d25befc
8f5f0ea0-4693-4acc-8213-a174cd16784a,MC,35acf7a8-63a8-4a7b-861b-d97a320c34a8
ae826b7c-0e49-43eb-a1dd-0bdce227488e,Discover,f587d56f-f4dd-4f08-bb76-d1072060ac83
9e2389d9-15f1-466f-9b13-91cadac46d3c,VISA,f4198234-148a-4cf2-945d-1e8d90bea670
c258d01a-e40c-45a3-8792-4ff63ff3df8f,MC,4473a8e3-28e0-4f58-84ac-c16a5527f964
2330ce03-2095-4d48-8938-92dcdb89bb7d,MC,7f1603d2-bcdd-4454-a296-f7a3750ee103
dc30f942-3481-4d66-8160-1b738855c5e7,VISA,ffe0c0bf-d3b8-420b-bc3e-eabe83b0bbaa
37a6cb5a-b922-41de-9fea-2ad873223631,AmEx,4f3c87bf-338a-4ccb-9679-570eab86fe0e
bc5b0e64-2752-4980-9e14-f3426aefa452,VISA,88c54e33-89e4-4f97-bc75-edae1a1d3a40
b36c31b6-b20a-410d-b11e-ced4a8b3ae21,VISA,9d01e600-5efa-40dd-8cd6-e8b8303ec265
70c5ad5c-5905-4c09-98ee-43e74f68fdcc,AmEx,8c92528b-d83f-48e8-b298-07efb7490677
defa1101-cc1f-4eda-a935-a9911e93448e,AmEx,44fb5add-3765-4bbe-b8ce-39b142111e8c
6c753ff7-78f5-4247-8d83-471361eefb84,MC,6d48d957-d584-4590-8515-77788de77a24
846fa2d4-ffce-490a-8e1a-a1f3df69318d,VISA,4c5cb1a6-d039-4df4-8923-1eb3cebeb1bc
5867978d-b667-4f9a-a566-254289a3c3b8,AmEx,a26af552-43a3-4874-97b8-c059431a8cb2
b0f698da-6978-4982-8490-b0740b3c5821,VISA,81edf103-9254-4f65-9532-374872426a77
3d58d81c-fbdd-418d-a471-4758ac5a8df4,MC,612ca1a2-5f01-425b-91c0-ab036baab718
cdfaa1a5-2066-4462-beb8-1904fb983139,VISA,adbab3f5-65cb-475f-91dc-5a5f82c891ec
4d109e06-4e32-4110-8a13-c59913244e21,MC,77c47411-e549-4bad-9fd1-c2017bcd603e
3e4a6e05-72a3-4130-a858-69a3343b99e0,MC,ec4e8327-6202-4fc2-8936-844e0c19ae69
5bf6a4e9-dbf5-4a78-ac91-e9cebbef2896,VISA,17c2ebec-a8ad-4c9b-98ba-a41b20bbec14
1ee328b2-5894-4722-bdab-52cd5799c48c,AmEx,66a47729-58ad-44fd-b6b7-56e8d47f716a
8a627c14-b369-4d11-a780-00eb0f748250,VISA,700b80dd-79a1-4fb5-a643-9c827f2488a6
186733bf-6385-47bc-9c99-e95dbcc9e39c,VISA,9d555629-ea5d-4d2e-a29d-aef2fc7902a9
e97e821f-6f28-4a63-9d5a-e11ad751981f,VISA,c9c0248f-3840-47e7-8d06-296dbb221d65
e10cd7cc-e1d6-40a0-b121-6f17639f1c40,AmEx,cb77e689-0087-472c-804d-11682f210b2d
178156bf-e4d5-45ce-84ae-6b3d950efe5f,VISA,b88aa9e5-8288-4028-b980-173f76065353
90c3c0b3-3c22-449c-a3b9-9f9db913635f,VISA,6ae2cea7-8e1e-4ad9-8139-64dfddaff63a
cf44619c-97ec-4fdc-b7af-34f0b8cb99d2,Discover,7d997829-1dbf-4ba1-af9a-f3b0047892a8
adf3839a-fbbe-4f32-8559-bd7c17812d49,AmEx,59753b44-abc7-4538-9629-71bd95207315
6f6efef3-ffdd-4c19-879a-24749b687ae8,AmEx,6da47844-0aaa-4d42-9423-a07b07264e88
fdec13eb-74c7-4ad5-b0eb-622ddd9d57a7,Discover,b6a5c26c-b928-4dad-9b48-3d21170d9009
19e1ad7a-1d08-4b2e-b7bb-3a7bb1ea7177,VISA,694bd472-8b25-46ca-a60e-ea049b85f6a0
5c7ddac1-b563-46cd-ad38-9ee26e0fa354,VISA,ef3a0c25-5fd7-4be4-8eed-72b5a0665e6d
bd063976-3a19-44ec-afec-61d0cbf33ab4,VISA,7b31ee62-23f3-4e07-b1b2-9b1268d45fab
57d7abfd-9af9-4cc0-9210-e6dc3e3bc861,MC,a35452d7-6934-4c03-8c70-9c16220192df
97632953-7058-4ce6-aaab-389a8fecf466,MC,e3d92bcb-6f02-4414-adf0-0a5672ea8e38
607c70fe-7123-4288-84e1-85da2dca0280,AmEx,5db3925a-aa9e-46fa-b162-879a8afa2258
d90df49b-d775-4f77-9a2c-7e6f97b11aac,PayPal,7d05943c-babd-4121-9ebe-23eb1efc9576
3eb8c644-5e5a-4fdf-acc3-00c9f9217033,VISA,ca0ddf66-4de5-48bd-bdfb-d2155fa4fd95
8b330935-f686-4b29-be3d-4fdaff9a4414,VISA,cf296d2f-8c49-47ff-9276-3dab91b8c169
df820e71-3df2-45cd-8e2c-dba64e139e36,PayPal,c8cd3b95-1be0-4668-9da8-1b5771f5fd12
9760d7d2-694a-4de9-8c0a-3396890058ce,Discover,5a3f4a7a-54b0-4568-ad1f-b8ac59ac4704
7b1da95f-d992-4f7a-a9df-9836238a425b,VISA,1423a454-d906-41cf-9295-b0128231165d
8543a5cc-6fb0-416a-a37f-24c65f9f1b4e,AmEx,78cfcdfd-deae-4a19-93dc-ae7dcef910b4
632b023c-37ab-4f3d-9da4-4b418b29d578,VISA,2ce22df3-8592-4fba-a1fe-3fae6ac59d4e
154c5dde-da38-4905-aec4-53e1fb33225c,MC,e43b1664-8bd3-4b8b-8fac-272011aafb17
85a87eb5-504c-4785-8a47-f870c19f2425,AmEx,eb47f053-4484-4407-aa0b-cab639efe0d5
a27ab50f-6e35-4eac-8fe0-c9c7fdf955ef,VISA,17c46079-f420-47a6-83cc-ce2efeeb5f8e
fbd87ae9-65ad-4fff-ace9-9be767edff6d,PayPal,a6f8a730-b88b-4965-99e0-3adcecca0d21
822ca1d7-0469-4421-a094-0bd3d3fa31cb,VISA,503f30c5-a5c7-466b-929a-2af34bb10d5b
e12262ab-24b0-4fa9-81e2-948ab97dfa27,MC,d3b20578-fb09-48dc-91d4-bff59f4ffdf1
246b9534-e63f-420a-a4a4-d37770a90b08,PayPal,069eb7ed-5e4d-4cec-a53d-f945f17dd558
bb3d5bfe-854f-44dc-8011-9662e4d97b14,VISA,cb3d6a0e-c464-40ea-8af4-3e7c955dbc26
a93839b7-c970-45fa-8bbf-354158418e98,AmEx,3cfbffbc-e467-425e-8597-c4f3d96e8748
8c454764-72bb-4c66-b679-6c9b9f35dbef,VISA,5a97fe97-1731-4a4d-bb3a-1e206757137e
0b505fff-147e-4685-a36a-9434f3620337,VISA,0330d2d4-9114-4ee4-9b97-e12a9dc81a44
8a3d8491-d0ed-46f5-8d62-f6d663a98275,Discover,a306e8f6-cfa1-4211-a3d4-62822d68a746
18005e2d-b963-40a4-816a-32525a794d1c,AmEx,96f83ac5-2fb5-4783-a744-580de1ff0691
b8aeb081-feba-4595-8cb9-f890506abc39,MC,ad5278e0-002d-4352-97d0-60da58bf884e
d5d44976-c53f-472f-a017-7abd2db3b2d4,Discover,5c091ba3-6018-4a16-8d87-62d3d1e74a27
ef59f098-d3ab-4ced-8659-0004a49c89f7,VISA,29fc5dd3-8105-4be5-8c7e-ef0f12817c34
e56bc13a-5fbf-4bb7-9ce1-df9ba3a8a4a2,PayPal,8708b616-d759-4e3d-a6e6-2c24df8fdfb6
8f1ed9b6-286a-4bea-88cb-96329f6cce26,VISA,d539ca03-2db2-464a-9662-4420f24297a9
a9bc6e05-4111-4553-ad91-2a0e0083d739,AmEx,bcb72b05-7bd0-4426-a8a5-23b35935fd5c
14a3f36b-d0f6-4614-8aed-fd423857e304,MC,ba5b2b4a-0e87-40c1-b7ce-d8c24868a05e
74219d15-e500-4717-8f93-268e810990ce,PayPal,8906755d-6f64-4cc5-a0aa-f5b22847d360
9353a141-b50a-4acc-9915-05b8a1c3bba2,Discover,9d98fd66-2270-4672-ba33-aae9c2b16d1b
0e619867-5c7d-40b7-977e-6cde6f85fa40,VISA,124da738-4fc7-47da-a254-cf9f89a9bd0a
117db28b-6115-4c7f-bc6a-a8365d524849,VISA,a8fa508c-ede8-4ed1-a77e-5c0039ab2da2
db680233-335d-44cd-aaab-ade6ec1e7ba2,MC,c01100c6-6bed-4782-87be-a24bcaef789a
62d6c8e3-99a2-4056-a90d-21fc5d424ec8,VISA,cfc35882-32bc-4fc2-9488-db0111a9fbc9
0b21dbe9-4543-4f51-9373-34f455fa88c3,VISA,6bec9afc-76e3-4de3-9bfa-d1da4163c381
e1ccafe7-617e-4cb2-94c1-a3c5ac206473,MC,e20b01f4-7832-4e04-9603-acc053fd3937
ce9ac059-2eb6-4660-886f-4c88a561408e,MC,72a25af2-3b4d-43b0-b42c-00f661974cb6
c2f433b1-c7d9-4bd9-b30a-afa5975501d1,PayPal,de63b61b-8419-40c0-92b9-ead6a0a9312e
2f43b12c-5b3b-4cb9-bb51-c18f84d212f8,VISA,5655f2de-2149-48e4-bff8-c4b46c72e8c1
5000c8d7-b4e6-4cc8-a33e-155366761b4d,VISA,00d34b2d-809b-4336-ac3c-6d01ebff4592
31b89ae6-a2b0-4bc6-a0bb-362303d6a072,VISA,6adade73-6193-4015-b1e2-1a2a78b3aaca
e10becdc-34dd-4122-9850-65f7c37d1b6c,PayPal,93f3c9e5-2bc4-4258-a8ec-1e5893ca9ea4
96627227-2335-47dd-b211-c77fc936806a,VISA,39588cad-2965-4d19-99cf-fea88d61410a
d53e97c7-bb4b-45ae-b906-fb0a2935c1bb,MC,f6c493a9-1309-4b9b-971c-f2c233671e93
80190568-0175-4259-bdc4-608deaf5f936,MC,086a1a93-5746-4b35-ab74-32a1ebac504a
8732a5ec-d6ab-4e0f-8665-11f8052f9431,PayPal,d8007177-bea1-47e7-a993-51004b24aba1
df8963dd-cdd5-4815-8955-860524a743be,MC,63cf0f1e-23d2-4447-8d04-1a8b9df109e5
b65c269d-82c3-4a6c-8cf6-a66898064ed2,AmEx,2f8aaac0-ee3b-4eae-b8a7-d7908c47d8a0
c319a1a4-95e3-4fc8-96a0-b4eb3435123a,MC,83808774-6235-47b4-a3c7-c15b82967c0d
fe87f287-0f51-412a-ae49-66468a3a0f3b,Discover,f330d09c-3222-4a9a-a24d-e2b4a4d32bf9
d46ad28e-1931-4d68-8688-a6dd539c59b3,MC,6d738a60-e9e8-40a1-9abf-63a4a6aa65f6
0a4c4a5b-b9d7-4a1f-926a-bb98c80efd54,VISA,52855f72-3cf3-4a3c-a91c-d40b9a9342ab
62675ae5-4d6a-46d1-9476-125c50d7babb,Discover,3acd60ed-1769-4593-8685-818aafb25702
4b4c3b25-f23d-4fd7-8b78-25d81c564297,VISA,e2c1ac56-d49f-4b58-b6fd-bdcf0841d4bc
702dff83-410a-4021-be18-aa75c4e98213,VISA,66f39c1b-efa4-49cf-a552-1a13afd28ee0
f9e7cb34-589d-4f14-a992-c324243a8f91,VISA,d570fc44-496a-42a6-b908-5ec220d2f2f9
53fc9225-2737-4cb5-a16e-e3232597c321,AmEx,915321f4-783c-44d8-b087-e4b8efa79dca
de37bd3b-fb07-4342-9ee3-415b3f687857,MC,bc57a334-7faa-46cf-973f-73e054141ac4
cb511606-7be5-4582-9c63-fdfb8c834ed6,VISA,25efafd9-2fca-4eda-bdf7-24faf17ec032
aea2ca2d-ca3d-49bd-9710-14b3bb4070ba,VISA,36a32a01-a3ff-4b72-b02a-85218b1d67a3
420bbad0-1d77-4287-9832-14df01255303,VISA,aa779318-c845-488d-93d6-3ea7dd2d64dd
8b6b4ee6-1c0e-45c7-b602-40ecb5341d44,VISA,64cccc75-6eeb-41ff-b7e3-d4f5e18f5bff
438ab422-0a3f-4637-aa8e-2167234c27c3,PayPal,756163f8-52d3-4af9-a26d-4c26814a3671
f06f0a6e-1b7d-4738-812d-d45a7dcc2dcf,PayPal,3980a013-c1e3-4f65-889e-835f57a8d243
35e98122-96aa-4c92-92aa-32d73b3b4f86,VISA,704bd946-9a68-46b0-b499-b3e2f130e9b7
defc8896-360f-4b2f-8a59-b26b747daceb,PayPal,ea6350c4-d546-444d-a9b4-26eb43cb63b7
c40a1298-8def-4789-8aaa-b3e870247dff,MC,6f9d8ec9-3a88-4042-ad23-f2c90ae47421
744ebd68-807b-4268-aa73-9e63a0983be2,PayPal,006b6c2a-407c-4d6f-955b-b6b324c37449
6efbcf74-a09c-480c-a9ca-8e805d3b4051,PayPal,c358358d-544c-4132-9252-17f7a1e70d2d
41c308a7-d8c0-4a6b-b236-32354c44cf3f,MC,ee08a50e-e187-4615-bf94-71842dfa88ee
1c1e95c2-e1e4-49f1-a8e4-433e05cbd5fd,VISA,cbc6f970-9da8-4dfa-84cc-2b04674c198b
871f72f4-807e-49d5-95fb-4973d437a7bc,VISA,fd060cab-f046-4cee-9c32-275008a2a07f
c11f0be2-03e0-45d5-90dc-ccf9e2e9129d,MC,47bc7431-ff7c-4a79-95f5-2babc8d0f25b
a21ea130-1ad1-4030-9a8d-9eac927297db,MC,92415bc8-1b74-49d3-a357-6b39036be01a
9bbc8538-af96-4b0c-8004-7f19b6ad3dd0,Discover,6a492d25-5c48-416a-9983-9c01f8358f3d
77ce4754-9693-4fed-8120-fcae3503c419,VISA,2a8fd16a-2e92-4653-8162-9e4cbcb2cd18
2dd4add8-d56d-4ba9-8bd5-21df7eeb171d,PayPal,4d8f3c8a-d5fb-48f2-843c-1964cf8baeea
6f20fe6e-a86a-4b3a-9418-0150470010fe,PayPal,5984a9a0-6bd9-48d0-b4e7-0b3eebd5bccd
f9cfc314-d03a-4070-9903-b1a9b08603d6,MC,74e1caf6-936a-4f2b-aa4a-fffd879b2323
8173cb85-5edf-4af1-8960-9e8cf207ffac,MC,042b2dcc-3ef0-470d-9eb9-aef5a74f8875
83b9f0ef-ef57-4bc9-8299-a612ebd3d834,VISA,f51bc959-e297-42d6-a03a-642c379f7a6c
ec29d4a7-f0f9-4524-9f52-797c00c81baf,AmEx,927d8381-4770-49f7-893e-b06d959967e0
de77dd13-462b-452c-93e4-791c77305cca,VISA,3e5a6a9e-737d-4571-98b0-1730cb69ec09
f28c9049-95fb-40ee-a6ef-510564aa34bb,MC,0d7c85a8-fa8a-48f4-897c-8f5782685b3e
678a2ab2-399e-45c4-ab1d-f971ac8b0fb0,Discover,3b49962a-8a43-45f8-864b-93200d768b28
f5ba7c31-b1d4-405a-93f1-5f8a5bc0eab6,VISA,5c9b0c50-a8e3-41d4-ac97-212239acc7db
a74ad89d-c4f2-4795-8e58-8dc957d14f2a,VISA,b825da69-80bd-43c6-abf3-e2bc12214ff3
43ee2284-acc9-4e46-90dc-ec41f35cf024,MC,8ae9e4e7-1c91-41d5-b736-0222847e7db7
e75cad60-c348-4f8d-af4b-77d643b322c7,PayPal,8f1e227d-f6bd-4837-8cbd-34d050757105
1fa17b06-6a5b-4dda-ab01-39b7e074eb0d,MC,cf0f9907-1627-4816-8fa9-10a5d1fe4d67
2ceba0f2-b5f7-44fd-a7e1-30db9e2bbb20,VISA,a54aa736-26e4-44bf-b57a-c5cad1e473fa
27c232a8-2b7b-446e-8ac7-fb15d43409ef,MC,43fe7440-e5b8-45da-8317-429d56b18603
26d5bf4f-9dd4-4827-b690-c8f0c7e29990,AmEx,8ae1e881-740b-4497-8d26-1db8dfc02fc0
2f46db32-61d8-48c5-8ab3-9381695df172,VISA,039c8524-2130-4200-aaf2-1a0265da435a
adc4d3ca-a6d9-4380-859d-5c28bdca48a2,VISA,0302376d-c8f0-44f1-91e6-177eb83f7e79
a6c72994-210b-4324-bf96-421c6924eae1,VISA,14a662f8-5125-43ee-bb55-3bfac59a2e84
d233dad7-3718-4b08-9215-d672da3dc78d,PayPal,92e2a403-7a34-4abb-8afd-4048577ba909
557e5370-03c1-4ced-928e-26e86cf409b2,VISA,98753c03-2531-4049-83d8-a49491c3027e
d643e135-2f73-4fb6-8700-656fb4d69aa4,MC,c7b6bdb9-611d-430a-bfe8-53d1fdaee4f0
9ea821df-ae6d-4db4-8953-a5f89484fe64,MC,36e17d15-88e0-4ae8-a131-48fd3a8025de
babe2cdc-3a48-4f1c-8777-39783f606ca5,AmEx,5a25b7f7-1410-40fd-88a1-02feae1e5f45
01bf02ee-4c17-4168-8872-6ac3c3c25b01,MC,b946fc92-cc5f-4d39-a010-f78400b1fd94
b88964a9-718e-4624-80fa-c6437210c321,VISA,44ac593e-3600-4e09-acb6-b2e9231ca25a
b9fa3fca-e71a-40c2-a5c6-332b0ed3f6fa,Discover,3821ab3d-3bde-4a7a-9d0b-f42dffac49d1
fe1d5a25-72e7-4fd6-8baa-4162e840196b,PayPal,af4a5ab4-778d-413c-86eb-a76b9c8d5bab
d356962c-4dc5-4ced-8c0d-62731c80cd8f,AmEx,d2dd6fdc-6923-4735-b710-bf9508f5cf85
5d46847f-8535-4e7b-af1f-f4915c4df6cd,Discover,8fae4a7a-69f3-4036-b60d-e02913469bc3
a666c7c2-eab7-4d37-9064-35a0f9b7e3a6,VISA,fb00f77f-220c-41ba-905b-c0a1ff06c4ac
c61e5f0d-49aa-4ba8-a0bf-5a7332e06887,Discover,767e290b-a3a9-4ebb-9a13-4c6f106e5a24
83d996ce-8b1e-4007-944f-d121ab788b8d,Discover,04689be3-b6e2-474b-872d-f6394a4d69a7
19e7c420-7e74-4f00-89f8-35507a6b7353,VISA,62061a9b-0bae-4152-9bc2-73d3b6bc8f07
1cf6fcbc-192b-4581-a164-fd2c024d2cee,PayPal,c86ea87e-5932-4917-be0a-fbe08ade91ab
df986a78-7583-49b8-a020-6aca5e71378c,MC,02ed8f61-efb4-458f-b444-1afa5b9c08ac
f4745b79-4a1f-4209-a526-84f1c597df84,MC,cc06c973-e78d-4e12-850b-4f06a82bbfcc
4b83ec69-be6f-4045-9ae5-f853424c4614,VISA,bd504d41-4ddb-43fd-a574-ee98bf4a6b58
7ddf10f7-5eac-46b8-b863-b29a77a3fab6,AmEx,86dbf928-17f3-4c33-b4e8-2bec07353381
9bd3c39b-e21e-424c-a1f8-3dbbcc98f44d,AmEx,3bda59f6-815c-48a2-b4e1-bb15da216672
f291e5f0-8af1-4431-b5b7-3e2cc8764cd7,VISA,7c003b6e-9056-477e-b290-4ce4edd1d219
6745b378-e0f5-40e0-8c5a-eae576b9e31d,AmEx,a0e26f0f-cd13-47ea-8c7a-9dc3be3ba2f2
1b921ebe-19c7-47cd-878f-a558dfd68d40,MC,1dae30c6-4528-4109-ac48-c1e2f477af4e
d59f4e5f-3581-4dde-91de-ddfc68c71880,AmEx,0c75aaf8-992c-44c2-bdf0-74a4075c67c2
0f90b848-f8a5-45d1-84bd-abc05df8983a,VISA,7f38a716-fd9e-462c-96ee-77f4f8096e63
4258857d-7878-4e58-9841-4912181663f0,VISA,4cc54afc-4eb5-43c8-8c08-61f868b818de
693582af-b309-4a2b-94cc-8ca044029f81,MC,0ee5b5fd-6b2b-49b7-8f59-f50804ddf5db
ef1d7821-fb57-43c9-82c5-e2fc384fbbfa,VISA,d5d7eee1-3fef-4f8a-9b94-ba4a179c0ed1
df7a508b-1c49-47bf-a087-1bbfe7003710,VISA,27e33f3e-180f-4e90-bec1-8ad26c1e7ee1
9450873b-79d3-43cc-9bb2-8d4783b49e7d,AmEx,1f2ad2f2-9e61-4522-b893-8b0b1a25a422
bf2dfaf1-28ef-4591-baab-7697131969dd,MC,7cd2ad5f-dd0a-49db-b39b-e2f95fe7f510
27e8db11-ce85-4c07-8156-6eea77047a1d,VISA,76ef2b65-7ed2-43b4-a285-402d3bc129a3
9b63746a-326e-4f6c-9af4-155afb874230,PayPal,9c120ca1-9f28-43f3-92ea-ab95bb0ba48e
0e27c0e6-d74d-4cfc-9b63-1888e8e0bec3,AmEx,07b39653-0831-4355-a0e1-03af815a6995
2461da33-4aae-414f-b19f-1a6cbed862eb,PayPal,df5f3e0c-2f29-490f-91ce-07db643126b3
0caf5286-6b3d-4dcc-8cf9-4404276e2049,VISA,44a101ba-e9af-4f7c-8236-0764ea6a0b5e
b222800f-55a3-4b89-8c0a-e134f6d681c7,VISA,094646ee-19b0-416c-a953-e1924c0f5cb6
aeab4478-89fc-4ca4-9e02-68732da0cda4,VISA,c1a7d8c9-c3da-4419-b478-1feeb73b9170
a7b857c4-190b-4929-af01-205623a3c20a,AmEx,feb416ad-e28c-4bb1-b2ff-85508c98189d
020794b9-d0b4-493b-a3c3-d801a073e54c,PayPal,0e41577b-2ab5-49f8-9cd6-520cc1a1708b
c03bc061-faa0-43d1-b37f-01739900e8ae,VISA,84a1ada9-06f3-4356-b50c-03323542ddc3
02f57089-97c2-42b4-a754-b8debe4b287f,VISA,ecaa26d1-9055-4964-9639-7856ca85928e
105657d9-3c86-4cf5-bd41-c8d498a5dcab,AmEx,bc8209af-cdbf-4065-b327-708ed4f911c0
b9d56273-a5c1-492b-b648-9a731c54d525,MC,93188087-a6ec-4396-82ec-42c4c0c34fcd
5dec3545-7893-4a73-887f-ff40b31af71e,AmEx,16710c6c-c6fd-4a14-90f0-49814a660a00
35c412fc-f693-458b-a972-6fd974658e07,Discover,379648f2-fbfd-4666-a0a4-6bc21f0adfe4
3e6ed555-ec5a-4ec7-8074-efef3f434e2d,VISA,c64278ff-eede-4016-a4a9-0707e30133a1
ec9623e6-bc27-4034-a1d4-65ec61134319,PayPal,d26ad27e-09bf-4107-8e07-2b4117ecc739
7ebea948-e533-4937-89e8-caef9e3dd763,MC,de427120-67b9-45f4-8077-58f0278f9e05
2cf73323-0e60-45ee-bc58-54f477bf56f0,AmEx,3c97f45a-4669-4323-846f-f37dfaf95695
c364ff54-75c3-4ee2-95d8-9a4c6cc63196,PayPal,c19b6eec-0b74-4dca-920c-5b107555fc00
500d6464-0b3d-4501-86ea-5b7bb87d47f3,VISA,0b700f7c-eaf3-464f-9477-113068d95430
f11a13b0-9c60-4025-a508-e61988faadfc,MC,f718f649-de0d-44c7-977c-570c49056d0c
3ab5862d-8d17-43b7-85e6-0d28befb5ed9,MC,3318b31a-d857-4699-ae81-96863f2f195c
a66fe7ce-0807-4918-bb96-63b7fcc98709,PayPal,2de20321-fa15-47af-9803-940c50e4b238
3504e313-7040-43c8-97c3-b921e1933fa3,MC,32c4aff3-8443-4de2-bbe8-a340e5a1e0b2
b9c647f7-dbff-4552-9cac-844029e2fa13,PayPal,c3735962-b586-480a-a15c-80af3b0bb4a5
ca5986ad-bc39-4e13-8140-8ebdc56ce662,VISA,0303af67-e72a-4fbc-a338-3a0bc61675f5
77638841-e18d-4f70-8a6e-ec5d0feaac11,PayPal,2147622e-e3f1-4b1e-82ba-37bc44e6f3ab
0e51c3d2-a23c-43b2-adcc-47b027efecf2,MC,f6f32dd9-7a11-4c16-ae77-99cb88827649
bf8121a6-9b90-4cce-ac95-6afd701f5070,VISA,c2c4efa9-a1b5-4b54-b5f6-098e7760b9bb
9957ba33-7e65-4017-9df2-2dccb54d5377,VISA,edc364e3-7da2-4bd1-802e-2c1e51acdb4a
cf445058-2f50-4997-824f-ab8767708e94,MC,f1d091d6-03c3-413e-beb1-00d0359a8332
d1a4e118-1378-404a-b827-3d4f397b8cc6,AmEx,7f39a621-5667-4a2c-a060-56a08bcd5fb7
c606b16d-4fa9-4c90-bf23-29b5a413f62f,AmEx,c73e28c7-4496-4817-93df-915e1f07aacf
01a7effc-3374-401d-8ba3-fe3306cfcc98,MC,acc83544-cb48-4553-8181-2b2f14c9f116
e54b004b-03bf-45f3-a260-8f3aba1aad51,VISA,ce670a1e-ae27-48fc-95d9-f3793d0e2d91
527e50cb-f3fb-45b0-83fd-637f974dbded,MC,633a803c-3924-4295-a09f-f0360a5de024
ef50ccac-a7c0-4f5b-8677-9e584ea9f31e,MC,52fec99b-63d2-4809-99cc-9de13a502505
7cf4bbab-b916-4ff3-bcea-0b5053153be1,AmEx,68d1aa87-bfe9-4a94-b949-621b308b5ed4
2d5d7044-da8c-4158-b64c-d813a300cc65,VISA,652c2523-6409-40e3-98f3-db3770817cb9
23439389-3429-4d49-84eb-ff8e3a7b89f1,VISA,d023883e-bee6-4360-9e9e-e04d49becc35
1317df2f-722f-4eae-a5d1-6fb99804c07c,MC,12fe5a8a-eadd-4e86-ad59-7d421456a868
77271120-7101-40b2-a0a9-ca42e4d452c6,MC,504f8047-bd71-4690-ad76-ca577280a53c
ea1830c7-81e3-4c34-b337-a1e4e98ce0c4,VISA,4adfacac-5c2d-4a89-9f78-7804002b1456
d7728790-d05a-41ce-90ab-58c4af9b92dd,MC,26f44788-4beb-4081-a5a5-a21ea6840789
70fa13f9-d6d3-4c08-9aa7-947ae8ca2fba,VISA,be8ac8bf-5daf-4a99-99cb-8dce96b0d2cc
231e0c61-5653-41c0-b186-f485a8be0326,PayPal,7879c69d-3b2f-4568-8967-2c4c7da7dcd0
f1a121ba-f7e3-4d01-a505-8249c569d294,AmEx,75c04a5f-a7a8-4237-b5ec-061fb0e2f025
cdd6fbb0-27de-416a-a110-ec427440a589,VISA,014a8178-1c0e-4fb1-9f29-14c941ce978b
578de187-8fce-4045-af84-b2e67ef829e4,MC,c505f371-9933-4cad-b02d-2ada0593bfe4
0a46c7e9-ba97-472b-a8f8-1029a9a64ea0,VISA,0289a6f2-9445-4131-b52e-d260da808893
63fe85d7-f591-4083-9e37-8d3d276f3baa,PayPal,894775a2-8961-4d8a-956a-b579eada8617
d6298568-4e45-4b6a-b292-44b3cc0d8826,AmEx,d460cad3-7d5e-489f-98d5-ce95ba45caf9
0315c80d-0ff6-48b3-948f-8e1e4b7ed6b3,AmEx,7558bb58-6ac1-4787-bbed-340212e6e7f6
3d77216a-afa6-4e95-ad2e-4d269bebba3b,VISA,24a4bbf2-afee-4be9-866b-fa134e7121cb
ad404181-a8df-47c4-a5b8-b0e2de673b1e,AmEx,4f2d4043-e00d-43e6-b91d-948639ab8d85
c37f6a6d-b756-482f-a3e7-b3574b53d2a2,MC,1af95b51-ec49-4ed4-98a0-feae5a2632c7
8ecfa219-3ca3-4ff5-9877-bc67ffe126b3,VISA,50548674-740b-4e9e-959e-c1bd8776eb47
e6864934-2e76-457d-958f-5ddeb2b89e82,AmEx,1cb9f85f-1d99-4b71-a963-327b9888af83
9f1cb492-e02f-4448-a253-fc0eb3dedec4,VISA,dabbe67d-dad1-4843-93d4-f4e84d6f5d3d
90ee2d44-dde0-4966-bd8b-c448d1a535c6,MC,daa3fc83-f197-4577-98ba-eb288e928420
21118f98-45a3-49ac-9c7c-5f6f467b8ad8,MC,1cbed55b-7c1f-479a-85ce-e795058113e6
0f335f7a-bb21-4ec1-9efa-fabd14475a75,AmEx,4a7c25ac-0b75-4090-a415-4e3ae39c5649
d3e21b8c-6092-4a76-a4ba-5b282d535bfb,VISA,ee868778-000f-4feb-b4b4-e0af1c6a148c
b211816e-4f1c-4f23-8a17-0c57d1c41b89,VISA,a0ed1e36-69b5-421e-bccd-124e27e623a7
27e2a645-4f9c-4938-92b3-bbcbd90a0ba2,VISA,b52f05b4-a043-4077-b30c-469d26e16209
d59b391f-521d-4a65-9d0f-fdc0253244f9,AmEx,d18bc37a-dfad-4716-b113-1ff0b034d929
6121fb74-1a93-40df-a7a7-697eac4eca5b,PayPal,27cc221b-5fbf-4f4c-b3a0-28b4f72c951e
b72dc55e-6fb4-440b-af64-e5ecfab9021a,MC,e0e4514c-d762-4f6f-b169-d6afb9c04949
537ef674-842b-4b21-848a-52d8f0658516,AmEx,8f27a763-e23b-4c68-82c6-cb8faba45d01
e311bc40-8994-48ac-bb3a-15591e9d501c,VISA,56d96da0-6786-4653-9d38-c383d89e5a00
370b6270-9d68-4862-a6c6-acecd533c93a,MC,43e3bbb1-a784-4654-a0e6-110708a68202
115c2b34-91fe-4c99-87d3-b03645856c59,VISA,f5c38fe3-524f-454f-b428-c2b144a66d85
0921e3a7-e8db-4775-ba36-93ddfa73c82b,MC,cc008599-a5e2-434e-9229-2ff675a00b3b
1757303f-fa93-4629-bff6-7646247dba4a,VISA,34cb578f-7429-4a81-ba63-a29b8f5dadb8
e87a7fb2-0065-48ff-a09d-43ecf58819f6,MC,90140754-9c07-4f21-93d9-b4fb459a7cc8
c20d126a-886b-4315-b533-5759c75c64a0,MC,23e82ef9-a9da-4971-814b-3009f2d69f37
e5964ea2-dbc0-4c12-a8b8-768c207d18af,VISA,d911ffdd-3b37-447a-91b1-55e5b47ad553
ac0aa3a0-253e-4c23-ad53-d7ef8923754f,MC,c88064e1-0dfa-4f09-8382-e7c19907d2e9
70a939d1-cf00-4309-b281-ed0adca9d153,Discover,d4f1730d-5426-406f-95a4-fa8317f0238e
3eb027e4-18f1-48fc-8e11-e6b12efb8c00,PayPal,98a07223-3635-49e0-a763-76cd61a5f486
766391ac-94ce-4686-ba16-299e05828c17,Discover,f1390550-c733-4855-ae16-151db3a288b1
aa916460-65ff-455f-93f3-084fcb7584cd,MC,1517b810-5c3f-47c4-85f4-234e0cec4b6d
3c0e4109-fd44-4eba-93a3-7c03711d263b,VISA,5c8ef5ec-affc-4b82-bcbc-20bc4be34151
529ace7e-ae53-44a5-b12d-ce9b81540d85,MC,c301e0db-36e5-47b4-a58f-7c002802edba
2d9517f8-7e84-4382-b8fd-443d8aa93419,PayPal,3a656b56-45e4-446e-a734-a32652c98dc8
fc954f2d-e7c7-4adc-a477-af94ce3ac73c,Discover,874a9378-a2c8-4f81-b4b5-508c3e165d6a
3c295246-d49b-4c3f-aa12-9fec5c40b8d5,PayPal,ed173d9a-c15c-49a2-ae4f-5500259fc792
6a122dd7-1836-4d4a-a9f7-5c3c068975b3,VISA,c9b917b9-e7de-47cf-b481-1306089a310d
782b322c-5e64-4700-9e9b-decfe41daf93,AmEx,fd5bd248-8d0b-45cb-837e-cab5915f537c
1e50ca69-128f-478e-8ed8-615310a6b7fb,VISA,9c665cd7-af3d-4bc4-aaa5-635c1d3697e2
3f5ff81b-e4ce-47da-9e12-78a98d91c7d8,AmEx,4b2d0a59-44bc-413c-bd17-82199aa2b352
0c59d720-bde2-41e7-bb68-dbf00da76634,VISA,31be9c3e-208a-4990-956d-6981d0aacf66
9196d4e8-c122-4740-834e-baadf0e234b6,VISA,70946788-c016-4cc2-9de8-5d9beb276bc9
499a9270-b632-44d9-a8e8-bef8ab96bd13,AmEx,96d65ea8-4258-4d64-a8a2-7deef481dcf0
8e0447ca-4531-4330-8368-e53a22487801,VISA,b702c308-325e-4177-8243-0fecbb2d3f1a
b601de39-0322-4cd9-ad8c-8278ce4824b2,PayPal,c6b56a5b-52f9-4a1f-8ff8-8185f8334abd
5e710fb8-1d23-4ab1-9fc5-ac3e37fd7902,VISA,3d4906f4-8e3e-4e86-b1de-6a35c9ae6021
521695c6-2999-4b21-8b55-4d2f6706e418,MC,8c70a400-82df-4f32-be5c-6b6dd263bf4c
b95fa0fa-9f33-4a89-8ce7-807a058a4da4,PayPal,c4a7d456-a016-49ea-a6fa-ee4d762c83b2
e5ce4873-1741-48a6-a924-67b928790dba,AmEx,543b92bf-4d2d-44a7-bf29-c15545d77a90
93da6dc0-1d41-43e0-9e22-155515a13e0f,VISA,24c8a69c-1714-405f-b23d-aa96bc52628d
2e292786-9acd-41d2-a374-ef5829669e9b,MC,1ab38a56-63bd-49bd-98dc-4028c5e1ef97
bbe4bc20-47e1-4123-9dc6-67deacbabd96,MC,44933e2b-0090-4dfc-8366-a4446d1c8a78
c05cf710-f9df-49c8-9351-ee66c151c862,MC,cc6591c2-ec55-4950-a264-19ddf5c57391
f08c812d-5425-4823-b8b0-c6184a72e28e,MC,abc4defb-70a8-41c4-a9e3-f8352fb96195
053383fc-a9b9-4998-b14a-a4e61a026952,Discover,16f60ddc-14c7-44d8-8415-d1109e24febe
149c5e38-58f5-457e-904c-6d1cba5f7756,MC,7406d6c4-33a2-4fda-b7f4-5d43800db3a2
69a5f4f9-c37f-4c50-bb81-ac5338633620,AmEx,fef95b9e-a459-4580-9b84-ba899c8dccc1
6b3faee2-14fd-48c8-a844-c47beff216a7,VISA,bdf45ac8-2077-4508-8a5d-40d4bee2f7a1
4b03baff-afb7-406e-8e89-309df011cf0b,VISA,83c8b1b4-c4f2-4fa6-90bb-e8c5b6530dc4
01707e00-af1c-480b-a68f-a293f5ca028d,AmEx,68e56575-1e5a-414e-9732-b62916cd5935
e02582ed-fd9c-446f-a887-58bd8a33909d,VISA,3a9ce38a-a9b5-4a28-bb17-a888190de855
01c269b9-6ac2-4e85-b706-81fe1574cc24,MC,5202b4dc-68e1-4cd5-8a94-a170f5db3e80
d497dbc8-52a1-4d7f-8a2b-3ff5b2fe06a0,PayPal,0a62bb23-afba-4c69-87ca-c5c229f21bfa
11d1c0e3-0fca-41af-bd64-d14866b72b00,MC,86fd92c8-43a1-4517-88ab-79b1587b63f8
352049df-5805-4dc0-87b8-0c892fe7753e,MC,b71c72af-e955-43c7-940c-5844b8d61c42
98f237b7-1a35-426b-a971-127882176fe2,VISA,9694ca1a-0164-46ba-b4a5-bbd97a93a5ca
deea047b-9718-4435-9de9-72017469246b,MC,d4636be3-8917-4190-afb2-67119a1baef1
0079ff1e-f840-4b6a-84b2-d4c25ada1d54,MC,2f1bc50c-eb54-44db-9d22-e89add2436d3
a35b85dd-2e8d-49a6-9f30-600315514840,MC,dac82f3b-bbf6-4853-84b4-3707f4cdc4de
2228518f-1a95-4a6d-9331-c66f2f05646f,VISA,855e948b-3c34-4d28-956f-0391984a6c64
ddc34518-62d2-41c2-860f-2e3b9b216963,Discover,8eca351a-c567-45db-ab9f-7a4bd88391fe
dc516154-6a40-4e1e-b82b-ae248b57fa33,VISA,16d31303-6c32-473b-a46b-9279fbf6c1ef
4d8d5e31-d13d-4586-8930-1e31fd05d4e4,PayPal,f3a19b8f-8ee1-4adc-9746-906308bc74ba
55c78e21-d843-4125-9a82-6c0186f329d6,VISA,925de25b-2063-4fed-ba7e-6f2272563d5b
53cff1af-280a-47b9-b733-6ba7d1a9bf55,VISA,6dce3182-db67-4c3a-a21b-8f0ba52eca28
68ccd3e6-3960-4ef1-9898-5448b6af58c0,VISA,39d5a6af-6249-4409-81cb-7bf1300ad81b
7f2b2e72-ca84-4c6e-9555-13dc7cd607a6,VISA,d79a1c42-a286-4c4d-ae55-a467dce18f10
695b7423-abb7-493c-9318-9f27c4408246,AmEx,613ded31-2177-4732-b5fd-c984f9197f28
85c902de-3a83-48cc-b732-afab127bea9f,PayPal,57610053-ba23-4ff4-8f77-bfb2b6869c16
03e45809-5857-44f4-b265-db4c5bd0eae8,AmEx,23174c87-dc70-4fdf-96ed-06ced958764e
44bb3967-b74d-4c1a-a943-20da1d6bb573,VISA,e7815558-d683-407d-848e-d3e64d004b01
46ff03bb-3f5e-471a-91cc-095570dec9b2,AmEx,940a41f1-81e2-45db-b6a0-c3ea2f5749d7
114ec516-f3ef-4920-a974-8a6c02c00d27,AmEx,bcb7bba3-86e5-4876-aadf-3b5b46413bab
bc0cbb70-8fd3-4544-824e-7e561092dd7c,AmEx,ded05b69-3b6e-4e80-8a62-b88b93e72182
427b812e-dcd5-4ea8-816c-afa0479859c9,MC,e7d99e96-f5f2-4ae6-8049-479f361afca7
96b5ab96-2119-4009-b570-fee2b4b06d18,VISA,0a5d014c-6b38-428d-8197-da9900824bc8
2d791356-9b43-4839-ae12-223d4b3ecc20,VISA,26cd883a-3101-4faa-83d9-8ffa0dd8f21f
ecd3350e-52ad-458f-ac5c-fb975d0261da,VISA,1491a882-c586-4f2a-a281-00302fea8dba
f7ad3156-e710-4378-8b63-47998a2e93d0,PayPal,cb3583cd-a4ed-484b-84f5-c3d57f7015ed
5a463c47-5f09-4531-9849-d95d92f7c657,VISA,e4f8d775-36d2-429b-80b1-a57248b3c1a9
1de01cf1-f5ac-47f3-b9e4-7c79d96f2a40,AmEx,295c903c-1f2d-4e1f-8098-5b0908b29fb6
c66a7ac8-e251-4956-a573-ea18fec0f44d,VISA,7cb282a1-dbf3-4ddf-a583-6c515d6c8b81
f3c688d3-e8d2-44e0-b618-5915188180eb,AmEx,a839c77f-28f8-4d08-ad8e-db9a6fb7914c
455de6dc-b1ec-4ae6-8f72-c96e7ad04618,AmEx,d54bbef6-9e16-4013-b718-4b20b4a95f58
beb006eb-1ab9-4354-86db-d780215030b6,MC,c4cffa6b-2e78-4580-94c1-a0c69c9c1dac
0384f62f-ef81-4f57-a73c-1636974ceb52,Discover,4aca762f-2475-47a1-a4ec-80c949225ef8
3ca1eb03-98d5-48e6-a7fb-cda264f15805,VISA,8c795d13-bda3-420a-8fc1-6e2b258ae46f
642b8ac0-799c-4c46-8056-a9edc21098f1,MC,db91b3af-8172-4ab6-9f62-c0e95d0fb557
f5e6d48e-8833-4282-8c5b-956e95bdeec3,VISA,49c92f8b-8901-4879-9d9b-7498fd61d1be
105060c0-fd74-4759-b8c0-d954f5f2ced7,VISA,58562b99-7dcc-4dec-99fc-96308e7657d8
1f5cf1d0-ddcd-44e2-a6c3-11616579e595,MC,63867b33-edff-46ff-bea3-896a58fb5bf4
0821df2a-205d-42b7-9860-a1ceff811e56,AmEx,9ed74b65-ee49-4b3c-a31b-5050d0539f8e
cb62e639-8e2e-4620-9b96-5657b42b2900,MC,41b459ad-58e4-4775-a76e-aa5ae518e144
a2b63511-fa98-45f9-9350-9312033799fd,PayPal,9fc61067-066b-4bdb-b0db-7f6644e5cdb9
720ce905-1b5d-426d-86d6-d9292b2d3f0b,VISA,b1ee1a4d-42f4-413e-946a-69b6b87ada3c
8cdb7528-f56c-417c-baf7-b66db9ec5436,MC,2a73d9ea-d5a4-4435-adec-ca21a6607281
84bb2c19-9af3-4fc5-8c51-65313e94fdfd,Discover,0f467651-aba8-4166-a86a-f89e1869cf45
caa8b6d0-bf48-4eda-bbfe-c1e668fb4b8f,VISA,09543fea-5e31-433f-9958-f0e9c2d5880f
967cf6f8-2419-4e24-b9b0-72961cdea7bf,VISA,f0f492e1-ae2e-4bc3-9373-ff59d330f0e4
f938b9b6-dce2-47ae-b27b-491e7614e853,Discover,99e6b2fe-d9d0-4fa9-b759-477008e0941e
cbdd9121-662d-4945-921e-cfbb74182e53,MC,a42bc1f3-41b5-4cb9-aca5-74150d858142
592948de-285a-4b1f-8f96-a73fc3775dff,AmEx,48233fb5-8df6-4473-a6cf-8c635f4a5908
91a0adc0-6003-4e61-8b6c-19f37afafe5c,AmEx,152e3dd6-765d-4588-b0a8-d8be6ad00a6d
768b4c44-764c-451c-97de-7bb14d5839db,VISA,e1547219-0f82-47cb-adef-5c894be9da08
d70ddc7e-e513-43c7-b4b1-ae470d2cb4c0,VISA,4fd5aad6-a316-46dc-881c-9949b640a6b7
b726826d-331f-461e-a4ff-bb9d5102a376,AmEx,b7524e6a-43b3-4ff7-925a-a7215f3a753d
2d0445cb-9bc1-4c64-9ade-2ab333f5623b,MC,5d5ada24-b778-416b-aa10-0c35b7fd5f36
79047b6a-a9a6-4a5c-b094-1f361216ca7a,VISA,70728864-ba6d-4af2-996e-965a131af645
ad14e1a2-7154-433a-810f-e5d15c0fe27d,MC,6dd917d3-6d08-4bbc-b215-df1f09fec821
1d6c43b7-ad51-4347-85ef-5dccd44c8324,AmEx,51a23985-0a27-45b3-9060-eb07786c5cc7
451ab3d9-ef32-451e-a780-35e22865e491,PayPal,3ebd6411-df1a-4c15-9fe8-3bbc5cd86148
6d79e52c-69e4-44de-8478-3e18bda6f1d6,VISA,ab9be8b0-0d81-4a0f-8d20-57931e7947e9
beb511c7-37a5-4ca1-91d7-9123ee706189,Discover,9ae4c492-8a37-423d-89ee-ea92078acf8c
3175d3d8-f02b-4a28-8524-05b0fb309d55,MC,884dfb40-1420-4bfc-a6f1-631d56ed63b5
d128dcaa-8814-405b-a933-b7ff3d010c33,AmEx,71151eb9-3a72-4554-9f6e-272565a154eb
fc017ce3-b65a-4e55-91d1-520016ddbc80,VISA,053e4442-30c5-4d14-a106-b027ce728f0c
6a5fba2f-a537-47c4-b6cf-d0c343349f73,VISA,c4f6c21e-c211-4e42-994c-cd6894ded34b
dbdfa2b3-c7ef-45a5-89ec-e22e59696f5b,VISA,9ee134b4-2ef1-4483-89fe-f168e799f185
4ef947e2-7953-488c-9e59-b6f7b811bf5a,MC,cc642be7-07dc-44b7-a806-91c297b0135b
1ee7fe6d-70b3-4203-802c-fe45223b04eb,MC,bfb3a15e-b106-4abb-89c2-94232a1a7252
bc8de0e1-22b6-4777-a290-b74f8847940e,MC,06545069-cfe4-4e1c-8cfb-f39ca3173fc4
3a6cfd07-dc8f-4f1d-ba6c-06dd9b430a4f,AmEx,04a53f4c-7600-4732-bd8a-73dd026eb594
61a32a8d-c833-4dba-b013-c3421aa7b18a,PayPal,4a5368e6-b09e-45d8-8a74-7a2743c24047
1fd632a6-44a2-45d7-a6dd-2e16daae97ca,AmEx,3c505f34-b86b-4b22-a8b8-471c542c9e4a
5da75c42-4083-4e37-8dae-a732b4e54cb0,MC,f0958fb1-92d1-4457-96a6-a35455b9f1f9
dbb64c1d-f364-4556-a9cb-3e72c6dc5134,MC,95aa3624-ad1e-48e9-9c6c-d5a2d97489cc
7945f82c-eacb-4ca3-a72c-1989adead31b,Discover,a06ca228-5c00-4b51-b277-3aff0c64ad71
d4fec7af-bfb8-4ac0-8a5c-2fe7758ea9ca,VISA,e2470a74-00b0-4810-8239-b04d02850a2a
698ceee2-9277-44c7-97c4-195cca520710,MC,67b8d6fe-bbe8-4667-b261-2c0116c5b0b2
7941c5a2-1606-4c50-9093-0f6f98081073,MC,1552894a-354c-4f34-b57c-facc29507b8e
6a4064b4-b0e1-4182-996d-6b4a6efa7d13,AmEx,909559f3-6485-4dbb-9438-ec147a1e1267
732ed1f3-b0bd-41f5-8c2d-5076ca246b14,VISA,e598963c-b905-4113-be0a-a2bee99f596f
a29c0a4c-0020-4b71-9fb9-626edff23b26,VISA,8f332068-c5f9-4e5c-b061-0aefd626856e
649cf662-db82-4901-aaa7-f77320f1b748,PayPal,6c1abdf0-3d73-4fb6-9146-dd188267a0b1
1f1ca75c-69e7-40e4-896b-ccf6a10e573c,VISA,6a355975-cb1a-4c39-9979-16fd92d66b8a
e8405a5f-948e-4c5b-98a7-fe1608c00055,Discover,fef87816-af3c-437d-ab2b-58dac9d12c8e
af568921-13ed-4691-9db7-f31c480219fd,AmEx,408d126c-c841-44bf-9f5d-8679f74df35a
6e0ee0b4-d40d-44ec-86d9-87a575fb8725,VISA,693933f2-05fc-4faf-8fbc-35762cd23e56
3f6b8c07-e060-4580-9fe8-48cb6f799ea9,AmEx,e9e6d3f2-97b7-4db8-8fde-e83aa141048d
dfb5a9d1-4dc1-414c-9933-74eaa2b185a4,MC,50caa815-2b1d-4eba-b8bf-bf5520ed12b9
8a1d74c2-353c-41f4-8afa-23008f3d37f5,Discover,a979e3c5-e4da-4333-b649-87654d3f97bc
e923f223-13d8-4cb9-96a1-883985f9f707,Discover,f73b43ba-425d-48f2-bfff-3cd7a0e01a32
c60253c0-884d-4ec5-bdd0-8535f5e0ea9d,AmEx,e93904e9-a7d5-49d2-865b-c07cc510d6d6
10c10024-e628-44b7-b834-50e5822d9f71,AmEx,78070cbb-40cb-4554-9d1b-18f77735b52c
5a48fe68-3046-47f3-87c6-c97b764e5fef,AmEx,713971b5-ed2f-486a-957a-c25b4df644b9
6d181551-96ed-49bf-8a48-5ddd3508c442,AmEx,a1344f4e-6dab-4619-a80d-0c98e9ad90ac
85feefa2-7edb-4ce6-ae5a-7c101e825f88,VISA,4689f79a-2988-42e3-84f7-9aa4949253b7
3e7b1ae4-4adb-409c-8020-bc1b5cce2850,Discover,9e720959-8b24-474a-bd47-39b648117835
9e5ac496-c95d-4582-ab73-40b702298d92,AmEx,22ece441-7615-4bf3-b497-181ccff65a86
128482cf-e181-4516-817f-d943f0dc3486,MC,31c2b8b2-b41e-4433-ae55-99da3f014632
f17b6d6b-777f-402a-881f-c3f626b8e55f,AmEx,e2788a80-1a3f-4411-b1a6-77d6ec4fbda2
678e7ada-1007-425f-9191-832169685e41,MC,558c4624-829c-4862-a2df-d9c042a4c705
76fe98fa-41fa-482a-aae9-0e9af3595526,VISA,f968f690-c62c-440f-abd7-511ae22cc521
a506a711-1413-413f-95e1-9fba53e5b1e2,AmEx,8d47fa22-7960-469c-97af-28888a5ce2ce
a561d730-a311-4ed2-ad3e-64ed9ec55fd8,MC,f7d8c6a0-d080-4c83-a4b8-3306e79c94c4
2688f7af-c9e9-45c6-81d2-642b185de217,PayPal,d5e0cd18-9d06-4218-8b69-cb95afda058b
7ece83e8-c41f-4aec-a144-1af6b94e08f9,VISA,e5427fec-90f1-4918-b799-a0f74407c10c
02f5a2b4-e713-4c95-a47c-0c735f202ea8,VISA,813e0702-ee6f-471b-bcae-a19f3e164115
74ad70bf-1b0e-411d-b3b3-191ec59c6df2,AmEx,da0e7ab2-3bfa-4cf3-94f0-2ffaccabaaa0
74bee25d-b894-401a-96d5-b0cc118f1efd,VISA,1aa75125-d1d9-45d2-b7ee-025e452121b8
9be6c58e-2126-4867-a943-55160d97067b,AmEx,933a578c-b560-47d7-8601-9052ff96e061
5a196270-eeff-47a4-a155-639f942be14d,MC,00b03171-e01e-472e-bbf6-2965db8ac687
546982d8-ec16-4908-b244-898100ae91cc,MC,38c5ec66-63c5-41ed-bcab-c9917ab95f3d
fe8b111e-48e9-45d9-8ca6-d3ebf40fdf55,VISA,4c6a10ef-6a2b-485e-bfb6-3a6a98373479
ebd6a867-554b-4c0d-a6b8-7eded443dbd5,MC,811d87ea-6307-4af3-a18f-2caa2338d6ea
32c67d2d-ae69-4c3b-b075-da8018680330,AmEx,63a57287-e7fb-496d-967f-34b9e92bc94f
3fd70cd9-5b79-4504-9174-09b17b0959db,VISA,a420add5-f1a2-4314-a42e-465df332e090
071f1ddb-2252-491a-ae74-6349452a6113,AmEx,c60eb6b6-fbd0-4264-9c3d-3420e10dbf3a
177e4b3c-354d-4a91-894f-f286f9580614,VISA,c6919420-5df4-464c-be02-a1900ff94ebc
f1999f6c-5382-4b04-a91b-7cd38f52d105,VISA,95c894c4-b77a-4d89-8b91-e88a86b9ce50
becad618-c93d-478f-8887-d32a2f97962e,PayPal,ad61baec-cb03-4646-b648-56ab0e1f191e
d9563287-b7ce-431a-ab4f-c9085c7bb14f,VISA,8137a19e-8648-4453-a1ee-13514916a232
d514261c-8566-4e05-86c5-69d24148095c,VISA,0f582629-7d42-4fb5-a650-143d07bcb0ef
9a46f90d-1015-4111-b6d8-539dbbd42237,Discover,7e2a3aed-08bd-467d-8da4-8f7154ab86ef
bcb0142f-3ca4-42a0-a11d-1aacdf75d925,PayPal,5bbd0c3a-e4e8-42a4-a344-050fa9ff5c0d
629500d4-4950-4829-9d1e-5f4b37c7c8f3,VISA,299e1165-ed2e-4b9d-aa78-004cff424ac0
fb5c08f3-a8e1-4dc6-9b86-0fb4cca920a7,VISA,6c12ca16-4f51-403d-8053-67e50bdb650a
1656dcd1-01e7-4c0c-af4e-c72d9a04ca03,VISA,d5ca6885-6a79-432e-a57e-013689ff5a3d
aee064dd-38d4-40a8-931c-b4abd947e483,MC,5459608a-865c-4f83-bfcd-39970df387c3
91090d7e-1e83-44d4-b1d5-fbb08ce96aed,VISA,fe5cc781-f1ac-4e32-995c-ff2c6285f3fd
f876ae18-c670-4cd0-b17c-1376a26f66d7,PayPal,f1846ca2-edad-4b37-b7f3-d8290a51193f
45c71a8f-ab65-4a89-b172-a08985f63471,VISA,2dd581d7-9dfc-4821-ae9a-fb756c918984
cb667a96-792c-4138-90e4-080693516d06,VISA,2200fcb1-f4df-4a6d-9216-1d47fbf286ed
058534d1-c329-4f7f-8830-5c2218524970,Discover,b7f16992-c50e-47e1-8857-1983842688ca
b9a74fd0-3751-44b9-ba85-3da0f1b9605b,MC,4d536623-38d8-4028-8b02-3c775e86138b
6fab02ee-cad2-48e4-962e-27205a6ba7fb,AmEx,81cd3f81-d843-4c98-9e55-4f3add350809
d78d99f0-9594-448e-9525-da225cbb8479,MC,f05defcb-a863-47ab-b90f-42649da1a560
92a0d82b-8b31-4983-8b7d-b3a0855585ec,VISA,46468e56-630f-4f8f-a9ad-063e5368194f
cdd830ef-bcfc-4740-8a13-3ac27e957188,MC,360b7c80-46f4-4b92-9fb0-39c9de558a9b
bfc6d297-595c-4499-a3ab-bef715e95182,VISA,8841b764-db34-4840-a9f4-88f9dfab6fee
391a03ef-2b04-440b-af9f-790e8f3159c1,MC,cba1bd2d-c85b-4cb3-80e4-a6e6ba7cca6c
e2338800-2cc8-4211-b12d-ef68bb2928c9,MC,4f10abeb-d43d-4205-aea3-1b77063db2f9
43cf7ed1-3dd1-4e35-9d0a-b18a040bd929,VISA,a7a59d83-a353-4878-9166-00f9cd4fc2cd
ad5802d3-dcd1-4c76-9e0c-806ff7184a29,VISA,d9d8d20f-1718-4096-9e60-b77dc8ce7988
47a34a9f-c00a-4338-a15c-60451c364096,VISA,c2add602-6d00-4ab9-be41-d286b5ac813b
069f390d-5260-4801-8c17-e5e6ea86fc07,VISA,dc0e57db-99e5-4c60-a021-910ce903b2dd
e1e13234-671f-40cb-a2b3-2715ca3d1d19,VISA,784cb421-4b6f-4f12-aadf-28d8f7365ed5
8ffb9957-7239-4dd2-8adf-a8934dd94c9b,PayPal,980fcf1d-7f2f-4e40-b2a4-6d8decf6ad63
59f3540a-79b5-4353-9c26-cfcbb8e220ad,VISA,3147d61b-d419-4c2f-b6b3-9072b8a94a0a
7e9ab9e8-9cde-4ea6-8f38-696ab5592328,MC,800b53a6-05d6-4cfb-9d88-255987211051
ba8ae2a4-1d93-41d3-9e41-4d518b6af206,VISA,b45f5092-2c7d-4c7d-a5e7-26d70a925f53
9db3e348-6255-4063-8bbb-48e774579f0b,VISA,47733852-6631-436c-93c5-85fa5a8ebb65
2310ef3e-ffbb-47a8-9b73-5a87c614585b,Discover,0e7145ad-6ae9-4bcd-8320-5fad235451be
d4504502-52fd-4cbd-a50e-fd36ff723d23,VISA,ddde1e42-6c00-4282-ab4b-83c0012cc591
193cb9d1-075e-4750-b378-33fbc48d6998,Discover,d8d694d2-7e88-4038-9b3c-d76c4ae3e9ee
c85dda07-d6d3-4ba6-a2ff-879beccea490,VISA,09b781a3-3f12-4425-a14e-02a0f90a9b43
3556905e-2f83-4e18-b4e3-689f38abae3b,VISA,30b4cd3a-ee18-46c0-a1cb-116e1cd5b65a
4060f953-ad79-4402-886d-cb1c6a909d9e,VISA,01f2d0c0-c6dd-4369-92a6-67cf005a0944
212f62f1-c8d6-4a7c-b543-e3f2a8982215,MC,7302d965-2e57-49ba-b537-62c40a654a12
f830b06c-f8f5-400c-b39b-78c6eb1d2fb1,Discover,a00ad1f1-86e6-4689-b7d1-702d80c3d3e7
f8b843c2-0295-4182-9dfe-fd69dedb32ca,VISA,5b9022d8-f0fa-4fe8-830c-89d2e5c861ea
4b11c416-ef59-4a41-9451-8f43d7c91e99,MC,8cfc9089-9125-49c8-aaa3-dccc942dcdca
e5a64c8f-0a74-4bc7-8ed0-2d2b7fc00b3b,MC,3dc47a18-8aef-43c7-85dd-361c195736b1
121b69f1-8616-41ee-9469-1e05918d9e23,AmEx,0aba99fd-aad3-4a06-9ace-00fdf1c152a0
1b89b8a5-7209-4c31-bf65-a8731af9bd8c,AmEx,43561b09-3e4c-4d35-a9f2-93fe86545a02
ecc858c0-f7c3-443a-8285-2aed6920baad,AmEx,87773453-02c7-4c32-bc01-22f92f0a5cbb
83f595ee-9114-459c-bfce-b41c844a1185,PayPal,42d5a9c3-aaad-4de1-baae-2393f51a8574
4529f7f7-8653-4d83-b58d-57802d43c222,VISA,611d7582-b470-405b-9539-3d06699620e1
40b11ecc-302b-4318-8b6e-85114735b7eb,VISA,42143706-cf85-4718-a6aa-83833956f097
158d76e9-6939-4f73-91ec-77ad443e3b5e,MC,8b7742ae-1c7f-432b-9f7c-88c8072614f1
26aa650b-9d94-4855-9e8f-1bf3e8da6d17,Discover,48183950-67a8-4c15-bb13-8388a2939d3d
47ffc23c-81aa-4a27-b514-0b658e610d69,MC,8a48f7fe-5ada-4c7e-a5a3-813f38596459
0d91cd3d-1d71-4ff8-8d17-9c5655957f58,MC,025a1ee9-dbcf-4b59-abb1-6a9c9cf07b76
b00d8316-2a39-4011-aa12-60d40fabc24f,VISA,2d3f0ce8-7806-4f24-90c8-ac874b61af39
285e8d27-749a-41b0-a260-a81301eb7531,MC,675c3a4c-f6a1-47d3-954c-1e059f23ebb4
08d7261c-660f-41fb-8ff4-53651766acea,VISA,e2fe2c79-30b6-41aa-912d-4624c90223c7
33a10fe1-e600-4a80-af2e-79a0a70d25aa,VISA,900696e1-ec37-4646-9544-df92393d9ef0
59081e7c-aab0-49c9-9247-4debac8f8eb6,PayPal,734f5542-06b0-4309-91cf-a7d9557db4b3
b70b1006-0cb5-45fc-a7c8-d4358f8361d1,MC,de553f79-c5a4-4a2d-b70b-2d9ca889e409
73007974-16eb-4699-8527-e1fa6816b627,MC,3fc959c1-333a-40bb-ad55-7e04c51a9997
f4e4a0b7-ff08-48c9-a15a-7fad7349e47e,VISA,549f306f-dc51-4d06-98d7-3ef21c666e94
a0bd4ef6-2831-47fe-9348-51fff2c93e9d,Discover,d3903254-65e9-4962-9939-88f80e4c3e35
c075f6ca-e27d-4f9a-b35d-47f987156da3,MC,53ea2c6d-4379-4f73-93d7-e6e2a371ed41
31190a59-fdd4-4411-b403-c161c6413ae2,AmEx,4b03fdf3-5dc6-41ee-aec1-b79236d1701e
98b60c84-23ca-4366-ae2b-04b22c87786a,VISA,576a9e7e-f934-465e-b506-bd8d4cff012e
45f230bb-6e6d-4bf8-b972-a5283788e28f,AmEx,28f83e6e-47cc-42d1-ba72-74469c9ba490
56909923-103c-4e30-acfe-0b0196af2aa7,VISA,e4bde634-8788-4120-84bb-85110ab42bcb
2d9b1184-c627-4ba4-9bd2-bd374ea7238c,VISA,30187947-a9a6-44d3-899f-a1dfe2e0a56d
97ebab0b-c194-47c7-bb38-79e771289d12,VISA,f1bdb7ab-8408-455f-b978-2322bdc4ae72
f3d9b11e-0d80-4903-8620-e5d7982d7c29,MC,6c222f61-2ba4-4d92-ae6d-78dc7b293853
0b14cfe9-70fb-4d34-b021-df50540bf524,VISA,f06ed50f-0615-410f-9e96-c35838a6149b
9e48bab4-48f1-441f-984e-5e0d3746129d,VISA,45f98b2a-de62-4978-9d4d-dd57bd88900c
284bbdfb-ceee-4c40-a5aa-3a41ca3af4fb,MC,699cc2e3-850d-4b15-af80-b712d0a774f0
9a8e8eec-b649-4d95-b4af-03a64833e6a6,Discover,dafc0899-9acc-4017-a92e-c8be5c0f1504
caf572ec-553a-44f0-ae44-4263a2f90c9d,AmEx,356bbe73-dd49-4ffa-b540-4e9329d38279
3d1071eb-aa81-4851-b376-440f5e0b2420,Discover,73e4c919-53b0-4dfa-9837-2a85f40f2c52
cbfa6903-bfde-4cff-80ab-2b0869f59049,AmEx,c70e6ee9-19cb-46d5-9c18-e9b054c7e64e
a97013eb-92df-4a6e-8514-eb3da2a174a5,PayPal,b999e405-ae2b-498c-b4d7-4947425c7b6d
83f65fac-0c15-446a-97ba-935f68a160c5,AmEx,7f90549d-da4c-4515-af50-cbaa079aed7f
91a224ef-ae97-4adb-9e90-81419a0a09f5,PayPal,f3945f82-c3c4-4e02-967c-a97d63642524
0320f400-b4d4-4ddc-8689-5e78043248f2,VISA,c4504ed0-c25d-4e5f-8d3e-c3869c228cfe
cbabd49c-2b58-4380-8655-06be8281a7e8,AmEx,6717caff-e900-4694-ad33-62649b5a749a
34e41149-8cb8-4555-b8a8-5fa3e88916a9,MC,90183158-bf44-446e-81d8-0d74305fa98a
c6535cc0-a3c2-469d-983d-d65f63d5e6f3,AmEx,a2aa3944-abd0-48bc-ad70-5b728bf7cc03
65e7e1ee-1e70-41b9-bfd3-ad108d3f9660,MC,11ca0a40-44c0-447b-a37b-d885c64bcc93
1f35422f-5007-40c2-bcb1-d095f88c4b28,PayPal,eed4e8d1-257f-45e4-a425-c7a5de70d36e
e9718a89-2340-4c8a-8fc7-f7637dbb5289,MC,5bfaa0e4-8012-4c9d-9253-bf583ef004a7
78ef2918-6115-4066-9e89-ece292ae461b,AmEx,87fdd509-4f5d-4306-a426-d86a16f1941d
dbb28c9d-e0ae-4db1-b87a-a3142cbbcfda,VISA,d67daa13-8dce-46e2-b716-f36d29f6c358
b2c65347-3f6f-4089-91ad-35188efa51b2,PayPal,c613eb0d-4300-4796-83a5-04a4c09f26ed
640d7c5e-0e19-4e70-b42e-6747e35cf109,MC,a7f11f3e-aad4-4764-83c3-6a84e099dc84
39c9458d-7820-4b65-82ff-214514ed8803,PayPal,1b9200ac-b269-43ec-869e-b4163914711b
19066a91-9d94-4cce-be4a-be77cfe8c19c,PayPal,84b458d0-0fb2-42e2-97ac-5f9ba69734ce
4038641f-1a11-4759-a52c-4786ae44572d,VISA,82916c17-91da-449f-8c7b-aa69079be172
7ac472db-2031-4982-b5a2-1bc45983224e,MC,9b9d040f-f923-4f05-b55b-81b0d66eb835
d0d792b8-e7a7-4078-bf45-a69abc11978f,VISA,a0691a17-dcc0-4481-bb5d-55997817435d
c82b491b-c59d-4b9c-9f9a-f47345eb41f5,AmEx,2b924503-7847-4b07-aca7-bbe42b101b57
b6bfbf07-93ec-4b54-abe5-3f0734894ab1,AmEx,d29ed201-c285-48e5-b3fa-46c2906e8581
3557ecd2-484b-4faf-8317-5002fe07c5eb,VISA,47b4ffeb-a3ce-465b-bee9-0412c38bb367
b3070c57-7600-424c-bebb-26a89202db66,VISA,21056f7c-bfc1-4add-ae21-bc4109795fac
f79454e7-b89a-4950-bb10-3407008a5b7f,VISA,4917a0af-8478-400b-a031-f68367c2d758
d450b8ee-87d5-4082-b5a4-99fd1201cd99,MC,366923b3-70d9-466b-a0e4-04e3735fb4f4
8dc73c2a-231a-40db-b04a-d6253f03fa70,VISA,2ba9a2a9-70dd-437e-b4e4-cc6b66accfd6
7846a631-3b15-472a-94e6-ac4fbf341f48,AmEx,56f7f133-655a-433d-96e2-2059c9e6bdad
f7e2fc0c-8c3a-4383-85ca-a3983c1c2489,AmEx,803c9ff1-babd-49b1-967a-a4622ae9befd
68953a4a-1795-4e6a-ade5-d21f62f13942,MC,d713fe80-1a1e-44e8-8938-399652a80a33
c3e76e5f-02a6-4e00-b943-a8e2951a6510,VISA,557cc6f7-c07f-4f94-a5cb-3fe2a90ad59a
689086d4-3e07-4d97-acd0-72cffd501c30,PayPal,f6b6cb94-5e97-4c6a-ba76-684d31419230
51248b41-ffef-4ff2-80cb-8bf2019bfe35,VISA,596d242c-a2b8-4fd8-b96c-a631b0d8316e
dc755564-5378-4de4-b676-35cb0fcb836d,MC,d160afc1-e379-4d9a-a306-71c21727525a
76d3d024-61e1-4792-a2bc-3312db509db4,VISA,541cc069-4958-4f42-8311-45a2d2b7eb0b
2ef6c351-7abc-4acf-a9f4-c71368f41716,VISA,1c7909d9-2e55-4025-bebe-0402724646f7
5632bd41-7f1b-49e0-9939-655f40602bc9,VISA,0be0a2b4-f184-4fe3-9f16-cb2ff493ec36
1645597d-2266-484f-b73b-ce5443be2375,MC,8c5cab5b-b94a-4a86-a623-015ab3b08e36
8c5d73ea-9ce7-46a4-ab2f-fd9b7bb44cd0,AmEx,21093b6d-d539-4a4a-9a68-47e0a257317b
1957e733-a8c7-4e0b-935c-ba9eeead969b,MC,41ed5791-2e8b-43f2-9e6f-db3de7b3470b
a7d8678a-f134-408c-be89-f81c8b15f029,MC,30ec333c-7841-47be-90db-5a310cc6e320
4700bbce-e7e2-4266-a0e0-8263162c4645,MC,06d60438-9211-4e0a-91d2-e9f01856fcbb
058cb8a8-6cd3-4ff6-a64b-c4739d5b6c0c,PayPal,d5e8b66a-3660-4eef-9ffa-76cd6a5cc539
271fdbb0-a222-45c3-8f7d-ecb2f5f54cb8,VISA,ce4a09b9-7d16-426e-8e2c-4e3bc4cfd9f9
a7767be2-a7be-41cc-8804-4ad22432da01,VISA,c41d989a-4ad5-4ad9-be46-2e487e4a8feb
5a720ada-d8b4-46b0-82a8-5159962ada0e,VISA,3b378ef8-869d-4050-a1af-77e62cb3f820
79b58541-bdcd-4b1d-83dc-f07395e09e8e,AmEx,30f66db9-7f83-42c9-9acf-c6d41f13d34e
a14d305e-905d-4c06-8ba6-e95b6af67726,VISA,d0c4a2ab-a338-4c3c-b640-28512de2fed5
776136b7-8784-45ea-b488-61d4ac47f55a,AmEx,df7e5c15-de68-4a1e-b6aa-b92c80c7f50b
36d3900b-7d80-4c71-b4a4-66175dce9af1,PayPal,665659ea-0604-455b-beee-711e6ee10a4f
57f2137d-be69-45c4-a80a-d331026069d9,Discover,2ff4b1dc-831f-45ba-b63a-2a0628f19178
e200c7df-2610-402a-9fa4-0d8b9cd8d0ed,AmEx,b583c988-3e16-4cbc-b260-fb64dc1db789
ee820747-83d6-444d-8ecf-ec60f1315c46,Discover,5e0b2b42-7f3a-4012-9837-e315a518734a
ef96f9a5-d6dc-42f2-83d5-493ad3eeb290,VISA,0a1224d0-bac1-4782-9db8-5d74535d88e5
17ca1d2c-4aba-4ee3-a9ec-ce7b40ecc07f,VISA,263b8bfc-f71a-4d8a-b0bb-cc62e1540ec4
44df7f7e-331f-4ce6-80cd-6e71a32aa355,MC,4a62f5c5-e1b0-457a-9d33-f9a5b86f4cec
b6e78358-7988-42cc-914a-5abf3735cee3,VISA,dcd6b6b1-ef61-46b7-a1cd-e2e4e236679d
961492b7-fdcc-4e66-8bac-13cacdd2f704,Discover,47b1c81e-6890-41ee-a392-c7d3a27edc10
d02ff090-3ddd-4d3c-98b1-863723474b58,MC,9f40c767-eb75-41df-bdd1-7ca8ae99bf2b
b6b5071f-4ebd-42fa-9771-338f1d19edf0,VISA,6baa023a-e3de-4905-808b-17aaccb8d207
a5f4d475-3fa9-431a-aee5-53072a93f525,MC,745b1549-835b-4943-b342-a456a9f86b3c
d21c7eee-e5a8-40c5-b1f8-412b97df8391,MC,9986aae6-d951-4e1a-bd0e-f49a24d80651
2362de0c-4947-4ad9-80bb-be25bdba5a5d,VISA,2b496026-614b-4520-a63d-1bca856578cb
18b3ee37-32bf-47d2-8f1e-9b66ee6003ad,AmEx,fe90edff-37d3-44e9-8327-84b9c251416a
a26b69ab-01bf-4662-a5e3-1c4d1250eb5c,AmEx,6d664e7b-f458-4f1c-9884-ada6fe16e6a6
540d6e50-6280-4a10-a9a0-f65a976bca75,MC,885c1830-e1d3-483c-b2d6-27484932a966
d5109a1f-7650-4c48-b6b3-06ff74aa7bb9,VISA,69b766a3-5183-461a-a11d-a1e7f42756ea
60189368-5c30-43bb-b472-92dcbd7b3296,AmEx,04d868af-892e-42e7-871b-b0b585db1dba
f241c9bc-62b5-40dd-bc63-03e39c328b94,VISA,9f3da587-7a89-496e-899d-958532549939
54b4f137-5968-457d-96c9-4b1dc5547d2a,Discover,573560b0-235e-4a9f-a5bb-457b28616119
eac73e3a-a4fc-4994-b6d4-9d5efebf4398,MC,2db211f3-fd11-44e4-88eb-a0263e06755c
abfcc1d0-e18d-49ab-82df-b6a6464150dd,VISA,090a01a4-30e6-4296-ad01-261c2ee0fde1
7146f56b-539e-487b-8c67-20331514e11a,PayPal,5f644627-eef6-41d0-a021-ee7c99fbce87
48981f8d-35a4-4464-b3fa-6a830fec7fd5,VISA,fcca7eba-9ae0-48d9-aecf-042d81678481
81ed62d7-9380-4f47-86e1-f52cc7f693a6,VISA,182dab13-dea5-4781-a2e5-90c301e40337
6c805c06-d199-4dcc-a23e-84d7054fe55b,VISA,a64da6ad-50aa-4da0-952b-3adc0a367362
cb0208a4-4459-42d0-aedb-61d0c4a1443c,VISA,72ee55b1-44ad-4fc1-854a-24f68e45362c
20203b76-343d-41db-adf5-0388fe62d7cb,MC,43041d03-7e95-4492-a436-184e2df66a62
71a8430d-357b-45bf-affb-4d07bdfbecf8,AmEx,33722cb1-2234-4b15-89c1-d667f8581482
de95a66c-82a1-477f-a67f-287eefb70606,VISA,406d5366-d8ca-4a66-82cf-8cefa8cb0ff6
b87f222e-56fe-48c5-8114-dd0305085e71,MC,2edf4ced-a7ba-4756-b0b8-5178a31d5c28
5066c2a0-0ea3-46b8-8e0d-3203681dcc57,MC,5ebfac7c-bf7d-4324-8531-019efdc17815
997b5965-ab56-403e-891c-e04402dbffb6,MC,075b2851-b315-41fd-9583-f525466a56f6
427a683b-5897-4409-bb85-746ed8010ccc,PayPal,29585cfe-f6ed-4ea9-82a1-adfa90b3f0bf
0b63adc6-4fc3-44c9-8b03-8ebf4a1ffe1b,Discover,045d60fa-58dd-42e0-a69b-6225fa71a8bb
f440dedc-b0b4-43fe-9cda-ea8ed6da6e8e,VISA,08a8df6c-4ec1-41e7-9ee7-bcc1fa59fc9a
fb5939c2-832a-4c3d-95a3-9462c48179dd,Discover,5f372189-0da7-4e5e-97fd-6d5b747ceb13
7882d2db-680b-4322-8658-5ed6dd298d73,VISA,bc0543cd-a782-4c47-a85b-c70efcadeb66
ce58ac35-7a85-489e-8b1f-0e291602a12d,VISA,d2772e3d-6882-496a-9a01-9d64798e5893
13c840f8-2d0f-4379-a563-8263ed7e1259,MC,936114ec-ae21-4f4e-a307-d0af73124afe
041a993e-b970-4d92-b1ca-7bdea2edc341,MC,30ef91d8-c678-4772-bd22-5d69a366247c
de2aa4d5-39f6-405e-a267-4b46b628e97d,VISA,dabe7891-cd1a-4de7-8be9-f3aaf62995a1
7ea08d60-bef0-4e66-a795-0b28c054ba6a,VISA,29f0ef2f-8d1d-4cd6-a6f6-adc82af69e3a
9ce13d0c-e23b-4fc4-bccd-ec55b1707990,MC,7b1f6b5c-02c6-4fa9-8201-d0751a15a750
2b92adba-477a-4502-8ef1-b72f52c37f8c,MC,b8f8cda0-c817-4163-b3c8-551a29ee5217
507ecb12-2a87-4dfa-88a5-0f6246545331,AmEx,868e6ab2-e4d0-4aef-995a-024e32c23e10
027efb0a-2313-4474-af9a-1b448e8dc470,MC,47cea957-cc0b-4a8e-b348-8e0b3731eb3e
19fc4668-75f4-4441-927c-97b0846e9f9a,MC,e560c095-4bea-43b1-877e-25f86b2c79f6
0e7f897a-f486-45ff-88d0-4ae553f53aec,AmEx,787aba56-595a-44d3-86cf-85e3b4c105bf
edf6ddff-91da-4fa1-80a0-c75cacb8e2c2,MC,d681be6c-bcd7-42c5-8825-4bf7496b72ba
34096bc2-f9a2-461a-adf2-6084ff7cee05,MC,713dbe0a-3872-461c-aef7-7ec05de1540e
9e788480-9ff5-472c-ba98-521f82172416,MC,88d66c4f-e5dc-4989-9d0d-7015d412e953
2304a78b-8c1b-460c-9a4d-e2e120f10dd7,MC,9df3fedf-3d28-4dbd-b56d-7d1c313255fa
96cac9a4-44eb-42ea-baa5-c54316d7e7d0,VISA,ee62136d-c62a-43c7-bd89-60ec9b350054
bfe1041a-2278-4b95-9ffa-7629c6b8f3db,MC,c77a34b0-312c-43a4-9b50-253015709f1a
72c43dd1-f15e-4ea4-a5a0-73fb8d380d4f,MC,63d12f8d-5462-4f31-8af3-94637c4cb8ba
c675044b-bce2-460b-9f1b-2c54370501e9,Discover,3b89c3ac-9438-4795-ae5d-f75254757fa5
5c57c0ab-4fd4-43a2-9ead-37ba5f5165b4,AmEx,d0077cf6-94ec-489c-8e9e-078bce85819f
1e0ac961-bc54-4cbb-8528-778a202386ed,VISA,470a7d43-1bac-415a-ba52-4218427d9528
8fc0020a-5f32-4f88-9e6a-f2b8324e59f6,MC,d135dcfc-cb5f-40d8-a50d-1f2b33e23174
31628365-22b7-42c2-9f60-2214e4cb9472,AmEx,6df123a3-60b0-4a2d-a1fc-a75aefaf56bf
e7189083-61ed-4172-a5b0-3314d006c05f,AmEx,7d708080-f6f9-4636-ad2d-ad9cb12bff95
ed99ad46-0bf7-4c00-a393-943999101ac8,VISA,3b36d701-c5ec-44a3-93b8-56358c7be87a
b0cd81be-5570-44a3-96b0-6772a5df474d,VISA,8dbb69fb-8e35-449a-aade-5df13558c27f
fa061a40-349e-4a4b-8df6-08b5232d7e85,PayPal,8fc849e2-d744-4c7e-9537-45bd9f9e7bf4
effcbb42-2494-46fd-819b-3b2172eb9c08,MC,32a14413-b1b6-4b06-8571-0e50b40790d3
2c0e4da9-0691-43d5-a316-6c5f64032132,AmEx,58140ebd-b6fd-45c5-a3db-7ec14ba58d98
38ec4a02-7362-4337-ab63-3c333a5c6ee3,VISA,1945966b-7663-4766-9918-8a1d093ec92b
5399fe30-0c01-49e7-9f9f-1f6c5c93a2d4,MC,b105751d-9fd7-47e7-aef9-7194b1e76f0e
6222b116-5b9f-4b8f-9396-24473a5b38ed,MC,62052789-dac2-4aab-a329-c2d9c0a8565b
4f8bec87-d255-456f-96a0-f9f61e80c86f,VISA,48d20960-f6ef-4157-a14d-ecda2b9f4877
0c98dd7e-740a-4798-a6cd-d126ab5e3c96,MC,0502afb9-bc9d-4dda-9b43-300d70d3fd9e
0fb04df5-ae55-4832-a6a3-f09b3f25e85c,MC,790683c8-5d72-4757-8378-9ee3b56c39b0
4d5edfc4-dbf8-4405-98bc-0a05f64614cd,Discover,da24999b-76e9-46a1-883d-b40bebb4557f
5c8f7842-2a61-4722-9d54-fe9c87e0c45b,VISA,57592649-d7ae-4553-b822-cf2c76ce5e38
e1739ab1-d040-4dff-9644-9dae73c8a12c,VISA,989e6ca3-1d55-4e68-92b2-3744ddfab021
e9a2913f-95cd-43f6-94a7-abc6b1de4b9c,Discover,ab6534e7-dc05-4113-916c-b8a54df4a583
8c272331-dd94-4429-b417-4ede0486ea05,VISA,49697225-10de-41a3-aeac-d150e75157bf
115223e6-cfdd-49c6-9a86-7845db85dd43,PayPal,d2b80015-8a50-41ac-a2be-a6dbfc4802c1
cb09d332-ef03-427f-80ad-712adb24994c,VISA,e818ff7c-dd9f-47e4-b803-29f4da8365fb
1829dc99-c82f-4a59-802d-53e66c9e5477,VISA,e9775651-eaf0-4cfa-a01c-a9eba193780d
68ef9ec7-5bfb-4502-85f1-6b23a87b6fff,MC,2795ffc2-f6da-40bf-a7f5-1c316139e967
4ec96d67-338a-4014-84ab-9d07f8c52cc3,MC,3b9edf16-b085-4d71-a28d-30f795c9bbb1
f67b0458-e2a4-40a0-8f64-9c682a5d81fb,MC,d9cc553a-00a0-46d0-84bc-88444fcfcb87
9101fcea-20db-44a8-9c42-335d0bc6f354,VISA,304c7c2f-b351-4374-851a-bfbf3cfbd78e
cc2e2196-e0c8-4c66-a673-17b98f2c602f,VISA,deb2135a-4bc2-46b8-acbc-0a781ec4bf92
0bf5b9f0-912a-4e81-81df-57ae6609f682,MC,18ec186f-4b7d-45ae-b794-16e29e69722f
7d3908ff-9ab0-491c-9062-b5301370df89,VISA,206761f7-27a7-445c-87b9-26af0bd2998f
3edbd504-c051-4683-bbf0-17a7369bc0ab,MC,096d2df8-6056-41d4-8f36-c4ed1844cdaa
b63ba438-65af-4a00-b496-a1f412dcbced,VISA,192a4ebf-f263-4b09-a7a1-1f6f64a9ffa8
e4e28f93-558a-4b28-86df-ce8be980bf30,AmEx,2ad33412-3159-4668-875e-d7379660e473
4c522a1d-8853-412c-8fe7-c4f95d4f659c,VISA,ba72feef-7294-4a23-8402-442b7e2742e4
e5fb9354-d980-4003-8bf2-c9f5db1e3695,PayPal,062da75d-acb2-4e8b-b308-31fe4d7f6898
a553aa04-8d83-44cb-8be3-1d77b34c027e,PayPal,de380539-6e84-46cb-a24a-267da9133f37
08ee8b1d-5e73-41c9-9127-5ad83cc563e5,VISA,679c2d16-a85e-4b12-aad6-3f2da846d867
d78bcf32-5620-45b3-8b13-5e785a345c71,PayPal,5a218484-9102-4073-ad8f-4f65ac9e0bf7
f35efe8b-f6b8-46c1-9716-ae20a8f17924,AmEx,06265f9f-9387-40fa-91fe-a04fc4a1146f
98189353-4db5-422d-8232-6ca42379aa16,VISA,452d7a52-c1d6-479f-8476-54570d7d595c
cf08a848-d4c4-4f10-80ed-ba30baa6e4a7,AmEx,df6afd56-da35-4aca-bbbb-a2175687d045
38e0b610-f222-4e53-af0f-345faa33bde5,Discover,8007177a-a847-4c8d-be9c-05c414d4b0c0
0156c6fd-0fde-4b9e-9092-ed405421a56e,MC,bbfd901c-8784-4b95-9ba1-ead38b88588f
d05f0582-1409-4f80-9565-b50140226ba7,MC,b8bf671a-e500-4746-bbe4-e74bad06d70e
9ba4ac13-04b3-43e4-a6f9-c8fa067fde54,VISA,1a94bb49-77c2-45d4-9183-9e4e2dbeb227
e3aee1f4-c272-4f18-88f3-344cf306a03b,MC,1404482f-d1fa-48c8-825a-cd6646c35d08
73444c74-2c39-464d-91dc-2a1a66006935,VISA,1220fadd-43ea-41d2-8f89-aebdabf51ba1
16c7d665-a4c4-4ec3-a2bb-d85ecb01b089,VISA,3872ed41-28ec-44d4-8c8c-573a74217bd5
df799022-986d-4fa9-8ec4-c75625bf15e5,AmEx,8f2643a7-7a5d-41a8-b3b3-e5226d1e359a
ff5e5d39-43fa-47b7-b706-fb0e98618999,VISA,1b7fa3a6-22c1-4f86-8de4-c29962abacc6
25f07559-a533-4ae9-9c91-3e3e7091344f,PayPal,c71eeb91-68b3-40e9-bfc5-be6cb86b99cd
ee558385-8210-41ed-b777-6b4a3a2e86e1,VISA,85c0ff37-3c6f-4eaa-aeb2-90e576c8d246
e13aeea0-491f-4a28-be1b-f7a2ba72847a,Discover,f351fd8c-53b7-4be8-93f1-0a8cfd9f2bab
e6b7bbc2-8e65-42cf-a807-75204d8741fc,Discover,d765e110-a003-49dc-8a57-95539c2adef0
e0870f3f-197e-48df-9032-ac0635a453fa,VISA,f09d851c-fa27-4508-9d8c-2908ad7972ce
b60ceed5-3cb7-48d8-ba6f-b02ff2e83368,MC,5d83578e-5b65-470e-855a-24eb2207e4e2
a282b07c-7140-4ae9-8fcb-fbf4914ecb54,Discover,c9dc9188-89c9-4abf-8fff-7ff9b53e9725
bcc4fcf4-0498-4c4f-9c42-a4bb7807f0c8,MC,50f029b3-dc53-4990-a846-45c8ee29de03
511a4a7e-a845-4ffe-bbac-4f51bae8a04c,PayPal,dc33a47f-bbd2-4b6d-a9b5-1a1d579f45f2
06402ae1-b84b-405e-a67d-d5fc525c8769,VISA,eb165e9a-66b1-4043-8c39-0aea41eb2399
d54d5c9f-911a-4b8d-8472-cf94f37b0c23,VISA,acce3d5f-9008-4db8-982d-28939704cdc8
99879dc0-5ac8-4b54-990a-5bac7423dad7,VISA,dd4894e1-8a28-4594-b8ac-50459dffabe9
2f6bf75d-c999-410d-b3da-da30f1f07876,MC,12c4f416-7993-4ecd-830f-dc06e127c5cb
7f73a20f-266c-4053-a694-987c7ac477a5,PayPal,7a3d401e-48ab-48b8-b339-1baa0abfd8a0
e663585c-666a-4d45-8dfa-436fe4d27620,VISA,c70af4da-cbe7-4eaf-a781-b466c3f9834f
cdacb2bb-7e2e-48de-b1ce-9c9449bb5b87,MC,8ebc010b-da16-4202-9237-c248173dca6e
311bacc8-af9a-453d-b40c-33333cd6d28b,VISA,b5cd67a5-92b9-4cf8-b48b-f4167a95af98
3ed6f7ba-a6ff-4005-bfee-e173dd81b424,VISA,2725dd2f-bb90-462b-bf8e-4f05bd3853c2
97766159-05a2-44db-b805-e3191070a2bc,AmEx,e4011a5e-f2b7-4f49-b075-8b9f0bcb7f82
17eaae4a-95ab-4bc4-b52b-8946dc719071,MC,9b5a79af-9d90-4e1b-8070-da39254a52c6
3dda3e67-8e91-460f-b60d-e4c187dec33b,VISA,a357ef4f-e01f-424b-892e-ddb7fa2b9d5c
8a48e749-f2dc-41a4-ad20-76b9fae87696,Discover,879daa9e-dea8-4395-a971-8e3d399de585
5a6851fa-4b84-425f-8f1f-eaa60851ac29,VISA,47274a03-ed68-44c7-91c2-263d3ce3c93e
939ce32c-0613-408c-92c8-3807ced6a281,VISA,6282fa53-6cec-4bee-82c6-a93aa0f28111
ac9f7366-98a0-41d5-b0b7-b48561a89eaf,MC,c2872c62-605a-40a3-a7df-7f6c5f66e9a9
9d95d17b-0279-497b-8666-cddb47eda78c,PayPal,acd77e36-cc19-4a7b-9467-11fca5439e64
1dee3171-d1c3-4023-9e4b-937a2fca9837,PayPal,52bc2596-1dd5-4f08-8cdf-3e2eac85225e
95158046-2664-4ac5-98a2-69e244d3de96,VISA,6d17f02a-e9bf-4f20-a70b-abd055661047
ab9d5d40-c0da-4bd3-821e-ee38df2a6ab8,PayPal,68123f6e-2745-4abf-b3c9-2c48201533bd
db8a1549-3225-45b9-ab7f-26d7d695b61a,VISA,1d146337-bcde-491f-931e-fe2d37a7a3e6
ca359dbb-6ced-45c2-9c2c-f6fd02e9b1ad,AmEx,25c8ecb1-6efd-4474-8540-e112eaf36392
179ecad4-9823-4ba4-8d73-dffbc901439f,VISA,5a0d2008-75bf-4dbb-9679-48799810b5ac
3311e202-d1fe-41e2-8688-5005d52230b4,MC,4ece34b7-8c0b-4318-88b3-bd9602f84d87
0eae6dbc-c710-4092-8cb7-2ebadb6c5e2d,VISA,c67c7e91-5c97-40e8-8460-89259da3c665
fd8f1165-549e-4c82-89fa-acc901a93101,VISA,8240fe6c-5a4c-4a0d-be37-c19b6614b6fd
9b290dfd-f344-4af7-9c31-a2275f4cb1d9,AmEx,c8a7ba88-6b44-4c80-b8f9-a74c03175ee7
c10f8ffb-5c12-4d03-acc5-7ab8c71be895,AmEx,fa10f8e2-8aa9-4330-81cb-6c8cc0fcfaa1
b0010615-81ef-4cff-87b7-43b7eb176b7b,MC,5e4764af-b944-4281-8ab6-26af1f5a497c
8ef64d00-9105-4157-85b9-8caf2c17a7a2,AmEx,dcbc8117-e65a-49f6-93c6-91c9db572468
416d4b4e-6e39-467d-816f-aa544a26f5ad,VISA,9e7c5e67-a815-4f64-ac2e-994332c60cf7
c6904583-75b2-4cd6-a55d-42b92c516e6a,VISA,cd245cb0-bb0d-495b-95a5-08602da8ab33
38b78326-ef10-47b8-b119-aea262b72b71,VISA,8fb8f043-afe0-4e28-970b-903cb4f67317
ad29060a-e906-4641-a909-41d9a18f7d25,MC,04b07bb2-613e-4e60-aedf-a414c865fe7e
7b345235-05da-45e5-bf49-2239cc30bfef,Discover,4ac2a7e5-9082-4029-a15b-87fca0278190
e57547cc-a732-4ef4-8314-159452b0f2d8,MC,e327302f-1ff3-4036-aa05-fc2d5586d8d1
385b3a7b-e365-42b9-9534-724108c44de5,VISA,af8b068d-f609-4800-a3f8-8fe46217a9e7
1356572f-b477-493d-92ce-5de7fef2e5ac,AmEx,a6eb28c5-9161-4d12-9044-f0a27024f9fb
1c254653-ae46-4aca-9c81-786779ecd56f,VISA,b88ecb61-55bd-40b2-9aa7-02609cc33f34
4caa209d-cba4-41f6-bb6d-5e0a418eca67,AmEx,7239665c-c22b-4684-a4f6-301e245fe872
769ffc1b-5e3d-43f1-9fda-c20bea263fe7,MC,8b2187a5-4b41-459e-bf9e-1d4cf96ef7cb
17cdcf3f-ab81-47bf-87e8-33400ddba811,PayPal,9633f9fa-fb21-4969-b0e5-b3eab1390866
ac8b424f-7ae5-447e-835f-ea15b8101f48,MC,953f89aa-b702-4220-b9b7-cc2bcb7fc66b
df4ec1a8-8f97-412c-9dc4-3d042a21e762,AmEx,d2451a2b-482c-449b-aa9c-22c35091ae40
123445ac-4d30-42b2-b50d-d7844622d657,AmEx,beb95af8-4bea-4ce3-8774-2af871c378a0
ea941abe-e93f-4356-a922-aeb470415dd5,MC,5612e5bc-5b43-42fc-b18a-161794b48bca
16d80310-0d6b-4d76-a9a8-9367d973cb62,AmEx,919214f7-4987-4cf8-9dbc-e477c332d04f
b53f355e-21f8-4d2a-898a-ed197d4ef629,PayPal,29ff9ede-4bb8-4389-8f21-258dd4423bdf
abcfb5b8-9d93-44f9-a5f3-f8b07013bc3a,VISA,0fed9cac-ce78-4309-a1b8-577377e76747
8541d612-6ce8-42f6-9b23-bcf8abaf6fe7,MC,f87f8928-b281-4e3f-af41-97d80693792f
269a4021-20a1-4483-ba55-3689e6184f32,MC,a462ca21-bd4e-49be-a7d1-45f2b8bc211a
6519dd9f-50f7-4a2e-b687-87bf541caa91,VISA,3d851590-cad8-43d3-8e30-7622788290ea
d6196dfb-0b43-4eb6-890c-79865222fbcc,PayPal,1b97f50e-330c-40be-942d-ca91b900ecaa
5d92530b-436b-4bbf-9b81-553d2dd732b1,AmEx,259ecf98-bade-4483-95ce-85116fc410e6
6d92ce07-0210-4a61-a4ab-3ed1ab3b1b17,VISA,cc48b2c5-bbcc-4da6-b757-0659c59c53d6
c7d4ad26-4c1a-4bea-aa22-3f0a0c2a42a1,VISA,055b88c0-5a1f-437f-b336-fada88907cad
bcbbb784-c796-49e8-8024-b1a77302331e,VISA,0b77c101-1889-41d2-853a-7bc25ea79841
dad52a5b-27ba-47b5-a3ef-95a53eeac18d,PayPal,1444c836-9ac6-4c58-a4ca-81366d479a15
f94b7d05-2e05-46a6-bb3b-447f755e3679,VISA,a185e58c-1b99-4d3f-83ed-c8f8f69bd782
10452464-979a-4b21-8894-f629d7e4db59,VISA,3b8deee1-ee43-4aea-8d72-6bf08c0d7cd3
ab3f5e90-358e-49be-be49-454c51f7cffd,VISA,8691e667-c7f7-4b92-b974-4a61aafe39d4
9530f2bc-1c6f-4ecd-bb72-68f1f3e5eb3f,VISA,a6d8b84d-615f-41dc-b016-281697a96583
6370ab87-1e39-45b0-b480-4d4a85e4ec4e,VISA,40538dc5-cc3e-47ff-9a2e-54623891f663
88094a9f-a4e5-4af5-b126-4881a1283795,VISA,58848b9d-1a6b-45b3-a470-e2ba4a3a0513
2f3d8dea-2fcb-4b25-bce4-3fe098f9fc2c,PayPal,e497b133-bdd7-4957-8e47-13a413ee4b62
3faf6234-9b70-4dd0-8431-0f2042b82f9a,PayPal,0eb9f941-7df0-47a0-b52f-bfc3d9c32731
0bf26c38-50d6-40e5-a330-15325c1da3e6,MC,f55c3893-8c0b-4586-bb5c-fdc0ad2fd554
0d202206-54d8-4595-b377-7675431b0a38,VISA,0c5c9772-8b66-404a-8183-9d204dda271d
d431138b-d6e0-41da-a5a6-e2467d69cd3c,Discover,d139cd87-8df2-4ebb-80ec-acc48f4f9355
331b6b0c-9d11-4877-9832-a0db0fd01f8c,VISA,f329b792-20b7-4e80-a16d-76cc24973f4d
73d0891a-6232-4a01-9768-b363140f7783,MC,ed01fa85-a47e-4cb7-88b1-349a4a4a5660
82394e94-5f02-460e-ae0a-19b182b5e397,AmEx,5867ced5-29a9-40ee-bbdb-862d9ecdd230
315fefc2-3591-4257-8dd1-1bb2db0b9c3b,AmEx,af446db1-753b-4476-a967-896dc9ec41c9
446cca39-46e1-4391-899d-d17a7e63f3da,AmEx,218ca55d-9d0a-4dd3-9b63-9346f355e2d0
cfd94f23-c625-4dfc-84e4-4e829f5e786f,VISA,4e5dba09-b946-4ce2-8175-1b5a9db5b448
a276bb50-d0fe-4a46-8b92-5c3e7fb0dcfb,VISA,aac63438-9fee-400f-8cf3-526ec780b420
5948c17a-819e-4f59-b714-205d82368d20,AmEx,144ee59d-0348-449f-987b-a28f901bc3f7
47a33244-2281-4c75-a099-6af6f626f9c9,VISA,e8c03a9a-4ed0-45c3-b507-6498f9f069ae
0df78322-ff17-4e43-b6d5-3552aebc6874,VISA,b556bcdf-aee3-4842-86f6-b8bac732aa67
2dd64e61-02b2-4c02-b53f-cc4006122f94,VISA,ded232d1-f555-4bf3-9c9a-520788ab3035
747493bb-6d49-4ef6-9b26-118461b6a325,VISA,5725b632-7413-45fe-9f21-89c5211e1091
b3d1e439-ce2d-448c-944c-c780d1616934,MC,38a4cfe3-5e0f-4709-8c06-03e07da90b48
6ae0b656-cb6e-4abd-bbda-30407080661c,VISA,2f8965ed-9730-456b-8502-528131bf010f
b58ba0bf-c97b-4b73-aa15-93c778d78e93,AmEx,1b2c86b5-4155-4312-a0e7-4ca4ff72b2fa
cf1706bf-e404-4705-9381-8a91042c1846,VISA,3c74688c-8f2b-42eb-ba24-849457247662
55a23857-2553-4a73-aafb-331f8ad497fa,AmEx,ec325269-5988-4ef6-ba34-0565f4fc665c
be974c33-32e3-4489-8e5d-8f8df0cf3743,AmEx,34e2b9d5-dce1-46c1-8cd5-8a639d293a62
12c02219-a010-437e-9d27-b4260da7bf21,VISA,ab5adde2-eddb-4eff-8542-b8a11c5c30cb
2d4a73ef-124c-4105-b7e8-c8b0bc5f443b,Discover,2942bb2e-a0bf-403e-8ab6-fffd9d6a8d0f
4d587b2d-28d9-4b36-9d73-b27ebcf4609c,AmEx,3bb3c2b9-4a8b-4a6b-9de0-0b471cbde78b
dc01e826-3915-48ec-994f-95d7a85e1948,VISA,b5303d48-76d1-4d31-baba-539774852a3c
7ef7f996-9ff2-4805-a3f6-f03d8c187562,PayPal,ee6a51d3-ecac-4b1a-ab4e-5101d5efb946
80deb633-b606-4335-9a96-7829b490274f,Discover,4d411ff3-58a4-4dc0-8a50-68a9b430aef1
38e73a92-40b2-4742-8cbe-e5bf9b6cb09c,VISA,58f4f762-594e-481d-bb42-da1af1489e01
80605e13-f70b-4e13-8b27-c179970d9468,MC,d14408e3-4f03-4832-9cd2-1d5e1f53e439
b463c80c-49e7-453a-8466-393155655b70,VISA,9d466d8e-9b24-41f3-9341-28daafb28c25
da158ae8-39ee-4cca-9e48-7b3adab4129c,AmEx,606bc7cf-0ddb-4162-9588-bebf0c27a155
8b75441b-65f4-4e2f-9fbf-b31b7975f3ee,VISA,be61631d-b320-4c28-9d18-cf5093d5c341
1a125da0-d360-4b13-9cdc-8ea6778e8d9a,Discover,17f8c8b1-8125-40f9-a579-9968c88c7655
bf78e674-46ef-4b3c-9ddc-1f670bc09176,AmEx,36401139-23a6-4db2-af04-de7a77b8150a
8b2e9632-de25-4103-be6e-594b8b824d14,MC,96536074-b685-48a6-a188-47b2299e05e3
55eb9c8c-5d55-4a6c-b4f7-bbba9601a1a2,PayPal,1083856c-1669-4d23-843c-1fce203397cf
3cabf1f8-dc8f-418d-b098-94ef07b37b22,VISA,d506c21f-14cb-461b-a893-27897cc65e7b
edf339e2-f9eb-4cf2-901f-b14ec55d6fe8,AmEx,e1b4c5ba-e229-4222-b998-22beee959da1
0c4df2c8-b0f9-45ff-93c3-1f3b7dd06a4d,VISA,ec802ea2-192e-40d1-886d-0016cecb836f
606d6ac5-1090-4031-9991-9ddcc83b78d7,VISA,baf24851-fe31-4f87-9e90-f098fb23078d
e6a4915c-c66b-4984-8515-05cb7710f777,Discover,d6d57227-3fdc-41d4-83e1-c1b626635898
05a81ce2-2a49-4cbd-a0e3-b3c20fee6c61,VISA,9a94d59b-2efd-4d72-92dc-50dc4d4bf58a
4106fcd0-00f3-4cf1-842d-78c1e8202552,AmEx,13568846-0b5f-49a4-90f6-d45212529df1
31d6ddd5-249f-4833-9ef0-19752cd0028e,MC,d2a3a853-ff61-49b6-b5a5-94af8e887137
92b29cf8-2bbd-4669-b868-90cf0837c6c8,PayPal,57713ab8-58be-4a56-9f9c-332c3f82a8f4
d4693768-5609-4ea8-865b-d38f65455e20,AmEx,aa8b858d-7185-49ec-9223-8fd23fa685dc
cbd4d977-9f95-4393-9d6c-3e8fae88771b,VISA,f18f8300-e48e-4038-a762-11743fd3c46d
d5f7021e-9264-4520-a8bc-1573aeee7285,Discover,c566930e-549e-4ca1-9d58-ef8b97b7a4e0
f3b7bdaf-bd8f-4537-93a0-f6213b5c3773,AmEx,a05a7915-aac9-402e-b75d-c09258a464b2
da377866-0f28-4ca9-92d9-5c0c46b3cec8,VISA,d4d1abac-1fb6-469c-a9bd-b6ea54dea8f8
9fa76aeb-8ae5-46c1-a4f6-827922c7177b,VISA,67f7e659-1b51-49be-a055-812c098b1551
59dc71ed-3b11-436b-8f3b-21dca5e1fe15,MC,5ec7dd16-9f69-4567-becd-f0fbbaca7919
c4b3f3da-76c0-4f27-9d6e-fdc2493b81d2,VISA,c62f00b0-ea38-4c18-8ffe-677e0ed21c3a
ea05340f-db48-43c8-9dbd-837486babfbf,AmEx,bc221dff-c03e-40a2-8820-5dfa577bc510
d1d84caa-4b65-420e-91d3-41fb6052749e,VISA,288f546e-a5d8-477a-a57c-c8bff104712e
f64135ff-b276-49d4-aef6-4ade2bf7b4fc,PayPal,bfb8bad0-d96f-4a47-9fc9-2fdf7add496d
3069c99e-063d-436e-944b-4327d7e7afc7,VISA,baf9ad6f-428d-46f6-a67c-2d1c3cec38ef
17512379-1be1-479b-9fd3-f545ac1bcf31,VISA,8edceb1d-accb-4f71-b736-712a78d867db
457bb20c-794b-4c30-b0d1-3805ee2adba7,AmEx,620a9858-144e-47e4-bcc7-243e4b2c7770
de872735-f55d-4a54-b40c-ca6da959b1f3,AmEx,214651e2-5ec7-469a-b266-e190ee15885b
dc01739c-0209-4fa7-b241-e472a258a0a7,MC,92f273a3-2b89-4fd6-82d1-c4598663542d
e045ed99-1174-4e3e-a848-b05d4b394dbb,VISA,9774ebba-c8b8-4970-a053-15aa2b91ac59
f8dc55ac-3e28-439a-8ed7-6af8a8314377,Discover,390df447-498b-4ea4-978b-f176c37c881b
221e8e47-9b93-4a71-8704-7e59779fa519,VISA,59f8a6f4-eaf9-43cf-8391-eb293ff37a87
57960a69-f1ac-4435-b67c-d03b27b75885,VISA,9b734b62-cbdb-420c-b9c4-58b32346ab05
0f4cde5d-4368-4e4a-a71b-952edc38c216,MC,336807af-5ea0-461f-9c50-ea9292c39038
833cd685-4883-471f-be5f-b1f298614fd7,MC,1a484cd5-f688-4d9c-89fe-38b4e428c276
bcdccc72-f961-4751-a2dd-8a160a39c044,VISA,7603d78c-fa2f-4308-bbab-f18ca34430c0
7430b7c2-8990-436a-899b-e4895fe40ec9,MC,e2fe826f-03b5-4935-9e5b-25635e3a7ac5
a11d3135-1c5a-408a-9ae2-a0444816968f,AmEx,21ff5986-7744-48a5-ac49-7de6fe2daa22
839973c9-0d22-4fc3-81a3-50154c156f49,VISA,554b0a5f-1dd0-494c-a07b-f5809c7c5c03
fb4bbed5-819d-45cb-8a39-fd59e2b694f7,Discover,35a9293a-f5e9-4598-9ab9-25124a1c886e
e64d3f7f-383d-401d-ab2d-9ecc3965d95f,PayPal,a48013f5-1629-4fec-b722-e3771a6f51af
4ced706e-8b0a-4beb-bf53-43ba1c7d154f,Discover,c9eeb1d1-e984-4342-921b-a8f51fefafd1
934d90c8-5c64-4295-bc67-8e4153baf59a,VISA,99510886-2e49-412b-b911-63d297c0676e
49877f9f-b6cd-498c-8e1b-3ef68c5b3d5e,VISA,2bb0a07e-37c6-4fd6-8f23-82a2ec34a5b4
ae309419-4a5d-4acc-8ff5-391f474e7448,VISA,4163bb3f-14a3-416e-8f66-a2b1250199b6
43fec292-8382-4de2-bfb6-3d60964ce7bc,MC,9b6b58fc-7831-433a-afbd-b6900f8e8b8d
f84876f5-aa2a-4d00-99e0-d08a7a9cc7d7,MC,d97d6f7b-73ce-4ad4-a048-f864c1a98625
1b0d32c4-0642-4a6e-96e3-1c911fc3a51b,MC,5fb0671f-ee8c-43e9-973d-35fe04d774bd
4145fb73-3334-4c80-8748-882e360357aa,MC,9636430e-0934-4168-9292-0c4b7789ce4e
d16d5d73-57d7-4a06-b2c0-afeb55983ecc,Discover,3f387214-fd87-4539-8b92-769305c26ae5
22e676ee-55d6-445e-9b5b-591ee6df827a,VISA,20d80d6a-6c14-4365-a0fb-4370ef9c5098
5b439edb-9a44-42e5-998f-c430ea23c59c,VISA,f699f970-7bba-4068-9cd8-edf13076e588
376c530c-fc55-4820-ac55-8ad2dae666fa,VISA,4297e744-a10b-4424-ac56-15eb0cd5f5c5
b302ce75-d592-4379-b99e-3a5c0eba7bea,MC,e2e06383-f3c7-48bb-ad91-e31fe9bfcfb1
345ad958-26e3-4be7-8a81-c248c775932f,MC,41c13dc2-69e4-4805-9eb3-29f183e19e4b
ff833de1-27a3-4c5e-be93-a5a91ae5fac1,VISA,93753ba6-cd6a-4f2c-aaa8-1f0d3a48f2f3
10962bba-e57d-4a6a-9a59-caeceac086ce,VISA,7e8633ec-14d3-4fb0-9bb1-1ea64fe48571
e2052b85-ea3e-43d4-beaf-1da7082a928a,PayPal,ceb18394-d370-4c46-95af-e876cdc404bb
4bbe3c7e-7bc0-41da-b7de-11a5e3c1a27d,VISA,02e1230c-59ff-4138-9548-6edb9734cf20
4ab85724-b2ad-4332-91f8-6a64e60790c2,VISA,1b78b988-aec6-4e94-853b-60526b524107
13d6818d-ba76-4dca-b518-e15613a804cb,MC,80f0a1a7-f8ff-45c8-bc69-24b1d98a20f6
fe80a66a-e005-4009-b72f-44048b8ff5b1,Discover,6c1e1413-e0ac-472f-8741-ee721d87a7bb
0d3d61cb-1538-42bd-9a6e-c5844b856e52,MC,bedd50ea-1325-4d70-abee-4a796c6f2a2f
f346a282-34aa-4a0a-9ff9-6bca8ebb5965,VISA,23e164c7-75fc-4ea3-a28d-090984df4c16
a97a73da-a65c-42cb-adb8-761249b8d6bb,VISA,42785e70-be3c-453e-8005-9f68f763a8da
a58fe330-322c-498f-8c09-a980dfd1412f,Discover,ec9b5162-673f-4438-8112-cf3641946486
e716d6ce-c710-4990-bacb-81bdedd98827,Discover,b838409a-aad3-4031-9be1-c3bcea960705
567ad2a1-8863-44d7-8bce-9a937254f98d,Discover,b36e9738-c55c-40f7-aeda-ee3c308abb2d
a8837afd-6ae2-4cbb-a5a2-fa6f9d763d7a,PayPal,3e1ade92-2af9-47b6-a1d8-dabbe439bb38
ffb72cb6-e465-49c2-8fd2-d3c89db5aa4e,PayPal,7b467de5-da1b-44da-911a-12bf8414a781
5084498b-415a-4ffb-9cb7-6907c1ec93d6,Discover,4a5ccc8e-1b34-4a69-8ede-e27c98a36e1b
e4264438-21ae-4c63-8803-276daf9dc001,VISA,781a9c86-dc7d-4773-8e49-5dbbd23c1492
2daf652a-d3d1-481e-b561-e1b052a2dc7a,VISA,ab8ab619-b8ec-42ad-b12a-2457abb95184
31ee456a-22e4-452a-8849-5a750f0e8332,VISA,61839fb0-a162-4151-ba4d-189bbf6427e6
e0212228-5f8e-416a-a2e0-8b5b23b1e2cf,VISA,3992d9bb-dc3d-4792-9b7a-8e8cbc179ce1
8c6b9715-aded-405e-9698-effbfa8170d6,PayPal,745e8f89-052c-4566-a96a-8f5365d98504
4d0e064a-4b62-4831-9397-b256c26a6e0a,AmEx,e4089b24-44f3-490b-a6c1-8409a21ce43e
e7339a0e-5bbf-4d8c-83d9-396f8a7a58e5,VISA,7d71a916-c8e0-4dda-9240-8ddfd4078c32
78838d7f-aa02-444a-b85a-5db5a6d75e52,Discover,448fa29e-5a48-4582-ba43-f7ab3b6c4bb4
5e2b21dd-39c3-4ce2-b49a-899c1c7edc81,MC,b4c27ee7-892a-469a-94a5-82bc2227ea18
8e170330-337a-45af-927f-59413b1c5e76,MC,0aad46fe-e21c-4bdc-b5e9-2a0472b12688
86e681c8-20ee-4ea5-97e9-7829f89f7fe9,VISA,aef47195-8e91-4ea0-a2bd-37711ebc739c
48f4b545-ee3f-4bdb-a447-0b252bd1ef8e,VISA,2269dae1-c38d-4223-99fc-7e1461bf87d1
596d942e-635d-4984-a76e-ac63a6b717aa,VISA,3819231e-efe6-4019-8643-a742b60ae0f3
476227ce-5976-46ca-865e-b7e8c4c766fc,MC,1b8b4feb-8e27-4eef-9633-98a94e31b2e8
44854734-7e7c-4e9e-b4c2-4b6913a29faa,VISA,3579c600-c21a-44f0-b909-91508698e381
243d7f70-2f2b-4f61-8bba-c103d2e853a5,VISA,23919e98-3b8f-4932-939d-548307eef34e
ad630290-121a-4aa5-9e01-f2e550f7cac3,MC,e4c4ad23-0c51-41c8-8127-5a738a6a2504
72d86233-3a47-4919-8549-23a644910313,MC,c2a35ea3-1436-4894-82b1-05cb13039619
51a490ef-24cf-4839-8fa8-2675ab53056c,VISA,8283e4e3-da0f-47ab-86e8-34e06bba9aa1
a3c3c3e2-761f-4a3d-a353-aa479d362f60,AmEx,4cdfd99e-609e-4db9-a256-3d2ee0178852
18aab18d-b441-4e8c-9c70-1d0d2bc2bebb,VISA,2e82f9a6-7cdb-4ade-90c5-1db43728a403
071ddc70-0d7c-4582-858f-a9e9d0b1aff5,VISA,75a5b157-1cc4-4c96-9a3a-0112a6f71015
a2a63678-d992-43a2-b8cf-3fa879c396eb,MC,e38df702-d2a8-43d9-a47c-9aa574f3d2e6
f24d28df-0100-4c51-b392-1bd5a88a4a0c,MC,be87765d-ff1e-406b-94d1-b1beccd158f5
3d2455b4-1b01-4322-89b8-1b0fc6e95190,MC,495c387c-0e79-4103-85c6-570393c40d36
bdaf9ded-79d4-45b2-8920-ab8533d76ec3,MC,5d2c9dab-2d7a-4f8b-b7ee-f1943a65e19e
f31e5445-621e-4fd5-b3f2-2b02e2876855,Discover,002c781f-74e0-4a90-bffc-8698f1c24947
28ba696b-bb8d-4889-8832-84d26a5ea89f,AmEx,01181ce1-e2be-4714-a69e-0e80dd49ad23
6adce5d2-5dc4-4114-852d-71b4c3166e70,VISA,e4c29d73-acd7-41ca-ae77-c9be10e3be69
f9d90554-6953-4e2a-993f-60034a5851f8,MC,7cb49ef2-29f4-44dd-88fe-0b3e948aa520
115f8b1c-7b4f-493f-970e-5019d3d69195,AmEx,8542a1d5-9377-43b3-a2ec-84c3feae98a4
b8d65350-62e9-49f0-a8df-cf45f9c789ee,VISA,d24c0e72-79a5-419d-b8e1-8d623efa7d05
981508ef-4665-4991-8495-e45dd0906b9f,MC,b15b7766-fc73-4c5a-b65b-7d3c0e57a666
369b8c3b-c388-49ad-9830-2115f9466a8d,VISA,72e60eb8-f9ec-440f-bd98-74949eaea6d6
3c7f0f42-a2ef-435f-9fa2-2058d8cf0d54,MC,1bff8153-0f2e-4638-8e0f-a2e9646bd8ba
6fbdb3b9-72a7-4e90-b0aa-320c85d8e28b,MC,6f7f293e-9ca0-4b91-aa42-a7defd8f50ea
6c7a684c-94db-4097-bfd1-b4954dd792c3,MC,56f4aa85-94af-4b33-9f14-53d93f06841e
8695d4a3-b5e3-4176-8d48-469fcd2b3158,VISA,607f3636-fda2-4e1f-9b38-acac8568962c
3dc910e1-805a-427e-bcdb-aac47b2d93d0,MC,a4555cc8-4cea-41dc-8b38-af6530abd765
366a20a9-8efa-46ea-936a-f23c44752746,VISA,835340a1-1b9d-4651-b8ef-588e3c09f3a8
df0f32f1-e64c-4ab6-b3fa-9f8f289043d5,Discover,6bf000b1-7dd5-459b-bc57-729e56411bae
e6dd7a91-15a5-44cd-88b1-fb1f0270423e,PayPal,792b2e4d-f277-4c2a-9234-5b03e1ab3eaf
3a188d6a-797b-40bd-9030-b3a01dda8fef,MC,dc13f5b0-3ec2-4cd0-b00d-584d6a06edc9
f0b350a6-21ce-4cd2-9912-d95cc45633d8,PayPal,b06920c8-3bbd-4d6b-bb88-2d5d06ebac38
08e77241-0fea-468d-9b5a-72b28623fc5a,VISA,5c6967ed-4a1a-4e95-87c1-d097ab30dec7
fc15b89e-0699-47b3-9d6c-239387389a1a,VISA,52dbedfe-6cc1-46a5-8352-85e195c7fbbe
bf34d0c6-56bb-4cac-9b41-9170f6e7ed9a,AmEx,2bee1884-a2d0-4406-aeb4-31124b404b9c
b8cb908f-7e06-47fd-b194-048836e4e0a7,VISA,69de1599-6528-473f-b939-1260985e09d4
44d3b14a-ff00-432c-b3bd-e1ef2d8ead99,VISA,113adcd2-b965-4920-a4c0-611eb1df1cb2
64f0bf00-3fe2-43bf-815a-23d9fdf2e96b,MC,b9033360-2b94-48ec-82b5-69a917bddda8
e8d84c6d-3d50-42ce-b4e5-c285c2ec1a23,VISA,ad307b93-0f67-45b6-ae47-26a96733c573
2e8daa9a-201a-47cf-88ac-5602c5683901,MC,3421525a-6698-4c85-bd24-ff316e9f4b5b
fdd74f32-7c70-4988-82c1-9eb9c540ca0d,AmEx,726a3b8e-4ec4-43da-9300-007b8b9b2799
689fd814-5344-41ce-8a6d-c41dfde54441,VISA,74edc899-3313-4667-b716-0ebf3a0e2e6c
5aa138cd-598f-44c9-9c15-9e37a01ffeec,Discover,0bffa718-198d-40b7-9ae5-3ba0bae23887
04f1bc8b-dea4-4ffb-bf00-9cb3a49bb593,VISA,88bf00bc-89e5-4acd-8942-2ecf57cd64dd
4276d003-8042-4bf6-93fe-30190f18a320,AmEx,4bad65d6-b84b-43f6-a727-d18bbd41c4a6
cb558deb-2ccf-4637-b737-0879655b73eb,VISA,41841d52-7a14-4efd-8c07-51617647098a
53cc2b6b-5a8a-4942-b7a0-9e04ec0794bd,VISA,0e04011d-9a54-4b55-9869-dc910d39f87e
c5b1c394-2b8a-4e68-a364-55026b206ae1,AmEx,79dc9b59-0d12-41c0-8bbb-8b33aef32747
0be70e09-16e3-4c6d-a9d7-6e1fa2c96a28,AmEx,5d063e64-ac86-4e3c-ba94-1e578ebdc9be
48efa2de-d02f-4852-a9c3-e0a0ed1f522e,MC,47414efb-0aca-4414-80f6-b7a6f5d67e2b
46eeb909-e490-4b5e-8467-a4c0f8de9420,AmEx,8334fe48-ae2b-4092-bbdf-41c81f6e9dd1
2912e564-4d87-425f-84b1-5e69d4913de9,PayPal,b1de4274-7049-4106-8e18-e12747a1bc3d
1b042248-26ca-4f40-bcb1-12e9be6e35ef,AmEx,f647fce9-f477-4dca-9964-ba81288dcdc9
41d643cc-536b-48fb-b3c9-e9b6df48ceb3,VISA,61e07ab7-4d8d-4304-a291-9c034bd3f29f
f4058b27-0825-4ca7-be6d-66b21ecde57f,AmEx,5c1174e8-64ff-457f-805c-8b852e042e02
a50593d1-f70d-4ddd-b1cc-342952c5c95d,PayPal,db865213-a454-41fd-af19-621b904190fb
a4fdd2b2-3cba-4d3b-a863-c335b45a7536,VISA,9a789f5e-af6f-447a-837d-efc097265965
d684851e-160a-4f7f-82cf-986319793fe9,MC,24b8440a-8c3a-4f28-9fab-f5306b31a056
a45e0c3b-a15c-4cb1-a769-17cf9b591066,AmEx,505fe3fb-c8c6-46c4-97e0-289b9d700401
776ea88e-e22e-457c-92fa-8b8087a05f7c,VISA,06c2b328-39f0-4b76-b24a-f3e6bb056f61
f929bbdd-6dc2-4c63-993e-76ab4d907fc8,VISA,efc5456b-d487-4e62-8ab8-f5e83ac3d38a
348c0f3a-5209-412a-b237-c5c2d4fcc1a2,Discover,ae2429f0-37a6-44c0-9f7e-cd40f9fe45a8
b27ff313-c435-4b8b-948c-1ee57356b04a,VISA,dee65d2a-b33a-42af-9fac-179e68e475cc
9aabd414-95a5-40df-90ae-bec8621a7b49,MC,6df5a679-5a60-4b96-85c7-bc954d53a1ec
71542075-c530-4e18-b05a-edb40ee4eec6,AmEx,9c39ef79-f2bc-442b-8779-d61f66fae682
8cf951cb-f9d2-4bf1-a19a-325fc126dce2,AmEx,2f575dcd-f847-4ab4-9b44-7d221fced98c
141199e2-a276-43df-af87-6ebefb31c6c7,MC,7f44d1fa-92dc-4adf-b177-8760afc2d634
87c61236-66fe-489e-84d2-93692f733456,VISA,dbb3ab67-903d-4467-b0ef-4663b7de85c2
95b664cb-d4b8-49cc-837f-f096900cb1e6,AmEx,a5bf3a50-8b2d-4276-9092-109dafd9048c
f4a4ba63-5e87-4a3e-b710-9d6b903ed224,PayPal,a2c07ac8-217f-436b-9d76-afcd9c4ea6aa
3d4e5c20-a24d-4fd3-ba62-eae081d2d610,VISA,c383e6a1-40aa-4eb9-9d84-8dc39b5feab6
cc71a0ce-7ebe-4f45-9970-78e47712b2d8,VISA,269c3a44-0330-4fe5-9f85-eb00f7025d29
e5cc4001-6bde-4a66-aacb-3d074ee9334c,Discover,0dd8b8e6-4799-4d6b-96c0-bcc14d782988
48385694-9d60-47de-b30f-9bfaff7f8116,VISA,fc30782c-a57b-4869-8d76-c093613a9b64
10467749-8aee-4327-9edc-c8e3ea78eb41,VISA,3d6c5c4d-e04d-43ab-acdb-6176af323da1
3020c4d3-19f4-4f82-b2e8-a631de5f5ddc,MC,e6c7225b-5a06-4150-9fe9-e76de0bf39e5
dd6dd8d9-e8af-412e-a8d6-f893c66209b6,MC,14bd20af-7f36-4a88-92c2-01b308a8f471
411e056d-7bdf-41d6-8119-4d082d47fa5d,VISA,b8a741c3-757c-4639-8f1e-54c0f514fc75
0d657bbe-7557-481e-809a-c53dfb7b5bb8,MC,b449ee00-c15f-4013-8129-94a6d32ca4a3
8c14cfc3-f68c-411c-a5b8-4447ee1ae470,VISA,e050af76-335d-4ad8-945d-89fb79daa549
0daefe64-b905-4ec7-83ea-dca7760cb1dc,PayPal,40463eca-8b44-4bae-bda5-de2f135d528c
d0666b87-651c-4953-b306-4866b5262ba9,VISA,b533b2a6-166b-47e5-9e09-5d1b40ac8e33
32076e20-defb-4d6e-aa9e-feab27fd463c,VISA,992b350c-6877-47f5-be9f-9192e0a96303
b018c634-34f2-41f9-a4f6-d9a9111bed28,VISA,5ee46d97-a0ef-45b5-af36-3f5a4064b642
95b3fd7a-94f2-4cdb-a68e-bb0f2a428e87,MC,e1a8e79d-8951-4c46-b5a0-df7846a67d85
5cd3f7b3-35db-4854-8ec9-52e49e2c9d74,MC,3c7dadad-5be2-4aab-b5f9-03021211a1ba
5bbc10d2-a6fc-42c5-9bf9-84e3dde12d5d,Discover,a823d98e-1902-4d52-99ae-6fbf594634de
b4f5f128-be14-4756-ad95-61aff2e69500,AmEx,18304bee-9035-49b2-bf4b-c1ba316706ed
ee0e8dbe-c540-4324-aa1b-06a0a014f174,MC,15eac88e-5552-4229-8f52-4d30d61a0f9e
44446039-1bbb-4259-a00c-972a41214207,MC,2e26577b-ac55-4781-b412-2d1e8414d8e3
7b4f424c-70ce-4901-853b-734a57d70855,VISA,ce49a9e4-44f7-4028-b6a4-4036ea497497
17ba99f7-0bd8-4e98-98dc-2b52c1975f34,VISA,878ec393-2bde-43d8-9297-707440332265
6ba7c133-60e9-49d1-bf88-2a26f14cb527,Discover,1b9fdb22-40c8-4e1f-9678-5bb5f871dffc
f11ee971-ce81-4505-906f-67df5806f970,MC,0b92bcce-ca32-49bf-bb04-6c5ff347d770
960afd71-efaa-40f8-b105-9c5d41fa59a5,MC,ea4573ed-615c-4efd-ad72-f35544de12bf
0016d8e7-34a4-4a4e-95bf-7d584db39534,MC,1b072a6e-21a5-45eb-b4cd-67acc21c831e
e2bbd4b7-ee5e-4892-9b08-5dc8b5b3bddb,MC,e7f8bf2d-0235-4640-ba55-ca1c0977a24e
f7bc8be4-1a55-4b41-ab2c-0d77f709eb17,VISA,e1d9dc89-cb17-4ce1-9985-d24c1fc26183
f71a6bea-299f-487e-a130-3bea811c38a8,Discover,d63b85f9-a571-46f4-a199-f108f7c86030
7125a434-bb63-43fb-a441-e7bbda6d6ace,VISA,b5076bb5-d3f8-4140-9a83-9b10863b1932
cb1380c7-646a-4647-95dd-7db3477a5f6a,PayPal,8c1fdd37-13a2-43ae-bba1-afad33fb62b6
c259b57b-cf0a-41c4-b875-11c9ba816a42,AmEx,3b4bae44-b01a-417b-bf73-29a3c080c7fd
224b9b89-e6a1-4d3c-b77e-013ef8f38b24,AmEx,d9bcb941-0979-49e8-b18d-769c78a91707
37389a0d-2329-4635-8fd7-faec7cfe3bf6,VISA,672b88b3-4a85-42a4-9c96-daab1d6eba17
1ebe9cd9-20ae-493f-bbec-33f4d6ce08fc,MC,2ac0a343-e225-4368-b319-e525bc658493
fc08eeba-10f9-4f0a-805f-fbf6ef04629c,MC,b811122c-8cfc-475a-a21b-1d873f94ba17
b3e1ef23-f64d-45c0-adf5-ca24eea041e8,MC,6401318d-3e54-40d0-9cb3-3987edb74bdb
f9ea2f3c-ac10-42df-b16d-be83774b8d4e,VISA,66ded17e-bd4a-4e66-9e2c-4b588059a66d
0dd7ec98-f2f0-474c-a981-ace82c5dbc82,Discover,93909ff5-70dd-4980-aa2c-482d613b5bc6
531e4f73-a67f-46d1-bcfc-d558ac6a35d7,VISA,83cacb4b-7d29-4873-8827-e6daabe63c00
fe476e38-3743-4717-91bb-b224d278886f,Discover,e04d3329-d848-4f38-b2be-8a445103e5a0
f1e52844-d597-4299-8922-e5da33ca22aa,VISA,d4ab2935-f900-4979-b2cf-fe6904f2b87f
5c8437d5-66e6-4299-b18e-0fcc124de296,PayPal,f4834603-df84-4079-a67c-2b30d2f684e6
5ce4a3ee-d866-49ae-91be-c1063f3eac2b,AmEx,6cc3d120-5650-4b20-b830-39547703c2a8
45122447-9002-4ecc-9de7-428b7ff46ae9,Discover,961dbb19-a55d-48c5-b2b1-0e1f04b930a1
d42d5a3d-069b-49f8-b543-bfef599e1a67,VISA,bebc15d0-bac7-4f7e-8d62-de23fa5ea9ec
9fa475e2-5833-43e2-b3c4-3655aa9321f8,MC,0e17081e-1420-4159-aa35-526216593979
c4f444ec-fc6c-4250-966b-ed4bf98c217b,AmEx,afbf2ac5-9b70-4750-8c24-63a73d8867dd
d20adea1-63fa-401e-8251-59998d391b50,MC,09941fa0-0101-4117-ab62-86fcf1fad763
b977c2e3-1c20-4a78-b99c-4ab9e0bb1896,MC,a171ce36-3b04-4d18-a263-3ab89eaa46de
1e394750-158e-4d20-ba02-2a0e4bc67668,VISA,7c46a058-3537-4bfc-961c-c8610be0dd64
0c7906bb-5d87-469a-b18e-c6ecc4a678b0,VISA,b5b14acc-09a4-44d9-b7f9-76b9984a77bb
d5a8b51e-432b-401c-98b6-dc100342fabd,VISA,b36f0c5a-0a60-4987-9adb-1128d6b7edae
0ff63567-0883-4b7c-b5bd-56316d34aec9,VISA,c87ccb4f-14b7-4bc3-a530-67d3e0855680
f6a61b6d-19c1-48d1-83df-7e1df0a8b69d,MC,f361977d-3c3a-4690-a126-fde1f709e866
dfe485fe-c543-4d8d-b0b4-66c9037d42c5,AmEx,e51763c3-18f1-4a2f-89d8-65848aed7cea
20b65ba5-2c28-410f-a4bd-60210d66d17f,VISA,ca91c95c-3226-4ac3-b088-30ab29cd9500
a0c1fb47-ad6d-47c5-8e95-dc19e10a9d4c,AmEx,4c882626-b9da-48f4-b25c-2eaabd631f8d
f38a0e03-1b2f-484d-95dc-289b1d6626d7,MC,aa339dd5-cdac-47b1-9788-3611724da1bd
f1dca60d-746a-474f-a925-cf870546c868,MC,c7482b88-43c4-41e9-8f4e-4d07a5db0816
876f389f-060a-4d27-bec1-c54e30810a39,AmEx,0191aac4-c5bd-4dd2-9f01-86e4bd633d91
346c55b4-b358-481a-886f-7cd7948cc86d,AmEx,b4a9c1a2-9716-4463-ba93-8c82960e9956
42066dbf-9e7e-4b0c-81dc-5bba9bbd6388,VISA,a7e2a378-d02e-442d-92f7-3ab3e238fda7
0d6f8ea5-c64e-438f-8cf5-222fde25f1e8,PayPal,e9fcd6b1-334c-4693-8812-30693be7a2f7
e19d3e33-58c6-4ad0-b075-538e54415432,MC,e495977d-3c73-4c3d-a1ec-c70d49cecc74
b0788b8c-544f-49d4-abb3-cd4a86710c28,Discover,339c6911-b415-4b9a-a5bf-ab0af539d847
78046990-73cd-4098-a251-356aeafe5068,PayPal,aeb049af-2aa5-4dd3-ace0-5c26308b46b6
6616dee8-0ad7-46b6-96a6-9ebc69fe84cc,VISA,18f2c92a-d15f-45a7-915b-d0c41893cdf7
c71012f0-ace9-4b31-942d-222341067ffa,AmEx,8829ce86-a0d9-4014-97e8-4a7540327d8e
5f7d6e08-9fc4-494a-b6ca-26d8eef39117,VISA,861707c1-b672-4e0b-9b65-c535534ab302
ace2d8dd-a651-44c5-9c43-819955fa0b44,VISA,8e91ab00-03c6-4b57-a94d-b62cb8656adf
7b46a9f1-f17b-4115-a0d0-4f17f01a01db,AmEx,dbcef10d-3ae5-47f1-a422-b554c9a2bd12
a712b8b2-f1e4-434f-a108-84f5128ea624,VISA,dd804f74-5f79-4552-96fa-0a2e263eaf4e
dc099c7e-6e54-4eb4-b9a3-f45f8cffe2ae,MC,3988c23c-505f-4fec-947b-b38cad99a269
a91604b2-5f27-431a-bbfb-afbc734853ed,VISA,edc29de8-30ad-4fba-be2f-fe3dc67181b2
d2a99a43-6c45-4cc4-b3ff-082550d4fb4b,VISA,d40c2dc6-ce28-4d59-b4f3-71a4d0983e36
4de5bcaf-29b0-48f2-985b-ee5bd6f8da41,AmEx,39ac33cc-f708-4be2-b66c-bf2050c93cdc
c414de68-4353-4b87-95a4-cbc354e1a341,Discover,0a869bab-d93d-4e44-a59d-984929389c65
e8dd131f-5e51-4dd7-a732-d881c7d0c5cc,VISA,9c485dd9-20b8-4ace-860f-651cbb2001ae
49966832-3ea5-4989-ab0b-d4972b8e06fc,VISA,fa5e827c-1754-4800-85a6-17460c6f4484
f37940d0-ae78-4ff4-a35c-40df6382c748,Discover,4e41c27d-58db-4a1a-ba6d-fdf6e596a267
6679732f-2613-474c-9979-57922ce8a04c,MC,afe65cd2-cb46-4ab8-a2a1-fac0c2c928fa
9c47e6a8-f3b7-4db3-bcd2-606be3d43096,MC,f95242d1-2005-4096-80ee-d9a5684d4f79
2c5547f2-229d-43d1-bd36-7544f18bffc3,Discover,0aba67e8-edc6-4aab-9648-b06eaf006901
7a2ff2fe-5f43-4c50-b261-6d1d5972b155,VISA,e9275f7a-9f47-445a-85d6-79ec243e39ce
d8c65e4d-3515-487c-a003-93c685da1cff,MC,14ec10f3-1e51-48c0-9f7b-dc7dbb7af746
d1a702a6-79b1-4adc-955b-9c1da014ec47,VISA,3377bd86-3d6b-4eae-a5e6-d35ae21bf546
14cc2227-5497-40eb-9f4c-ae1f57c2aacc,MC,d4197a26-f2cf-474f-aa70-854314018ae0
98a5d579-1dc1-4811-b595-a1a3ee49b1c9,AmEx,f48ef297-13c1-4710-888b-f90c8038900a
f2b877b3-27df-4087-aaf6-fc97043a248d,VISA,fb88f1c3-f068-43f1-af2c-a7f83c003f9a
f22c1d46-5925-48e2-ace3-294c4bc48a74,MC,f192db18-7e65-4bc1-b54c-85a75001a2b0
8a9d10ba-f4c8-4a80-b034-581bbb03bd3a,VISA,39d25fcf-a0e6-4257-9198-042439e70d50
914bc97c-b6c7-457a-98c3-0f08edbd2b60,VISA,a05d125e-7af6-40c2-9738-95237a4c4748
e2269df6-5e13-43ff-a94e-0e1caaf25e7a,AmEx,e2279339-ce44-49fd-afb9-8591c4908ff7
52f6b1d9-ff57-474f-a8cc-03c6d3947f99,VISA,4e0ab250-5d55-49ec-8c95-e7787799fd74
ca268f1b-25e3-46ae-80b8-1584b8d7b9ac,PayPal,797e83fb-4eb6-4ab7-bd46-3268558f333c
fd76880f-a50a-40de-8104-7d0345631e10,VISA,b9310351-8ba6-4375-8417-34f72dfc471b
7777acdd-dc2d-44b1-bcf0-6114fba717ef,AmEx,91f33836-b37e-4f9d-b85a-8edc3a7e2ad5
2c43b1d8-1ba7-485e-bfdb-3e9064024c97,VISA,bea60b79-1549-4198-846a-e1b74d95ff94
927dca9a-7c22-4733-8eaf-9a56a9b208ec,VISA,3d382843-4197-4efd-b4fd-c4da34526851
1278d753-c1ff-40e0-b638-be984e5a58fe,Discover,4f248e0b-5224-43ab-a3fb-1f908ad15449
7cd85695-539d-461c-9d71-26dd410bf6d3,MC,d34f6975-2acb-4db1-a130-f33cd09f73d5
0351d4f8-b82a-4b42-b884-5f8b0f5f219f,VISA,a300601b-cbf8-4b6b-81da-5fbbdc2a4f1f
c8f21518-eb30-4734-8945-3069297bb063,AmEx,b852b99b-45c3-4553-b8ad-21ffef5e07fb
f4dd38d3-e3f1-4df8-98c3-c78ae34e7c39,VISA,d685f400-b455-44f1-8f70-d5cb4bd9e018
bd41ee6e-8903-4a72-bed8-c20a04d616ae,AmEx,7a4efb22-3998-4080-89ea-b14c32a2e267
3e0ea098-3a75-4623-ba47-ce3edf58fb31,Discover,1e60c8be-cf40-461a-9b44-1ae72d7fa0f8
e9918595-76fe-49cf-b124-e65e03838ce5,MC,07a20510-83e0-489c-bbfb-584ae8b50e97
2ad5fef1-1c37-4be7-9e68-9bf03023bfc7,MC,b0329ab6-96eb-4912-b9dc-0346393b606a
a7b0c4a4-8294-4106-9c5c-7d464b01dc8e,VISA,b7ca3c99-56c2-445a-81f8-0564151993dc
14b03f88-1dda-4500-b25e-8154f6730512,MC,82003e23-2876-4b0c-af8e-f5da8ec29702
c352b2ae-fc27-4e15-9112-1b1e16d2cf23,VISA,1f1a57fa-bc42-48e6-aed1-6efe746f97c5
3d68f698-2b16-45c6-9cef-7602c11ae2df,VISA,5787cb55-5bef-40f2-942e-26ec97303864
3c86d794-ceca-458b-8f9b-4544bda502a8,MC,b0a74576-124b-4fd9-8fba-22b25db89e1a
2b89ace8-edb2-45ac-a62c-4598fd91da42,AmEx,6326e22b-23f9-424c-831f-d36841bcb1b4
209dd40d-c310-4807-b425-2c46314867a2,AmEx,fe25a62d-d2bc-4034-91b7-b9a2be61d169
564f06c1-412b-4b35-a651-0e9ec4860ad5,MC,291f8c75-7ad2-4d24-8f4d-d2b190fb8aa8
a6d82d5f-432d-473d-8f1e-79f75574437a,PayPal,2898094a-8d7f-42d0-88eb-40232b67aa27
cb29b781-a43a-40cc-9791-c2301435bfaa,VISA,a573f114-20fd-497d-8269-05bacf552b88
a2d3f545-30ca-4a23-92a0-05c067813678,MC,e6931afb-6293-4b52-810f-566b46588093
2f93b0b1-8c3b-4937-9da6-ee8e33c64983,VISA,24774c10-2ff9-42b2-8259-b329431077ad
3d8d79dc-8148-48f5-bae2-15ec9f11e14b,VISA,b0894966-16c1-444f-bde9-adc7031d9960
f9901726-d5ba-4de6-a80f-d59631cbb634,AmEx,06e1b9d4-543b-4d23-9dc8-bdb7b25272f0
6536af03-9e73-4aef-8fa8-560bbb43c142,Discover,1b9559a0-0ba3-4d8c-8f99-765e4423d0bc
69cf7b6e-bd5e-4def-b05f-f6e69afbd95d,VISA,4f62bee5-9ddc-41b3-869b-9f07ba5561b9
a63e5f2a-6033-4a99-81b3-4b93bbc2f0f6,PayPal,25281210-4614-4e33-9842-0bdaca973f06
b5d7297d-6f8d-41d6-b064-f3f453946837,VISA,0cf43a7c-a4a3-4ba0-a6e6-21d3ff170492
ccc22b4b-399c-4df9-bb74-418097f06c98,PayPal,dfe7402b-d38f-43d4-8e76-37d6bcd3b189
60a569a4-50a1-4eda-a149-cc87d7f76078,MC,c848c0cd-9365-4a90-9288-ffdda3989333
f53cb9ea-83dd-45b9-b076-4f2e13c47a10,MC,34f5b367-5895-4dd8-8b95-8d161bce284b
ef8ac9a2-4943-4ef8-b6c5-dc81b87e6d60,AmEx,102e1ab1-3f30-4656-8d9d-f8bad7924ba9
5c262a9d-6397-41f7-b424-738a91c33385,VISA,f395b256-946d-4dac-8dab-cd81061ccfb5
a467ad9c-61a1-4625-8b1b-4da772c20190,PayPal,e9797d47-261f-4883-8d80-0a3cff5a1ad6
a313a79f-15b2-4326-962e-d05a8cf3e61e,AmEx,9dc7f5f8-080f-439a-bd31-db3a9eeafc87
d2621414-de77-488f-babc-d846100723a2,VISA,cc92b302-2773-4c03-9215-d6b56ad72918
cb392da9-6d55-41e1-9b36-b450a06b7165,VISA,05b91563-6d0e-46d8-91d0-77f22e444e8d
348265e2-3c26-41d4-a47a-e8b4e152bc67,MC,3d5f0dec-a4cb-418f-813d-30a77b60c849
1b3b980c-d8e6-4a13-a702-3874e835bfcb,MC,f985afd5-6cb8-430b-9aae-bdd6267a46cc
0726a694-80bf-444b-8fb5-95e2791a620e,PayPal,aaba9690-3864-4e56-a57f-19de8c01f4ae
db1d44cc-2961-4f1b-933f-a7773d54c01c,MC,88fdcbc1-615d-45a5-8da8-e3bed8fb5fa2
2157cdce-0007-46d8-88d3-e12c445a0be9,VISA,34fd5d8d-0074-4796-84c3-003a601f4161
dd231c35-7680-4e35-b5b0-cf8ac4307d35,AmEx,4773861b-1a24-4085-a42c-6abfe9f5ec46
457909db-126c-4601-a967-3d584e7bc1ee,MC,58eb7b63-d35f-44ea-af4a-a84fbac9c50c
0a129171-cda1-456f-a4e2-b0299dd4a1c5,PayPal,9781c774-43db-4637-8653-1aa0e5cb5dc5
d2407366-cb71-4f15-a84e-a4b8bdff9d50,MC,34cee7e2-21ec-42e3-8057-d3d42e2bab93
6d3938a3-a452-4057-ac40-73694a5a0cc2,MC,a4319451-e103-4ebf-b04b-1c9254a152a0
60866842-2aaa-4009-b58d-ea18e0bbf79a,MC,416edec8-4d20-4c67-9581-2fbf993b6db9
e9de9543-5eae-4752-b483-069c8a70084f,AmEx,9e423897-a77c-4a55-91c0-ac0d8e16f1ba
547e0af7-3177-4268-8592-3478390b13d2,MC,22f782c7-2ef8-428b-b5b9-f73f0d2630af
9cc81cee-d149-43f1-b33f-a76e5b125068,AmEx,0ce87477-8557-407d-90a7-c6cb4864527b
be08ace1-6640-4b36-be4a-bc2fe8eb5b93,VISA,63ea98a8-1699-4177-b588-9cf7857c34df
54dafb3d-d3b9-4ae1-9378-3149950abd3f,PayPal,edd2f191-6ca9-4815-8ce1-cbd91cc490fe
01d38d68-03d4-45e0-a4ed-424572d9bcfb,MC,976175f1-70c8-4d5e-a393-561def723b07
a133ead1-8f39-4952-8401-c7c7f82b7527,MC,3e9e071d-23a1-49f5-a3c4-22e1a0320beb
f3c84acb-624f-4b4a-9d4e-e5becac0edd7,MC,72328d2d-bdc8-489f-8733-5d374d5cd2cc
45f38c3a-2a88-41dd-ba38-68760aa92218,PayPal,64d8075d-ca2e-4963-97f8-4b32baf82fc7
e6e2dab1-f59d-4634-bcea-b006bb4d5ddc,VISA,83fc7ea5-161d-4310-b558-6f318c8ad210
052c49b4-749d-439f-99f8-ef6c4e1b0d6a,MC,ca55ec50-e808-440d-a1e2-8419c91d58f8
d3e3d8f2-ef6d-4399-a07a-b701b39695d9,MC,f173f586-1d68-4621-9c11-6639d47826e4
7594a0aa-7aeb-4131-b2bf-c223ee9cdcad,Discover,a628dafa-6f65-4a1a-9386-8a3553894bb3
3b0078b3-f26f-4a77-b012-849c932000ff,VISA,654cc15e-5d0b-415c-97c6-d9570788b932
d47aa648-1ade-4793-a42c-27696c321f9b,MC,faabdfd2-ea8b-4f21-94ad-528b23a78857
06477dda-e932-459e-9749-0e1def5c2221,AmEx,edd4e80d-4bd9-4511-9f4f-f3b189a3c36c
235ac184-d00e-4300-bea2-6d2db99ab142,AmEx,ecf09193-1a23-4336-b78d-38a05d6e7689
f0ae0809-aa4c-48a7-bea0-aaa41c0e5f56,MC,a967dcc2-7de3-4bf1-bc0c-a7775b89cf40
58af89d8-f017-4b51-a405-0e9882297a7d,VISA,38b1a244-9734-47cc-93f5-9a9b96f7eaf7
4267cb89-5823-45fe-9988-4fd7a20dc889,VISA,4478c8b1-ac53-4b9b-b643-44a739c4ee15
d5440d58-c428-493d-93d4-4af3b51ebc3f,PayPal,1058c3f9-5894-4e81-b001-b07aed532136
50aea606-a97c-4984-a11e-06285128e6c8,Discover,61884a8a-2330-4dff-96f0-9626b3763921
61686173-5162-4368-aadc-0898a928daa9,VISA,8b1d3d8d-773a-4c4a-99c6-9ef9b6155e0c
984c26eb-c4ff-43ef-ae49-0e270f29cab4,Discover,258d0778-bea1-43d3-8963-0d7fff1f16d7
4b5f696a-98b2-4205-abc1-a334770e0940,MC,10464c5f-fe47-453b-8298-ee8f0d79ef88
066c7c43-bb93-4883-b91f-206d9326376c,Discover,3e703177-39bc-48ac-9000-a571b6d800cc
6e90c0f6-c993-4360-b710-cf8b4d1bdae1,VISA,f254c0c1-e910-4f1e-9a72-0d5b973f17d4
922429cb-3589-4fcb-8491-809a88f49c54,PayPal,39afaf42-e3dd-46e1-872f-e28e1d3f6ef2
46b417a3-583e-4d72-bbd7-5b276c24b0b1,VISA,4550bf9a-4f42-4252-9244-87ea16e2bd91
07c124cc-8541-47b9-9de1-ae3fa65de1ea,VISA,20770bc8-5926-4448-b57f-62fd3b6abc5a
4247f3cd-2dd6-4983-b703-8659624e03b4,VISA,8d34fc6a-c3b9-4dd0-9265-096f7d2a487e
c6c20c68-9b31-47d5-bedb-71cf6b123839,PayPal,bb5515f9-4941-490f-acc4-7d0690b954a5
f7d541cc-120d-428f-9779-fc7bb574cfd4,AmEx,77e757af-da2c-4f31-9f8a-5b594d939f9d
63b8d933-22ae-4ff7-b071-d8bd94ba9e3b,Discover,ffc9d175-2382-40fa-ad53-f69ebd3e9ca8
a83cca3b-5b60-4fb9-a77e-034d8963c6b5,AmEx,ce0dc55a-43d9-43b2-9935-1d4f8c0868b2
da09572e-4650-4dc9-8055-1addfc174289,VISA,5ab82ce9-02a3-454c-9185-1d1604a110ce
d789a839-723d-4cb0-830a-462d7de3e135,MC,60f01cc8-4631-479a-af82-a5e6a59132b1
46e0d30d-10d9-49a5-9f11-1ef5a6bd3d50,MC,ac828585-2855-4e2c-a50b-3eda9f0655ef
94e57ba0-279d-4d06-8e56-ab49cd8ee9f0,VISA,0bd748ef-24d8-401c-8f33-000070001337
3e95a040-29b5-4d73-92a4-88d71230eb95,VISA,fc51ae94-2722-4848-a33e-4242b645afc2
ed1699d1-5629-40bc-b520-935a917fb1eb,VISA,818a6e8f-36f7-4eaa-9be3-51e7a05cd51c
0413a70d-e2ca-4609-9ca9-ccb63d25092e,VISA,322b8379-4d61-4ba5-b1a7-f729980e731c
be29fe8f-e60d-41c5-99ce-f174759cd989,VISA,8a299d2f-2023-4785-8538-4742657b8e5f
21965b5f-f626-4cfe-8b17-1dc8bef3abc0,VISA,cd1f11d9-ef47-47a7-b89b-5c6fb58d2310
08870efb-0979-40da-a068-05be406619ae,VISA,f9780598-1d73-4da6-9bdc-4908f3862873
ebec3329-b30f-4808-ace8-c44b8a612931,PayPal,c4a198e1-fb8c-4d37-b911-9917b7f00dba
d4b18020-a5d9-432c-9d0f-ea5020534775,MC,84abe668-b36b-47dd-ab80-8d648ebf8f40
613a9fd5-fc08-4902-a16b-98bb33882692,VISA,90b51d3a-be89-4fa8-85cc-49da65192230
97384d89-a1b1-4032-9a46-a919b95df0d3,VISA,485bce67-1173-4705-9168-d43582dc8685
2c884734-5b13-407a-9040-b0781a5c2321,AmEx,2fbb0bcd-47be-4b81-974f-204afce44770
dbf14905-a025-47fb-8eab-76cd4a9df622,MC,8cedff39-306f-47f1-b318-dce3fc426e51
4f6bb694-0097-4d96-b0ba-d823ce783f21,PayPal,e5f4dba1-4d93-4f7d-ab6b-e5aa52cdcd68
25e4b863-5a3b-45c7-aa28-c2201096ff59,AmEx,0fc188f6-3953-4c7d-bf22-5e4cbf8fa0da
59a6016e-18a0-497b-aca0-3350d064999c,MC,827993c6-5e55-483c-a5e7-fcb6a7bf0746
20118305-ef21-42c0-a669-4d5dba7d38ef,PayPal,e07bbbdf-9d22-4ce9-817b-8cb0232cac3a
2b839caa-38c9-4fdf-b06d-c47475df64cb,AmEx,1648c5de-a4af-47b4-be8a-687a0c93f340
ea22d91e-3ed1-4225-a4cb-abd06e19235b,VISA,81ac5795-186b-4669-8942-da2c3574fa3b
fae7c64b-52b1-40d7-a873-009fbe3988f1,MC,c312690e-4023-409d-be1d-73d9ea547ce9
9f4c683d-6250-4ca3-afd2-80ff11a5b736,MC,6375135d-9573-4755-93cc-9fa0f28c9ad3
6a44af47-85b5-4447-baf7-74c19eca96c0,VISA,19eb4eef-9413-4968-a148-0716ef813d1a
5229647a-6c52-4593-81df-2d96702f2e93,VISA,db99eceb-f8b0-4648-b792-689a90c84691
0bcd46e9-d15f-4cbe-bcbd-fb6c062cb67e,MC,57a66d1c-f86d-4d56-bb88-e40571787e25
4b532a64-eadd-440e-86fd-348d57118870,AmEx,8fe436f2-e39a-4fb5-bf70-87b09614ae75
70207011-fefe-4475-98c3-73fa5976c4b1,AmEx,ea2f032d-5834-4645-bac2-df6c94682c7b
49979c52-5861-4d13-9416-5a10d4d3b8ad,VISA,f2997543-0415-4991-ac36-303f0845c47e
c8e0782a-b130-45ac-935d-a37c048f8f89,AmEx,1e47bd54-0ed7-4bc1-ad2c-7b60dd881707
b5b82d78-5822-4ba0-be00-a65535784ba7,VISA,2c1abd90-13ab-4293-80b6-7395611b34df
7cdef2cd-36ce-43f2-9dab-01293c8881af,AmEx,f690c31d-494b-47ec-9101-44aff63c1e8b
39fd2ebe-058f-4cb3-a6c2-8f5a70c430ba,MC,90ece27b-fe2f-49bb-b432-a30f4b9ffac0
aec95ea5-7add-44c0-8efb-8fe15cece122,VISA,e064f2ec-fcd3-48a7-bd6a-bd1b65ad381d
e4d000a6-3f21-4390-889f-2f22262ae7fd,AmEx,67ee94c7-43ef-453d-bcda-ad53dc9f27f2
2b99fa38-374e-47ab-b785-0dd19cf72a59,AmEx,d553bed0-dae1-4837-bb3f-29a4bf9c31c8
c16e6fb7-99ac-4ef3-81d1-9f18e3246d44,VISA,0a01d355-28d9-4b34-94bc-c0dc2f489222
ee3780bd-0365-4b6a-9b36-c6abeb66558c,VISA,92507bcf-f10a-4726-b375-c7184a5a0d45
850bd94b-cbab-4138-9be9-aae6682ae801,Discover,d440f082-2504-4fc1-8975-1e921a2581dd
a5df0f69-5688-41a4-bb19-73c3be503371,Discover,4b7e3c7c-16b5-45db-bb8b-7b4c9ce4d5a5
85c61f34-21f8-49be-971e-af0e9a9b10a7,PayPal,fad0ff16-4d50-46e3-9cb0-8c998736e1d8
b654ceb5-3107-41d8-8a74-c4e21ab9d337,VISA,0ff36eaf-34ec-4d3e-9473-a6c252524443
97a699b7-a98d-4470-9cd1-a27f3e230e26,AmEx,48e19638-c598-45a9-ab65-513eac7f064b
db0a25da-7a7d-4e7e-b7df-4aa93c7d71c4,AmEx,b48f9b54-53a9-41e0-9b45-d3e89249f4da
4cc6a344-8c49-4640-86bd-c02f43054706,MC,8ca878cf-7992-4a11-940f-1f63bba87625
e2bc9f2d-15ad-44d6-9eb3-8bec6414374c,VISA,da6b9660-95c3-4889-886b-ac1cf11728e6
24d5167c-46ee-41ec-88be-487bcf7875c3,VISA,9708784d-12c5-4a0b-8903-ed5acddc97d4
3d7abdbf-4d87-4cee-bf58-c51fcb129c6f,VISA,6902d9ec-50f9-4992-9726-523636adf775
d769b03c-324c-492a-945d-8b5f02529a9b,VISA,1832022f-1d7f-4f50-80dc-4c8c00c48124
6f2e8bc1-bbff-4c89-9d2c-284758a0eb74,VISA,4c0445ec-cead-4072-99ab-74bfedfbfdc0
90d641f8-1d9b-4b2c-ba52-fa37d1f17950,Discover,982ad445-cc8d-4129-beae-dafb75d8ebd5
cea24927-7133-4156-8b06-f4531e95146f,MC,a38c3dba-b9e9-48ab-a7e1-e9f475e8ca6c
caeacc62-30d6-41fb-a8f0-424f7359b4b1,MC,2e749200-a2cf-4f8e-b3e3-85e31894da5f
88b968cb-4462-49b5-80a9-7fa7d414245b,MC,f12467c7-099a-4e94-9a68-c70efaa13793
6e3c1860-6432-47dc-9c4e-fa248dc8be75,VISA,01416203-293e-4ffa-a76d-1890871ab69a
df19088b-5dc6-45b8-9b13-d8954e2b53ba,VISA,c600310d-24c3-4ac8-a3df-5a3ed0134d54
a37481d6-e89a-4fac-a408-418428943d1d,AmEx,74ddfe95-2811-4fca-97cd-87b790acfb2f
6ad678c6-7acd-40c2-b1fe-7fcfde8609b2,VISA,3d708d1e-af04-4f02-be43-a114631d2349
7debdca8-56b6-4c3a-a22d-ef72dc65e503,VISA,9490fa12-1da7-41b2-b11c-1c1fc4253da3
4385f3b9-d723-4d9c-965e-1782cc4efffb,VISA,e469316d-1020-4077-8515-9b3f1257f53c
db9d58c1-2f8e-4871-98ab-68ca8a4539cc,VISA,42780beb-2b2c-4848-b132-0a37b1e31a62
6fe64470-03af-4c96-90f4-64610837dd8e,MC,02efce5e-8b4b-4e35-8036-79d2a428be91
2ac15b9a-8098-4fe8-81b1-161309540127,VISA,059a7282-b0ca-4aa0-82a8-0fb9dd5ec5d5
5bb4e10f-9e23-4924-bf8b-85434c46e61c,AmEx,64ad8428-5c9f-4bac-9895-485a90c19f84
fe856b1e-80e7-4025-b398-4e1bba852c32,AmEx,8b242ad1-6646-4a19-8c4a-fc62e3641d43
e5335c1c-ed7d-4037-921e-e73bfcfa5076,VISA,b896369e-460b-4c76-8e78-9913dc5b0d3d
6d355ece-15bd-4089-abfc-f331c72cc140,MC,ee9ddf16-289d-4efc-b247-a6fc97edfc53
8f1022ee-306a-4d19-8e93-43b731376df4,MC,e5ca929c-1eed-4dbe-995e-f93da7d43c48
1e2b566e-35cc-43c3-afda-cea4d0e0ba33,MC,6b7312e1-e01c-4706-b1f2-f59c02bd0598
a6b4cb10-8254-4b2f-b127-9e9a52472752,VISA,e4efec27-5705-400d-8e8e-b57d9bf52b65
7b0652a0-8b5a-4e94-8889-ea8531b23ac4,AmEx,ebfa70b6-3bdf-48c3-9e1b-fa11e104a9bb
55e3aebd-525f-47de-9769-ac159fa1436f,PayPal,69f5a24d-c47f-4666-a023-e8a1277e7370
041e1b9a-18fd-4daa-9da0-ec7610265687,MC,31fd9af4-6607-4d73-828d-7639e29b4b80
a88f3f33-3610-4124-aa84-c726d8a09e59,Discover,7c406b23-c3ca-4004-81c9-0aae0581a873
00008660-9487-4ab0-acbf-730775353afd,MC,31b29f0b-2107-42bf-a57b-b1f602cb4c71
a7fb934e-857d-4db1-aefa-83d09a64c9e0,MC,41b8a353-b3ea-42df-880c-8b5c0ccad458
1cc4537c-1b54-49b7-a47b-ebdc8c07942e,Discover,27924eef-060f-48e5-a471-38837b735c4b
add3b2e2-3cd1-4ab6-b885-aca47a4d36d9,Discover,6efe3c57-f1cc-4cf3-b39b-6f12296eee36
a560b228-79fc-427e-86fd-fb95493a02a5,MC,2d6a6d00-9eee-410c-82ff-8774d9dc1c95
3cfd45f4-d664-42d9-a569-3b03e55f6941,Discover,c0c2aa31-8550-4eaa-b8ac-e26bb9ef99a6
6b6d468f-67d8-4ba6-953d-520fb0de3b36,PayPal,793b0fdf-1fe4-4067-9d7f-7d219b595b73
a6327421-a7a8-4481-9703-aa3f3f6dc90c,AmEx,269a55c1-3fea-4f08-8618-ad119f13274f
e75a89d7-21dc-4b81-b045-1205e78c7506,VISA,04a50106-02c5-427a-b7f4-9cbe86f1603c
d683f644-8bc4-467d-bb07-33fee73ffec7,AmEx,7d3907cc-beca-4fcc-af26-0d6a09d89dbb
42a4f09c-6e33-4225-9450-171a40e32c5a,MC,775503c5-89f2-4b4f-9db0-dd9cc7c90b43
ff5f251c-1ab9-4b71-a314-ad53d391c0b7,MC,3d6d0d33-b851-492a-bbcb-f8ce75fbc2dd
0233879c-de9a-45d5-9d1f-889d70988269,VISA,a116e095-2bad-4ad9-8165-6107cdc2254b
6e240690-5f78-463f-9365-865c32736890,VISA,cd80bde6-e8f2-4d5b-81c2-02eca083d8b3
0e3bd43e-fb54-4d8c-9714-07d69f4d6cf1,MC,87bc14a9-41df-4867-bf11-071427503e79
8f5fe096-e483-4bef-973a-51073e4b952a,Discover,ba0a7804-fbae-4a9b-b06d-258bae10f2bd
d71f8f50-7a58-49f0-ad71-6e9c14a89454,AmEx,ff093ae6-9a5d-419c-88b5-27f682612c64
3ef00eb9-8608-43a7-941a-b635645b7dec,MC,d006f576-1a4f-443c-8078-1bccfa81380b
9ff4aaa9-3689-4349-bcfc-20b1f72f3359,MC,ea19e884-c58e-4083-ae7c-c0f19b820284
574ae2f4-7071-473c-84c8-2278fde14480,Discover,0e928fc6-11d4-4077-a339-09e48a2e7672
d968fbeb-f9b6-44f7-94dd-c886400bda10,Discover,903b3da2-5edd-409f-9f2c-dcdd4feb2db9
67db43f7-4b23-4f9e-9c8d-cbd90a0936ef,MC,966eb118-3946-427e-ade7-83cd8e9621d0
7bdb9ef9-50cc-46f6-9593-e76b66b76b0c,PayPal,7a7976c7-0e58-48ab-84df-e8ba44a04d52
753ea9d2-c393-47ac-b143-49216c06c984,VISA,ee197e52-88ab-43ce-b05d-f0386414e59c
a6184721-2de6-4a07-8fb5-2dbeda45154e,VISA,46a892f0-6ab1-4721-83a6-526560c68e7a
2c65173c-f556-449e-ac48-862f71dafe01,VISA,16f4f58a-2fa4-4fab-a6c7-0c424722cfbd
029e7f72-499d-4b05-a595-3ea85c89e63e,AmEx,d4e738eb-92d9-4f4d-bbb5-475d3d78588f
ea544b4a-06a6-405a-9eb0-a33a7d682bbb,VISA,459a324e-ffe5-4604-8e49-bb3d58610837
f37e3225-bbb0-4221-b76c-e097f22e3db5,MC,025273cd-2560-43e0-b888-f11e4831bd14
5d3da7c7-c40f-4502-9fcf-1b67408921a2,MC,6427eeb2-3416-45ce-a0a6-86ca1340f3fc
e3708ac3-4675-4275-9678-75e3d90ddf70,VISA,1371fa97-a21b-4d07-8986-49b1bc65e505
1166b42f-baec-42ae-a6b9-c036e4f24204,MC,1f877566-1251-4397-abe0-f83af110eb4f
22f22857-10f9-4205-9406-4092a706924f,MC,654c0c40-2bb9-4b23-afd2-586e06e0685a
e970693a-391e-4573-9c5e-7f0339e9331a,VISA,edd92335-aca0-44b6-b984-35df0ffca231
9947c847-7ef5-4858-adb7-dbce2125d366,MC,f9a95281-4e6d-4818-ad5b-6f0302a4464d
9d835b27-117d-4e03-85a0-9cffc2d66770,MC,875439d5-dbcf-4fc1-9b92-537bc11193bb
7b037e2c-7fb0-4162-8aa8-7191ff1caca2,VISA,d9300cb2-c684-4e7f-bbe0-556a608689bc
029c78f1-6b0a-42a3-a103-d05d904fdce0,PayPal,37c47893-4ab0-4466-ad8e-dd8667848ddd
002a4dc5-604d-4b48-8698-7943b9a2c6aa,Discover,dea2e863-51fa-40cb-ada6-e016803fd060
7b7007ce-ebc8-4dd6-a562-bd7e25bdb645,VISA,ae420f41-958e-4c84-b19a-e5c1a82ee237
9399c669-cbfc-412e-9172-4f62b7bbcbc4,PayPal,623ca9d2-bc80-4cbc-bd0e-c9ffee3c8b7a
a8a5fcad-9061-4339-9634-ca663e7ccae0,PayPal,8e78c1d3-858a-491a-8719-30fef6597a06
2da56848-0f1d-4dab-865a-0ab586da5e5e,PayPal,a3cfcedf-8289-4159-9cff-f4658d9b1b4d
844fe1fc-1049-45b0-b01b-fb5f97fb723c,AmEx,316293c9-d137-415d-b94a-462dff9946b2
f0ac0b7d-3f97-4d96-bdec-18f9049b6a1f,MC,7b2a1dd4-4e6e-4aa4-b7df-67a036126933
3694c2ce-3642-4f8a-9f97-176d9bbcebf5,PayPal,d21548b1-158f-4816-8dd0-00ad8a9b3e27
0512ea11-79b6-455b-8af1-e3ecb506b9e9,AmEx,ecdc73b9-e15e-4df9-809b-00644f4a806b
6aadc217-1f30-4f33-8977-c78016f37e64,MC,04f1bfb8-e3c4-48a3-a2d4-41649782f684
f7f9220f-699d-47b9-a9c0-543c408a9a04,VISA,71dfb7cd-76cd-431e-b2b4-90a757b3f9ed
a7706091-82c7-47a0-b4a2-3a3319e7d423,Discover,98968d40-c070-4855-a985-a55af833dfaf
c7d610cc-e58d-4a7b-8181-bf5814a83d11,VISA,bfdd2139-17fe-41ff-bd5b-c78bb7a7b629
0b51d8f5-eaf3-4603-8329-69e08bfeb56e,Discover,3823c078-fa86-4c2a-9217-08687954d6b0
203664b7-4091-497e-bd78-c09b1dbead96,PayPal,b8104a9d-c87d-43ac-8962-8ac2e61a5cfd
5b82a2c1-7665-427b-9e35-e53fa3b29c22,VISA,6b8117e5-c703-42b4-8beb-31b659c505da
538982ea-1705-4d67-8bec-30990d04d70a,AmEx,54f64845-71ff-4067-b546-347f1504771b
6694738d-2eff-412a-8b08-8d8363f7343c,MC,f440f9a0-ad02-4ead-984e-8cd0b1cdf4e8
e0cf73a6-96db-4b97-ab1f-b745c32d7c8b,AmEx,e6d70084-5b97-4f1e-a550-6d771dbf3178
96289040-2694-4cf7-ab1b-e51d2b42a172,MC,9d02c3ee-ea73-4fd2-81de-1ab2ce7e966d
ade0f375-87b4-476d-96b7-5de23165225a,VISA,06b07cb8-8dd2-49c6-8875-ca4252a01ace
6ef023d6-43fe-47d5-b428-c2847ab6ad6a,Discover,fe858f59-18ff-4d26-93a6-58e07210802a
48443c3d-79e7-45dd-ad3e-4acefee498ed,VISA,7c2734b8-5817-4716-99fc-9c4fa93b181b
eb5c9906-7a9b-4aa0-9b7c-9100d5b933f4,Discover,b749e9c7-b7b4-4ce3-b2e4-8742c38f8b76
c7bf1278-3b15-4413-b0a4-48597ad6fb0c,PayPal,d3ca53f1-3e45-446a-9b63-f244567b8752
7afc591a-4352-47fb-b0ca-d408897f5382,MC,2b433440-7494-4089-ab48-3b0ab2136f94
db772801-83e8-4382-b8e5-be2f1576dbdd,MC,dcad2d61-c7e5-4fbe-a5d4-b6a711eda69e
317a9bd4-7108-474e-8d10-495c7af52dbe,VISA,39ef4f3e-b2aa-486c-b150-d24d941b796d
31623748-6af4-4749-9d18-7d0d1d01f2b4,VISA,8e801238-824f-4ee8-9def-c3a1e51b6a35
36dc7f92-2ce6-43ed-b437-158fddea8194,VISA,5b7eaa0b-43e0-4379-b12f-33d88f1e8e42
09e71963-4bf9-4c6d-ae5e-3a328c653c2d,MC,11623d3c-8af4-4463-b29e-f84bffadf7ba
b63c6b3e-be56-4b64-9423-77a76d8538e4,PayPal,3068f3a8-f4e3-4280-8be2-80bf47f76595
88cede6d-d831-4ee7-a7af-9edc38b9dede,MC,c2df92ed-685f-4c25-ad15-d71f6ca598ad
690b1b12-ab9c-4101-9960-45581322778e,VISA,169ede10-43f6-4d91-8681-aa95569458b9
9de2e753-7745-4778-8713-d086f246764d,MC,252edc90-5b02-472b-a39a-e3997e57ff02
281d91ac-0900-477f-b7da-0de0f55043f8,PayPal,42db433a-743c-4b46-898b-bf3b57d1e9a6
e75bb62a-de13-48a9-960f-1b83b17f99eb,VISA,4eaf7da6-a058-43f9-a0bf-fcfb42026c30
78b2b98c-2168-442d-8280-3b068f5ccfd9,VISA,c63b751d-1a4a-47d8-96a7-09780ff18198
a879120b-504f-48ff-a92e-7072c865ac31,AmEx,30847138-ac7a-4b93-a90a-c1c5b9d315b2
bb47ba0d-c460-46d3-9635-b3997c8ab23c,Discover,2602946c-fb0b-4ccb-8fd6-888891c89bfe
c6bf70e3-e292-48db-83f1-cd9698a04a60,Discover,800bd2ab-f7e1-4647-b195-82f5fdb98d3e
bd9757e5-c9c8-480e-a8ec-9fad20ff2dfa,VISA,1fbe58b4-23da-46e4-ad64-5a9283198e44
ca650248-70d1-48e9-a854-fd4d18932db2,AmEx,8a1fc605-efb4-4869-a769-f55ca85289aa
8bc8c069-51cf-4659-8eff-c1352ffb36c7,VISA,450aba8d-7eb0-496e-aa90-d33c5a502b2e
6e4a12d1-98f9-498a-aeed-0b94cd496203,VISA,dfbd8e6e-7b4e-4a90-9e3b-26cc79484b67
bd669b38-21ff-464b-b14a-1f3dd3426f2c,MC,e68eaec2-6427-4608-9f59-2ac5de47cfc9
c008f5d3-b838-41c6-87d2-a4adc8c9d8c1,Discover,7f7dd9be-beb8-4fc8-aa35-0a5b5dfc7f12
cd8915e0-7b47-4b57-a537-ca311eb0ae3f,MC,a86d26a3-6ef0-48aa-b044-a128a63813c6
86afb53e-3a87-43f0-a4d7-746f1737e96c,MC,8da8b3dc-5d22-4c50-bdb5-d891ec2f1b90
c8d970ac-ed7b-4dfd-85ae-7dd2776c1e35,VISA,c6ccba89-f7d0-483d-a123-9c6b63643b12
3e0a4a91-3a10-407f-984a-fe1554bf76bd,VISA,42da8142-72ea-475a-82af-0ecb2a6aa80d
822af18e-f04f-4250-a453-8d102431d9be,VISA,c2570c3d-ebaf-4776-a88a-a27753d5d41f
00f8e7db-63c5-4dde-9a28-1a9f6950d7e7,VISA,732199c8-bb94-4178-8dee-892436c05caa
c483a1c9-9080-4eb8-9089-52eeab2642c1,PayPal,6cb3a955-8283-4dfd-a6b3-b17bd4d424c5
5ac7a38f-48fc-4f18-90a9-e9331cc1d48e,VISA,5bdcd2c6-5b97-487e-984e-517b79e5e0a8
3e325bad-8613-4714-883a-8d7119337d3d,MC,36da2fa5-7c04-4625-a85f-549b4529c11f
181f715f-e4f2-4ef8-a6f1-21291ea45977,MC,5f2c0877-74ce-470b-8125-d54f45329796
09ad4aa1-ebbc-493a-82a0-b4b198843a51,VISA,59b80a2a-7091-4fa5-a55c-26444221390b
d4e1801b-53a3-4712-9551-795a5f49cc07,VISA,586bb09f-95cb-44b2-b23b-c218b86a03aa
ef7f9a33-e902-4875-a143-283e37d89940,MC,2fe2d19c-7049-42b3-a7fd-a0ca71ea5a2c
be92d38b-028b-43bc-9972-84d3a4c45960,Discover,f598d439-b651-4576-85fd-b67e5135c219
1d6aeec9-96e8-4303-9724-059c33626543,Discover,cc8fbb0f-a928-4c69-992a-4c11b60af746
0d456142-0fed-40e8-99e1-5e71c8216cae,AmEx,78931bb9-a191-428e-9d95-bb5394e2774a
0a2b6ef0-bb04-4026-834b-375e49a47a6a,VISA,92fa729e-5366-4199-b0a8-88a739cf950a
74527acf-ca92-40e6-bc38-91716e4834d9,MC,5355cef8-6e3a-4917-83ba-77dd8810697a
de17dca5-a2d7-4a92-aa96-d53eb5b95dd9,VISA,0a5f23fd-9834-4dd9-9d85-1bdfe471caef
5589774a-24db-4ae6-b3dc-3b73ebfa6c00,Discover,65f3b5c6-dcdb-4dc8-8660-78e0a964fc60
1bfd6078-43c0-4566-9d4c-4b0370be5dbc,MC,1927ae1e-f937-45e9-9ff4-f42deb55248d
24446152-195f-44b1-9ba3-48dff36f5680,Discover,a449b547-b456-468f-bf5f-d2c9ef31fb89
c81cbe4e-93b4-4e2e-9b06-0cecc474f8d7,Discover,2f99c162-ab74-405d-9ff7-afc4233a52dc
c42378fe-03ab-4ce5-8fe7-c15494aeac36,VISA,8a005234-8a93-4bed-a025-f1fed187a96f
aef124b6-02b2-4184-90c7-4311bf1f71ed,VISA,e1dc942c-febf-4048-8a88-862b5a01c4cf
c78bb59c-a858-499f-8f73-fd6b4d759797,VISA,116a1c0b-cdf3-4168-ae7a-0a7af61a7bcc
26cfa121-be42-4c50-8963-8e9b2c47d05b,Discover,fb23c8ae-e90e-44d8-b433-e1d5418e943f
366a2429-2a45-4686-b73f-cb847c175175,AmEx,b72773f0-e916-4494-899f-db2fb3a7a406
ee4a77f0-0e06-4dac-9d49-0de1a72f0233,MC,86606374-9f4b-47b7-90bb-8bdf9539c0bb
1a86f3ba-7754-48cb-925f-c76f593fdce5,Discover,103c0d13-9910-4c01-b9f6-e11c85141130
db268ba0-0667-40bc-a730-649caf007f85,PayPal,1b8e76d4-6972-429e-b75d-0105cacbd46d
3b7399ed-6033-437c-87c2-19c86a8e2bac,Discover,fa43ee30-a503-43e3-8ebb-2f4a067ae835
f8645c18-1ade-47cb-ab93-faebc88fd2e3,PayPal,3d26a372-c5b4-4d1a-a170-66f580093e47
9ba18aa4-081e-44dd-a9ec-5b33c1851691,VISA,c640485f-df63-4df3-8365-9730fccfbc80
58fe1cbb-88d7-4eaa-98f6-c7b5b8abf509,VISA,2a7a9a7d-bba3-4eb4-89bd-d090dbee6955
1ab4be62-e6b6-44c9-8237-8ac50511a26e,VISA,ff4871ef-21e9-40df-8d20-e827a47de8a8
67eb7823-1daa-4d3a-8f64-b11d14d81d8a,VISA,a2b75b89-1289-45d4-a742-eaa98648f19e
dc047cea-cf6c-4bb0-a784-2d98d0c02d0d,VISA,7cdf41e0-814f-4922-a86e-9cd02cb818e3
f39d9765-2b09-4de2-baa1-a2775cc6c2cb,Discover,96cca245-72f9-47d9-9879-9ba797c209b1
310ec76a-2ec2-49b3-bdfd-efff73379746,VISA,08492fcd-86a2-4a5a-9715-2ff35ba26c21
06efea48-757b-4e7f-8101-7a1a919eedec,VISA,09546cbf-438d-4a31-b520-e357ae4a3112
a0f431a4-a67a-4502-b19e-d2fabb7424b5,VISA,4476ff18-39bf-471c-b65c-c25c3fe3b545
568d0140-2da6-496f-8f57-340d07cdd202,Discover,709d8a2b-0e50-4a55-93a3-0e03290bd5fe
f3a57e7b-ab0c-4127-a7e6-77296ec8375b,MC,16f0bf34-bb29-4a04-be6c-798ae49b9334
d2b315b7-758b-4247-a0d5-d9f79fca7f99,PayPal,1f42ddac-1d9b-41b9-ba66-ff81969febf9
c2ae8dda-8c13-46a7-bdff-9085fbf7cf2e,AmEx,f958e0d0-b063-467c-aee1-33b9eba5a0ba
fe8c8743-5f88-4d07-8366-a00657993910,VISA,109f69d4-3b31-4bab-90c7-7c41e3c067fa
6831ee8c-291b-40c4-9a1b-d80bb731dfe2,MC,081c7ae1-4505-478f-9688-347c567c122d
15980da0-d0e8-4ff0-8b98-360e75217812,MC,e54b812e-19a8-430c-8374-c5aad8342f36
1c0b9266-0691-4122-aea0-70beef2912d9,MC,9d41b5e0-4bde-4e5e-aa87-a02b3a9ad8da
2499f2ae-553a-45f5-98d6-8731c928a3b4,VISA,dd6f4179-70de-47ca-85d6-c155d335fc12
5d6a6f65-4042-4a37-99ab-a50126f8e49e,MC,dd106751-14a4-4c4d-8ed4-2eaef33cd41c
bb1ad390-ef0e-46a9-89e9-92e36e2e5865,MC,cdbb6c5c-1561-4427-86c2-ccd209ad1302
c52ef4d5-1f30-486d-8aee-c954e99fba90,MC,30e1ca1d-72de-4850-9982-d308e32b3015
44f8d184-f7f5-49d5-8b2f-e60be69c5766,PayPal,e256c44f-e8f7-479d-8012-31afe25fb325
3d2e1e45-df27-4090-a240-6127e2cdd798,VISA,d03b81db-d28e-4a2e-ad93-baf09310b370
35bf1f15-2575-4c6f-9c7f-12f8d16278fb,VISA,96c60704-d2c6-484d-9b95-e77afeed39e9
740dd202-a01c-467b-989b-4aa5e4992ed5,MC,d0c0581a-d92f-42c0-9df1-58e4f671118e
9ab94451-b4f4-4be5-bb6a-1b9e697ae16f,VISA,03c5e4ed-9a19-4bf5-9a94-8003649bf005
ccc1db04-ea5a-449c-91ed-977697da45fe,AmEx,7bbcec4d-1ed9-4eea-b643-532f7a4ef8d1
318f621b-357e-473a-bd81-0b402ab1a222,PayPal,22798856-bd82-4bb9-92f3-775ba51e352a
60b77424-095f-4ea6-a472-a193ed7d2474,VISA,5b1f50c8-32a9-4fda-abba-6d3d1a8a9b38
0a9668ad-6e6f-407f-882c-251f8c0640dd,VISA,65943110-6bc2-4f81-a7a8-b3ddb26fe641
4ef86d76-2f4b-43b0-98c2-fab38dfd19b6,VISA,3222212f-66de-4319-b9d4-504fc033f683
ab3ad4d3-5350-41d5-8b3a-0da83831a618,AmEx,57f675a2-745e-44a8-9d84-cc9ca1ff018f
69407bdf-2b7e-4f3d-a2ba-877e0c62ca6f,Discover,9e2968eb-90b7-4555-af0c-b06f802177c5
38f68e00-1ce7-4b8d-8384-40796ffe3978,VISA,e977ddb8-7c31-4d69-a4fc-92c0ff039eb4
b68bd0b4-e669-4b68-aa93-74beed8605b0,Discover,d0f40d66-4c5b-49c8-8616-a17296b77b8a
2dd178d2-dd28-43ca-a5a1-eb2236102da2,MC,3e055e71-1c24-4f04-ac5e-ff2ab7911fac
a5d38436-a819-443e-afaa-42ad18d83c1a,AmEx,3a188b41-e01c-4d12-ba5d-d93ac3cd94f2
1fa6ab84-3a52-4abe-9c89-2a6a80e43108,VISA,1dfcea22-b578-49e0-aa9e-e6681bc5f3ed
2c887416-6ac4-4a52-a13b-2302c9623e27,VISA,ee902196-81f4-4cef-9076-5c2f58fb9b4e
10b89355-fb42-4c89-b372-c276097b9d92,VISA,1cb4efd3-8eb9-40c2-bb58-f6d46e4daefc
80655b62-a914-4c0c-9d41-b30789c5c3b0,VISA,9bfc975c-b5d6-4b5f-a84e-1b9205d8df74
785aba80-7484-4064-bd46-2fa1e3cee461,AmEx,7e1847f7-6182-41b4-8817-03261aba5ada
ea21923b-61f4-4e05-8076-659ba915b399,Discover,578dd1a0-2b1f-4086-9a48-ead915b1ddb0
c66c51d3-9af0-44da-8986-abb7fb8f5d25,VISA,cddc4c31-58c1-4566-94dd-e21d5b8d1a0e
b36fca57-878f-483e-8c73-e79c132489b1,AmEx,128ea332-de52-45ba-83b4-ae79b4fab2c5
d4afdf32-1f5a-49c0-bf27-29cb04b547fb,Discover,5730d2b9-e1fb-4e10-95ba-d2fcdebba7ce
17be77b3-9fb3-4339-8555-30e3a1d64b13,VISA,0fd47a5a-b2be-420f-838b-13c0c8be0c96
78b8ede2-a464-4ee3-b9f3-70fe4e484510,MC,6cb5938b-950e-4146-adbb-bb93479008f2
5a89f22e-921d-44ee-b8d1-944db1efbede,VISA,d602dc35-8ccf-4f69-9491-f3e8ec1d2bce
427504bd-ef68-462d-932b-13adac57da5a,MC,29e07c13-40f7-4121-add4-71a5f08a916b
df8fa49f-dfda-4206-b2d8-2e3b87716fa6,Discover,35db141b-5cf2-45e4-a0e6-59f4fa39c5d8
49b851c4-36ec-4b6f-8ddc-8eb429e6841c,MC,6101f77c-38b7-4b0d-a014-48e05cd705d4
a0462660-868f-4593-a7f2-489f36adb9d3,VISA,94d33604-f10f-4ff1-a275-d1dbcc6f0d3f
169a1254-c2f8-46c4-9599-dc55f6254daa,Discover,5c30f527-19c7-4c56-a471-86d6bd998399
a8f6953e-8783-447b-ab9d-70e5edb32a23,VISA,eeb72e94-79f7-42e2-b6b1-03b306f310ff
7ab36569-a221-45cd-899f-acbfc23a500c,VISA,3be61fb0-e211-476f-b11b-2b3c233fc908
45803eeb-8796-4f82-9b96-cc7228238a26,MC,c6742672-0d82-4e34-8932-c3392b937d3e
510683db-b390-479f-92d4-60a1f926eb2e,AmEx,1f0a84c2-6012-410d-881f-e788e97f4358
88e27298-8786-40a7-a0a4-448185e220ce,MC,081e370c-3e17-4a8e-8457-c4bae2e797c3
ab0f359e-f740-4d52-b9e5-380ec8d93c9b,VISA,bff852b3-46c4-4237-8ad9-1963a30f212a
93382753-aff1-440c-9d89-b8cd0534e39f,VISA,e28842f9-b2e1-4a1f-91b7-3ee570b7e74c
3a2f5d96-3dd1-49f6-a8c7-ae8d9a8c61a4,PayPal,aa8e7afa-1f58-4cff-9d17-2d009a5f63e0
e3da29c2-856b-4fcd-aa80-6504373b57db,MC,ea9c7363-a417-420b-a01f-3a34693e6b2e
dc4bbe13-d235-467d-8801-abd78db8b6a8,VISA,6eb88ef1-6311-4b18-906b-1dd64b31b738
231ccf2f-642d-44b7-8d3b-8d3704c1487a,Discover,a36cabf1-9ac0-4e17-b9ad-bcae642a3a6c
6d72e322-a9ca-49cc-9129-5130900379a0,Discover,954bd1e4-26d6-4094-89e5-0b55bf72bc8f
16c05b6c-44be-44a7-8e4f-14f6fb4a325e,MC,fc1c64f6-60b6-4765-b087-9f3dc2bb423a
0590b65c-d97b-4706-ac00-7f55e6b990f3,MC,ffd7fad5-71c2-4a81-8261-6441e25f59ad
f3d2f21d-1881-436e-8b50-53e3196cea85,Discover,6d1cf529-3909-46a4-ae2c-7138a4b057d9
eedde7df-ec84-4c1f-a771-9a3134033675,VISA,c50ed3c0-d244-45d1-a0e7-84192def417f
0083415e-eb83-496a-ae52-d555629e3ae6,MC,d7d0445c-fdd3-41a2-8b1d-799353a5f779
63126f03-4aad-46bf-b422-3dabe6f495a9,VISA,ab103300-bbd5-47a3-9b13-3c1defd26568
63e0e8d1-c672-4265-a76a-fc6f97b3d3e7,PayPal,44713971-318c-481c-829c-a4008de9c06c
3729ebc7-ba7b-4f03-98ae-de9437ee3e05,VISA,250c0efa-46f5-4412-b429-9f22425fd08d
8aa795b2-9407-4ba4-a985-5978f7f1d1ce,VISA,edafec4c-8541-4d00-bf34-0a5521aa3fc2
8b041c89-08e5-438c-84d5-6a74401bf0d8,VISA,140f0824-9bb3-43e5-a092-e412a758c9fe
5ce6f9b3-3940-4a05-9063-e4da85890c47,VISA,f56ed42c-b3e1-4e4f-95f4-4d5d389ad231
c63aaef7-603b-48a5-8ade-c7828431f955,VISA,eb81697f-9dde-4cf6-84e8-25d5977169bb
e5dad6e5-add5-4980-a625-4f9d4bc83d18,VISA,de1e40c0-0bb4-45f1-962c-3fe0478103c6
05d2aed9-6e44-437b-9e5d-a2933b31b645,VISA,cc816125-501f-49db-8b97-0c7b53c78233
4c123ab5-2bc3-4c89-a28b-045a607e12c0,PayPal,6d5e84de-56cb-4483-ad66-ad3c51914d25
884d575d-b71f-4b19-ac98-566828d364d7,PayPal,55d6b05a-d4a3-4c2b-a9f8-d59d6f63e85e
0f5b1529-17fe-48a9-8e39-2a6d06545fc4,VISA,6233f524-37bb-4c55-a2c7-fdd87d1953be
45a3425c-de29-4dad-bcef-254c7d69953b,VISA,6485d912-557f-438d-86a3-275aac249613
45f5c55e-9835-44a2-8a65-7c22bb8c9250,MC,c52069c9-3ebb-4443-87d4-c8ab5b07add6
3d7071d7-2964-4193-89e3-8bb280eebef8,Discover,7823c0de-dbab-4608-8354-29754c92950b
e65fa4f2-8a59-4499-809c-e737f27eac08,MC,2daa7bbf-1cac-4018-875b-b46b97f4a70c
df85bff0-5c29-48a3-978d-ae7fa744de66,PayPal,26d900bd-2d7c-4a6c-a1f6-57d2a801587d
b9356bf1-8203-441e-9b1a-86ac0686dfc7,VISA,1a54ce09-488e-4baa-b4ee-903de28dfc75
09bdbc56-a6b0-425e-9912-06b4719a5c25,VISA,de6adcf3-9609-42d8-ab97-9b85a8aa487b
8b4aef21-1ce7-44c1-9f1b-6cc9de8c41bb,Discover,cc000328-b001-4705-9379-5c951725fae2
02659dfc-ec30-41a7-88fd-c31d864bf41a,MC,bec8b101-d039-4ed9-bf07-af6ea34646b7
5a1d3a87-7e82-4860-b854-2b3a0d30be8d,VISA,869729c1-4f0b-43a1-aae1-7cc82aa558d4
d47ab795-b21c-46b5-a512-5c467a47ce15,VISA,732cdc2e-580d-4acc-a17f-e7e6e79f3030
4c732254-f8b7-4785-b983-18b7f3b5f070,MC,779332cb-8521-4ab7-8f1a-fee18fbb529f
c716c12a-d760-4a74-ac58-acaf32872d0e,VISA,08c38274-0e13-4018-b6a9-6fd91db13b18
8ab7c578-132b-4381-8926-9bbf46492843,MC,f05fbe6d-d6ea-42ec-a073-059bc96a5018
5c29aeb5-3769-48cd-a0a7-2c244665e404,PayPal,b7076ccb-8361-4081-8218-ca84798d27d3
620266e9-8a64-44d1-9d96-dd86a2f6e46c,AmEx,e687870b-2cd6-4a95-aae8-38feb05527e2
17bb76a8-ad37-483d-8be3-2847d005b3e6,Discover,8ad61190-ca63-4399-a75a-d5aada47c2f9
9e2a6edb-f8f1-4133-9bd2-1b39d3d7c282,VISA,6fb5335f-088b-40bc-a2d4-968c51ad67db
ab4208ea-0981-49fc-ac3f-1ec99e52eef5,VISA,84a7eb08-ab8a-43ff-aafc-a91501df5786
d21c052b-cb82-4a8e-bc09-a7c3a987fb29,VISA,2022d709-c329-47c1-b4be-8d1e6f0293aa
54149e89-5b7c-43be-9be5-ed013d616288,AmEx,a167c5dd-bedf-4b35-8d85-046b2c458dd4
54d0a353-75c9-44d3-9fc4-4625a4d70ac3,AmEx,b44d2875-4a4f-43fa-96f3-3a91c4c66a4f
cd64637b-87d0-4b72-a03f-fa86c056a143,VISA,cc848230-e8de-4f5c-bf1f-048c4ec916d7
49babdef-ac82-415d-8d90-9f9e44d02b8c,MC,281ff416-6d9c-4c94-82a8-d454a8a491d5
aad8dc51-bf77-4579-b6fa-2882bb16d9ce,PayPal,41180c28-b69f-4c90-9984-5937f300ec8d
605da88f-a79a-458f-af60-b4bc5d60fe06,MC,d7fc5fa0-97ea-4a74-bece-ec114ea6a37a
7dde77dc-a1f9-4bb3-b042-8d1949f02143,MC,0253cfbe-ced9-4928-91dd-735705b4d884
7ec097c2-0200-4a1e-a0bc-d53a64f907b1,VISA,94380110-f883-4631-b2c6-9ad5266c2e03
532e0a48-c68a-447a-81f8-2329088871d7,VISA,0e9978bd-2d71-49de-b669-b1c3ce605a43
e2902fe7-0843-4b29-bc4e-31c402dbef4a,MC,3a0fc6e7-a45f-4bfb-951b-a5616f01fda4
30bbe8d7-6e90-4ad1-a0f4-6fccb45c974e,VISA,b78ceb06-f328-4b04-abaf-107189841b28
9acce960-48c8-4342-b8f9-f0308f1cca58,VISA,e0d03bc3-cf29-4a9c-abca-15eda19109ed
9bd6430f-8b98-4e35-b0c4-83ef400dbbd4,Discover,ec658e4b-99b8-4966-8988-88f29750dc15
26a550d9-f4a4-4098-8442-13cfef8955a9,VISA,6c370e68-ef20-497a-b5e8-f4c0a991d3ca
8d8040da-29c5-424f-928e-4d34f23a4383,VISA,9f056bbe-7176-4a4f-94e0-01027f4608d2
3e8b1aae-9416-49ac-b57f-14d76ff86cfa,PayPal,0b4b3ad5-7ba3-4060-8541-5e20418ccddd
0b56e289-8dc9-48a1-8e55-ed66a40e59ec,MC,1d3eeaba-9cfb-4d70-8e95-02f12fa9ed5d
bb922751-519c-48e9-8d3c-b4a91225340a,PayPal,4c401aa7-0e1b-4e43-bb90-c9322e0d1a94
06a577d9-3d62-4f78-a84e-c7914f4720d7,PayPal,4ec05eb4-9d0c-461d-a9a5-9117fc9833c9
d3ccf8bd-0520-4b4d-b0fe-fb6a2c1e51fb,PayPal,167ba370-fb20-442f-b009-461bfb0ebdb1
2b77abec-2d3f-4c56-b2e5-61f2509ef6ae,Discover,57229fcf-7992-4717-a791-dae5a4ac4546
05222cb2-2939-4c1c-906a-378aebf598a7,VISA,84f09809-37a6-4587-bdc3-d947faa082bf
55d27588-b597-4cf0-9651-1d2e9fd0e61f,VISA,fe047be8-cb24-48db-abd3-1381cfed2a4e
1bc511d0-1125-49d7-bbd6-13a1a7293bbd,AmEx,897697c1-f31b-40ca-b367-3966c9c6a45c
4a718e58-4991-46ef-b6f4-786c12546de8,MC,b79d869b-9849-4f7f-8d3d-54941d4366cb
3a1af301-eba2-4e38-92c5-53085a6393a1,AmEx,a37ce0b8-d2d2-4045-af7f-05951a326e7b
7f62f88b-0b94-482e-b27f-76ccceb5333f,Discover,8a1a5427-dd0e-48c4-be03-db858698a0e3
dada5e6f-20d8-452c-a9ed-ed08951f7bd0,VISA,41c6f473-fa67-4216-91d9-4dd456eb85c1
2e57013e-e5f3-475f-adb3-207e6de0325b,VISA,b555cfc8-6a4e-4edc-8f5a-245cae5c67f1
45347c0b-124d-4621-9215-7526874bad02,VISA,37a6b9d6-9d0e-4760-b732-f5dd9a90a7b1
e7776607-dd5a-4b2e-bf50-b09e08441f5f,VISA,bb60884d-8934-4f27-9fe3-eafa67df4e4b
79aaefe8-9957-4b33-a9fe-fe94b0ad886b,VISA,7a302419-feff-4145-b578-b7668c226b5c
849ac430-6198-4667-ba73-cf6bb1821c71,MC,bd20b94c-1980-4a1b-8bfd-ca39906ccd13
a8f89416-a52e-4c4a-8915-650af39c9bc8,PayPal,13ff45c9-714f-4049-9259-57e6859585b8
c96ad9dd-3293-4245-93b5-d5463a345602,VISA,8f79ad17-36b1-410f-8744-f3649ce01dad
74c913a5-7f71-4587-b060-f5c9dd022640,PayPal,9b4d7f9d-2be6-4b06-a2aa-6d3151189d68
98240136-fe40-4c3e-9151-50df90e69049,MC,c32b10f2-e70d-4895-b8e1-c9ab397d674a
e7cccfe5-f0ed-4880-af5a-bfa4f2c6ac8d,VISA,6edf34f6-6904-4e10-abdd-716e93ee19f3
d6334587-f064-40e1-8760-49e90f4ae7f1,MC,ab3d683c-e082-4936-a341-e357e4b2f737
0761590a-8b47-44ae-8b6e-081e9de3c015,AmEx,8ba0b62c-1a14-4e8b-b4a1-e9513491236f
44466051-e75d-44ee-b4ac-76c07b937585,MC,4e555a33-5f67-4cbe-bbbc-5f27ab10da3c
a9af5f22-885b-4a36-8126-e700c00eed86,MC,1bfdb1a6-5d9a-4511-885e-68cfe436a536
5e6acb7c-e01a-4156-a2f3-67db66e6ac42,VISA,3e116e62-7180-451f-a9a2-95037c41e87e
b7445992-ee0d-42a3-8dcf-a31003315b99,AmEx,6320f1f0-a344-4071-a3b5-15b1915ecf57
75ec338f-e9c9-475c-b812-fef6ad1922c2,VISA,cc110d6f-38cc-4251-b02a-7ad09bb10c51
dab65bdc-a0d5-4a63-81eb-f45d1c1e884a,Discover,2b351cd3-96af-4bc5-b572-1da5cbe51f38
806ecfb0-edc2-4f2b-b4c7-43258e7cfef8,PayPal,d3fcbc42-a38f-4756-abda-eba570b731db
a1e3e120-58c8-48a7-ba04-134b7a63fcf1,MC,9f88300e-a597-492d-b94a-9b5af3ed7a84
485c476d-1700-495e-97e7-fd3454770707,Discover,22d703a1-44b7-4fbc-94d5-07825f993ee9
ea1a9e3f-671e-47e6-b2bd-b33a2430b5f9,VISA,030a83c6-4945-4ddb-922c-e233fd13e13c
d8686c07-dd75-464d-901a-bd1611256f2b,PayPal,511e1c91-44e8-4893-a74d-7f56df8044cd
6a2c81ee-afd7-4f77-aefb-c3c74a4d94c9,MC,99024ad0-c119-4070-9c22-11bbd12aceec
085c3ba0-b88c-4bd7-92ae-4aa1ed1c40c0,VISA,1ddc349a-a2ab-4ae9-be01-1944e46a03e5
3dc37ee8-b362-4c96-93de-506a12e8a8a8,PayPal,69027841-8888-4dae-9f57-b38657099792
55e7d74d-3be6-4644-827e-4cbabb0c7eb6,PayPal,5fe925e6-2272-4254-a3bc-b47abfc402a0
52b3ba44-b16c-40c7-8cc1-8efaa98413ea,PayPal,4a358d37-c4b2-4372-a40c-69149ad30c67
5b9a48ef-425e-4bd1-8012-b71c74a0d9dc,VISA,999e10df-0530-4457-ace9-1e55f12e86a2
1b8be70e-97c8-47f8-b7dd-0982d8e11fbf,MC,b1c99b0b-5895-4374-a2f6-899985124f59
53b2b3ad-6883-452f-aeb1-489d4ad75964,VISA,969c43d7-ac6e-40cd-9065-e85defa2c6a7
aed117f5-5244-4e92-8b82-0e6db2ad97a8,VISA,6555eaaa-57a6-4676-bcb2-5bf4e63c7867
d1dc8f5e-6375-467c-b72f-dcf3ef8dccef,MC,7255802d-e61f-49bc-bcce-a4e1e92e1dcc
0eb66c02-3e7f-455d-92df-d46a17e30e90,VISA,481a2d35-0e48-4863-a59c-61eb88980e11
4929f38c-6f23-4047-ab56-7afd6939da77,MC,dc803b2d-b3b3-490f-8406-b12fd46e5e65
2b58d74c-0a05-418e-a4f9-b4a899973533,MC,75123a7c-12c1-40d1-a80c-de1335907279
878abb9f-ec10-4d50-b286-67059ea35c74,VISA,5d403e98-a655-4377-b133-0b25f418dd55
eb6efd67-f361-425d-8a18-638089267792,Discover,aaecd360-00e7-4ad2-b166-c3d6c102bd39
58b8e9ba-5a4f-44d3-a6f6-c8d34fd3b633,AmEx,93071d45-6475-4906-9c82-75c0cf14d201
79290177-9c39-4e80-ba11-dcbed78d1502,MC,c00dda64-ebf0-44ff-83b3-ad8f83993fae
79058378-3d27-4a2c-a7b1-4f31a829c880,MC,96845d25-127c-45ca-beb4-944347c8e147
b0c7a11e-cdd5-4d8c-aa49-2f0a5983f026,VISA,15cb1ce6-aa24-49f9-8af1-b060d5ad0343
49f1db2e-8117-40cb-9b4d-b2ce6cdc2b48,VISA,05f86ba8-afd3-4308-acd9-f59abe73a492
4c75b90f-210d-43ab-a2bf-ebeb482a938b,MC,d8596edd-1865-435d-8565-80a2f889a064
0bf87fe5-374e-4067-82d3-54ab38102b19,PayPal,e59cd6e1-cd36-4fbe-b53e-d7c83539f9fd
e481539d-a64d-4be2-8e6b-d7b7a0c11f93,VISA,45c026ba-d7c1-4a2a-84c3-2bb95a42b5cd
a88783e8-5134-4926-85fd-1a2612363b8b,PayPal,fd8fbd78-5559-45f0-a1d7-1f47cd66ce23
06feac0c-ad16-4d71-9cee-51df9dd1dcdb,VISA,1ca552a8-cd91-4197-9ac5-9bb125490820
ebb46761-508c-4511-9a12-a3a43d6c28d8,Discover,36df84f6-afdd-4621-abbf-dbee2946706a
58571650-2f4d-4d55-b7a7-f1cdaf221865,VISA,1899861a-da48-4467-a1d1-8f24f6aa3a70
89d9576a-ced2-4f62-bfc6-953644eea0bb,PayPal,9b27f982-9c13-4967-afc5-f959569eda0c
b1dba27e-560f-4cc3-ba16-e13cc57b1ed4,Discover,0a344dd4-0e12-4a2c-9b36-e30bd6fec137
0bd7ff7f-4119-4552-8109-1d01053954bb,AmEx,9d5af152-f86e-4fab-8343-2fdb7903b93d
25729bba-ade0-42f4-b49d-84a6bfcf2b17,PayPal,3bc78407-8eda-48db-ac8b-e1870b2f39df
1e5e1e13-39ee-47ea-9533-a3628ffaec43,MC,44d2c5cc-095e-4c61-8adb-d54b6af98b71
b6fe1241-afe1-40f6-80c0-18761536c1de,VISA,68be3dd0-5dc7-400b-8e61-bb36fb6daa79
360dd8aa-151f-4744-a418-273a75c87b45,Discover,5945f468-8204-4b06-b62c-a0d28a8b4386
ae913a84-9dce-400b-a9b9-658619b24363,AmEx,5a2dd326-d265-4400-80e4-8cdeee62ff05
044282e5-8847-464b-a83f-6f72c8420667,MC,14237be6-9e67-4948-98a0-62419ea1c9c7
64793645-4429-4f22-8d2d-7065f676a0d0,MC,ee00371c-6b07-442b-a958-ebfc4bc749b1
2ac444bc-15fb-475c-96bd-9d3cc0ae9aa8,Discover,62c7b7b8-2ef8-43b1-bc12-4d9535eb658d
2a428439-e7ad-4b6f-a00b-8e9166df23c9,AmEx,dd629f0e-8b60-41b7-94e9-2ba34c0ba6ad
81f54051-f2d7-4300-8ae3-c34dacd2bb53,VISA,f1637e7f-9304-4a11-846a-c5859097d5b1
88e32098-baac-410a-810d-768fd59f0f04,VISA,0620f6eb-00ec-4884-a82b-9fbea361617d
eea935b5-2454-4c96-a70c-cbc2965edaf7,MC,05c6c2e7-4312-4ef3-a9bf-87a238c979b2
bc4f9824-3995-476a-a87f-b04fb41cb2f5,VISA,4819b081-6fb9-484b-b1c8-e4aeb4a62ff2
4fe8abcb-83e4-4e1c-97bf-41d9cb87baba,MC,d99ddeca-ffce-4cf0-8bbf-7fc69955bcc7
981ad365-7921-41a5-ad2c-95efcd95c1f5,VISA,a730a9df-9283-43c4-afe9-66434e185978
d7c6706d-7a8a-48cb-9733-a6f5a8d7b3d9,VISA,52f4e0f7-be6b-4cbc-854d-f78bc1b7daa2
b29b6bce-ea2c-4442-9320-61fcddf6a462,Discover,60dd7a93-98ff-4ee2-b974-01f181a13b80
8afbc9a8-4b88-49be-9ce9-43d9e0e47982,MC,f53a59ec-2ffd-4bc1-afc0-23d2421e48e7
064131ec-957b-438f-8034-0709965abc30,Discover,a7d57d97-e231-4d4e-897c-4ad0c8a625ba
a986a183-6276-46a1-982a-a13fb9382d2a,MC,3958f2e5-c1fe-442e-bbbf-db5557b99d0d
febc8790-533b-4f6e-a9ab-f67f2072ec63,MC,da2c6a70-4862-47e8-b2af-665caf0ede89
36d875a9-64c3-4e3c-a4e5-f16284ca1f51,VISA,8d7c0999-897f-4c89-9199-bd674679a9c2
88744277-30bd-4696-943b-9f10db7af299,VISA,37099b8c-d5a1-4643-a927-3135acb40144
e36306a9-cb82-40fb-959c-0a7bcb9d7f34,MC,3c78e588-8f9d-45e2-bfad-4fa546e25a3d
42cd4dc6-dfa4-4e5a-83b1-495732eb6034,AmEx,03acaf45-f972-4532-8072-f4d1eef8a166
93e17f77-f26f-4060-a435-49228c6d50b7,VISA,a58e2872-80ab-442b-92fd-8eaf3261cb29
47e6a65d-3e2f-460a-9f95-ea261179a17f,MC,ccfa05ae-6248-4e8f-8151-70b2f648a048
cd693cc8-3077-49ab-8413-67465e0df26e,AmEx,47a53af5-3d1e-4574-9a44-1349a0a3151a
27257760-1b4d-4b84-ab95-8fd36c4da211,Discover,37a3c824-f4fb-4ce7-859e-2a70367747c3
3b69bc1f-5a8f-4aea-8245-8b30477eacff,VISA,9b55b6f6-c1e9-489d-836b-88155f23e546
2217f045-5aa3-4806-bea3-789b79d73686,MC,48765ec8-4dcd-4383-8f12-c1faade143f7
8bd101ad-24d2-4868-8e16-dc42be91ef0d,Discover,2c7269fd-a1db-43db-89f0-4576c3cf7c8d
a9ca38d3-6179-4bc1-93cd-8348cd62b7d7,MC,32982b9b-52fa-4a1a-96db-cd9e5a4f93ac
1b2086d7-f9ed-4790-8790-375730d5af75,VISA,b9881009-90e7-41f6-8a92-f3ea835cf50f
755b417d-1d48-4580-919a-51b3d4281cd8,AmEx,3fa6ce89-1cb2-4ce7-b4c6-c838c68f7f1b
ffeeb4f0-e037-4b3c-9334-2475315d1ed5,AmEx,9b3a8fc6-43a6-45bc-b73f-2965c61a4fb9
48ff644b-dd79-4204-81e9-3157b798b498,VISA,bfe93267-fa62-4525-a12d-019b18ac2e88
c1cdb00d-53aa-4f0c-981f-6625a486955f,VISA,f15fb56e-a54d-4a45-bde6-aff1801e2697
eba4604b-f686-447a-947d-130a73c5f577,AmEx,ac7d92cc-b02a-45b0-b605-fd136f3d767b
7cf891f6-0caa-4e6d-9208-cea708dbe6df,Discover,bde4c9cd-2424-4b17-ad9a-00cf516e303e
de08c262-494b-45ac-941d-f1bc78d8e425,VISA,db44faa2-6054-4016-bd6c-4eb3125d09ad
403d3935-254b-4489-8e39-f75536e5d5e3,AmEx,a319f2ad-ec6e-49a2-9663-899a872bf039
0ddc3a10-28aa-44e3-a559-b0c1de6ccf6e,AmEx,7bdab430-a240-4448-b9a9-f2c6faa03e3f
ae16f0f6-9908-40d2-8a9b-5317b9776f8f,VISA,fab098b8-36af-45a9-9f3c-9122726d1e81
91e3bc53-a045-4546-9323-0848fd969a9b,Discover,85f03c2b-fc96-4659-901c-c2aed8f785fd
79abbadd-785d-463c-bb85-ef562bb0a578,VISA,f6f70112-5a64-4ae9-a534-1c8b0576c214
d998b5b4-6783-4987-a126-0ab435970ab8,Discover,57800da7-63e5-42cd-9a8b-8d8f6a3a914e
b5d37c55-e70c-4ae8-80d9-aea098dd655c,AmEx,85510353-74e6-4974-96ec-fdda48fd4390
ab2d8e16-5ed2-49b2-847f-eb079e9b9965,MC,4af94a0e-8747-4431-b625-d9d9d8500396
27de63e0-7ce6-4158-bd6d-dcbdc94783d9,MC,7aca31f4-3382-4667-bc6b-0bf6cf03572e
e6e2f7d5-0498-423d-981f-dd981e8f4e67,MC,89081c8d-f039-4d0c-b17e-60b8d0213e9b
ced4faa3-f4ad-4448-b929-a49186c85276,PayPal,a13391af-38ea-4609-a99b-9ff426524ccc
e13b5c20-72ea-4007-8281-ce2dc6388432,MC,8af69def-ef6d-428a-a922-a1bdf4184034
a6419dc6-63b6-4d0a-bc04-c7e4027bf058,AmEx,ebc2f743-75d9-4412-8c9f-e3061e1d280f
511c62f2-2ece-4313-8a9f-25ef64d3e8b8,VISA,dca6bb46-cd5c-4418-8985-78d3f9d4a37f
d9297bb4-dfd6-4cd5-b02f-9223b9ea2761,MC,3312dcee-66c1-4964-b358-b089c80d8f17
3428a16e-f8f7-4566-9a67-4c0f17fdd142,VISA,165eb5fe-298c-4a9b-9953-f5b5582d6336
bf676ec0-68b0-44ac-a1f6-6fd547369d08,AmEx,26daf034-193d-4205-9c22-e4caba73b720
c98134ef-7100-4817-b588-4a0c82efc4c1,Discover,7d23c577-3c52-4252-9a9b-ca3062dd2272
bed1c956-1a38-4bf9-af6e-37dfa8e47171,VISA,c08b04f8-6272-413d-912a-2bd05f830d7c
ea7b2fd6-0b42-483d-889f-9c5112c9cacb,VISA,d963dca5-7cc6-4e61-87a9-01240361e634
1d628a3e-43d0-478d-b329-e72d224bd622,Discover,a7a81602-ff10-48ad-be60-39eee4565f6a
6ea82c47-e2f1-46b1-b5d4-f3719429d720,VISA,31053cab-4e74-4cea-bae2-ca344306e312
df6d2349-2fb5-43f0-9323-9636774a1309,PayPal,00dd829c-80bf-440c-b4b1-444d6d9afb42
5bcd54fa-3e18-40c0-8664-a325ecc66d16,VISA,e435e1bb-71d1-4ebc-8966-bc94cdcde61f
e1aeb0fc-748a-4fe7-90c5-35e4b7d2f37c,MC,2d3d5795-91af-40ee-bb57-a88d6c63826f
8199dd56-f9c8-4ecc-b0f5-b8bb0259820a,VISA,adefd3c9-8f85-494d-8acf-33ca6ba38715
a1d8fd01-6676-414a-a4dd-392edb7b38e9,VISA,f5a3a946-881f-4d99-bb94-ae79559ef845
55f91f6a-4f72-4a75-962e-e8db1235e16e,Discover,6c7793e0-face-43a1-89a5-168c53e3d2c0
3f6b0841-730b-448f-b955-0bd58fb3d687,AmEx,e5a47897-93ee-4f9b-bdf6-bd66fe8eaa6e
1e80af10-807f-487d-9971-c9a3c59ecb03,Discover,dfe1e392-d06c-47d6-8a0e-32054bd01477
1672ba03-8200-4ce5-baf8-d923d34de3d8,AmEx,e6e432e5-6016-4860-818d-d6eef6a2cac4
a19c3d60-bb1d-44bc-a9e2-fac8d6cbf89f,Discover,1e16b53d-cae5-4a67-afee-02f8a9dcaa4a
7367cb4d-1366-4bb3-93a5-9ca8108f7d60,Discover,1d5c2cf8-96be-4693-aeba-35404a31a04e
afc60466-58e6-4ced-a77e-0f92fd6fc162,PayPal,9c00b8e2-d696-45fb-a2a8-6086781a216a
d99407a3-2a70-4de3-af12-5eea80dd5160,MC,6a6b9c7e-8db7-4474-b49d-2043562ad547
cf3d5bb0-8091-42bc-97b4-f2bc07af5a63,MC,490b4518-3e49-414f-9fd6-0377253026e2
962a9ef8-c698-4b3c-a8c1-a5bbd798bcd3,Discover,f6e73f6c-cc20-4049-b79c-95a199d48c60
4856463f-13e3-48cb-b173-8d94e674088b,VISA,a0806bf4-52f3-4bc3-bf2e-f2ed4f67d695
b0ca4d19-57a2-4833-8115-e860f4ea6051,MC,391cd98d-5aba-4e6e-b514-f327559ac89d
56980e18-bfd2-4387-8362-ffc7f57b96f9,AmEx,9c108ff0-1ba3-4921-abaa-c447a9d94335
9e4b28ac-c0fd-4777-9626-f1ae34f1463b,VISA,a01cbd4a-5de6-4e91-bce1-e78e46a88877
7b9c4835-f1ee-4545-ad18-24ea71013bbc,AmEx,1978140e-dad0-4ae7-aa4d-dc9893cb7620
0ae486dd-afdf-46e5-9b00-9ad81969d628,MC,bb576f5e-ad0b-408e-b14f-001310a06452
4d1d8f3a-f0fa-4dd5-b28f-fcf68370df01,VISA,f00af3d8-3308-4f0d-8872-14c394ea60a5
010814ff-101f-4702-84b3-1f26edb0b924,Discover,f7ec9cdb-04e9-4beb-9d6b-c8072a9ae280
e115664f-11d8-443f-bb1c-2c67dff7934a,VISA,47c4cd3a-bab6-426a-9a0a-3c63b15a4e14
b2348829-2fa2-4b2f-93e2-fca17d1e39e0,VISA,6c428835-b870-4389-88ff-f3965e8dd9d5
2e98f494-c40d-40b7-8fe3-8e0d580e725e,VISA,da69c0e2-1136-4a06-9444-6fa07278e527
bc24ccb2-ecf2-444a-acf3-d254d0dc7526,AmEx,cb684591-8653-4486-a89d-a44fab747507
86e8ab15-940b-4165-933d-11147872264e,MC,59495e77-38d9-4a80-9ade-1c7544034dbc
8662c0f4-396b-4d45-974a-a9a323e85e06,MC,8c7100a7-7267-4953-ace0-4a49de2ac003
f8a39ca6-8f3b-4062-8758-69f68c0f2535,Discover,bafbd9f1-779f-4ff5-9c23-9b800d594159
3b01edf7-241c-4a56-8509-939191fb1d72,AmEx,9443d80b-78e2-4a7c-a76c-bb567278b8cd
fb32cfb1-8db5-40ff-aaf6-0687d9d3a48d,VISA,ed4cbfe7-d2f6-49af-9b9c-f4742df319f9
8e1c6750-41c1-4deb-91cc-42dfa9fa15e2,VISA,90344ba9-8ee1-4a78-bbe1-86a5b7116d65
01d22a5b-d509-42b2-807a-cbdc75bd0825,VISA,d5aedd9e-1095-4904-8172-ea81b0dc05e7
69d6d785-c0b2-4fcf-8375-1d134a87e231,Discover,ed53f7cb-fe5b-494f-ba56-d1089573a4ec
29ec251f-29a5-41a9-9e44-a34f19e0e221,MC,64bb2912-78c2-4505-b446-dd6264b7b658
aa9e9f27-7246-4d2a-ac2c-34c3ba4b886d,MC,dc0efd6f-38a0-445c-a1d3-cfc27dda2e90
8f7bfd80-08df-43d9-92f3-8e3e3b7ff2e5,MC,a68aa0ee-c2eb-4a76-ae15-1a3a0998b5b7
b5637e14-1679-4dfe-a50c-b31e4f6f044a,PayPal,20263759-7f96-478b-9fc8-dd327342a7c3
0222d148-425b-4972-99ea-f3914274f323,VISA,16c7a7e1-cb31-45fd-9640-39689b9ed4dd
76fe68a0-bc88-4501-b444-bd8fd093f49b,AmEx,f985f7f7-4e18-4256-912d-be57dc42d188
71e3e537-c6d1-4d55-8419-1c7d8958d8fa,VISA,b44de29b-eefe-46f5-937c-6839c1050875
15b861ce-e3f6-4baa-91f0-09b5dfca5a83,AmEx,fea6a9b5-0906-4f38-9cd0-6a525c480b90
a04dcafc-a9f5-4675-b6a6-be07df2f1924,VISA,5d772cc7-44e0-4af1-bfdb-7c289257cff4
f726f39b-5e92-4aea-9299-2b1697a3d914,PayPal,61342615-a7af-4e85-aadb-aa4dea726382
a43a0aa2-01c6-477f-8c44-6cffb4796a72,AmEx,d9e75527-6584-4bf5-bf7d-94fd1ea5238d
f2b6e701-86b1-44fe-8946-73395173fff8,PayPal,11ff63ca-dcd5-4138-bdda-c7ad4646f639
18b7a43d-e416-4d20-9728-a78c6fd5c266,VISA,f177eaa7-69eb-4ca3-9190-cac0ff557678
66b0e99e-dbbf-42b8-a915-30f4eaa7128e,MC,3b536538-f389-45f8-9d91-6f30d9f714d9
6de77ffb-aded-4a42-a86a-8a3aa343478f,VISA,940e8756-e6f6-4a99-ac8c-5fd2bf9feb31
f120dc55-0242-45cc-8761-72eb93cb8b88,MC,bf893114-e4eb-490b-a146-0059bb5159af
1975abde-5444-47c1-ba37-3474441bdc1c,PayPal,4f09f680-858e-4325-a64f-e41a515b8928
9e88fc9e-d86a-4d54-a13d-cd93ebee5722,MC,a9cbd89f-09f1-488c-bf9e-e781ae3d71e1
ebd9bd23-437e-4d56-8074-c1b9f2c093ee,VISA,88701053-30ef-4e03-b5f5-2895dccd6aa5
6b4ffc3b-1d01-42a0-a1d1-99045c73bce2,AmEx,0eb86f2d-0dbf-4ada-a36e-b9ffe7ed15fc
705d7558-63e0-4285-b002-e58ab1e229f8,VISA,dc418f5c-719b-4449-94fd-94c6c314719d
631d3bd6-e42c-47a9-b121-8561461f475c,Discover,9e00a70e-e07d-4a80-9634-f44413074397
bec6690d-f8be-4489-9d06-b1b726a89428,MC,03f3c036-b653-411d-ac55-29242587c466
d8e127c8-0544-4a50-b356-65a66c701416,VISA,d44c6fc3-88ae-4408-80f8-d75522858fce
8b27881f-a99e-4e9b-a3f5-4a0b6e3c1b0c,AmEx,886f1874-3536-4750-b08e-2653c0768827
0ae22839-f93a-4def-bd6e-e2c965af495c,VISA,f20e7de8-d32f-4386-a4d3-26a1e0a234bd
c5247359-c832-4095-82eb-546f13549e8e,Discover,c8d65c84-600c-4e33-8bd1-8b4cae7a88f3
1f6719d1-8da0-4a22-9170-332aaf0c9057,VISA,06421075-9435-44eb-a97c-e4ee86bbd71b
d960156d-d994-498a-b29b-b47248d89a82,VISA,29cb7f61-00e7-4fc2-adc4-26ed10ef836e
1f3cf219-57a4-4022-831f-3620a91e2afe,AmEx,dc24930d-edaf-4e35-909b-69b5ce27ca15
ceec0dbb-dc1f-490b-aee5-0937c1747756,VISA,df4fed91-e610-4250-96e1-80873123b1cd
32ead6b1-56ff-48f6-ad25-49cd067e167e,MC,5b2c7314-1df2-4bcf-8594-2804a0e5998c
a8bde2b9-f7b7-4473-b972-ffc45c8f9d42,MC,9eb7644c-09a7-4a22-a587-0848020f3df5
670e83ff-2a06-4f9f-819b-90664423659f,VISA,6eeb47b0-e994-4451-bdad-b006398420e0
b3783f88-818e-4215-888d-152cfcd75d42,VISA,0ede03a4-5132-4e9d-b251-88667fd5c298
8af81283-fada-4177-8d11-ca60885c3d61,VISA,326344c7-f016-4faf-b97d-2ea8ad49e34d
830081aa-a4f9-436d-8a3e-252e52371780,Discover,d7fa531d-172f-4741-9068-8f1364c854a8
fbfa0d32-cfac-4a5e-b612-53d81936a304,PayPal,3de97ecf-f583-428a-a151-2a674dd682eb
81d1bbdc-d98f-461f-8811-9128463e6a31,Discover,e6089d3c-a243-4181-9843-c2ff1506ac93
92cb1127-f877-45ec-88cb-c083fff42960,VISA,b631e260-ee07-4124-b2ce-b7285022397c
8940e232-f20d-4b17-8c37-bea2a36239df,VISA,523e8f18-3f54-4726-b29f-28ac69fa6d38
5f2f0760-8ae4-4ec3-bc8a-8de07bcec300,MC,da5d4d11-daaf-4a29-bb47-c04cce5b7a09
37e3097a-843b-48b9-a219-f7d1f972fe79,AmEx,949171f9-4936-4f40-a28d-00a161253148
d3eee259-3d37-4b2a-bb0c-771687bde0b2,PayPal,30751eb7-b65d-4fff-879a-5c49c915c27e
3bdaf673-692c-4a8f-8f4f-da0a70fe2672,VISA,620ce2f1-c40b-4539-8c86-928be100f9f7
2f36b172-18dd-4011-922f-2817ce61eea6,AmEx,0e3df179-1b14-4dc3-948b-2545053ac29d
d43251f9-e1bb-4ffe-aad8-041c201049c3,VISA,79c436ae-e606-484d-a939-3f4312497004
2cdcda72-8c41-4f4b-8c96-10080462a8e4,VISA,249d43aa-227c-40bb-9f7f-2781c67d0482
2fc1bed9-eb78-4dff-84ee-34dae5d189fb,AmEx,2193ec5c-f092-4551-9cc7-b376f604f174
84c2ee78-dda1-4590-a5b3-c3e90312b976,Discover,8346ba53-b38c-4a46-a68b-ccb47c975fec
f87c3c54-f57d-4fdd-8338-472531f0728e,VISA,a71ab780-177f-4f82-b663-63cb1600dbdd
46e58460-e593-4106-a70c-c25bd09e4e6e,MC,f98bf207-0381-4467-97b0-880bc9b8529b
be89fd7f-6049-4ffa-b17f-30f51b527570,MC,0b95cb50-f670-43c0-ba47-1162a9b0f7d8
7224d89a-df27-4eaf-a943-eb0c99924548,VISA,a3777157-ae3c-480b-a6b2-f142bd714d50
0794904a-f70f-48c7-91d1-28dc5ed91361,PayPal,c0d4273a-032e-43f0-a5a8-5ae677b33d8d
75d8ea18-efad-42fa-aab7-432d374a8019,VISA,cf82820d-83cc-4d8d-adc3-d883cc033e53
deb851d8-dab4-413b-86a7-b444b58abf36,VISA,aa239d88-cd7a-48f5-b14f-db3dd8a94e12
f37d1217-584f-4f6e-b767-27658005a481,MC,33ad77f8-2232-4ffe-8b4b-adc437902f64
e2076070-1034-4025-91ab-6fb7aa912ad7,MC,90d8ac4a-bec2-401c-9a74-1970974a9800
afab0c75-b380-4614-b6c2-026600d9deb2,VISA,5bd1c10f-5e13-4546-83aa-19ea3af7b047
b56f41e6-cb07-4dba-9bc6-559ab0a3e1de,Discover,211b539b-7a54-4ab3-870e-fc2ce2bb72bb
d20d4635-8211-4ce8-b92b-82ce098d3328,VISA,98aced4f-399c-4b7b-b006-f37c2b26bcb3
1e2d19f5-a18f-49dc-bff9-b3b012b06ae2,MC,84987055-e50b-4f6a-afff-443eb7272b87
6e32a9c8-1b68-49a5-9a49-71e1d9621550,VISA,0efa59a7-2bbf-498f-a9a2-d8ebf268c6c9
5218c2ad-eb6a-4526-b23c-d53c056b46cc,PayPal,671ed613-3677-44d8-aa31-5b20db457b5d
e238737f-b2c0-49e3-aabf-8c4c0c8b6376,AmEx,2675e1f0-8385-428e-b6a3-d3a223d6366b
080beee0-1e93-44e3-8396-0b79fb185d72,AmEx,bfe48d42-e46e-41eb-911f-4890f0fb3658
836a8d42-3a13-43f9-9c59-a8210f4e8478,MC,a99818dc-d96f-4ad9-bcee-ef6118aef3e9
ed542519-4ba1-4c8d-8d45-9bb344ce7d13,Discover,f9a309f9-f755-444c-9027-1c53202387d1
7bfebce0-8b3e-45e7-bc4d-434aced9ceeb,VISA,b91d4306-c26e-4f93-aef1-30f308a0458e
3ca97135-a5cc-4e2e-8528-ea0f8d11fd0f,PayPal,5998b01e-9c2c-410b-869a-5a4afb9a6599
2c04468e-6648-4890-a2a6-6d8ba62e65ed,MC,ca59aec8-113b-456e-98c3-377bba678de3
3ced2672-4ec4-4028-a644-a8b6f530b28a,VISA,5aa3e843-7d9a-4eda-a340-266e5c4754a5
bcba8773-bfc6-492e-8f13-83115d01aff7,VISA,c32d533c-27f3-4189-acc6-bbea2add07a1
8adec1a7-3446-4e4b-8d35-2dd70b1719ea,VISA,339830c1-120a-47db-9b48-4966363e59e7
d1a7fc08-483c-4308-81e3-d59bff94b2c7,Discover,cda3897c-1e96-4af2-a0c3-fdda51cf17e2
a91e3a70-526a-4a70-af29-265c351539c9,MC,51aadce2-81d2-44da-a08f-6ffb09cd357d
cea1f91a-2f73-49ed-ac5d-70563677cd7a,PayPal,9df46d03-07cd-470b-bad1-236b4637d206
7bdc2776-61b2-4fdb-90ee-f634fab718e7,AmEx,2e54b5f2-05cd-4e51-858b-85f09b5f8685
1be55116-97e1-4e08-91ed-b1ac43a7b0cf,MC,7b436f41-82ba-4ba5-984a-58bca4d19e7d
18df7d20-c29f-4fec-8b01-00d8c66396dc,AmEx,79c88da2-2889-4582-896b-85cf1f4a8bb8
3f82fec5-3bc5-4c41-8521-f9a23664554b,PayPal,46c70120-5b78-44f7-aac0-9b36bae54b02
0167bf89-3e50-491e-ac13-6dcbf5cbbb7a,MC,50ca5258-c914-4781-b504-68ce48e9da55
2624d5df-42e9-4a39-aa2b-00f453860979,AmEx,f71dac58-2013-4afd-a9c8-2452164509d2
1fa965dd-250e-479b-a3d6-4d236a884f07,MC,4b0545af-e954-499b-a0a8-18bf8b37155d
e87b2999-6389-439d-bf37-9c025e6e85da,Discover,f852fc4a-c23a-4d97-8364-8e5c863fc3fb
86ff3990-b938-41dd-bd72-b0c04341348c,AmEx,245b07af-a913-45a3-985b-32ffbe5422b9
341e32ec-faf4-4fe1-b01a-5ce79c675853,AmEx,4a803fb1-63a7-41c2-b03e-69a56e04b979
11ce73a3-f865-4994-a9c5-77d5e45bdc46,PayPal,96628552-a6f4-415f-8e25-adbd1af60c3d
45bcb06b-b6e1-48c7-9062-56c9b5ae9e17,VISA,421f910e-fa23-4d6b-96fd-87bc360ed08e
bf5af7ad-5ac8-4f24-b2cd-aa6e9cd48d4c,PayPal,7afe9e0e-533f-43a3-809f-3954375ac485
144c99a9-42fc-4213-b4e8-604affe8611d,AmEx,20cb7fa4-4c28-4f6a-b767-bc8da33b69de
2319ebf7-9264-4dc4-a906-da3dc89d32d0,AmEx,4c406d72-81ed-449c-ab7e-f09028d4af5f
16d7bb29-a328-4158-9c1f-1e97f8a89a5d,MC,0447c124-92ff-4775-b76e-ccf439154ef1
d6aea03c-7a4d-4a6b-b86c-b3032a908aa4,PayPal,47bf9a9a-135f-4238-9ba9-3c8404a017cd
684bf0f5-a6a9-4919-8c53-b497dc41a6c0,MC,37e90e5c-3467-4a74-97af-5bae13c086c2
99ab1f8e-6a7f-4123-a036-6012a19a44a3,Discover,11366024-4336-4f6b-84de-8fb1704eb983
bb90db91-3459-41c0-8fa3-e83d143792bb,AmEx,d7e1710c-39c7-41b6-8875-043b5948c583
d1ae9673-132a-4bde-a5e8-6c676cc1d6fc,VISA,0c58b06f-f631-4cba-bb5d-aa5d139e5405
9840fbb9-bc9a-4c42-b3e5-eaac82d8a718,MC,40474c4c-5ccc-4432-abde-24bb84c7ff78
8b0ac552-5627-475c-b5fb-6469ba3c0a64,VISA,ad0609ee-bce0-494a-b7f8-89d31ceaf345
9c0c8643-dbe9-47bb-82f1-91bceab81b8b,AmEx,faaeaabd-18a1-47b5-bef2-5a03986f8acd
22fe8729-596c-4841-aeb8-ffeef16c569a,Discover,8cc5564d-a4ba-441f-a1a8-14ffd5aabb9f
217bdfdd-6632-424d-860a-f443459ea0d7,MC,c66ee8e0-563b-48bb-9336-a1ccadb19170
19487684-cc79-4695-b2b1-969eacfb9f35,Discover,9112eb9d-638d-43f8-bdb5-4de738814cf1
c28fd7c5-a439-4284-8ebf-0dafd74e8c88,MC,7d00d5b2-9e15-4618-b442-1ba9c98438a4
99376041-75bb-486d-94cd-8fa6049d141c,MC,a77b47af-e2b0-4070-aa6e-4f58cca010ca
23621082-1f98-4e92-9257-4d182eefc162,MC,7bccf62c-0705-409a-9f70-ac6623e17496
307b4bd1-54fe-45a0-ae86-590b7a04fae9,VISA,5de3fea5-dc40-4813-b1cd-ddab42a05386
f43dfcd0-cfd3-45ba-b659-733e400480f5,VISA,f83ccf84-1a32-4ec4-a507-5e4f1201abf7
4b995ae8-1aba-451d-9800-6cb522a22d92,AmEx,0c4a08f5-3e56-4591-91cb-561b1770e359
fc607095-35c9-417e-a721-5df3a9468c89,VISA,2baebf32-8011-4367-9aa6-fea19c3cebdf
8bdef8eb-e8f0-40e2-a339-092ec8cc6ac4,MC,ee6402ef-8c56-4dc5-ab37-336f40c6586e
a1ef1835-f9c3-4b7f-80b2-e852c6c616fd,MC,b62c28b3-a46a-4779-b5e5-2e6a535098c3
7b2fa57d-2c54-4aa0-a376-b7cbaa5028a6,VISA,208c39ec-c0e8-4e0e-91ba-736ff3cbde00
d80b8327-ada5-415f-ae51-785114755a4e,MC,d55435ea-2b19-4dc7-81df-8421e895ae27
5dfa6695-b8a6-4f65-8e12-980b3531349f,MC,99693a1b-ea70-4b22-b885-d1d96a9281b2
a35da30b-d37f-4097-adc0-0b32d9095abf,Discover,df87de2e-b77b-466a-ade0-c8370f96a495
c386375a-120d-49b6-9d21-3a998022274d,VISA,11fe2e21-4229-4190-b4ab-4c282a5f4a0b
c4bff965-ffbe-481d-addc-28636d1381db,PayPal,6bfea362-2889-4244-8f67-3b101320e83c
291265c0-21a5-4cd9-9623-35e3e58cf545,MC,8c978982-e4b8-4eb9-b4cf-6c8c7038e4b0
14be3d05-cabc-47bb-bf61-d7377f5159d0,MC,5680910b-9968-4c51-8228-056b4b660e80
027f9ebd-aa35-4e07-a92d-29a79726febd,AmEx,618f2218-1080-4f4f-820a-55a274824821
78394c6f-0ebe-4c40-82b0-cc275f2cfc79,AmEx,9d52b84a-bc7a-4488-be67-703aa466d232
543060ea-73b3-4589-88f3-2e71ea5043d3,AmEx,6ea9758b-d073-451c-bbfb-f9f2b20f31a5
8a2b7f37-66f3-406b-b547-1e3e3ac69643,VISA,58332f15-6bd9-4f68-8079-e4de4cb10134
52d46361-8e0c-496d-a415-75a4a0e9a3d3,MC,6cbe23e2-15cf-4802-a401-4862e93a0bc5
3ce4dbd3-fc2f-4728-ae5c-6a37eda67985,MC,cd7fb58c-c745-4976-ac72-3e3f107ccad5
6c11412f-f0d7-4dd2-81bc-5879a54673c8,MC,2e04a065-1af9-4510-84a3-c0911943d173
84085d04-593b-41db-9cff-66fd12530263,AmEx,5de9d932-5030-49bf-bb3a-8dc3ea532c68
8d1d9b2d-f1df-4291-9abe-f681c153e50e,AmEx,cc334a28-06b1-4ba9-9629-25bddbd6d43d
63e5eb76-e6f1-402b-960b-e0da2bf6c746,VISA,4ca5c684-5273-4ead-9663-85b64be6d5f1
5088fcf4-c826-4d24-89ab-ad31eaf5a2ed,VISA,0b759f1f-9681-4627-929a-4ed08b6ca2b9
dad56c5a-270d-4b77-8510-65093ffbe463,VISA,5fa99c0c-751d-4ec8-9b17-7b6bcb35535b
a2cbdb47-7bbe-4b4c-aa51-89f84633a3c5,VISA,4d267afa-ba82-4951-a2ac-35335812f11c
c9ad4272-2fdb-4e81-8f5e-982ce9c99311,AmEx,e75040d9-7622-4be6-aef2-ad958adc3614
402a793f-28e2-4a00-8dd4-17708aa90a20,VISA,e5805c5c-3fe0-498b-93cc-0f798012e863
7b3dae69-a135-4198-836c-6e60553e9077,VISA,35dbfcc2-4e26-47f9-a9b2-98ce01a403d2
306f3b8f-2bc1-4593-8bf5-275953392ada,VISA,21694a69-28c2-4356-8e1a-137c1122c3f2
91037c20-8693-42bb-8324-ac97c6e729f5,VISA,2904f407-90ec-4c40-a54d-8084e50dbd7c
8580110b-0a50-4536-9c40-7b4d8bfe7edb,AmEx,d49784b3-2d19-4a00-addd-85a618d6b9aa
098bb640-ab34-49eb-aa0b-15427b145668,VISA,724bd87d-0b67-431d-be4c-7a4f7e9590d9
cf5a4fda-eb4f-441d-9a7c-87f1efb531ae,VISA,2418d2c2-8ab3-47aa-a4a5-0e4b0c879366
55df08fd-2ce7-405d-b611-1649712b2e98,MC,f720b22b-e6f3-4c4d-83a3-82f3123ed4fe
fb2a612c-2828-40aa-9096-ced8e9b7ff6e,VISA,8645ccd8-3842-4eee-b883-35ecf440f825
6cd94b43-a344-4f36-b2e8-da996edf3634,VISA,8e013484-a02f-48f7-a616-1cde1fed09b8
4ef1ab3b-1db6-45ed-a70e-a6a797acbc50,MC,7896c233-3871-4233-8b02-224f22431bf7
d757ff49-a512-4767-ae64-578c4fd3d630,VISA,a954b0ce-8dd4-46d9-88ab-497e8c608351
6470f51e-4f22-45de-8adb-685fe96fd862,Discover,dbb93cac-a555-41a2-94d2-279c861123e4
00279d0a-50b9-455f-9573-8216840fd2de,VISA,c27cd464-bd65-4dd3-8aad-da2095048822
94300b24-53bf-4b18-95eb-9f7a6139c87d,AmEx,1d118a4b-1d81-449b-8349-baa9ef8ff734
4030de4f-90f9-450a-aca7-932b9db4bdb7,MC,2d1e9c4f-486a-4f9f-a03b-aa9b982b74be
7bd854e1-2978-4d35-b3cd-16880ef63b5a,VISA,31e8e770-3a36-40b3-bb8a-8c53dd6adee3
ee30a48a-cf91-48d4-b084-4243f4bb6cca,VISA,12675922-a634-4186-bd13-37896b3fa8ec
2d619992-5206-4f08-b064-906cca0fbb87,AmEx,3c15f798-0bd5-41ab-9ad5-723eb9d1f73a
e2012af8-be4f-4491-959e-6a13e699fc4e,VISA,107be014-4d76-4063-bf9e-c22b799e8272
f38f0970-4a2b-4755-bc8d-ce42892772d4,VISA,2756f390-63c6-4e4e-8e90-1f9dc27f0f4a
5bfbfed2-26fe-4796-ac98-34b8d9d59dca,AmEx,95d82b05-2589-4ab2-a66e-19ab40ebb037
db608e3f-05c1-443f-862b-0216cdb95261,AmEx,aefb727f-bfb6-4f86-86fb-5b9f6f6e1800
7a97db2d-7953-4f9f-9473-ad8444755958,Discover,867db831-478e-4c27-b024-2635fd83ae0e
74b4526b-e1fa-4180-b12e-45cdcdf83434,MC,f8abe70a-bd7a-4ac9-a3af-071b63d12478
e3590a33-105d-49bc-8d13-0e0274a11ade,AmEx,a980ff81-0ef3-4cff-b8ee-ad5ed1bc86a2
952422cf-e419-446c-b0c0-c60ac16694c4,VISA,cdf34d20-9171-448f-a74e-26e0cd928314
15587ecc-b048-4377-9ffe-a0bfe6c460a1,Discover,bf55db9d-3096-4947-9d60-3a1ac494081d
f5fbf621-c5f9-4169-b645-8f8065a46db1,PayPal,1244488c-f3b7-4a5a-a803-62cad5f197d5
4f4f7ffd-615e-45f5-ab3f-ea99cbc40fad,MC,83a0afaf-5ff7-444e-b455-f0cddc50c96d
8cf9c754-110b-4a0b-a3e6-69ebeb9dee3f,PayPal,93e7f47a-b05c-420d-baa5-0c558e553803
f807f98d-9fb1-4cf2-84d6-23312669b711,VISA,5a79ffcd-68aa-42cf-ae74-c8bfcb041ed6
f54b7294-9ded-4a5c-915a-521a31138479,AmEx,49c25548-8b4d-444e-944e-7f5e29712caf
eec6cfdc-026e-4861-ab15-3711c996751c,MC,2af4c78c-95fc-414a-87b6-f1dc3e7b89f0
9543f4b3-8c03-48d7-ba51-0e69d63eec00,MC,961d78ef-713a-4653-bdd9-2d28eb89c877
dcb92fd1-dd5c-4e79-88ca-85fe9175ba5e,Discover,a6d70ba9-8faf-424d-969e-86b435fdba10
7dff0e92-5138-407f-a809-d10084992577,MC,fadd3528-0c0a-4e88-aba8-0f84f3648a59
8baab6f9-72a1-492a-b9e3-65f539c3af59,VISA,75ccbfdf-9286-4838-85c7-f9c36a391bbe
c8a70886-540a-4c94-8664-92358c633ecb,VISA,0207eb40-d041-4b9b-8ef4-5b30f9e93baf
edbcf14d-01a4-45a8-bb4d-0a335459960a,VISA,f10486d9-a325-41ed-a020-1ca84f1f58aa
5b25ec03-7ce1-47f3-b522-7dd7ee7d60b7,VISA,d051de3c-b9ae-4235-8546-1c8a3901d347
02c91540-1313-4f99-901e-1b8c819702f4,MC,bf57dcd7-f869-437d-894a-d46ca783fbe1
699d2427-6a29-4985-840c-0081c80fd6f2,MC,3d259edc-ea3e-4361-aa65-368ddf6f4a41
fea9f6e5-6d0c-402b-b7f3-2a8beebd8614,MC,2137017c-dab9-4e1b-9ea8-fd45b54fe5d9
add38b13-45c5-495c-a432-b323c1c088ef,MC,8fd8d2be-f107-499b-8ce0-62ad34e782ce
e1274d55-e816-4272-bc2c-5219ee5ad343,VISA,bd41b25c-39b4-4b26-a885-fcf0b20e41da
24aefd02-37f1-46cc-a51c-255076c34df2,VISA,45d040e2-5b20-486c-8471-8fd7252da485
c8fc71df-7115-4aeb-b096-cff2d44aa186,VISA,d4c7171e-ba07-43e2-a94d-35d32120c686
b9589bd1-8d77-4740-9e8f-433e9c6ec237,PayPal,b9d7b646-c358-4a6d-a380-77b8eb22081e
a89323fe-52e2-4d73-98a6-a2fa174ae223,MC,ebda31bb-accf-45b9-b2d1-ddc3803a4abf
ded582c9-4a47-45a2-adae-8efe334a8506,VISA,2b83adc3-7b97-4c6d-999d-19a875b3b80a
3c4063c4-8e5b-411f-b0a6-aec13bb775ef,MC,b57e1146-8142-45da-8ecb-8e025ecc4e48
516f65df-6167-4872-9323-3d6c8bfa24e4,PayPal,de72aa78-7a6b-47af-ab5d-eb5e26992d71
e96638e2-1651-4e6b-9298-9ca42657dff7,MC,9b91f720-f2b9-4d0d-9052-cef3ae917fd2
247062ce-8301-4ad8-b2c7-68384f6de64f,PayPal,e112b390-ef01-432c-a84a-4e49125eef1c
44ce6f5b-089a-4b6c-b9fd-ef5fa5a89c2b,MC,cfc59ce0-d893-4434-a493-c2fe6ce48cc3
f440066b-c612-44b5-af75-e207eaa350a7,MC,79a7f7d2-6bcb-4b92-a276-24272a46ba0a
9eea3023-86b3-4712-a576-a09fc8ce68d9,Discover,d7f22b18-7ff3-4c2d-9b60-11616020207f
049b2a4a-7676-4ae6-909e-14bc9754e988,MC,7fec4eef-66d5-4442-b1fe-0326c76312e4
d1daa19c-59a5-45f2-a46a-d55fd9d64559,MC,0dbc2a7a-9ec3-40e7-b4c4-8958a66ee73d
b665796f-41c8-4fd4-b1d8-cd17cc6ae28f,VISA,bf25eb91-d95f-40f0-8209-de7c06b197bf
f126788b-290f-41b4-ad7c-6123f791bbb7,AmEx,752bf53e-bef4-43bb-8966-27c9bc7303b5
dadcdbef-770c-4c45-8b84-414d76fc7772,VISA,1845a271-270d-4315-857d-fffc34712f68
cdeb6cb2-a347-4d45-8296-5ee252c77192,AmEx,b8e04c2a-27e4-4935-8254-bfcd6515e025
6b875ecb-e0c9-4af5-a851-5103748b81a9,VISA,2e71cdb6-0d56-4f43-b059-3a6c3cf73ed9
32785e76-0ef0-4e96-9bd7-1a4d1cde431e,MC,949e1a4f-fdd6-4646-8d3c-78789b42699d
401f653b-c804-44c7-9fc2-ec6aa55cc9d1,VISA,d57c6393-b11b-4e3f-bda7-5bc2726604bf
147266c9-8c71-4df2-8f04-9224b1332187,AmEx,e096d1af-d96a-4984-91a4-9cd00df528af
de60ddd9-0663-455f-8ec1-221e87ceaa65,VISA,3bdd9076-7c9a-431e-a008-e5f5a4b1f6fc
74c0e18b-0f97-4dbc-8e01-f37d2de9ffcf,VISA,fc391940-f1d7-47c5-b7d8-df644e764aa2
c486663e-49a8-4fef-894c-2cfaf919d734,VISA,0ef0ef8f-9c27-488a-9a4d-bc9643c8ca74
06313bf7-3547-4f48-8738-8ab59714b969,AmEx,35b27c95-09ac-4bed-9b11-f72d96a4331b
878f5689-f0e1-42b8-b641-d69a5a9ee502,PayPal,917b01b5-6555-4144-83d2-9cdf47e21d24
5117c1c1-3510-40a5-90e3-2787174561e4,MC,a1c04cee-57fb-4e13-8129-e8f35729fede
175fec57-7340-42f7-a83a-864bc9d62db6,VISA,598f3835-2042-4c58-983e-1bf663b9d0a1
93075c24-b068-42fc-9900-51f367b6770f,PayPal,caaedfed-03cb-4031-9490-86390fb736a8
71b00c0c-665e-4606-b9f7-0d4699421629,PayPal,8258c79a-489d-492c-ad0a-b330f8a75f5f
93f03319-e8a4-4c38-8849-40ab4e62f037,VISA,a92aaa55-4857-4305-98a1-50bb02b532e2
a3951563-620e-4704-a3fe-a8a82ff7f1b8,VISA,033fc4ce-32b0-48ef-a152-3ace2d180ee3
110b4c2a-ac0f-4075-91a4-3d0f237e77af,AmEx,0e89c18d-3c4f-4571-9a02-c369f6095caa
7f9a1dfd-48fb-4d7c-9af8-86f9c5661de9,VISA,7c7a87a4-2216-4cc6-a9be-5c64cbef3505
00b7ed7d-dd31-4ac3-a73b-5bfd218536a0,MC,a7293bf2-7efc-460c-be70-eee20ff0511a
4b2fce93-736b-43b1-b4ac-b2678bf22c34,Discover,4f98b463-2448-45c7-9021-6fd566b29024
67842a87-b1b1-481a-8c20-4f11bd83d66d,AmEx,f46ce821-0648-469d-a4ae-7b5dce17d5e9
756f0c89-c8b8-45de-b818-312ac40c7e3c,VISA,24490a89-9e9b-4650-b1ba-93e6e3f993ce
fee0a9de-5551-4252-83e6-aad16b1d6ba7,VISA,e0251b72-9c5f-4123-a3da-657206cd95a3
bea6294c-b455-4b84-be2e-ecd91b1f919d,MC,6b206bb8-5668-4b79-84ae-b148d14f5801
9a40a53f-4c5f-44da-8ba9-1eb5e3ecb9d6,VISA,64d98fa9-efcb-49c5-99c7-a54b6eb40866
64cfc1ed-e807-441d-8b52-a2818d169805,MC,c8a38726-3474-445a-8ed7-e8bd20ed6bda
cd593fcd-0a7d-40c2-81ff-86f3bbbd7d74,PayPal,3f8b1ecd-953a-4d3d-954f-3c732ba590b2
49766eee-add0-4720-a130-bcac0b2c7389,VISA,52370cfe-4581-47e2-bfc4-3d48fa372d30
e4601324-00b6-4cfe-a3a3-824664fce32b,MC,da15119b-3f99-4074-b798-459f0d9ffd80
b5d092ca-0247-4193-9a88-dc6150c28598,MC,83123c5c-e213-4828-9ef8-7530321bad3f
d462c77a-47bf-4883-ab17-f2b38027dab8,VISA,26edacda-4914-4c4a-a509-85834d7123ed
f8cc5739-f14f-48b1-a30c-1967d063486f,PayPal,14191624-0668-4305-940b-9236b676c694
95cb10f3-0e88-49dd-a757-fabc48cbf151,VISA,7c6e748d-c377-4fa4-a890-ae7c85ff3fe5
8158e8cf-6321-4c38-805c-e26bc13ef541,VISA,43d781d3-4c18-4916-bdca-bb7b4d72cb18
6636c3d3-be93-4eb8-9745-17244221a033,AmEx,a50d6779-65da-45ed-8991-d17ddfb5b77a
411cc534-d4e5-428a-a7ef-636924cb3e06,Discover,a892c2d1-0953-4660-82bd-187749d5d4cc
882e7200-d521-4741-9e02-6d3a2fe162e2,MC,75e20f4e-a315-442a-ad8b-76a0a6bc853f
e2350a98-f673-4d9d-9804-0fc05797fd67,MC,9d607c9c-edf8-4ddc-8381-496b2efa62cb
2acafef7-c937-4022-8b49-6dd99f0acb33,VISA,70ada2b0-94be-4ca6-98b1-af810cf72dcc
2263dff5-21f0-453b-b3f3-ce221b485c6a,VISA,ce1413bb-bf9f-4dab-ba16-f6c241ce9f01
1d0e25cc-f15f-4726-af61-f8604f16c855,Discover,66bf9551-f56b-44c6-bef6-978d2c4f6ea3
23c4b4ba-367e-456e-8c57-bc2db7b68f76,Discover,75117524-e417-4ced-8b9b-fe1351acfe23
483fb44a-2a48-48fb-a9fc-4d2066337c46,MC,70f79c2a-70d1-47fa-9f00-2ba8d25b7da1
0a2a4dc8-11c9-4f68-b3a4-0b895493baf3,VISA,1d450273-b111-4554-ab9f-e94d9eb2a7f6
6e9a1c1a-e7cd-4dd8-adda-ed0ec729e870,MC,1507b3f6-e173-43bb-940f-934a50e813e5
b96028c7-9f39-4cec-a0c9-c1c454f4d092,MC,ab49051e-914c-4b2a-93d0-2a3740d4ef39
0ace5e0b-40a2-4023-9853-63bab8205ae4,AmEx,0bd31310-70ef-492b-8b9f-345f9089b129
73b156f3-cbf0-4119-ae44-d57962605e46,MC,c9b9053a-109d-4b32-a590-43fa3822ff70
3c110157-29cd-4bdd-bb9a-d90e214a5694,Discover,b1678014-bbe5-4407-9bfe-c84664727538
0b7fa2a4-61aa-4d5b-a8f8-29f01f809558,VISA,2d11d23b-5b00-4470-9b4a-77f7bda670a1
fbcd0c08-f0d4-4d86-8f22-c7f3c1aa20ec,VISA,f8532c39-e3bf-46db-a6b9-8725f7ab6063
8245d5fa-89e1-4201-81e7-e3565a99a9f2,VISA,b8151afe-7417-4289-a51e-1c5740bd9c07
05a0d4fa-4bdc-4bdf-8568-71833a4af7c3,AmEx,b415b43a-9c8a-4370-a1c6-856fb1872711
e624af6f-9d0b-4acd-a25d-8e6364297269,VISA,d7f92f13-42b8-488f-b811-ae1a15ad61f5
515e8af0-1b42-4cea-9f64-c3f9ed3b3dab,PayPal,148cb950-feb2-4a70-87b9-163e87d6ae0a
ce99edf3-84a3-4ea7-9542-6493769d5d36,VISA,d3f605b4-6334-403a-b389-7b17d5a9cbdf
a5e7a359-9dba-4eed-8416-6400a017ad18,VISA,7efb8ec0-12ae-4c57-a828-4f9d862f016f
e489cb11-e3ad-4e5b-b4c4-fa0fa8008d91,VISA,d4c88a8a-0ab2-4677-8ffa-b14ecaf0c5c1
04fb2e4b-a943-4f22-ae00-ffe97fe5229e,Discover,df2c6eb6-0e61-4275-8746-109f8d17d87b
3d674eb6-03d7-4ba2-910d-35af69fc541e,Discover,7d775e73-ebf6-44d9-ab59-3387fe77ba55
7e85dbb6-4bc1-474f-8b60-f13b1f0cc9da,VISA,15a5f182-69a0-467c-abf1-b6c7cef66b3c
4e01d759-0bf3-4af8-a3be-df33d8d6b4e1,MC,51002d09-9ecb-4929-8cb4-f1c79075b141
13488b62-8584-4f0b-8600-9e9e9b4fb513,VISA,10f3fb68-2b20-40bb-ab81-a25ea1f2cc1b
200629e0-5692-44f8-9875-79111410d4bd,MC,590a3c8e-b80e-4fd2-bc4d-81da1f894f7d
6f433e53-78c0-43bb-ac52-d2fb6d9d035e,VISA,a22cf492-b5b9-46d8-9f28-e305946d7790
ef74629d-5f4d-4d79-b61d-fc97266c5da2,MC,c7131026-e285-4417-b201-abee5a30b6d3
96ed5df8-6291-4b6d-81c1-65d79c01b250,MC,2b612ff1-7819-4b0a-90d8-622d991ce035
21f85729-9f04-422b-a0c6-b17c279aff69,VISA,a048248a-b46f-417b-b614-26a9fcab9541
1a9c77b6-fe9e-492b-a3c9-6c8e4d42840e,MC,2572bdfb-ba1f-4ad7-a6b8-6ef375c72cee
54fe3305-cf4c-4b8d-8e2e-5a77ad226399,VISA,6353c675-7a18-45c1-a3bb-7e1b9374c548
4772e980-172f-48f5-bfc0-9269a465a3fb,VISA,1a3d13d6-2859-49d1-81be-a5932f26719c
49939d4e-8f66-4a50-9c3a-af6352313d7b,VISA,9be40616-17ec-4452-b3bc-75e18e5a8b7b
01a81df3-07c6-4317-b2a6-360100fab20d,AmEx,e849f622-5ae7-48bc-b527-11f6c47c48f3
c0fa37a2-42c9-446c-bbd4-8c707ef8b2b7,VISA,b35bcf9c-0849-449f-b624-e22fa7eac27b
f766a19d-abed-4509-8565-061907b2ce58,VISA,97a38441-85c5-40e0-ae39-f42ad446c063
bbb6dc49-01be-46df-93bd-60003606d552,VISA,4b24fc2f-ae3a-47c5-9b41-5d5e5c1bfdee
437f2997-9b19-4c90-91a0-e663981c8a8a,MC,017d646f-b657-46e8-8b7b-5ee86dfebdb9
24ebccaf-e657-48b4-99fb-750245597f91,VISA,a56c6757-bded-420d-847b-b8ad8f15eedd
f97be220-9ecf-4830-aba6-9c00c803f027,MC,9029ac65-cdf7-4e3e-8224-7535f63d71ce
53752beb-3530-4277-84d8-3943aab452a9,MC,288f850f-4c4b-4099-aa19-d3fcd812e97b
0384c012-984f-4431-9779-5b468ee30c5b,MC,0c5c3a35-e59d-4d99-ad48-0964d605afc3
864771b7-e50b-4c75-9879-6f037187e081,VISA,3829cdf0-b267-4d06-b3cc-857a72cb8170
432d4496-775b-472f-a927-c1c7624170fe,MC,5183af8f-b745-4f31-9ee6-88b55bd6d4b4
91aaee0a-e29b-46d2-8bdc-a45434618d2d,VISA,8784ebb6-9570-490d-9cd0-69d73f6de4ab
1a7cd9b3-9711-40dd-af41-3f5cfac0fb98,MC,ea375754-8e9b-4341-b66d-3e6d0e0f054b
aaf9f0b0-7413-48ce-94dd-7a423bc6c541,MC,db999bff-0931-47cf-8de9-b0b9c6442ac0
65611356-045b-4f84-83a5-e987530fe583,AmEx,c842906d-f34e-4c24-8612-4bb4a3f61cf3
ef9d6669-9613-4236-9272-b69de6a2f898,AmEx,d2cfccd1-8335-4f5a-88a0-00e3710887a9
6dba494e-0877-464c-a818-ab991b593c71,PayPal,15a30c76-7bac-40bb-a2f0-388349dbcbcf
bea03ec9-95da-4122-8056-78f8da100798,VISA,74b468d6-bd83-4ed5-a764-bd5286716dba
3ffa1cd8-6d9a-4c2b-b78d-6ac544987659,VISA,ceab47fa-ebe2-47ae-8d15-f7373bd1abcc
39536778-8315-422a-a259-9fefe300e15d,VISA,2db946ee-d671-4403-834a-bb227316fecb
886a586d-c7af-4826-978b-f845f892ef51,AmEx,ac701f75-98b7-4a67-ae3d-5da155e21950
97fc351e-6078-43db-baa1-c5a2b3083278,VISA,5653abcf-ec92-4a0b-89ff-21d0d4950d26
d3982ed3-9f72-41b7-b889-b71c251a741b,MC,9dc740ce-3f58-4c04-b87e-e45af6784e65
4b9775e1-9c7f-46ed-a4f6-2df42645696b,AmEx,a75f9ee1-5f8b-401a-966a-78544ae955a9
17a8b949-3d25-4ccb-b731-47d9e44ccd69,VISA,8b4a4cf6-7fb4-4502-8964-2c7c8d8e809e
3bb5e742-2d5f-499f-9290-21e81b055a02,AmEx,db67cafa-1f1c-4bac-88f5-3f3671541f89
739e70a6-696d-4151-bf8c-07053721ef20,VISA,2ee821bd-234e-4244-ac9b-ce0544869f9b
8fb536b3-b060-4286-ac9e-a9cfbc13e18d,MC,407eb117-eba1-49cf-b7ae-529deb6da8f4
29699cce-c38e-457d-be00-0fbbc0ffafca,AmEx,d11ee747-fb02-41e1-956f-4768ac71ec5a
13f4d20d-b05b-4be7-aa19-3292a0d6ad97,PayPal,bbe13c8e-983b-496e-b21f-9744e73f275e
7c970ffb-d479-4ed2-a6ec-0d41c389f228,PayPal,179df144-5e04-4f33-898d-ee545f3c76e5
140a7037-564f-462f-a1ab-6eb23d0f2e12,VISA,4aac54de-0837-4e4e-bb0f-8b3456e34181
737664fa-1f4e-460b-bab7-975359c755b2,MC,9078eb7a-fbef-4680-9328-b0ffe20f179e
8a02d3f0-764f-4b15-bba3-6b5df90b826a,Discover,1c7ba8d9-9368-4bbb-8112-191c3f1dff39
d427f1b6-8e54-478c-bdca-621e65622cb3,PayPal,1d64e7ab-acb9-48b9-a525-cef910f8b323
45f4b2f2-46b9-42e4-9d49-0bc241d85b58,VISA,2a00132e-a089-4063-8b1f-2c42f8185848
6c3456eb-e74e-4267-8215-c9a875e0c69d,VISA,0a634a36-a6a6-475f-b4a4-35d30e1ec449
8fbb0de4-a375-43fb-b4ee-48450d31c1a8,MC,6adcfd05-f979-4693-8b9d-13fb5961ea41
1c786a76-96dc-427f-856f-67ef14efc92e,PayPal,034cc4b7-caa0-4a9c-af59-c7baa5a4ac33
b18d7e02-d153-4a26-bdbd-d4d264db1427,VISA,b68a0cb2-699f-4a00-95a7-b4228bcfcf0a
3eee6561-8ba9-4fa9-869e-f87bd2257ac5,Discover,24070c1b-cfc3-4da1-887c-cff416922ca7
08fb2612-9acb-4cee-b0c4-14ba9104677e,MC,489d86c1-0040-4787-8b69-6cc4b7e3bc6f
bd5d5e7f-a372-4373-bd82-b347f866234c,Discover,1dff10e6-2c5b-4b8f-90bd-7c4deb3a4677
d12e1877-7d2e-4e63-adb4-974d1421863b,VISA,a2fe2c10-e5a9-4ea5-ad7b-00c9da999be1
54bbcad4-0ab4-4819-9e47-512702f69492,VISA,b957760d-5e4b-4c0b-bdc0-f883cc4e7ba0
a21d4454-962f-4f49-8206-877b5399b115,MC,df527d10-8c63-4fa8-8fcd-8605a41bedb8
28c6692d-02ee-4e66-b014-58af2af070ce,Discover,a32294c0-7ebb-469e-afa1-66d7ea9d5090
13e0ebab-acbc-4324-b9de-5833100d3bf0,VISA,8c0af1e4-7b63-4b48-9e34-9f583366550e
5e9b979a-0388-420e-8cbb-de9f891e0902,VISA,8c395359-7e74-4328-8aa4-29eab931a4db
5269b6f6-929d-4532-86d5-3d6b6ce33a6e,MC,296df81b-1a8f-40dc-90c4-c198a9db1c60
49e6ef7d-d57e-4b80-9cc8-714f0b54dc1a,VISA,179d6469-b609-49be-a763-54c39cc1682c
f9b8a03b-fedf-43d2-9a24-0beac2733cdb,VISA,03876a42-5602-40c9-8340-c3ea899f031e
75cf48d9-5b4c-4ce5-93aa-c141d4cbebb7,MC,f87291be-517e-479a-a77f-f5071ae5ac9f
5e45d851-9229-48ea-a8cf-74b9804db033,VISA,1de577c3-687c-494c-aff4-853fef9ac056
5c5b8a61-f346-481b-b07f-2bb890b62d60,PayPal,44459884-7504-4b59-b644-b4beeb3cb491
cdd30e46-4841-41b5-a3d0-286311ffc0e3,MC,5deb1acd-cd25-46f0-8036-f5c246546550
79209527-6243-4561-8edd-8f194f6b4d8e,MC,ac2998ec-95da-45c0-964f-b61751cbaf35
fea8e25d-a74b-4f5c-8338-977a52c3c9fc,MC,3ddddd38-416b-4604-abe9-4722cca4d727
def3abe3-98c4-4800-b722-6a91251993a0,PayPal,0a9100f8-33f1-4d08-83a7-e7352dba447e
15dd2572-ceca-42c8-95b7-0afd8f3cc4e6,AmEx,edf1e8e4-cfd9-47e5-80ad-61a165410b85
86305648-1005-49d9-922b-eff44eb763c6,VISA,b80c363e-4e95-46d6-abae-b094e0533fdd
06e97be9-2d09-464b-955f-718ec3592170,Discover,bce6d54e-ce67-444a-857a-656488ff980c
ca8b0b14-fd42-4f54-81d5-7dfa7ce33417,AmEx,6e10b84e-2329-413c-8219-c9e48dde75d6
beb013e6-ec67-48d6-854a-27fbfc23014d,VISA,8885e6f6-63ed-43e7-a882-50558ec8c15d
027640ba-e451-42f2-8cc2-410279ce084c,AmEx,3167c97f-d7ae-4742-8237-76c415105eae
308f3b24-d8b4-4fd3-bb9f-0ec22d4c98e4,AmEx,d945d325-ae33-4a5d-851e-b1a34de040bf
724dde09-3ba8-4200-8ab9-af4c0813a07f,VISA,20472c90-3bb7-41be-91c6-801f17dcd419
6717000e-7b1f-49b7-a27c-d63b28d69c1d,Discover,e01b9213-ef44-4bdd-95a6-4e3e8f54e8be
8b5969c8-05ac-4d18-a99b-7a25bc7a70a5,MC,f2111840-e9ef-4609-ab6a-b78c99e2f9f7
173291a1-30a8-4af4-b843-f95afdbafa42,PayPal,1c6d9028-1479-4903-9996-e79f6adf6071
0bd91165-58f3-4a23-a41d-8394f11b7280,Discover,1ddb0f05-252e-4059-8c10-48397a19fa42
6c3f1892-019e-435f-a879-c2b3e815a65b,MC,185b7d08-81f6-4093-bcf9-a4e61a778146
63a1b6f8-4495-42af-86a9-206585885996,VISA,be56620a-3ac2-41cd-8868-30549687c5fd
b79a5004-6358-4d9e-8c4d-3d8df1fb331c,VISA,95a40189-9af2-48ad-a0d2-1fd366934cfe
f05d7a25-9634-4946-a8a8-23db7e0d5fb1,VISA,173c3a78-fe9f-4da7-8354-77aea4bc92bd
cba45795-dd41-415b-9332-7cbacea1f140,MC,cc8fa8e7-271b-49cb-87b0-477aa8bee711
17509256-3dfa-4da6-a83a-f1972e360705,MC,4a0a1921-0457-4c62-9942-985cd9e82270
2b4e21f1-9084-4b62-b030-d355923100fa,MC,2b14f72d-578a-4abd-bd56-c908239133cc
bad01671-16d9-45c7-9995-618f88355ef9,MC,7563e9d8-b446-4700-a296-8657c64c01ba
6c840abf-dc0d-4a5e-9c3c-a1233e6d2dd7,AmEx,74590cb8-c6ee-4f51-9059-000f72b8849d
4c546248-363e-461c-9268-25cbbaf27641,VISA,0bc55fa6-ae94-41b3-8d1d-6ee279647f7c
f6065c66-26a8-4849-8454-316f9e3776f7,PayPal,0e6c9ae3-52d1-44cc-a29f-ce37c9314dd3
87751ee3-44a1-427a-ba91-15868b3747fb,VISA,a7fec01b-c3c9-45fc-b9db-a6cb9e4b385d
1b308494-5845-4394-ab2d-d2ae015eafee,VISA,1c3e983e-a675-4ffd-917a-2a25be0b8742
bf6963c7-1b22-498d-a809-555d3ca40875,MC,0b6cf439-96d8-40b1-877b-a7100a25a20d
f9ffc78a-4868-40ad-a95a-6495420758e0,VISA,fc43cf97-cde5-400f-8111-49301a55e8b0
8f68c463-d227-4c72-829e-b140720e0372,VISA,07eff422-ede8-49c6-9057-a9dd38492282
e901d4ed-48e1-4942-bdb4-1dfd9e20a52f,VISA,aa8ab6d3-8b1d-476e-939d-c5d595aad32b
2bae6f28-c00a-4385-b43c-3d97ed6fd40f,VISA,d445ee52-66c4-403f-b349-304be217f98f
69598bb4-124f-4d99-949b-e10884cede15,MC,cb7c3c48-f53a-408f-90c5-8e982d62d28d
16ed32c8-af29-40e1-8710-ed7cb2ed4241,VISA,f3464cff-1cb0-421f-ae8a-1a539e0a0d00
8a42bb7d-6975-44a8-9089-39e5c95a80a4,MC,09dd53f8-ec51-44ed-8982-5ebcb4a8f505
4fdb65a2-20ed-46e2-b004-92af621fd664,VISA,d147191a-3676-4941-9e4e-cadb55de6173
cf8f02b2-58b5-4e13-b8fc-c8349337e570,MC,dacef9e6-cf85-49bd-bb2f-daad49d82724
c1e9bdbc-1809-4689-8c70-c46554e39d7a,MC,33fc0695-152d-4047-bc79-6276f7e300c3
92c8e8b8-b5a5-461e-b456-1fb40eae16ff,AmEx,1539c0a9-7893-496b-8531-088f95686bdb
2b80b8d2-bd74-431e-bdab-5e84932421a8,PayPal,977cf2ae-679c-41fe-917a-55eab6fdfc4b
04b12e95-4454-4311-ba88-bdd7139bdc7e,MC,8122ccc3-9330-4f3c-bfe2-db86e09aec3c
c5acca0c-5b39-4918-80eb-d39ee8299909,PayPal,b7f3e423-cae2-437f-b639-7423b27325fd
b571d23f-5f82-4c8b-a03d-2bfdad988da1,VISA,8ea72bd3-7a6a-4581-8f63-ef4f6a8baee6
f8ef863f-99bb-4f57-9c77-bb197c57e8c8,VISA,4b72d82c-fd47-4201-9368-c7e84e96a875
cd6c7e06-8bfd-4ccc-aab2-b85dfb90c5fb,MC,8b7e95fe-640b-4d8e-afa1-2dd82b4a1080
3f606e5f-7a8f-4949-9b94-6bc21cc2b43c,Discover,eda4e550-05e8-4d68-83e8-2b4d0a7c0454
94f5a430-4633-4425-87e4-b4c6a27b3e8f,AmEx,0cc3094d-425a-4509-8e0c-40a3a6f3e877
a10ddfef-03bc-4080-a8a6-8597888f0655,PayPal,a1fc571e-83c1-4b89-91ef-61bad554e980
c3a0abea-5501-491a-bfde-29c34eff4d2c,MC,b9ebcd97-6acd-47ee-9ccf-fc3da0d535df
e925631f-4e07-4f1b-ab6e-c714261a2005,VISA,4fcc434a-964b-4462-97f5-d509d4cfdeee
3e82b45b-2534-4aa0-87af-5add6b4ff641,MC,467f95ba-b61a-4adc-a23f-ada61b2cefa4
156511f4-362c-4fde-b6d5-aeeea8726ba1,VISA,a45fd321-98f2-4bb0-a19c-ecee0821ab70
f5cdc15a-7e8f-4025-bd20-0eeeea373acd,VISA,760dfa9d-f1b7-44c2-b315-ade33b2b40bf
dca2e94c-b8de-4094-8885-9df5e936d7d6,VISA,faea451d-e994-4ac8-8c87-5dff4acce3a2
f5db52cd-ad56-4d5d-a69c-27ce1d87a599,MC,98eca014-3877-46bb-b8ba-0465e9355568
f8b88505-f682-4642-bcc7-1eb037fbbc0d,AmEx,11fc8e35-1b0b-427d-badc-4f7016a5189d
29cdd631-5c5d-47cd-bb6b-c6c340f488b5,Discover,65551bb5-5ce3-4503-ad04-a66e639277f7
b86ff3a2-a64e-4910-96dd-f2067cca8224,VISA,c78338e3-3e48-4d39-9026-065e0d3a32c7
e0577b25-36a7-4f09-bf87-1b792ba18edc,MC,c77856bb-1276-40ba-be5c-9d65ba844c93
b92942cf-b206-4ef8-a183-56dcede73b2d,PayPal,3fa809ec-0fc3-4059-a42e-5e8cd50c0da6
bff83b73-aacf-4d06-bc4f-0061ca5ba979,VISA,f99b7c55-335f-4325-b3aa-035c2cfdb22e
d5baccb9-8764-4e3c-a90d-dde3b2f5b865,MC,15b96ca3-5d4d-4211-a44a-f8eab3e472cc
f17683f6-35ba-4a53-9a9e-9e696b989b82,AmEx,670c9a96-6af0-4435-9bad-41ac32ddeb12
6cc98824-3ea3-40de-a60e-7b640a21da91,VISA,d487f444-6cbd-486b-9c71-7bf54a3df32d
2ab59456-67c9-4ac6-803e-450bb9e0e3b5,MC,57f6c066-a5fc-4c78-8429-b6d8382725b2
1a7443ec-8229-430a-9b94-18523ab38271,MC,24cb5463-ac49-43b7-b916-41d62fe0791b
a876cade-0205-40c2-b18f-1dc310cb532a,VISA,8732e138-71af-4b5b-a5e9-e0a789138d3e
e90e34ca-8404-4739-978c-704a446c4848,VISA,12d9118a-bcec-47d9-a32a-1ffac8072768
6ecbbc79-2c83-4b65-898a-4caba088d0ba,MC,f9d7cc3b-c257-49ae-a2e6-bdc0a5d35783
3647c664-e2b5-46e9-b9bc-20ee118c3518,MC,dbbfdc5c-b5c5-4bf7-a441-763152c0267b
8aaff2ee-d96b-4fea-89d4-a8c662ce9b53,MC,f15c62a7-712f-4bd2-908c-ebfc80e7f229
965a4ed1-1556-46ed-b478-2d00ced7729f,Discover,d211ac61-eb70-4540-856c-29d78610f77c
ca244347-89a1-401f-8402-f3c1c1d8abf1,MC,d880a286-e923-4804-9502-c0acc996c694
699b4763-6f54-4b2d-bae8-cfd998c76594,PayPal,6ac84254-6de7-4390-8c44-3220be9fd13c
44d3fd8e-8dd5-42e6-b5fb-d28aa1ef5234,Discover,94a3b85c-823e-4a8b-8892-16f38452befb
c59c15c4-3af0-421c-b9f3-0b7ece7521c4,PayPal,6df3503f-fe08-42ba-8cee-74de98747567
33e722ac-ee40-470c-9b45-138d87ff67db,VISA,bbb9b29d-9d5c-4f61-a0b0-f5d30fa13f41
8276e540-2289-4281-8240-822d3b9c435e,AmEx,a1e2fb57-3fb3-42d8-b648-6cd8398865c2
305f5af5-b6c4-4907-9223-f801d6978694,MC,a09942d0-46d1-42ee-ad9c-fda9ed17a305
cc63a1f8-02a6-4368-80da-fcd51cfcb0d7,VISA,0d82c9f7-ee9b-400e-b070-fe1a617767c5
4b34097a-808f-4ced-81a9-a0dd951012bd,VISA,036e1ad7-3442-4ece-a2ba-41e2bf192fe2
9db63cbb-01ff-46fc-b516-886d3c8c4a7a,VISA,06c831f2-b252-48cc-ba1b-f5c6cd711578
10188cfc-b899-4a32-b0f3-65d105e43f98,VISA,f26bb939-ab5c-4758-91f3-41a2675763f9
4a8dad4a-8e0c-4060-a183-9d2d8567e62e,VISA,3b47c4c7-394f-4e1c-a665-eeea7dcbc99c
c98310f1-165e-4f65-86e4-234a5d9407e8,PayPal,299b27c4-e975-421d-b646-9cf8e5b65ee1
fb8130a1-7f06-43a2-8287-50daec92001a,VISA,9371ef8a-f6e8-44f6-9868-40e683b0743e
885a51dd-100e-43d1-886c-cdf2b7a28152,VISA,37667e8b-e4b6-4a50-a14d-5b5c2b4d355f
063de9c2-22ce-4ac5-9807-50c770ca70bc,AmEx,ea84cc35-0ca6-4d99-a1ad-82cddb239394
40d3fe8d-c288-4373-bf7d-c317cdf7ff9b,VISA,24ce3f52-909e-4df6-8006-9e41bcd12564
fabf89a6-22ac-497e-a59b-ea9f3579e968,MC,8fba531f-3a41-487b-b7ff-d47a8fc2d660
0faf48ab-22ee-463a-8657-259a109e537c,AmEx,14c87532-5090-4ad8-bd83-fd2eca988f5a
1be55676-9027-43f7-8152-c5ea540a5621,MC,df92d91b-bdd9-4b03-9abe-fe4ac1256587
7fb7d770-be17-4fad-a36c-f2418323f9b1,AmEx,24a0a858-623e-4632-9383-0a1fded10e08
70bd5cca-5d0d-4ba3-8183-327c73169794,Discover,ea205d2a-6638-4d31-bee7-a917ae8e8e85
7a299839-6bc6-4876-98dd-2148cfef3808,VISA,aefeee95-ea9e-45d3-8afb-a75e7fb79cf8
a908c0ac-37ec-401d-8418-d6bcfbe1a9d2,VISA,47f012ab-a140-48fe-a96c-b26b28d1d9e3
9d58667f-8677-4d20-aaa6-a90eee312313,MC,6a1e4840-62a2-4310-8fa4-6e7adbe37232
57a15f81-5867-4eed-9098-8bdbbc0ff8ad,VISA,3c255a63-dfa0-4e7f-8ac2-04dba9dda4af
9fe13fc4-04eb-4a82-94b1-e813567d69dd,Discover,e5f0bd2d-f6cf-44b3-ab46-dfc0d9ac0f57
a80f3e1c-0b5d-46f5-a73d-512b9c130871,MC,578e9521-11d4-4fe2-82fa-52b2add83869
c7815157-3493-4987-bf58-fa31ec31c751,PayPal,a5ceb2bf-d3ce-4014-8348-0eda8d597b1f
c33133f5-0904-402c-be12-56d71bb246e3,MC,5f418316-9415-4a0a-abb4-a0923fb9d26e
0c920655-5616-4b88-8bd3-74741820cb54,MC,a61618c9-6781-479d-a50c-69b9dd42b8c8
13a65dfa-f92a-4760-a084-f0be46701fc8,VISA,f3f999b8-6423-4448-907e-febc119dcb2c
0732fd2c-5ecf-4621-9c80-07938e073241,PayPal,da137ddb-4945-41f9-b561-98a6f635c88e
29997449-9cab-4618-8248-80faeec6d0d0,VISA,693f2c86-a898-48c6-ae03-548ca5d35e10
adaa3387-6e79-45b1-aa15-2b7260e7ce70,MC,8304bdfd-32df-4c08-8656-6638b4d3637d
062059d1-a506-4b6b-a190-a871e374f7ab,VISA,f83f2840-9951-4aa7-a972-c71d0dd177bd
27914e38-a97f-4904-adce-5f188f296198,VISA,b1c1e584-b3c7-4628-9134-56f7fe534b6a
6ac60a33-26a0-4157-a742-46e299289472,MC,66f001c7-3060-4e36-b882-81f36d3531e7
6e94abd3-0f74-43dc-b550-b5b2cceed931,AmEx,ce1e0f7f-7874-4f13-a580-79061cf1eba9
3ff40f38-68b3-491a-a590-058603e59626,VISA,dd6628f9-7713-4cb3-bc56-6c881fa5f8b1
dbe0397d-421d-43f3-9005-2e3a06352456,VISA,1530660a-9b41-4cb7-8706-562a546e3850
227fb018-b68a-40dd-88a1-5a957ac9221f,MC,894c7de4-b77d-4cca-b442-2d0a21933773
d45962f1-f367-490e-bd7b-5f2888ddf063,MC,8e51b0c7-765f-46c6-855e-631f764edf93
930fc4cc-0137-4de0-9433-2c94ce995775,VISA,4dab95cc-0fe9-4011-8179-e5f0e27e4fb3
1c77c99a-6f25-4519-b016-e233e801933e,AmEx,6b9a22d7-669e-4c2c-9603-5eecd48c4de3
9f1ebffc-bc7f-4977-8d67-10d293bcae07,VISA,9e85303b-fe57-4c52-9551-50c6d6076502
0f9f7013-5c7b-400d-bdb1-e8d0b17dc94a,MC,c0f04699-69ad-4db6-9e22-f578199653e3
364f9384-a7d1-4e22-b405-463f79d3bba2,VISA,362715df-369b-437e-abb8-d807500a81d9
83cd1807-bbd8-444f-86dd-8efdc9af3a7f,MC,e86afbf0-b4d1-4117-a410-effa23b21019
1cd50f72-732b-4d49-9351-b48f58994eb5,VISA,b2b555d1-29b0-46bb-b81f-8ee761061a46
300ae39a-8728-4995-8bf0-31114937dfdb,VISA,c41f9cd0-e185-4f93-a29b-1d5f8cfe1ae0
f48fd16a-5b3b-45af-9ba3-58834c9451be,Discover,3da71cfb-5f9d-4a83-ae61-29ab526fcbb0
410b5601-34e7-4a9c-bd30-51c9bb4226ac,AmEx,6b8cb710-7fb1-461e-b987-381fa8b312f5
dd719cf0-89f5-4460-8a45-70e57baf4634,MC,e5872761-f183-45a1-96c3-13a7af0f259a
a52aec87-ce58-47ff-af2a-a16760426612,MC,f669e562-345e-4f5d-a3dc-81fa297ce6ca
e7a21e0f-a74c-482a-8112-8e89eaa42beb,MC,bfbce872-7120-4632-beec-c661a9fe278d
5e68f300-a479-4df0-9c58-fda31a6d7cba,AmEx,3178fb59-dadd-429b-bec0-f1ea06e1027f
9b37b4af-689e-4f08-8f0b-4530f6939b96,MC,fc424ea0-5ebf-4989-b39f-71c1ee6acb94
592b6c50-0a7d-4a8f-8fac-7d9383fc047b,MC,92215a98-23f0-4378-93aa-56ef23257182
f31b49ff-c60b-459b-a511-c14b37a6b129,PayPal,197a2b27-2b55-46e3-ae27-4b4e9ef3034c
69f2a880-0f2b-4a63-920e-7e1bdbd38427,MC,356a0e1c-b998-41ea-8ae6-08de461a5f2e
a7a3037e-f2bc-4502-b756-249d56813e90,VISA,3132179a-0574-4e57-bedf-48f103dae488
a1d9b52d-f6e1-4d16-be08-34840dde51fa,MC,00ef9606-5789-4b75-8f66-e8382d7dba9f
c1df6b54-f208-4f38-b75d-deccb5399209,VISA,52c2924a-0589-4b3f-a399-8e94c0433acc
0e2e48a0-3724-493d-9dc0-5d27e17fc5cf,VISA,cf87fb61-8243-4e41-b6b9-0594e64f8692
91bd6532-d3c7-42ef-b535-4783370cf100,AmEx,8c5559af-6511-4ad6-b29c-b100050faab5
ce8cc0ec-b15d-42a8-9c3c-c1cc06f9d9c3,MC,aff45dd3-99b3-4786-9629-5222697a09a7
f7d0eeb5-5f1d-43fe-9cab-c272711ac645,MC,7b7266e3-bd33-4c3e-810c-6dcab5f1ba64
503a94e0-ee24-4817-8e8a-4885e1a590e4,VISA,961f3f62-b8e4-4467-ae8b-a1d5f7c971f6
64ece85e-264f-4617-9ae0-7f4c11049b3c,VISA,c1c32c32-7cff-4b99-a40b-1d260f34942b
485ce362-2a7f-4998-b8e8-8fab8fcdce38,MC,f2c2d1e5-f4bb-4e24-a0dc-59367c140d92
632c0076-6f95-4fc5-b6c8-d1e03b5583cc,Discover,70c93864-65b0-431d-b7fe-5151dd86dd2c
7bafd9e5-1558-4574-b540-1a1d8053f6fe,VISA,861a933b-0529-4912-89a6-8e54efabc881
fd6010fb-1747-4e7d-b4fb-937162398c76,MC,161395f6-f78b-4d81-b3f7-c99fa830e413
67f37a52-a6b9-4d03-bdb2-62105ccb3226,MC,095623a9-99d5-4dc9-9f3c-824e9105ad7b
d5ce57ec-4185-4d2d-9b31-b9262dfe0f29,VISA,9491c4ec-e8fb-4dfb-a434-c7e9aa779bd9
bfc59663-d4a5-44d9-bbed-3e80b41bd670,Discover,650bd2d2-451e-427a-af4f-2f94c5f74139
37baa284-bffa-4a3f-9644-00f36c8e9564,AmEx,0e3ce75c-03ec-4700-8eb4-39048cc19fb3
c1994d6a-b1f9-4784-8f69-3da5f78f6ed9,MC,bcf85a7e-770e-4ece-9c80-d84439a6dbb7
15e36609-010f-4142-b5da-1eaa2da37c2f,AmEx,53e2b178-52a7-495b-9b71-fb81e4652b44
2503f694-0c6c-441e-a406-04c8ccd17110,VISA,2e1a7ef3-dd6d-44b6-9d46-6f661f789cc1
e4921de0-d62c-40c7-8e0c-c87e4fe3b68c,MC,7e16cdf3-2d9c-4d83-bb90-0fc5bcfe0ce2
e1e6cd94-489f-45d2-ac52-e1a5de5a3e4e,PayPal,309df25a-a547-4846-afe1-391b27851438
642cc38c-c07f-4cc7-82af-30ef377b46f1,VISA,0d106172-69b2-4739-abbc-8df2daf472bd
84ea4e99-1b5b-491a-8f1e-d99579ecadc2,VISA,49948bd0-8fd0-4608-bad6-60cfbefa256d
6db52734-16f2-4cf9-b8ba-b97272552895,MC,1722c9fe-847b-452c-ac7a-6e54baf4862e
cb77644b-aa43-4717-bb64-ef51499deb2a,PayPal,0aae4cf9-7ba2-4faa-abce-0a515a6ce510
f845c7ca-fa2c-4cba-9fe7-a211a6669509,Discover,5b8f630b-3e08-45db-a38b-88d7cd744ea6
f887dab1-01ea-4e2b-ade9-9911629a3aaa,VISA,37ca5487-0c47-41ea-9ed4-6487dcbf3559
3febe6cb-ab23-4a69-aac4-fc0ef1bad75a,AmEx,8b839d24-1b60-4579-b735-24c24ab95c78
d158a70a-e219-48bc-89ff-511d8cbce5e1,Discover,23ea427d-dfc9-4833-898d-d64c93046e24
b18f1fa8-f6e9-4096-b068-03b50e0cdced,AmEx,eb48b8c8-5937-49ce-bfac-b801a2b47099
d2312c41-1508-4d99-8bca-50b04a759d38,AmEx,39bed8c9-f528-402e-b792-7748763abea7
6b0821c5-8237-47ee-8e7b-3c4bafe16d9a,PayPal,020e050f-1334-4297-ab43-97cfcf57c895
43e202ec-db29-4992-a458-3a04d3aa465b,MC,e6d4d5c2-34a9-4de4-bd7a-27f62a87a55a
f1515ed3-a963-4fdc-8801-08add9f4aec3,PayPal,e26f9993-5266-44e3-a6a4-27cf2e2af3c4
0e8b4b4f-196e-45d8-86de-d6c514c87e3a,AmEx,f9f9052c-5ee6-4fdc-9c5f-2ffa674f94da
bd4049e5-15c1-4bc5-aa2b-d915d2752db3,VISA,739283b3-9f03-4d14-ace4-d810e247ecd8
3dd024c1-5878-40bf-a673-be8abe750ca5,AmEx,5a7eaa12-6d39-462c-8f7f-3e1c8802ce4a
18845a28-098e-487b-bfdf-30ff20a164db,MC,61eef0a5-004e-4351-be16-cd5d9b911a64
299cbd63-3d3b-49cd-b0c3-960605e8c92e,VISA,14dd2fda-39c3-4e9e-adb9-3a20085533e1
b7c5c0c4-21dc-4013-a0a4-497878cfae94,VISA,26447b22-6349-4d25-8e06-6a9890bde278
aec17532-2185-4fa8-93c7-a13d91db311f,PayPal,30df44d7-3e66-4fb7-80ba-31e3ef19be5b
ec66bbd8-34f1-42f5-ab7f-cdf547120873,PayPal,d5012ff9-c5eb-4e0d-aac1-a2f30166b4c5
5ed686e0-00b4-4c1b-9916-03807e8c5365,AmEx,a4dee5ac-f8d5-404e-96ee-f4975fad30b6
cc450ac4-2d65-4704-a8f8-0994194d1f35,Discover,8a70904f-17ea-4358-9a10-9f7d91fd5cbd
a3e67597-0b9b-4389-aaa0-10b7b44d6ab8,PayPal,840b2ab4-24bc-4d1d-aeef-20a5b644b858
620f9760-9533-4c77-a214-d91ad55d1136,VISA,addba004-8643-48f0-bd70-1be9b5424e6e
c0417978-f730-4ebf-b5c5-35968bc94138,AmEx,0247ddb9-2eb1-4603-b21d-93d4ea09e21b
e226db50-ac73-463a-9d5b-51a17582b600,AmEx,a4652e6a-8f0d-4cac-83ac-0c61a6d248aa
ffb80fa6-d0bc-44d3-8fa8-4b1108919264,MC,daffbcc6-96f7-4257-a9d6-d461d0fad9f5
fec7c14c-0658-404f-9209-783bd7322707,Discover,29b238b8-1241-4efc-bcc0-72593e8d9139
f2d5ffb8-901f-4e69-82df-fad733a06ea8,VISA,76728eef-5132-4175-ac11-7a2679c3a2d4
d55fa365-40bd-489e-8fac-991dc0174bff,AmEx,d504d29a-1265-4d61-8476-6c0b5ecc07e1
f12e02af-a781-47ab-aa5d-c1cd465e2c35,VISA,ac00f4d9-bb46-46e9-be9b-4b248752f5b6
f4c9ac07-6c40-4f7d-a734-126600565033,VISA,40bd4f2a-80a6-4f9d-9de2-09c28f64effb
d54358e9-c095-4115-9375-f57e8fe5f13b,PayPal,63a63f04-3117-4a21-87bc-8dfd244fc34e
28cc4971-52f5-48bb-b9ea-017d3a07e1e9,PayPal,10eb6bda-d08a-4d5d-8144-ffb1daba17c4
8c025c50-afda-4c6c-a9cc-f23c30bb4929,MC,c46874c0-ee0e-4ec5-8952-1921855e3c2e
b16fa31d-1b1c-4015-b4bf-54b4de3e30c1,MC,97842d61-3ffc-4d01-b359-6f8170e5bb3b
4974070f-069a-4a75-a1b5-358a7cbeb907,MC,fb3a3bd4-fb8e-4dfd-abdd-2e3f9bd779f7
a0b14231-ffe0-455e-8a09-52ed7de2de81,PayPal,efdac32e-746c-491e-aa0c-d5a180f59b5e
f9bc4845-2cda-46b9-8c79-f0303527df05,PayPal,7736abdd-74b0-4a7b-8958-12073cb786f2
87930e56-842b-4ff9-bbbe-ec953e188e0d,VISA,b3e80e0c-27c9-441f-841d-8bdf7bde0b27
ba94b28b-0490-4abd-98b3-976da73c5e48,MC,38794cf4-df4b-4234-b577-baaf1d78f335
74f3da3a-9189-4763-b838-17ab656581fa,Discover,492db30f-3562-4b77-894a-979bd741a6fd
6d7bbbd8-a913-47d8-9a36-6b0ca133e462,PayPal,e2436ec3-ffc0-490e-9136-0235ceefde41
84b87b83-0a99-4945-8173-e94241975aa1,Discover,22041308-01f4-496b-8137-0f0a7d5973a3
9ba10e2b-1c85-480d-b55b-33309c9247b4,AmEx,b1bc7a6d-4dbb-4efd-8600-9024a409e8bd
4cb2947a-8817-403c-a63d-201cab4429ad,VISA,d5cf45c6-0136-4cf2-a249-5165301eef68
370e72d8-469e-4c7f-af85-4d44195895b0,AmEx,1018aabf-3147-4cb5-a2df-8d54b5326eca
7e646745-de47-4b6c-8151-77bf87d86c57,PayPal,184567ee-8769-423b-8b7c-b36bfe4103ad
8a614464-4723-468e-b49d-25337f6d71f8,MC,01b7ed7f-e990-443b-b65d-b7a597a78777
6194b8d9-e68a-41b9-b96e-69bc7162eedd,VISA,62688434-bebc-4ce8-ba67-e07e1d550a28
e6ee9b90-c7ff-4708-a207-bc82410277d2,VISA,fe08afd4-d610-4da3-a4ae-4883c4c1c1c4
332b0272-bafa-4063-a2e9-1d9b61b32a0b,MC,2123f682-175a-46f6-9c8d-6f8b9321a98e
06d1dc47-a0b6-4204-8edc-de8e6b47bd96,VISA,33afb90d-7c1c-41d4-94be-d4e8c2e7ad56
37c7652f-5d73-4a7a-99eb-ffed71a55a43,VISA,e8297594-fa8f-4fff-87ae-91ffc19ddd71
01867842-3aac-4318-8cf3-c7c5b21c9331,VISA,d54731bd-15fd-4c2d-aa0c-d4ee4a63302e
255d9940-7e11-4c9f-a2d6-1bbca668e342,VISA,c4f5fbe0-27a8-4906-9abb-d55d9f41bfa8
1c774f55-971e-45a2-b0d6-1be1efb1bafa,PayPal,d253d4d5-90bd-448a-91b7-989f45a13c76
de0d150d-57b0-4fb6-9ae0-0986026e729a,MC,7c91636a-9f2c-4aa5-89d5-6ff05baaa946
489ff747-51e4-425d-905f-f93b1795eeb5,MC,f42fe377-861d-49bc-b40f-1dafdaefaec4
50bee1bc-4fdb-4142-868a-b99cf8f6ce57,PayPal,0375469a-8689-4977-9f02-b96dd454094e
c49ae9a5-ca3f-4f6e-a9e7-b31b8a16e09d,VISA,a1085ef2-23a2-48c4-aa78-2cfc10dc7f1b
7e8a2f8e-ccce-4194-ae6a-2a93a18d346c,VISA,a7123d30-4f31-46b7-957f-8398095558cb
e853a112-6c0a-45f8-8fe1-cc70548a3681,VISA,93f659c5-46e2-4789-826d-5e3f0088a980
c572a359-0361-49e2-8b72-48dfd4d73ded,VISA,3d7a9a06-f2aa-4cb3-bdff-907522155af9
14b9da39-6a59-4f1c-8832-65172d0563dd,AmEx,2e12a8b2-08a1-4353-91fd-388da5125a25
7170610e-84b5-4c51-af58-ca36acaef742,VISA,fa7f0010-0856-468d-a2a7-2eedf59589d3
d89c4fd9-baef-4b33-96c7-e93a7ea1be87,VISA,f8e21d99-d098-4ab0-997e-b6dee96163b9
a9024be3-8eef-416f-b042-b6620754c429,VISA,6227deac-054e-467f-87d3-5570d7fb6fb5
1d355d89-0f0b-4b0e-b474-f829ddb7f793,MC,0b5da887-1bc4-42f3-83b2-6ec3dd92f689
7038f89d-7014-4e31-b87c-60dcc945f24a,VISA,19e25559-afa0-4979-bb1e-8862d004a123
426f9052-dcc4-428b-b0d8-9931937ca648,Discover,4e2b8ef3-d3b9-45ce-a32f-7ddf1342c242
015cb364-8624-4d3b-a65c-0ba34169f8cd,Discover,766d1f74-705f-4163-817e-a94befd819ce
a43e8e23-ad12-4c40-bf1f-d908ef885fae,MC,3f1cd65e-575c-4465-9406-898256408b72
cb49797e-a56d-48e5-8138-0fa6ba68499d,VISA,91ca1ad3-78a2-49a2-bddf-9a0e2d71e42d
4c305c0b-0f12-4091-8a2e-7fbab0627bb0,VISA,17c4e416-f4fe-44f7-a29b-ed214af970f5
dda8c6df-ed2f-4027-a5e0-e68527dcc8e9,VISA,2150f127-0685-4a40-8226-53dc30b1ea6e
7ab37ab6-b6aa-4073-948b-40e88b03c340,MC,9eb035ca-1466-48d2-a20c-07cdce2983dc
2d3422f4-6059-4919-ab2e-63a6c13392fe,VISA,bbe450aa-b7a5-4efb-9bc4-d281689369e1
db3786d1-ad79-4e03-9e72-9d0867fa4f5c,MC,8bb089c0-45c3-4076-922b-3b70295b0147
34f43ab0-90c4-4027-bd56-5d6cf887ddec,Discover,89bf1ab9-adac-4f00-b87b-135f81141989
a36efe78-e02f-47d1-aa1b-c477750fa98f,Discover,2cf92687-f898-4460-84c2-0ca2fc9d8204
4f99db97-d04c-49d0-aac9-34d46a356dc0,MC,23a63c76-370b-40be-abe0-796994493565
85ab6106-7713-4460-b562-dc20740a912b,VISA,8ec0575c-edb7-4973-9d80-50e54cd81595
a0032884-2d87-459f-b7db-c961b0f40e54,MC,d2377296-a865-4833-854f-f7145e1aa4f5
84f3020d-6662-4fb1-8ec9-859c83ffc6c7,MC,e3477d21-5435-4255-a022-6d3b1c16298e
256df7df-5f2a-4582-92eb-e3f7c1747f18,PayPal,cb1c86ae-5443-418c-b8e8-7a01d8e2ec0a
6e1ee9c3-117d-4bc3-b16f-da4bb45f65f0,MC,22ab4aaf-8104-4db9-9c43-65d0f6dda579
b6909bfa-0fa3-4f64-a75c-1fb1c3b1571a,MC,ac1aa4d8-5d51-4fe1-af7d-6a90ecfe8606
a66a7b62-8799-4289-8665-697d89c022f1,MC,a665e1ec-ceb3-4325-8cac-d4857fafe69b
85ea1fe4-10c9-4616-b9f1-17c6de2b8c10,VISA,b884e95c-a069-48d4-beac-97c65e6ce56e
00086f0a-703e-484b-8c1f-7fa3e4389807,VISA,c6c79457-2f79-4dfd-be50-0fda282edfa5
f68c561e-0958-4aa7-8a18-c746210abe1f,VISA,8c3076f6-1af0-45c4-aefb-e5b3ccd4112c
407a9a08-7192-4994-892e-918603f0ddf3,VISA,50f9ee4b-ebdd-47f8-8b74-2cb4bb08d91c
26c24aba-93d5-4945-9d15-3c06f46c7b41,Discover,c5c4206a-6965-4804-8300-3717a54090c5
1a9c85fa-6c45-446c-87a8-377b5b77cde4,MC,58b931fc-788e-46bf-b12b-3a365f4f9125
acd16fad-0645-40fd-abc2-f8144b76363c,Discover,51f85df1-06d9-4205-896c-cf5a2b1455f1
502034b7-103f-428a-8b7f-ae3ee60f05cc,MC,19951c45-9215-4deb-a0bb-a2c1b043ef04
1de85927-5119-4909-a4ca-6de7acce9eee,PayPal,23c9ba5b-919a-4e6a-9da1-7b778d1414e5
92108a72-d44a-4791-9083-24787916fc99,MC,cf89ec93-626b-4bdb-8959-c4dac97ac9d2
6e3396c3-6c13-49c4-a47d-f73963716e1c,Discover,65613e3d-fc0b-487d-a3d4-8fb5c1de482d
7ade7a0f-e733-4b32-b986-1ad961b46433,VISA,569d1bb2-fc73-40d7-a9ad-bd991a97e2a2
907128c8-f642-46a9-b42b-3a22a2aad682,Discover,9e01b391-11ee-436e-a61c-1da3815f22ab
8b5b19ff-3ba9-4254-9288-386ae5066c8a,MC,e3aa864b-39ec-4307-bc36-4d6750b74cf0
d4359842-cc92-4b71-b4b7-6f0222bbfbd9,VISA,58621dce-0028-4879-8343-5ff830c63414
60471f62-94f1-42ab-b526-832b5bb3aefd,Discover,cace8af8-d479-4a9f-8743-1ee3c6e87534
0f577b38-20b0-44b7-b53b-acff3e3ec926,VISA,562f8907-1ba3-42eb-ab4c-f241693b125a
323470e2-89a0-448f-9e2f-993cf7fb49fa,AmEx,e1e1c998-4dfe-47c1-93b5-d3118efda31c
b2d2c920-ec7c-44a0-9578-76f1c851d47e,Discover,bfd8c89b-4a11-4454-827c-573a95515686
3f28bd0f-7cfa-414a-9c1b-6e96e8f380c3,VISA,7ec14ba9-2cf8-4ce5-af8a-bf2f8cc8326d
afcebb05-1dc8-4e23-a7a7-995fdc5e16c0,AmEx,43b2ad61-7e1b-4531-a3b4-0d0a57c0f25f
c48e8ae2-0b4f-42db-8c09-43a11e93baa0,MC,47ff64f0-6eb8-4f07-a5e9-8a9c8a0aab71
3373591c-09c1-4b9e-b32a-3a52e7b83e96,MC,21b67fc7-1270-4df9-b2ef-8a071f632977
dcc6292b-b934-4fd0-932c-e5fa978db7c6,Discover,63b58dff-ff82-47d7-96be-36f533a690c3
61d6e1b2-4183-4a66-b799-3efe9e9a518a,AmEx,08e59f1d-4df4-4305-b3ae-6b72dfeff1a4
ab9f9c37-4bb5-4626-9d75-f41b9466b306,VISA,6558c750-4479-43d1-a66d-78384a402fff
d8180693-b223-4605-99c9-0b77ce4b6616,MC,817f9e92-415c-4b27-9e27-17a377e60b64
8ab2d729-3a32-4340-bf65-c1b25e01bef2,MC,a404ccc8-3c42-467e-837c-331f9e957744
e83d55ce-43c0-40ae-8290-918c982370b7,MC,195d3894-f007-40d9-94a8-6c0f043e4236
02fc1670-4f33-45d3-ae4a-54e3d65f0a58,VISA,1466183c-78eb-4320-bb40-61d0c2c2d254
42fa1a27-4a31-4d33-b1e8-e2adb5a287ec,MC,7921207c-20ef-46ab-a506-7c2d4ba32070
f0cb1b23-faa7-419d-a029-7ad4c14c973b,AmEx,af36a440-bbf3-4f58-827f-4ef03bcfcdd8
4fbf802d-dfd4-417f-90cf-4017118f7b94,PayPal,24cd3891-36ce-4f9a-8379-9af301c0c35c
d1cf84ca-f2d4-4546-80da-258925d2629d,VISA,1d65d0ff-fe94-42e5-9606-f6d73330b5ee
f27faec0-3d0c-49c9-9e8f-7ddd152097be,PayPal,5a0d8436-7631-476f-916d-919a4d55a693
947cc21b-46c6-403a-9a68-543da07e001c,MC,44790aee-96f5-4451-bcbf-de3ebf021e19
873a6601-a119-42db-8101-5ed725ce0e2f,MC,181fc623-561c-4542-9b66-f6781c98cc01
d8a1fafa-bae2-4a7d-884b-6f552edbe003,VISA,301960e4-72a9-4029-a5c4-b4c14d0aa1b7
49ef4520-6dc9-4a73-abb7-b10dd406ee7b,MC,951344e9-5708-498b-b360-dedcc0507061
18da8306-e361-4188-9948-6431804f4e38,Discover,e581f978-aaba-46fe-8ec3-e25811b45046
d554e5a0-1ac0-4efe-8d72-28d1ebf65a89,MC,7e070b97-a020-4223-85f3-4a159adc98a1
21cca7cb-14c2-40af-a71f-5d03f12b4c82,Discover,6595945a-c887-45e5-aa75-fdf1153f9a02
eedb097d-e620-443f-98e7-5180888fd0f6,AmEx,41a4f975-a699-4272-85a2-72b77fe02971
4e26f79e-42f1-45ad-8d3b-9211139fa6d7,MC,dee90a23-daa7-4da7-a289-56a75a69d5af
9853fdbd-2ba0-4c6f-b1c8-a633e2b34135,AmEx,570160ba-f29a-4f8f-9005-755086e8d47d
25da8648-ae81-4ccd-9875-278185d9b965,VISA,937ce7ed-a241-41f4-b734-5abb93b8d91b
6fee16ba-b083-4ed4-a233-2f47a27ab41f,VISA,5c258fbb-c83c-4f19-81d9-91a7302e13f8
6d81514a-f034-40df-8b91-d78b4f3cbb01,VISA,05977f5d-1c76-43a4-97cd-632dacc2d977
f3226081-0e7a-44f7-922c-0503c6d6025c,MC,a9d71bf4-4c16-48f2-8a04-4a2bb22cd20d
bc5c7ebc-a900-4667-8a9c-0dd58c7efcd4,AmEx,fbb9c36b-537a-4d62-81ef-ad4e30a05c56
8716d50f-0353-4efa-b497-fe24d8871f5b,AmEx,1596bb99-fad1-4e91-a353-cc39b5441442
c8fd65db-a9d9-43bf-9f7f-575d6d8aa5f0,VISA,474aa5c5-241e-4716-a621-0f4aaafa8003
9fb30d42-7f5d-400d-a5fb-58084b432915,AmEx,8a206d08-8258-4bbf-bd24-19451a20741b
e415ec0d-7e9d-4cbd-b56c-92b1cdf0fbff,VISA,1cb6c783-2374-4672-8f44-042d111fe500
f10f86b1-3155-4b27-9889-fce02c67f15a,VISA,2aa15cc0-0aea-4050-a901-9edc0e846fce
e9d25341-c803-435c-af95-57c9a857c7ea,VISA,552fe8e2-8884-4b61-b010-ab7cb15d08ff
fab8adb1-1190-4ede-875b-b6ae9d0c941c,PayPal,cbbf208b-e233-4901-9621-8a49f8a20e24
89e508f6-9f7e-406d-a869-aeb6562faaf4,VISA,828119d0-5e8e-4cf9-bac3-e074c54d59eb
e974fe6c-dd4d-43ba-a49d-989fc60c379c,AmEx,2cd34d73-97cf-46b6-b5cd-fd73c57af955
c80c2544-99f3-4844-940a-a95a21115cd1,Discover,ceee8fec-1538-49e9-ad93-88f9f63bc46f
792edb18-6ccf-4590-bfaa-0acdb7e59878,VISA,6239ae09-252f-4aea-9041-8ed7ec98c5a1
a5e2e0d9-58b9-4923-8cf9-ab9262479eec,MC,0e707d59-8569-4600-bd78-6f7b9a4f2492
8e25e397-d75c-49e6-b24d-aa5938876d66,AmEx,bc22124d-eec0-4e64-a86a-d2d6cff6ed35
5af4719d-8f42-4b56-ae85-53f7b3a4bf5d,MC,59f3dc7b-dc7a-4331-b3e5-7c4b63f72f3f
506eafa9-eee3-403c-a11c-6c5f23b0c2a9,PayPal,054fb08b-42b6-4268-90d0-92e5164f034e
1cb05e12-9a8a-4b92-8b2d-66b152b9aefb,AmEx,9d943923-90f7-473f-81f8-bb93023151be
56f9998f-6bd0-458f-9e67-ce43a0e7d911,PayPal,31296dc7-3fd1-441d-a4f8-b05c46df93e9
6af26cea-451e-4beb-86c2-0d98c245e7ee,MC,6584d502-5d28-4493-9faa-f3827faeb05a
967e34c3-5732-4eee-a4e4-49e984d6adcd,MC,5a21f3f7-6e2f-49ad-80f7-a5e7aa3cc3dc
7138ff31-94fc-4b8c-8235-1ce807be053d,VISA,d04e60c2-849a-42a3-9e7f-3181c52dc4a8
8728f631-fe54-4d38-8121-e170c955e8dd,Discover,70257bab-73c3-4464-a75c-f02c5e07b310
a1f7dd22-ee39-4eca-8220-4ced59b92d53,Discover,49bbf287-4020-41de-999f-50a14589bce8
cba7e2a6-74b2-4ed9-a118-d1d3cbff55af,VISA,5f1ed094-12e7-41dd-8819-1eaa9dffa477
83d90df4-cd24-48fb-9e1e-1547b77e171f,Discover,75deb03a-f572-4a51-853a-8d2b288baa64
068bfe3a-eb1a-4ce2-8f47-99de5f382fda,AmEx,1ecf121c-78d9-47be-bae6-9040639b1f4a
54eecd7e-a139-4793-a92b-309499235202,MC,c309e5ed-85ff-4f13-bb08-2fa423a6d97d
5ab23ed7-2e00-4380-a1c6-2fbd10ca5061,AmEx,e09c7e6b-7147-4adb-8b60-d69f352edbe5
fe344a5c-4a74-4de7-929f-76661f3f62ba,AmEx,3c0bee19-8de2-4baa-9c1b-42ae499ebbe3
f8f8637e-5e15-441b-93e6-512d00616241,MC,a352763f-1cf9-4968-9bac-9b690df9a779
146ef897-de79-45a3-b1dc-cde661b94f21,AmEx,e90c54fe-28a7-48b0-bfbc-df6a52b407be
a2783eb3-703c-4bbb-bdf6-281c6c7eeb86,VISA,bb1ea850-84c7-4ee4-8b4e-5cde93cdc843
6a8dd592-78b4-4433-8e8c-1393534a520a,AmEx,4dc66e1d-e9b3-46e5-b469-2e08db2b610b
95f2d5df-9f4b-4f1f-81f9-07d0ae478e69,MC,3807d26e-d971-4d8f-9030-e371346fd019
bdf112ab-5a8d-49d1-b4fd-101e420aae9e,VISA,d9cb0259-fb96-4197-8322-7c93e6379789
99837712-29bd-463a-8f54-b69bc5d7b546,MC,4ff9235a-94a9-4dce-af36-f0876a9f25cc
ff12d302-23e1-4b3a-9c5e-6717de51d496,Discover,af1e15aa-b082-4965-be2e-daec2f873c27
f7103ea2-6df9-490d-bb5b-d9de713b4f67,MC,f515f643-42c1-46d9-906b-f6b93665e7d4
150c8271-7b91-4f11-900b-2e36f6080fae,VISA,06df0539-ff4c-410e-9694-8e4d8509b2c5
d1279e3a-c3c6-47db-b669-9995cb68cab9,VISA,2da4e720-fd47-4ddb-982f-5a6dbc807dec
984e6df6-bda3-4918-af8d-c3099d2cb2e8,MC,d51117ef-fb2d-42ab-b42a-35df2ec2d213
76656e66-9f8a-430c-baf6-183bb61ed065,Discover,7f32fe4d-eb05-4323-839f-40b7ffcd6b2e
6c595983-a3e6-4ccf-975a-3d80bd057647,Discover,54a1ec5a-0233-47a5-98c4-74ca1b595e3b
a9a7763f-4ba3-4985-bcc3-14465fee6db3,MC,f2aeea5a-9326-4928-9581-19a5e42751e9
aeb15efb-3ad7-4946-96ab-292512d33dc1,VISA,0df1c2a2-a710-4111-ba4a-c539f38d9c1a
705cd32a-5bd8-4457-9a7f-342bb6b4bed4,PayPal,bda84f23-76f7-49ae-bf89-16abe952151f
53a22319-25c5-4c55-afe2-c8c8e84a6bbd,VISA,72296eb8-f4ba-471b-a5ba-62bcd7d0fc03
501bd7a5-f868-46e7-882c-84cfa2edd3ed,VISA,2acbeb2a-3bfe-404d-9645-56f83a5d86b8
80c37826-d21f-43c8-be63-b66e0bba2ff8,VISA,8a722bf2-7e50-427b-9255-e762997215a0
2b4cf7b3-de91-4f92-b9b5-a4549cd0a22a,MC,39a68406-0d4f-46ad-bad0-bed878db62c2
bb9443e8-c882-49e0-907e-23f2899314f8,VISA,872a52e4-eff6-4adf-af2f-973e36105b29
14fcc5e7-95e7-4b1f-80d0-2ac3db1f4843,VISA,5857985d-cb9b-47bf-81b9-6191ac1d2793
51e460ee-cd87-4949-a8ac-572d37f3acb4,VISA,d2c609b0-26be-4d47-be35-79d40db6dc99
d118ba92-86b1-40fd-bd89-7a658d3b9956,AmEx,b6fde097-9b31-46b7-b702-722c43e69f30
1bf06040-5de5-4e4b-b8cb-8d82a97c7b92,VISA,93360fff-ecf5-402e-b652-d68876f6c868
da12bbe3-6ecd-4b4a-89dc-97f74881ceae,AmEx,1641e598-6c37-4c55-b4ea-bab17b318ba6
32fd3d50-8ae9-4848-a24e-78f81cc17a2d,AmEx,46d27cc2-7529-484a-b3cd-f119b52b659d
14aa85ee-b507-4931-90cb-e110154f073b,AmEx,cd71c939-4cb3-46db-b459-7a74a17135e3
c8350d18-b88d-40b1-b62b-bed676675693,VISA,95e92ebf-fdf4-4903-a1f8-eeb0e27d5f42
72abf420-6bf9-48ee-89b1-65f366472ddf,Discover,df9abd9f-d8a1-4f6b-94b9-9a59dbdad43f
16a30ce0-69f2-423d-8ac5-90bfea8c2af9,PayPal,b0df2191-986e-481d-b6a9-eede5a7cf231
95b54ed9-f51f-49c7-afcf-82dc0d7135cf,VISA,22373d3a-fcea-4528-8111-70a53ca0574c
957490b8-3309-403b-a727-c9f6f95a47e5,PayPal,f0cf96b2-d041-4adf-a349-49d3bcb2e31e
03b6914a-4a53-4d82-960b-557735d720dd,AmEx,06161f81-014b-4e74-b02c-5cf9faedf7fc
11e77593-be80-4ad2-a113-ddf7dbdf8894,AmEx,cded1556-ce1c-4ebd-9aad-8dd0f52bd06b
d714dca0-9746-4e8c-9f38-8f0285a548f6,MC,f96d375c-4b4c-49bf-bf8c-6658aa74378a
552cc949-435e-4ad6-bf90-7860b9322e18,Discover,b0392259-7827-4f22-942a-1dc8b7530466
c0298086-1b7c-4154-8163-3c65b182787f,MC,291e5fe0-8db2-47df-aaba-e534568af9f9
84520153-f65d-459c-9a25-ee97889c41ef,VISA,3502b7c7-443b-4d53-bd55-f209c4885d08
5e2304ad-ddec-4cb7-9fbb-5ee5ca23a72c,VISA,1f012706-f7c9-426c-8cd7-169ad3bdc716
e017fb8a-f910-42c3-b1d8-52a464a5d299,VISA,313f515c-5e1d-4b2b-aa80-4a3f8de91099
0fa224bf-53c2-46df-bc38-6097c23de684,VISA,f6e9046e-a188-4867-ac97-8227b6cd2f9f
41408ff6-edd8-42db-939b-1f22a124c716,PayPal,567f75f7-cf75-456a-8692-d74a20f9ef14
1d4e45e8-870e-490c-972b-28189ab21771,VISA,d2d60907-c952-4806-955a-1f2f4fb0aa38
866882c9-d153-4acd-b92f-d88b6103d447,MC,a18acc0a-bfaf-4b42-8f10-84a9071e8de1
e2fa2df6-23cc-4253-843b-25beb2a8abcf,VISA,5138f53b-a177-426f-b9b6-35c6be52270e
cbc1a156-1cc5-467f-bf3a-1227f325cc99,Discover,6509abd3-5f74-47db-a0d6-274265c3561d
f2704f16-7114-44bd-8140-304d2ca27b82,VISA,4784d0d5-aa08-4986-86de-3fdf36e82efe
87b2ddaf-b31d-4c6b-93eb-9ece6d278e36,Discover,789f42d0-0846-4721-beda-a079cb41f3ae
32e4604f-c566-465b-b7f4-a81817282b3b,MC,08b76139-dc48-4cc2-bb44-e30844864c12
db3af2f2-0069-4e78-85d9-03ed0599f54f,MC,21122dda-75ff-4658-898e-edb911115622
397168bb-cd00-4b3e-8a34-0c0f26f51ef5,VISA,0093b162-937a-4e78-b725-8c4e5aa6ec7d
d1060220-454b-4921-a027-b5ebf2a386a3,MC,e24740de-a6ba-480f-b473-ee19f0f5f530
d75d8fd4-0467-483c-9012-19a35c5b3c07,VISA,e6afeafd-b107-4bf5-aac8-2a51c133b0fc
63f4dc2c-f4c3-4c88-a6d2-df81d98b4922,VISA,f4f766cc-9841-435e-8fa2-c2cd38e79e21
82bc4169-b698-4516-b9e7-eff9ca5aaa63,AmEx,6def8a20-f4b7-4aed-b9a6-2cf0c126eb19
3c7a59b3-2cee-49e8-b598-0de1db094080,PayPal,9415d476-a0c1-44a9-bd0e-da75ef758380
a6c0063d-41a1-4d82-a19c-5860a12391c2,VISA,e6a6eaa5-84f0-4525-b2f3-22b0fa066ae2
e85ca9a1-3191-4b56-ad25-f75d75b133b0,VISA,79e97fb2-0a37-41ff-b788-128afaffd374
395c690d-d0f7-49d1-8d35-27a8610dee9c,VISA,cac336ef-033f-45a9-adc1-55a7b9458b4a
678d9b8c-921c-49c5-b99a-ec4e02c2d5b1,AmEx,c7c8c8a3-5131-40e8-a47b-abd6a2317ed8
1d86bf18-06c2-4b49-9ccc-75fd17f6aa5e,AmEx,36de9207-d83c-4852-9c38-186f541764fa
18a63c99-629a-45b6-9bec-24389cee2642,MC,7cff37b8-3bb1-40f7-946a-3e13b80704f8
0ac6d956-c9ae-43f9-bd82-1d921233b9f4,VISA,6a5daae1-fc97-4284-b08a-104684ca809a
2fd87174-7b18-4c65-a348-89ad99f12ff5,VISA,9ac356e5-6844-4315-a9cf-e3d54475a85b
4fb34b0c-aea8-40bb-b794-f502127d03a5,VISA,1b04396b-5d26-4c35-bdf0-ce66c022e16f
ec6035e5-26bc-4289-91af-0a866770b7f3,VISA,55d6621e-6e57-41a5-af7c-ffe8b8af6193
18dd4149-6535-4dea-9238-0e9ef3f9fe1b,MC,04cd5637-3eb4-4477-9b27-36a54f41218a
a5cd62e8-41d6-41e2-84f5-520e8a7da181,PayPal,c775963a-4880-4978-a003-79d3252f98bd
00e80d35-230c-4096-81c5-d525dd8d6625,VISA,9d702721-619b-4e89-8d73-b191f50134bb
023f6736-2fe1-4cca-b6bf-8226c117ca00,AmEx,76fbd7e0-9e2c-4749-a2e2-32ae5fc642bd
4bb1a457-89e1-4197-bd71-735a573fbd69,VISA,e69a1ebd-87da-41c5-a91a-8419aaeb4276
3651ee1a-dc44-4961-9537-4f17b5cbd1bc,MC,4bac8299-9de2-4147-aef5-1041b5b64069
2acd8da2-2fae-4ab7-8d1c-993d2712e6a4,PayPal,c521bedd-6176-4274-bdc0-73ab39213f23
d36affa8-f727-4522-8b00-b3c95b372069,MC,0eeed152-d2d7-4d90-adbc-ff0d23e173f3
23f4d036-98b1-4a35-a1fe-286fb836d754,AmEx,b55269b7-b57e-4fb4-a765-af1d15309b35
3027ec9e-dd8d-44c5-933e-9a715e3c02de,VISA,53166f39-1057-47dc-bbfe-14900d0f1b4b
85734e0e-332f-46b0-8f57-05b032959b30,VISA,41240661-894f-4604-a88a-9e4cefc55e93
12f7fd51-debe-43b7-94d0-990588c99500,PayPal,5de6865f-0408-46bf-9f5c-ff86f316c7ab
e6520382-6a8e-4415-99e3-b253016cd119,PayPal,734c2e06-5ec7-4c6c-b7fc-25f5399c263e
70b10e5a-c8a9-44d1-9f77-632c8eaf0491,PayPal,c5e655a6-3d7d-4041-a259-e9d605d8c6d5
130abaa1-0e8b-41c9-aa24-63c737c42317,MC,9da37b26-aaa0-4b1c-9a2a-b9bca16d606f
e9dc91b4-a42b-4721-b7a0-703ece91e4d1,VISA,ba9d46dd-5545-4500-88fb-97a593654f53
cc39d5f8-19e5-4af4-b259-18a3fb90ca61,MC,2735c4c3-61b9-47d3-8144-8f9ab3c60754
2cb00de8-fc27-4c43-8688-249d7c75abd4,VISA,2bf01d19-8786-4992-98d6-52acd3d4bead
c78d4106-e7ba-44f4-ac83-f723f076d56a,MC,7452575c-5eb8-452b-97c9-fff034e8bb17
37dab204-6151-4033-bcb1-c1bc3b8c97b6,AmEx,d875df9b-947c-4a32-8408-bf67067fb813
f6874494-0231-4e4e-ab1e-9800ad89956b,AmEx,6072fe30-da51-49e4-97fb-2a6d24192d63
2e7dafb9-5e9e-4f8c-8869-265349bb7de1,VISA,03842107-5dc5-42fa-9157-1ac7e7d0f675
757dde1b-6a57-4130-aed9-17484a5ea0f3,MC,daf92f99-9a8e-48aa-b426-de414ea4f78c
0d8eee59-84f5-46c8-bf51-ee35498adf17,VISA,fd5537f4-2a33-4121-b964-3764079da3f3
317659a0-31af-4643-99af-32f88ee00729,PayPal,0d82b678-8a67-4705-9c27-461f156f5bce
4a6e00b7-cd85-49bc-b8c1-0c10bd5e19a3,MC,fa82292c-0906-451d-ab8f-7dc43bdc8131
7d3164b9-f432-4a22-9ea3-d0871cd9284b,MC,7ceb7177-5448-48e9-8d86-bda3384da9b0
61918c79-4138-4522-8bb5-0bd9e57bcaa8,VISA,2283ae84-b5b9-49f8-a56f-a6541d8902ea
fa7db18a-fb1e-41e1-aa65-98b906ef376a,VISA,cfb8b2a4-5c22-4368-9a36-36161e254424
a2785e39-6c22-4aad-b188-5a0938a0f865,VISA,6dc6a089-5c2e-452c-9659-e08d69c598dd
e5388a1f-6de2-47f2-b7af-ba113a7daf7d,AmEx,a85ca41a-8326-4e3b-891c-964ed1e0cd0b
3a3f8be0-b7f8-4e8f-b3e0-c7f8fc31beb3,PayPal,91d3a7b0-ddf9-423c-9a25-c827ccd742fc
d60b627c-a00d-4cc5-964b-760976409899,VISA,bc795dd1-7684-413b-a06d-79d9f308e2e0
37ed6464-44fd-4074-a972-63defe82e776,VISA,3c94a1ea-9745-4dc9-9d2f-6d2ae4595983
0c3febee-8b4a-42ba-8746-aec7f2a1c969,MC,21d270f3-8196-46ba-af45-4cc5c53c0c94
939d06c0-76c7-46a4-9ec1-84d8837c77e0,MC,f3d0b2fc-3f26-489a-b7ef-dd87e67cf2d2
c9fb40b8-7a9b-4824-b5d0-a26c3d692f92,AmEx,f34518e2-3051-4270-babc-442993641c23
8adb708a-954b-4e5b-bf4f-a68311a1942d,MC,256ff470-7440-4364-82d5-919efd7da4ce
a5f3dce8-2028-415e-8883-0495ae1b7a40,Discover,edf6ba86-71d2-4240-97b0-78c324e74736
5a655f5f-f8d9-46f9-8ff5-b575760c033b,MC,abe169df-dac9-4721-8f3f-e2ef9d364542
f46ab428-1467-4c85-b5cf-6f64c3984ce5,AmEx,bad6190f-aa89-44e5-8094-806abbfff50c
ad4f4666-b617-412f-ab80-45341ff4189f,AmEx,73c67bd1-49a1-4971-b824-ad296ba413fd
de139b04-f626-44c9-b7b5-2b4a94965019,VISA,4e9b0450-72b6-4b0b-8c3c-7ff50d0e795f
e2803d45-edbe-43df-8a30-6198d923876d,MC,a1d3c8ae-445e-4f5c-af4f-67a5634934c0
c90c7205-9e22-46d9-84d9-cf2b88fef9f2,MC,e5be86fc-69c6-48c9-806b-11e32e023b09
59d0b8e0-9d01-4087-a99c-88b7267634cd,AmEx,e74e9c35-eb4b-4e57-b9a7-ab272393cf96
555d5115-87b2-4d95-ac40-c7bb84f8ee18,MC,763faec2-6506-466d-80af-9f2f383b29a0
444f1667-f814-43c4-9413-1a8ff19eb5dd,Discover,53bb4a95-b435-45b1-98ed-7b84239cc5e9
20774d06-2f5c-487b-908b-7a99786f4939,AmEx,cb6c5157-03e7-4854-9f84-7a0700fbe087
452085c3-e009-4b2f-a991-228d2d1fa512,Discover,bb1e50b5-51a1-44a6-afe5-1e7d9c2b01b9
9704a744-436c-49f4-8ed9-7619a756f3a3,PayPal,d17ee818-04c1-4c2c-aa02-40dd6a19af91
10f56349-494a-4372-b084-38ba2588c71e,MC,df5591ce-4688-477a-843f-838d11bcd8d2
7e75b33f-aa2e-4424-aac7-c1e4671cf0e5,MC,5a6d3a20-ed50-4cad-8740-b370247d0329
3b460517-7367-4d68-95ba-83b0d293ac6c,VISA,c155a6b9-dc04-4233-ab04-28c088ef8f16
7e3dd81d-88c9-4876-b01e-ae8f671a5c31,MC,b32a646f-f0cc-45e8-aba6-15655039d4ff
a1637943-f854-40a6-b895-09d6a524ad26,AmEx,3c4a278a-051c-4a46-ba40-44c6a0d8cee6
432cae1a-49e2-4d84-983f-d33996de0918,VISA,3b586cfa-862e-44b9-8eee-59d59c76022e
b9c7c58e-b2dc-41f9-a188-54044e6b755c,VISA,f4dec164-b7b6-4d7e-b545-4b622259bc79
90d5578c-466a-4523-9473-6479060c66a2,Discover,124a36c0-7cdd-4f02-90e8-f3192c145b81
00dd6205-8889-4cf8-876d-122bc24c7e50,VISA,53b52440-d295-4832-a569-2d9b58f958c5
e06aa759-63d8-4536-a383-47c3f43ef163,VISA,74d815e0-ff1d-4186-8e5e-afa56c747c64
ea3236af-c890-41df-a605-c7f5e794844d,AmEx,c26d0eff-b37e-44dc-b38d-0b2fa740841a
72e20899-caf5-448e-b034-5b6ad9236da6,VISA,9e936854-691e-4017-a647-957d87fe259c
503f93d6-43b6-4eb3-9c29-44f383299b21,PayPal,e96543ba-f424-409d-9741-abe45b135e32
28a83057-8e3d-4d7a-9bfd-014c037ee8ff,MC,a8bac94c-bf91-4821-a8d0-b3bc392e6f95
818ba140-fb8d-43d6-aede-579d0a0f7260,AmEx,b7b00219-56a8-49cc-9c21-18bfa87a6a7e
6d4cb9a2-7196-4344-8c32-d60ce67b0eab,MC,b6db39c4-6645-4c58-9d4a-e58522c9e325
9ab7a8bb-8497-4503-a18d-8c5b672e885f,VISA,bc0e9a69-915b-4c23-9b9a-08a34aa9b1fa
8e10a1fa-b02f-4444-b622-9040ab015617,AmEx,a9605366-dc5b-44d8-a316-ad27a35d72c2
9bd29ead-928a-4e56-9ed9-45892fade1e4,VISA,586ee4c0-2128-4adc-b97b-a4d1eeceaec6
0b7b6b74-bc1e-40e5-b48a-80e0e6e70c9e,Discover,03f533fe-5d91-4268-8845-2d759cd54b1c
b83f5638-ece7-4605-aea7-1ef8c6c17211,VISA,c20a2a8b-5f9a-4f2f-a9c9-747aaad71870
4e4017e7-5f82-4dd3-b5d7-ab6ad3a88575,VISA,cb08e65c-cfc6-49cc-9a93-677922b06d85
b8fcc401-794b-4c46-8074-64dc548c7966,Discover,c221e2aa-57b2-47aa-9d6f-d460a7c0f0e2
3249bfc3-2808-4991-96fa-c75ffc7a0cd6,AmEx,047cce44-0374-44d9-adec-0c6b48bc9357
728b7ad9-8d6e-4eb1-b04c-f1db27b94120,VISA,f180dd31-a769-4ff8-bda7-59aa90717227
5a9df239-2523-4034-b61e-aa8149019d43,MC,0c5bc413-a78b-4ea0-aef8-1a7effc1b966
33adc3fa-ff79-4d56-9e85-9d13a71f9342,VISA,020a927a-4cb2-4770-ad25-31fd1c7b2d56
f0916606-ab2e-4b48-a8f3-ccf7ded55a71,Discover,714f325d-3bbe-44c1-bdb4-95a39322fa98
fc1387b7-5cf5-40ba-9391-da7049ab287a,MC,38daceac-1f76-40bc-bdba-d5692bef93c7
0da1d50a-f116-4866-a600-591a209b41c5,AmEx,d78b71d9-0ca1-41f2-b7a4-2697ca2ac39c
905dadcc-6f01-4cee-900a-43c955bf5102,PayPal,b79bd98d-01a3-4159-8999-1ff2343a58b1
2733b3e9-21ba-4c6f-af9a-967b0002e4c1,MC,5080eda8-ca42-494d-b944-25184e80aa15
2ceb823d-6879-42ad-846c-808995b18170,AmEx,2e7d9289-b249-419b-a5f1-28ff6b38f292
2aae1a28-a40b-4eab-96bd-bb8cbb73474b,VISA,89b58909-85ac-4fed-bf72-58ceb97bfb8e
2356fcbb-5ca5-4d56-809b-9ce35fffccc1,PayPal,70fecca8-f424-4470-9829-e9b4780e62ad
634c2991-84cd-4c51-8409-bca00b9cefde,VISA,ade56968-24a6-41bf-bc7e-e54bf21360d7
b323bfc9-775c-4702-9ca7-afc444f1b311,VISA,d4dbfb8e-ac61-4f82-8350-2488a8bc1293
af5e7dc7-16fc-4fff-8062-36231c3533c1,MC,bb9b200d-e31b-484f-b3cd-2452a9071d2e
ccbd35dc-bae2-46eb-8d7e-307b5dd349f6,MC,834ae56a-04e1-47c8-8957-424f52b7eb96
08bd47dd-d470-46bf-bb72-8076e23e5a44,MC,b8578b2f-2947-489e-815a-48a6bd50421f
07b8bff4-0ee6-4c97-a8d2-6c8afb5083b6,VISA,4428f48a-808a-4cde-9043-85cf8c4b1808
0b9ea3a4-3d09-40f3-95a5-ef754cef970a,AmEx,c3d55386-d5e5-431f-a568-6b4aefc530a1
81fc6b72-2696-4a07-964e-25c4d545399c,MC,c8910889-9900-4d79-b963-272ca642cd0c
9ac415d2-738f-4807-bb95-923bf670432d,PayPal,6b103d0a-2a80-4c84-b1d7-6a21c0ddeca9
f8f0ce56-4788-4435-bbba-492dae712cb4,MC,97b141c0-f4d0-44f6-aa79-64969ea793e2
610786ce-6470-49b7-a0a9-50bb49c52688,VISA,403e7dd8-fa44-4511-bb01-578d6cddeb30
0010da95-f951-494f-82ff-c4b95d3e482d,Discover,1d7aea4b-679a-40fd-88df-4634e324f37f
ac921cc2-548a-478b-a562-8ec1601460e3,Discover,7e658f58-8bb0-4a2b-92bf-2ba5619ec055
32d6ed23-6006-4265-a322-b95d95d6526f,Discover,3dac57af-c4ef-4e17-8aab-f42fde6ebea5
2d7faeae-866a-41a9-a5aa-e2996c3f985a,MC,98043791-79eb-40e7-993d-892be685f7b4
b27d2696-b643-42fe-98d6-50c80ad13cf0,AmEx,bfe311d5-7b23-4fbb-866c-bc227c11b63f
4a397b58-1dda-4492-9648-7f8ff7dcf788,AmEx,ec2639e0-94d2-442f-8dd1-359671ebaa55
56ed67a0-42f8-4af2-8b2e-db5100253b58,PayPal,9e23db42-8c72-4a6a-b14d-ad376b95677b
ff9b6ac4-a309-4b11-b794-d0c40b54e68d,MC,d77839ed-d9c9-4b66-b435-27395e85df93
e80be3c5-ea1a-4f04-9bcb-ef8f85b6221d,Discover,e4e53438-62a1-4b06-9d9a-ee2c67c09312
e2231e1b-8658-47a2-bab1-2ac034a59146,PayPal,625dae9b-6897-4728-8602-50ff82729de6
c968dcd0-2cd7-40f1-898a-b43bbc7de147,PayPal,17bfae19-7570-4dfc-b6b0-75eda07bced4
efaa75e4-14a6-4571-a326-5381d48361a6,Discover,c4c78059-706f-42a0-afac-95522d5d22aa
ebb32ef8-7ae1-4aa6-99b8-86f7d7338b93,VISA,54d84675-c9bd-4853-a7b6-2a9ccffed299
f4ef035a-6b86-4882-b317-f85edc396d6d,MC,b57ba1d7-4955-4c48-96e9-20ccdc1fe398
40a76a38-db7e-49d9-8699-e6101dbd5c9c,MC,3cda63d6-c965-45b8-865d-d0631c66d6d4
dd6f52f6-800d-4c3b-a4b5-24eff9c56c7a,AmEx,1dad7fb1-bc7c-4ffb-894f-aeade30d3847
767a0ece-ea84-40a1-99a9-28b7139ebb04,PayPal,d997fec7-3219-4e3c-a5a7-a644fbf49f73
241d8a22-7435-4f5f-8ab3-105a9a7c39ec,VISA,4a25d083-c161-4a18-9dfe-b3fbd832165c
417d3079-6872-46e1-8a1d-a9f116fdf246,AmEx,23d0b13c-4346-4f4f-b7c7-a28f25090a31
cabf85bc-0762-4f57-b17d-585afa6faf97,MC,809ae03e-2515-49c5-8595-82a324ac6728
ed7f29f7-2bfc-44f3-9784-c1b6ca487348,MC,c78ef3cb-c010-427d-906b-53dd08dd6b95
2c9960de-4eed-4b83-8d7a-91c6243e3fa6,PayPal,28513c74-d3d4-46c8-bdc8-0673c6e79e42
e9189fed-eb99-44cb-8aa0-6fd2ffdf64be,Discover,c2b0ccc0-fcf0-443a-b3b6-2190dc3ec523
d820ff04-dfe5-4cbc-8a09-33d5f691b6de,VISA,254a9658-089f-4474-bd5d-fe6f11ae6017
b35311a7-5f45-4abe-aed0-37871a636786,AmEx,22590be6-5609-43da-9a2b-5ecf6c6c11fa
dd1fdce9-91f8-407a-9283-7933324b3162,VISA,7f69d5fe-24e4-45fa-b020-9a17fe5b56d4
038210a6-1f2c-4931-9613-1b0d1219f3c8,VISA,876245b7-9fb5-4411-8a77-ce816e744013
68fc4cbd-5e11-4a4f-b924-830d52d43c1c,AmEx,9ea55c36-9e62-4327-bcb8-fa2952c0a38c
6e8cd157-001f-42b0-84f8-3eb4232efea6,VISA,70871c1e-6a40-4067-ac8c-78572b2729f4
93a0f796-cc36-4415-bf48-01997640879b,AmEx,420a8484-c9cd-40c2-9df1-ba3287fcef86
feeeec80-f214-4a3a-959b-10dd37979ab0,PayPal,570a514e-9efe-4220-9fa9-b900ad851722
8b2270a8-3d6d-4386-b007-7eb9fa584b96,MC,3b6a3be7-42c0-465f-905c-ce80900ab797
f4fbeec1-5383-4eee-85a7-4a588b432acb,MC,194bd403-5ed0-458b-a8cf-485936a6e957
0200e818-4905-4afd-aee5-adef18103787,PayPal,c8368999-7367-4565-bf1e-5d538567bc98
fe156018-c6cf-42de-af5b-58da2137d456,VISA,c08db082-ce5f-4f0f-9474-b1cd04f0d3f4
529beebb-ba45-4dd3-9304-04eb470ad276,VISA,729a8f70-d08b-4b6a-8e2b-78ab79b6de0e
7dbc1d2d-412f-4480-90a2-5e087c9b89c9,VISA,b25b24f7-657a-4237-83b5-2a62102201e6
6033b32f-00ba-4d41-bb4b-2032639641eb,MC,b307aebe-f704-4487-9f84-e0481f10ceac
0492bfa9-9dec-4c40-8e8e-dddab4226155,VISA,280a1100-b838-46d2-a61a-a4f8a26d3472
5efe57fd-6e7f-4eaf-aa4d-82d7fed2922b,Discover,7adcdeb8-abfe-42da-b170-689f223f884d
af37fdd0-19f4-4ca3-bb94-1d8ba99f804e,AmEx,6b7e73f3-dedf-4026-bf6f-e18d58e612cd
f4673ce0-674d-4a09-a35b-9c1f10f87a1f,VISA,aa5684bc-c5d9-49be-9abe-feb76eae972a
dc2a7412-df54-4826-8945-cda40530d1e9,PayPal,8fc05d5f-9722-481b-a40b-7811ba05451e
e189f683-dd9d-4f2f-9ea4-c145cdb72bd9,MC,1b54feec-4d85-4d1f-978b-58f5fffa4997
c84c3b86-4c92-4237-92a2-1ff1da38d52b,AmEx,5d8ef491-3305-4f76-9ff0-abbeceaffeb8
1bfa2f70-842f-4f49-85af-02c5635c4630,PayPal,41592814-c24e-440a-b119-6d17ca7926d6
0de1cf68-cd52-44e2-b17e-fd70984c077e,AmEx,436448f0-a6d7-47e4-ac07-82d3ea2dd1e0
ec6cac5e-fbf0-4a3a-ab0f-a286a1154691,AmEx,54e0d3a6-1870-4af5-96ec-9bb73fd0af9d
16f94cb4-c73e-4400-bea3-dc352032db5f,VISA,896a11c4-7870-441d-8a48-487753fd119b
46e10f51-d27a-4669-875d-c989272b55b9,VISA,f8a2df96-b54e-4ed2-a601-3e955b3dd1dc
313c0857-1a82-4a05-b87c-19edb1cf0bfb,Discover,379e936e-cae7-42c3-a4f1-1ba8a083bda3
b46ef11a-9574-4142-91ee-6010f1c42568,VISA,49c4274c-9337-4cec-99e6-98cff8891ff2
85961ace-f2c0-4b78-a5c6-3c4077db4681,MC,67de7216-ac54-405b-bf00-d1e408c4ce36
e5eef4c8-8656-4b82-a14c-ed7fc30f31fa,VISA,e5d86054-b51a-497f-9e09-9e4a7f24d21d
df9b089d-cc6c-4d99-b434-8c8c2010e0ea,Discover,47512fdb-7a49-45c8-af0d-b4fc04d3daf8
c8efceb7-096d-41d7-a2e7-f6f4c353b7b5,MC,6517acaf-24fc-46e7-9977-b0fceab1074d
597cd85f-4ae3-40ad-a3b6-24a09651b082,MC,61de244c-838b-43dc-8b7c-b7292b8edde3
2bb1cc8d-79cb-4f87-ace2-17e8f137b81f,PayPal,86d79ba3-1c70-4974-b3ff-351d1721b0f6
61ed092b-3ef5-4707-9836-4a07e2f7c167,Discover,0929e04b-04a6-4cb9-b4e2-bbe2dd850e39
63605c42-3ab9-4689-9711-ff259803cfa9,VISA,dfa777fd-3677-41a0-8846-90438ad32363
991882e8-4824-44ea-bfb8-61889dd0fd15,MC,238ab6cb-de89-42da-90fd-ef0b3b81a14b
3cabcd88-283b-4b3d-a64c-8c64c1c5baf2,MC,da6c018e-0b96-4b74-bef4-a0d3fd9a402d
3dc7f23b-28d4-45f7-943b-b72e6bb0be79,VISA,7dfba4cf-b17d-4be8-8f58-56bc13b4107e
ea5c792a-354d-45e5-9794-d972d704bd51,VISA,ae2aa828-b804-4e1a-8edd-71ad61825794
6a632492-c76d-48f1-b3aa-ab6373a4ab1f,VISA,a4a017e7-d511-489f-ae52-4b4986fd7604
083d595d-77e2-48eb-a749-d3618a40820e,MC,b9637dfa-8fc2-4f4a-ac00-9be122a8d4bb
8dcfdb88-8732-4536-bd6d-61eecc82fe5c,VISA,fb14c18b-a799-438f-a795-c82d5eb0e1cc
081080bd-9788-421e-bea9-e54bcaa6d9d7,VISA,10e7268b-ffeb-4c5f-82dd-2ffc3f338ee7
13f1847d-7589-4e5f-83bb-96fc9b49f38e,AmEx,6b53015f-f469-454e-a477-252eb951fb2e
a8f32ac8-fd42-489f-ac19-902ba7306b8d,VISA,aa16ec09-4768-4f26-b82d-d61231d0d8e9
20729f50-671b-48f1-a9a9-17249a839e31,PayPal,fd51c1aa-8089-41fe-b848-057d6bda3193
25638ff3-fb5d-495c-a9fc-5bd1a3ee1fd1,Discover,3bf16267-e525-47ba-a35b-4e930c1635b2
841b653c-62cf-43d8-89dd-fbba6ce96ccd,MC,96e48bef-5020-4bfa-a37a-830e84df1c95
6bd59e56-35d7-46f6-bd92-d5baf10c1a90,MC,a5b35bde-7551-4aea-ad55-6686b81dc04c
e1124bdf-7c4e-4d2f-9082-65ed0f3f0e85,MC,0e1e1747-4435-4d5d-b7bb-14b08847c16f
043457f7-ef05-411e-bfda-dc5cde6fe6a0,MC,b7e6d19d-2f9b-4cf4-95ea-deeabb479ef1
479f7678-d12d-431d-a645-c587dc22be38,Discover,77cfb44e-8bb4-42e4-9cef-65fa2d08a243
ec871a65-f342-4736-98ec-c6da60852213,AmEx,2ed76ddb-8ab1-44b9-953a-96a181baee0f
e553d40d-7491-47b4-8f4f-99674c753ffc,VISA,7861441b-49b6-434a-b9a4-ef1024fec9f9
a9b6c195-3814-4a74-80c3-7d6ce5f0b95c,VISA,10845394-20b6-4e09-a8f4-624880990488
1a76a06f-0ba2-47f1-a213-0c0fd1bf34b1,PayPal,b05beb2d-d92e-4214-8143-7b858a680596
