OrderID,PaymentMethod,TransactionID
08b0dc18-c9c1-41da-9709-f99c119d0806,PayPal,03b37b4e-f699-4c50-b5cc-e8d457e57b4a
92d9b5c3-b16f-4782-a240-8de12d675ec4,Discover,6b24964e-aab6-43f9-a5ce-0a55bb574c6d
5fd4bac1-85b6-49c2-b583-0132d315e451,VISA,afcde7a1-f235-4b1f-a790-dc4981b83ebd
21628514-7154-483b-84be-3b1e80aeb674,AmEx,c6450736-d48d-4aeb-b814-321c1445574f
a526eba5-15df-4a47-8a5d-011b65928307,VISA,9152beaa-2672-4fb4-9f8c-cb9827d29d43
f52ef6de-fb6d-4115-a832-1022ceb26f76,VISA,b811f29b-ba21-4bc5-90f7-6169c9a657d5
34244830-1924-4037-a692-d3e2247198c7,MC,aa3c408e-8ad5-4f6d-b6ab-48a784c312be
d0b6dc7b-b981-4e5e-b40c-89984d9a5e0f,MC,8224aea2-0b6a-4a19-8b18-61c59b23ec50
0af31410-e773-492d-bad1-c4d139f033fa,PayPal,794045d7-078c-42b8-9461-ee0cda0031cc
5fe7fb89-e077-4e42-914e-26d5270406dd,VISA,9c61ac94-db9a-4318-ae47-31a68c3442f6
7b3a7b5b-26e8-4c61-9fea-27f52723f75a,VISA,02b12603-cf2e-4ecb-bd68-c10129b1702a
ee3aadfe-57b4-4fff-ad7f-aeb6ede2e1bd,MC,47cb3427-ad1c-42fb-a872-6db63f94ad2c
4ce48ef9-cb28-4cfb-ba8b-e264ba04812b,PayPal,59d231a8-30ab-4578-9649-878774f104ba
ec9d4ee9-ea02-41fc-88a3-bea4a2627415,VISA,7d63b7d0-a770-4ef0-a897-3a56e621dfec
32b127d0-586c-40a3-9a78-3c14708416f3,PayPal,84be99db-417c-487f-914e-a745505cfb0c
11ceac9f-6484-4747-8a4d-bd0657b0b303,Discover,4bc521aa-f1bc-4fac-858d-44d71068c0db
dddcdd5d-526c-4b8b-baf2-a4167123ab97,VISA,dce92503-7f6f-4955-882b-f4d8c7d3f665
adbda5e6-82ef-44c1-9fca-375371549efe,VISA,5fc93ead-e1ca-408f-91ce-38996981401b
efc33b91-1856-4961-9321-a7fe958b6813,VISA,4207374e-b340-4a0c-8d5e-057642b0bced
c677537f-dd6c-4997-8ffa-48de69b565fa,MC,a9f448c5-a832-4580-bc15-8a4a8dcfc58e
72e82859-3cae-4c09-97c6-09425e3345d9,MC,beb5c813-db8c-4565-8b0d-2361078bb510
bfe942f5-4b9f-4001-b0c3-18677c7e214e,PayPal,b41f8e11-aed2-4c25-8f7a-42e2ccfafdd6
42f63f2b-67b0-45a9-b4e7-f33438520569,VISA,a453a8bb-bfa5-48c5-b1f0-ea15a1638429
f2ba5b67-2e47-45aa-bf27-c662fe7bcd78,VISA,315da0ee-00dd-45c5-987d-bc40e4305f30
e52d9c96-dc97-482a-a33d-d7bfd78a221e,VISA,66e427a6-3123-484e-bd40-0386294d98cd
2a6882ea-c5ad-485b-a7cd-4ad5d83ea60a,VISA,9c573c4c-e237-4c0c-aed6-bd3f039385e0
9ebaebc3-945f-4354-92a3-8f6a3a706ec5,VISA,74327b3c-a6cf-4f8a-b293-5e15b03c19c0
5fcc233e-d9fa-41a8-8996-bdefd281a141,AmEx,a994d4fc-b2af-4a84-8c46-89488ef59ca0
96df9cc8-09ca-4df5-9151-85e9155ac35d,VISA,2746ae83-482b-4d2e-9a06-6b668226de26
664a25ba-2c17-45fa-ad0b-5d08ffcd315e,VISA,e1d60d33-df0c-4171-b83b-fd7242f3c979
09d6461a-09db-47b8-b2f7-48aeaa7f5de0,VISA,e6a96eb6-7a6e-480b-bb73-82c56885f8b8
22c4291c-96ef-4f44-9b05-80562b63ac28,VISA,19ff16ac-0b5f-4df7-91d1-d413fc5e4d98
50975239-2240-466d-a4cf-670229034e3f,MC,0854ab13-2575-4109-9dd9-39a5a9c9b404
682a1949-5868-496c-b9d4-3035629b7540,VISA,6b430261-127f-437a-a63b-f1b6acfa00e3
6661b7dc-a6fb-4644-b1be-7a829dc4e119,MC,4e6e739a-7acb-494b-a706-a6453507325c
f986a6d0-6029-45e9-81df-cbc476067ade,AmEx,4aaa02c0-9a1f-4933-8da7-5d1f4840dca4
843436d4-56f5-44cd-86a0-0b3bb759070b,MC,c60d4593-4d0f-4a75-8389-3f3af8c4eb54
107ace3b-119c-4ef5-8733-cd892ece3941,MC,e353fb76-9d8c-4916-8020-f2a89b44e5a5
da0ffde1-322f-41dd-a1cf-5a7e599a526f,Discover,4c643c5a-2923-436f-968d-96220ac2032a
4e9d7b4a-3d97-49a3-9843-3a923a88c9ef,Discover,7319ae0a-7707-4840-b775-0461c3b905c2
ce61a06b-24d0-419a-b046-2f891a76cd73,VISA,ac4955bd-f05b-4bd4-ad14-05753f387d6d
e45c0085-df40-493f-9364-668aa18a5c3e,MC,a7627a4a-7257-42cb-ba02-76206f9665ee
63421e6c-5a53-44f1-a4e1-28c6824ce4a5,AmEx,61cbab83-3905-4659-bfa2-b99072ddf254
aa860240-8583-4e49-bfe0-1fecbee46f80,Discover,50507b5a-3cbb-4ace-99aa-5126c4a23abb
dcbb97d9-ea35-415f-b827-770a499a278f,VISA,d1e11910-1abd-409d-a9e5-2240c211a9ae
1cd10b59-97ef-427f-8008-4de677af568b,MC,a222347e-3e95-4f5a-ac4e-d4070ba613bd
7214b385-5670-460c-8e96-d0a7740b0075,AmEx,333098d9-5241-4d27-b884-1e7b4fd2ffe6
ff4dff2a-6b91-4d2b-95ba-dcaf0e304b93,PayPal,88584465-de79-4386-86ee-a55376bb89ab
37c8a67a-6323-4c21-87d3-c9a543bbf617,VISA,a77d68f3-806f-45d3-ba2d-190c61d6b8ff
bdd9e9e8-9994-474b-a5ce-78354922258a,VISA,20f77a0e-a8cb-43d3-b4ab-a1501e0ba7ba
8f475dca-61be-47cb-a594-6732eb759b50,VISA,85c98041-c25b-42b0-ac5d-04eb22882151
6eb58b13-766a-4c31-9001-fa5e64fc15e9,MC,1ea31cfd-11c7-43a5-83bc-19a9b97e17e5
320d263c-213f-41b7-b06b-8b87088f9df3,MC,3a69cb72-cca4-4fc5-8020-831a80b698d4
d1ec9f93-f3cc-4ff1-8360-4bb0204acd57,MC,c6c5ff8b-c205-40e7-8c8e-95323fe1e394
12443097-75c4-47db-a937-209cfade1475,Discover,0e874e3b-0bf0-41c0-aedd-40a084a1a844
e741d773-a2bc-482b-b256-b3682a2dc307,VISA,29b52f19-368a-4479-9ab5-f41947e918cf
60366872-cd24-487e-ad9f-51c2a86e8f49,VISA,b9704fd0-721b-4a7f-aec2-347330b1529a
5bc7eb4e-6345-4937-a5e0-753e149e495d,PayPal,8c876d93-6a1e-4782-877a-26b4055f1b6a
f08a1d70-e632-439b-bb13-6402c156822e,PayPal,425318c8-5e0a-4ed8-ad67-3c78195123e6
e3d1bc79-b7f4-4a30-ab57-c180510e1ade,AmEx,cffa7ae2-0727-48b4-b4fd-a76d2fcf7736
375cee62-cacc-4b1e-bc50-9ea9a7457325,MC,619ce105-3983-406c-8548-6f5d7d496d12
6be593da-ae3b-4fdc-956f-ef3feb8ee8c0,PayPal,ab2446b9-9bde-4b87-8e37-1fec5b8110ab
3eda582f-2629-409c-8f0e-6f24ae85a006,MC,426010c6-70de-40c7-904e-6d88d6332ac9
1e3c8bd4-d997-4774-b4cb-46f773038faf,AmEx,59efab27-615a-45ce-8bce-7f683f15fb3e
5170444a-9ae8-4f7f-a5aa-ad855b8cb759,PayPal,19e1fc1a-ccc1-45f4-be66-1f78da4f58fd
c6a923ff-bf94-4338-baa4-373d1c5bc52c,VISA,1e27c6fc-d4af-4628-a5ed-f601896f9a85
070136d9-17ea-4ece-b0bb-643d011c07b4,MC,6eeba845-eb4d-4bae-b860-38f1b9f32c83
aae9b252-1fd2-49e5-878d-ca65401333b4,MC,bf925789-7675-44b7-951f-e165cf5d8722
ad0b1ce5-ac41-4d64-a876-0b97421ffbae,Discover,4a6ceffe-0929-48e5-a33b-cefa6010644e
d706ea3b-06b7-4920-a035-688a7320e327,VISA,1f430b8e-e189-4dab-a448-ac9b1d2b86e2
83a244c5-4d9b-43c8-af23-ce1109a11434,Discover,bf15d083-a907-4abb-bf1e-32339c7dd224
dd5dd6df-9c5f-4a9a-8738-6370e080efb7,MC,15ce73ac-e995-48e3-a41d-dd92f7f01ed9
9861466d-2af6-4991-96a4-a7ae11002e30,VISA,2bbf09cd-7c42-4868-87f8-eb3cdda5be32
a16c85c9-519c-40cf-92e7-4bee001a24b7,MC,66fd58e2-b01c-4ff8-9565-c8d59edfa17b
9ea374d1-55e3-47a5-885d-278fcfd4c193,Discover,dea23a48-0a4d-4c4e-9d77-ccf25ea61816
7da726fd-acc7-40dc-ae42-171f397102ed,VISA,0cfdfa78-108c-4267-b4dd-8d0621bcbe8c
739adbbd-689c-4926-bf8f-4f37db7a1d89,VISA,8876a80b-7fea-4ea3-abf5-266c0f7495e8
ea8e91ae-339b-4046-9b31-2827799274ce,MC,9fde8c12-7a73-4be1-98c6-be4f3f79258d
b0fca595-b36e-42d1-bb84-5e69cdab9816,VISA,07817368-cf3c-44ad-aefa-eb96d73f8050
516a6846-dfcb-4a38-87e4-bad213823683,Discover,74e5e259-735b-497d-b7c8-1bab018fa342
9203e953-2a63-44de-8f05-0ec13d9b13de,VISA,df8330ba-bc3a-414e-ba26-9a73457d3c52
468ce85f-6baf-423a-81c5-5ff3e0c7252c,MC,07a83ac3-85b2-4ae7-8b59-986c93a4e41f
b94c8ebb-1b70-40a9-af8c-84c6a6abc355,VISA,102ea877-931a-49de-9859-8d9565455a1d
195bb6c4-d7ce-47ae-bcba-69f1402d7512,VISA,9e719f41-83b6-4d0d-b186-3c9334ea6e21
32411616-1cd1-4ca7-a5d3-a3edf85c62e1,VISA,7a16c198-4a73-4906-8f70-97cf6db02070
5ebc630e-3e62-4487-9ac0-f5e38719b3f4,MC,a27d17aa-293c-4d64-85cc-a3a31b3bf1f6
b2346764-dfba-49d4-aa81-5bfa32e009c6,VISA,905d7fd7-4a92-48cd-b3bd-618525463c21
0800c711-08f9-4435-91c3-bf9482ffe701,MC,36786126-09f2-4b14-883d-e9a475c8208d
e0b2d435-60a9-4740-8373-94dbf7ac2694,VISA,35889095-419c-41cc-a0a3-c05ab792ce8a
1d0488f8-49e4-410a-8e93-a8232de23efc,MC,992e8ffa-347d-499c-ba8f-ce3ed61bbff5
fa848cde-0376-4cde-875e-50542293248b,AmEx,e2c53c0b-657e-4916-8ecd-c23b5df17eed
1c546b0b-3e3c-4576-9d44-f49b0a410417,AmEx,97be550e-fa75-4d99-9294-fec36df8252e
e5d9c08f-fbd9-4a5f-8845-626c098f518c,VISA,35f210d7-7b46-4569-87b3-6b11f6a3b53c
c930aa91-081c-4f8f-9490-8dfcb2508ba0,VISA,475cdd94-183b-4786-a929-b3adedc2f084
2f894789-9278-438a-90a5-d29fcecb197b,MC,7a6f5310-f4c5-47d4-b1a5-8d24328e85a7
5fe14db1-7b84-413c-9120-a858acf8d22a,PayPal,abe22889-690d-43f4-bcef-66ce5c104212
12fd2c8e-2a69-4df3-8cb7-49383253cda6,VISA,85eb5c16-cd71-4fbf-8ffb-d48e83bd3974
f1435ebb-ce2a-4b1c-a21a-dd563eeff416,VISA,99a4e962-a721-40fa-8c67-813500a37a4e
9e26038f-74db-4372-9956-7001e1cc56b2,AmEx,0183be86-cd45-492d-b853-ac9d89bc9c00
d3b9e754-3b6f-4376-bfaa-eab9f8131d6c,AmEx,e4268982-1a31-4ac7-aad1-6f10563dd168
272d7b33-5135-439d-820a-30a1eec9ed36,PayPal,cd45857b-1b40-4079-a4be-1238c4e7c27f
fcb0484f-af82-4ae1-9075-be2870374b68,AmEx,2a019e75-3d19-4ddc-9eff-186def64b073
4398cea8-982d-47dd-857e-3e87a1cec272,AmEx,7abbae85-bde8-49c9-88c7-9698d3a7a0ac
9d602f3c-c7d6-4fc7-ad60-91f860e3c702,MC,9a980935-26a3-4f57-acdc-556d2f0765d6
0502778d-2787-466d-9900-b22062d5e220,Discover,54753008-60f7-4e62-a92b-96b64d53e7c0
16ca5e9c-ff37-4061-80f0-8c8477ba773a,MC,09f0499a-79e7-4749-8917-61eaaa22f6b0
e3dc08e5-7296-4be6-a9b6-20ff3ebb6949,VISA,517c62c0-620f-437d-8822-a2a2aed6e242
e0efdbd6-43ec-4846-9592-b3ca71fab3a6,MC,4f9d8f55-998a-490c-8c56-b63747316f91
334cdb57-d646-4a14-82f5-2c21f31d6d76,MC,c30aaca8-2fc5-442b-8724-40217b51b129
3974ea1b-5ac3-4fa3-87eb-ec3f81e601af,MC,f9967cc6-2d3a-4431-9ae2-71d2ce375a99
84c1e306-2b14-482d-8850-5cbe5ccb7115,MC,8ed9657a-e8c8-42f3-8110-969b9aa7e1be
af6e5633-abc5-41ee-b259-5c8834c3b0a3,MC,b8a38c3e-bffa-47c4-88a8-dc7d905fe840
dae6ceaa-7da8-4f33-87a9-eb7564e01736,VISA,24437e7d-8abb-4d07-b643-57a7891663d6
8055a850-08d0-4f0c-9c6f-76755ac3574b,VISA,597f468c-67cf-4a56-aae9-51afef176599
2ca066dc-7fb5-4e91-b4a5-3c6dcef1344c,PayPal,818945b3-642a-438e-86fb-e19080a5aa57
1de0d8ab-d0a1-4873-a7af-a1e66a36f8d7,Discover,c9140659-e2ee-4b1c-af67-8d7a79095d57
48468791-7402-4418-8693-ab3205aff3f9,MC,97183d4c-a953-44cd-80ea-7a973e630f9a
4c09728f-23f3-4d40-83a1-b4dc12b69a07,AmEx,d27384f3-d78a-46fe-8a07-9f0d693d1ede
f101f569-ffc6-41e8-ab19-3a6c2868aa02,VISA,845ffd53-557d-457b-b240-6f6d54ab1906
12b21a34-4408-4c60-a5f1-f52318cb6095,VISA,05522b70-77d1-41c1-8cf0-042a46aa3e4e
7f5485e2-7d60-47ce-94b8-8fdafabaf3c9,VISA,a3bac26d-7a0c-482b-ac95-e97bac59d40f
4fe38af6-e545-440e-8539-9e4e0fb8c8b0,AmEx,fb6e2c6a-491c-41e0-a477-a8212314d745
e3ed0b73-ecb9-4b9e-b894-9452094b1d25,AmEx,62603684-5eab-4717-ab6f-2f0a69c46abe
e11c786a-6525-48a1-9aac-d163cdca4fe6,VISA,b448c5c9-4e10-4a55-b9c3-068178bfd44f
c34d6b42-78be-43c8-a19e-3d3c73642039,Discover,d422cc57-b9bd-4211-a664-b708d60d5792
8cdf8788-bd41-4199-9d0b-f2593330cfb8,MC,d95f65dc-2126-4379-b288-f5d4599d60b2
10e4dc4a-eadd-462c-a42d-8a2bd83b9895,VISA,b2488fd4-3c96-4d44-a9d4-5029b6a23bd8
89890e39-c317-4252-bffa-7c80d02bb1c5,MC,fc9acaff-8d53-44e1-bee7-e6b99661d570
ac8cfa5d-7ff2-48ad-bacc-9665cda152ab,MC,d68ddcae-2abb-4d2d-94d2-d1e65f3062a8
bd59f4c5-9b9f-411c-9671-c93f7cbe67e9,MC,35b032fd-b143-462a-9b68-e1e9a15b3618
b806b186-db7e-42d4-8c30-753fe707e4f9,MC,c4cda4ef-9622-440f-b149-1df0982b4cdc
ee64c611-7f86-4e87-8e0b-598e314df28d,VISA,74d629a6-f401-4d54-a6f1-c5bf815872a1
2620ce57-f835-45a7-9d3a-f07871feec7c,MC,2d3f6ddf-46a2-4d5c-bcee-421c1e45e36f
7a580ac7-72d2-4b85-9613-60d8643f658a,AmEx,35726b8f-9e0f-4f58-8722-edfc7d08e66a
8585687f-de41-4db4-b554-ea2813969e6a,AmEx,c276ce66-47e9-464b-a860-aa9e05006a9f
dc71da1f-948b-49d7-b610-f92620861e60,VISA,104177cd-0d0d-43e3-b3a0-66f2013ff6ba
a2329957-4508-4575-ac0a-8c9e8b7ff12e,VISA,08197421-a904-4cd1-9d33-86c0ca37db89
138cf420-96cd-4ca6-a08b-81d26cca4b13,MC,b1b6ff53-a79e-45e5-bf64-be4a57e2bf01
07bf3e7a-c13f-4a19-bab8-8991add2f494,Discover,a92d2e35-a9fe-442a-8f0b-a77a06b9cd32
5b8b38ba-bdca-4731-9eff-5011fa7bb245,MC,4513dea7-c553-4d81-a36a-6910bb3fc281
bf8a60f9-6982-49d9-89ae-1276d5a599a1,VISA,bc716061-2be0-4859-9095-a9be8647cf40
38543a2d-d2d6-4c09-9a48-5f4ada4c0289,AmEx,65c99630-b208-4c57-94fe-ec3973f70f37
3dbe2fa7-93d2-4e53-bd8d-093132235493,VISA,67042066-aee5-4d7b-9c9f-52d9a46ee12f
51d9afbb-ecc8-4cfb-9bff-5c96977a94bc,VISA,e943bd3f-c12a-43d8-a32d-b4ee54a21311
fe94f2eb-3ee3-4933-b5bf-6d8372825e89,MC,ee8763fa-abc1-4767-91d0-73c935fcfd83
dc92552e-eb21-44a9-aadb-eebd8dbc8a4b,VISA,fd3044ae-5ecf-4e1d-bcbf-8b73d9a7a4e0
1c4bddbe-bb99-4898-801b-177e036f607e,MC,e4e48e24-7646-41a8-8730-ea71296e6a57
4908b280-e827-4a52-b6be-74a91cea8db5,Discover,0c3f2a68-d69c-4005-9326-2048652f6801
ae78138f-f194-49ea-9a45-999b5df63e04,VISA,4c4f8664-41cb-4b1b-9022-d6468ac8cdc5
03f54386-f4d7-48e1-8c74-bc81f6a6e9f3,MC,a364dc49-37f2-47c6-a814-d4fff139ab83
c05bca07-1b3b-4de7-a11a-bf1467fe5118,Discover,be3cfd9e-66e9-4f3d-97db-3f6111e571e7
269fd9fa-8a0d-41cf-9e07-f369bdb92fc0,PayPal,8b8c7094-d165-45d7-9705-32cd77e7904f
e9f5de26-d5ef-4a49-a9af-ea4c2a36beb1,MC,8ec9f29c-d081-42b3-8489-0f37ec409f7f
b5196743-5c45-4d89-82a9-efed15f830f2,VISA,bb1f4346-bf18-41d8-b71e-c81577b35424
6b38b3fc-1e2c-48c9-a4cd-a32f72cd38aa,MC,cc37e385-9753-4cec-ab9c-3edc473ad7d5
7e45352d-4aad-440a-ab60-a2848202d0eb,MC,7ae4e6d1-bb9f-4a57-a2b3-e3311902c202
82795025-e4c5-42a2-92b0-a9499fadef48,AmEx,ae044101-1fb5-43be-817c-05c64d43e282
9aa37b6c-8337-49a5-a5cf-b0534fe62ea7,VISA,f341d4e8-2438-4103-8d23-298988297941
f79e2d38-d8c1-4693-b98e-6f094a20548e,MC,d5dc8f8e-e1d5-4b61-9745-6cf065cbd7e3
bbf597ce-616b-434d-9491-4a159894cecd,PayPal,ab19a64a-bf2b-4129-8cec-87a12fa88583
14fd5413-3174-4ac2-aba6-9619ebe83821,MC,af6e295f-bd07-48b5-9cfb-6f66b0509854
e31be641-bd26-454b-b5bc-9505207c5255,Discover,50fd87e7-41c9-491a-a91c-08a3c85487be
53c3aeb4-18fc-40dc-8bdc-6b602d03a9ca,VISA,0f0e4806-f88b-4b9c-916c-259415e7bc4d
cf361de0-039c-46d3-ad1b-d3d6b547d682,VISA,abd18438-c99a-4c9a-91e8-05c033d2a47b
eb33d1a1-fb2e-4fcd-919a-288b9cc9ca79,AmEx,bc59a890-0b89-4f63-9736-ef0c95eb4a28
b8bd4acc-beb5-4a76-84fd-e3c155e1cba8,VISA,54c03d94-c84f-4ebb-8305-d6edc4fab864
9587741a-8a3f-4619-af83-7ba3b9fd78af,MC,4e47c26d-82c7-473f-b6eb-93799f352cd3
c52a4700-d0aa-4a3b-9f38-68b92e73b48b,MC,f372cd71-d049-4b58-8657-c165d9aee7fb
3677968c-10b6-4765-a69c-ffbf7fc17dcf,MC,5b03b569-4a27-453b-94dd-af58e752f5f2
c190eef7-9363-4e67-925d-ebd28652a61a,VISA,36d95330-0c3a-4f6b-980c-e9f5cb4ffe8e
fd9ab9d6-2f79-4bb6-a7fb-52904f416a63,MC,e18e5e22-0009-4d3c-b288-d3dac84ee28a
6c4f4a04-4bce-4037-a1d0-b764d981a58c,Discover,fe4e9282-ccec-4021-ac97-15110157aa6a
945eb3af-4a44-4618-b196-e943eb763dec,Discover,2c779eb8-d8f5-4cc5-a829-482f411745b1
778fed5e-d045-4be9-a508-9c6220d5dbd0,VISA,596a2403-7dea-47cc-8dad-db5815de3eb2
35823c3e-d644-4648-8008-85de8b90d95b,MC,3e283a6c-2c6d-4e34-8ddb-29f4a9b0d5f3
602fd4b1-1187-43d5-aff2-831c57831b39,MC,730cb18b-ed43-48fb-a252-26a12e9c7c49
16aef143-5f8c-481f-ab36-58601f005b9e,PayPal,66ff06da-91c8-4037-a513-f2f48a4f1e9c
113570f4-d33e-4346-83fc-140840a1ab79,PayPal,561a35c1-7b8c-4134-bad9-d8a2b89b7b68
b563fd47-26ea-4255-a58c-fdaaec8b8cf2,MC,9fbe90a5-7930-400a-85a3-16b59e2fa9d3
3566d926-e85c-4ab6-a2b8-a35ba647b666,Discover,cdd66f18-e754-4e99-872a-66d377be1555
b40ece1a-e39a-4d09-89fe-5be6a3014a99,VISA,f872f2f6-2b4c-4f1c-97b2-d8acf5dc84de
ad60e7b3-08f3-4da7-a8db-e06bd5bfaf34,VISA,b3ccf7ef-fe70-44aa-82b4-70b873cd44a4
f3016e38-0151-4fc7-ab0b-2cd2aab23bb4,PayPal,ad586307-70cb-40ec-8bf9-cf17b4fb2dfb
57619a73-9f07-422c-b138-97ce1c124fb5,MC,e57f61a3-adcc-4033-8d7d-8e8bdbc256f8
2187600c-f57d-47bd-bf42-3c8c10e56fd5,VISA,f37a679c-2fae-49d0-ad5b-b38cfe6b35b5
c5e763c7-bfe2-45d2-8807-ed03bced964f,PayPal,c11ba50a-2519-44df-aa0e-dacad9978546
3a3f2992-83ad-4332-ab27-2a1bc7def0e1,MC,9141034b-24ac-41dd-8b2a-58fcd601bde7
b43b8cf1-3e8a-43ec-b55e-085fabc3c438,VISA,d3f238b9-3c9d-43b0-88b6-3de2afe3e621
381c9b17-3960-45dd-8e19-12fa39ccf7c1,MC,8a66fc05-5a96-4a60-8d16-ce03645ff384
32e2af3e-c704-478c-ba8e-60c556421550,MC,8b3151dc-9d62-48d2-9038-8856b48529d4
6dbaf82b-00b4-4679-a00c-2f530c91e07d,MC,d2734575-38cb-46f4-89d9-94cd0851182b
e9b9a36c-538f-48e6-8532-c2bbf75c2794,MC,fdca272a-3701-42d4-b666-9f4348c54795
20df87db-50f5-4251-8611-e15bb77d0487,PayPal,7b05585b-2220-4b97-bba0-d98c0b56e70c
b47f79a2-1f9b-415b-ae48-9ed93641a42d,MC,226b6c7d-8e5c-4dd8-8908-8ce5af77edf6
9d256bd3-c896-4dd8-be43-b2def20c994e,AmEx,96495531-146a-46fc-8472-cfec50abff95
c44c6bfe-6d54-4806-a8cb-fd3d5dd77992,VISA,bd2f8a5e-8d1a-4a6b-8bf0-548501158bb8
adc1002f-772e-4326-8d25-395e7696256a,MC,6ad7b500-0bc8-4853-bf60-6d5ee9f3572f
d4c48030-ae0b-4ac6-a0f5-91ed4f6fc9d1,MC,b7b8604f-6846-4bec-9e9f-deb7c9085d57
0df7e5ad-460b-438c-97fe-77ed088d1de5,VISA,d5a5d7b0-9f14-4ab0-a929-aca6115f2d9f
2846f72b-f0b4-4afc-8f0f-9e6d0fcaabfd,VISA,d6962a90-590c-4f06-93e3-f66476c9c679
13ed1e09-2feb-4a91-98e6-3b8b6059b083,VISA,d1a88458-feaa-4cf3-8025-267d4d9bf91e
055ac12c-447f-4128-a070-edde2b87a127,MC,38da5d27-ffb9-450d-b776-550b303698ca
83de5989-c202-4b28-9b00-1f894f61a18b,PayPal,bdcfbb5b-de46-4ff8-96f1-94c36b556b00
4f452a80-656b-4bbf-9f17-dd7c71ae7e89,VISA,f0eaf01b-8cc7-490d-a770-06fd245edf52
290e9000-4c29-44fb-bcab-83630604196a,MC,e5e06d96-32fc-4ab6-8349-d250a3f475e8
b6cded42-f6ea-4279-bc3e-8d0e416bd353,AmEx,1e921e56-869e-4def-bf80-b020ff19e190
5a0813f4-073c-4e8c-9884-2cb763807924,VISA,0247b7f4-82de-4894-b0f2-4fa22bf1a01b
635c084f-e02e-43b2-8f80-887ad0dbcba5,Discover,a0545fc1-fceb-4c09-b656-578625157c99
499ab14e-e0cb-4732-8a2b-9ee3355277ca,MC,7b57513f-87dd-4f58-aed8-093711743650
c0356991-3faf-4a3a-a408-b093a816d473,VISA,11a1fbda-193d-4774-a086-05de2994099a
fb903f05-ba52-4d73-897e-086f4d2307ee,MC,dd4e06e9-43ea-41e4-a8bb-e879a11aeec4
321d3e3b-7018-4bd8-bb10-122bf09646ed,VISA,97b1f247-d6ce-4768-aae8-a6605db4d42c
0af11a50-0b64-4e2a-9e67-e9d1a64ee2bd,VISA,d6bc1eeb-5b52-41f8-948c-907372371b65
11f5a4e6-d742-4461-bd42-1ed4a9ec469d,PayPal,aa9d4f62-b8a0-4e08-9c25-b47b064e87db
c6ea6530-f6e1-4518-a9f8-ab7bffddcca4,MC,ea9c8b2b-f250-4a99-9460-c8ffca8a86fa
628319e8-bc22-4813-9605-b7d3ce8edd82,AmEx,c9cb36ca-aa6f-4b3e-9c8f-a14058e0e8ef
3247ff20-bd76-43ce-9cd2-58a5b898c944,AmEx,a481c8ab-c959-4165-b18b-cccd48c19abc
ea65a537-2779-4520-8c1f-4280c9545e19,AmEx,c29a6460-aa5a-4b72-89a9-35bef45cad62
0a828b0a-869b-4285-a2a1-4f35f18c666e,VISA,485170cb-daed-4765-b289-4b942b0df747
5c52cd98-4333-493a-965d-09dacc4f5ad6,VISA,b266125d-4285-46ac-8940-909369ebefec
1531bd95-8787-4c5a-91df-a03d3b6ceb33,VISA,2385439a-b0f6-41de-87c5-57b51a3af417
739795fc-941b-47c4-a503-0327db475304,PayPal,7657b6cc-db90-4561-9f9b-4ae8a8a85293
8697c40a-76ca-479b-b527-f30a9ca7cf21,PayPal,0065e3e9-9f7e-42e8-80b2-5d2273c8fb71
b95a5dcb-0b2b-4c87-bbc7-c72862f5d6a1,MC,1a1c7d82-75ca-4ba3-bdec-67c255550647
bdfd4b8d-0a38-4d2d-8c5b-eebe54558b50,MC,3f26771d-3b9d-4c19-b268-2c8503c0697e
990061e3-2141-4b3c-82f0-a96fcd7d44b9,VISA,10a9967c-1279-4f7c-b4a1-d6a3b5a934ba
5e789c07-ed10-4757-b3f8-d8b6bc24534d,AmEx,152cb513-2d0b-485a-b94b-a9ec283f5730
527bb033-2c62-4d8e-88d9-02a9a3ec9aa4,MC,23f2a239-dd8a-4df9-a9f8-eb378f7a565a
d7f7907f-a15f-4d42-bd3c-c7908626dd33,VISA,b6db153c-022c-42b7-bd93-8547c259ff70
15bd5464-1526-4ab1-a4e3-afb409af046b,VISA,a6aaaf11-4fa5-4f61-9851-2064ffeadc98
114d90a4-4ed1-4eb5-ba70-2bc3e852e05e,AmEx,8fde4ce3-273f-42df-aba2-dcbc4b668edc
ac77660c-a41d-425e-88cb-72c19a46f62b,VISA,2e295736-a1fa-4050-874e-2c26cba572f2
9a38658b-0b1c-40a7-8e72-831eb05b899f,MC,ef8d3063-9939-4ef1-aae7-0cd17db1dee3
8b3e6a46-7ce5-4851-9cbc-a4e7cfcf4979,VISA,320dddd7-91fa-4934-aa10-1b21dacc7810
3e095532-c784-4438-9b74-810bc5605450,VISA,ad8886ad-c291-4c9c-972c-974f55490f5b
b0445709-0e1c-4096-bb6f-1540e4ab95fc,AmEx,3bf4911d-1aab-4167-80ec-e47314a5435a
689a86c8-4b67-44fe-9361-5ba583c1b8fe,VISA,686b4d3b-fdbb-49a7-9080-1aaddb12f4bf
454220f4-771e-4116-8308-4964e9b67ce3,VISA,f79058a0-1dea-499d-8d94-53d768ece674
3e346371-afce-4952-9e64-58f01d9717c5,PayPal,fadb23a8-06ea-4239-ba30-e46eb11eeb23
c71676ae-8286-4c44-ba20-12bbeaa1d7ad,VISA,60b1ac80-80ce-4c47-879b-96243132ab27
5ad38f2d-cf41-4309-aec6-442fe6d7f6bb,PayPal,39c148fc-49a3-46d1-9715-32d6bc30eb9f
c87fe035-fdd5-49bf-99ad-e5ef653087f2,AmEx,5efce926-50a9-4e3a-a3e0-0b9eb9d63c51
56a7f76a-f5d7-4d67-acf7-3a13cb291159,MC,508d1f53-0cba-4d3a-af1d-bbb9ed860bdb
52663042-726b-405c-bb5c-bf1d73f886d0,MC,75c931df-7d46-4440-8892-e52cfba1d313
a2421477-fa95-4a96-a985-61fba1d1572c,MC,1e85fdf3-2112-4710-80bb-411e71387900
b22e9ea4-682f-44c5-adde-61505280e590,MC,76debbea-48c0-47b9-8dc3-548ec0a209de
aeca418e-9650-496a-8b91-c5b00a00d4d4,VISA,32f87317-ac09-426a-815c-6851a2d97622
cf0ceda6-949d-486b-855f-644810db5504,MC,4c6d5bcf-0ebb-4543-9ab6-b7dc7f86a0bc
1bf9c026-2dc2-478a-90f5-8a56b1525a49,VISA,848852da-ca9f-4678-8051-00c0aa0af73a
c2abf010-e6b8-4595-a2ca-444b10506f18,VISA,d28e18d6-7a8b-461b-b202-3017cdcefb33
e95a2138-2703-4f7b-98f4-60ed79c743d0,AmEx,16aaad19-343c-4cc1-92c4-8b51a5abff2e
24ca7e1f-c3c0-4683-bc6c-eae80df52a3a,PayPal,27365b8d-4875-487c-a21d-fb64ffea64b0
fa128d67-179f-4d26-84ef-34149da76a7b,VISA,5c98618e-8eb6-4371-b6a3-4e389aa3214c
5c8283fa-3e8f-4802-8263-740e67934de1,MC,2be21f0b-db1b-45f8-981e-526d1c092a2c
a80b9d39-b873-403a-9022-ac699d24c174,AmEx,f562fdc8-c359-4800-8b7f-85ffe75786b8
e7029f50-b017-4943-ac12-a29446b99af2,AmEx,a71c3627-8bb0-474b-a439-9f14209cf3f2
a4195bf3-6fb9-48a7-bc55-91001004f732,AmEx,ec1882b7-ce0a-499a-b242-4156fb145602
91668852-9f7c-4e63-a191-3f8d29e494e5,VISA,01977759-8df5-4c9f-afc4-d53bb684209f
8438a033-e41a-41bd-a4ad-129118ced64a,VISA,4e92351a-c1b5-443a-b9f5-ec8e95ba8ee7
fd359e0e-c558-4a13-94d3-1eb16443407a,VISA,d928e4df-3935-40ce-a5d0-6597fdb27acf
695b21bc-feba-4ead-abaa-3aef5c4b336d,AmEx,f37902ab-8e64-4d65-a369-e2ac59634e77
e7ef626d-9aa3-458d-8de0-c6cd71f94e37,VISA,6bf6126c-025f-4889-bb39-312389379307
f9e66087-c4c3-4b3b-88ab-fd18b36b43ec,VISA,a255c49c-c613-4d9e-b088-fbb426e92e13
f71d09b1-6dbc-4aeb-bd53-d6ffde0dbeeb,VISA,1dfdc0e5-3a21-4e99-bb1b-faef5e729cb9
d05fb717-5f3c-4e48-bec4-8efa5af56f08,Discover,8689d0ca-1eec-47ce-94f1-370ed195a8fa
29642e5d-a129-4370-ac70-ea4049f761f6,MC,b8e9dc0a-ce8a-4a80-b987-238c6570664b
4d958fb4-16ab-4cc1-9fda-11d29fa8bbf1,MC,4dcb37f2-f903-458b-b57a-f6234a52164b
5b7966af-c570-451a-8be9-7cf593d52e4e,PayPal,f537d6bb-e1fc-4914-8e36-7b5b9e873aa6
a51331e9-c1c6-4f80-a7bf-dda0d39657ba,MC,92863574-4110-4043-ab16-40e2368d956c
6112f1a0-4509-4df8-9720-e736a8d4389b,VISA,d02e8dd9-ef8d-42bb-aca9-eeb77cfd18ed
e1c64c04-d368-4015-8c80-fc7ff8d1f8d2,VISA,8a93865b-409c-4f72-b785-68da4152e87a
ab646c43-2f2d-422e-b5a5-b074966c6c50,MC,5e0ec914-71fa-45c7-a972-6df2bbb8cfdd
bf152793-7d23-4e44-84ca-9880ced1a62c,MC,1d62af4f-6f65-41f5-8372-e63cc9f62a00
dad460c8-39cf-4dee-832e-07c071abee41,AmEx,438c97b3-1670-46d7-9cbb-f550997cc138
6b2b0b3d-a535-421b-a07c-8ec99bbd7a96,PayPal,1d34a82c-ce59-446b-8836-48aed2aab68f
9aa0bb5b-e18a-478c-83bd-937fcda188a3,MC,3b473a83-6a21-4c4d-be7f-398228a2328e
469d576b-e6bf-446c-bfdc-437c5421fa85,AmEx,649fb767-d752-4325-b397-3caec3a8d694
56788bae-8e84-4666-853a-5fbce318b654,AmEx,37a4433f-4add-4d4c-9fd1-75f57bf4d578
66b87893-ddbd-4d0d-a4d1-d327f0e4d37a,Discover,d0759ab5-4680-4876-ac6d-59e6530294d6
7df48c5a-f3b9-40e7-8e79-c631e6242e39,VISA,abfead1a-8e11-4296-8b46-5d9dc5a269c2
4c1a413e-3c91-4cc9-9730-dade8e6625aa,Discover,b1cdd172-fd40-4501-b74f-0a6c63bb04a4
7a367e46-45e4-4dae-9ffe-a5d02223296d,VISA,7d5d1779-e1df-44e9-ba28-aa0f334de151
13b59717-74b3-43cd-9fd9-946fff15cb7c,MC,dbceef3e-9436-4ee1-93ad-e5936095a582
e3ddacd2-8d67-42b0-af36-834f0b109a7a,PayPal,0c88ca3f-228b-4076-824a-c4e9bc640b8f
68d4703b-fe9e-422e-b068-5508c6a76834,Discover,771052e8-a868-4ded-be87-8525b2d4a16d
e9618458-fcc0-40ce-ac45-db826fd2a349,VISA,2ce682cc-77e5-4e10-b387-b5dd0703ce3a
c70a86f5-655f-41d7-8242-f4bc0735c5e9,AmEx,68f952b2-9d50-4e3f-832a-233b386de191
a8a524cf-9fe4-4084-ad4d-7482c3fe89f7,MC,117888b6-b6ce-4756-8a7a-80ebd5781bc7
1fc870bd-3fe8-4473-bb86-04ec81b1d8ae,VISA,35930215-6fc2-442b-a5c8-d2a7e6200ee6
11f3802c-4904-435e-a058-3d62e4f8a339,AmEx,9a2d7265-a115-4f55-9991-60cc22888e00
37215bcd-acc3-4c45-b8e0-52dc16055f91,VISA,ae3f1d8e-42fc-4597-86f9-5a34959cca93
956cab19-5310-41d3-a35b-283864134ed2,VISA,8b8822ee-c2c8-4a0b-9e4f-7a90c9029251
64b08ae1-9b5c-42d8-9762-6c92f014bd10,VISA,a4c059bb-68e4-47ac-a1c8-5aa63bc3a319
065de672-f97d-4475-a150-e7240e63aa78,MC,8a7c3fb2-72ef-4db1-81cc-ca6b4a8a0c44
392ac7cc-eeba-4d84-8496-4625aea6071a,VISA,e8f67bfe-9bab-4a1e-b9a6-e68e62402afc
94a74a24-c339-47e3-9cc8-1156f06c3f30,MC,711182b0-dd28-48f6-8617-38999b9e5988
b1af518e-149c-4fd1-abff-e51c7870bcf2,VISA,5a1ace4d-ab98-4922-b4ee-722baa99ab01
762e79c8-a5c9-43f6-b0ab-556640c25b41,MC,52239cbe-3fd8-4e86-a18a-28f353469bb2
5c7c1e86-7799-4da3-bc3b-59aef272a8f4,AmEx,2fa725f1-2fe0-46d4-8dfb-3f32d20f8706
0b2bafc9-31f0-45d6-88f6-92b9a146301d,AmEx,ef415564-34d4-4f33-971c-2afbc10b6a4a
258855cf-3377-4f15-bced-a1c3f1d7dfcc,Discover,2aa37d8f-dcb8-45ab-a0d4-8a9ca11e7b26
58789928-4cee-48cd-bea0-c378b17707aa,Discover,0db4df33-7588-4904-b1ff-22f91d9f46bb
9fe2f430-f3c7-4910-8b7e-9a34fc90c4aa,VISA,741ff0a4-552b-48b3-b13e-fcf0c3f43baa
c7d462b9-612b-4564-8f4c-c4b343818ae6,VISA,cadd314b-1a2b-4b20-8149-3440a3fe8843
2962e167-a241-4075-8f3f-0a74644bba96,VISA,7500c75d-a75b-4bc4-b516-15401b29f571
fa79f14b-7c0c-493d-991c-6dd2b2b67407,VISA,8288f841-4e87-4f8b-8bc0-ff3f857fe149
91a7219d-d01f-41ed-ac56-94b1cce1a845,VISA,de97860a-d472-4d2c-a6fd-16de9265ea3f
decff3a7-58b4-4746-86e6-5ec7519ba1ac,MC,9f5d0485-85f5-45c2-9ea4-4f78f524ca6a
49d9f4fe-9f6b-49c0-aa07-f48caeead76a,MC,a7beb8d4-f1d8-49ed-ae1c-3f29a1c11e5b
36d65316-68ef-45af-8a2a-5fa68b6c5a4e,MC,4c1b0e64-0d5a-46d8-9389-c7bc401e0915
d3d63a81-933e-4a1f-acab-e86ad8bc4a83,VISA,fe121018-5242-4b95-9cdf-ef819ce8b062
f0aabea2-1176-4f4a-a9e9-3ef8011a37d8,MC,048bda16-d000-47ab-8753-074ed9938b87
cf64fc8d-b0c6-4355-b9e0-84ba21f7c0fc,MC,74b71712-bbf6-4c19-9c62-240201311a21
71c599fc-e856-4454-b93a-2d7f0feafacc,VISA,49e72964-fc71-4afd-959c-71e82f2f39cf
45375998-2ec2-4618-a5a7-500160f4e1a6,AmEx,b3b109cc-7986-44bf-b032-96ee80477a31
5c9518e4-252d-490c-a59c-5286f4be5531,VISA,66a27e8e-8d7d-4c84-80b2-976b7a16c7ff
f0a8bffc-9fea-4848-8221-608e06b512b5,VISA,b33f7d14-5a5d-4dc7-98c2-4272c6737702
df4a56cd-41b5-48bb-9ad3-f53055c268d2,AmEx,7f466a59-7fc7-40a8-9d29-a112dd884103
63ddc5b4-42d2-4e1f-8ed0-7b54fb63e730,PayPal,3af9ac31-4df1-4f87-97b6-20f59e67dba0
dec9b84d-b817-4040-a78b-45a3b902b166,Discover,59d861ce-022a-48f1-b164-752e101c212e
f853cafa-4163-42be-8592-11f25948a5e8,AmEx,7a9731cd-ebc7-4a32-a3a8-3ed600b7754c
1019cc64-1cfa-4fa9-b3f3-ba1285624dab,AmEx,fc2c4b1a-f795-457d-b868-e4aa95f0bc08
00dc3cff-f5b5-4ee5-b298-877b9d84e8e4,AmEx,e15a1ea0-679e-4855-b2a2-5e98bf365f02
e5ab5be4-9882-418c-8e1e-8933bafe137f,MC,955b5efd-eb2e-403e-bd9f-f5152d6e31ad
c9411a27-abb5-4378-b1c1-3b64c319834e,VISA,1ee43fbc-19ef-4d8c-88ad-ddf4e57db17a
67fa0a07-dae0-4469-b56e-e4d2c8210cf0,MC,252632f0-9891-49a1-a16e-5e909eb5db14
b6e07006-c5d8-4d78-a5fc-b485a0827e66,VISA,8e897571-d2c4-40b4-a503-4f2b970f5e2d
8634fc51-76c2-44d5-82f7-c78172acf9b1,VISA,0429f724-86ce-4521-8e02-84b683853bac
93072673-d286-4f23-afb8-a3dc4b4d7882,MC,31d8de6c-13f6-4f59-bc7b-2f329334a2c5
578c4f8b-aa2c-4f57-8b5c-2059ec9963eb,MC,61ad5dc4-de0c-4568-ab72-fc42ea86bd6e
ad63b93e-071f-4a1b-ab44-699cf995c0f7,AmEx,7b60bb9d-9dc7-4a2c-8bfc-e0b88e71a5e7
41b5438e-c9d7-4455-bb0e-f4e970c49d0a,AmEx,3d979227-ba0a-4c32-b962-ad04f26baf7e
378024dd-3b8b-4779-a3f8-d94a0fab553b,PayPal,9ba962ff-2b21-4f00-9332-a52b40ca5d35
bf3e15a3-5cdb-40cf-8617-20d35de0ad22,PayPal,ee3dbf19-860a-4847-818d-50946b9f8d0e
c9a2f308-528a-4d40-afb1-a13ac08e57f0,VISA,f88b0681-99d7-403c-b69a-57ed86c7e25e
2aedf7f5-c3b7-4f40-b0f5-753c00be3992,MC,24c9ec8e-580d-4c14-a734-143349d38399
66c97d36-bd63-4853-be79-480a5ae6ae35,Discover,45f1ee4f-c6d7-4487-acaf-61618b8643ea
4f03c2e1-b312-425d-a14b-de26cab0656d,MC,8f640b26-1537-49e5-94b3-f7086d951df1
b0f4f5a5-04be-47f2-9b0e-8750ea8154ff,AmEx,7d4a84e4-aea8-4e9a-a07c-18dccc0021f4
01471ce1-f9df-4455-b0a4-d485eac4edd1,VISA,f8d22f30-9d54-4320-9780-bfb6fdb47f0c
7bce5704-882e-4048-8d1d-2e9678d6a358,VISA,99f28c87-07f7-4367-9230-c04613e5aa32
601a9bdf-72d2-40a8-8836-aa99090819fe,VISA,3f50af9c-aaa5-4389-85d8-5362f07e6d10
b1e64cef-7c06-4107-a1c3-94f15aa99b5f,Discover,2d56591f-2718-48d7-a14a-da1bbd7134b2
4c1cab8b-cca2-4a37-b39f-d4943f58f865,VISA,cfc4812f-ecae-4f39-904a-14853c3a73fc
4e89e19c-574e-418b-9b29-1ec20a40f6f8,AmEx,6a498e44-9bb6-4d51-8941-564d0aefb64e
7496293f-b1c8-49d7-bba7-755bb51e52e3,VISA,a79fb645-0396-4fca-b123-723f5a45852d
8cc5825e-c1e4-49c7-9bde-ca29f81c093e,Discover,0312bc3d-a1bf-4e03-b80c-5df8efd92625
2227b886-af8b-4913-b27a-b273b06a1d0f,VISA,86605fb0-824e-4fac-ac16-5acdd046f104
3d24f42f-867e-438f-b8ff-b85aff9571fd,AmEx,1882dfaf-014e-45d7-8fb1-8b4082e9d3aa
e27fc5a1-27cf-489c-935d-ed6a9d4ecd47,PayPal,a0ff12e3-e204-46a7-a231-3ae6892c7981
c74aa3e8-3553-4e6f-8955-aecedc1b5974,MC,8b255396-a28a-4992-afa2-f87956f05b53
b085f536-e3f4-4635-95b1-0e6e77a8ca46,VISA,37fefefe-b565-4af1-8d5b-05d1b76eeb09
2b0edc07-d748-4a25-92b7-59b060053377,VISA,317e268e-c188-4d76-9fbc-4be19d11c054
071f9be4-56eb-4775-8a6b-bac9fceec5c0,MC,9493af54-005c-464f-b40b-3c511763c072
2093354f-7b8e-4a66-bfa8-f593f9db64c5,Discover,28f81729-82c7-455c-a590-e604b553c295
cdef3771-2d83-45c0-92e3-b8e3c35fde4b,VISA,78207f2f-a2ce-4921-98c2-be7fd5e38564
49ca3b76-cb93-4fdc-9ab0-591d43bf3f8f,MC,36b6b243-d77b-4796-92dc-0df6c8dfddf7
0f54ffa6-5ac7-44ab-94f0-6583216d0fa9,PayPal,4233314e-4d29-4985-b64b-9af384e94af6
9dba5c61-7ce5-4b9f-bae1-66f9a620943b,VISA,e5248106-08e9-4f32-a104-794b2b11e429
a1232225-97df-4131-ae87-3189b7ec4e06,MC,92e01875-053e-4bc3-b879-9234248c4965
65868079-3c2f-48da-8b87-a851d02260f5,PayPal,68bb5ff2-a815-4855-8c9f-065a34944a2d
9429a533-fe72-4c09-a557-ad51dc0c085f,VISA,958a653c-d5e3-4e5b-a9b0-e70d2323f738
c4df224d-99f4-4ffe-a64a-cf473621408d,AmEx,51050a44-5af7-4cf4-b53f-901bc7f92ae3
5e8076c6-a0cb-4ef2-8036-866abc03b82a,MC,9852d1a1-02b1-4c0f-93cd-9fde83e51c3b
669f43a2-ef08-4124-ba39-eb8ebabd5a56,VISA,d086190b-741b-4375-a6d1-7531c26db936
0a60f38a-8a42-4484-989c-59bea9ae4f3c,PayPal,7c914876-2233-4f9b-8d88-0e1b9c0c0dcc
d16aebd0-f862-41ed-be06-518db7f6567d,MC,ce8a768e-5b14-4a85-be0a-3fb75fbb89da
8c7ff80e-712d-485c-8b16-5998979f8347,Discover,3cf19c3e-03d7-415e-af48-01752df69612
e8c0e907-77f8-4b60-8d8d-76b41bfa3421,VISA,a01d5269-1fb7-4029-933d-e04e5946f170
a9d157aa-a456-4024-9eaf-eb4e6bc1f082,MC,5dec94bc-1539-4f99-94ab-c94e84ce028e
3017f11a-83d6-4070-9bb1-4190003fcc44,VISA,871296e6-a1f7-4889-a5dc-48941c83afff
4d5ff28b-b83f-468b-aa54-f88e542a7011,VISA,95382af0-1041-44c9-a638-42d9707e06ed
45b6732e-6e05-4a7a-a1a8-54e6623900fa,PayPal,9247aab0-52e5-4707-a81b-fc464ed02ff9
61e7e981-a4b5-4c37-bcb5-07dbaa82c009,MC,06fddf61-503a-439a-945e-4192e64a1f3f
309fb7d7-c8e3-4ffc-a464-5ca33c1577ba,VISA,c3b462c2-d6c0-4c6e-ab52-1524390ac848
1a365101-5454-4a6a-93a5-723e99de6271,Discover,023fd3a9-3b23-40f9-a692-94d7ec8308c5
ed26693c-db7a-45f0-a26f-0ef0e0d4a5db,VISA,a67386b4-bee1-463c-af38-a40a4e8d8b0a
62cbcceb-c77c-4bde-833f-a90ef59e4144,VISA,b4635b30-95f1-4dbb-af56-9afa54d9a33f
600b9050-8074-45e1-9396-1feec0285c68,VISA,49a4de1a-73ef-4a17-9c02-a79dda025fb1
6e8ea600-d378-4694-8ab9-7e3d03afaab6,VISA,78dc5ad7-cbee-4f66-a631-6a0842813cd5
c2d2bce0-7eba-4360-8836-4aa4360e3143,VISA,f459eb80-27da-4e4c-9885-39f70aaf9f7e
364bd5a6-ce4a-45b4-8be0-aecf9d1116ef,VISA,a6465508-a869-42d2-b4e2-978d8f95b2e7
d10114f9-74f5-4c01-99f4-74807ad009de,VISA,623bdec9-a58b-4204-a963-c10973c445ff
3f601a54-e222-47cd-bb15-96e72e0c149d,VISA,8a55959a-02b0-49f3-ba3e-a4013516637c
40c4231f-6218-44c1-b9b8-59f88cd14861,MC,a239e571-0ac9-4fa6-b18f-08edb034b153
b77b0108-27b2-4dbb-b284-c0f09121145e,VISA,50c84cb8-f5db-431f-b4b2-71bb12489fc6
d0951be0-7a9a-47ad-812b-d61f05fed18d,MC,12fa9958-4787-48c1-bfda-e35ec8d0b778
64d3a620-d31f-4732-b545-66d87bc1bc91,MC,21216a27-a7d1-493d-b5c0-f61f33bdbe24
f190fbd2-b217-4db2-8a51-3a2756896d8c,AmEx,83198df8-ba9b-4c28-adb7-716117b65129
d7a1506f-4a75-4a53-b350-e03854f23656,VISA,49bed40c-26b5-4553-bec2-cdc5d3b58c4e
cd02817b-fc4c-454d-9cab-18544050c7ed,AmEx,28af9c3a-b76e-4b00-b7e5-1fe78b9210df
647d1fb4-0548-4d95-8e01-50294be7d297,VISA,b565795e-cd8b-4a8d-b80d-05ba8efa7a47
d6835ca9-9c64-469e-a1fa-b4a25d7ccf0d,VISA,340ca720-6ed6-4a7b-85e8-7abce27d5ef9
5b2c3ce0-e12e-4635-9696-3d1ef8120494,MC,7285122a-8f1f-44cf-b23b-8460f44f0005
5baa98c3-ecd9-4eec-8807-8df09fd2f513,VISA,086bb366-6191-48cb-88ff-7fef986d1252
5a00f743-2a4a-4bea-acec-e60b4371bc59,MC,c968d1d5-a2dd-4199-90af-295237d89699
a5803a95-9af1-47f0-8e67-c04c908ad133,VISA,f4291ba3-764d-4cc1-9425-6ab0d0e783f9
8f0c86bf-b8c3-4fc4-a682-ad5684f9b564,VISA,673b1165-4e84-4b6a-8e49-569c226ef5ff
46817a1b-06dc-4c29-a347-b10ce970aacd,MC,1692627a-dede-4d4e-b6d3-ee93558e3c4a
8763393b-1842-4c7b-a131-0b703180e742,VISA,ca9bfd45-8a2f-465c-9cc4-82542e6b2224
704bf615-f2ac-4cd5-aadd-2b656719ab4c,VISA,28d08990-02b8-4f77-8dae-bb1657f9b58d
773d84a3-208f-44ec-9b78-bd17dca725bc,Discover,44cd066e-ee35-418c-95b7-29185b25bfe4
ddd5c148-0288-4bcb-9092-b012787682b0,PayPal,98c6ba7d-61df-4031-a43a-16fd524a6a0c
13d753d4-ea4d-432b-80b2-6e699b5ea248,MC,2d192ebc-e24d-4f1b-944c-e1839730ec38
339bcc2a-db92-47a5-95e5-723f31935069,VISA,a5d452fa-188d-4a3d-a669-401561827d49
fdd47e8c-e9ff-4ed7-ba72-a6e7cf90f527,Discover,ad6f505c-fd2a-433d-ac4b-7071f208a7d0
c7ead9b9-125a-49a6-9cca-98a21c82ad2c,VISA,e23eb744-085f-4e55-b0c9-2ef58edfe2d2
46515e22-85a2-4cdb-9247-ca80c1ffadc1,Discover,46f7543b-299e-4a6e-9535-e0adefd263c7
90ead548-b34e-444c-b4ad-f31050c9ce77,VISA,f9261c8f-75ef-4527-8d5b-f86e39a8f7be
6b8b2855-a6a5-44f3-8ee0-56bcc44a9ac7,AmEx,b1647bfb-794c-4da0-b405-359025223aa5
ab5ea1fe-8f5d-4387-804b-873ac83b3808,VISA,b6df8530-7a0a-4ea8-8943-96334c29c1ba
84f54b2c-36c1-4221-862e-89dad8ef130e,AmEx,7bc5a86d-5524-4df1-b07e-e9d389eebc37
761def8a-bfa6-4a33-9826-477a21aae261,VISA,7ea78487-4513-453f-8495-edfc48d9e0bb
d4b1fbce-ad3c-473b-9aa6-af315dca39c9,VISA,369fe644-351f-48d7-8e95-cd31a24768e0
8f43e7dc-f4d5-420d-a10e-86176f6c2e54,VISA,75e6f484-6635-4258-b04e-58d6fee6d5c8
00332da2-8534-44a2-9087-02b158a593d5,VISA,e5a5e038-954f-4ef3-b0e4-6166c54e40bb
f5b13bc0-3c5f-4ea0-8f84-c0638b328b20,AmEx,f6762835-d7da-4258-be33-076ef40af55e
fedc6f3c-b452-4228-88a7-6dc54d3679a5,MC,7f589638-c7d7-4d58-9e40-b0460ebbb139
a8e0a28d-a7dd-416d-a51e-22b9004546d1,PayPal,e709c981-f675-4658-a67f-fc0ab22edf0f
0953c788-736a-4ed3-85f1-67bda2f31d76,VISA,e1c59919-40a9-4871-991e-ce6b3a8be789
efcb45b9-d4ba-47e6-96c7-83e183bd1338,VISA,a1d92f95-e2db-4dad-8ccf-dcbacafe4d94
100a8e6e-2d2a-4701-815d-52776e767258,MC,6d21f467-f5c5-462d-b15b-df727073d888
92926317-8e88-4069-b85f-a115fba38ca5,VISA,21c6a184-c905-4257-97b7-2c943b411026
a95d4e88-10dd-47d9-9857-4f927d7e71c2,PayPal,674a18d2-2201-4c54-bd05-40f6d46cdb84
f56dba08-b971-4b55-bbdf-cd747e89028f,MC,dcbbcdc9-f2da-40cc-a878-70dac073789c
eccaa15f-ed84-4832-b3ca-87f60bdc1955,VISA,60a6650b-ddf7-40ff-9100-85795d90e150
a139c67c-2a6d-48b2-9668-a5d41877ebc6,VISA,e829e79f-fd3e-40c4-8a2c-e7a9b71d2256
1f413604-294c-41e8-8ee9-b7917a64aa6b,VISA,3da66895-b723-440a-b4ec-9cdc02d5112b
515a4aeb-68bd-4783-9ebe-a19db1a86adc,MC,aeaa3de6-f86b-4a61-b153-14f5205b7c1e
b97dd4db-ac63-4375-a2df-5d9f81144525,VISA,815a51e0-7672-4a8f-8e80-1c2ae8ca3607
099b1afc-eb2b-48f9-9f97-1e7c4af45168,PayPal,8012bdfc-ce02-4210-8833-4d772dbdb59e
8786b030-a309-4171-815c-eea662cc73d1,PayPal,74dbd498-03cb-422a-b172-4205bd70967b
09f71a8c-ea38-4c6f-a2e9-112625996570,AmEx,81c70109-c8f8-4399-a081-cbee05f221a1
71068a9c-98ac-47a2-98d4-e13ea1e37618,PayPal,4807959c-e0a3-406b-972a-d9470a0e03da
70fa9699-feb8-41e1-9c97-16ac2b299fab,MC,c4299d57-08ac-45fe-b21b-18f4977439e5
2f2c3eca-bf1b-4336-ae18-739ef67665f5,VISA,c67acdb9-4ce3-45ca-bd95-447336de8dcd
7c37c1ab-f572-4214-877b-a5e96bebc1ff,MC,3b0e5734-2308-4675-84cf-fd26f5b946d3
4ec1518a-dac1-4b9e-92ef-40227141745a,VISA,833ed2a6-9904-406e-ab50-cd5849243e0a
5424b0d5-ed0d-4ffe-b334-78f2bcaf6c3e,VISA,43074f70-f5d1-4343-a7a2-aab3aeb1aefd
7d35b7e9-c58b-4d00-92e2-f3a230d24671,MC,9677827d-5e95-4935-aedc-1b5aa8081b88
c2345bdb-ae26-4971-8647-4d7d6968cc91,AmEx,2a1302cd-d0d6-49aa-8447-6aef019bd7d7
c61d39c1-c858-4b66-96b5-70eeb2062810,MC,f15dc677-637f-44de-bc2b-7d7069f2920c
d59d695f-61ff-4999-86fa-7c0168d62ab7,PayPal,c85a64e0-b18a-4915-a8bb-fdde2efd3203
4ec516e8-1f36-4a16-99ca-756058732a33,VISA,e37a83bf-a86f-4c1b-b8dd-27774d7ed31f
5517faf4-7935-4b83-b5da-f18faece08db,VISA,b0c7856a-a87c-408c-9b6d-4cd538574954
731940ae-cfd3-4130-af58-2b6a6370f40f,AmEx,a86e16ea-18b7-4419-8efc-9ca19c92056e
30572568-3692-459d-99e2-e82000f77f60,Discover,1b963eec-4e61-4ada-9733-fdacab1ee7fa
48b746bb-68ed-4758-8536-193e1a904497,MC,5876d90f-6fd2-4543-a567-fae5a945fb77
caefa112-ed04-464c-b34b-7a2a9aa1e1e0,Discover,af03ebf0-1124-44f3-8c8a-ba84fab1ad57
117e200a-c492-4d8e-a8d4-6912267b85ad,AmEx,c770d87b-adf4-4289-a68f-990db4fefd41
13d8d81c-c98f-4200-8d77-cc02e26f4073,Discover,a48fe6fc-3f70-47d4-85a5-bc025cc709a1
dd587979-57db-4ea7-b805-7de5072b1edc,MC,d31dcad1-f18c-45bf-a37a-d1fdbab66457
503d073b-3cd0-499f-af0d-d7bcdf62a842,VISA,c1ec6c24-f42b-4b0e-bbbf-092209077b14
92ba1c7c-bc76-4254-9b6b-e06b061f5c13,MC,d0784a48-62fb-4c90-8437-393126e54a0e
e80943da-5fbe-4f84-b3e5-de876fe56548,VISA,db3e0438-b968-4d28-9b23-8b0805d0d18d
bea5c697-e8f5-425a-aff2-a5a2d39e47cc,PayPal,2f4683e9-a936-484a-aefe-02e48a723c6c
09229906-b3b8-4001-98ff-8c99a9427b9e,MC,b7c743c4-491d-459a-b34a-b82f3ba4b2ef
469c041d-460f-414d-863f-c0177f814863,Discover,de05c27c-3bc4-405d-9f25-361e7b720594
c49a6678-0439-4c2b-8a25-8076120cf95c,VISA,ac305a9c-49a5-4ad2-acfa-05a406e503ae
fa5b6bc9-c543-4f8e-8b68-5637ea3de112,PayPal,4298ac4c-326b-4fc2-a20d-47f583dcb0ad
f8ca2426-400c-4620-a478-6b6b7467de8a,AmEx,402e41f7-c314-46f4-abfe-34a3e798aa0e
f472ec23-1708-40ea-b45d-d30385c32bb9,VISA,b4bd6790-7291-4334-b6df-15a66b648ecb
5c3cd0e5-20b9-4613-81b6-dc8570b97de6,VISA,be814baf-2aed-4e4b-87d6-e0dee6dd09f7
d9593948-468c-4a0a-a024-6c247999b60a,MC,9dc06641-e2d0-4253-a01f-bbaeb21568a0
da352785-c2d8-4dec-af49-b56745a35c38,VISA,e03b4f19-d627-42f7-929b-0272c3992147
9be258ae-4b7c-4a9d-a65d-de7343ec4dad,AmEx,317e5432-f6b9-45c0-8f3d-eccf3874f982
34f0c337-e9d9-4862-9be1-7b4753fda5a8,MC,8195663a-d482-4c92-a079-65ff91b22e64
7d877337-c1c4-487f-b1a5-8848bf505147,MC,adb7fecd-b2fd-41ff-b12c-df065e898e96
4a9f95fe-4994-4c31-832b-33340943be1b,Discover,ab334dab-e62d-41fa-a7b0-7fda0945fb81
7cd589c9-f014-40da-9cac-3bcbf1093343,AmEx,01fe2fe4-5146-4264-8310-495fb3f9fb0d
0291d492-32ed-4d84-bd5f-d861972988df,VISA,7fc0256b-c995-47c8-8bfe-db9d3c872171
83f81094-c3e1-4b8a-bb42-957599609e44,MC,e208bc89-4b86-4a89-85e2-243c028e5ce5
95ff573f-18fa-445a-9a53-05f4dffd24b2,VISA,cb1fe233-427c-4b9e-a240-7da49be28376
8f4c6ad6-4d53-421b-a9ba-024a566c7302,VISA,673f7bd7-e237-4cf1-b70e-bc8df707a1c6
712b080e-116d-46aa-90ae-0324334d7243,VISA,9ffa6d69-24b7-4a37-abe6-2a46dcfba794
8c58db4f-35d9-4580-b0ab-2116bdd04041,MC,8ee43695-bf69-4635-b742-f058d0c9bb81
ece1ce40-4c70-4cb3-a1c0-7c8a5e816cfd,MC,6b7d4e45-833b-411a-9f83-6c29df7b1e6e
2138b663-11be-453b-a364-16064dfd46fa,MC,bff7fe54-d4df-4b74-a072-345f624caf46
65de17f8-e89e-47d2-ad5e-b5259268462e,VISA,efde976c-350a-4f55-a144-f5c10101e2d7
4eb36755-5067-4bcb-9658-edea4a677967,PayPal,54f32778-b564-4ae2-a2ac-27d2da858be2
581d5d41-0776-475d-bbab-a53a22ef9879,VISA,dc8a571a-c3aa-4625-b109-2a2e068cf259
015999c0-9ecf-4314-8ec0-3d2683b08e05,VISA,6805d2ff-312c-4a71-9ade-06d80eb2597c
ece8e00b-1cd3-46f7-8220-0dfcb56effd2,AmEx,47b71ca3-b8bb-419e-852c-66f66ac9e1d3
bc1c8bc2-20ff-4140-9eb3-e31bae5c5630,PayPal,3d76d662-1e02-4484-8067-725d36c9b012
a745172c-7694-4c83-953a-5888d234f528,VISA,f2a25eca-7ef4-40a8-bd95-461f08ad335e
016fe46a-deea-4350-99b8-586654ca05ab,VISA,977cb094-ad36-469e-a26e-24aaa402e39c
96351d7d-9c26-477f-9c4d-005fc3e230d9,MC,de2fcd7f-9188-4156-9a9e-26b832a0fa4d
13b1f8bd-7245-4e5c-a2cf-a26f5996aec2,AmEx,54dd2127-d3d4-459e-a1fd-b308e715062d
31929946-dd9b-45bb-acf5-a7cb8675189a,MC,7e31b39e-4a99-4308-8310-47e011053773
cdc2f098-f4e6-4e36-a256-272731a89ba4,MC,8d2f2445-7e97-488e-983d-ebfcbee892ca
1bd08d99-6df4-4661-846a-31ef29eb5083,AmEx,ce572c0b-5f33-4721-aa98-438701e75678
6c1bd829-b763-49d8-a930-e6379ac67e42,MC,b4938fab-c4b0-4ca6-96a3-225c78b24c4d
abf2e4bd-69ef-44d1-83de-c87dba27f497,AmEx,8a0ed3e5-8246-48b3-a967-82c6ea7eef66
e80b7df4-8179-4d1f-82ad-4fa3c80c4aeb,VISA,6371f6b8-219d-4f4a-8b31-a701aa556d8c
ad548c31-303d-40fa-951b-ff3cb016221b,VISA,649d04cb-6786-441c-8a6e-6664a581c93f
9bf9702c-b2c9-429a-a1b8-16bd45e891b2,MC,828884da-b955-46cd-8e80-19cb5eedf366
24d59633-8f54-4345-bc2d-a5f100479de7,MC,876f93d2-f9c8-4bf1-9c96-b642f156b5e3
deff4bb7-4074-4215-9aec-395613ba7f17,MC,ee8e1076-57c0-4a4d-b28b-f48877bdd337
0a7aafa4-8bb2-4aa5-868d-f24efe4cc26a,MC,6caf8af4-ee03-43b7-90ae-510f06b89fab
850dd51f-1bc7-435d-bc7b-b6e0d7e02ea6,AmEx,2406b718-29f6-43d9-905c-cc13bcdb7e46
543c83e7-589c-497f-8122-6f5b5609568d,VISA,6a4ce60d-4d4e-4f05-b924-74e7d439a846
077ced25-bb77-4bdb-a115-0e1d79f32035,PayPal,d1df136b-3a48-4de9-808c-a8a56747ab30
3ea0fef8-513c-4ca1-9b81-78697b1a285f,VISA,7efef998-f1a8-4c52-be94-e3a4188e898c
b7286ed2-feec-4d00-bc01-cb5d131e16d0,AmEx,f4c5495a-2794-41e2-a949-1b5b2a6735a4
49919657-d974-4884-9cf5-34c8c14cf025,PayPal,31f86997-3157-45b2-a467-4d79d7e146ef
dc1436bf-a27b-4bc7-8453-63f079055910,PayPal,6cf8f8b3-39e9-4594-a2aa-45c60fe712e1
4c680c6f-615d-4930-83d7-48e558ebecfb,VISA,8548153f-963f-4344-856b-87294f57b3f4
9c1604c3-9cef-4849-a74c-1b72b45dc914,PayPal,a5f9b9e1-259e-4713-be7c-7bb2b0107e7b
ef850c84-8605-4a9a-8ce3-976534a7aa15,VISA,4f25ac2c-c7ed-42b5-bad8-70a56c2c5cf3
87cf0e19-435f-426d-a5c6-48279efeda6e,PayPal,6b223a85-d380-4b0b-9299-a7c9107da8a7
35aeeb25-ccb5-4836-9366-ff81eaea3396,VISA,a1bb7304-adb2-4ace-b89f-af4e99f53802
90c3eac7-129b-4b07-bf4b-d02715e96223,Discover,de70c62a-6f95-46b4-95c1-5f33853cf1a9
7617e4df-2d54-4681-86f4-f00995c9923d,AmEx,e6988567-710f-44aa-9363-e3abc12ed9c9
18a81791-accf-497d-b101-a6200a045193,Discover,79b0bd01-4fb7-4697-837f-82ea41cedee4
6f22156d-9061-4957-a23a-fcbf611acddd,VISA,fa859077-749c-4ad6-bfaf-e2b24572fb9a
8db42748-507d-419c-b473-10999f8138b7,MC,08cda83d-0d0e-4c10-bfe0-d66fd3c2f569
e39c0531-5fbd-4997-a9fa-3a9cc9cc3397,Discover,2fcee763-ec0f-4c21-aadc-ae86d3f1f984
99db6e3a-221d-409e-917b-16110949a060,AmEx,b6370c4c-848b-43f6-b71b-c6201320a66b
67f16171-6d38-4ab2-94fb-481b9f6c72e4,Discover,394ba504-3eca-4bd8-8f26-0bb62f79d9d3
3141b412-a78f-44c3-8dd6-3a994a98cfe5,VISA,6dc5a135-db42-44cf-b8df-2081dc296438
2ba68626-97e8-4342-aa05-8d295fa0dd7f,VISA,8b127bbb-c60b-4835-a0b0-534ccbea6753
f628a72d-f016-47ba-994f-572855a87840,PayPal,3bb1ffe0-6890-4b37-bc2d-67732a82711d
bb2ed165-5f2a-457c-8ded-ee76bd79a7e7,VISA,f9fa92fc-7b3d-47df-8cbb-2d4b7e60ddff
ab34feb1-2064-4a51-9f89-fd55a9a8e603,MC,2698a447-8cc8-4d2f-8fb8-7e7ba86edfea
3da24858-253e-47cf-ae01-da8418ddd3cf,Discover,295834fc-2cae-4b65-8c8b-cc9495e573d9
0a932218-cf92-4c60-b122-4dfc065fd52f,VISA,894021bb-884b-412f-a7fe-691c6e341877
8da44e68-cdb6-442e-ad0e-a320f992a687,VISA,964285a2-00c3-4f99-a85c-8d2bdea00929
341ac831-0abc-418f-b3d4-0455aa2c5830,MC,a4ec757b-4f27-4907-8430-7d912f5896ab
a73cb2bf-9c30-47ff-95e5-057df59a779b,PayPal,c4d4652d-980d-41a4-b169-cfe2e04416c1
a60a2e52-f86f-47df-b628-632f40717c55,VISA,82ba8b8b-3269-46a9-a75f-604a17fa3ef4
9100b967-edb9-4351-b47a-e9a227a4e4c9,MC,b36487d8-08d1-4b83-8efc-ca2046ee7fd9
98a94a98-bc41-4d9e-bcfd-4007649ec6f6,MC,947cbd96-ea27-4255-bd69-509613877772
196db341-2b88-4c30-b26e-bc0f6462f566,VISA,45cc0bb7-c99b-4db0-9b20-9a4765b0b6b8
7f79a300-230c-4799-a59d-d5031f6abaed,AmEx,35530694-bce0-4fed-b766-64ca8a050555
9d638b2d-b0cd-47b8-a2da-089f3e15f9bf,MC,0ba590e1-371d-476f-b38f-1077618e0c1f
1352becb-aa3a-4359-b89e-174617821d47,MC,d86ba4ce-cf09-470c-b92c-bb1e528a9863
46555684-45e9-4171-9413-20bbe2db8605,VISA,e3f76e7a-b326-42b5-8d85-f733fd97d604
8d27ce04-25a8-4a80-bd16-0a847659ae50,PayPal,f3edf132-c898-43a1-9f4e-d5a1fdd57c90
07e90f20-dcbf-4963-8460-e52a8567fba7,VISA,a2d180ba-3562-4923-b87d-24de8a524c0d
3581a48c-a71e-428b-bada-0c8def0bcad8,AmEx,31dad93a-8d58-4163-86af-101410eae21d
40d4e298-f91e-4446-a0e8-319f17613225,VISA,64ac6920-e8a8-4e4a-a4ce-9a557c89cd6a
0b8bf90a-dc97-4f49-8eda-8ee0d0086957,MC,cf0244e9-a68e-474b-9856-7fed66068756
4420b29b-92df-4b59-909b-4aa30b8a39d2,VISA,236e5faa-7920-4f83-9668-cc830a6f9850
1d7c9d42-2d59-4dea-b2ce-fdef656134e8,MC,8576b76c-3425-4ced-81d0-8a1de9a21719
4bf7018b-2985-4924-9511-d26eff9e79b6,AmEx,cc4a3f38-ae16-4d87-9772-1f2172af2657
b52d18e4-86f9-4f79-b43f-1929e7bcf835,VISA,10932025-0cef-4736-94a0-9014b36e3f33
64e26ea2-e8f1-41a7-89d4-bef2ec924866,AmEx,b17bfcda-a0f6-4b0e-b016-287d467ecac0
90545229-0621-4bc5-a6c5-94a76897c3ca,AmEx,f1be9b2d-6c8c-42ec-bda3-0d41874c07a2
bd15bd47-ca16-4b17-a29b-b4af61bb5f1d,AmEx,aebff34f-82ff-4a71-882e-4cd73ef0c9ea
786dfd2e-876b-4406-a480-0eaf32188a7d,VISA,22b2bc2e-baab-44e5-865c-6990dfc655fb
db01bef8-7cd7-49aa-b047-60696f47c7d2,AmEx,38cd57a7-99f7-429e-9018-e93ab5cc5b5f
fa46f88c-c292-4ae0-bf4a-48f173b47a40,AmEx,e3c4c55c-a844-47f9-9d7f-464f6a44d2e6
44e4abf6-1c8b-49bd-8511-7b4f6256f5f1,VISA,cea4b655-bbb6-418d-bc8d-2bc09f2ea706
e3dcf52e-50a7-4751-98d2-2e5bdbeaca46,VISA,03271c34-a611-4fca-bf10-fa2b1fe12823
830b0df0-f0e3-49ba-a5bc-8223de60d7b5,VISA,0e5eca71-4694-40b1-a314-dc71e57a9d1a
0f0e9507-e3c5-47a5-9ef2-ced2516e17d4,MC,84bdb2d4-720c-40ea-87f6-e5bd68a9f8cd
6e38a708-da51-4931-8e12-6b1f96123239,MC,9d9e2871-e8a0-43be-9bc3-66a804fe7613
f8fb6549-c2da-41da-9937-fd67baf39bca,Discover,c3eed501-0062-496c-955a-48345a71822c
11613902-aa69-47dc-a004-1e362e643051,MC,3aa9df7b-0302-478a-a2d8-4f2967a7ba52
9969b2b1-d98e-4f03-8edf-ac37e5b4cad6,VISA,fde57a53-068f-45f9-b095-49935a2e14d5
6be59867-fd34-45e2-a7e5-c0f3df90742c,VISA,10b08cc1-c7f8-48d3-91aa-9d63fac67a5b
4f1d36f9-c21f-4f56-8098-40f75774d48a,MC,dfe505f2-6f1f-408a-9278-d5fc92fbe4c7
c1568854-6dca-4718-a036-1330e010fb80,MC,7af5a89c-9917-4055-b57d-0520b8ceb39d
2f6f143f-0a84-474a-9849-42fac3c2779b,MC,7df45b4e-db53-4688-b94c-6089c3399300
d694b4fb-61c0-48e9-8bcb-155da7704623,VISA,6b3285ab-31a6-44f2-a3dc-d0303f1c871c
91d346fc-de5c-4eb1-84a5-594c860747d9,Discover,e29438f1-602c-4c21-9de3-73ee83f0dc97
562981f4-6f7b-4420-82a5-254e1b838bd8,Discover,452df846-3e16-413b-abe5-3cb5a7226caa
37b39c18-1d2d-4fc5-b2b3-22fd4c2dae9a,AmEx,b5054081-63c9-4a7a-8c53-cb52fa586b44
a99565bf-4366-4866-ac5f-fb2387f4b9e6,Discover,9a14eb0e-73f4-4299-83aa-b620c4f71d2b
6f621742-d98b-40e8-ab86-1e80949c3e43,VISA,e9753435-606a-4d51-ae9b-01379eeb2f08
a29b49fa-7ca1-4c08-95bd-850797a20112,VISA,1f87d095-86a0-4860-b453-9ae83700da72
24eb7364-4c3b-409d-a0fd-cb8cda20f6fc,AmEx,88df9b52-0980-4c5e-a8ff-0446e9ff2838
5f432aa9-1d9e-41ca-afc3-96ad43480f18,VISA,11dc8a5c-0a5a-4694-894e-00641d178f56
98dcb7cd-66e2-4305-87d8-d6fb4dc6900e,AmEx,603d3c82-19e5-4c57-9880-48690141cee7
6396fa36-1a98-455e-b523-b5ab099c8c97,VISA,eed99d96-5304-4891-9812-330a34e6c8db
b10132c3-1c18-4169-a4b3-aea28c2e7f0f,VISA,bbf00dec-5bbf-4eab-ac5e-0b9ee6244934
9f0b098e-fc98-4736-8868-fafbd3e9aa02,VISA,6c6e9bef-2d02-45d4-9e9f-65036abb8c00
2168f9e7-0bd3-48ec-9c08-a8d239b960c0,MC,f92ba412-2f7b-4812-acf8-912efce5c96b
89bf009a-5c5d-4828-b9af-a42ad638eec3,VISA,8008386d-e572-4b68-9dd9-388f5a6e090e
8d9f5ab0-c253-458a-8d3a-6b5fae657803,VISA,de807b05-8e44-479f-928e-ea9c5a7862de
23284479-9b5b-4991-af7e-f40e12a28a60,Discover,caf84ed1-3e13-47e1-8dd1-7866347752fa
6e81a417-b210-46cb-8c74-aca7738d6b1e,AmEx,867f43ed-c335-40d9-80b0-b58fa180967a
f6632180-0f65-4b4e-aead-c1645704d3c9,AmEx,a057cbc3-0ab6-4849-aa8b-1238f3812563
c7f7e6a6-3318-40c6-ad45-949d539dfcf3,MC,9502d2a6-61f4-4fa4-bb44-4162e923c398
e48e20eb-36f5-4c6c-8f86-60dfd0aa2ed2,VISA,db121db8-c72b-422a-81d8-3986c97f4cb2
e9deead0-e897-407f-a4d4-9a0400f45b9a,AmEx,10e74881-d7eb-467c-9519-50819ed0ffdf
029dae17-b44c-4c1e-9c32-0057f28d64bd,MC,718a5dce-3488-4595-a31e-a2ce457bd744
92bf9c56-7200-4c3c-b057-25d5b0f57273,VISA,916b753e-b25b-49b5-9908-87e10a9d2853
988a3ffc-d76f-4ec5-a57b-44e4a0b8fa28,MC,b38db5fa-2721-4ff9-b339-7edfaeb45207
2a4ab6d3-b6f7-4187-92f1-541afc6c432d,VISA,652b5b72-ff75-4295-8fcd-1f9aebe74fd9
bdfce5c2-697f-43cd-bf3c-bcde4b95a3b6,Discover,8532b2e5-dd04-4f80-a1b2-023860f96c39
28af8e48-a700-4351-912e-73c608ee9f68,MC,579f376e-34af-4760-a7f4-15d40f763486
857bd749-7cd1-4fb5-8843-a0e4e76e4d03,AmEx,037df18b-cd8b-4830-b0b0-dcd5302d8c77
4dab5775-c9c5-4586-9af8-db92a2300ce3,Discover,2d1424b9-4b19-4935-81c8-9953a6cdc7a0
5edc8ffb-4575-42ec-bdcd-b663ff59ce0a,VISA,201d52c4-4117-4f14-b886-9551fc50e6ba
2f3cf235-ba95-4261-a0ca-c9db0cef5606,MC,5f0fad4b-612e-4dbe-a638-87e28f760207
02b1f943-6472-46c8-a380-5a713248ec2f,Discover,ae1c928b-4cc8-4170-b045-6adb03ae29c4
1468a938-086d-48f0-a753-e49c76f0b94d,AmEx,dac6d284-8020-4059-9526-7378ce2d17d7
8a8ae704-356d-449b-990a-61e27a7ff04b,PayPal,dab12ac3-182d-48ed-bbcd-3c091fdfb042
a6ae293d-5e5c-4c6e-92fd-633c67ba4115,MC,947fcf7b-163d-4270-a7f0-d88cec13ed8d
cc535e37-6f0f-4e5a-9050-8eb456867631,VISA,0de4a30f-0947-4dc5-83b5-f5a14a4e8f11
75d9b950-f9cb-40cd-85ab-5b276e412cd9,AmEx,7aadc446-6e62-42f0-a6b8-a4d6479cf194
bb56ea5d-5639-4b53-a84c-9ca2c6e3ad4c,VISA,2ebcb5a1-497c-4c27-89a0-1ad3de5028b4
877d0a5e-7a7c-4517-872d-3be8b6a1ecb0,Discover,fc60e3b6-32d3-4e2b-8f50-a6d3ede0507e
d5d5ab89-ce46-4cba-87ec-ee511045f58a,VISA,4229d529-5c09-41f6-84ba-e7ca677bd9b8
4c0fd548-6a5c-48ac-b915-cce4c037c982,VISA,a4febf86-24a8-489e-b7c0-a174d982e76f
6a37c636-ca0d-4038-bdf6-ce26f346bf95,MC,f6ac03e6-4683-487f-b88f-80906110177d
04e497c8-e3e7-49e3-8302-640db90b2c3d,VISA,f1f8fced-37f2-49b3-9416-d8e44c3f6d07
259beae4-976e-4b6d-9529-ba67cf995754,MC,3a5e8168-7ea0-4911-b07f-03ac27350bf6
ae5ab257-9248-4358-82fa-2578e23e885b,MC,41d3509b-13db-4a65-9055-c816b0d9e680
27c1e5e3-779e-403d-add9-02dac37b2a8f,MC,3fc34836-73ca-48b5-b2c1-60197677166b
190bb2f2-97c6-401f-943f-399fcd680e1a,VISA,674ca8e6-7882-4bc4-a00d-af4c37710341
5183180d-c1e2-4df7-82d9-55b52a38bca6,AmEx,5a0fcc13-b58f-4b2f-ae4d-8f91ff984935
9aa7a616-57f0-4b46-809d-3609b77d5bbf,MC,1e54b1e7-f89a-4d97-bf9a-a9fafa618391
02fefa99-7f91-473a-8dce-e3abf7e2b6a1,MC,4657498b-410b-4983-9554-dbed62aa18f8
b2a69cb5-25f5-4e98-b29b-3f7fd3630593,Discover,5cc1e074-4cfe-45bd-bedf-d19916e1bdef
3f8c2f7b-79fd-4104-8b7b-a579a1a35715,PayPal,95e93ebc-466e-4ed6-b8f6-6b7b38359a54
5f0844f0-4ccc-4ad6-b7dc-ae61ab9f70b3,VISA,df71ca9e-68ab-40bc-97f0-1fc5a8965e3a
a5e4b2de-0019-48ef-b42f-19c748a6321d,VISA,aa89cd43-fe1e-4d83-860d-0e161473cde4
cec9cafc-46c5-490f-89fc-e156eb56725f,MC,9ef9e70f-e73f-472d-b8ef-95bb67b97c4d
f3a60b6b-23c7-4f97-9050-3df053df3ac2,VISA,67b1965a-d405-447e-a490-8c7c7f55aedd
9bded843-966c-4f4e-b5f0-28b176a01240,Discover,e0002a5c-7b4f-4921-9078-3b583b993fab
c63c2219-cd9a-4b76-91d1-0431f55b35f4,PayPal,1a48866c-109e-4cbd-afbd-c32b48ac23cf
2a9722fb-1f9a-4721-ba64-d1f1b07719e7,AmEx,2b94b0ac-a278-4ef2-9d4b-4016a78cf15f
1fe660b1-37ed-4be0-880a-5859487364c3,VISA,864d7e11-5786-48fa-990f-d5bcd3df5028
4b63842b-4791-4df3-bbab-51fdaa16cd75,VISA,02b225be-717f-4d1c-9d3b-d7faf903e8f4
6faada47-b2c9-483a-9214-716203f47cc9,AmEx,d0e37dd4-10c5-4ccd-b53f-c3c57ef84ecb
8aeca4e1-ab26-44c2-9352-bac62791e8f5,MC,56eebf34-ecff-43ae-beeb-1128517d3294
bb541997-b5a9-4f0a-b5c2-7e338322a259,Discover,6b4d26d5-2932-46a5-afa8-6206fc4ab93f
4f9ef2e7-2489-4a5a-9536-0d0c2c04a063,AmEx,1c2aff36-9d23-41d0-b050-af3e13902658
e72bc2d2-757e-4f73-a28b-7369c20f3911,VISA,44466098-abd7-4c0a-807b-1704eddd5b1b
0b89c974-d0ea-4c2c-a6b2-6c773dcac5b9,VISA,52cab379-5477-4364-b110-a22739229583
af4f5ec3-feb3-4d19-8047-bdaf2b9dff61,MC,b4be4d07-9cd4-4adb-b49a-c0bc2dc10d72
cce02d47-d4e3-4022-be23-3afe2e6e2585,Discover,f1ad4393-25b8-4a0f-b939-4d20535a337c
7b01c6f7-2e26-4d95-ae0a-533ce8df94cb,MC,4023ee3f-137c-4f6d-84c6-6284a585e34d
3a36513f-101a-49e0-a5b6-1d78343d9da0,MC,d677889e-99a4-4d64-926a-629bf8a1e7ab
cfafdd3e-596d-463d-a9d5-0605188064b3,VISA,d6b5707d-bec5-4dfb-adac-b3da2a8c0503
41c8e3a3-771f-4ed1-b01d-6f008fb9e56e,MC,7265dee6-07ee-4ec7-a40f-3c2f6486d990
f9c194d0-339d-4a43-9782-322dcdaa94fa,MC,c1213372-1ef3-489a-a2e2-16392317bb51
21e44ed0-e332-46cb-bfd5-ed92721ac7ef,Discover,2c8ae4c9-db4c-463b-a4bd-d6b09956a50d
54d297ac-7c57-4095-98fd-3d981ee887ff,MC,8b1e74fb-8bd2-4730-9836-8c795c136203
18cb6c95-9a9a-4973-baf0-875fc68acf26,Discover,f61b430e-8cb8-4449-9bc1-d470addd94ca
d85920ba-5c11-4e23-9b1b-206db00f4cc0,VISA,d2ff117a-4a07-49e7-8a0c-12d552f0f806
0a75cc49-3310-4775-89ac-680f032e451f,PayPal,e4a4ce60-dd0d-4117-95c7-ea314d8c65ca
7b41620d-716d-4d90-91d6-9d74bf604472,AmEx,ec762e47-e8d2-45a4-ad2c-e1d61cee50e9
67943f9f-2117-4d1b-9de9-58226e6b2db4,AmEx,2200eaad-55f7-4d7e-ba6b-0b750ecdaf0c
e5864ac5-f6a8-49ca-8170-0eb1e0b1d7e3,MC,55b25c68-23b1-498f-8888-34b4f78073c1
eb115155-7508-4d73-acb2-d52e0ff878b3,Discover,9497fb8b-77b4-4ad8-aa43-0fc895255e8d
825d553d-a0f2-4b8c-88c4-4ce1db35616d,VISA,14b6880c-5fdf-4abd-a8a5-bcc09da058bd
5a58749b-f816-415b-be82-f4b8e4ae1f4b,PayPal,e9cde9a5-7d39-4b14-a928-50f031f3eeff
f7ae15c5-a158-4806-ab9f-b90b408d5609,AmEx,4c6a6895-bcde-49b7-8819-6d8d684b370b
532bdc66-c018-480b-85d0-1ed83f5f7795,MC,03f066ed-16ad-4bd7-84b2-4cf34d18f689
4bdf4db4-a1b4-477b-a929-52a853ec9768,VISA,d6749a2a-453b-4020-9393-91fcc5943ff8
3df9145d-def1-40e3-a3d7-e713f77ad112,MC,24f092aa-0cca-4402-a010-3c13ecb68faf
e2e1f51b-cd10-4b51-88c8-d6dc8ee93365,VISA,f9c5ae91-42e7-4186-b669-95372cac5294
5aee7984-b5f6-4cd0-a63b-b66a832d9bce,VISA,e2b0d4c4-3abc-479d-aed5-09efc78b7c6c
d8e28a2d-3ce9-497f-ac19-f09015bc2854,AmEx,d4f19074-56fc-49f2-8f7e-73e5026140bd
a0214420-518b-4cab-8fdb-1c1d004b1372,VISA,9f89a01a-b741-4552-94f3-45594e63cf1d
7492d9aa-4b61-4b89-b546-a77613af1722,MC,0a404886-e6d3-4c65-a102-68d8caeac21a
f3d8dd65-3e55-40ec-8cdd-d45be4d4ab29,VISA,f6621292-b722-4794-8e6e-d2b0f734f06e
fd121fc9-72b5-44c8-a6ef-1f8bdbc6fb79,MC,e3f5f051-810e-4127-8ae1-ae3c2f9449db
b140eb0f-cfa6-48c5-93e8-f48c0f211ce0,MC,7986101e-17fa-4bbf-9d17-b546ab22befd
bd35ad14-0c65-471d-b1d7-9d522212cd74,VISA,95b94f90-5e6a-4438-b2e5-b0d9cf0100c1
1e3be44c-93a6-4c21-96a9-09d6e663c51d,VISA,dc9d757a-d5fe-44c7-b478-e2bbdbd116f8
494cd0eb-5eb8-4439-9fdc-ff4372defefd,Discover,141699d5-068e-4ddd-8565-d3f8770b38f8
729a5e0b-6147-4775-af07-604311ea3229,VISA,2dbac93a-b6bf-4d4a-8c01-d265f0cb196f
f7b91e0d-acad-4b44-b949-bcadad011766,MC,bd1d58a2-66fe-4aac-8078-7f03df494b6c
69b91077-50f3-4dc6-be77-b3747cc2862d,VISA,a4097397-4084-4c26-a19f-421616c81b1f
24fd4ceb-849d-4a40-8b99-4675ce1073c8,AmEx,2fcc8e6c-088e-4efc-9ffb-b42b169afc11
9420df33-9537-4be4-8dfb-51f6c8056818,VISA,04a68f2a-0370-4d91-bf7f-572a3df89372
5549885b-7b49-443c-be3a-77e0ad4f9c6e,PayPal,bfd59561-7c5f-4c8b-83e3-94461547e987
0935918c-a13f-466e-b44f-8d01ffba6772,VISA,120086c0-0e4d-45a1-afe9-aa5fc709a122
3ba64124-4701-4834-ad52-5f599c247734,VISA,40fe5821-cfec-4167-8036-074cfb4b2c5e
b9c02f7b-6958-4123-aa97-733bb260116a,Discover,7ccdac55-ab8d-469d-99d0-20260e023834
4aa2cf6e-db78-4705-aa8b-7d0077e95226,MC,335d7ebb-bc55-4827-8c6e-0b5312c631c8
dfb7e67c-cbc2-499e-8a58-f292aa160d77,VISA,e8086a22-64c6-41ab-8fe5-14fec51c8ccd
4fe16e53-fcef-4b0e-af49-cfdea31f0788,VISA,95b8667a-d92e-475b-b035-9b8d36b2fdba
48961d96-fab9-4d69-a76a-6859c32a640d,VISA,20a3fa8c-4905-490c-b020-7dcdef9e39f5
1cbd180e-80e8-4063-8958-03e937f3ae1d,PayPal,4a514d01-80bb-466b-87bb-2b3184794a31
4d6e061f-fc3a-47f3-9622-c20048364846,AmEx,f8baf43c-f5b1-4e70-93f0-cea67ea44f2a
3408e348-6572-42cc-9cff-3acce4f53345,PayPal,10c6459d-af94-475c-83a7-dd77cc9f118f
eb17442e-e907-40ce-a274-fd1b35e795c1,Discover,df1cfcb7-21f8-4122-86f8-72a13e2f732e
e4387e04-b2f8-4041-8360-35f2e930f8d8,MC,90743a9c-dc6e-446e-b44d-15ef55fd3126
45b082a0-58c1-44e0-88f9-687e7aad5600,MC,24bf0856-7a1d-46f5-b3d0-abc73e76f87e
73ce78b0-029f-4ca9-8063-454b202b52c1,VISA,52ae568a-c06e-4b8f-9f6b-4ee7bd05c347
ea84ce84-6bc4-4a12-bd05-31b3bc5212fe,VISA,da14e0cd-765a-44f1-89df-4a47b64377b1
7ac91b03-3bc3-4e6b-af2d-227f739e6789,VISA,20644ded-ed49-49e6-8993-e451e36178e8
1dd5b85c-a480-44c8-973b-015af80f1f28,AmEx,f0e23d02-f969-4e7a-8bdf-2f4636f57523
df091c0a-b368-4160-9aab-6f5fe389c369,MC,cb592d46-5a59-4126-bf12-9d85da0fc872
8731fab5-b374-43eb-a31e-bc973957ea2e,AmEx,50b5c3c8-5a44-46f1-9cc3-17510b9fbb3f
b020b854-90f9-4cd9-8a7a-a9c5879317bd,AmEx,085374a7-9769-42e6-a3fa-85f7dbf6efd4
37a49100-92db-4311-ba44-7a8a3c60033c,VISA,930d03bc-3752-4faa-ba58-44ad7c4f03b5
ee6f8f1c-df5f-4d6b-b295-6efbfe0facc4,AmEx,5a0a7151-c67f-4da2-a7e0-d7a2cbcb3c83
ca01e1ef-5bdc-4741-92b5-9c99bf7301d1,MC,86eb357c-5705-42b3-8c66-231276a0466d
a8f8f004-a907-4aac-8b57-129d8f082a8a,VISA,784858b3-994f-4892-b874-e07660e3e042
81078266-e3f0-4c6c-aa52-8dc7a1e24dd3,VISA,7eaf6a3e-7c24-4024-9635-3b8bf9a25a74
e52ed394-fb3f-4998-83f5-3bdb663f9789,VISA,783c9dca-9213-4c4b-be3c-9ae0045f761d
ca6d1098-052d-48bb-a04e-385ca1a53721,AmEx,44881551-023f-4b15-9ddd-1b2b8cd38206
ec99a406-428e-4fd0-b039-55a0ff415d08,AmEx,0fc4ff93-d087-418e-b5cb-1b1a0c08aabc
73deecf1-71a4-4a9a-8daa-46f60f82c38f,VISA,c56a5c13-21ff-4202-8478-6b21e084595a
9d3d0192-43e0-4ae9-82da-0664fac739bd,VISA,779c2a45-b9c6-44e4-8c11-469e9fddb58b
faae7c0a-faa3-4141-aac6-057c662b63f6,AmEx,1675fc78-83fc-4db8-bc99-02fbd98f3771
f66705e1-3a41-49a3-94bc-825b3d593516,MC,10e05f2b-6b9b-4358-9e46-544b3ea4bbbd
beb440b8-5ef6-4378-9396-4a874ae42aee,VISA,75ceb50b-8299-4d0d-b644-e14701b8a474
0e921692-3c46-441c-aa18-9da062f1beac,AmEx,a368851e-d938-4e46-8cac-0889f4a36645
30657eb7-01b6-4705-a882-5204da5d57cd,VISA,57316ad3-0d05-4fd0-b35c-888de12a3942
8d12c6ef-b387-4b18-adfb-39f5e1a3d7d7,VISA,c59f1c17-514d-4f4f-9b87-beacbd4b1caf
c57dc22d-fd9e-4492-b0ac-d7435ba552c5,Discover,4bb43330-c9a2-4e50-ac36-3110256f8411
51ddd305-a006-41f2-a8b1-d4a6c7b1eb8f,AmEx,dd4abe7e-b97c-46cb-a011-b6bad8ea3226
2d73bf76-bd59-4e4b-81e9-f5e6be46009c,VISA,6d2f33a1-6b8c-48f2-9ec5-62daab3443af
becd1273-5ac0-4e2b-95f4-d588384c3384,VISA,de1dbb25-322b-4ab8-bf81-65bdc35e15a8
099fd6ef-f078-43e8-a07f-b794814c0157,VISA,74acf04a-b87a-42a4-b04a-0fb35e863dcd
7e8f43db-3b03-4e5e-936f-0d7653a35d4a,VISA,31ab36e5-6fcb-46e8-b9d3-4dbe8e6bb08a
b6dc2c3c-ec92-4a34-977e-3d403e4c0b5f,VISA,8b7a0f89-e2e6-42a7-8f0e-e992423170f5
562f8be3-1bef-4b26-a56c-e0fac246641a,VISA,11e83754-cfad-4267-87ef-088b6f8c2bc2
93ec3e23-c9ba-4ea8-8156-eaa2c9d91414,AmEx,2144bb7c-6910-4541-a2ff-de0629ecc1fa
eefe0e56-2a6e-496d-b61c-542046219d7b,AmEx,17da9e1a-be0a-46fe-a975-a983e3666a47
d1acf18d-68c0-4301-a244-d31f0493c894,VISA,acd41d91-aca8-4e4a-bf89-99b285f705ff
8dabad37-ad1c-4582-b28b-834d53565f77,MC,e111255d-2d6f-4a43-8229-00e9bf555874
791c13dd-f8bb-4c92-a70c-1e72f607cfdc,VISA,fd182e17-3baa-451b-b987-8c1a1e767b51
e3e28397-47d5-4cc9-a4af-794b391f6f1a,PayPal,af5bc24b-3e32-47c4-af75-203ae36f986a
d874ef9d-9f5c-4b8c-8d18-59e62a8a8819,PayPal,d0246457-9377-425e-b758-79207a83df2e
02709a58-a580-496b-8593-8f40d7feb336,Discover,b8956e24-9393-43c3-b0c7-4b9a3aa113c9
48be4693-33d4-4f59-a13d-fd1828b018b7,MC,8c15b2b7-5e12-4bc4-8612-996087b51c75
ae60ab43-57b5-43fa-af11-999e3a1f8d48,MC,4ebd6013-5fd7-41f2-bf94-5e1e9d12dc6a
7e8d9098-da29-4bd3-8b9d-314a40b53ae2,VISA,9b048c5d-67a1-4892-8e0c-b8eceb1cff84
dbd10b51-c1c2-4337-8cb9-7fcb9048c889,VISA,34a3c808-d576-4298-bbbc-9be8ccc89eee
8496bcd0-8f3a-4205-90ca-e70b2f7dea4c,VISA,895d7d41-ce9e-443e-b094-0b88f8fff1fd
c138aca3-695d-40b5-a4b5-4a3e9ebf1822,VISA,fcf715e0-71fd-4b4d-bde1-b3dca798ff55
2890c238-00f7-453f-9cd4-c95886758975,VISA,e2c4d2c9-b8e8-48af-a8e3-66c0f0b591b9
cd8b7056-1a29-463a-8a6c-5b5412d33396,Discover,3c33884f-0ce9-4fb8-bca5-c38e862f1543
ac06d3ef-5905-4437-9f22-3fb7b5401826,AmEx,806b2393-716a-4c6c-93e8-b90c933ff047
21eb52d0-fa05-41fa-8200-c18792c705f1,VISA,308188ee-5896-4805-b9ae-3a2026807d28
e4911cb3-29bf-4b29-a73c-612083440513,VISA,ffb7a1ba-4a1f-4ad1-b138-e2095de245d5
0732988c-20bd-459c-ade2-23f7821bdd5a,Discover,70b178b4-e001-449b-b332-06abef95551e
0d27d9f8-c700-44ea-b756-a514f12e6060,VISA,7ca59421-8455-4970-b954-296e13fa86df
b4a25627-56cc-46ff-9695-4cc865ac7c66,PayPal,7241337e-c6cd-4302-b2d7-b8be24e3811e
e6c48035-8eec-4ef8-9855-593dc1df4e91,VISA,b0fec343-5b03-4ac4-bd71-8e4e0a1c58d9
d29de96e-b758-4959-b832-b770d714b1e2,MC,b9c53740-5c94-471f-b215-407735be5726
c8574866-f284-4f79-8c2b-0457e5ace139,PayPal,d5d0f108-66e9-4db4-afa0-75b808a8a46c
cf216e98-3f93-4614-b4fe-b5e710dca7d5,MC,4ccd6d69-d708-4a78-8f41-b61b032ce551
ac3c29a9-f6d6-4757-98af-b4f444ed513c,PayPal,1f22e48f-ae34-46a8-8932-72cfea3d7b9e
d5900b54-1c99-4415-a9a8-c64dbfb18d35,Discover,9a4dfa55-a600-458f-8d3c-c18272feab12
6e34cbb8-4e54-4be7-be15-9708714c0915,MC,8a570a53-4299-44c3-8ca1-d72addd7faa8
aec77623-47cc-400d-92c0-bd608e119061,VISA,cd7be898-5577-4af3-a896-e4452419eda1
c59051b8-b5e4-4ba2-b527-2115161b2289,MC,e1eca2f3-eea8-4ec3-b72d-b2ca3b55f435
efa60933-570c-4b1c-bd99-f5a50a05e41b,AmEx,45fd357c-56f1-457a-8b6f-21ae38519258
3300b65c-8a6b-471c-abc8-f24588a8547d,MC,57b74fb6-371e-4b90-8ae8-7663105c89c7
613d5b6f-c1ea-47d4-8221-343f7127f78f,PayPal,c9d67658-486e-4543-97e2-f2635cdd0b50
22b81aad-1dac-46f4-8b05-3c26a51dac24,VISA,52ee0f4e-2e4d-4375-a0a4-e9c9dc9019b1
167ec89a-db21-469e-95e2-f2210fb94b1f,MC,3f7b8ffb-a245-4cb8-a6f7-1a62226a2dd8
c6b177aa-a921-492c-8b51-505fd1fc3142,VISA,510ab857-3974-4814-a1db-03e779e8fdf7
1dff8018-dd55-42c3-840d-bbacbb74b1e3,VISA,36f2fe0c-698a-4316-9828-0eb8220371ff
7573e1f3-d04e-457b-8cfa-16161d53ac6c,AmEx,593e28f7-52e2-4e90-92e9-54007709e6f8
19db1f1e-a26f-49be-be4a-2ec88aa0b5c7,VISA,7a78526e-14cd-4367-a76e-9254ccea5f9a
cddd77fc-0053-47d8-a86c-02933b179a17,MC,8be6befe-41d1-4bf4-a6af-fab02f582928
50758fad-064f-4db6-91f4-8c1b78b29a1e,PayPal,e05ddac3-39e9-4dcd-9b53-f5fdfc59d0a8
d85dc450-23f0-4273-aeae-62ef8e5ab9ef,VISA,ba7da8fe-6521-497e-95c3-a01d4029533e
296fd789-c2f7-4314-ae57-f5977666ae8a,PayPal,6d7b1cf3-114b-461a-8524-81390de495c6
33de848e-5522-4999-b9b9-aa2e98c78b54,VISA,5a95426f-6055-422b-8687-78a9f7e2e447
c4399323-9108-4058-a1d3-09c70f5e826d,VISA,84fea31e-17c0-4d86-b04c-f86d265c8f54
49733d17-ea38-4fda-8327-1fb0058b78dd,MC,9b905a9f-143f-4cd3-91c2-7c5e5fdd05bb
7bc07990-2499-4913-8aec-24378d2c406f,MC,110330d9-b588-4e5b-bbe1-d24a3acc91f0
18f2a8b8-5801-4f97-abf5-49f84ec02e16,Discover,8ab9bd3b-afcd-44a3-a9dd-753546c5a669
9136f30d-c99b-4cc2-baf1-8a84e51da21d,MC,42ad387e-095e-47e5-bae0-3e10b8cb36e9
dd2e59c8-b167-41ee-8b61-0a9d4e9c5ec0,MC,b0a20b08-4b37-487b-8f09-05a7d9806510
6384a906-7327-45b6-90b0-876cb0d50863,MC,c14a4866-14fa-4580-88bb-d5c234570e61
5a6d204c-c816-4970-bcd7-fe0fd4f6809f,PayPal,50efb5be-7d42-4011-a186-8bdc32c19a85
3d47b525-28e2-4fa9-a96b-3b75fdf3bb65,VISA,eb7ab5e6-90f0-4383-ba2a-90c5655de520
cc3f3f1e-e5af-4fbe-9ede-b1f080329756,MC,bfc91ed7-276e-45f2-a8eb-47885b002b70
bb8831b7-577f-4200-8fca-2cab9ed1e951,PayPal,abd10e8b-cb60-42c2-8bfe-346e1cb686f5
a76ed351-f96a-4ac0-8ef8-c81d40c97cc2,Discover,67f236f0-d177-4310-931c-ccf7ba65919b
4638a092-bad3-432c-87f4-aeb7ee0be98b,VISA,630a3501-677b-4851-8d69-9549da868bf1
d97d9243-68c9-4e53-9bce-ff20a7adb563,MC,8bfd7ce7-fd01-4f75-956a-4a32cb0bfc5b
0fc808c7-c544-4bd7-9fd1-a29c3c5df49c,VISA,db02dab4-75e4-4930-b1a8-6071406d679e
514eaaa8-efed-420a-a382-d8b4f58dd60e,MC,afc4b9c4-c5fb-456d-a130-22ef5d066fbb
d5bc5286-8550-4bff-8319-8192bca704b4,Discover,a47e3afe-9237-4c3d-a3da-0f3d51305579
1c224c9a-f125-4e5a-aa38-42fec662f118,Discover,9bb47f8e-e740-4e48-9028-93e3ff46229e
392e2ca2-c961-4f2f-9ced-6cc23463a701,AmEx,6d422c3b-05a5-416a-b2be-d91e7ebb6bb4
2f21a007-f5c7-438c-ae3e-d9a37e575270,AmEx,5443040c-8ada-4cd6-b2ff-86b5bb31dc9d
c49b13ec-ff43-46c5-a606-7b5dff1bb5c6,MC,b51e633f-4719-41ef-ae9c-66c9f800c55b
af154f8b-132e-4a26-a148-75d43e70342c,AmEx,b3280b17-5f49-4929-bcbe-36fa9e56e78f
dc7ee0c9-d5e0-4903-a0e0-570b74e43b78,MC,f9ee5370-dd65-488c-a9c6-9d0abc67f25b
7823e96c-e5cf-4081-a3b0-134c4ffeec99,MC,61c0a0a4-5718-44f1-beb7-9861c161f94c
9aff9d5d-0a52-4d05-8a67-d295ec51e364,MC,aa1f6d6a-1394-4373-ace9-2b2d02231255
a36eb7c4-e70d-4161-9a90-429b9f339d83,Discover,7623bde9-724d-4233-8fbe-769a1dbc50c2
815e9c71-1d38-4395-9818-88432aa2a614,VISA,bbfff63d-6571-4afa-a9c3-e04c7c8cbb46
e9f02cf0-81e2-41c1-8f0f-dc845d07d2cc,AmEx,83e99009-b6e3-400f-9ee7-91ca19ab24e3
85058133-5d87-4527-adad-1046bc568929,MC,8efc30ce-3e4c-4f1a-acf7-839322ab9b30
601ec2ba-3554-4012-8d37-6fedde34100d,VISA,43ba38c2-c04c-4f00-927b-4d8b320bf150
cbf19f88-bafc-4a89-a1c8-ed06c6f836da,MC,dd010456-da77-4f86-b55e-91f2144f5a77
54596f8d-3813-4bc7-86cf-15033c22d4f6,VISA,ada32be9-93e6-46ff-96cf-c924d13c6b85
86d149a9-fc38-4075-87dc-cbb0447f5e23,AmEx,c678f2fa-45db-4b7f-a64d-6a7e1ebeb87b
bbe1e6f9-36ce-4055-b0d3-df1f76c842e0,MC,fafa9856-62ac-4491-83dd-88093fe696d1
7eed62a6-f13b-433d-b968-aa64fd1635e6,VISA,cb6ea0a0-824d-422a-bcb5-08327d8d9948
4b3dd1f9-cd4e-4116-a6c2-f1aca804a8c3,VISA,e692bff4-54b7-46bb-ba42-86cc305e68b2
bc42b7a1-87ee-495b-8fab-8e97219d6aef,AmEx,2595bb71-17f1-4ce5-93a4-669348461011
43bd8f8d-eb0d-44c9-a4cd-d093b5ac29d1,MC,5bc5810f-9a95-4807-aff3-0a347ba9f8d0
65cd7b6c-c4ce-4f0f-9413-5ce209bd1edd,MC,d964678c-7dd2-4cf4-80d3-4d97f6079e1b
8977d506-c338-4b03-835b-8a747f594b27,PayPal,6efcfd46-1da1-4db3-981d-64e7b3486f0d
24aee2c7-77e1-4200-b919-31c3983434a8,MC,75df3f9d-0ed4-4851-8ad7-953f0d48ac3d
450d173a-3d4c-4bbf-a41e-245ad13486b3,PayPal,09c0fcbd-eda4-49b5-a92a-7965a4d5c992
1186c41c-2138-45f7-b6f8-83aa4adae0b5,AmEx,392e5852-2da5-407e-a350-7ae7b3b6a861
b8993a29-0047-4953-8891-ffaee2e5ef25,AmEx,92a7f905-428a-4912-960a-b3c1c2d44ece
619a92a4-8b1f-4308-90da-4d48ced2c48a,PayPal,e9c0ba0f-9ad9-44ad-9f62-bd94d3f903b3
f251a929-1200-43be-ae03-4e9013b81187,MC,4841dbab-00d0-45c7-b822-54ad48258246
8462a031-e10a-4d47-98cd-d86cbb731feb,MC,c351de0b-b5bd-4ab4-8825-6cb4373dde35
f8520a71-d72b-4b78-a0a0-64788f7bb9f9,AmEx,7a515652-74d7-45c8-a31f-8c7f21fb911e
5e0eb536-44ad-496c-8360-29b289f53aa1,MC,15afe137-3d90-44be-9bef-28f84b05340c
3adda813-9736-4b22-994a-d09555c1675b,MC,24969cc6-b20c-4643-90f6-821d35a17ec7
e1585076-d382-4c89-9aa1-a5e65372fc97,VISA,aff1cdfa-b301-45a7-8250-f5c7d66148fe
dcce2caa-d285-4f9f-ba98-f0aa48b99cbb,Discover,682803fa-c2f8-4a6e-a5ff-03a6dc511c5a
51f78432-25ca-4385-be96-365a4477efea,AmEx,a9974e38-7c63-4c8c-969b-3f5e2374639b
c2d70079-04df-4c22-a4ca-f8b08eaa0ca5,MC,404e2b03-2557-4569-ac9b-c67693a97957
97e6aff4-8af4-48f7-b3a1-783a7e0b8a9a,MC,6ec137e8-b962-4023-b06b-72c1a78ee87f
6dd1a49a-3a76-43cb-9871-af3e117fd8ea,MC,1750c64b-1de6-450f-b2a4-737163596809
1de9f56a-8fe9-464d-b2de-9b2b71720b6d,Discover,b46e8afd-fb0c-4c24-bff2-0e810ac8364d
30fa48bd-3c03-464d-938a-6d47653687f5,AmEx,e783d2ba-f4d9-4ede-afa1-bb43e8e495ee
b99a25b2-cabf-4d1f-8f92-ef375ec874df,VISA,6f1db262-591f-46c3-a450-d5b51f65b416
2154c086-6646-4ef0-b131-6381ab1cc931,AmEx,bcd9b983-6d77-469d-9f8d-f86a59fc04f0
30fca311-bdb4-46ef-b74e-40c9bed115c3,MC,1dd0e72f-12b6-41cf-baca-e3de231f2648
e34436d5-8663-4856-be86-babaa7b52b63,Discover,8ce170ef-f9f1-4142-8aba-fd66c1a948c2
f0771d4a-af35-42e6-be12-2071e9a158be,PayPal,3dde2275-b6fa-49d0-ab5c-19a713c9ebb2
28462a91-0081-4943-b9a2-37648c4902fb,PayPal,15f10a88-35a2-4bfe-9f2b-c5732f31a4b4
cb495b9f-9b60-4ec7-966e-067609cb7e89,Discover,5c8d0b59-94c0-4a77-8578-d1869133f145
459b7b92-3731-4f98-a3c1-37ccc6f647a9,MC,087bfe00-7bc1-4130-8913-2fa320ce0ba3
00ea8de5-de4d-4c75-9e1f-cd99b3bed26c,VISA,46c13758-0e24-4261-8e3b-6a65afe2fa9d
3566d85d-021c-4528-ad29-8c32852f7a2b,MC,33dd22b7-b6ca-4d97-b2ce-12012a6a3f97
70913520-d573-4a20-a93d-dc11b504fb39,VISA,79f909e2-30c4-434f-8356-31562ec316db
5660fe25-760d-43ae-97c6-8e856f6d7bdc,VISA,9c024d79-62c3-4c10-8374-da79c91aea9a
86e3d8a7-409c-48a0-a143-dd9e928ab9fc,AmEx,e8c25144-e505-4cc6-bb78-c76e33f3de46
e769a413-03cd-480b-8bba-6cd4078f10b1,Discover,7d6018ee-99f4-44dd-adeb-d16411a51c4b
8103f0db-0755-4c2c-b4a2-72a52f60fd1a,VISA,980c136f-82e1-4530-a3c3-77f134e632ea
d23b5763-fc88-4668-a62a-2bfb81799da7,VISA,93d9cee5-9485-4b4a-abb7-428188a90461
18b33fed-400e-44f3-89eb-5654ab7c5429,VISA,db34f4ab-8e10-46cf-8f6d-64178e2072f2
c9f0031f-8300-4373-8963-d86015e14c9a,VISA,aef111f7-388b-45f3-97ed-47668c929c19
7091fc1e-42f0-4f60-bdce-a517be79a54c,MC,fc12ae1b-9940-415e-bb23-f77956438596
32050b7a-cbcb-45ab-8798-069119d23485,MC,65ba21de-94aa-4ec8-b945-fadefabafd35
92094abe-83ef-4646-a91b-4ae10bdd5954,Discover,2703571b-ad10-4630-8a83-2b7e3a634605
1405b359-4006-476d-ad6e-23d4cbd278c8,AmEx,9e33d4f5-5315-42b1-8f79-53c037fb7072
87a07bcf-1113-4729-aefa-da4190bb51d2,AmEx,8fa234fa-4654-42e8-b8e3-16757e8174e6
da940f1b-415a-42f9-b248-8cc9060ecf6b,AmEx,9df01bb5-80d1-4126-aee9-44d2feda5334
0074ca62-8206-44e8-8f7d-905e15786b17,AmEx,28f91ef7-bcad-4944-a13c-f9ba6b5538a8
f9bac1da-e535-4e68-bb0b-5a7c4be67415,VISA,e3db4356-15f3-451d-84f7-15b433dd18af
41d60e45-f8a3-4bc0-a38d-2ba4cc4ffe23,Discover,d1530acd-a327-4492-a734-d04059fd65dd
7a801bc5-4d71-46de-9a99-65b35536c127,VISA,fc5c04a2-3fde-4a8f-b002-40abde87092d
3b9c3b53-16ed-4053-8ec2-d0e9be185182,PayPal,6395a402-dd3b-4d74-bdaa-5a07cb6ee357
d73fa576-4fce-41fe-9dce-95f3593bc071,Discover,e0eec7b6-75fe-4f8e-97cd-b1aa464d60b8
e332cee4-db15-44df-86e1-a4a2f989b666,VISA,df6e8989-f9ac-48c6-8846-b2a60e3b5695
f4f332b2-38f9-40c0-8e3d-8b558d333133,MC,9774487f-0372-48b2-a099-5eda7c5fa700
10f6e70a-bf12-4240-9ae8-4b2d33ff1a71,VISA,df625507-00b7-46dc-93b6-0c42af121e26
0380828e-7340-463c-adb3-e63655f0123c,PayPal,d1141ab0-b65f-465b-80d3-effd7597bc53
95e9a187-44a9-4bc3-91c1-256d43ea6d58,VISA,16b89547-bd69-4e87-b4fb-10cd35869b52
2ecf278c-7bdb-4cc3-90ab-5d9e610ec715,Discover,03c7f8a5-1f82-4d64-9a83-6092eb40bda9
f56e9a83-7070-447c-9a8b-21c4423748a1,MC,9930c799-8f9c-4636-925a-4c8c6b47a64f
7813f67c-10a4-4719-8125-de74cea49c7e,PayPal,48a260f7-c9a0-4486-b205-4fe34e5ac3f1
0a3e2f81-4adc-4220-99c5-c1faa6384bbb,MC,9cc91765-9d33-42c4-aadd-b9dd7df838c8
20c4c632-ce58-49fa-a634-c009563cc91d,AmEx,15d77f7b-fb89-40c5-9155-65b73e02eba2
98876997-274a-497f-bfa4-e74a1e0935ea,AmEx,b0c10211-9222-44d6-82f1-53032b170fc1
a80a690f-6547-4186-81d4-336808e35676,AmEx,a8247e47-caf0-4085-be5f-73df7bb7dc8d
1c2f184f-8e0b-4546-bbe7-f03c61332612,Discover,f21cbe9c-3e17-4d87-b1b9-2cf3855869d6
f8d78c6c-26ee-4a76-999b-9db4178dd674,VISA,7dab19c5-70e6-4801-8f24-662b757017ee
099b4a92-1480-48c2-9054-b04710e12f3b,VISA,c4d84806-d989-4e77-8dce-3e6e49070253
1b8943aa-73f0-411e-9634-2e96074c0360,VISA,6f22d42b-430a-49f2-a3b1-ae74f9ebf10d
8308c02d-17ac-43fc-b594-d9e33dc71e94,VISA,ce18e113-3a50-4eb5-be53-3bcfaad81dba
32aed107-8d0a-4604-82f9-1e9d62ee3c46,Discover,6a06b1a1-c405-4c12-a16d-d583f3670f6d
d038b559-d20d-413d-9c7d-a06974730e3b,MC,a8465784-9e9c-4ff9-bc63-979733014d90
58d44d2d-0af5-41db-b9cc-3ec69a44d5f9,MC,d167310f-0181-4551-b81d-fbbf3a6d7843
8679a206-d99f-484f-8bb0-4aae9fe4fe05,VISA,5154e02f-0c9c-443b-9a0d-e2b38a2efcc9
87623b1e-12f2-4aa7-a714-97a32e131fc8,VISA,12c6ceb4-6854-4738-8b34-34fd91148ca7
e64f928e-96df-4ac4-8feb-daaa6572056b,VISA,6ac88f57-8937-4ce4-84dd-495973942dfb
9deaf419-f390-4e22-9c14-5da70cfe7ad0,PayPal,545343f8-fa26-4c4f-9759-6cf71079ee04
ff0a92b6-ae20-4b8c-afb7-ced99b680d1f,MC,1fff27ed-ed4b-4243-a132-15f9934ea5d0
c47c9ebe-5d70-413a-9ab4-55d1531d336d,VISA,1e89775b-3e52-47ab-bf87-2bdda91f1a2a
e74ce31f-e28d-492c-8a9a-752f55bf3791,VISA,8d3587f1-4253-4e8e-b9aa-b5b61a79b727
7a623bb6-4c2b-42b4-bf1c-daa1636438db,MC,55161170-f480-4e66-bc5c-00fe230a6977
0634a3b8-7a77-4baf-b0a2-9bed2f497ce6,AmEx,3cbb44e9-8ca5-4ef3-9a98-89a2530e7032
8aee6ca2-9dec-4851-81c2-b9067903e6d1,MC,1005ab2e-8015-4080-8908-0593fb191783
ce12521a-2bdf-4aa9-8717-4f5df5cc1cee,VISA,5d77ebfd-991c-4a76-803a-75480334a2f1
eba9e86c-ee5b-4082-9644-b63de67c08c0,PayPal,091c8c27-dbda-438a-b6bc-e126e9ddb81a
06eb1888-e140-4f99-8e2c-eb1aa9c64b74,VISA,febcf32f-7592-492c-9445-1831a52b174a
13c0806e-e905-410a-9993-9bfde03feb7b,Discover,59e01115-e6cd-4d23-ba83-795893be426d
91fd9e05-0ce5-49c9-9786-42ec69218c9e,AmEx,d91ff730-4c19-450d-805a-46b5c600448f
d239cd9e-9788-45cd-a311-b0c60ae9295f,Discover,99bbc1ee-41dd-4575-b50c-9d3afb4181f4
0d50e8e5-999b-4af4-9ce1-228a29cf6b60,VISA,eb121366-74e2-4882-b890-35af197ccc72
0579e74c-6b72-4710-b9c8-dbb4a019d145,VISA,747d1067-b24d-4875-8c93-b434390496f3
cae9f88d-f2bc-4426-a0a5-bfee76680bd3,MC,bde7275e-d466-4fee-9b8e-f946ec5d6a66
a50f2fba-02cf-4e5e-bf90-c4d33eee44d6,Discover,52c3eb51-f660-4089-8aa2-abce731dbb67
812c2661-52b2-4d2e-bc09-7e66f761e1f6,VISA,ed90cacc-134f-4641-ad15-de194557040d
d883d15a-7442-4e70-9b9f-28fc4650c8e9,AmEx,fffa589f-19bc-4310-8d1b-4f37d32f2a12
eb6bd251-14d9-4e45-9e83-86c76365bb5e,AmEx,eb4ad0e1-a030-41e1-af15-2fb9e8d74658
42f52765-5376-44d7-8fb1-04e895a1a515,VISA,2164a97a-d6a0-4114-be7a-a7bf0b0b0087
2709e924-6cd4-4c46-8e83-a97a7e659dbb,VISA,9d7b0157-7777-41dc-a437-55faf7ad9867
7f57076d-0d56-451e-8739-478a3c471148,PayPal,bad1e07e-6439-4eb4-88a2-dbc1830783b6
add6a447-90bd-43f5-a29c-2218fc5f4d59,MC,586a7d5b-a34e-4811-a3fd-3b093deb564f
2793248a-4c2c-4898-a850-9f287018125e,Discover,4de7cf6d-3c13-4a48-925b-d11134907802
3ce1e6c6-e3dd-4451-95f4-a7599945bfce,MC,e3ef4a85-3a67-46f5-8b21-2cc934fc6c2a
8e7e5d37-7d55-4f19-80f7-a549ff3b3149,VISA,95a64694-566b-41f5-8672-2ceaa4fd7b9a
664c4fe9-e978-4e70-964e-001aaa712431,VISA,878f2712-bbb9-4ad7-a2b2-2e60df0e726e
df6ba608-506d-4bfc-a6b0-f8df4ff513c0,AmEx,abb800b5-3f44-4f40-9301-9ac42a1bbeec
7de9ac7b-fdbb-4107-adf3-b01f46fbe4c1,MC,83198b70-be32-4726-99c3-ff63c15d358b
21e7fe53-69ec-42b6-a159-bcf551071909,VISA,75837f06-8046-44ca-b7a1-0f4f75803eac
abebdced-f55f-4e96-8dce-ec4fe1cde43d,VISA,29042470-c7d8-4542-a43d-7ed25fa56518
e1516008-fb28-4aa8-99ae-f67ce310d24b,MC,5393eb94-e0ab-4563-92e0-3fb9ab460dad
e2d5c098-0e9a-433e-a4bf-b5103cacc2b2,PayPal,03e1a535-56d3-4e06-ae2d-b341a9101098
24135a8c-b3bc-4711-8079-b393c7c8826c,VISA,d93a9cf1-42a8-42d1-ae7b-6d3f9f5580cc
a96187d2-83fe-4566-b85d-f7ec5e93a339,Discover,13a6fc7a-6c62-4295-b333-10372ce81146
9667fb2f-d4ef-4819-ba10-8627720be0b1,VISA,f4783da6-3e51-445d-a766-a6a3eeb7414b
1cbe3f73-7780-4d4b-8aa4-ba38f5d668ba,MC,3c43e9c8-14aa-46d4-b5f7-2bed6b42b159
b4f780da-9813-4d3d-aed8-5f2853cff7d6,MC,71969e21-71b3-4e88-8152-6950e4432828
f6ce8c15-3717-49fb-b7fb-afb15328beb5,VISA,74f67fc2-9590-4f46-9fcf-64c827f20186
9a2bf25a-b3ad-4519-9d82-734d5d6bf636,MC,9dd7d31e-a4b9-4a4f-8c46-5996375e2bd9
d8381075-d716-4a0b-886b-ec940d5b9e13,VISA,3c48da8b-8d35-4e69-9176-100c1dd3cac3
51a861ca-1933-41fd-9642-37fc0cf28b4f,Discover,72176fcf-1425-4ac8-ba5b-8edccb1a321d
ef09b502-c564-4423-983f-2caaaa85fb70,MC,a4f64d97-2ab8-42ec-b947-8f996f4eed76
d1c0338d-73fa-43b6-8cd4-f1e54cbf2e0d,AmEx,a93985cc-4b79-4da2-8739-13065edbd6ab
9d721248-6de2-4cdc-b7e8-03629a330008,PayPal,ad4aba39-59bf-4dea-9831-cea0a4eba5ee
739f0d16-17a1-474f-8035-d44bb3d8b382,VISA,3148f925-82d0-40d1-9a58-3a9b3f11b8f2
24ccdbf9-e7c1-4eb1-8f28-501e85b03410,MC,ac1ecef7-f595-4837-b4d1-2ade33c931ba
81f8b0c8-7bd4-4159-bcde-a3048bfac07f,VISA,b1f62498-6953-4fa2-87c5-fade9de57409
111bde15-0d6a-4027-81c4-afef40081117,VISA,c531c8a4-664a-4bd2-83b2-e9a1505b6aa0
7ca70804-ccf1-487e-b12d-d22042e1d0ef,PayPal,2f1fafb9-6282-403f-ae71-392396346170
e500a568-8b40-4186-988a-3d1847eb7683,MC,1e84f051-ca69-41a2-ab34-7782d17635e7
5e80f36c-5634-40d2-9056-e35d4bc650be,AmEx,e1d0d6f5-4716-4d61-ab43-9c388783c8c5
9ab82d4d-4082-4fb4-a0d5-e6f52ac4aa3f,VISA,1f71a634-fa29-48f2-9f4f-014e99b54951
36953ad6-12a2-4430-af87-8d6b2de3eb19,AmEx,b403d3c5-32c8-4ea1-ae98-1b109d0adfce
607696fc-43a2-4fbe-99de-d7b17e7b9c2d,MC,da05bd82-03e1-48f7-8573-621c6ada98b1
0e6426cd-6992-4033-828e-4632759e36ca,Discover,aecb2eb3-751b-4db2-a8d8-5490b4aeaf7f
33bf34e4-00dc-49a8-8c1a-c8f36ae34bd0,Discover,6f149e2f-208e-473f-a783-2762b34411ac
f529d952-ac22-4da9-aa2e-5edaa8014c2b,MC,02d6fb23-39ce-4783-a818-91e029a0d94e
d4d49a7f-4685-4e41-a6ad-ded8831ad08c,VISA,c78a1fe1-c72c-4ce5-8dd5-d38a26bb8fb9
6bca0a94-ac80-4209-a362-3023922e5a93,AmEx,b1d4e5f4-05a7-4bf7-a510-a0dafae846d2
5dd2a176-7e5a-41fe-8e16-faec0913e15b,Discover,7e74b23a-8b91-44ae-a4f6-a9c856d3dcfe
3919e5ac-6df9-4290-9489-addf69b6f14c,PayPal,c88069f5-4ff6-457c-a3f1-61ffed5637db
c1e329a8-d4bd-456a-a2ac-64471653d47c,Discover,bfa4d257-ed13-4306-b4ee-5fcac283155d
fbef7239-41ba-40be-bccb-b91ecea6e894,AmEx,25cb99f8-70b9-4048-a92d-36ca6d003303
f8a00c74-01be-4fbe-a121-39cd08e3f759,PayPal,c199c65d-7f11-402d-999d-dbc811810135
1a8f7881-9a3f-4e61-8609-18e6bc61d5ff,AmEx,f7205691-3e07-4b26-b420-d1543fa49342
9f8e052a-66cc-4f9b-82a6-6b5919dc9120,MC,ffaab1c4-f811-47ef-b098-8f9361ccb042
d2a62186-5223-4058-87a3-ab2e07ce221f,Discover,c2d648c4-560e-40dd-9592-624d7efe5c85
791a9400-e2f1-48e9-aa3d-30121ae448d7,MC,0f2a70a9-ffeb-4769-bf03-843e16d872d7
a7003807-01c6-4394-b351-bbab6e3cb5fe,VISA,cdf57d73-a769-42e4-8bfc-35d8e956cbba
a71ebe9e-653d-400c-9848-4dc9b2ec2a3d,VISA,fbb071d0-1577-4fcc-ab15-d1fe5e79599e
f6b2da0a-6a84-435a-b939-60fefa747608,MC,52cfea2d-211f-4801-919d-34650addd487
1f5648b9-10e4-43b0-96fc-998911844388,VISA,8a7f4e31-45f3-4ed4-a781-0920417c8cea
97ea475f-78bb-4a23-952a-046d2e91248b,AmEx,ad61739d-5744-4cb9-99b3-bd17c16b78f7
c660467b-315a-4216-8bda-a6b9d88a7131,AmEx,5a691a85-36e1-458f-a72b-9a71f5f83b1b
96355722-0f46-41a6-8b26-6a7dd00b2c7b,VISA,1c7dba61-5028-4c53-8942-33faf67c6776
8eee1bdf-99f3-4bf5-a4b1-032534ffd881,MC,b57fafff-5b5f-4f9c-aa19-304898e78465
51418da3-00b2-461e-b8c4-14986812dc66,PayPal,52c772df-fdcc-4bae-b87e-fbbff1444756
3e093a58-cb33-486d-bc3e-0c05f452a138,Discover,65a970da-f198-4631-a100-bb11f6f1b66b
dcd874c0-dce1-491c-bb7c-4ccaaa1e0671,MC,5198908f-f996-404e-8eaa-6b22e2d2dd58
ab430374-3ea8-41a8-9e7c-51c45e895c96,MC,a0702e28-d807-4ef5-b2da-67e14b727715
bce44288-89a0-4d6b-931e-50a2b5f89c08,VISA,dd14ec29-3ad8-4331-b577-c39e4bb22bc8
25d36d3f-af8b-46e8-b48b-a215ce23a03d,AmEx,9e988cbb-1538-4d3f-9680-619375cc33f1
873c0cde-6870-4c8c-b717-e2353cf5b720,PayPal,66d007a2-28fd-421c-bc10-e2c71f7178e7
d855e2f9-0843-42a2-8a38-585e4ff96cbf,MC,da7948fd-801b-4320-9e5b-765910863ddb
25acec4a-0b70-43ba-80bf-5c327c3c1306,MC,6f9c7bba-1f48-4fa0-9cd2-f224400d59b7
e0f25cdb-af0e-42b3-a9ce-c2c04cc13207,Discover,0b9a8df9-fd28-4e63-b864-3baaedf75416
98af9a2d-80ee-4571-8601-90bf6ddde773,MC,16bbaaea-064d-41bc-a1a2-88dc935efc3c
0b419177-40d6-4d97-a3c9-e82c9e24c958,VISA,76c6800a-2a68-4f7f-885d-343f04528a58
9c2fba99-e0b7-49cb-a659-4ad2ee5a4e0c,PayPal,1ee7dad4-be1f-42cb-b41e-4ee111b28a57
0272b963-daef-4210-986e-8016e7691cd9,AmEx,54558dcf-50f8-43d5-8168-829826dfbe73
d64d8314-4060-4fef-8573-0b83c9af6982,AmEx,bccf2b7e-568b-4cab-b18d-1b9254918b17
ffdfdebb-7cae-44e6-aed9-67b25209013e,MC,523978c4-3e90-43c3-b47f-d28fce10c615
438acd7b-8fc9-419f-9c4a-5d12e602a567,PayPal,f9cad8e6-fb39-4eda-9623-70846b183726
8335a67f-7667-4691-b162-1f92d89825e9,VISA,87dcb95f-4e01-4fe6-93d7-cd858fb78187
ce7f24e8-5177-4de9-823d-b81e04035bf6,MC,07e8857f-13fc-4c60-a50d-ac0d4fec4807
b3a61859-dbc5-4318-a272-1cc581e90592,VISA,4e3e1843-77ad-47eb-b638-b7bd156c3ca4
c6006f48-0ade-4817-b3de-468f90cdd707,AmEx,dc718a1c-da99-4731-bff7-6dae90a3c0ff
16ec6d4f-e39d-4522-8cd1-a98e5f98c18a,MC,bfc02e09-7433-4c49-a26e-0fc553d98c90
cd6c3e25-09e8-4ac3-b1b0-2869a6cdf9da,PayPal,573febd5-206c-47d3-8e77-7dd461690223
79289180-c40b-4c6a-af1a-7c6dc4051cac,Discover,b353ec28-4b78-4bce-ac02-2ff4c3bb3724
6aa57d1b-1714-43fb-91a8-0a4c392dfc3e,VISA,52bd0e8d-f1d1-4d40-93ff-f7d2c3421fa4
3688941b-5829-4709-ad16-3d74fd1e3b87,AmEx,61b97c4b-7e66-431e-9630-66ba51e918ab
e0a03cf2-56f1-4c8c-8434-8851331b1940,VISA,98cec6fc-a6aa-423f-920b-3c0a10f6e186
dc0ae203-f186-4d87-b50e-03ac1c06e1de,MC,313ef1ae-2a21-4ddb-bb17-11fd949abec4
3af69bc4-1032-4ba4-9cb6-8c653c29a522,MC,9198855a-9c89-4e18-8083-c6c84a5dd349
a97204d6-a4bd-4d67-8b78-6f5131d2c2e8,PayPal,fcb42351-8184-492a-84c6-bf9070a1a018
ab108515-69c9-4cb7-8ee4-c9f9a93f4c4a,MC,21ca8a12-7818-4166-acb0-dbb1fd3bbc9f
761ee6cb-dc7a-4839-b299-10cdbe720e11,VISA,5f9acff3-14d8-46f7-9a55-ea3675dda46f
c4b25590-112c-4c24-aa06-84de01aace79,AmEx,693dbdcf-d439-47a4-b92d-2820800d78d9
59ff2187-a409-4b92-b8f6-2df8fe98fb4d,MC,59872de1-d256-4199-ba40-0d9ac0fccfd3
0c4191cf-dd2d-495e-8b1a-4a9285578cee,PayPal,5c49c73c-ecd2-4f77-b6c2-4bb1d880d19e
b5909370-212e-438a-9bcf-26ab821dafba,Discover,86c15eb1-d1ea-48d7-9f57-855ac38ce587
b3b03929-4fe1-495c-8af8-35f460b9fa93,MC,6281b4b6-cb9f-44c7-9f67-f967a42977b5
90b22aea-6725-476b-8c70-d8440390081c,Discover,dd23fb2a-4ae4-46c2-9c12-544870016fb7
a0955573-154e-4b51-9df3-e9fdbcf22e5c,PayPal,20fc1e23-cb29-45e1-874c-e7989a620543
33a6431f-2b32-4b7f-b1e8-90b5bbbd99bc,PayPal,5a0e58b6-dc36-418b-91a0-2b9749fc7473
d064875c-9524-4b7a-894e-3260f1553ead,VISA,06a63c0a-15be-4afe-9daa-0ae2b5e06548
498466db-0d84-4b68-8b3f-3cc9936bc377,Discover,19f2ae78-f1f3-4526-8037-8f883b59bb9d
26e4575a-fe98-4ec9-821c-ced476b6c289,Discover,35680cd3-76e5-4a8c-83e2-d2c40deec370
415545ba-62b7-4c4c-9724-02b445fbdd28,Discover,315e379b-4ca5-4c2c-bf8a-9d2c417b4afb
309d1a1b-3b31-4c3f-8cfe-2922419237ca,VISA,03ed1765-8fbf-488e-82ff-661f9a8fe891
2b06a086-e48b-4e02-b6d0-21ccf4d2cc35,AmEx,456f5271-b884-4e88-9b4a-20ee8acc49c8
d44993f7-5429-4e55-9535-aec45cacac8a,VISA,d8737b9d-ee17-40f2-8a44-fcb39de760a7
f120dc63-605d-4b89-a6de-b9247a14e929,VISA,0de4a433-7f1e-4b1d-9a8e-7723d0768851
d619e6e2-5dcf-426d-bd05-0fc764fd41d3,PayPal,5590261a-3738-49c1-ba28-cf8803ae506d
54ca4466-0406-4109-85f1-dc9e96454b8a,AmEx,eb5c4071-ae4e-4b5c-9c4d-a66193bd2cd6
6fca38ab-1b63-42de-ab68-d13825a96856,AmEx,d37c4e26-98cb-4c66-9144-613de6fb7ac5
c07391ad-915c-46b6-b934-3c9d64c08dda,AmEx,0331d997-1ace-483f-8987-1a19fc6dcc53
e12aec40-3963-4ce1-8848-c4ac9b9c5d17,PayPal,55effbcd-5f27-42bc-bd0c-63f02ff33fa4
6e7e7919-f094-408c-ba9a-64d7686ca7a1,Discover,c720fedd-b727-4c0e-8366-748a659514a0
407a7a2f-d1e5-4eb9-be47-ac191bf75553,VISA,0f9371ce-c060-4d42-a254-13cfa5cddef1
488928f9-270f-425f-9546-27f3f7e6355b,VISA,0ad7ca41-99c5-487e-8a5e-1bc6678783c6
86ecddc6-425c-4855-95c2-0e2c96d18bb3,PayPal,fc7b8d31-d5b3-4cbf-a2f8-76c05e072c23
add00bed-9909-4f7c-89d2-01efb535434d,Discover,f3a7c8ae-dc19-4dbc-be46-2383a52be50b
cc1e07fd-35b9-4b31-9b8c-8d32480f6033,VISA,d4deecf0-d48b-48ca-b77a-100b004bdc00
550cb65b-f2a0-48b5-ba67-fc1fe2fd9157,VISA,bd3e2de3-8bf4-4e75-84d6-bba8e7a9dc81
0b2a0893-c4a5-4a54-8d7e-6a9041661697,MC,7a00ad95-c259-40af-8b66-7c61b70388a3
ae3efa11-0f77-45d1-b285-67e5ebd48cf9,MC,74d7d7bc-5e96-4ae7-b08d-2e6ab9c24023
304910d1-aab4-4fe2-b890-405c6e5a65cf,MC,9c76af25-b2f3-4519-bb93-fef5a811ed01
547b9a56-f774-4a69-8b34-5a10a5f69859,PayPal,71c242a8-ce1d-4978-83bf-5f65db79a50a
b1238489-a643-4c9d-bab9-510f3f6e545a,AmEx,19f23db4-254a-4f77-82a2-4285f90a3b73
5205bef9-cd6a-432e-b326-332818604c30,PayPal,064c5be4-7d73-4416-a842-33b36ae94f4e
0c102d8b-f1b2-4022-bbc5-18a6ba9aacb7,MC,1889858e-fbc9-4e2b-95bd-ace669e0a78d
b208d611-08f7-47ca-9a27-1cae70004c8f,VISA,d602ac8f-e16a-4d92-ae80-2fb22c3eaa1d
6784a2cd-b360-4312-b004-6e7441aea176,MC,c82aba66-70c5-433c-a800-e7d8a5903209
12db0533-a678-443b-a484-778616a4518e,AmEx,66a274e4-fabc-4131-8e3e-c40f37465582
45c6acbc-0a32-4b2f-ad0f-05db2b625da8,Discover,8ef17471-d929-46aa-9324-2c44fcb0f673
cd73b5ed-3f7f-479d-8672-1aa7337c6a0d,MC,96c733ca-6419-4aa1-9433-bc869a3455e6
a054e17e-0976-47d5-8b41-d4d54a3336f1,Discover,653ebc22-803d-408f-aa2f-cd7b5d459065
e502b3b2-be2d-470c-bfe0-af488bbd5d67,Discover,e3f11e5c-7e8c-4076-8502-9b88d84675aa
eecba3fa-9fa6-4b3b-80b3-ac127ab7b5d7,VISA,6b5a58f9-2e5b-4873-8d9e-9bd7480d4b35
1c146ebc-e0c8-4d0d-8a2d-ccc13512ab8a,Discover,2ca24192-7977-49e0-9c54-08677f8a2869
af951422-b3d7-4a5b-8244-528fc6a042b0,PayPal,fba4624e-991d-477b-aaaa-cbb5689eae81
b02ce8b8-fe37-40dd-b161-274a75006c73,Discover,e6d0bd3d-e43e-4055-acd4-14ff83041969
a8e6fb0d-504a-4961-aed9-fc6efb0cf124,PayPal,e5c49530-76ca-4535-b338-5614e6bc6e95
eb55086f-c7ea-4062-851d-29110a7af62b,MC,608d3f38-995a-40e8-b9d6-71e79e8a94b2
1cce2be5-6f48-4794-a7ff-37ce2c916569,MC,6d5647c4-3541-4341-a93e-eff9ae3f927e
aa17e145-c06e-4f7b-96b9-f4a78f416719,MC,a5bba23f-3fdf-4462-b0e7-7fe9a59cea30
aee813d3-4ec1-4a35-b4e2-d50245246a33,MC,c2695d57-b6a9-4dcb-bbf7-575d24cc40a1
f241411b-8e8a-4f09-8b3d-252b3f8ce4f4,MC,5c623a7b-5340-4d86-a9ec-fb08d5bd6806
37a4de99-518f-450a-9a3e-5e0ae2462c31,AmEx,cbacdda3-763d-4132-bae9-f71a6fc3673a
979e406b-ea93-4d56-bc0c-f8aaaec727cc,VISA,1c7a099b-eda5-4ad2-9b0b-f7d645087b0c
b0f2114c-d517-4819-85c7-26ea5e237553,MC,3cc220e9-e043-4e60-9a18-964a98497ade
9fe6609f-9a32-42e4-9b6c-a94c51d15086,VISA,6c16e358-6901-4a9b-a0ec-bce10d3a3bdb
073bc399-8391-4150-aa83-ee13f42ed7c0,MC,3e7e947e-c490-48ce-84a7-b3dbb80a5784
b5f9caa1-8314-4a04-9aed-5ce4d8eda999,PayPal,624da7e2-70d6-4c08-b46f-fbc2c0291370
8105103b-feed-40e5-a575-2351b246cba9,AmEx,c326b396-7556-40a0-83c6-bfe846147289
378afc4c-76a5-4329-98db-6f8ee0c2ff85,MC,1cd8a141-d25d-4d37-8ebd-fb4619d3aa67
d6575e24-0045-4a93-8e63-369ac2de957c,VISA,6ffde773-9159-45f0-b09f-d2ef0e8b0f73
e234724c-07ac-4085-8df0-674bede784cd,MC,3863180d-730b-4b23-8a30-3271ef344983
0f8c4bbb-7148-4bf4-b171-fdfb259fcb2f,VISA,0dc732a5-d19a-4ab2-85d7-33f4877e8ac0
6e5074d0-2c5a-4e79-a4bf-beb2da26a6a4,MC,fb214923-933f-459c-b49b-f2b09a5cef64
86f5b6ec-2dbc-4e10-abc5-dff6f111ce32,VISA,957abb27-2f37-4936-a893-a0892ac9c6d3
fe1c6315-6e48-4fc7-adbb-0ccb66bf6d4f,VISA,be976329-631c-4a45-80eb-cd65e4cfb0c4
b5f75e84-5aa9-4247-8c7c-a9376f933f98,AmEx,1a633fac-c646-4344-adcc-6c97bb229717
f9f137e7-4484-4e68-a33e-d9fc8edb796d,MC,09927e91-28e4-4277-91d3-68480e342f86
69996357-f95f-48c3-a9ef-ac388431206b,MC,b0988973-78a0-463f-883c-2f3283c1afa9
939b39fa-d4c4-429a-9c85-304920a54ce8,Discover,d15da01d-60e9-4e07-872b-dcedabfb88c5
3fae22a7-d9aa-4e9f-98a4-516eabcddb09,Discover,761078a7-e20d-46ca-b40a-d201e27081b3
07c99012-4be1-4adf-bce6-94da4379333f,MC,a4854911-5b7c-4ee7-972f-ce59f6f9f4e5
d9be7548-6b20-441a-b1d7-6fb10a66ec3a,AmEx,26909858-4888-4ff5-a2aa-238a38359ee0
347f98e4-6bd3-46fd-89fd-486fa006de99,VISA,90010d6e-f150-4200-b6be-b2010fdd259e
905183cb-db0e-44c1-9b46-b179b563afc6,VISA,cf66b406-ef2d-41aa-ac3b-ef759a1b2069
9f8c80d8-cd08-4dfe-b096-fa35aecee46f,AmEx,84ff8e1c-ff64-4d26-a1cf-482786b3553d
ff23934c-f4aa-4a87-94a6-730808f6e5ad,AmEx,139b16ea-d6e4-42ed-9b19-76b4cc8cbf18
9ee10b4e-df19-4e30-a381-294dd4d7e36e,AmEx,5fd46649-bdca-4cc0-878f-84f7a886e63c
e52160eb-3b69-49d5-a3a2-43de72bd6337,Discover,d0beee6f-886f-4f58-84f4-7bf69201de8a
b77d9857-0fc1-4820-8a34-29b6c14b692a,MC,61217bc9-d264-44e2-b6d6-8e41d53bbea6
621aeead-215e-4126-9c79-9d0876138012,AmEx,623c1e14-0339-4c12-a0d9-59d4ae1da58a
a79eb0d5-4101-4cea-b9ba-18be6ebb8c1b,AmEx,c514d1e4-7e8e-4f34-9513-1a0e7e536772
c68654b1-ba73-4cd6-857d-2bcce002494c,VISA,559f2d88-b5e3-47f9-9491-9ec01d0b4208
ab23fb02-9df1-4f63-a0f5-30a98016c51f,VISA,a032df2e-f9c0-4282-b9ed-27763ce18f25
6e9c8149-05a9-4db3-9fc5-d738666f3ac6,AmEx,4bd87e0b-fdf4-4a8f-938d-eba0153f2ce4
d49fb40f-2107-43ec-8b2b-1540b660db03,MC,72f5a8e9-a837-4795-a0d8-a91fb41685ec
16294215-16fb-4ea0-8c51-1efae0b66fae,PayPal,183059ae-8c12-4745-adb0-3713ccf9beaf
8fd6575d-8903-4961-8741-fd5b0f39cd54,VISA,c57d841c-d684-4ce8-92f3-2fb8d5ca36ff
3f8d9175-bfeb-40a3-8003-b81a0be089d8,Discover,b5a73a50-6c50-4c00-a6bd-bcb357c5d743
3732cc1f-1401-4fb3-8e61-19ae76d63ef1,MC,daf423ff-7c28-47a7-ab4d-0a06eadaaa91
0a26eb7d-e528-4fff-abc6-b84f71c88ad7,MC,108b8ec8-b61a-44e6-bb15-704bbb4cd110
68a56e7b-e769-44a8-913b-aa59583f39a0,VISA,880c684b-7b8a-4759-921c-193adc573dfa
d8dbd45d-c4bb-4401-a43d-eb39b9da03d0,PayPal,acaead18-fc4e-413e-9a34-9c851e8c4e9e
c3967480-3736-41b3-b837-a6eb441b490d,MC,50ad0203-69ea-4424-80b2-11893bbcc9eb
45b9ae52-decf-4d4a-984e-35347fbe58a0,PayPal,d629702a-2d25-4395-8709-485a5b26efd7
9ba2fadb-15e0-4194-83b4-e24ed5c933f7,VISA,c33a3453-b83c-47a1-89e7-6109e39632d0
2663b4b7-2688-488c-8081-a7d6ffd34472,MC,c1b92aa8-72cf-4aab-865c-344ac725f635
355dbc7b-0613-4fe8-aedf-d1561c5561f4,MC,e68ee761-b37c-49b5-8c4a-2c3b5d7cde0a
6b26e52e-92c5-4a89-94c2-b1c979e9f137,VISA,56ba22c8-5b44-466a-95f1-1778cb705742
a93b1863-1bd7-46e4-b256-aa74dd647ceb,VISA,1e2b625c-a95c-44f4-a5e6-24eaa1741cfa
b4002419-8b26-4a3d-8432-3a661318612d,VISA,d4c1f255-beb5-4309-a341-246bc55524e0
0b62a6fb-d26a-415a-9d9f-292588439231,AmEx,1115dc93-46fb-4bf0-ac7e-09f152b80522
f43fd048-9555-4df1-98eb-7312dc629f8d,VISA,fabc6e90-494a-430f-9646-66eea8c0ad8a
648c87ec-ce58-4d31-820e-ce0479c8ca20,VISA,ef7a37e8-bd59-47c7-bbb8-5eb87119362c
84ff5f4f-e79b-412d-ace9-4be3b41d7408,MC,c830f889-1ba0-4dfd-85b4-79c059e1ece9
cf996e03-d4a4-411b-87c1-e1c1a40c5493,PayPal,024797b4-1a04-41d3-ad06-23179a3aae0f
588fea08-f012-4fda-88fe-cec966e450db,VISA,7808df9e-0fa0-40b1-b877-e39043fb0dd3
4c1e8977-454b-43e3-9ac5-7e3994da0535,VISA,b65b394b-00d6-4c29-bf82-8756bd8a8863
589b1457-d88a-488b-a0fa-eff683e475d1,VISA,fd9c4201-2950-431b-975b-c5e50c1a1dae
d5b4c085-ffaf-4d9a-9681-9b7aad1f0bbf,VISA,453a669e-baa6-4c86-8088-333bf158d38c
963fc4e4-31dd-447c-b6d1-cd3469f42521,MC,6058596d-02c3-44d9-8591-af4eaad1fa75
c75e7d53-c7c0-44b7-a903-bbb013aec78e,AmEx,3e7a41f5-164a-4609-ac75-2f5eea126f29
54583aab-889e-4e78-9d80-dd47574e8d43,MC,49f9b1c0-59e4-4d92-b2f8-155c2cc87b95
57102fc2-c894-44ae-910b-054dbc44b300,MC,87402ee3-c802-456a-8788-740b8281b9d9
6fdfaac1-9468-42ed-ae3d-e7a3260a9618,VISA,c4d490eb-2c9a-4b05-a349-3889167baf12
dcd6347f-190a-464d-b0a5-50232e4068b6,MC,7dc29d14-9c7c-4503-a449-195b22f9a272
69f3884f-b4cc-452e-a51f-eb3c785a20c7,AmEx,e14f3a38-9094-458b-90b6-d7ca56a8de72
bb4a540e-14f6-4b87-be20-f6371a4b1b2e,PayPal,e5659f6f-da56-454b-82de-59ec1fa11d02
a03b9892-9baa-43fe-b1ec-1ab4b69da3f8,AmEx,a4bc476d-4717-4aec-bf65-63b2a5983288
9083cd56-2de4-4416-920e-b6818aedc830,VISA,ad135c4f-8742-49fa-8d7f-af191c2d4d60
35432bc7-90c5-4818-a4c1-3c8f626dd04b,PayPal,e9174c66-75e4-480f-a82c-34f0ee96f209
a1c60cc8-4bb1-4cb6-aa4a-97d0e698fd1c,VISA,35a314d1-9998-417c-9971-f7c5135d4060
fd548e87-6606-45a3-873a-f22225604892,MC,3a0b17ec-6e28-4cad-956c-2674aa7d8759
ee54c7d8-c0dc-416b-b3a5-ab347f5e4ac4,MC,7656554f-50f6-47bc-8c31-3d7adc54b028
91aff7c9-1b31-4be4-b735-b9a7e6c05656,MC,10802de0-af9a-4340-9e10-12eba2fae780
52c6e8e0-a11c-4569-a576-e34bae43af2c,MC,957a7843-001d-4a77-b728-14f4d48726e5
3a9d6935-fe87-4cd2-b6b6-41140bb6eda9,VISA,81ff5146-a773-47ff-8d97-6e2abca5de05
1f92d555-aaba-4f0c-a83e-d4e3d99f1d6b,Discover,38d4ddc9-77b1-404f-9362-200464659c99
c7e75d40-7ee2-4096-8b3a-2331b5ef7c64,VISA,346f6e22-ec20-49c6-b5f5-4e10432b3087
714d0cc5-79c0-4543-997c-a1cbffb3cda2,MC,6c842b7d-189b-4a31-ba5c-df39288ff6ed
4081732e-de23-4a89-a820-17173cebfaf5,MC,5d3ed8ff-9679-4af4-9c1d-a13235a5a1d4
5476a96e-9a69-4ba5-9791-6c500273538e,VISA,88a3e118-a75e-48bd-98b8-e51fa07dbcbb
2e8031bd-2605-4794-8b1e-964c0dd6f7a0,VISA,7ebd78c6-48dd-44c9-9877-68fa0b2824cd
b85ca3ab-0a1a-4676-b1a6-f431f84f304c,Discover,a0f1dc55-4ca7-4ec6-a900-4fe7aff19ab0
3a0522b3-9023-4204-8186-8c7d8f16366b,AmEx,ef9ec495-4155-41df-a913-090c55708d2a
7a5bf90d-a5aa-44f7-8adb-9dc79ca59006,AmEx,4a68d0b3-7734-4833-b234-fcdbf1aed614
8a6fecbf-fec9-4042-bb73-c64d867f8ec1,MC,51910098-717d-46e2-92b3-91e10bf5e109
b140f066-ad4b-4a1e-8121-c1edd1d28215,MC,e5d7e369-2b79-4f0e-85cf-3cf8f79b18f2
2a995547-57ee-4773-9e9d-b617e6866254,VISA,d2ada0e3-7440-4b33-abaa-a615bd4d8dd1
daeb0f7b-fa62-4e5e-ac95-d4b72185eb94,VISA,bf5725ec-8466-460d-9360-ac65e0ae2790
15003603-bde6-4538-952e-0dadcbfe31a4,VISA,1fc01e49-1fa3-4790-8193-b2739fb5d624
e3f37575-5022-431b-ba3a-7bc489f40622,MC,b2f231e5-fa7e-47d0-9f7a-7aef14d6a001
e03fcb27-d558-4b86-8bae-f8636adcf1cc,Discover,25effd3d-543b-4468-9139-f405aba220bb
1fc2c6ee-32cc-43bd-8bc9-271563d657f0,AmEx,2353062d-0a9a-46e1-a466-bbdfaa132c27
9f980bb3-ef0d-487c-bb36-7dcc56206967,PayPal,31275f07-e82a-42a0-ab19-ca31f26e0b8c
a4f4bb14-54f0-46d4-80d7-ac659a78fd51,VISA,1b2eef89-5014-4127-b7d7-47ba28cac8ed
6a4fe70b-8011-4ce4-97cf-a29ea4d241f5,MC,8986376d-4989-4003-aadc-6948a78b627f
419aa085-faa7-424c-a48b-a9c8b1ffa77d,AmEx,66aaa859-7f87-455c-8262-f5799fe7c086
e11d670e-2794-4f3e-a641-cedc5510c618,VISA,29c4ae6e-d9c2-4471-aeab-4703062ae515
560e2a5f-7e5a-41c1-a56c-3a00228bca85,VISA,bb66516d-685f-492c-ae17-ea6e92cdc104
99176de7-3a66-4b83-aeb1-28482e4d2377,AmEx,bfadd25f-2118-4e19-9c99-929590b08b63
99aa7d03-e272-47b1-8b9f-3849add7f997,PayPal,b4b58221-a1c1-4b2d-98fb-fe50e3980548
ce49f6dd-6ad5-43dd-a866-fc873963dc83,PayPal,a81803f1-9b60-45c2-9e61-44ab1fa73e43
67937a03-76e5-4d1b-bbaf-4ae244906c12,VISA,a1150ad8-96af-4c2b-83f6-ae8b46b84d20
183e51e7-027e-459f-bec5-fbc81ae6dd8b,VISA,82a72921-f9aa-4d78-879a-9df4104cb75a
a9fb67f9-163b-4eca-b713-a6da67feda6b,PayPal,1234e903-bf7b-41b6-aaa6-fcec5e1f65de
2b00fcdc-b9ec-4416-89a7-79346feca631,AmEx,266bd2d1-0372-4d14-9023-0f27beeb440c
ffc63434-5e56-4d98-afe2-e07507919702,MC,8127de81-d932-4b80-b555-e625a55da406
772106ce-9dd9-49bc-baae-be02e7a5c090,AmEx,a6e68c8a-aa8a-4ce4-8160-1fb80955cf88
65e33e98-8476-4069-924a-a1561395a244,AmEx,9689eae7-dbfa-4465-a39c-ca1edcc5d063
6904fe48-13f6-46bf-a7ad-0d90339ec23f,AmEx,3597971b-c753-44f3-bfe5-4f8730f40152
31ae6c94-acf5-4f49-9d3d-816a9703586f,PayPal,d92ddfb4-c01e-4113-b98a-f9cf4eb58d7b
d54cd652-5c64-4d9b-8f5e-2afd1e731041,AmEx,bf9f5acf-5a1c-49a2-9eee-6efcec0ee064
7265072b-afb2-4f46-946c-a1957b6bbe21,AmEx,0b2cc947-a460-4633-8a3d-9a69e50bcdc5
1dc1c95c-d736-4214-bbc6-856ef4bb9bf2,VISA,7cb314ac-c8d9-43dd-b6ec-8b48205cb689
52fae767-4070-485a-93e2-b5e82535690d,MC,dcd2b64f-20df-40cf-89e9-0a963e9bbab6
9d4dd862-11c7-4be1-a597-7a8ce1c0f712,VISA,f9d004fc-b68c-4257-8b0d-7799b6916b78
0a24911e-53f4-47cc-b1b4-605750ce55ee,VISA,95296f81-5b9c-455b-a6f9-deb4c8f9acae
94eccf2b-daa7-4f1d-b873-56e7facaa0cf,MC,70c2911b-4a98-42a0-b740-233393d298c2
61b69c8e-dd07-4c70-ba07-b86edcb3e980,VISA,26cc2981-bc07-4be1-a455-6984be3cc3ea
60346a24-fff2-4114-a4fb-7023fcf465e3,Discover,7448ad2a-0f42-468f-83fe-8e61051875f1
a338909c-a3fc-4941-b5c6-4d2118793399,AmEx,deadc13b-0741-4708-8ab8-6dda66e91b1f
4fb8e5d5-5105-405c-b5f5-1a5a80736525,AmEx,b5c5253d-6fe1-4b91-80f3-40ab91c8e2fb
dd606e6d-9c46-4f9b-8f03-b851b3c91b59,VISA,746ee291-b886-471e-9fa6-04e3d031d4c1
2327d74e-1862-406b-b2d5-0add1e324c21,VISA,b33bf943-7dbd-4576-9080-e0671978ba2c
037a0311-2fc5-4fd1-8c18-13168b52709e,MC,224e5641-fa92-48b6-9a03-cba11881c07c
496c7ab1-d82b-4710-824b-fb59dc3aa45f,MC,f2c504e5-736f-4973-b9e2-e4e646728238
bab8e296-c1b6-414f-a9c1-dec6fe388cf3,MC,0d7c435e-c155-4c64-af78-49787c39fc10
c21d3d9c-495f-4a92-8c7f-8f302f7199f7,AmEx,5b2ead24-ca16-481d-9470-b5ca98cca049
2043083d-46d7-40c3-9443-b6b0cc58a34d,PayPal,161100f0-3e71-49ab-aaad-0d5e847e627b
67d97dfa-3060-4a4a-ae6f-624278ecfc2c,AmEx,55668bcd-e8c1-41c7-b73d-1753fc63b0b6
51022c46-e8ac-48ea-994a-50a85f2fe9d3,MC,a06af0b8-6059-4f18-9a0b-5f30c71051df
06acddf8-895c-406c-bc9c-61ac17bdc8e5,VISA,157bb2c2-eb71-4b55-b1a9-0c78b4d9be12
ff383b34-ca51-47ba-b669-cea5c2a80814,PayPal,18234662-ca5f-4ce5-8670-a03922694e05
cd63eb0c-b2e5-44e7-b441-f7eac4a8a2f3,MC,36be2d9e-9b0c-4b4e-91d8-09c33e3a55d5
ffd4ebb5-25c4-48aa-b55e-42bce94c8afd,MC,9bad0838-0ca5-4ea6-bdc0-45f114e0e0e0
11a91664-7c9b-4971-8f70-769043f87111,Discover,a58117fb-941a-4fa2-9bd0-beedcec96f3c
81e78a87-e9ba-4ecb-b422-6295d7596c84,AmEx,41c65360-d0ed-41f3-9421-ed4145211583
48fde6b4-c76e-4f3f-9ee7-521b7a5b90a5,VISA,0953d36d-6bb3-4999-88cc-f247dce9a237
31ce2868-aed3-48c2-8e55-4be8c9d1fda0,PayPal,144e3015-9e16-48dc-be59-30a5bc103b4c
9296fc8b-7145-4c83-ba67-6ce138deac51,AmEx,4cea767d-187f-47da-9720-757d85c685da
63164336-f931-4a1a-9c69-83ce6d4b05bd,VISA,a5762ccd-5859-43a3-a896-732086c2b879
05e378dd-4714-4fa1-95cb-0dcbc1c7f124,Discover,86c8719f-b01c-4c25-b730-857171261c07
53ef2a8b-d123-46d4-afdc-9e169cb2c08c,MC,6064cf01-be34-4b55-9e96-2fa26f4f0709
851831c3-420e-4cb5-b6ff-b85a9eb4fe3c,MC,eea10908-248f-4288-8abd-245d9fcae7cc
d4954842-a331-4fd8-adc8-03fc236ac12c,VISA,f5e5750a-ddfd-40db-8213-b13dabb06374
fd62b234-3aba-4384-9526-4f5806c91c4d,MC,28fdc5d2-c939-42f7-84e0-a28cdef02dd2
3417d1aa-c23d-4dc3-916a-9dbbe88fb27a,MC,547a6677-0ac8-44c3-8fca-b60400131800
30ad6c4c-9efd-4964-9d3c-2ffa9b6b6a70,VISA,7b270914-56d9-4621-9b47-bb1602af28d1
f1d2d3c4-ab34-45e1-a564-db854cac0feb,VISA,e66bf5b9-5d37-4af5-9c4c-cb85d1ba59b1
e17633ff-e8b2-42b1-b77a-ca360e68a21d,VISA,dea1f202-9031-4ba8-9c29-fdd7911422f2
bd3989fa-6be1-414b-8315-db232fcbef2e,VISA,6cf14018-eb38-4535-bbec-63113a307dea
660eba77-4075-43c4-88d9-d53b71c6c237,Discover,ca632934-c89f-455b-964f-19f7c208d9a2
fbb0e10a-21df-4711-9f2d-d5f68dcf74b6,VISA,81322c11-08e6-476a-81e8-c64a13ee44e4
94fdb8f4-86af-4dde-b50f-c518c1f9435a,VISA,2ae5b933-92ff-45ae-b5b6-5f2c2b664da9
f82323f0-8ba1-4097-aa32-b036cb902fa9,MC,1f90519d-c575-4865-a87c-7473c04d0ed7
e8e167f0-7138-46af-8bdc-703dbfe67fdc,VISA,d93de623-1d7f-4aec-9ace-32585aebce54
2ab696a4-f34b-4628-9697-d11b3446183d,VISA,412520e0-f415-478e-b715-85c67ec07fe5
aae9e6ab-f939-4319-be33-685e7dc06f39,PayPal,62e64470-4a57-4c07-ae4e-eea6990d4d71
1daf5b49-7bc9-455d-af6f-ef20a031e975,Discover,74028df1-3724-4aa2-b778-f751defeb7fa
e26b54c9-c881-481d-a07a-c19e9e09d134,VISA,c3f3d19f-15d1-4876-a015-5f44d2283f5e
7334416e-48bb-4b02-b6d9-663a74f077c5,PayPal,1b244f15-a0e7-4fdb-84fe-0957b6d5d026
ca769fa0-766d-4597-9105-8da63b5da102,Discover,df14a31e-eda7-4104-947c-f1f158bf2b1f
e881e8ba-3523-4f6e-bb72-331a2d6751ef,AmEx,dff6a039-ad1e-4517-835b-b2fdcacff832
31c3ee68-af3e-4ffe-ae3d-969c093156ad,AmEx,12e5492c-be7a-42a7-8ed9-89332cf79b88
ea45b5e9-fb19-414d-9a89-88ef3bd833c8,PayPal,a1e540a3-6182-42dd-bc6c-97c888b6c169
0b637fd1-cdff-4406-9c45-653535d1350c,Discover,79efab76-9191-4378-b404-ecb700be5378
77d1c363-e717-4371-bf80-b1ece3daa3c1,AmEx,45a36203-8d3f-4947-871f-8da0aec86528
13361c06-e38f-4e6f-9e93-de79cc25df96,VISA,034d2ac1-b023-4cc6-8c1f-3485e4a3ea5e
7c3e2810-424d-407d-b8e8-63cbf249e476,MC,a190b1fc-5fd7-4303-93d7-27d92d2f88e9
8c6245df-22a6-4044-b9e1-dfd59d9c008d,VISA,d592ec2e-fc28-483a-b95d-b62a42d86dea
379106e8-52f3-47ca-be1c-94e2fdd6df3e,VISA,ddca2d92-4959-486b-8c48-33a9a58b90e0
5f239360-ea6d-4dfb-8ff6-3fcecba9d93d,VISA,365b3de7-d241-420f-810a-dd3dda40a6b0
578e20a0-8a5d-4be5-b75e-0dca24795d67,VISA,2346b82b-d500-4c51-a1c1-7883854b5993
a477a360-799f-402c-9efe-b515577f9f87,MC,d2fbb0d3-7ab1-4461-ba15-671617dbc440
2b7eb61d-20b4-4b8f-a6dd-abfb1a836f6c,MC,9b389adb-d519-40c7-ab15-426bdc9321d0
af0c3a14-dce4-4d80-9e9b-34ff7a0fdc6f,PayPal,f8c00731-49df-4197-a2e9-5b4e8c9b45b1
ec7f9ff2-da59-4a5f-8cdb-4d2a81b7fa79,PayPal,bd8b9cf1-bdfa-4f34-b612-e4d7a0e663a3
ffecb095-ce11-47fb-a04b-7ad77f9867d9,VISA,cc23fb8d-2c3b-4249-bebe-a8ab9ea66c25
0f30d114-d5d5-4f64-9b9c-15efe7614caa,Discover,818354c1-ee4c-498d-a6f2-7cd337d1ff4d
a7c81b17-eb9b-44e3-b01d-986bbd034d39,PayPal,94182529-de82-44e4-8247-25b73d1ef906
f3abc5b8-2bea-4017-bc42-0c6a4857dad4,VISA,12605b07-00da-4a20-bf79-5a86b7dd85f2
d1d8a751-71de-473f-9c12-050d6051e45b,VISA,b5d33a27-79aa-4dca-b389-4358a4dec13c
38d1feaa-7bdd-4edd-b045-aebca7a83088,MC,e0b447e2-d7f1-4148-ae51-00015715a3bd
438f03b9-f991-465d-924b-8ecda9812797,VISA,b702a0c2-f1df-41b8-ad6a-0352d6b5a151
1a92a2bc-4b96-4ac6-ac92-7c005e48956f,AmEx,119e63a0-041d-4c85-b48b-02025dfaced2
f5ef5a5f-1612-4ca2-8938-050a30c378e7,MC,6ca96585-1ab7-4b40-bdd7-d0420e3825ed
5defa57d-5685-4b3f-9bff-67a4d1b7830c,AmEx,606dd730-5d2f-4459-acc2-9c5d4785fcac
6c2f778d-8386-4b53-b6a4-1f8dce582772,MC,41da57e1-5bdd-45e6-9cda-10ed204c76cd
2fe68c3e-92e8-4cac-91c2-42910060e543,PayPal,d69a6a3c-e2ed-4b69-8cc4-8d979ffb280b
b7667e20-c2ad-435c-84a6-b5279f9f4c6c,AmEx,04c64f21-720e-4f80-9f2d-b3af55f5d620
d47c1a18-e245-4311-af33-f7d5d442aa6b,VISA,909290bc-7b8d-4559-a2b1-f3270c148bf5
99b6d056-3801-4703-b250-8ae13e232094,MC,df77551e-6c4f-424f-ae9f-496cbb4f1e9d
e6c229d2-a84b-4986-b3bd-c1e2310e3c9b,MC,f37c8cdf-7b8b-4223-9797-2ed121594597
280f9afe-c88a-495d-833e-6308d10ac83c,MC,8a3379c7-e6db-47a3-b347-c7ed66982789
38809022-fa65-4496-b9b3-9828904b8179,AmEx,b3797186-6f15-4390-9787-9c575590d20c
65fedbf0-23b6-4d43-b22d-8821d3dda6ba,VISA,86d3bece-26b9-48f1-a70f-3a6f4a1e9d01
a2710e12-95ef-45ed-aec3-fe346a9312b3,VISA,6bf55748-48dc-4582-8e68-bc127a5eceee
d558a3f4-8ccd-4741-b4b1-ad93fad3f3df,Discover,82322dcd-13de-45fb-983d-ca87ddb3660b
e616d6a5-3c36-4919-9fd0-56ea24faf186,VISA,e5b7cc8a-60c7-420a-a946-4210181d3488
2724f26d-d10d-4d2e-8000-0119d50064fa,AmEx,b30c816b-95ad-4f31-b1d0-4c06868b1fc7
0636aa54-d211-45a9-883f-1cf25f0440f8,MC,23e642be-43ea-409a-b109-46f0a01affa5
fe32a7d6-f437-4174-b8d4-56463f0b81f8,VISA,31e3665d-e154-4663-a926-8ddbccdebeea
86e28593-ca58-44a2-b9fe-b4281102bdda,AmEx,bbfe2533-6855-4a5a-b13e-16f305aaf153
ebe0b89e-0a9b-49a9-98d6-50248599a945,MC,803d5478-6458-429c-9cad-356a0e1a2379
9a3dda71-d22b-4a81-af73-f6d4521604ae,VISA,160f5f16-a1d0-4c87-b5d3-88ae6d3ecfa7
58b83e9a-6512-4bbd-8ec1-55cc93307f35,VISA,2c8cc599-5bbb-45ee-813b-056f5c676f95
0777212c-1ee1-4aca-a444-3608511caad7,VISA,7a3b74da-9697-489c-9d3c-7a5b71b82588
fbabed40-90c6-4cb0-bb9b-a76551ef167a,AmEx,c5c08883-a5ae-45aa-81ac-ac7424b2675b
a11c21a5-b06d-4ebf-8ace-ce5b3fa71664,MC,2bc1fd30-66bb-42d6-a7c4-071edf486007
19d99d19-c051-4757-8883-76c4ed78b4f9,VISA,26fd8c63-0995-4860-9986-1f9fb0912902
c83d806c-add3-4740-be06-75b627209f37,VISA,99b763ad-ef16-4617-914b-2cc23f41da83
5bd02b77-a897-4fe9-b291-8bbc570e24cc,Discover,49c0f8ad-5d99-45d2-8c4a-e515fa326fc2
57357292-24a5-4363-8873-c168eb332d16,VISA,33bf452b-7c7e-4fff-b1c8-d682842ec348
537223d1-418b-45e2-88b2-6e1d0605e383,VISA,08a19fb5-3275-4e6b-a11f-644c3fb0839b
4125e77d-cf4d-4293-b56a-de1b295b5cf8,AmEx,a66d9002-b05d-4cc1-93b9-f685417dc8e5
12396a37-1596-4dcb-a0c1-02249cd4581e,AmEx,763a60fb-8782-4631-af67-dcd5be85ace8
c3ec8571-6cac-41ea-abc8-9ee3c5524196,AmEx,a01065ae-4b45-4c7d-b477-90b42875f049
78669f4b-1a08-45ab-8a11-7dc72a735412,MC,1e875c64-8e4c-41db-8e5a-2a66da763c55
6ef6ba3b-adc3-4672-aad0-a3641418fd9a,MC,67270520-178e-4fbc-a01a-5e5120b39e4c
d2c0de70-6fb0-4b87-84a1-e146c1c23a4a,VISA,9bb5211c-204a-4261-b86d-c35eb7a59b54
4c2a6006-451f-4e5f-b77e-c06e6ffb57d0,VISA,feb1ffc4-a6a0-4a1e-8b24-6edeb70db495
03c24cda-7c73-4d74-8f45-8668c7c8d30d,MC,d801ee0b-a4d2-4724-973a-1c26b2501e74
3633645f-bb4a-4f0f-b302-261df1049912,VISA,e70dc5ff-85b5-43d5-b9c2-25f738949e2c
73c596b8-54b1-4351-8306-1afed3e854ef,AmEx,a9573303-88fb-4e1b-994f-60fc0957d523
7421f6c6-ae59-4213-a33b-b283034d148b,VISA,979a1c16-c724-4f49-bca2-29f469a62555
5d73860c-0487-439d-b1a9-8475e451f5e7,VISA,74f19562-9466-4a52-8e8d-21614d608772
137e5493-b374-4650-87d1-2e15c9807f2e,Discover,5a87f8ee-182e-4298-baff-43ef204a0e22
609c46bf-f4ab-40fb-959c-828fc5d81be6,VISA,fb39bf89-07b2-4d5b-8d2a-391231164197
f3766582-30bc-492e-82a2-1e3c538cd20b,MC,0faac409-3e3a-4a24-b8b1-2542f6696acd
1e6deceb-1e83-41ac-b525-7f6de85cb8cf,AmEx,752818dd-c532-4944-9365-c4ebcd2e22b9
97767936-ff79-4ab0-aa4a-1d0df3d245c6,MC,00466b8e-07dd-41a7-933c-08681f6d4c72
1050086a-bad0-4511-9424-928718255094,VISA,3a31fd59-f30a-4afa-a134-079187d92304
48f0a8fe-3d4f-4260-b1a6-64f63ca714bd,MC,005b90e5-bb6e-4b73-bc78-df34577c9a02
35942902-9231-4a20-b8d8-59fbaa0a01bb,AmEx,0c906e8a-79e4-4be2-be01-a26964300e2d
0eb0ba18-ff07-499e-bfc8-27b5f89af2dd,VISA,5dbe1e08-32f8-44b8-a92a-14e4c4dd0b6f
48bed642-0d93-452c-939b-5abfc918d909,VISA,9a6e9e76-0b81-4e65-ba4a-b8a81f077693
b373f2b1-502d-4e69-9b15-a722a59a9e43,MC,46d0e11d-07d2-4cb8-92d1-b1432a45940f
0a942f21-a6c3-4c5f-be63-f8eeec0b0c9b,MC,f028adad-ce76-4087-a3b2-22a14b5de16a
852876e7-14f2-4836-adff-1916263c08fb,AmEx,3bb02840-8d37-4ca3-85a0-ffad5fbb0795
79562dce-10ae-4d49-b158-1064b7d97c88,MC,0b105a49-e610-42e5-9d2c-cb6084baa94b
545e16ef-791b-458c-8cb4-9562505499fc,PayPal,aac884e8-fb72-4606-b07b-a0818a8d33f9
46179849-0f7a-4542-b9f9-99ebc3e6a821,VISA,a4b5f7f3-e91c-4f08-a923-c093d0427c12
0b81a541-5f46-44d2-9659-b09541625db8,MC,ee006ce0-2eb6-434a-a46d-d157d5c40d2b
364fbe17-f3b6-457f-b320-d4acfa5d0621,VISA,0e949d68-2b66-49a1-986e-99f68ec9b772
2f718206-7b45-46fa-8e27-da59205d9a24,MC,d859b377-555a-45dd-9ae2-1bc8b9bbcce4
0410035d-87f8-43f8-9780-9c2b40f6393a,VISA,51a95ec9-12e4-4453-91d5-5aeb83242d53
8915c058-6f1f-4022-a437-c64d3453babe,MC,3f2db1dc-efcc-42eb-aa61-5fcd76cce4ff
c7f55248-0863-4f4b-8181-b08bea6dbb15,VISA,fde689ab-e7ab-49db-a999-a6cabba70333
a9c69256-03ef-4d6a-9622-55db657952af,VISA,a09ec0b1-ff4a-41db-9b3d-723eb52346df
f8aaacd2-4868-4c43-84d7-a1816af7ecbc,MC,e8ec4675-9879-4633-bf48-29efa1192456
b4872a6f-8301-4dad-b153-338125169e3d,AmEx,97e1938a-6273-437c-9a73-f7e2b6339a0c
367f10b8-69dd-464a-b1ae-afa138de4783,Discover,85252195-a701-4db7-b95d-6c9915ce409b
765c3d11-c244-414e-903b-d42877678656,VISA,79f3a840-6e94-4f3a-a3da-3425c8b186fe
4f739c94-6bd2-4a44-b940-7ecf5dc5cb50,VISA,966300b1-a4f5-452d-9817-4ad283c8cf96
affe4072-509d-42e0-8a56-c89e53ff25f5,VISA,a6754b7e-e589-47b4-9a38-9c74d21a86c4
25900db8-bb6d-42cf-8244-88c48b84ab29,Discover,507bd760-6c32-4341-b2b7-a0cdb6512713
428f4998-217c-409b-a702-a7eb288fa45e,AmEx,9a4b7239-0965-46a3-b97b-0b4284237b72
42a41ced-5102-4c8f-beb7-f051c1aa59b0,MC,48f7acf0-526a-4bc3-99aa-f86ab5df0c4f
e0fb2344-2104-4b81-ac8d-9a8cfa12048c,AmEx,1f601bb3-b1b5-4118-8098-f0708b02edf2
34b5818a-6d2d-45ca-98f8-10cc107bed70,VISA,31bc85bd-8d15-4db6-a822-f8ca593cff1d
d6f52845-f9e2-46bf-8e12-ed99a6184a30,VISA,9032354a-7525-4be3-9229-1a9c23c8d00e
d8191a31-c30d-4d50-a52e-faa83661adff,VISA,78e74a8e-f8df-4c9b-8ba0-fa5f9956e7a5
74712048-bf52-4006-be93-8c9abd5019cf,VISA,9d797d09-d014-4b84-9c5e-0c1cf62f616c
4500d9c4-356c-4d6b-8764-dde5024d8e9c,PayPal,33c4b4d7-9d79-44fd-a06f-173e58e74d1e
7b111a2d-a412-4567-8b74-b091bb8fa067,Discover,5f4f5b87-6464-4333-b9ea-d48ab60bdd65
f8331c9e-aa00-49d6-a6df-6c22d2ae40a6,MC,9659aa82-82cf-4db4-86c7-ad9db978e689
4174ac27-b8f8-4f34-906e-c151b15ddbcb,MC,e3dfa323-46db-47b2-a34c-d51e467c374a
19f0998e-ba91-48bf-97c9-c0c12775cc0b,MC,f616f0ff-2c82-4b9f-85bf-6d427b16ea44
ea84f88a-d790-4367-b8cc-989dfb2d082b,MC,c30bb523-8e3c-477c-8279-62a5019f2d1d
f130f54b-e185-4377-a18f-696d11886480,AmEx,923c124f-310e-4588-9101-966a83c53236
956ed0e4-9e7e-43c6-bee8-906cad3adfba,VISA,3f502dc8-e9ae-45c9-984d-81e6acdbdfc0
094e5cff-fd27-4b48-9d4c-110986f76320,VISA,21837276-8fa0-4172-ad75-2458b7a18ada
72dc9fa7-91b8-4f8d-a815-4f189730e5ba,PayPal,452104fe-4f4a-4cdd-b29c-a0d9dc5b4de7
090b85a7-779f-4659-b4c2-dd8659940516,VISA,79f4edad-4253-4574-906c-523d3bd2af0e
9ade371c-1cad-4672-8b37-d03c01d26347,MC,30b699bc-38dd-4336-b7c1-593681675c14
84e98fe6-7590-42d3-bb80-e51ac1d1a283,MC,872f3bcb-fbcb-4ce3-895f-906563e8ef98
95a07bac-1b0d-4004-802e-edf307ae3800,VISA,6fce2a84-4a48-4a06-88be-e5c892987f3a
7c8873eb-9eac-4c48-8ea0-55b90b545087,MC,eeb3bdfa-132c-449c-9ba0-51cf47d8235b
8ca85fa0-d015-49e5-9077-d82a36c54aa7,VISA,61fb2c91-1e86-44c4-b04e-d5b4855d6775
0db47fcb-2a2f-4fb5-bfe7-3efd124cb1fe,VISA,0af568a5-d16d-48c0-bcea-fb568d5f8c84
0722450d-f158-4f84-9796-75640b15c409,VISA,fec97769-5451-4c70-968a-e28e297226ba
68dd50bf-7fd1-4fd3-83dc-b51df6cdaaee,AmEx,d1839a3a-1cae-4a05-a7d3-bd48453b4de2
d171a8e7-07ab-47b5-a8ab-764a48e24a59,MC,bd04d244-364c-4ea2-9c98-03f4e810db95
80d113ed-6488-4e5c-b0b4-4c398599c0f1,Discover,5fd4fb0f-2b99-4898-aa52-b5f0cc24af3e
353897db-86bc-4835-83ab-8937d9563e93,AmEx,a27632a6-b514-486f-a5b2-f54d12ba0d1c
eac8581f-6b0f-4b79-8fe7-1cebe38df925,VISA,ec95751a-19f4-4056-a670-4328031c7b03
b005df3d-adf6-4a55-9168-dce9e94fe75a,MC,e1525423-c5f3-4993-86e0-6e16d0939bf9
e36167b3-9d98-4c92-a94c-d2e05088aa27,VISA,f922991f-f29f-443c-803d-f55250a4e9c2
2ee31fe5-6612-4520-b38c-259d9b1b21f5,VISA,9bb8b013-71a1-4a70-864c-384109c87eb4
3bdb5358-437e-49e8-8575-742f448556a7,MC,8ef4f3a9-0574-4a37-b8d3-5c1a346904d4
f4a95409-f47c-41dc-8205-2d80423c484c,VISA,5dd2222e-1e8a-4512-8fd6-6b078065c2e8
3f7eb8eb-ffa0-488a-a7e6-f8bcee9846c7,MC,5158ae84-9416-40b7-9802-c0eaf6cefd97
1f8ced1b-f9db-48c4-9a6f-1f7dccf441a9,VISA,0b5b53c6-fb4e-494f-922e-5dfe457beebf
6c6b3bef-6c53-49d6-adc5-ad1e6c683970,Discover,4b060f49-3b78-4a3c-ac28-140ab9e842f0
6386518e-7110-4cd7-b954-cfe675c79aa4,MC,4cc9f0a1-fcfd-487f-89c8-8043e876da4c
a53f25f9-e471-48d5-b938-f2bf701dbd03,MC,28c62f61-188b-4352-8ceb-eaf768eac9e7
1cae8bea-415a-4ec8-b54e-3a0cb3b94664,PayPal,4d8ccaec-f3f4-4f65-b319-60d60cbe45cf
12acc39c-8bf9-4c69-8660-26386f329171,VISA,cf56bc3a-b2fa-497f-994f-d45b90eb5537
6e3c2a29-1dc6-4b10-aa1d-3d7e82aab40c,VISA,cf628d1f-4610-48f7-9878-5701f09291ec
260d3a9b-bef6-47e8-9a69-4f02e371c8fd,PayPal,93a441c1-3a6e-4e5c-bc14-082c0f908121
46d58218-89b3-4937-8b76-505f81f0e25b,VISA,aef968b3-1f2e-4d34-8e48-4d33d66a6947
df51f936-1426-4aa1-8e0f-4ac6d197aa8d,MC,001e2c15-ceb3-4941-aee8-d228229290ea
ef17d06e-61ed-4fcd-aa2d-35928b133963,VISA,af056dc9-3e9b-4084-b26b-492d62870ab2
20df7586-8b81-496c-9455-4b4f61976ea9,VISA,e0eabf49-bd0a-4906-af6c-f5facab8b256
2054a165-cbd1-491a-a427-c05070944845,MC,88ccaabd-f8fe-4dcd-b849-3acb6754085e
9fc37927-5354-4c58-914a-a88ee9582721,MC,4f101ad5-2327-466f-96fd-9014fca746ba
c23fcf07-cad3-45dd-8abc-65959e6562cd,VISA,e07c5c2f-1923-4b2d-a8f2-2a84799f760c
4e0f29b8-d797-44bf-9f23-3bc5c0f68b75,AmEx,4fae044d-c1e2-4c5f-90f1-cdd45f973a68
de2bda78-e40d-4a60-ab5c-d871e1ed2b47,VISA,2f72c8ad-b101-4502-abca-da112a43303f
cb921713-1c7c-42f6-8a7b-0a3c5078a1e5,MC,73575a43-54bf-46d0-a23b-b2f92eba8060
9e0ff8c3-9500-432f-b8b5-2e7d4078a513,MC,00d1c0f2-a937-4f92-a5d8-3ed1933bb677
c1842efb-9e27-41ba-ad4d-665555e37659,MC,83631ebc-4720-459f-aec8-c77f51d171a5
ec51a3c6-83cd-417c-80dc-1491d6b3b4a6,VISA,bb45be98-7f14-4a23-8b13-47a2efa24763
b6dd8360-6694-492b-9645-8a88728f3d7c,AmEx,b5dd1186-3057-458f-96ab-351c3f7aa042
4a885534-9fdd-44b0-8be4-cb032bfd92a1,MC,e1f1b4a5-c3f2-41e0-866c-fd3ac5112b46
4f96f32a-b293-45e0-b1fa-a3f59abc8c92,PayPal,1b0b27c8-c204-4d68-a8d9-166155da918c
0acb9a3e-d4f6-4ad1-bae2-8a0846c3e335,VISA,14963cab-167d-424f-bcde-872e275a698e
190b849c-e75e-4d95-8570-9d5a14f46326,MC,d2947265-90a5-4255-8289-ae3de6322494
849965c6-b112-463e-b96e-94e19969a7b8,Discover,53b085d8-d97f-4504-ad3e-5d52731d4938
7a0f4f2b-d01b-4228-a78c-23fcb3a0939b,VISA,3fa0fe9f-cc57-4dfb-b4e0-345a692e1e21
af749d45-c2b9-459a-bd03-99804f33c4b9,AmEx,d8b410f5-8ebc-46f8-8379-7fd85f78ead2
062c559e-7384-4bdc-aa7b-09a0b9ae989b,VISA,3182f1e8-22c3-4ef0-b92c-4db66f8c070c
20fe4805-3a0d-4e43-8a91-290079d0251c,Discover,bbe5946b-5cd0-4b8e-b70a-11566e7129f3
861f2e95-ce07-4775-ba34-e43fd7d2d28d,MC,89667ae4-25d1-4328-a50c-48d8554e524f
8a4880ff-0a36-4c37-8292-47850a069ef1,VISA,e44ce41a-e382-40a6-940e-c139bd17cd48
374b3b10-6dd9-43cf-b9d5-094e0a80324e,VISA,bccb01e2-58c9-4db1-8ec0-bfb44ce0f0de
ef651fa3-6b99-474d-8344-6f8adeb66934,VISA,3861dffe-cddf-403c-a0c2-4bb655b15bda
a2d7bb9d-a222-4fed-8539-4f713eea7e23,VISA,9936188b-6f59-40b2-b056-56ad94ffc7dd
314626e2-26b4-4969-8d38-1f8aea280bad,MC,b101a4b8-132a-442b-8d66-de976f9f7d56
cb75e5ae-13e4-4857-890c-992e000daecb,VISA,84739621-d5aa-4757-ae86-8c79ee6e794e
20f63571-fe55-4a4f-93e2-ff7b09ca6bae,Discover,ae3299fc-69ca-4c70-aa2b-6f3689c6cf33
abd5c00d-1c7c-4f3c-bb75-e7799a74c83b,VISA,a9f2aaa6-d25b-4001-aa8e-16132f411496
e7c8906a-7caa-457a-ada3-325133d7e1a0,AmEx,1d118398-eced-411e-a88d-9be258ad25f0
561af9eb-a5f2-42d1-8a40-854e1a2f94e9,VISA,644d0bd7-867d-4dd6-a4ab-e89b1b431681
12fe07fe-d20b-4fa5-a751-d68de737546d,VISA,e91bc523-c454-4379-a54f-45b636053a03
175490dc-15e3-45ae-a142-d9ee74401bc5,VISA,b58b39d0-0548-40e6-8ff4-f78e7bf09801
c68c15b3-4ca9-4d3a-98b0-121180ace872,Discover,88cf2eec-cb40-4fdb-93a5-5ade6f231cdc
7a52daa7-baf4-430e-977d-4d9e6e6f8743,VISA,7ce21c83-f8db-43c6-ae90-d22d788b6669
019fa0d2-c0a2-4eed-b5cc-6dfb7d82d85e,VISA,251d95a9-7566-4bad-bae5-f05cac508b53
c66b294d-3d29-4de8-80ab-e1966591e14d,MC,d1b498f4-71f8-4feb-a496-08763f873dae
8ed282eb-ec29-4050-a3ff-cc84f5655848,VISA,d1fe01f0-7c0f-4140-9155-89c4b82d0b83
edcec4fc-996f-42d6-8353-a82edc1f35cd,VISA,9721d803-210a-4157-a932-6b52b9159cbb
f5c828b0-f107-48b6-a06e-6d0d0518f5e8,VISA,df29e342-1ee3-4bfa-af2f-a6171b01a53b
d6248bd8-313f-47df-b694-febfe422b7b0,AmEx,85902468-9885-4385-97a4-fd77453d840f
185bcda2-9657-42fa-a909-1953231c1741,MC,f5c3bcb8-091e-4575-a15e-0e6e3c56b994
007c1c8c-85d0-456c-8a90-aa5265b96c15,VISA,4d4a4ee7-43c3-4f06-acee-8a5895fe858c
b06e45dc-673f-4e56-a42e-a8b9409353b5,AmEx,4fb7bac3-4f52-49db-acc3-309d6a09a8d3
ce070fb3-c684-4322-b736-221100a2f778,VISA,faeee5d2-f09d-4e3e-beed-190d3e83e82d
8731c8a1-408a-4516-a988-2df4a67dd91c,AmEx,49af8e90-c3ca-4b66-83b3-0d697adc9331
ee1fbc3d-baf2-4e6e-8543-ad9b93a721c4,MC,e5b42f42-199f-4cc9-a854-424a01347a47
9a2d922d-39b3-42be-8db7-9e283c20089e,MC,ed05fb77-4461-4028-a436-fef24f3ebf1c
fffa19e3-2bc4-4ab8-8c2e-daf2680fbea3,MC,488c2f2c-81d3-4aa0-9444-78e00783108f
aaf65044-8fc5-4bf0-8e4d-1ecfab3f0d0b,PayPal,d3d1e5b3-fd88-4a84-bf41-45286efb6700
eef732ec-5e09-4023-8ea0-49988b7848c0,Discover,4e675c19-a8df-493e-8205-c7c633e2fb9d
ce87ccf0-94d2-48de-8286-5afb10598ab1,VISA,469ddf18-2f61-495c-a5f6-3b967df7b1db
6cf188bb-7d99-4e02-9abf-f14377b3dfa5,VISA,947553a4-adb2-4115-b759-fa2ed393e515
9e6ead7c-ed08-40dd-bbe8-d0a9cf300923,AmEx,b87ca2a8-7f7c-4e00-8020-cdf947d63631
3328762a-7d19-4da9-8816-05992d59006c,PayPal,ada4eb38-1706-4600-b6a2-78683bd7d45a
1be62722-5119-47b3-b620-ab2a0fe9edc0,MC,1cd7f4a7-657c-4863-b581-35254e1b451d
83c5942a-9a13-491a-96b6-5a6e5edebd2c,PayPal,835eaa3d-7a80-4182-98c7-77f658c1ca71
c5929ca5-81bf-437a-9e22-f67ca771b3fe,AmEx,832a46eb-68da-4e26-a2cc-343a3896e599
803f4c89-54aa-4645-8058-c2969872367b,MC,1c3d80c5-e847-4fa7-9fe7-e9dfe924803f
801cf991-8387-4daf-95ff-502408426a1c,AmEx,48d44264-d3c6-4138-bac2-fdbec049ed23
543a7dbe-5bbf-4844-973d-c2285edb37bf,VISA,21288cdd-fa63-41d0-ace4-7f4b5b6d3072
350050aa-f3d8-43a6-88f9-9764f723dcdf,VISA,5eeabe3c-6d66-4d92-9960-5f5c5552cb03
095fe386-ffc2-493d-a7a3-31a678ce3d34,VISA,2d3ba2d2-a3ca-421a-8795-5332db7732cc
ef255f61-b748-4892-9d27-7c6ee3174953,MC,5ff01353-1165-4652-8c5c-2811b9d1e2f2
b021e4cc-4e0f-4891-8281-5277710cd172,VISA,b6a4c6f0-ea45-4151-88d9-24baa4332a85
3524e932-8d0a-4729-ba5f-76980f4655a6,VISA,5ad15fab-0b18-4a55-988c-76a492f27b15
62d76e0a-f500-4656-b803-adef11ce127c,MC,b5dd0466-e039-462e-baf8-4c3b1fb27162
cac54f8a-844c-4561-b09a-1ab7fed16fad,Discover,de2dfef2-5965-42f7-a7e4-55bb0a761a92
9582a568-d8ad-4220-bc0d-c16c2bc9eb5d,VISA,a317397c-a9bb-4d81-8617-0a72f99cb12e
fd89fff8-c1b7-4db7-b10a-442a9608a15f,MC,f393c938-e8cd-40c8-8269-e4cb12c22c6e
46f29d37-9af0-4c3f-9649-ef9c29f4668b,PayPal,70167832-6d2f-484f-a034-78664c9d5b5a
b4064ec8-856c-4766-aa9e-8a3599906098,AmEx,aabc5cd1-55b4-404e-9365-e20489f3ece4
9fce80e9-cad1-45a9-8ce5-5915325b82bd,AmEx,76dfaa3b-9b60-445e-938c-3b66146a3316
4d11b472-2aae-4549-8944-f758157873b3,AmEx,4bfb216f-5c3d-4cf6-a77a-30f95b809232
51a34afa-f579-407f-84c9-62e7908ac8d2,VISA,9bc08d60-dc9e-47f1-9125-4c0616da64ba
e5c0c595-b357-4440-bc33-41d72992a70e,MC,df80066d-bc43-4276-96d8-674d7162ea2b
6ea9844d-1224-42ef-a1bc-2136bc1411b0,AmEx,a6c2b212-ac8e-4185-ae6a-9360a445e3ba
d72ef1d3-94df-4ccc-aaea-d6213cd383bb,VISA,e32967d9-ac36-4aea-84ea-961d549d674b
16f97b3a-5353-4cd6-9eae-9fb494410c8f,VISA,878d24a0-37a4-4d1f-af5e-8bd489d5a635
194cea46-46ac-478f-b0c3-4b6a45414c42,MC,709d2b0b-cef8-43b9-b128-6d9f3a7e0060
543bd1e1-e816-404e-a79f-7320a76af2fe,AmEx,40ce6a1a-0c23-4565-9d4e-96fade902b3d
38ee0c8c-7d13-4ac3-8ccb-571190ce3a15,VISA,4229cf15-a3c3-4264-9e10-fef74d45e92d
b35be4fe-4a05-491f-9eb5-e65b8f7e6e58,MC,f54c112f-8c13-49f1-b7cf-0e76eb391f11
e879b852-5685-4304-9267-a9e61666cf51,Discover,62c13f13-eacb-4037-b63f-0f543d67d830
8050cec1-d399-4db8-aa17-f558c4886266,MC,131d1e1a-6dd1-4776-aee8-bd011d80e284
ee1994e5-28a4-4044-9e39-c93ce9d1f327,AmEx,6123538b-12b0-4c3f-a730-2d4b07259d93
c2085459-8e9f-4529-8091-8f2d28c632fd,VISA,a3b62be7-4b36-4642-81f5-02722741250b
fadd3082-7d39-4055-a07e-c01238c7e7f8,AmEx,4fbb260d-c820-496e-bfdf-a5cd9adff3a7
ef0f603d-21a5-4fd3-92ff-86705be50787,VISA,03b8095e-0e52-4970-8996-34bfbf85b9c0
4c94e25a-0b5c-4977-b4db-4c206e6c6c20,Discover,4be13436-d43d-4dcf-b131-c71d95612d15
294c3c61-bd4c-46b1-9b79-44d035652b7d,Discover,30db89e8-505c-404d-b88b-101c70252c34
a516dc37-d4b9-462b-aad9-7479fac96f28,MC,57ad4f57-8243-4c64-adc3-02b726c61822
4fd53ddb-96b2-4fb9-bccf-9892ef9f9b55,MC,9b7c1cc8-7ee7-46ab-b038-de1ad496ee59
3f4a6985-a8b6-4dc2-acb5-6a306ddcaf4d,AmEx,0c609dbe-2a40-4ab0-ab34-ad9c3cb03390
ab06ec31-7346-433c-b2e6-3c2f4d7c837f,AmEx,79a685dd-fb24-4869-9e80-bd6caa48acb4
8a9187e2-5a54-4c5e-9306-366419068a37,VISA,9595eb3e-ae7e-4e08-a4ce-d23cf94ad0f4
1b9b836e-072b-46c4-a699-65f0b7b12d28,MC,38f0e841-6bc7-42cc-9b21-b41557d95d65
2f8cc4fb-099a-4c4e-a792-050e6f237f7e,VISA,e20e0522-75af-417b-8422-db347eaf6f6e
40abdddf-d40f-45f1-b6b3-c1863db2e37a,VISA,81b28842-0d65-4505-adb6-33834c4e1403
f57be042-28d0-4c1b-ade7-449408cc1579,AmEx,b3045468-cbed-4239-9505-696510f7ff1b
fa2f7761-0b91-4a27-b56b-e31ec63a1e6a,VISA,e99c8015-b76e-4a05-ac88-868dc7ecfcf0
5c41dab2-d0e2-434d-bea2-ccb422a7fcd9,VISA,b525faf0-3c4f-4a4a-b759-aab094b8bc03
43a42c76-21fa-43b8-820c-ae1701fa9c7b,AmEx,d38e55e1-21fc-43df-9fe9-eb2a16c53165
293fb4b0-9ac3-4356-89a4-f7d840925bd4,PayPal,840006cc-b590-45da-8d48-3a76c09c0019
e414b882-bd87-48c5-ab1e-617864b37ca9,VISA,605513dd-889c-4dee-a7d7-c410088871c3
6bf909fa-edc2-45dd-ab0d-da15f2e7f969,VISA,ed8218bb-81bb-4e64-9124-b5f7ea99e19b
47035212-a7d5-40c3-8117-f01f3d0fceff,VISA,83145c78-e073-469b-8948-869efdb50144
b21a4c7d-fcd9-4522-a510-f4f57fec455e,AmEx,57779c44-13e9-4fda-92dd-22087f7a6dbc
ab3582ed-e9a7-48fa-ad55-4578091dbf63,MC,8fea4e92-dc32-4fe5-afbf-3af46eccac51
aca01bca-8ff8-4813-ba63-c1e41f8e8556,AmEx,f034d974-0435-48bf-b7a0-227f25c63e4b
97d3f042-0295-48b3-ab72-b0b43735f825,MC,88da76be-eb9a-41d8-ae70-8706edce26e5
e5a73564-eb17-4f38-baa1-18960bbd150d,PayPal,b0159424-1085-48ac-8781-fd9d71e30d29
df3ff866-c89b-449b-a2d2-324adeee1d22,MC,2f46351a-cdf4-4335-8871-15e121014d68
25ea9a14-d396-4e86-a0e5-ee4de79363b1,MC,1a971bfa-964d-40b6-821c-fd428aeb5d3c
b0ccfde8-4a65-4d47-af37-343e6266fef7,MC,a0951abd-78c3-4b5f-99cd-273a3ecda19a
372cffd9-0f75-443a-9084-a2ceef005a58,Discover,cc9a4037-ea1b-47e1-8248-1615d91c8083
c1a36b5b-19bf-44e2-9a94-03ca375884c9,MC,d138b5cc-9f83-439d-9ed0-33a099b82b7e
89bbc000-96cf-4cbc-b72c-5b8afe2b3a2c,MC,391a7fc9-642b-47af-a761-d7dd124cfe51
0c2d2e0b-92c7-4c16-9cde-9f0c11364c11,MC,3ae3cb6b-76b6-497f-8341-0e94ff8afba9
eafb94d7-d50c-48e6-a5a9-bdf306bd8f2a,VISA,b83159aa-4676-4442-8541-53a5ec1d54d9
fcdeb47e-ab13-424a-a007-16178312df18,VISA,13d09582-77b7-4495-b5aa-e1e41078ded9
dc631a69-2747-45d6-a821-cb15368360ed,MC,ac2b6977-59f4-4c2d-b1a4-8e603b363dd6
879967d1-1f88-4146-927f-5e5fb692364c,MC,dd48f9b4-6bd6-47a1-920e-95028e7bc722
477f3c97-50b1-4627-bf5a-7f7b62577010,PayPal,368e61b1-4bba-4714-8797-1a3791fa0284
73d98256-b38a-43b0-bd44-d54e29dc39d1,Discover,ca7faa53-2b5a-4c4d-9014-fc24e80e9c99
e8bf0243-f53a-40cd-ac3f-d559922b57a6,VISA,ef933e55-1dbe-4691-ab3b-a07b4c19757e
126ccbfb-4e01-4268-a552-a8dac157033d,Discover,8e1dab1b-e289-48a4-a248-9cbd57d811a6
42c7b1f5-3d36-4bea-b53c-4baa02877ffd,PayPal,b6c8fb22-223a-4ec2-b0c3-064c7faee066
ad21a06e-4b38-4b72-90a9-98eefe73c65d,VISA,d61a8336-fea1-4193-b67c-6a663ee96838
cbb378c8-3d05-429b-9548-a00ad912d11d,VISA,d80bc81c-d942-4c7a-a263-9389e391b867
0057bef2-c976-4b5c-8235-b5e51e27c08a,VISA,651e42d9-9f52-41d9-890c-bb9658032197
6b1f80ee-77db-4c8d-b397-df9950fa104b,Discover,01ace837-b90d-4908-ba1a-506dbbe25d4c
f194a492-6295-43d0-83bc-1b48e5c21508,MC,21d16fce-3dbd-44c5-b3bf-72517b99acf3
f7c52acd-15ce-444d-a996-4b2b1c865d14,VISA,1f843233-6dd8-462b-91c3-4e864290c9dd
3a28b96d-e8a0-4274-8fe8-bdbbf3c7592e,VISA,7d17715e-1819-4c54-aaeb-0560237f71e1
f95a972f-bfc1-4072-b49e-311e4c3b3a73,VISA,5a4db3a9-e85c-4ca7-b1d3-9d39bdd3eef6
f7db122f-b721-4f3e-b5d6-24615ef90796,PayPal,3313aff9-539b-475e-875a-f4c19b30a82c
ac0121a6-19cb-449f-9f6a-2c9af348283e,VISA,eedaf1de-fe92-4a7f-b5f2-30be6ab5e4c6
1e55cf91-2334-4d3c-810e-e5746d3426f5,VISA,664f84c6-0393-40fe-8b44-b8214b18260f
08539b09-8091-4d48-b0a9-8afbeb78313b,PayPal,713b8352-d572-40e2-a2d9-ca0ac46a1eb7
558900f2-543f-4190-85bf-dd7b3d9c2841,VISA,b77216fd-801a-4000-ba02-e7a14ee6907b
9a6f4c8f-72d5-4b5f-8b7f-3ea424ebcd18,AmEx,816c7e0c-ad06-4936-814c-f85d1f6024ab
c8f21e70-ffa2-4a08-ab1e-aa4bcdd54954,VISA,883c2b88-f76c-4725-9d66-599c686c651d
940f3bda-a7a0-43f1-8965-64e13310b9a2,MC,848665f4-9b93-48a5-9866-c78064fe8763
f4dac2cf-eba1-44b6-992c-df69396bee1a,AmEx,e2db3788-2ed0-4c3a-ad85-96d2f43a543f
91e44ce1-0a06-4a81-94b0-22a5c489e336,AmEx,708e08e9-46b7-41db-90ce-ce6e80301817
2bb839c2-46b7-4b47-83ff-40a268015bb0,AmEx,a7901d64-539c-4aef-9fc3-e616bffbb7a5
f189d64d-4399-4c11-bc89-e86a710c9a2d,VISA,9efb89da-c387-446d-9d91-875e42aea45d
38d3af71-3c7a-46f2-8d3f-573f92ac014b,MC,f10bf4a9-cbbc-4d84-9baf-040ae1c331be
89046eef-5b64-4de7-8988-7dd8d22c510b,MC,bf57e910-5a32-4d43-9dca-0c69747a481c
4cc7aeba-235b-414a-a1d0-ef24f35a974f,VISA,b43fb68a-e08b-401f-9b76-64f346c67a25
090464cc-27f8-44aa-b33a-1b9e40cf140e,MC,75ab8226-d360-4c3a-8345-ba91b17a7f4b
28bb60a6-6e02-453c-b165-d803ba66daec,Discover,aaed6a01-ff9d-4d3b-9089-f2a049842cfc
846a9fec-b323-4438-a9d1-d938a73cd6b3,VISA,e91f6cee-2712-439f-8311-c495742e952c
64933f65-2adb-4b26-a4d7-58e36280ccc9,VISA,40a6cf8a-e1ff-4658-a4e6-160239e5c3ff
ca2850eb-da9e-40f6-b918-4ac4199c7997,MC,30847009-2523-43e2-b96b-6a7f9103d9cd
3b13dc1e-9c5d-45e3-a4e9-354851517081,MC,7e227a48-fd3a-4ece-939e-cf74d86a8389
812d5de1-0525-4282-b795-984ead3bef53,Discover,a0ec81fb-ef6e-4469-af6a-414149ecbd7f
f5d9bb30-5cb9-4c86-9a90-ae1443affff9,PayPal,fc4e3db4-c411-4b54-a0d7-d110e10fb0d7
6ff403c4-7cf4-4b7a-9462-20c72e50efab,PayPal,30930717-13a3-46a2-8560-f5940b16e159
65bac1ca-fa85-4410-a7bb-9fbd0c2b2f2d,VISA,84d511f1-9dd9-4219-a2f6-a8edf96b4fd0
5fdf5158-496c-472e-8ff5-c1e22ee16949,MC,57dd5e76-436a-4241-98b7-0d0d7ccd0809
b09694ce-87e8-4b04-a093-f7a32c96eb02,Discover,ba7a1466-bdec-4e1f-aa22-12880d9994fc
edf87efb-55c3-4db0-b4c3-5df7e429aa13,Discover,e12a88df-6eba-406d-b0b1-39e172e691e7
082f1a6c-c818-4b2e-a061-fbc3fab9c229,MC,9acd4e75-2267-4f70-95ab-1431b3d16c2a
e7cdd86a-0b8f-4265-8c91-bc64bc1149aa,VISA,7ebb6325-2b7a-40a8-b0c9-9aa18e6cc9e6
6106a41a-c1e2-4939-a6f4-fad48b0e533c,VISA,ae3a92ae-43e5-4db6-84cf-37fc062fcc53
ce38310c-4ff7-4837-b81c-32d6c1bcbc00,AmEx,28991b20-cd2a-439c-b442-80469143e1d0
5adf9acc-7bc6-4450-90ee-88af683edd57,Discover,bcb01dc9-bf26-4732-b91c-951052737d69
822f1b28-50bb-42be-a4a8-2a541a596031,Discover,6b4883bb-0bf8-47b1-ada4-1ef45558fdb8
1e1e656f-c027-43a9-a45e-83314df79fc8,VISA,448d3618-93af-4485-97ee-9b487504f2cf
a6bf3e81-db8f-467b-b1ba-e599f1e0b1f4,MC,3002b66b-6e27-40b3-a8cb-1314ddbb3041
709a4674-90ef-4a1f-b654-de8421035ab1,VISA,786ab876-2224-4107-b4ea-1f65019fffed
da8c640c-d1db-4e27-b57b-124edde03c7c,VISA,b9d38e63-88fd-476b-a436-cd3f3c73caf4
4c56cb5f-ad88-4a53-8250-dd0c84c8f555,VISA,93c0f479-5a9d-4561-b5ed-392f3b443b28
774cc88e-b94b-418d-a23a-f7fec0d7f35b,MC,dd4e55a4-7469-42c6-bbdf-12897f298d03
451a9307-2f58-4b9d-89d9-cd19bf617cfd,VISA,1f89fd25-d3c1-47d7-906e-065d65c40e36
90e1601b-af18-48f0-bcb5-677fb61393b9,VISA,74fa6f4b-2f13-496a-853c-93a85a190637
43673fa2-acf0-4f12-9045-4c2a53fbb973,Discover,5b6aff6d-d245-44f7-a8dc-999db7f44a13
aa768924-1f70-49cf-95d1-65ed74272a0f,AmEx,453b75a0-013f-4685-8a4a-2e8f012882f0
8b4afbd0-195c-4cf4-9d1b-752fd55db79e,VISA,ae0875b5-af08-46ec-8f81-71d46d7d1e1f
cc015c6c-ccd8-4bb0-9bad-3896ca6fd098,PayPal,d6f52320-bddf-4ede-9d5b-cd2ac093f415
d2f8cec4-53eb-4be2-b6ea-38dd82156856,AmEx,dcf98710-9ff7-4d0b-af6e-c98e6324f7a6
c7d26889-5fdc-4502-840d-d543c495fc2e,AmEx,785117bb-ff28-4b0c-8bfb-567c4cd25609
3eecc801-8703-4dc7-9a22-170d86c92f0c,VISA,5c37877f-d528-4155-a044-21dad90338c5
b5f682ed-67f5-4c5a-86e7-2376401deddd,VISA,b4d7c0b7-58bb-43be-a80b-106678a3b0f6
c6f0a24f-ba3c-433e-8b31-efbdae1229c8,MC,e9f267c6-a81c-4f54-8863-db78f88c9e62
5c8f1812-c8a9-4578-8649-2a95ecfafb4b,PayPal,e02e3707-c8cd-46af-ae1c-279d9ecf9ad4
81b05711-d835-4b75-8777-2aa307b4ebf4,MC,99a76e90-b760-4fcf-81c0-19fe89379fe5
d692b2ae-15e3-4c01-9bcd-7c83c92c9d7b,VISA,ef87c294-9ae0-4af0-9f9c-6d11ef1b35d1
36034387-0538-4f9a-a96a-924c98ee85c0,MC,da697925-7eab-4ec3-9d51-dc5663352f3e
6068fd3e-7593-4b4a-836a-3ecee79b8d91,VISA,16ade9fe-4a8d-4b32-9cb5-478b6c0356ac
8d952288-4b34-41fd-9e92-2a8a9979e735,MC,23bc1802-3a43-4ffe-a082-a00394c4085b
b533d546-ca29-47b4-996d-9c50083630f1,AmEx,33b459fb-7976-41b1-8c85-820ce7f67be1
16b6133e-579b-45a4-8a08-58f6b581df2d,VISA,3551962c-84bc-4fa2-a875-43ce807be754
03e3da0d-20b8-4683-b977-862bbe80bad2,Discover,67988c1b-059f-423e-be75-8f3d1a5629b1
50f920dd-616a-4f98-85cf-8a0feb525268,MC,9ef1017d-87bb-4cbf-a969-0d337ce6b97a
7ccbcf05-222e-4a73-9628-e12fc39082a4,VISA,846235c9-60b2-4ead-a627-23fd702da7f1
5f2764db-c101-4241-a64c-e04b406e7535,VISA,f78aeeb6-2194-4198-aae5-9cebf14f67a8
fd57f04e-c2f0-46a8-92fc-87bdd59e2a79,VISA,f85ca21e-0dc2-4acb-82f4-78e40391af8e
a817c305-33c0-4ea8-bb97-aaa9cf8c931a,MC,89b7c6a4-d74a-43c6-bee3-916b89034b2c
f0a9ad6c-db78-4299-9a34-108af4706993,AmEx,84c8a25a-9637-48b9-aab9-63a0558e407d
e6b39450-8ce1-4922-bcfd-9315f0c48890,MC,5ee32241-fdcb-49f7-9bfb-396503e22caa
4929920b-dd30-407c-b76f-3a7c356be427,PayPal,64ede3ec-4342-4953-a81e-8b3b79c8e465
ee1f9b81-d687-4cec-89bf-d41082627e16,PayPal,c57ba80c-201a-4eae-8e95-d3f4a2a72df5
18f5fbc0-bab5-499a-a1e6-4e49e9c78c1d,PayPal,d7bc9b84-880c-4a72-9749-9a935b2e20f6
de9009b1-f15b-4582-8951-2e7b12d8138f,VISA,bbb6a88e-69ae-4cdf-b5bd-74928406846b
2b9a2073-d650-45d8-932f-0abcd0134459,Discover,a3fba370-1d42-4d11-98c0-fc870b3e98ae
f9513443-02eb-4083-a9b7-f39c985e8c3c,VISA,c2e85569-1895-406c-85e3-d6e0155d1e83
550755e3-7197-405a-85b4-fb3230003ba4,MC,6f54569d-5799-4667-bb56-dfc72d87a621
9aa0109d-e585-441e-830b-a4d64c22255c,VISA,a297c929-c971-447b-8204-fe4f4e8f6d78
6cd3979f-6e8d-45a4-9fa9-cb6cc84beed4,PayPal,271aee2f-fb79-46be-821b-011e1c980393
7c6abbed-c6d6-46eb-ae7a-a5577b4b2fcf,VISA,19f77801-e8e6-42cd-9282-a91e65ea77bb
9f03ae48-b402-4438-bfba-3ee8354f4ab6,Discover,7e1e8452-07d8-4922-849b-b8410986ebea
aabf869d-20ad-4380-8283-c2f3a670e8f8,AmEx,d327d57f-a571-41a9-a2f5-ffb151ac0947
661b1999-b3c4-4a1e-8dd9-21c8bea99396,MC,1978e0e8-8010-4256-ac2e-b42bafbd318b
ac94c073-8a0b-4c04-930e-d835cfd8e16f,PayPal,d6a45977-09f4-49e8-94f6-c0e55b202c02
541d1501-351f-4046-a6a0-0a16a578611a,MC,3948042a-54ac-4379-bc51-afcf325d4eca
545a12a8-b211-40c1-83f3-656d1457b22c,PayPal,b232d944-4472-4e0d-8037-cdd65c59b472
43377ed3-b4b0-4957-8ea9-dd688222a08b,PayPal,f98a9c2c-5964-479d-a10a-c1d2bbd8c6b1
e1ca0070-39f8-4fce-9063-aced0104d26b,MC,a93d180c-7b66-43f2-8e75-fefe22c58ad7
a0ee399f-9385-4c6e-9d54-3069f2108047,MC,c525a59a-6501-4b1e-a447-eb1dd66f4a64
f0b79a7d-d04a-4e53-a1fd-331686565a56,VISA,fc5669bb-72de-4f5e-a9fd-b91236517cb0
28ace66e-a3ac-4499-baae-52a49b04bada,VISA,3fa5b681-67c9-4e3d-8221-a6d00a3c948b
a772a617-0881-4f95-9602-4246d809dd21,VISA,fd43f6f2-0a7b-48c6-8668-e317770cd3dc
a539be4f-5545-41d6-ac45-9e92ed51f862,VISA,5b44550c-566c-4500-b901-87fab0d1e006
44f458cb-6087-413f-993c-f363560a8dfa,MC,d574ff64-1fea-4af1-b8a9-eaecf17cdf7c
6a2aa2ad-36dd-4262-8df0-689d9b4d5c15,VISA,e95ae511-b787-4891-b2d2-24e7e5787fe2
25ce4fb5-5f83-40cb-a521-212fe1d7c195,MC,ae92b7c5-23c5-4520-a558-f9bb5c8629c3
f9afd5c9-604c-4d6d-afc1-e104199bc6b2,MC,63aa6221-c667-4987-825b-144eb17b0434
1be18649-4fb7-428f-9b71-b3b7beb3ba26,AmEx,18c49592-7468-48eb-a383-8358cf40ea78
a0c53d3c-f890-413c-b330-65c8c9c3af2a,VISA,0eb657a5-bd9f-462b-95be-4c54b14581e5
6ff1dfd2-8ff4-407d-9c2b-a4e52dee5cf7,MC,a01dd56c-e0af-47a2-8d74-bcb30ecfa516
5798bea8-f96c-4cc4-8e12-025358b03845,VISA,548adb0c-320f-4a58-aea0-158cf64358c3
541f291e-3245-4535-90ff-8d614f4820ed,VISA,13dcab7f-520a-49e1-9c50-ddbcc0a6a453
18d5a18b-a800-4eb2-8c83-5a485d3c3eee,VISA,8112a6ad-23a7-49c5-b19f-57405b6d105b
8b8da12f-962e-4824-99ed-8f4d013e6718,AmEx,0e9b72b7-3d98-4151-aaf4-6f9d36916a3b
e145d1ae-3a8a-45e4-969e-bce203a69dbe,VISA,01ebac66-4650-4119-a197-2860043f4238
31574199-e249-40eb-8ac1-bedcc724839e,VISA,e5b72ba7-ed2c-42ec-a5bb-77832ef4ce58
8477b3c7-5b6d-4661-be87-78bbcd858e12,MC,8f249c4e-f683-478e-899f-f84f574ea27e
f61f5724-33b9-4e61-9b66-2a9e341e827a,VISA,453f5d7d-dded-4c3d-8185-c80c0d473eb4
52e80dac-3f16-4d82-947f-9492d4ef3658,Discover,49d41874-08f4-48bf-9565-bcaebf5f0c1e
50b90134-4757-45f9-b2e7-85a06a768511,MC,f8b827af-42b7-43c3-8659-2dac2660533d
131b7438-72a4-4d31-bf57-d9bb2826fe37,Discover,24316ee3-506f-438b-8efc-9fcbfb7f32c9
71b619f8-fd9d-44e0-a026-5a85469bc8ef,AmEx,d55e79f3-c078-4063-83e7-7c359f05ad1d
a5f4ba22-15ba-45ed-a708-db205b8055b7,PayPal,d8c665de-9668-4a51-a2f1-bb19124e7af8
5aec0bd3-6559-4782-a6ff-7f072128b026,VISA,858804ba-a442-48d5-9692-618acb1c9b34
42dd94b6-fc32-4210-9ae9-4c5007a8dfe4,MC,17ca111b-3762-48c8-94ce-0581ebe84eef
ac94fab3-0d3c-441f-951c-b55174262570,AmEx,b575d628-450b-491a-a547-d7d182352f07
df071d42-c4c0-41b9-a829-898fed140edd,Discover,0e2c26b8-1e0b-4617-ae5e-a132686034e8
08334e18-722f-43b0-b517-875f587069e4,MC,a2628d49-851d-4d00-a8fb-e2d4482ddead
a3f344eb-87d7-4508-b3cc-2358f2d1214b,VISA,1437d584-b298-4cd6-a119-dd063c18c7ff
2c8e0bc9-ac1d-4d33-8c4f-2f2d281baa19,VISA,161832f6-5ba8-4d7e-9c6f-2aa2cc7b9414
9693add2-2f9b-4ed3-9c8d-fee1c8adbaa0,VISA,8441cf31-4bad-43c3-a6c4-c04ece2dcc31
4a1c77c3-4a82-4d2c-a85b-6440ce24ccec,PayPal,7ffb439f-cc2f-48d6-8fd4-214c4fdb743d
3edce931-360b-40e8-ac20-48bb591f7766,Discover,ab97d7c6-b55f-40af-9161-c76db12dfbb0
152ad846-b210-4f4f-a2e6-f5cad846b000,VISA,83f64b83-9503-491a-8fea-3fd923637b53
81b46f1b-5f85-4da1-ac83-27b935e7257e,Discover,6cf3de4e-f265-4b8f-a017-5fe08a99eaf4
8dc6c49a-6d45-407b-841b-6ee94d3b5447,AmEx,e825ad54-a86a-4b6c-98e8-d6ffe1852c62
a51a9d13-3e49-4c6d-a6a4-0033f18b7c25,PayPal,4e9d453d-9cc8-4783-849f-c1524edcae59
a5deded5-ff21-4224-8afb-2676a23526b6,AmEx,7538b49c-9811-4051-879a-47f01668522c
39f3da2d-4094-4957-a1ac-382d637e37db,VISA,99701e25-2a39-4fc0-bb00-92049b028398
0a884282-3bf1-4964-880c-e2eb29a3d13c,AmEx,05395962-0e7b-492d-abb8-8e5ced82e690
060ccffc-8b7c-48d1-a765-9b0faf6d48c6,AmEx,732c7593-9d27-44b5-a9f1-0f62b160f983
144c976b-1c8b-49a7-8034-d940730dbde6,VISA,1396a315-f7a9-4cdc-b6c0-64fd322b6885
a2a818dd-e26b-4e98-a7c9-9cf4dd8c93c8,MC,cc59e2e4-0be7-46e9-a8a6-959865dc8892
4bbe91e4-83aa-4ca6-8ec4-ed60aa1a7169,PayPal,598e26f3-8772-42e8-9a75-6553402c97be
24bf99e1-50c4-49d5-a12d-b5a0b46c8b71,MC,c2329aa6-d67f-435b-95df-0cb1d9875a08
06fee946-bb2f-42e8-90a3-9c0918737ed3,VISA,3f994880-f540-4056-a393-1322d68b0ec3
493ea79c-f165-4538-b520-32ab323da215,Discover,6cb35f04-8539-4d94-bc31-b856893f090f
4107bfb6-f4fb-4eb1-8cbf-c24a617d916e,MC,b0132fd8-7f94-4637-a5c9-cca9765c517b
c1a8cf8e-94a1-4523-8441-69d85475aa90,MC,d19f8a6e-5169-4a28-b168-9b9a4aed6948
dd0c22b3-f8d4-4917-985a-125263916b4b,MC,bd4ad234-9790-475e-ae16-668a5482793e
b2d4f1f2-5d3b-426e-8fee-9b8a1837df27,AmEx,95be1b80-5f6d-4066-b83a-89a1fa15c785
e8c645b9-fc8b-473e-8cd2-b2fb2d5a75e6,AmEx,2699fafd-4cac-4e71-a6d9-a00afcea0ad0
3d9f0a01-ceaa-498d-a122-d097e4fee664,MC,868e5b59-f6d1-4d48-8b7c-a97a088abfe7
7e592d7f-6f7b-4eee-a68d-16d0dffd8cb5,PayPal,06237fe7-2e28-4dff-a5e8-80b927bce60d
0b1134e8-bd4e-4905-aa5b-d70fbf41df5a,PayPal,9e33e8f1-be37-480f-821a-855fbd198167
851cba61-e945-45e5-9b1c-f73abccb3e0c,MC,d0eeffcc-8cbd-40e9-ba12-c2f0f821a387
b4e71d23-6a1f-47eb-92ab-58ed40eee604,VISA,623065df-dad7-4784-a07f-755d41646578
ec327725-3a11-485a-9c05-669cbb91e8e5,VISA,207b7652-4871-4f3f-80b1-be3427d715c4
b7589595-6a98-4ba9-abfd-7dd35de708f4,AmEx,548ae633-b14d-4df1-997a-7d37cd53406e
7fbd776b-4f17-4775-a41c-d83d18e9b6c5,Discover,bb0cc65e-a129-4ab1-ab61-f05c36a7aa6f
0f8d0381-5bb4-4e02-844c-1cdaeae9ad52,MC,8fefa723-5e7d-4273-8bfe-69bc75f6af9c
4ce9940f-372d-4e07-b8f0-96dce20de908,VISA,9f90857c-1f43-46d3-ad9f-22c3b2c8ec10
978938a6-3b20-4ad0-b96d-2fd55e305a0a,AmEx,5e737fa2-f437-4a2c-b293-fe037a82129c
376778f7-36d1-4e20-9de2-8fd10c48d863,MC,25058147-69c4-457d-ac8d-606675a23f57
cefeb00e-1075-4404-ba2a-1b9592b15bf8,VISA,d83c3cf9-76b7-4b23-941d-4ca7ce6775e9
af8715a5-ecc0-4d61-90eb-f68d0c1ec495,PayPal,f27baef7-3e5a-4b83-8252-f976080e34e1
b91c9aa7-f244-4a0e-8f94-b626d4787c45,MC,c59da487-e6e7-43a0-8a21-7a4ef75903ee
c3cceec2-1722-47de-b00c-f2d15a1437a6,VISA,04eee9e2-d0ff-436b-a87a-4c4e02491d29
538b38e9-da18-49c9-84b5-23f953ebe453,VISA,9f6a6c68-ad25-4529-b5b3-e8c06cc03bd2
3723bf5d-3bc7-4c03-9218-04d2fafaa003,VISA,f43cc72d-7f78-4325-9648-57892ea492d1
a02dd14d-0b9d-4c0d-b901-b381d9f9565a,MC,5b49544d-53ef-4c96-893c-a48d0f72759f
41bd0c60-a4bd-4071-a3fa-0df70e6b4252,MC,32a4b10e-9b2e-4f0a-ae52-4876d64fd761
8bb1f776-6550-4326-b7d7-3075e86a85ae,Discover,3e5a7d1c-dd8b-4c02-9f53-a8d10bc5a1ab
2de17df3-20d1-42a1-93de-29cef8ee2f5d,MC,277dbaff-a815-460d-8181-c003a99c2171
4adc17ba-5305-4bdf-99af-f9be0e010e77,MC,99de04f6-a5a5-48a5-b607-e945864e83e9
c0923467-7089-41d5-a368-98282f045061,AmEx,6131e4b4-2c0e-4664-801b-c809c9528c30
e4070e31-ce43-4bed-aea1-e764712d9ff0,MC,ba9ea43d-f965-4c88-b3f1-036c607a8dba
6e735008-4093-4e5d-b98b-4c9e00aaabe3,MC,de34d781-acbb-4b2b-a909-ad188c42f8b3
f458c1a3-7609-4e33-bec5-33031956c4c9,PayPal,39127532-d781-44ee-89b9-170a4c793e7b
46811ceb-be8d-4f88-a46b-38b8ce5624b7,MC,ec62a39a-2844-4b70-a429-846c1e906414
efcb6118-94d5-4fe9-9dca-9706a1894f09,PayPal,21c6e774-2d95-4da3-b5b5-0c30377f0813
b75a4701-0304-49a7-b456-244ee262f23a,MC,89a01330-51f8-461c-8e91-1eb1b64e1a0b
e9ebe6a2-154f-429c-b97e-538d8981b8b3,MC,52355b23-afcd-40d9-af83-215495f020a3
13572b23-0a2d-4846-a4f1-0c85ad41146c,MC,8dd86348-0c55-4957-a618-b5efae421a01
2b3e2e46-cdb0-4305-b8ef-dcf87d3c1bb7,VISA,0d4ccde1-6a3e-4a66-bb05-63cd682becd4
66167de3-ce29-444e-bf5b-f1beffda7648,VISA,e988320e-f1ff-4148-a474-79dfd59682e0
ed5cea6e-39b8-4245-9da8-cc16516c41fb,VISA,255f0447-4af0-43f7-83d5-92d7ba606e94
ba987285-11b6-4a6d-bb7a-bb85f036b447,Discover,2d3236d0-2b9b-47cb-b44a-7b89661f6223
aeadf9df-4498-45b0-a1ba-e9c7af71d64b,AmEx,5e72df60-59d1-4067-87d4-6a568ce3fc6c
3d91edff-6836-4271-af1c-f81724a4a821,Discover,b9337826-6161-457f-8104-019357ace5de
e8018431-2b61-4928-b8b8-eab1d8c36974,PayPal,f53d2b7b-74b3-492f-bce2-46c50c900b99
f0abbacb-c3ae-4e9d-8381-3c2517692afc,VISA,274fbe43-7253-41bb-ba41-3075df32cd88
24888871-54c7-4d40-b961-44a1824b4c51,VISA,50c7392c-d4b1-434c-8c1e-a3f475bf5715
7e90fdb3-e011-478d-9053-6a309a863631,AmEx,cd0994f8-ef93-44c1-9e24-0ac38805b0cd
9c28e22e-230a-40f0-987f-882abbb3c2bc,VISA,8fd72906-3e43-48ba-bf51-e4dca9bae451
896aec27-60b2-43f6-8929-a5a08c59eccf,Discover,20018984-fbca-4a2c-bdb2-b7b9214a7768
4bda5dc7-4e97-4a47-a5e4-4d754417d774,VISA,30c9b73f-cff1-45d4-a27d-8abd59fe43df
573af858-031b-4b35-93cb-7b4b4612c04d,AmEx,8831e119-56c6-4f6c-b1e8-c9e4e8f5f437
718ee6f7-f769-44b3-8adb-abd3394b81f8,VISA,e312007b-7a01-4a79-8c47-53f2e21b1602
e5f44a51-21e2-4314-ae0a-86703355c303,MC,caffc432-3034-4c12-8a0e-9791a2406830
34372bfb-cb40-4029-8c03-1cd95d980bbf,MC,cee942ca-9328-4d96-a683-42558e321306
9067be5d-3114-4c07-8f50-fd3f4a8bbfbb,PayPal,2d81da3e-9f9f-4788-ba52-9c422baa7779
7f609940-46df-4387-8213-055a72b7eb65,MC,c31f409d-edcf-479a-a031-b5e580e51bbf
31c12f1d-845e-4be0-9b9e-45c1df6b8708,VISA,6a1e1422-268d-4ae2-a943-0254905ca26a
eabbf0e1-de68-468a-be5b-46f7f659e74d,MC,6ce7db21-f93a-4700-bbf6-a1b30eb21d5c
8eb2e235-107f-49f0-bc24-c5682f98470d,VISA,ab489ee6-88c5-459c-8c0e-da8e55170968
4c251195-c65c-482c-92af-1b2308d1a66b,MC,c7479cae-7f88-44d4-a4b9-7162c2b83ac5
0a525301-e5e2-4158-96ef-dcef1cfc5378,MC,cfc6cfb9-0490-4228-9932-fc30c6101857
a9d999e4-a99e-4056-9e78-1cebfa9bbb2b,MC,b31fa7e5-655d-4c0c-9a4b-37361ce59627
c8137f61-60a9-4a9b-b37d-01ffb49bcce0,Discover,e083ef3c-c8b8-4910-bfc5-1b2c348f5c7b
f9cfaf4a-47c3-47e6-a263-853778ff04ec,PayPal,7e0e7a0a-3a27-44b5-a7fc-72bac414a86e
0f371db5-0ca3-48cd-899a-61ce2a462dd3,AmEx,68669d1e-efbd-4716-8356-84ade12b2932
f3a85db0-9ff4-4942-a306-d0387075b320,Discover,e2ec807b-ca6e-4e90-b0ed-47f711f8c709
5b721d5f-cc54-4027-b130-15105528ca06,VISA,604deea3-5e3b-416a-9315-a8110fb5a427
f7477ae4-de17-4d0f-961e-5145c5b1898a,AmEx,691ad38c-f003-4813-b1da-ea7c9784a012
6d92d935-38dd-4d83-bd0d-af2cdee85a0a,MC,5a2a4749-a0b0-4865-b172-09c58d9001b0
fe805ee0-a7af-4593-b6a3-14d24adbb6c0,VISA,484e7090-13ae-487c-bdf2-58d7cbb5c2c3
3dfa55f4-d7fa-4cce-856f-9c4ad58ec539,MC,b75f6641-8254-4a14-bf2c-f0013030b019
3bee4b6c-42b9-4a5d-aa71-63638100d000,MC,0fa5454c-4217-45d7-ae0c-1e2cec735479
6d87c999-53fe-4c1b-8c5a-9ed641b3b03b,VISA,e96f73d1-b6ca-48c7-97cd-ea34259e8934
c4ae08a8-e98d-43dc-a242-f021d8064fff,AmEx,c5de733b-b7d9-4696-a1e6-c049cc7e7e15
c60df63f-dbc9-4023-9a22-74bb4ae2f5f1,VISA,1aac3cf5-7538-4063-b820-cf7d105134f3
01995d32-9c4f-45a3-a01b-8bcf3a3f2df1,AmEx,bc1b2b02-ebcf-44c5-a569-8a6a4f4f69e6
631f2a54-d4bd-4a92-afce-ff63ee6d6db1,VISA,dc69839b-621a-42de-b29c-34b2662b14fd
f15a4602-0c5e-4f4d-8f87-bee59146cd47,MC,afe302f0-38a6-4938-b93a-7f132bc6bd77
2cecff00-f687-48c3-ad59-b640a9c1cbba,VISA,5d7f2cb5-8604-4edd-8936-9c9b1101c866
28091dd1-45da-49df-8869-04b7933c2177,Discover,7f241fbf-921c-4da6-8540-73bfa42b4333
d9e676c4-949c-4372-b57b-27c9bb221002,VISA,61911523-a3b0-4784-b9f5-c48cd7644bdb
f99b9e14-dadb-4673-9db2-52e1fe85970a,VISA,ffee4bf1-5f5f-4379-ba71-97523c7019b3
9b65c69c-7f9e-4d80-943f-4860588ea693,MC,ff2beb30-e3cb-4d50-81d5-623370f79477
b8a62968-7fab-48f0-a618-c7727b46bfa3,VISA,d763024e-998b-4a93-869f-5ca7d3c4e4fa
597bb9cb-66a1-479b-a0f9-e7ddd78fb04c,VISA,259cebc6-3033-42a6-925c-88eb368f57e6
fbf88a44-09d1-49c1-8fde-a817338d751f,VISA,06f1ecef-89d9-4c88-a22d-f2b34d21ca42
62030f0b-1206-40b5-8772-a4fe72906b81,Discover,48e79387-d89c-4c3a-940e-5402662947e2
47b65651-bb70-401f-98c7-6d44c28375eb,VISA,e68db996-a57b-4290-a17a-fac32af2ce83
17ce8731-b9f9-4792-b44b-24b2a0399399,PayPal,ac8f1961-c676-49d0-9e08-6ee55cf89f9b
f2f03d67-f145-4413-86b7-cedccb7698cb,MC,2e9e4312-cb05-4b79-a185-0618b1efb6a5
b47200a1-ba16-45e5-b0a4-f23edac8ded4,MC,17f3f51e-5640-4aa2-a028-e4420042a387
3842ecc0-6b59-46d1-829f-3773dc1ccfe7,VISA,7bcc69ed-0070-4ef3-89b9-0cdd6b20afab
6f4753fa-0ac5-405c-ad6a-a94ab530c343,MC,d920b8af-d6b2-43cd-9f55-5d784693fee5
814e2d63-462e-4466-bd41-c3f8feab0dbf,VISA,33e28348-ed88-4721-9369-24b06f23c6f8
50cb6277-b100-432e-807c-5684067101df,VISA,a862b902-d6df-401b-b023-875bb1e41999
19bb9f24-3fae-4890-a9e8-f7daa1fca534,AmEx,b6074c2f-efbd-4239-a56c-a4fde86ca521
8d2df10e-e892-46ec-8ba1-90b018b5cb5d,MC,01db83bf-6cb7-4dff-bff6-eb0f9b439294
532bb2cb-1a47-49f5-bf93-8ee4a1445a2e,VISA,29f2333c-d96b-43d3-a576-011166184462
e7bf6e68-eb60-42e2-8639-8f21c5d983a6,MC,9f374ac3-d2bb-4b4e-ab8f-243a8c5ddb35
75271fb8-dd0d-414f-a77e-c2cc031ec146,VISA,b13338bc-ac2f-461b-ba1f-b4fcc1139dae
3f0dd137-c260-4a6e-aafe-819a4b963324,AmEx,6b9bbb3a-6fd0-4704-8177-25e7ea3b2151
7b585c36-220f-41c6-8b3d-5de132f74552,Discover,26e4935a-d267-4545-a992-e2ef3dcb2dbb
fb21a5d3-1c7c-48ea-9b54-aa30a7919317,Discover,f3cb52e9-6b18-4a08-9533-aeb1247e90e4
602d1de6-db06-4e53-ae9f-23949a6ca1bb,AmEx,be82787a-678b-4e7c-a9c9-5865c22de7c1
3b50b14f-ad80-450e-b6c7-21a2a732c2a7,VISA,c069d86f-1b09-498e-8ab5-725f8e476ce9
307f334d-3f32-4b6e-a092-52c9cb2dfd66,VISA,35c95baa-31c8-4561-95c4-e46991417655
9ab1a1b1-3fae-4fae-b79b-1d5ceadf627f,AmEx,19a81555-c632-4703-b733-08c885085076
01e316c3-77de-4c8e-adeb-a21427451cc5,VISA,948062d4-7697-4dc4-97e2-5127b3088e30
c9e7ca10-23dd-40d0-8ba7-0c7e01ba1ef9,VISA,60e05fcf-5064-4353-bd01-614cfbc6cc26
1a7b3a39-f480-446d-aada-e769aba3b7b0,VISA,5ff39bed-5144-4cd5-834b-5581f3349f44
741f2426-97cd-484a-9234-f671f4821dea,Discover,a29a63ef-8e8b-45d3-a20e-c8f3dab48722
371a8be9-6d7d-4f72-a0d7-e3b379684c84,Discover,af0484c4-8076-4bac-bdcf-5ea4dacac621
38fbab2f-fc8d-4ed4-879b-47dc0cf4aeae,MC,640077f0-5ff5-4f61-b5a8-cfb0f31b885e
3580fd2d-2544-406e-8d34-f12bb4ec785c,AmEx,06d19789-7689-427d-a167-4e68a661114a
08ed78fe-63ff-4820-bee4-83974d249579,PayPal,c972af3c-d8ee-41eb-b876-3dfcdce59082
c50244d2-f7f8-4fbb-abb3-3cbf400d8b11,VISA,54ede26f-bc5c-4a47-bf1f-fd0b2c7ebf42
1d7491d3-4e14-444a-9e3b-159c73e00618,VISA,9f97ac49-6ec2-4e9a-9c15-e3a157bd542d
0033d6be-88c7-45c3-9496-e6c7e921a1f1,PayPal,84c81dfc-0181-4a8a-afbb-8604f768b386
c6983ca0-5270-457a-8908-f7d7ddc20eda,Discover,aa2e1b82-3a35-455c-9e68-66be602bb3d9
58f1322a-603a-4703-982e-00e9132c5207,AmEx,b375314c-2e53-49d4-ab05-0c50adefa7e7
853b58c2-f84e-4291-98a5-cb51229c4d19,VISA,e4f68025-c8ca-4358-a5da-2005b0cdb827
e162d761-9f51-4361-9247-d4aa4f909683,PayPal,3a34e2a4-e280-48e1-84e1-9a67531aff15
95cd27c6-e255-4460-a4eb-d50c488e0a2e,VISA,d967cc39-a78f-4df3-b7ea-d4e3d935eff8
df7dd2f3-7e09-43ab-8ddd-95b8d8ea8418,VISA,fd32cc16-4c5d-4ad0-b026-141bd3d096c9
d3f82c30-4067-47dc-840d-25932b2a7993,VISA,1a807725-7678-493c-bff5-e6ef727781f5
4f6bd238-8f14-4669-bdc8-5159cea9e76e,VISA,29fd23f1-9c15-4b06-a526-d09f1263276c
22a10e34-723d-49c3-9c09-41409aab03cd,MC,0cbee5ed-be30-4106-93e0-d08cbba6de10
c053525b-d05e-43e7-ae22-77454a381a4d,PayPal,82cf56cb-13ab-4e7e-96ee-a981f90c7e22
92d3aa45-b3e4-4517-bbc6-168ea70cd488,MC,4672d2b3-2008-462e-8611-086d31ec300d
e243e0ac-c2eb-4bac-a1f0-510a8da7a3cf,MC,5c7a63ba-9dc5-4af9-8bdb-f2ea32525cb5
73a706d6-c81b-47be-9b46-08590dfa6e3e,PayPal,89b902aa-4f9c-44c6-8bfe-51550133b091
264fd9f7-78f6-4141-a2d2-ddfbc2b1978a,VISA,75b384e2-a36c-44fa-8eef-9b9a3e0c52be
b66bf5de-59fe-4c9a-a1a4-ed12dfca139c,Discover,6a286d25-acda-4d25-a2f1-20d931c331af
21596232-87b1-451b-9e15-d5373856ebb3,VISA,656bcd99-26ce-44bb-a7f9-9b0159f87f02
79a82db9-fd30-4ab9-bf45-ffaf544a6064,VISA,45740208-eea7-480f-819b-9c2b41b2f548
8aa12c61-7171-4981-8a33-d4074e568e55,PayPal,5cedbcb8-572d-4af1-aeeb-1898c06a2f35
d7814f19-31a2-4e5f-b184-0460973b628b,PayPal,4da41425-80e6-44ad-bea6-5d9ee97717da
6ec91f6f-ad21-4358-b3ba-f35ef57b0c6e,MC,c730ccd8-b8b9-4202-928e-a672993d4575
64e62891-41fe-4b71-86d2-d9816ade723f,MC,00f39d22-5fb6-4292-a586-ea0d9b9d3a6b
a558c9c4-2709-4b08-b1ea-0f10d7e347fc,Discover,bfa93ad4-b944-4d17-84bb-1c001df0e4dc
4b854805-40f2-4cd8-95a1-0b7c6a2311d3,Discover,2e75864f-5a14-4c9e-bc1d-9c4e32c1103d
b6c157c2-5cf6-425e-91c8-471160e9acf8,AmEx,3f7da01f-0d3c-4207-b027-0d24c09852c8
3e2f20bd-31ce-49b1-9a6c-955c33efea50,VISA,8943f8d8-8777-477a-a809-a94f4097ebba
20806e21-6209-48d3-9e4a-301f808de942,AmEx,8d3b928f-5ceb-4514-8986-5f126f0f897d
c40cf3f5-c10f-4e93-bcab-74ee46d44126,VISA,ff2094f9-4521-4745-92f6-46c268eed587
86777a5b-f0fb-4a37-a957-6a47ba3febb1,MC,387e84b3-b95c-4e97-b0b2-e3b5095213e3
c6683dce-93bd-4aec-8169-191b424a9ac1,MC,e3daab2e-efdb-44bc-ba18-b89658e28ba1
6fed966b-49ff-434c-ae79-0784052d8015,VISA,c7a16952-7d12-4b41-a1f5-25a5423058fd
514376b8-432b-4274-a88e-24bebd2960a4,AmEx,1b304214-baa8-40f8-af32-57f866d4b024
46d07fa5-e328-4525-bf6c-c14bc4fa7755,Discover,17424f4b-947c-434b-8122-1a7c564f73aa
a7b71f7f-7298-4b97-b226-c951c26d75cd,MC,84a87e1a-847f-437f-ad96-1608bc9d2993
df600bf1-477b-4a5d-bae0-e8dc61dccfb1,PayPal,6defa5a0-1721-4feb-b2d9-276135bce949
c6720115-1997-4bd1-9bf2-ff18eb42d07e,VISA,802bd086-eb63-466e-927f-a7d6870853f4
9665e986-f8d5-4b2f-8cfb-34b570658d8c,AmEx,4eb2c8e1-c65d-404e-a092-17ba353c5109
a9ee2012-41b1-4242-bce0-81096470f836,VISA,4bdd25ac-6e51-4999-b52c-8a10e4c9d6a1
89669178-9256-436e-a4c0-285287c670e8,Discover,d602a1e9-35b6-4bc1-a4a3-2011ecda5737
82742be6-9b3e-48e8-9acc-54905502e59b,PayPal,d1cae317-acfd-4866-8017-755bb8d67ea1
e34d9c35-0051-426b-b0cb-d5803383fcfa,VISA,3a4799a4-9398-4509-8889-a277488ba1c8
85dbef44-372c-44e3-8686-9cd787457ca6,AmEx,4fde8618-680e-4c63-af05-e5b2e6ababd8
0089a059-1c29-4997-8ebc-6a2afcc15653,VISA,16cfb2a3-e2d8-45e4-b57a-7bd0b6d9cb71
c8010133-2f51-4c43-8223-6fd5da8023f9,VISA,790c6427-2726-42a1-95f8-283d7a22334d
23aa8194-5a24-498d-9f59-6a75928971bc,AmEx,989750d9-7119-46c7-901e-984ccd0f5bd3
d632c81e-e80e-4ec6-ad32-c945152114e0,VISA,afddea20-3fc5-4566-8b7a-f2f02f0cf618
0f354450-04fe-407e-be73-7c4405aedfa9,MC,25ea43c6-a2b9-4120-9810-193209e780cd
ca2d2d65-a5bf-4598-97a8-40d23f0cc693,MC,2ad56329-46df-4753-a4e5-759bc8755ecd
ff33f38d-6239-4935-a2b6-5e9622f43ff8,PayPal,8a8ec73c-b54a-4748-a599-8cedf8208059
a717ebe9-bb21-4f5f-a3eb-f0d259d842ed,Discover,f2ada9b2-b092-4c9b-99bf-fe3040542843
0998398e-988f-4fff-b57c-84abc0674343,VISA,742b2ed1-e05c-4bda-b103-bb33f837542c
980e3964-0bd1-4062-9455-2617efae0a02,VISA,c052cd94-4bc5-44b6-af2f-fc3c001fee26
d5a5e1ee-b0bd-4e95-a766-5a5447ea2e5c,AmEx,ce6a27b0-76f7-4060-9d79-34957b35b0f4
1f5bb9fd-c781-4906-8b87-aa7ee301657c,VISA,66f6343a-e376-45c1-92b3-165752a38ea5
20b96159-dab4-4b27-a4d1-e85d067be016,VISA,fdd48145-f6c9-40cf-937d-f2ae437e3d88
8bc32761-4a48-42d5-8a24-40ce2746ae63,MC,0aa7706f-0762-4fb5-906d-1a6300c9fa83
302d7660-0272-47ed-982f-a2c6f476fca9,Discover,41a0547d-97a7-4d12-be5a-6dd9c91c89b5
9061e445-0125-4491-9959-53d6df8ddbf5,Discover,8c205d16-4491-4456-a872-f6e97bd9153e
f81e74b8-f80b-45b5-a91b-29d5642da0e5,MC,e2c05c50-6815-4b31-8cc6-6d1300e773ec
6d7e76c7-fbdf-4ce4-bda0-21ca13f027f2,VISA,63b28f9c-522a-45dd-af7c-2b250639ff62
4e54f7c0-e118-43af-b05d-2ee500ee9872,VISA,726987cd-8a8e-4570-a41f-cf204d53fcaf
fc5d2bd4-1e88-4cb9-93a0-1b40c0cca9dc,VISA,0d1b550d-2801-4745-8c7c-8f02d87852a5
b7f218d3-ec43-4466-b72e-98b3b1cf772d,VISA,61fff1d2-b121-4757-855b-ec81e6c6fa7b
68f3cead-f685-4b13-ada5-e9df48c78dfe,VISA,fca6a22d-005a-4677-815c-bf38787b6a31
e7dd1750-4530-49fb-b96b-bd0ff8de9baa,MC,c3a94634-eb03-49f7-9c04-874e7b98da47
2c392a61-d3e5-4460-8d30-9fc1da7d82ac,VISA,7fbf70ce-11fd-4108-a77a-24a66d19a8ba
4ff68612-5f02-415f-b15a-ab2afa6d8f14,VISA,e45664e8-cc43-409d-bfe8-dae28794c069
1e1fe2b6-3c80-444d-85b0-b589f38c7c41,AmEx,307ca4a9-2d97-4859-8082-ee8ac1cf0476
2992adf2-1f58-40e0-bce5-b47e0724f798,Discover,70641b78-7351-483c-a996-1d14ae97cc0c
bba061ef-14c3-4e14-b9c8-89ef88f6a173,VISA,bcff6ec9-6474-4b48-b972-b1ad6e62b811
71044fd3-787d-4f35-bae6-a713c486ae89,VISA,2c411012-2cd5-4c42-85d6-a55b6e20c4f3
73dd3f64-c7c1-476a-8559-948423bfdc39,PayPal,40a258ed-0445-4b9d-9099-025fac170f07
3b87f190-083e-4440-a706-b6124761b0b9,AmEx,200da5a7-39b8-4428-bf7d-1f22dc614d9f
eff56891-1835-4bfc-9b0d-dcbb2f28a1ce,VISA,043ce52c-a7e1-4fd5-bc16-7d8431ed25bc
e69f9e9a-b6ec-483d-8265-72ce0bdf18a3,MC,78af2444-c645-47bc-b902-7bf6811613be
cd3cd5cc-5480-4be6-a15f-b5a026e97164,PayPal,9fbbeb5c-3a46-4c5a-86bf-a2a44958d8b4
50f89586-808b-4eaa-b9f2-78d6cb1f75f6,MC,3fb5a85d-064d-438e-8ec7-024649963c7c
4d39a1de-1444-4099-bd8e-7235e7d7d762,MC,d090f010-1d87-4471-b520-3062930ebcf1
ae400b93-7b21-4e4b-a12d-d3fadb13f1bd,VISA,f1985455-fa3a-471b-92ba-44f515be62a8
b5241b92-f6e2-4df1-9b07-1c5352f2f32b,MC,168d6c09-05e4-4b44-be46-f72910cc7c8d
f0096101-bc17-42e0-8281-13d8f6bd33a0,VISA,1af701c1-a5a4-49b6-baf9-c86067a65796
482de7c3-d476-4f9a-b1fa-2c0e82cf08d9,MC,485b88a8-bea6-4d25-a725-ecb4fda44563
9929c437-866e-4eef-8ba4-710da8cb834c,MC,bdd4e186-8d8a-4adc-8a5d-ac7866ebcf24
caeba3ff-e1e1-4d43-a196-0546a44a1302,AmEx,5f2a57a3-d3e0-4070-a915-826ea3e5b7d8
a5b1247d-8992-4a63-ab6c-f2b0500bab71,MC,722b97f3-4168-4e40-af0d-aac22d7a8757
d3ba3a7c-f10c-454b-9385-d7d59f14f582,VISA,96602257-8182-4320-b537-362389b37eb1
720ad289-ac40-4bed-91f8-8dee9be9a9e5,VISA,0f63195e-3a30-4330-a6d5-1e68d63e06aa
12efd945-9412-4400-bd9e-7ab3eb0fd74a,MC,3c7e426a-868a-43a2-b985-5079bdf92893
8aaddab8-e0f5-406f-bb98-61c92bde2f0f,AmEx,f72a6b07-167c-4812-b503-0ae7f81e276a
62afcc41-d685-45a2-8806-cb3538566661,VISA,ca7a7ff4-6557-4ef2-aac0-3772e579b27b
3ac046fc-5c7a-43d3-9c7b-fbedeb0b01aa,Discover,132cd19d-8884-4f6a-b2c4-a7cb6b52aca4
8f53e19d-7982-4c70-8678-d9c6d8745bb3,AmEx,7a5ecbba-04c2-43d5-893b-d857f8c0f2f1
92314949-e851-4a32-a508-17a871766dc4,VISA,5faa855a-08d1-4a8a-bc4b-910d6704f4ec
395cb53a-289f-41dd-b3dc-f63c56ca5865,VISA,65ff2a70-c466-4de1-91cf-a4b3bb1d2f0d
32b2732c-8b35-4272-8dd1-d01a35b328a1,Discover,809adfe5-7816-4bf8-a622-a6fcce0321b6
712c682a-adaf-4024-bd87-a25da10d0267,VISA,c56ee3ba-56f5-49e7-b0e1-a4005200e150
6f889561-b7f3-4b05-96f6-b7c8015e3600,MC,6ea8325e-cb96-4c78-a7b5-89ce77eb5133
768d9a2b-1e87-437b-998e-cdea56377350,MC,1d590237-e8ae-42b6-8aa1-428e52164716
94c4e559-e236-4b14-bd49-c393c45ac437,MC,9340fc34-0ce1-4225-ba99-90c83d45db26
77f1c024-85c1-41b8-bc96-78b29b92d410,MC,35785d40-7b46-4cbc-884b-4379e276c8ed
84eb4828-a0b6-4f47-9897-cbc3accf686c,VISA,3454c512-a2ad-45ea-b58b-2ad4655c3633
d2eeba95-28dd-433b-9ce1-3909894698d3,VISA,2910404e-5186-4be3-9d10-c1b42031d85b
375e9bce-4f87-44cf-a6c3-3bdc758d8832,AmEx,e466bda3-f268-4ea4-ad7a-3282b9b212c8
c4407db7-7f8a-4556-a989-d40d99ec72d6,AmEx,282a52bc-9958-46d6-9fb0-30a904bbc40c
945b1af6-7b6b-4930-b2e7-3629f38d7a04,VISA,637923e2-44ed-4142-a129-0a8f53cec9d6
fee126b6-8c60-413a-b839-2260cfa3dde6,VISA,a7de301b-b0dd-4186-a5df-ddb26f937860
b219c755-4b40-4afb-aaf3-cf14d718e61b,MC,5c95db37-4f32-42bb-9d18-0b041a2f9528
cf677c78-8fe1-49fc-b745-71200863f687,VISA,bae29002-b0fe-4697-a4f3-1612c71eec05
ded28377-067a-43c2-9b71-b6781850a672,PayPal,c3dbc8d5-5122-46a2-80e5-ac35902c78a9
19bc5703-3e8a-4c90-9f87-92ae76e4b534,VISA,75d93f92-1e6c-44c4-97e8-54b805d9a5b5
bf35c1a6-faca-41eb-b434-4ff0e9fcac7f,PayPal,4444687b-6248-4fe2-a544-c73beae8cf5f
663a3623-7a76-435b-81ac-13a361e5df5e,VISA,ed2c018d-7271-464b-8896-eda86dd368cd
bffa0c97-eb5b-4618-aae8-4ab93cec50ed,VISA,5609a8b2-49ee-4f2f-904f-50e0ee827338
6703b6d3-0523-441c-a154-97dceb33eaa3,VISA,c47ebb22-1b2a-48ce-aea0-e00d1fa747da
e04ae76a-a39e-4270-8b49-06bb4e715c60,VISA,87b0521a-0f14-4618-9ee3-ca0f1fdd1f8e
c8c3c86b-0fea-41c8-a330-6bc9b8f85692,PayPal,5593e38b-d790-4117-90ff-50c3d5904095
27036d08-14b1-41ab-a79a-d4814219244b,VISA,e0200174-76d3-4103-bda2-6cf3dcbba5ec
d8b5314f-4242-4379-a6ef-b74c4439fdc3,PayPal,e73d8656-9e35-4eff-b288-4cea2e2ab862
5b454733-a3b2-434e-93e2-ab05d42bf66b,PayPal,e96a9d89-43b4-4a4e-b278-2c8cbbbed4c4
4d50c1fa-028b-414c-b86b-f1e8e77a870e,VISA,338ebe45-408f-4d56-b228-3aaabede879d
d1f2a09e-b07b-414e-abd3-4736c1c06a25,AmEx,e7162542-f0ec-4753-bc08-fcdd2870eb32
5db2b56e-5108-4ac8-a07f-1824b8078cf5,VISA,39b33b36-7584-47d1-a6e4-446b88830b05
ee626ff3-c1f2-4e80-ac77-35df71a64f0d,VISA,9fc298d3-5a59-4c64-af3f-ff1b107de8d0
0808b573-20aa-4533-81b0-04503a586a37,Discover,e178cc5d-7d5c-497e-a8c7-5c78a1f65682
1b2315b9-e3ca-4406-83bf-a7a39661924f,MC,a2348e93-8155-45e2-af73-92ae79b40ecd
ea50cf11-88f4-47ea-a436-6db681bc3cc2,VISA,bbba535b-14cc-4be1-9db1-a836d894f10e
1c072f3b-7430-4ba4-b0be-2e07e3fc001a,MC,06b0c1e2-0fe9-4c8e-ad97-3a04e848bfbc
7ec0d7ed-47a6-463a-8910-823ebbd26b34,VISA,32df77d9-176d-4b4e-b6d8-1512a153a6c1
520af202-83ba-484d-ab86-5f7c325b8cdd,Discover,92b77fd3-8c8f-4e23-b8e7-fe1e747c79a2
db7df180-d320-483a-a064-1f805d18ff94,VISA,3f6dd975-32ff-458b-9849-e5120d828041
0a469970-5eb1-436b-8102-b3282569430a,AmEx,2f373d9d-7dca-4e6a-b851-0bb72b6a37ca
0f313a44-5c8b-432f-a63e-4c81e6e4e370,VISA,d07af6f8-0c46-421b-b518-d6e107ec2731
f10f574e-1f90-48b9-8fca-09d36d3c8b54,Discover,7c6d61ae-2113-4842-8788-e87c2e016e56
7b8cf360-9c22-43b1-8021-76a57ff518c7,VISA,d3b71f9a-a136-4871-9d7a-70b00c9433e3
fc8b5caa-d85a-4b1c-9a47-46cbd8c7fa4a,Discover,de5ba9e4-e5e1-43aa-a3be-664ab443ab95
8c03f5b7-5b39-4a58-b8db-b7de483d39d4,MC,2d86895e-cc7d-4960-95e7-7eed24f85289
e37ea3e3-c280-45f0-ba1e-6c1dfdf9b28e,MC,12c2bab1-8246-44cf-bb74-c0759648e00e
97f6f6a1-2ea8-4f70-8dee-0fd99bcbe1d3,PayPal,8d3ccdd3-de4d-43b7-a2c4-8c0a433aaed7
05377ffe-a926-494b-9d89-da3e3d00a32d,VISA,6856e75b-5582-404b-9541-64e4d9178ad7
974b9843-2343-41a0-82c4-42b66a967aba,VISA,38a13ee4-6d8d-426c-be7f-2203232b74de
c93a1036-d880-4f9f-94dc-8a2c36ea6ab0,AmEx,4d49e832-2c7f-486e-9f80-c4d39ae91e85
71a41705-3170-47e2-b220-8b8f26dd12d6,VISA,28bf20d4-126a-41e1-b9ee-b2a09bb6ec44
23410754-79e8-4e79-9c31-653b3fab0125,AmEx,2da2c1b8-b43a-4b6c-8652-a30b3c98a4da
a3e7b5c9-3658-43da-b5aa-eca29c265457,VISA,0de5cf6a-9508-48ff-9ea9-fd1d20f6262b
7eb04dab-3fa7-4673-a580-3b668716c801,VISA,f01ec68b-e922-4042-8d2d-378ecd37cd35
ca7a2a5b-a46b-4f63-90e0-060e68de09cc,VISA,66a2450b-51c7-40ab-b491-53cde0e9eeed
250e2c86-3b13-4840-9976-d2d389c7f0c7,MC,49ed45a2-8e82-485b-8d1a-4e4a7f014eb6
c77b0751-0957-40a8-af00-bc470d1a0f16,VISA,9e9be196-50e8-4b21-885b-01b465791fed
40a1ef9b-4629-4853-bf0d-c3d9aff9eb34,VISA,3d4272c4-e854-4e98-854a-1fbec3530cef
e071e4e4-01ca-447c-87f9-52fd2777f7e7,MC,c12a2857-52ff-4810-9c7b-4739f982cded
52a6ba02-0f9e-4df7-bddc-f1fc53f0b3be,VISA,545ccfcc-722d-43b8-9a5a-e3eeccbfa4da
ae1a1211-90a6-4741-b108-949cb1b9efdc,PayPal,1fdcecc7-8d4c-43dc-9ff4-b6c1daf047ee
1ec4b4e9-726e-4dbc-82c1-c2a7cee97a1f,AmEx,e06abcd9-2214-4989-bfe5-0f514c77645a
0d5ed05e-842e-46c4-9e6a-550289c1f3b9,VISA,9a266ff5-66ed-4cc3-9318-ed03eb330b0f
f4bca164-616b-49a7-9852-055b74c327e2,MC,811376cf-8cd1-4f49-bf44-ae390e0afc4a
2be504f4-d21d-4dc8-9960-a678583b42d9,VISA,5089c54f-5d24-4546-a2d0-4f3a4ba8065d
e3ca2a7f-d948-4d08-ad9d-15cfe1d20b87,VISA,57923a87-c4b5-451f-9568-3f818c241cff
313955f7-4b4d-4d55-9eeb-2b66a926dbfd,AmEx,2185b4d5-a45f-49ea-816f-f90134906a39
14cb679d-a9a4-4f6b-afe4-8a5b61571047,AmEx,730aef3b-9ba3-4c1b-a639-178ab6fc0b03
05c1c395-91aa-4b6a-8d0a-4dc65bac4165,MC,b3bd6f22-9698-4182-a96e-19daeade4d57
70f5d564-99ac-482c-884c-257474204167,VISA,e61432af-93a9-48f6-8ebc-0e9127a5245e
f9af9711-2481-42d4-ba54-4ca415e67cf1,MC,274af178-3de4-4ff7-9dbe-f62a4e9f8c19
f0c9ae3b-3b4d-4979-a600-18470022e5f8,MC,49465b6f-11e7-4927-af13-82cff3d9f70a
81586afb-c5a2-438f-a4dd-6d52e82b5224,PayPal,3c1a09e7-bd88-4b4c-81b9-169f0e011e89
4737bd1c-9876-475d-9e29-e8333ac6b689,PayPal,cd755f32-ac48-457c-aad6-4dc0f365a41c
23aaa01c-01f1-4fdf-99b4-bfa95ce0daac,Discover,fcf8fd5c-be57-43f2-9e51-a41db79268af
1544615f-e027-4237-a4ed-1818a3e75532,MC,1e62b318-68d6-4a4c-9561-bfabbcbeb5bd
6d7bc7bb-3b97-4b97-ab8c-03ca363f317f,Discover,6cefcd49-9702-40be-a655-460aafd802fc
40b57edb-3a0f-492c-884e-f80072eac4e7,Discover,ce10abe6-de40-4785-bebd-81e7fc614b9e
004a75a3-d76f-4a22-b459-63ac7e11b288,MC,33ed2da6-9253-4a00-adb8-1ce8a1afc306
78bec759-f704-4337-a01e-fc52d66a658d,MC,543c7e3a-dcea-45b0-af0c-85136a9136ad
b25344ac-d9d7-4490-9a04-483f7f0b9720,VISA,75c62d9d-ded0-409e-bcb9-3081f49d5393
136ae878-154b-4d4a-854e-897727a3adf4,PayPal,27ac569c-8041-4255-816a-35a8887ccbaf
ab6d2db6-db43-4c78-a185-7bec3d2e131b,MC,0492977f-58d2-4ef6-826f-4c7cf2ad8c90
5979923d-7361-4b34-bf9c-95dde90f8c35,PayPal,c34f40c6-3fb2-4e22-9160-8a5f3614347c
7ece91be-c26c-414e-999b-3e062f4351a7,AmEx,b9bf6966-8d6c-4cf1-8a2d-af7dfe2369b7
bf6ae237-1d62-493f-9410-6c9d4c066d59,VISA,7acb9639-a91c-4c94-a08c-55eb46f55754
d73a3a55-c9a5-413c-b096-55a342e9fd35,VISA,079aff51-166a-435f-9816-6a65ddb8eec2
a9efc834-f758-4f1d-8b21-0467f9f7aa82,VISA,800d45f0-1127-4039-9893-6d3ede4470a2
e29a11cc-d0bc-4f78-a843-e813a1243906,VISA,49649d1a-af2d-4573-8fc7-d8a5d0d832fc
37689ddd-4790-4318-8bde-b77bc09734c2,VISA,0165d5ce-5fdd-4921-b94e-481e0f2c98a6
7aaf282d-bfd9-4f4b-b3ed-25c76d4eda14,MC,11d54092-4edd-4cd6-97c3-f8140a2b7082
c3fa0b0b-6a13-4be8-b42a-cfa9d4f2708b,VISA,24c0c6fa-7389-4f07-ab81-93c9f6257dc5
69221f2b-3d1d-40be-8387-96d234e29a20,PayPal,24d649ab-d640-47a2-bb92-ca4d467bf18e
f6739bc4-3603-4d1e-aa3e-ae335593c32c,Discover,b449c744-d7e2-45b4-9d87-051a2dd0fed8
c29b838d-e6a4-4408-924b-21bb19203dda,MC,20bb837a-daaa-47ee-86b1-3b054740e2ef
05e6b069-9068-4140-8522-2e64a7431caa,MC,a6d119d7-62a3-4b0b-81a8-171fc543b76e
6187aae7-9d64-4309-972b-dacc0a7eeec4,PayPal,31695ed5-c19a-45e1-90e9-f03112add8c9
4b7bd7f1-4fa5-4f91-bce9-5963abc3b867,VISA,a1ffd4e9-3e7a-4813-8c25-7e20b662b840
f2647c89-7320-408a-afea-7689e7d327d6,Discover,da9530c7-9f34-4532-a41d-23a5b326ef3b
6527e098-3615-49e7-9ca7-fd9431a700d9,VISA,0397237d-ce02-4447-a484-258909511746
e783a80d-b87d-4445-85f6-323ece06447a,VISA,1c271394-8676-4333-b988-bd8076e66217
606fba36-01fc-4f99-bf57-906929df1b6d,Discover,4ead617b-6133-4beb-833e-f3d81cc309e8
fcc837d3-6146-4c07-88f1-a5f1a4fbddac,Discover,f218e9bb-b1a2-4373-b457-08667e663360
cf95b790-855c-4777-9e1a-cf7b874d67a6,MC,6d13d0bb-03c8-4f81-a862-076907acba5f
10f6769d-cfc0-42bb-9fb7-9b01a6362ead,VISA,460222d1-8b06-472d-a85f-3ae43881e545
1f4c90e0-e537-48ef-b770-23e5cb22a9d3,Discover,5469094a-0411-4df9-8219-f0deb269eba8
3db4d3ed-8294-446a-9b9c-48a24967657b,MC,a76c5031-76b6-41f0-9e04-c84b3eff3294
780bceab-6db1-43a4-a146-3af4fbaf7866,Discover,5cd1c102-dc57-48a5-859f-1c7d42e7dc2d
0efc99ea-b1e4-4dfe-8dbd-3d7c98fd6c73,PayPal,52ba7255-ca4f-47d6-ac72-053ce9a67a96
70555a09-b877-49fc-9009-d39610a3d2d2,AmEx,0e547886-bf5a-46a3-acad-e87aec19dc52
fc441911-079c-4152-8bbc-2dd2ff9c287c,AmEx,851759e8-2c8c-44d3-a7f5-90e988645c6d
cba1bdaa-1a5b-4341-855f-f3ddd1cb5889,MC,c81072d1-d14f-4a17-ac6b-f417f1e5add9
9c2098a6-6443-403e-9bdd-0d9fb937f3ff,MC,021fd223-bb51-4670-8985-38d3f7108a2e
3193f95e-bb46-499c-bdf0-90581ed7c7e1,Discover,47fd2db7-6b1c-4c41-8578-3e9c2e1f8dec
67d6cab6-a672-479f-b736-807f26acf8df,VISA,5239abee-3cbd-4b6b-8bc2-9c5f397af90e
d67a72d7-d060-4913-a397-854543729378,VISA,07f5ba55-d9ed-449d-bf44-8fc5e054490c
d0521ccb-e330-4acc-9a2f-08749d5b4826,Discover,83e53fae-250a-4915-bc2b-2b4a40664964
97b02999-6707-401a-aee6-17b932982baa,AmEx,f6a75068-4fa3-45d1-8f87-f32b217a6710
e927d9c0-17c8-4e7e-ad70-ef5684192f7f,MC,e1f0c748-c862-4fea-bf1e-3dc82bf88ab1
c83fd162-c787-4fee-86b0-13b10c161e20,AmEx,c314ce60-a501-40b1-8662-8001065e6cce
492d1f69-dedf-4979-b42e-4a753cc16714,PayPal,b1f9fc81-7ae0-44cb-871c-d5cb25b314a1
7642a9f9-e50e-4b8d-bf98-479c7a642c97,Discover,5973c9ca-0e4a-42d9-90d5-d88646d90eeb
e69b3b12-3544-4c6a-aa89-8fee7fdffcec,MC,5f61de41-fcd7-4973-a26a-f810725c3f81
11d5a214-e9d3-4005-b3fc-eb903338463c,AmEx,fbcdb973-4c82-49c9-9d73-48e3f8e8f3d9
72a1b20b-eb8b-4c06-9075-07776f46745d,Discover,9b848edf-ba57-4c4f-93d9-ed420c29bb41
697b4226-d32c-46c2-8b3f-6e707d187f29,MC,9ea73297-7292-4a1c-b4ba-dbfcb7ee8ce0
29e4b9bb-66dc-4c2d-9427-339c0b0eb1b1,MC,62b11534-d936-4a9c-a655-322fe1113c65
8aa46f64-650e-4e5f-a300-b565e28582e7,VISA,faf9cc50-a4c5-4870-bb32-ae0152bb554c
87d716f8-0874-4dde-8174-62e329e09028,MC,3a6c7c4a-a7ea-4e87-901d-3fedcb93ea8b
1cc8acc1-6b2c-40af-9b42-83a5496df1a2,Discover,46ad2c4c-8994-424d-81a0-aa03f3205f31
ec944903-dd43-45ee-b25b-65c8c9b717b8,AmEx,ce780fb2-78f1-4337-aaf3-8177dd212a8e
55b26c7f-c865-47de-a284-4607f8ddc6f0,AmEx,033670c7-33b2-4b72-a2fb-06f3357c8de7
34ab9ccb-1ebb-413e-8ea3-263fdfc9648c,PayPal,fe7dc365-b118-4e47-92d6-76744df38170
1f8245b3-8612-4cbf-8d27-af4d4aa13641,VISA,f048935d-2933-497d-a893-2da3aa64be29
f9210a08-7b35-4ef2-aecf-8a4710f5d42d,VISA,e12f464d-b2b4-49ec-afa6-c946692ce1d3
916e0faa-9e1d-464d-a77f-ed108a8842ce,MC,42124323-d383-49cd-90e3-c0ddee5fba30
de326712-610b-43a6-ac51-8c25c6298da6,VISA,e4f42a64-88f7-4ff0-b596-d15abc173ed6
713146de-12d9-496b-a88b-67c0fb78f2b5,PayPal,de51d0bb-ff97-4492-9cdc-44418a56cd26
d6fd5793-37b3-4ec1-8802-7108be95c02a,PayPal,fa85ef2b-2395-4cce-bc33-843b3ad55706
6cd1eb21-3daa-4d7e-b129-1dba967a0471,MC,62680ca3-2f04-4055-9493-f1abf95ce6d2
82fdb4a7-02ae-4993-b60d-46a9e75ae9b9,MC,bd640219-b73b-4178-8f2f-eec525fbd7a3
01fe1563-cdc5-423f-a7bd-2e322c0ae529,VISA,6800ba7c-d32a-44f7-a1f7-155bd0d6b61e
bd5facd4-fc1f-47b4-93e2-55542619e4de,AmEx,c5f0e543-9e8c-45ba-b4cc-51caa33647ad
058431f9-df7e-4321-8ec1-acbc125c358c,MC,3b6bb436-fe06-4d79-ae0f-8195a2eba8bb
993f6bbc-bcae-4436-9011-e17b55ebc4af,PayPal,a9acb5ec-7217-4acd-988f-1bc4ecce7b19
b56f4f70-86a2-42d6-b736-56a2df48689e,MC,4dde9349-0358-4743-bb27-b263c96d1985
93c5785d-bca5-4e2c-9ec0-1bdec7ae307b,VISA,be515e8b-9d85-4290-a758-e1aafb492f81
8f3fcbad-b7ce-465d-a32c-fc13a22d26b3,Discover,a2b14b5b-ca58-4643-ba17-bfb9ef35bb16
1851044c-021f-4ba4-9797-739ac0987a33,VISA,9e21e882-cf7c-4f80-a5b6-6db97e205988
495d8bad-b185-4919-8c4a-30b02f39a046,AmEx,bed1aa45-8739-4c77-b8be-3b6ca7cf859f
7048154b-da7f-4964-9396-20d2e177cb77,VISA,37af2254-b64d-43d2-a273-2dcbcd52d5a4
ec9cfede-5365-4a89-878b-fbb37ec518e6,Discover,1134a3cc-a5f4-4e86-a15c-2c80c5d26bc0
7ca8a187-244c-42ac-8fa5-243c38ec8532,AmEx,3a4408cc-3b5f-4788-ab5c-dfbf3c2fb602
239402db-5765-4b35-a1c0-3358450132f4,MC,42a91387-be15-4da8-b8ba-c406ec188229
2f90cb4f-1cb2-4019-8854-201ae916d343,AmEx,e61b9aa1-43fa-4e29-908d-b33b78458abd
b9c48ced-fa40-4f0b-91c7-c4dc72ccad75,MC,cb42278a-6eb1-4f4c-978e-279a22e592db
a34ab8e9-ed26-4c87-a5f5-7dbaea24397f,VISA,d9e78f4b-5482-4a72-b572-6127036e12b7
3bd2e866-3a09-4b7b-82f2-39e4e731b1f2,VISA,4cb06d07-b43d-45c4-bc75-cc5ca4b640bd
f899fa5c-e722-455a-a5e1-e829fa579abe,VISA,56143f74-5f32-40fb-ba9b-563256d37778
9d68aa7b-873a-4d09-8812-e7fc0fdd4c41,VISA,c152ea47-4295-4779-b5c4-d35608b50d95
8f7049e2-47a3-47a7-89e3-64ad5975f503,VISA,2db7612e-6ce1-4532-8e86-1d15dea7dc3f
5dcc6db1-3971-43ac-a040-74c727b6e666,MC,320eea24-e65d-44ca-96a6-3780cc6e4373
f0e3ea55-5856-490a-bed9-8bcf43cb15bd,VISA,9d0319fc-847a-470a-8cb5-2b152fbd3771
68ea1f55-7820-4138-a6c4-b7f65de772f3,VISA,3a555021-b5ec-4381-a81f-66d111303e55
fb904b0c-8c9e-4a52-9303-2dbe056e1306,VISA,3100360c-906b-41c1-8b92-c2814ba2da61
cbecc7c0-1b7b-400b-8611-2fab5b03d981,VISA,b0cbb562-cac7-45c2-8ef4-da287197adfc
5fa3a6bc-ceaf-43b6-9467-4e7319af6e5b,MC,32f4be61-e4f0-4b4f-8884-85b9e29b73f6
6b1de8aa-2b4c-4c9c-8687-cf99f07f9234,VISA,4ce79965-eb1c-4ace-bffd-5b6940578392
d968e1bc-1c16-4cd2-ae27-fea1d1113b86,VISA,b0eb30be-04b1-48b2-a997-da64bb4bdaee
8a24473d-875f-4435-ba72-e5768fc2e8be,MC,def7ebb6-aa46-44a4-8343-632057f8de83
560d9565-0ee1-461b-8d4b-12d8f7e70888,VISA,29fa92a9-1142-4b63-8919-dfc459079645
2bf7ecc4-7884-4616-be8f-d28cc16fdf80,MC,eade141c-cec2-40ed-8447-265d1184bc01
5bc9771c-5569-45da-9f78-9342b405bf80,VISA,23b3a5db-1f0f-489d-9930-c8ed2fc5eb91
513d49cd-f746-47a3-93fe-75f986883c82,VISA,5c49b544-2818-40e2-b72a-0b8fe9038051
9a941f23-9456-4000-b620-265124b6aa8b,VISA,1c1dcc22-ece2-439f-89dc-8da8c55b4cf7
1760aee5-8a95-4514-862a-abf119c7c16f,MC,e8d22c64-678a-45e1-ad35-685f247a4deb
4a102df2-ef36-49d5-be9a-e944c498c1ba,Discover,583c8dfd-c45b-440b-b084-e9c53e0bcfd1
eb1dccd0-ccc6-41c9-a207-e522d3c4806a,PayPal,d62fa1bb-73a9-4dca-bf30-39bc1c59c737
9baa4fd6-8cb4-4f69-a628-4bbc635bfb2f,MC,957da870-5f86-460b-9d0e-09d7c67d8a11
e8aae37e-399b-45f8-b326-1963302ee079,AmEx,461f56d4-0e6e-46b5-aef7-70f2e8dfb277
7efd23f3-5b0a-4d1e-836b-fa260d8c63bc,AmEx,bf4252f0-befa-46a1-b23d-052a4b0922ac
e3290d3a-d7fb-4ca3-8c30-32b45aad78f5,AmEx,3f2d44a5-7592-47aa-bdba-1e6a627e739b
5dfd9bbd-af48-4ab0-928e-78d7610dbec5,AmEx,6dcf4a05-2087-4f2a-9d44-e304c7e3f1c0
385ba19f-391c-4758-890f-c33bb0c38336,AmEx,401d571e-17db-452f-991b-a68ae3076f1b
e5192a58-301d-420e-a05b-f8ee5e30e39b,Discover,9cb462c4-8ac5-4b2b-a413-7e9e2e7f732f
df4f75de-fd90-4199-ae44-ec624e848d46,PayPal,06f42366-bf3e-48b7-912f-978b93aa92cc
ca47ff42-febd-4fdd-93c4-31f0048d5201,AmEx,4f63ae52-f954-400c-872f-d6c31b25f8aa
8e2b2e05-8362-4983-816e-27f8bd05a6a2,VISA,5c124cfc-2859-47c7-a115-444d58775b76
5a5a9177-a549-415c-9ebb-37fe11ff9cbb,Discover,1c39f2cd-99dd-4e60-b0cf-52cdaaec9b3b
2b8bbde5-cabc-42c0-99de-94a18ee5c4cf,VISA,7cc8c403-7b3f-4a20-97b8-f61daa040e9f
3df736b9-07f4-4da0-aa2c-3c40e1899d1a,AmEx,ba1c19fc-4bcc-442f-b84a-dcabfa15f52f
3b94c03d-0426-49ee-b486-914ae418f2af,Discover,bcffd272-e3d8-45ef-b2e6-95d8fa203863
054fc838-c1b3-404a-a786-e5c03c40331f,PayPal,614d8730-4061-492a-87b9-61a8f35708f6
cd6c4072-afb6-4887-898e-6bd3035e326e,VISA,cfc8eb68-e746-49ab-8360-06784b476c9c
df5e9988-e937-4d2f-9529-3937342cc641,MC,a694da97-0b34-4fe1-8ba1-eda97ce2a609
56726444-b537-4c58-87c6-8cbcc19886ef,MC,80c4c7e2-0619-4d60-be15-03d885c8529e
2aa0409b-bcb6-4830-aaa6-1355eb6fc7e2,AmEx,653a2f08-4adf-4c66-96a1-abdf3cd73de1
6ecb8249-eddd-43b6-a994-39adabfe09b2,AmEx,205f1f36-d525-4c8c-9d24-c243b4741886
b886efdf-46f0-4f15-85f9-090f463cbe40,Discover,1988ba27-115f-4b8c-a99c-ae600e018668
660abeaf-82bf-45a7-b5c5-1d37edbe18b2,VISA,11019981-fef3-410c-aa7e-db022b918aaf
0986949c-ffd9-4ee8-8747-00ce243bfd93,MC,d85fff9b-4331-4fe5-bb5c-ef41bb5cd7eb
1ca414c5-6e89-4663-81c6-49f97a04bbde,PayPal,d0d206fb-b69e-4969-9f3d-1bdd56f6280c
ec58606c-0620-45f5-b028-4537e5fb4c63,MC,240df619-a3f2-4065-8032-a5baa2786ab3
3765756b-4981-4be3-a9fc-fee40b4681d0,VISA,f21ad765-8186-42e3-b401-74c96680566a
c59343d7-d946-4037-9291-b1f141ab8b92,MC,a38de3da-034c-4e9b-8fe6-b6f77f99b86b
1a53ac65-9b23-4414-8ffa-8c8fa9af3c74,PayPal,7b6ba2ff-ee9e-46c2-9414-d52b8d75d561
5bed464e-9590-4f73-ae37-eb57e7d42cff,Discover,75ae3314-0247-4064-9b9a-24027cdd14cf
74141d43-6454-4b1c-a140-8f761c84ad53,Discover,568719ff-8d15-4a10-89be-aa88a9a71e96
26ca48e2-dc84-4776-8993-3fedecd2ae0b,AmEx,3470ec5f-cee9-4b92-b59b-5bdd9e82daf5
a4d24161-ac4a-494b-9988-a57bf7363453,MC,fcfc94d7-3ed4-4b74-8a7c-2d1c3edb0a68
f8906ac8-6a57-4531-aa6c-4979a5ceb7d3,VISA,34bde197-1d6b-4f8d-bcaa-7ede0d92d306
8ef219db-f224-43e8-904b-3bb2ca8e3049,VISA,4b9e7a9c-e0c4-4ba4-a8cf-257e20741b1f
2ce164e6-83ea-4aad-9cb7-c9a798bc5b1d,AmEx,78ed5faf-f724-4f4c-89c8-2814acd555bc
a5b7653f-55d5-46f0-816b-376fd7921f57,Discover,75d5ea26-7293-4901-99e7-6fc9aa2f21a6
560b50d2-4a73-4370-9d4a-4d8fdd637867,VISA,fb13f899-4d38-48d3-8ebb-a9497084c0f8
96f8bb45-a7fd-4030-891f-1c52c3c4df83,VISA,3d03d349-7893-4820-be2b-58e09ff59c9d
3a8e45dc-f5c0-49eb-b37e-42460ab10b08,VISA,d75c1b11-4b03-4cd7-9981-4ad06ce7aa11
4968ff81-e7d4-4c21-9840-63af37eacf9b,VISA,370a6e78-5d5d-4933-b201-3a264aa0a8be
1d32b5a2-20e4-4279-a031-c19586a59382,MC,a73dee3b-c0bd-4052-9976-a7ee217275d0
671fa19b-6f10-48d9-b76a-b19e8cd2adf8,MC,6fa98644-341f-4119-960a-c457fb475c7c
f3b0f4fa-de38-4295-8de4-9cfa43c687cf,Discover,ddc8aff0-80ed-4456-89b2-2e9b73b340d4
82947c5e-f520-4d87-9331-f13fbb24a5b4,MC,d9d2da34-c289-4dbb-bd61-3b42f8aa5a7a
99e9a9df-3553-4315-9377-c03203dae1ad,AmEx,a4120db1-b77a-403e-9ca0-751272e01f29
1f30007f-1fc9-4409-9d5b-11875c1f51a4,Discover,e654dfc3-73fb-49c8-8954-61db9822bd85
06efd40b-54f3-4f64-b186-bc3ca22dc46d,MC,e7e83e5b-03a7-4eb4-bd76-510bbb6f2084
1b489b3f-c910-425f-9f3f-efbdb030617a,VISA,cb55c71e-5499-437b-b84b-5bd438d3b5a1
87cd26b1-1910-41bb-8f52-c9c3588b8b5a,PayPal,99f2c37e-e197-4ddd-a5c8-e4480efd0042
a2dbeb3c-cff1-4161-827c-8c8dcc42f2c9,AmEx,9092c673-25cb-405a-a107-3c9a1d24e450
6aaa7b68-62c0-4f57-8e6b-ba539e24d64d,VISA,63cfbce0-8d35-4cd3-82a2-e80f24a17c61
1937f10b-c2c3-493a-bb88-965df490034f,MC,616d7e6e-4a90-44ec-897d-a8578999282e
f1ff5e3e-a564-47b6-ad6f-21b032384102,Discover,00e705dc-b3c3-4b4e-bfe2-ce7c08c743f2
1850a1ba-d679-44a1-b338-494581c770c4,VISA,3fd38312-eeef-4e8f-a56c-17cb04bd8ce6
2c99c058-ac8b-4b60-b74c-ceeb0b10afcc,AmEx,6ffa924c-a0e8-406e-bfd0-916b97cdadb4
aa904337-3e9e-4f37-bcb1-118384b34fff,PayPal,620825dc-3739-4e3e-b414-cc8a2ea0b951
947d1436-0fbd-4e06-a947-beed4edce7d8,PayPal,ce05895d-cd22-4a04-82e1-87f26ca6801a
3f7bb258-4822-4aa1-876b-5a14ca1c725f,VISA,c39429b6-c36e-402a-84c3-ee1c91f2c280
37588d4e-0473-4eb8-869a-170201c11dc1,PayPal,af65802f-17e9-4a4d-b0fb-b6673b33a68d
32dd848b-a0a3-49ee-a523-3c1a5d955997,VISA,25a31d5f-7690-4989-999b-4f5e6adb2ae4
209e155d-4285-48d5-b4a4-787a639083e5,VISA,cb271b46-5ab2-455e-8ffc-5dec707f2b4b
bb21e9b3-2395-4a3b-9ac3-dc6451c55c79,AmEx,7a8c6208-2ee3-4801-99fb-122b363fab2e
9cf66133-e4bd-4b50-bb91-2a2a39007bb1,PayPal,236b6e6c-9e42-474e-b2f7-63dd3be6e24e
ea334173-ae22-47f5-8cfb-aff9421f5c44,MC,81257fe2-57dd-494f-a305-94342ff52fbe
1b88dd4d-797a-4734-bf19-a288fff43acf,PayPal,c30bf51e-d220-4122-8985-5bdc10cbf29a
fed71267-1db0-4e7f-9edc-3bd1fd09c5a5,MC,0c0a182e-7ce5-4f0e-b0c2-ecf52e0b3c4b
5527a25b-e303-4a45-99a4-5cd99e98293b,AmEx,005a8595-3947-4eb7-8f6e-cfc545757dd7
006b554b-ec9e-4dbe-820d-ce671aaea721,AmEx,f2b010e0-9dd2-4b59-91e3-bbcb8772f319
b61c0fa8-1732-4fae-a5c9-8446b019672b,MC,e5ad9be1-b2d6-45bf-98a6-34d3123640b4
6ca40641-93a8-4e4f-b343-1880d6d1046b,AmEx,946ed199-22ba-42b6-9ef8-b50ad65363b1
05b383f7-6507-41a5-af7e-0b1ecfcb2386,VISA,66cbd6a5-83ef-44de-93a4-08adc4531eb3
26c21d1f-20cf-48d4-9679-03717f84e3fa,AmEx,47a172c7-51f2-4f2a-986b-dbcd6745ac91
72a083e2-3357-4de6-ad07-7da995848763,MC,cd52b3c8-2f57-413c-9c25-ad961b04ac21
d18780c4-1991-4221-8cfa-02b71810af67,VISA,5022a932-50ec-4367-a3c6-ee281f10157e
8b1d3d0d-82a3-4147-b5ea-efb0baad2e30,MC,04e031fe-a6dc-4b0b-a1e8-28f9eec09e6e
2508a27c-e799-41d8-afde-29deb9feb33c,MC,70b5e988-db7f-43e3-8512-4ba05299174d
7c3fe45e-3710-400f-9f09-e5e4e28336bd,PayPal,ee6998c6-0b85-4c07-8c77-a5f588ea911d
99d88177-168e-4a04-8bc5-545c6f6eb204,VISA,89b563f5-ceb8-4c4f-9053-f887d6c6ce07
e762f07e-9033-4056-a689-ac87c09d116c,AmEx,468376d7-3eb1-4ea1-96b9-96ceac19a3f0
87737185-6a5b-4549-82b2-a8badf396738,AmEx,b5b7ba19-85e1-44ca-a9af-67066a02bd68
c72902b9-bad7-4257-a41a-86da221bc805,MC,5faf9e97-89ad-4136-ab05-14de92bffe3c
d2c7b639-169a-417e-9fcd-03acde5d894b,VISA,7589b4f2-6761-41f3-b6a4-0d5a13ca8883
36a5a5a6-005f-4192-b352-f8b6b9849eb3,VISA,28e143e6-9c8d-432b-9664-6870d937a5bf
4ee7f6d6-dfcc-4027-9621-8a5efd520915,MC,6289d6fc-484f-4ba8-a1bf-2aaef2a17d0c
c02b26da-8134-4582-a896-98389a7374e1,VISA,4dff06f7-7b06-40cb-86ad-1e4def3c5882
6a7aea4e-f312-458f-99b3-7138ada7900a,AmEx,7d0d394b-a244-47ed-85e6-17ec8916e09d
4e66ffaa-5a84-48b5-9b4c-37a62b6c8941,VISA,63e145d5-1cd9-44be-b970-dbc7647d6d65
4499ec55-51a8-4266-83a9-d2103275f260,VISA,68c5da38-cb33-495b-87f8-4b95b19f184a
da67c9a0-6a6d-4d6b-b4b4-8e767c7ae11b,VISA,2d6b1ddf-2c25-45f6-9f97-1c46ecbd7d9b
fa18cf12-e105-4467-993b-bced834a502f,VISA,07c3a037-c31e-4ebb-9b30-4e4daa8efa63
deaa0b55-688c-4dc0-8a56-fdf37488956b,AmEx,2d9c8b64-269a-4822-ba3c-6e3183c82bd5
59a0d7f8-bf51-41b1-9d14-b345b8ac5e9f,VISA,0e0b43d3-ee37-4e2d-994c-773edc303b60
3979a32f-01d8-481d-8d43-7e304061d96a,MC,6e8600a2-8de6-40fa-89d1-8c54936dfd06
9c0bf5e3-99b1-45e1-a81c-2b08c24d1401,Discover,327f7ef5-3c21-4b01-a5da-dadfdbf53e07
43c91bf4-d633-491f-9dd0-2e5695da5567,MC,8b03675b-e70e-46e2-bedb-aa26007fa99b
29cbabe2-981a-4fe2-8516-dba15cabea4a,Discover,e6d07082-2210-498e-9d44-cb169a960242
3c2f96fb-b838-49c8-998a-2d93b7f5ceb8,AmEx,03911728-45aa-4c70-ae70-2f3777841c60
dbd62d41-e624-4baa-b70d-e13da7e1bf7a,AmEx,e3c06812-023e-4e21-8daf-3470d1b16ebe
d72ebbd4-0175-41ba-9045-ea99e113b47f,VISA,1f7f0911-cc8d-4b60-8b12-7296b5e56885
7a04542a-7cc3-4520-bfb6-777698e43502,PayPal,4fdaea0a-1dce-4fd0-94f0-a37c5a9f18fe
2a278a53-38cc-4551-8407-dc6ee4ca35bf,VISA,1fbb7c0e-7dac-4a93-a3ee-f57a09efa843
fc5b6a60-20aa-4f34-8113-fbf37fb0334f,VISA,d657d64d-96ba-4ab8-838e-16dc0ea6f6f8
5010ffb4-5990-4b52-9901-d291c0bfb896,Discover,5a9b8ff8-5c6a-47bb-9984-5df3e0f80eb0
a12486c0-1e23-47fb-ac0a-97aa01c9af6e,PayPal,f52d5920-6560-42c1-a30d-6af84a7f7e79
5ff09649-d6ba-49ce-b839-9363acdbf9c8,VISA,e166db52-96d7-4cee-8934-0eb5b730125b
384ccb10-d9be-443e-97dd-b40b910841bd,MC,0878c30a-40a9-4eca-9048-434a04fc18b4
11b29a48-fbf2-421e-bf2d-4b3fc7f60cf8,VISA,02095f7c-9f90-485b-9b6f-0cbffdc46391
3c78878e-24cd-4a29-9e9c-6772732ba5a2,AmEx,63a64628-de84-42cc-85d7-4feb7101ab51
8c5f1e7a-4bc0-468b-b430-f4efd030474f,AmEx,71eb9ec8-92c6-4393-9f37-8a3b43c278c0
38fc069d-4f9c-4258-8356-5ada3ced6375,VISA,9a9012f1-4a46-47cd-ac11-ed518d351752
29aa83ea-2606-4e25-9977-ceee9e3413a4,PayPal,77483989-916a-45c1-bde2-3bbe5abb6889
ddc05713-16c4-4379-9161-e88d2c6ebe85,MC,82942cb7-126b-4d88-bae4-460d9c680a7f
9befbc89-96be-421e-b812-156a5a39dbda,VISA,271f229b-786d-4960-837a-6eb8ee925ecf
aa2b3d90-955a-495d-a5ab-edda0036ad79,VISA,4ea3e236-83ef-43ac-ad37-94f485f28dcd
5abd1dcd-6165-4586-b2f0-09d123765243,Discover,cbc923f4-c97f-4209-9bfc-7bce16da1488
64b01d2f-80a1-426a-abb0-aa317db0693b,VISA,4cfb4ef1-e929-4cd6-b87a-4b5f7b3baba6
729ec5d2-1de3-4cdc-be6e-18aac387991e,PayPal,092a8501-b31c-490b-84ee-da723fc93c2e
0ffe2620-9eea-4e3c-b298-612884cc4fec,VISA,d928860d-fc6e-491b-a1b3-31ca0c8bf17c
3630388f-e780-488e-9f34-750866dc395f,AmEx,c23abb75-d583-4776-b66a-5996ee39db17
0fa825ad-7763-40e7-8993-0798adb5d3f3,Discover,01c000cd-f33e-49f7-8479-148faeb63d0d
341ae9cd-cfdd-48dc-8311-a4801eb6e371,VISA,5336144f-3b28-44fd-93a1-91eebe113edc
942617d8-0425-43cc-bc6d-f718dc405beb,VISA,5e93b8a7-f84b-4dd1-8d11-674bbeb4ddad
e2b3b24e-0c33-439d-aad9-131ecdab70e4,VISA,d0116261-a902-465a-aec2-42b96b03e211
87957b38-6076-4bb0-8944-c4d7751eded1,MC,0038b56a-614f-460c-8e00-73e646b609d6
387b7af6-dc78-4384-9e58-f8603fa2f281,PayPal,9ff26607-dd86-4796-9ba1-3fe2e2675497
8e6b3261-04eb-4c29-979b-a5f175f7b7a2,AmEx,e358f406-0bb0-4542-a57e-248dde865101
7b791af4-3baa-4f17-9b60-9cd450193a78,VISA,c10272bd-a4e3-4f45-89df-8a5c265edbde
090f9ca8-8cec-4216-99b0-f7a0d79f676e,MC,7b95c66c-35af-4aa6-9040-2748754ec7a3
0ebc63fa-138b-484f-a750-1c9efef7ec9b,AmEx,57131d14-5b82-4b25-9e06-dba0f13e23bc
b6f6cffd-5645-4968-8e0d-7c89ae060420,Discover,ad4bf0ba-57ac-4af2-8982-97969971b880
ee7594ed-a4ae-42c1-bbf1-86aee10183e5,VISA,0d56b28b-96a7-4f2d-8086-1de4d057585a
fca613c1-f818-4eee-aad4-4bdb25f63914,AmEx,2be592a5-7505-4083-b5ea-b2287f437db0
12084eac-8e4d-41b5-929e-2c6853cba0af,AmEx,3c44b889-bdd1-4d38-83ed-359956d97e01
5b97a62f-9a0d-41cf-b409-01303c7d4e5a,PayPal,672da9bd-8ca3-4a74-a06b-d81324c7b412
a023e09f-817f-4ee1-9464-9691da8f2936,VISA,9cb73857-d9e1-4b99-bccc-1df0e40463d8
54ca8d4b-9867-4753-8fa7-2a95847bb148,VISA,386dc83f-4442-47b1-a80b-0ab4ecb09e32
2e42ad3c-07a0-48ec-a376-6146c947eb8f,PayPal,2768ec3e-f8c3-4fb8-84b5-bbd59e0f9121
113892a2-b5bb-4031-9f5f-3a1f395cd901,AmEx,139d03c3-7eea-4947-970e-55211d0cfd61
c02d6b2c-cc5f-4b82-ba19-b9a0959b274b,MC,8c04482f-5eef-4a21-ba5c-cedae554d23a
aee27f9d-b129-4ed9-8d8a-5294f31898c8,MC,0e3cb044-a0da-45fc-81af-44492b0572dd
df63895a-4ee2-4386-8bea-b9b001b61ab6,MC,435c45a9-768f-4c14-b72a-febe33557b2a
8f4a5a3b-0107-48e7-97da-73e6ad9a28e4,VISA,3cdda8f6-4df7-4f8d-b8be-79425ce764bb
22c3aab7-1ab3-45eb-9a4c-04b7c9bdcaa0,AmEx,a3100bb1-6b22-496e-8c87-aefaa6bf189c
35fbd636-02fd-4724-9296-b6e081a60bbd,MC,d836f3c3-12dd-4574-8251-c531cee1cdb3
bb200e4f-c2bd-48aa-bcbb-95d13cc92193,VISA,4b185ca2-78d2-4028-baa6-b1da8870fc44
66d7143d-6598-48c5-9362-6897b6200a92,VISA,d964ca6f-5e75-4617-aeca-5dae980eba5f
a3ccf23c-4e51-4e2f-a736-3686eba9fcc0,AmEx,4cdd024d-b5ca-4d30-96bf-dde8fa86196d
62a6b8b7-647b-4784-982f-cafce4469280,VISA,a6a2ebb4-2304-4f14-a8ad-f688e8292317
04a99f74-5604-4f1b-8209-246419784cb6,PayPal,e45c557c-eb8a-4d29-964e-65dd27cd19c0
e0d1b93a-c98b-4126-a1ee-88b901d29d22,VISA,d2e4c18e-fbfb-4cc6-8e79-50cdee196854
96e7c76d-3422-472a-bc0f-bb98c0d94f61,MC,bcb99cc3-225a-4c7b-8c28-5b4b71e06a28
3c9a4742-a51d-48a5-8a5e-dccb360deb09,AmEx,65b01425-1d68-4e37-aa29-876254d00b60
d9755459-52f1-4dca-9269-1cc5834e09dc,MC,6efc3f47-4201-453d-991d-b12c08e94b61
d6e20d64-179f-4364-9b40-84796a9fc503,VISA,d85ff4de-08d5-42bb-99cf-1ad32f718177
4007ce78-31fc-427b-a91f-5292c5a9e6e2,VISA,86930504-86af-4aff-9cd8-865037035798
f43e30da-33f3-40aa-94fc-27a351ab4619,PayPal,a55f0176-0ae0-489f-9d18-639a3b5f5747
81db0720-1db4-4cb5-915b-bf26d80f43af,AmEx,88603df3-6d95-4016-a680-b74428f48c1e
95201032-b00c-49fc-a738-64be85b59697,VISA,cfad1829-af1f-4246-927a-308c6520f5d4
3fcfe78f-7758-4039-9ffd-8d80da3f112a,MC,186708bd-9aa5-4993-bb78-248de02bfe0c
a768a61b-9005-4cca-ab21-a448786fffc7,VISA,bf54f496-bf8e-459a-a317-f0e0c2f1513c
74cdd843-a698-46f5-bc34-8355feab062c,VISA,1b84a2f6-2dd6-45e8-9fcc-c1f1088dc767
a37954eb-de0d-4bd0-948b-56a81cc0aba0,VISA,6432c195-ef59-4d9c-9089-e713aecbf64f
2aa128df-c49b-425c-bf0a-f7eb25a747ad,MC,50d5c5af-0dd1-433f-b18a-51cf7f5f9edf
5a8c18b9-50ce-4724-b900-cc4101f15b2f,VISA,0d744581-155b-4819-9891-8e66e005c7d1
477b6652-b92f-4c75-afae-62dd807b81a0,MC,177da30b-5525-46e5-b747-0d4bfffb3bd1
3eaa44a0-ede8-47f5-a9bf-cc70b1b88c89,MC,6919a7a2-986f-4314-be28-eb91cdd99d12
a9435ad3-ccfc-4753-a891-ec2aef80fefc,MC,96a03d82-b414-44b0-b334-1b428a65ac25
cf7f4f1f-a5a3-4ceb-846f-c77b744c0aca,AmEx,f3a4b27f-b5ed-4b48-8e84-e467a2d5161a
b936ae08-68bf-4d07-903e-fc75540c3df4,VISA,7f4e8fe3-d149-4fe2-8e0d-01a559469165
835222e2-d488-49c6-a52c-18b0a6dcf2f2,PayPal,724ec257-4d74-4f0f-9bf9-1a1b487d617b
8b4e1a94-f7df-4d8b-b74a-cebc69d69bed,MC,88f06d58-0708-4705-97e5-05f5dd8a43ff
5a006703-68dd-4e55-926f-ff46dd494c38,MC,821bcb22-2448-46ab-b89a-514a0616c829
d45009f0-0124-4113-9240-4e9bc3bb2968,PayPal,6c967d5c-6100-45a7-99be-4837618be939
082d9558-bc3e-4816-ad6a-c14274c190d2,Discover,dac231a9-122d-40df-afa3-cf1c20b18478
b0d36d3d-e44f-4028-ab21-833f0ab4aaad,VISA,aab620d6-8ab6-4e23-ae2a-28d3ea3b36ae
accfb16e-14fd-4bce-9498-9ff95b4f902d,AmEx,8bb4863e-e766-45d8-a919-bc60ac30a181
36880933-c152-404a-bbec-5b691d277fbc,PayPal,b5342245-432c-41a3-96d5-24644f820eb5
f5a56974-c7da-41b4-84f0-b96311e56f25,Discover,ef5085c5-bef3-4fee-8054-7791bde1df16
12ca3534-c628-452a-9a88-4aef6ad89913,PayPal,67e73825-d024-47fa-970e-5e18f20d1913
8eafd386-a117-4ebb-be6e-a02963e881ba,VISA,3436a988-01e7-40cd-b08f-4f54f23e54aa
acb9c6d2-ae53-4ed1-b30b-ae59193ed8f4,VISA,7966ce75-68d6-44fd-b57b-5e6e193d8b2c
6742d414-d33c-41eb-8449-d22a01d13c32,MC,024105f4-88c0-43fc-9532-bacc438f08ee
91956bd4-2b5f-4e21-9acb-b41500f9a382,MC,cf9616d6-20d5-4ede-b27c-b7933070eeb8
e632586d-ea8e-4fd3-8427-c3325117920a,VISA,d311ea08-521f-4612-a163-ab32650cb806
205bd6fa-a518-4ee0-bea9-da3e6bef3709,Discover,a81db369-7ab5-472f-ad3d-fd43537b5ffc
2d449d58-1868-4fe0-9e46-3d1b4734ee27,PayPal,909ebd9b-fcb7-413d-8337-71937b79033c
986dbb39-2a8d-4ede-9a76-af1f24176ca7,Discover,1e257d69-9a14-4e16-ac56-028793f565ea
50e4f805-f1b9-4384-875c-2339be623edf,VISA,45aec886-b821-4266-9d6c-931d69e09a46
7f0f8050-2706-4ace-affd-112a355de9ae,PayPal,bd459afc-d65a-420d-a1fb-ca711379ddb4
a24ff9d2-754a-4026-9d6a-899f6e651d0e,VISA,386c724b-6a28-4468-9da0-a1b4daed7597
71258331-29ce-425c-a211-204b05c3070f,MC,3bb77b1f-d77f-4465-8c96-6d58647df25f
1b3b4054-fb50-4c99-9b89-a5522a298237,MC,a9652bb8-4895-40b1-bc2b-81da2599d59b
6d1a06c5-0834-4164-b3e8-d95a544a0148,Discover,0e2b5ec2-2d01-4daf-92b3-8c8fac173b8c
2c897550-89a5-4c48-a965-95ed5332f7e0,VISA,306f26a8-767b-496b-8f1f-46d3bbdd168c
b07095b3-9eb6-4fee-9108-8fa53a5763f4,Discover,9110faf6-86a7-4e2d-b424-96c0f42d1400
90a81b46-91ae-448c-bbcc-c3ca8522f073,MC,436a5f4e-f009-4815-89e2-ad470615571c
74228157-7eaf-4752-b2d2-48d7cc69c1f3,VISA,bd252381-cf92-478a-a699-e1db03c9e130
446ae10f-29d0-46c1-b606-6bf679b89b78,VISA,f2efca3d-1c6c-4dd0-bf53-9bb052ba89c7
65e1f8cf-2572-4934-aa5c-1f5ae924cd2c,MC,3ac9495b-2677-4912-b507-224473961fbb
91be184d-0bb7-4778-b03a-7c084ac416cf,Discover,1a918aca-e145-428e-a56a-bd5413c10736
ec724e9c-86df-407f-a664-2b38cc8ccdf7,MC,f019d360-3e5d-45ba-8cb3-22f45bd55042
9b91d5e6-8fb6-4a02-9774-0bf9b530a608,AmEx,488065ec-68ef-48a2-9fd3-76bd56403e56
82de9b31-bb4d-4643-a1bb-e4e3050c8fff,VISA,151bb7ef-c79d-40d4-9e62-b11a2ba24686
7e454a54-b1af-461e-98a6-3659f2a972e9,VISA,ce5dc401-dac8-4018-9a95-90cf30ffce35
c47a40e4-e561-492d-8bf5-cb5d6596325e,VISA,1c1d9bcf-1548-4018-b8aa-7ea15e561867
5ed5bca3-d9d7-437a-b841-69eebf60ba7e,VISA,c086e976-8211-42ca-b80f-3d31329cc073
3eaf0658-5b1b-433e-9d0e-0c0ac2819e72,MC,3097049b-664d-4a42-8f4e-c6ff02349b10
01266250-82b3-4e34-9ef1-16fc70cf7ccb,VISA,4f17df76-4da9-4776-8af9-56400a808e48
38aaae0c-e806-4086-bfad-c633329e7130,MC,fd41ef60-8dbd-4594-be05-10b8e87e2009
c481406e-446b-414a-92ca-53057bfa5d40,MC,e9a7c186-9ec3-40e9-9438-69b3e7c14911
3ddcdb86-0e5e-4191-ba4b-4f2fb886692c,MC,806ecf7e-dec6-4fdb-9727-9bbb3b6194aa
bee5590f-4748-4f13-8067-15bae3b70a7c,VISA,160635fe-b4d0-40c7-92d1-3986f819bf0b
e57959af-3de7-42c1-992c-8c7a47867112,MC,ec01f998-6d6a-433f-b34f-f0d63492ba1f
487f1115-cf84-4906-bce8-d1082c3f78dc,VISA,bfcc6d67-21d9-4dce-924e-a5686186e723
7172d72a-0293-4416-b8aa-8458997350e4,VISA,9439e213-894b-402e-b784-f65ac274321f
d0243069-1280-4f67-8e17-d3ae9eb0d9a1,PayPal,d3e6ba95-aab7-4a6c-aeca-193ed66fb39f
90a637f0-197a-41a5-bed1-0b3f74272f43,MC,10b5e8be-0383-4ab7-8d86-c7214f1bb51b
c79ea1ba-4d47-41f1-85ac-00f057500ced,VISA,e6c0f0f9-f44e-43df-8fcf-52851c72dda2
e9054b27-193a-4d10-9b00-e0ed2b158e82,MC,1eebbfa8-6adf-4d35-b2cf-b1c83d524d24
f6daf875-a628-4591-acbb-e2918a6401e3,AmEx,8b8e13d3-8b83-491b-80ed-e6a39756f028
0eb1f17f-c8a6-4aca-8832-6127c634efa6,VISA,47dfa8ed-42af-44fd-bb92-3736dd500932
edb62d15-f6b0-48ae-af46-d045c85e4ec0,MC,0b8589f1-54c8-4506-909c-6a0d1a205007
a8855a7c-90f1-4c79-b816-60f217ba6602,Discover,0be8cd73-d780-4b71-b433-2fd89f9f5115
b427c6da-9921-47a2-b80c-7298776de8d6,PayPal,abd5e112-fff2-4856-b528-338f1d22227c
4df077e4-34c4-4c86-b668-80cd7f81da14,VISA,14e91d4f-ff8f-4b0a-ad5f-4e4d111b2448
d9f43cc9-580d-4cc1-9767-084595c8b8fb,MC,93c335f7-3088-48e4-ae6c-46b328e69adb
e144b05b-7b5d-4889-bcdd-957ad09aa245,VISA,2eccd155-fd56-43b2-9d5c-6ecef668d760
38fcc2b3-a4e4-4ff4-9bf1-d8ae920e3fbc,Discover,acfcdf91-4efe-4486-a7d6-25df1e5d2b1f
9b5d6b35-77fa-4fc2-8a2e-412b70340444,MC,f26f5caf-2a07-42dc-8fd3-cf56cec51c89
bc23992b-df03-464b-a9f5-dff40648122f,VISA,98ed689c-d3f7-4c97-ad23-8e91b4841184
7b93ec44-872f-4ffb-949e-0bf58897b3fe,Discover,f16d7ce9-41a2-4689-b09a-8243ae13bed5
00e2992d-a6e1-4f0e-ab61-57bbc1893d61,VISA,c13d2396-9ff8-4797-a127-0925298e9e25
ed9c3062-3a4e-4778-9661-1a32ccfbb38b,PayPal,531db589-ee22-4020-96e5-80b021ced0b9
8ba21394-60c8-4f1a-b623-5cd2ef8aa5e7,MC,2faa6459-0dbd-4df1-af9d-4fc7412bc3d4
d26520da-08c9-4809-89b5-0063bc8244d9,MC,85f9d747-a97e-4977-874b-d8a67e97887e
28feb58f-9ffb-42b3-8f6f-55c5181bd4d0,AmEx,37e47a6a-e106-4092-a0f6-d01ccbcf0595
5a7a5515-dc18-4135-bef9-dcd126e809fc,VISA,1cfb352d-6122-4b42-a19e-202adf69bc5b
cd45ec59-0b3d-42c4-a7bd-4379398cca27,VISA,a7cfadce-9ea5-4d8b-8635-22e353276fe8
52822ee0-8366-467e-96e3-9e14bde80ec6,AmEx,54f22f1e-7548-4452-8396-eb886c120bda
44e608c6-602e-4291-b290-03c6298b1c63,MC,5af70b66-d52f-4a89-8d41-a48731a02fb4
f27643dc-ab32-45d6-b525-2dea03269391,VISA,2c372f64-2e7a-48fa-bd5e-41ea00f20340
0513945b-48ce-495a-8328-abc8a7e9efbc,VISA,acd495b1-2aaa-464b-b639-51aeb1cfcf70
ce0814a4-da1e-4f48-936d-5c29cf131a8b,AmEx,f3f77096-af7e-4f84-8e3e-cc96f9831d0c
f95725b8-18b6-42aa-8930-98f1c430e76f,PayPal,8dedf0c0-67b6-46a5-9eb6-b0381616dc32
9abd4676-8326-48a4-a40d-a2788b4c1e60,VISA,d0b7c2e4-f829-48c7-94dc-12fcf2f58a86
615f2908-9f7f-47bd-a6fa-b55b7e83bd5d,AmEx,48395254-d864-4c69-980d-214647d83a10
6735ded5-440d-44da-a2a1-8b0a36fb9468,AmEx,e1f7a68a-76f3-4b06-acdd-0fa6bf2b5f94
716591aa-0cb2-4a8c-8d66-00aa9766e533,MC,17800f1d-2428-464f-8790-e9176acfccc8
7cccde1b-1c5b-4cc8-a184-bf854111e4be,VISA,2faf2258-8a40-4538-96a0-b633c05f9039
f9828115-0c6d-46d3-9820-bb6d8de08923,PayPal,b7073c30-d367-4742-b4b8-39746cbd0dc2
25ac6304-3640-4e43-b936-a79ecb47abac,MC,5f870812-f227-4402-a492-2a6578e51a36
1e04600c-f587-4926-b64c-d0c674502be1,Discover,46724e96-0a07-440d-8ff6-760ed7195cca
82edccf5-f448-4d94-96f8-15837aff3fd1,AmEx,24dd50e4-abfe-461d-afa9-a93e5e11dd6f
47a1b6aa-b6f0-414f-8cf9-84d45597711e,Discover,ad97242b-717d-4364-93a3-145c5000170f
7dd454ec-d056-4c8f-bd64-f43c805aa68c,AmEx,9c4d6bb3-135c-48ce-9ed5-dad4829fc0d3
2d4eee6c-f404-44b0-ab61-85ba0850f520,MC,e2e699df-8266-4eeb-abbf-c58eddebcfb1
807b1b41-7f9d-4c1b-b248-f83b5d5f5f0c,Discover,bb33fee9-7b06-4e08-8c6b-233e4e03bee4
9a6c8e2b-f7f3-4854-a9b3-0adfa63d6d14,VISA,984fe2a4-d5f4-427c-b25d-a16e77453519
bc9f0366-8aae-43db-8583-1fd40b12a853,AmEx,7ebd8841-e465-480e-8642-3e8e7fa7d980
63af0ba0-1163-4097-b55d-83cbe4e10593,VISA,0dc6efc5-4ac1-46fb-a8ff-e49e9116f462
8e8c51fa-c4ae-40d8-8cab-ca971d11448a,MC,27a7762f-16f2-4413-9ea5-a7125040a6b0
7d0e1533-491a-4e90-b906-ad2319cdf1d1,AmEx,ee2d0ec1-3855-4f53-9100-b956ec8a7e09
aca10d20-96e9-4c9a-9ce6-c21b552a97f8,AmEx,39186d71-6a9d-40bc-a5b2-0d7db1d4b66f
83869ced-e808-4894-a72a-e81ad5f60201,VISA,19a898e7-8ac9-44f5-b9d7-6fca8f28bc3c
6a2b1ca1-aa57-4dfe-a676-6312fbe0cdb3,PayPal,1d52b31c-54a5-411b-9650-1261bfd44886
c428c03c-1e92-4d0b-8977-6b36d6ce9bde,MC,89cfcfb1-bcc2-4d3f-89b2-081d3fa980e4
3c208381-f823-469a-876b-728061fa553d,MC,468c3b35-d536-4416-b34a-9213ddd19f1a
794cfa64-7f4a-417e-a22e-3313b6912892,Discover,4848f372-dce4-4ec4-bce1-71aef7af796a
025d0b5b-ffa1-4c6c-b842-d0b04babd555,MC,444a1d04-4547-42cb-a153-245362c07c51
74ff3fc9-857f-451e-b5d6-f6cf04356196,VISA,398805c0-fd30-4e64-90e1-ebb1179c4b0e
3d5d1c50-fc57-4df9-aff1-eb9f28795e5a,MC,9b675e0b-0862-44fe-9f1a-8dcd5eeeb315
47b33f21-36fd-44aa-9096-6012ef5c9c86,Discover,793b4d21-5e02-46a8-866a-645dd89cb664
aa81a059-270b-4056-a57b-efae8516ac3b,VISA,ccf96702-6ff9-4cb6-8f6c-bfee37a43917
e2b76220-587c-4a29-9b75-d72871140d06,MC,f3a4762b-a6bd-4ec3-9079-7e6da9fe6ed4
a3e88498-f3c0-4242-ba95-9bf263f1f7ef,MC,3b0e397b-a858-4a2c-956b-5dabf5867c52
c3e9f6c3-3a70-4dcc-83e9-cc731b61644d,Discover,8d21ff19-9e66-4bc1-b1c4-2cdfb7501d74
ef04a3f1-d3de-41e7-995e-3a080d030e7b,VISA,fb75d44e-f0c7-4281-ae4f-4cf1cf60a81e
ae167169-5b5d-4994-b07b-c7aabfceb54a,VISA,dcbb1c90-65ce-4dac-a4f3-a7f63b2b1fa8
7f92eb5a-b7c6-42a5-b797-b2c45f9eb970,VISA,7cd75353-6c86-4cfc-873e-372e623e20c1
8281bc15-e0af-4e44-9db7-5971fa271530,Discover,6fb8210b-c70a-428a-9a33-27518556335c
75741de7-7f4d-4514-a1b3-4b5037de7ab6,MC,da9dcca6-fa96-4bf9-8840-b0292db5fa86
3d2ecfce-63ab-48be-927f-c393dfe4c1f5,PayPal,c7607b17-0a26-4f25-bb1c-53b689a43cfc
532d6c67-d5d5-4e2b-88fd-54dd3654dcc6,VISA,a21d6952-c510-4734-8257-db0505d4ff7b
8ae216d0-5279-44eb-8593-1e032d0e6492,VISA,84fb6e42-b016-4b42-bbd7-c3089c5aaa1b
032a817b-ba5e-44c7-acaa-b8bf7a5af49b,VISA,75ed431f-1034-458e-9b5a-c448fe8d4a5b
313be616-f39e-4303-a72f-f672c7704802,VISA,ad21b3f9-f36f-4a75-b109-b772392b60e9
fa4bffb0-cde6-4c21-b3d2-42a46e92aac8,MC,fde8fdef-488c-42bf-a3aa-bdb5b996d272
3cac8855-3ac5-40a2-a96f-6e7bd0ed828e,MC,c612f4c1-1cd9-4cd4-8fee-3c7eeabfaed1
850b4c8c-9108-4e7f-a873-173ea4d910aa,MC,06a58979-d681-4541-a31b-6b8bc7c6acd4
69b0d049-17a4-4c0f-9c13-4355bdb615c4,MC,709d85c0-c1a9-4bc7-94f3-e14fc6cf72fe
df79e3dc-3b65-4850-9fcc-720cea404c9d,VISA,e8ea7e9b-44d1-448b-be1d-f888a6520801
da666b26-3ef3-43f7-b374-1b2dedcdcae6,VISA,8d7ecee1-bcad-4912-97e6-77b7682e55dc
55a203b6-01d5-4a87-a91f-ec72f36384aa,VISA,b8eb34b8-fd3b-441e-bf4c-66a30ce2ebac
5b7b6201-8977-4eb6-80c0-ee9ef3cc66d3,VISA,ab320807-e8e3-4b88-819c-3ee3d9608e3d
ec3c4063-fa5c-4430-ae2e-7857626505b4,Discover,4b71d16b-7583-4bff-be67-1d2e12fa0caa
a53d0ab7-5b96-4366-9c72-5f9614d76d90,AmEx,f26ea703-b433-4c79-b827-f82dc49fa51d
2e98d1df-49df-4cf1-9329-f8a7214b9a1a,MC,b91dd40b-8bba-4c77-a6da-c7528d8b5805
ae2ad106-f0a5-4d3d-95df-20eb65682d3e,AmEx,dc4d45e5-bacb-4bb0-8313-b3aaea814cfc
5ca8a678-dfc1-4326-84b0-17fcffc6f447,VISA,e5f2cd3e-fbf8-429d-955f-543e2dec4d2d
b64b4711-509a-4236-b18d-3f7f8e1f4d4c,VISA,22180f6b-49ca-4c4b-b855-2d7dd8c7f02b
a58df2e9-1e6f-4311-b678-0d1f80cac7ea,PayPal,32d42f78-5bfd-4f32-b4ea-6156e9e2c5b0
2cbd8ff3-c3fb-48e3-951e-dd86b2e0bb51,VISA,7a11f21d-f960-4554-a92c-3bb047ff50b0
0395668a-c0db-4c11-ad8b-a73b2d57615b,MC,feea9d0c-c860-448a-87d1-e56938f6fca8
85e0c421-0f7a-4959-a138-3194e48b4195,AmEx,c4077b01-17fb-43e6-adfd-6131b38cae96
08f43d90-dee7-4815-8aff-523e0e680dce,VISA,c4b11a4e-90b5-415b-aa2f-03123c2a3fbe
bf6ac462-1c18-487b-ab76-db1205e961a5,AmEx,05be22e9-51a1-463d-92ed-0cc218b4cabc
1682745d-a836-4704-821e-8a974415eb03,AmEx,3c6f7fbc-971a-4488-b979-5431b01ddcfb
830ccb3b-a12c-4ed1-a01e-6b8d4b9f5061,VISA,7181707c-fe70-411e-aec5-f09dafae920d
f0e32b57-eadf-4d8b-8c81-9806db791aaf,MC,18dc0735-756b-4241-b616-be32c1d0564e
82f8180c-8f9b-4445-abd9-dff98d5ac1eb,MC,f47b7a80-d61e-4056-b8f0-60a7d5ec39b8
396376e0-8f47-4586-a0d9-f26fbca3cad6,MC,0b7fc7ac-09bf-41a7-b83f-fb2d6f64a1ba
005757d0-4c47-40c7-ae39-5099f271a4fc,MC,480c0427-1dd8-46a3-911d-32a0b54a3ec6
7ed723b4-4509-4695-84db-4ba2bcc2d42d,VISA,4f9135cf-c90e-43a7-8026-9f4cef66b898
7c48d89c-bc4a-4405-bc32-c3e5a4a2c6a6,VISA,8f7ffe81-1b91-4ce5-b538-80bcaa6e4f24
d994d526-1a7a-4a8b-bb68-444cba33d088,MC,c27dc8ed-60e1-4d83-aab6-82f36cc88e54
a729a2c6-aad8-4798-ac45-e7a03ce7d760,AmEx,5ac10425-4b98-4b2d-bd84-0d64cab9e296
ae01dfae-9ff3-4064-afdd-7f11ac87b80a,VISA,52bdf0b9-6ca8-4621-8112-9f72eb58f29f
edb7ff2f-fa25-4bcd-84ad-b2b5671fa0b3,VISA,c681325d-532e-4bf8-ab35-4dd023d33365
08d355cb-eb0a-4808-8379-690a570537b6,MC,ccec06eb-1e4f-4a46-be77-533174a57bc1
44ba01e2-614d-4e10-a183-0ed4824b11a8,VISA,c4684025-72c3-4be1-b2cd-25017c2c8833
f2bc9ba1-5f1d-4b7a-9bda-18ddae77711e,PayPal,164acf56-c6b2-42d0-a02c-85b2f87b2403
f6cc74e9-0550-46b5-8b5a-81725358904b,VISA,286e2dba-350e-4502-bbcb-b20a8fddf3d1
f96c769f-786c-496e-8495-473d6a0a8e28,PayPal,1c32298c-d84c-4bda-9fbd-3df784e769cd
7faac28b-5570-4236-a382-2260aa56f084,VISA,698bb50e-b71d-4f2f-8645-d5d4d25138b1
99531f2e-f3b0-4495-86e3-6ca9d5c34224,PayPal,fb40f768-b529-4e53-9873-2f82f3d987dd
ab01ceb2-63c2-4861-a944-8c912fd124a9,AmEx,74c772e5-6625-4a62-a9b9-24412b2360de
4e88f8a7-cf8c-483c-8f62-c23a61c697e7,VISA,f8096ce4-54e8-486a-bad9-6d2ce566d5f0
937da359-9f81-4559-8be4-b19206a8d3af,VISA,72c467b2-8293-465a-800f-9ff05ea7350e
d282c3f5-3a9e-46c8-b4e9-82e5610ac8b0,VISA,82a5e286-16d7-4f83-b1e2-4d99db73a468
2c21e1e3-7230-4df4-b080-83beb8ef1a54,AmEx,3a6761bc-ce33-4a36-a898-9bd15b68a5c3
ad90a79d-bd28-409a-8f5f-fb57d5d3ef4c,PayPal,c52b116b-50b4-4f77-874c-e405f97566ca
fae181ea-06f0-43fa-afec-1d9b61015764,MC,cb1dadf3-627a-4aeb-a4b2-776e44e8c909
c2c7bc3a-c3e6-44a3-898b-836a8d45fe57,VISA,db93ab40-6636-4313-b635-ace0492b7187
9a51e25c-251f-4f70-bd6c-0e9a362b1cbe,VISA,f3022e17-7116-4eb7-a965-a522138abcc6
89f267e1-535f-49bf-8fc4-f399ed5a8ace,VISA,3c553052-f8bc-434d-803a-bec14004cc98
9b7a6de8-0b58-4ccc-9cf2-f5ab4f7b8a0f,AmEx,e7e0d98b-84fd-4329-bff1-6d35614079c8
b1eb8105-0a9a-47bd-b93e-2a1062f4abea,Discover,ca1b7c47-9a1f-4458-991c-9402cf2eb8b4
89d6b719-b210-43a4-87c8-ae7bdc3e3b53,AmEx,5a2386d7-c9ed-4205-bc77-a03b59b4c964
0ffe22eb-84cf-4483-bc63-0a889945cf97,MC,7d309354-c0f1-4359-8083-68b52c176055
34642f7c-05aa-4da8-827b-976460fcd8ad,VISA,c1664304-c1d6-43ee-acba-d9bf30ccd7cb
9b748501-0201-41bc-a6fe-dac91dc09292,VISA,539f7d36-9e8b-4068-810c-c8504612943d
3ecb44d3-dbf8-486c-bd07-a1a96cdd2efe,AmEx,8f8962e7-a7a0-450d-9854-3a19409fe4c4
d9feb0cf-fff7-4e4a-a82b-818a7c5ce81f,VISA,09ad5d40-291d-47a0-8ebe-c48b2eddab27
f541db3e-2c43-4833-9533-1288bd9905e3,AmEx,0a3767b9-7e8c-4247-b388-2da411806253
d4bbafda-8dbb-4c94-bfb3-00bb313e8ef5,AmEx,c327fe31-ad00-40c6-bc74-4db60306646f
b56755ec-99f1-49b6-bca8-e1640ed8194a,MC,c985be5a-d9f4-4ce5-bcc4-dce828d8e96e
7e446806-5014-4be7-b274-32cbcb5fea41,VISA,5a30cd3c-bad2-4d4b-94ec-003e75ab1d83
be14a15c-bb74-4de7-9366-f94667e38ab0,VISA,8dc931bd-4cf9-40a4-90d7-6c0b9ad9bf66
92ce1570-b9d9-463c-853a-22351fc6ff4e,AmEx,3ec2aefa-26b4-405c-9ff5-6c4964a73873
8e079bb3-2629-4eb5-bdf8-2869c1dfc064,VISA,da31468b-e36b-4a15-a116-45283d3b05f8
bc6f5e11-0d3c-4b62-a838-09eba8d466fe,VISA,924ebe5e-a33c-4b3e-b965-928557866457
57843334-e3c9-4cc1-ac03-e8b89021765c,MC,e1426c87-6835-48f2-81bf-310bde9eb094
4dd563a1-b307-4bc7-b879-5e4cde89c819,AmEx,baedd181-1606-4b8a-b812-a961c1dbc899
63da8c53-bef6-40df-ba3b-25c1a98af595,AmEx,1467482c-e663-46ab-bd7c-7b02939d7165
5a3b1231-63ed-42af-bcf7-aff4d1f1d5c5,Discover,99423d0d-2ff2-4c93-8984-e2e09c7a07d5
2e63b16a-6936-4e3d-84d2-c355c1df0a9c,MC,c046873b-6914-4597-9fff-dd0fa31d9145
4d1b1f29-10db-4d89-8c71-f1077e4b0c05,VISA,2d6f8ea2-82f6-4c02-aaa4-0262da4dcd14
21332268-48d3-45cb-9f7f-7830f5f64bb8,VISA,5697ccba-f84b-4e37-8cc1-202aaf1e1c18
00ce9c32-e57b-49ca-95c9-9b7636e183d7,MC,f3c0fc46-8fe7-4024-baba-85f5540baec4
17e9b159-4eb5-4a8f-8d51-e0acd1dac2fb,MC,f641b106-6955-435a-ac41-e1d4057ffff7
e5807db3-4e03-45b4-a447-3cb9f3f7fc00,MC,dc43e6bc-f66e-4c68-9f9e-1c3dc20af960
0073b433-4674-4718-87b1-2fe20de82914,PayPal,dc76eb19-12c7-4a76-9708-f14a33159bb3
ea919659-5fcd-49ff-9852-d4839fdd5821,AmEx,89867b09-3116-43bd-b7a1-adecf5a3d6a7
5b5b2cee-7b55-4acd-b506-79fd3733feb6,MC,a66ae6c3-33aa-424a-8747-203112200094
240520d0-8114-4156-8f94-11b3b6a2fc0e,MC,7e64fbb1-e7a8-4afd-a569-e1875af634ba
f99426b4-3ef1-4096-ac42-eb0fbc2671fc,MC,e09a6c12-abe6-47c5-ac3a-7149014c5470
040bc23f-ec1b-489e-9839-855cea8e3112,AmEx,d6544e0b-b4bd-4ce7-b381-15689d12205c
a6f38012-b7b9-47db-933f-e1b45d9595d8,MC,cf634a83-373f-4993-a929-191d6c840ac3
8989cfae-a0ae-49d8-874e-562e4d29419a,PayPal,0dc88f2e-88da-4749-8cb0-b5d109b0e786
a36cac6c-a4b2-48d0-ad34-5d6ada9b9f53,VISA,dcba537e-9b9e-4d13-a990-4bbca52323a9
4f684b37-5ac2-4c89-b945-06856820e0d4,VISA,c03e6738-3531-4435-a60d-60c3a611a95a
3a3294f7-5b48-460e-bd76-7cb798be6b77,AmEx,8ae23aca-6c51-4f57-8ddc-3490b88df919
0ee86ce8-dfc7-4b90-94e1-7c1c47a25bba,VISA,d2d93dd0-df13-498d-a10a-cc229a5ca5c1
020934d8-4a65-40ff-9fed-5be069b2e70c,VISA,a97b4c9c-5ac3-416d-96df-7333f26cab09
dbaf5189-ee09-40e2-8b9a-7981328d0d8c,VISA,8dd3c767-0e1f-4ff3-96ce-c7a8f39b4772
13c3f245-408a-4602-8341-aae1e3b2f784,VISA,44b20c90-d549-4266-af7f-1bff9854a969
2376e738-a5ea-44c6-994c-bb23e6a74e15,MC,3a64b873-b1df-434d-90d9-3ebeb966c1c2
2265f615-ca26-4c23-8a37-58d3adfed2be,MC,c522d828-d468-4cf3-8f5c-33d82cb15e46
26bd9ee6-c0ec-47e6-be59-dd42302be7af,Discover,8086d96b-b6a4-4a42-b7da-170fe1bfc9b9
01473b8d-f3b6-4388-8e52-ee4362d0beec,VISA,ce0ec7a2-cb94-43cd-a6b8-535d9aa153e3
c38017d7-406e-4b7c-9066-900a0f081de3,MC,3d6b3b10-3db3-48fd-ae6c-fe0625800b95
ebf264cc-1174-4f26-b601-976e8178441f,MC,b87eab2a-5396-4bbf-9388-7193190c0cc1
2cd7964a-e57d-422f-a76a-bfe5b19efaed,AmEx,a0beb246-1027-44c5-9fb6-057b57756f88
1d42f198-7681-4765-a110-e16b8c705436,VISA,2e880969-fcaa-4463-8098-b30d033d7076
830f356a-40c2-43e8-9a2a-6c8b0abfbc6a,MC,947088e9-0444-4290-886b-97e46106860f
60c1b84f-6617-42ba-87cf-c83cb79f8525,VISA,8e71b37b-e341-4732-9268-ba730065f7fb
12177545-1008-4c75-a76c-2ca6c4423145,VISA,e6812a84-0a56-42b7-b5a1-76a06555fb77
a172eedf-709e-406c-9ff7-f87ec20398c7,AmEx,71415ea9-b0f0-474e-8f2f-77758e386f2c
87515f1b-5910-4881-bdb8-c3a5a7b807fc,VISA,11869c6e-defc-4b3d-bb31-2400b8742b89
6bf632a8-63c2-4e0b-9656-fc4b9d582753,Discover,34641b50-f7f1-429b-8ccc-d81087068981
5dce9bf0-8b67-4fc7-925f-02ce6566b43b,PayPal,27c553a2-75de-4475-ba18-a1a288ebcb6c
4f5ae73f-2ec1-41d1-ab85-b463a7d21de2,VISA,c9af0cee-c4da-45cd-a469-5433a1a992bc
3d1ffc07-3cae-4eff-bfe7-84ebb38323f9,MC,916ed475-9cde-4192-bc13-8ee0d12c8cc2
2e9b5f6f-4a56-4b3b-a6b3-0f74adef6fdd,MC,c0544054-a442-42c6-bac7-d3ca73a1a0ce
2e3b287a-76c9-48d0-9179-263d4df9d2c5,AmEx,cca0d016-4028-40ac-a622-17ff2adbb59b
eb5ab2d3-1918-4361-a5f2-9d289dda93fa,VISA,5f654111-7000-4468-8369-97cad7b0a48e
2741de39-6032-4140-930c-5a72733989f9,VISA,f2fcb1a3-da62-4ec2-8778-f3bad449fd63
70873f8d-2281-44bf-bd00-a281767d73fd,Discover,5c85dc43-7b3a-4b7c-9c4c-4d604bfa151a
05bcda0a-c5b2-487d-a336-2ce7484ad8df,VISA,92253ec1-7a4e-4ac2-87bb-f96ccecb8e26
a6ef80b3-be40-436e-8ca3-8dbceae501d4,VISA,91914fce-d723-449c-948c-bdd0e2f68614
811873b7-b2e9-43a3-aae9-41a8ad9c0962,VISA,632fc447-f602-4e30-bafc-9860f84951d1
dc5a3023-0178-4983-8bb3-46f8987c2613,AmEx,890fac11-58a3-403a-b1b1-742e52aee295
d7c830be-c41a-4bf1-9759-4240090fcbb5,VISA,99b098aa-3424-4aa0-88dd-e3a7702d132d
3d5cc454-6c76-43bc-a41f-b1c293f3cc30,Discover,978f7aa6-c282-44bf-b7c1-19fd2cc89c48
3a29d1f2-7f2f-40a3-a4c0-656148620b97,VISA,0b67eb78-ec48-4357-8408-4ef5dd124daa
676e269f-52dd-41e7-bbf6-a8705ddea37c,AmEx,0bf144f7-e1a3-44a0-8736-0a90c43208e7
fb5c40fb-16d3-455f-bc08-d11cbb9efeec,MC,c4c875ef-de1d-4edc-9605-6665615900d4
59f222fb-717f-450d-ba7a-333fb50f4a58,PayPal,08392c6c-3eb0-44c4-a334-d3cecab60ddf
783de9fa-e73f-4d55-bfb2-1226ec71a3c0,VISA,e46df7d3-374a-4d4d-b97b-9c32cdde1175
d9b20e58-0eca-40f0-847c-23e079bbc7c2,PayPal,db325ce3-0e3c-4b5b-a4e8-e3039466079c
3f5e63f9-0ae0-4255-b45d-464035cc0dad,MC,ee905881-b508-4c7c-ab7c-30fa5a32bf0a
08efdfc5-b66f-4095-a162-be1d17aebe34,Discover,3f7c99ce-1826-4acf-b7f0-af576ce3a11e
a83ff988-4ccc-499b-86d0-40f86e042881,MC,67bdf1ca-d423-4b8a-a2f7-a0d25e9b5729
61e40351-bd51-453f-9180-5c23cd7da169,VISA,ff8e1d0c-7887-418f-9e73-1fc4b6ea2e31
8641e993-efb3-402b-8106-8102f15db3da,VISA,fa2644bd-7787-4d4b-98e4-c7651e3abdcf
a2637cfe-9382-4484-b6a8-9b39a5af74de,VISA,0ed6508c-aea0-4215-a3d0-e1adb2b41b66
8ee0ae7d-23f4-4139-9d6b-dc5e3584fc50,PayPal,62380329-6807-4a3c-bbf1-cc765738c8d2
a309e7aa-9edc-42bc-b4cc-5fce47be9dad,VISA,8d28c758-d039-4b66-aa02-a89d83b1b446
4f63fd0d-21f4-4811-a5d0-77db0f2bcfc8,MC,6ef4aaf2-a439-4f0e-b6e6-e3832b6e2b43
fcb67470-2815-435a-bc57-e778c0ef631f,PayPal,5bd60088-a87b-427f-b312-e2074341eba1
64c93719-c290-43f5-8f75-959e1a1a18f3,MC,5ae6b98c-b9e3-4621-9e29-6854df6f29ad
a93a7dd1-2bd8-4869-9a8b-5b005446cfa0,PayPal,25134023-4d70-4e19-87d8-63c8cc2f60f4
3de231d1-f848-4cfe-80fb-f4e48d34ac50,VISA,5c57d02b-8ee9-44fb-85f1-f99719b1c94f
29573436-73bd-4046-92d0-1173656de09f,MC,119843b7-befd-4d6f-8338-cd63855f975b
2967fca2-0050-450a-b498-768a554d8ac2,MC,aeb194b4-8ddb-4a87-a788-ae92b755cf14
1631331c-5286-4b4b-a6e6-d413bf39ec22,VISA,a434cfda-a6ea-4522-bf73-3a1d191b9bfd
94937230-538f-4c18-a2bb-a324ebe1f37f,MC,f0c80fb1-8266-40b1-b7bd-e24265f93d51
57d458d4-b2ec-4f19-860e-da27cdec8811,VISA,8a9b9e00-6a29-486b-ab6b-7869c2593c7b
b7e4389b-6d8a-4b08-9bdf-e30a37f13c52,MC,b18893de-6329-4476-8538-cb70d34a9235
7483ca07-ceb1-41c9-9af3-4fd4432dc4fe,VISA,618a2473-f92a-4afc-93b3-233183712b4a
51bdb41c-7f13-4afb-9277-db23802d4605,MC,3810ab73-1fbd-4a9f-9407-4ef2f9592dce
3f7a7d4b-f6db-4948-b8a0-4c7ded2445fd,MC,7ef8e888-30c4-4476-b021-1064354409e1
97df31a2-a4d7-49e4-aeea-b30740cdf6c3,PayPal,12debe42-09e8-4526-8547-7fcb06c680ac
18cabfc9-2763-4a2f-b0b0-dbec6b655615,AmEx,f0d29ad5-59d4-484f-b4b7-3679ff849323
8a648039-6f19-470a-89d1-260a1a8023cd,MC,0b18cf00-016e-48af-9753-cc27a01f9856
bf5a3e61-896a-4d45-9d0c-a9e85cdc5899,VISA,9fb3825e-a201-4809-961f-e8aad3e9de80
541081b1-5b26-4569-8c3a-5a7ec6159264,MC,eea82d3d-5e68-4d2a-929b-41d28fccd99e
92f1ebbc-727e-4c78-8c83-e18936554722,VISA,d4e08d16-10eb-4aaf-8c09-76ad258b28f5
1a451b1d-b678-4188-a13e-ede25fe78c18,VISA,1de632ec-89b4-4c5c-ac52-0e150d64e7c9
bc5d5337-c3ef-4ad9-a897-07096f57fac9,PayPal,94c80c52-4972-4ed6-8b7b-a80a9c720b91
fbbffab3-4c67-425f-bf1b-3754a7abdf23,VISA,7ee49049-93e6-46d9-ae3d-203659b6844c
20bdb8fe-cf0b-4530-8b67-e4dcf70c2312,AmEx,d07382c1-b278-4eb6-899f-7405d9836e74
c6b36283-afbb-4ec6-ba9e-a190f478270d,Discover,fc4b37e2-4ddd-4c47-bc51-c506df7b4258
6962d5f9-9a9a-433e-b97b-0b9eaa3812dc,Discover,e3c56a91-4b37-4a10-9f74-33e8b3a8f5fc
e847e90b-798a-4ab4-b540-cf7ca0e2ea17,VISA,ce9bdc14-4328-4ca1-80b2-4351b2275793
1708d03f-0de0-48e8-86fa-6af73a6790d4,Discover,e2acced1-5de6-471f-82f8-00eca8288fa2
d2ecee11-445b-45f0-9393-43a7137bb2fc,VISA,e8f053f0-a8b3-4d0c-acf3-6765db7f32a4
559f2e15-d632-49ca-8dc5-e5f5883c3f8b,PayPal,4f80bc93-541b-4208-9346-7e2a0deb8212
432209a5-8d3f-4e01-92eb-77f97c524991,VISA,c5e1ff87-7377-4df1-ad17-688645a182ea
53ead53d-7a0f-42ee-96e8-2d5a95026277,VISA,2a5da4a5-10cf-4080-9a88-c750cdf703e2
e6ac878b-9e35-47f5-959c-59da9b9e4d4f,Discover,8bc7a22b-22cb-40c4-92e4-3fcdbb96b30f
a3b1497f-e08f-4c3d-8948-a940d0eadeb7,AmEx,01f70b67-9a8b-4a3e-8dfa-57b2f1623e21
a818f4b0-058f-434f-91e0-c690d527eb1e,VISA,d4f804cc-ffcf-46eb-b195-adc438b779c6
ca62f457-76cc-4540-a542-5b38ddc25675,PayPal,2fe8f894-3b82-4118-9250-578a33616a3f
be4eb916-835a-47b4-bc7d-b662f3d70344,Discover,ee62e156-2f35-41c7-9b99-ebd85258de5a
b8e08d73-83db-41e7-ab9e-b7c4aff08505,Discover,48490cc9-2f77-4ac4-aba1-333587a96dfd
70a012ec-89bd-470d-a762-4a764360bbd2,VISA,a26c8fed-398b-490d-ab23-076750895340
ab125df8-f5bd-4f3a-8c7a-c8475b3a664a,MC,b9542ddd-f125-4aad-8f98-888c3784c8c5
7ab74fb8-381a-4637-91a0-74c22cbf29fe,AmEx,dfe87888-2c40-4f49-999c-69a34e8a690b
ec09e315-eda6-4a86-a22a-94dd85944200,MC,d03c226c-ecb7-4690-ae6e-5b26e260e65b
2dcc0eef-8e5e-47a8-bfc7-86e6c2f1533c,AmEx,4a5d09fc-0f98-4b5d-abf8-e9455c05161c
4486f5e5-34da-4bd3-8deb-c68c9fbe1de2,MC,d128229e-47b1-458f-a23b-df25d9610658
382c94ae-50b3-419c-b16a-39488592436b,AmEx,a7311587-d81e-4721-829e-868aeb061abf
2d24ffb5-cd83-460f-b389-13e7e166a2bd,VISA,c42330c8-9694-4e28-9022-8d20552485e8
38798c54-f6a7-48fc-b470-4a559b032448,AmEx,516e3a23-043c-4e40-8059-eb1fb9a9cc22
03c5756c-c318-46d8-9e91-421af02cba16,MC,8dcbe8d6-2b02-4e81-8955-6dc596e11427
7725ffed-0d1f-444b-8955-e29631dfb225,AmEx,7e7705d7-d395-4b0a-860c-aee5d8e44ad1
72c60641-e98c-4f78-ba3b-465edb6b009f,MC,8437fad1-b0d3-4644-81f9-ed62ae634a6f
12c7ce85-5739-4e9a-890e-333b65ac3284,AmEx,5b871553-2311-42ae-a121-7c56d797a30d
da0ba536-c103-4c4e-b9c6-65e0eea23448,MC,30c3dea7-c3c5-45d8-950a-5575bb675db4
0d3d6fca-e0d8-4a70-bbef-c047f4fd3ec7,MC,33e44a9c-e8eb-4f77-b948-3983f5cd2d53
45ac1c37-92a8-4bdc-987c-28e142145143,VISA,761a4b14-9f5e-42bd-825d-e40def378e11
186d6225-b28a-4224-9f9b-7a3c73cc7982,VISA,89d3cf21-a79b-4fa4-86a0-4cbc3ac65cf3
c8a1905e-a44b-48a1-9d00-1b39121fdf27,MC,c4a7cf2d-8e3c-40ee-8409-20cf1e8b677e
9ed8f7c7-9ced-408d-94c4-df073165ad95,PayPal,82405032-b86f-4895-8e76-26cbee71527c
d9931413-bb8a-4a65-8f5d-c8a8353f9f77,VISA,c7662e10-c98d-4b61-9d2b-a5c72ef494c5
2cb37c92-a90f-48ba-bb6f-058a33d6bbb0,PayPal,23f3bf6b-3f8b-4156-8e63-7f73c2a0a8c4
de94b38c-2670-4753-ba79-728d3f3f83fc,VISA,81bd8886-6a2a-4255-975a-f92262f0494f
a07069a8-ef75-4e96-9b4b-a0d568ace146,VISA,b79002c7-e59a-4873-a77f-3a4f6d7c18db
d9906b12-05ff-4cbc-b48b-6c8382e501f0,VISA,9dc71d71-c553-40fc-919d-ebc42c6dfbb4
074f20b6-be31-44e9-b378-c1a7e41b0434,MC,49a5faaa-9ab0-4198-b095-02ec3e6e0393
f1d3c825-0738-4eaf-8344-fdd040378b27,AmEx,ec0b379e-39c7-49c1-9630-df3e2f80c993
6758f557-f185-49d9-b60c-2847ec24af71,PayPal,a86035ce-de83-4065-8ba4-ba031bdbe6ea
88dc9e37-0f48-444e-938a-c5b3af18e4b3,VISA,087cb406-506a-424f-94e8-64ae07b7e4ed
6a7d2cb3-eed9-432f-8287-4213011accf6,MC,1f2585f3-f4f8-4655-9b2e-fc4dcb3839c6
f5f2aebf-e809-4327-94e2-b1c06d8c9994,PayPal,a37b1313-20ef-4b2c-bbad-265ceea042ff
39147061-2019-48e3-92c1-c6c365fb89fa,MC,5cec2a69-1653-4792-b91c-7755135e3af1
16fd9e01-6447-4c86-ba18-456d14801bde,AmEx,c64a648f-f8d1-444c-8779-91420ba38b13
b3b20d13-eeb5-4f51-bc85-b8f08802dd3b,PayPal,daa1b146-01ee-4787-add9-f5f6a2c2992c
34bdff69-4535-4625-8db6-77c95f2d8adc,VISA,0e8380ce-c625-4ffb-8043-1293c4ff7109
9346ab3e-a2d6-4127-a309-b66306669959,MC,7263b8f1-2202-4444-8b3d-c3f5757f2699
05a3f499-0798-4623-a613-fdcf0810514c,AmEx,b9dc3219-2fa2-4c79-ac9d-daa70002ff51
26a78206-937a-4032-bad6-2f466cc1839d,VISA,821c3386-26f8-455c-bdb8-63a82b42262f
2b79a2df-4381-4e59-916a-51c04f9bc6eb,VISA,329fe5cf-658d-4046-86ed-93500d6b850a
77c6c0af-736b-4a37-8dfe-d54e000db6b3,VISA,f34a80bd-2a64-447b-a76e-58ca59072f5c
7bf8d837-c9be-40b6-84a1-10a86157c763,Discover,9cea3b90-2add-4810-962d-3798dc49ec58
84ba2179-793b-4765-8320-61c47d3ad743,Discover,bf58f99d-d8b5-4fee-add4-986958f930ec
fc4fde8c-b10b-46d3-a786-504c2b9087c3,MC,8fe1b69a-c08b-4972-82b8-2594c72b773d
6a920db4-497a-4be6-a652-f9695a658752,VISA,a3167fa7-49e5-46bb-8cf1-49995b00073f
7f2a87cb-c7aa-41d5-886d-af79b6960ae4,MC,17d6d002-c037-4739-926d-7eba29c6db08
e0b4e744-7983-4683-8ebe-fc9b804f50b3,VISA,7d70745a-4fa0-4c18-af4b-e8651ce3df00
1823d043-db20-473c-8efc-c9a053aa30b9,VISA,ea702a62-697b-4a51-9e55-fa28db4aa24d
bf3a4310-a3aa-424f-a432-6635580b3f3c,VISA,0e85d92c-ae3f-40d2-a2c7-018ec211c0ce
dc887950-43d0-4138-ab26-b1e3e1b0726a,VISA,673fb01e-6148-47ee-b3f6-08716891917f
b10669a0-a31d-4cd5-8c83-455e83755e3a,PayPal,a854e0fd-5947-4e2a-97ed-00ffe29b0c25
2283040b-061e-4ec8-adc6-998febe6b53a,MC,15ebe133-0df6-43eb-b144-bc5a2ee51302
598b5fda-9109-4094-93be-488e047ce8fb,AmEx,10088b0a-f0f9-4b44-b186-16d0c0997c63
33e65b7c-a55c-4810-b646-7b07add4a62b,PayPal,86083d25-e26f-4ac0-b8a8-fc7e6401fdc8
50a131de-f454-4afb-81a5-0381f9b4ff98,MC,83942fbc-266b-4981-a4a8-4562f27ee0f1
228a3f39-1fac-48de-a536-e660da3adfea,MC,9dd17949-ae51-4515-a7d6-4b8346423c5f
2b1f8c27-dcc6-49b9-8c7d-ac16ee431a70,MC,76497d52-5fdf-467c-a454-8d8694dda855
56f2bc4b-f627-4d0a-a815-5c60f8d601c0,VISA,24bfe5e8-471e-4ec4-ba0e-258c041d0995
80609cf1-9191-480c-80f8-100e4b52fc7b,VISA,32b43b00-9241-48db-a732-2b74ab8ecf8c
ed21e11d-34f1-4d0c-9ab2-f288c0d56d36,VISA,6a984831-f048-42e2-b70e-05c949a13957
0945c3d9-b91a-4e3b-938c-9d3613557bdb,VISA,29145d7b-618b-4e60-92df-a775980872d0
095f5741-3ad1-4903-81e9-9b729be78b40,MC,7758eb45-ec52-4002-b722-cde203516a15
7a7d5869-7ff3-4a82-b006-4396fc4088c5,VISA,eafaa848-fe27-44a7-9c46-78dddcf7f20b
d926da9d-b82d-4398-959f-470b528acf0c,PayPal,9113bdd4-b3ca-4f66-b6f0-5f6ea6e694c1
2a934105-9e52-449e-9ddc-cdda05f55061,MC,46976a77-ba54-4ed2-8303-78fd32a8151c
0010193a-4768-4e06-82bf-4465be788676,VISA,e6f111fe-cc2e-4f2b-b644-e46130b8bd55
81a3b610-3f7b-425e-b479-a155bdd0bf27,VISA,ea2d67f7-a4c9-4f5c-99d4-7e3fc07308eb
e22b3033-e939-4b2a-90c2-a31965f45158,VISA,728a66ef-3887-4313-880d-ce4b762bca9e
12bf3ee9-6b57-4c6b-8fad-216f148a047e,Discover,a90f1e1b-a77d-4d71-8aa7-10f32ed7f9a8
cd4e8eae-14e1-41e5-8d84-f291209d7398,VISA,b1ff289c-6748-40af-80d0-ff73579dc95a
55b277a4-0f05-4268-8f47-34ec56399900,MC,63f71c70-ecca-4ab3-80b0-6e0774187525
b6024817-5cec-426b-abfd-2fc4f467f466,AmEx,fb52b91c-05f7-4520-86ed-5e3001176c08
ad6bedcc-d5c4-409b-a6ca-4bdc8afd17f3,VISA,b6c21e79-036b-459c-a65d-de4bd0d42ed1
0c7792d4-1a97-4dc6-9148-c509dc7f413e,AmEx,efe70ea2-5619-42ef-a625-259276070de4
31e8887b-7257-4074-a252-3ba24f6a502e,AmEx,6af67716-3cc4-4e9f-bb38-72026c55f9a6
7db115bc-1bdd-410f-bca3-8401efa54be5,VISA,3b270d1d-e57c-4e11-969b-064e6d3b27d5
16f6a0cc-270d-403b-be06-bdd19c6ba81b,VISA,3c6211a3-be9d-4230-aa33-75a36c9d5e73
1231577a-365d-430a-b167-148978f55845,MC,b59ea83c-f13c-4c40-b092-80e4bf474d03
cea25c69-7342-40c8-bed9-b2770f443428,MC,3b446a6b-5d84-451a-ab2b-b7f52e7076c4
7cb626cb-e7d9-4cb4-a8a5-179bb7757d1b,PayPal,5ec73718-8903-4b3c-9e3e-7d09751f2faf
9fef3a26-cdca-469d-80b5-fef9abc7a1a7,VISA,00b9594c-7fed-46cf-b925-87e63428fbeb
52ac5a1d-9192-4ee2-8f09-76950d8e0a39,VISA,24efa37f-2a4e-44b8-8d3c-0074c396ae5d
3876226b-250d-4704-b100-0be168fffebd,Discover,39d110d0-a347-4aee-8f38-0169f31a2087
bea4f6d8-fce7-4ade-8547-aed353235fc4,MC,52af3089-747c-41b4-8c15-a9d3dcc3ec42
990d6cb3-b2e9-4f79-afe4-70d9d81a6fc8,AmEx,6f9690c5-2d65-417a-82a1-1f39d7c8d232
2cbc47b1-b10b-4260-8d57-7054be24f41c,VISA,6a1fe30a-759e-4a15-8270-58c4d4e80c63
9c4bf080-fdc2-44df-b4f3-0581aaed5767,VISA,07de88d8-f78a-454a-a6c8-5653e99ce6b9
202df6fb-bb8b-4a7e-9181-c7efd254fec3,VISA,cb1473ed-55a8-40f7-a7fe-b34e60b251f5
8e3ce1cd-5eaf-4b27-8d96-f2a69ef86f44,MC,4f4a0b8b-75ef-469d-a0ae-4694f63c4184
652c87e2-ec82-4b0c-8c07-130f61fb5a82,VISA,938c5065-8c72-4907-921d-aa3594c864ff
cfcc5f52-a358-4dd1-b0e3-0450ca9c3a04,MC,382d5f40-151d-473d-b38e-0ab7cb484884
6ec1ed73-70e6-4252-8e8a-200afdd7a815,VISA,d5409308-a750-4ffc-b9ce-cb6fda6dfb6f
1e8c0473-200b-46bb-a58b-7f53c7aa2b0b,Discover,ec22fc16-898c-4c60-95fa-37de92b3c5e4
7644f2e0-73b8-4b18-a7dd-ce870979456d,AmEx,7c5b85cd-6e9c-4e3b-8088-364ae3acd5b3
9cd6f5d9-bf95-4896-95a5-d22fb7f51620,PayPal,087fe302-34e4-41ee-a6f3-2d67ee2b97ef
a8599948-bea4-4262-b5a1-a93a5b21d51b,VISA,5e9b5650-76dd-40d7-80c3-f44b9fe740a6
4dbe3d89-2efe-4820-919a-0039359ded51,AmEx,ef2275d4-e851-497b-9c89-704f963f7117
12b2bc1e-7d90-42be-ac0d-f1c8a0a07f85,MC,37e01f87-7b79-47fc-b620-11128180ae4a
c4f64634-6f13-455d-a64b-bb6e77129f71,MC,7141a6f7-bd53-41e3-99fe-abbd3cd3549d
30088f93-f5a1-40db-b772-2a47b8d0e831,Discover,fabf5911-1e28-4fd7-9f0e-24c77bdd8fd0
f19a1696-ad1f-4d6e-a647-95cba1251e42,VISA,816202fd-1a88-4a21-9a64-64b65d942c37
8a4df8b3-405c-417b-925f-e8ff7a678399,MC,61f9bd57-00cb-4342-ae56-dea2478a00f7
ad4d61dc-c3a5-4119-bd0c-b32cf627db73,MC,d9471f0a-e45e-44ef-a401-cb16c14b919d
01b19a26-ddaf-47b6-b034-ab8c692fe9a3,VISA,ace88073-205e-43bc-9d6d-de20d2e7c05d
83144592-c4d4-446e-9942-edb3d45f04c4,Discover,152219ab-22ef-40e3-83eb-2cbaee7930b5
30892842-b86d-4c1a-b9d2-cab3c1196089,AmEx,54ae7830-91e8-4227-96ff-b3f49c91a8eb
a35a69c8-88a1-4f29-8925-441e422b509b,MC,cc550796-acc2-4507-bf0e-f9710e1aa930
1cddad4b-71a0-4617-885e-69c493931009,MC,bb33a467-9444-4abd-8083-10a7a9c12098
053620a3-be4a-446e-8a00-0a8475d7e155,VISA,f8dadbf7-afc1-4054-8334-88bc19949cf3
5c1ab519-ee8e-4b4d-a15b-f9503b25ae0c,MC,a2827acc-48af-4310-a054-36b6dc6b3c2b
b0477aae-0bb5-44a1-8dff-f192bc19e682,Discover,b24c6df7-faed-4083-b7d8-be4ae35dd0d3
e95e1ebb-3149-406a-9396-6e1f5ad3c6b2,AmEx,97331026-94d8-490a-8c43-629d01151f5e
a16a270a-370e-4ecf-b243-a7ab22ad09d9,MC,5ee4c116-b6d4-4fdc-9f9c-ee5e26f20562
d8c190b3-0c16-43f2-b448-f90777a25b7b,Discover,48ffbb91-71ec-4ab6-991d-0bf8f24b00f9
91f61a1e-d16a-45c3-9a35-298b2b0ad051,AmEx,61229147-950b-4e10-a372-6e003d4ffea5
a9e3c67d-0132-45e7-9a34-1fb4e35cc2aa,Discover,392253c6-b51b-49a5-aeb7-36f21dc7806f
9dac86e5-271b-4945-81bb-d8544bbeaee8,VISA,92b8381f-0ae1-4157-a663-6d145027b10e
333bff31-84e6-4eb1-9bf0-181494e3341d,VISA,c49c9df2-bada-4fd7-a0ff-8e38c42a5a97
bdb88710-12dd-411f-ae7d-603c3860aa1f,PayPal,3ab6d154-0789-455e-bf71-74f069ac31a4
591271f1-0138-4548-8f31-643870212cf2,MC,e93879a3-58dc-4314-9b48-e3a7921d2190
b99831a2-b6b5-48af-b2c2-a8cb9d52efd3,VISA,f09edfe9-1ba0-4bba-9cbf-346a6e35a533
633e9061-6016-46d6-b788-28a12bfa7dc1,PayPal,56913e61-1ba6-456b-a7f7-90ac56c79c31
9c7441d3-6572-47d7-824d-5c1a169f2884,MC,78533825-ddf6-4194-a16a-389e3e7288e6
4ab684d2-0526-44ec-9673-b50ff63a5890,MC,729ecb6d-8ffe-45c4-bbc9-7a49d7fb2a38
1fcdb82c-f8f9-4719-b1d2-6eea76324e47,VISA,df8623fc-59f8-4c85-ae63-0455ae279d3a
6deadcc9-0f60-4c90-a6a9-97977345352e,VISA,8b3fb65e-e69b-4ab1-b8c6-7c1ed0dc7886
1c305fcd-6416-4b0a-a88a-84a0749993a5,VISA,d72a7fad-7274-412b-b6e7-7dc676c4a261
dbd96120-bcf9-40a4-a351-c7cd9ae70fb3,VISA,d8835c28-34c7-4f4a-9747-402e226045f5
4214038e-36ec-4243-8857-c401a88c3455,MC,bbbabded-d51b-4998-88d6-d27712d128a9
89eab4b0-d45a-45fb-a815-b8d32c9c5a8a,VISA,3b734b54-e9ac-4377-9ccb-433b53c33300
1820d509-eafe-40be-8e0f-3a386c841b9f,Discover,9919ebab-98fa-457c-801f-fa0edaf513cf
de312b76-a1ee-495b-a96e-dbcc1a6c5bf1,MC,1873f07a-2170-4250-b6c8-b1ca7a5069ab
960a0484-7ee1-4b9c-9f9d-f71f002ca9d5,VISA,5de1bac4-199b-405a-896d-6a2fcb637d11
68ebc3e2-5f16-4c34-80aa-07e725da91b8,AmEx,beeaae75-7260-4902-9022-96a3fdb0145f
000471bd-f858-444d-8dcb-58d86d3a8640,PayPal,70e4f15c-ace2-4419-a6c5-9d66bf4d91b3
143ce132-5b02-45f1-aad8-55ef939bf035,MC,cf93220c-1285-4059-887e-fd0b4bc20cb9
461dca24-b039-4056-b5f2-181c8fa61654,AmEx,61fe9d54-f9d6-455d-972f-e6ad0b8e6213
d7ddf9cb-5905-4cb6-8a56-5e7d1c9e40d3,VISA,2523b869-ea1f-4cc3-8ce8-bde93aaca64f
fe263e89-5d41-44ce-9643-f62eb4786d19,MC,42d63b54-2233-42a9-a433-7c1af117adae
0ac0d0d5-6e72-4bc9-86b1-4fc42b5e9782,Discover,c54b829d-4f09-44ef-97c1-34e01089bb0d
9a6c3279-df17-4ce7-934e-2ea825e66cb8,VISA,bb0b1d60-6d22-4f78-981e-82d8b60b1b89
b0e2a43d-8177-4874-851f-d0e090798dba,AmEx,055e2816-88b4-4d27-a846-fff065da1327
e7a41f6d-f6ff-4195-b02e-7a90eea32ded,AmEx,db371dac-ed1a-486f-bd9d-044700b3d6aa
d8a80d54-81fd-4f6b-9f28-5048c1f07f3c,MC,30442d6a-c010-4c66-ba49-3e0cf16ead29
41086f11-d1d9-4e4a-b059-debb23661fc9,MC,f790f194-44af-4669-ace9-caa33b172739
dee23c7d-a00b-4c66-8d72-d10834a9477b,PayPal,8ea0f3d5-cccc-4501-916e-9cebe6f987e9
1356805e-3cdc-4fce-b2ca-b61f9f020bc8,AmEx,4485feaf-6102-49ce-876e-3cba457c7d97
0b63259c-ae19-4fd3-af2e-148828085e48,AmEx,0ea843c9-1381-4fce-aebc-4a715a1fe567
07662665-ddd3-4143-bd62-a69a50ead060,AmEx,3f56deca-aa1e-4a36-9fba-fddd77629457
a726f918-bbaf-4f00-ab42-521f8687da05,AmEx,904eadbc-8ee7-4243-83bf-4878fef62e8c
ee52de6f-e71a-4cad-a6d2-9bc4ee3e6df9,VISA,22b5ccea-5a4f-4b14-98cd-ac87644bbbfa
07d94d74-b7a7-4cad-b8ec-7ee8a53be462,VISA,c6242848-7afc-4739-ae1c-fe13027b58c3
be3de220-d752-4edb-8a78-439630e7bab6,VISA,bfe5bdb5-d0f0-4226-9a75-084d21b4a1bb
be14efe0-36ad-450b-9fff-28ceb68537e8,VISA,b7bcef38-90cd-402c-a04d-701c955d0255
80f24d08-b162-46af-82c2-147f1f37dc30,VISA,02bce91e-6551-42be-a2b7-6d882adb68a4
343e6aa7-78de-4dd3-bb40-46c97b826428,VISA,a41adb23-d3d8-4e39-9257-f804206d038a
56e35551-80ed-4f4d-963a-67575a9a0b8d,VISA,42d0f4dc-be13-4fb8-a8d6-8318e12197d0
592bca28-bb22-4c19-aafb-a2f775b53615,VISA,b4ae584e-612c-4551-b1c5-a350edfd627a
0c3d5a41-15f7-475a-ad06-719899a354bb,VISA,8615c0ae-59a6-4c69-9814-08cec5290289
10093c14-6b8e-46fd-9a96-ea23792247d5,PayPal,a577b117-dbfb-445d-b952-314eb435a67f
7840769b-e9c7-45b2-b33d-6212ac83a68a,Discover,9820e3b8-b742-4f58-9ef7-46ca5c9c57e4
89a49bc8-3662-4693-b696-bcb2f4040891,PayPal,41e7e1e0-444e-4602-8ef1-a0a38854701b
44d70f7e-7eaf-47c4-9d4d-27b391b35b37,VISA,f5838f88-0766-4e38-8111-596ae4995a70
ffae5f3d-9524-4dea-a8c4-54d92e2aedc5,VISA,b44bf25f-aa35-4593-ae31-9a7243c9b1f2
bc2b60a9-1344-44fe-bd19-f8201d7d8596,AmEx,104c4543-3e0e-403f-8edf-23a0e37eec3e
c3b2ef58-0030-4fc2-be98-06150ffd45d1,VISA,9a99c676-c53d-4b16-b6ab-f197a27c0a0d
eafbae12-9336-4187-a554-25b1927a3d65,AmEx,25336b03-35d4-45f2-b865-198191f5c7d6
4d37db32-2655-4874-a2f4-d225a0c71307,VISA,89d2cd4c-4ff2-4646-91ba-fbaff6947cc3
9761c644-0eb5-4f03-bd0d-f5de8f55be10,MC,f5efc39e-7d72-4135-ab3a-41c4680cb052
fdb92820-2b2a-4055-acad-4fb5dd8fb4b9,Discover,1b99a52f-6793-412e-bc57-0031092308a2
1dbd1526-ac5a-46ff-bcdb-589e9aea694c,AmEx,762e51b0-650e-4601-8e9e-d957847c0245
5e00b92c-704a-4c3d-a0cd-d251bd4c7cee,VISA,5b81c4e7-af33-461d-9bf3-c0a25ddadfab
a9621eba-a47e-4334-9c75-6a4b6ec7f04c,AmEx,b22722b3-3a9b-4c0e-ad9f-502f5af51ca6
44abd046-4015-4e07-ad00-1c27cd85d720,VISA,81cd0b80-983a-462b-b40d-4e691ece5f13
231809c7-77ff-4cc0-9480-2bd979cf01a4,VISA,b27b62c5-dcc8-48bc-a96b-dbff6e73a4dd
94934d46-7819-4fb9-b669-7b84733bffb9,AmEx,c0f21adf-f67f-453f-8921-48c1a978aa6c
3ab8ef08-70fc-4c75-b257-e3a2150920c4,PayPal,b4e478f1-6e2c-431e-a764-49db1faf7906
b222178e-2c6d-439d-8316-eaa921bfec32,VISA,2158f1a4-71e3-4dc6-bee2-ff8b50f70303
85ece495-5fe4-4a23-a7e5-78f5c5249c62,AmEx,d6056c9d-e968-4552-8dc9-1d1c48c29bf2
111b918e-4c40-4121-b73c-ef797676791d,PayPal,f000ae7e-2e60-467b-b21c-f2c2525e43ce
1eec3a80-3575-4316-bf89-882b7bd82e9e,VISA,25109c7d-5f25-4f75-a66d-26fe82b31540
9adebc67-e158-476e-9507-ff52bff47882,VISA,941beab4-d3d0-4793-9c6b-208563e4af92
1c95cff1-36df-4207-8b43-314056dd4c68,Discover,9788c492-7a5c-4be0-8427-49a14542794c
0d5443bf-867a-490f-97db-c2a4de8220c4,MC,001be01b-c895-48bf-94e5-73c3b6ed4fc3
096587b2-1883-4b70-ab58-d6af4662a00b,AmEx,fb608b9b-8f71-4195-92ba-6b99d5b6ddfd
0370802b-3a03-4219-8ca5-6d33dfa3085d,AmEx,ea18de59-3fdc-453f-949f-2b2a402f0443
2750f4f7-713c-4bc0-b1d6-0e23aba37eee,VISA,c6064981-620e-4321-a061-36c0ac239cdf
8240d404-7b0a-40b7-b1df-77261508b743,MC,5ff03dba-6160-41ee-bec6-7a682a82178a
ff7812e8-0bb3-4d58-b7d1-9124f27e6fe7,VISA,97414a08-beec-460b-8b12-1c9b054196b2
03bd10ba-fc2f-43a3-9a1c-7eadaffe246f,VISA,ead93dbb-3e62-4c62-8edd-3454ed35e699
cdb38d73-e6b2-4a34-8ec7-3ec7be3414d2,VISA,dde51542-ef2e-4a63-b4f6-bd84dc4fba42
f169e0c7-fe47-4d3e-90af-b683c5718df9,PayPal,208e9a74-a9dd-4c08-86ab-9ea31514fd65
10b6aab0-9687-4be5-a7ed-6595d6df8e42,Discover,d00f96ac-3e62-431d-8c80-011e6b52eaf6
eea6b66e-3814-4539-aca0-4e0ed43f49d7,AmEx,9ae4ba6d-5d7f-464a-b02a-89b03d30f364
b623b55d-d29a-49dd-9af6-6c70b2889a9f,VISA,8479639e-b4ca-458f-93ce-27fd2da1b849
7b4e47ef-61f2-440c-a0d8-bd93aa15af2d,AmEx,892cd566-bd1d-47d4-8622-822d95bc5bf0
91b0352c-2c3d-42be-947a-b3fdd1baf2e6,MC,2215bb11-f7aa-44b9-99b2-bdc5a40c0b5a
8baa285e-d81c-434f-a189-ed7178b4f9ae,AmEx,059351ce-221b-4367-be4b-a486ed5d8348
a9af0ddc-fe11-4ea4-b052-cd1809fca01c,MC,a357d51d-f602-4fc5-a47f-c516844789ef
a44e0bd3-888e-4c09-8715-bcc30755cb8d,AmEx,8f383ce3-28ff-4230-9751-69a88414af95
e1c73b1e-ecab-4509-b690-3e73a30efedf,AmEx,92d78680-fff9-4d06-b382-0e360c8199e5
7c95c154-fa38-4abb-8eb1-763ca7586b51,MC,85890ec7-8251-465c-a2d1-0e899010cabc
9a7e77d5-a426-4066-8c47-d7f2c9a358b9,AmEx,6721373f-cb9e-465e-b7d8-e301162bf03c
c7e5c659-1c32-4ac2-a35f-97d42a6df123,MC,0c97a0a2-7b19-40ea-bb2a-a39d5ef44eb3
9c34e690-4cec-4682-a17e-cc2b8b0a84da,VISA,7d3d897d-f285-4e37-9bd5-65dfd2cf98f4
d44d434a-919d-4f67-9dc5-b3e5112f8187,PayPal,06ef72e4-76aa-4429-afc3-b944b3b0848b
4425563a-88df-441a-aa6d-c9e9fc66eb37,MC,7d87c54f-aef8-4611-a967-087598220ec8
22f69c01-8349-469a-b688-5fe5bd204505,PayPal,8f2e7ded-ecc7-4b72-93c3-7f3e32e7428d
22d008f2-08f3-4db8-8017-fa6a5c0da544,VISA,50693327-7de2-4185-9800-ab69263650b5
0a6e666e-7c0c-4f7e-b38d-d14ddd1cba4e,MC,fb6bf438-2b0b-44fb-bea7-076b32e65738
c123271b-8d91-4480-bb4c-47268db1af01,MC,712835ad-cb1f-4479-896c-7f40a158b9a9
a4cd4aa1-7ca9-4d91-b69d-b22e8cbf6b76,VISA,d91b5367-2f58-4174-b28d-5e381caa2c95
2271f638-7db5-4688-aa0f-48676ace4945,VISA,aaf7ac84-b19e-4e41-a0fa-eceffc35b335
f0c80a13-e5ca-4412-ba70-356bfd6e6f68,VISA,2bc41a85-1121-4119-8bb9-737fd0f3cf4e
4a5d9848-1df8-41a6-a25d-6d7bf49cde3f,VISA,3e997536-c5e0-4403-97fa-5c0e4bbcb4a3
8ce03418-0cdc-461e-9e67-dd0fc3eb3f55,PayPal,edadc618-f280-494a-a3ce-e176ea2f8392
5184637b-8cdf-44b3-b92c-64feebe4f704,MC,30f979f9-10e0-4def-a87a-08959929c083
2f2a34f3-b708-44d2-9064-70208adcc03a,VISA,dd766636-cb77-4443-ae6a-65b12c243e83
48b23e3a-c25e-4caa-922f-bcb06f1254a5,VISA,0c33e366-5faa-46ea-92ca-f6f9c5cb9ab2
9fc1f44d-cc9a-4a3c-b7d4-e1ca22eab01f,Discover,59bda531-6d03-40ca-81b4-5b2b09c4cc1c
3b990695-a1d1-4f53-a93b-1eb904357573,MC,cfca56d1-e4f0-4977-b72b-ccdb9cfea85c
9da119c2-c06e-4022-9545-2c82b5da6df6,VISA,4439e86a-65c9-4d29-8701-e344db74ba18
fe9d9dd4-f25e-4716-895c-6c6ed2b67485,PayPal,478283ee-c9ee-4ef2-92b5-0fc1b00b0c27
4ace8735-467e-4120-8801-a5db3d7b0b60,VISA,a16da149-a9e6-4978-b5e9-f2ef761e61f0
d011f9e9-ffac-40dd-9733-7e9b2d5d90c6,MC,fe5f6897-a9dc-4f73-9280-bf3e51dd3379
a53ef30a-b3d9-401c-9299-1dd6168e2ac9,MC,1fd7acc4-4f3e-4de1-b39b-ec318fae9ec7
b664aca8-6388-46d0-988d-5fe8589ad974,PayPal,0e93d97a-87fe-4ab3-a6b0-9fe03279e2ca
d1554346-7641-4d93-82a3-24ecbba0faa9,MC,a8f6fbc4-4d5f-4521-8033-0434d6d63b91
1aa7d852-1270-4bdc-b882-afdfe4ce9828,VISA,88ba79f1-0aa8-4177-8d83-446102898374
4f9eb9cf-535c-433c-a4e4-1b974609ed47,VISA,60279bfc-babe-4553-b864-8730e1613954
aeb91280-0238-48b8-b5b1-50328f5e0ae8,MC,6387773a-2614-41f9-b14d-66f7cdfa6a6d
5ce59eba-bf64-43e7-af66-ce78ed2d1dfb,MC,3b660bf2-e531-4d9a-91d5-190e6903fc22
89bea9aa-1fed-41ad-81f1-a1065b8a65eb,AmEx,93ffd236-5ea7-4aca-b11b-5e312f114ae6
0cd8ba07-24b9-4fd8-ba77-6d684b64cf73,MC,ca9d87be-eb16-4342-99e3-247fb55bfed0
a5f8d465-7232-433f-8fee-5e9fce7c9fdb,MC,f9940853-57dc-4a31-97d5-918c5d43b964
ca51dbe8-0995-49c0-9153-f059e3390e7a,VISA,2b19c52c-b1e5-4f49-b97e-028e67641894
d413a133-f492-4ec0-a95a-32e1ef929bf8,AmEx,f59293a9-0cd1-4d2e-9bb1-3be4b340a483
6419d4ee-875f-4364-ba0a-b66f325f04a3,Discover,c5c8502c-ddf7-432f-bf39-b5726e2066a3
63a39792-0c04-49f8-a10d-bfeb7890dbe8,MC,696c6861-415d-4065-8099-8801e0e3dc4f
b91b743d-9c1b-4bc9-a4ff-a583f8b94755,VISA,2bb9bb5a-9ba6-4137-88d4-cb1ca0a7d7b8
06f36170-6ad8-4b60-a59a-5ee131e45864,VISA,969eb6be-ef0b-4cab-8279-e9492ddf2214
31e4aece-4f01-4acf-9b02-b181afafb724,VISA,b9e2ebb9-8705-4b05-b648-068f25f46052
7781d9dd-66ff-431d-8575-9ea39f116131,Discover,e0d6a370-3db7-47aa-9d65-c26f03d73083
36fc537b-4f22-44d8-9daf-277e9f6a99e1,VISA,9fdad966-2841-4e93-9f6b-c5466602acc2
41d6781f-ba58-43b6-b754-b4c86d2d1903,MC,2e8bbd2c-211a-4455-ae95-b89d66c948af
8d7eeb9c-b0ae-4d3a-ba2e-c75085576e13,VISA,656c4932-e661-435d-88a4-b2834238bb09
20fa8f32-4d7a-4920-8b45-6d404a08b61f,PayPal,6abfddc9-b4d3-4f41-b198-9a28c685ed52
4ff9fd27-5f9d-44c9-b62b-74ed0e3ab314,Discover,bd128318-2b93-4999-ab5e-5f09bba23808
7ca53881-b006-468d-861e-5634ca802887,VISA,dcefe9d9-9de6-46d0-86d5-3caa4130b482
689c01d5-0d26-4ab2-ad72-f9b30618a678,VISA,befb995a-8269-4219-b2ab-408c55a405f3
73130ad8-e1fb-4f38-bc33-d2d80f364ea2,PayPal,c1153c26-8201-4495-ae4e-72a254a1241a
af788e3e-e116-4112-8881-d21b3157da1c,AmEx,32a952da-1008-40f1-8173-99bd338aef00
94820f8c-c926-4308-93fa-11e0623f622c,MC,d349fb80-d3cf-415e-843a-7173d79b308a
742e3a22-ee62-462b-9c76-984939b8557d,MC,daf31dcd-c03b-4aa1-aab1-8c527bea258a
f79e10f4-51d2-4fc5-a2dd-a8f553eb0a8c,AmEx,a4188575-93f1-4ece-b774-83ff662c58ae
35927796-47bd-4c2b-a823-fc0cc115f6ba,MC,ab9dc9e9-a1bd-484d-bb9c-7c45e3b5764a
2f6ee290-1b19-47df-b388-f5ce12ed9890,MC,2b77b45f-a8cb-45b1-a25b-80b514ccfee3
35c502a9-d3bb-470c-aa38-338a695cadb6,VISA,076de37f-23cc-4957-80b0-6976f87c1289
ea7d0484-7aba-4c44-a205-110cf6139609,AmEx,936dacf5-8827-4b04-bb3c-e84e0f796947
4621dccd-7041-4d6c-9961-437b4918fefd,MC,4ab818d5-7d7e-47af-87ae-3185d099a392
90447e91-e26e-463b-b36a-f80b488438a9,MC,bdf6cf2a-9cbf-4066-b376-21625392c925
0e914690-2168-4485-a428-54e547c3b828,MC,3683ff3f-b8c1-4361-8521-c07265c2010e
0b83e7c4-f1f1-4f0b-8e19-5ec7db9aa1dc,VISA,f0ca3a2a-0f1c-4781-98b9-ae5d4f63b4b9
95d11285-ddf5-4380-b498-d93f8e223813,VISA,2bd6dcae-4a9a-4335-8bf3-004dfeb6a826
6cf16a09-df20-4bea-9aad-5c1a993731de,AmEx,0f72a1e7-0546-4721-8a2f-f89a703d10f8
7569fb6c-4f6f-4ee5-8a99-3c44dca76833,VISA,e2277bdf-ae03-442a-bbc9-5b65c46771f6
9c0f3fcc-b11f-4792-8c48-301dfdd1d2e7,VISA,972f622a-e23f-43da-8153-a555fbd12f1b
468bdb06-498e-42db-bc7d-21fffd35ae6e,AmEx,b4254b82-8a27-472e-9173-529510e4568f
61441206-8c3d-4015-930c-3faadb92f9e8,AmEx,13f5828f-63c0-4b28-95b2-e3192a55e6c4
0efd553c-8108-4b46-9398-6cc5cddaf3d9,VISA,553f6dc7-ccdc-4f4d-8698-e0f0d3abbbc3
64c42235-175d-4e68-af00-b20580a3d6e2,Discover,66afc0a5-9fe6-4471-9421-1f9edf9ff2df
660501c9-e7f4-4d69-a89f-de6ab02216c8,AmEx,783431f4-f477-435c-8098-4fa4d77efac1
653ab248-8ac5-4967-bbeb-8e4caf4442ad,MC,bcfd4b6c-8d07-4cb9-a3e4-829f1d83db1e
34c4fffe-a544-4782-810d-2d1ae200a448,AmEx,3f5ba710-0c81-4fbd-91ab-03516381b371
c2abf420-6f24-4f2c-879a-c56710d7fbd6,Discover,7100f3ea-a418-4324-94c1-0e6874c7a7e7
3482e3d3-4675-4e02-a495-724e0897a812,AmEx,c9294cae-bf84-4ab1-aef9-db117ee10cc0
07b1151a-a2f4-457c-9052-8f710b81eb5e,VISA,8d4c8fd1-a25e-48b0-a054-4a8d59571f38
59b87999-af7f-4f4b-8393-428f05e9bf09,PayPal,4b8ae1c7-8c20-42de-91d9-4d81e492f30b
fbe83016-7c43-44a3-ae52-d8a374318d25,AmEx,ce888097-59e0-471e-ba9f-32edf71524f5
e940af3a-3da5-4bef-a558-c41cc150bea3,AmEx,8959aaaa-0889-455b-9726-03f9b89dbee1
61fefa9f-88d8-46e7-b0ab-c630d41136e7,Discover,f050e3d3-97cd-45cd-9036-f3d5d99983a9
3d2ffcc1-ce1d-40e0-848f-7763def9acdc,MC,e5f2c054-661b-4c50-be9f-d41f7933edda
2e513209-6622-4554-b2ce-266d3ffdd2e5,VISA,1b08e5a9-d3a8-4371-a8e5-94de87113012
a27f305d-d8de-41c0-a139-3f483065505d,AmEx,2ac2d33b-206d-433b-a635-83430145ed53
a16a027a-0d36-4d2e-9cba-324cdc0e2424,VISA,dc5daa3b-885e-41a6-b9ab-4abbc3010e67
940fa120-2d22-4a8e-85d0-3ca360cd3e4d,MC,a6af77bc-055e-4464-8517-427eb9103467
a36207e5-d9b0-4c18-9307-caf797c943f8,MC,a4ab85c6-c88f-4a1e-9288-3c190bdd9d7d
e5f145dd-4885-4c3c-8d88-ab2e68102d9e,MC,992e2cd4-0ee9-4e57-91d6-90993732e38b
d0066f25-429f-4652-8481-a8d73f3856d0,AmEx,c4cd8461-61aa-44b0-86d8-cccc40173754
900b9d74-ba95-4259-85f2-5468b9045291,VISA,c85a5bc4-e586-4d20-965f-b18dcc73be12
e4b4d971-3d3c-4b21-b56f-05f4a49966b1,VISA,0b4e0f17-1bfc-4f1a-a6a7-c9d73a47b40d
bd4fd65d-fc12-4fff-b516-ebd3676cf015,VISA,eacaefdf-814c-4214-a737-7fb630b22f27
4381baef-739a-4a20-a376-bcf7d0f68f97,MC,edaeda75-96b3-4e4f-8233-df71e1409b5f
4090d904-5b53-4b29-ac9d-97ec74d4ca49,VISA,682ac1aa-2d64-416a-852c-8b3d00138774
09cc9384-42ea-4c7d-a8ec-043db580b563,VISA,e2ec1465-750f-45c2-9036-61f216ef6bbc
81ff19a2-b91f-4a93-b512-3a10fba710aa,VISA,ed6d33ad-df37-4113-b38c-d659e866a98a
05b53fb3-f8a9-442a-ad1c-4714ae04aa5d,VISA,831a54bb-1e19-48a4-8153-84d9de741240
8f7ab485-109a-4f73-9312-b30fd2ed89a9,Discover,6a063adb-8bab-40b7-97a7-77910e39b648
9dc72295-2339-4f37-a4df-7241c5d273e1,VISA,c2dbcf7d-1144-4dd9-be1e-f24e694899d2
8da9690e-79c9-4b9b-aa0d-c901f74dc0eb,Discover,8b664b31-e229-45a6-96a9-aad9c84a23a5
1fbf1eb4-26c7-41ae-992b-fe7c4d8f4f83,VISA,b0820da6-cb40-4d0b-aaae-cc2cb9125365
2321fbba-8461-4f72-b5ce-592ff4c557e9,VISA,8a2c1013-4c3d-4c41-87b8-160dda06ed9d
990a99ed-0552-4586-bd35-68177d5a10d0,PayPal,fe4b407f-695c-44ad-9688-58ac5c15bde2
c8208b4b-5098-4fb7-bc10-d0b5cf0f83f3,MC,1b9e2380-ac3a-45bb-8196-f08d222e1387
276d1de7-1ec7-4dca-a9e1-821d20482cbb,MC,89202025-afe2-4669-a45c-3bf868def950
961591d1-98be-4a4f-b2da-cef305ca42b8,VISA,7f7d4ce9-1946-4cc8-8003-035208103849
a908d942-f474-4bd2-82cd-4a8bec70ff43,MC,4351a4c2-3f4e-4f88-acf8-c43c909fd467
7d643621-4573-4967-8d8c-548a708efffc,VISA,1f756dbb-d20c-480e-8a15-3542e5c9eb5e
001e35c8-8749-4163-9d0f-553d93dbd06a,MC,bc35fa62-9ac1-4905-bec8-aaad8be7db32
e39dede6-fabd-4c8e-bcc0-49b35cc7c45c,VISA,3d5779a2-14a4-480a-b58e-a5b06d0202d5
d2202736-0596-4af7-aad6-f40e7a46c4f3,PayPal,403edf10-67ba-4ffd-8010-7428eb4057b6
c6ecd44c-5391-44f0-9ea7-b416e8a5724e,PayPal,0c9446d4-46bc-43a7-938a-79fac040333e
b8d19229-39a3-4977-a7f4-2071a502c148,VISA,8f1cb998-73e4-45ba-a9d8-c4d6b04d6909
949f1663-3ce1-444b-8483-c15a10988060,VISA,4e1be6c3-216a-4574-98b8-9abf06834b10
a01ddb9f-5071-4d47-ad31-3fd220da2803,VISA,cbfc258f-88c4-4523-90c4-dffdfa570ac1
84023b3a-35c4-40af-8c1c-cbbd69f346d8,VISA,fbbb3c71-9d7a-40f4-96d6-90f490a97186
67878702-c2ba-4209-9a57-f97a57b8b75c,VISA,26194b6f-81b0-4a00-aef3-63c87cd25ca1
42561c88-ca9b-40aa-835e-ded272788336,VISA,dd027efd-279d-4a42-87a1-d84214d980d1
e1a7982f-c42f-47da-afc3-178aac270bcb,MC,0b335bc1-70f6-4cef-a5bd-63d01a0aeb59
b0288f22-b97b-476b-ba56-22099985efd4,VISA,e6e16f2c-3bbb-4c1d-9c00-7c4edcd44d72
d5a6a278-0e6c-4d77-ad45-d67e802405ef,VISA,9c55e26d-5c9e-4a38-83e5-0a4081ea60e3
e0c49e00-7400-4bc1-bfcb-3647cc202e6a,MC,32f77170-ef6d-4c4d-b071-04cbf459d593
f03c6641-a8ef-4c93-842e-7c3f55c95465,VISA,2c213118-2b82-48d6-a32b-3de8660bacf8
62050f1f-28b5-495d-850c-0eb3d86d8e82,PayPal,cbd7d280-e598-46cd-80f3-6a0172a1b1a7
7aee14c3-3d4f-43b9-94b5-d96867176fb5,AmEx,01b3d587-18c6-4d02-b03a-23dbd7fe1af3
baa75ded-9076-42c3-a7e7-73ae8d0e3198,VISA,b56e53d8-41b2-4d35-a362-83eee67be474
1e3ddc42-47aa-4642-a35d-94247c899d5f,AmEx,22bafd70-685b-43dc-a712-56629e362d94
d6fc72eb-a572-440b-b61c-df50e8bfae70,MC,692fcbfc-c5b4-49ea-bc25-b3b4c3cd7f4b
174c24e6-f81b-49b8-8f91-911ae0c5be86,MC,135e3b78-f160-413e-a328-24dac2d7b276
29122d35-4536-4550-a2df-b0d6c4751dba,PayPal,8506e0e9-68bb-4806-8a29-b39005641775
3c3676d3-1e58-4f34-b0e9-7354782ffa32,AmEx,e1e88388-dd95-4f20-8686-644cf3eed55b
98d98273-9c28-46bd-a9db-cdb0193abc5a,VISA,6f15fc36-0c23-4563-a6cd-c18d8f802793
ce6752f8-7c47-465f-a2d0-3140b6c71758,Discover,f5be7e23-798e-485c-8b8e-ca6f7b7a2eac
d7757dcb-eb4c-4844-b510-2ff5a4eb4fd8,PayPal,7634d305-436a-4a3b-9372-8c542d8edd52
cbe1d5f5-d7c4-451d-a455-5f465366567a,MC,dff140f7-4551-4886-b33f-f9b54000796f
1dddf831-2e73-468c-94be-82370568b3a4,Discover,4d512b11-53a8-456a-abff-a9d684acd95b
4c17d82c-71a7-4be2-af6c-4e9801c78fea,VISA,aad3fb7e-3302-4df4-82cc-b1d071c1ca35
3cbf6e16-7452-47cd-babe-38cece806171,MC,f2e4e99a-882e-4d25-a202-2bccd743a3d7
aaf160b0-10dc-4ac0-9d25-479c79ef79b0,Discover,0a0ae7d9-da33-45bf-8303-aa06fbd1a833
0bcf55f3-581f-44e1-bdbe-ea0995f15c10,AmEx,66d6a7eb-4a1e-4c82-bd77-23897fc5b7cf
d54bf5b8-8662-4019-9d24-604e07d08f6f,MC,43c3b504-bbae-4983-bbbb-08edc6f703b6
800b0379-c1b9-42a6-87b7-a1de4b00260e,VISA,705bf056-4c6c-4d14-a4f2-2490d567e2a2
fdeb15de-e75e-48e5-af0f-997a05a9ab78,PayPal,a58d2ee7-8d47-4a21-a26d-a9a091e87b27
b12a6079-2f71-4652-8ac7-e16050a6511b,AmEx,8b9b9c1a-556c-4144-8c39-c45eff51a425
a7122a9d-a00f-4bdb-82b5-6467b26b93d4,VISA,741852ac-b75c-4eb5-ab37-c2963d31d7d9
665596f1-cf82-4095-a271-40943f52ae8a,VISA,672c4f1c-a063-4384-a793-8d6d977257f8
0c738c9c-0073-4bd7-898d-902b9491a805,VISA,95cb9741-c323-46b7-961d-5f3432e110ad
5009f1d0-1b5e-4a4e-b77a-af876e6e565c,AmEx,5158862a-5f54-4c0b-93b0-8546514d284b
b21b8455-0585-48c0-82cb-ad7d465bb368,AmEx,2db7a6ff-875a-4231-8373-37623d1af614
491e40f3-c43d-4e61-a8b0-e9a4e49819af,PayPal,e2030831-6914-4278-875d-6d35939414f0
2f9a75ee-ae17-478b-8f11-25a8881bb59d,MC,39c8832b-9215-4579-a9e3-40c2b2c2e037
d19be506-a092-4c4c-9d83-58a7b2825aa6,MC,7777a9d4-4bfc-4228-9834-885f458cf2dc
117ac923-8c48-402b-86e4-a78a06687102,VISA,695c0b78-4181-4cd6-a2c3-f0b798fa58a1
001afa17-2efd-4fa0-964d-731348d752a9,Discover,961aac2b-d93f-4250-a8bd-34b3a0c2a1c9
f2215515-7a0f-4d16-af91-61da08eda56e,Discover,5b26f1eb-1f06-482e-bfa1-73c225487b10
cc5140d8-46ae-4040-ba2e-010db8ea2cf4,Discover,40551573-4917-42c3-82ea-81337c7060e9
e35d1599-ef7d-4613-8715-3f13997d5607,MC,61c46561-1bf6-47e9-8b24-ab04b3cb4fb7
2e403bc7-0869-434c-81bd-3a8307282d22,VISA,cc5b3f7f-4d13-4dee-bb7e-b449bc27b08a
d69dd587-1ea0-4f7a-95a2-4631610b98c8,AmEx,3aaab573-85b4-4707-9f14-568ddde6560f
5ef8cfaf-e16b-4256-b0d0-da6f5319c364,Discover,f6ec3a4b-b246-49e4-a9c4-941d86469eba
93a03f14-6f72-4ec0-b803-be1bd7dc88e3,Discover,75aa1a58-e2b1-46c8-a8d3-9b92ec1bb974
ed25711d-390b-491e-a3bc-cc820850776d,VISA,b208528c-89dd-400d-94e5-c445d45f8708
5bc346be-12a7-480c-b5df-7b4e2635637f,MC,c8597126-9fcb-4ac3-bac8-20ef696772c6
09730bd0-b2bd-4be0-bf3f-606aea979a07,VISA,41430898-8572-4807-a75b-7d5357e62581
f951d567-5b05-42f3-a979-bb975da29ed1,MC,a94ca523-7f8c-4cda-b00b-05bc71d65362
d29cd371-8334-4f89-b971-07063dc451cc,VISA,b49cb2f2-e5e7-4b5a-a207-b9622a449b84
1da41eb5-2029-4466-a5ee-1d1a7fababf3,AmEx,8f0b0ce4-940f-4380-b133-e3d1adff62b7
da216e35-46cd-47f0-8ab5-55dbbdacd5b9,VISA,f97c4b38-1b89-4881-9e1c-077439b2a033
4fc44871-3cb8-4931-bbed-248fecf7eb4c,MC,8846f569-f0cf-4d07-b251-3b124f038697
67a9f885-924c-48a7-8e70-403123e54e2d,VISA,b2a3c3d1-60c8-4a8d-b7ad-b89b5348d6e6
e77afd0e-52c9-45ad-8f6b-8ae1d0f836e6,MC,1c1961c4-c579-4add-911b-e83a52c9e704
450507f5-a927-4293-bfe4-d1d4c0ddb400,AmEx,e9d95828-e7d9-423b-b204-73d0f5b368d4
f302723d-86fe-44b4-aabe-b131ed042972,PayPal,28250eb1-2a71-45bd-8782-d7bf80bff0b1
397aea77-c2a4-4ed9-99a2-79560b72f3c1,VISA,e2a4b96f-95c2-4726-9a47-47f19fa832fe
c176ad6e-d1a5-464a-ac11-0945169023e3,VISA,93bc375a-44b5-437f-8fb8-226f51bd49b2
8310db0b-9479-4310-92e5-1423cd1a0dbf,AmEx,0f9d4384-7db8-48be-9b74-2c3f76397703
a3e50bf9-c762-4d58-9335-27ce45252c52,AmEx,b89d2805-ea1f-4b80-978a-a79b13a55c20
4f2d395d-77f0-4341-8d58-c4567a5a84f5,MC,df1c36e7-cc33-4b72-bc6d-b1eb4416b2e2
aaceaf45-d216-4a52-878a-afe21d1405ac,VISA,da5420a7-d26a-4ce6-9cea-81c795414ef9
e008231d-ef6b-4e6a-a40c-ba783841219b,VISA,8665a362-d6b5-4ae1-84d9-1cb875e67a84
6a572c1e-2a56-4ca2-9f73-c7445b7cfb05,MC,1e025ad2-8270-4039-b3e8-609587a86e76
aa644be2-b5a6-4e7e-bd8b-d7bb4c1ab93e,AmEx,1be4f97e-56b5-4272-b3ac-d8efc9b5b8b9
314e3ff8-4e80-4d5c-81fe-e066f66160da,VISA,8495dd03-4f1d-464b-a502-d1df9ab80ce8
620f3b54-fd60-4829-a59e-7163a23ce711,MC,0f317464-15a4-4ef5-bbd0-0ecad7393d4f
773dd35b-5296-4897-988e-a1315080c0dd,VISA,78253593-dad8-4fc8-938e-df3bb22ad1c3
7d44ca2e-9ac4-4d52-81a7-f9db97f02fdd,PayPal,d7338f89-75e6-4d8a-bc26-0cadbb79c800
90a3da82-20f1-47fa-9b04-360f680dad36,MC,22c7c7a5-7ae4-4191-9264-93da557c4b28
4510d4d9-717e-4081-b3af-39ea3b289ccc,PayPal,7781cf5a-d923-4f87-9e26-37fbb27896d8
f5343344-9a45-4e15-91b7-9a69832ddacd,VISA,65711cf5-1169-4668-9258-fcd6779b813e
c07fe5c7-7e83-44f6-9948-e2b3d2e642eb,AmEx,c48c61cd-a193-475f-9b7c-778aadfbd23b
c2c56dda-895e-45e6-82e1-7655a3f8cd71,Discover,91f63a9d-ca57-47fd-aabd-0af7f851b380
c4a38ac1-9f2a-4531-aa3b-d023ad32025c,AmEx,919ca695-c7b8-4324-b9ab-8db5ee4a99d3
3a88ad50-fda7-4693-865a-7f5cd720d084,VISA,457db6c2-343c-4d6e-9370-6d8beba8450a
c1d8886c-d866-4ea7-9c0e-1d9caef3d693,VISA,a36c6639-7f77-4f88-9ac2-cc941e4701cc
354a2098-2e2b-46a0-b0b5-9be308202aa4,Discover,02e1f4f8-5e63-4977-98fd-177ef2e61392
4c795292-325a-45bd-b196-1d52ba877da4,AmEx,3f51a21c-5838-4b9e-8698-5b804fc459f2
0fb6e5c5-c608-4673-9534-c48336113ae8,MC,6346c6c5-b0e9-4e8c-82f1-cc90e6605be5
2d9c7503-9a48-4bd2-a9f7-623b7f48fc98,AmEx,4eb8577e-81de-43db-8bc5-29cc6354f4ff
e311a387-1646-4095-961c-60ebf9e6c243,MC,2c923957-b05b-4153-98bd-efbce378fadf
1a099b4b-3997-4108-9f0a-932c03a82e9c,VISA,a1f3f149-cb96-4f63-ad99-afbc4e18b6da
04e51819-bc6e-432c-89be-072ec05edbb5,Discover,5b8babf8-c16f-4949-9eb5-be33ae42e083
ff9a9bcf-a693-4960-8907-7959eb48f231,AmEx,e4df4f9a-312d-409a-a4fb-e353df8618d5
58fea877-b6b9-4a25-9c9a-86bb1d0ae236,VISA,ef3e1b5b-4cc1-4fdd-93e4-bb0bd04bbe5a
68b9b538-3e75-49a9-af23-cf34d4eb232c,AmEx,b5fd1bc9-11a4-4d7b-a776-923163239312
6eedb93c-5a18-4288-962f-d795947b05c5,MC,eaa6b41d-f825-4d45-8105-745d8daee96f
1741aff5-c2ba-4680-a19e-f2a53ebd2d3d,VISA,b292c4a8-8dd0-4112-b753-17f2d6557203
4d17e96a-0f9f-40a1-906e-e77508dcdbb2,MC,09192773-5cf2-4928-a29b-442267635204
5ffa85e1-5e71-4b74-8885-16d5ed596067,VISA,46bb71bc-436b-4d41-91b1-7395fdfdb3dd
4dfb7b8d-932a-4835-aac5-a6c1b9947f61,VISA,33eacfb2-5cde-49b3-85b7-f1848d2267da
9a6e75c4-e78a-4e50-a516-fcd7f0db741c,MC,696e6dec-f9ca-436d-861f-6ab563f06196
843118e2-8f95-46fb-a980-9b0d8817644f,AmEx,bb6bb958-893f-452e-88e4-a19c3ba483c4
968a5e06-483c-408f-b70e-f12559186957,VISA,f356863f-589b-4797-a79b-41203ad5a204
83759075-0859-4ebb-b67b-a17be6d4b55a,MC,444e1986-0a3a-4951-a63f-f510103b2711
4d13b166-0f54-4171-baec-31002532c04f,VISA,95564234-7f94-4db3-a955-cd1cb462f705
ed8d343c-59d8-42f7-a2ea-3668efbe6bf0,MC,83ad4aa7-49f5-4245-919b-613c078c71c1
26f551a5-7e2d-42be-9e83-cf9d2dcf08e6,VISA,bd330029-5505-4fec-b49f-1a7b53bc48f4
6d8fc178-0d84-41c9-9465-78b63abe4167,AmEx,8d0e8260-48a5-44e8-8d55-b4c341a6a917
01beef06-9486-45a5-a2a2-46281733b307,VISA,3a85ba80-0d5f-4ca5-ac4b-d0965da52429
5e524fc0-8c85-40bc-8fb8-3180dca8fe78,AmEx,d43496bd-c731-417f-81c1-94626aa78000
012ff83c-eaad-48b6-895d-1244fc8c63bb,Discover,b7b0ff99-e3f0-454c-a77b-d8df12ad2ebc
c280f30f-0174-4c5e-8715-ec89a9499ce7,Discover,d62bdf5b-a4a6-41f7-8ba6-e390cd039fd3
83957dac-2ee0-4d2d-a097-388435f80d28,MC,1cd76f35-7f39-434f-98f5-d36529a3fb2d
d2152fc1-6388-4fb9-81c8-3736b7203258,VISA,891b10ce-6af0-407e-97cb-813a1d0a4105
091d3cd8-797a-4c9e-8a99-ff82e054148e,VISA,68f1ac14-017d-4156-a851-4ec9a3a45d0d
1771cc4a-ff31-4a15-83e8-2368205f5ce3,MC,8d506907-4af4-4be2-b70c-4a6999a1150b
8d3040f9-435a-4f0d-8dec-8624de33c5b3,AmEx,c600f2bd-1437-4a63-bcb5-23f6e640185c
20cc04a8-e9f7-48b2-87ef-592d47210445,PayPal,d063f1d8-aa7d-4f64-8c30-b5e1ec9fa0aa
68da99b7-48dd-4bf9-ac52-063ca26f270e,AmEx,3094b236-93ea-4f6e-b8f6-cbb03c9b4723
a8e6c488-e94b-4b62-8601-a501d68278ae,VISA,41df1c5d-1a3e-42ca-94b5-73e538096905
44548254-ab94-4c41-8d32-9e99ef890825,MC,9b6b1449-ed0c-495a-9836-2de4963871c7
a2abf7db-1c59-4100-8d1c-28e2fed2bd5d,VISA,2d3b87bd-1120-473f-b81d-8ded0c8f39ce
eb9105e0-e075-4f88-9c93-adf15368be8d,VISA,eeb88f4e-c48d-4038-ae17-71bb714a6670
f5805ac4-b40a-43f3-9999-8702beb0b896,MC,4f9462a3-7dac-41f2-b2aa-308a307e2e28
887793d1-af03-4015-8182-96054a01b324,MC,c60e2d31-6ce8-432f-896a-3d81e3d1a5bc
316fbe02-b0d0-4c41-9998-b0ac634a3ba4,MC,26192a81-c6f1-4020-9f67-549a587a50d9
c00d0b9b-9a1f-4a99-a1cb-ee0cce945932,VISA,d58af3e1-0b72-4b30-8207-f773da00c41d
2119b2f7-78de-44aa-bfb8-3c4b5e0aee67,AmEx,a6ba8e89-bed7-41b2-8326-58350ead2283
92c4caf9-58a9-465d-b2f4-4e3a81dd6914,PayPal,ba10a5b0-d9d5-422b-b7ef-84a83e596c46
ae46076c-42cf-4f84-aaed-2d806fd189b1,VISA,51e56e0a-862e-44d1-a3b9-204862c750a8
d2087e80-2136-41fc-b9d5-3fbba9f9c7dc,AmEx,4d41fce9-0c84-4217-afdf-f793c95b8be9
d0e0944e-0c18-4dba-9f5e-ec3c5439ae4d,MC,e2efa8cf-92cd-4fe8-8825-2e548240e06d
419ed01c-6119-4bc4-819a-32899cf1df98,VISA,b1636f13-af2e-4579-8970-c9be79c5ca3d
6660f484-63de-41e3-86bb-c2fce35a22b1,VISA,1e494009-7add-4e26-a7ae-c7a44907aeda
7127f4b8-e60c-4730-b06f-e8b814f78008,VISA,b34fbdab-9647-40fe-859a-1a1b56bf25f6
eb153a1e-8906-4892-8677-b8dd9f423313,MC,3d294f11-30e5-4076-8250-56189aacc651
9ba57c89-ca6e-497c-873b-c8fa99f4f8fd,MC,91a25e8d-ad99-49ad-ab98-63c93e30e63c
8d8d9936-c1de-450f-9577-015ad70e6cbc,MC,14dd01a1-c598-45ce-adb1-7e7d11e3a5e8
6dcb6a90-fe1e-419f-bade-858fd6eaa3cb,MC,f2f5df65-d6f1-4da9-a41c-a3bdf5b825c0
9af7f04d-67cf-4827-8655-1381f1371970,AmEx,3db396d7-3012-4391-a581-159d4fd28bb3
f92b0b4b-922d-4b14-b42d-403a28386f9c,MC,23b7d38e-b749-498c-b4a9-e912efd6625f
33070332-a861-4dbf-a2ba-306f0058efcc,AmEx,ad220673-a248-409c-868d-b183c65676a7
aca5091f-16db-44ac-8bcb-e60d9c707b6c,VISA,2791ea08-00a7-49b6-b7d3-33cf4865b053
025ab110-3edd-47e9-a5df-7039eb29b505,MC,d27b5f45-cbce-469e-99de-f1cd754a5820
db64c712-d3a0-4f26-ab62-c2e990ef7420,PayPal,d020ab8e-3692-4722-b54b-5ad4b93c05fa
752696f5-3b8b-4d8f-87a4-9a95ffd96ecd,PayPal,afdaa1b3-3303-4b05-9399-acceb989615c
3b539ac3-246f-4160-912e-657a13455a64,VISA,e1dbef48-67eb-4205-8082-48793db8fc22
29b39339-9def-4d07-ba26-5832a7f149b6,MC,6d041f40-b981-41c2-ad3f-e08dc428e0e3
b8cdda3c-4c97-4d54-8538-49308a579203,MC,cffb9fad-81c2-4bd6-afd0-53eba8b9d477
5e645fdc-e372-41e3-a1d6-7da10f81b0f3,MC,00372923-c001-42ec-b6e0-4ca16ee21b51
23f5de8a-7718-47c7-b91e-e294535577d3,Discover,10b4039a-1d8c-4ce4-9346-bb077980a636
ea680036-f0e6-4a57-b305-b2909ecbaed4,AmEx,c8b66451-e7e4-4f9e-a4ac-7705cb28ad52
c1712a42-06ef-429f-b7a3-ac7e6b9a292f,VISA,f49311e7-80c4-4bcf-b5f7-76c57a007947
66880d7b-218d-4433-ac2b-7ed6dac639b7,MC,e4c6fcd1-83d8-4705-981c-5d96cb3f2bda
788244e2-8436-4532-87b9-43dfaa04e97a,VISA,ee2fd19d-2859-4d10-a489-2cb3d08e8dbe
1f7b8961-b158-492b-8c1e-4673122ba71e,MC,0771dc28-7e3c-4ad6-a567-cf34f33470c5
faf44db7-ce4a-4ef7-809c-62a988f3c410,PayPal,a79dd14f-8e1c-438e-93b8-2aaabd1b4d6a
eec6b54c-6bf5-4b60-892c-d94681270a35,VISA,4a844f4c-780c-4df6-96b6-02010eefbeb8
7f3f76c7-d7fd-48d0-9fca-39b00d3417c5,VISA,986039f5-2765-4e60-9417-97e4d6a3b6f3
c78c5a5d-aa41-4478-80bf-0253e944eb6a,AmEx,7965f1a1-f612-44fd-97e3-78d44f0b199c
ec1a270c-3c16-47ad-b74d-01c25a19585d,AmEx,76a173ba-9980-4832-922d-c77bbfd66faa
c7122cde-8d47-447b-a14d-c13c28cb971c,MC,9a2cac29-9c89-42e8-8413-e18c58ceebd6
9cd5be00-1c3c-40dc-af45-e29a6a264124,VISA,412b25d2-3b5b-4ec5-82ae-947479b220fa
bcb5d55a-2177-4321-97c6-fb42921935a1,VISA,9148e48d-592d-4022-b510-7f5268f97a30
92a69ee2-3a08-4a43-8810-d3d2dccea992,MC,7e8e8141-23ca-4326-aa32-879df261ef7a
bae0e4fb-a8b2-405a-9834-840425842435,VISA,1e387546-0025-41a4-9d9d-7e0ad935f8e3
6e1ab365-f729-4920-b44c-327623f0356c,Discover,44cb599e-0f39-4007-9094-7937756f630f
366acded-dc1e-48b8-acbc-531f8146c3e5,VISA,1fbbd252-2838-4361-84de-7a1137494663
82f969d0-c23e-47a1-af45-2b52105e809a,PayPal,56461194-b6fd-4a4b-8c1e-2fd5ea1bc7ae
b45008e4-dad9-468e-b7b6-c09b429455bb,MC,458d4ea1-ae8f-4299-99cb-0465a5b52f48
d1497ec7-35fd-4071-ba5c-750f74444e84,VISA,71c7a061-fc7e-4560-8c9a-45ac013aa935
7eaa8c46-ad2a-4df5-b0e8-2896076fc85b,VISA,59160e6e-4e9e-4a6e-856d-3eb39596f136
aecbd717-d866-45f8-93fa-39fb108364af,AmEx,377bc53a-a8de-4f0e-a105-d338c82924e0
0c8e678c-2f23-43b4-94a9-236670530c72,MC,c4616bba-abcd-4d30-8c51-1f28fb6e52bf
b6d7113a-cfc1-43df-a5fd-7f607e640dda,MC,08ba497d-c408-4dec-8a66-8b2756489ab7
58aa4178-265c-437e-be37-908a2c19cb83,AmEx,76e868b1-abc8-44bb-ba05-dfc350bbe191
c50ca160-8ff6-46b2-9f81-1b875a7c405b,PayPal,e2f749a6-8efd-4e1f-93a2-8842f4ad9aa9
86d74c05-aab2-480e-88ae-2d513a2e573d,AmEx,d1ea93a6-ad02-4168-88ca-66c50a13a248
c8f3a6bb-8857-41a8-9c85-acb3287ede09,VISA,327ac153-3c71-435d-ac75-595071fe9aa7
d709084c-33bb-47c5-a4de-bc3ad1d02291,VISA,76d90076-0b8b-4b5c-aa62-a06bbd33e149
c0d2ca4f-95a7-4594-85d8-f58ff8644142,VISA,0ddf7a78-435e-460d-bfc8-a240892f80d3
b7a5933a-b253-4cb6-a6c8-4ac0ecd87a76,VISA,6d893799-0596-458c-b683-bd89e491a973
e1770192-cdf4-46ad-97a8-32ef5a5ffe0f,MC,e6c70eee-7779-4276-b566-e8e51ebf2cd7
7014bada-b9f3-4ab7-878b-8a29ee09584b,MC,880b1c25-2aad-48a2-b71d-6d6fa767123d
1f72e147-e1d8-4f40-88c7-d30eb3537e75,MC,21fac8de-8689-44d9-a06e-96dc26d3ea03
48f61224-aaab-4e04-8268-ce5c8e67bb4e,MC,522d56de-f0e4-450a-be1c-a40f3ed6da50
253ccf96-b45f-4af9-98ec-b4d4533120f8,VISA,a9d190ce-1fbd-4000-8e15-0dd2a3e53639
6095f5ee-8b76-43d5-bf91-cbc5660dd0e7,AmEx,842ce507-5979-413b-b3b6-11c33a44fbe3
47faf71d-505e-44f3-9cc0-0dc254461349,VISA,8a861aad-1543-4e53-80e3-b26eb62a9295
bf38bb8c-f9c5-48a8-83e8-bfbb13b6ba95,PayPal,3acfcaea-c1c9-48c7-af46-a22e18364f95
0e43018d-934c-4359-95a0-1303fd924830,VISA,0598219f-4db1-4454-8090-2099e8405138
e8463051-a630-46ff-8717-fbee232e4edc,VISA,d2c71d5c-a4df-4753-a5bf-d4e155cde558
7912d361-3ef9-4653-ab2f-b0167e8336aa,AmEx,51acb7a6-6e3f-4460-9bb8-c7040bd7f949
cdfcc812-b7ab-415f-ba05-7597ec855199,AmEx,943085b6-90b3-4c77-8570-4dab8b8ddd5a
4d3824ac-3074-4ef0-a8a3-3433db3b18c7,AmEx,8edbc228-94bb-46fc-a690-39110bf59c95
f122d18a-2fd0-4fdc-a146-1660c6303fb7,MC,5bf48471-ee5a-4fe6-918a-ca2cef575a0e
f8b1493d-f1a6-493e-8c53-1a474a7634be,MC,2d4ba4ae-a250-4909-9e7a-5d3ff18b0442
1a98abe1-0d0d-45ec-8606-3e8ffb6f626e,MC,8ff059ed-ac9d-468d-8f97-9e0b91f16dff
549b993e-2be0-493c-80e0-5117d9ad8fbc,Discover,1d87c548-52a8-4a53-8f0c-556febe900c1
2e26011d-4298-45da-afea-907da5ddccca,AmEx,af227612-5dc6-4025-a724-0121b3cf1498
89adb201-b520-45e2-9710-dbeab99a04fb,VISA,7a2b9fcb-1430-4b08-9865-c4c1cad8be19
a293f595-0cdb-4e1d-90e1-91de0ee95b94,AmEx,f7809c5a-a006-4ea4-8a00-993c466dca2f
f014c8cb-c7a3-4aa6-9a26-77f857de159d,MC,d3089874-8856-4e4a-afa5-37f2e782320f
c0d40ba9-61fe-481e-84e8-8332ac2ac8cc,VISA,cb2323b1-4142-4be3-8fd3-78c4edfc3de5
720f700c-cb34-447d-ad05-0a244576f224,VISA,03ba0251-9042-4541-860e-8afc57427f30
3c426fdd-4f2b-412e-8948-4f08b38b9ed8,VISA,d9965731-f0f6-4d7e-9d4c-2b1fac49531f
81eefc33-0b4b-4905-aa89-206e8f906e71,VISA,9c1992c9-5a6c-45a7-9fe7-24150816535e
2373f6ed-1329-4e07-9dc7-0bab5117b505,VISA,502c91cc-c37a-4beb-af59-2f6f63e7788e
9bf80872-329e-4925-8318-7e22178d14c6,MC,1f53be34-3f33-481e-b204-b8d7abb61d5c
877dcc69-e24a-496f-8678-e05764626eeb,MC,c79183cf-bbdf-4c00-a118-24456b356dee
660b69c5-36cd-4dea-bedd-877def266aaa,VISA,504be936-5639-4130-94b2-4e7ba1b5b44d
03c2be3f-0c9c-453a-8e60-b59df0316e85,Discover,26e71610-d2e1-4951-92ef-9cdf1975db44
320e686c-584b-48c8-bdf1-5c2ccb33b2f0,AmEx,8eda1ebd-cac5-4907-8a82-5b1b0a2c58d4
020e9c25-d83a-4e08-9ef6-d1baeaae9418,MC,3626b764-3d7e-4b29-8c0a-2ce2489af4f6
4facff50-59d6-48c4-9147-750a34054239,VISA,614d13d0-c398-4ef5-846a-5986e567c2b9
c0e8bc08-5a9a-47c5-87d7-1f24429b70d6,VISA,2cd30b4e-6d7c-4c11-a699-d1006f9a072b
c5e93072-aa72-4741-b206-dd5a465c2985,MC,983fd8d9-4d5e-45da-bb3c-3415878d7f11
121ef0ce-aeeb-438e-abe4-2ce48380fc80,VISA,0c47b6d2-c6e9-4888-b499-9d2f6d99723f
7b6821fe-6df4-4375-8567-97de1b106f91,MC,ca7909ca-d1ff-4e51-b8ee-96e617e541c5
2ecac1b9-7f03-43ee-83c4-7fa3933ca3e9,VISA,795c1352-0f87-4cc9-9e2e-1abe415856df
a5cffbc5-4a76-4704-8d21-cca3d0c6bcf5,Discover,dc512768-2a3b-4c3f-badd-5edc944838d3
2f8b8d10-9fd4-49b7-ac2f-3eb31856e97f,AmEx,016bd51c-8ad3-4cae-bf8d-118e431230ba
a0458c3e-7cba-4a9e-8dc0-5fc8010c3705,MC,06e4de6c-b5e3-455d-9421-a2375a500fbb
b53513f2-055a-4278-9a2c-e7376f0f9d7f,MC,cef7b355-39b0-4cf4-80c8-970f8f8a56d7
f8935d00-75e6-4204-91b8-e0d686eba83d,VISA,146eb238-ebc4-4648-9cfe-fbb50c03ccd7
7771123b-2e44-4fd5-b7ed-0b5e9bd82428,AmEx,7f044610-9c28-4b9d-9697-a9e567722168
76003a9d-d988-4526-b176-421a4d9f1d10,Discover,421d82fd-1ba4-4961-870b-2fe2767a3a1d
43d6c8fd-6bc3-4c39-90e2-13b150a2bea0,MC,83ba83cf-1f95-41b8-bc66-75a8bcacf258
084bb45d-5636-4238-a1c5-1d2d7a25b68d,Discover,c6c57786-c50f-4a7f-a995-bb7f5683e69d
d07214ac-56bf-4817-abd0-85a1cc86fc36,Discover,6bb9449c-7029-46fa-bb5b-d0e35c759850
b48391c2-8198-4211-be39-202c3bd6d87d,VISA,ca1c1830-9271-4e4c-aa22-2e28b7d37634
3985fb77-7b21-41c0-94ea-e74594107eaa,PayPal,01731540-a5ef-4ada-b77d-da670ef77127
ac663398-927a-42f4-8993-b28e846ee18a,VISA,89e984e7-3f09-4c67-8ed0-927368f5f460
fdf4ac7c-57a7-41f6-b728-edb60c9bc3cc,AmEx,cfb04b4e-da7f-47dc-9140-a46abb62f309
86601a1a-4caa-4bb1-b8ed-9b5ecc287c28,VISA,7a21e340-19c2-406d-bbad-f2e29b10b9e8
3c728f2c-cb03-4b7d-9d08-4d963ca01829,VISA,be666b6d-9d48-4d0c-8367-8839f7273862
167b8b9f-cd8d-4221-b63f-cc4c8c90bc6a,PayPal,94f3cfa8-ba7f-400e-82f8-2be784aed5b3
66c4e908-faa9-4a66-b94e-872f6b46e8db,MC,f0b2e9c0-c4d9-4a10-8ec2-c5a1f8a224f1
a0d7bd36-6a54-46a5-8fed-20183505d36a,VISA,46c50769-a1dc-4c79-acdf-82e9dcc7e76d
1c8877ce-35e8-4f57-a8e9-87a28fdbd7bf,VISA,e06a5b5f-e91b-4722-b216-8bf128f81e5c
4f58f982-2f5a-43d3-a614-ff8a0e2df3a7,AmEx,09253e60-be56-425e-b8e3-69bcc07d4ba3
553cf996-36d6-481f-ab8b-b2672efebf19,VISA,8c7d7c20-5a33-4ee6-b664-5a26f17ef9e7
1df90597-74f5-4cbc-a4b5-9f0a20b741c1,AmEx,1f1d394f-f196-42bd-a7e4-c458ad32f6bb
53f7c29a-2377-48a4-8dac-393b3881b270,MC,b084d72b-a9c0-49b4-8f72-2136887a2106
aede3f53-9c4c-45cc-a2f8-af13e4dde4fe,VISA,f6d5d5d1-b273-4fd3-919a-f583f81bac16
4d5ea64c-4db6-4716-94bf-3557fae26ed6,VISA,76beef81-e075-43be-ba3a-7b206a9866b2
f2b78ff9-d949-40c8-a990-6187b65c84ab,VISA,f817e151-3ee1-438b-b275-7992aed24664
0dcf8f4c-c157-40d3-a22d-2c2295e42e6b,MC,b8d292f9-9e46-4bb3-9de6-14aa6e6c0029
7c48b5ad-661b-423b-a6c3-bf2ba74e73b7,MC,1afbd485-12f0-4b2b-8170-d8dccbce224c
747b9d6b-161f-40ff-80ca-482ca929f63b,AmEx,deb3e757-2876-4efe-989b-260fd4f48b8f
26ac19c4-d802-4651-983c-bf1fcb38e0dd,MC,3643a3d7-9c2c-46e6-b5ea-a31bbbe24e4c
73b4264d-d338-41d2-829a-16dbf23a475c,VISA,e4847231-d2f5-40f0-a38d-3992c63ac995
74e15a1e-c0b0-46d1-9059-d503be2ff8e4,Discover,7ccdda3c-5bd6-48c0-a711-a4aabf833f50
ad55cb8f-9584-4ec3-8e70-d21c80bcb51b,Discover,9b453f71-feef-42a0-8817-a8207d856604
f1684569-d76e-420a-b2a2-56e08e4129bd,MC,e11de46b-c206-4126-befc-2a0506819822
54000a75-cd04-4775-98e9-95b0b4ad5461,MC,2fdcff44-090e-44af-90cd-59a6d65d3cb7
0b9e8572-135c-433c-b53b-875ff0da645d,VISA,9fa87feb-aec7-49f9-b5af-740964c2d6eb
978d341a-9e14-486f-98cd-f1fb88a30683,AmEx,19d380da-84b3-4164-8c75-3e4c3c62d513
92440a0b-4f4e-4e0d-a9a8-f89a86424ae4,Discover,810ca0ed-1c79-4bf3-868c-f1b7f08e5156
286d4377-f72c-42b6-8108-665f0869acd6,VISA,a68ed8b1-3b90-455e-87a0-701c9f197eb4
128a96ff-cdf1-42fd-a887-4ef92a2b9696,VISA,fbb37abe-2f6b-4697-b9a5-37ea4f08fc13
46c8d19b-bd81-4709-812e-1f22d368a600,VISA,f1e8550d-8fea-4b18-937c-acb537e8700e
b8bff5d0-7d0e-4edd-bbec-44e07451acd1,Discover,ac715a56-d655-492c-bae5-260a4ea8d7b2
0f91cbe3-cf32-4e2d-8872-5f9a76fbb92c,AmEx,13b01ebe-3449-4c63-9184-5eb4aa72d527
0a0fef6d-2f34-4a22-a15e-ddbdbaa15d3d,VISA,1b191081-5971-4dd6-a03f-33ab0c45c26f
41dbdfb7-8c52-4355-8fe9-a4737d7569d9,MC,127fd9aa-71d7-4c8f-86f2-c9ec195e8808
a7b1fcfa-da1b-45b8-a25a-22345301c018,Discover,e0fc8569-e244-4b78-bff1-2f430b18a6e1
3685b7b6-51ef-4e7d-b5a1-e57266d96dd8,PayPal,546c3ce0-53de-44ee-b100-f6cdc56ae780
94086fc2-f1d2-4f58-ae11-e170dd4743e0,MC,13be34b9-27b7-4cd6-884f-daaf0216c202
ebc00b92-50bc-4cc8-83c1-8d5cabd7c005,MC,cfc84f07-1acc-4eda-88c4-78b9aa34ed42
cac6f0a7-30fc-476a-a354-22096af4df90,Discover,9d78075b-cf26-4cd2-8710-85a1137d5385
ac854ae8-7e32-4259-a8bb-887de7e16208,Discover,bbb09348-3c5a-4ed6-806e-eadf8db65d71
13ab3285-a4d3-447b-917e-cdb21010f6e7,VISA,148c5f63-5f7f-4c28-8099-0aebf61d8fde
74fa5b80-b556-460d-b7ed-11f0a09123e1,VISA,42711c9b-3958-4419-8e6c-edf659fbd4e5
e6fc4931-9a4e-4619-89e3-02d68cf81124,VISA,94e0df5c-d607-4570-afe1-8a24670cfdf9
c6c92ec8-6304-40be-8c50-ae9edf7927c0,Discover,eb0abe90-ba9f-463f-aca2-6d5ca5963fca
6d440235-87f9-4076-b2d0-1c80e37c67d9,AmEx,3669fd17-ed82-4a21-8a61-c0c4b6388199
251a54a7-8f63-4a47-80e9-254a66aa1354,AmEx,3cc01e68-7503-4693-a033-86c77cb9ceef
79b731bf-bb33-48b0-b947-9372b8e672d7,MC,85329963-a644-4735-b233-314777cca651
c3d1c26c-57b8-4967-ae9f-029af17e03e0,VISA,081eafec-2a3f-4aae-a20b-8dd4c9fbe971
2c559d80-0ee4-4ff8-8ffd-a4072d3a10fa,AmEx,f2d50a5c-3d67-4385-8b99-e93e586ad4bb
58923438-2404-4044-8dff-ca115dead93e,MC,427395ff-adbc-41c9-8b0d-98e0e80dd3e9
c8f0b0d7-d408-4c06-a572-3d8e1b2b3f7a,VISA,829bb928-7e2c-4383-a870-e28edd765f1b
fc22a92b-7d5f-404e-9f51-b24d3e745e7f,AmEx,52b42b03-a87e-4c53-8faf-6e9c62f9a1d0
76add0e7-de13-4628-9c0e-ec1b29219768,MC,14507577-9e50-4aaf-88db-2bfd2f27633d
42399d19-5f4b-46ef-af5d-92036b5933cd,PayPal,7d4de2c9-d663-46ff-aaff-bfa096f72b80
2a872be8-8083-4076-8d93-fd08153e5119,MC,864e650d-ae44-49a1-a664-6bd525cf6d67
c039b268-9cf8-45bc-af70-60a842ea32e8,MC,6a755bf0-3a1a-49e9-8ebd-d937cbc2b117
9168c4d0-bef9-44ce-85ce-a40b913b1986,VISA,2578b595-a288-4cda-865b-ae7d2a764beb
46c7991d-4b5c-4a85-a952-8f40dde68aad,VISA,596b561c-5ecd-4186-b35a-74a798dbb1ae
202dd32f-363d-43b9-bd12-af8cdc0b926f,VISA,11059d01-8447-4836-909e-caf48d304ac2
9f91422b-b4bf-44ae-875d-f7460b3fa596,AmEx,a2d59dd2-7aa4-4c78-8cdb-599bb1289037
56399ab1-edac-4681-bb23-153b01f1788c,VISA,688f2b36-3fef-48c7-91ce-58a7e4bee4fe
b2d9388b-4be4-4dfb-a189-a347aeb10630,VISA,c9ffd472-1c3c-441e-adda-2874d5834f5e
7d122bbd-b096-4049-acf2-17bff1e197ac,MC,2e04c1c1-ae60-418c-8635-ff74dd170112
b0c2677d-7c18-45f9-b341-39ce49ae1e25,PayPal,55b88027-488b-41b8-80a0-b4ccc7c1a30a
9debfee1-39c8-4ea0-9271-2a9ac36cf4cf,MC,f8aade15-2672-4782-b286-dba8f6a2bff0
f09fe692-b1ce-4f50-af52-1a488b7b87a2,AmEx,8575674c-3294-4fb8-9234-c4a428fda100
26b68bbd-884c-4086-87c3-59554f5db250,AmEx,3e784b0f-a09e-430a-ab08-6bb7b7e0aad6
49d236f7-9650-42b3-ad77-b1ba16635cd0,MC,225d94b3-b480-450b-a890-6db3a5cd2c9a
7c11d049-f766-42d3-81f9-fe4c94a9d17a,MC,c03a8e57-42c5-469d-95cd-15423c8b3f01
c8a4bf37-d64c-4f59-ad56-4a791be7e5bc,MC,8b1d07a9-300e-4ec2-a20a-621321852ed2
243d5b7c-2759-4e55-9136-bf77dd2b3577,AmEx,cd304904-252c-4c54-b258-ce09ba440027
1b847897-f049-4f02-be71-f28cd0c68d74,Discover,91733da5-750b-4d5f-a172-71b6f7ce7e61
4fe6d0ea-2fe2-40d3-be56-b40e57150ee5,PayPal,eb995624-b596-41aa-9d44-99ab55cab885
e24c9b89-bc4d-4499-a496-59e8e4dfbd74,AmEx,50a8fd56-f055-410c-997d-1d306e632860
d43ac3a6-92d8-4007-88eb-bcc4ac131360,PayPal,c7c5e0db-39f2-4c80-a8fe-027e833036a7
16f23679-0345-4545-bd30-cac5b83c31dc,VISA,d095fa5a-ae8e-4864-957b-53f9095b0a6f
866bf589-5d44-4496-aba7-c3e6d463d100,VISA,1a952338-acd8-4531-9f6f-39fce37b2508
36767c98-e2bd-42fb-822c-cbe9f0fda379,MC,7ebe5347-5009-4369-b5e8-8547ba52318e
5202b2ff-a846-4143-9c61-7ea1c350c4ad,VISA,bb8aa6c9-2fe9-4461-a7fb-0f5471dfaef8
7cd81023-85fe-4276-bfaf-c7ec0c40f1e3,MC,a38990a2-06c9-4b20-8c85-3c48f7270062
13595c10-8039-47e5-ae8f-0866b9474962,MC,43e58ee4-c0a2-4352-ad1e-3c5a6b8c6f9f
1cf9ccfe-f224-4580-a645-aa1154192836,AmEx,cb889257-dd59-48fc-bc90-b24e77562041
65edcbca-fc14-4ea3-ad9b-3464baed7789,MC,50d3057c-4e30-4472-8af6-c01c18d66d6c
b76ea24f-cbdc-4852-aae9-9fe7d1ad0ac8,VISA,de18cdd0-4fb7-4bbf-b192-fd4b7c85e23d
a746f534-3e27-4a1e-bae9-032bf27f086f,MC,22dc5856-6aa6-41bb-9d41-c6bf07b5ad34
1df862ff-e65f-41db-9460-473e88ac25d4,VISA,0c9bdc52-cafb-44cb-96d2-1a35002b6bd3
44741e8f-41a7-4000-ab18-482ca655fceb,VISA,018e37bf-3b5e-4e8a-912b-1e25a09ce0e3
6106f10c-ad7d-4d25-b68f-8b08c65686e2,Discover,20f9a5e0-6bb0-4cf7-9029-61e8ee4696cd
11ee8c4a-99e5-46d4-a1ab-cdd24e44eb31,Discover,4335ee61-d147-4e66-bfe6-c03a08fe39c5
cd7a6cbf-d879-4be1-9ef8-023aece85e6e,MC,32751436-26f1-419e-a167-147d299dbfb8
d716c740-b35c-466e-a53e-0029b4001cb7,VISA,e0a233ac-fd71-4a61-b089-16799ca1e4ab
42f5fb83-7530-487b-8a98-c9666e7fa12d,VISA,482307d6-c300-4ad8-be34-68dea9aee7f6
c30ec8a6-2fbd-46ba-b300-d3cbe4142525,VISA,cf19d357-23a7-44a2-ab74-34d7a7d20c73
abd3a2f5-96d3-48e3-ad21-d845d0387d60,MC,a1615d57-2091-42e9-b40c-198c4773ac08
4b74c40e-93f1-4d53-beb5-7292ebec17c2,MC,986f62ad-f565-481b-a27e-f7f9d4afc18b
c8be05a2-410d-47b4-b283-bd71d882f3aa,AmEx,c57c136b-e50c-4769-9501-7481699feb01
6c76364a-7264-4b3c-9e5c-661155b0419d,MC,a81cbca8-1b30-4055-bb9d-776b98a231dd
4830f670-2d12-4c94-b20c-58b151e80a9f,MC,2614cc90-26ff-4908-a911-41a19c83525c
27f6cca4-acce-48f5-92f1-11f6fac90735,AmEx,482ef7f5-bae7-4a74-aacf-75df39322375
cba1ac6a-4da8-4564-a584-a6b8598792c5,MC,520e21bc-5b66-43af-b5fa-619baf69be35
1aac6b23-2202-4e54-8846-f55f34796935,AmEx,8a59819d-c2d0-494f-9369-27f1eaa610ba
1229c2b7-70fb-4dc3-9f68-5083437b3486,MC,404a8a1f-b8e2-459e-be09-67ac1a2f3a65
2fa74442-9ade-4339-bb62-f775aeaf18d9,AmEx,b0ad28b8-668a-4a87-855a-2b884c63cd7a
8083d44c-1d92-4514-936f-264b3717ea62,Discover,28a8f0e9-4356-4560-842a-07e23c331bd8
3affb8e2-8785-48f5-a115-c054419925a1,PayPal,9a31eb9a-67e9-4d7e-85f8-426857170f1e
6d620363-8813-4325-b167-34f15cc8fdab,VISA,d8021e2b-fa22-404a-a2b9-1619eff3685e
ba3d418b-0cd1-4a6e-8e15-34bcaa16b48f,VISA,0f93e20b-aa19-4ac9-9db9-8420e9d036d5
a30ff7da-2344-44f9-8c53-d1da564055cb,VISA,a634e104-e7a8-4f31-880d-a469a82b6f1c
de233792-5ab0-4055-94a1-c0fdacb56555,Discover,966d4c70-a8e3-408f-9e83-3fcdfac4e7c5
0ebf78c8-1f14-49b3-8f8b-2bd83503db28,VISA,10741ced-68a8-406f-a3e5-898802d1efc1
a2c75b65-70a4-4ea3-8c7f-cc6cc0e6164d,MC,db02f5cf-5894-46c6-a121-88d35d8c99fb
25759167-bc4d-4f51-824c-ec740dab6907,MC,7518bae8-7bb0-4e87-9d5a-533753511ad3
41b9fe72-dc78-47e4-98b1-b051c0685c0e,VISA,30541d0f-f743-4d65-b60d-0aec2498e4fc
b0ea2d3c-727e-4243-92f7-3ef9bf82ddbb,PayPal,2629ed81-0b24-4179-b47f-218c4016398f
99d1a726-d6ed-47d8-8766-56e05af48372,Discover,c26d527d-316f-4a47-b1b1-099c60a84cc6
916c69ee-6749-48df-b6f3-f83d0f74bf3f,MC,e2f9f278-f17c-4e42-921a-58f178965f5c
d32c9c16-ccf0-44dd-94c5-6278c8f3426a,AmEx,8656625d-084f-4539-93c1-fac45ed9191a
79970dca-c179-4b22-b221-222958d28b76,MC,79931d06-6d24-43d4-a289-7681ded45105
c77c8df6-e711-4973-bc25-e7100a97f8bf,VISA,0b431ffd-1c79-4dd9-a320-b513875f1633
de08a060-b08c-41e2-9852-ee6a94131b36,AmEx,2a7c2b33-0c0f-4236-9cef-b824a2144b3e
3586e69c-0797-491c-8e40-d71e5f65e4fc,VISA,b48c4625-c377-40e2-92ba-de2c0bd8a934
4447f28c-fdcd-41bf-960a-36b14a652071,MC,4b05c49c-c3d3-4481-83f4-2c55acde12fa
70685ea7-c914-4f16-9098-b2cd73e99739,Discover,f2d758d7-e61d-4f18-9315-7dca8e08f0d9
1facf425-3ec9-48b6-a44a-7fc351b8b70a,VISA,13b4c357-0cd7-4c34-b6b5-785000df521a
8ec0dcf9-d0ad-4b73-bb14-2592c857c338,VISA,107d5d4e-b63d-43fc-9aca-95828fddd996
078b5697-e5bb-49b1-ab0f-5fef67a47664,VISA,2da88029-974e-41bf-a7b6-033cde881b33
ab5ced98-ae5e-4bbd-bdea-cefcac260dcc,Discover,98d28756-7d90-4509-bd8c-ef15ba05750c
0f65e69d-8a64-4fe5-88f5-a8045fbf5aaa,VISA,dd9da0c0-f656-4964-a85f-5479e55a7956
99da1355-c2e6-4677-99a0-6dbd559e8262,Discover,970fd425-284e-42b7-9f79-95fb9cd1f162
34bf921c-8d26-4776-9fd4-ce22634bd934,VISA,f142d2e7-1da9-48bd-a4ac-332500e6d9c2
46fea5de-fc5f-450a-989e-43055cb23794,VISA,ac0a73aa-c755-4fbe-b754-1d35044563b7
0002701f-0f9d-405f-9085-fad847c1afe1,VISA,c83208cf-7165-4710-99bb-6cea24588f9c
0d5558ae-4dff-44e1-963c-3eaa4afa9c7d,MC,e3ebe679-8121-4d6b-b130-fbe03429cb05
72668ea3-add6-4d41-81f3-7132b4949f2d,MC,ad070aa2-049f-4df9-a1bb-1f514797a1b8
5fc1fda5-5a88-4361-88e4-f61950a2a7fb,VISA,323bd1b9-99d1-4c94-84a9-eb6c3f66e54a
631f2577-c4d9-4e3c-96eb-3c577212bcb1,AmEx,3b374458-3e81-4ca8-be6a-ef267d11a368
40ea4c01-6d6b-49f5-ad0e-c22b92b683ff,PayPal,80ba97c3-8e1d-48bc-9d72-f755f861e7fe
409d4e66-dcef-48b6-9db9-1118ca1919d7,MC,fc258e04-1bce-4c49-bb9a-b6e00bae6ae3
1581e1fa-6af6-4170-b331-10ba908e0553,PayPal,96b6f75f-0641-4631-b323-1aa7728d1574
d3b732f7-87ac-43b0-bfe4-e6e674c66876,VISA,63fa667e-06a2-410d-9c13-c31e00aa5709
ea64e3bc-29d5-4d71-b737-478172102e9b,AmEx,ffa5d3f0-b7f8-4736-8c64-6306d410be1e
36787a13-92fc-43d8-9524-f598d2c5e193,MC,a2e155cc-daf0-40b7-87b2-9a0f26ab9824
0424f22c-b689-41b9-bfe4-4df3c6dbe307,VISA,11630f84-74fa-4d76-9061-5c1bd1b72d33
8a154eb7-e21e-45ac-b6c2-aaec9d432ca8,MC,2a3bf782-5194-4ac5-9f29-7386c10f9b9e
20f5e8e0-66cc-4511-82c5-3df90cecf9be,VISA,0b0c0a6f-953b-4c17-8bc0-63c951003031
d4436240-ba62-467e-b0c5-b47f97256324,Discover,0d111ba3-f956-4b4c-a5af-11ed2d42d55c
46697456-d05e-4e44-a265-ba0d427b9fe8,AmEx,3370e773-50fe-489f-80c3-8be64ba6c041
50c9b8ea-10e1-4406-96fd-92c1668ffd53,VISA,17d1cdc9-ac77-408d-a409-6cd66286076f
f2d8c28c-0feb-4daf-b35a-10b728ce58c8,MC,8b1aa26c-7dbb-4036-bafc-ec094a09b942
f98f3baa-81cd-48e7-ac1e-0dd9dfae177c,MC,be3c03b2-2692-4bbb-a3ea-49da7d86ef50
37c1490c-b7bf-4fd7-aaff-f6c589a5dce7,VISA,51371273-fec9-4ed9-a67a-5aa816bff3ac
cfa0582b-3482-45bd-bf7c-b6ea8dbb3235,PayPal,5dc5c0ac-0da3-4e71-82c7-d45b3dcb4973
d8b46533-baa7-407f-96aa-87be6da16fd4,VISA,c8e12d98-0872-4e7e-949c-994d522162ac
3303967b-c5fe-49df-ab81-4b60739c272d,MC,4b1e4465-e0e2-462e-8134-f3fe9b188617
4d23702b-46bf-4868-84f1-042e24597294,AmEx,c55b3cee-9d2d-4928-a061-ca43840c606d
6bc505c5-0eb9-4afc-ae16-8128b4d4fc55,PayPal,d1e5cd13-4ad6-4794-a81f-f4e4280c8bc9
f3815e8c-ac25-4b57-8d6b-3439525d02d3,MC,e37bb76f-8ad3-427a-9738-f7cab7da8aec
c201a33e-640d-445f-8c08-ba73676d6add,VISA,c0134117-71f4-4400-a4d0-31f99c457511
cf0e11d6-6a7f-4803-9eb2-0e015c79a150,VISA,18e38a29-9772-47dd-a3fd-3aca6b170c9c
7707d8bd-96a9-42d0-a839-588704a15bbc,VISA,3fa1d190-24ed-477d-b65c-8deadf99a70f
a4936ea0-fd6e-4d74-8aeb-678a4fe87748,VISA,f5cbd5ca-0069-4040-b85f-9d79dbc55a53
ed1d5b40-05c8-4eac-a144-d2edd0830fcd,AmEx,289b3383-2d02-4fa6-8fe4-99a735d1d27c
7ef1e258-8823-4d67-bf48-2dc3cf2b1d4a,PayPal,f95e31f4-b45a-4cfa-814e-4cb07917ef13
59832e2c-1a2e-4b67-aece-36a2b3ec89dd,VISA,3f6529fe-bf79-4e16-8201-1f7522b43359
ede812a2-b469-492b-8771-50dd0917ac04,AmEx,918a503e-78e6-4f30-ae1d-16829791b138
db7acbbd-4e69-410f-b378-0b6b0909d8a3,VISA,712ed1d9-0adc-40b0-b61b-43939a781546
899e6292-a9f4-4611-ae99-c8883ac96d1f,VISA,715daffd-744b-47d3-b5d2-bca5add953bc
463fedd0-6a79-428a-8463-d27ef718b1a7,MC,c2f84939-2ac2-4690-916f-ac67734e3b50
829ff444-f145-4fb2-8238-1df99f092cba,VISA,abdcfca4-207d-4bab-9070-dd25e3e7d464
49d18c74-febc-431a-b041-863a36f20643,VISA,b351439a-1799-4349-a7a3-8e07a665d159
01173faf-2e0a-4a7f-aed8-b4c2a3716a90,PayPal,dfc351d4-ec17-4552-be50-37eb014cbb47
9963910d-444d-4cb4-85b1-79ac31948e1a,AmEx,8c87f4d2-e992-45f1-8d41-7b16f067bdf5
bc096c3e-c263-49d1-9af2-b27dc85dbc48,MC,73641aba-24ad-4f62-93b9-169e3164c899
05cd2784-79eb-4ca6-87ef-f30c20da7a98,VISA,acfdc7ba-2efe-4434-8dcf-156296512ac6
644da68a-1133-4ea6-9b89-1cde517d145d,VISA,503d8cad-bad7-4d48-a5ae-17160e3a8d34
3220b7f6-99be-4c34-87ac-802aaa6df343,PayPal,16e320a2-9eb1-4361-a1e4-a33b8b63b5d9
0ed8c590-0ff0-4fdf-be80-687098989190,MC,fdd65989-3c1f-4204-b98d-5a67599031b1
b3e505ed-9814-43f9-85f4-aa7a4ba93530,PayPal,4a8fd90f-3260-448a-ba13-5f5bbe73c731
1f5e5ae0-afad-4de7-a8c0-327f2b6f93a8,AmEx,072972aa-d06b-4027-957a-5164d31543cf
f89ccdc8-245d-416e-b4ba-05a4c0b99743,MC,ca303401-2247-4e91-98dc-08591440e2db
1728a550-be20-4e2b-a153-84beef48f076,VISA,ec653d4a-fab2-4213-a5ad-42c7c0fb5875
f59fb904-140a-4dd4-b9e7-f08133b3ee27,VISA,41e31f6c-840f-4c84-bae9-1e53256d23b1
80ada6e6-59fb-44ed-9887-7e96aa36472a,MC,8f52017a-eecc-4a1d-8e05-3374e3448929
9c0f218d-2879-47f1-a331-b70ba853b4cd,VISA,8193ea70-73f2-4c64-b1e8-65db49fd1189
07f7270b-dcda-42f5-a3ce-113f385e3ae9,PayPal,a5a73235-fd9c-4f6c-bcec-20a0b44015c0
e312f5b9-ce10-4d0e-a1c0-04f4d726f42a,MC,33dbbe5f-b307-417b-94dd-8b4b3b4b8652
16350321-5272-42a6-86d9-ae8c46e47fd4,VISA,3a8b0f2b-1f01-45a3-b318-8142a9deaf9e
8c998e59-2083-4c08-bfa7-67cfd5402086,MC,9e83cedd-1682-4b02-b308-5a547f352f6c
49cd27af-46ed-477c-85a5-f983b38f2542,MC,888bb81b-1841-41d5-b9f5-9715abf35967
fc69cf7e-ad9b-4423-bc81-25c804f8f690,AmEx,9bada343-a2c6-4806-90fa-53a760fb85cf
8f0eba50-8148-4f54-8833-b589ef5930a4,AmEx,121451a3-b33c-45b1-8c00-f4836d1d8714
f64a100e-ebd6-44e2-8344-41176550eca9,AmEx,f1ee4de2-d080-4fad-97da-b252c3e400f2
fd75d59d-3dd5-4643-8bb2-f796fafede18,VISA,66e8bd9f-a0d0-482d-89a5-5c5863204560
fd7d0951-4833-49a0-9e49-b99027ea3a68,VISA,092e626c-cab7-42e4-be35-909bf0b602bf
26081d8d-b984-4321-b8f7-bd07a946683a,MC,5d3adb27-c766-4d71-a94d-11f8d768018c
1d2e184f-6834-42be-99ac-2b5d5a1689d0,Discover,f4b689f6-bad1-4a6e-8c51-e072a05834cd
f330e2be-8113-4a47-988c-1ea1d169c69b,MC,9a53c52c-7d7c-453e-8a64-c74fc02bec51
4228d1ac-9b48-4c69-b6af-67e04e6fc48c,MC,9ea6f96a-11ca-42f2-8c49-7b609f0b09b1
d966d925-e10e-4e19-9153-ac8ffb7425d4,Discover,a98592fd-c4fe-4a87-a1ff-2716d648021d
6a18a4e2-8c69-4104-b26e-6d4570c35008,VISA,4f58b368-a7c9-4ded-bccf-3134b36c668f
3269799e-c7cd-4bcc-8c89-fd1735197089,VISA,9e26ed27-be22-43fa-b504-3ff7c0b49d8d
26b4d052-b3e0-498d-b2e3-af7ef6d3c39a,MC,4ff6a25c-de83-48cd-8504-68b09dd017cb
f3f54da1-ffef-4281-8f25-0657e97ae75e,AmEx,a5b74394-a05a-4227-97d1-75c907ef76a1
827ad708-8d8d-413b-9cf7-3451e8a5dc1f,VISA,65f5070b-856d-4869-bef5-cf0b0d3a74da
207e444f-7fd7-44ba-a260-b04a126c25b0,MC,56961956-d275-43fe-bc85-f9b288aaadd6
8cbcb609-c360-47bb-b941-67f7a6fba765,VISA,a00c8e7a-604c-4154-976e-a54b5670496e
69aac624-ee45-4b08-b44d-d5792e18e1bb,Discover,6dd3decb-da78-493b-892e-f0481afe6e51
219a92e3-f7d5-4982-a06c-09a73db653bb,AmEx,7e5697ef-87dc-41ab-910d-b94664fa96f5
4d38d446-1e4e-4b6a-872c-23bab75c88eb,AmEx,33bdb92b-0464-488e-a829-cbafa2ccf901
c38fd48e-ab80-402e-87f6-dd6f7c93eea8,VISA,276a06e4-6675-48af-a08f-2d191da54a32
ffae4ea7-b48b-450f-a708-e08aee61312d,MC,db540397-561b-4123-8dfe-93fb4ac1274a
8b4ead5a-2142-47b6-a5e0-a8db1092f3ec,VISA,3481792d-a02c-43e2-aa7a-5ea65b629379
5cdcfe33-192c-4db4-ac71-ba50a8cf0e89,AmEx,bcb100ae-019f-4a91-936d-bc05ca35621c
a7265bd7-8811-43c7-948b-7dc03759204e,AmEx,85972028-09e9-4a0f-8315-05a7169983b9
e75a85f9-4fa8-4a5a-8c61-4e8c913a87d1,Discover,e3260415-316f-46ba-8404-886ecb6abb40
c930b2f6-e81c-4038-b453-1edf49f3fbae,MC,fd968919-144c-4507-a91d-297e7545239a
b6bd8cbc-316f-48b7-9ac8-1b92e7963377,VISA,6186dfbf-e811-4f6e-af7a-d3e80a56c2db
a61067e5-01eb-4cc5-ada4-f4f98440a580,AmEx,58a174de-3332-4a91-8098-f46a8cb0ae90
2327d4a8-b7cf-448b-83b4-6340c9f0b92a,VISA,f5dd8ddc-ed7a-417d-b49c-6b3b685d44b1
1cd733ef-cb36-4214-89db-956b9a9d1f83,VISA,163f9f6c-b052-4e34-8c94-5ce50a83d323
dda6f488-2401-4ade-8d85-69f403b9c54e,VISA,a24e1ed2-cf31-49a7-adb1-da31d290b395
ea32658f-6631-4719-8241-4cf639bd0c01,MC,16f8ab84-7bb3-412e-b00b-e63018eb8bb3
545ac02c-ae04-4c89-86e3-9988a64bd169,Discover,ff35572a-fb02-4b9c-804a-c3dadd43bb26
d3eba05c-b42e-43bb-8d10-20ba24a2cf42,VISA,0dc5d19d-86ea-4de7-a303-b74211c539f8
d0178faa-171d-4ef1-8674-5937482c1835,VISA,5699969f-8a31-45ee-8f04-1371a57ae084
f1c38140-ecbc-4072-acb1-2074885fc451,VISA,10c4046d-7cf5-4226-8bb7-42f858316cce
8ce7195f-033f-4b6f-abd4-ed4239a0a10d,VISA,bc9f4ff3-d26c-410d-9914-dc31c7991663
12e26334-d400-4a44-8138-088b22abd074,AmEx,c3c9eef3-7082-4fff-bef7-31a02a9b1d4e
51b4e204-b34e-4f77-bcc7-c31312cf695b,VISA,3fb5dd72-4725-44ca-ae13-a9ff898f43d6
cfa060a6-a823-43f5-b697-fbebdbff6019,Discover,15639d8d-a1cb-46cd-a81e-2d5988ab0364
e34fd973-f7ed-47e1-8892-51c5ca7a81ab,MC,9b385406-d01a-41e2-b227-92a396370382
ac1a1bc3-e656-4af5-a9bf-d5659138e447,VISA,6e753394-b34f-46e5-84ad-db2654f13d33
e51ec329-ae81-4f87-bcae-7d2bd9ce4037,AmEx,f2ab94cd-3074-49f6-877a-a977e7a31828
3d689ec4-3b5b-44c9-a3e4-92ee242ff036,MC,297ff94b-d004-413c-9d25-e98d50052bbd
60712a3a-0a7f-4f63-a0a4-406fd141a03b,MC,efd13f85-b932-46c5-a990-ae3c2edd812a
6d168602-3bc6-4ab2-bd19-d751437a2190,MC,c118b399-5544-46ef-81b1-74bde7e0d14e
1c2be2c8-6a14-4952-ac01-4160d9b3f389,VISA,b518d356-820d-4315-ac9c-91e1f62df1b4
06c7a5c8-107f-4dc8-8737-beb33cdd8603,MC,86f94bcf-4bad-4c54-a625-da203e4cacf7
d5722590-6ec1-46ed-82b7-604cfd14178c,AmEx,1af8cfd7-d50a-45ce-adb8-3d7ea0e4c860
29ca8ee7-7d7e-4389-9e09-fce9facf1a68,VISA,bbba219d-47bd-4555-b502-0e5f9e8f30e3
f7079427-c948-44a9-bebb-d53a8e9c67e9,VISA,4eb60a12-3e97-4af3-85a0-45d0b2847f6b
48c81bab-8f55-4a6f-9371-c6898327648e,VISA,66ce49ed-8cce-42db-87cd-27ee79479983
3a634dd9-e455-41bf-83f8-24e56839e358,AmEx,55843331-aecd-4026-be32-67b9d5525778
b6838986-bb5b-4bd0-ba61-0cb3ee426884,VISA,a0574966-59e9-4833-a638-9a1ebb6aac8f
1962bbcf-06fa-45f1-a317-7fa01d84ac31,PayPal,94370b3c-958e-4d2d-9f01-26cbe241ad31
a274be82-325f-4a22-8bfd-def993145351,MC,da7f4ff9-6dc9-47e0-81fe-affbc2cd058f
9d62a988-d6a9-4168-8276-dce4159fe893,MC,c694ae58-5557-4cd2-9dfc-65236f056d6a
57a684fc-7d12-4950-b51e-72f644600873,AmEx,3ebb6285-8bd1-4d6e-8bc6-3060b04b700f
b256bcd7-1b77-47ba-93d0-01b3c18a5bf9,VISA,988c6592-923f-4345-83b5-4a7740424851
5a40402e-c6c7-458d-bad9-20218ac8fa86,MC,40214fb8-42fb-466c-98a5-9b0077d6cbd0
c64c0c30-172b-4d4b-bd3f-9981a9b94902,MC,0d2da366-2150-4ab4-9ef7-d67f673932dd
fcaafcf5-89bd-4a10-a67a-54f87098583c,VISA,a0e0b08b-414c-4767-8bd5-0b5450d83e43
48657bcc-844e-4b26-a203-5f4020888750,MC,bd0c7dde-460b-4028-8eea-a126d88e97ed
0155e3a6-596d-4f27-9ae1-58768bf8f6d2,AmEx,bad03632-b4ce-41c7-bc5d-edb7485fa356
bc91327c-65ae-473c-93ca-c98314e313a8,Discover,005cde50-b938-4240-ade4-c7063d60b845
bd47ce6f-a76c-4dda-bb77-2241ab051002,MC,16e4b0aa-bc72-4ae1-8a25-d98a944dac0c
b1726e40-34d5-43e2-98c3-e5a67e4d971c,VISA,d64f614c-55f1-4456-aa23-6f9ca6e73993
e4cf02df-bc60-426b-a264-fab2b1616d15,VISA,55801255-e926-477a-ad7e-ee672d5ed585
1fc2bb75-41f7-4134-b544-f905d821a660,VISA,19a74f44-9e0d-49e2-a523-e2cd5031ec89
2a46cb10-f2f8-416e-9d50-dcfcdaad1234,VISA,dd02a040-2516-42ff-b2d8-78a430fbd6c4
1dfcd883-0a2f-48fa-870f-82f311eec102,Discover,c9bc65b3-b9c3-4a60-90fc-5beb62d25dce
94b186c7-df84-45c6-98dd-5ea76b686a34,PayPal,dfb75bd1-a8c1-4f1a-a8f5-fd4fd9401d2f
c8382367-13b8-46b7-9ff9-304f45340967,Discover,144af742-0079-4dda-a410-f6dfdb508ff4
9b033a2d-5aee-45c2-a696-79128c8cedec,Discover,3b9c02d2-2d53-4e0e-bf52-2f3f6c794ead
2fd7fa6b-70ed-47af-91c6-28f86fad6d63,VISA,f5c90d2c-6295-4ee1-a500-da42dc89c08d
700cc713-6e57-4b0e-a736-cbfe919ca063,PayPal,5a6df03f-832b-4959-9efa-4447924952e2
c036c9d5-9dd3-4f2b-b317-47c9887ac97e,VISA,b15d8df7-326b-4344-854f-8440f251c712
af88d24b-5fc2-4f61-896d-d47be31d9ec2,AmEx,2334f45b-963a-420b-9402-7f97c5073dba
30f48a29-ed3b-4b28-ae62-3a8e913e93ee,MC,fb22d5b5-b3f7-45f0-98ae-b9006a16878a
1c6eefff-91eb-469c-bcdd-2910a1455425,VISA,015853ae-9e57-47cc-9de7-426ba38ade94
42e43f1b-fde9-4978-8e9b-7f963c0d1749,VISA,93110e7a-2182-4682-a388-7dbe8755b6f9
9638a4fd-17e2-4446-987d-7c07d8a3dde6,MC,aebc2cf3-fde3-4aef-87ec-1e99de185aa8
6dd5984e-d9ff-447e-8eb9-c1bdd24a2876,AmEx,1893f250-11ef-4f93-b8b9-2219a3aff692
883da54f-7029-4b12-9b3a-5aa497f52f33,MC,5237d07a-0325-4d4d-b8a0-682f95242038
74e77b3c-a1a0-4795-8fa5-a9c3f3d302c6,MC,f96802d6-0fcd-4cbf-b25a-2486513885bb
76b6c7ce-c841-4f8d-9bb9-cc066186dba4,MC,9aa83fa4-b622-4dd7-b8a7-a2803d8c0c56
44b5cf67-6b3a-4b91-b365-7c4b0558694e,AmEx,9bff3f90-19e5-4486-8197-1c2295ba4be2
9d6d0024-7515-4e50-bb5c-538c353de448,VISA,0a2768d8-bff2-42f1-8c6e-71ffdfc9120e
de616757-5556-436f-b749-94869c85d548,VISA,663e8e54-2d84-4eb6-bead-ea8e427b0ba0
c5bfb049-7b19-42bb-a01c-eac3464765d1,AmEx,9cc274d3-908e-4f1a-bed2-45c7b8f420ee
cf4eab20-bd71-4fc6-ac5c-fd3d8ce5c01b,AmEx,ea2ba3df-42c7-4681-9067-a2a5ecafedab
95f03ba6-dd54-450a-9533-501e495631f8,AmEx,072e1f87-48f5-4816-b283-7e63f672f29b
7c615665-078a-45ce-8819-4698b0d3d45b,VISA,9f6d56c5-5c7e-4744-89fe-ab62ac42a3fe
0b9fc780-d930-42a6-90f9-b9483274095f,MC,63842cb6-8b3d-4a86-91f6-b4c4f27a77cd
b42e812d-c694-4893-964f-bc5bfa09838d,AmEx,247991b3-7810-4934-a6e5-507c6b26cbb3
a2b3c21c-504b-4394-9ed1-a45bfc0ebbe7,MC,0216394e-913f-491a-a8ce-13f991f4b2aa
4733af19-654a-48e4-9e11-c350b7fd152c,PayPal,a130a7e2-22f3-4b4e-b0fd-86a48e848efe
e6c3cc69-04c4-48f7-ac8a-95dca0c8d9b7,PayPal,fd541416-35e6-438e-847d-d92d46310358
b57c2be9-0cf6-4814-aca2-dd161e4f37f1,MC,96431398-3f75-4e8f-be89-e948a0d283a3
4b9ff6af-8f9a-4bc9-b2f7-3132f0e4a183,VISA,5be2f6df-48de-4086-8264-c466aa2625db
e32e7420-cc76-4ce6-b15b-fac031c6ff21,MC,03ad64a1-93a8-428a-834b-01da2ded3175
cb5f7b92-d2c9-4870-a1e3-3158a25826f4,VISA,c0ce9c1e-d05e-430f-97f0-c54896d9cfdb
224f2d7f-4aec-4ead-8038-b4b9e3410db1,VISA,eee025a6-3ada-4d65-b254-8eebbe6a0b57
1ed29c1e-481e-4941-9cd7-ef7975ba697d,Discover,350f7780-3bd2-4b97-a90d-059ce4d70bf0
a52a1908-479b-4cdb-bcd7-281bb05b8b61,PayPal,257c5c9e-e67e-4af9-b6b8-46dd3ef34890
571393de-81e4-409d-8745-3e77b2eb16ee,AmEx,7fcdf1e6-2d49-47f3-87e3-add272dcc749
b8456561-0bb8-49d4-a095-117198fbc39d,VISA,911419e9-a745-4a6c-9dfc-a06cc3ae4f5b
2b2c670a-3e2f-497b-abc9-c9a58eecab1d,VISA,25c59ec9-acc9-4ae5-aa03-dbefc150b114
b41a5a0b-fa44-432c-b18a-7e9ffa2325dd,VISA,0bfc94f1-7cb4-4b9b-823c-08b817be654c
a411bf13-e6fa-47fa-97eb-1152b3884134,MC,619f7c80-d6d9-445d-bf93-5149f2bd73b5
cf54c4cc-a718-45ea-a963-07ae6203c69a,AmEx,43af05fc-7998-4757-a9c1-52ef1c6a3371
d590ef85-1f64-4662-9fe5-1c1ec24fa084,VISA,1036b567-b44a-446c-8159-d052d32bb8c6
8cb4c8d9-6dc0-4cb5-9373-ca870e7e0f4f,Discover,45735c50-eb3d-41b4-8d49-6de0ec2dafd2
b0e69dcb-3890-4bf2-822b-5bf3a9253d91,Discover,38a2733b-c9e2-491e-a394-20f48e68ced3
e82234da-7c06-4671-b670-212481541ba6,AmEx,b68f2f37-eaa6-459b-8874-fcca8d6abfc6
c5b7a46d-f1e2-4653-a4f1-d9a2a2bd0380,AmEx,d8ce97a4-ce74-48ec-8576-58ad4a200bda
45e4071c-54ab-49a7-a91d-491b3cac2d47,MC,60df1698-a2e8-42f0-9c9e-ce5685de54b6
c7d60a43-44f4-4748-939a-689b66295875,Discover,c661cf14-4753-4d7e-86db-82c4059a6f6b
23d6453b-7b99-4951-b849-ea820be2ebe5,PayPal,1e12a6e5-9db9-4307-a211-27f423e0f3d6
b3444651-0d3a-4f3a-82aa-bdc81820de71,VISA,c0381665-5736-4af8-8082-7561189407db
fe21becc-4fcd-484f-95ad-b86dfe5bf4fc,AmEx,0f20fde7-76e6-4fb0-8158-7e7b5cc963dc
adff4932-cadc-4d21-b945-c97108639ada,MC,4c771217-07fa-4d35-804e-7f7d66d06d5e
c2c99a60-1c1c-402c-9e5c-ab4ebe51b2fc,AmEx,a4b988db-c3f5-4e34-9e63-b12621f6878f
bdc63e0b-3c8d-415a-ba24-490ad455dae0,Discover,a3e2263c-9f99-4e62-9d13-86fd365fdc30
783e9953-4d21-4884-8ad2-58ab1d7cac8f,MC,6d227990-0369-458b-8a72-f6888ff3fd76
202cd84b-5d99-474e-bdb8-d5fa0f793d50,VISA,824ea263-d28e-432b-9e7f-23b913f41a24
0cc50277-caa5-48f6-b4bd-ab6287d3c13c,MC,583a90c7-e82e-43cd-9663-952c21191a07
ca25e847-11b4-47bf-b21a-480068f5ee44,VISA,154229c9-8c4a-4516-a2fe-cc4f76fe935f
82b0b1a9-349d-436d-a776-83440505b68c,AmEx,ec0b6f4a-a140-43c5-b8b6-dde677a08f01
db9a8c1d-9bdd-4963-8ebb-048cb179a1ad,PayPal,38d2c031-92b5-45b9-b114-e33374ac63ee
d2c73287-4710-4eb1-a531-129e8db77a44,VISA,783531e4-3290-4c62-8463-ce4aa243d382
52ed9e12-caf6-4c3e-979b-d621f751645e,MC,eca347e4-b06f-40d2-a3bf-3811d3a05a9e
14fe6c55-a6c9-4ccb-8b3f-2f3596721f00,VISA,fddaf5a3-0095-4e63-a420-50bb13421d69
2835e5e3-10f6-4442-b56d-6953fa035ce7,PayPal,a636835d-e99f-4743-9d8b-e19a000174a3
16bda79d-77fa-4488-95f2-423b5fad583c,VISA,44d8f0ca-a67c-4a43-a8d2-154560123ac6
4954b849-dc5e-4694-830f-5447b4915d13,AmEx,26dcb002-82b8-43a3-b3a1-f9fd834a6d1b
3ac0b25a-a100-4d4a-9c96-d80edace3f75,Discover,71df7f92-ead2-4c5f-895c-1535127226e5
02b7d1c3-7dea-4ee8-a65c-c8fbefdce03f,MC,5eb3ff32-93a9-4a6b-9658-b1da5e6dcabd
c9ed6643-25d5-4122-93fd-30180fcbca40,VISA,95550cfb-e295-482c-a314-acc2a6f48e83
3ea2364f-ff4b-44f8-a54f-8dc557bb1ee0,MC,78a2af13-eaef-412d-afb6-bd5b2e8f3177
899a64d2-543e-4e44-a120-ee74cf11d06c,VISA,9d880588-c314-4c25-b7a8-3de79fc1c139
e4a7858b-5da9-4ccb-851d-f17673353916,VISA,2294081d-0c52-435e-97dd-cb60c92c9f8e
cc580f06-e752-42bb-bfae-9daa0dd1fb48,Discover,6c616c6d-9022-449a-a9f5-a1d9c734927b
a47937cc-924e-49d1-8c55-9e052418f632,VISA,5c6ae430-a1dd-4003-a5bc-291201b97f4b
ce272c0c-f294-4960-932f-e646acb475b8,AmEx,fd3923f6-350d-4abe-9440-8b1aa085f55b
e57a153e-1577-4457-b869-cd2a6b4cc393,AmEx,bb9721ed-6e8b-45bc-a5f3-e9ccd8f238d9
319def36-4a46-44ec-b82e-ba13ff9204fe,PayPal,c2ffdfef-b6dd-4c3c-bde3-8c2006a20d67
909308fe-d231-48dd-a13e-51f00ab2605e,VISA,2f86c414-efcd-46f8-9aaa-a49a5b85379e
ee40e540-59d3-4d8c-913c-2df6a28eb5a1,MC,7e90eee9-2341-4c9c-a4c5-339478091a36
692c2331-e3a1-462b-b700-99250b11d31f,MC,8c28a105-9bb3-4905-b834-df19690f2ca7
8f7e105e-5ff3-4dc4-b53c-8541e589f31d,AmEx,1186222c-1818-4613-9a5b-be38d14738ad
913a738a-4143-4363-bfc0-eaf23217401f,MC,5544ea20-185a-48b7-9469-baa6c85066d8
5688282c-c5f6-49be-9e3b-ce9927d31c2f,VISA,f2406268-8086-4fd9-bf3d-ebd592d9a260
5cdd2c16-cd35-4f2e-8d88-4e779a435b45,AmEx,1f72fd43-896c-4095-8172-50c6c6320a77
a6ceaf65-2408-4982-a1f5-f5dab968d760,MC,a2bdca29-b855-4811-bd32-53294bfbe03e
371fd35d-5f46-40d1-a392-303ae9e532b4,AmEx,a132e66a-78fb-4314-86a1-fe96ba57a387
af7af3aa-7b9b-4eaa-b65e-ff69ef285b4e,MC,977eabb9-a6f9-43b4-ae24-e1010c8e732d
9dcc99eb-7f56-43ce-ab4f-7d217f7ce2da,Discover,17157070-611c-47a3-8ba0-f88dd7893072
add654d2-f060-4ea8-a6b8-a9fa2c5149fa,PayPal,ebe50ef0-ea67-4312-b89d-d0d7232690eb
f6cc46cc-15f8-4ac6-afca-ae188eb5515a,VISA,e8aeb60f-0447-4598-9f65-f714647a2b45
d401e4f5-2fd7-4ba3-a675-13fd64d3e6a7,Discover,f5b1a4ad-8af2-4a99-8f65-de3a33e61e20
9f7aec89-81b4-4159-832e-26b7314e2fb9,Discover,6ab6a56c-6d2b-4959-ab2b-39d98fd93b1b
37680f5a-1ad9-41b1-8635-6eee5b7438fd,MC,bd9f6539-b7e6-4246-b69a-05435a5989d7
02bdad2c-3466-4f14-bcc7-db2843a75535,VISA,4e6a7b5c-2971-435f-b4cc-1929825a75a8
ffa266dc-342c-4b21-89f8-7f621728ba1a,MC,c5d88fa6-957d-4115-8feb-99162af32026
3f79150e-205b-4a6c-a464-02425266e282,PayPal,661a9649-b5fc-47c2-8a90-e5d284923b71
31013576-de7e-4709-85c4-757aa70ecb13,VISA,8b35668d-ad58-453f-9b2b-2ce120613852
319a8f89-a91c-46dc-a028-44600b7a6f0e,MC,ade8799c-41c3-424c-a33f-4a05f7448b37
091f59af-5a8f-48d4-a4a8-fc8ad150fcce,AmEx,e6a4caea-b48b-496d-b457-d84e3633f9fb
09d1cef0-6749-4afc-bd64-4d59686dae52,Discover,9a6a63ec-7de8-482f-bc8a-c9e091e32307
c0693dd7-da49-4a9d-a97d-dc9241623570,VISA,1b52a641-c39f-49a6-86bc-e823deb7e1c3
845c88ab-78e0-4462-8378-bb4fc3ba8d96,VISA,3f6e35f5-eb84-447d-be77-fd33099ead69
38998437-594c-44a4-b211-5dcc0ef071cc,MC,e25aaa0b-cb61-4b1e-9ea6-e3724ae1f048
55b8b5e6-cf0b-4a9f-a3b8-2d46b4958dd7,VISA,75b2e44c-9a34-42ff-a80a-c84d1fc04e37
6f3bb7a8-da36-42b8-a53a-d05b8272bd9e,VISA,5bb22978-50f0-4c95-9163-a9abb99112f3
69b88c66-4d76-4614-bc32-39de6927dd8f,VISA,71a455b5-946f-4a92-8fff-17ff8d366d42
691bf979-c3db-41e3-8781-1919957d6c9c,PayPal,12ff115d-5ebc-40ec-81a9-dd191e7d3e98
ff56b4c6-0d09-4eef-8c98-4f64d0ccae20,VISA,81e214d3-e58f-4276-a5fe-924be25d29f2
149bb020-86d7-470d-8ec2-94361c96ab33,VISA,109e4150-a4f4-4d99-ac02-20f49ef70fbf
3fe0e92f-6c00-48d4-b587-f73396077843,VISA,abf724a1-834d-4627-a1cb-df169610df70
f3ffa9af-3b95-4b54-a5ac-cc60a549377b,MC,8873e94c-859a-486d-b45f-8063e50aac48
efc9c348-0a63-46a4-b95f-399881d6e6f7,MC,31448c24-19c6-49af-ab54-70770dbca899
3cebb4ba-1551-4b2f-90fe-632781be3b86,VISA,86e635fa-067f-44b5-ae5c-519d60aa58a2
b824a96d-10ac-4709-8320-792672329a42,VISA,db4e720e-08a2-4023-bcca-d8237d295271
8b2be7b4-c648-41de-9dd8-14709fac23da,VISA,9e69e801-c104-4ddc-939d-b7098c84b168
d84ac5a9-963c-4205-a39d-5cf758efc78b,VISA,d8f51e2a-99e2-4c56-8498-a85641b62f74
3020c0ec-ecde-4c74-9e31-130ce6013a72,VISA,0bcb8a75-ac23-4e22-a1c0-e0431da57ed5
fb188872-1871-4e0d-9d2e-ce09d788af2a,VISA,3a32056d-d2f2-4a95-97a0-257704a8ad5b
3a9c7184-9f7c-4fcf-9fb1-1931e04aa5eb,VISA,ad9e8a16-73ab-4d18-a972-92121643e375
88c07eb7-3763-4b37-abb1-807f8c77debb,MC,094b5957-a8a2-4b3a-a692-b1e311755675
fcaa0487-c38d-4f19-a5c1-48af832b6fb0,AmEx,7fb08646-329f-43fb-be0a-09e380c11b78
6d6c5819-784a-4b40-b0b6-d290bda2af91,VISA,1470c2b8-357d-4c2e-b042-55f4206e5a57
8acbbe28-a51d-4e4b-96ab-85310eb575ad,VISA,d6f5533b-e992-4565-bea5-6d9b02475d5d
a6a37ca2-9208-4c45-a7cb-c4feb000ac22,Discover,ed41ee32-6dbf-4449-9691-a2a604412cfc
fb6ccda1-ab93-4ce1-8e47-2cde8ef7c34d,MC,c4dd25cb-66ba-4c3a-a531-fb4136382fe7
b91a3cca-d907-4fd0-9ba4-6b2ba2c2ee18,AmEx,836f3b53-8369-4ac4-b7fc-081370fd97ec
50668c63-8078-497c-92aa-f94d312ba2b4,MC,5f1c10a8-60f9-4961-a31b-8405992d6440
d35758f7-9f90-4ecb-9c0f-a7f30322bc66,MC,bee89a91-1c5b-4218-ac59-39589e0ef8e8
8b7031e5-7476-4c21-9ee2-ff31597b8a4b,VISA,7f1ae2a8-6186-4b77-bf0d-3f1649a4257d
117f9d17-b405-48fd-91d7-dcbd47542ed2,VISA,d4b038ea-b7ab-47b0-bc69-24f78de92a9a
4e8634c6-14f8-49e1-b017-87a5299a2cca,Discover,8ab0f57b-a5b9-4de1-b253-45ff135298a9
27b74d12-b410-4a8c-b49f-08b3c656a867,Discover,9c18813c-2b4f-4fdc-b856-2f6e9aa1d331
b5b56bdb-e7e7-4bbb-aed6-7f7c5abf7074,AmEx,119249ea-5f1e-4463-b0d2-a56044cd2819
7fdd5515-ec3a-4caf-9b54-ea9adf11f5bc,Discover,f2b90b61-fcbc-48a2-9a3d-a8b50ea9ec32
ee3c7d21-f3b9-4a3d-9245-d1b41b8ac14b,AmEx,d235cd50-ba08-4044-bab2-9c074d00d26e
7c6cc286-718f-46fb-8902-766c8732c5c1,MC,926d7332-260a-4590-b8c5-0a56838434e1
7cc42da4-9fe9-4465-8752-3d4e74f06ba5,Discover,cc360960-2568-4d0a-9e90-5342e11b1550
8f810e8e-98bc-4bc3-828d-945544477713,AmEx,9ac30d0a-10ca-4273-aaf5-2413150378f8
58c15ab1-8586-4e19-adb1-898e32a3305d,PayPal,9fcaf5ac-800b-4e81-858c-f8255934adab
c6d7b5e2-0300-4fdc-af54-459ba9ec9c9e,VISA,10b3dff4-2522-43eb-83c0-f3cea953c69f
e73b867c-dbcc-4b41-ae1c-638d56fc2684,VISA,2b106923-2546-40fd-b614-b642132ffbf5
5fc3492f-082f-4ddf-8608-baaef68cbf4d,AmEx,5a569fee-48dd-464b-9bae-6d7c8b903bc3
8b17b058-bb27-4bbc-99ea-80dd3423504a,MC,0d70694f-61a3-4ee5-8cd6-bed903280f0f
05023cba-86d3-4244-a4fd-d269f94d846c,VISA,9a7c491c-4c2f-40b6-bed3-c58c578ed379
5cd3e9c1-ed88-4779-b3fe-06c3615e26a9,VISA,b7580d40-4ac4-4a15-8e8f-c400b9f8095a
c32d6aaf-8269-477c-973a-3297e37b8148,MC,c531ebbb-3bd4-49f2-8dd3-0e071b1aed98
842ca34a-d859-4d73-af4b-8a398f2ded65,Discover,91df2dc9-80db-4232-b01b-0503839f73be
cf9373ae-29aa-4a79-bd6d-acd21d497fa8,MC,110020b2-4fbd-4d17-8dc6-f23e1ff47a07
a94f375d-7683-47f3-bc12-46d52ba8b526,Discover,99aa07bb-acd6-470e-83ba-ab6594592189
0a658a10-ce22-4067-ae27-6bd8512f9fb4,MC,f0f1252d-77a6-4f17-aa63-64503b4b7ab7
899b2c68-bea5-4a06-8c78-8019b848b3ac,MC,c28ec256-4147-4d69-9dcd-5444a404219d
fa7759e8-0634-4e34-af22-2ab8fbf758ca,VISA,5c41b5f8-0ff0-4499-9b09-777e417e0053
08b0a058-dcf4-49a7-830b-f0a593e7f350,VISA,6b8a0395-13ed-4e76-9bf3-bfc95af5e8e3
c61251c1-a76a-40e9-b713-5c6d4bd56eb1,VISA,711f592e-0231-458b-bd5b-0e2c0e828391
a73ad2a8-91a4-461d-8b57-e51141731954,VISA,9b5039d9-5239-4ef0-ac52-9ea76fafd13f
ecb217a7-78ca-4b65-a4fd-a85aa8be9d65,VISA,c672abd5-0e3f-4303-8e9e-c5ad2bf5da8e
9411a3fe-3b50-412f-b474-d4695437a7fa,VISA,a91ea10a-4093-4815-a19e-9c5f25608df8
98d1fed2-232d-4ea3-a083-6836a998a265,AmEx,7889fd0d-2159-4c6a-8c3a-b107d674ab69
848e3a26-fb4d-4b6e-8fa7-afa3fd6ab84f,PayPal,79836643-a616-499a-bd0b-8247d8622d11
30d0fec8-9af6-4fd6-8b23-8e75a345997d,VISA,3edec7a0-e048-4d02-bf5e-6bc025a43120
d1ad5ffb-72d5-4dd4-9c15-81367613f4fb,VISA,c9531ed5-3e69-4e6c-85d3-98c940733fe3
e9c2612c-f667-4323-93cd-0f31ac20ca9a,MC,274085c0-1f63-4ad7-9009-559568218780
68245743-fb96-45db-a0be-1410481031c0,AmEx,5191b1f8-0cbe-4cd2-921a-08d6f04e3f27
38003ac1-90bb-4fb5-8dce-23e13f2ca2c2,VISA,94baddbb-82e3-4805-af43-347db62c3f28
83fc767a-01aa-4ba2-9654-cbe499afac2d,AmEx,a5a05469-09fc-48b9-8fc8-8f449093e572
dde3d39c-a06a-4e86-a4ac-2058a1b705fc,Discover,8300ec9f-630a-4338-9396-7155c826183e
83577d35-e42e-446b-ac33-d68e6a4d3ea6,AmEx,b6ec0e71-7d7d-4758-83d5-2710c40f5806
2226f29e-588d-4425-a153-9379792643e4,AmEx,f0fb9231-913c-49d5-b520-5c3d102f44b9
0d15cb5c-38a5-46bf-975b-1e6b2ecdcf4c,VISA,9040e3eb-c5c6-43ad-88ad-23b9310e5346
7caa01ef-3fb3-4bdf-88d1-c0208a684935,VISA,5637c322-276f-4b08-92a0-aa282b20cd12
17340d0a-c153-4080-9aad-93d51dd94853,AmEx,9c0b0991-1528-4c9b-b1d8-0ed8901b40b7
cd83a34b-549e-4dd1-ac38-f411820d5bd9,PayPal,e761c815-957e-4b08-86d4-804b46fee6d2
194dbca2-e80f-49bb-8bc3-04c073af2eac,MC,fe2b27f9-db5c-44a4-bbe9-41344dbdc991
10b7d36c-09ce-491e-9345-6790c49839d0,PayPal,42a4884c-3c85-43bf-b3fd-dfbd2b367052
98d4f6da-c379-44f8-96e7-beaf9723022e,VISA,7e3dd964-9581-46b6-ae39-69c3a0f1cc5e
e8d4e944-d597-49c3-b231-ef0d83bc5ad2,MC,c900f136-e25a-4ef1-be1a-4a93c5a29585
f201e5cc-0980-4392-93d4-16138a3a9e1c,VISA,4a245cac-2407-4a0e-b85a-ce63682874ee
251cf5d7-6ef5-4cd5-a9b2-5aa621ae9cd8,MC,999f1ab7-5c5c-4610-86da-9c6cc0f5c0ac
958c64f3-9f35-4ae3-b3f7-bc421c700781,VISA,9b67b106-7bc8-4e06-97ec-266b84d134c9
bacebf95-9718-4283-8bea-12a61666fe71,VISA,a2f2a5b2-df74-4f82-86b8-8f59cb5487e3
6afd25d1-e71c-4dd9-8013-b91eab3256b3,MC,9809a49f-326c-4335-864a-136ec9634918
eb94d7ad-7872-40ac-a99d-7c685b1d2165,PayPal,e495623a-8525-487f-bd53-554a106f38d4
df8a4161-7db2-4ab8-abcd-e49219b31785,MC,2f6b3969-4959-4bd9-9f4d-dda3225b7e76
db4a8a90-61af-41fc-a618-6770c71adc12,Discover,60d1437e-e15e-4175-ae06-bca1f79fdaa5
3b6bb13e-4f60-4f2d-a46e-d93e6d775139,VISA,9bc94538-5504-4fde-8732-96275ada3ba1
1aecdad7-1e90-405a-bbb4-e9b6ec259d9c,VISA,1cba4ed0-0aaa-4710-bcda-c8e7ae497c36
97fa5a46-398c-4b0e-b2e7-88fc56029998,VISA,a221cba5-5c95-4281-9de7-da2e7acb1841
422a486f-4557-4ce4-bfbb-4dbe468d5d8d,Discover,e4b99d6d-deeb-4280-8ffb-1c2a7406f19e
49d4ff8f-f450-4805-80f6-cb2e650dd9af,PayPal,97cc42c6-b7f0-4796-84b5-1fef8667697e
b9e032b4-43ce-463c-af8c-f5b05efd02b4,MC,cfb7ba23-8839-4729-8476-c97ec015bec9
73f58b26-10ca-4d71-b6e9-2b2609082bea,VISA,81e323c8-cbe8-443f-9aa8-084b999cd018
9f335349-f771-4995-9ab2-69083297da90,VISA,175039cd-8f9c-4ae2-988b-f247790798a3
406559d8-7d14-498e-8ab6-7826a0216ce2,AmEx,46a6a997-8f58-4ffa-a7ce-89eaa81d0d3c
d8d7151f-398c-4cc8-b9b3-fd9258f01d13,PayPal,ef9b1721-8776-4d08-8ab8-3fe60e7e6c01
cc168558-7ae9-41be-9ec8-6955039d1a24,PayPal,319534c1-4753-459d-9eba-03681667be48
e0d0c7a3-7414-4272-8e58-c15a161e1a0b,Discover,a72a232f-7617-4792-a45d-5169834b88a9
d49550b4-b53b-4ce8-bad3-43dbce5d1e15,AmEx,2ead1008-03af-4267-b388-43c38c8d8264
c20cce06-6159-4769-ae0c-280075dfd6b5,VISA,43c5d777-50d8-49f3-81bd-c4e55083c2f1
8d8ca5b0-842e-4ebc-bcfb-16eb0717d144,VISA,5ea47285-b1b3-4a7e-99af-1e3195e9e51c
a080f96e-cc1b-4576-b71d-d4860268c467,VISA,7bc35668-722e-48a1-881b-3275c8bb2545
d5980cf7-2d36-4e8b-a446-bec82d15be18,VISA,f1c74d18-67c3-4999-89ec-9206c99de4e1
86ca7dfc-b6b5-4794-8ce1-cbd25289afea,VISA,6c418c9c-c7be-4de7-bb11-d73fe50a97c2
791a1405-da7d-4028-b7a4-0c6b1aee3d05,VISA,56dd349b-63c9-4f87-99a1-13db36392385
f93bf272-3ae1-4496-a70b-aa6dc7ec98d0,AmEx,426e29b0-8617-4340-a869-568304d98c4e
d26936de-a8df-4f0f-b088-2bb8acc9a036,MC,1ccb4c1c-352c-4a79-8e40-e10785afce56
7a3fd302-c1ec-412c-8daa-9199cbeab22f,AmEx,b8376d3a-514d-4c71-b659-c1155aa3b597
1c4582b4-adbd-4c89-a9eb-0cf5ba5fd92e,VISA,2c6af305-b0d7-49a1-b346-bb58e9f6ba46
93533317-3f0c-4d21-960f-e73bd6dfbd3a,AmEx,0028da5a-c56c-4590-999f-f57516efe86d
631c4311-8287-468a-ab88-2ecf7c34c382,Discover,faaa8a4c-7273-49b2-ab86-5250b168e628
cbf5dc5e-8e18-4829-83e1-814ba17362dd,PayPal,0e809202-2e86-415c-9af5-82ae0e2f57a0
bb629a3d-732c-4bbd-939a-c2da8cfb5baa,VISA,295a8940-03cb-4031-b7d6-e55d0c5e7741
3db27ed1-d193-4e1b-b567-a1b61ef43caf,MC,82a2c52b-2c1f-4a8e-90b4-e1940a03f18c
c0cc8969-aa93-489e-86dc-49565748f44d,AmEx,9325c08f-8233-4a0b-9f80-dd1f8c2ad364
bc8fb12f-2b6f-42f8-87df-ad0cc6074ea2,PayPal,7036cadd-0e7e-4c45-b875-ca5b3c98347a
c6630b1c-cf95-4d13-916d-ea9b19cbb230,MC,d5ade252-dec8-49e6-92df-815b02a3f44f
b6aafba6-b3f2-4b1b-af46-9d8d38e11beb,AmEx,6ad6cce6-8b47-4dfb-abbb-a6d3d877897a
714bc8d4-5b52-4a39-ae8b-4a9b34195617,PayPal,2214fbee-8471-47dc-a586-ffbf3a3078f9
6a7cba3a-dd51-48e0-bcef-5d8e05bc0382,AmEx,93bd9d91-690d-4647-82e6-45dde1d70460
90bde3f6-0062-4efd-a907-180dfbae1c0f,Discover,0bd2ee3f-eb97-4858-9c8b-e6da6d4547e4
a53a0af5-bf4b-49d4-a571-8154291bdd96,Discover,bf02bfa5-7575-4b9a-975a-11f611a021cd
947d64bf-512c-4e5b-b19b-bfa698ca1213,MC,e5a75fb8-4bd8-47d0-8047-164ee23f6fef
11d6ebb2-9427-44b1-886d-86e1dc206993,MC,d9957f26-993c-46ac-b98b-c1b5168052f5
05f78fb7-8e67-48bb-ac42-ab8e442888f8,VISA,49828e92-dbb3-47f4-868d-479fd6b4ab63
f7eb179e-692c-43ef-9fdf-31845cac0c53,AmEx,923b70a2-f39f-4a84-a703-4cd1f1ce867a
0009216f-e18a-4000-84d4-dc9a8defc206,MC,63a9a50c-5b89-4240-8267-c65b13338254
7dd7ffa7-77cb-4f85-8038-f0f8e93b280d,VISA,6d2d06b8-03f7-4c5f-aeda-a9c078d142c6
d1a208f3-f09a-4d4b-a4eb-7e8136c8c225,AmEx,41dc9170-a972-4faa-9bfe-dab452ed8459
cf15a73a-facf-47cf-8290-612ac120f1ea,VISA,d88540ec-106e-4a41-b460-69ba165e9fe0
324db288-cde1-4bdb-9c85-e975343c0bb2,PayPal,f534b79f-3779-4655-a760-380af87b21f2
967abde8-a6a7-4b88-aba4-ab52872231df,MC,1db4fcca-81e8-410a-9b5d-b723a3cc4d7d
5d2bbbc2-c0b2-457e-b69a-2a0364f4dc9b,MC,ffb7d28c-8f35-42ee-bcdf-1262cb97810e
d789e5d9-1a83-467f-a029-2e23af8005e7,VISA,ee1262be-8575-4610-9521-c4580c5a4c95
58179d0a-9c26-4c3c-b32f-60912ad024e9,VISA,61823bee-5a1e-49e1-84b6-2645c2942694
a3cc1d36-d23c-4eff-8b2c-2addfbbde16d,VISA,7abb6e86-0bae-4d25-b0ef-22a83f655a5e
b66cafe1-8668-43d3-a6b2-52e852cca253,Discover,e8b4c5cc-16ab-4f3c-9a28-663b3082983b
ea673dda-8ce0-4eed-a727-7e762ec2a01e,AmEx,b13e4546-6fd1-4cc8-bc9a-540f08ef0bd3
048fc59c-825a-460e-836a-4df4562cd49b,PayPal,0e44f1e6-8e23-4b32-877b-2e8cc0d69d47
3026ba0d-0d8d-4c61-93d1-f420bc1ed7c9,MC,6f432375-27da-49b9-b3f5-38074a03ac5c
b4704ec1-1759-42a8-a66c-9c6e41383691,Discover,00b35d76-7b4e-48c4-9cc0-5d5caa34c2c7
9830d814-e567-4870-844d-77295382fb5b,VISA,f8d37fbe-cd01-48d3-864e-6e91cc6d8d3f
1f50e4c6-8cbc-4813-b29c-712dbe63c462,VISA,418315df-fb7d-4600-9ae2-254d0081fa6a
78132365-155a-4df0-962e-bc1611242e97,MC,112b85d2-4827-4770-a6fe-b9f1c0b109d6
3786b86c-170a-4f4f-9b49-3a580c5bd033,AmEx,a04bc9e0-360a-4efb-acfc-8b1396bffc77
0497babd-e610-479c-a490-6fc0d5eb8eb9,AmEx,96a738f5-5f77-4c1a-b100-79658f4d8746
39b812d6-ad2c-4728-b269-40ddd4f729da,AmEx,3cd4af84-05c4-468e-a363-2d9dec87258c
5f20af91-e66c-46d0-bd78-a7fd64eac560,Discover,60b64ea0-d5c4-4318-9b66-b8f3b8948441
c18e3e28-6f74-43ce-a812-7e5dd582484d,AmEx,b6c65bd6-122a-4579-914a-a2cc3f2a7b4f
9be2b8c3-0dd4-4003-afdc-278f3521cca0,PayPal,9ad76ee5-f81a-4ad7-a69d-3cc4fdd425cf
503e19b1-2bef-4750-8774-07d95aa1d839,MC,32770220-1376-4aa7-88a7-cb77f129c7bd
696dc8cb-ff0c-4904-9f6b-8a158765fcf6,MC,65cb2eb0-930d-4e8d-9086-b1187cdd213b
4c043f62-3c45-434d-9a4c-abd24681b9f8,VISA,7c7a33da-7122-45f2-8e2a-f328f7f0f865
24e8f4dd-dc96-4bad-966b-93194893085b,MC,9f4e8890-74cd-4322-b254-3ac61ceffad3
1f1391a1-f925-4eac-b489-56dae461f7b7,MC,111d458e-59ea-41c0-bf1e-b5ef0c3193ec
a87e1d2a-c070-432a-9e6c-70a414fc66cf,Discover,c4a765da-6cfb-4718-8f6f-2ac8d1d033be
ee2fc4a4-99f7-47c7-b0dc-fea045821f78,VISA,be372012-faee-4548-9024-02b13677a9f2
889a9790-71f8-4240-ba0d-ff88f7408365,VISA,e1a095f7-abb7-4a62-bbde-eaaf8b59bca4
0c72c248-3946-4bda-9e8f-96f48594c850,PayPal,717859f6-8a04-4556-997a-4bceb221ede8
3e9fded6-2ed8-460b-8be8-e5d25f22a7f1,Discover,5243c263-1aa8-4d11-b1c1-af38f6e78577
3d5b7d25-1836-4369-b019-53731cc44b68,AmEx,1c3fea13-65db-4840-afa2-23bb0b264d7c
18a1a46c-28c0-41f2-9ad2-5ea15a7bcfb0,VISA,203e47be-b784-4a7b-ae5c-70c0c859198a
b101f9c9-505d-4a27-9bfc-696040a18dba,MC,6ee0ec9e-eac4-42ed-bd78-0fbf26e9e371
29f5e68f-e5a3-4982-8d71-6f25d1d2b2cd,AmEx,4ef42408-4550-4a64-9814-fcdf6e9f0da2
122bfa09-74d6-461e-ab74-2ebe4cde85b8,VISA,443e1e91-dd4d-4919-b4d6-2a2f4aaaeab2
d509da71-f614-40e4-8b97-e9c09ecf1450,AmEx,80b16f68-0512-45ac-9145-17ae825a2b2d
fdf2f945-4daf-4ec9-8df1-abeae0b9161c,AmEx,7768e72b-9399-418b-9825-6fd343ae846f
25b48708-82ca-4162-9489-bd3b776ac453,MC,ee31adee-8e2d-4f14-afa6-6af05d4df2a3
473c0399-8483-4180-a9da-0677dc5a399f,VISA,4dcb9416-3a1d-42fe-bae0-841e424f6150
03c1f7fa-6205-4914-b443-e9950a5fd2e6,Discover,26c90b45-34e6-4408-b4f2-a1ae2a19cd35
9dabebaf-8cbc-4125-a915-567451e9b7b1,VISA,ff1c055b-eb9a-41e0-a244-9b32ccc95fb4
ae39ab1c-052f-4aaa-8006-d7e76be28db3,VISA,bb29dd7f-4ce9-4403-9a0f-6660d12557e8
e241e2d5-7873-4a3c-8e8b-e677e09fdc60,PayPal,fbcabe25-885f-4799-8030-0977240abf46
a5e3a6d3-b637-4c0b-927f-f0dc5c9cb82d,VISA,348ccc4e-dda3-4232-8602-1e3e29335048
3baaa4f4-5b13-4413-85bb-71424ffedb92,VISA,3217118e-76b8-4ff2-a83f-4479cb397c8d
5b69bf77-672c-4f14-bc20-bea2ee801e6e,Discover,8fb0799a-4467-4b30-a1d2-6ecd82a1f3de
107d6bd6-f7cb-4b73-b327-fd7ed08030f8,VISA,20905935-46ac-4ce0-a55d-1e36e0dfd09b
16993a80-853c-4035-985a-faad1a3a4f59,PayPal,9d1d556b-68e4-4ee6-a8ee-b760e7d41eef
6ef8b393-c425-490a-aeda-66dd4df0cb50,VISA,0f132d2f-f498-4a01-95e8-846db3a0cf9b
9ec493ee-d7b3-4810-8aa3-604a2cb79c73,MC,e82e8344-90a2-48ee-b2d9-f237d778021e
d99f7856-e9b1-436e-b8f1-850a5aabe121,MC,2f8a8d55-76fb-4f01-8353-fee60ed4f850
f2870fb0-4baf-4fed-9c1b-30d16ebc9e1d,PayPal,38dc1f54-6f54-4243-b255-9c4c02373524
55ac6e6c-c2c5-461c-906b-188af1e008df,AmEx,06636cc2-a1df-4ed7-b43c-60f8af5b3fa4
f13f85dd-8bd1-4e26-8146-25742b705a75,AmEx,bcfbc28e-966c-4f19-8264-9921270f8221
6f42b743-6fd8-4317-a67e-346a22ae81e2,MC,5091fb02-3df0-4e46-a1e4-4623e8916cbf
cd0f66b8-74d7-4392-abb3-6f1d4ca92c83,AmEx,0a5ff78e-32d9-431f-b654-df23b594593d
9e9961bd-4e7a-44fc-8161-806f73c49d59,MC,ab27532a-f78e-4af5-b70d-26ec14bc7b8c
ce601054-b32c-4272-a632-e4b2803f80e3,PayPal,ccd85cc6-bfaf-4270-abd8-6e5626d69918
54042f43-892f-4629-a0bf-ac3318943976,AmEx,01cd8773-a8a7-487c-bd5d-8ff4aa71ef9f
14723a61-5137-4029-8c5e-cd790b616923,VISA,da26b36b-1719-4742-9bfc-19dc2e43cac3
d3cc4e8c-dc29-4789-85f1-a9cc58564b02,MC,4f4e9687-fe33-4a83-8746-28b95425663b
b33f8bcc-ef65-4255-a5ef-ebbfd397a6f7,VISA,88d2c0b3-b8ce-44a0-a46e-75478c64f64a
acd290fe-2a66-431b-bbb4-1eaf1a8bbe34,Discover,aae1bda3-f5ad-4121-84ea-1246ade0ce46
b029166e-79c9-4805-9615-fdd68f383290,MC,08c77552-267b-43e2-a565-5d5baa899e1a
0ef76f4a-d322-4eb4-9a18-08073f292fd2,VISA,cafdaf4c-69fb-4591-af51-060d52896786
29177c0f-e4ce-41eb-9cb4-a85fe0f9e545,MC,43b84bfb-74d6-4652-8388-42f68edafd69
33c92298-8486-4b6b-b678-a12bbf52d283,PayPal,c287a89f-5bf8-4ab2-899d-5f06adba8437
ece9d611-36e8-4c1e-91b7-106b7090d51c,AmEx,fcd31932-7d05-40fe-a671-f92911f62471
54673d17-61f0-4f69-8dc6-d526e4ebd0b7,VISA,e122c093-2609-474d-9e00-8792846d6e10
8d1ba9a5-e8fc-4081-9e39-c1854c5b4854,VISA,bc76297a-7053-46f4-a258-0a4cf17f3511
0a323530-3536-468d-9edd-2ceb8cea6bc9,MC,5088f5e3-18f1-4552-ab20-d70b531bf2cb
57e4238d-c105-479f-a288-31b67932fc0e,PayPal,e8b04c90-cc78-4133-99e1-070503d94763
3ce0de19-b819-4f0d-89c9-53ed16bffb8a,VISA,c2e848f2-826b-4c41-b672-5d3a092bce59
f11e7048-a272-4bd8-9c19-f76345321836,VISA,3dcac497-fc4b-4e57-aabf-da4c4d4c13e0
4a3ada5c-5064-49fb-a3e1-c5939ad94e52,VISA,a8645de2-0618-4b75-a072-7f4ed28daef7
80e28a08-dc20-48e8-a66e-32aa280615d1,MC,b6da8731-a1c2-45a6-9593-43a41b09bb0a
6001adb1-739b-44f3-9806-f2ab37c326a3,MC,38c49a02-73a9-41cb-9eb6-bd07602d8ded
358a6dec-6091-477c-895c-3f0775dd3e7c,MC,9a830d12-e0c8-4ff0-a869-58ba7b97bc34
05ec5625-39c7-4218-abe2-85ac214ccfb2,AmEx,3608f1c7-1531-4c4b-b285-3ca03d2bac08
771d23d6-8472-4d75-833b-4e44548c3976,VISA,5f41baaf-e44e-4d7b-a662-9d6df34e4afd
aef5f363-3adf-4b2e-9738-7509bdbbebf4,AmEx,c3a04349-e14b-43c1-b92f-221a955fe460
a6519e62-6a1a-46bc-89a7-29d975559c2e,AmEx,a47a3aed-e1ed-42ed-a4be-d900b3a2a23f
559b4d63-bdbb-412c-98d6-8ec2764676b1,AmEx,c9479207-712a-435e-af50-62b9906baaf9
f7ed4a7e-d14f-463e-8a64-4b6175b93fb0,VISA,bbb7a97c-d288-4b09-9d4a-3a86a0ea62f3
269584d6-1671-4c49-88ae-079a6e027dcc,VISA,e4f7265e-bba1-4bef-8f31-a74ecaf8594d
4f7b6bb1-5d50-4301-87fa-d338ff11942e,AmEx,c3f43b21-7e98-4792-9250-d346827f783a
0cb84354-56e2-48f2-9b25-e7069d07dac9,MC,5e6be86f-c957-40d6-b79a-5d8538fa3776
83428f38-f9ec-4c7b-8142-9e1c58ec7e81,VISA,4d840f14-3a61-484c-b629-3e759ddcd0ee
16b76a0d-26ea-4a63-901a-fa038d2ff2bd,PayPal,9780ddb4-253b-4f06-9e5b-3c8fe53e6878
c94d1851-49b0-4d31-ae92-83e95fdc35c7,VISA,23101d76-c25a-43ed-bb43-a11fa328bfd7
a9294322-09fd-44d1-b557-4e22bad1fe5b,Discover,0d6950e6-113e-419b-8f0b-28dd36d3b772
5510b615-ff43-48c4-a4f2-8da7734befc7,Discover,cf774902-a7fc-4cb3-a668-9693df499a5f
bccdf943-5934-40d8-97d6-eefcd422bf1c,VISA,2ce2ad93-4d03-4a6d-a11c-c7d2796b8665
889c6660-65b2-4005-9b32-06f58b177cc4,MC,a505bde3-c86b-4552-8a1d-5a0b286bc728
de23b1a8-5750-4e17-aa40-bd5707ebc03d,AmEx,41c3abb6-fa32-4130-a47e-6f704c840b5c
6b0a6bdb-dca8-4869-a4b3-c512aeee1814,VISA,fb7f2d4b-26a0-473a-98f2-2fff412b6f59
e7622bd5-a899-47b0-a8e1-7963becfa97f,VISA,b6e9afdc-dff5-4595-b0f0-cabfe1ccee58
382c927f-7128-4c08-9eee-812bf8f0987c,VISA,b00f9889-defe-41b4-b8f1-8344937097f8
cf306115-acc5-43c6-a5b6-862b30b492d3,AmEx,0feb4fc7-c16b-4d39-ab6c-772e90fcbd6a
01c580b9-ea51-48da-a98e-cb0f2ccd405f,VISA,9e0b1b6a-092d-4256-9bb3-8c4f46a93c53
04a0ba0d-29b3-4580-bc92-275ba543e42d,MC,fa6e99bc-c12f-45b9-9ecc-4f42b755d7f8
547fb1ae-9f22-4c2d-80a5-0821dd1b4e40,Discover,e75a6184-77b5-4ce9-ad45-7f455e500bcb
4528826b-7667-4c9e-819f-e4369a192bc5,MC,b1eca350-fc90-4af2-b7a2-ed9c10c7ef85
06d0defb-6e42-462d-a6ab-40abe0d3b775,MC,3a0412e1-9e2a-4885-9e93-4d35b3f8d6eb
81ab4726-9742-4350-bbf9-e018e1149c40,MC,f4fd1574-6072-43b4-9502-d521b48fa018
d02e95d3-42b5-4ee1-aff9-a8714f45be22,AmEx,b2f0dd36-0048-480c-b993-348b7953e362
ccafa81f-476b-4ad9-bbaa-95c52d9238b3,VISA,d1a13d8a-177b-4f2b-8813-479452cb3c2b
dcb2e58f-8481-49fd-b336-ab3b3e69497d,PayPal,ccd8460d-cdb1-4502-8819-f05f1d826f54
073c6303-8253-4d6b-b18e-9eae1f66809e,VISA,a8860800-8ac9-45a8-9b2d-30907b6af645
c3457da7-d46c-409c-b8d8-ed343caed05e,MC,d6b9fc78-58c9-4237-ad1b-7d5df044e731
c6a32981-6e66-4829-90c6-cb2e58860188,PayPal,1e88f81a-2c4f-4fd7-8385-52c7059b58a8
a1811e15-5f18-49db-9b52-8fc073a44963,MC,cca86e35-e6a1-4bd4-b033-b41bfe69586a
31cf3991-de55-404a-9bca-2edd56040c2a,AmEx,05aa412f-86db-4bab-8f3a-b503745744e9
4d4cbff8-2326-4e71-b35b-1f583bd9ba82,VISA,18bf716e-8f0e-413a-8828-6a40e86bd13f
7b773ad7-5810-4b1e-a192-bfbb3dd505f6,Discover,c34077cd-802d-4718-b483-0dd132d5b04d
f9b35bb9-6910-4966-b237-4e1dcb9f258f,Discover,75a5d181-4d3d-48ba-8d36-4484e8d6dc09
d88eb1d5-b407-454b-91d8-705481a5c4a9,Discover,1ab023c1-7c4f-4477-9072-172ac215aea9
0bbdc5f9-6c5c-4da0-a8bb-dbdd3298f7a8,AmEx,f3fa8182-1a4a-4843-a587-70242f306da4
90717bac-b61a-4b53-99ef-423b01436ced,MC,af15a53c-9db1-410c-9abe-ce71c56cd06b
65134d9a-9c89-4667-88c6-3a71174c486a,VISA,3a027f43-682c-443a-9d8b-d10ef270f63e
1b7dcb89-f1c5-4b15-90bc-9052d5d4a3e5,MC,f761ecc4-b62e-466e-8f45-07d383f39ff0
32f9a07a-001b-47d5-8f41-3df9224751a6,MC,3c9a1072-40f7-48d1-8f0d-0e90a68270b0
552eb276-d7c9-442a-a0c5-efe1958ffffb,MC,494ecab6-c03d-4703-b9b1-a0e5ac16fcdc
405b41ce-94c9-42e6-8f60-be03b3639668,PayPal,4531c8fd-0bc5-414d-8cd8-a28c406c43b9
7dbd8c3f-2b90-4026-8b78-3f44acfb238b,Discover,3b81e0bb-bb21-46f9-b565-1363aa041b42
20fe4ab0-12cd-4a7b-970c-695fbcd5050e,VISA,a7a73e9f-77ce-4d66-bb1f-7dbf9c75049c
fe4ea890-e58a-4e32-84b5-1dbce12666f5,VISA,740f0b80-18d2-41da-99da-86175d1a36de
13f765e9-3e25-403a-833f-084fa86b18df,VISA,3390be20-dc41-4864-a44b-3ad398092369
7cb8bff9-186e-4cfe-a83c-6cab2024e5bc,VISA,98bea937-e648-4f48-859d-7aa0b78eeded
155c2a1d-d847-41d0-9af0-a9178b99adc0,VISA,7e5bf901-e56a-4927-b476-474043192550
f9a502e7-142b-4d58-bbdf-176f20a3f746,AmEx,6ee3cea6-1b66-4e0c-9dcc-09477ba31d75
3ef2a523-d444-4f8a-89af-55ac5c615f97,MC,bbde7b3b-a367-4916-8bad-d66ecd17ad60
31136f77-98a6-4990-bb98-c68e381a9fa6,VISA,7c119760-26b3-4a9c-9b54-4258568b5d85
36cff436-2a77-4eb9-95c2-7e1bd69d297b,MC,038f700c-7c35-4e15-8cba-19f00fa016a1
fe141918-e52c-4931-86a1-d746f84dce90,AmEx,b35273f1-303b-4c2a-ab54-f8b54a1a7102
a4338a77-cb14-424c-8f30-15fe7bfe5ed4,MC,9fa80dac-9cee-4e64-ab8a-95a8b636ed9f
9669abfe-3fa2-4f2c-a4b6-6798770df6da,VISA,71f17099-1052-4006-aca3-b2f83361bc1e
bcb0425e-31e1-4414-943c-6e2ee46b29ff,AmEx,5c67de4f-33e5-480f-a696-dfe4520b1f44
385f6ddb-5dae-42bd-9bc7-fa63aefa7499,AmEx,1b2b6f91-e809-450d-a6bf-6db26f74ae4f
40e91e71-1c3c-460d-b07a-ce05f7ac7874,Discover,8191d4dc-af13-4af0-b50b-3f72d475eaf4
463e40e4-b897-4f75-aa51-6120dba09a2d,VISA,53da7f3d-396e-483a-970a-c9c19ca851c8
c5046f33-01db-499f-b84a-1754e9392d46,Discover,56b01daf-64d5-48f9-8d77-f2f838440df6
95b33773-c83a-4504-b26a-db2a9132bdac,MC,2b8cb337-714a-4424-a494-79438b14f7ba
c3be7bf3-ebf1-41f4-bf23-d7b6da05477d,VISA,9f3cf8c7-8b78-45e0-bcd7-246750cfc1d6
444e314c-7cac-44bc-8e6f-b8050c9fa2e3,VISA,9777bdbc-438a-40ce-b799-dbafee87c641
6218cf3c-0f69-42ed-823d-89082028f8a9,AmEx,a7cc9f2e-2850-47e8-8910-8a191bced7c5
47def8be-291f-42c7-882c-b496c7a5ed7e,VISA,e6db6089-d2d9-4c99-9657-99371506ebed
f4bc6e81-948d-43ce-ac0f-a0c936941fc1,VISA,fc1e1336-72a9-497f-8577-cb71ac8dde84
310d7d1e-bfc7-42cc-8076-5811e53cbca5,MC,e48148f6-5c9d-43fc-864c-1d93c5895c88
c5e91b08-27db-485c-b5db-1a0e5ebcf541,MC,97d76e40-43ea-4b59-ab6f-1be7c5c28732
e49b6e58-5569-456f-a8ae-9a27f940ab90,Discover,3a0b5cd7-81cd-4bf9-aaa8-93bd50b3582b
0b12b572-6fd3-49c4-91c9-dac48b3b8226,MC,30f915da-882a-427e-b1ec-2db023a51696
64253d2f-444e-4325-8688-05f7484a3833,PayPal,0553419c-5e66-43ad-9038-332d6ca4f939
c91f1c01-6739-48ad-9c49-1846399971f3,VISA,5ebe1ab7-93a2-43f9-84d7-21c4fe863d3c
658a7851-b4e8-4f03-b39c-4734b2af438d,VISA,1cc7d5cb-14c8-435a-9643-0dfd98ea3424
80d14310-6b4d-454d-a290-4b6a76f6628e,AmEx,79343e00-3109-4948-a16b-0f074165abae
70311550-03be-4045-8bc9-2d234f79d5cc,VISA,00ff6f56-1405-43e3-9f14-c1b839b3cefc
37afd079-c6a6-42b1-a3c5-611747a9567b,VISA,2d4f2a78-8c5e-43c5-bfdb-173c0f07a20d
5c7f6caa-4b5a-442c-9379-bf99d74e5180,Discover,6d44381c-56cd-4d36-9a1c-1789497b80ae
fd244c09-a47c-4d52-b78e-91a080bfd54e,VISA,77ac1fb6-500e-46ff-8810-5c168833f9f0
2620f002-133c-4a18-9b0c-b217d18c2563,VISA,3e9e14c5-7864-4570-9edf-d95760ca4576
5383c194-a419-40a2-9801-2fc745f72838,MC,f41949ec-e0fc-46c4-b6ea-382802a5863e
71be1620-e673-4642-8d59-b7b2b7b9e7f6,MC,95136974-36ab-4e9d-98d6-3d846c390b08
63564772-335e-4d9c-a438-a9551acabb68,VISA,49d221c1-195c-4e1b-83c7-bf24ec3d926c
21c8f8e0-0bff-4f23-9eb1-ab8efcebbc12,PayPal,f464a2c3-6f7b-43cc-a5cf-60d6da9403c7
f8088941-2514-43cf-b3ce-84e0cd9703ef,MC,9dba794b-097e-440d-bdcf-d6e2ed64f9b0
20a988c4-7dd1-41c4-aaf2-4b73a3acb34e,VISA,98d4c3ea-94f6-423c-b05f-91f14f578288
68999388-f6af-43e2-8070-b8bf870889f1,MC,a9fc05dd-3812-41d0-a1d6-1e46c60e1112
49f41f72-1fba-47a8-b28a-083cfd7b2da3,VISA,309f4b12-2972-4440-afa9-afc3d2442507
22bca61a-0cfe-4b1c-9e1c-40057cb0a514,AmEx,a46d7196-24d4-442e-80ef-a2ff6b24e06c
5618a2ec-18d5-4929-bc9f-ccd68dc9f9a4,PayPal,b0455ddd-6374-4f22-9e5e-93d0cc7fda07
fa8ef0f4-583b-4b41-88cc-748174bb5c5e,MC,5be2910e-6161-4298-b76e-efbaa603dac1
99cd4ff6-7728-4432-aebf-dd6f70e9c977,AmEx,82cbc747-a861-4410-aee3-e3b0db902969
61b389fb-9384-4620-af38-79af0e236728,VISA,90aa5ed8-53e3-4718-912b-c499c0059367
882a42e8-c394-41bf-bd9a-0b5f48f1e845,VISA,3dbcb7b6-1db2-4dde-ab2e-c77661e93da3
15f97a8c-f87d-43e9-bb20-c15a3a04e0b8,AmEx,32c60248-3c87-4136-97b2-58c309d73fc7
2b35ec4e-7fde-45d4-aff8-c9c292317b39,VISA,69a4fd53-6c5f-4fdc-9593-f4c57311c585
92279de2-0c0e-4c41-b01c-a55cbf5e2ce9,PayPal,96bf99ba-cbbe-47f9-933a-ec3803be9a83
be5b9e93-2f61-428a-b5d3-5420688abd00,VISA,7303be78-b64c-4a51-ab81-555718b19e08
662f72f0-fa45-4b34-827f-68108f0cc153,VISA,e8f81bac-29f3-4ba4-849e-ca9580b68782
40b5350d-b47c-44f8-ba4e-f2eab2ad4cb2,VISA,c2e4ffd2-533c-4fda-9e61-1583b0715851
a5c10b70-05e8-46f2-b926-41eda98feeff,AmEx,75e77046-9425-4cc4-a263-488a4657355c
797aaeee-d4cf-4090-826b-ae895e3f2ddd,MC,7c9e6f6d-74b3-4e0f-98aa-f2cf0f6c3956
d8584fc4-f05b-4448-87b9-4b539998d0a1,VISA,44a3a45e-37be-47cd-b2ba-52710a5cc6ee
03704161-2902-4c61-821a-dfa01d3e323f,AmEx,e57b92f2-7361-431a-8e57-6a75e8d3d625
cac4ac75-d7f0-4ec7-9b86-42fdc1388dd2,AmEx,e36d365c-286d-4a43-b486-882d444da50b
57ef4efa-1ed5-4e79-b469-07077df946a9,MC,e63f5c2d-f638-4602-8255-21fa05081fc1
0d25e3e6-3aa2-40c8-96a2-a1cd1b233f55,AmEx,23872812-fc1c-427d-9f7a-dcafe49ccf2a
d08ceac2-30bc-4ad6-9277-86d46d93b1ea,VISA,6693f7a5-e04c-4dbf-a8ef-e04e8ef47005
fcd13d50-9f96-4ba8-9ea8-486866b4033f,VISA,268ed610-ca54-4556-9313-c838c63db30a
f35f26d0-c5f1-496c-9252-c2d27ebb5ec0,PayPal,0fae6968-49bb-4e35-a850-5f8093c2e079
fb3ce302-1b66-4af2-8244-0ff7ab4b1929,AmEx,359ee9bd-12e6-4055-8521-12467d3c963f
d148edbc-db06-419f-8527-300e0766abec,MC,e88846fd-c030-460b-be1b-cb35cd56e02f
6425fb7b-fb6d-45d8-bffa-d1b1e8e2bd54,Discover,40b73cd9-8dfe-41c8-bd45-b865affbd5d0
e542c595-e289-418a-8c19-94210bb23207,VISA,770521c9-ac53-4415-ab64-ccca57a41c07
9129c13f-6291-419c-9116-260b190dc23f,AmEx,36d8d400-a544-4a8c-867d-9c47eab342a2
456d3153-7433-4a33-b067-643a7c1b57fd,VISA,b5386d41-3074-48ce-97c6-7d442f5fbac6
2e549c91-a0a4-45fb-acee-76d38376e9a7,AmEx,c192a30e-e42c-4f46-a5cc-dd9eb1c15603
eb046dc0-b0ce-4526-abf9-26b7c9701ac5,VISA,79e26fc5-ed93-4a3c-8f80-59adcc70e41c
98c14184-5d0e-4b88-b74e-0f133f571e0c,Discover,2ce5c380-5ddf-4a76-af66-36177c874863
0d590f24-27f2-45c8-a111-80fdec898a53,MC,0ddbd36c-5ad2-45c7-a92d-0c1d292aef2a
70274180-390a-46dd-9624-316fad14a9bc,AmEx,0549f4ad-d6fe-4baa-a9f0-31f8a891b55d
a63b762a-b293-411e-b39c-a7064a9e0eba,MC,b3e14314-847e-4085-a362-ddeb8ffb5fca
e892c08f-9953-4ffd-8f3e-ff857d220213,VISA,d03aed52-54c9-415c-ad44-079619eee807
8f40db5e-5455-465f-bcb4-6eea828c3c22,MC,78886082-af35-455d-8b88-b7fcc1596b5a
99838542-d1e2-415e-915d-0b098f3e369c,MC,3875fc28-aef9-423e-b43e-9258fd22d513
ba8d6250-6e5c-4698-8c16-4684fe09f511,MC,58dbc7e4-b6f6-491a-8e42-da890e5c1bea
122296a3-450f-47f9-b3d2-63a030bd0053,VISA,0b311ae2-5381-4a5d-91e2-d388d0b7e832
942a8b7b-c632-4991-8838-1c957c58e127,MC,c4b08864-3d04-491d-901b-b147964401dc
62cc9061-2cf9-4fb0-b35e-469754d9c239,VISA,3d0f3be0-3d8f-414d-9ed8-c081e48460cd
c4b59191-7cce-44d2-9691-d569d2519849,VISA,e9ca933b-b66d-4b24-b9ca-0746ae9ba3c3
ccfdc655-d953-41b6-b802-bd0219cdc76d,MC,98830f6c-0cf5-4996-acfe-ca5dd7c7c3fc
c3cf1548-4830-4d96-86be-d728acf46631,MC,d3802629-44f4-4224-b20f-c056de0a4517
60063b1a-7ef4-4020-bd83-372fd5753890,PayPal,a6a113b5-0d2b-42f0-a502-d2a8c211af05
26766045-8302-4138-9869-426773b8536e,MC,bf03a4e1-3617-4139-8072-d73e5c11580e
6d3162f4-10ec-4cb1-a162-b2aa9ee6f45c,MC,95c154c7-09f5-4afc-b139-1a5e931ad24d
23ca3142-8f74-4464-83ad-c1364a3ad922,MC,c93667cd-5da3-4f8d-816f-f389c98c11d7
f13ac771-b577-4377-9b79-2e85a5d32946,PayPal,e8258c4e-c1cb-4b9a-af9c-3b81882d5592
7959f4e1-660f-4791-8fe3-2ba4bc740075,AmEx,14925bb2-458f-4b6c-9a16-c0188338c5d4
16f9ba1f-f8be-4419-80ba-c571dedfb4a0,VISA,ef303146-a113-458e-8f18-f51b1de93902
9b8e62a2-c4cb-4537-a18f-c8828032265e,AmEx,f8167898-4297-433a-9975-361ad7a050b6
aae34fde-5f76-4dc2-b3c1-7c8bfc9a536b,MC,bf69fde4-d792-413b-a3fd-c3c8efe59413
1e5612dd-84ba-4b95-a716-54e8b938b858,PayPal,5314fa2a-110d-448d-ab2f-1ed36557806d
9144496b-2f53-4933-8003-fbdbd0a9a323,VISA,110e24d5-0406-430d-97dd-ebf0f1b667e8
987046f2-c9c7-4ba0-87ff-bf3c0b3a2a6a,MC,87992edd-1eb2-4fa6-bf39-46619bf8dad6
ffa6f07a-39e5-4f2c-902a-dc223642df11,VISA,93752ee2-e189-4084-9a7b-b7a424c97026
c9f3cda8-469b-41ba-95e3-1d248c3f918a,VISA,2dddd118-a205-4b4b-9843-cf6249e12b84
1f66f7fa-f247-4468-914c-0500f7089d18,VISA,f44c8460-283c-4da6-a492-de4a284140ac
a9e63141-22a7-468c-9c64-d1780a548de4,VISA,6645f052-6958-40fc-9f3d-f0aab1392ed0
b36d0dac-a05f-43e7-8f0c-98f1faabf0e7,AmEx,04f716c9-66fb-4a6a-b5ef-5aa1983482a4
98b94739-b752-4c14-863a-20d96d59cd0d,AmEx,af527408-ac3c-4a65-bb85-ace1c839ee29
223439ef-cd64-4347-b55f-747a6cc137ed,VISA,2ca527bd-d1e6-444f-bd85-7980538922d2
a3d75a63-8645-423a-9a5b-c15c7182baf9,MC,4bd6b7d0-9d04-4307-9c3a-6bdf30e7af63
247f208e-1792-42ea-8e15-39440a0a36c5,PayPal,e67bda86-a660-4608-be66-31b20bd86d54
c5eecf31-40c6-43cd-9361-17574cd24402,VISA,3329146a-2c48-44e7-97e4-8bd88280be6c
6d8a87fc-8efe-49ea-9a54-b94f9b7510ae,AmEx,17c3f192-0de5-47b2-8bb2-2541e9497dc4
b9198a16-42d0-4f21-9943-e3ee6987dd5e,VISA,1568cd6a-fd5c-430d-bafc-db952c943752
c9aad39d-ab6a-450d-8025-1e636255f617,AmEx,2771dc58-cded-4794-8e43-62eb985888fa
46ca78a1-bdb3-4583-ad0f-bd1ecfc1763d,VISA,fc2412de-c1ea-4bff-b8e8-4f0ea9c4d684
dfd8cd84-aa1e-4f42-a292-e3cf40d17995,MC,8b8e28b5-27b4-43ca-89ff-4edd02562154
d22b400e-93d0-4584-87f4-93cf7c855b8e,MC,09becb67-16c4-4785-9f21-1d0ef2199e5d
f2319029-e010-460f-b934-6909171ee7cf,VISA,e7c0d3be-50e4-447b-92d3-d64a973734f7
3e7d489d-2f1e-4ad8-be25-d9eb587187c7,MC,b58f6fa9-aff5-4264-85cf-6bd7a7e14858
d1c642b1-3833-4fa7-9836-82cd424539e8,VISA,85f270d5-24df-4e24-a5ea-a3808c6a6c26
fca3fedb-201e-4ef7-a113-476a360fbd59,VISA,ec2805e8-ba37-43b0-ad41-f393e5436835
c803f783-80fd-459b-9879-9b8f481727e8,AmEx,d58582de-1187-4646-a574-a79b2b33ac35
d72eca1f-d714-46ca-89b9-2f3a817af2ec,AmEx,e0a480ed-5049-489e-b0b7-df297be535cd
7f20c405-3b11-4813-a0ae-db1589d61e62,AmEx,e8fd1495-69bc-432b-9a02-68d283744aa6
69ca6617-6a39-4cce-b4a1-07e39bf02c1d,MC,acbd6507-3a47-417b-a3ab-24fc46330f5c
9c932c64-98d8-423b-b579-1293349f9045,VISA,2f4a2b9b-eebb-48c1-8449-2798c5637856
aa50678b-54b0-4e4a-85c1-fe4581647db3,MC,51dc856a-7eb3-4fbc-bd26-9ef82399614e
db343379-8830-4202-bd10-abb8e93c0f6b,MC,9aaf0327-95c2-401e-977a-744eba63cf70
3c7bd3c0-9156-454d-b488-455d46b1473d,VISA,146bf7d7-983c-45b4-9336-4ae2bce30e02
a49d2d57-9390-47ac-b108-5508e3230fd8,MC,16d9ace1-cd7e-46ef-9a41-51f4e0eaa38f
4ef90d59-2f11-402c-9e93-bc216c460775,VISA,7d9de071-4dab-4d81-a88f-b90a80541bcb
c32502e3-7c87-4cf9-8661-4373767a6fdb,AmEx,422431e1-ee9c-45a8-9d48-4dd360796de4
6738ce56-698f-4dd9-916a-3cf272fd796d,AmEx,b5fa80b5-93f3-4182-a69c-e66886095c32
b1ac991b-a2cf-44bd-a1e1-45e9784d1e34,MC,2f79e386-0e73-494e-b4ba-77e4b151e74b
be2d376e-32ea-469f-be18-4c6aed82caf4,MC,0ced6e05-fd53-460c-9c6e-c49477433a0e
8a8bb1e2-b949-43b1-81ab-43d86ea7d3d2,PayPal,e6e94e67-87a4-4560-b8f0-8c6c48fd03a1
4c4b8014-d64c-4a76-a03a-bf78b06df599,VISA,c26abd82-940d-4e14-8ed2-1e1717663d5d
9dacd888-fabc-4903-bfca-87e357c195aa,VISA,64208705-b017-4720-b6a7-0323e6464246
3171c40e-f99b-45f2-b1fc-895b6a13a10a,Discover,8c69b87f-83d9-4132-ba63-c7293bae3cb1
5964d71f-3afe-40b0-9df2-ff8f227f158f,MC,da55ee37-91b6-494f-8ac4-8d1f0ceb7699
30d62449-2622-4918-89df-edef699dc252,MC,12ef294d-f14b-4747-922f-bd45010477d2
5bccf5d6-9292-4104-901a-d2af8024944f,VISA,3aea9f0c-3107-495c-b7f0-6742a7fe1817
c5507b44-b335-4a4d-adf7-45d2c9c78605,Discover,11b15d34-8730-44bb-9e7f-6e3c178b224c
26583348-f966-4f68-a232-807757c59e56,MC,4a6bb120-0c39-4020-87d8-6379d867c27f
89d8d3df-b73f-4025-b029-3c4f41803daa,AmEx,2e057d4d-1291-4d31-81c6-62ab63cf92cf
4ad5f0e6-a23d-4080-8ac8-93c187e72f1b,PayPal,01bd2842-1a67-4560-a212-02b3add904a3
f9dba46e-87f0-458f-8c8b-ebe091a517a0,MC,327924ba-f334-439b-a3d4-eb88c24d22b5
2f29ac0e-0a43-4d41-8e6b-d2c842a56b6e,AmEx,f8e599ae-a4a4-4e5a-8193-806ed5baed25
3d010844-de96-4ab6-a15f-78afe2c5d123,VISA,c363e1ef-7e4e-44dd-915f-6b898cf51a27
628d9ce0-4096-473b-93b2-4b594048f487,AmEx,44455fa8-ee9a-4d7b-9dd9-2e3522ac7a90
899d986e-8cf3-4b82-8323-dc5db98323d9,MC,ffaf2e0e-887c-4e4a-8500-b1afdbec9568
457d4597-887f-4aa8-b64f-a1d87909e90f,VISA,55fa620c-f35e-4dbe-a58e-930b3d29dd6e
011acf24-14f4-4c6b-baaf-11ca0afec806,Discover,f2c8fb6a-2ece-4d24-8a32-a012832cf970
c0e4f988-5b95-4855-84ab-abe197a8d95e,VISA,4dc89741-f78e-4c1c-8f6d-bd478df3bbbf
f5da1250-3b66-45f7-853a-90cb6990f708,MC,d0d012b1-f811-4ef6-a658-0116bd46b5b4
ef64401e-35dc-44fc-b60b-a0d4e1e4be4f,VISA,4313fc77-a150-4747-a539-9031738071b9
2eedab22-5ea1-4a79-bec3-30a8d9b9e2e3,MC,77f42681-87a1-4d20-bd24-39307627ae3c
67faefe1-95f6-4b3f-9648-d384a015c781,MC,70e2e329-99a0-42fd-b026-e85883eda8ca
35cbe643-004d-4038-92ba-e63d8df61f0d,MC,070dd507-9144-4281-a66e-6802a24a5aee
c9648db4-02a7-422e-a516-b91bbdb16cf8,VISA,3024f999-eafc-4d14-adc5-118cfdf7cd1e
c935de72-6359-4df4-8924-63d420f3002e,MC,552dfc05-0f82-4251-916c-1f48583655ac
c9894e1e-0ec8-4839-9c87-de55cf89dd5a,AmEx,d7ec0c15-2207-4e9c-828a-72198c9510a0
1c6df512-89ae-45a5-8743-5d8e3cf2f939,VISA,e7ebbfc7-e710-4fd3-8a6a-c5369c181372
200d5033-95e5-4bb8-aa6d-f874297656dd,VISA,33df3b44-76f1-4d80-b105-771d57ff69b1
b9a7d95b-8c3c-405f-b1d5-a6d3de811260,MC,9e9c7b6c-726e-4ec7-946f-94d051c9b6bd
762ea75a-c681-47e2-998a-e8db42610c78,MC,7193f676-cb56-4ba1-8a06-4c5f1bd74aab
d18b63fe-842b-496b-9b2b-52f1c05760fe,PayPal,16d18234-becd-4d0a-a6b0-fbc67acd4598
4daa4e59-e724-4443-836a-89afd6e93fd6,MC,1fc6d75e-fb6c-4640-950a-e97a983c3497
dd60093c-2860-49bf-bce0-b372423aa40e,AmEx,9dc5aa22-5fb5-40d6-bcd8-6de0515ee6c8
46b7e87d-e1b9-4843-a1bb-a1aaef4b7dfa,VISA,20f2fdd7-ab21-402b-b572-7cdc1122e3a3
8b6ffa2c-351c-47b7-9ff2-6ab587b3cc70,MC,a809710b-e000-486d-ae3b-ca1ceb4fc201
ebab9cb2-f63c-41d1-bec5-8f21cc72dba1,VISA,a605ef8d-00cb-4799-b7c0-7757a9ecb9d7
8ac513d3-a457-464a-9781-c70c124b7db9,MC,be3fed13-590c-4e0b-aafc-0ae4255b6bb6
566de968-3c5f-4bcc-91e8-e5f7ccfa1fb3,AmEx,4b562b1b-05c7-4de0-8495-86ca099245a2
e4f666db-eea5-4fb7-b1be-0586c167f62c,AmEx,abd8afe6-f281-45e9-96b4-9113114c21fa
d37a5eb1-76c8-475b-b33d-6e001855caf4,MC,7c8e5678-05b1-4b5c-a258-84a25beae8ac
c71c391c-2e3f-486d-adbe-3f8984261537,VISA,9e96ecd8-593b-4317-af47-3ff4ee311774
998d21b8-5941-4a6f-81ab-07c0d3d0d410,MC,1bba4f4e-b7a1-440e-bdb9-9f349fde8131
12cbf707-e2cd-41bf-9c3c-514ac0132a3a,MC,10d28e3c-c895-4ad4-bf6f-d04a3efdc04f
d56cb063-b2fe-42f7-b775-2d616f231878,PayPal,83cb941a-a41c-46fe-bf32-8cba6d335241
3d83d68c-2f15-4ffd-8bfa-323db78c867e,MC,0de06bda-1c21-4540-8cf7-155ef65c0cef
198c6904-d117-4392-b2d3-4ddc5375f699,VISA,0be2fa0e-a3d4-4018-9849-62f59080c023
7e6e8f7e-dd25-4b4d-b1df-2c007db05ad7,AmEx,cb2d5be4-b87d-41e5-970f-853dcf2eaff9
cb380f6b-27d9-4d3e-ba6e-101ee7f79523,VISA,0a5ffbe1-37c3-40c3-a562-e100420e2257
d1aaa3ad-6866-46e8-b64c-6f360e06385c,MC,ef40bb9f-f0ff-46bf-a10f-5f6e256063c9
fc07582e-6a22-4ebb-8fe0-50ee20db6f9a,VISA,b04612a3-00e8-45e2-8974-e393a4422e3d
823ac8ca-b4f5-4d8e-a290-19053d64024e,MC,9faeb839-b74a-4969-8056-9820333dc9ed
b9be8c6c-44f4-4b8e-8c2f-6884e54e635a,VISA,7a394c41-b4f4-4d20-873a-974af99f8b34
9f59fd86-1960-4920-af5b-03ea996d855c,PayPal,83432d51-18d0-4d1a-8565-7921421a4c94
5ba25e4e-74c9-4770-938d-84f2d5d17c7d,VISA,fd79f43a-adf7-4714-9e3a-eeb71354d6c1
e3ddfd8e-f0c9-4821-ad71-ac15ed850f1b,MC,b8dbc3a6-ea93-46ee-b5e2-3d460dd21675
2d482c84-a816-480b-a6b3-0748dcf945a2,VISA,5432930d-e437-4941-b7d6-1508d7c0f01d
8e5aab9d-a46a-4b03-b832-fc3e61e80697,VISA,7634879d-e441-4dfd-b344-e1386ea0f21e
3b9973d2-d264-46e1-ab71-51579fd3cda9,MC,efd97d25-6f74-4d49-b8fc-3f24d33a960c
7ee40488-791f-41be-be53-b264a545e1f2,AmEx,56a679e2-f0b1-4ddd-b84e-563b18fe856c
8e1d3c14-a398-4a26-b250-4c99c31e5861,VISA,defc7bc8-7a1a-4eb5-b0c6-c2340dfe1e9e
36708838-8101-4aca-8a6f-df7050cbece0,VISA,bd9d8e62-b486-4059-b1b6-a3886be9f554
19f4511c-9251-4c2d-8129-d371e0b6a402,Discover,c819c49a-3e68-4146-8c60-839990f57934
17152058-379f-4d3f-a6ca-769bdb874c85,MC,105af83b-a052-41ee-97fd-99c203d24b47
b3586308-94c2-4bfa-becd-3092a53a430b,PayPal,7bdafe91-c63d-4d00-bab2-4af093a771cd
f496e6bf-bf28-47e1-957b-74c174c08f01,PayPal,9ad85c81-b207-4dd1-a76c-1998cc3cad7e
5cf0f2db-0fe8-4a9f-bbae-38ff40b71b6a,Discover,49700187-e8af-43d2-ab89-92209065891f
05dd5154-f1a7-4bad-94f2-54d9b893a8a5,AmEx,4df7a7e0-9846-4ef6-af81-6d3483f15161
fd0b40d5-ea59-4865-990c-6070edf96200,Discover,02bcdce5-1d5e-4bab-91a2-891944bc2455
83f68efe-5f24-424b-8a4e-98be853723c7,Discover,c11bc47f-52e2-4397-8ddb-120cecb0ec35
977c582c-b81b-48d2-8f47-3ac1182df74a,VISA,784f7220-3d59-49e2-a209-f73c86fcdd74
ed44d137-3ba9-4ae0-9e5d-e09b2154f3fa,Discover,21f13055-6d3d-45da-a0e0-843aa3d089a8
db530f36-915c-4e6b-a33b-f074ff7e448c,AmEx,81324749-f134-4447-a659-58f2e830c0ab
f6acb9f1-f812-469d-9052-1dc1b7320b2a,MC,07ad2142-71bb-48e4-bd4f-e43c35f47243
0631446d-94bb-4bd4-a956-39dd838f6fad,VISA,4f1a3f64-2477-4f2d-a036-3044ec8c7766
12d4e92f-a63b-4be3-af73-dff2f15fd5c0,AmEx,0373dde3-3c29-4c51-b845-2af25c7028d1
28b87659-b554-48b0-92a8-8c67654f307d,Discover,33207d1d-1433-4038-b666-600016ebe6f8
0626793d-2415-4041-997d-d8f038a43d28,VISA,8697f236-591a-4f58-afaa-c66c89a20be3
9ae9b583-4595-494b-9225-f36105091e5b,VISA,68a56635-f8b2-41d7-bb31-c24266e1d303
d5266a6e-ad31-4802-8532-09b03e58716e,VISA,cf9bea74-bc2a-4e1e-8fdc-1d4f18ce4c24
f01b9069-8180-4910-96e8-186e7a61410b,VISA,b42485fb-09ed-4b95-882a-ea65981e297e
24bc297a-7e2f-4841-9308-0a0238b35841,MC,241f8684-5bf3-4315-bc77-18ddf9569e7f
cbefa683-1995-4bdb-ae2d-24907654a8b6,AmEx,233ec408-bba9-4299-8481-a87bd3f74bfd
d71a07f1-4026-4089-b268-0f2069fa0de9,VISA,e46edff3-1c78-4de9-afaf-ec92b554d458
b7151838-b9fe-4649-a6f3-27cef5190fbc,Discover,eeda3a2b-ec71-4314-8154-53dca1966a3e
020dea38-6e0d-4e2a-8406-3edeeca0cc95,VISA,26c161d0-0a22-43f4-9902-6e1c763a6801
618efe90-8300-42b0-8bf0-9585ce415cfa,VISA,7818cf5d-d8c2-4aaa-ba9c-40a5f3ebdcbd
b673b332-79d8-4c96-b570-b23649ee9030,MC,e66a64bb-99b4-4732-b138-4a4380f0d414
886064c5-7f31-4c5f-be6f-217854e85ef4,AmEx,26ec4e07-6119-47dc-9525-7ed7f9d6214b
9b050645-94ee-47e5-bbbb-12d24b7472e8,MC,9901a6fe-b9d8-4908-bc78-a46728735808
23c05e5c-e747-4e2b-a9a5-00b5f60fcbe0,VISA,9b96850e-f97e-48e5-be83-37d5c85b88fd
e4986526-62ba-4375-b237-d02fa3f121a4,VISA,07b6044f-2b88-4f35-a408-7670ce211a12
950bf300-7795-49c2-86ad-120dd789b8f2,MC,9543f909-7257-4efe-bfe2-0b47720f9334
8fc97563-723a-4eb2-8ef1-d886a008b500,MC,08953e53-ca94-4af3-b47b-b8c1fc32b770
b0ea8b84-ab7d-4eea-80ff-e6dafa67b149,VISA,e58df6c7-6b35-48f7-9957-0787997b6684
16e82bde-12a1-4a7b-8fbe-34f4941646eb,MC,27ce02f3-b5de-4062-acd5-15421858ee9c
f21d7e3f-7fda-491c-ab93-09719b7439bc,VISA,b2d40dc2-793e-4a66-8ff4-c3feada10804
666dfd7d-e627-420d-9707-71ec68b887ec,MC,6438fb1d-6ff8-47ff-a004-689a6473ab16
5c71e744-fed1-48c4-a1c7-b8f672e7ddec,AmEx,00d00def-fa0b-4d7b-8025-87aae2e9a982
8275fc26-18a2-490e-9871-5463f01a492a,Discover,8e244a65-3bf8-479f-9db7-78086f11c282
8e768856-d1cd-4d53-844b-b3f3b8c9561b,VISA,bdf67723-9a14-4673-8d46-29642adba8a4
cf5a2ebf-f269-4323-ae45-896c67c0cba7,VISA,f1319f2d-af7a-4cfd-805a-3501650a3930
132d90a7-28a5-41de-bca3-e5851271af66,MC,bf349db9-9a87-4234-8f69-6df4dc915958
348830ca-1cdb-464a-acb4-f484e3928b61,PayPal,78f192a9-f024-4105-ab2f-58217690fdf9
3bb1814d-aff6-45df-a871-c1a95d6c9e5b,AmEx,c9a5c99c-0855-4285-95df-0ae27d19bfbc
aedbcf9f-0a9e-45b7-8b8b-cc888e75f2c8,MC,0370bf3a-9dfd-44a4-9f5a-0a167f9f2f28
ca0b0976-a919-4241-8bad-8e3016853d9f,PayPal,bfe393bd-efa5-47d9-8c63-c0824f10457c
01f7b6d3-4e73-4bda-a918-71c366cf41cd,VISA,6a806382-f61e-473a-bb7d-a6445f2fbe0e
5995b3ba-6d99-41cb-afc0-0eff0e4380b6,MC,575ae825-bc12-4a0e-aee5-e7a1101c9bfa
10893540-b65a-4360-8958-9a5c505af0e7,PayPal,dc067f72-ed17-48c8-888d-503026bf9de2
f9b1a97e-940a-4c52-ae9c-ebfb4a6ac3f8,MC,9ed46c35-ef44-42ff-811b-c70562dcee41
9ccc10d5-99c1-4338-ab59-ae83dc57bb31,AmEx,41e2a23b-3d83-48be-ae68-ed9ee86475a2
91cd37ef-ab1a-4b04-9ffa-6e848ab484b3,VISA,f779ce3d-5dab-4e10-91f0-ec0568b3c681
74ede211-e548-4262-9879-910f988b07ff,MC,acfea5ef-6f25-44a3-a778-36cb145448db
663a01f9-01fe-4bea-b272-548d54817997,AmEx,e5bbcf5d-aa17-4b06-9a27-57048291dfc5
e23623ca-ee61-4517-a152-905069488ad6,Discover,009c152c-6bf9-4ba4-b4ae-d8414bda02ed
57f2ad44-d396-4d11-9731-65c7c9c96300,VISA,87d3595c-a56d-4718-b4fa-49152af6773c
5513940e-e79f-40c0-8621-b78f8ae3041c,VISA,68017238-95fa-428b-a4e6-57183a4be2ae
694e5e66-618c-458e-bf09-e037e187cfdc,MC,a5a5ef72-0670-4bb9-9ed1-25047722c080
456d2909-2b44-4cd0-8746-dc54c4899ed4,Discover,589a1797-54b1-47a9-9cf6-f1eeff81af1a
c0dc0032-0056-4060-a5e0-d5ca8bc19f05,VISA,b2122799-8be9-4314-bd44-8aebbd779fc7
9e4959b0-c517-458f-80dc-dd64bdc08e9c,MC,97c52756-0297-4598-acce-5852f6564df5
74260577-59d4-4e10-9694-1983248c4deb,MC,214952e9-a2fb-4b41-aae8-4434c4a82bf8
67bb6397-4ec5-4c03-8814-ce19270c7fa1,MC,1192d189-9c2c-4149-9a99-70f17c20b8cd
453ad76d-8d72-40d8-ac76-2841da6b79e9,VISA,122b2763-243f-4cfb-b834-8f1bbb1d66fd
c3e4e629-284e-4ad5-96f9-80b08d3be33e,VISA,f498cbf4-58b5-4734-a29b-5bbc1f5dbc1f
eae14721-aca2-4f84-beda-ac6c9b1d95d3,MC,9a458e71-65c3-4bce-8b64-37302c41d164
9431f555-7121-4a53-bcbf-b5e76c9c3ba2,VISA,dee0ecb9-18f3-4dad-a407-6e54abf99d44
63c71424-21c9-461f-9af6-e2ab6afe8084,MC,7dd9fd5c-e7dd-4589-84e3-781c98d0fa60
41f50f2a-a343-4b2b-be2b-2d08fbfbd295,MC,5238be8e-f797-4667-b0e4-9b885bb5cb83
314ec5e7-28a1-4e30-a953-eef825c5705a,MC,4ce57967-b47d-4240-8194-efd8e11efd49
0899d94a-cd82-4eef-a676-2181d863e8a6,AmEx,16e75b18-c561-444a-a7bf-e23b2ab687fe
a49b1302-260b-4de4-b034-d9a48297e153,VISA,d3dac25b-5c53-4129-91d0-e9354ee439de
ccf31823-0bc6-456a-9eb5-8e61d38bce0c,PayPal,979ca103-2ea1-4e79-ba66-60eadc045bbc
59e3d9b0-c3b2-4624-9106-48a0c96dc38a,PayPal,501a0de4-1264-4b06-84cc-2287cc069cdc
9849237e-ea5a-4134-a1b4-b61b82b8c489,VISA,31a23699-a8c2-42c4-a0bf-d9b45ca22ad8
fecbc8c7-4981-413d-99a4-7f6b2d730d47,VISA,e6f0430f-318d-4cf0-b0d1-19caeb21dc48
91ae2db8-cbb6-47b5-a967-eb380958c400,VISA,b43c2a67-c9dc-458b-b9a1-34955789efbc
85bfde14-854a-4d2c-9337-a81f7cdf674e,MC,24b58823-a5cc-4ed4-82c8-bda1a21c5424
6e0f9992-f166-44e7-a751-1478a3163c6f,MC,70836d52-9e9b-4988-9734-14ba33b77fee
ff5e24fc-fe3e-4a45-a13d-22d29a7ab7df,MC,61748637-e948-4f41-81c7-7e99fa299097
a6367a31-3807-40b6-ae01-fc8ffb1354bf,VISA,07da86ef-e6bb-4c9a-b228-52b74e9f09b1
ba18a44c-02d5-4fc6-8396-badd01b96043,Discover,723d4b67-e0c1-439c-9d2f-0076d19cf33d
11e8562e-3773-4da6-b02c-ac3d12484429,MC,134e9088-c586-43de-b2ee-bc396f5965f5
10368d66-3631-4565-80c4-dff1a98cb707,Discover,563dd260-a869-4923-9db2-02cae728cccf
ee43441e-385b-43fb-8ed8-559a825603e1,MC,8bf5294a-9b33-4022-a057-91e38c3d1898
4aab2dc2-8a9b-4a8c-a542-f94cedbf075d,PayPal,f09e5c74-4d65-464e-8c92-c59f33b36efe
5ac65559-9768-4cd2-9582-d81c04b8c67b,VISA,1c3d0330-1fc5-4a36-b2bb-a5564ae4349c
efa02933-576e-4ae9-a885-197730859a2c,PayPal,69503d2a-29ad-463a-9bf6-a4eef3ca0027
d6c997db-a409-4ac2-9b27-73dbbbc38cc3,AmEx,be894046-4028-4245-9af5-c5da0772dd4c
b46483a3-1dc5-4d02-8ade-4a11126ed416,PayPal,6b19dd5c-8796-4d97-b00b-6d8961fe6a01
2c489020-5218-451b-be31-95b517ca9156,MC,75fbef93-5841-4aac-a718-fbedac1cd8db
0b7adc79-f2e0-4d09-9b1c-c5d13a229c2a,VISA,6c1ba7c5-b41c-4113-81f3-274415fbc023
480eb41f-2193-44ba-9442-0ea13458e8fd,MC,ace0b087-2fd0-4e51-8740-1277668867a7
c888ae60-b3b3-4046-90b6-5ed4744011e6,VISA,f574a836-a551-48cc-b178-3b2d1b0a477c
9ca84b86-812e-405c-a4d9-36c3b8ff6972,PayPal,3a621e9e-76a5-40c9-9861-adc039257133
149e0078-8c0d-439c-b0dd-ab949253ff7f,VISA,501d1a2a-2cfa-4143-95e4-d4a990e89d1b
95b8c6c0-f1f7-475c-836e-0b23b53f3186,PayPal,12cdafad-5276-4caf-909c-9fd33330edee
2c49687a-50b1-4f34-a604-1f24e18c446a,MC,29d8b0c5-00a2-4fee-b297-c642296195a2
677b6f42-ff19-4eec-93a7-6ecfd8114978,VISA,f2fe6dd6-98d1-4719-9d81-4531305301cf
1cd95f02-cc3b-40d1-bdb5-e717092eefcc,VISA,3cec1c89-3808-48cd-a821-88f74a9e2975
0c858cb1-b440-4c48-ad57-384835397388,VISA,5cd8c6b9-c244-4383-8ac1-a302080d0762
02313cf2-5434-4b03-9f3c-8034a17cacf5,PayPal,c196f238-3e54-42f1-8852-5298d23178c7
402c444d-a836-41ae-a5ad-d782e55ebd18,VISA,1eaf0fca-07e7-4f8c-9f1c-6ea753643557
b5c040f3-b76e-4308-8389-222ecb98bf54,VISA,d341936c-2794-432e-b276-8d04d9ad4d9e
e9501525-cb4e-423c-b834-cf8d8a24c8ed,VISA,80bafde6-bc81-44f4-9ed4-7e35cf71dc0e
1d15f617-6eed-4e90-ad7b-e839e8ef7c03,PayPal,1d38b870-6e56-4330-b4cd-683794359cbe
d2970cf2-4642-46ee-bd82-e8fb5aa7a72f,VISA,6837b66b-49ee-4c12-a0df-c9fba0dd014b
e8e997ab-d9ec-4224-aeb4-4debfd7d7cec,MC,b4fd7f65-6a72-4c09-846b-acae46317759
b6e912db-d540-4986-bc87-e4fb90af158a,MC,5d537a17-f24e-46a1-80f5-7527e28565a4
9488f41f-f079-4f33-951e-cdae6d5ed67e,VISA,7ba662e1-b6f9-4592-aaa0-684e66522f0c
474ef966-f82e-465d-a6f7-73a2fc5efcf6,AmEx,ba1c3b1c-ac93-49ab-96f3-b4a9e05d4a10
27f4e0bf-35e5-4795-b709-d5a6322f0318,VISA,48258622-5fcb-4df0-a365-83a1af65f11f
093f665b-21c5-49fa-b237-01e073265d3d,VISA,1a91708d-6eaa-4786-8b22-ef45fd6e8a62
fb2d955b-a603-429c-a3d8-8165394b0c56,AmEx,5bad4066-f366-4e92-ad21-b9e4e533a54b
eebe4e7d-a30c-4d3c-b1a8-e07710645049,VISA,303d6b12-a7a6-4ef3-8d56-89b9c134c91d
ef4d5f81-aca7-4c56-b2e2-a0ae9b8941d2,MC,b91d44a3-d99b-427f-a5fc-6435218f0c62
71b7d760-8f5c-49ba-a5bb-a2725ba6a778,VISA,b59271cb-76d6-4b89-9f99-1c341a9267f2
470c9566-75d4-4e40-bf53-65e48fc75e92,VISA,bd0c5f1b-6163-4396-92fc-41d40df2863b
d2f2f320-7610-4ab8-97b7-5c5f6bb629cb,MC,76b27f18-04dd-41f2-812c-6a30de365e03
005a19da-644b-4275-832d-f86ae3e4a57a,VISA,0dcf0a3a-6ed3-4a12-a6c6-9947f5ec285a
13007ad3-c3e7-45b4-a98f-db483242df08,VISA,562f161d-4368-4b62-a440-69f7f366a5e8
aa8915e2-1ccf-4ea5-a9c1-1aa4e2c50c64,PayPal,e58d4889-bd8e-4952-9228-c96eb43f42a1
7d338eef-f3b0-4217-b83a-3a034eef0d09,MC,715f25a2-7797-4695-b1c8-f226c31f9c77
4eb01af0-66d8-4e41-8836-aa301e6f44a1,AmEx,47af78c8-1a93-4283-acb7-b8ec2a31b6e6
d9d92c57-82d9-40dd-b9d9-f8c6e11a66ff,MC,dfb62f8b-66c2-4b21-a159-3d730d07d629
f8ab50c4-f596-438d-8aec-dcc109213bb1,PayPal,82f7ac7f-b076-4b1c-a286-da09c1ae06b2
baf128c0-2b41-4408-9de2-2372a0b183e0,PayPal,00b98c01-f284-4fd0-8345-043a68603c21
f2c1c561-9e10-43b7-a7ef-9fb0c79d2b0b,MC,1163e977-ba1d-41b4-acb3-c626d5557be8
c5a5f95d-2342-4e08-8509-0af74311ab37,AmEx,5f76f29e-3c92-4922-97df-fcdf173ed9de
064d3846-a552-40fa-805a-3e0078b64c15,AmEx,1a9efce8-c469-479f-82b4-8b02f3c62cb4
7ed10e19-a40a-4f4f-9f7a-2916a67d0751,MC,f5f8acb5-8fde-45ba-8149-09becd235c86
d02e858c-94c9-494a-93cc-4c80dfe24bb6,MC,f270a9a9-4e5a-4d4c-9866-443c7c656afb
623b8641-1c8a-497a-abc3-5667cd51891e,PayPal,5ecc9dda-a28c-4588-a5fd-656139b14d9a
6a130421-612f-4451-94aa-f9664f968338,MC,9d2fff5b-aaa3-4e12-a164-27c331756d31
0ae5e738-ab91-464c-86d5-76558e7baa5a,MC,ae4b0509-6503-40d9-b8bd-8b75736a8937
78a4d660-98aa-4516-83ce-4b80d2005f3b,AmEx,42435fae-dd4a-4448-83eb-d44093b6161e
3f9e07e3-86f2-4072-afd6-f999acc2fe70,PayPal,64b2d6d6-f048-4a1c-8b43-77b5d169fc80
1e41d4db-e459-48c8-9801-8dccd9047159,PayPal,c12eb31a-2dbf-4e9d-b2bb-06e482451bcd
3ae905c5-431c-4fbf-860e-814a8aa87aa3,MC,950df029-0acc-4b64-b379-5046872fdbe5
cc3542cf-a5e8-42a7-8a3b-f3966f3aa018,AmEx,a31d31de-3095-4993-a809-bfdbba9f0cc0
079b2a4e-3f00-46a4-a8d8-d50d9d8b222d,MC,a1149b98-f221-47db-8278-afeea521f7c4
70becde3-2f08-4961-9eeb-8292695f6574,AmEx,f2750622-9c81-412e-9fe3-325a0a152977
23a1918a-60ff-46e0-8805-89c14babeb47,VISA,9bad3800-15f7-4aba-ac01-aeec2988359f
26d4763f-c524-4b1b-863b-45a2bce3558a,VISA,0641cdf3-50e1-4194-97f3-81f1dfad0315
a28d39a7-4fd7-4390-bcaa-73721e3cc82c,AmEx,c32cf0ac-f90e-47c6-8048-7e98f6585566
f400d9a1-f6ef-4aaa-bcb7-d6a078ce875f,VISA,5da519d2-926f-4fa0-a0bc-1c6d7fcf17d8
64097a8b-211e-4b6c-b86d-47d4f905a0b2,VISA,b0f21135-5c4e-4fea-bcd4-89b1f925e55a
d9f8c846-eabd-4efc-a66b-9c67e2579ab7,VISA,5bb9294c-a4eb-4ee8-a94e-cecc7c568031
4d84c24c-4c13-475e-b8ae-0075a465558b,MC,d189b1e0-3a57-46e7-bd96-a0c8a5b0bde0
acb37288-72b5-43ef-a858-fda7429ab680,PayPal,7f316455-3eb4-4c91-8c7a-33fedacaf105
c4ab2929-0ea8-4fa6-acb1-4bd66ca21cb5,MC,f7ac7bf5-bb35-4771-b0e5-2f0840e6a7d5
a73d52d8-8e2e-4937-bf90-21c6ea98519e,MC,69b2add8-c55e-4c3c-b0db-d6d2de72b970
aead04f2-a28f-4e6b-b0ac-e66398492381,VISA,9b8ea59d-2605-4204-86df-1ed2d2fc0440
8e03ddf6-9818-452a-b647-a3525f2d9078,MC,6f651d48-ff23-4e2f-aa87-3dd9a0ed1565
abc2351d-a360-4e62-89d7-88bf4d5c3957,VISA,c79222ed-ac71-4e0c-932a-f163e09d7369
254a223a-7c52-4af7-a404-88a160b74fa3,Discover,7d832998-b0d5-43e9-87fa-83af708c105c
5852c1f2-25ba-429a-88f6-421bfb3d2f47,PayPal,934c9fca-9af8-40c6-b61d-c1d4c202a246
7ef7263b-1527-4919-a2b2-435ba3d359b1,VISA,0f3b7998-a259-4077-823f-ef4a0afe326d
36f3ac78-4838-4e76-af2f-42abc9b72a47,Discover,a48afdfb-1302-401d-8597-a68286c668c3
04226f46-1927-486f-8ea4-43c8daf94e50,MC,e970b53d-53c9-4d43-9be3-4919d0c00080
08e787de-8738-4fba-8bf8-424d97fab039,VISA,a625e2bb-e4f3-496f-9963-00af44132454
cc3a8e17-a461-432e-bffe-c629054df678,AmEx,cc0a0dc4-8c3d-4b22-95d0-84ba1822a66a
c0eddc09-6b95-4c08-8e7e-1b59731670cb,PayPal,ff67d725-0796-458f-b026-83b63e135709
31460db3-fa92-42fd-98b8-b23a2cf3cc74,VISA,775cc339-e86f-4bdc-a82b-646af40458f9
22bd64d9-e030-47eb-b387-5a177538d00e,PayPal,720cd7ec-41f4-40b9-9feb-0aa842d57f3b
aad35a89-1402-4a98-9dc4-2cbeeb045a35,VISA,ccd3c0b8-97cf-4d37-93c4-6bcffc99ab5d
6a6b12ad-8ba7-464a-9c5a-416afc4f0005,PayPal,7f99022b-222e-4b01-93a5-6593aedf22ea
21ef1ac7-b0b0-4d6c-bbca-c750ec7de01c,VISA,c06c528f-dc1b-48e1-a47e-d98ba17c5960
5924993a-e38e-4db5-8116-59abf27e6ba9,VISA,2d547eaf-8f1d-47b5-9816-6415920dc445
d1e2f12e-fcf1-4f26-a058-a915bcbebc5d,MC,2908a03e-ea48-485a-a954-2392e10e7a49
ba4a77c7-e4f1-45b2-86f2-684fec44da14,AmEx,c6749411-d1cd-4484-b845-b9131d978264
0c9de593-14fd-47b6-b711-a7001d50ca32,MC,1974ff27-2511-4ec2-8272-b8d0221d6ee3
6483adfd-b8d2-42f2-9c36-9f5338c6d7ca,VISA,1e3e5aa1-7f0f-4c68-b15b-387dc368ee6f
416f829f-7796-4098-ae12-e90f07833a3e,MC,e0fba6c6-5082-4b0a-9c75-4ccf43f76e75
d484f2ba-f5cc-4a1c-8224-f3cea31b6be1,AmEx,58a1bc85-3fbf-473d-b58a-13994e37b34a
84cabd9f-2535-4f82-afbe-76834a5ca0f1,VISA,f68d79ed-19f3-443a-b2c3-9601c738685a
6ba76298-9df7-4967-8f1c-9e9605aa4235,AmEx,3b9872c5-5263-46ca-9de8-885ef7018691
ef6cc344-5497-41b5-a9b4-07a94554f8e8,AmEx,ab4d7c61-89bf-43ec-8c4a-21e0a5d669f4
8d0e3cac-2d38-427c-879b-ca97da235f6a,VISA,b1e3e76b-049d-4454-9471-515e62c27554
fd8bfaf5-62b8-4aba-bcf0-bc7a017033ae,PayPal,54cd107e-4427-4f14-b8c2-ecfd16e70feb
b67da443-2598-40a9-a6b6-1a234a009a54,AmEx,454e2fad-f80a-474d-95e2-4673ff1e54cb
cbabe083-65c8-4e9e-9f0c-5242091a0039,VISA,ce91efe4-35d1-468f-8a89-d275b7b7d6ff
7d36bb0d-10be-427a-896b-1aee634365fb,PayPal,62aeb83a-cea9-4445-8efa-62371ab3ae35
1fc10160-b610-4d36-8992-c518ad39fb35,Discover,56f83beb-a4bf-4a42-8b94-510a2968041e
7989d504-2cfb-4c83-9100-651a6ee40994,MC,54c61d95-17c3-4f2f-a1b3-0879e5c3dbec
ff747bf9-a388-475a-a496-7e6261f92e62,VISA,7a5008cc-49e1-43e2-b2b0-59018d128925
fa9d8553-2553-4f80-a8f1-ac846caa044a,VISA,033f78ff-1f6a-4e35-9f33-e119da39e8c9
60974493-dec5-4d2f-9d16-dd39f0dd8cb9,Discover,5fccff20-ac4d-4418-aed7-e39d9b8855a5
db687333-3c4d-4bfd-b50f-85ce8f93528c,AmEx,fd029052-21fa-4f71-ba9e-3a90cc2648e4
2135ae2a-10ef-43fc-a2b2-091301114687,Discover,03626d75-6477-4045-842a-82274d958b43
b39eac3d-e74c-43dd-beac-87b18c476f4e,AmEx,4834606c-8b7d-4ad4-97b6-578aad13e530
fce50d5f-8ac9-4990-9779-9dd4573fd310,MC,e6a62dfd-f689-4441-bf9f-fc2739b4f360
34ef7db6-64d8-4993-8b86-aed85f9dab58,VISA,3da77289-d4bf-4a5b-9469-7c3c557888dd
9994f79f-43be-477b-adfd-bd3952c0c285,MC,a5fe0f0e-e664-4edc-b912-a59436da9039
2a2f9def-8c67-4e14-8695-4eaf8079efc6,MC,069d48be-8ebf-49ad-b20b-e034582e6f6b
d9b56695-b0c4-44be-864e-af5ede8434bd,VISA,9e847417-05d8-465b-9b6b-14a03f17e1bd
a0e453c8-8185-4f4a-89f3-0a3f1a160069,VISA,a9d1bae1-51eb-477b-a2a0-1eccc1431a9e
b2d48565-3389-4d5a-9f5f-7e2c2964fa41,MC,aaebb7ec-403f-445c-baea-908f5770fb8b
84910b13-8cfd-4113-991c-53d1af1df635,MC,51d6500e-a8eb-4009-bfb6-d2acc40842fd
e8358036-3888-437c-b4d6-a90cd3ae98e6,PayPal,76c11547-a3e9-4d6b-9561-1402bf6a8e2b
1d9e5b4b-8e0b-46bb-b060-89cbd2fd6e1a,VISA,34d2325f-eeb5-4adc-8ceb-77c55b3d0c3e
7060b0b2-0756-4db1-86f8-58d4a8116579,MC,9324d881-c6ef-4ed5-a31c-06b56741e6bd
705ba475-018f-4fa6-8411-4e05f3aa4100,VISA,2e511dcd-dca1-4c98-b980-b60ca0de53d0
793b0a66-4dec-4781-bbbb-b1228ec11741,MC,c68f4d50-259a-43e0-aefe-c961af649e43
b84a408f-ede2-4d65-8fff-19d73ef1e523,Discover,adacbd97-909b-4e67-9012-ca14306d5a27
3c6e399e-2c65-4571-854d-b4b5912e2934,MC,4cb4bfff-5a01-4c31-b41b-754c6993c6af
3c0677cf-cfc7-4865-89a5-94b29ccb074e,AmEx,28835a57-5e65-473b-a3d9-2646b1446996
79498f8c-ff64-4a8e-8e68-c93fa0f97461,VISA,d19322e5-df6d-4424-ba22-bedf4b460046
a974e5b1-3d80-4736-9b8d-5b29ece467c5,VISA,df637cd0-dda0-49e0-8e78-f10fd2f2902e
1a0431d7-c4f3-458f-b7c5-f2fae0887c7f,MC,2962f08f-f7d5-44f9-8449-6e393b355f56
f7c2b601-90fd-491c-b45b-aa831d06a2c8,VISA,761d7c55-623e-4e0a-bbd8-6e0ed75a56ad
2e2c09b4-d810-4510-abd5-8e3fec419c1c,MC,6beac77a-2fec-44d4-9336-306e5c9f167f
090d0bc3-07d9-4074-8776-1330850f5e9e,AmEx,77c965e7-c574-49c8-b295-7e0c5c0ad735
37f5077d-72eb-4ea6-9ac7-d41267a438fb,AmEx,3af953db-9e1e-4fdf-8694-4218b1a78703
3171fab5-b66a-428a-941b-dd5f3e91f089,MC,c846b18a-13c5-4466-91cd-8c5d165c7ea3
48d4f5ae-b743-42ca-96a3-a357e4022393,PayPal,c431f922-f7c2-48d1-a64d-de9443814089
bfe0bb19-e547-41bb-8e25-a4e9179e7289,Discover,7dd0a673-7b1a-4be6-9105-d8655f4f1290
87a2c4ab-0320-49fa-bba2-378eb5de07ec,PayPal,952115cf-aea6-43ed-815f-3b5e613f9835
5b6e5b24-cc40-401b-a9f8-22fd80167045,MC,558bba0d-d282-4cb3-af81-6fa94ca56cb1
03bf22bc-68d0-4f33-a241-1b769309c89e,VISA,357d409f-7c7c-4b1a-872e-4689510a4fc2
69b90ed5-f6e7-48ff-99d7-6149941ab675,AmEx,08620596-648b-4ea6-8552-da6888e6d2a7
fbc43057-273e-4cd5-b57e-d0628476f401,Discover,80e3bb46-680f-4378-8a1d-8943aff0879b
3be37291-81d7-4380-9772-6a190e622071,Discover,e6b12ca8-d07c-4346-8f96-595ba5776e23
d2da9461-7a14-44cf-8871-38dc02db436a,MC,cc93fcb4-eef7-4ba0-be37-30042856658b
bc238408-258f-4e47-ae40-d193d261845d,VISA,c28fc4d2-d151-411a-b93d-f2d7f85caafe
53c4adda-aa99-4fe7-afd2-87d4f56cef33,PayPal,06e9551a-8a65-442b-ad4f-2f583876a195
659c4d35-c2c8-41a4-8a0f-24c0cdc72c61,VISA,20cbd522-8dc5-4080-9e89-64b1073132ee
d587011f-fd94-42f0-8286-babbb85bfc02,MC,fec97863-9c82-4a55-af6f-dda4312df292
fc60154a-e5b4-4049-b2c1-9fce26f645d1,VISA,a3199d59-4c24-484a-8e7a-0ad133314d11
2429db09-d771-4a44-a8ba-15fc33a62026,VISA,70b8b55c-11c3-4a75-93aa-6f5ce3e874df
df5193fa-4d16-45ab-863c-c174307ebf30,PayPal,ee987501-ae38-4f3c-bfff-c8513ba10b59
98fa69b1-44b3-4018-a9bc-ad9f44d8e263,MC,8d4ed7a4-383f-4228-b60c-e508ab87dd3a
cca9d925-ba0a-4d80-85c6-71d0282dd601,MC,bf84006c-bb52-4f2c-bcff-264fb58eab53
0599fe96-b439-473e-a31a-7e15eb97b5e8,AmEx,523f5383-3dd2-4974-a597-18a313d7165a
bd352eb3-7a9a-42d6-ad74-f76a7822a9e1,MC,34953fec-a55e-4118-aa35-9dd4c645b264
542afda6-70e1-49ba-a35c-160286c87725,MC,e35815c0-7d7e-456c-bf81-2e781e1c068d
35379b4d-9fc4-4b44-8f47-fb381ebd1cd6,MC,81186f62-703b-416a-9f7c-726da6115f54
1572eb3b-c07c-43c3-a854-443b4c1a47b0,VISA,04c6abb1-4b69-4db7-9e25-51cda9595593
602f7182-c676-4f4a-bb82-ee144469c3bf,MC,81f78d82-e654-4231-8a80-d87bf8849836
f36e4b80-dcf7-41b9-bff9-8e67d1eb2716,VISA,4ebec28f-5793-445d-ad64-7b1d8fe132e5
48b2dabd-ad67-40a4-af07-ac3ed468d2ea,VISA,8b4c75b3-ab2a-48ac-95d3-8f911f65a975
5e8afd23-37fd-4c44-8710-4787561eee75,Discover,1af21d7b-ac54-4e52-9f29-58b0e1b1fe33
cacb9dd3-e7a3-4359-b96e-9781ac7e0a74,VISA,84e8f54c-76d5-4bd0-8cb0-d9d3fc858afb
61182a07-76af-4bf2-b5ea-b7201d1fe99e,VISA,24d50591-514b-4ea8-81e0-235678fc3421
d7e3a8f1-467e-405a-9ff1-346686fce493,VISA,a3f60fab-9fe8-4d2f-aea5-fd2cc6b745ee
ecdad73b-db9a-4771-aea1-ef064604f8b2,MC,a680797a-ffd2-4af2-b18b-feb3a66a3e22
ac3bbcb0-dd97-4f65-9290-ffb732f81762,MC,1605d0d8-7bfd-43b3-b49c-27744db0c1a6
70c087c8-ea40-40c2-bc0d-13ee3ae2bd45,VISA,88f09dad-19d2-4ecd-aee6-bb26dc56b9a6
e20d5af3-c589-4d59-ba17-e18dbdaa1ba9,MC,2583088c-5d7f-4267-9e68-77b68993ddea
be3c74aa-cf9b-462c-b1ed-4e58c7fc91d3,VISA,f508b6d7-f6bf-4032-a2f5-3e179bbfed48
126394e4-ab27-492e-b90c-c5781a6ff9f7,VISA,4b2e8f6d-72e7-43a9-b904-bce7ed96d18d
66766fc9-bd5f-4ed8-bd86-aa64f81d06fd,VISA,25f5426c-ca70-406d-9185-f33d8e0a6a87
bea4e943-8ad3-41c8-92ae-153a9037baa3,MC,2d133297-daa9-4081-bfb0-c45da78dcfaa
4b86cd63-4853-4e87-a8ff-3256edacf9b9,VISA,3bc33a64-7b63-41ec-9aae-6770340e9bbe
f1ca67f7-50db-46ee-8709-3f34b1623b2c,MC,778eb6f6-e7d0-4ba7-860a-53c44b0e19f2
f87f4639-bfd9-43f7-8b69-3f7a742fba7b,Discover,1a1c936e-37ca-4fea-9a43-aaabece850a9
ba28bd46-bd8e-4f66-866a-7ae89d436746,VISA,320709c3-ce83-4535-858e-cc661b18f77c
6cbba27e-96d7-45a0-9a50-49f5ee1cb980,VISA,2ab609af-876e-4c7c-9e01-a923566b2a89
cda7d02a-58ea-455c-a999-a16d2a6fbe2c,MC,7e1a175c-39e1-42b8-a636-d9b80659da04
dc961779-77e5-4e3b-9c50-680101d0e707,VISA,475bc214-1494-4837-8308-708ad1c05e94
d52efdf7-e55d-4606-8c49-f9738d3515bf,PayPal,b339c133-9188-4c9f-bc06-c375fb539248
58f3007e-7a42-4017-a648-e26055196496,VISA,ceb82bc2-b5f0-4945-972d-5e4425345f26
cbdc09ce-940f-4efe-9ca3-b3dcfd5c87d6,MC,ef630cba-443d-436c-8032-73fac57a4284
9551a303-d3a8-46ef-9040-a7b4aac1323f,VISA,8b4aa246-c99a-47e4-be4d-4b937f30529f
9b18166d-d4f7-4473-8f90-ca2751579dd9,VISA,fe95c9eb-e151-4779-88f2-7d114a89bbdb
c8d82d92-3f43-432b-a7d6-5e48113195b7,VISA,caed1b12-0676-41cb-880b-1d0f2141e540
2e1da76a-4f7c-4576-9970-93de90c5dc11,AmEx,0ddfc918-a8fc-4997-a399-0ed3dbafd8a6
4b67683f-ac0b-4716-a3d1-c682fe96cd5f,VISA,b9bcae36-83b2-49d3-8d99-8f9d1b7e2994
2cdd5622-c8fb-401d-b4d8-915d32c309e1,VISA,72737dad-fe8c-489f-936e-6fade52b948c
f308eb04-a3a0-4fdb-ad49-e73301b62608,MC,1d4d5a14-8769-462a-8fc0-556f24add92b
52bbbfc9-66fc-4424-b9a9-9a947a66c23c,MC,c31e8f37-98ca-453a-a7d7-1e7442fad91a
753d6b11-3662-488c-afd6-6512bac23d02,MC,f4edb20b-5fad-4c7e-90fe-8ab9c05f58f1
947c217b-84ee-4f1f-8f88-bdd1402bf756,VISA,5326033d-e501-4dd0-b705-9c8e0b4c02bc
70e2ab9a-c602-4897-8b47-ee50360e4bc6,MC,42d3cd94-5a51-4717-9f3b-626e2af7d077
aa450e8b-ac76-4c21-b5d5-5611339b572d,MC,ba233868-3b04-4aee-b811-14efdc0f562d
ecd8941e-0c38-4816-83f4-41cbf504b487,PayPal,1bc4ef47-9512-464d-83a4-0db4cc46127b
cdca2366-e399-4e14-a070-2ddb4883b117,VISA,73c4eb6a-c0b7-4fa2-9318-1d072c1ef7a0
2eedb8df-84b9-4cf9-97e8-47466061fedb,AmEx,b045ab47-7c6f-463f-9f6a-3b4f9636388a
c080aaef-b482-4607-b929-4a721d4c4ae7,MC,9327bb0a-7f43-4439-84fc-c9229037fb27
6f249b0e-5e5f-4d76-967d-aca772d2e3c9,VISA,36463223-95d5-4f34-b852-91da06cf9ab4
2ad86641-2e65-4338-8663-82cd6da9a90d,AmEx,e655c903-78b2-4747-a5a0-5a69412b253f
c4b713fe-95d4-434a-aaf7-b3fd75686ec2,AmEx,36a8959d-e65b-4e81-8ae5-b7f124d89c47
747aa66f-d359-460d-a5fd-0ce7e430ceaf,AmEx,c0cab224-6e79-4428-87c0-74d782fdc22b
71757483-4b3c-4857-9875-3b116ac9e39f,MC,d3881c9f-98cb-4bc0-ae2f-56815b698609
3fdb0a99-01fc-4301-850e-9c3b8733210f,PayPal,50fb4fd5-011f-4ec7-b78e-396cf4db7a27
a7b63d1b-9e07-4733-8afe-4580137ed860,MC,7cbc1fca-b80e-44a1-9f9b-326de770d6bc
0cc4f9bb-f43e-4e5b-a746-f92dc8650a42,PayPal,d7871539-eb65-4d22-978f-386f0f99f84b
da619a65-e8f8-4421-b7b4-4f31bf26385a,MC,d155ad5c-c543-48ff-8ccd-fc5db120abab
c33528fa-4ba8-477c-b4c1-90ecc2b93da9,VISA,9a559408-3d34-4e6f-8ea3-3e2c52eacb00
8e21452a-8ac3-4202-b3f1-57661dcd9d16,AmEx,4b827368-9d9b-473e-b0da-04a3933354c0
e91f876a-ffd5-41fe-ad88-17c722292798,VISA,12c915f3-611c-4b7d-bfed-2d75d85baed0
a9028c4b-6ef7-4d1f-9563-e6be5b18646c,AmEx,164e5370-dce0-4bc4-b100-7be6a2ef2cae
552f2e8d-b00a-4fe1-9666-c8f0db4dc9f1,VISA,a712fd0b-d4f7-48d6-9e81-b6377a5b3ae0
ed6bd6f7-7528-46f2-bdf4-84b98e1e5a32,PayPal,255b5e64-1c97-430e-ad8f-1d67f07fdb21
45f2d33e-fada-4027-bb6e-546cc4cb90ef,MC,4b9d0edb-85ae-4055-9e28-edfc4ab5db28
ca379c7f-16e2-4205-a3ee-1630a1ac535e,AmEx,80b76af8-e9bc-4001-88c7-c7e5f48521dc
170d717a-d24b-44a2-9df1-5a768f514fae,VISA,9900a51e-f83a-4948-bbf5-ad2f342e6a02
38f981b9-5c49-4ed6-8ebf-9440dd8be483,VISA,05e7243e-52bc-4346-a578-46049804a18b
76d2b0f7-aa43-4b03-844c-762fe570c8bf,VISA,64e6aa3d-9a0c-441f-be0f-ad83d69378d7
4ba08a38-4981-44bc-8795-a03fadf6c31f,MC,cb779729-2daf-4028-a70d-0c012bc819ea
f71dcbcc-0e83-4f72-8569-1d4dab80dd0b,MC,b17e24d1-a47c-4595-be8a-c1355d45bdfa
2ff3247f-3b47-43a5-b366-ff00db5b67f9,VISA,308f9b1d-2bd3-44a1-bb56-8252053d43f3
facdaa13-ca7f-4cb5-b8e8-541abc5ce741,Discover,ab921993-0d2f-4c9b-9c4f-5ef0bf52f76c
9b3c5688-a16e-484f-948b-08d187d8bcba,MC,a7c5762d-e07e-4858-a50b-3be54010d878
44ae434e-7408-43fd-b94c-43718a058e1f,MC,1573cab4-c5b9-4742-8571-5e5c3330e874
dc10b66e-9caa-444d-8e30-c69b5d03c683,MC,60df34b9-a21b-4a17-9c53-eeb51c8cf1ee
b666fed1-4600-459b-839f-eb78d68325f1,MC,1941a65c-3560-40e0-8877-a530cd0bae80
a6c25d87-5838-4508-afc0-80d7a93000b6,VISA,dc50a0e7-f312-45b9-861d-7177b915d76b
a8b4cf60-83c2-47bd-9121-b3213eaa1958,VISA,09fba807-3946-4b72-8bd3-d65811771da5
74fb3464-a94f-4deb-9b4c-06c1941e42ad,AmEx,42844ff3-c836-46d1-954b-11f1d0d85d03
a9f8f165-580e-4f92-9d50-ab6ec22daaec,AmEx,852934b9-6f48-4668-ad1c-f792f0c9e643
3289cd9a-8b6c-4741-ad0e-91f7aa6e606c,MC,1ac11b5a-e865-45cc-bf08-0aaf7520d310
79759d94-fbd8-4504-bfd3-01ecb30cd7bb,AmEx,4a3eb6bf-8a95-4196-b8d3-b1bd84728eee
eee0d771-089c-495e-915f-6ad9e07fdb0f,Discover,d7478ba9-c1b8-4197-a8a1-70ace85bfe8a
dae22378-1cc0-40cb-b93a-cf6be0697619,VISA,2f97abfb-8428-43f3-a7c0-200c0b0d2bcb
6950dece-5dfa-4021-b27d-31f4959ab22f,VISA,8731eeb9-2f1f-4fdf-a0b2-638a9cc7a35f
aa1af57d-c4a9-4ad9-bccd-27f1ab7ebdb3,MC,e7df01a6-0d49-4311-a70e-7b116cace5ab
992b4610-1349-4fab-9926-467a04051569,MC,833ce72f-1f9e-4103-9480-f6b55a71ea72
d8407e20-d036-4d8e-b863-047dab1705dc,PayPal,6bbf3091-3d47-450b-bb22-0711e1193f24
cd1a5f4e-6e5c-4f0f-a78c-8df0339b0f73,AmEx,8173b240-7609-4134-a0b5-e8ad42ea57c9
2fd6e61e-30a7-4410-965c-f30eb7159a27,VISA,c500e42f-1f6c-4d98-82bf-6f6d2a221aad
6ccbbf76-af46-4bef-adac-e50e98c8c62d,VISA,78541535-6ec1-43d9-804c-6f1fd9197b6a
a00365ee-1a4b-42c6-aef9-3934421aeea4,VISA,8673582f-fdc7-488d-a2ff-87a869d46364
e666f926-db25-4ce5-96c1-5f7f806bd426,VISA,744761cd-dd8d-409a-a628-cacc23e3ba1a
0e6964ec-803f-4b60-aeed-f7b276dde5cd,MC,d3ad0a33-2101-4795-a1c1-58b831621b4a
8af3c714-c1ad-4dfc-aeb1-e69566afcadf,AmEx,1cddaeba-16aa-4a79-a74c-0702fb2dac20
4c5dafaf-5f03-4c30-840a-8b0b1e52fa62,AmEx,1c04790a-5f57-45e9-acfa-4284ee61e931
c07d1a7a-62b7-4d76-9484-7d094899335f,Discover,b5aaa625-5638-4969-8fac-800e971b13a7
5accafe8-2cd0-40cc-9776-c9535bdd823b,VISA,a649f86e-727f-4e9f-8a91-85b71ec0ba18
638dc728-4bb2-4bf2-b2ef-566a990b0a38,VISA,f9b53333-8af8-4005-a99c-e7ab8b4364f7
1f34cd2b-1257-4f67-8caa-5b9d2fd963cf,AmEx,ffaa4c44-d498-4f6a-9322-6bc29496a355
a9cba769-a7b3-4512-9d60-809b57b53389,MC,888b1de9-da70-4bf1-86cf-0c3689aac680
b89e009c-626b-4eef-bd95-49f2309e7b3b,Discover,aa585506-9158-43b4-8a30-3f64f30e2c74
db9f1137-0c5c-47d4-bd8b-ec585fc3f388,AmEx,4d4ffe61-c8d8-4768-9bcc-a4e77dc0478f
7f987579-3bd3-4b8e-b5d3-aef41af7bc2d,MC,3952f9b5-c2df-431f-a2cb-2e6f42828d45
c0d23aa3-a138-4b2a-aef6-292d1d039044,VISA,e7010b2a-52dd-4b9b-b361-2c20c25754b7
b2c3a59a-fc0f-4cc8-a9e5-173c510bba36,VISA,bde7c226-cdf3-4a58-a538-d1605cc26c16
567a8ad3-7bc3-40f4-b098-b8052d7f7d0e,VISA,e5ec5e44-3b9a-49b4-9934-d333dba6e81e
e6f88922-13c9-4103-b2ed-ad9675445c4c,PayPal,4bf1a2d1-7676-476f-a5c2-d8ed116cc45f
cfff3ffd-3723-497d-ad8c-c41fcd96c566,AmEx,feeffdf1-9cba-465d-aac6-c16b59bc0c3b
cffdd159-2204-443f-a759-278aa1ab9281,VISA,7db3cd09-3ed1-4d5e-ae4c-a8832b4f08da
d58c6438-4555-44e9-8c2b-3870e6c2f6aa,VISA,3eec4274-2fb6-4d48-9850-6a41f7b232ea
c94d08b1-8789-4d48-a4f1-d2ca618b7f0d,VISA,abbe9eba-bd37-47a2-a451-72d5a3bb53d6
4ce95116-2a73-4aae-a26c-a018014ef20d,Discover,e7a3086c-eb52-47f3-b087-da6787539f2d
02148eec-6eb5-4fde-a09c-c6aee79f42ee,AmEx,4109d0b8-253b-4ebd-a6f1-be8884945892
7802e52f-68f7-40db-a720-0e76149e74ec,AmEx,8cda4c30-c695-4544-bb9f-f4b2aa11affb
a50021ef-e8e4-4768-951f-2b52be32a67e,MC,73197449-2ab1-49b9-9b85-ec438c2396c2
26af5373-febf-4843-9de1-03d498bdf760,PayPal,abf576d5-24c2-4d00-affc-8efba7ade01a
8caaa3f9-0791-4155-857b-9ce765299b01,MC,7446e9b6-e563-41db-9fbb-83cc72af7288
92dddd84-0ce9-4e23-8000-92f7963f0ed2,AmEx,cf1044cd-cab0-49f4-8818-aa5ec37ef781
9d385423-d9e3-4b82-802b-a0611fa0ed6c,VISA,f9a2d14e-4002-4339-851e-fb41e3d79746
6a9530ad-9792-41ce-a046-3d5dc84754cb,PayPal,5221ec42-a752-498b-9273-67fd227c4e05
3034ef31-c60b-4c7d-a868-b3d23f949f5e,VISA,3b602705-7b59-4ff1-b9d1-1b180bbcf16e
1961f367-ff90-4422-84a5-5c6e63b2c199,VISA,7c361202-d758-4123-8be8-3e53be02d6b6
b8860aa3-037e-42bb-8f29-95fa8ae95c63,MC,90a2c86e-2af3-49f8-8be5-d7857c370bdf
41631109-57aa-4e7f-a8aa-0fa3b2564711,PayPal,64192909-906a-4f63-82bb-e1b875d1fb49
57fe2862-4087-46b2-a8fc-203ff41bb616,PayPal,427976cf-d39b-4430-b918-428ec47c60ed
cb088159-cd72-40b4-9835-76401ed6daed,VISA,30c10e7e-1fac-443e-9460-03f463976ca8
e8f52e4d-504a-4c56-b1e7-4b66755a6b5c,MC,9dce53af-f69b-4328-b948-a6e28e0f2ff7
f33c9edc-03f1-4897-bf06-35d0e3eb934c,AmEx,de499f62-23f8-4efe-8cba-5d651cc91d52
587a8285-4e07-48ae-8956-f9687926fb28,VISA,7257e07a-797c-41b3-a64b-1a4e0c68d406
525e879a-06c5-4a0d-a650-8a50a6151fb5,VISA,0924c9f8-aade-4fac-8c35-c220c132f323
5534560b-e954-4574-84fd-2a1d62be7347,MC,bb562e50-19b9-4f87-9d60-3d92b41735cd
31ceccb5-9846-466f-bf88-4ba695d914a9,MC,0f1995be-7eca-48e8-b1d3-14318b87a742
5b467d79-651a-4f01-9ae8-c3ce78a4ca7b,VISA,58446e6a-a504-4d2f-9b76-e31eff25725c
d10b2263-254a-4686-8ba1-904cd6d08b87,AmEx,77f1d1fe-e79e-4e11-adce-d5aa068bc5de
691b8f58-b5a2-46cc-8f38-523a7a688658,PayPal,a7443e2b-636f-452d-bd43-26e5a5ce74d4
8647496d-a160-4575-83f9-2a6653550949,MC,30deb4f7-109a-4f29-8295-8ffc5a07086a
efa81630-bb88-4b6f-872f-6191877f13af,PayPal,c903e94a-bcf4-46c0-9ab0-6807050d21cf
fa89f1b7-a0ea-4f46-8657-8c3af83f9b79,PayPal,3b1f3733-eda1-45d8-a924-11741548cd42
776840e5-9b53-4f8b-857f-ab38608c1d14,AmEx,4954bd0d-3d12-4f32-8a2b-15b2a4a8a4d4
c2b39011-4a01-4de5-9c49-e4d77c6943d8,PayPal,946a5c22-ee74-4512-9e79-26432e48c38b
e88d76cb-78d4-490e-becd-40b5a7cb12d3,Discover,313a1de9-fd71-4948-88d2-0fbaf03f71bb
f507504a-8b78-4483-879e-535a5a1a2e83,Discover,3a14f5c7-24c6-49c4-b006-24fd2593eca5
61098979-302a-4e52-a4f6-eef349d46e2d,Discover,b1ab321a-0007-4341-842f-ab6ed762cbcd
fbfc2d32-1f5b-4761-a459-567c927e8317,MC,b032a3b0-ef8e-4913-80b5-8fbff4a59261
b90ddf91-2c27-492c-b1eb-c33e6c3f67d6,VISA,c0b291e1-8a16-4c1e-8cfe-ad5dc41fc805
cae39dc5-f1c0-401b-8433-f457224ae6fe,AmEx,18da3776-7c2d-4dd4-aa33-88689ff9b223
22249a5c-96a1-45dd-bc3b-b71d6ad895fe,VISA,18303a61-a9f2-4314-8ed3-cdf773ff7276
350b282e-fcc7-4832-a07b-23b0b0045a60,VISA,40e83adc-5efa-4e5a-8500-144407e5d047
ac8b4b74-1cd7-4a99-a194-45741a29ff26,Discover,897c35ee-1651-4ce7-8d98-8dce2d0b21b5
72853ab4-9bac-4bd6-861c-41da7ac1bfab,VISA,53766ad5-887d-4350-bcf3-dcf8ec99fca5
0a7c9a5b-5983-488e-bad3-b0b0d152bb3e,MC,b47765ad-f06a-43c9-a17b-5b9455dcc3a0
6bd5643e-61b9-433b-8a6a-296ecd064d3d,MC,a8ff4fc5-d0f8-4a85-b1db-139ed4df8a4e
e501ab20-3543-46aa-b3c4-22c46d73b453,VISA,19e69f0a-6e39-4e83-82ed-1329d26bee8d
08ba1bcf-6b65-47a9-9865-c2085584532e,VISA,d1e0548e-f04d-4e6e-9079-6986afa6fac3
3767077c-799b-44ec-aee9-88fe89ec02a1,MC,d02066fc-a835-4ab2-9eed-f99a13dd2829
3a912c44-c27c-4e7b-ac2f-cb0645adcc8c,Discover,4f0dfabb-95da-4d7c-8317-052f79b6f098
d0bd1cd0-fb06-4921-8237-e6eaebaa3953,VISA,19037e0c-845c-4b67-aba3-a095be516fc1
8800a82c-e342-4ef0-9a61-968508bdef57,Discover,da81c147-0017-4faa-b653-3c9c1d8242b1
6c5a16fb-eb47-4932-a384-90dbe5e319bc,VISA,870d2aea-2657-4ccb-8ee0-f894c09a3d66
11bcaf82-ae4d-4c7f-b19d-f17370bf4619,VISA,aeaa7618-4cf9-4f01-9733-241ee659004c
dc517603-f0a2-4937-82ca-2fc357e57f8b,MC,24bff4ac-d43e-4b6a-8cb4-7965e30a0157
4f2342e7-2eac-4c8a-b054-d7ad5a43482f,VISA,91350151-973d-4fd6-bee5-7e6e5fe757ed
730c38af-bd94-4ada-be2f-092d122f8b3b,MC,9c43e9a1-e129-474a-b270-e4ce6b846658
9715531e-a99f-4449-a6d6-b41d56a6b11e,PayPal,1af3a36c-eb73-45cc-8e28-a1736b480898
864a1c14-27b1-42c3-acd3-47eff0756337,Discover,5edf3b89-6d15-4ae2-bef7-89833ea0780f
00bd22d4-9c37-4996-9b29-0cbd211c9e27,VISA,39995c2b-0686-48d8-bfe8-1cad48da978d
e108d9ff-2897-436f-9e70-f7d665a8cd66,MC,1cc72abc-ae03-4097-bb01-6576cd50c227
fb17c3e0-8dbb-4d84-afe0-38e38339a952,AmEx,27327bea-c892-4bd8-9c9a-28fe0b14b031
9cf08936-15cf-415d-b010-e9c988c83c8e,AmEx,02e8924e-30e5-48e7-8579-7c47145085c7
c965fb4e-c5a7-4112-a876-e61b1595ba99,PayPal,088fd938-a609-41e2-a84b-105434859305
df9285e5-4ca5-4107-993f-d60c43635774,AmEx,f8993b4d-5c73-449d-9d54-ea80eb9328c4
fb15a31e-fb12-4eba-bfe9-9326041a8cd6,VISA,3a94f8b6-87fc-4280-8d79-b4be79d4f4b1
bb4b35f4-1897-4c75-bd75-3753d9eadbe4,MC,d72bd5fe-a488-41be-a8a3-ddd84b856039
35a213a0-75b7-46a7-a3ef-10922746cfc9,PayPal,adc316d7-dc1d-4be2-8094-671dda8b42d0
2405d231-e82d-406e-b27d-96fd5f629cea,VISA,6ebe27b4-0262-41d1-a47c-a4281dc5b45d
c1260133-ff86-46c4-b972-cd4158a01610,MC,c6390b9e-278b-4b2c-8426-9ad41dd9d3c4
5856df9e-5a3c-42a9-929a-6036265b2ade,VISA,fcdf062b-f30b-48bd-a5f7-c633a6d8ffc9
7ad4e3ea-0165-4cbc-adf8-cf2866294f88,VISA,f4d6cc35-c330-4ebd-a26b-dce41c7c2df5
2d0c8f8a-053d-46db-9261-1f3e8cba3150,Discover,5f20c9e0-1f67-4b56-aa88-d911bbf0c8a8
63f15db8-e7d0-451f-a22f-8cf14f61783e,VISA,0af08cf1-7ecc-4e6d-92dd-1d220d1cfe28
ef9e4b33-9392-40bf-83d3-62b93fa1e956,MC,06dd463b-5343-452d-984e-a1f8e61b3581
bf980152-5465-4c52-88e9-33f7a7377dfb,VISA,5c00fe3d-78aa-423d-a8ef-c970fc2174df
74a8369c-8451-4e24-9077-961fb3ad03ff,AmEx,9bbe855c-394e-4e2a-8e7a-76dc99cd21e8
e55a4e16-8f3b-481b-9902-bc45bbccdabb,Discover,1bd6e72a-f8e0-407e-9314-9cb2d30aca22
d3e6b3bb-d940-451a-9495-1cce3f29fea9,VISA,5e812893-111e-4b5f-b0cd-c26ae333b5d5
1e2d58c8-10aa-4592-8c79-ea3ae45f4593,PayPal,610cd8ce-21f4-46e5-aff2-d0974028de2a
04c92346-a1f4-40f4-b4a6-7d403422ba6a,MC,6414fc7c-720b-47ea-8568-36b4f77f4d44
70392a42-83cf-4197-9ed1-540ca5d94cf1,VISA,3de424d2-0c6f-45c6-8a5a-9c076c79925b
7968354f-161d-4256-9625-e516dd5c274f,VISA,da306609-4ff9-4709-b6e2-870ab1d7b305
19d3e1a3-7dba-4ef1-94d9-41499d087585,PayPal,1a872f55-7ff5-4681-8982-4133108d1152
f3dbba43-7ba3-40d6-a382-0480443d40eb,VISA,dd4a5ff9-17ab-4df7-8a9a-c537cd8bcf0e
0c917464-7cb2-4f62-96de-ff80e8e654d3,MC,1b364803-85fe-4e23-b05e-f894311cf98d
6c95e132-4322-4a2c-afc4-dcdc304cffd5,VISA,05a68589-ed71-4509-98c8-eb5eef3cd0c9
cdc06472-ddb5-40be-9d92-5666ee6e7704,VISA,e1b42f72-bc40-4ffe-a2fe-3ad3f9058ddc
c30f8095-c0ef-4fb6-a145-13c81737730b,MC,86f37041-03d6-4b89-a29c-25089115ebe9
2eaf4881-49b4-4b6c-a1f3-09f818be7ab5,MC,fdb905d2-6c25-4f62-8cbb-9dbb05b5789f
27a5eb1e-4d26-4080-b7ca-406fb56d8caa,AmEx,378cdbc1-9bae-4773-a2f4-3476db83d7bf
5689edd5-5d1e-42a6-8bd9-69abdc7d6991,MC,4d29fe14-dbcf-4938-9869-fef9fa722d1a
b88521fd-1735-4689-a63d-57d33c27e042,AmEx,4a66c8a9-cf01-43fc-b7a6-34980fe45fb3
bcbc607a-74f1-4cb4-8cc1-94712927a50e,MC,10c157d3-5e01-4ea0-9745-f786f2f247c9
9deb6d4f-f7c8-4127-9c57-bc62307e9f8a,VISA,f8d4dac3-bc7a-45c6-9ee1-7e4839fe2497
b0374eba-10b7-43a3-8cfe-fae44d4b2330,VISA,df6179fe-b329-4901-a7c9-12e93dd4c688
8b4ce150-6477-4bf7-b49d-5de4bda1fe27,AmEx,bb39a608-d4b5-4284-a8a6-7cfc46e0b6cd
d44d1576-c6fa-49c9-be87-cde333b6ed09,VISA,787d001f-181e-4ad8-b14b-3a43d7d50c19
f52058c0-0486-4b8a-90b7-ab9a1c94cdde,VISA,b07f3fe4-7356-4b36-9984-0eee90fece3d
682039f9-45d1-47a0-908c-ed69d869f4fe,Discover,29670428-4811-46df-83ee-c8b57c25b68a
62368234-df9d-4e87-bd49-00892da09fb1,Discover,81258442-c6ef-4b47-99a7-65278fa3e0e5
61ca382d-b6c8-4122-aded-1f41efdff4fe,MC,58893bff-a4de-4f04-b433-c11c0edd900e
3ec76b07-920c-470f-b8bd-7548c101fbb3,AmEx,abf9c9cc-2ee6-4fe9-8fa2-0ffdb3f21a43
b4a8654d-80aa-4d1c-8673-b81db2f594a8,VISA,d6eac370-ca6b-43aa-a843-d723c5e057de
e69ef2c2-a607-4663-8792-bccc86b485ce,VISA,f1104dbc-620a-4396-9597-38685399df11
1335f2b0-6b2e-43ae-836d-1d3eb2ed32d1,MC,8214168a-f974-40ad-82f2-197dea5d20f3
5423b14c-1f8d-4340-8e49-a36625284cd8,MC,cd540cf3-5dd3-40bd-ae83-642cc41c6059
1411edc4-419b-4208-89b0-af6b49cda597,MC,dbaa0795-0e6b-4892-b040-fc49f11d77ae
b6cf4d62-673e-4962-a525-b5e844aa2310,VISA,46e75816-3d2b-4a31-b66e-1654a582a9fb
e56ffb9c-33f9-46bb-9867-e31141b045c5,AmEx,fac8a234-e579-4356-a177-f28cfd7bee8f
7a8c448f-551f-4194-9a9d-de3cec1e32a7,AmEx,d271b5b2-d6df-4fec-a82a-1813b0b9a597
d453b5ad-9d97-4a36-9aaa-ea6d0c79ee7c,Discover,a2cffe97-60f6-41b5-983b-e46a43b6947b
3ed2b8de-eae4-41be-8401-290732061fce,AmEx,2b982f57-4a3f-4950-97dd-052d3568f3ec
e7f0d651-0de7-4b1b-85f1-5e2801b05233,VISA,5b43cc60-af11-4e02-958d-7f95c0bee85b
f81671f6-2c56-402a-ac62-62ad7b393494,AmEx,632425df-6ed1-4730-bc12-cd7df4d0f4ad
06b60be1-9f41-430d-92db-ea8dc756e068,Discover,c5deb933-668d-417f-bf09-7d08fb48859e
7804ed98-07b4-4de4-8810-246b86418889,VISA,87acc031-a64c-49e9-8a9f-65b15caf1cc0
724b6b4f-a3c5-48bb-9d26-a004837c47c0,MC,814f7a1e-8b2f-4324-bf65-ecce99def7a3
346e271f-a470-419d-a743-44d7f8a3ccde,MC,623126fb-080c-47eb-891a-b530bf7ad18d
59d28547-6b65-468d-b529-73fa6b87ebcd,Discover,04bfb17f-476b-48fa-b82c-1b7d8a9476fa
68b35972-12e6-4b1c-bdb9-645608333855,MC,ce57692e-617d-4b9b-ab71-218afde90d04
f08d59f6-0830-4bac-bba9-006f3624d1ef,MC,97c4b7da-4193-4cde-a3dd-14431d0138fe
f41d42d7-0641-4f4c-9075-5c321e21dff8,AmEx,82030c69-65a9-4004-9a9c-85c408fa13f6
8d57db2d-47a5-44a1-913f-a663a94eb9bc,VISA,ab6d49e3-3c4c-4b24-8651-9d77e0c340ff
ed78f0b9-b7d7-4ba7-a958-5972278a1850,VISA,92a9c1c7-5e09-4547-98a0-19b849d27e41
fca617a2-34b0-47dc-8b25-4b4ae3c78bbf,Discover,59a7230d-eef0-4495-8545-647148816439
20370af2-46bf-4cfd-acae-b0b72ff55ba5,VISA,663dcd4d-718f-4bb7-bca1-b1858e5f879c
46485f98-c781-4ff2-8774-fed42d0826ad,MC,a21aec3e-92b6-4433-8e11-753db955884a
a3b91feb-e2b7-41d9-a589-1420f70a6d48,VISA,aa19808c-4c22-412b-9b8c-4d674063960a
0d50f113-0ca3-440d-b4d4-b6efdbacb9a4,MC,2ff4100b-f8ce-41ce-9f60-2a89e070c5fe
329e2e2a-2980-4bdd-8589-228cf9b838f0,Discover,631fd3ec-7008-487c-89c7-d5477599bc6d
08bd5752-baf2-42cc-93c7-606bc1464f8d,VISA,f2136da5-db71-46e9-a6c2-06a86bd86ea8
cf650da1-6277-4524-875e-5ee76ec89727,Discover,694a8d7d-20c5-46e2-ba0a-39c950f754e5
30ce2516-75f2-4007-9c99-7ef364f34d9c,Discover,0ba4993c-19cc-40db-81f3-640c0d48e3b8
c6295b74-3ef1-4a9c-945b-caf1042cb417,PayPal,d41245b7-3108-4228-b073-647b20440138
5eb07a9b-14f3-4494-928c-04a1c15a611c,MC,ad10679e-2c83-432f-9854-3ce129d6a3ba
9fc36237-f4c2-4032-8ab9-dd395619106b,VISA,2d4a8404-5f65-449d-996c-0ff28aba2585
c05a1a4b-70b1-4ea3-869d-bd03f37cb216,MC,852cc1de-c366-4257-b627-c18382efc857
8ae7cff7-65d7-4ee2-81bd-6c933c563b28,VISA,b4e623d3-d3bc-4a91-b02a-ec252dcf0459
7f16f9d0-201e-40d9-97c2-cb09a32513ff,VISA,3eca9ba9-e04d-4bed-8b0b-90e3b2378bf9
7c1b2e5c-6bed-43f7-a303-ca988a0c0d4c,MC,e1b807d7-5a4c-4a9d-84a8-dddc7f90221f
ef284cd1-7b2d-4182-a7bc-17d763126b04,VISA,89340047-96d5-4dbd-8f2b-5a3055ecafb7
c1f8fcd3-a8c4-44e6-9921-01c91f048cf3,VISA,25666e80-422e-4321-b32c-0a2d2f48f5d0
c4ba1c0c-c577-4707-b83b-0bfd29bc24cf,MC,1e30b12c-ae02-432f-9b55-7be19d279935
420e54d9-5698-4915-a14e-04551dc8f6f4,VISA,ad84aefa-4ce0-472c-84c1-c03ff5e393b1
d0b2be37-d54c-4b78-91e7-164b4bac421d,VISA,58063012-3018-4af4-ad79-8f0b0bffa761
ef3993d1-7a95-4eaf-9073-3886bce21786,MC,24107c4f-75e3-4cb5-88bd-1a1a0f7dd35e
e1b3d1ab-e5b1-4837-b385-b0900c91f435,VISA,f66ba3c4-f49b-4628-8129-0cc9e92ffc39
246d6e40-723b-4cd8-afb6-af408c78e4ad,VISA,d419ba45-6caf-4a18-b119-803d6ae373fe
c41e7d98-cb7d-4cf5-8ee8-1afe172a1b4e,VISA,9a69631b-2cf6-494e-92ba-e1a710483a06
af3bf271-45ca-42d0-ab0f-ba0106742267,AmEx,db520608-553c-41dc-9c1d-9dd286ab00a7
97b1f578-676b-4544-91c3-3b779a27bd10,MC,90570ca2-d73d-409e-96ea-4efb676134d6
712de110-a7bc-4fdc-bbb6-74133f2cbd52,PayPal,2677d283-691a-458a-b30f-b0fadf6513d4
e9f56b0a-12c2-4337-b775-a56b03e095f7,MC,314f5c34-220f-4c61-a896-43b0aedcf779
9c88323c-d5df-4a32-b3a6-43145e02ca1b,VISA,f50e3793-5e48-4df2-b8c6-bf155d04584f
50647f89-060d-4a5e-871b-2df5a5a8162c,Discover,54cd00eb-716c-4c86-a952-965cb385807c
3bb2102f-c43c-4b72-a7f0-da4c9578254d,PayPal,f0e481b2-ecd5-49fa-bd57-8ab5d25fff6f
1c02c4b4-4514-4fd9-86f6-36348c8b6c3b,VISA,eb40810d-92b2-4fcd-9cc0-b528f262f9e4
729891c3-605d-46af-8604-95798f3ccd69,VISA,2795c894-89d5-4ea0-8d75-64f940374b11
5b9c7886-4650-4787-b738-f21ed443fa39,Discover,5d2d58f4-43e0-4be3-a3e1-39cab29a594d
3c70a1e1-1457-4f91-a831-3dbbdf0aaaba,MC,496026c3-f1a7-4a45-878e-a089319075d1
f96115b9-1aa0-4665-b0de-474d704bb46d,VISA,59b83609-edc5-48e6-a135-e217917bf3b4
b745531b-2527-4fe3-a9fe-1157ff188774,MC,b144db83-8acc-4f4f-8e0f-e0f83aeec997
70ab9624-4d83-4914-bbde-11ee3ec76e9a,PayPal,79377960-d429-41fd-b45d-caeee1648557
b356316a-847d-4643-98d9-4bb9fe6b9313,VISA,24986554-0be5-4766-8707-5f6b355378ad
b6c9071d-c035-45b3-8a8f-64f566a10c5f,VISA,f2d527fb-9a40-48d8-9867-0871aba40597
df85aeca-44c9-4e73-b545-828a63221e00,Discover,76d33ca1-22d1-469e-80eb-51a479fe75fa
097b8d7a-841e-4b5a-849a-b0fc9ace403c,MC,7ce2559e-84cd-4d25-a6c9-2860112beef5
f2c4a2c1-040a-4547-b614-259525a369cc,VISA,f047fefc-3d54-446c-9402-4b957b45710f
149803d2-9840-4f8e-be11-fa59406a8909,MC,5543d79f-3486-4f2b-a1cc-cf1b786a59dc
faccdeb7-ced6-4640-99b9-56c052c6cea6,VISA,87eb2be8-403b-4226-a63b-ae8486c42309
ea7a50a1-08e8-4752-8018-8528941071be,VISA,89fb41d2-ae5b-450e-a018-8954d4cd6f58
0659f11b-719a-4f9a-8dad-5173a9ae47e0,MC,f54fb1a1-5af3-46cd-918e-1502363ea8d7
60c2192b-b31f-42f2-8ea8-28da169d2799,PayPal,a5d99939-6007-4f90-b50e-dec5e8e41794
ba20ad48-f545-4b68-ad84-b043139772fa,AmEx,45523fef-4828-49e2-bc9e-0b7138464906
dd10e9b9-a617-42af-bd5e-12d8b89398f2,MC,9889e18c-d923-421b-9014-c455a8346e7e
7bca3407-dae4-4680-96c7-71be1c44a011,AmEx,7a804ca2-076d-4023-b628-e3e53584c44d
11058e7f-6f92-45ca-bedb-a9ef0f7ed9e9,VISA,dcc20c22-f882-4146-a691-998f957d4f64
a2c6b396-ea5d-4a4b-a6e7-a9b29e1f9fbf,MC,dfb4a1de-d96b-4741-a317-cc6a42d43a2e
3b89fabd-92c5-4c4d-9f17-d4835e7ba026,AmEx,9e7e1842-dcfb-4516-a549-fb6a11bb2522
b16c25c6-a866-4628-ab7a-bd28a2d12135,VISA,d9534874-4cd3-472f-a128-42b7d9ec79e1
d1732955-b882-49d6-8d5d-0f21e7d02e17,VISA,55fe8fd4-9fcb-4ccd-8b19-ccae286fcd1e
bb91d2b5-2254-4e85-8d1b-d3ce216d691f,PayPal,c4fb1305-5a30-4f38-80d6-12759c6d9a96
dec355bc-f40a-4327-b817-08123608ab07,AmEx,e9052f19-d537-4d3d-a0b2-a11fce693d51
06aac586-54cf-49e1-80cb-4240e46edf47,AmEx,ccc4b217-0ac7-40eb-bea1-9217f18a5e74
9163248f-18f3-413f-a1a5-2dd07e55e17d,VISA,f4d9b130-3cf5-4abe-a8e4-e7dd08850e19
6490adbe-6837-4094-9b68-d8a5c35836f9,VISA,bfe384a4-e4ce-44fc-b3d8-277ea1f72f0a
9766fa05-f0ed-4648-b056-dccbfb21d673,MC,4bfe8274-ed2b-4557-8a6c-06c20cd1ce4a
2529075b-1830-40d7-9e36-6433dccd9882,VISA,62d60a1e-3b87-43cd-bbce-4a64bb06fde7
3e8b668c-9554-415e-9fe8-88880115415d,MC,5b7ee206-1bc3-49f2-8405-53320a0c72f6
fb0333a9-ad1a-42c7-9078-200398c59a1c,AmEx,96621c8f-e3c1-41f1-b9e4-1922843a8f74
b694dd72-f234-491d-9bab-97856b66d937,AmEx,829e33f4-190e-4de9-baa9-8dc4ede40247
f87bbc3e-f160-49c9-8f40-898ce2533efd,MC,3dff9d4b-2a95-44b8-8fe7-ba58edde5004
0bec7c88-0ab4-41ef-9d34-0a8ab36467fd,MC,a38bd570-65f5-4361-8c45-9d13e9852ff8
b4ea5623-a3a2-4e0a-8e0b-188e7d96faae,AmEx,2fcbb0db-d5ee-4a25-903e-c2aea894df72
ae496220-14b3-485f-a32e-a0742b59d942,MC,2f6b627d-ee90-4e0b-95e1-c8a6ac4e3da1
b89e2124-7d67-49a3-8f89-956492d44590,VISA,764433c3-37df-451f-bb4c-09ad0a920d0b
5476e553-f5fb-4c4c-bf75-cf7b3b3d87c1,VISA,223d461f-8e34-4567-b27b-39ce7b54a7a1
bf74e690-a67a-4901-99f0-7f3453635d9a,VISA,69af7b3c-e1d8-43fb-97e4-94146ad0c518
0553a03d-4b13-43a4-ab43-d928a5042b07,VISA,ff5dd93b-4791-41ff-9439-b9e9dcec5170
f9604730-1854-4a65-bc43-85f1a13d1b34,VISA,ff869f02-e09b-474f-87aa-d442f33d34b1
71f2f42f-74dc-45ee-b900-5d1455f26d43,MC,2aecb8a7-d5c6-4d0f-899e-fb687cf73c2b
43271346-3eb3-438a-8bc1-ca612565fe9c,VISA,e7a9a46d-7327-4a53-a62c-db98ac188e10
aaf9cf6b-458c-4d17-b4a5-4b9530836bb9,VISA,f0631fba-33be-48cc-a49a-f5ff4132a4cf
4f2903cc-875b-42a0-a11f-a4464745ff44,Discover,cac38e98-8e70-49eb-a54c-48999d797fd7
9ac88031-81ec-40a5-87d1-4d45ecbce40a,VISA,724c5f3c-fb30-44b8-b9f6-3564312aecaf
d1d0a1aa-0f75-45b8-a24a-515e0e0b4662,AmEx,1d9b6af2-01c6-4a17-a246-1733d4d50ae7
e70de137-e2dd-4eac-a6dd-6e07c8c00244,MC,4da99dc2-e5bf-44f3-a685-a15951c7a0f5
0d212547-1418-4537-83c5-b8bfbb840636,PayPal,1dff5ad6-75a1-4ff5-a1c2-cdb5fd7f8610
084e0b30-2319-4ae9-9bb9-ceda8d2f8f61,AmEx,f42095d5-9a27-4fb2-9447-4746f36d0270
c294f5f4-43e9-42b6-b065-2def4900607b,AmEx,edb69e4b-ea41-454a-8407-bc596f8ed6e5
761e7604-e2d0-4aca-ae41-a46d7b7a41ce,VISA,64caa27d-8fbc-442a-8af3-2acbd394cebb
96d97993-8ff2-478b-bc56-33c2408fd664,VISA,1d4a8bbd-4d04-4379-88e9-9e256ebceb06
90cbe406-c6dd-4c8d-802b-17958c197801,MC,bf6b82a8-8259-442d-bb3b-c4ff424e9c48
47ce059a-d747-4055-985e-6402a3ec0118,MC,69bef4d0-8841-471e-aa66-fd0753428e8a
742f0a32-00ec-4c4d-903a-700e7036e6d8,MC,82ba82da-6a37-4c94-a66d-e26b7e18ef42
56e4ab14-fe25-4fb8-a9db-408a6ab7f539,Discover,54ade543-2ee9-4460-9b15-105d71e5261a
e2ac8875-db2b-4197-88e6-191e08a2d0f8,VISA,79a1c650-3764-4ea6-911d-7adb78b6daf4
bc441bd7-4d1f-4b49-bd2b-1a19b40fede1,VISA,6a02cfcb-f028-45fc-9cf1-308f3e463853
928c4d32-05ee-4611-826f-4829d9e2eb31,MC,c8cbc9ef-d313-4dcc-b14d-f338ad33e364
fda97ee6-4eea-40bf-a522-03cae59bb889,MC,8c7de1e8-5a55-4b0a-b54d-91a4f89ba444
2922e73c-7be9-4fe9-9a25-93c64163ac46,Discover,d8703fcc-187a-4f50-b9e7-f73272415410
3345bbcb-41b2-4963-aa09-f19182e2cf47,MC,78e2b5e5-2867-4867-b7c0-b2b04c4e7bf8
2930c944-ece7-4373-80dd-3fa87ec7f4a2,Discover,7bd55ecc-03a5-477f-9f5c-2b1785cbb8c4
7c9222c8-357a-49ac-a5fa-bf7d6d09bd4e,VISA,856f9970-2d62-4052-813f-4e61f0ea872d
60bb7174-be35-41ea-9934-2ba3c47cfc42,VISA,3d6c6110-a5de-4e1d-b5e4-f70f282e35d3
d4aa86f0-18f2-42c5-9968-78f5b542836f,AmEx,7b8905a7-bfe6-44b5-9e28-b2d976686fae
6965da3a-77e6-49e4-b8ca-8e55b21d3b2c,Discover,75881380-f3ba-4c15-aa28-91a7e9d736be
e80212d8-6b20-49ec-913b-b1bac79f49cc,MC,65c73b0e-3a77-45a8-9c39-f0c194602950
7724d333-b06a-4bfd-90ef-071f875f71bc,MC,3e8a187a-a43d-41f0-92a6-8d73fd3f630c
7bc0c1c7-7ac7-4045-9d72-9454dbd1260c,VISA,e0fe6db8-53fc-4f99-ab30-8bb9acbcfe29
d57c8f1e-a4be-473b-ad64-654c7b2856df,AmEx,969d2189-5eaf-4c6a-bc87-fee847d44103
23f2532e-c0d6-498b-8f13-ac7c1e682946,VISA,37ffe0c6-ef38-4a90-8706-c40a1054c7b7
0f019acb-c351-4d16-85bb-cb3c4cc05b17,VISA,5457cc38-581a-4ad9-b754-47fee1d3c075
83d1bc68-db6d-4a2c-8da2-79e27575bbd1,VISA,f994018c-64bc-4899-b034-8e92a7f1b300
d582bdd3-e3e3-43f9-b6c1-bbfdb4b22a32,MC,84128adb-34a1-4ca9-bc4f-45d50b9834b7
6e6d91ca-b47a-441c-9ebd-0b88d1301ff2,VISA,09046d01-d05c-495b-ad5e-bcf096741d96
14dfb754-e1db-4f63-ae33-6ed8bd17b742,VISA,b91bf406-83f6-4925-8564-50d946b9fac9
7ce5bd25-ddf2-4005-bad5-d503f506e8e6,MC,d61e26bd-5adf-4be6-ba5a-963932d52544
09049a93-8f9a-4e69-ab50-a49763bf9794,VISA,31110ebf-9b1a-42d6-a963-f9dec54c69fb
c9ece73c-c996-4893-b0ae-67a6157bc380,MC,106e6487-5c53-4b0a-815c-6eea7407ab1a
ab589f29-6793-429b-83b1-55585c9811d3,VISA,28a5fdac-53a1-406c-b28f-27ca4556da79
3517ddf4-0eb8-4706-a3c9-2dfbe15fbe76,MC,041c8c60-1508-48d9-b4f2-f7fada9102bf
3ea8569d-a057-4e0d-bc84-d44fcd3eacc4,MC,570e9222-2f37-410a-ae1f-6de3c985777b
02f4810e-7ed0-4635-bbb4-7916a76f082e,MC,1c3d180d-4fde-4fee-8e87-328917ee8d7e
31d77da4-3bb5-4fa9-a091-722b07760a98,Discover,27d7b56f-5ac4-422a-8734-2128987cf495
7fe58579-f369-4274-958e-383ddfa3d74f,Discover,c4987ec2-75c8-42a3-9999-31429364c175
d121d6ad-d4d0-4cc9-864f-f38576220a3b,MC,b4a07fd7-c29d-4157-a0f7-6908b8f4781d
8fe23b1f-59ec-4cb9-a3f6-754de9210fbe,MC,7ea78a05-5264-4a37-9c1d-65cb8a6ff829
14bfd1ab-93cc-4d0d-8f07-5f408ab26a25,Discover,a4a7c291-d21d-4f81-a04d-60c654d05e86
ac787486-6332-4f08-8ca1-483e8523f8d3,VISA,9cfc05db-6c14-4f1a-ba09-b282100df6aa
d7a5ae67-7b25-4e91-9a4b-019b3314cb56,Discover,1f9b0fb9-20e7-47f5-8dad-a4853c6c2944
10edb71d-585a-4207-9d6c-12430e7459b8,MC,cb94731f-6ed4-44ce-8a60-a3d2dec3b586
54624439-cfb6-49c4-b8a1-32d8330dd162,MC,2d66369d-3b5d-49f6-8a58-8b5ad65dc8ec
e2dda2ec-7c9b-454d-ba99-a547647026f3,VISA,edef17f9-a3f5-4475-a650-8ca2d18f90ef
3493a164-a88c-4708-be26-cceb3243267b,Discover,821ffc88-83f7-4e65-846c-5786929a7f53
fb7652d0-4c0a-4ee8-89f8-6e946e5924fb,MC,6b3f75e7-0832-4eb3-a5d2-3fb40a2107d4
9d05e1bb-8a25-4485-986d-6a520ce820cf,Discover,ff553c08-5e06-4106-beb7-1da6bdd8113c
d761c056-59b2-4ddf-ac87-5f4f61f6c909,VISA,7386a6c5-80e3-4bd6-8117-b8ecd55e4254
2ed51cb5-8fdd-41e1-98cf-5d2b340e9c9a,VISA,0e253787-0bed-4c2a-a6ae-bcba8dcfade4
d68f24ec-1a6a-4cea-8f81-6283ad615009,AmEx,4fcde151-8988-4465-a2c6-9cafa69ee926
8d4c34e7-4e2a-4995-a00b-51f579776764,VISA,9e99a2ee-b57e-42b9-ab6e-940c3481a52f
93814c26-2573-4c7b-81e5-5426fe2c7912,Discover,4955bca4-8da5-4a13-a1cd-f56f004616fa
90197201-bd1c-4f37-b7ff-58034d582d04,VISA,4808539f-30bf-406d-a936-3f54ecc6bb28
90d874f3-6a09-4b12-a1b7-12b6ba7707d2,VISA,fdcd5ae4-b490-4811-9bfd-dc8e6a08bd1c
ba8ed3dc-1d47-433a-bfdd-6196ffdec0a1,MC,55fe8e8f-4563-4272-9c67-0b43506a0b32
ed9b673e-bb1d-4247-bb1a-99218d54e1ed,Discover,b5dbbd96-0c9c-43f4-a65f-c8af935d4251
9ab52e15-597f-4792-9d13-a5fbcf3cc8df,MC,6ff011f6-c23b-4760-a33c-d9bf0e2558fd
f606b8b7-0900-48a2-aaed-08c5c5e99e37,VISA,b19408a7-cf1f-4a16-b15e-9c71ce10fa2f
5ce7a04d-a0cb-4fe1-adbb-b38eea06f149,MC,3261ff3e-fd33-4e7d-8058-d9dcd70d2001
77ac6103-9a15-4302-a854-239721e3ff2d,VISA,ae357de4-87a7-4237-9c50-a9e92de0eb33
cdc8caa8-34a7-4c17-9608-5b2f734142fb,VISA,261af2fe-8171-4e3b-beae-1c52b2d1ef92
b61eb8b3-2b96-4346-921e-5f0c586b043a,MC,c244d1b4-58a4-43f4-8191-2cd82a5f4f3d
d42ea1f6-ac6b-467b-a044-9cfbac79f467,AmEx,7693ff08-2e14-4f78-ae55-be75d75db0d4
29eaa96b-78a8-4cc1-b66f-a0abf47802c9,Discover,9ccfa125-f97d-4da6-bebc-9c1206ab2987
b2d15926-5c20-41f3-9647-3ecf690c2029,Discover,7501209c-83fb-4f83-8e38-ccfce0557385
a4e9bcf4-9477-4335-a17a-e4819dc8b1dd,MC,422ad15f-58f4-45e4-b238-8dfa400a99ce
b8108990-f994-4500-857f-ffe284c10473,VISA,908efba3-bdfd-4d4b-960e-467b47d99b6a
a13edfbb-7287-4dde-a585-fa4388c27db2,VISA,87009239-252e-46c7-b69d-a83b07411a96
3339a10a-c96d-45aa-8bdf-39e5b370d247,VISA,2d25c16a-5eac-4215-b1ba-5d3729771535
c60d602e-f692-4b9f-8411-3c91aa6a3b14,MC,ae7cea2a-71f4-45ce-98d9-4f57187567ee
a69debff-8667-4dfa-b49e-a5704fa9a221,MC,8fd68c18-7ba6-4766-9eb3-ce0da57b8411
c154033d-1b0e-42a7-b667-8f7b37aec167,MC,f3284387-0032-4179-829f-e4c1505fb021
e3e16083-3547-431a-8550-8f7c8442fb06,VISA,b7ceb3cc-981e-4f5c-9446-0ce251b6989e
a63ce842-5256-42ee-b1ec-97dd2a890bf4,VISA,5bca1b17-73d8-4ef3-9385-211ea21a868e
7c17e05a-05a4-4414-9e0d-85ac4fadd764,VISA,1fbc8b6d-fe4a-41de-8d6b-516e7053f7b4
2dd336ee-9bdf-48a6-9939-51d41b8fda31,VISA,6c5e5231-485a-49b5-80a0-f4713d375d9c
c602d9b6-bcaa-4081-82c6-5752f59d4575,AmEx,fcf90601-61ac-42af-acda-b6ea66fe73b6
5aea4140-656e-454f-a0c2-2ff479ccd176,VISA,0269b64b-fbcb-400e-adf9-9104ad0c16c2
6c74a756-e616-4e2c-a4c5-86983d016ff2,VISA,408c4c83-a4f9-482c-bafd-2040591a2a82
41186f0a-85a2-441f-8181-4edc1920a887,PayPal,e1e51cd3-9429-4574-9db0-fcb334e775f7
6aac93e6-d367-4361-b221-e066fc2495c5,MC,8aa8a55f-ba3f-4604-88f8-c0d9b8f1686d
38526312-6b4e-457b-bbef-e2a68a4c261a,VISA,342645e2-8f6e-4cb9-a63e-f0de8c602835
5f05f708-0128-4009-a853-1dd45c768b47,VISA,127d5f45-bc0b-4b78-81b0-a77d9c179c31
a5c245c1-877b-4f5f-9fc1-2bc561f28b55,MC,c126757f-93a3-4f99-9577-ab94ea832faf
9fcc0b10-69b4-4ac4-845b-3fb7a014af85,VISA,6a1bf856-8df7-42ee-96eb-2f40695e9d59
339c3b45-2ad7-4ac4-ac39-45950d702968,PayPal,cea85998-902e-49fc-9af8-0e54e514210c
3d58cfee-1f78-477c-8932-ece9199fd6c6,VISA,02ccf86e-6465-44df-8081-b75032d5c14f
66a8f345-a561-471c-bb62-ffa879153580,AmEx,fa9ff753-32df-4cea-b365-0cf619e1f7f4
50a9f928-f232-42db-8a47-97788d532b93,VISA,328ed31a-6529-4cb6-b7da-be911475ee4e
b08be264-179f-4ed0-8027-ddff6ccd2e4c,VISA,c6c12bf6-d8ed-413b-a046-e262b2946d98
0962aec8-be5c-4efd-bee2-1eea4fdcb120,Discover,4782f720-05af-4bf9-9754-0074e6fe3b23
2f62328d-a603-410e-bbd3-cfab5820fe33,VISA,efc67d29-c93b-4c94-ba53-1743b4eaf63f
cc09f365-0928-4841-a471-6028d9b767dd,VISA,5df1cea8-0c62-49fa-ad83-da4a96da8c2b
ecfe3995-5851-4859-8d28-3e8129086db5,AmEx,458a0dea-96bd-444b-80ba-111ac937e523
6eef3c4e-828b-4384-9fcd-87c19095f370,MC,85439599-bc22-4143-98dc-e4cc74c11aac
6f7578e9-3be6-4b12-9326-07dfdfab2e67,VISA,ec52036a-4585-44c9-b9b1-03081fc25122
decb93b9-4a33-4aed-9fcc-f359bf30b2bf,MC,6e88f742-8582-48ff-9dc5-93db04d90595
b5174271-0a72-4a3c-ab26-0c68f8a00248,MC,944f508b-14d2-4efb-a4da-a6c020b1b344
bf5aca72-cf8d-49c4-a24d-a1615886a293,VISA,34f65dd3-7440-43c4-b30e-5cb487f069b7
9ff2fc1b-4ead-41a7-9c0c-d82d551f2d3a,AmEx,0c65dec1-467c-40b7-b1e5-6fcf28d80c7a
dfa5969f-846d-4fa1-832b-5770ec482682,PayPal,2ef5629a-c0b9-4893-9a3a-a1291f667005
28f72bb5-62f1-4770-96cf-89fa30e0e9c6,MC,431e9372-edb0-4fd5-8fb0-0bdc3575eebc
c2524be9-6a0f-4fe8-a2bd-8f9adc549b00,VISA,7990fabd-75b5-483c-bcf9-26eca7ecf534
b34a6642-4106-476a-9646-02849249a750,MC,db5b1bd2-71b5-43ab-9345-ca4b03d45bec
e5906752-acd6-4c26-beec-9686ba7f72a2,MC,448d1054-3472-4767-923d-22b120a86fef
8a1a4615-cfd6-4b64-87d5-8c1a7caa0912,VISA,8b033fa5-d5ea-4832-9ce9-91401b2d37a1
5ba98c0e-883d-4220-bd30-3cee4a9ea031,PayPal,e1ecccfa-e046-45eb-bf49-c022fef26a53
739d584f-6295-436a-a465-74f53d01d9f9,VISA,c2f07d97-fba3-4bb2-9949-9a66f1affd95
aa23080b-a017-4220-a1ee-0de33a176349,VISA,8b736a5d-dbf0-4564-8eae-2c2c6b75bda5
b300c419-8dc7-4a28-8bb1-f0a9388576d9,MC,2466097b-9230-4dd9-a4fe-a687de7f2116
da9a4aeb-47ca-4a33-a25f-6b5eefd0d73c,VISA,f87a8158-9f7a-4e69-ad94-eb495e8cfd43
1291d79b-fbf5-49d8-919c-e52fdedcf5b3,VISA,5eb8fa30-9459-4f12-b7e8-0bc7df15c509
5ba22ef8-5790-4f10-9973-2fda48055832,MC,228f7daa-ab2a-4745-8e02-dbe7077e931e
6786f7b4-6a30-4f13-ba81-8ad9ecbfb880,MC,7cc7ebf7-d3a5-4d5e-877c-47b8d0131ad2
8dd587b0-4570-4c7d-82eb-b2ffb9d83444,VISA,81f3ce9b-f629-4fc1-b465-3937c7588fda
ebf20757-b8fc-4d9c-b5d8-176037c1f0bb,MC,6dd5bd31-87e1-4de5-9b65-bf91df8ddb9b
15be9758-86ff-41d6-8489-dfa63c2cf949,VISA,745ed235-423b-47df-8af1-400b2d397f5c
617d6a11-bfea-4f46-bef3-bf0e1be42a10,Discover,abbf2542-0c00-4298-8898-559f84285360
66a95341-2ff9-498e-9102-916d14334df0,VISA,b4e16ce6-d212-4cac-a348-77525d5d2707
7dd6deec-2ac8-4206-9af1-463bbf30915e,AmEx,65cf5628-57bd-4339-b4e9-8fd098620127
92d6f4f7-2b7e-4e8f-9805-cf6480d366d8,VISA,4f2294b6-fc3d-4067-bd57-a1d5974f3660
065edaa2-a7f2-4aa4-8dd3-db4e2e01520d,MC,4d1182f7-f767-4c3d-9960-905584544ab4
79ee0cb7-4a60-45ed-97fc-4319c4f8e261,PayPal,6ee01f17-a4aa-415b-8f04-fec8977ac0a6
dc08bc4c-50d2-49f2-98c1-42809acbf0c7,VISA,4956363b-aedb-40ab-9247-9ddd7cd7f298
c4374762-8d35-4bfc-9372-4b75a3a6cdb0,AmEx,cc4b48fe-6772-4fa5-a49a-76935e30182c
6d7bb974-f5a5-43b4-bb06-83b3630a0def,VISA,3d7b2e3b-45f2-4133-9736-e9247b1bfefe
14ce4fad-c148-4384-97eb-2aeb003ba034,VISA,fdbae7e2-8c3c-4373-9f28-9d0ab29dd831
1a72668b-8d95-46d0-babf-01758a0e6ffd,MC,9ef09457-481a-43d8-9a8e-247a422ffdba
4f589c1a-0f9f-42d9-9121-8e6a3e69b8ad,MC,a884b08b-d0bb-4ebd-811f-6d06b6a02291
85ef74ef-3a72-439c-8405-824529612f90,MC,15137468-4fcf-4c4a-9a2c-bc2ec897198e
dc1a3d51-1053-4d99-8df1-04f0595bf839,PayPal,39b14c3c-5235-48d0-b449-94c7d9f939e8
d7e26a41-e2a5-4843-85e5-6a612a1a4d6c,Discover,2f208c4b-3a4b-42c4-a3eb-553d37af1b0b
3377a5c6-e656-47ce-87e4-cdc62b26b234,VISA,cd8da1cb-94c5-43f9-b0f6-5aecb1f2de5e
54a3b3bc-50ac-425a-8cc3-af553a4736ce,AmEx,58440ad7-23ab-4195-897f-5aa48db945f5
b4c17052-b74d-423c-98a8-db069c2acd95,VISA,ca08fc95-24b8-4607-9302-de88c3ab3f5c
fb545c66-29bb-410f-9c60-58d61fe7fe63,MC,51466804-9108-4d3c-aacf-2e7e89cc9a9d
65158b38-7b58-49cf-895d-a8d5916078c0,VISA,9e3e8c62-bf38-49ed-857f-1e4f41e2ffa6
2e8802f9-00ed-4d9c-be44-ff48afb7c7fb,MC,ebacab42-6945-4280-8b36-249370c16e16
d2b3aa52-5530-45d6-a2a7-34260c1b1538,MC,3c8ec6ae-66f0-48e7-a735-27f958ceae45
aa4ba94e-5111-4631-b370-2400ddcd14b2,Discover,db1775fe-e1cd-40c3-b6dc-1908e6feb355
c285fd3e-ad7b-44f7-9aa3-85348ab94f0f,Discover,b14293dc-331a-44bd-9444-0526e629fadb
d5fa0a1f-3103-49de-8b99-d5a439fd2949,PayPal,5d84f393-28ce-4ab3-98aa-2fce6f67dce9
4166cbed-9f88-4fdf-bbfe-2de6d1549f07,MC,1929c02c-1d1a-47cf-b610-20d8b74eb41f
d1d2497b-a74e-4e19-94ce-b1a67a7d3c1c,VISA,36f0b4ed-4a3e-46c5-a70c-086e875194de
b23f5c23-4534-4a7d-b74e-f363b45aee58,Discover,9e4d8223-8061-45db-ba51-a23f079d817e
efc31e22-a31d-412b-a706-edbf1a5d88b1,PayPal,f1124548-379c-43e5-a8a0-3f726b34ecc5
db6803a3-30d6-4357-ad1f-14004cc950b1,MC,a57e2b31-9c89-47d6-8ea0-ece9557a50e4
741df8a6-fa29-419f-a82a-78228a078666,MC,fdf164c2-4283-45da-bfca-085b971952bf
c7966567-4472-4d3a-ac83-2b5fe6eaeec6,AmEx,dfbed18f-087b-45f5-bb44-a4d155fd96a0
7664be40-7e63-4f65-8c7e-8e66c98daf68,VISA,c849ddf7-d39c-461e-8b8b-5e0e80e92ee7
3c87ae3c-43d8-49f4-bf7f-568cde84e7d9,VISA,1530e07a-1ae9-4783-aecb-0130c303e9b3
e2053111-a5d9-4adc-ac96-8d833d358b94,PayPal,9f44fd7d-7619-414f-ac97-08fb20195a9a
fb9ae609-d437-4758-a978-9f900ac41525,VISA,b065088a-f310-402b-b4c8-5daa107c5f6e
f2c61549-dbb8-45f9-9588-2a82f5d27696,MC,729ca527-6a46-49c3-8a27-15659c314d11
f3cb1415-2c76-409e-b0de-ec7d6265c2d9,Discover,30d029e6-7370-428d-ab7e-24de6fd5e80b
cb4f90ba-963d-4348-adc9-217eb1afd523,MC,6c727f79-8af3-43e3-a098-8c5ffbbecb2a
21823dfe-61ce-432b-8b1d-d3ea5aa1b36e,VISA,9dc31f60-b682-4f28-a87a-8dc67b51f8a1
69a063c1-aaf9-4c96-9d65-35645153cf53,VISA,524e48e1-f392-4b9b-b801-676da6d83265
ead1f93b-2b08-457f-a049-615ad8406032,MC,e468c245-125e-416d-ab36-5c2f078b7a41
aa3d8367-8507-4e58-8c8d-832e74cb8a8c,VISA,e9b79889-f692-4ea3-a110-548bde185273
965ebbf6-1dfa-4120-8d76-3096a7d3d1d7,VISA,f37e4e43-19e9-47c6-b358-140d455c544a
9d25795b-0ee0-4686-8eec-309016c58434,PayPal,0967207b-aaa0-4c4e-b240-99edd806cb52
f98496dd-7fb3-46ea-b8f1-456b75e946d9,MC,e07ff838-2715-410a-9527-4aa7902db153
7e591850-a1ba-4cdb-a323-7af7788c6f5a,VISA,3031067d-67fe-4704-b9c6-5e8277c95c1a
2a50dc0b-954e-43a4-9651-04c3f8be09de,MC,62f3c001-7966-4cfd-9763-01bfa1c58979
c53f507a-7a91-45f2-b520-00cfbbbe3c73,VISA,cb3395d7-32a3-4e9c-aa67-1853a0bcac77
c964a9e4-3b56-4777-8ade-bee72b031f59,MC,b4a6644a-29eb-4838-9d1e-f65e7aad9ab8
4952afde-3d94-418b-85a0-971dc7b7244a,MC,38ef3810-7994-4246-9204-f468e1bf1748
838b7738-8f61-4183-9da2-a5cb74f77644,AmEx,0e783245-776e-4494-b211-f82b11a9422d
50c2e4d9-757b-4bf5-8221-63c9dcb1fa32,PayPal,9293492f-6111-454f-9b0b-f94c211e25ad
352844f6-5b61-451e-a694-154802358b6c,MC,3b63466b-5abe-4517-bdc0-42abf34c28b2
307e3dce-1d36-43c5-b982-d8019bc22daa,PayPal,892cb4b3-a0f0-4387-8cd9-0211a58c04a7
76c2c240-b47e-4eea-adb3-276abf63db46,AmEx,510a23f6-4751-4360-a42b-a82177d2a449
44d1ce99-6a26-4331-97a0-4e067f17ad1b,AmEx,d89f5a78-4a61-4208-bf8c-1a2c52301a67
29838f9c-c229-4158-a685-71e22e7b3329,MC,5513e97b-5d55-4b91-93da-57329b70efeb
a1a57b4e-7cd1-4d1b-ace3-f6f941411de6,VISA,6d98152a-df9d-4617-a459-f3a093a72e59
7fa7aedb-0031-4339-8c73-272e81279e38,Discover,fee32041-9532-4a54-95e0-00b6bc4635bf
7f6c52a5-423d-4629-bb9a-31cd00dc1619,VISA,5e52251e-6b08-418a-a2d7-9fdce465d569
740135be-8404-4036-8649-568f35386907,MC,943c603f-3330-4858-958b-cf42c0206491
8b00f874-b483-49a5-a7d8-ab56f6a79753,MC,4684b2a9-135e-4026-9b92-fb49ef843146
da8e8fd3-9b2c-47e7-a919-6ba2785cba1c,VISA,e885e316-7f00-4fad-9dd7-71102eeba832
2df58fc1-41b1-4c34-9ca3-f50ea2d51b09,AmEx,59fea0ee-de35-40b3-b096-5195d0bb4258
72f0533a-352a-4466-a962-2dcf4bf5caba,Discover,1e623eb3-da64-47cb-8c96-7719ccbbabd4
d14434d8-a79e-4007-8efa-b737aa4fb498,Discover,8fe00e12-aee2-443c-9db9-212d9b0b7f95
051744ef-27b9-434f-bfbe-9be4f00de71d,AmEx,a6363541-5c05-4fd1-8582-5565753d5530
9022286e-5f1a-4c71-a4d3-966bf9569299,Discover,0bda6de7-b3a9-46fb-a09e-b3eee548e5c2
66c76e8a-de23-4a60-8407-65c2e2cd0166,MC,a5b3c530-5484-42f9-97a1-ce05590f5a80
864e1acb-dd37-4916-a704-d87062336a38,VISA,f22c0426-b3d7-4b88-866e-46f69650cbac
250a3bf4-4748-4754-9c87-0a5230d6edbc,Discover,5e658fa5-12f1-4960-a2d3-7ab4896ef5c0
23a6b5b0-d463-40a1-9319-bcf8ecd9470e,MC,f25ecf02-722a-4886-9c0d-888544468609
95f744ee-ec70-43fe-841c-f7b82a5eb07e,AmEx,64ea86d0-4c62-44ef-b850-2fd75c9e9eef
4dd088ea-27ab-4d46-962e-d80ca98110a6,VISA,b298f314-5a7d-4f13-841b-0ef14cb4818c
083b85df-e2ef-4467-9e83-14bda48f6cd5,VISA,3c30fe28-5861-4538-b304-9949a17fec7d
febc542b-faed-45f7-8c5c-384de80c9074,MC,dd48cac5-152e-4eb9-8155-890985a8ce76
68b22cbc-6b5a-4eb1-8651-c3ec5fa134ca,Discover,dd992b31-44e3-4e31-abbe-bf85cfc70ed5
9f71d2b9-c6f2-4e94-9e1a-b9952dd2a670,MC,43ad2d58-f56b-44f2-b7e5-62101061c852
2077cb6d-6453-4012-aa31-ad4f260b7220,MC,c0dcd214-ad26-4582-839f-f59b431db81c
d8258dd4-71ce-4586-b0c7-7f8f7b622d0a,Discover,7dd5e956-1999-4c5b-972c-ea1efa7f44da
a1863837-1eb5-4e26-92e4-74754df61bef,PayPal,bf0c6e45-f3e8-4b3a-986f-1a5b2bfbbc0b
fe6f1a5b-92fe-44e3-948a-4c2aeac48945,MC,15c9582e-d48a-4328-b8c3-9ce4231b6d38
57745592-404f-448b-91f4-7de9ac20330a,Discover,3bdd777e-85cd-4356-a1d6-8268a20d7999
10b20041-fb65-495c-a385-1ef85e664773,PayPal,25da061b-179c-4c5b-822c-f7fef6cc9a22
c39827c8-33a7-41c3-88cd-f31e9495e974,PayPal,b8c54d3d-163e-4637-8410-bb0c30d74a53
4a8bfba6-296b-4020-8230-73f095056873,AmEx,a5111c6b-294a-4a2a-bdda-8924f64369e1
ad4eb733-1bb4-4176-8aca-5b666b926114,Discover,7369e850-e887-4357-8867-18495ac651e5
c6bda7cf-6953-4183-ad85-cf91966652fb,Discover,94ca7827-f1fe-4928-ae6d-a5c31b745979
9062fcf6-998b-4e70-95d2-63e12ebefe9c,VISA,2b4c23fa-6af0-4a4f-99b9-78988cf488b0
d068be45-f1cd-4714-8e3a-36f5a2a433d5,VISA,d0b588e8-571f-42c6-ab52-4d279edf25ec
559a61a8-c7ac-4716-b840-35704cbfe0e3,MC,90353467-0471-4d85-adf9-715e196b77b0
76c72b5e-0a9e-4fb1-a7be-382b57923b09,VISA,5e958344-7d8d-4f75-a3a6-0cf54b62ac86
faa2b040-8561-403f-ad11-09bb001fd57d,VISA,d5e569af-6e42-490a-824c-bd927fad0842
04aa63b1-5357-4840-aade-4c87f3b0d31a,AmEx,6dc9ab12-ebb3-4af4-8bff-8e36cd802790
32b92ace-ecdd-418e-95e9-e21340492638,VISA,35755bc5-afa2-4752-9f91-727bb054c377
a5deb8f8-3871-4395-98bf-e57b8e6bbaa6,Discover,9c958a43-ef4c-4534-8482-fcd79cccb5f9
d9abb24f-5b3d-4b18-a724-c858940c19be,MC,138e0005-c8a2-47bc-9c73-6a51f152ac2c
56974d7a-9ab9-427b-8496-e0f0be445b4c,VISA,65663cef-5f51-4c4b-98ba-e73206ebded1
b65af5d6-fb07-44b2-8254-83a75542be0a,VISA,a5bde5a8-1aaf-4ee2-ab98-d8e74a594b96
75b9899f-333a-445a-97d4-bd24a880a3e1,VISA,b75a7447-2bf6-420a-ad69-047ae7fe1b15
8fa2a2fb-4527-4f92-baf5-3e995a76f0e3,PayPal,507a63d0-3af5-498f-8c76-c950e109b254
5c1e885b-9d6f-4b7b-a3ae-a28c76063b96,Discover,b974dbe6-8c1e-442f-aa2c-6761da6892d2
00dc225b-5be0-4a6f-b549-259a16e5ad39,VISA,a2962284-08d5-4a8b-800f-4981868521da
4cc04b64-2427-4554-ba1e-540978171049,VISA,83598dd5-d5d3-4a0e-a3a7-4d6ef404e71a
690e54e0-a5f4-4e79-ab87-ed3c7742e7a2,Discover,5f343834-f2e8-4ce5-bd40-78b79c53865b
f284d3b3-02d2-4045-9fa9-69030187cfa0,PayPal,ff526841-20c9-4ddd-91e0-a93e809ca615
7bc942ba-40d7-4bab-bce4-04458c903cac,MC,00fee2ca-dbc9-41a3-b1c6-f8f56c651b98
660d7ecf-3314-49d6-81c4-e46e0cef7bb7,MC,52ecf4d2-dbc6-4be7-9233-a9d0777f56f3
4c63c8b6-799e-4b28-8ea2-947813a64b11,Discover,974da132-dcb8-45b1-8d5b-5a142f97a6cb
2d1967f4-9d81-4fb2-9973-bc5218fb2afa,VISA,705c34fa-a62f-47fa-9cb8-24c014dcda48
28977bc3-a7cd-4578-8874-4800b6a85faa,VISA,1e9f923b-10ff-4081-8da0-081818765b57
e9e6ec7c-40c7-4f62-a9dd-bc43f4b22fae,AmEx,1e1eb389-43fe-41f4-a4cf-c2cef228dd79
6c3b826d-df16-4985-8b13-98d3882c6ec6,VISA,62ebff11-4234-4170-864f-466b05b44f6e
80f79b85-2ae8-4c6c-aa1c-4c7a6034c87f,AmEx,fe53bc46-fd53-4358-bbe0-75c5d4eef840
6e136dd8-4b54-4f08-8c87-706e9d652542,MC,e878862b-30b5-4d2d-9d75-a42cbc315d97
85a7e989-653f-4519-982d-cbbef6baf9ea,VISA,4a21f2dc-cc0b-429b-b7eb-a63042d0a805
444236eb-84fe-4727-bedc-8d05b4b37050,Discover,757bad78-9051-451f-95b1-331be22611b7
a926776b-f2a2-4440-ada1-83af039a0744,VISA,18e4fce0-7962-4e5c-94b1-59600b770584
b71c4804-5d83-4279-a7c1-dd21d6663b03,PayPal,25e17061-2eb9-49a3-92ab-601fd08966e1
81021d7b-b1a8-462f-9781-4ef6f20bcbe2,VISA,236801ca-4c1d-4ead-9bb9-49895edeb28b
4d3aea78-fd86-4d41-a4d4-db952cfecba6,VISA,2b767882-c3c9-4cf3-8351-993285d7350a
f3589a66-f1ce-4304-a8f6-533a57d74720,MC,09fef617-19e7-4be1-955e-0040125dcf39
1c11918f-a533-4244-b8de-b09d82fb784a,Discover,5577c219-6eda-40b0-930e-e670cc9f396a
07553e01-0402-45f4-8567-e83dc4dd30be,PayPal,1b3bfa37-48a2-4e83-9e22-96e438cf0c5b
bdfcace5-a4bd-4d6e-99d1-e44317186026,VISA,a53b83e8-a1ec-44c1-90a6-35b76d7218e8
ca9e5e1d-5c91-4f9e-b4c8-32ad6d70d6b1,MC,8d6ffe57-e6ed-4132-af97-a1f6496d74b3
f1f37921-bc12-42d1-bc8c-d92b9adae846,Discover,3c6a7353-6e21-44bd-be77-284b89a4da95
23e057d1-2731-4f72-95b3-e5a62a614e51,Discover,5617332f-309c-4f6b-9546-ae0f34f68ccb
9873f585-9556-4f1a-bf90-b81f66232f2d,PayPal,98a5c7ab-77b4-4c3c-884c-991704a62bc9
44660c66-284d-498e-881c-7dd887f3242f,MC,962bd748-bdcb-44e6-bb0e-f92ccffecd90
af977683-0b6e-44b7-8937-08fce9f2c4ce,VISA,26d74cab-7cf5-411d-8507-d35ca3a0ae65
3f5e58f7-5ca2-4f89-b4b0-673119ceb96b,MC,35f0a852-2d83-424d-a37b-8998fc2de719
29fd7738-14e4-44ac-a6b5-cc76ba4e65fb,VISA,d87ee6b2-7611-47eb-8f5f-80a38c3982ef
c1dc9080-a6e3-485d-b4a3-e23c5aa5d4ef,VISA,aafa5f55-4ca9-4691-a090-3e0b64daf075
ebef3173-5ed8-4bce-bdec-84e54f42fdc9,MC,70b30be0-9f39-473b-bdf2-c23937094285
3ce3b543-e1bf-4dc8-827f-7b4d671228b9,VISA,c2b20de8-c2ba-42f7-8d87-99f0ce6498ae
16f2bca6-a566-4f4e-9301-abfa0c154e8d,PayPal,d20178b4-bd59-4a90-b7bd-77a2e13f1ff7
8ea7910e-2181-478f-9353-2e4b3ce02245,VISA,d39f6d80-84c4-4139-b021-4b50d435c0cc
b2725464-4418-45d1-91f7-01b672ade523,VISA,a277f1ac-d33c-4d7d-8504-423bdc87d69f
fe10b23b-1c04-4a48-8356-c830130ab651,AmEx,fc7fa62a-7a3c-4651-a788-e2823a1ba66c
d7709f0d-d380-45df-b0d5-a644fe865d06,VISA,e7bd6d17-5f1b-4452-9771-dd7e5555b568
0e89cb89-b883-4a8e-a4de-05b8bc778178,AmEx,b814e1ca-8459-4bb8-9816-732547eea450
56325044-8476-41ef-bb31-6c8b5d831e07,PayPal,ceded1ce-9c92-49b8-8961-6897baf84181
6e0a2680-0c3c-4e45-98da-6eede7d10657,Discover,0c42860d-95bb-4822-b6fe-b9452840a0b1
9de99528-1329-4540-b021-af58d744c573,PayPal,3e5f4b07-8c02-4a8b-b815-795d8c439103
ab606799-2cd8-46be-9b1a-763655bd8e97,VISA,4a6b72e8-aa90-4811-af2e-37a738c7fcec
61122226-aa3c-4930-88a7-a1062d8e8052,VISA,1bebcc9c-7449-469b-a585-053c9b299135
97cbd841-0773-4113-9c98-954bee446b04,VISA,3a6e352d-0700-4f55-8e54-d523e3ec5e6e
a41dfc9a-8c14-4bdc-9c23-ad46fd851afa,AmEx,bb5f9e11-4bb8-4340-a877-6cea91668e47
67df7f8e-86c3-4bc6-86df-01280dbc7579,VISA,bfd28162-fae0-4d4d-b9b2-da7ea2d3e694
89386fb6-0553-4771-ad66-ed3f384a03c0,Discover,ebf38d76-b9a9-4910-a093-878c85e437c0
f0c149b6-e28e-4183-9632-99ed3dfdad22,MC,d28abbb4-ba86-4add-bba3-5a005eacc4b2
8ffb5927-7da7-4d13-8f4d-795d00c6365d,PayPal,75642d63-2dd0-41d3-911e-3c2f263e4b8f
7150470e-d634-4924-b5f5-57d284a5e8d6,MC,d4a81b56-75cb-4a77-a33e-bef53b08c2ff
f06696b7-d38d-40c5-8195-4e4aa9bf3f60,VISA,dca42555-7810-4fac-b960-9b03a7a5f505
c0400b79-487b-4a12-bf5d-c33bdf76e4d8,MC,92afaef5-f8f3-41b7-aeb1-6b5e0f4c9237
b951d2f9-d60a-4e78-8cf3-8e812851e9b7,VISA,343207ac-1423-4222-9594-f44ac7a05f6f
2d64d5c9-dd79-4d42-9b36-da158dee3a2d,VISA,8829e2cd-232c-4ca5-9515-6079428fe64d
4ba63bae-ec69-41fc-ac39-1cd5df306735,AmEx,49cba359-b66a-4fbb-9a43-976cacd092e4
3bcf68d3-f627-4117-8f5e-91a4606fb2e6,MC,9defbafe-cc32-4622-b4c9-f2d278d34a5c
09349dc9-159f-4f08-bc8d-6405f7db3f42,MC,4b942474-908f-4384-a384-dffa619647d5
2e4a1edd-0070-454f-b4cb-119b3955440c,MC,42fd3dae-da46-4f50-8659-018f8463d8da
c4df910b-3523-491f-99d8-0266be1777b5,AmEx,7ce5d116-a165-45c9-b112-2ca2e1fe647a
21ab998a-154e-408d-9dea-ec8887ee4387,PayPal,95a236f9-6836-4e52-83cb-f9e56a60f311
7e83a2cf-4887-47c3-8b0a-1ebb591de645,AmEx,7a2ac005-ee02-402b-b72f-f3a25d5e6624
2a282b0d-03af-489a-987d-ccaf2533d3b9,VISA,1acaa0ad-a51e-4832-84be-c5098776dee8
37870cd5-d0a0-4411-b459-0fddf162d73e,VISA,faa144c2-ac9d-435d-b858-f9d650d73336
e691e823-3d35-4676-b670-57c1d97e5e2f,Discover,7007799f-383f-4794-95d7-68e549e258ae
d5342748-0b35-41c6-a3f0-a6d2299c4dda,VISA,574a82f5-0db6-4f63-bf87-4847e3be0b44
a5b6357e-6980-4632-8530-985ecb7a8c9b,Discover,c7b9c927-b417-43aa-96ed-f761248d1647
12687f79-370b-46b7-bd94-33a709db09e9,VISA,97f43e5e-d36e-4c0a-8fc2-8dfef94a6c2b
52539a93-848a-414a-8668-779872c6ba3b,Discover,401fb594-fb13-4c81-9901-bed5b3fec796
aab719dc-ea88-458e-b4c8-df86de39f91d,VISA,cb72a7d8-7de9-47c7-89c1-40acf591dd10
06d88be5-4281-4187-b199-a98f7aa7eee5,VISA,9dd8172f-5ce7-4a3b-aefe-cabb68b194eb
ce6aff12-3a1b-4f88-831c-6a4a7b524105,PayPal,4b1a3003-ab94-46ff-ae2b-79efdc09f201
aebdbd60-962b-4d55-9004-376823c44ee7,AmEx,44ff65ed-ad33-4205-abeb-c189cfff10ed
2245c93a-2f7e-4a79-be05-a693446fb9b3,MC,648b2689-1823-43ee-aeaa-64c1ac248048
27716d5e-a8ee-434e-9106-1124ba42e5d1,MC,12069559-5c7b-4e9c-a5e6-83ef45a13b14
c5090a7b-5a8a-4e5a-9ec3-c68230176a3f,MC,ff1cfb9b-f257-4634-8bf3-3a59f291e31e
072448dd-d39f-49c8-bc82-471b4bee9ce4,MC,e7718f9e-ec64-4500-9a7a-b6e9a84fef69
79eedca4-c4cd-4f19-a4be-b27c48b0e1bd,MC,c5bf00e3-d19f-475b-9150-52e1cbcd0a10
b466e81b-ab86-411c-82a4-828dbed35b7a,PayPal,7417f009-574e-4b70-96d5-d7212edfc2d4
84a31a1e-62ad-455e-825d-93cf6af32c83,VISA,7d32bb12-a936-4139-97b6-dac7a544f24b
bd5d90f2-4efc-4dbc-b009-3a4175394634,VISA,03719a70-66e1-42d2-a3c7-9e17fbbf47ef
5cdc0eb0-f6cf-4266-ba65-d6621366c328,VISA,2849a75b-29c4-42f1-a619-c3793a8f9f62
d0c6c477-4ec8-4ab2-b64a-f74cbef180dd,Discover,f7280a1a-978c-48c5-822e-d048f66d8ec3
33b7df77-5147-4e13-823a-a2800c9416da,MC,0ae05e6a-65e2-4d1b-bd41-24e42fcdbc8f
2aea2d2c-302c-4ac4-b0a6-4761b22c5081,MC,07ec6d6d-e801-4345-9b99-86c4fa833180
f95788ca-dbb4-416f-8cea-e412b325a4ba,MC,f4020a46-44aa-499c-9d37-b8246c13d354
c0c70e88-4f13-4232-b43f-89d9a6b56843,VISA,1fe20dfb-a986-4a5b-824f-375dbacd5139
c34f4b07-fba3-4d49-a605-01bec7199267,MC,6127e175-7cf2-4953-8660-8652b6647b2b
3489c00a-5ea2-46d7-a4be-55f65198a936,VISA,86888d34-6ea0-42a1-8493-f8166b9db878
8f377d2a-e477-49e2-bbbc-85aad11f536f,MC,bf17a0c4-8792-443d-895a-dd5b4b02c0e1
2dd69c68-c599-425c-b6b7-b43b8209cde5,AmEx,e19fd74d-3370-4b78-ba60-923717ccffc1
69c34f47-ab28-457a-b5c0-2502d8244ec8,PayPal,e480f1b4-0a08-46b2-9899-ac2be7c82a4d
558617dc-ee40-4c1b-b2f4-2ab5746b104e,AmEx,10500c6f-5e2b-49c3-954f-458d6fd7916a
c2cd5820-b795-43db-b520-5d8daca032f0,Discover,64c638a4-1bf6-4d43-9b2e-7160630869e3
52be65ad-2c22-45c1-a5a2-bdb1ab28532e,VISA,f7320f3a-3754-4f52-9373-8204242d1dd9
2b66e4e3-c88b-47d3-8a83-9b26c743d9bd,MC,39ebe3a1-32b5-429d-8437-d745e2f1106b
492bea70-05f2-4c91-9b27-3c75c22572dd,VISA,ab481ff9-5662-42d7-a597-dc34abe00fec
fa5dd94c-236d-4e4c-ac6a-598b5ecd77d4,PayPal,0ffdd405-5d74-4018-a85b-7e09cb14ed4f
8f76c035-70ee-4c36-a190-c5aab4f815cc,MC,3337c797-9442-4986-9972-e0447a85a476
fa3ed0d9-1407-4aac-b4c4-b61a747cc7d8,Discover,fc40a5ac-a170-4c85-977f-b630c27700dd
17fb09f1-fd6d-484e-bad5-01c8335375b6,VISA,434c0390-3f59-44d6-af1b-c21acec85a57
4757d8aa-90b3-4352-af88-ec6b1fee5c1c,PayPal,f656e235-8a8b-453c-8200-4e82f8e06f4e
36eb5723-f194-4f70-aaa0-2c0928b18534,MC,f4374a7f-3083-4c62-8e9c-525c35291fc8
2487f16e-4bfb-4225-b46a-5bf8420ba72c,PayPal,e8c566bc-1aaf-444f-a17b-3069f7ac50fe
ec4b88bc-0ebe-4fc3-af1c-6c574531811f,MC,edee7cb3-8218-4a86-b0d7-585caa77148e
58f6dcba-a7d6-4d98-90f6-0925833eb529,VISA,40e6e316-ddf5-48f4-b5e0-5450d459b7a3
2de4afd7-8038-4202-977b-cc8542466c7f,MC,e9c68aa0-dbe9-4f3a-858f-c469e242c0b8
7a57fa71-5c8e-48f8-b636-5ed7fb912570,VISA,de442d6f-e919-4a6d-8c52-41310487f740
ca70a656-3010-4800-85ca-c5d99030a245,PayPal,d1dafc58-bc35-4815-af15-3945c040f36e
01161a57-b84f-4c6b-b650-2e51ba1c4e0a,MC,40848ff9-f67d-4579-ba1c-ffbcbeb02858
ebee709c-06cb-4712-9da1-7b2c1eb6d37b,VISA,28e54a7c-94a1-4d04-bfbc-22b742fc3229
10d92245-03be-4a35-9a38-b7edc9a47d10,AmEx,2da8ad18-6d0d-4dc6-b421-9994dc681b17
05d36a9b-e630-4cc5-9977-9da0d7953b88,VISA,f823b108-a542-42db-b910-463c15dc4b1f
e543c8b3-980b-426f-a136-b964945dc1b7,MC,83cd57ad-358b-4ad6-bb31-193270e8745f
0fa14b14-4e04-41fa-bec6-18981619070c,VISA,baf2f49d-d46b-40ba-9083-51e55b6190f7
d29248c1-e729-4195-b65f-c2966b240a59,PayPal,49ce1330-c99b-4ce0-9d22-08d4062bbc3f
43d6ec8c-719d-4f58-bc56-6d17bf135fab,VISA,856759fd-ee65-40ab-8dd1-84318b6f5dc1
01e4fc79-6330-4864-8017-79cdd51e6f5b,VISA,956d865a-d996-43d5-8d72-5818f8ad3066
7412a403-d7ec-4003-9f7d-63fe97453ad7,VISA,fe4e1469-37f9-441c-914b-eaeaaf87e694
3975fe19-742a-4eb3-a135-f22a29baeb71,AmEx,747f54b1-ce3c-4519-8ace-7556d3a3f150
c4082f25-36f6-4e0b-b366-03845efd1a2a,VISA,339133ad-225a-4675-8bca-e8568194de05
34b2c789-7cdf-4cd4-b4d0-d13eea97a9d9,AmEx,6173ad8c-137a-415f-baf5-99b3f2ef5cab
2be1e628-f251-4877-b25e-5060601985e9,MC,e545facf-c534-45ff-8a9a-3f776e31ff6b
ac0ebae5-fcfb-4cc4-b463-94295df1bd74,VISA,dde5b15a-18e3-4b63-9f09-3e5e5c0e8982
df88d140-0b4d-4c70-b0b4-c5a1e62fecd7,MC,cb440e2b-3565-4154-8e9f-c50eb237d654
3d832ef3-4718-42d7-93c8-4268615f0c4f,MC,ba29c601-7fe1-48be-b16b-ab869b978b59
f2ec37f4-415e-4686-a0b0-62ba7f34a322,VISA,10766c65-82a5-4f46-b8f0-34bf954596bc
7c79a742-cb0e-4459-be26-c29b1450e5bf,MC,de7d1ee2-df64-41d2-a33b-d6d1ff28a4ac
f0463d99-51b7-4930-a554-e09957e87b3c,MC,c36796f7-0ee0-4ada-b5ae-dba0553b50ca
ba4bbea0-bb43-4eef-95c6-1db521706a2d,Discover,84e4cf0c-035c-469f-9181-087b6367c9e5
ec500891-c681-4a91-ad8f-2c39c179d63f,MC,cf93666d-794e-4ff4-ac4f-2b77685d5e9c
fd39f385-996f-42ca-bcc3-d731fee476f1,MC,0a65d21c-69a6-4b23-950c-ac4e0a9f2d60
52aa95eb-5e3c-4193-ac94-96369598666c,MC,e771166a-dc26-439a-bab5-2e5b6ed8b620
2e1e9c75-9448-4e54-8cca-d70246cb4a19,VISA,2112eb77-c3bf-428c-9324-3a4d4309f85e
c282f786-c640-477e-9ce2-91bc85d07d7b,MC,e0cb9852-7e34-474b-9cc2-fe7ff9d2c7d6
c1f37bfc-cef7-495d-baaa-bcb9ef64277a,VISA,c4ce56f6-7bb5-4dbb-b21f-909bae028cf9
48a2dc49-88cb-4fb6-8d87-4da593bf5c72,MC,7b2564c1-ba73-4c04-8dd1-90b7eda3e1ae
619078c0-e10e-42be-9ad5-d47c8822e626,MC,a097a0f6-9cf8-4f76-bb6b-9e32d85cd3f1
b841f57e-49e0-4448-b92b-45b4fe20cf96,AmEx,ba00e701-3b85-45e2-bff3-d9b726f84ad0
d0b86dfe-9f6d-4835-831f-6c348fe558f2,VISA,8152ee20-e295-4528-ad7f-91c408d81c33
70fa770e-bdd4-42a9-9cdc-ae0c2913c565,Discover,1880f66c-4047-4c38-8c3a-fb9f911ede19
3150ef10-9754-4e28-8920-80dcfe8f2e2e,MC,beebd139-5309-443b-babc-8e3e6675593b
7124c5c1-a3be-4459-a667-f8c959faee7b,AmEx,602a9750-0674-4f43-8e37-14b5303281a6
623d8669-84f5-4520-83fa-d4546719fc68,AmEx,19f788d1-3c1a-4b3e-93c5-fb9ca1fa5702
51d97445-5537-4fc2-b8ba-6d26bf21c96a,VISA,784eba1c-9dd5-441b-99fa-ee0713e6a639
a9062132-f5a7-4fe0-bc3a-59ed6e331605,PayPal,297c805c-14b7-4b4f-8a79-c7fa77dd11ac
40980935-8ff0-4af3-8ae1-70ba21a50f3a,VISA,441ec262-54d4-43bb-ba80-0e55c6fbad31
414383a0-57bb-4273-bbaf-1ad5aaf3bff8,VISA,88aa17e4-71ed-4be2-b76d-968602e8a729
4a217b44-7879-4f14-8750-c57b0d289ae2,VISA,60b709ba-d693-43b4-b4a1-b633e3ed5652
a780ddd2-9c67-49a7-bad5-bde3d356ed56,AmEx,22603060-ac74-4bd3-8c9d-e39dc9273bb8
790eb08e-5282-4b89-a0aa-a6ff0427587e,VISA,363c5e84-570e-47f0-b112-ad972fe93436
8aba7536-78fb-4f7d-8b41-57680b1ddcf3,VISA,51dbfd32-99bf-4d45-aa65-aba09de7f3d2
eef1a5eb-ac82-42c7-b4df-470477e4101b,VISA,6e10e2fd-8b08-43b9-8620-bee3c4970c05
d23b0f01-96f6-4096-8c04-3dca4171f7b2,MC,7b865977-8bf9-46e8-8f53-081705fb56dc
6c49b55a-4b5e-4dce-b387-371ff68675c2,MC,f0f421f3-a54c-4e67-9718-e4d4c7d2dd71
0a3a6e36-9d01-44e9-a5b5-221cf3042b3c,VISA,9451eff0-8518-4984-8624-028fcdfbf851
e72bb3dd-c642-49d1-b88a-1c99b275ed2c,Discover,65f80648-a38d-43db-b726-59226bb43be4
6867677c-1379-41cf-9536-236703d9ca44,MC,e178fc3f-4ab7-4d4c-8ece-40ee5942aef9
c1692e89-4b88-472a-81f6-193cb6d12ad3,VISA,70dcb266-5e33-4d07-baa1-61cbb043b836
0b025ab7-f328-4b1a-9926-7eaf4423ee68,VISA,8d930bc1-4fe6-4946-a0aa-4dcc2a8a9709
26d1825a-5c0a-437c-93fb-e09240301689,VISA,482de35e-0ee4-410c-a13d-adec5e8c0455
0595ea5b-4071-4eef-8bf6-324c978de811,VISA,ebe1d5b6-6196-4d2f-aa14-ec69a6ec7330
1e6ac939-1a47-4722-a158-2a20f05ed0af,MC,0517fca3-0048-4cb4-b743-64631303d6d6
95c60424-56ec-491c-b24d-2a477122d977,AmEx,2c8540b4-b384-43bd-9371-f203521e0250
e395e679-9836-4878-8c04-6c805136be89,MC,12a5bffe-fbfb-40bd-831d-01858794b053
87d6834b-1fa7-49ed-9821-cf380d3ad972,MC,9b5eeed9-2c4c-4355-a281-5970832ca310
d0833577-554f-46c3-9ab7-0d559e69449a,MC,f838b168-3787-4523-9a0f-112f78921465
d071c974-2c4c-4085-9c47-d0f1227aaf74,PayPal,c1ba3be5-eb05-4e16-89b3-2252dd19d0cf
81d3339a-f6a9-428a-a7b8-1970f71ab90e,PayPal,a68ed7e7-0b34-4ae4-bee2-f8c5733a4c2e
59fb30f9-e794-4c42-9928-a50c6595cc05,VISA,afc4a000-0706-4c85-978a-a519dbbf1b7c
b0645a7b-b9ca-4929-a651-c67b57250c2f,VISA,dff0fad4-a960-482c-893a-340c3b84b1e5
9599ce90-45da-4712-bc00-31e4754eb586,VISA,9a8444c0-5658-4574-8ca1-40da426fe267
ac5907a6-e327-45f1-8cca-191dcc12e543,VISA,cc983e86-f3ac-4b96-9753-27cf8fc87bf4
814ce457-4b21-4499-877a-a15890e9856b,AmEx,873d545d-cac9-4a3a-80fd-aae23eee845b
f16ded1e-0bb8-460d-a67b-075749bc7eab,VISA,e523702a-77df-4c19-8954-9566b1c56d98
3d9dcf29-49ec-4164-b785-e10714a2bbb7,PayPal,49b1c7df-13a0-4539-bdb5-c1936a5cb082
6f3086af-24ea-41a6-996c-4774f7a62301,VISA,fc0a9d35-9b25-4667-85df-91b5788e4617
eb6daa13-2896-4151-b0e1-90802dc764f1,MC,5b88b0ac-6f4f-44a0-be62-51569d77eaea
41db4466-98a7-4990-aea6-c3823d860679,PayPal,eae69999-5efc-46cf-b109-9fc62dfca8aa
c5253d95-dd3f-4464-b3d3-6debc53af0c1,AmEx,e995024b-1a88-4c36-9028-d8759c222027
4ec30e79-e4ac-4231-be21-10b866932bdf,MC,4db6a7e7-0261-4071-ab1d-5d94311e8f04
0931dc1a-d0a7-4677-94a6-b86fea9af3ef,MC,248aa531-790d-469a-84c8-7724ae22b264
fa054cf3-f21a-44ad-95f3-f3c3024aaf4d,MC,c42d5211-8f2d-4af9-9ccf-9a6baa0787d9
640af92c-f222-4964-8692-b0bb74b7cedc,AmEx,333efb6f-9fbe-4444-85dc-2f75a89e7c78
6e7e9efa-d1e5-47c3-b33b-04901e83a2bc,VISA,df4a1a46-2dfb-4b5c-8255-df849764b70c
2a831813-2b3b-416e-82bc-dd2278e4c6c5,AmEx,e1b98277-d8c0-40a5-bfa7-4279c596e1e9
f14065f9-f444-41d2-8d71-9179661d28f6,Discover,e1f36c12-ce51-4490-8b49-818924d2cfb9
1cdb8202-8997-4b7f-9b5c-d2c3183ada79,MC,7417c137-3f05-4479-a659-edd6634ceccd
c4429190-ebd8-4c69-b416-fdae34250b13,MC,4bd438cf-6be2-4f53-b098-55b6fccefd95
01969209-9e00-48de-81ac-3230606eff15,MC,ccf05177-4821-4712-a1aa-b48726525bf3
82809dc8-0d5e-4e0a-918c-811c9134c8c1,VISA,5ec7b6cd-8c9f-48a8-b619-c6c1c9eeead8
272d822d-045a-4d03-922e-a9af2e7c83fb,PayPal,baf52fe5-bd53-40f0-9f20-c9d092e5f73a
f72e8c98-839e-4400-b9db-439b6574f4df,MC,8e898ae7-7475-4fec-beed-6499b3013ca9
762a921f-5362-4e96-86dc-d2a2ac2485be,AmEx,8460357e-abdd-4932-b5e7-bed0833a8c7d
950221a9-fffe-4256-ab1a-6c1fd2d1f091,VISA,38a1f529-0574-49e4-9c76-7ad6b166e7db
4a9d64a7-f9b2-44c6-a41d-68c571a90468,VISA,ee7229d5-6f0c-4a73-9e5b-566d6aaa262c
f6377e3a-c7c6-4ed6-b801-7fa45e37c4c5,VISA,fcc69ab8-7358-4482-b084-5aaed392009b
c5f0c11c-0c42-40dd-a0bc-bc51ae1559c0,VISA,5300513e-5af8-408a-8f2f-b5e23ee3a3ab
5a12a19a-992d-4d17-95e4-8714ec444e64,MC,12fffcf4-762c-46a2-83cd-0a875fd9688d
eeb3cad0-5638-403b-a724-11a302eb7fa4,PayPal,e3a1cb16-71b2-488b-b4ab-0bb3535d0ae4
0ee063dd-bb9b-417e-ad28-3cc43ac9302a,MC,bd1cde1d-8e74-4862-babc-adea61dcdfa5
823ffa99-b512-4d53-a340-7aa23bce9a7c,VISA,eebbc067-4457-435c-bde6-f2e2467e5dee
7ab0397b-fa18-4c7e-be3d-8eeed0013d95,Discover,48ac2029-6179-4427-b373-72d37506da6f
eb6086da-9f59-4f99-9517-e5cf3302e301,PayPal,7f249877-ee17-4511-8f63-e71b2cdcc680
178b7c55-0ced-49b5-8f7c-b8b3990adb4c,MC,4d4293a0-c5f5-4016-b497-4c8dedc28595
cedb4df2-b4ce-47d7-958d-5abc90abf4ec,VISA,7ba6adaa-c82b-45d0-9585-8af4a5bd7b3e
b4e16370-4b43-410c-ad4d-681b20d9d0f6,AmEx,85dce203-7395-4517-a6d4-3519be9a20b4
e5aaada2-fe11-4bb8-a6be-1ed2c924dc28,VISA,6bffbaa5-86c6-41e3-9991-5dfcf95747d5
b590d2f7-6772-48b3-8fc5-349fc556a2fd,VISA,a98b26ea-f1ff-4456-9737-7d029c27913c
cf7e5a6b-ef9a-4697-93fc-7789388b4f17,VISA,293d34e1-f5aa-4972-b543-7b00aa9ecc1a
1347a290-d700-4096-859c-6b6a27bcc0fd,VISA,d830289d-1573-4113-b768-333753228de9
0b209e19-dbf5-48ae-8074-aa26c01f00b4,VISA,dcd1769b-f97b-409a-8d80-850cacd4a550
261b095a-ab81-4021-91d8-611352601aff,PayPal,eac37213-7492-42a1-ab63-40f5e83b6e91
a3ff2a4e-7498-45d2-b74d-49e8abbf178e,MC,5f3a752d-b9f4-4cc3-a88d-58fe7d015144
4f5b6259-82c5-499e-b6ed-38d174e8f56b,AmEx,56405715-01d6-47f9-b31a-fc997ba814a3
04fc8ae3-ae57-46ad-bb1a-240b6e5afaa0,MC,65e137e0-d04f-4f94-b653-63ee3e3ea7d9
dc7f2901-ee3b-458e-a7b2-917254afdbea,VISA,a3f0c54a-7f60-4d32-a77c-d3079e77c4a4
1bb50cc7-3e45-42fe-b74f-300d6b5b39c3,VISA,b0ee31ec-a922-455e-ab0e-765d983083d6
e5414a61-52c8-420d-ac59-2e905e7a8468,AmEx,c9fdf476-6837-45b3-9ec7-4721bf531a6e
40df4469-ecd6-4499-832d-72ff4d6c0fbb,AmEx,6e2aa64a-fe1a-4f8d-a461-114b623367d0
09013b79-e5de-4523-bd5a-502a4e75f4e2,AmEx,de7cc16e-baf8-4c1f-8a78-706c6df35459
271f061f-0c21-49bb-b1b4-3246970bed42,AmEx,898a5723-ae35-40c5-9391-fbb36bfce57c
a65f20d0-fe41-468e-a9c5-65614c62203b,AmEx,e571e463-aa63-4dfc-9cf3-664fa92fd8f0
1b89ca07-d8a9-41d0-9ed6-4d35c95506f9,Discover,323a4e45-f547-4eff-89f1-85398a8382e7
b7d54d26-1603-464c-9ae3-92bdbca5bb8e,VISA,cbb0c7fb-0980-4392-8f39-2f2ad0de9d12
76f5a2cb-91ef-49b6-aec8-1636b10e6ebb,Discover,20c50174-044e-45ba-b88d-cc75f4ebe803
2d8084c7-7cd1-4c09-b54e-3a980fd0fb7c,MC,2e7d59b7-8a17-4afd-9ba8-34c94aecd3ff
b851833e-1f97-49a9-808a-19fa02613c49,AmEx,9fa8357a-432d-48bd-8337-218933063002
68aaddf8-882a-43a0-8a61-ebd48e938734,MC,f72eda4e-c4b0-4d04-8d1b-2bed26810e58
1875bef2-b22f-43b9-ac82-d1548803021f,MC,0e215c10-21b7-4431-a502-726813911933
6ab312d9-d43e-47ea-8320-1cd014162b91,AmEx,3e568d4a-823d-4816-8371-f824703c3dbb
d412d1c7-e5ad-49be-ac01-24e45ddf8cb9,VISA,44495793-8579-4ebc-8f00-e281e9f43325
c0d24e24-ceb6-4967-8f83-7cb80affc3a8,AmEx,fcf947cc-4fb0-44de-985e-26060aa6e20d
fccba2e3-3345-4fa9-917a-12819946bc8d,MC,6d975308-ed1d-48a9-a44d-07027c1e948e
58856030-c1ef-4d27-9b15-47c50b09ba6d,VISA,1810d064-b7c0-4346-adfd-cbbb7e971d5f
1cbeeb0c-0ebf-452b-8a81-ad6c90513a07,MC,e3e09b92-a3ce-47bd-af58-1234be15d2d7
0b44eb2d-8912-4abd-b011-f9c496d9362c,Discover,b4513789-e1ce-43d4-b7d0-f3b858729e9c
93c9731e-2d5b-4f0d-8a00-ac0cbae12177,MC,832830f6-9ec0-4b04-b2c2-b1b6e546f6e6
757e5b68-d66c-4b87-a092-edd727584ff9,VISA,57fab6d7-dacf-4b20-b313-ad9afd2eb050
eb225ae1-bbd8-445c-9d78-ff535e391afb,VISA,d575d562-cbc3-4293-86b1-1e799dc79722
9c9905c6-5fd0-4d6c-8f68-43642e287464,VISA,09b7838f-bf47-4f8b-bc0c-5367fe253078
f5cdd5c5-86c5-4ec7-8259-25fa9bca7788,VISA,160b884c-1468-49ca-8045-5cd858b83d12
003604c0-2f5d-4464-96d4-5516268b507b,Discover,64a688b2-1344-499f-a623-a579b27834d4
2b534ddc-172c-4b33-93fb-6319d8b46120,MC,4de1848d-6f67-44d3-803c-61a29193d1f8
7f3914d0-be1f-4c0d-9529-6f69027228d3,AmEx,1df0f8c7-9570-4b75-8903-5acb83affef5
237ec4de-42f1-44f8-be3c-6c7d43ea75b2,MC,500c817c-0d1f-4378-8859-70d59878802a
3926d78c-715e-48df-b927-75faa9f174a0,MC,e63d3ce5-7acf-4eb4-8f54-af386d0fdd3e
bc54b83b-4aaf-46ad-8f49-7ed87744f2cc,MC,89592204-5a01-46f3-9c28-323aa9dfeba5
06508eaf-7efe-4c8f-8a76-ea5d2bffb8fa,VISA,65510c55-b2b4-4a99-8753-e21475a5b2df
82889c2c-03d9-4748-a5bd-14d2040ca892,VISA,8532e218-aa72-41be-baab-74f438d85e6a
72725594-1e93-463e-8fff-4a009bcb8489,VISA,9cbf1c8b-27a0-4935-b587-6bcd9710288d
d7783b97-9aa2-4b81-a08c-6d5ba7b3ed5e,MC,897e53f4-92c5-479e-bae3-4c4b69187c62
05e8269c-a600-4661-ae78-99ef6cfa06b1,MC,19df2c13-3f2c-4e79-9df5-1f85ebcd1ff5
5265ea3e-3025-4920-9c2a-7db5d15e895d,MC,beb5095e-6f4a-4ec4-b8cd-d17547031cb6
057065be-68df-4f5d-b193-320a0c6d175f,VISA,9eea2e7e-8bed-49ea-a6a0-3270f5bf7e51
6450ed9d-86f9-4731-8286-fa58f0993cd6,PayPal,eba983b3-7595-4281-9cec-1a0b02bb10ec
523027a6-221b-4f71-b0dc-ffe11c9ae058,Discover,2aea18d5-594e-4977-9a2c-79cdecd53c05
73eb12bb-7a62-45cf-a356-a4cd7d0e2abc,MC,b9f8101f-97b0-4b57-adda-08d0628a3bca
f2959c81-b660-4734-b564-9f0e09f4f079,MC,4b9461b7-bc90-45e8-b582-7e1bd1302441
85096e17-02d7-4bd2-965e-1ee9c1d21454,MC,f4b63541-0bf9-455d-8e36-15705b7e3af7
3e644943-9807-44ea-9a80-71f954833c37,VISA,95155ebb-e78f-445f-87d4-d4a34a339d2c
85712a4d-4f58-43d1-83e6-e5f8da3b3d9b,VISA,b9f0291e-596a-46d2-bd6c-e52deb316524
544aa297-ae69-4b94-8282-2c69be6b5f8a,VISA,e2304a95-8a15-4365-a985-0cef239d9a9d
4dd90af8-9875-43d2-b53e-ae6730f47fdc,MC,437b3281-b26d-4aff-b527-bd9f16e9b253
a6cd1995-77f7-417d-bbe1-201714b499b7,PayPal,8d4d6cbc-2a33-4922-af7f-ff37e6e8424a
0bccb25f-b6f4-4978-ad3e-9dd6de7da5da,MC,9e29adf1-3dc5-4939-ab03-652974e0481b
ca6c7f3c-9c2c-43a9-8ebf-9beb72a9d499,AmEx,0893afb0-e41a-413e-a336-2edd24f765a5
79ee539f-9813-4fb5-a3bf-c45e8d14d215,VISA,b5eb4239-c753-4fef-9359-0cb0751c2188
0d1e003b-300e-4661-ae21-fdd6d7f8be1a,PayPal,f41aa75e-e0ec-4660-8cfa-8bbaf33e2034
0c6d6d4f-aeb2-4142-96c9-527380569ecb,MC,8afcd728-b74e-40f1-9842-a025e7dfac16
4207f2fa-8301-4d4e-ba2a-c67ff3d86a97,VISA,4783c142-a0c5-4c13-b930-42bfc7c586ef
c5b85f01-492f-4339-861f-3c70bb3821be,AmEx,d8a741c3-0a79-4dfa-b72b-66934c704711
a5307b28-452f-4134-a457-5963d7a2de3d,MC,6ec22657-a6fc-4401-aac5-c1ae0f9418a3
f309c75a-8c3d-43ce-a3b8-ceddbdabb206,VISA,5f9c9f40-b64e-4df0-84e8-f3d0cebaefba
c201e248-65fa-460b-9990-de90fdc89665,MC,340611d6-0a86-475c-8bc8-9cbe43590de1
7d6d9f11-9323-4798-b151-64294535199a,PayPal,907692f7-d213-4511-a586-594683ebb046
dea2e6f2-768c-4c8b-901f-d1d046f04603,AmEx,211a9fc5-8950-4ac6-a090-d69037a4269b
c8d606ee-16cc-45ab-bf06-3490a08acb4f,VISA,ea71254a-2649-4130-9c81-9f220f03a0e1
ce2e8c64-9864-4c3e-bbb7-11e108224463,VISA,0ce17139-30be-4934-baa2-b8fe2dbda3a4
d5f23f6f-a2f6-4542-b430-85514299d4bc,Discover,53adc6ec-58c0-40d7-b6fd-04cf0ace3399
313fa208-3370-4900-956a-610f9e094104,AmEx,f4aed640-ae31-4ec5-9fa1-9c1f5ce6090f
abf103fd-e535-416f-950b-ffe71a95ad08,PayPal,2a63c750-7459-41dc-8ca6-1d8dbe269913
45e4ffe9-32a4-483d-b134-6950a88bb497,VISA,cb004898-a884-45da-b389-e9cde40f549c
d1ada29c-0542-4094-b93e-2a80430c2c44,MC,9ea13227-2595-471f-90c0-f14eaf417124
2fd6640a-19ff-4b85-afe2-f88945c647fe,VISA,7fd5c50c-4d83-4ae6-9932-3626efe8108e
85cbb9b3-5532-4195-84eb-3ee14be80ea5,VISA,784a3baf-4ec4-4551-b631-d66781148f97
b4446120-92eb-460c-b0bb-db2c3e6f4475,MC,ae187c74-ce22-450d-a9a9-db89883794bd
bb735308-7830-4510-b998-841aa12459a0,MC,2b593cda-b7b6-4889-8679-f893698d4c09
d91cebb0-236d-4231-b548-84225a10ff7a,VISA,2dd851b2-8004-4214-8ac2-634484955888
4b04ac3d-8689-4959-8cc7-de871de577c9,MC,b3e32b88-9288-462d-bc13-05ca17cfeff6
a1e76cfa-3675-4842-944b-bbbe2547cb83,MC,0be5e68a-9f49-45d5-b386-8f8e668c9eb4
af8aa260-3b70-41d8-83ce-e044de01885e,Discover,b39000ff-61ac-4f65-84d9-81c9e9c96de8
c48b596d-f1cb-4c0a-a6ce-2dbd75a69344,MC,9c8dc40f-515a-4e23-9894-481b61eefe25
6fa76178-4398-4460-9154-cbb0f932ccc7,VISA,764d7690-1a63-48da-9d8c-9a6ee0d9421e
24be4791-5be6-46a1-92f5-7a40482222b9,MC,35733216-ea69-4658-9dbf-2c62c51b63e3
4aa4387b-0522-47ae-9733-2be0732517d7,VISA,dbc090d8-8a29-4980-bbcb-3230362784f2
0685249a-da33-431d-b626-535b95e25382,Discover,d7f2ed37-f8a0-4d3f-9913-46b88da8358f
d3fd89ac-a55c-4997-aaee-8a698a2cc609,AmEx,251285f9-5893-464f-bb5c-493dbbd30dfa
cef57080-3972-4fdc-af5b-387da4fcc70e,VISA,e573c6d4-6ce5-43dc-a222-581bda6e0b25
99822af5-6bde-473a-b056-38fb6b480677,VISA,510e5985-95b4-41d0-bec7-ef1b0e7923e8
c4fd2d78-9cd4-409a-9718-aa96ee8eef32,MC,5bc80141-6fcb-44b1-8b0d-fbcb413be781
83e1673d-d888-4f18-8d36-bc2f56a26b60,VISA,b2ee3d80-3bc8-4880-a15d-458aa3134ed7
f8e164ea-28a0-46e3-8e2d-0226bf2d8c37,AmEx,5ed7c77d-bc02-4c5d-854d-17eaa6f137b1
38c21e8a-f1eb-4632-81fa-3c7b8a886f3a,MC,fc003e54-a2a2-4917-ae40-b0c7ab79f530
331a18db-0498-4ed1-8b3c-27809a9f388c,VISA,4b15459c-5c36-459b-aab9-948714fe9a42
41653c7f-b26e-4632-9de0-313efa3609f3,PayPal,98922dc1-288c-44eb-8db3-8df5881b6223
ac40a852-189a-4e1f-911b-dcce373a89c8,VISA,f42c261d-ef4e-4031-bacf-48f8fb34aa27
41897702-bd2f-4b4c-996d-8acd922d851e,AmEx,851fcb65-c903-4c88-965e-d18bf48c703a
fe701180-b3cd-4dc0-bd20-885eae84f533,Discover,d31e5ba3-0a4c-485e-834f-a3d18dbde139
095028d9-5f14-486a-8dcd-0816a6b60dc2,VISA,4f3e0147-d473-4976-81d4-780c10e50ffa
6e3c1203-b192-4e73-b611-760215b639c4,MC,1fc97c01-3ddf-4fca-ade5-2c1fbdc84e3e
706fddc4-b345-43d9-8773-eb847bd7efeb,VISA,af72d71e-7795-46e1-a8b4-fc527a33e61e
edf1bce4-b012-4a34-9edf-71c55b6d1366,MC,d8ac5efe-7e0d-4330-99d4-8d6bf879e519
6c4c3828-3a39-45eb-a95a-38f18ea427e1,MC,6e836d7b-4738-46ee-9815-ab228f5ada59
e0339470-e9e0-4b0c-8ae6-02d6356b5a61,VISA,ac500533-b3ea-4eaf-a718-62d6b6ce1b7e
7b1769dd-fba1-4143-a01d-5102a95c47c7,VISA,fcf326c2-efda-44de-9e2f-9a392ac30c08
f2e08254-5e7a-4a60-9722-ea575e37000a,VISA,e15b67e2-f357-46eb-a3a5-5d68b8036e24
b81615ea-3a4b-4ec9-bf77-16ea5a359a91,MC,41233af3-9090-4761-9162-e1af36bc4617
304be8cf-ff2d-4d95-bf11-2e48618d2b5b,AmEx,f51e9987-cc38-4722-9253-88dd11d66e25
584f77c1-1435-49a5-8851-eb455efd5b52,AmEx,8ebde89f-b6cd-4124-bd9a-b50fd7f84527
606a2b53-53fe-4ea7-bc4a-9ef55db28651,MC,822c67a7-55ca-4676-ae38-816de51f7c70
91eb6869-76a1-439d-a12f-0bbe46d23e6d,PayPal,932017ac-e425-451c-a00f-44ce4a4a55f3
da7bb5c1-ad05-45e7-97ed-c48ad58bb320,Discover,41a02d3e-5d92-44d4-802a-9bdec7286c79
9a7d574e-0e17-492b-a6e3-f8afd667400a,MC,62fa2d18-84b6-42b7-b808-baaa6d244a34
40483bad-f3b9-4c52-afc5-e032a2d91608,AmEx,38c2dad9-5f92-4acb-86ff-9c33bf7d1efb
92bf9287-8e9c-481f-84f7-0a956456d628,MC,0520d280-5b53-4912-afd8-7b97cc6e097d
988aa672-6d3c-4787-9fbf-389d583e5739,MC,da0e4950-1239-482a-9fb4-c22d2a7a624f
e656bb68-6b66-4f8d-b24c-9319afa53b01,VISA,f49cd2c7-edbd-4830-86e3-e9d6eb8bef7b
2afd6272-4cef-4362-b9e1-ebcbad209279,MC,1e561c56-1510-430e-83bb-66fcb852501c
42b07f74-15a1-400f-9420-eb3611c16899,VISA,3fcfee22-9857-400e-9bfe-ca08df496ea8
575d2406-8357-4586-b4e5-eba4b8bebd61,PayPal,5ae9eae2-3203-4b6a-9e05-0cf81da1e344
9948de4c-dfb5-46d3-86e4-eb13e39b94a5,VISA,79707b9c-aeea-40e5-9eac-520f4b16f34e
6c644b1f-ad89-4e64-8e58-52e282b41005,Discover,70e3bba5-15a4-470c-8354-d10033b5a8f4
7bc5fb83-387f-4497-9db4-af40a43724ca,VISA,5f409f2f-dac2-4d80-8987-7c5c57a61afb
417399ed-2288-4627-9f10-5ac6ef94ce8f,AmEx,aab068ab-5df4-42c3-9da3-2bf19562e80a
b10e18d6-7d3d-4744-a0b2-7710337eb9a4,PayPal,c1e485c8-193c-4cbc-911d-ac2f0c877d5c
8406089b-1fd4-45e1-a588-90d1de7a9f26,Discover,294d7a37-a189-4577-a1ec-bdb1494a2c0b
fce8baea-8e15-4e77-abb5-7574b1fa84c3,VISA,51a15615-93b6-4996-b3aa-355afe7ca959
b27a91b2-6137-45ca-aff8-b7aad7f59abc,VISA,5e957ca5-a898-4a3c-924f-0e19a456da00
2a82394d-5210-4c4d-8741-7ef9c3254333,VISA,b8b7880e-ae7d-4f19-b0df-cd23fe7200ec
7ca13493-436e-4773-a766-922eeefb6732,Discover,28afa018-7706-4fd7-87eb-b0f472b2c681
72bba3a4-f17c-4b78-bb8e-6bba25b6a7c8,MC,07031a77-0bc9-4a83-8b3b-36a038f150e4
df1ebd0a-c91f-49be-a74e-af6f4f65ba06,MC,f7edd32f-ff7b-4f9a-9338-37c12e1bc93c
5122b67b-fdb4-4bfa-bc02-6c75e8b09d43,AmEx,5ff35524-1ab2-4048-ad36-399af1b9e742
6f918228-26a2-4fd7-ad63-528c527f9f78,MC,7d905939-c512-43af-a420-bb7985f537dd
b42d2bcd-77c2-4062-9509-464919fcfe57,VISA,feb04815-4e73-4306-ab9e-d7b11d93fcb4
bbdd6161-092c-4533-9955-72d368561b96,VISA,17a19413-a811-4201-8650-56f5810c6de1
1ea101ef-e0b4-430c-ae10-dc92f941539a,PayPal,3bdbac6b-2786-4e16-9b95-ff08fde31d33
e79dec65-c497-4fc0-90dd-e9a1a0ecbd57,VISA,b2475709-e3a9-4d8a-adc5-4a4c7a9aee85
549eebdb-224e-4118-b2d4-9a06b3acdd67,AmEx,bc621517-9e82-483d-b14e-71336a4e1bd7
a8f3e873-6889-425d-a485-5bda04e6acc1,MC,e7cc97de-9015-453b-9ca8-c78146abd386
73214c0a-793c-495f-a415-6089aa6550fe,VISA,085387b2-1215-4d00-af5b-8135ffe6c894
82fd48b1-af17-441e-963a-c59ccc60b327,VISA,81865b25-8c8d-4e28-acda-7dcf05778356
cb2a773f-f6e8-444a-8cc9-dd5348a28d66,Discover,18d2da07-2cfe-4a4a-97e7-872292b5a347
1152fc96-7433-4ff3-841b-e3e23f74cf31,VISA,3fb965b3-66d5-4600-aaaf-e72f8b6cb593
6a52b55f-c401-441e-9d80-9bb09fb3db58,PayPal,0e967ac9-d5b2-4507-9518-d9d2d1c387c0
a8274799-f818-4a98-9156-2931d6a4ef3c,VISA,38b7a569-6213-42e9-8f64-875b4d651568
8c49f483-1b1b-41d3-8cba-ae79ee5a9381,VISA,e8a5ae6d-fe9f-429f-84c6-40d6c95667ba
10ecc833-87f0-4a20-a373-23a1cfb1b203,Discover,933d2739-b649-4be2-ad1a-5578ab4e0b80
ff7b3efd-7547-495e-b5cb-565bc2352dfb,AmEx,2d9a6f61-4dd0-40f6-a433-519d6f14717c
95f79967-dbbf-402c-95d2-d997fc68658e,AmEx,1c9f6fff-084b-40ba-98ff-faca926159ec
42b5fb33-3524-48e3-b791-b269e34d50a1,Discover,17940cea-5dc4-486f-b7eb-0e94a46d3fc6
371ee3b5-28d0-4b73-80a1-d2d8052c9ef3,VISA,413119b1-36c0-4b8b-831f-3d13eb5f3645
14f3cc37-9669-4d34-a00b-7cd471e1668f,MC,095e8bc9-7479-44cf-a9a9-dcadc32851f1
02e3aeaa-a808-473a-8edf-089a9b42f34c,Discover,2f7330c8-c4a8-42f8-bf91-841fdebc4e3d
e72096bc-5204-4c0b-a793-47b196aee726,MC,75145a1a-060e-41c2-a7b2-ebb77b2bfcde
53e58fd9-0980-4c4c-b3ac-38033c12da55,Discover,315f1180-8316-4b6c-8fc5-c40e70992e9a
03933a72-d550-48bd-9e69-57f092e09144,Discover,97350af9-b6c9-4916-b9ca-f0a4366a76dc
376e23ef-b5fa-4454-86b1-5252e4209eda,VISA,85b83632-990b-4101-81ff-8c5734c373e2
4257ba60-69ba-4fcb-ba89-342df0ab0cc5,AmEx,1a6456d1-edb6-4e34-8a34-77130522fd4f
6e6b63c9-286d-4b71-a84a-a6c8e4783e13,AmEx,c19e10a9-5f7c-4ff8-b249-49bfc9a404b4
0b0d9574-2c9c-4bd2-863c-b23c23a2e7b8,MC,b4a9e3a7-4386-4007-8500-a88c80fdb8ff
8a84c5a0-3a3b-4f82-88e8-048efdd4696c,VISA,493f37ee-c7cb-4e6a-a5c8-a4bac56db08c
a02261d4-5459-4a9d-9def-9913e540ee23,AmEx,e107c8e2-e14b-466f-adc6-9c81d55e16ab
8c4c47f5-5594-4b24-8c63-741b084853c8,VISA,54cdd91d-238d-47e8-8cb3-fda3638c53d8
7838f4d8-25d9-419b-99d2-8b984f99f352,MC,b5f4253c-47cb-4339-a263-29b2d0d6dee9
7647f3d0-4c76-4e0b-8722-9e2247b6443f,Discover,ce2cf3fd-8a65-401d-b938-4c40ced39cdb
943e4f1a-3db7-42ff-b911-60bcbe3678c1,MC,4e8ba202-6183-4346-9e2f-2f05971c45c2
cf14d999-38b6-4c37-8e80-6d91ed8bcaf9,VISA,1515b21d-8c31-41af-bb6d-4de2d9d34948
b0d1f430-efad-49f4-939e-6dc5bb2e4887,VISA,8eca0787-4b6f-465a-a032-dc11d1f2444a
c4cd8f35-a5fb-43a8-ad4f-364935099c18,VISA,021d14a5-f90c-46a8-87c3-5a0e5759774a
ae2f6922-90b2-4ea6-b5a1-9382eb99cc3c,VISA,cd916a8a-8124-43e3-84d8-512c621e8d14
13723aed-31ae-44a5-83da-bdcb8fd62531,VISA,4eb59b90-0703-474c-84a9-dc7ede6ca2df
222ebdcf-b879-4f7f-88bf-419c1bfcf152,AmEx,42158227-1581-4761-925d-9301e01901fc
30dc7ad3-f32e-4ef0-a049-accfaba1d295,PayPal,8b664853-2715-4012-90d7-5cb2f2c52b5c
c66d164e-4a1a-4e1a-a746-6484d389d605,PayPal,8b380ff9-0789-4543-b6e6-dec44ad5e4c4
00bf7a25-d409-4b5e-b76e-6f0c87695fff,MC,d7c61091-1995-4918-a15e-3f3b4f9b1194
d5d4e082-87d5-464c-acbe-f0e4db575ef7,AmEx,15826259-c5fe-4332-a757-73209dd300b8
025a2e21-9f88-4584-80ef-65dd42b15bd7,MC,cba8f489-69b4-45f6-a894-81be5a454a93
41c5344b-6867-46ae-825e-095a6f5dce8d,MC,2cea0cd4-ddc4-49ee-8d8c-8acd7b2006c8
2d2e46f6-25a9-4f38-9a26-8c9f8ab22c70,VISA,31442fae-2dc8-4864-9a47-8523ace5b63d
bf2ff565-e92e-42f8-861b-35b05df8ad62,VISA,001fa600-e504-4dcf-abf0-7f947e7c3299
9f7b2ccd-6c53-4950-819e-368faa171c99,VISA,a1b3c8ec-9d2c-45e2-9739-2ddc4c9ac543
6893f3ff-0e6e-45fb-bb93-142e5c5d69d0,AmEx,30c655c9-7955-49c6-865e-2c6bb1216e80
28520a32-7bb3-49db-8d88-e37e68dd5a5e,VISA,c4baffed-3ff4-4679-94b9-ab9fd44b9125
43b952b8-3ef3-4a83-bb31-ec5b5947cb71,PayPal,fd062005-48a5-4f22-895f-ca7298d17a67
af6aaa12-a86b-4630-9f65-81907d0f8bba,VISA,2e58ed18-e06f-473d-a16b-796db769ef98
927939d5-4f19-40ff-ab7e-c87ee66ad837,VISA,3ecab369-ded7-42ec-81e6-1ff12c4ad1ef
1341ca86-4f81-4c3f-975f-560d627bd5c4,VISA,99e6b9d7-ac45-43de-8adb-821f92686dbe
82a5efcb-f302-44ae-997d-48e143afd9ff,Discover,447393e1-bdff-4e4c-99d0-70335ec45bcf
eebaf277-126d-402b-9a71-d5de7fe29aac,VISA,7bc44777-1106-42b7-a9f6-6eb496a9a727
a334e70f-e064-47c2-947b-2c98988e5ac7,VISA,b275b31c-3d1d-4327-acfe-c00fbd73366f
966c7d90-37d2-46af-b99a-5791e0e9b9bb,MC,3de0b348-c64a-4585-bacb-977012d02dc1
6f8c649d-3751-4efa-8fbc-a0b824e40e71,VISA,2084bd66-d3c3-4950-ac8f-9638289b7897
932be343-71d6-42b8-9340-a6bc9ca4626a,PayPal,9061c5ff-529a-4fd9-8f91-35ed1c0060a6
223632e4-77ce-48c5-a74a-759e45f87eb4,AmEx,c19ee4da-46b5-4500-b37d-49f8811e4168
e9362dba-1d54-4680-9d45-ae14cf78553b,VISA,b076cf1b-e534-409f-a805-6832cf5e921d
9acae510-0275-465c-940d-16fcff6d574b,Discover,661bcdf5-0160-411b-ace6-51de079b9a6d
1a0a0fb8-6fe8-40ff-bcb2-bf784e9d8512,VISA,6b827474-3246-4d27-aaa7-1372e393f8eb
e000d98a-175c-4ae1-9ef1-30caa85cc2c9,Discover,61b2ff3f-fc4d-4a56-b412-260833908221
d4516709-f8a7-4254-b0f7-3bdcecf24109,MC,84d72fd4-eb8f-4a7d-b702-f3814c4f1601
037f0644-4da9-414d-85dd-21efa0eb9709,VISA,df7c9189-cae4-4817-951b-16233bbe5d21
b932dd3d-1098-4367-a55c-c9533f836765,MC,e3f7ece9-b272-443b-9d2c-58cec2bf9efa
64a5adf1-fffd-4707-8b32-ca791ab82c41,AmEx,411deff0-72ca-462f-91f2-01a94b2129cb
e45db680-7fb4-407c-8e9f-d9bfe4c6bcb9,VISA,166008af-3a27-4bc2-809f-3689e26b5bf4
7910b8e5-6cf7-4392-a8cb-3b6afb4eb319,MC,25394214-f03b-4e34-95fa-67a9bc8a56bc
ca3e36d2-6e1e-46e2-9f7b-07dc40bbf111,VISA,eadb4491-791b-4c5e-92ff-59673f1bc940
1c0f0b9f-b553-479c-bcfe-a2c4093651c6,MC,dd481c12-9789-448a-ab0c-da7c21fe8bec
e621bfe7-6546-4927-b77e-ba5127da0701,VISA,e422fa61-8622-4b4a-8b75-75ba68197f39
94d79467-fa73-4815-b3f4-0d51835ddf9f,VISA,f3a84d26-dafb-4ad6-a72f-d3c6fad6b19b
3cc55b55-b709-437b-a86c-9ff69adde0ae,VISA,bd8699be-c3eb-471b-a5b0-4498c84623a6
76e9b6b6-f33a-4a61-8ef3-085dc3fc5106,Discover,b932cb6c-c502-4eed-99c4-dd79efa74417
42dc5d27-27fa-41ab-ace4-ccf880deab72,MC,7d848669-8357-4b97-8915-4a96789445a6
065a3a56-2ea7-4d85-8b79-120ca794ec22,PayPal,1e3fa90c-884f-4b41-b0e4-e852f816f8be
64a722f3-94c7-4f90-b584-2b5ed06f51de,MC,dc4ed3ab-f566-4096-a929-af54536f4910
93952600-4b7c-4ecd-8881-66eb0589d25c,AmEx,b333fe17-071b-4586-be76-99ed5c407dd9
158b8a80-9817-4db4-903f-b4b16a58495a,VISA,e081aa55-c07c-416b-a260-ec2fafc2ea21
9adeb187-46c6-45bc-906b-4d8674eaa0a4,MC,bc0a6354-1157-49d8-b777-c4eb08c0d5a6
882c9349-1753-4be8-ba1c-f180b385478d,PayPal,9a5baf25-5f75-4ae3-936a-2a350e1b4379
68aae3f8-3b05-407c-96e0-9d0d0d7de1d8,VISA,b10a138e-052b-4962-8d2b-20dc560a5a44
c6282e9f-baca-4dc9-94e5-668487d0bd82,Discover,056b36fc-62d9-4ba8-9326-730b5fce5a01
3bde9ee3-9339-4e03-9aac-eca929b6004e,VISA,f105477c-f5c6-4783-a67b-76db669068dc
34bf862b-f794-49b0-ac77-e5a2bf4a9edf,MC,6ca65a67-50d2-4999-b487-df6db54af208
5b340c4b-6ae1-42c8-beaf-7d7fb285f649,PayPal,14197683-cf2a-4d58-bd37-be267aa3dfb9
8e9310f2-d806-4e44-8a8a-04c1a6b7e20b,MC,890813f2-1664-4074-b96b-80fbd31e1a1f
5df2191d-ff85-434a-b8c5-4c8fddb5f69f,VISA,9196a135-49df-4aaa-bc07-335a3f2bd756
e6345908-508a-4cef-a146-abbe9399dc7d,MC,ebaeba14-ab03-4124-b023-95600f85f5d7
fda9d5a0-eaf1-4769-84f8-9257646ba954,AmEx,c418f61f-9ca4-4949-b3c0-9a7ff85b8964
e70626d6-519f-4797-8f1a-df0e543d6ea1,VISA,43108450-034d-4d5f-a734-4914c8cc04e4
1399711f-d578-45e4-9504-d18f3ae09170,VISA,bd02aa53-8bcf-4a2a-b4f4-e10604e73048
e20bb378-64a6-4a7d-83e9-4a8bcebb8bdf,VISA,9299bc2d-afef-46e9-8733-f3ec7593ee7f
b0919af6-8204-4e31-ad0e-dc26e1a8129b,PayPal,7f900e34-78b4-4b94-8943-2154fed98c8f
e5a6e09b-bc3d-443d-82c3-93c98fcb32da,VISA,82d18b04-db3f-465d-8aca-bbe6b5869551
52f5d339-69d8-46e7-b1e7-2a7a0ea3368a,MC,a741ed53-196e-4055-a203-765fdabb4b8c
02611311-cebd-4a04-98fe-d41e17610111,MC,ef69419b-5154-45d2-beb2-ff363fc22451
45c58fc3-f099-4c37-ae39-b458d84591c0,MC,c04971c8-37bb-445a-9bcc-4198ea3fd7be
d45a1574-a9b5-459d-a85f-a16f072bb364,MC,785d0d55-3b2b-4428-8c98-77bfec78aebb
d4a6eec5-f39f-44ff-81e7-dbe3524068eb,MC,c7e94731-504f-4a90-97c8-5edc8f2d5209
02ee9cc4-2d1d-4b36-b5c0-a748425a43f6,VISA,c190ecdb-aefc-4c43-b711-9be0b3118bd5
c96d32ca-6a15-43a4-ab30-8860a2a7b17f,PayPal,4f8e3f3a-a9fb-4b50-a249-91872bdd08fb
6eb4d4e7-a347-4111-b20a-29849b6bd111,VISA,17cda330-c3d6-406e-9d34-fb663aedd529
5c327c89-255f-415e-90de-b6029a2a95cf,VISA,867f38e5-498c-4c8a-9621-a314bcb8da73
c201c9e9-2558-4326-910e-d641c5ba4d0a,MC,0dac4a90-37ac-430b-88b2-395a7f4cc35f
4e566eb2-8da6-4d04-947f-0071c10fe8b5,AmEx,601e8654-68da-4786-8522-d9e2d0a009ac
2298ba67-c955-4f8b-a318-c30a044bd8a8,VISA,8f29c4d7-cb4d-44f8-a61f-18916d2fdaed
677bc083-1819-4cc8-abf8-fd2566086dfa,Discover,143b7645-f0d2-427a-83ac-51cc1cff241c
7d2c622d-ec15-4c9b-80f8-d5d5030f0cac,MC,2a68d148-e2d4-44bb-9f15-ec0a221d6be1
69a6d6aa-0a78-46bb-8c38-5dbe44457fef,MC,d2067bf6-d3f4-4713-83fe-d2183db29953
97582b3a-1fa3-483d-a663-8b4a765e903d,Discover,665f1afa-2845-4f42-aeb1-31ac0134df52
a963d511-33e1-44a0-8733-ae3103f7e2d2,AmEx,558f3128-61d0-48da-8b9d-972f13814a12
d16faf5d-c040-4370-bf8f-562c27a79659,MC,7e336f75-24aa-4d95-9dd7-2360a64369a2
547b4a50-2691-478b-8376-a5047c84d5f9,AmEx,acaa6412-b8d2-47e7-b41c-880ef10a0112
90352828-a393-4974-809b-9b813609cb37,MC,b569cc1e-1c01-4079-8e4e-bdbddf3b067d
362ed5be-2b31-4e9c-91ee-26a8c90d134d,VISA,b332dbbd-de40-4cb8-97d4-740e9067e317
3dfdd8ce-c30c-481d-a775-1277c9f4fc52,VISA,e4c12b44-f273-4c79-a948-f28900df23b0
dfb9032c-19a5-4870-884d-b93d78275a8e,VISA,23d5da28-9980-47db-8f0e-ab1dfd2377a0
d2a6840f-11f9-419b-a847-bf08f7306807,MC,6b898e0b-32ad-4ef2-b407-05476e5cea98
44d1dbc2-6c40-4fff-8d45-1dfde08bacdc,VISA,97eb18c1-8731-4963-8412-90863f25663e
5160131f-9b01-4032-afa9-423da231eba1,VISA,77e78aa1-08d9-4058-a00f-b3aa2c5a5149
0414a0b0-54a1-44b6-9275-262ae4c567d7,MC,3c3b1fbf-04e9-41c7-9a09-89b5db726a32
2eb3bba7-5248-4a28-b84b-37f50063cf21,PayPal,806db15f-85ba-4b5d-9f30-69b1ef0b4d78
36b922c8-b52e-4be5-b140-49c7d03005d3,VISA,959dc94a-4138-4db7-92f0-af7deb504dc0
99222c47-83fa-4c10-974a-76ae5beda556,VISA,a8769929-a2da-4c16-b364-e646a28de1c0
50b9b5b5-3373-4a16-a673-8d94e01448f7,MC,dc10e26c-db4d-4549-a911-65b61099d518
16e51a64-be94-455d-b1ea-d221559c504a,PayPal,e6f5b9ce-88bc-4c31-8d0e-c7c07e3be513
8a8b5dca-3e79-4982-8707-502400d73a21,PayPal,032adebe-48a2-4e6a-b74b-88d8c37bd4b8
5ef823b3-418e-43fd-88fb-f55b310e9137,MC,88771086-4e39-4fb5-8ddc-d792b2b69aeb
e2f889c0-e5d2-4499-9b33-8396da4c96b5,VISA,7dafd3bc-e911-4d68-bb30-796484932da7
c36aa3b9-ec88-4d39-8f15-bf0c9f8ac03c,PayPal,98d20335-f42d-4f1e-b083-bba988405e21
733bf2b6-d3d4-4132-a452-3b3698014cf7,AmEx,68f3e622-2557-40f5-a650-15416293e7bd
9381023b-b7ba-43e2-941d-70ba46c58755,VISA,80fb58f5-76ec-4575-beeb-5d1dead8a737
7b782361-2df9-4242-b436-46d1cb5013f6,VISA,d3c67940-fac8-4530-8075-e9f28883e325
f4241f56-e647-46c5-9e7f-8b56ec42a3aa,VISA,5c5a8dae-b8d2-44f7-afd8-abd7e576e59e
625bf2c1-919b-41e4-8e7a-24ecfa6f823f,Discover,dacc14d8-1f6b-457e-88a3-36a9dddb64ef
7934001f-e6af-4441-be4f-9f47f42f9849,AmEx,c2230ecb-c7dc-4277-9fd9-bdd90bb38791
780ff62f-c0fb-4235-8ce3-fd8d34ce08c5,MC,c519bd6e-6e43-4a9f-b440-635c22dbd1e0
27bf58b2-2c0d-40e7-9cc5-7ab738620f59,PayPal,28bdfe58-8d22-4f2b-9d4f-697b5df89964
a18d0ba3-d7d5-4533-847e-840cb94b19b8,VISA,3cf57f1b-d69c-451f-89ac-a0957b110ee8
054fa6a2-6cdb-445d-b600-e59d619a595b,VISA,c92f6de4-e5e9-41be-970a-e75f9fe3f642
d3e4fbe6-0e3f-48a7-a1fc-17368fc4a3d6,VISA,4512e4aa-6263-4c2c-a8f7-bca886e1deaf
44ca705f-d0d4-46f4-91b4-109c27dd51c1,MC,1fb6b1f0-fce7-4f25-b8fc-8d8e3591c0ac
3193b975-97df-45a8-9b1c-8ba620d0008a,Discover,c0d6aa43-db7e-4eba-a956-2dd64ce01ca4
d2105c78-7711-4b09-8fd4-df866d0e75a5,AmEx,621a3a16-7e80-478f-b5d6-ecef1fe55f2c
2b00ffd1-9adf-4c81-94d1-8a6ddd553ca8,PayPal,f6f27d03-87f5-4302-ace9-8f5270c3d59a
e6c677cb-d523-4ee4-ab4a-aedf359dd1ed,MC,2a324095-fdbe-4d8b-8bf1-940f0b36719a
6f642ca0-bcf3-4b39-958c-31a4b3e73a5f,MC,590dd141-b10b-41ee-85ad-6d2af5bdf0d7
e1b63b60-cc83-4352-8d8a-3c7b86410df9,PayPal,44a96882-12d8-42d5-a44c-9b1063ad8b78
f6c5df8f-78ec-481a-b79a-06e903b80eb5,VISA,646ebaa8-6e8e-4a3b-ab7a-ffeb353e5421
67d3c7cc-c544-4e03-a6eb-0186d57d36e1,PayPal,b983f6ae-f6d5-4477-88df-67183d3eb6e4
471d86cb-2d12-4450-97ad-d9407a72a228,VISA,e0804bec-8fad-43cc-9498-4f8d65574ac8
6cc7d5d6-43f8-4c19-9ed4-20074b19316d,AmEx,b5ffe6e4-e9d7-405d-bfcc-9beea03078fd
c306aefc-72a0-459c-bd6d-c9d94135267f,VISA,1dd65e2f-d10e-4d2d-9fe3-f360ce6a8375
1c9498c6-821e-4e35-8ec4-aaaca6bf0e70,MC,c60ae773-8b7d-4946-b1bd-04531d1c0670
dc8f205b-76cd-44a2-9783-b3b4632ddbb4,MC,dfb6ae56-1c55-44e7-a3b3-ea9f38349df0
c45df809-00b9-419e-bbae-4ad023cd82a8,VISA,817b3369-5540-4536-8f92-76210cf29e2d
feeca0a0-859f-4644-aef7-52228a726595,VISA,f968430a-3df6-4485-b16b-3b393920f076
7f8e54bf-71da-46a6-93dc-7f3a2b1e2369,VISA,91d6d7c9-c55e-45ff-bee4-2477dcc8de37
f895c064-beee-48b3-9dcf-cc899fadf451,AmEx,5b11c448-6f60-418a-a3d5-dcb69ce83abb
001bb6a0-0472-496e-b6ef-df415296d6a9,MC,3c9b4738-a7b0-420d-beb5-a0aa2035aeee
9fae5278-22bb-430e-b8eb-82316c6f9f14,Discover,3aa29a96-7f03-4f58-a0c9-e87385496832
d87e401a-d274-44b8-a1af-2d4eb2a89364,MC,03e16e01-246f-4bf3-b619-afc03661ceee
8ab800c7-8562-4ef6-b2a8-cf321758e946,VISA,a30f75f1-72d1-405e-8d05-446f652acc32
f5f2e31a-9880-4116-8a10-7fe0b4974522,VISA,9e0ffd4c-e1dd-4eb9-8f0e-4fd122f597d1
bca20189-900f-417d-b4e6-ff73c0aaf9ef,VISA,6447eb05-55fc-487a-af26-c0cb763d61d1
a86f7347-b9da-451c-8033-e45793d5a212,Discover,7baf6eec-2bee-4197-8c63-dddc35ee9bc8
312bd417-cc62-43d7-901b-dfaca55f804e,Discover,ad6d952e-1529-4b1a-8779-e231b31e5a2d
7a7bfe1f-3ded-4d56-bfb7-25dc9241baa0,MC,a4906c27-cf3c-4623-b1d9-6db72960e2a5
b3ec50c2-64e3-4224-9075-bfa5b3f1e91a,VISA,4a9ff2fd-f9d8-46a3-bc73-b5d6dc81b0e3
af1dd48c-838b-4c32-9744-d60c0f963bd2,VISA,acc1418e-3f2c-4179-be19-2ac44258f161
47f00c56-6164-49ad-be58-dfdcf1fa4de2,PayPal,16fe0bdb-878b-4cf2-a1e2-a83f1bd2de75
0f874d57-6d18-4d65-b5ff-ed5333cfa0cd,VISA,87e0a614-15aa-4003-978a-fad621fac207
e469b187-7f1d-4e90-97fe-bdcfdf9c27bb,MC,c6ca3b8d-b71d-4da7-b17f-2926f7744304
863a1021-3651-4307-8f29-7a0097518af5,AmEx,4fe48ad3-75f0-4234-85fb-3222d81f70da
09cf35a1-b93a-4b19-adc9-050b4a56ce45,PayPal,63ca50bd-c831-46be-9337-d0cfc48aaf65
eb4a880e-cb50-497e-bc60-ec453284befd,VISA,5ed44df8-866c-497c-8776-c80d6cb4c1f4
b0370f63-a7df-4ac1-8e39-c126bd3e71cd,MC,d5000542-2bd2-4209-bd46-c2f7c5889a4b
fc3c8385-82a7-4939-9cc3-9f39255bb7f0,MC,3452f6bb-3c22-48a3-8a44-b7b9248ad066
7c9e0d8f-b858-4031-8689-423af707d2c3,AmEx,17cc0e09-1a02-421e-9b3a-21b4e203f141
a585d98c-c32a-47f1-8018-647c9aa37a69,MC,58ebbac2-31a6-44e5-a095-b081c8bf6e16
18164aa1-2824-4d29-9011-1f5c773fb54f,VISA,53b9f089-5f93-4196-9eb8-7cded7dc43cf
d031121b-4cf8-49b2-b5ea-cc8d2f766c06,Discover,5f21c5fe-98e5-4128-9d68-4ebf824dd763
a6b58b76-f44c-457d-8ff8-dc61a90cb7fe,VISA,e10f0af5-f930-4ba9-b036-5fb8fd688ae7
304dd3db-6307-4fcd-95cc-16288b1ecc02,MC,12b24ac4-5707-4024-b6dd-a0b7772406d1
6d623fd2-bdf3-4a18-ad60-736f63927958,MC,8b66fbbc-b15c-4af3-abe5-1129a32f37ca
aa368086-7fec-49b2-b1b7-1149447687ac,VISA,081c3791-050b-4518-bb6d-1a4fc4a9501a
aeb4833b-762d-423f-b523-3ddd5a61717d,MC,acf04adb-434c-46c0-8e5a-8f39a30fe4b2
4f958318-e917-43f1-9945-804bc5236f1f,MC,dc6c8e08-0c10-4b81-b4e0-8360c1c1b897
d6afad22-75fa-42cd-ae7f-c25815125a72,AmEx,fcfa1e1c-19bc-471e-ad0c-330698c3e4f3
5cfab1c5-5e48-462f-90a6-985e40dcff48,MC,30810ae7-4a21-44c9-abe8-a3aa53a34eca
0aa14656-12a7-4eb4-9a8a-ef9cb9c5fdb7,VISA,192fbc85-53da-4c56-a857-e5d3708c910d
8cf93faa-aecf-4732-b78c-c4fad6c5ea57,VISA,f69b0c91-791e-48cd-84b2-5496432d556d
2882f782-4804-443b-86d1-e36ccbef1df5,VISA,38bf4548-a5dd-41c9-8d4f-2a884be8885b
3f4c89aa-e4c0-4b83-9676-31fb1d3b119c,MC,8f26ac97-7e75-4a09-85f5-041c608dfced
c2e65ed7-16d8-40bf-8b22-41d7ace8dfc9,Discover,2b3f5872-2049-413c-92cf-a3f666b0dafd
cd46eeda-4dfb-481e-a3c7-92721603efbb,VISA,5f7555f3-517c-47d0-84dd-ae63acc7e8fc
21892081-0d04-48ed-8104-50ec083a27e3,MC,b44a0ff4-bf9c-4c4a-8e5e-9b6cb32e4f80
1b9f344e-67d2-49d6-94ed-c0b23ac76a38,Discover,f99be02d-1982-4c70-8832-6ef5eff15db4
450b065b-c669-41b3-ba61-6df6b7aabe50,MC,5089acea-899d-49e3-bdee-d62c0bcbd4e6
757c3182-4cd1-4428-9ef9-046fa4bd26e5,AmEx,c2f37091-9c49-4dd9-bb5e-ba3bf34f35a0
4c6ee170-a66d-4076-8218-df118501f053,MC,13e314d9-8d06-4f74-9d5d-ad4b22cad7ec
d9b366b9-e72e-4129-86c1-4d760e00c1f3,MC,2f769f7b-c94c-4a92-8c3a-93301af1afdd
6b1c72dc-f8ab-4134-a5a8-01fb8de5dc1d,PayPal,11945bb2-8fa4-4f54-8729-cfb72dbc2fa7
f13a2891-bb01-422b-a693-60c311590ece,VISA,c64844ad-18b9-4817-9511-970486eea9c2
08801879-e713-493a-833a-88c0f7df089f,AmEx,35380ab6-ae8a-4a2b-8e84-588dabf23aee
6cdcbbe9-10ff-4f14-a12b-984bd9fd3493,AmEx,034504c9-b2af-49df-8e9b-2e047776488d
1a11b096-1f8a-43fd-a22d-24bdcb39fedd,MC,7a07f212-f970-4bf5-b7da-7815517e00c9
cc3357d8-4762-4a24-bee1-7db5d53f813b,PayPal,4a96c0df-c9cc-401c-bb1e-cc2d625f318b
73fe4f6b-713e-4e47-be6d-183975393b6f,MC,cd5b3020-4810-464d-aa12-d6541a39a7f0
23a2d6e6-54a0-461e-a23d-18f350b0959e,VISA,3c2e44f1-712c-404d-b559-112d59f53bde
11fbee19-69bb-409e-9a34-3dcaedd1f8f8,AmEx,048c926f-a64b-4895-821f-ed70eefd337d
6d929afd-9f65-4703-b621-f1a417c10286,VISA,2c9c267c-03a7-438e-90eb-f5c041113997
cb10776f-1823-49c7-907f-4fc3c74a5087,Discover,d50400cd-1c0f-4234-9ca5-3e33eb5a0621
cb58c85c-9f7f-4c44-8a37-95b7fefca15e,VISA,6aeb7b5b-aa01-486b-aa80-12bf31b17497
683c1ef9-4614-4253-a8bc-d287ed291538,VISA,57bf9efc-039d-4809-8a7b-b50314cf92a0
4b4b9132-340c-42a5-a53b-9cf86ff5cac7,PayPal,e2719bbf-23a0-40c2-a938-29355d8ce004
b0a67cd8-2fca-468d-805e-27c5966e1cfb,PayPal,a6324d69-84e6-4ccc-9b9c-4fc4fe928078
40852d29-8d7d-467b-a12f-c77fda7855e4,AmEx,8a73c5b9-2034-48c5-ab87-8ee593d49872
35362965-eedd-4246-b106-2f3d935c564f,AmEx,0f755d34-3267-4a88-ac17-4f107452ba27
31b7653a-2285-4233-b125-c67dfe5e5cdf,Discover,8fec87e2-5219-4847-ac04-f39610faffd2
9dedb00f-594d-49dd-a9c7-166aaa0953e6,AmEx,2b865f22-e851-42a3-832d-21b221b090d7
c23929bf-7afd-4648-90cf-b81e011727de,Discover,d139e552-5587-422a-a787-719865769e28
a5d76034-64b7-4edf-8cd7-5c40e7cb7c95,MC,acf2d2d4-2c17-4dc7-a0ed-98d5a6ee2e96
0acc8581-ec60-469b-b3fd-1bd371219d23,VISA,b8cfee2f-93d8-4017-a845-d1c5363ff0dd
37bcca27-6b85-495c-b52d-c4947e12cdf6,VISA,02680034-c157-42a2-8e19-c0661d44efab
b1525b89-55a4-4e17-803e-6b67d54c0855,VISA,9f6f7170-240e-400a-a6f3-7007c4c0ce6c
82686c65-b384-4d7b-87db-e926f2987753,MC,ec18925e-a233-4c3c-b354-ee32c9512767
b73238d9-4a04-43e4-aa52-34cc589f9345,AmEx,5ecc5d9f-ed1a-4b82-bd99-88977ec727a1
55ecdf79-945c-47fb-93df-e0ae14cb5585,VISA,0f77ba8e-444d-43f0-a9fe-ee534b1fa39b
0b058c51-47c6-4835-afb6-54beb79bf39f,MC,2b64b7fc-4a3a-4c43-9bb5-e9dbd601b77d
bfefe095-6f36-418a-be67-4a80a907b70f,PayPal,01e5488e-a9c8-4d93-93ef-50439d4c5ecd
bfdfdb8f-d7fd-4705-ad2f-2253a7849351,VISA,5c715927-12dc-423c-a675-d92750378594
65c5f3ff-119b-4b7c-be58-d479f5258050,VISA,1696938a-7fd1-4d6e-aba7-f8a1b09060ea
d4ae24a6-ce2a-4428-bcf1-e40fe7582ca3,MC,7cd4e6fa-f22d-48b4-8744-7c1c63ee0303
05588324-1f6b-491d-b4ca-88e7e64d2d93,Discover,9f1ef14e-9fcd-44e3-b936-7bb9a1033b89
647496f1-a9cd-41a3-ade3-2ca97ef373c4,VISA,99a60629-ec9f-4b27-abe9-e4e481f375c9
7ae76cbd-019c-4b4c-a68f-3d2f6627b4b1,Discover,bff035b9-d3ec-4920-a49e-61d1891028d5
8c4ee6b1-5c08-4587-b6fe-7ad6bf50351c,MC,ee997ae0-175c-4165-86d0-dda9db5d95b6
ae8750de-4d5a-4416-bd46-d78b0b872763,AmEx,4ff0d4bf-dd10-41a8-a00a-0751839c1b6d
bc6c33d6-2154-46fa-8b8c-c0d97579e5ed,Discover,653f6f4f-0bdf-4382-86a7-cc70cad1091f
817fa0ce-434c-4344-9dd8-84718d7ed616,PayPal,c753f625-316e-4a5a-9946-4208b262b8a7
0e0bb75d-bcd4-408e-91e9-bdc6ed222473,MC,a7019901-df8b-4c27-9282-228251b6c9fa
2f0a7906-3f9a-4c1f-a52d-3de84a3a487a,VISA,3868f2fe-75a2-420f-85b8-3290c22cd3ad
8d3979e0-197f-481f-b333-3868efc078fd,VISA,125cc322-97ab-434b-943e-b8d348bc5cc2
3c93d775-777b-4c12-8f42-cf5746a47475,AmEx,8ec468ce-c35d-428e-87b8-5fd8a482301e
0b097fb1-8fb4-43d4-8c7c-b763597546b3,VISA,f677e313-90fc-4ee3-8b2f-8b735ea6a002
d966a0bc-fc7a-41f8-8d07-c74f98a5409f,MC,e55b7cc3-d1e2-4bc2-ad6e-3604993f5e9a
795e3bc4-008d-49f5-a2a7-ad95f3671f8b,VISA,796ed2ef-e952-42d4-a506-8f464352c7a3
1c9f0681-1e5d-4eb7-880e-1c899cea6c9a,Discover,87177bd4-9a21-4455-a9fa-f0d40caaafb5
cd66d67a-7b50-4417-8ee6-5c15361becfd,VISA,b8554b68-2749-4679-b2e9-99d33647628d
41b3fb13-d322-4ed8-a929-1829c32cf2bb,VISA,ace32892-9758-4b9b-add7-906945c584d3
13f6c02f-a1dd-4c78-900f-0d6575e39875,MC,a80d810b-7b4e-42b7-a1f5-ea6a9c67be1d
3874ffc1-5d88-4853-853e-6977b51fb36b,MC,29286231-91a4-47a9-afeb-d0dbe1dedac4
b8052c1a-ffe3-47ff-b1f7-5df9f4566615,MC,ecbabbac-d04f-4893-b703-1678c076bc06
d8b331d8-fac6-4a1a-a2f7-874c144ca611,AmEx,53dea012-9e18-48f5-a243-7c553ffd2990
aeebfdb2-24b7-442c-b848-51fa48231efb,VISA,a73b4ed0-b2c4-40a2-b7a3-725f6da94287
5e2b30de-be91-4177-bef4-e4d661a520ae,MC,81a631a2-e3e6-473f-ae93-362954031305
bf79820c-e6e1-49a5-b503-e98e5340ebe6,VISA,dbf76555-5962-4dc5-9b92-3cbd0e5b86dd
f94c20fd-0c51-4247-9ebe-897580bacfd3,AmEx,2392ef60-b01b-413b-9dea-4ed5e2bfc054
967c5dff-e6a6-4fef-90ee-e3a57220e4dc,MC,2b29b410-26fc-42a1-ac86-6cd62d1435f3
86ee3111-fc4e-410a-8293-f8dad2a9562c,VISA,88825ad8-b445-4669-b2c1-d5ba74c85198
82f76126-223c-41e9-a4aa-a447ab136b77,PayPal,31003a09-87c4-4b0f-9624-a9d8a8878aac
ffbb90a8-7c99-46bd-b487-b3180a37e7f6,VISA,03496876-affb-4331-bab4-b3de11672221
b14d8bfe-be53-490b-86a3-b6add5dde8e6,PayPal,62f030c3-3b81-4ed9-b6b5-6a52b9d01720
10fc6b3c-b636-4712-8239-729bf1878b81,VISA,2cf508e7-3cdf-489b-ad1a-1607e8b43e55
20d8a60e-14cb-44db-916e-e8ea7e86e3cc,VISA,f5035f58-e37f-43f4-8ab2-6586d9c0b25d
490014d4-f185-4cf8-8214-a55454f43625,VISA,a03b0d26-646f-41d4-bbf6-bf3b6ffcd899
58d9e459-a12b-4930-86cd-df219ad56468,AmEx,3224f79e-bd7b-4154-884d-56e14ce24662
54919b64-14cc-43d5-9996-365eb21d3894,VISA,a1be05e1-f44d-4f99-89f4-e16370a6c3c0
b2570493-35eb-4cf2-a0ee-8b81c4ad5867,PayPal,a2cfe720-9691-4629-9e2d-086b407ef566
17ac17bf-6719-43e4-a450-b29518683a54,MC,955a166b-4962-49a9-835f-4e404f0f4ef9
cf12609f-6c00-43d8-be4f-bc4c4cca73b2,MC,ec205430-d5b6-4065-8965-255b4655d4ec
46259565-0a17-4085-b432-daa96cdc30ce,VISA,cc2a9de8-4ee7-4fac-81c0-1d3eb2de7dc7
0a772145-da94-49ae-bf87-34b668bf9e69,Discover,61ef9b60-d20c-49bb-84af-42429b309d09
c3f9665c-1848-4847-a3d6-4d11a3bd7cf4,VISA,c99628f9-a977-43bd-bf6b-2cab843e7b43
d1e982e1-e055-43e1-98c2-e30d62c7b27f,VISA,43b4e6ee-fe5d-475d-ab06-6ab922d44f47
1216c28c-e854-4fb1-a0b8-dc3c3ee8ca7d,VISA,db8cb7be-cc57-470f-a32e-d6c0b463032b
ea2b65d7-3f84-4a69-b7e5-3c9b9d891d56,MC,81b5080c-4ec2-47b5-a343-4cdc117b79ae
671929f0-b9de-4f32-bbc2-0301be81aa49,AmEx,49ebf4c5-1920-4301-b81d-62439fb78831
332a3c3d-4a7e-40e8-b9d4-2cabca071ff7,Discover,cac2f9b3-12b2-4faf-826e-981f5ce32283
e50795f0-9d49-4a89-a258-29a1b61dd679,VISA,6b74334a-0c18-47f5-8035-a95f0f6e2f29
34724bfc-b2d1-4fb9-af06-81d222b33422,AmEx,b5c35880-f413-4d2e-aa46-d67065a91d59
6ff1c3ee-8ffa-4e78-9c96-d5fb3defd491,VISA,131068d2-73bf-4f34-bcb9-4e8bdf6901e6
5816aa69-19fd-4b6a-9a3e-0a494a75fc22,VISA,9c58663c-10f0-4a8d-bfb5-0df3fc792e47
b2933c2f-ee06-49eb-813f-7096cb93d0dc,AmEx,0a8e1e58-d74e-4504-8c3b-19751937050e
a99d2a9d-5a50-4a64-ab2f-8319e441ad08,AmEx,76598120-c5dc-44b2-aa76-80f8120b54be
a45b91b2-d509-43dc-b59f-99b387b11118,VISA,df009c99-95d1-442a-ab8b-4d1c58600e9d
76a291fc-c2b2-47e1-a386-f3fd20e70d99,AmEx,dabbc42e-4ee4-42e7-8aa3-fa3b606cf7a9
e8c896a7-3842-4428-8f95-ccf99007678a,AmEx,f8916904-6245-42a3-b2e0-a7c9e8c6623d
b3cfd973-1a23-462b-9f63-221bd552cc8f,AmEx,9997715d-f9ed-460d-bbc1-2db7a3608826
7176f540-2f24-40a4-8fae-7523dc3c9f2a,PayPal,ab90ada7-53ec-44c3-805a-cd5e55404b89
db73c02b-1454-4848-8621-eed887b80970,MC,5495ff12-6f22-42db-94c0-ffa688b675ac
795b24ac-bad1-4e49-a5cf-7b0f07b67b86,VISA,6c8962de-8f03-4073-bc2d-a05b5e16d8f7
5a43b125-ad3b-46c0-9ae8-9cccb7d0563e,AmEx,13bd604d-4e32-42ca-8706-342ac97a01fb
4f3aeb12-c1b8-4000-9d31-8dea296dbfcc,MC,d452246c-5c6a-4aca-a0a6-5692a700e7de
6a840bc0-4d49-4160-b213-d6b506728926,VISA,919bf78a-8cf5-4c41-9749-810320ed1864
b99eb440-a630-4cc1-aed6-ab85e2581282,VISA,cd6fa0c3-7d54-45a0-86b2-8f44f44105b7
6bf5e5f2-ae5d-490e-9573-c23824385e06,Discover,641780da-e4ad-4277-a074-4b4f6c2104fd
079d1dda-d88a-40d5-87b8-f86155dc1a0e,VISA,fa6bd6bd-3744-4555-a11c-f2ecd3db20e2
6b17ac1d-e1e0-4f2f-b848-c602b7a26819,MC,a7f63740-6cd9-452c-be8d-d71bb5c06041
1d95ede0-eb6b-4446-9af2-ec5e21f9e555,PayPal,837a73ce-a476-432d-bfd7-44cae070d76f
e480bb03-fadc-4029-8667-c81cf9ffbf60,MC,3f7bbce4-c3e4-49ab-9fa3-bd1b51057b6a
f3d3d255-ff9c-48c7-aa58-3e4828516e7b,VISA,781475c4-9b1f-4ea3-b963-7d38f6118041
d14286af-1952-4724-84b4-d16496e6c758,AmEx,c77599d9-6b6b-4663-8bc7-c990f43e373b
52e390ec-c314-4d20-bf2a-51c6beb8a6f7,MC,6994ba70-716e-4083-9685-695a86116458
e97130ca-165d-4400-8d0e-0f09648bcddc,VISA,997f94c7-547e-45ef-8b99-aed2e1c79de0
9c9ed7f2-1475-48c5-8bad-873fe95a6351,VISA,bdb4a59c-b4b2-4f5f-8fb6-f2103699fb15
cdc8d336-2d4b-4a1d-920f-2b0d0b3fe77d,VISA,ccc1babf-9fe2-4282-baf2-1459b2e6097d
042ff64c-9961-41e6-9e0a-15f5a09cff14,VISA,7c8ef199-b89b-4ee6-8977-54eae48a8486
6c3551b1-cd43-45dd-b60e-194ca90280ca,Discover,3aa8c07f-cb1a-4eb0-969f-a0a9d8bd4991
1cfa476c-ff5d-41f3-b55e-a87e5c71f822,AmEx,7fdecd4f-3b6a-418b-8ebd-9f9454262c47
abf413ed-1760-434c-bde5-2cde8c787ebc,Discover,025cd10a-c681-44e2-8f3e-32c8566ef009
d5dda925-934e-42f6-8316-9172f8d6d07c,Discover,dfcd5066-7f64-4a24-80a4-2ae0f051f388
6b3452dd-18c7-4256-97d6-b37b5cd774f0,VISA,f40c0a31-3a91-427e-9974-e3e115dffaf3
e1cc0915-1165-484b-84ac-2fc26f5c40b2,MC,739b5204-6961-4462-812f-ba0a46f3338f
65f0789c-c8de-4c03-8392-1fb8110a4b1c,VISA,85c50744-e522-40dd-aa21-a1264093a400
2b9b8c1b-1bd7-4558-b969-76c832890f47,VISA,3d20ff8d-5df7-4849-b310-eec41d27c5b3
56dc33a3-9b06-4fdf-8065-6e9f144243c8,MC,b0cab8b5-c683-4928-bb27-a335f195b38e
584f79b6-16c2-46a5-ac32-633886e88486,VISA,4c3dcc4a-7743-4a4e-8129-d8c91369d77f
00d0647f-bb50-4288-ade5-c7cc4d754f31,VISA,e08deff8-f7d7-439c-b69f-3ef9826b5f7e
533e67eb-29dc-44a5-ba46-ceeb31b6254c,AmEx,e170c452-0718-4c92-aa8d-654e20107ab8
b3f895c3-64c8-4e2c-8bf0-c524d0c93dc7,VISA,e712330c-d553-4ffd-a337-cbcfef0bb53d
ff834787-6931-4eca-a5cb-3a785bc08c24,AmEx,619bb222-3e9b-4619-90b0-b3ec97f1dd28
3bfc2260-f38b-43ce-aa61-eb61c8fb5fd0,VISA,d79f8804-bee8-41b8-aac3-f6cba2a424e0
f874aa31-2153-4508-ac9d-4414eacaefc8,PayPal,91a7c5c5-8bfd-4071-899a-903924b70b43
c90f013f-9b88-4364-ba88-1728c40547cc,VISA,6c9b91b0-76d0-4903-a6ec-db951d8a2c03
173d5ff3-cf25-4320-9020-3a5c39fb18c3,AmEx,97924b6d-641e-4224-b7e0-5b26135faf43
5beb5593-d4c2-498f-97c0-736691f04198,PayPal,1ee39dc6-cf0a-4125-85cb-45cc3004e0e2
37e7aa4e-57b4-4eaf-82bb-5eae2e9d3be0,MC,8862aef8-269a-4c95-bede-716998965144
7fbddda3-cea2-4671-89b7-092cf1b5370e,VISA,79ec5728-86c5-4b38-8b8c-5b11c04e3a24
ef5d8cef-fe8a-41dc-bb3e-738dc8a3d4bf,MC,3c374ed7-6bd3-42bb-8978-b83b10f26f72
6397ff96-87ae-40f0-be37-12d2cdf9be7a,Discover,76478568-26b4-475b-9b55-a0b3b417fe7f
8a795208-a8c8-4604-8aac-8971592c26cc,PayPal,fce44a37-d1a5-4032-a25e-c38341db22c4
a806d321-9816-42ec-90e7-4433ab660914,VISA,e187e4d7-9c10-467c-a276-e17f3a5a38bd
25a64a6e-7aa7-449a-b4e8-f74d3d78fca9,PayPal,0ef69902-8843-460f-9825-d24ca53a7800
4f4cb61f-1bc2-49ae-a516-07fe512727aa,PayPal,b00c1120-ca46-4bdc-813e-f215f8216dae
dd3e6224-c551-4662-acc0-bc2215b3be8a,VISA,8f0d9447-9e9f-4a44-be5b-2e55ec93a3b3
381b2054-7031-4269-96e9-3f7efd9144dc,MC,883c2b5c-fb71-4221-aeca-a2bec7fc36d0
96486f92-4836-49fe-a29a-61bcd98f618c,AmEx,364ad16d-d663-4d10-ae00-cd07f7668b42
0d850d2f-6525-47fc-a727-9f691040491e,Discover,ab03078a-f273-4f75-9e93-065b07b6c30e
b2828cfc-6c75-43f0-b886-0b831e5e1ab3,VISA,7a44a196-4d16-4e03-acae-b15cfd94a3e8
1e4df12b-63da-422b-ae9c-ed0bc0422580,Discover,65550a61-aa20-4eaf-a8c7-4a085f8d55d8
3aef0d47-6c98-4e75-b5bd-a24ca4014d78,VISA,adee5796-fb04-415e-8c45-f641a238c207
46e9ba67-aa34-42c9-bbbd-6579136f3e35,VISA,3fbad679-ec09-4be7-9e0b-79dceb21e87b
32dfd865-d439-4ac7-923c-13de3e73672e,MC,91b41a51-49b2-4014-bf54-5c73661c2a9b
62170fda-7d0d-403b-a772-3723f86c324a,MC,6f343d6c-6532-450a-a974-d31dfad0e5c7
92db340a-bdfc-4c22-a0b3-801bebc54d0a,Discover,1adf2ca6-aaf4-4c75-80a2-30e7f517b5b6
ef53a6a2-c7c2-4473-a8ca-7f378548276a,PayPal,7ae7eefb-c012-445c-bee1-2bd3d1afeddf
bdd13741-c4a7-4e21-8b08-1466cade998a,Discover,7ce90d88-240a-4952-a1cc-5ae56b2d5d6d
547529a2-7816-446a-88cd-e40e68c81930,MC,6fbb3423-5769-47cd-889f-7ba6a9f93d7a
e5c5229b-d0f9-4166-ba76-9222332a1a19,VISA,ceb8bf88-b165-4cc6-8cd9-8682df4c9e64
91cdb987-7ad6-45eb-b2e0-669531672698,VISA,5a3c9574-cb80-4eee-8564-1edd90d77c0f
9864943b-782e-4ee6-9731-7c42c25d8fb3,VISA,d8bde27a-a052-4673-9fe2-5d8dedf639e7
4d14cbe5-8649-4ffb-a7c7-910840cc6be4,VISA,bde6736b-06ec-4660-ab3b-10398f2a00f0
6208d1b4-4731-48aa-a4c5-1874d9081360,MC,89428454-f120-462a-a0c7-372297cbfc5b
5f62d3ba-68ee-4e08-b848-28f943b9af89,Discover,8f2a6e0e-2691-439d-b10c-ef9422e26f28
6fb4ac33-1586-4413-9e0c-3b9a387fcee8,PayPal,928169b8-5d82-49b1-ba1a-4fcc48876503
094cad21-4fcc-4376-be14-a7f05a40fb14,Discover,4360b9ee-4fc6-45cb-a914-bddc1429801c
ff5474d0-2b05-4d0f-8aff-24c5e13e2a48,MC,80181dee-f5ea-402e-b7d0-674900fed431
ca45e30c-705f-464e-8c2f-caa836855909,PayPal,ffba9cf7-d4b9-44f1-9929-200f30ec8559
3b1d3e5e-c1d4-4bea-a06d-5b8e6f892043,MC,992bddff-5c6a-48c6-879f-1823be633285
e152ed25-3037-4061-b6da-055656ff1da4,AmEx,a45bd7de-7df7-4ef8-8e2a-4a9f085e156f
b5b185ff-6901-4bb8-8945-236a03562937,VISA,6925897b-7841-4974-9501-d5ab4289aa66
5e063759-92d7-498d-9280-6ee8c11c720b,PayPal,1fea9955-b7d7-4b14-903f-1bdd2a53669d
01d027f0-2aba-458e-8dff-19d62c883ffe,Discover,0e2f5ef0-3ff8-433e-b0b8-e62484537711
b539113d-6cac-465f-a296-8f781ffefccb,MC,a7784fbc-524c-4be3-8458-a248d9e4d699
20f0960b-8e16-48a5-9d62-c9d9647dcd00,VISA,4f694397-d7e7-40aa-9081-18959fb2bef7
44677cc7-213a-44e1-82db-73a4e1323bae,VISA,fd66accb-242f-4cac-a93b-2906b07d8cca
94260dcf-079f-4700-b811-eafd89475b9a,MC,d591d2c4-2163-4484-94b0-1173f699c705
d782af66-cee3-4328-8723-f25a6a421c09,AmEx,0f1acd1e-1d70-4c1f-a995-1d6ff3847091
e6f7aa0f-3072-4861-af59-e511e96fb9c2,VISA,0bcce4c1-e65e-4742-945b-eabd04875d69
83a9e097-0fa4-4223-94b3-de265e6bfd8d,MC,f7d902df-98fa-4eb4-b6bb-4ee0e4c3e60c
54315a73-ca2e-4593-a8f5-2e8e9e549055,MC,86d82612-3aec-438f-92f1-75b6e534b099
75b9538f-4e6f-4e5f-9e3d-601bf73452d2,Discover,831eeb1b-9556-4827-a53d-4efae899a12f
f60281f3-073e-4252-98a8-a6c41a5e0a8a,MC,9acabe44-1e4a-40ee-86da-4b7f70de46a7
d48c0f0d-e174-4591-8c26-ab89a9d6544e,AmEx,fb59d6a7-6a11-449c-ac93-d3ef8de47373
19088c15-415d-4458-8d8d-ca3ac3045b29,MC,aab0c64e-e430-4a40-835d-413d312cbc2c
f2ca8156-f366-4135-ab72-7b129aac594d,MC,ccb70a63-7ac2-4b12-99b4-e42ea7d18c75
17ad4ef3-b28f-4afb-923a-4fe29b982045,VISA,67866d63-ae00-4fde-ba3d-c1abb0f79556
3fa30628-8fdf-4d6a-ad04-3a475a646833,AmEx,3b6c62da-eaf2-4d63-8845-46f1640486d3
5223463b-3fab-4ae8-9f52-d6519a301d34,AmEx,816d1f09-b5aa-44f0-8d8c-876fa51f4ada
1f5e2e0d-34e0-4031-8b80-43c5975487cc,AmEx,64b4fa72-ce63-44da-94f7-486ba773301d
0cafa0f7-2bf0-4830-bcbe-2cc4e7d32f4f,MC,2e18759c-1c67-4a80-bb6c-c0d0fe27aa49
adabba20-d9b1-4140-8665-1b578fc68f1f,MC,f53365b6-69c0-41c6-b7db-6b34aa66580e
37a2aa0e-7a6c-4e6e-ab6a-6fcb58b36ae9,AmEx,3014ffb0-ecd2-48aa-b77b-08185175758f
9c0af042-dea3-496b-8748-4f8affa1b97c,MC,11cf897f-a90c-45e6-a95d-fe44dbe77144
a664988d-cef1-480e-a320-d00bddb05213,MC,484ea3fc-e25c-47fb-ad04-bc290c86b525
42d8a3c4-9a38-4490-92a4-55e1e24fa43d,VISA,54c7dcf9-2fac-4af2-9f7e-8f60b9d8a41f
4b7b9ff3-26b2-4e63-8eff-90a99e2e3b77,VISA,e42011f5-fc0a-488d-9439-fdf18ddf6d8b
1bab144f-ba9a-4e46-9055-0c93fa69c26d,AmEx,82c97de1-da6e-4603-a1b0-712adbce66f7
741d5982-053a-40ca-a9bb-ae3d0965e1a4,VISA,7bfdbbc3-9ede-4e4a-8269-7cf4e4b19956
3051fabb-394d-4caf-a66d-945e7bf6f935,MC,0ecfe34a-74f8-46e1-b33e-f31bb32790da
2fec0b4f-76da-447a-ab1b-ce5273710f4f,PayPal,fa2c04e1-f242-4465-9c03-b8ef238b9eb0
46aaf2cc-57b5-4ac6-9670-45e60c194582,VISA,a445ea53-b9b4-4129-a9c6-d7ab3c5a1adb
03bdc49c-aeac-445f-b99b-d975f73f68a8,Discover,f24c4d0c-3b8b-4c47-935a-0748b0fc6104
626e463f-2d3e-4b07-9a72-c158e8e74554,VISA,1fb82585-f319-43ca-982e-e2e07de56351
9c3b0b0c-36e8-4d58-97fb-91aa862b1ad9,VISA,3cc2f285-a4a1-4b00-afd2-2e82a69f341c
ac4d8628-7988-434a-bfbb-2c7e7e955092,VISA,c7c1c47b-808a-4af7-944b-841cf9c0b462
c6b09773-63ac-4c98-a776-51fb723bf45f,AmEx,23cf2495-61a7-4d27-8f3e-86550a7f13ae
1b6c654e-218c-449d-ade6-3db936ebc062,MC,223d5c5e-326d-4e17-9a8c-0118a3aea53a
c2f15ae6-22aa-48d1-9586-455afc66c5ae,MC,fa7c32d7-18ba-4e05-9393-a948baa5dc31
9e8d92db-a593-4dbc-a9af-1dcc92cee0ec,VISA,0df7d1c8-0414-470d-94ff-1992444763ac
7c66218a-092c-43e6-887c-f9e57c1179a0,VISA,9129f25c-f75f-42c4-bb68-0a72b0e4401f
9361f37e-e822-4c7c-a570-d391543937fa,MC,1dae6c85-1333-4139-84bb-c44558450719
18bf949f-29b7-4a03-88b4-bc5dd880f7f2,VISA,228afabd-c3f3-4691-8e0c-d40385ce27ad
d7222bd3-726e-4349-9612-80739f2643cb,AmEx,427ef9d7-1a37-4bf9-af42-2b4969ebcbae
3255eacc-949e-4116-b75d-e0314925ea32,MC,430d8728-df80-4dc9-9d4f-10fbb68f455f
571df398-cb63-4737-a5f9-138e92894779,AmEx,90eff82c-7c83-462d-bd5f-6c8f4279b4c1
9dc34092-1632-422a-b5ea-8acde64da00d,MC,7977a9d8-f152-4745-87ab-6de4feb84da6
be228fbd-446f-41ae-aa78-7a739d5f0473,VISA,c3305c80-a2e8-46b0-84f3-e8fc2ec9f1fe
94b96130-c1a3-4342-b410-5e858267fd56,VISA,93e63cca-6e84-4eab-85fd-a4c74c396794
a08f9427-6e8d-478d-bf66-55715aaa0d59,PayPal,5f47c174-fe7d-4d0b-b968-9c4e1268642d
5e42af0b-8607-4cd7-9532-ad7845c9e94d,AmEx,7888712d-9cc0-4096-8ed7-22143aba324d
d8e56fe5-4d94-4182-b489-3db9e61cd2d2,Discover,96612a81-b5d3-4a48-a65a-e2b865b40700
d25c85a5-7ee1-404b-9793-df08c1f28b60,MC,c9b3925d-01d0-4594-a3d6-03a652ab022b
cc774eb3-cafc-4559-8047-d478f57ec890,PayPal,0143659e-381d-4c17-93a1-1a5689df1e4e
7304eaea-ff36-4fa4-a5ee-35d03c5792fe,AmEx,126482f5-4790-41f6-af18-e96c35993344
17ecc2d8-59b5-445c-b56f-d6f3805db131,AmEx,b54b7cc9-6992-4329-b76e-6124f26db3fc
d52ba885-1d48-482f-92fe-d9343c9aefe4,AmEx,b624f52a-be12-4885-85c4-37dd858de353
3708bcc0-cdf5-42f4-a0db-9d0a59c18395,Discover,a675c9ee-e22c-417e-a6df-1ac655d31627
37901b53-b98f-4c4c-8f95-28f4454ddc2c,VISA,66eb966d-f4ee-4bcd-9584-4a3ae7fd949e
8a34ba2f-498b-4abb-b70b-9996c4859086,Discover,63675ea2-45f8-4ea4-b7dd-c455714bdc95
a12321f9-a248-4986-b9ee-c2c22f1daa78,VISA,71d48bf7-8deb-43e9-833f-e93e8ac83629
47600c77-4c0d-4802-9924-4c308620b07d,VISA,c711bbaa-f4a4-40c3-a6cc-719867e7fbfc
33d5ac15-9161-41fb-a793-1267d4cf36c4,AmEx,357986e4-243b-4f32-8655-23c83ba01bc6
ee9b7626-b154-44e0-8473-556cba0be893,MC,54862e3c-eb63-4c5b-a15d-2fa2b8c2837d
762e0b79-b567-44d9-8425-66846d4075c9,PayPal,1488048e-b081-416d-b2d4-b9d9ba877d89
d7e49eea-a7d7-4f19-a85d-5daf186332a5,VISA,95c18204-5b39-41d9-b91d-c001345aae6a
5f7938c3-af2b-4bef-896f-426dfbfa9c39,VISA,444396eb-23c7-4560-8a72-059e15116a92
1a4572aa-c595-4046-be5c-429d6bb81f28,Discover,5b92d316-696a-4049-a74b-32d0c37c8dcd
a848f803-71f7-482f-82ee-657d950e5f28,Discover,e4991e27-930f-4be7-9f36-5881c384607e
69aa2b0d-0615-486c-9a9c-e9ec5141c6ce,VISA,fcb24dc6-9852-45a3-a3c1-52a758f68043
c6e384ee-ec4b-4405-9ad4-524a873b4b7e,MC,0024e57e-e8c1-4c86-afae-f301d1b75a50
9cf27cec-5aa9-40f4-91dc-dc3623910cf1,VISA,9009dd16-3ea8-47f0-9fbb-cf6bc2642621
997b7966-a4d5-4e8c-9fbe-a3a6de734863,Discover,f0bad5cb-580c-4339-b665-0b648fb3a448
ca9602d7-492b-4fcc-a700-4a0a3c611937,VISA,c202509d-4b9f-4dd9-92e5-e3fc2ca91bd5
524a278c-02b4-4646-9de4-4d2dcde6008e,VISA,6cd174fa-ba2e-4d51-aaf7-b8b1c6163c4b
90c66872-cc2d-48f7-b99b-12971a278b80,MC,86d19d66-f55a-4c52-b0fc-a1932433ba4b
c8db6f87-79ba-43dd-a55a-2b64ad1669b2,MC,ac6148d2-baee-4f60-ad16-3361f44d653a
853c9525-9b28-4d13-b4f9-88509b97adfe,MC,3b5f8f4a-2891-4414-b7b9-b4efbbede4f6
433f3010-d57d-419d-a8a0-d3e4bec4f947,VISA,153673a4-3657-48a3-93c0-5584ba2a1e27
7c5b02f3-dedc-47d5-b1b2-07c02f8f10a7,VISA,46a5c5c5-155f-4f54-b528-27e05cf29d5e
6bfdf039-5746-4c85-9c2e-5c2c3db53390,PayPal,03405a4e-9901-4975-9749-dbfe7a2305f5
d0dd24d1-11d9-420d-81b5-394302556581,VISA,6cdc53bd-f9cb-4a21-8a77-bf8f9206fb52
3bd107b8-c6f6-47ff-b07d-8e07b784def9,PayPal,e4ff81f7-20f5-4a39-94de-19a6a9b4138f
234a9118-4b78-4984-8f93-581209b4107b,Discover,ed146be2-1a8b-453b-92c4-f4ea4cf56d47
f60d7827-cf9f-4c15-a39d-0e5b7ceb6dbe,AmEx,a44d6283-ca7a-42cf-a789-e3ca9c7bf9f3
5d9877c3-4140-45b6-a9d6-cf75f0657700,MC,790ef42d-76db-45a6-8c14-b60c66e807e1
717a7617-cbe0-4727-8720-c31dac01ca50,VISA,92d46368-5384-4566-8ec9-f2a898fea2c8
22283ac0-34ad-40e6-a81c-dafa1b0a66ad,MC,b0398c0f-6fd1-4f9e-b4f9-074ceba8b6ff
374d409d-b39a-4228-99ab-796870dccb64,MC,81d47161-40b3-46c4-922c-6f9db75e4ea0
34c4618b-ab9a-4494-9d8d-55d85a4f5de7,AmEx,e8318872-1658-4829-960e-0640e48e06f6
091ea11e-2d9f-4c99-b2f8-d8b647cc1a69,VISA,1e6079bb-4387-4ff3-9594-68fcea0a8d9e
d032ee78-46b6-49f7-8aaa-296d0b0271a7,VISA,4df67a52-a677-4f37-be22-d1598fb60054
0541b1c2-0b9a-4bb8-a8db-b4b615f40172,MC,3265d95d-e6fa-4d99-b6cd-f76a4a736fe2
2c5af575-680f-4346-96be-8212f6f6b3f8,AmEx,361b68e5-4c99-49b6-bec6-5e839d5f8dcc
e5dec4b1-acf1-4170-82a1-ba93b3ccabdb,VISA,f12957d5-bf04-440a-b9f4-03f7f39b4b2b
b02d9cf1-3ca5-4466-8ab9-26f9d8c5e515,MC,5321b579-368b-4cd2-b8ad-92eba1987882
e3f39053-d7cc-4f0e-ac14-43a5586f8d72,VISA,8a2cc564-5e1a-468a-a45a-8af0c434cb43
bbbc7612-7a2d-4866-b00e-55a1c26a0fb8,MC,d69dc231-ad31-42fc-ae9f-ddf86d589457
ad3cba08-5457-4a9a-9731-008a09f52b52,MC,e8123a72-ac1c-4f40-beab-be00ad2bf34e
4e886852-636a-48a7-8679-ff23da248baa,VISA,3a154f9d-443e-4fae-a3c4-4452abd5f1bb
f9fb194d-f3a3-4f71-97f9-bd17268f0b70,PayPal,d6f8ee2e-910d-4e80-a815-d2dfb5dd878f
72306444-a67c-45cc-8e1f-66a163877cc2,Discover,b368f8f9-9255-4d36-b99e-26f34bc14894
7374a36e-9a90-4850-a974-577c1a2343b3,VISA,2bf318bb-cd5b-4da2-b411-b21e1622dcc8
49cdf6cc-ec86-4222-9123-cb9453545c63,PayPal,ceba1eb0-9ca2-40e7-91e9-6ab21e58c5a2
5eccf1a3-147f-406c-8986-ff365ec8f7b1,VISA,0d8c4302-a002-40b9-a76d-8b1d472a4617
7645e51a-64c2-4bb4-9d1c-61b06dfec636,MC,6216f41e-6271-4e2e-a9ae-07d54999a809
f3e85ed3-dee9-4cbf-9247-ed7b2e26d004,Discover,16755827-f9bd-4620-a9fe-d8fbf0c3bf94
a9418f5a-67d8-4f0a-98e5-179acb6c779e,AmEx,9ac065c1-c2e6-4b0c-802e-7dfe2c4aede1
5267472f-1545-48ec-acfd-4704fdc47676,VISA,57b266c0-5ae6-42ba-a906-e035984957dc
eeced96e-1162-4c58-95ed-e38169d4143a,VISA,926cc821-e787-4589-add1-eb2a5297f550
3f3ebf78-cc72-487b-ba79-b8a2017121c9,MC,c8d04f29-1aa0-4eb3-9450-b6484bcbb39f
2f728ccb-d8ac-4b82-9cac-582bfe4e2cda,VISA,010bd5ca-2760-4015-a598-37c62097322e
b0b8fe65-9c09-4e7b-b3f5-bcff5ffb50b8,VISA,08691bdf-d32f-4fa8-bb92-455d3b091db1
8beb4538-3b46-4fea-946a-3c79afb9c55b,MC,85de56aa-b636-4c29-bd11-c9c8302e77c7
0f297ccb-68df-46b2-8ece-32ec50407d83,AmEx,c7c4942e-926c-4b6c-a17e-63beaef1ecad
6ac49116-5391-4f59-915f-9662b6274194,VISA,879a831b-9946-4e07-952c-729b0278dbf3
e9338430-8aa8-4631-8039-bef9aca1d363,PayPal,fe2c2065-87a5-4354-8b47-855702c46f3e
6818876f-7616-452d-b660-aecc6339eac6,PayPal,5e3972bf-9bed-4f5a-a77e-0a7e690d1725
4f3476a5-1bd6-4dfb-8b93-c3225562e23a,MC,7c5ab7b8-c4fe-404b-9b22-f3531e7ed9f1
1b3172c4-9f38-4ed2-8ad9-c88a340104cd,MC,64427849-f457-464f-8faa-d5f3dbe6132d
d2fc942b-bdc6-448d-806c-e0860019eec0,VISA,6253ea8c-b65f-45b8-8a56-a13399e66377
d60513a4-e61a-41bf-b522-210d83dedf88,MC,20cf6f5e-a1e7-4e9e-970a-482d7d2b1aa6
c68eec8b-d748-4af3-b9a6-57e4a6ec77cc,VISA,f6da393a-e684-41c3-9992-f94514874a7e
8c60505d-9c7d-4d90-9517-97bda5b7833c,VISA,23407acb-f685-4daf-8408-4fe2d6efdf14
b3f52c00-41d1-454a-aae4-41765b612103,MC,b7591613-7ad6-4f70-80b2-3e505593aab9
f8d2a63a-df45-43b0-9a7c-24b9f3ec661e,PayPal,646669fa-21a9-432d-8237-fb3c50a7f3b4
f6ef8131-e053-41c2-b475-2979e225eddc,MC,afc6284b-811d-40e3-a87a-364833b45b87
e899b165-5fb0-4255-8958-43ef0fc6e46c,PayPal,8c75c629-8c92-4d20-b4f7-7e9aef87ee66
2e9fc732-ef04-4196-ae49-a93abd6afdb3,VISA,fcb73d9b-657d-41d1-affb-574e5c81f490
6b2e3678-614a-4d22-a4ba-06727fa41a84,AmEx,d5c6f67c-2e52-4865-80fc-0214e92575f0
7c1dc7c3-d369-46ab-a2a0-6ba44b06ad34,VISA,c78e14bc-49bc-46f3-a0e1-be709da4e0fe
61175b9c-5131-485f-9d6d-5cd00d16747b,PayPal,d8260883-954d-4284-9579-3f89c773647d
161325fc-a782-433e-9980-f5dad32197c5,VISA,8860bcb0-9202-4a92-b4a3-dfd781c87f48
8f66d666-d7bb-4221-b719-ef2f5e4f9ad2,MC,88939725-bea9-48b4-aa49-f6d3d7ae0245
908b31b0-f657-4806-b3a2-bfb052d250ca,VISA,33a3ea75-7f3f-43a8-a0c2-c03a1cc95a2b
5d33d22d-c128-43a7-8848-e9a093edf979,Discover,c217a310-61c9-4b66-b68c-f5f23ee670b1
d307b463-392a-4ac5-8b7a-5d1b03f97e82,VISA,0c123572-02b5-4cae-a3de-080bbe5b67db
517ff1de-8ede-415d-9f32-adb55008bfcc,MC,20346ced-a3d4-4c80-8354-b021ef36607f
985606e3-b5f7-42ba-bde5-153cd7247563,MC,16c99962-47eb-4939-a7e7-69013e060ddf
246faee8-6616-4514-8e4c-6b77557a3b19,AmEx,ba29e2aa-6c78-4473-8521-fdb8db0b6f92
74d2f2a9-c1b3-4884-b312-a227c8f41443,PayPal,aff64fe6-d4ed-406c-a143-2386bab1ab47
877a4fe6-5791-4b3c-b9a9-2d162ecb8a70,MC,6172d885-2893-40c5-be41-a8e1cb39fd23
bbe16ba0-ec10-4c76-ae6e-5391105b7a4e,Discover,3ff6048c-67ed-45bb-b006-e3851ae496ba
c1ea7fe0-e4d5-4e42-9e36-dabc5d94fd8b,MC,5d0c76ad-f734-49f4-83e7-c43f2c028db0
ebf2542d-e1d1-43c3-b9e4-52ce8717d8b5,MC,e831d682-d968-4381-a497-e259570bb3d0
7577b749-7640-4093-8c93-acda9b04ed55,VISA,ad7ac3bf-2617-4741-9250-49e889730ad1
979453aa-0e8f-4cd4-a677-16dc9a549a78,MC,72a7c02a-9e1d-4bb5-a0fa-fd9129642eb6
4d9d8032-5683-468f-9a74-d2786f79081b,VISA,a53de9ab-f342-42a7-98ce-6d7afb6adb93
053834b1-dd3b-44c7-be4d-e6bea6e263c1,VISA,e8e55ecd-36fe-4f79-9b37-8139db3c36c5
6a30bdb5-ec84-4510-87e2-d3412e4dac3b,VISA,206ed19d-56fd-44f6-b15b-a90c37078afb
1d4e9134-8235-4451-9301-8d0ffc20db59,VISA,53864cf4-8b37-4259-a0bb-cdf2553d43d3
d2bdd7db-7ede-4308-8984-35e8fa9a2d5f,VISA,2d273e6c-6ee4-429a-8695-27ba3d61a873
2bc60eaa-90e2-44a2-b616-2d5ae522a913,VISA,d9126800-35f0-42a6-bacc-38bbde5c62c4
d5e49874-7910-431a-8f3f-85482948dabe,Discover,07343158-d103-40df-a247-a00c521f14d6
e913eaac-2634-44bb-8983-06dc7884335b,MC,343bdb61-2b17-467e-b150-4a4f702de267
a9be5042-718f-4bc1-8b0b-b5cb463aff10,PayPal,0431f47c-91b1-419b-8962-62677ee03ed3
281d4b56-56ec-43ae-859c-3ab8474bf911,AmEx,79665f63-5066-473b-b87e-a6a400d58f64
d4494e73-ad92-4e79-b78e-ed115a86fac7,MC,a16e28bd-0078-4ca7-acd9-3e7a00bb3f87
5db3ef3f-5541-45c6-ac78-f6e374d954f7,VISA,f379a2a9-8761-4864-8392-e57336f831ab
7774ddec-1a22-420f-993c-5ddc8efa18f2,MC,6f27e6e4-2027-44a2-8050-f870644b95be
e11b885f-41f5-4c3c-989e-2feddca7f90c,MC,26fdda34-5954-4378-b190-fe0c7e866da6
4f35b98c-5803-48b5-832a-7c808382f7e4,MC,55a78c30-fa73-4ab5-8357-dbe2c5f7405b
c7bbdb1e-79f4-4081-8d78-b0f637774608,VISA,61ffee3b-4adb-4500-b3af-b1ef1629bd5e
2d328619-6860-4abf-ac9c-ec9edcc52aeb,VISA,438d4551-b129-41b2-9906-1e483fe7684c
a8c895f1-834b-4a1b-a106-922620bd6d49,Discover,93fcc216-f82c-442b-a8b5-df0bc232e840
54ea49d7-6716-4ea1-9221-8a7dbe4dc424,Discover,3c394b15-bb8c-4fef-8d4e-c00830050d89
2a7cde35-63c1-46b9-b65b-3eda2ce4eb85,AmEx,1d97d73c-881b-4a75-9769-c827791e716b
e34f42a8-cebc-4129-aac7-ba3849c5c9ae,AmEx,5da49beb-3be9-4e66-aae1-22b11bb81ab4
dfebec40-cbbf-46c1-ad4d-56ea3513041d,VISA,91c6f47f-c8d4-4716-95db-bb45ef5a22ac
a906111e-eb4b-47c9-ac37-72e07dee8175,MC,5a49125e-49ab-44f2-9719-0ec2581d8ac3
555d3850-c14e-4432-81bf-f84f1cfa6adc,VISA,0e4dabdb-2eb2-4d23-bb33-5fa9bdf17732
9d589454-80dd-423a-b39e-caed2ab86cf6,Discover,0702d192-1ab2-415d-a332-d887d2379f9c
50aa3d5d-3886-48db-a868-e53b9d67eb61,VISA,003b1530-827d-40a1-a574-fb7c8b280ae2
d8a86984-9e1c-4d43-aec7-95b2e45a588e,PayPal,b373ecc7-2077-4718-9b49-e233ebebb9e3
140ceff0-5bc6-4c28-af5c-66e1bdf47650,AmEx,8bbf8cd2-1e76-43d6-8eec-048dda9698bf
729f30ca-38c3-4bda-b33b-a49078cbd98a,Discover,b298dbc4-8540-4b40-9f57-f0335823e235
63a13e05-04a0-45f7-9d27-6d60a5a6fb22,PayPal,1d04a796-c077-4a79-9490-eb830601849a
8dd27c60-2f5d-49ba-b7b0-2808ea228b31,AmEx,90287c0f-7f7e-4787-9c57-00cbb69a9a32
d243308d-e923-48b8-b3d8-6b7b351b2325,VISA,5954bd1c-970d-4a26-b579-ae33d0cebf6b
5ab62b35-a9ac-4003-bd4a-60dc89979ac5,VISA,b7be9eae-9757-4ff4-93b7-63847a25faf7
bbf03add-2b44-4965-a8ef-b71b36c75850,PayPal,e53985c3-8119-417b-845b-fa8bfaf84343
20c08b4a-7d8c-4d77-b34e-321705c70499,VISA,505535d9-b901-4604-aa0e-81aea985496b
1f582ce2-d5be-4138-ab72-b92cfad3eaf9,Discover,78b7429a-d678-459f-9a36-d10a3d9df1bc
b7ceb570-e834-4c06-9e22-98996d101d15,MC,78f3eef2-86c8-4be2-8bc2-2a40fcf9c524
7026bac2-8675-49d3-bd42-793fcf5e93ed,MC,a7687828-4f83-4d68-8b3f-1aa85ed78d10
4dfd2c70-c476-4e57-aea1-6607fdd7ddbe,VISA,837aba87-9d73-49d8-86c3-2271ddb082b1
fc83aed8-53bb-48d5-9545-1da0554281a4,MC,91ee67b4-606f-447e-b5f1-415742cee2da
79c6e21f-f1ac-4274-8453-e4254434099e,MC,bdcfef02-02ec-4521-873e-e003df0d0891
0b41cb27-e744-4ccc-975d-e76b85a029ca,MC,aea46d89-f03b-450e-a4e3-9ac01a27065a
a464ded3-e90a-4fdd-93bf-ac3ca60c42dc,VISA,1a51ea7d-892f-41ee-81d6-4e2373f4f444
256cb728-e0ef-4bbf-8c68-3992aa3e1757,Discover,510935ed-0b03-449a-8a0b-910a4ec253b3
35809859-7a3b-4d4f-85f3-694ddce8c1e7,MC,8596357c-8a5d-4cae-9bb4-f28c955313e4
6a425948-40f4-48f5-8077-00fae0ad34fe,PayPal,41f0291e-43e7-48e1-9309-e5efd91db7ad
02a5511d-24f1-4925-beaa-b29f1bf6643b,VISA,2b010249-56e4-497a-9312-ebdf96f2d526
4c96f463-55bc-4ae5-94c8-2c8eaec812f2,VISA,9efa1f50-5508-452b-a9b4-c65734196793
bfef9364-f152-4b2e-8d55-f4925702e127,MC,8aef651c-6f6b-4658-9406-8fe94fe3437c
e53c5742-f53b-4fea-8b25-10c0c606f4a8,AmEx,09844cf1-f493-4b79-9612-c6cd07aebc0d
0f46e821-8d30-4fbf-9180-779554bac719,VISA,0d6cf027-467b-4021-bdea-3dbaef0b071a
b79786a5-ff16-4bac-a71d-06a4e57d38bf,AmEx,4909e897-3352-46cf-b022-53a15f2ac5d2
6652153b-c541-4e51-ab18-a94dbe2b30b0,MC,92b14f98-63e5-49f2-bb07-4ba0c91d23ff
09ba107c-242d-4255-81e0-42896784ff98,PayPal,27756975-ee17-47e9-83f0-8a9e105c43e1
f1a7934d-cbd8-43f2-a349-5e25e138530d,MC,ae3504d9-e9dd-4d5c-a26e-57fccadfd313
8f16fdeb-1f75-462e-a6f5-dde3c90f6fe9,PayPal,52fdf204-381f-4d58-98c5-e38b45da5b6b
ba6955cc-9156-4748-adb7-22b33b4b48cc,VISA,d8426e04-edf0-4cd1-8915-bfb6deedb7a4
884c2596-cbf5-4dc2-bbca-fea33ffab166,VISA,44f7b88f-d239-4f99-9b46-897948b5d1e6
fa5b8033-d643-44e6-bd48-d8a5fcba9b86,VISA,515bfad5-b2b7-4d13-9c39-27634a604196
d17dd060-be23-4857-aad0-3c43a55be420,VISA,62836954-2805-4b6c-b5c0-8562cf20747b
2f34af51-44b5-45e1-91dd-ab523e685c40,Discover,a8942cfc-b98f-47d4-b250-7ef5825b9803
c87af8af-3064-4d7c-b9f2-adda52d61e27,Discover,3e63f447-7e8e-4e20-9ea4-b3de63e3193e
69d83dd4-4bb2-4ca6-8384-7f583a15b54e,PayPal,4c05206d-5f1a-4947-8d2a-b617785375fa
fc7f6796-5437-4000-bb71-86182ed91c84,VISA,69292c97-95da-4bbb-88e1-dfd5bb0e91d8
2b8a1c7c-b537-4465-92cf-49f15a3a8038,MC,3d2c55ac-8fb4-4cdd-8991-452226198335
80ff5017-f116-4595-8eda-e0baa82b3e76,AmEx,fbfbc8f8-0111-46c2-b87d-6f43d141e154
8a743ce1-7afc-4276-a809-78097d823577,VISA,42a76283-4c7c-4b02-8c97-b699c5b8f46c
f093ec6e-8a67-45b7-ad2d-88dac8af37d2,AmEx,8a58803c-1d37-4b35-a214-422d147d1741
68f8269b-fc1b-4253-8a13-8a3dda13db99,AmEx,29d1ae92-f2a1-4a14-94c0-4a15035d4dcb
c8438c8a-a879-4aa0-8e68-760f032989a9,MC,3c612b67-d34d-4f91-9ac7-888271f5bdb0
d6d5d297-ff04-45f4-b07a-cf6ccab76742,VISA,b6e0d57b-b7a5-4a2f-827f-a2a7a62f1a12
caaad5fd-3d9e-43cb-a0c9-2a0688fefc0f,Discover,90cc8257-9628-4be6-84fd-ad5cae52e375
16ff9693-0475-4f83-b9c0-7931cd491834,VISA,de6c6ac0-aa6f-4fb1-9e40-87b5f061b217
70d6a295-a9c0-4958-8335-aa07f87c12e5,AmEx,6b9adba3-9dab-4fec-a466-17f175c1a9e5
e14c5515-d6b6-497d-bd49-f970470fe06c,AmEx,988ab425-ef6c-481f-8163-140af897666f
0efdc773-adb1-4b93-8d7c-78977bc66e82,PayPal,7b543c0a-7dfa-4ebb-90b9-badf6f403ca6
a10cdffe-42ce-45e8-83ce-88f16ce37fa8,MC,1f80ab92-16c9-4bc6-bc94-474948803e1e
6336fcf7-dee7-4dfc-b252-96917c69578e,VISA,2c66512a-5404-4347-91cd-9ddb6da4125b
f5c55bd6-6c0d-44ae-a16c-e387009b0be4,VISA,f8ffa5c6-7187-47cc-ad61-c7e5632b12bc
75886785-9706-433b-8626-dcf5752067f5,MC,37d7e24d-208f-4505-804f-188b301d9bd9
764f0692-415b-4fd1-8b2a-9ff60d1c30ae,VISA,1a742c6e-1ea6-4b74-8fca-d1b5087bc5b4
cf085805-4683-4a64-9c36-c9bd9f16f41a,VISA,b8e4de1a-22a8-4c5e-8d4e-ff720e84b287
5a5d40e2-2285-4117-be44-a8b7a0a385da,PayPal,a1b8b040-f395-4d36-9cc2-a9c47fcaf0b1
8ecfe94f-4a33-4f1d-aaf2-361fe7c3813c,PayPal,89748ed8-87a9-465b-ac60-9312988fbb94
70c01335-fe9a-41f0-9ad6-d219699e3729,VISA,71d7f28f-1836-4476-a127-4999de42f384
c30c61ba-d3c5-4717-b6f4-8092a022ebe2,AmEx,4a64d8a8-3534-40ce-ae38-6ae03e5eedad
f18ed775-b11e-492b-804f-8ecbaaeb61fc,AmEx,9ac8d1c6-62c4-4915-ae40-8952be93fde4
a89866c3-e1d7-4e49-9d0a-def4c4c6ed96,MC,6c6d6592-6937-44ce-aeae-cd8f7179b6d1
e09fa198-031f-41f2-9923-8264ab50f7e5,VISA,4f4ac7e3-eeb1-438e-bfda-0e7de2d3bbf3
06b89a18-2bc3-4fa9-804e-26c659893282,MC,83adf33c-ec1d-4072-85b8-f6f1a5ad6bf0
472dd857-a73a-4881-bc74-62d2fd94deca,PayPal,023c2bf1-9cbd-4356-9ce5-5b999fcdb871
ab68fe8d-a831-4b92-b99e-4985cb4bb39d,Discover,5a4d6ce9-701b-4b03-9a90-f5655f9493dd
de873d18-a354-4e88-97ad-4e2147824b64,MC,1f6e289f-dde6-4373-871e-26721489df29
a467c500-e238-40df-8f16-a02b8f352505,MC,3672f58c-bc9f-4887-ade8-0c529259bc51
10472daf-a815-4a0b-b270-e9984286a61b,PayPal,451de5f7-14f0-4a1f-9540-d94a23357092
358ea105-179d-4c9b-a8e3-b7b4b6552b8f,VISA,f71baa26-9406-4583-83a4-211a650e4cc6
3115a8a6-2afd-4df7-8f6e-e67b5cf42285,MC,e0839d32-320e-44eb-a20e-ed58f7590c85
40389c08-0c5d-4699-803b-30d1c3faa62f,VISA,f441aea9-878f-43e6-9605-82d8b39f18b5
f13e2510-ead5-4b8c-be54-ff9e81b35868,VISA,84140f1c-600d-4b9e-b3f0-9563eb63ca94
abafbe98-90a0-4741-be52-a23f461ac848,VISA,c689a999-5aca-41c1-acc0-ddec3df024ec
ee9819c3-19b7-4c61-9631-c5387a90d9cf,AmEx,9ba2bd90-3889-4b58-8a6c-5dcc4f4f2129
efc74671-68d0-4c8b-84b8-48257383972b,Discover,a0928dd1-796e-4b3f-ac13-5aadff0f1408
a6b3d93e-666f-4c1d-81c2-c59916c45d2b,AmEx,e11ba348-6298-493c-b146-da6ebe1dd210
3d23483c-6db2-4c74-8c20-c19d09600020,AmEx,0b2e8f0c-fe05-4286-92e9-9b4b387b02f2
72da1395-a7a1-4a01-bcc5-d55230488fd2,VISA,87f8cedf-1693-43bd-ad1c-b5889c2beaf7
fa795e8d-9b2e-4c32-81a7-54b4b8534512,VISA,2f83cb8f-a8e8-4151-b752-71393a014193
2fbacb21-627b-4b7f-bc51-f57a933b98aa,MC,325e218d-1d8c-43bb-9ed2-36166092c97e
40dbcc71-dbf7-4fda-9992-195f4b838699,PayPal,81a4b5a8-c5cd-4f46-bf0b-e1f6a21585ac
6a77d1ed-3fc5-4ac5-90a0-303af87d9e1d,MC,d17e75da-8780-4185-a0a1-7a72f603e357
f95ffcd9-ab42-4121-9186-b15ea29e98f0,VISA,e9714faf-8609-4346-a631-db803f9cc6c0
d1cdbe13-a53e-4aa2-b4de-3214d55fd888,Discover,06be03fe-2733-470b-b30b-e7f2e20bb48f
7c6ae189-7001-48e3-961f-6c69bdd71773,AmEx,d09f3bf3-cb16-4c8f-af55-ddb17dc6a5bf
d10797b4-9d9c-428c-9047-ec96918bd74e,MC,e8166796-f822-439c-8bcb-33bdf4d68e07
ac16c9e2-5ff3-412d-9495-a4d668008c94,VISA,4f146b29-a4aa-4e0b-898b-1b41287dcf19
d9b21bf8-8101-42d6-a5e8-6c5987073663,VISA,a845cb9f-e8a7-4a0c-beaf-731f7563b4f4
9fbe6690-f678-42c5-b492-ee3d8fa4fea5,MC,70aaa9d4-b7a0-48bf-a306-823fbc7d5494
63d726a0-4d61-469f-8e6d-0a8090032b0c,MC,685e29d4-2495-459e-b556-38fa703d07ed
86fd5dc7-6852-49d9-9297-0aef3b1cc92c,Discover,bf87e3a6-5ff9-462a-9750-15bdc84d6f51
c4f99087-a305-41f6-905d-c6acc487de6d,MC,04fbb5f6-8e8f-440a-a9d3-67f1e96f94c8
5c90a43d-94c4-4ca6-b110-a9c53cc4a2bd,MC,eac66d16-0df2-4d2d-b761-0b4c4c8d0ef4
ec2aa225-9e76-4915-b071-280601c3739e,MC,2a474117-0828-4a2a-8300-fa7e41b68337
7a0d8bde-7059-4142-b1cf-27bb145e5b3d,PayPal,65be9e7c-54d0-4f6f-87df-a155baddddcc
8faa22ee-93c2-4f2a-ab11-ef2bd762039f,VISA,cc48a042-55a2-43c5-847e-6423ca342fca
396eb3e4-ef1c-4aac-b69a-08d6bb0cb689,Discover,58d95738-bcb6-442e-841f-c22b4767a969
31d00d88-7896-4225-8286-0ec8446dfa74,MC,175f6816-d7b4-4d39-868b-66c74da9d334
c9753d2f-ca53-4c71-affc-0e51395316d2,VISA,a4533bf0-9f00-4fdf-9a77-8b24f761b050
8a89acbb-f93d-4055-b129-61a3b33694db,VISA,ed03e79d-c021-468f-b085-1fb156ed010e
a1b2ae8c-53bb-4179-9920-55efcf048059,VISA,bb365c31-e079-442f-be46-6f905922a61a
201b3638-37f3-4fbe-9266-67dbe061046c,AmEx,cd6ee0bf-f76f-4098-9729-d08bbe6d83da
894bd323-b710-4af5-b9a1-7fbf587bd5ec,VISA,597d7369-31e5-4faa-8f65-992126d4d868
6228c582-1d2a-4d9c-adb3-412644b5d5a0,Discover,e1446805-28bc-414e-a180-802ccf76c8a2
63a0405a-edac-4952-b749-ce24f34d6c95,VISA,7120cc9f-8157-4952-8f21-4e7db450c2d4
d9213303-b4e4-40d1-86a7-0e1230f4e5eb,VISA,f731038b-6209-41dd-8134-49c73caf1514
4cf0a582-a54f-4951-b22c-814bdb1a71ac,Discover,eefb1858-b34f-432b-bc98-1707e9e8124c
eeec5fa4-f1f0-476b-8e60-1881839c3621,VISA,dcc7d147-350a-4072-affb-63234b4c0f2b
737f10fc-f277-4da9-b451-58f147555c48,MC,6fa429bd-95c4-4f9e-9f33-db78fd17d245
7588c247-2e4e-47c1-a41a-6ede4c8c7d1b,VISA,e4691bed-6a97-42fc-a762-ec1531678eee
6cce0420-82e1-47e1-849c-940235ee4e7b,MC,009f4cc0-3efd-4b79-a3a3-f181fbedbbd3
26a3dbee-42a1-4539-b599-c7db799b2a6b,VISA,c9125870-074a-4bfa-99f2-5e57612a7e90
a04ad54b-1afd-4872-832e-c75bcf83733d,AmEx,d0884a56-82b9-4fd4-8673-b74ac050b4df
a7b29718-5692-45a4-9cf1-4751d5d32466,AmEx,45595494-888b-4a20-ad81-47bd73fccd4e
bfe4365e-969b-40fd-aee8-b1b5f27c8a23,AmEx,6f91fca6-cc34-4138-b62a-2533a03360d8
3f27b8f7-33af-4257-b54f-dd259f9f1662,VISA,02a60ae6-5b63-4f11-a308-a31a667efe73
a34a6014-dded-4d3c-997b-a3a47db1cc98,MC,daa67415-4c54-4b4d-8607-4dcc6d3cfc8c
2f102b6e-5546-4454-88a1-d1c309cebf92,VISA,0c4147de-d99e-4170-87ec-e036027c12a2
836b64f0-539d-497c-8e2a-3f84c8c2a297,VISA,2906a2b9-c53b-472b-9150-8a50d6b4b737
7d808b0b-8d63-4743-939f-7ef7b382489d,VISA,e9d60bb2-2636-41c3-8f17-ad1546a2aeb3
0f759465-701d-4f5f-964b-645c77996ed8,PayPal,986762e9-69c8-453a-b2be-38b892d263bc
0a435f1b-9633-4fd9-ab03-a7abc7aca9dd,MC,d5277d3e-832f-4b6f-aa56-bff29f467685
8c8c70a1-5c73-48b1-bfed-460b4481293f,VISA,287165ca-bc83-403b-9253-ae2163d66105
50a304f7-bebe-4079-8d94-227c97e95740,PayPal,be394a1c-b2f3-411c-a6ef-5379a0d31f9c
b936a5b2-d484-4594-8a87-ddc5292be636,MC,aada07a7-1bfb-4535-9aad-d2c74acc4249
2c3623d0-857d-462c-a7f5-eda0f0faf54a,MC,ead62c07-3cec-4171-bee9-987e791c3d24
81a3ef91-dce2-4d9e-beeb-c44a78aa0282,VISA,66dc0918-0cdc-4fbd-bb73-9fe29d8a06b0
16ec5f40-cbe9-4f2a-8af5-5b72dd9370f0,PayPal,e3e8783f-012b-4caf-9f4d-feb3bf27a900
4189aa60-3962-4456-9d3d-f8dd0dbde6de,AmEx,fdb020e1-cbf1-4ded-83b2-5c6f69c92ae5
bc27cbe9-4286-4e85-8d28-311dd9c0e75c,VISA,34ab6d9d-526d-468e-94d4-33f055465cc6
a8627bee-d8a0-42b9-8dcb-9eb9cf94f1ed,PayPal,cff34a4a-dd7a-4177-82ad-e57766c28a82
595d39f7-215c-432d-ac85-38232e84b637,AmEx,198351e5-0dbc-4056-9b51-ba80f388a874
67a7b4ed-0ce1-40df-b28d-b38ee6cd1522,MC,800b58d6-7891-486c-85f7-f814fe5c777c
6fc41060-facf-402e-9db9-df4396995f32,AmEx,3a7e2e23-9408-4f78-9543-35383c85c3bf
cd787fb0-696f-4022-9f8a-51b9ba79728e,AmEx,b6b43e94-770e-49f2-9858-00b473222345
b06b3651-801d-440c-b1bb-c13d077415b5,VISA,4dcfe5a1-53aa-4262-a55b-3157be719957
aa159f57-b096-4688-b503-4e736a8115ac,VISA,132e7181-4fd2-4a3c-adcf-e4156e538f3d
10a55a66-7e46-4a08-a2d8-387a6140694b,Discover,6e73602d-044b-4a8b-b23c-98d08611b021
e10599f3-6ba1-4dd6-880d-30e122e1ce79,VISA,a75d3636-4626-4b36-a8df-bedea940a8af
dcba4ef6-f998-485d-a3f5-4e85d5f69f67,AmEx,d6a2350e-1958-46a0-a1a9-834ecdab862e
ebdc8dc4-8117-4a96-aa6d-685a39947799,MC,751a5b4f-1918-47a9-8b92-f388a8a67458
a23b153e-83e6-48d1-b6b6-cdafd2a7734d,VISA,d0745960-6d90-44cb-80d4-efea4655aefb
de41d72f-03a8-4b78-a2bf-c36f10114d94,AmEx,a54e094b-5c50-44e5-811c-95faa5e08be3
6551add1-8fdc-475d-b789-73397bee4276,MC,a8e255f5-5cb8-4f03-a471-dd9e35826c1e
ef749e54-37e9-4275-bb0e-4f14570286b6,Discover,6d5c90b3-6050-4317-ab43-644acd2fc285
79471e94-fa74-4a21-88a4-249f7415afa6,MC,57948e80-9d9a-4a9a-ba34-510d00e7e1c8
95bb356b-7a5b-4777-8aee-3945851d448d,Discover,e73b61e1-23b1-436a-9acf-c2e54c70ce35
cea48d2a-276c-44bd-bfbc-fab6a43fe897,MC,b3a6955a-8433-4f10-908d-1767092a6ceb
b0f213a9-f7ab-4f4c-9260-78dfa7025c2c,PayPal,db8606c0-3771-4a97-9daf-c4f47b1316c7
c0a9883f-ca46-49b2-b6e5-98da1370a451,Discover,7c84e944-3e8d-42d8-b414-c18983526be0
afb7f3b4-d79e-433e-9c34-a5b1a4c44a4b,VISA,845cffc5-3d5e-4d2d-981b-086e646b9b9b
0d276fca-723b-463d-a0e4-edf77a250fdc,MC,f194ee71-7d4c-4070-8f48-4a16895de9e2
17008036-1bd2-42b0-af35-47d1b1e6d465,Discover,5bb97d3d-216f-485f-8ab5-0678201ce60e
79b3bb69-91a9-4057-906e-a2906edb61be,PayPal,242de9ef-e38e-4185-9828-b8c9643802fd
b1d46df3-577a-427f-9cd2-5e5f4e839f8c,MC,35e83aee-00cb-418c-9c1e-7b3eb5c09db5
fecdbf2a-e58b-4909-a825-9697f6252c4b,VISA,5232aecc-e4b4-4f27-a581-527bf8750502
37d312f1-707d-468b-9793-8e2057b789ba,PayPal,38a1ba95-7baf-4ae1-80fa-20ef87163e79
51e0ba76-33ac-4e47-abbe-41fe4ef7c90e,MC,805fcd70-1c18-4fce-8d0c-730b69cd0339
d3330a96-f288-4cf5-a11a-de6a3f5f14c3,VISA,95c7a5f0-8fe8-470e-83ab-f855296e85cf
ec0aa4bd-b9d7-4459-87f9-40e09f488da6,MC,4117f909-ce73-4e7f-83d0-41af12351cb6
2060cea6-dd92-4ada-8878-fb89bb71f4fe,VISA,f72db589-8eea-41e1-a5eb-3b654bf80bdf
678b62a9-316a-4220-8ac8-c41139e6dfe2,VISA,98940595-baaf-4df7-a9bc-f6b44a7a104b
e2757447-38c0-4cc5-b7dd-e572d2c6b41f,MC,9ca1e99d-8ae6-4ba1-964e-2b35e028e57f
6bf16c51-9776-4b9c-a318-2cf372c483a8,MC,bdc4f3a0-5628-48d7-a409-b85cdf927242
ddd6985d-b47a-4d8a-9295-9d3c1b142809,AmEx,c5f40d0a-3654-4aa8-9b8a-457b1c394843
1b353095-ef31-40a1-bf9c-90d40d66b58c,VISA,be4f4eb3-96b1-48b2-9719-35e6283b6d73
8ed62752-29d6-4202-912f-4ac431bd3181,VISA,55b9d0a1-5932-40bb-bd32-4e3212d74d48
6d4c5f95-13ef-44d5-a1dd-8841098a7442,VISA,8910a609-97dc-4023-b4f6-ea42d308d89c
298a12d9-7aa8-42c1-bffe-66751e00ffd3,MC,5717ddd5-10c1-465c-a71d-46582b2159e2
436b1b84-ab9b-4851-b3d9-2176cbcfc780,AmEx,f16f6542-bd1c-468c-a404-14b3812f06a4
c1c2104f-e1ca-4fc2-a95c-ad62f5194635,AmEx,165f30e1-330e-44ef-bfaf-a0fc54f6cd9b
c607adc0-cc54-488d-b542-2c1518c59bed,Discover,d6d8b6ec-a4ab-4249-9543-4532630742b1
70a4b2c1-a4c9-43a4-8cd4-501587da2908,MC,95a29cf1-7af6-4333-bb7f-968913d7c2c1
d2d41d1a-395e-46d3-a6e0-c678a1e33b9e,VISA,f6f1c0a5-00a6-4e3f-a37f-ccacd59dda63
7dc82b06-1ae7-4a5d-b2dd-cfc0eb1d04a3,AmEx,732434a5-dd12-4701-8081-526f16c76f6b
aca6790c-3e96-4574-b1ea-37aeb794a274,VISA,5c1a927d-3f3f-43e0-b068-f1a801dbec83
7b6826d3-6f0c-4500-a163-72fdd6fb2ed9,VISA,fe03ad9b-952d-4472-b079-1776bfb738e3
c334eb94-656c-45ee-aeda-74bb7bf7d277,VISA,c7b99261-9778-4512-97ce-b909a65c1098
237d84bf-0bee-44f6-a64d-339980e758f7,VISA,842e24f4-4d71-427f-b02b-d4a7191cb141
a7ff7e28-4629-4f7c-a4ed-7c4f45289e10,VISA,033385aa-257c-46ba-b9ea-3c68496a5445
8a5e196c-4cdb-4707-8c46-ff818493e05b,Discover,1d426052-4cbf-46d8-b3e5-27a0d04e7519
3de5c1e6-8452-4a27-a2b9-508feefeb3ca,AmEx,021a3148-88fc-4eab-a541-fc8e32fd04c0
d42f1d46-8673-47b8-9a3a-fa3bba047402,MC,c03b9bdb-72a4-4759-b231-8ea86df3f1ae
6c0fe963-323a-4399-9a7f-952028320d90,Discover,9e1d0937-6ffd-4ba3-a513-660da8baa0a2
73444f14-996e-4c37-a5da-17b260159afe,VISA,64ee7bf3-5331-4c4d-b6e6-70b9fd0a4cea
45426fe7-04e7-41d4-8163-f744a3300b4a,AmEx,9128f6a0-00ec-43e5-a0a6-daab5734bf8b
6c4cad5d-eeba-45da-b3cd-0352b4d27ed9,VISA,1222244b-7a13-4853-9ea7-e4fd9c333757
5ec5caeb-9e50-4cdd-b26b-ce138847a2a2,AmEx,461fdf1b-27d0-4fd8-b6ca-0e0a014524a4
50818d74-004b-486d-9186-6b509a929daa,VISA,11eee4cf-97ae-49b5-9ffc-3a6010d4e848
39bac7c6-0003-485b-b505-acc532bdafc4,MC,76c6b13e-b43c-42f5-b970-53cf5e31e209
6799be18-5f37-4516-878b-b31115a2cdc2,MC,7e5e54ea-385c-4454-8bd6-cc1c607e49d5
e2523127-b18c-4042-9295-3b6d1db6070a,VISA,bdfeaa8e-ce26-4d36-b470-a6ef4e14ba4f
54953b83-89d8-4430-a293-db690c18ed36,MC,493f39b9-4481-43ab-afe3-5d844ab025fa
3e8c585c-e108-42c6-834c-7a60cb739138,VISA,1749ad96-c088-410a-a706-e0413480b0e3
0edca88a-a5b7-43da-a382-0a9ea6d82d8e,MC,0bad84a8-6cfa-43fd-9147-e5752bb810f7
a3ec3045-1602-443c-b03b-4a892b6a31e3,MC,cc6dd2af-57f9-470e-bd0c-cb90bf33f0c5
11da515f-0af4-4f51-b7ea-1c903d2cc0da,VISA,e613afe2-295f-462d-9243-1dcdfe32c7ea
6051a67c-57bb-4cb6-adb1-7aabccfa2347,Discover,25cc78b0-ef03-4c6a-aa97-0c01ac4e547a
a664e8e4-7fd0-4290-92ae-16852b17e096,VISA,7defc713-094c-4935-8be8-21f764142f5d
d7851159-965f-46a8-801e-aa0b9c0d88bb,AmEx,8fb18d47-75ae-4fe7-ae8c-33579ebe2a34
43e793b4-0f38-4503-8bcc-a171ed4a8d96,Discover,48933558-62da-45f0-a9f1-a32e05b50700
46f00201-f383-4f16-924b-e5fb6bbbda7e,PayPal,64c71ff9-c72d-4b63-b90e-483367b03b41
5c9afdda-d7d4-45a6-9d15-79d965042101,PayPal,b313228e-e673-4aa6-9bd5-95632ab672d2
8559b9d6-fa53-4e3a-8f78-bbc5808a5a1f,VISA,c9b8574c-e955-4180-aa3b-cce1164eb609
f0725af9-9fbd-4f82-a6ba-70e2e0bedf2e,AmEx,58f1914e-80e0-40b7-8c02-e769050c3bbe
1205a5c1-86e4-44af-9dc8-40b36c689e51,Discover,9bda8f8b-f58f-4c2c-934a-5d665677d8b8
9de4cbb7-6b05-4d5e-a609-f24d97edfe2f,VISA,92c17ec5-6b2b-4cc2-8afe-f80af2d3b565
c712feb7-9a2e-4fef-9fa4-34a67538c195,MC,97ffbe70-df0e-45c7-a00b-45979f578ef9
a0858fae-e8c8-4c3f-97d7-b5b0e00f4b5d,Discover,24d35ad3-dbd0-4b11-b4c1-10136812b8f7
f9740eba-8383-4222-91f6-9debca57d67a,VISA,c4a488b5-a243-4d39-9aa1-6388e9dc1a88
5c63fb22-8c7f-49e3-a8c3-84c4dc9ee571,MC,e1d0fad9-34f2-4c26-a6fb-e3a46a18d578
9caa3470-49c8-46da-94ba-a31db0478f54,VISA,20e432ef-114e-4aa8-97ec-8434e04f711b
e7597dde-a42f-4584-8364-3e9ad20b2672,AmEx,5e6c2af1-bfcf-4bb6-abaa-822f28b6ccd4
a006f328-e958-4a4c-8f57-bf92b60caceb,VISA,e24cfb43-94b1-4ab0-a7b1-d6ac3272f29a
58b9ae24-24e4-4f07-a89c-ae35f152a400,MC,c8dc25ea-6790-4d01-a28b-d1fcdd4ccff1
1d8926e2-dcb2-4e3a-ada7-89fa86f2285d,VISA,9c00f731-3e23-41db-bde1-4b79c0269a93
58d89114-0fd2-44a3-9d7b-c6493f855d50,MC,c15a1ee2-53a3-4753-a4b6-ca79353f3049
174cc5eb-5fc2-4fe9-a0ae-5ce64fc125d1,Discover,5aeba76b-ace1-4d69-adbf-498dc55f1616
b836a29d-a81d-491a-ae2b-706d54c040d0,VISA,f3b991fe-b94f-4774-a239-63372177db46
4b95568a-f660-4d9d-8d23-00f744961c37,VISA,05e6dbb5-6bea-4598-a608-b9176dc5e32c
a581de78-f730-4dcf-9e10-905c6114f141,Discover,1afb69c9-e670-418d-b426-fe09fc7dc102
6bc551ff-3595-4d53-b6de-d3a7a308f1f5,MC,3787557e-dba2-412f-ad8f-c7c2d12be120
07c43b43-4f74-44ba-a76c-a3f7a0b6cf75,AmEx,58a2d25d-115d-4780-bd8a-672160968f95
86965fa4-bdbb-4600-b439-be910c0b9a8f,Discover,e6654ee8-1c28-4527-b285-6496996da21d
19c093b9-0cba-456a-922e-a20c24a2fc8e,MC,70713f84-6820-4e2e-a8e6-4c73330ead33
bdb8d151-7f73-4273-918d-405d2e2e464e,VISA,e8beeb0f-63a5-4707-8adc-beb91c1fdffd
069e365c-f0ec-4c5d-bfa9-b36da8c138fa,AmEx,d4af2642-115b-4f97-b458-10909f80b4e2
b7c58338-b52f-4075-9507-29efcbdd995e,MC,5a5e95f3-82ad-47d0-b736-a9fac395ecda
c4de1148-0184-4dc8-95e8-46d51e35cf7d,VISA,5582ef00-d4a3-424f-a087-d1f0308d4e10
46703926-5ec4-4498-a1ae-0ad73b4916e4,VISA,81c554e1-0e0a-4c59-a028-4f753c6ae5d0
879e875d-8272-4a1a-8f54-2d306e859132,Discover,bd66cc68-8e90-4a03-b85b-4502521339f8
7d566d47-6bdb-4bd2-9e12-7a2832f9e61b,MC,98f4483b-185c-4e82-bbd8-2a340c7da8b2
48e9f3c0-9146-4088-8dd9-a6d673bc3256,MC,238b26ec-d633-473f-b21a-6a78cbf440cc
a541bf20-6e15-4353-ad3b-384a709e2ebe,Discover,7893c047-4205-47b0-984a-30e3506df60a
b2dff937-d0fe-47b7-9251-fdc8eece211e,MC,070ce303-3a5b-46b6-b62b-4c5423b31a56
cefc3cd9-6697-40ee-acd6-2e0ee1e465b7,MC,b19b4bb4-f6d8-434e-802c-f263b1dfccc3
89e0c6da-775b-47c8-85a7-66bf7a7c302d,MC,01eef699-5636-4259-8249-a313df1918ac
13a3c5e3-475a-40c5-88ac-d605b198a54d,AmEx,b01afc3c-afcd-4697-a499-e627f09326c6
46c1b52c-135d-4b3a-b1c2-c4e57b6c6374,AmEx,5d4e5c61-7db2-414f-a7f6-12c933414828
dd15f313-c1a9-45e6-85fb-2441c287d9eb,VISA,b6ace236-182e-49f7-8fcf-956c65556376
1c431b95-86a3-4dcf-a043-469b09282839,MC,9bd2875c-12f5-4947-9231-79d21368b82c
0ad72ecf-22b3-4ec2-b975-2fa1da68a277,VISA,ba682325-9857-46e1-af7e-022ba60b7fdd
ae8d1136-01f7-4a8f-8316-372e3e86f917,VISA,8fe621ce-ac6e-47d5-b303-b995d5f96b22
513e62ba-f081-494b-a8c8-a7605a4e288a,PayPal,b8c43743-bce7-4485-b18a-5222fcbdc230
c33b6970-8ab0-4d34-94f1-1c0531d23b36,MC,44f28a98-d8eb-4672-8418-97886e7c7b5e
005c7777-4ae1-435d-9a8a-e5e04b86ed5e,VISA,187f0089-9821-47a8-9b9a-afd4bc8015ca
3503173a-68ce-4f37-a3db-01a931b80fa5,VISA,7451460d-ca74-4b7f-9921-9b591e0ec4a1
bab2cb25-b1d0-4681-8bbd-e0fb01a541f2,VISA,9c98c9c4-2781-492d-97d1-86b70ed361a6
ecdca49d-fb6c-4d19-b3d5-35e73a7deec4,PayPal,ad6baaa1-96ba-4fd0-bc19-06b4750830db
ecc6dce8-8487-4864-bbaa-82380834380b,VISA,c0d48962-3981-4a48-9dd1-b00cde4ed51c
4ba0c411-c458-41ef-9ae0-be38777d35cc,MC,d50280e2-588b-429f-a088-ae8cbf96ccf3
527fac4a-1702-40d2-bc3e-28bb8a27862f,PayPal,970ed6cf-9bf2-46de-9dc0-2df78e7199b8
a03c030b-c3e7-4827-905b-ac6b1c47ae06,PayPal,476e466c-5b8e-4441-be51-a7e2e4559c93
9cd2aa0e-907d-4dc7-a768-5e7d0ade03c4,MC,16218c85-6bcf-4973-a4b5-d62acbd2483d
f08da975-7797-47d6-8fa9-6436f4894cd0,Discover,25849d40-30cf-4145-bc8b-e69c0b105f76
2c12951c-5989-41a4-a2e7-e52dbba9c171,VISA,f0467adb-2305-4fd7-a32a-32ffe9674cd5
0badb273-d409-4a82-9b9f-62de81463f00,VISA,146c41a4-1056-43df-9e4d-35208e74faf8
3fe99ec3-b45c-469d-a76d-797e1db1810d,AmEx,34c89a99-1340-4f9c-ba7c-03a64c671fbf
5623f8d2-91d2-469f-af6b-b2008d218970,MC,f73221fb-909a-4131-a20c-dea4d3cf502e
7c11580a-65cc-481f-bfd2-969e1ed41fd8,MC,9c9ee2a4-282a-4f3b-9dab-baf9b2fc55dc
2ca09e96-ed7c-4315-b107-39d6a644a046,Discover,47864dba-05ec-4a8d-a6f0-2349fcad30d1
23ac9095-6fe5-46f9-b2fc-85cc10a0bf01,VISA,4ae0c4c4-ce06-4510-ab09-ae442854021f
d8f8c716-87fe-4093-81c0-71d6ee109634,VISA,09c3caae-26d2-42c5-9f1a-fcc9d67fd6ea
3aba4d76-db87-4b32-b9a7-8026644c07ce,Discover,b7606be5-ce9a-4b6a-a19c-7ce0d428dbac
e1b6ce3c-609b-4e26-93c5-aefdf11aa473,VISA,6af8bc73-a26f-47bb-9558-539140b06cd0
9ec83bd1-5410-49ea-b4ae-772b5d457c94,AmEx,55bb836a-7d52-495e-b4ba-3440ee6ddc7e
940b88c3-836e-43b1-bed7-8707707ef2a1,MC,7046b16a-c466-4ff9-ba57-764924dc4e6b
105d4d19-6368-4122-a6c1-baf1d2dde637,Discover,15730520-51a8-4ead-b102-373190b8a449
25d079d3-a280-4689-ba85-d891ad7349f1,VISA,31e0f209-7ecc-4192-80d1-b7a2643a4e47
b77f7948-dfec-4d20-af3b-c996888dbfbc,PayPal,32085606-7d82-4562-baef-0d80be5d5fcc
a522977f-b531-41b9-b338-1f7eeae0baf2,AmEx,3f7abdc9-90e7-48ff-8d33-5abc1c0001f6
f36da357-d5a3-460f-bfb9-779528faa67d,Discover,d96c036a-a108-49fa-8b96-36b50e1cf866
52f302c2-cc58-46c7-97bb-c414711514ae,MC,55f9ba8d-b5d5-4f73-85f0-8cba751c6b9d
abf04004-dd01-4721-9c68-8a6769f6ccef,MC,175bb683-81dd-4480-bf06-fac520974123
31ff9d76-a622-4546-8ff4-b89901c43ad0,Discover,13960988-37a2-4927-9ade-a418cfafe3d1
6186a741-b7b9-460a-a4ad-157d9c102935,PayPal,dda34042-53c0-4b7e-8ef6-d93664b9165e
6cc7f9d4-8513-418f-a84a-b22abf7c8b59,VISA,5e8e6934-741f-413c-b3b2-0ba2457cf6c8
0c3240af-5355-403d-876b-76360755e43e,MC,9b0c85f1-ff3c-433a-88f9-7dce69211d9f
c7cc01f1-3eb9-411d-ad99-5a1788189526,VISA,34b8f505-803d-4438-ace7-507267a01dbc
35de71ae-432d-4071-b2f1-d9aa846e1cb1,Discover,8ded0067-44c1-4a5f-9c7b-bdf1630e38a5
1c01b3cf-6b2e-4442-bb42-15597408ef64,MC,5fe31bdb-d210-4654-9d9b-e4c4b4fcd6db
62ddc5cf-8369-4724-ac84-a9e942e2c360,Discover,d8dfa7c4-4970-429b-895e-e769c3b42157
b257390d-f267-4570-801a-3397dbeaaa76,PayPal,833ece55-b8c1-4632-9faa-7c0ed55c7203
b2343cb8-9786-42eb-9940-010bb25c6cd7,MC,ea014691-f0fd-4c05-841e-53f47390173f
d2e69f15-3b85-4cc8-94d3-31b62404a769,Discover,52d9858b-8ab5-4315-a2b0-1050499d68d9
1f99ff1e-282b-4f0d-bea4-97bc92251c4f,VISA,1d212253-da4f-4ad9-ae15-247628708579
34011205-19f7-4c9d-9ed1-7b38d8edeb4a,MC,c838fbca-675e-409f-adba-4009d53b1a42
c36e1968-48d4-4f6e-9858-d935802cf532,Discover,bd4746db-ab71-4ab8-b194-4def54933699
a2675921-165e-4cc7-a73d-7052ebeaef53,PayPal,9867a4ea-3522-46f4-ad41-b8ffcf8dfbf0
a32b39e1-2a78-47fd-9b74-d15f7bfd5fe1,VISA,58402c6c-d8a9-4bfa-93e7-e89408307a92
145ed9c0-d78b-43fa-b174-e200adc6d3a8,MC,47cb04d0-8310-4e67-bd2d-74fb125bddc3
d9561423-3ea6-46b0-b496-1bda0a4fcdaf,AmEx,e1e24a03-21f1-4d5b-b962-658f4b43769d
1b85389a-9e1c-477e-ae52-568ddb5ee2e5,MC,a722df99-b6bd-48ed-915a-cbbfe0bfd88c
ab47012c-fb3a-4457-aedb-caebb979633a,MC,1d64e783-1edf-4ed3-a2f0-3c206a5d58b6
bc6fd174-b480-42d7-8eac-779958881a80,PayPal,60c083c3-1f9a-48a8-aa6b-8edd4947eba6
5c6102ef-7617-41a7-bd65-8ff327391758,AmEx,14ad96fd-0cb8-4873-a566-c15a5ad03821
37943003-842a-4d5c-994f-cb686160c54a,PayPal,14c80a6b-1bda-4d38-879d-093cace401ea
579f8f78-a4c1-4007-8772-77e520fe524d,VISA,c36ccb66-0c0a-4d02-84b0-c66bdd745234
0d80aa82-154d-40cd-a4d0-1d8a31278578,MC,c865757c-5872-4d0b-a5ab-437a65d6e4af
2eef7ce4-6a0e-4e38-abaa-c290d1356329,AmEx,aa68f267-da89-4e61-9ac0-43066a709e99
469116cd-47d9-49ff-ad4b-18788dffdd18,Discover,26c0a2e5-5420-4be6-a833-8abcc5ad425c
381411da-2504-434f-9440-00265c24d4ca,AmEx,3f67f7e5-ae08-40f9-80f2-26e8a27da2cc
d10a9632-7215-4b69-890d-03c6a2af7212,MC,ac36be47-ed1b-49b2-a004-a30768fcfa9e
e8bdf23b-8d8f-4bf7-b793-72c764343a9e,AmEx,01bde63b-b3dd-407c-b6a5-94ea02dc5223
8b16d8cb-277c-4f54-8e5b-ade5debece92,AmEx,ebbf94d3-a441-4af9-90c2-5f4d293d8e4e
bca61960-92ed-4b23-8019-f81d508b7c33,VISA,a22b252f-e02b-4e50-a850-d75a6113b7c2
361b26bf-c5b4-4046-bb8e-d9c968e81ec4,AmEx,4cf85985-be33-4437-a0c7-d0770fe5f62a
bb008927-b159-4b1e-8494-04640bcb39ce,PayPal,93a292c4-e829-43b2-8b40-4fb02e7ea255
7f620bea-88a7-49b7-889c-4397d0d70945,PayPal,90abb22b-9419-4af2-95a3-a1b954a9c9bf
5902b701-6e9e-4cce-a731-2dad76a3447c,VISA,b51a88a0-4522-4e7d-9fc4-d2a21b34bbdc
8391d85c-aed4-49c9-bf4f-1e2d8883b5dd,VISA,71ee6e9e-d858-4759-95ed-b8ada8af50d1
47eea3cc-a347-493a-b67f-ad74edbc3378,PayPal,3e982a49-49da-4246-b3d3-4fdfc02a488d
ed3808f7-6051-4364-8c36-2a623525b219,AmEx,f032138f-f96c-469f-af32-48928760a3b9
f859ae8f-e097-4302-bdb2-6cc2c1fa96a0,VISA,4a12cb97-70d5-4f8e-a8d3-9d68cce43167
b92b04d6-c8a4-44a9-be8a-53b15ec86e69,MC,921207ce-8b27-4448-9b65-62acaafe6686
37cfc164-7852-4e88-9a54-9f0334fdc0e7,MC,3c9b742a-4daf-4a55-bf9a-68928e417d69
00e1b781-73ff-41fe-ac8e-3050b3c94f38,PayPal,f032443a-30e3-4881-87e4-5adca65bb504
1002ee25-5e34-4c90-8d44-93bb3c30da6b,VISA,6582a583-00bb-4b46-943d-f28bb89bf226
f73a3c5d-34d4-43c7-80fe-1d6de9aa6da4,AmEx,e2f1799f-137f-410e-8539-233e924dc7b6
eb4a6611-d019-4d3f-84b5-668e1179fdfc,MC,149d10d3-953a-4887-880a-777461a72abc
f55f6e94-5130-42a5-9e27-7054390e33f2,Discover,4d5298af-6176-45ea-b8ef-0905a8dafa38
3a71f277-38c5-41d9-8862-8c226d3a8ff7,PayPal,d17d3bd5-072c-4b43-8926-fc815a14ef2f
34a1ddb2-8c7c-468f-aa8d-85f6ede274e0,VISA,ee2a448d-ee19-4588-a0c6-34aedae61715
28a94dcf-8ee5-4bff-b92a-6701250e789c,VISA,ad64fde0-78ff-4466-8c40-6bfa3c92832e
8a8fd718-2520-488b-8dbd-6211708d104a,MC,f1a92f2e-315c-471c-8241-2efcd74aa871
9e365001-c4a6-40e3-9f5e-f3cefac99b6f,AmEx,d30e487d-7846-4b9f-b7c6-196ee20817fa
c9489f04-ff51-4d76-91f3-25320df5d146,VISA,d929a880-7c6b-48a5-93f6-8bba73f0b257
e30ce36c-bc75-42b5-9394-eb67431e32b6,VISA,9af1a2e7-c4f2-4a8b-a453-beee00446ae8
e0c40d4d-a0e2-4e23-9c28-883ee04166a2,MC,f4438652-4989-4810-a94d-c508756132c1
4e9794e3-3970-4722-9b4d-074f8f1c88cc,VISA,51b97769-2885-4a22-b002-539de4b32a03
08df99c9-9f3a-4530-b84f-4be0ca29b81a,VISA,3a91bc6e-f146-42e8-99ee-3bb48bfa9509
a66c48de-2dab-4cb4-8826-c9a284e5f039,VISA,a9708d9c-4737-4266-9f06-9651df9cd8d0
3971cd83-000c-497c-bc60-30229ae61662,PayPal,e1a102f4-7610-42c3-8883-0d3b0d053e3a
6a1639b4-1e25-45f8-8511-56f56cda6868,VISA,9b3b3e9a-896b-4dab-8925-4a9845a325aa
7f2a9253-1338-4b49-9777-09763a4addfb,Discover,09a6e023-dceb-4d81-baab-5692c2e39d25
a1f0d631-04f4-4492-b9ae-6f4ba7693858,VISA,ff84ac05-5d46-4748-be85-155f8230dced
1fc33596-6cc2-490a-a234-c5c5f722c7de,MC,adcc4fb4-4c5f-4135-8d22-3fcddc4d4081
1a04ec5c-106e-44ca-b73e-1c2880fc5c52,VISA,f3b665d4-122e-4ffe-bd37-53f6b0928058
baffac77-36e3-418f-a023-817db54b5613,VISA,ca18c1af-58eb-4d18-b5c1-1c9a2751e80f
e16ed9cd-4953-4148-aecb-b7ad0ef7bff9,VISA,4070dff0-752c-478b-8489-e1eea7d809f0
998099a6-7a16-492e-a92c-79082303e508,MC,472b21f7-0d02-46b5-8313-8674e3fe0c2b
e9483afe-01c9-4e1b-9402-71eaf432cd3e,VISA,80492fb0-9996-403a-b7b7-71d3dd758c0d
8ae67990-6ac6-4547-b454-d6a35d42c657,MC,891836af-b733-4db9-9349-886cdb3a720b
6551e922-8da0-4c4f-80e5-912e3ed93319,MC,0fe8fe7a-8f93-4326-9612-4b0e615d7b5a
b3e90abf-87e8-4a8c-8fdc-2c6902ef63c6,VISA,512b7346-55e4-4555-92cc-0147141b6f20
3e5e2899-dc2a-4fc6-aa16-6e605abe0538,VISA,2b3a98c5-b51d-43e9-a015-0399b13546fe
562c53ee-3e2b-45a0-811d-1cba2c42ea95,VISA,faec0145-1bb4-4b0d-82d1-d3f2e87a4eda
15d6cf95-6ee2-4df7-9d85-08d4ac57b89f,VISA,1c8edcaf-b8a0-4f13-9ca2-5fc05f0f2058
7b3aff18-ceef-4771-aea2-517855e86249,MC,2b9392f0-5f77-40dc-b5eb-8bb188e0ec57
660313b1-686c-40ae-b6ff-a1d64dd1da3d,MC,4fb1c3c0-c6e5-4654-9081-4b2d31c0926a
b6a4172b-37a4-49cc-9150-dbe186a2ddd5,MC,3350fcc7-53f7-49ea-82b0-5244a00dc073
8e8d30bb-b62e-4f40-bcfe-d9c8c0a24be1,AmEx,62706224-88c7-4b0b-aaa8-675a1d702531
036979da-3bef-4b8f-8cd0-5a1c197bbb8e,MC,c5554e70-35ff-479f-a533-e7bf002c52e1
b3e745ce-4cfd-48f3-8264-8db4567f8fda,PayPal,e4f45894-ff8a-4533-bec2-e54e63a2e3b2
78ae4bbc-5457-4fd1-9929-03f610c0a156,Discover,c56f0547-7da7-4908-865c-cc5b7645c652
4523158b-1d55-4a26-81e1-002429d2f935,VISA,430c8fb4-c76b-4fcf-a74f-3f64199fde01
4b7db9ce-89fd-4e35-905d-1fba06d4599f,PayPal,ebb34e31-3cb4-4712-be92-12e5c1a3064d
4d844dfd-a494-40f3-af22-a4e6a03c100a,VISA,742a2b3a-e367-4269-9d7c-12bdcfed9f9a
534d2cdc-b58b-4d1a-b5b2-87a27787ee1d,Discover,10c91ba5-1aad-4e78-afb0-b6160c174dab
cf5b5a44-d848-4d60-bff4-c9bf2d866695,VISA,504a2cde-0fd7-4a31-9477-67e687dd6be3
452280a3-9908-4fef-ae93-6c04d6caeff7,Discover,89cea750-9efb-4902-bd47-82d553fea007
7c907493-2850-4835-99fb-f4527e645db3,VISA,a038e8ac-cff7-45a9-afd0-e1e88f126522
fe41caea-ebd5-43be-921c-78306f3d7f2e,VISA,74772805-eca2-4b98-8195-737f2d28dca0
58609c30-533c-4d7c-b30f-aebb6d26bb5b,VISA,0b45c06b-ecc2-4643-a953-8d077fd537bf
9172d8a4-56c8-4d10-b51f-ef4b5400e9e8,VISA,de2f2d2b-f8ac-48b2-9af6-4f7cd1b98caa
6b07d3cd-8c37-4824-9d68-c52747f7742d,PayPal,f01905c6-a9d4-48c0-ad3d-1d9a7e62e89f
f89e4a0d-4f5f-43b8-a295-91afc7dacf5c,PayPal,246cd336-1e08-483d-bf4d-f2333c1cca9c
a8cfb5ce-6b46-4248-bf21-c2009c4520d8,AmEx,f4e02bc0-07dc-4102-82b7-0ab585a52c7d
37b8e103-da74-4d03-82f9-f2262aa9e123,Discover,fd7a804d-c105-4137-a797-8ff7c2646272
e16a422e-c098-4a10-b77d-0782b7d83059,Discover,6b5ac432-b7f3-4496-aad8-82e236368171
ca80f709-fade-4fc9-a747-1e2d7fc784c3,VISA,d0b0fbc2-52df-4c74-90f1-b51dbb49219f
72a7938b-cfc2-46b2-a54a-04ac3cb515b7,AmEx,8a3c3fd9-be02-4b5c-a540-8d7964a6a342
c384f8f7-b64f-4222-9aa7-a073a3e71684,Discover,4727de65-7699-4f70-87f1-875cd3d9599c
7487b489-82cb-4cee-8c42-2caa88702b5f,PayPal,49522fee-b0de-42ac-873c-a0ceee7a5a07
61406aa1-203e-40b8-bdd5-1eb944fd6045,MC,42bd0a2f-b2b8-45af-abe8-901c861ace29
271ab29c-218e-421f-b846-4d4b7e5e0e90,AmEx,f9bdb1fe-6f35-4b99-989b-c82ccdd18cca
d7442128-2d66-4494-8a8f-e17512f896d2,MC,03dfc83f-cdef-4aa4-b199-1a765986179e
a3caf2c3-56ea-4590-a0e9-31e6a0879a1d,VISA,5a2a67ff-cf53-4ab3-9c26-71735e4ecd91
def921ea-ee8a-4eeb-b756-750cf1ca29be,VISA,1a55e0aa-a727-482c-968f-989f738290d8
3497a7e3-4572-41b4-af8f-77e8b870eedf,AmEx,81e0dffa-47a4-4074-a506-d904c6f01db6
bab27f9a-9a84-4cfa-af33-3acb993c3f15,AmEx,e79b9812-434f-4a97-8ca2-a9b12cbe73d1
098441ea-e9e8-401a-a3d3-9aa0a7124525,VISA,795b1a96-385c-49b3-b458-9d94270c67a8
be01e5f7-e4b7-44c8-8104-005a3a7ecf5d,AmEx,61fdc71d-1cb9-4b01-a1fe-bbc05b68c12b
733a1729-dc22-4fd9-8090-5827ad327ff8,VISA,77dfd863-f7b1-4b54-aa14-4e3e1718fd80
d5deb3b6-cf09-40f3-9eae-00cd199ad93c,VISA,9ddaa0b1-481a-4fb8-9a92-ecefd1e35988
daea8456-9b07-4f27-babb-4fbc06bc8806,AmEx,eed55c1b-1b9e-4109-86cb-5ae5b3c54834
eedd809a-376c-4e09-b8c1-35072011e880,AmEx,b4efb071-3bd2-4f97-9631-338a8081c80c
1a7aa485-464d-4e27-bb25-580e13fa379a,VISA,f15152b9-f44e-44b0-ab13-593c48d51a31
96b39a14-466b-4429-9ac8-e127542514a1,Discover,d0d4a299-9d62-4e3f-87a9-c7ab9aff2802
cc2745ce-c1d6-4657-8e8c-c641a3615a87,AmEx,9b1c2caf-c6ea-4193-a261-19fc48ad1f5f
f220cd3f-401b-4599-8cfd-04a6c2a43121,MC,701fe61a-fc0f-4d5d-8699-9e809d7803a2
083b913b-3fb3-46ce-86fe-fc472cf8c106,VISA,cf08bec6-c705-4d49-904b-b29156580fbf
5ee0c44b-1132-4eaa-b34d-b844c6363b44,VISA,096b995d-b67a-4462-ae38-24efbecd8684
6f63bc49-447c-4e39-823a-21f76f8777c6,VISA,f20060bb-27af-4fb2-9ab7-dd83bb9198d8
8714a075-6889-404a-8a8f-aea1e7d36814,VISA,b293826a-8b2e-41dc-ba92-66a3afd3d336
218b1152-e53f-4814-aeb4-1da769d50585,VISA,10eb2614-1f5e-489e-af43-d7cf3c33e71f
ccda305a-941a-4b77-bd07-63f053f0f622,VISA,b5a3a659-36bd-4116-a165-d6d8fc442e0e
e3b2ed21-4a27-44be-8fe0-6fb9f64c3f3a,VISA,f1b07be8-5259-41ef-b8e0-e9ef825b5639
fe055e9e-ab27-402e-8e30-7c8d5df7dfec,AmEx,de605c4a-60ee-486f-82c2-4432c12d6457
d5f2ff6a-b3d8-47db-8886-c8cb5dccdddc,VISA,f17174d5-3010-43f2-9b18-fd29abb6b66b
4cb233c4-ff7b-485a-86a7-8b745eaefbc6,PayPal,0a985039-0927-48da-8730-0a9302d19594
af13a628-af5f-4bba-9637-48fdccd057f4,VISA,e4c96e35-b3ee-4063-b0ed-5efb7aa5ef49
d1ebda86-7502-4ceb-9d2a-9498a0472aeb,MC,098b1cc3-1136-47ab-9fec-2923ea7bbf1c
d81ab05b-5cea-4359-ac0f-4599eebf5185,VISA,a83cc546-fef9-44b7-a534-dde8afce126a
fce88c03-1aaf-4d09-8d41-61286e10329c,MC,e37740c8-44c4-4184-aad9-3581f4073bdc
21dbf38f-d691-4f06-aeb6-e2fede999ec8,AmEx,6db55f68-f02d-4d9c-87ca-0ac06284eef7
d83ed005-f35a-4608-8a93-b08e5753789f,Discover,5d36c676-69ac-4299-abec-50d67d601f0d
d0d7eac9-2c32-4fe9-b21a-82726dc63721,PayPal,e766dec4-92d5-4231-941d-f86240935b67
9dfa846a-7ccf-4a5e-a0ff-a3db31b11a28,MC,61dfdb3d-6319-46b0-882e-61e79fdc7607
c30d975e-f0d8-4c93-b245-d0042f9e0f9e,VISA,840781c9-149d-44c4-90fd-9671e9e32cdf
7ccf913e-3d67-4abe-8d90-04819fd56bb7,VISA,cbebc620-c8b4-47c3-b577-663c443088ad
a2a3b005-8df3-4a4f-a87b-a37eefd7cbb8,MC,bec946e9-f905-4276-9c9b-420d71b43eb1
394b13a5-f988-4318-8367-def8e07db68a,MC,93e0d84d-014e-4ba3-9015-d5f5807e7c2b
986f704e-f1b1-4cdb-b186-b6e5db0745a7,VISA,1bfe1c93-459c-44a0-ae99-36abb7690006
dadc6fb1-5adb-4d6c-8113-fd8023dc911b,VISA,663c89d9-765e-4f6c-846e-2fd2dbfe1c30
839d17db-1a39-4ddb-9922-0873e15c1a17,VISA,d8f5ba62-ba7b-4860-819b-bd4111f8bb4e
0586ba63-cf3e-49ea-a4b2-40329171b3e4,Discover,37d41fa2-595d-4cd1-83c2-2d23a2ac1c32
6db7ad02-7f1b-418c-968a-21aa3334177c,MC,526472a7-2ba3-4185-b7bf-c377037d6242
0d4043ee-93c8-479d-8bda-9aea0aa235b0,MC,23d4f325-8bca-48f0-b617-06011b472cc2
37ca5053-a5fa-42a7-ac1d-92d00aacba91,VISA,a40115b3-0639-4682-b192-f18d41a6fa2d
2fcf3fc0-f485-4b6d-a79a-4a0170438555,VISA,0c989e3b-7284-4587-bead-d0b0c5ad4e20
ce256c41-a299-4cba-9e1e-56987ff47a4e,AmEx,b1503575-89ed-47ba-b3e7-e5a6c97f9e86
92aed617-1b31-4691-849e-d7403f708300,MC,4610439f-dab6-41d4-beba-d1a83ee8ee72
e2bb0042-2f50-4bdc-9446-7eb96fe4cd6f,PayPal,4b8a9023-5fb4-4a1a-8ced-06b2e8ce9c53
a91023a3-75a6-403c-90b6-e9e447cf0ee6,AmEx,8e457e9b-c3dd-4b28-a03f-25b776e7d685
01316319-2134-4a86-b86d-dd9d36387079,PayPal,f35854b1-5fb3-4a1e-b26f-23c415137b47
de55c70c-2acf-43f1-93bd-d68c86679e3c,MC,3632b6f4-c19e-4e36-850f-8e5f1068cfd6
ef9a2ae2-230d-438c-815d-ff5f5262ff5c,VISA,7213e942-5986-493a-b062-03bbaccb6a3f
ae873866-da77-41e6-95a5-65263906d37b,AmEx,fa1e96ae-76a4-40e8-ad13-e97b8e3005fb
08e4bb6a-9877-493e-bda4-d4cef7f56958,MC,e66c39b0-da3f-44c0-9cbc-5e604eb7b997
e2ef75f8-ec62-40ff-a1df-ebca5c0c8173,AmEx,6df3cb75-23d7-41a0-b4e2-75111a366d11
3417383d-20f1-424f-89f2-c2aac3eed015,VISA,e2bfae78-54e3-406b-b189-24087cfbecf0
c8774695-e464-454f-ad7f-f09aeafcb26a,VISA,1e0564d2-b370-44b1-b37c-60b5c17169e0
a6a5ec73-3412-4c37-a5c9-ac81714cfea7,VISA,b6aaf53f-81df-45fe-a0cb-86affae93d09
195a40f5-68e4-495d-89ee-160ca025b42f,MC,5652a082-c383-4351-a815-6d1135d1e2ad
606f4f3a-87ae-4c78-b27c-628cbd748ad4,MC,73cff0ce-e80e-450d-baf1-4a691be9d43a
39397944-5494-4b58-9c01-711ef2b6ba25,VISA,59726c35-79d5-4588-8f42-c8c91f6c9078
967d8c5b-5db1-4782-b5ea-68ff914ec2be,PayPal,3b19cd8a-f45a-4cf5-add2-92318974c69e
6bdc970b-ecb2-4984-bb04-a0a678b6a1e3,VISA,ce11403d-c1b3-40d4-a3d7-e1586ef7f7ed
670066c2-826e-4787-a4c5-dabcef5b67ba,VISA,9e8e18ea-0738-414d-9f06-0261f9f3992c
2f985253-9cf3-498c-9891-d7fb6e9340e9,AmEx,ccee3f22-4944-405b-b9d1-4383c495cf00
af2d2eea-49d7-4b84-870d-67034a91b9c4,Discover,249fd3f4-681b-426e-8f6a-8d365ffa9182
1f323eea-001a-40e5-b693-1d7970c5ba36,VISA,350a185b-7686-4448-9202-0cda11e2a9fe
2ed9c245-1236-4760-86ce-5e93ffc4651d,VISA,ae9bc207-37c0-4d54-83e4-838e44d64f16
77c28208-af73-4358-bcb9-00b2a06e05dd,VISA,5f5886c6-525b-4742-b882-da4931ba2e84
aaa17eef-500c-4c94-a12e-267da4247686,AmEx,5d81bf77-da61-4e76-8a00-5966b4f9345c
c00bdf9f-5961-4b46-8ac2-cf2a940b1718,AmEx,10270cd6-f4a7-487c-b5f5-985e79048193
7aa8b223-fbc6-4dee-a515-cc603b4f1a1c,PayPal,d9f990d2-2ef0-49b9-a294-8321838e7a37
b64de730-a05a-420e-aaed-0f0ec3f886bb,AmEx,498c918e-2e2d-4e98-80af-40ae7a332a3d
f184688c-d041-461f-9e87-b1d3a787f8ad,PayPal,fa668090-90e2-4e48-9bbe-250ec7dfaa47
8a2a3f54-b7bd-4f82-922f-7a40e6007427,VISA,4408ac0e-2301-4a79-8b9a-105c929c9f9d
0f826071-f4fd-410c-8574-b5598b7b872e,MC,8ae8c6df-1d91-4922-95c2-b57b8c5a1e69
0684ed97-cb1f-4c2f-b6c9-acbde7d4dcef,PayPal,b5669382-7047-4e6b-83ab-a03469662693
bf484967-fd64-4199-8481-fa62558857c7,VISA,aa0d4285-8dae-49f2-9372-506a438520fb
140f92d0-09a3-40eb-8967-a3b29c42baf4,MC,1598819d-b389-4a0a-a874-fca4f64c19f9
83d0acc8-5725-47fd-a6e1-a0f48b225460,PayPal,c1d8f8b4-6628-4588-b235-3f277bdf5022
14ba610a-6b52-41a4-9276-a051b8b61954,Discover,15298292-c077-40e7-9690-2eecbdf1814e
228c8cc8-90cb-46f7-b751-20706455d6f8,VISA,f3ce06df-899b-474b-9f21-2f4cdeccce45
ad89df89-aece-47fb-91e3-3ccdcf84e7c9,VISA,9cdfaf39-a675-4b9d-846b-4a41da33cbbc
7ff2b66b-0a77-4040-b011-8d2125129bf6,MC,83e28f3b-45b0-49e5-849b-1b9465800211
5f969a4f-e5a9-4ac7-90e6-702d6fdd09d6,PayPal,aa4624dd-b821-4fa3-9af5-18a73e0d7781
df5021f8-3c40-4d2d-a1ea-b0c7db2bf856,MC,64de1db1-8d48-4007-911d-4d9cd6f22da0
ff78ceb4-4fc0-434c-8060-074163d96b61,AmEx,b585c8d4-5777-47d3-bcd5-d3a8e6f65ab0
fcaaf056-d6e6-46ea-aa41-74fba3ec623a,MC,13f1145f-e378-4bfa-b181-5b0066f7895c
09cbcfa3-2467-4b4e-9ea0-7ff07b1e9610,AmEx,94ee11ff-f925-4034-805d-ef8cd37eb8d9
68aaf85b-613d-4c25-b578-eefa2dd45107,VISA,05b1e5a4-fee9-4128-8324-9820ca582bb1
01e6855f-bbc3-4515-a538-48759fd828d2,MC,7fd82f47-e722-40d6-9032-686b255a8181
8e737b3a-98d5-4166-b7c7-7712c0d5ae4d,MC,b8e33dca-dfc9-4143-b40d-9eda1fe82089
15f51e99-3b0b-45f8-9aa4-ab28e35002c6,VISA,4b9f0fea-5fc4-4fa4-ad4c-a6856cdcb9c3
5598dd96-8e6c-4e2d-8e9e-57ea04b966fc,VISA,6f3a0f9c-cc01-4c57-9c16-9fadf7ba074f
8ede055f-b010-488b-8c6d-3754c7283794,Discover,17714ad0-19cd-4759-a79d-af7be9b8bd34
13cb573e-2a4b-4cb9-a5a1-99d4bd5b8c5b,PayPal,138e046b-643b-46e5-ad6d-2ce18d22f477
5a509e7f-e757-4a8c-8348-f1307e01b2e7,VISA,318cd5c6-c7ae-4e6a-beec-6fb2780f7645
611b9aed-4091-40b4-9cce-920af0de017c,MC,9a326306-3689-4e53-bda1-3a5ce7d07d0f
da87d723-6b68-45ea-93f9-8132216e5f72,PayPal,188b2d0d-6ff2-4748-83ee-2d322331b740
56e36993-fc32-4dbc-b25e-37e7177a46e7,MC,7d9e34df-a32c-4c3f-b707-e2d52a0179b4
241a2857-d459-4e67-a7b2-78dbb6d2b44d,MC,371ef16a-52f3-46b4-8ad4-d7a811d77c9f
71f0ba41-5d52-4e94-81a4-38fbdf4c3062,Discover,2276205a-c4da-473c-b195-28d1ffd46977
2e7aa73b-96da-4f92-bc45-7cc77e7d1183,AmEx,0b01e042-81d6-4665-926c-f7b57b9dd6c3
f81273b2-40c4-4851-a579-9a127b44d142,VISA,8ba1a683-ba7f-4359-85ba-ad9e6cfc5406
8917f976-2a3b-4b13-ab37-c02dfd17fabd,MC,2ebd36b6-f70c-4a9e-aa88-8104bef1c7e8
731a39d3-ad13-43ce-9c28-77b897d05304,MC,03e36447-29ef-4bbf-89e7-d1cf871c2b91
6b5d6db4-571f-4cdf-b102-3612f6b92470,VISA,ec4d1d43-31b3-4cee-9e9a-126040776afc
7dd9064a-f99a-4053-b7b8-1f3208d4c8b0,MC,f6b054ed-d348-45fb-b0c7-22d178d6bd99
b34929ae-520f-4013-98bb-e9b4aabfcb13,VISA,78bd93e2-5050-4287-982c-bbac035ae444
fce38a85-31a2-4ada-8937-a7963270df26,VISA,e7fa2ddd-e5dc-40d5-8404-9e1188ddcce9
627af643-291d-4267-9954-61395aad4860,VISA,c096d65a-2874-48fd-8441-56756156461e
034577aa-8456-474d-a6de-59c88b961bfa,VISA,bc357c1a-d188-4b18-8457-90667b4b0e13
7deb2f19-f5f6-4f3b-9624-43b1ba545ed0,VISA,34a62bac-361f-4da3-aa7d-149700d11899
ab71d3db-8c05-4ba7-ad0c-0d2fae481923,AmEx,27bb2c19-f983-4ec9-b458-7ccb07e2f762
85cb7c2b-3fe7-4a91-8af1-587fa354cccb,MC,add015fa-c228-483f-b28d-808f88c65589
5f3e4598-d39c-4130-8f77-327a2593ab0d,VISA,c52fdd3c-666a-4e5a-91d2-49713b36fc51
42d1d5d7-105a-41d4-8568-83882475e70f,PayPal,5f54ab23-13b7-4a5f-a49b-ac935100a327
37f86b45-4c3d-4deb-bb28-07db774c8f64,Discover,0c49b27a-81ee-4554-88cd-919a40561062
1dac7c10-8c5f-4552-a446-e697869949bd,PayPal,025b5ce3-df9e-40e0-ac0a-8e642cac0464
83391402-50da-4871-8b27-1f8ba4b9ab82,VISA,cb06eb44-dd49-403c-9455-bca09d4a0b10
cd25244d-30d3-4390-8fa3-9183a4917033,MC,1b3bbf0a-cac6-45a1-9e0f-d2d47159ce38
b542f7f3-5e33-4c0a-b94e-58eb2ee0c853,VISA,c09f024b-1b1b-4e3a-9ef9-34fd79828bf3
e71b8e16-0b00-4c10-b8d5-75d652f85f54,PayPal,baed2147-15ff-44b1-83b4-d0d10508896b
9f558db3-c195-43ab-a74b-190bd027695e,VISA,8ab0c937-7a25-4fee-ad92-dcc84075afd6
2f5cc2ef-e65e-4e14-a6a9-b9b8b2c8466a,VISA,ac80a659-7396-44f7-97e3-96ed7fc2aad0
183f5a8f-58a3-4504-bd36-c83654afdf6d,VISA,33d8ada7-8a14-4aa1-9680-2b7be7793f17
51e7090c-8684-4d20-824e-cfe102dee2c1,VISA,77132167-d2e1-4bda-ac76-af94a856ea6c
b31dd16d-46ba-43de-bd88-502be0984df0,VISA,ac060fcd-7a62-45fb-a3f8-8aeb386d3f37
33dd85be-5fc1-46dc-843f-2115f3628e8e,PayPal,fdcf3399-2017-42ac-9374-2c390a9a81a9
9b46d9a6-f14a-4d8d-9a52-655f035761f4,VISA,323381b7-ee08-4a09-94c8-06d97e427fa7
108990b4-8fbd-4e9c-9364-8839707ae054,MC,e67d9d0b-90fc-47ad-8d85-824c0a8f5f31
61ba7c5b-2390-4358-b770-6427d649e31c,PayPal,68a6b0e7-0ecb-4212-be6e-b8fccc74d920
07ee0fea-ab76-478a-b04f-5f12726c8d8b,Discover,c1b394b1-2e58-49f6-bbf5-01634f0cff78
4e6cf78d-a4db-474a-9a6d-9e9f648d0445,MC,c0a3ba23-78c2-4a6c-b918-1cb3e0367c04
ec5d93ae-c573-4e3d-a9ad-c7e32d06d169,AmEx,02dbe5fc-1d01-4196-ac96-a010dabde785
aa114f15-7592-449b-a74a-1830e732f404,VISA,0aa9b5d6-54e0-495d-9186-3be188ba14bc
7c41d866-b676-4dda-8194-113bfb592ed5,VISA,6f004d81-0212-4e59-9a77-a8b44fbd7053
5cdd6328-c89d-4698-90ef-6d7bbc96a4d1,VISA,093f7f43-5a30-44df-8fdb-2311a326c502
6f65e434-cf14-4d20-8797-38b7bd6fcdad,MC,57a53996-2fff-49c8-9f0c-8a023086b143
a8c01ef2-4528-4175-83c8-830e4b27bc8c,PayPal,1b40a3c8-5049-42a9-a498-b92989fe1fbf
6a8cb660-ea69-44b3-89aa-2a0ea737d357,AmEx,86e9373a-c865-45c4-9b6e-90ff07b2d6a1
12a055a2-9d0a-46a2-b528-0e8c87ea82d9,VISA,0d5454f7-71b9-476d-b16d-0dbe330bbebe
d10a1981-3909-4560-839b-94327b4d8350,MC,bdec311a-fdb7-43f7-acf2-a31965022ae6
722cadf1-244f-445b-ad16-54116006197f,VISA,1fc8272e-a56e-4405-93e4-a166ebbbc3be
08d93cda-f673-415c-9271-f326729f3a55,VISA,a505030a-7c9f-49f7-9118-d39580461d05
cbc16bb2-5531-4ae4-b7b1-5be5b79e21cf,VISA,b31121ac-85a4-4825-95a8-a090163ca03e
726c2feb-84f8-4ca4-8834-5a16edf68bcc,VISA,c16bc971-b914-499d-b75b-f7ba40cebf37
751b1347-0004-4393-8852-d6f9ead1b7fa,Discover,00aef285-f954-430a-9a64-4e815d2c2713
ae7649f2-715d-4f85-8c12-eb235520ba70,PayPal,c08bb454-0567-43a2-8f87-2d6a72b247f4
2a3e2f5c-c533-488b-85b9-82606bc96779,MC,86e25cac-8711-429b-9bc4-7a159c112bab
43e31217-7861-4bb0-b426-20a2fd5b3304,Discover,f87cfbd9-04d3-4fa6-947a-e26c8f55f5f0
fe2ab510-f34c-44eb-b8f4-c41e68cb8d8b,AmEx,b3173e8a-3fc4-4398-89ef-9c46ddda5c60
2c4e4837-c753-4826-b453-0a0f9c567af2,VISA,a0484a4a-61dc-4fbb-9068-2f310b09901c
59a25671-1843-4881-a2e5-544a0de1eb0d,MC,8d8e0016-3a9d-4452-8c21-701ee42cad16
e9699791-a3e2-428d-8bea-31b3fbbdcfb3,MC,406d8007-f7e4-4577-b52d-bab45730cf32
1c9379ad-f9c0-4211-bae2-3b9b1232518b,MC,5fb0e146-08f1-4d73-858e-70a4e5a34cef
6e9a8b2b-a95e-491a-9254-7bcf50b738d4,AmEx,8cedacf1-88fe-4229-b278-ba62c327d088
e60013ac-71fc-4983-8bff-63c167f52f5f,VISA,dd5e4157-fde8-47bd-8410-00fe3085c4aa
0a30221b-6a2a-4995-b61f-4ba14a82c378,AmEx,dceb1f16-83d7-492f-8ba3-7ed3028d70b5
2055f123-4ced-44fd-9231-e9242ec8b114,AmEx,9da61a5d-6a53-496e-b7ba-c8847d0f5287
14ef59f2-54bf-490c-a3d2-7ff5c6a5bf08,PayPal,8f8b15c7-d37e-4c80-afe7-8d0c89ed1365
3ade4fa3-1760-4411-b4fc-14afceab5a33,VISA,c2778446-e333-4f55-bded-85d38cd91580
0aea88f9-d6b4-4f7a-8e31-014b8e26cc89,MC,31598905-773a-4ec0-ad2c-120265237501
40d6f2d5-3702-477c-9663-5dc5218e9453,AmEx,05c24505-8571-42c2-bc93-68453105e86b
740ba97d-c1f2-4951-87c5-f552ec02413a,Discover,bb92ae49-1215-4a94-acf6-da145fb87468
b6cd629d-c43d-4a6f-9d1a-da1a17c09f84,VISA,4ea6e3d0-bf74-4f53-ae48-eb91e8586a8d
5c2ddbce-e568-4ea4-9ac3-b201a4a33732,Discover,2d6ed3cc-3398-492e-a438-f5daf7e7ac01
b61f04bc-40d4-4d30-af68-311e2b6fd734,PayPal,c53e94ba-3d84-4cf9-82d9-e9d1af5dcf90
fe75a5b0-f7f8-4386-8905-4064d9595f37,AmEx,49e42fc6-4690-4809-a4ce-0a71a3b23242
e47fc1ef-0e9d-4cb4-a2ae-fa500bfd3ef8,VISA,07527efa-a323-4e29-91a1-54be941a9489
f3368217-08b1-4825-b3ae-1fea16ec1a29,PayPal,3f8632d5-650c-4f8e-b23e-7b841a969467
e7a38586-200c-44bb-9083-28cac7ffb71f,VISA,0a7cb2bc-b453-48ca-adae-5727a80b813a
8a12e80f-ebd9-4edd-b7b6-4eac78e07d3d,VISA,5dc1fd0c-cc18-4bd2-b153-ae7a814d2eb2
0763bbb5-c8e8-4028-a0f1-66b3842d8d59,AmEx,413852e3-4bea-4c00-ba7f-e90ecc5211a9
661e2d6c-8021-4ad7-a653-96d2298c7f70,MC,3de09f54-e580-471e-a10a-bec49842d90d
9076717e-5186-461c-8fce-538d1ad0b30b,MC,29f926f2-8e7b-4099-96da-4535fd74c75f
94387ce8-704c-4d6e-bf79-f40f24b44ef4,AmEx,c2a8d4e6-7259-4bef-9c14-7c395ef30de1
d129eb44-d06b-496d-8ff7-8d0cdbc1f7db,VISA,eb86a21f-6252-47b7-9cb9-c2c57210dde8
504863b3-7463-4fc5-a6e8-a779e2fa870a,VISA,d4336496-07a2-41fa-bf28-2c8d4839e86a
842f5a9d-6f3f-4a1c-9916-303034621191,Discover,47a7d1c3-3cfb-4871-8ce1-49b2a08b98f9
f9dbe9fe-f944-425a-994a-432bc5573d9a,VISA,8ecd3805-e5fe-4b38-9319-cea26fb9802b
72d56777-eb5a-4320-a1dc-e784cd0685be,Discover,76329ba2-386e-41d5-9b2c-6f35cc0f8137
9e2ab8fa-d8c0-469e-b1a0-9ff9bb88fc3c,VISA,3932dcdf-3102-4569-b9b9-dee0d654370c
3758e79b-3765-4c6c-8813-d7b424717d1f,AmEx,1958b837-acac-4a0b-b638-5b8f68c89f0a
2ab021fb-a1f1-437c-b618-b3a67be8aa6e,VISA,7a51f7ea-fa6d-407c-b5d4-516042ee8b3a
c5d08cf1-e3c5-4528-b028-02490031b7e2,AmEx,52bcf1b9-b2e2-401c-a9c6-a8e9538606fe
0356c02c-20d9-4b4a-90af-a4979c1db02b,MC,522aaa3d-587c-4cd8-b3a6-dbb939321f8e
68f16366-e76d-47e2-a55f-82263ca76196,MC,70bbf503-66b9-4778-ae5b-1a305e49915d
67df32f8-9846-4d2f-95e0-55966fcaeee7,MC,da3efd45-0a18-49f8-9abb-07254188f756
474301ce-ac29-447e-b059-52c7ca9162e0,AmEx,570c42d3-c15a-4e9d-83d0-bfa139f9f251
cf8ba87e-a624-4e50-b391-9f890c2efe99,PayPal,08f81c04-9a90-4395-ae1b-9d85bfa770f7
56778c25-3e56-4551-b2bd-25a8901d0990,Discover,aaf1e645-cc2b-4332-9693-ed98917838b7
9d3e18ef-c319-4b24-92e0-bb126bf5caee,AmEx,034d45b9-491d-4010-b22f-aa5000cfc725
314280be-cd9a-4466-89c3-83bec95c705a,VISA,0edcbfb4-68ca-4d53-aa05-dd63e4d9fbe3
abdeeb85-f6ec-4c9f-80e6-62fc3ff78e92,VISA,048e7632-89bd-4186-8df6-4c95d110de7e
1990eb4f-a146-4950-aaae-80a3701e9424,MC,f5504d40-9ccc-47ac-8c4c-6875cc811177
4d64751b-ea57-4a5a-8969-ac71007b3a8a,Discover,5ccd1d7a-8f2e-464d-ac61-33bf785e5fde
71d2c209-54fb-45be-9f30-83ed668908bb,MC,5b896b9f-145a-4f0b-972a-33b37520e2d0
ddb40445-3420-4e61-8ef4-94b977fe70ab,PayPal,9b4c381d-8d3d-45b0-837d-7d1354d8651f
0d6450ef-7b89-4481-9ec6-7327dbf2fc5f,MC,56b3d491-a37c-4721-bead-5cab1152f7e0
431603f6-be2c-4dc1-9563-4f89c464f7d1,MC,fe5c11be-1e33-4eb0-a33c-20a64988f887
e16947a1-942b-4393-bec3-3e884e77e29b,AmEx,ea6569aa-97d6-4f61-98a4-b1d429724f8e
8177e999-9517-494b-8cbb-8697b860ae55,MC,8cd84408-b3f3-4af6-9583-f67bf5a417d5
3f77f15e-363f-4c67-ad5c-d5dd1d0adfb9,MC,0bce8961-434e-41a6-a265-bdc8c7ecfb9a
511cc258-dca9-4a6c-8f02-46508890b26b,VISA,387e03fc-cc62-4962-98e6-0eafc9f1f82a
83918147-7b33-4dc1-8d08-6abbb8f3c3eb,MC,fa9ae471-75e4-4e1a-9b82-b8da55c6b16a
9812f0db-9376-4e52-af47-ca465ea1fb52,MC,0699e2be-c69c-4ce9-bb40-92383ff93fc6
17cffb94-ac83-444a-9eee-1236e1f4b761,PayPal,722e9722-5397-40e1-be83-5d2f064ecabb
c2b173aa-7f82-4c09-ac93-0214f7b7e05f,AmEx,e7c6265f-d58e-4a3a-a32f-969f20897ea4
7de81365-e8b2-43ad-b095-cc67e61d1455,MC,21cb8162-8a1e-4f0d-97cb-39036f8f4661
dfb223c1-44bb-4fe2-8838-897e420a9525,VISA,63b5ee8f-bd61-4cc6-b113-e19c8bc20823
768923f1-8c80-4c75-a425-c7f1af139d10,VISA,b3aa715a-20e9-4443-a896-00c1e2b61e73
1d9bfa44-ef0d-4873-acf1-adfce77f190f,VISA,636c31a2-198a-42b9-a4c5-093c87ef5bd7
02c5a03d-8ff8-4f02-991f-759c7702aaa7,VISA,c37c4179-5839-4e6c-968c-345d7ac783dc
9087aacb-9bb0-4a5d-b2d1-b3ddb894702a,VISA,67cc666c-08ea-4fbb-bd0f-1966cf69f747
54dddf44-31eb-413a-9a96-1bf26621e918,AmEx,5f2dceff-de40-49c5-8cf7-255d7f85f00c
92e8512e-dee9-456d-8a12-ec1a962a2dd7,VISA,b3f74237-8ebb-4af3-84c6-f94e4d9b2e99
6839d198-0ca9-4561-9d69-c2825905ecb7,PayPal,81cb5a5f-c05e-4db2-81ce-b437f1daf64b
92dcf66d-2fd4-4538-a1f3-7340abb8994d,MC,2cdea313-e77a-4ada-9a89-165ad8878d19
5f1589f5-b88f-43b9-94ef-8e51c1b7bf93,VISA,d79fd117-22e3-416c-acab-05d28bfd6009
701f61d2-fecd-4a9c-a516-381898cec3de,AmEx,92ffaf96-d489-4189-8c7c-6767a0b917f9
bcf66d13-f47a-4cd8-bfdf-a97146eb35c4,VISA,b7be1500-13de-4de7-8bac-44f8f90986d1
4a286571-dced-4342-96d1-3e1cddb33f93,MC,352d6c66-80e8-4951-ba79-c6d11699baa9
4fb2d5af-4d1a-4834-963b-b9c9aab5f161,PayPal,34971b65-1511-4201-9c85-ea61652eecd9
58cf1f0c-773b-4661-9328-1a48a06e771f,VISA,b3621910-adca-45cd-9bfa-897a777e9fe1
8c339ca5-cfdf-4ff8-a343-3e68a3029534,AmEx,4e47ce9c-0c58-478f-bd62-1719b9ac209b
d33af445-0582-4fa5-963c-1f3b678f474e,AmEx,92735981-6dc3-4ee7-aed9-99e74ef9f75a
01a9378f-ce94-43f0-ae33-b4678589e66b,PayPal,30de520f-9a24-4ec4-9f0d-7704c025a12e
2f697ee1-7bda-4d69-9462-2b7f021efc8a,MC,9586c633-9928-454f-bacb-62d334ae332c
a48a8401-3781-4d5a-afd9-50cb9e47c1a3,Discover,bd349da8-ee8e-423f-a6b9-7dd5291fce23
7ff7d9d7-4470-4398-ad0f-01561cc575c4,VISA,45d1d7af-224b-4393-8a86-f9a972487ea2
ac58ef23-c2ea-4089-9f0b-0f199a766bc7,MC,ad0bfb1e-9e72-413a-843b-6764f9c15373
132f8632-921f-428d-b34d-092f485ef9a8,AmEx,26e572b1-079e-4f36-938f-ba821d292b91
75f80e8b-3859-44b3-ba47-8270f91d61c7,PayPal,bb0ddd6b-4157-4637-96e7-d5fcce4f6c57
e7b771bf-560e-49e0-9d3c-a8ee710a98b4,AmEx,cbd5c30c-1f2c-485e-889b-65b69795a6f7
e421862b-3401-4577-9210-e5c3f2960714,AmEx,aa50c327-36a5-4acb-b4f4-b4de1c455e4f
5ed2e290-43d8-4e1f-9766-1f8476f38c91,VISA,e196205c-b942-4274-990b-3a1b01b9d693
9071bbe4-cfba-45c1-827b-2c6f495e5979,Discover,d259ba02-f287-41ed-b0ef-982413589893
345de0b9-b0fb-4051-9061-bbd37dd5c9c5,Discover,227d9a73-4fac-4569-9157-c7839d39ccae
699ba62e-ca1e-45bf-aecf-b9e42f058949,VISA,8cc29ec6-4125-4e14-8af1-c39c85986198
86fe73fa-cf99-44eb-9450-881db59329de,MC,abe6fbc6-a081-4afe-90f1-b0e7e2cb152e
8d1ab058-beca-4b37-a93a-fe6cd8c859aa,Discover,d474b263-c9bc-44ca-a120-aa96d6c3becd
9d18592d-af42-4c56-8e29-7777e8b00b2b,Discover,2a8776f9-0b4a-4065-8a6c-26b035362899
69ccd83d-44d3-407c-b154-3bb2c6017ec6,MC,9127676f-a309-4e7f-8f5c-840816d0dfea
24574010-5513-40d9-83cc-9deabe5a26c9,PayPal,13bd175e-6090-4062-871d-3681bad5b05e
5fab2b1a-3a54-46ab-bfe0-02ce31d26428,AmEx,be7300cf-168e-4545-a7e2-5dca86c426c7
7d4637f0-6d04-4eae-aef2-4057cdb24f7f,VISA,c3f6f130-6dfa-413d-a122-7435957dbc89
75dcf6dc-d1f8-44d7-ac8a-89fe3c8081db,Discover,d703cdf4-bbd0-46c2-9f5c-51b7b35f2bb4
e9e20fb0-38b3-4863-b75b-aae14dc01a75,MC,9a38eb38-1b86-4b5b-b55a-57538bb3ec24
e5339b56-2c7b-4c57-a90f-981b536e950d,AmEx,15c98c31-0cd0-461f-b027-44e0287e2159
d7ae9380-22e3-4809-913d-6153848f9951,VISA,91bb0666-172f-4516-9c63-e951fb5ca072
41f1cf80-f6ce-452d-812a-a6c9866982d3,AmEx,26bd4667-bd9f-41fe-a9af-d073beff5c38
44ecdcc5-ec75-4cbe-8f6e-a7d11eac5af3,PayPal,4f1b95f8-ca0b-456c-94ef-23b38fcdb85f
a2212e01-d043-4244-8bdb-229b96fc52d1,VISA,c13832a9-93a0-4cbe-842a-2550b30cb579
de107502-55f2-40ea-9c40-6e68b689efe9,MC,a9863f2c-ea08-4862-bf1a-e7d157fd3800
4a1fce1b-23a6-4f3e-a4e6-745a80484850,Discover,3133c2b6-b529-4456-a369-156e06a0757e
f00710bd-d769-4331-8f2a-7df2f12d6b01,Discover,30eff70f-3b90-46da-9bcb-58885540de55
7edd1465-ca6b-4919-a629-e96c52cae665,Discover,d228e7c8-9290-48fe-bcbb-acf75770ccb9
da970988-e62e-4a61-b24e-61368d9e68b6,VISA,36edd06a-f988-4744-832d-1cfdd4cab540
20fff015-34d1-4782-b697-2d764620998c,VISA,d7569a42-9e5c-44f6-b1ca-23714ea1cbd2
9bb794f4-949c-49ae-9c27-9cf927a45a9d,Discover,7245b908-2d6a-4db7-8455-4c467bf47a84
814378e4-e0bc-4ade-95ee-a79d46724090,VISA,793b6053-d277-4630-8771-9c532ad1bbd1
e60044d5-2c44-4c9a-b510-8adcc038bbd1,VISA,443a9ca0-50cc-43a8-9dcb-5e6671c1ea3b
27c73d6c-5091-4f0b-9fb4-e40130d1919c,VISA,d0e03711-65b8-4819-b2e3-600920c4815e
eab51c9d-b061-4891-abc6-ca65f50aa987,Discover,b176fda4-8c8a-46e6-bd41-c721f803b040
e206eed3-8f7f-4368-b9b9-5dff730b297f,MC,85b167ad-5c69-47bf-b6a0-529a1096624c
1b4c725d-b712-47fd-8d7e-4fa94048a445,VISA,2007db33-4da5-4a76-ab08-3f8736f68bd0
2fe75400-4bb7-4666-864c-32d4c772e326,MC,ec48d231-7423-443f-9a88-f2bd6adbef69
24ae52b3-f303-4dce-a015-5359e6d5049d,VISA,5b0afb6f-2275-4d05-bd8e-bcfa2ba5a404
f68e0fae-0d4c-42d0-840b-546aad92cebc,Discover,f9d666cc-fb03-48de-be29-294805e1b667
64b4dc56-7939-4c81-a690-87a444325541,Discover,26792360-9c73-4299-a30d-47eac1a0d9a7
eeccab94-50e5-4abf-89b5-a414cee920a9,VISA,60c1c6e6-15b3-4cf0-bdcf-89929ceba570
589f116d-0776-428b-a12e-a4fa615e78b5,MC,c051ced4-8c53-4ff0-b422-fd60df4aa59e
3c8f881d-0985-4c82-b0a0-b9ba0b3eb689,VISA,ee734448-8d7d-46bb-ab22-e77b0cf24ff5
b495935e-039e-43ae-ad19-b8058f79fc7a,AmEx,5f06e8c1-e739-4383-a2f0-65107572d3dc
5644840c-f7b7-4459-9d36-2700c7d88661,MC,45d987df-28d1-430c-980b-0340ddae660f
8a5a5fee-014a-472e-b82d-140c0e1c0ded,VISA,7ff79c58-ca36-471e-b5a6-bef9e75c98f8
4eef7112-2b86-4524-bc70-7f6c3f6b6d59,MC,d2cb812f-8b0a-4706-928c-771310dd75aa
aa3fa8eb-feb6-44da-b19f-b81a337eb53a,VISA,f8a02721-4575-45d2-b1d6-1eb80eecc154
b2579944-000e-47e1-af61-896cd06efc79,VISA,68bd8386-50de-4f7a-b5ef-49dde3fdb656
06799f95-2df8-4653-bf4f-2ac203c694d5,VISA,7018a2bc-282d-417a-999c-ddcd4dd90df5
290e82ac-4b26-4f42-9502-7e7104653e7c,VISA,d24c93a2-8fb8-44eb-aec8-41542c7ee775
4250cadd-4e34-47bb-b952-5feb6099fd8f,AmEx,e83538a0-c8ea-42b1-b785-fbab8c79d844
380c3f28-ad30-4762-9eb3-776802a1a704,VISA,66c5bf8a-da8e-4d83-bae9-ee546b67dcf7
32268705-e69e-43d3-8fcf-b671c3abfdf6,Discover,57518d5a-803c-411c-b3f8-7f0d9d4e1862
3005aa72-c3af-435f-adc4-8cb25cfa7bc2,VISA,0d7cb55e-73f2-4865-8aa6-cbe5de3dab5f
122c6283-dded-49a2-8f51-375f9021de69,Discover,e5bc30a7-148b-405e-882f-c367ce47f066
ae92b3ce-dd7e-4b30-a6c0-5bd5c9765963,AmEx,2347383d-99f8-4106-a200-5896300d10ff
a0fd6a6f-663d-4385-8ea3-978b9c98651a,MC,6ccf5fe0-4e30-4186-9959-90b1e30e1e6d
0c50158c-9228-4a1e-ae97-ca6a2c6b088c,AmEx,d3ab66ab-8747-48b7-834e-d316005e40be
a7991cff-0bb8-4357-92f4-75c8532872ac,VISA,278998f8-47dd-4d13-abe6-e201e7f275ac
ef4e722f-d46b-47db-9011-7680bc96d34a,VISA,4a4d2699-3787-48b3-a307-31ffa1a3d503
05703430-dd7e-491e-a702-5f3d731f2d47,VISA,179bd01e-36d6-424a-839e-5b145cb679f2
13143bfb-7ad2-4fcb-b424-de1b316613d9,AmEx,58aa8e3a-e1a7-466b-8b75-4bb0bb287dca
f2f08a55-5fbc-4417-be35-5db02d08d46b,VISA,6f08a90a-0cac-4dc4-9270-d149c1314dd7
64a1ef81-02cd-4038-b9f5-cd53e19b701b,Discover,597962ba-f10d-4c74-bca9-102a41f2f7d7
1248f726-e23f-43b5-9a6e-4ab9606a357c,VISA,360c57dd-66e8-4f25-b115-83ef11405f92
fb613d6e-7911-472a-89ea-5a17e4be1a62,VISA,855f90bd-dcf8-4490-b226-fa29a0a60135
5f727dbc-6f64-4d66-88a8-dc0b74c74a58,Discover,1e417e56-738b-4e6d-89a5-0852ecbe879e
1316fed2-76fd-407b-9d57-fe94e14d11ba,VISA,a5282a09-22fd-478e-85e9-22097583a5e2
0e5d087a-25e3-43ac-8858-5dc2bde36ecb,VISA,9182bdaa-f0bf-463b-8e2d-9f02e6ff1cce
0860c92a-2aad-47c6-9a0f-e413d672e55e,MC,c31e2197-33da-4cd4-a9a3-77ed91c8406e
b5a75ff8-0cf0-4d7b-9c05-c06990393994,VISA,2b6a4b98-59fc-4a46-ae81-f615f54ccd2a
48894177-7ccb-449a-bd95-555eb0d17e0a,AmEx,935869f9-3aff-4116-bb84-4d81079c2d98
98d5e936-6243-4311-b97f-fc449fd9abcd,MC,dfbd63ce-c3ee-4b73-9e04-4f9606e7d7b0
bc75541b-7a59-4a7f-a6f0-c73c526724b3,MC,bbeacba1-74a1-423c-9b42-2769cd786ac4
a2ebc58d-c5cf-4a10-b796-bfeb1b51bd66,MC,82baa67c-74a0-45d2-91c4-29beb6f97763
6837c55e-a1b7-4448-b5b4-ea896ca9db22,PayPal,2a18244b-9cf8-4d32-a164-8a9074559da6
9d226432-e4cc-4ef8-9161-e57c7e27c482,VISA,6ab1bc8a-8aed-41ce-8816-6f0680966f73
de59a2c6-5b82-48cb-953f-3827e98fe11e,MC,aed23b85-6309-4aa1-b043-bb2b0f61027a
5c8c426f-c82c-40a6-ba55-39cf6e4eab55,MC,f7ac249b-a39b-4d3f-a192-b9841f0745dc
5899233c-2165-4adc-a601-c308e6988099,PayPal,bba3166a-34d3-4e92-8ecf-4254e935e7ef
76004602-9910-4519-9387-3db52074f7d4,PayPal,1712c09f-406e-4103-9483-0bbdaf2fa9e3
e3b5358d-8a32-4974-b197-231883b2bab4,MC,6229b80d-e6a0-45b2-81b0-b5327dec6a1c
7056cb4f-b117-49cb-b32a-85aaee85157c,VISA,7fa9bf00-691e-4233-b609-decea69fe716
4c90f099-726f-4b7d-ba9e-d3ec3962f25c,MC,9c4de12e-c9fb-4433-9e1b-a9e08f88241a
2c1cdb1f-6cd7-438d-9835-11d693ac50c3,PayPal,944d1621-443a-435a-9b9e-4ce578f4ac57
10b15269-a2e1-4c6b-af1c-d94d8f433996,MC,75f66c73-f0ee-4f77-9aa6-0dd4c18dab94
f52bb5e5-6555-4c1b-aa29-0e14f5ff331b,VISA,8e733164-68d5-4607-a62a-371b7af36e2b
ec17ed95-6625-4d12-861c-545e4d7e6490,MC,aade5a95-c644-4e26-937e-433efee000ff
35a5e487-a594-498a-bc32-fa0949300c69,AmEx,7c32a0e5-de67-4749-aadd-9a52f2bf0b1e
4da453c6-e7c0-4eee-b7a9-ad7243cb983d,Discover,d6d5f213-905d-4f77-81e4-819e8a52e61f
889e92f2-f6f4-4f33-af0f-e291369673b6,VISA,ccd0373b-cbf4-4383-ac7e-6a3d18caa2d8
29804270-55c2-43f1-8d35-468c2d1d524c,AmEx,a07fc3fe-bbaf-425f-96a1-f7ce047ee032
bba837a8-e419-4a69-9343-bbbd54bb83d7,VISA,06779b14-1e9a-4b39-9aea-c40726d1c9f4
c4cc20f8-b6a6-4295-a14a-758fd2e48fbd,VISA,0f89a01d-80e1-4061-bf1f-0c723c307a39
afa9ae5b-281d-418a-a1c6-ac121fa81859,MC,3cd1c96b-0567-47f8-91ff-2bb6f248f730
5356a46b-0874-48ce-947c-0e78261afb50,MC,4cd3404b-559e-45e7-bd42-7631a6d9beec
4916c605-32e1-4941-a75d-02e6e650e773,VISA,fa613b6c-7558-42bc-a483-f9a7b434b1c0
6721ba83-b2b8-45e9-855a-2d9620d3b09f,MC,5be94870-a17a-45f0-bb68-bfd39ab1e3ed
346e149d-b3d1-4e23-ad58-80e4e4db0387,VISA,3e1298e7-5a1b-454c-ad46-adb27f040bf4
bf5c6b8b-6bef-4add-9d0c-ffb79d0c322e,VISA,e51f56d6-e02f-48aa-b9a2-0348f6f5e49d
c02da5e3-927a-4f4d-9390-dc962c331912,VISA,c6fd4b4a-0404-4177-bcf9-11194f8f43d2
e64b448a-0342-4325-94c1-3c1035b66630,VISA,fc12e601-a4fa-44f1-9d00-b3653e401d04
48a17577-ba71-45d5-84df-a15a0e5efe7a,VISA,09d42806-c57d-4f96-9d70-8555addf90e1
8acdb7a6-b01c-46ff-8804-dcd53493f8d2,MC,742bb09c-7dd4-46f3-ba76-7a784c764e73
357a0ade-7a97-4125-91aa-386425647ebf,VISA,0902670c-4f8f-4e7f-b3ed-788db4a85f98
7ca915d7-6760-4a45-bc30-a98431a3837c,PayPal,70f71b9a-449d-4e3d-a89e-13c56140c20c
80b2c232-503b-4032-a1b1-d24d6ae41d99,Discover,41e6e8a7-57db-447b-9831-c62ee4a442f9
5531f8fd-8336-4bec-b973-9259a778ba6e,PayPal,cf7d67c6-00ea-4bbe-9ca9-3908875b47ff
b3de2135-11fd-4f23-a92a-6d22a2346c8a,VISA,0bcd4bfe-b30f-45da-8594-153cba590c11
8372cd0c-5acd-448c-ada3-fc4ecff24b2e,Discover,a8ab4061-c2df-4799-922a-4f82248b850b
cab70f6b-5ef0-4e40-865f-99b7289b9159,MC,26508527-879e-4fb7-b225-62a172fb10d7
d8366da9-13e8-4dac-b58e-489eb0a36bf0,AmEx,d686667f-9e29-4e4e-b209-11c618ef8b9f
5d4cbcd1-146a-4a4b-94b8-5a11d22a8a48,MC,7f15e725-1bd4-4b4c-b5f8-8af51c0c3373
2146d434-98f0-46eb-b697-91222e93b265,VISA,78daa97f-6551-411a-8883-d0f3bcde0f1f
a46f4434-bfec-4792-905d-d8ef6a1e8a3e,VISA,7f92941b-b0ee-4262-ac1e-11cf2bdcdeb1
a13f6ab0-bb06-4fd2-b0fd-b6691d88f168,MC,9a72f30a-8a91-4d07-8ed0-3a4503635890
492f9f2b-047e-4ef2-a2e3-6b5af57adccb,MC,cbbfae50-9d83-468c-a440-1d971e8cdbaf
fdd0770f-26b8-47e8-aa89-30708d5d3208,Discover,fbd62af1-f055-46d4-96b4-3f6f519480fa
29415747-ac09-42b6-8979-d7cda097c5e4,MC,386bf3a9-b599-44f4-aed0-4d910fa0b9d3
81d2f32b-0c06-45dc-b290-616d40959bd8,VISA,cf7a40b0-76bc-4173-b54b-60723bc822cc
356554eb-75ec-4418-b665-d04e77a1df20,MC,c8a767f1-8130-4db4-bbaf-6cd72b9efdc5
a4ee3644-05bd-4abd-9123-eea857e41d0d,AmEx,b6a5c0e9-398b-425b-a075-8cbe332e1224
1239e273-9c83-45d9-ad51-fa0af4c3d62e,AmEx,ff6750e2-21c5-44ab-8c36-cf2dc8e343c5
63e9e364-505f-4705-92b5-5ccaa8aca350,VISA,fe80608b-03eb-43b9-962f-83152c5912e2
9fbc7839-5cae-48dc-8eff-4b9d689dd566,MC,57c754ce-b8fa-4480-aab0-16f7e0baaced
a01ce7f3-c669-4ee7-8d4b-66191b24db6e,VISA,173ce0ba-34b4-4491-92e5-7a483d8081c2
0b5c78c8-5bc8-40ab-98e6-e85a5adb1f95,MC,9ba05a66-6339-4e42-b7a3-ba4ae62ce6e7
f7cac269-1760-49db-8128-e07b8967339c,AmEx,c95e1f5a-34b6-491a-9e94-be822f393f69
1c109cef-f09f-4432-b52f-1064de135f6b,MC,3e8372a0-6738-4f7d-9421-3f1c5396dc95
2b55339c-b365-4227-8eeb-44467c2e54d9,VISA,520b6377-1024-4d32-8f67-794b2d8dd216
c7624289-1288-4d13-8aee-5c81983599d3,VISA,34664191-a066-47cc-869a-4e660c7e7b2c
59fa5428-bf9d-4456-9368-1bc0bb6a0148,VISA,4fd3cf02-b98e-4023-b3ef-8835e29c3638
b731bc75-b1d2-4f7c-8bd2-1f9a68752298,VISA,33637598-5c89-40e4-8e60-37ea38cd2618
3a035f47-1a6f-41f6-887f-f501da3745fc,Discover,ff312d92-2419-4f6d-a1bf-d02153e6b616
9d5c1e9c-2612-4424-b04d-9cafb31d739a,PayPal,c865092e-dcf2-4739-9169-34314acb1101
0c11d579-8fc5-4bcf-ac6e-ec3a1131b563,VISA,c23d9928-47de-497e-a500-38d6a0668d8d
5009ddfc-1dd6-4a73-9b5b-aeb69bead7a4,VISA,d7f5212d-57b3-4828-a869-96f15f60785f
019db6c9-46d4-404e-acdc-55b4b456d1b6,Discover,525a267f-9bf1-4adc-91be-73e73daedebc
c5ce5262-554f-4721-9a0d-e4560ecc5e8c,MC,c2176792-9078-4389-b687-ca4c8b1944a6
0c3c0650-3e3e-4f13-839a-1a2c5efa0705,VISA,becaadfc-df20-4252-8fb7-4add63aa789e
9b1bc0a3-3370-4491-9212-a7c9460693a3,Discover,dd9184da-4c7d-4a5e-a946-3559cc474b70
dccc3da9-1f77-4c9a-af15-1b596618140d,VISA,7923ce1c-8497-4a48-8fa5-fbce487ee7d6
bd0ec2a6-aa1f-42f1-96fa-417a41569cf2,VISA,e6236e8b-a372-46e9-a784-3d83ffb420ec
8799383f-99ad-4280-bfbf-006196243497,MC,31fc2d49-c365-46aa-9ebe-25e498e295f4
fb0f1ea0-d819-4364-a6b5-80f7c98c81d2,AmEx,ec818e4a-e5f6-4953-ba86-e27af7e89139
44e88db2-4f74-48d6-8498-5ca1a9490306,VISA,5b5950ce-8878-4192-a024-69457ca0e4ca
32455f59-dde8-4719-9069-79eefa222e66,AmEx,c1fb77b6-e091-47b4-a114-54038f054f3d
eecafaf2-a670-4830-ae2b-be17725a4bd6,AmEx,ec850827-be0e-42c9-a320-7a4ad6966a9f
fc75149d-f34b-4c94-9c54-8e67d4b5f247,VISA,5619395d-b08d-4a67-b702-f922c47ff0ef
b61414ee-ff13-4531-b221-5f3dca4bc350,AmEx,b12eb643-4593-4225-b80e-284b87a67b81
dddc4b6b-d7e8-4bc1-89d9-e29f9491c9fa,VISA,50e65a24-9969-4b0e-8105-e3aeca35939e
81d3cddf-4a36-4bd6-90e4-29a5b47c591e,VISA,b2d138ca-747a-439e-9c8f-f90d893f92ff
c2f1f713-ba4f-4c05-8cad-18cf5b93ef2c,MC,89852779-c125-40d1-9930-fcdbc03b4503
3102fd8d-0272-4e10-98d9-fc3ef898422e,VISA,276e7b15-cf82-4317-9d78-18f4005a9fb6
7ae282d2-06ec-4c6b-803a-4d406f05cfd5,MC,46f9a309-7ef2-4607-8ee2-d1b15772e784
fd8b42fd-0425-45da-8c63-dbe75b1e8760,VISA,5984134d-0510-46ad-a6dc-f7391d8ec397
71a4141a-29b9-4efa-9da1-c3c31839efab,VISA,9fd4029e-e900-4e8f-9517-ecef1bcb2151
7b6a30a2-ef88-44dd-8596-3cb8c541e607,VISA,4388655d-4379-484b-8caa-b7a48a11191a
fc8e89d1-5839-4a4c-a89e-5dbbed6d6e08,PayPal,aecd90be-f3d3-4f11-8bb7-0bbc9762836c
c770c5e1-946e-4271-b15b-d61878c805e5,VISA,c2eebcca-ea39-4b15-95d6-98ca25fb0628
77354196-2ddc-4258-8cd5-9687632311db,MC,daa44c0b-68fe-4e51-bf49-3d015caf5370
bde0bfd8-bac6-4880-9c36-6d9307d41e5d,MC,9a61db05-a2b5-4f2e-b14f-5252bcb1aa03
ecadb806-e0be-495e-8d0a-d58791935465,Discover,d3fa54f7-e35f-4de8-bed1-7ac0c0d2ef69
b53b94b6-71af-4daf-baba-775ce1ace97a,VISA,e5cee806-9401-49b3-b740-62b9150e80e3
bde6423a-95a2-432e-a1e6-aa873e93eed4,Discover,a25a2f2a-dde6-4865-9d3f-69cc8ae64adb
61116bcb-07c9-49c9-b636-afbc51e08f4d,VISA,2f3b6057-6018-4182-a745-1c17f7db71c7
b57774e2-c4a4-48f8-b791-ce0097e0d151,Discover,c4630114-0159-4755-8faf-390275444bca
f4b83510-d5ba-4da3-87a6-8880a61d0053,VISA,9adae541-d53b-404f-a115-62ed99e886be
f835d6c1-ea0b-48ec-8528-81dbd4ac7af2,Discover,b4d2af1c-161b-4966-8ae0-fecb2fa27844
4f794c87-0bff-488e-a36f-1c892bb0d848,MC,b385dc1e-4ab4-4e53-b14f-496b399c0f2e
8fc825a7-cf3d-4c5f-8494-b8a7068d64eb,MC,fd7d1979-a340-42ca-b6fb-b5e17677fc1d
04356ac7-ba9f-4356-8ad1-c5d04d4d54c0,VISA,8473ed59-4303-4049-9ce0-698ab6b505f9
eafb061f-6054-4b20-9d85-709e403d3fb5,AmEx,f58a5d14-7151-41c6-8feb-36792ae87133
5feeb0e2-9d61-446d-8add-ed5ab9899ce0,MC,ab940425-eee2-41c2-8cc8-ad734cd17a30
5627b8d0-0bab-4df9-bace-e0aa8fb887e9,AmEx,dbd0a3dc-ecf9-47e9-bece-40d09093165a
b2cc82b2-6d93-413e-9a81-3a855149b31d,VISA,6d99bee2-122d-4efa-abf2-3d9ee9cd6b20
cc8fad55-3389-47a0-aaa6-016aea35c0d0,MC,b6841502-a2bf-45cc-9c82-7673d7cc0295
c8a8f727-f023-4913-88ca-cd62634dc2ec,AmEx,5c81b622-e1c3-4d33-a4ef-53ecacd791b8
744c075a-0a4e-4bcb-bec8-a976c34d188f,VISA,30d0999d-80ef-4a83-b641-e3151eccfc27
087fca70-cd31-411f-96de-6411811086b7,MC,abd02049-5287-4379-9600-f7c12d8f2f69
0d028376-49f6-45da-bc70-3e46734a4a8f,VISA,bd5448d0-b4e2-411c-bf0e-2da41effa5a8
a8bb2b32-ab8f-4681-a694-78de18731633,MC,e1855782-3388-4cd2-8e9e-a3d7fba0751b
0a5c0e75-9779-4a5d-802d-07c64e6214c8,MC,c78ed80c-62b0-47cd-9e06-84082bcb0612
b84d7d9f-218c-4f82-9d72-82ba1d308297,VISA,95d8c994-ae6f-42da-bd22-e57386ef98b0
d8a4ef21-3f33-4b2d-9bd2-268b8b854ef9,VISA,55fd877d-1d92-4794-af21-2765d4619fad
975ab68a-f22a-46de-9ec3-7eb4a8a7fb95,MC,e16d77e6-08b1-4faf-9ccd-3c3832a10b43
7c995563-3f76-415c-b7d9-c0482aa52b8e,MC,d70b6aac-0635-480d-a62d-eca231980b4d
8b9369c3-15dc-45b4-a86e-b215ecd02cd8,AmEx,3f4a7099-ea3b-49fd-9267-227791f4c1ba
daacacb5-017e-48ad-ac16-0b84cc777b17,VISA,765fea9a-f735-49e8-b69d-09eb190e4b36
84ad8305-0fdb-40cf-a246-f8b06a21c53e,Discover,90ad5349-60b5-4f0a-9ae4-e5e8769f39dc
2f4ae94f-587d-450e-a3c8-d7f48ca6fbfd,PayPal,e901c52a-d8f0-4196-937e-26f575d3830c
7f1517ee-c234-406d-9a16-83ae79a31dd6,MC,dcf94cce-9f78-4d3e-bcfa-232eb900c6ff
e1a07676-5086-4042-aa0d-268bc5eff658,PayPal,112ae791-5a6e-4144-a0f4-dd553975bd8d
518d696d-e9f9-431f-bd4d-fc059229590f,PayPal,0157d9fb-7ed1-483d-9742-83e726e9d878
6c485b7a-bb14-425a-bc3a-353b4cb8d639,VISA,11a77bc0-21e2-46f1-aaee-5b424aba962c
22f12a4b-b3bc-4ade-8854-df039a4618ae,MC,20654a02-a7eb-4b65-978f-bea1591d0633
72f853a8-7dee-4335-8a8b-d7f7d19275df,VISA,eb8204de-09eb-429b-aa3e-460fdd0f97d6
3392062e-ea01-4a68-af6f-e200f2f8c1a1,MC,09a54a0c-f0ea-4863-b4e4-cc5c5f1b7c85
bd6bf840-f6ee-4f75-8120-6f828375bc88,VISA,39803cf2-0ffc-4efa-b36d-78b9e2ca4702
3928d245-0a00-465e-a0c9-5ddf93c78bc3,PayPal,e918d739-90b8-42c1-b10d-8fcf866395c7
0839d02c-ca4d-47da-80e7-ae3b350a9acd,VISA,fc417072-ce6d-47e1-ba1b-156a99b454df
017384c4-6c5b-4588-8ae8-c7ca66341566,MC,f0aae663-f7e6-4039-801d-5855f66ffbf2
044c6ba6-3f11-4b8f-aa70-c889459752e9,PayPal,651839a3-de1a-4120-af46-358773b81cfb
2b973b6a-e81e-4e15-ae96-71109b779b8b,MC,23ffba06-9e36-425c-b1e7-8c6d2e2fd8ff
f058d4ad-280c-43d0-89fc-3824eca4e176,MC,3085977a-ea43-4a03-b243-c58d147d5116
d679b2e1-11e3-470f-9416-6d2ae03b88d2,MC,9680d435-b3a2-4424-943f-b26546a44f21
e3ea848c-18a9-4116-b7b0-275eeb217904,AmEx,efb304f2-5838-4368-b048-5b21e9e59564
69f25470-5195-4c22-a2ef-debefe68027c,VISA,c3262387-96ec-41df-b8ac-3893101dd536
c07675be-4115-4060-94d4-028497dbc387,MC,2ab688d9-ac16-4dc4-8ae6-6c0ff3ea1277
8b57803e-8989-4063-a07e-84b462d56bd7,Discover,ea1ce881-a570-413e-a938-e74e61eca1bf
7820065c-e728-4e81-a5f9-7ebf16d379e3,Discover,ae858de4-e7d1-4018-8826-cbacb8bfaa3b
8bd4d9d7-570f-45e1-98af-ceb263bf54d4,MC,54850403-aadf-46e2-a8a4-6efe4cfa6d09
a6279a0a-1e73-451e-aa33-f221ff3f62c3,PayPal,93deec62-862b-46b6-83de-7e1fd831ce00
fe94c58b-093f-4b25-88c1-27b4a55933ae,VISA,ceaa58fd-2112-4a5f-9710-64d6c55ec673
6c2a9b12-a692-4820-a690-2d9e8ab928df,VISA,20192caa-a4c4-4f0f-b7da-4433ba15998f
72cc1993-b4a2-45bb-84dd-5c360a76e193,VISA,5f010f97-1c1b-4c1d-934d-be71268ae086
16d058f8-7ac5-4809-9e0b-fecbc4d981e8,VISA,40cb185d-1e23-482c-b711-f31a28a675c7
5a75289e-e7f2-430f-9a43-cf4a5dfe1f70,VISA,c0b7a533-7638-44e6-9d18-2417269e7d80
c656236c-32d4-42ad-ad0a-e4874b16b2e2,MC,006e9ec0-8edf-4bb2-91a5-b8f5a36ee0c1
9dc734f5-8018-4a63-a42c-227f6b07bbdb,VISA,cf156f77-3cd7-4fa4-88c8-a4a03cc52d12
48592605-58fc-45fb-9b86-b61164bf05be,PayPal,665634a1-46cd-433a-8f9f-88f51e4f7255
d2b379fe-0819-402d-96ab-03107d30cb33,VISA,a9aa555d-2fe1-4690-a3b7-59ef1ca9ff5a
9c661c2d-8bbb-4736-a21b-265236a3b320,VISA,886a239c-4871-47bc-8a0a-ea4bd6b50b99
22ee7a35-cb41-443e-a99b-a9e66cb2fd9b,VISA,de0c89a7-1494-416c-821f-aa617d4baca2
6449634e-e477-4fcb-aa2b-db6dc0412d57,MC,984fc73e-2e52-4287-8aae-8338a409f056
44b6caad-832f-44fd-8278-a0fab2c62497,VISA,9b6ccdc2-682f-41c2-b6d9-528a31bb0ed2
ead7f42c-88b5-44cc-b94b-9c98f8a98d4c,VISA,1ff0b544-315c-4f32-93e7-2afc2242f8ca
9a45d69d-49f1-4f6c-b455-1f61e4dd9f13,VISA,fd7d504b-6785-405e-b297-4706c3d25b67
0439c59b-4596-4226-af7e-895b080ad30c,VISA,d3b15d73-cbc9-4662-a8db-ee80c9327643
af8ce99b-73d1-4ceb-879b-c3c811244e71,VISA,58c89f88-ff57-4920-a00f-0394a3c47764
d08b2440-d360-4c97-b3db-78a13306c051,AmEx,9b2517f4-9086-47ae-a7d3-31666e0131e7
29998ae1-c0f0-44eb-9776-a008d4fe9a2e,MC,4b7355b9-d136-40c2-bbac-2d9dee9873b4
4762d41e-1cd9-48f4-8185-86d61280c794,AmEx,5b8527a6-c19c-4033-9b76-04dbf0042781
f1e78bb7-fb2f-41dc-8eb5-ed0dab79ae02,AmEx,24525bfa-81ae-479d-8a21-3ccf55664599
06213fd8-befb-42a2-8274-85d2fb04089f,AmEx,ba36f6a3-fab4-43d3-ba90-51e3c2528228
98bd1350-cb9a-4822-8fbd-1527b623ca46,AmEx,9ca1e0ed-c46d-4ad4-9462-1922cedf613f
df10374c-f06a-4133-948e-27c506f5fc72,MC,9ecd6b34-5a12-481e-8979-67fcee33bd72
5efb835f-e0ea-42c5-a47f-33d81e8a6917,MC,1a6a2a72-6786-4398-87ee-024190d1d510
c39b998f-1670-4bc0-92d9-7f0b86b05ed1,MC,a0738bb3-915a-4ea4-b2df-167df9b6ba4c
9075f9ea-3659-4957-9675-b4da4a4e6d66,MC,dbd77ea2-e2a5-46be-b5f5-176d2412a678
c2c5aad3-8d8f-4788-9022-bd158c3b27e0,VISA,ca599fe6-d802-4ad9-92f6-042612ba13dd
9b496518-2461-4ae5-891e-c43dcd89b172,VISA,b6bb0df0-de4e-4bbc-99ff-621aa7d909c8
a74eb772-bdfd-4662-bbcf-28c8784f2405,VISA,6eacd398-5aea-4386-a1a0-21a95db8d579
e06d1fb9-4f5b-48a7-bf96-a0ec5e91ea5c,VISA,1dcce2eb-403d-498f-832f-3c70cb16e67e
63d3699b-06a8-4bab-8648-c3a59f1fd974,MC,886c2761-53ca-49cc-865e-0b8938229105
5a662fad-6309-47d2-8057-915f45ae88b0,VISA,ae28c9a4-a588-4214-8f9f-d89606b8dbcf
ed03b2f8-9724-48db-918b-81e20b8c568e,AmEx,f0984f68-f8fe-4800-b606-7c1a4f553679
520da810-c05b-499e-8311-f9e638c009af,MC,d7dd7e5d-4ccc-4dc4-beeb-8e59a2c8ac41
b1e99b94-6f13-46fc-96b3-a48b19481834,MC,2df7c6a4-2c8d-4179-80b9-bbf5fa91afc6
5be3b02f-1a7f-40c9-a7ec-5f67352b0514,MC,cf50e594-2bfc-49a8-9feb-21e68a5e3319
6e4a0a60-087a-4b55-a220-3e8659e579ea,VISA,5719d015-8a6b-47b9-b6cf-8a2e9d3b8108
d104c767-9dbc-4577-b9a2-9256dbf0cc31,MC,91efc56a-bf4b-4f91-9166-4e5e7bbe9efb
d53a47e1-f925-44a4-ad69-c6cab4fd3a22,PayPal,d8e3cf03-ab28-4c5e-b9ee-8625577b06dc
995f9c71-924f-4aff-917e-10e727783138,MC,fcd5d9f9-f76f-41e7-ae52-250faa2c15b9
1cc262a8-75f2-4666-b6ee-f8dcf68dc106,MC,18805045-1a8a-4041-b1f1-8f78cf9f3566
f42605d9-5912-4225-ab4e-ce7c7ca99942,PayPal,1a3d1c4d-6d8e-4aaa-a23d-c9f14f5718f3
7a903de7-a585-42f0-a129-133a38d2ffde,MC,e9cd6e4b-f84c-4f6d-8b3e-ec39cdeab33a
50d25e2f-961f-484d-a92c-93812e106473,VISA,3c7a2ea8-162a-4a54-b33d-0dd46a3f124d
6fcde9ef-3976-46c2-893f-c053afdfaeca,MC,1e5dc5ce-913e-403e-8eba-8f5dc05e4c21
0f38d4e1-3b92-4c5a-a3cb-d999288cecdd,VISA,ca7ef2a4-55b3-4065-993b-ae5208ade857
42a6cbdf-102a-4520-98c4-3a80ac223b64,VISA,b1257bc6-9e7a-44c8-bb39-c20ae77a134d
524b4ad4-51ba-4e9d-990c-54f48b76eb1c,VISA,18c1d1b8-04d6-4c85-b714-5a4108e6e44b
5a3198d9-9f85-430a-b2ce-a8083994da02,Discover,bc3f44b0-24ce-4dcb-9eb8-ed8120b07d78
184578c2-5789-43d1-8d93-089f9d372766,VISA,6ebdf1dc-bf3f-480f-a273-cd0afc58b473
83e7f01e-4e5d-432e-8966-522a0ca8b7b8,AmEx,4a766ac7-afdd-4fda-a363-bfce0d1e3e46
2c2725c5-5868-47e5-b7db-af292c3cadfb,VISA,b81dfef8-8e28-4ca3-bbe4-6b6abca90623
b62c8ad5-8dc4-46e1-80d9-c3349d487749,VISA,2a82a6e2-6187-4184-9b7b-055dbaf46f53
b684d4b1-8e1b-4f0d-ba08-d759a9b8eeba,MC,d965a506-c9e4-4acf-b52d-e10f63220648
973b9c5f-9a9c-4e7c-8e82-c9276f353500,VISA,61e888bd-0950-4f48-bb8d-8505227e6879
00ee933a-193c-435b-bf49-8aeaa0e3a14a,VISA,1c323c66-a616-4dd5-9e72-cf6302209595
6ae91d8c-2ce5-4651-8a4e-590ae4695a53,VISA,e50243d4-d9ae-40a1-b662-8908c8ac489a
85a69f5b-8664-413e-9be0-482444301d78,VISA,69bb2bd6-0937-4716-b3ce-5d01d0b1555e
d63478d0-f07f-4705-9631-56b2b377f32f,AmEx,98037438-7092-4cc9-a62b-1fcbf7a24d79
79b78b0f-b765-4461-aba0-3ef4f7c5dae3,VISA,22e70dc9-2455-4bae-987c-2a68e3a52af3
26d8adc2-e65f-4867-899f-075bab295605,VISA,f72405f1-18d8-43c5-90fe-d0cc07f96612
5dee5bf1-0efd-42d6-a59a-1bd8fd617c51,MC,cab8a018-3fc7-487c-9d3d-acb29dfc122d
58bb09c2-47eb-4357-86d4-dd73d09e009c,VISA,bb5a7c5a-db76-464e-af69-2b06684d34ec
2b9967ef-f51e-4f9f-9d11-0c417dc0ddff,VISA,08400a44-6a5a-4245-883d-2df1c03d10f4
f09a3afd-0cfd-45b8-9eb2-76f26039f748,VISA,c76c2af0-8944-40d9-8aec-872d81fdb95e
f665de88-13e7-4004-9561-ee74f0af335c,VISA,ad6599a0-0817-41ac-b765-c2a81f54f304
3ea540c3-8ee5-4525-9aae-40150c3798a2,VISA,44f97b05-b4c0-4192-9f3d-49db0063c2bb
534f6117-b781-4e31-a4bd-69a950882601,MC,90eaa44c-c42b-412e-85c1-0395ea0de29f
85ad0d04-0242-452c-8bf0-0f565d8e1287,VISA,053ecd08-2765-45f9-a709-7242c7ae84fb
4ec99ef2-7b5b-4dc5-8108-7d5fc58fb3f5,MC,71891b2e-2b48-4ec1-b140-6ac6f43f36d2
b2b5b650-04bb-4353-a94c-127451ee9abd,VISA,7425ee55-2668-487d-bcae-c3d33359597e
2556046d-1d8d-4ec7-93e1-49cdc74d0633,AmEx,d7abd89d-a956-4533-bff5-7fc2c3e58936
8795a962-4f3d-4b44-9271-81ad05394da6,MC,141c5331-704c-4dbc-b405-d4fd642242a5
b2cf5692-7501-4692-9e85-f5c017204dc9,VISA,36594388-8649-4386-94a1-c45c543db2f3
2cbf72cd-1a11-4410-95ff-782354e54a99,AmEx,6a34e906-5f1a-4c6f-aedf-60014482a498
5bcc3cee-5238-4b4a-b10c-b398ab74a041,VISA,920794be-3a8f-4ec9-b20a-b395ea5dfddb
4209b180-2350-4fb1-bd0e-394506388acb,VISA,7f71b028-1c03-4d8e-bba7-5a7ff9ebe687
d5e6bac0-c204-42ca-88fa-dabde822b6d4,AmEx,e5e3ac21-b243-4903-a351-e7ca7dd495a6
069b4c5b-18d8-4cb6-8d05-29ac23eb9918,PayPal,e1babcfd-fbd3-4dc6-949c-f36787466db2
6b7e719c-73e9-4835-878f-64819a190255,AmEx,2ebf5c11-8f2b-44a1-85e3-5ffee026fac5
86d04fbc-0392-479e-8692-1ba0ccf281ca,MC,7ca3e72f-b76b-41a4-8f85-8c79ee64eae1
55366259-73c6-4f93-a267-b3d253f67a1c,VISA,d5aaf730-20cc-42ad-bb5c-dcb98d5bfc25
0c1d4536-c442-49de-86f0-d82485101d72,MC,91fefa49-2a50-43fc-8c12-fa3eefe7e2b8
281252e3-e80f-4297-94b6-d736dc5c5092,AmEx,d0221ef0-c364-4907-a21d-5b903bbcc1a4
fa6b4b14-3521-4657-a3f4-9d1ef83c13d1,MC,eebb59c8-90d4-4721-8873-b93da6cf75e8
a4600eb2-9e7b-4568-8f4f-e131f9a3775f,Discover,4155604d-8da5-42fc-b56f-1ff62e5bee22
4a32169d-f634-43a7-8d63-ba77cec6f6f1,MC,22745128-8320-4e08-9e43-005d1360e0b8
2c86c1b8-bfb8-4aaf-9bc0-d6fbbc035aa5,MC,f090b05b-ac72-4bd1-8318-28705981d89b
d37d5e96-0e31-4d8f-b078-c3af01b61daf,VISA,eddca302-6771-480f-925a-3642d00e2324
728b1747-2441-448a-ac83-8a691a2a0501,AmEx,03173523-408c-4061-8384-fc84db81358e
09550ee4-afa3-4664-ba5a-4f7d48d1cbcb,VISA,60262a37-c879-474d-8497-b786846cb754
275a96e2-fdc9-4a62-960f-539fd216c6c5,MC,1b93e0ea-75fb-4383-8262-f91133486721
910adcb2-0bbf-4b12-984a-4b4f66d7ec39,PayPal,2b9f5f10-c575-4dfe-98d3-281456cb2362
c031b555-bd53-48e4-80b2-fcd08080e7fe,VISA,496edc8f-7c69-424f-b716-a072d621e507
38f86f86-8685-498e-aa53-10c6a990cb6d,AmEx,6916164e-4bf8-4283-abef-75b0be9676b2
1718e7e1-ad8e-4b17-a621-521d5f4eb6d7,PayPal,67d10b9a-7727-483b-941b-05835eed7712
09324e1c-ba34-4fa5-8b66-2ceebcdfd06c,MC,504571b9-66b8-45bf-b73c-ae04f191290e
4dec52ca-c546-418d-a709-42b8fd7c0cd5,VISA,c83755e8-e7da-4973-a590-f4911806a2ad
e2aeca86-6b2b-430b-ace4-e51bc7208915,VISA,e369389a-8897-4a58-a16e-304936033218
531fc17c-a99a-4095-b9f4-81d446eec4a0,PayPal,b1b085b1-0021-445a-aeae-daf43c4d6483
7cc77510-eb77-4858-94dd-de8c2351d529,Discover,2b940037-0ea9-4dc5-bd3a-8c69c347f57e
4b357bb1-624c-4457-97f7-595b223fabac,Discover,2a2e3bc0-218d-4dba-9489-46f98820859c
94df13b9-f5b0-44d9-a907-360b1235edd1,PayPal,a561595e-8660-4ea0-a95a-9fff065bb019
bd307d3f-b956-4d72-ac94-79b26d7b7283,MC,86217406-707a-473c-af8e-787c32b9a322
8129e745-abe9-4f14-8ed1-b9e46c687996,MC,dbb6796b-2d12-4e54-ad24-4b2494442095
0168a712-6165-4dce-a8e8-bd8425b7f069,MC,b3a0c6d8-d616-4729-9baf-28f7e742a4f4
03a014b0-6637-4b69-9574-1456544b0774,VISA,c31271e9-90b0-4ddf-b9a8-607c5a2ada26
14e667c2-e9ae-4a9c-8a5d-2a4e9a62c3fc,MC,c4a89be4-1bec-4bbf-83c9-64200826990b
2ea9ef2f-6662-4529-9e26-0f458c32e74a,MC,0c31bbab-be60-4af7-9e00-39a3eb8f7942
21c8d30a-e61e-4c12-9bf4-0b60ac7f8032,VISA,9b0da71b-3254-4e6d-87c6-e5d2939eae2d
b63a4b58-1713-4d37-aaca-febfafc51a8c,AmEx,342236a4-fb0c-4e39-9f7f-6479abedc6cb
0f1c15de-bb5c-4621-85ac-a85a36239cb1,MC,6021959e-686f-4d3d-ae4f-65b7a2152cd5
2272fc8c-3cd7-410f-9528-a14d9bae3ca2,PayPal,37700039-5d7d-4fbe-b093-358ae0e9cad9
b69b09fc-38c1-4bd3-9b60-9bf91ae87384,AmEx,c4da4139-a6d5-472b-ad70-98b6c4af37b4
c3c18fbe-1a27-4746-803e-9f6baf6dffb9,VISA,7ac26548-2a93-4bad-95e9-934f81140036
6bc202d2-a908-4dd8-ac08-d63500beee85,MC,9f533943-d3a5-4f93-ae5c-3af1002d551f
8d2ce122-1751-4812-8399-ac8bff42eb29,MC,d462ae59-106a-4ebf-bfd1-bf1dcd6fda2a
db60e594-18f0-4ab7-8d74-34aa3a824579,VISA,f884e884-80ef-4d32-bb50-9c6e10c5aa82
e38f9415-2371-4919-aacd-8ab7b2d48001,PayPal,8f0129fc-a768-43d8-b351-b5fe6cb0c720
4309feb1-9583-48b8-83c0-1cb698e24756,VISA,53203905-82ad-4fc8-b6f5-e21fed6c3bfc
d6cc2588-b058-4588-b71a-1feee28c90d5,VISA,adf7eb01-2b8c-4b11-a61e-f403dde6e8bc
06c2c8af-c7d9-4ef4-bfb7-59da682889b4,MC,8b4d6ed5-d6fb-4d0a-9c1a-0427ecf50e91
ac9d9e1e-1705-4bd7-9786-14f908bb22dc,PayPal,5e499bae-8f5b-475b-abfd-eb8f2f35cd3b
85becb05-a53b-44f5-aeba-277d137e9559,MC,c368e08f-6dac-48d4-becf-146b1789928f
f09dad48-4cfb-4436-9991-2a100240c7cb,AmEx,9843b8b7-8c3d-490c-8a1b-595a71138fbd
21ac7b12-203c-498c-9a0c-1ac362543348,MC,75efbccc-200a-4e1c-b61e-e919660411a8
13cd055c-2038-4169-afe4-af2f41848918,MC,3033c609-4ad7-4a5b-b6f4-2c999534ea60
fd4a75b9-d759-46cf-9307-e4ec1bef55ac,MC,683b6cd7-30b9-4fdc-a67d-fe2ab0e314c4
355beacb-9069-401f-bada-93fe67d45676,Discover,63a00d76-a1a0-4ce4-8030-bbfdb7173530
f5da80a8-69f1-4c7a-ba1a-84fb202bc9b8,VISA,9e1a18a2-abfa-40ab-ac14-ed115fcfb6e5
bf035476-d4c5-4de5-82f8-0a5a0e1b7e53,VISA,6a652cca-e7dc-43a0-8de5-649b79d32ff0
afcf958c-a98c-475c-8af7-d2e6bdf31b22,MC,c2b46553-194c-4a44-860d-a7ac42fe62cb
0a8e8709-d798-4155-9082-1755e56673d2,MC,6ca879da-dd6f-468e-9703-2ba20063e86d
de036c33-65ce-4f31-8e77-67919d411faa,AmEx,1eee714f-1d14-4442-b89d-907c485bf9c6
2ecb596d-1933-49f6-86ce-aa211299348c,PayPal,1b5c4894-2e31-48f1-971f-0e323c2c8bcf
078f6ea3-ea08-4318-9963-05016c88784a,VISA,c4258df7-fe42-4d84-b569-e323202898bc
713f47e4-9f41-4f8d-9aec-92801acfeaf5,MC,25ed7acd-623f-44a3-b63c-4c0782e122e1
671d9148-d7f0-4174-9a91-057fef0134ab,VISA,c6a50ea0-d463-4913-8bca-1043f7b5ec34
6237045f-0d64-4061-a7f9-032beea5e272,VISA,880e291c-18cc-42d8-8f6f-113e6da5a389
828d7f16-b56e-4c68-8dc7-5b4d12b81de2,VISA,234630cf-07f6-4409-849b-d639c5d7b27a
cc9b06bc-f75f-429d-9315-148d8729a4f3,AmEx,31b0c806-fbce-4000-8447-2e385e2e46a1
b7943cd3-c9ef-458b-a9cb-ea0208b6d629,MC,cac3fd91-49bf-4019-91e3-726f7ae83339
2d3efca6-fec3-4ce3-922f-407bd2a455b2,MC,a524970c-f55f-4eef-82db-2205b83e1adf
be33bc15-0cea-4806-80e8-2bce594b3489,VISA,16ce8d23-f246-406f-b06c-ca29b733b7c1
14be10a7-cbbc-44e5-8a23-99bea9fe3710,Discover,ef9a337a-a323-41e1-9b06-0683bbb051d8
bac760a7-9808-4c91-aab1-714ae1a33357,MC,da6e4fbf-82d2-4606-b547-39f1aaaddf9d
fcb82a2d-5635-447b-abfa-a374f03b34e1,MC,09b64630-71fe-454f-b71c-8dcf1b139db2
ec30c0c3-7bcd-4933-9480-dc3feaa9823a,MC,f0937d19-22f5-4487-9853-26dc0291704f
c180c6a0-8601-4d6c-9f49-ba1b5bc74294,AmEx,8174d8aa-8bb4-4884-8622-c2bf8ee242ac
fe7bd718-a305-48ca-a0fc-edaed348cf03,MC,0cc80fcd-9138-498b-9f56-40e5396c6a40
7c2ea7fd-b8fc-487c-a139-d7adfbc08bfe,VISA,d2cc3186-0018-41b6-aa61-da19d0ceafaf
a0d1672f-c6b2-41a0-935e-c78c0c102605,MC,5578d7fd-05ac-4627-9b1f-b5f85b5d529d
e39478ec-7695-49e0-8c75-2f7f4a39b0d2,VISA,641c0bd6-ce0a-4545-9836-5b89eea6b864
bc4eea7b-542e-4383-a98d-eb7356c3774c,PayPal,566a22c4-e21b-4e19-9448-c7ef26df09b5
8c3ab553-5815-4acf-8c59-5f7b84623290,MC,7e6dcc68-48d4-4696-8931-7c22b15a6df6
d3290b89-438e-48a2-be05-782fb72878f8,Discover,e99181f4-9980-49b9-bd18-44cd0d4c8fe5
56b9d55a-4191-4de4-bd3c-fc42a51d5b83,AmEx,60ffdc6a-db10-471e-87f0-fc55e2c8193a
6fc9c8d7-b0f9-430e-9239-1f996c1dfd8c,VISA,7e7844a4-8075-42fe-b936-edc0aaf375db
67a4995a-7356-4dfb-bd71-9e4c50fa28ef,AmEx,94b4b160-3d4f-4df5-af6c-e84332c80a94
3c6e67ea-2f15-4fc1-9fb5-f73c5616715f,VISA,cfe0ca2e-f9ca-4dec-b678-252133607e82
4cb00be4-e12a-4706-a129-702ce52df898,PayPal,fce05a81-e6da-42e8-9614-2a5ebe67f616
937142ec-3715-4ffc-a233-3a8d9545adc3,Discover,4f7b6086-9dda-4f05-b927-1cbf09bae1a0
3eb224a7-8e31-4e8b-a0ca-a6720b8a4b32,AmEx,29594c23-cced-4072-98ae-4442d908a672
c09fab76-ca9d-427f-b1d1-0d38f5d6fca9,VISA,3616942f-91fb-426b-8bd2-5c191c9b7388
3415416a-ae48-4f64-909f-f8019bef4071,PayPal,71e38c21-db59-456a-8311-a7b5b6b35508
4d6a9654-33d8-45f5-8a85-66b02a56d7bb,VISA,55ddfeb7-e697-4639-b9ab-e2382fbaebb5
831282d0-de82-419f-9fd8-10b86ad8749e,MC,35debe2f-d018-45e1-99c1-f94b0195f55e
71d8e8b5-679e-4e87-88d8-558dcc849e54,VISA,eb4a8ff4-252f-4823-b615-59a659eeae17
8cb8a8a0-93c0-4ff1-89e5-2cd5e5a77412,PayPal,6ff091d3-68e9-4f3a-8e38-a2d5b0fd1c5a
62a25d54-f16a-4372-b98c-1aaf62d644b0,MC,687b3358-6d1e-4112-82b8-8909d4363693
418c54a3-53de-4e03-a95a-7edb07f6f986,PayPal,913e5d2e-d1a9-464b-b3b5-cb8665a7d797
eb49337c-1cf6-4248-9770-c01e37b4b311,MC,76088665-d467-4b76-b3a7-df05842a1359
62dd3900-b450-4657-9dfa-f395ae86680a,Discover,f98433cd-a7a6-43ba-bd69-be494fd95692
40322dd2-9554-4612-9739-1b5caa8b2f78,VISA,dd87929b-8b19-495a-9bce-420dc9a0e92a
d937bb09-6561-4fcd-b588-f0418e44a987,MC,9049fe32-3791-43ff-b1c0-b23980d29544
4d7383c6-56f6-4362-b395-c7479110abf8,Discover,ea67fe1e-1845-4ca9-a71f-261fa9d7e300
3d8ad049-0af9-4199-9809-6723fac3f4ea,VISA,4eba8c28-aceb-4fbf-b6db-450e5dc424c6
4e3722ae-799d-4503-ab1a-af906fd40bdd,VISA,bd07eeb9-03ea-4e04-8815-1bcebdaa4648
70b0c601-07f3-41a0-9437-1d1faf542d9a,VISA,52ff2568-20d9-4b77-a0d3-9c2c5799a47d
b0fd5862-9d0b-4350-a380-f8e4ff55c1fe,VISA,d51d3073-a7bc-49a4-a019-4a0a15f38404
e386513d-163c-4cd5-b8ca-a0ca865bac92,AmEx,af6b1fd1-57ae-4ca7-b857-59b9fa9c3ca2
d89aa6b9-7265-431b-8a62-1c2a21c8e07a,VISA,f96826af-36b6-4e6d-a563-079882397ac3
11dc72d4-328e-4a3f-90db-d1a47d334270,VISA,1218cd79-46a7-4081-bed6-fd139dcc7ef6
3873aea7-4fe8-4eee-8edb-dec5ddcf4d9d,MC,997b9294-6de5-44b5-aae9-382c6ee19f78
e74950c6-0340-4cff-9288-3aee89b6cc44,Discover,612319b4-a558-4fca-9795-ca06d7d24494
6c8b8c93-a971-47b5-8e46-c4820e5dee5c,MC,c742015d-8651-43a2-a17b-003a2b38a0c7
6dfd494e-dcde-47f4-8d34-e60a4aaaf4a7,AmEx,34e521be-ab68-4573-a62c-e8c1a98d0a29
fdf7b57c-501e-40ed-8392-c62c0be0f14d,MC,5f821018-a111-43fd-8a18-5fd5e72e94f6
8229f85b-81ce-4290-aefc-9d77d465f378,VISA,5c3efdeb-2604-41a8-9679-c24451bb3418
a140a913-c294-4875-9eb6-99c1fe910fef,VISA,e3d5db00-5860-4b6d-b086-42b238b4fa02
53ca994b-51b9-43eb-b72a-7e83f1dbf690,AmEx,5198a8e8-d382-48cc-a964-6cfad2ab7e26
12364b2b-3d49-45af-863c-534ff68dcdb4,PayPal,76f0d092-5846-4055-9a43-1dd02d67c453
f64ca46c-8dcb-4dab-97e8-be227457a404,VISA,e707124c-4ee5-49de-8294-8f3fe6194747
b1449600-ed87-444b-b30a-fb5b76b1c967,Discover,e673bd38-6a62-4af2-94f1-32f2a342d7ce
e32e8076-3452-48b3-9f8c-585dc47d9874,AmEx,dda05988-875e-44a0-bda4-1792315a5a63
bec2020c-1a1f-436d-9046-e2c235f0d89a,VISA,99cd4f67-c138-4daf-90e2-873561a2fa66
2de9897f-edc3-4556-9f62-3cbfda7b7891,MC,5af38dcd-4e5a-4b2f-a05d-192bb6a557ad
94fdca76-9c19-4598-b484-e3b2b3e6680f,AmEx,8e2287c3-2587-4163-875e-9e5c1240a5cc
a6919dff-3e63-4d60-97cf-61a1e19fcb89,Discover,6728c263-eddf-47b4-aacb-857ffaac6ddb
c5f47a3b-a247-4ea4-81fe-5e589d415cc6,MC,4fb06879-f4cd-4792-ae1a-85c2b1e050f4
587d0b5a-8386-4782-8f63-1d32e170c612,MC,f48a95f5-58c1-4fab-92e1-a7d2b181c3db
64049eeb-c830-4f8d-a962-9f2777843fb5,Discover,b93165c9-6af7-4337-9b62-4ca42408bf30
6bf6a720-f39a-4ef2-8f79-4e0f7cc830fa,PayPal,be5dd35a-77ea-4230-b4e2-24ed565f76bc
f5adbd90-6ac8-403f-a302-ad032e22da90,AmEx,d75d0ce1-87de-4a94-ab40-574e7c1e1ae5
be5ed185-b655-43a4-9f15-2c1c326b8f7c,AmEx,9d072518-3ec2-4bf2-b286-a6ef64cca21b
b443e735-9ce0-4532-8729-4d9fa773396a,VISA,dbfd2d07-fe95-4bc2-a5c2-ff4d93054c6a
bdb6e0de-604b-465b-b2ad-73ad98ef2d6f,Discover,36ef1cd9-12d9-4504-80cb-7a23c7ca90e5
faf1354e-741b-4340-a5a1-b4210402a2fe,AmEx,bcf42b06-ba7d-400c-acf6-bc250c859bef
a3820836-ffb5-40aa-bb35-809178ed15d0,VISA,7ba9f47a-38fe-4d7d-bb36-cd6127a732a2
8c3aa261-2af9-480b-800e-9ff35ea4501b,VISA,525ef59f-596b-4443-88d4-3abe3b87f251
bf78adb5-c332-4df4-9b63-ffb63812a9cf,AmEx,78fb9e5a-cb72-43e3-905e-c187119a02e7
c554b123-e581-4303-892e-27fa04d0e1d4,MC,328a9ceb-53c8-4b8d-b3e7-189da271d6bd
21658f94-684e-4ab1-a1c5-e34baa876c0c,VISA,fde3c749-ef4f-4606-bbf9-205c51388dfc
53377b27-3ff5-4014-8d6b-5db51ccd5e67,Discover,9e65e090-4a96-4383-8460-91d2bf390562
7d70ff1e-1326-4470-95d6-1f1058e31beb,MC,74529d01-1999-4dbf-819f-f1045fa5e7f4
1bc05e27-e0ac-4aed-b29d-c7e7ac3f6305,AmEx,687c3ee2-6ec0-4802-89e6-61ca4acc6aed
37eaf93a-d21a-40fc-823f-a3c17ad75316,VISA,e0fb30eb-4356-4f08-b964-d9897facc867
994c613c-f5f7-4886-9f34-800a979da8b3,AmEx,474dd58a-3023-426b-8859-c99f40e2accd
aade0bd0-119b-4a15-8435-18bc6eccc0ec,AmEx,5709c295-899d-46c1-b63a-fb49f1cfb17b
d3ce33d2-e678-4d0c-84a4-e99c62e22366,VISA,0dc20a6f-2866-4100-a77b-1398fc30cb66
c3fba438-c4a1-4e22-8942-65cfc91a74df,AmEx,46bd2bb6-2c1f-4765-a3b7-72953fc3bc2c
c01333df-e43e-4b46-b0e0-15d0c5537e8b,VISA,bb75059c-8f21-4231-9cf8-6cbc74b4bac2
f3a75f81-8ef9-4529-9530-5e742ecf922f,AmEx,293e530d-dc20-4f58-b1e6-3c454e2adf01
03f43841-701f-4e26-8ef9-896cab7463c3,Discover,e4335349-6136-4ecf-b488-316db522cc08
bce24508-4edd-4e02-bd7c-74d5cce44422,VISA,8030e14e-070b-4f42-a57b-e3a0bc3a02ac
4bfeb6fd-d3a9-45bd-9b01-d08e32189b94,VISA,a1c2f956-95c6-43da-b6e7-428231b251a6
0d24db3e-0bf1-4ea9-b2e1-ba7192deba87,AmEx,a2861ac5-187d-4ced-b4cd-4e0c6d5e0b0f
4ef19df1-c0e5-47c6-9aab-7aaa25fd01f3,MC,7542ab83-d07c-4edb-9dba-6cef8ce25729
ca81e0e9-58eb-4169-9251-b21a2f11a7fd,PayPal,3b277667-ad15-4310-9056-1fad8c42b30e
5f01241b-91c0-4835-b593-144c8c637c92,VISA,d9510110-9ff2-49e6-8f51-ffdb59574b0e
69de1432-0526-48d0-987c-85c8f376a5dc,MC,d7bdbbad-5660-4d0d-afa5-873f83539121
f5bd858f-f976-4ee2-b994-356d56dcbf57,MC,a2f5373f-036d-43f4-841e-175d93c44e91
ee4be38e-29da-4d63-a75f-f65f80469398,VISA,7024a687-31ed-485f-9d50-2b074d48bac3
bcaa64c7-41dd-43c4-a849-7465e852ee77,VISA,4faaa441-fd1a-4987-b910-fd36d1a8659e
8c55e46a-4176-4aa0-b9e1-bc1e67a75be9,VISA,20699040-2258-4d19-a83f-5e36e6b4b671
6b8c1f6f-5010-4941-b529-2b366666aa6d,VISA,a18a9aba-5d58-4b42-bd9d-6597ee324e36
3b6cdcc1-7d34-4f8e-8264-66e0c9a0184f,PayPal,1a5a8b0f-cc14-4bee-9be9-75e4d039c92e
0d9bbc21-9bc7-4628-acda-47fc299b056a,VISA,a0fe206a-47ce-4b95-ad6d-5e8f6633c3c3
5818018e-88d4-4c67-a82a-2d682c45b101,MC,ad0b3e61-108f-487b-a689-d4ba427bd40e
b6ef282d-0473-4a28-95a1-072f7edc67a3,Discover,b0548f0e-119d-4679-9eb2-47df80b43831
eb94c6b8-5de6-48d6-801c-42b8bf40d63d,MC,ddedf1b3-b9e3-462d-9b98-9ff597052b02
220b3b28-2b18-4478-85a7-860c2eccb20d,MC,7c6e8cbd-82d9-4c93-bd3b-b1c49c66790f
1f7df87c-9d74-4cf2-84d4-58bd15068649,PayPal,7ca8adea-aa3d-4441-abc8-bde80a1a8b57
b155d02e-3931-4300-94f8-cab75b666d64,VISA,de2c5daf-25e6-4853-bea1-f96a55eed208
7c3a1257-8837-45dd-92a7-33fdfadf979e,Discover,155a79e5-117e-404c-8914-2a39d2c14108
979db5ec-6489-4408-8b00-d8ef943757ef,VISA,4ef03b75-aaf4-4ab1-874b-8af8381e8e37
8a823e89-c80b-4148-a8e3-4910592df620,AmEx,893edbe2-67c4-42f9-9a93-5a330a7e0924
a7b147c5-ac6f-4993-bb6a-e3d8f67e3970,VISA,13952e2d-ed80-4da6-8f89-2b4cb7df8f71
63f0cdb2-c4df-4690-ba88-5933ac5224d1,VISA,5af79e97-1788-4a08-bcf4-2adf0526a9c3
ac7c72ca-19b4-46e4-a32a-cae60e3ed5d4,MC,063f21d3-5d82-459d-9558-090db79d6bca
99ae11f5-3e6e-4f5a-bf9b-ee967bb24a23,AmEx,2ad508df-b1ec-48a3-8562-494daac1db74
3359f600-251a-43ec-b8ad-62c490b46ffc,PayPal,e70e421e-a231-47ed-9ab4-f3c997b21c8f
88557f0c-b6c1-4ea0-b655-99cdf1b2241e,MC,0e35cce4-8f6a-44fd-a2d0-724f534c374a
86929c09-d326-40e0-904b-b9323fbb1e7b,MC,760ee847-d533-4b27-968b-3db4c3abb111
72a65f91-3391-4da2-80b5-be2810d89fdc,Discover,88ed6d40-68b8-47f7-857e-f36730069c9c
f942b64d-9c91-4fd9-b873-6d06f36bfff3,AmEx,6ff8ea3e-702e-4208-a0e8-3f173de0d3a6
f359d105-2ea0-409a-9045-516598cb0dc0,VISA,49f3fa32-5926-412a-a519-1d362a3b72c3
cb3f0bb8-db75-4413-a69a-09cc19c4ab54,MC,f4d4eaea-71a3-4e29-9326-72516e74bfd5
cfa4523b-d7e6-47ed-b4d5-39c2bb5a4571,PayPal,f7137fb4-3aed-4b8e-a609-22ac64a3333f
0df967f4-e024-4c07-bd96-1ad233bc368f,VISA,283ea0ed-9344-41de-8912-0e99fb2808a3
126c6a79-5be3-4744-9e8d-32468244feec,MC,e7383732-5ea5-45f8-a0b6-5ec02f5ff64c
e0768c79-3b66-4517-b195-a3e244306525,AmEx,46d32dc4-3ae3-476a-bd35-7e42a864d11b
b89baaea-af3a-421d-9f72-0f6cce7aa2ab,AmEx,ecb5ed56-667c-4cc3-ba31-ded19b5e5233
76338a4a-bec0-47cd-9b4b-a1ff1db4cd9d,VISA,495fce37-0980-4ed5-ac59-68c72ca2fcc5
afd03c91-eb9c-4bce-8904-61ff12e7a5c7,MC,daef4311-335b-4bf9-8e9a-1d2afb2773d3
80438f77-a6ec-4931-8413-14f7981474d8,Discover,1781225a-d187-4682-a1e6-5dad836b35af
73a5cc5d-7cb7-475a-b429-6b775d35ff1e,PayPal,a5dab7c0-bd1b-40ee-adfa-7d68999feb47
c015a643-3622-414b-9c7f-4df0c3e23423,VISA,ccade1f6-6581-4dae-95a4-2a27dca1f463
ce1ae559-5552-4335-a40d-988c9bc68211,AmEx,debf5e96-5068-4f17-9c5c-1214eaebbd22
582e1216-6b58-42b1-a578-1c42f7a6027d,Discover,6eef88ea-db93-4c5b-9de7-c755de316c1f
dc54eba7-998b-4887-85a9-bfca113e9676,AmEx,35722d3a-dd2c-4ae1-b196-4789295ecf7b
af07a1f9-2713-40dc-ab67-6e690907b76d,MC,4bf41b21-e344-431d-a747-285e9eece81b
a432815c-e93f-435d-a168-fb00d832fdad,VISA,c7f98337-4329-47d5-ada0-4629843043b0
4a2810e3-3316-4756-9cb7-68261d35c894,MC,f1098b6b-1955-440a-9728-7f83e2103687
ebc8d910-823b-4766-a8d5-be5858896d8f,AmEx,75944517-9ff7-4ce1-ab44-884a3a74d861
23e60aa3-b944-49a1-b563-10bffc309d60,VISA,ee751d57-cc8c-4c1c-91e0-241db003824a
e0bac7da-ef36-4438-82d6-21e1406cf08f,VISA,cb2302ca-bf3e-49a6-8930-ecc62cc83f04
39133546-2496-4bf5-80d7-e689bc452eb0,Discover,e6ef50fa-f673-4a80-8c92-9682340cc203
5d89e5b4-03fb-4967-8600-e5595ab1042c,MC,077817da-6918-46f0-9622-41fb7fc840c9
232b5d07-ffba-4286-9b67-d48e5b376899,VISA,cd56658a-10c5-4ce5-b392-e4f99191fab0
d8c3fc0e-1815-4a34-986e-13601c11c2ad,VISA,6a5ff4b8-4ef9-4f6b-8e79-2482867bd9b9
7f6cf784-6ea4-49e3-81ec-0c7e23c397da,VISA,d94bdb75-29c2-4d9c-bcf8-0db9bf110b2d
a34b98a7-67a1-4ffb-90c3-72b914004802,VISA,01519d40-9254-4992-bf3b-c84a3618f8cb
cf1ad247-4f97-4ba4-b6e5-64799a1d3e0d,VISA,3781a724-7d50-4de9-be9b-270d1275b469
62ac6f9f-afec-444d-b9fd-ecf8297c20b5,AmEx,9975120c-b7c2-4fee-95d4-b4ba6097ffc7
fd36ed1c-5656-4cf4-97de-45b6318cccd1,VISA,8820a23d-7729-42dd-b09f-7d7c66fd6acb
c9a0754f-37bb-4fe5-9e63-b3d643368497,VISA,9de41e0a-4530-4374-bc21-7171fdebbcdd
9617302a-b796-4768-b394-ed139210dfab,AmEx,b77ae0d3-8672-43e0-8ad8-36eb5357c179
b2010e20-acf9-4fe0-9a0c-38a9264a52e0,MC,6f793117-ae61-4228-ad1d-9ffed312f7cb
40465871-37da-4634-a892-f63bc65e78ad,MC,988b66e9-7a69-481d-9af7-e94531725387
b802cc1e-68f9-45c1-a41b-9ada09633482,AmEx,b5595a4a-8c36-4888-b19e-922ec3603260
d4bb4108-ff2f-467f-abb4-45cc2b51e3a1,Discover,8a9a87b1-397b-4591-8979-75e2089574f6
7a29f87d-c6ab-45d0-8d36-09d5bf10ec0c,VISA,f233f448-2007-4534-83bd-8ec19853265b
8e896920-3aa8-48f0-a377-a8928c5bf58e,PayPal,ebed0215-ef32-43e0-b51f-aa44c0d926de
9ccfcb29-207a-4593-bb03-481d2d208c3d,PayPal,20bac03a-b6c9-402d-88f7-832a0cd3dc33
4ae31669-473e-45ce-8b99-10a938bbf06e,VISA,f4b1dac6-6274-41fc-a9f2-8faa67c55419
e3392e4c-9a1a-4756-bd16-a8084aff92a7,Discover,2a8b84d0-a5ce-4ff0-b24c-ce2206d8de4a
deafc632-021b-4fd2-918f-ede9bd577328,MC,1361e2f7-5689-4c72-8577-b7d875d7b052
f86131c3-5ddf-46f4-91a2-78d4142ddab8,MC,c8e7bb3f-6c0f-4110-bae1-a8e28df25d32
f0e4e1ca-8bc9-449a-b149-3aff708afb2e,AmEx,50b50193-a80e-45b1-84dd-f349d587549b
72733d02-250a-454b-8147-542c6d687e61,MC,e3c0dc97-7750-41a6-bd0b-cf6c1cf3de8c
b41e2cc7-dcb6-4d23-83ab-7950bb40ec58,MC,277caeef-5386-4496-8ac4-c95fb4d7c4d3
394365f6-e1af-4db6-8e2b-56dbd6a47f68,MC,6c510b9c-10c4-4b8e-8e68-23b650eb0904
c261b683-4200-465d-9f47-9c9941f3cf45,VISA,b0e799f1-5841-4768-99cb-74a8a32fed1e
f342cb20-2479-4895-a1a3-ca61fa54cb56,AmEx,74f81b2c-ebf8-46bb-9475-88d119e2c0d5
cee53627-0b44-4ad8-86a6-878c5a9fd8a5,VISA,99448bc6-309a-453a-bb65-bd71393c7db6
5ee4e8fd-56e7-4e15-8439-a3554366f0d1,AmEx,d5c1d9f4-9d45-4edb-8706-1b17b949fbe3
701a592f-6644-4300-9afa-372b6b9cd516,MC,ae23661d-1df6-44d1-816b-eb4cfc13b29a
2b1f97fa-dfec-4317-bb52-0a350c6296c6,MC,0646f243-b45d-427b-97ff-770887feb5fb
e0dcb4be-d428-4db4-a2f2-8f118476f7e2,VISA,3b839385-d413-4c81-969a-e5d5b33eb972
d0197d4d-9fc5-404a-a729-902900b858d2,VISA,84d85b2f-4a0c-4795-9717-b9162342ea2f
3764f62e-7482-41af-84df-0768f2c8c89f,AmEx,6d318929-9cb9-48cf-9bd9-e3116cfbf27a
7db7f654-041c-4a53-b31a-5d577bbf62c3,VISA,b8ce12e4-f385-44db-b5df-8b9efe109775
9f9abe68-f3e4-4ec4-a3a3-571a80926a29,AmEx,97448a5e-c2fb-4926-bb1d-9188dd9806ce
6fe4896c-fb7a-4ec7-aa2e-dee9ca45bf67,PayPal,4ca265c3-a11c-4300-bd98-c7c2cc9628e5
f69868ea-98a7-4622-aa4a-15e618297a1b,AmEx,a7c0a36a-3f1f-44aa-8918-9ad0ce89419c
037159b5-0d69-4295-89d1-fcfdaf219ad9,AmEx,e9bdaa5c-cd14-41da-8ad9-2aa9286b9cc7
8e8c3b27-4169-4fac-88e2-668c5d0020be,VISA,274a4dab-99f1-4b8e-bc27-3cc71b0a1fbb
8316023a-1b76-4b97-be61-19c233256e32,MC,e2ae0bc4-e0ae-4b77-a52a-20657353dc85
52f5b2ab-6641-4d25-b16a-e72e49805b63,VISA,73a56fbe-e1cc-44f7-8eaf-3d0a8ab4bc4d
22965911-ed30-441a-9526-40c8a875ea50,VISA,45acf343-005b-4c1d-b209-e60e631b4d68
2021b1c0-4f88-4c47-8cd5-1b0e076c90f3,VISA,9b5af3fa-fa6d-461c-9727-1e1cfed82222
6406dde2-c362-4dd1-9a54-a5c8d8fd2241,AmEx,9cc2d45d-1b48-48b5-a319-07b8dbd79727
8b13b68a-35cb-44b8-96e4-24055eb55eb0,MC,9e3a9088-6045-41e7-875c-4aca7e3cbada
09b9336d-9069-4133-86d1-ef79b18f5a89,Discover,c78a882a-cec8-428c-846a-bfdd0ad0e565
c0ee03b8-3ceb-4167-8dc3-fae3963c6286,MC,62e88ac1-054e-49b4-b522-be068500b7aa
7aec8314-3155-480e-959b-29253be608b0,MC,dff3f1cb-6dd6-4126-9bd3-568c4d8794c8
20d2ad74-722e-4f50-81c7-7d4a8bf9ef0b,PayPal,23f552c3-eeaa-45f2-9184-7235e489e02d
a0229cbd-4253-46f7-a11d-0a18b05fbd80,AmEx,5454b79c-53ba-43ba-8a04-f99b34a02a5f
29e836d1-9040-4006-bb3b-c548669491bf,VISA,6fe6e798-7254-4aef-b6f6-17b210de137f
52877296-22e7-4dab-a593-10572b8556fe,MC,0ecaef26-d0a0-4bac-b39b-64b2fdb54f4f
449679f3-977c-4733-af28-5c729d646583,VISA,6a384a2c-212b-4661-9c32-3f51cc042b1d
abc8863b-5a66-487b-add2-22ea70e12dde,VISA,049e25d6-03d6-4a8a-a0c3-8aa83bcb7599
82eebfe9-6d5f-4d9f-b03b-7b2042c508f9,AmEx,babce4cc-7b5e-490c-a4f4-283e7eb72e8a
f63d5410-6b4e-4128-b397-d5eed9c91453,AmEx,8b530881-aa2c-4a44-ae8f-23148c12ace1
bf8b0adc-758d-4222-b0a3-a4265e47b32b,AmEx,99b81718-6273-4351-ad7d-8575dbbe4f75
f7c58a00-4b24-4ffd-a3a2-dbf4fdf4e8ec,AmEx,ea99791b-feee-426a-a638-511df9633212
e43575a0-4d15-4242-9607-e4e4b58a828a,MC,0e0017ae-6cce-4a67-9e11-a2118aa256b6
7660f8a9-c0f8-405c-b2d9-fa362de84cb1,VISA,b9001162-e9b2-4e12-8a85-485400c2afed
6fc8c91d-e9d2-4fd6-9ce4-624bd0355e83,MC,484a410d-9e3a-4b9d-af18-ad5fab12bd86
f1ac871b-b4a6-4977-bc16-0018e596950f,VISA,4b805017-6ffd-4288-b2e2-4fbf27598b19
f516c7e4-c20e-43e0-909b-dea6c72e7bff,AmEx,3b118a28-c8f8-4a74-b4dc-f49e708a5c4f
59521ef3-799f-48a3-83fc-0d3ebdd0087a,VISA,ce5a22c8-bb1f-4520-8615-d1f71b03c385
7b10dd7e-bc76-4940-92b1-6cc1510e8fd9,VISA,38f99b06-fc34-4130-b449-42833dbcf139
48f26bf6-2230-4e19-b86b-224795ea67b0,VISA,a056bf49-ab99-4b7d-8763-f1f56f14eab6
d5b3c73e-db5f-43ac-a716-47c209914054,AmEx,bd0bdbc2-b244-4c13-ae12-8550971d39e2
b02afe9d-4eeb-4944-8541-257e29f4b5a4,Discover,7a8cb37a-0d2c-4490-a559-0c40c715300e
5d1be079-7461-474d-9467-5b665ead13f3,Discover,ae46918a-c18d-4169-bb73-5b59a7e5c63c
69ebbf01-7710-4233-9a82-b1b24b3cb61c,VISA,87caa9cc-c9fd-41ca-856e-66ac2ec9c70f
4b564cf6-47ab-4396-8796-6a6356c7e4f7,MC,bd051977-a7ef-4b10-a56c-701486701f4e
5a7234a3-16a4-41ac-b613-35b203525f07,VISA,24478adb-8cd3-409e-9379-a0183eebf07f
a31c086b-21d4-45e9-8d05-047e705e9340,Discover,a5f8a920-4e73-431e-857e-136c938a5036
70483b26-d8a9-483e-87be-7ffad801db29,VISA,59f08aac-1e40-435f-b5f7-3aba636e93d4
e2de4a3f-0f6f-45ec-bba1-307031774a2c,MC,5382ef15-2dca-48be-8625-254d9aee3dfb
62571282-003a-4daf-9a6e-c9d9555c21fa,MC,fc2fc9f4-eeee-4184-8adc-34dd3a81a601
463023bc-a576-41c7-b6ff-71c25a945086,AmEx,0d50e836-182d-4480-a57f-6421e4a67a9e
52eef242-fc5d-450a-8480-c9e15585a80a,MC,76c984df-2a82-4092-99fc-4a6029eb909b
94922925-8403-4a4d-8274-0b191025243b,MC,df5adc82-7ff2-4b73-a283-c250f56c4f8d
cf56aafa-6518-4f62-adf2-bfd68fdd8171,VISA,40e5d8a8-8e10-43a5-855f-82a596a594e3
bd29620d-a1db-4df7-b5ba-00cbe75a0f05,VISA,d0c85b6c-dafc-468d-9787-32094cf11df6
672a2395-e384-4553-b443-a8eeee410de2,MC,eeae4d7f-8423-43e3-93d7-4d6b771a607a
d1c1204f-1146-42d5-86aa-237724be18bc,VISA,e7ab215d-0062-4718-9ca2-23a61d8865b4
52178765-26c8-4748-bd0a-36a24cd065f0,VISA,55e3fcea-168b-4dbe-a1c6-b57047eee90c
40b8b83d-f3a8-461c-a2cd-0077464b0b4c,VISA,02b5f3ea-8a40-441c-9625-010e3b838a27
0cd6ccde-c680-4888-84c5-579d74cf8365,VISA,c31cffad-4c9d-42b5-9088-8271e43da2f1
0115496c-08ae-4ec0-89dd-b590848ca26f,VISA,dea57165-4a24-45a1-8d7f-975ad50b389c
001bc952-071c-4f4e-85f2-92c5fd346504,MC,8559186c-3236-40c6-a4c2-76877d867de3
b87ff5a9-c812-48f9-943f-80a649c28ef6,PayPal,02e13e45-f68a-441b-8908-652727323787
c46ed62f-1960-4324-b580-2f7778548d99,VISA,b94ade6a-5bce-41e0-8e1b-a8533ae4ff49
5b77fdcd-5ae3-4c52-a537-638942d0f70a,AmEx,b8ff0e08-f9b8-4f10-8301-82afff1f004c
dba2921e-8f29-4e43-8c3f-d9cd56b1f775,AmEx,806fab05-0128-4664-a708-8d6c16de9c24
febe8bb9-4ba1-4069-9767-040185b88253,VISA,0b6458fa-da59-4cfa-8e62-92f574aedf21
61f1b8cb-9d4f-470e-a7b2-04c1dc893b69,PayPal,dcfbed7f-8d74-4950-89ba-88aad8af6b82
f871d1cb-e41a-48f8-b9de-f960ef622577,Discover,1986a785-0f4c-48fd-8487-010320ca1c94
93be2dc3-808e-4733-b3b3-e61e3daefb91,AmEx,4c91b871-0e8a-4b58-a9a4-72f8d53b1367
53cb331c-6965-47a9-815e-d04e662a2a99,MC,cde3ecb5-12d2-4149-b88e-74c12f24a3d9
e1420393-ca13-4096-be58-cf10b519d50d,VISA,58791b6d-b66d-42f4-8473-e8f3c69311dc
f6d45e75-482a-40ab-af3c-a84ff0d6c9bd,AmEx,bd9475e2-3d70-4cb8-9fef-d612d65c2ab0
a9716a95-948f-4260-a5da-8a70540676b3,VISA,29699943-4a7f-446a-933c-8c4fc12c0e9d
3e7114aa-0310-46c3-9741-afa8d3780a71,AmEx,2ea59a13-9ae5-4f39-87e1-b8481f77cbb5
99878e47-ab6e-4f33-8169-99cdfe0c9b88,MC,30fa72ac-3810-4e6c-8dea-f0a0f34879a9
1025f13f-aef0-4844-b9a0-6cb5e3039d8a,MC,5d1681a6-0943-4339-9c20-281ea15a6eb8
db90ce79-7c37-4943-bd07-d6102e6a1981,AmEx,eef2ff28-c3a7-41c4-a6dc-30bbf1179405
522a5f1e-4cd6-434b-9cec-64d28f4902cf,MC,da9be5f5-3c33-49e6-a96f-d4da6fc0547a
3bb05924-8ac3-4a78-bf64-c3a652a0e20b,VISA,befbd5e2-f022-4dd7-920a-46681ea2ff49
195fe145-325f-4b1e-abbd-a27afe691855,VISA,a6e7abc3-9a40-47b3-99f6-d5e89d4bfca5
98d88a92-15fe-41ed-92a3-b0a5f8d9a958,VISA,e2c1a2ec-a650-40c6-b913-98fe8c72b051
a3865228-d766-4e91-9acb-c587ec5c248f,VISA,06c6d2e7-1cda-400a-bc6f-377137911d6e
b2bcd81c-6159-466e-a755-eb5e7ebbe558,AmEx,0ef9db39-7bde-4660-b7ee-da7641da3f28
32341507-7bce-462d-a910-cab1debe8214,VISA,a24d9208-b1f5-4e8d-950b-169bc4ef556a
9a8c7b5e-ea1e-4a74-926e-1d8c281780a7,VISA,69a6aef1-32e2-4f38-ae7e-ba3e50fbd8df
acfe711e-4e7a-4305-834b-601cefe3c2e3,AmEx,2efd9fca-14ab-4d69-9cf5-6f8b9b8384de
8a9e515a-66ed-4599-8c00-0dce2752fcbf,VISA,930fbd76-9a60-447b-8f8b-64611c12fafc
56eab753-f3da-4227-bf1f-56f81f5cb976,MC,5c6e0815-87d3-47b3-8f9b-aab31187f65e
088767bc-7383-4048-95df-48c23fb57915,PayPal,b924eaa3-903a-4502-aae8-bb8133770ead
87afb3ce-a1b2-4a43-8660-db81e8c3a5b7,VISA,88a21da1-a566-4d41-a7d2-b4fdd33e5209
21c98059-b91d-4779-886a-e126e556b770,VISA,1aa8f15b-3e1b-40f7-8fe1-dd54018b2f3b
47a1b754-6d01-427c-b49a-33d4e29d9207,PayPal,a0bdc68c-8eff-4244-8220-e121f2d6e7f6
2deaa254-639b-4bcf-8ca2-662270c59aef,VISA,26b1a05a-8d57-49bb-ba90-d2c901b6c6ad
56f55031-c73f-40d3-9c82-bc49641d6ee0,MC,e8abe7b5-a97a-4dbd-b6e2-75b994c04942
b725cb19-10d8-4b27-9c39-d3a8b3f7d10b,MC,ff383c31-2729-41ea-9599-ebb5735a5415
7e939c94-2645-4060-9eea-d2f5eca89e56,VISA,59a0ff06-d8ad-4cee-908b-ff97078c89b1
dffed327-a125-4e2d-94fd-04bc7365453b,VISA,cb227dfb-5f49-474e-aa4c-73eb9748c25b
9d97fd0f-c857-4ea6-b0a5-29711ca4da33,MC,48cac74f-eb3c-45ca-b0f2-eb4a1b47aad0
47f3bd72-5909-44d6-a0b8-7f8fbf37389b,Discover,5ca57aae-54ff-45b1-89e5-28185de4218f
b3250e94-7993-4a89-8c9f-708acb2bd41e,MC,ed2d5b36-db6d-4126-94bb-6a8d93c96b83
94ba94a6-9049-46d6-aba0-a57576b47dc6,AmEx,1ff0cfa5-f0c0-4496-a3aa-297567edd29e
53066484-8f2b-419a-b00f-dc88bf760d14,PayPal,d91bf0f3-1a3d-4d0d-b2a6-5eaf91d81b4d
655f737c-bfad-4a28-a29f-792be0af9774,AmEx,97762838-506b-4111-8156-52e1936818d5
69b8164d-c68f-4236-86af-f90167165987,VISA,ab097ade-4e91-4cad-a764-462f794ee868
6a339554-59a9-468f-becb-4183624d1bda,MC,307484a4-f6f7-4c05-bcd7-19b758fde308
0b9f5e9e-398f-49d8-8089-c13e91db239e,MC,88dbf44f-0bd8-46aa-b55a-f6aa1c643e61
34a25eec-c2b5-4ae8-811c-3a022eed4e1b,VISA,38ae8dbb-dfa6-4c26-816f-feb98b880a72
efa54e83-388b-4e68-876d-5fcf240208db,MC,a1e7f562-0b18-4bd2-a2ac-889158666546
1889e289-90af-4e1f-ac09-6d3a454dbc34,MC,6e3b3475-1bc6-4eda-90fc-6d834e6b4840
d993e9b4-3de9-429f-b824-7e0a64a6c694,AmEx,7925e5a6-cbec-433b-9d70-f4965bf0735b
a007fa9a-10ce-44bb-8c42-e35bf2149160,VISA,ef85e81a-2f99-40cb-97c4-277442d86dad
5dc8db4b-3c4b-4ac1-af13-0b64605290a2,MC,f93e2b56-034f-4f55-b576-b8c1152c932b
b6f5bd72-5967-469c-a63d-2b3a34e2dad2,MC,993c5d57-b57e-406a-9486-8be7d5ef4ca1
11596ebd-966e-41b5-b7f5-03f307cca6c1,VISA,e754c983-dc5c-4af1-ad70-b5fa0f64fad2
b4e269f1-95f2-4b9d-9718-47a9f7613d26,VISA,43a22d6c-8da6-4e36-9370-4987c532b9cc
d6f6c676-a6ae-4d30-9ea4-497d445f77bf,MC,abc8c9b2-4712-439f-b669-1f93b953203e
5cc17893-eaf7-40c7-8bae-024575e60afc,PayPal,0b5ba1e8-f54f-4388-82c1-e348dbf342f6
0fcc8e03-b502-4962-b573-f8af0ec5bea9,MC,1c1ec49a-21a6-4d15-a892-103b018c4fa9
9eaa59ac-e3fa-4ed5-bc91-5e64ab375a96,MC,ea9325bd-5ebe-4a6a-8699-f4c02639327a
f2d2610c-04a1-477b-b3ca-5a25d4d958e8,MC,05784b58-de88-44b2-a9a9-55b7ff83613d
3caf9c2c-c52d-453d-aeac-dffeead256ca,MC,71e3f383-6343-4f2b-9dd1-1c76c93ff074
5792f10d-7f0e-4f6e-a4db-5f5ebddfaf11,VISA,b42f3798-af3c-4378-a035-a8e2e30efab9
17572199-b662-46d2-a8ce-318e12f08e46,VISA,f4b902e4-41d9-4ebd-9efb-2db75c81ac59
a8def45e-fcb3-49b1-95a6-9dc332613d32,PayPal,74866154-4a67-492e-aa73-279dcaf0210b
ffbc7768-261a-4788-8cd9-59a89e35435d,Discover,c12997e4-5094-4811-ba44-eaf2e0f151a0
a0e038b3-a26a-4cd8-bf35-66ffb4919f63,PayPal,0327de72-5623-40d6-a85c-11374cea5ab2
21ac2d59-01ae-401d-ab4e-7420870fd8ab,MC,1843d7e6-ce2b-4080-bdd7-71ef5936d597
5d32a43e-eed9-4f97-9a30-d8fdbf70ae66,MC,29d685a9-f374-4f6b-b2ec-12e1cf62ba8e
db5fb47e-27fc-422c-8f19-9af803820121,MC,ddb8b1cc-7a70-48f2-8c35-018bcd728a05
a785d6fc-f6ea-4425-a654-9329d9fc35f4,VISA,1fa20f6e-2dad-402b-9e9d-dd4218394f59
ca51c856-2f3a-4555-8260-a29e1947ec41,MC,aed1ef6f-ea33-43d9-8a32-2bb0f5d18c21
db3cd251-7e07-4164-a596-8f05e4005c27,VISA,e56224b8-ed97-4f5b-a722-44c3b1f6e041
31ce4cd3-0305-437a-aa08-0d9e97a90d05,VISA,84743cc9-004c-4771-9575-d7225d6fa23c
db4b78ef-db40-4255-9999-4533e87e7c0b,PayPal,9375d24e-f43f-47c1-b813-3d8df15e3500
88f84a1c-e986-4904-ad45-975ccf64c975,Discover,fb672183-2592-4982-a4da-dcdf8f4f700f
37f083e0-a8d7-4031-958e-62a44e31d885,VISA,02dfa5d9-e8cb-4103-a124-1e0470678e45
05e8bfed-d220-4304-864f-9012932b3656,VISA,6da017ba-a6b0-483c-82a3-8a1aa36dcf9d
a479bd94-8e00-4488-b897-3ef261c8d030,Discover,ecbb1ec4-d16b-4a15-8d0f-1296ef608aa8
a5ef658a-5c0d-4834-b477-ace26f337848,VISA,c00fe159-3a11-49ab-a0ab-64fe15ebc9ce
f380d26d-0ad8-40bf-94d7-a7a2ccc27453,VISA,7b882d98-b95d-49e8-b7f7-c0595b072790
5e6f67bc-1cb9-4ac9-b430-0394fad6bfa1,Discover,89e98a8b-34ab-4fa6-b7f8-3c7e428fca2f
ed74238b-6e52-4931-94cf-13b4c6ef3fc5,MC,3cd18206-db15-495f-b0dc-da7e7046de92
9d615674-afa6-4a91-a98b-4bf3035339d8,PayPal,3294d483-b270-4d4a-bb1b-5cddd68a2450
0987acae-6905-4433-8d1b-96fddfbb54d5,VISA,85d9ff0f-c67d-4a06-8df0-4fca6cf62bbc
f1b00d55-479f-40fc-8e2d-97e70ded01ca,MC,b8954240-a257-4a6f-9f26-65e40ef2c43e
0e24abe9-1b2f-4b36-80b4-f255b6dff723,VISA,525a16e8-6534-4240-bed5-b03d5cb5a343
880ca99c-96d9-4e9e-82cd-47f34f4edca9,VISA,336ccfb6-332d-4b07-b3c9-1021f40513e6
cbe906d5-e8c4-48c9-a8c5-48124d88c316,MC,62269716-c3bc-4430-9713-c13ab3dbae28
898e2799-497b-4fd1-b2f4-c2bb6ea9fdf5,VISA,a20b8643-7c33-4eac-beee-f95c7ad35bec
6a22491b-d405-468e-8b32-4670082d10ed,PayPal,f25f4d20-dbdb-496d-aae0-6951dc53f1cb
38ebd138-c03f-4d57-9b93-b7b2ae79375f,VISA,067f3247-5412-407b-b888-14baa779eccf
bd5c6fbd-ef5d-430d-82a3-0799a948d59d,MC,43670e82-6b60-4071-80cc-f5ca13376f61
821439a4-5324-4ec0-8c66-1f969420ba9d,VISA,1e4d356a-2d47-4d6f-8bc3-da90099ed8ca
ceca5990-e35a-4904-a481-2c6a67d567cf,VISA,40ad42a1-02b8-4f52-9f1f-b894440aeecc
55533386-f609-493d-b5df-e7086a386167,MC,7445655a-5b26-4e4b-af44-5160b9566548
3ca70433-6783-46dc-8acd-8a13acfb3ba8,MC,756d6d19-ebc2-4e97-911c-14a9c4e30935
3999f6ec-dd07-4f18-b889-646fc9171b55,VISA,9292081a-6ea5-46ec-aef5-7ad4e7d3902f
a5d1706d-4ffc-4003-a5f9-4ac83d48f24c,MC,27299405-5d5e-4a22-a643-328df0f64fda
af32047a-6a8e-49b0-af10-e58f7d78b4fa,MC,a4b0038e-8279-4a16-a388-af655ca12f4f
8f414966-054c-4145-be54-94792aab17d6,MC,ba5a1c31-da1b-4ab2-a13e-f05932415041
30c08d21-4e04-4c95-81c1-ac83ab23f8e9,VISA,96305563-95a7-4032-a069-47e2db4e2488
9b6343d9-8e1a-44ea-acd8-50970327d15a,MC,f8b65e6b-c829-46af-97c7-87b437b42f65
3a16ff68-a1ef-4819-9e08-08a1a6eb5a5d,MC,fd464fc4-d7b3-441d-a54b-b817e182c139
3752261d-9af1-4a6f-b5d1-5ca198911055,AmEx,7fc295bc-5771-4c7c-a490-d9452f80cf53
a312734e-7bac-461b-8b94-8b9ba28ee94d,VISA,7f4f2954-d53a-4310-84a4-bec6e9212800
cc46b89d-623f-4b41-b839-da59f5e23150,VISA,4d765053-c3e0-4ae0-8b54-e8444cee0fd9
1dcdb3ea-53cc-4215-9a0c-2a9f2014427b,AmEx,1ab13b80-9329-4899-a988-1ad1e5c20d9f
3b28895f-98b9-4057-9a2a-f89c1b002a73,MC,3d60d061-e408-41e4-bdfb-ca06d0c463e9
a7a51d38-ecee-4f0d-a215-1fb4259d6926,MC,5a32fa20-1d25-433d-a18a-7063cb488fac
5d3adcdc-32a0-4ca1-9a32-8483455ee78f,VISA,c163a35d-9467-4154-9530-e927f208b2ca
030dbbe1-d73d-4b32-bd6d-5529810713b7,VISA,b9d2f537-c3f9-4083-b66c-29488631903c
189fd1cc-f3b3-41d0-85c6-2df8987dc411,AmEx,41262427-6a99-4cbd-996a-4259eb6edc75
36e45d6a-632c-42a2-b98e-581e2cdaf68d,VISA,6546ac92-bbc5-43c3-ba87-c0467348600e
32a90762-aeae-41d3-aaee-a6674902709d,PayPal,90280e75-4600-4ce2-a618-8c512aed1bc0
f2b4eaf7-8cb1-4c58-a556-3eb95438a5c9,VISA,66f55862-6cfe-4943-bda1-e7b5254be593
856644e7-6a7d-4aed-b3e3-a073ee53082e,AmEx,27e9d469-46ac-4352-8edd-942b35a74646
8cfb5277-1b20-4d53-8d2c-92874a16f642,VISA,e1715b02-e041-480d-9056-0cf3df8cb37c
e42ed128-0d78-4194-87ba-29e76fed3bba,AmEx,835fb451-c35e-466c-bff7-da32f29f68a4
268fbae2-d2b1-4b35-8b9c-ff7de19eb136,MC,cdb086c4-cb2b-46f1-9f11-29932553538a
721d3fcc-b088-4e80-ba00-a1a1d3760f22,VISA,69e3de21-61bb-45b4-b4af-915afe111884
4e390106-f136-4152-9b5b-66fe36983161,AmEx,376d73f5-d06a-48d8-b24f-758e40b4be93
4122dee9-703b-4f97-8755-196979414dbb,VISA,3a68517c-8552-4e30-a79d-1fec16638e2c
1ac9ff6d-859b-44dc-8539-b7728098801f,MC,ab69ad30-45a3-4455-ba1b-f04916e543da
016a3814-4665-4a72-b98b-8746cfb179cb,MC,f3c5c55c-3313-44b6-ae76-a95b9a65a032
c528f147-1876-4b70-bc08-8bd3efbc7bfd,VISA,856bcb2f-68df-47a6-9e56-e942becad8b6
1c5acb77-38ef-4bad-8eab-2b04a01b249b,PayPal,762d1a4b-ee75-4642-a91d-c3b77ed61522
484df0f7-1720-4136-9cac-09807e2c9bcb,Discover,1b1dad6c-95de-49aa-8323-723957ada115
6f35d6d1-0425-45b5-871d-71f25d8786ac,PayPal,36896f51-8570-454d-bdda-1a0a22430573
7caf7a1e-8cce-4487-a874-32a4e13aeac7,VISA,fbb7a254-e236-4fdd-bad3-03aec40d8403
e37d4981-2d4b-44c8-b771-7766706329e4,MC,87bcb641-4719-4f06-a735-c8a7c9ab772b
90f99912-a45a-43c1-b915-f271477d85ad,MC,7d3da374-39bd-43f6-a04e-dc4c9c976d65
6af557e8-91ae-4a73-ac1c-3aeb773cae19,VISA,604499ac-e65f-42ea-b2af-2d8ae3ae5fc1
f7b8f3e3-5676-4b20-b453-7243649c1faa,MC,9b6becc2-faea-4110-b056-4999fa93786d
c836c8a7-7edf-4778-96b3-7cd850008d0b,VISA,87cad818-31a6-4c6f-9b43-a3372ed9dd9a
0dccfd5d-000f-4cff-9f47-8360a6bb609b,MC,d6a4620a-5484-4f4d-ac37-94ea61a5cdef
e5d1a66b-5cc5-4b07-a8b6-df0ce2ea6652,VISA,1349adc5-46a0-4ce8-a8c3-4ccc10e827be
65157cf9-3b84-490b-8143-353e50739976,VISA,d535433c-f8e4-4941-b66b-251293339016
aa25753d-0a4d-49c6-8541-cc5b1d5a7990,AmEx,d28580ed-1dab-4531-9d0b-e202945fcb58
00e64895-4897-43bb-863d-92ce9b255b81,AmEx,c957c6e8-2da7-478a-9349-1d1b1f152065
44007c6f-b677-4fb3-bdf0-3e55feee3a37,AmEx,80f5d231-2c51-4491-8154-43812a64906c
ea5f1594-0a8c-4ba5-9155-236f02b7b741,VISA,350628c7-ec1e-49ac-aefd-85861afd5d22
f95f90f2-ff41-4388-8762-4517bcc54f9f,VISA,f5584e56-7dfc-446b-9462-16ada266bfff
f6d3272a-8f53-4287-b287-29a16e68cf06,VISA,0b7aaada-ee3f-4d87-9c37-2c884fda7567
bb5189ac-0309-4651-92d2-e7ad66c15e46,AmEx,631b6e27-8f9c-4a87-830b-528190c0eaf1
0725f376-1791-4a3e-8e2f-b3a9a1930270,MC,f94c8d54-4168-45a5-bc9d-e9e6a21ade72
de6890be-fb6e-481d-bff6-457bc874e95d,VISA,c8f34ec8-22dc-4180-91b0-d0250cd26d90
5217c6a2-7e9b-471b-8423-2684481f3bee,PayPal,f8fbea75-4d0f-499c-b101-85281d039f8f
86bcccea-d310-4307-9ea2-4aa67243da78,MC,45d6c572-1ee2-4a12-b9c9-6d470100b797
3a1c9767-c7cd-4d4d-b4d0-7c6b6d3b56df,MC,1ed90ed2-75d8-4999-84bf-8cdfa1a815be
432d1825-f8b3-4ef2-8604-1146ab5e53b4,VISA,be7b751b-5f72-41f3-a704-c97adb2781a0
9a2a64ae-cc4a-440f-b02e-9d1561281709,VISA,bfd7ef90-83e9-456d-b90f-8873a8bbbd3d
a28d6257-b34d-4cd0-86cf-f88e5115f59c,MC,c61ecf56-3e70-4b4b-9b59-19c1aaecc09c
cffe8be0-07ad-4d3d-8089-7dc6b533f10f,MC,11e988f0-4215-4ad4-b593-10a0ebee775f
28f5c520-61a7-472d-abf2-adddd517534d,AmEx,ee2b2be2-7a9a-40b7-9a0b-9c600d40ed30
44bb52d6-1cf6-40a1-acd4-e87ea783a96e,MC,a691ff3e-4519-429e-ad90-51be3b547d52
9475ad34-cb97-4111-b47b-8abecb356851,VISA,abf0e321-36cc-4db2-87b2-67200551d64d
2d0c90d1-0211-4d76-aa10-5493ec858e56,MC,d850e9a1-39db-43d3-b292-4dfd6cb349b3
742c07cf-de09-4fac-be3f-6ff0928d2e68,AmEx,66eb212d-9f83-4152-9370-7efeaf997371
b2ab1341-b038-4a81-b24f-f0e9baaeedbd,MC,c8fad78e-7f9f-44a9-8d8f-2d5994ac10f3
2caf04be-bac8-464b-bf67-3b0490f02ee2,VISA,28bdf6b0-1d71-4159-a1ca-f0b861df309f
51e6313a-bf7e-4734-8b34-476d42822563,Discover,77d1f785-b9b2-4a0b-be1f-6eb27926c7bb
7d607a83-b32a-4c9f-a42c-6b7edfec974f,MC,94808775-fde3-41ad-bc5f-f71513750194
7f1b1861-2e3f-44cf-a6a9-fd8d73470313,VISA,3e7ad8b0-be24-40ae-bd59-701fa0a3767c
e60c2a9c-3782-4d20-82fb-ee5a716a8989,VISA,183bc87d-639d-4ec4-9c5e-4e1cacd572e5
9b8fc93a-1983-4a6e-8568-7d42003b80af,AmEx,7b50aa72-bcae-4bf0-8d18-03eea165da5f
7f48c0ca-d1b8-49a6-befa-37312d2ba5a6,VISA,fb805be6-4706-4912-88ab-87454682dbce
dac71053-bcac-4f6c-b8c2-ce4d5cf0f1af,PayPal,387341e0-2a0f-4908-9ec0-273d7f88aa1b
3a7ed63c-5ec0-4941-a9a5-95208032b2aa,MC,dd6d55ce-1d58-42b3-86e4-5bcc8cb0ea96
e5e5a24e-465d-4ac2-b4a6-89f202abde7d,VISA,371c439a-f4a1-45dc-8d99-6dec002c076c
3c391da7-14de-49c1-9bf6-ffd88530972f,VISA,1125417c-ab91-4b56-9cdf-8862cd315315
32537756-b375-4b38-b678-cfd20c078b35,PayPal,cf834472-2277-45d3-8080-272f961e3a9e
733f5349-d652-4430-a367-2496a3c8f6ab,MC,0a75144a-5ab3-4271-97eb-e3ce7068012c
36454b73-7a90-430c-a551-24e717a1e7e8,VISA,78b76047-1677-428b-818d-333109a2b43a
242fc0c4-0525-42f8-b489-efb51f550799,AmEx,a63fae39-d572-4d8a-8406-b5a9bee296c9
c3f8fc93-8c81-427a-ac4c-f608b1f2d43d,AmEx,adeccdcd-f131-4923-bd17-5f2cad9e7769
60271eaf-5544-4acc-be6b-5f0d141f6c86,VISA,21d1d857-d36e-4134-872e-6b4520920092
7d4392e0-01c8-48bc-bd9b-54f40695b7ba,Discover,25ba5a6a-5cd6-4c24-aa53-4a80d675e1d3
53c4e1b8-5f0a-4264-9881-50c7ab13a2e3,VISA,ec0a98f7-bbd8-47e2-abae-13c53a41fabf
8df41c67-50a5-4d9a-a7ae-23fc6e7e9146,VISA,5df037ef-ff3c-4b6e-a6b2-59a9f30874d4
fcbe963a-32fa-475a-84cb-fc40e1520069,VISA,9fc2ecdc-d5f5-4abd-8c6b-5823b1ac1570
6665a4c2-b0e9-45f8-97fd-c745f62a733a,PayPal,046a6773-e5a1-4339-9dff-810b3a8793aa
aba2d20e-feb5-453c-9bb1-c716d3a5418a,MC,7b64057d-8780-4384-a85e-0878a228a443
41fa3ffd-88f5-4044-91ca-4a8733f94cca,VISA,125bd62d-10b1-497f-9f1e-77611f7c7e6a
55290cac-3fdc-49fd-ba48-4199a9d18d20,PayPal,05bf8868-abd2-4eff-a1c0-dcd484ccb0e4
3f61dfdd-f2a6-4c78-a726-6ea5b87cb152,MC,126b1fe4-acf2-4e1b-bf2b-d8f9540dc03e
81363def-b82a-4b63-bff8-31084e7907e9,VISA,2410e11b-404b-44e9-9b43-96d1c93700b1
0c8e5604-b46b-4700-a59b-aa28b96fe9b1,Discover,ff5a5837-c313-47c2-8dea-f4780c6faf47
b8b45237-c0a6-4ca0-858c-61e7c72d8565,MC,2a27459f-791c-46b3-96d4-c17b8aa4a023
1ad1b3fe-b21a-46c1-aa2b-bf488edfc0b6,AmEx,2b75de0d-f8b2-4d4a-8e37-59ecdce4a7c3
159850f9-60cf-4b03-ad6c-c51cd2d8dc52,PayPal,e4e7acab-8049-4822-a82b-7804b66045d5
e0b5a16d-b8ad-4c39-a8a8-e67e6326bb2f,AmEx,df4d70b6-091c-45ef-a8bd-f7f27e29f9c6
cad522b6-8cc0-476a-860f-e80fcc9a48dd,MC,40017a1c-15db-48db-a94a-63bbead67f54
eceded6b-db27-4862-8258-1f6470d170bb,Discover,10a0c4e6-6503-4fa9-b9df-4f815b6bf385
5b4d678b-269d-42e7-8d97-c1ae55f721c3,Discover,cab1b3fa-9513-4048-a9e3-0e2b7251699c
6cabae3a-c9d8-47e7-80c2-e31ccb96bc0e,Discover,b46fa580-3d1e-4fb1-a7f0-fa6e9f12f54e
c6b71bef-92e7-49f3-8e9b-2f3e704b164a,VISA,379e19cd-4b82-47f6-8bbb-968844baf12b
5e454705-ee7b-44af-869d-a497ca3f0d2b,PayPal,c690ef31-5f7b-4205-af7e-d6caacfee1eb
628a2146-1cc4-4276-9a4c-4ce8316b47a3,PayPal,c0897d6e-018b-49b8-95f4-0092bb3eec11
f605759c-dd74-4e66-ae08-fe561e5777fd,AmEx,6ca2c563-ce3e-4d26-8d73-2e73df267ff0
e37d945a-0911-42cc-bcfe-12ed70c535c9,MC,85e55bb2-11c8-4862-bc23-da7062daf1e9
8415a059-8746-4f51-997c-20211f3d9949,VISA,a085057f-28aa-48ba-b879-e3901ddaec08
cb79498d-9fda-4db1-b54d-7c5c330b1f59,MC,d2dfc605-2069-4c36-bb2e-b1265160fb9a
d769929e-c5fe-4f47-9bb7-477106d8bbbe,MC,0de4e5e2-b914-415f-a616-53b3cd201670
29ba1244-261b-41cc-8daa-73ce49747751,PayPal,2ea3a039-62fe-4450-8c9d-d534d658f3df
a0626899-1bf0-4de4-bbea-21332a111ea8,VISA,a587099d-d6d6-48a5-9684-6ef19537f264
6dd5e659-4b38-4eb1-8ca7-b08e15bcecc8,VISA,4e3c446f-59ab-45d1-93e6-1d192932592c
a9e75787-f2fa-4eae-8832-8cec86592739,VISA,8669e460-1976-40b9-b059-ab87f29c6d9f
7cf3d802-26c0-4ea1-8776-c39fcd35de52,Discover,051f1059-9e23-4ff1-9847-31d8f21ec5b9
b68f6293-fb0e-4a94-a498-52db78c1c75f,MC,58e83d0a-a792-44ca-9bd0-900162b2c02d
e8d44255-f9ef-4956-ada2-717cfa70407a,Discover,a9d5290c-9d87-4712-aa5f-8558ffbf4ccb
364bea97-7858-4a3d-b6c4-0aae5bbf414f,VISA,98b352f1-b455-45e3-bbea-9ae2b191bee2
d0c0d817-8ad1-4693-ac89-f747abc9fbd5,AmEx,8705e862-0d90-42cd-9180-346151fb4113
6779d79e-1da0-4ab4-902e-b5ee45612678,AmEx,a65023ef-68a3-4e33-a6f5-ab920e24aba8
a1c3727c-67bc-47c9-b9b7-f77577be13c4,MC,954d4304-1d56-48ca-afa6-1021b7a50b54
dc48faba-129e-4028-afba-811465147839,VISA,d9a20386-2f95-42f5-955d-3cf7b5c21aac
17c532b3-6f96-4ee5-9ba6-4dc2a2a7bd0c,VISA,5162fe74-3d40-49d2-887f-5f2986c1ba69
f3345670-c200-404d-8197-a8738d12e079,AmEx,a63cdca4-00cc-4418-95cd-bd75318a35e6
bc2485ab-49b5-440e-b995-82744243edfd,Discover,53821cd4-8892-4558-9687-5276cc31ab7e
92be63eb-5616-46d7-a92f-aa735b3d945c,MC,1e3eee9e-d819-4f45-a103-47b29241d2b0
103e767d-d7e4-43af-9f7b-48037a0683b0,VISA,d49964aa-d1b1-4f8e-aae9-4a483b85ab27
29a51baa-3167-4b49-ae19-4b1c8f87dd71,MC,c4e070c6-5caa-4484-8016-e1d97697bf2b
7a5b01fe-d809-4329-9b07-d21c66c7ae6b,AmEx,9441eba4-7998-46ee-ba39-2bb8cfc39316
f7663be6-ba48-4faa-98cc-ed2d8269b77b,MC,3f1c3e44-0cb2-4eee-bde5-d6cad04ab6ac
5444f158-55bd-4da0-ab28-1298e44adcdd,AmEx,41f69c0e-b981-4622-bfcc-c38ecb51d7bc
0af9818f-9440-4a5d-8712-bc8d58ec19da,VISA,85b739e2-30e1-4195-b77e-e6f0b12722f4
81e91097-fb64-4101-bdc6-6c0bbab5e666,Discover,6745df3b-4c64-4c63-94af-97d5c6670504
3483e836-36b5-4b20-8c91-19dcc0a13c25,VISA,22aded7a-2091-4f63-acfd-35fc01d20dba
08b2c897-5903-4dc5-973e-96d0d4a3f233,PayPal,9739e95a-9e19-4403-8711-da0906d43879
5da69d4c-936d-4f65-acf2-2b15f8a4816a,PayPal,8c2a567c-fd72-46f6-a171-b55c0bdae22e
21ddeff7-a141-4ddf-9e6b-7c8c907f047c,AmEx,b3ae74b3-b3bf-400a-ba25-3bc0723c6a4b
5331b54d-adb7-4418-8d1a-c268e072844b,Discover,c3c7368a-7528-487f-84a5-f2f378a5d6b5
57ba6cfd-f731-44ab-b634-b118e87d220e,MC,7ca08227-b109-4ab6-b3b3-f6f33c365a0c
22664a1f-66dc-45e4-931f-2dd8a4b28090,VISA,45e41230-ea0a-4c80-b8ed-040f33259009
5c6b3258-1c3f-4405-8597-6207322b67db,MC,f07398ff-47be-4b24-8c5b-9a39fe2b6a77
030fd80e-8237-4139-90eb-2969d72b823e,MC,03cb5ea7-f5b0-4f52-91a7-896cff71524c
4c226832-e862-4157-9476-48d7c1eee4b4,Discover,dccca43e-6876-4acc-a53e-0c9b5e99cecb
247bffb6-912e-448f-b8e9-b6b354140730,AmEx,b97cb865-f5d4-4b52-a62f-e8f8b0a6c143
0160f8bb-28e2-41c4-a239-a688861db3e2,AmEx,0fd3089a-b678-4929-946d-750b03b862b4
57f63441-9617-44cf-a61e-bb8cdef0cdb5,VISA,534254a1-4faa-4a24-8702-1fb82cb862c2
6cecc987-e734-4800-ad38-d9560d209db1,PayPal,c123710c-ecdd-4a14-a4ec-efeeb4ac2ddb
76f950e9-1360-4bed-85c4-2563864bc8a5,VISA,845e4d26-3077-4773-827f-b7beaf6c3eb0
d0b51ed9-f265-4eb3-9f85-797f89b84092,MC,23c4556a-2902-446a-9b92-79c8191317c2
cb3055c0-3171-400e-9d2e-fdbbea6d5d4f,VISA,dd17194f-4375-4d13-8fed-70f9fda004eb
43e65c42-24e1-41c6-a0b4-992ab5135095,VISA,61a6cd2f-0add-4a79-9c9d-60b259646e09
16ea1c6b-fe57-41a5-b4a1-529863bc2fd5,VISA,0d906f31-054c-4222-97ef-923122185233
943dece9-3411-4dfe-8e02-61e6548f28b6,VISA,2b3642ee-1a40-4cb9-a22d-056c35158d14
4fad9cd4-0816-429c-a6a9-2463d074200a,Discover,a4761fee-6d6a-4012-8bbd-8eb0d777a9b7
bf308fec-9a52-4a46-b79f-6b05af071374,VISA,a2dbf99b-7e13-4063-80f0-e03b869f646d
a29e32c2-61a7-4972-b09f-4b09771f3479,MC,8643ed2e-066d-4ab2-a158-600fa719a784
0627771d-e0af-42cd-9269-5b9fd28a7424,PayPal,89b360be-d8d3-4c27-bf72-f3ec5f577507
780e4743-d335-4b71-bf1c-092d75221a41,MC,31a2dfb2-6c4c-4486-9750-2d4d37c58c95
0ceaa34b-c8d0-4a7f-b035-3d170ccbd86a,VISA,dfc3efec-e71b-4582-9322-abc7dea85b74
4f3cf4b7-23f5-4317-b79e-9ebeca9ec8db,PayPal,87319475-2dc6-4e0d-9c3a-dbb23d4ed682
ff03dc6f-c307-4ac8-bce7-1d464c3e97a7,VISA,d19a068a-1d77-40b1-9d02-c79f31520e5e
c3711092-e24a-48fc-a934-01c0137a2868,VISA,1c5f614e-c603-42a1-b576-53fb2bd76025
137091b1-1d29-423a-bc1d-25c37025c84a,VISA,de539101-ca87-4256-b71c-a467ea22d10c
a6ac0b22-021b-47e9-8225-314d66413c96,MC,de628a48-0e58-4269-bf52-fe218365099a
3608c0dd-7f8a-4241-9b2d-af8c7dc8a776,VISA,cb694b02-0d18-4314-b819-38e29c803bbe
314ced38-9563-4a6a-add9-74a3a84c00ba,Discover,ac1ea45f-f789-4209-8034-e7b119b65903
7e1c36a6-bca4-4f71-9a3d-fc3b22f68d47,MC,bd404df7-5bac-49f9-a413-2a05e9ad1d1f
187ba488-1bdd-4fd4-a540-39e44e66d0e8,VISA,2cc6ca5d-431a-4732-96eb-18567f7b2a10
5f5291ce-da7f-447a-8725-2e4998a3eea7,MC,adab0960-4af8-4132-b627-a9114eaad5c0
fed7f02f-faae-4977-9f4f-c08a835c8e4a,VISA,46f8a1d0-4f1a-4105-8182-34d0c3421b03
12a58a51-a00a-414e-8c96-1a067b0f3a20,VISA,07b75ae4-25d0-41ea-844d-4898ac704d0d
9b8fe950-f326-4572-b8fa-492e80ae47bc,MC,f8f955f3-2c44-4814-a3dd-d2a79435caaa
46ee0ec0-881a-43db-864f-8867ad38994a,Discover,f3e85ce4-01d2-452b-9278-89507c1b809a
617971e4-4053-4f4f-8266-f2f5e02a6357,VISA,36584f34-5ff4-4c8a-8ec6-8e765352047b
22246367-16aa-4b05-8313-17b29cfb84d0,VISA,c676537c-a26c-4179-8c17-19858a05c7dc
73e52ce0-8f09-4598-a3d3-c563d9b1258e,AmEx,fad12e21-3eca-48fc-83fb-f59c1361700f
fc57279c-c1ef-4762-b86e-42d14c43f395,MC,83b675e0-5a1f-40b4-b6d2-bceb92b7cab3
a22c3b04-23bb-4052-91aa-49e4daee1153,VISA,eac9a16c-519f-4f70-bd4b-258357108869
0738c714-86e5-4681-a55f-6966e52e1e40,VISA,954d1869-244f-4b1e-84ee-3a47abd06059
fff64194-1451-407a-ac8e-4bf56bf21166,AmEx,9d91d68c-2bd3-46c3-97df-6b8be31561e2
7c7443c2-b81e-4b5e-8013-ebed90763c60,MC,e0a29a41-e0b2-4f4b-bc7c-e7548fd3ef0a
b1a1038e-6469-4f37-8dd2-dc927c7ae400,VISA,982c3aa4-a815-4f45-a500-94e4e61485f4
683c73d9-d818-4e9e-88c8-4eeb38d5a4ee,MC,e3e5eb87-966e-4b58-bf58-f4b88092353b
6522646e-689d-455c-8f6e-26b866d2c0c6,AmEx,831f31e6-1462-4d2f-b6f3-737aa8461f33
31ff8729-19bf-4673-bef1-a40188db22b6,MC,d1617d83-7cc8-4ad8-b9e9-6a9234234b27
091b9933-35da-43d2-b3f0-4a304db67f98,AmEx,a3068103-64df-409c-b9ee-8db4e6fd6f66
03e3e549-6e46-4db5-bad5-8cc880e4fe20,Discover,c2ced6b6-b06c-4e64-902c-1564ec0250e1
1e743bc6-2ace-4d54-bace-ba8b24382f86,Discover,55622cac-8968-4a4d-893d-1a827996cb19
e933fe94-ec91-4a70-89f0-23d1b6d6e65a,VISA,bb17a9df-7edc-4af7-b5f3-bcde2780b14a
fc1ac048-265e-4912-8f45-e64224c457e4,VISA,b0c62035-6940-42d5-a174-b951e63cf097
7fb68915-dfb7-48ac-9118-f9e785a15001,MC,daa909de-424a-411e-a6c1-1c6d1344fc43
d1d2fabd-9c91-4cf0-93bb-b06ee3ef78af,MC,ee402428-c6d6-46a9-a983-5779f9c2a0e5
945eddbb-61b4-45d4-a081-ae8809c8b2f3,AmEx,c1c456b8-81d2-46d9-b302-a0300c85e474
813ef2e8-9dc0-412b-85fd-45459b9daf65,VISA,7ffa14fc-a623-4453-abc5-857953b475bc
1e618f15-8e2f-4714-a270-eca929d7da48,VISA,98ec33ac-856e-44f2-a3c8-368dc6494783
76229acf-388d-4aed-9d3b-8c3f65bf4cc2,MC,6bb67c98-532b-4b10-9d0e-12f38c1a2991
10c4a6f5-649b-47d6-9f96-bc7bbd4d1fe0,VISA,eb53409f-9f0a-4e26-8955-83838c9f86cd
03e89b7c-6054-4f6f-a0fc-eeeefb845cd4,VISA,9c53965f-c49c-4425-90df-dee862a57edb
292d48f2-1015-486f-895c-ab8b4101772a,MC,34528d86-2e35-495f-b638-8018f5d0caa8
d12c731e-4092-400b-846d-685365458409,MC,214a359d-6131-4f1b-bc55-def17da91a9f
92b6e7f6-b08e-4045-971f-92f2006190e0,AmEx,2e9fc90d-709e-4a16-842a-42ccd0fc943d
e8fff157-cba4-4c95-bc33-f0d3170c0c5a,Discover,b120126e-34d0-4ef4-bf35-7a73a25b1414
d6bc550f-bed5-42ba-8a0c-fbdb4e60e317,VISA,f93e7082-f291-4b83-8aea-871691c0ca5d
619544b7-d06c-4f38-ba52-3cb026ceec69,VISA,fc2c4469-a106-407e-b913-47242d396d1b
ba10da72-49d4-4d4e-90ec-0877aa1bcc9e,MC,b510b9b0-a125-414b-b5ce-e9614ee24b55
85faf17a-0557-422a-9379-6a0110cdedea,VISA,757daef5-cc80-42bb-95ba-574b5da2568b
6bc1374f-2450-4922-b82d-66f19e6b9efc,MC,74d5c3e6-f356-4a3d-8a88-c35543136910
e211f8ff-0455-4fca-ba2a-5f48696fbcb0,VISA,f3681886-5a69-4a5e-b8c8-75ceba5018f5
d4bed4be-b5b3-4327-b10d-72c3205609c1,Discover,0dab893e-3a0d-4055-bc1e-83135f974af4
b6478716-facf-416f-9acf-fb71ecce630a,VISA,a2257762-ee8e-46d9-a1ff-1f5adbb25077
d077b4a4-17b2-4bc6-a18f-c574d8225c4e,VISA,69689dba-9aea-4812-8821-d6384c61aba2
fd5c3381-2368-442d-8a81-af0da6d80eed,VISA,77ca820c-e233-4190-b919-095809dcb04c
707ad5a3-1304-4413-b8c7-bd5fccc41873,Discover,2ca8b60a-7504-4400-960f-5ffefb611900
4a358b59-1cc8-4b2f-a591-1b1226ca98d8,VISA,07395a2e-798f-42f6-bfc1-25e39296f4bb
af54f94b-32ba-4f5b-8281-f1a2183238a0,Discover,4e58c74f-54cb-4b2a-88f5-dc0e1accc171
7938aaac-6d7d-4603-9356-6f9ff8b04e42,MC,b31822e9-fa6e-4acc-9c9a-1842a5e42e48
c79c5485-42d2-4f39-b9ca-3a3e27ac3e80,MC,9d56a7e3-602c-4b6c-8eeb-4823e8727077
c59f1f2a-f5e6-4935-b70b-8d66926a445d,AmEx,864422c3-5a91-4b8d-82b0-d311be7274ab
a14a1c8c-3721-450b-b961-78d1c345da46,MC,2cfc42a1-f492-4386-a9f1-091b124f619a
e9e48444-488b-4393-8761-10fd4508ad51,PayPal,59476355-106b-4c62-8f31-0b92a4c7adba
3ac3c92a-2b12-459c-bcbc-268287cfa756,PayPal,97edac90-0919-49ca-af9d-1f46069fb754
5c544f03-c5c2-41f6-bf0b-525ebebf1746,VISA,0983e79b-961e-4966-a156-4fbdcbd40867
07e036f2-9b68-44d8-8dc5-2397c320fee5,VISA,db76668a-76d2-4fd6-8b82-eda94c20071b
469f99b6-6ab1-49c8-a350-9bc4c6c68949,AmEx,d9fa59e6-ebc4-41f8-8d6f-54ac182f93c4
7768defb-c80e-4ddc-bea1-0d61adee1f8a,Discover,7814db54-0a82-41f4-81ad-b0f43b7777ac
895c5430-da5d-4140-b3ee-dea213f2bd57,AmEx,4d108f5d-f5c5-4cb1-b99a-aff157496cfd
8524e27b-44c0-4460-b75d-726e8e53550c,AmEx,a1086dce-2ec4-471a-a8ff-9e6836503e39
918906f9-2b7e-4304-93eb-512be7dc42e1,MC,214729aa-cc5a-4c4b-b600-8471111f9d59
0304ff9a-216a-4ad4-8864-6e9ca6207051,PayPal,d2c579a9-be43-41d1-a372-a6d8abd58aff
01f544c0-82d1-4d57-8ed6-15f58eb39939,VISA,a35975f6-d905-4143-a74f-cb7df8f24797
3da35fb4-af9d-406e-a93a-56a5976c78b9,VISA,fb459a05-b51f-45f4-9afd-fa1fead79ef2
23459945-358e-484d-9db5-eebc685dec33,AmEx,aaa3f55b-f9b0-4f82-bb19-7c8dc5b21c3c
543af19f-8e63-411a-9329-b5ad7012e21c,VISA,83d90206-6233-4509-a3e2-da7695cb1ea9
9e8553cf-50f2-4271-9875-0efb481c5bc8,VISA,375b7bc4-fe36-40f6-a886-603985b50f77
2a1e91f1-8297-4ef9-94b6-bc715768077b,AmEx,2e204678-078f-474f-bc07-761dedb1afe9
03b8bda0-5656-42de-9849-322c8b014e3b,PayPal,7816fe72-8e59-4e3e-a672-5df37c79d9cb
04128b30-10e4-4d3a-92ce-959cae04d331,VISA,7c273d42-bf07-44d9-a1ba-94c1a36b1771
b3f7af68-111f-4d66-81c7-a22a5e621b35,AmEx,3cb29e97-0fa2-410c-b6a4-bf71f0694628
b739edb0-4a8a-498e-a97f-3376e469f15d,VISA,27e3c9ea-76d1-4400-b39b-17e2bfc27669
e23ab275-aca9-4e8e-8bea-752f7323465e,VISA,daf69e81-db81-4bd3-8e8a-b06fcc1f2dae
33f34d2d-9efe-48ac-b549-8fa7509f2597,MC,41bea400-d4ee-44d5-b516-87e10d9c9346
84d49abe-2a4a-4a50-87ae-f966ca8c2188,VISA,a212d869-bcd5-4328-ad15-41113c6ae48c
52e5277d-2e06-4f0c-82e6-3c5fa9dcaf05,MC,c95bf67e-1936-454f-b61f-55b60cbc3250
1561745b-47df-441a-8637-ea9b97cda6d3,AmEx,67c424cb-c90c-4f1e-930b-c6b8bfd6efc7
a88f5504-4ff7-4a9d-a93e-3c8f96993d36,VISA,7fc2de14-115c-4f81-9fa9-6d2875b12c3f
da33fe97-9131-4b92-8d1e-f9b35f5866dd,VISA,0991b665-7abd-4eac-9f92-98c99ab6ce93
1be4babe-12a1-4f8b-850e-29a9e9eafb83,MC,8c59ffa2-d9bb-45a3-9a44-e3e4a1e0cac3
45d8853c-a2a9-49a5-9109-a91e71bacff6,AmEx,4d1bc2ac-6570-472b-95ae-b0be03aed08b
02a72278-dfd5-484f-814c-81ea05c5cd27,MC,6628bad3-f08b-4234-8f32-356aac67afa1
e9060ef3-5b90-4fe4-a8c6-debbb4807637,MC,bad07bfb-2898-4caa-9266-ae4a0a4f34a8
513628d6-30ed-4caf-9d11-21400b78d77a,AmEx,99ae69dd-6e17-4430-962d-8be460f61872
9e7a0d79-5870-41bb-bc87-c0d651fed8ee,AmEx,c9a59147-3771-4be6-9b3c-ba76edf05c3b
af21cc68-db31-451d-b49b-2a110f45a5f6,VISA,954bf52f-3a66-4032-979b-7ee501767c85
3fc421f7-9790-489a-ad37-e4decc53e50d,PayPal,122f9bdb-37fa-466e-9feb-6c6bea2553f2
6a85d48a-8aa2-4185-a604-fdab5146e71d,PayPal,4004a6d5-3ddb-4c32-803f-05544235bd74
1e4a8a7d-6245-4e1a-aca3-9f8931e748c0,VISA,8a77f931-a184-4d4b-b38e-fd53ee724f37
f75b9a06-1b79-4655-8099-f69bb2c289b1,VISA,48f3aa25-29cd-4b82-966a-f14f3dc05075
8a3502c9-8f67-4c20-9be2-edc657f3a2f1,VISA,ff549316-ff8c-439d-bcec-3447a100a0a0
32e41da3-361c-4c9c-8091-8a7b8eec373a,VISA,9c1c6703-735a-472c-83df-caeb6b506296
c3038759-e3df-4490-a4ae-a7d777d2f2ff,MC,2be7dd69-312f-459e-846b-d4360eccdec3
e416ac54-4919-4d9a-9cc5-9a261ccd16b6,MC,6089f81a-278a-42e7-bb86-25ea94554999
3b93ce8e-bb7e-46ca-807d-49eb805c6650,VISA,c9c49b27-19a9-4210-9019-5fdbd511e03a
ecb4952b-0690-41c3-a73e-ace964cd31ed,VISA,75a3b00c-912c-4924-b8bf-60b4eb192883
d13a4881-bbaa-4897-be93-ecd88b72de90,Discover,355eb881-d721-49cf-b1e9-eb6fe9900bb3
890d1cf0-9da7-4429-bfc2-6d0ec3ad1c3b,Discover,53442893-de25-41da-8b54-57587620adf4
3564307e-3b6f-4d7f-a939-5c4ba6828c94,VISA,70c8ae40-99b7-45bc-a85b-dbd3cc5a174a
285dfee2-451b-4b69-9edf-acdebfb84bbe,AmEx,d3268912-4b2d-42c9-b91b-48dffe3eec68
ef90b5ea-76e3-4d4c-9e6b-e5abb4b48431,Discover,992c0666-c238-4040-8fac-fb4f4284c834
098e97aa-ebf7-4f5c-97b2-2ef8c66f871e,VISA,db2b767a-034d-46c5-8685-86312af018a7
6575adaa-e7ff-42a5-9a70-37865a6eab1e,VISA,53581d7f-b13a-4eae-b73c-bde0385d0566
7d7caa85-7986-405f-9d22-b0b6ae281fc5,AmEx,cc6085fd-24d2-4060-a231-9ddeb8f9581c
e738c52d-f015-4e9d-930f-a952c447284e,AmEx,16651b00-b9d4-4eb4-8406-6a75cdafcd3b
f8bdfe29-4182-42e7-8859-9d0ac163471c,MC,a3c7bc8b-aaf1-45c0-ae19-74ba686c4052
eb2031ce-4bc8-4b1b-9bd1-b64a5874f412,VISA,fa3d014f-0158-4a61-8a52-ffbdebdde6c5
38e8a94f-ffc8-4f58-ac53-d95ec011f8f4,VISA,824d8506-192f-4bc1-a15d-4267a4c70762
8d51f144-6d58-463b-b9d4-2ba027b42194,MC,9c18bde5-84ab-49fb-9616-09cc362c0c3a
930f6fdf-fbfb-4aa4-950a-fe20c0703d8c,MC,58ced90e-ba68-4a6a-b2fb-dbe2d1fb13fa
205ce60c-16fc-4f7a-9d61-0885a01905dc,VISA,d9b5c0b8-944a-4352-867c-ac13dfacf62e
1a4baf31-f202-4b0a-b273-f8f47d8df5d1,VISA,7102d109-b03e-4286-adde-729a31a9632a
e28c0c7a-ea9a-416f-8c6b-5bd7e47ce8fb,VISA,fcde5f79-d705-47f0-b5ad-b4fa63a10441
8a70a5b1-1131-4eea-8a50-ab58d023919c,MC,0aaba22b-c7d6-471c-abe6-54d8b2f3c7b3
909794ba-f2f7-48f5-b541-a57d55bea903,VISA,19cb605d-8dbb-404c-8279-005ecef95a70
db4bc8a3-e543-4624-8c10-3c30b86b5892,VISA,6f30585d-4430-4086-a1e2-950f6cf7bcad
bdc78b9c-811a-4fe4-bd6c-b698b99c6139,PayPal,23e9b34e-33e1-4793-97f2-164908e802ca
5d2c5ed5-40dc-49a0-aad4-2940ea10ba41,VISA,d51443fe-11e3-401b-9342-c2a990c3ad79
bb259abe-6f0a-4db0-82b2-69dcaca65450,MC,726c9c03-6881-4468-870a-6729eb8247e5
58864fd2-f504-46c7-bc60-76c8140b3977,MC,79c095e6-cac5-422e-aeda-89fd45cfb56f
de496231-f387-4e8c-8d1c-be3a00a8b19e,VISA,1c9e3b62-d271-4299-92d9-868609d70714
37171d92-a372-4cef-993d-647f0accb5eb,AmEx,3fe09839-5bdc-4d29-8de7-0756f66695ce
a30cd498-03a3-45fa-b310-fc147bee43de,PayPal,8cd147fe-d541-4633-8ba4-de904f14944c
b67ccfc3-9a47-4d4e-8986-dd0458fd3cac,MC,4f952d8c-4378-4bfa-b227-436566c94ac2
35536515-5817-4495-b20c-a70f2b2b8f6a,VISA,9f3141e2-86d8-47f7-8b37-4e0abc0a2316
c3c95081-6430-4766-bd27-b10d06b0cadc,VISA,bd1dac97-5c68-4f97-8dde-d54ce512fd74
4249cfbf-84d2-462c-8346-3cc8a5b99a70,PayPal,bf096f5c-52a8-4d91-96aa-ac1ab3f53a66
7bec9bbb-745b-4462-9253-c27bcae75b6d,VISA,0443488d-51b0-4cef-8396-319aa5f1b6cf
e85cd3b0-a2a2-4c53-95da-86d075f88ff6,VISA,fcca5a56-1c6e-4dcc-86d7-7cedd762a16e
1a105784-1812-4bd0-b03a-c158760fd5d0,MC,41da5aef-fd6f-4420-b54b-8df6bf5eafc6
b7e8fa65-2990-48cd-911c-95a9bd224425,Discover,05fd8dab-c461-46ec-b350-7dcb1e56f8c3
4a25b7c1-9ed9-4833-a698-7517a72bf94b,PayPal,9be33bf5-33b5-45a2-a1e1-ee1ed06089a8
b9c67150-debd-483b-9f74-2e59a162b29e,Discover,58381280-3b9f-4d58-ab2a-507ec95ad56d
77cfcc1e-f7c7-43b9-a029-56b5f9046684,MC,95d685d3-128b-4a21-bc5f-732190173a52
591d4e8f-0cfb-4510-8b62-5160b61172ff,VISA,ebaec956-e4a6-4f0d-a459-c4ff0d9e6445
e2aa05a5-8085-4515-a30a-91e42ff0f8ab,PayPal,d8d7d562-98c0-40fd-a011-2a080d7f9fcc
1729e400-90df-4756-af57-200873968210,VISA,1afdb016-aef4-4af2-84b2-98bc5408bb85
f2e1ee94-74ef-4496-904d-16af36fa69c5,VISA,cf5ba4c0-b56f-44d2-bea2-6a8516985a65
3d65e5a9-b611-416e-afb9-efc19317811a,VISA,69345a95-bd4a-419d-90ae-0a5fe3daee53
78a6020a-c544-4507-add7-d62cf217f265,Discover,d20cdd5e-8aea-4b41-a787-5139af7d09db
9a3c8754-05f5-41a6-a1d5-864329bb2d3b,AmEx,3adb2be8-0f50-4c5f-aa04-d1d65c8bcfa7
752ee169-23df-4d5f-adf2-f25b3fd5cccb,MC,018199a3-f625-4220-97df-bda92ebc3c01
3179bcbe-b153-4fa2-80a1-2e772368a37e,VISA,ee563fea-eb5a-421f-93b8-945f959a454a
c02f9f29-55de-4996-bd07-884e65422a3e,VISA,ec0051c6-608c-4c6b-b00c-f52be78fb9c5
9bd1d039-21c7-4dd2-8b40-fe7da85ba4f1,AmEx,8d129cf9-f9a2-4036-bc4a-6670cb83dad0
8dfb39af-2f2c-4c56-b65b-c1d4c85daa6b,VISA,80c5efc5-0e98-40a0-a123-99477c3549d6
295dd01d-3d44-4baa-8457-8385cd864f35,VISA,26acde3c-329b-4ddf-92ec-4274a47426c0
a444a268-c976-4ecf-baad-5840ffcbe66f,PayPal,72584d81-114f-4d6f-9da4-3cdefc912b6f
8d23e5c8-f2b3-4bcb-a280-e248ad863648,VISA,65b5e1b5-0635-4b26-be06-531c53e35e88
90e06cc3-8f84-4c5e-b684-0679484351cb,MC,8c536400-71ab-4110-a3f9-227100cb63ba
551f5495-987e-4d2e-a6fd-489e2cf1fe91,VISA,42b1ab95-7b93-4001-9230-0bd6d7597c24
db8965c1-7de3-484a-81fc-645fb53074c9,VISA,d2de79ef-1d77-4376-b374-0ee3e751cc64
2cecf37f-628f-4f32-9169-02f96c27888f,AmEx,8b4c6a87-7c6b-4a66-905a-1776b8fc3a6e
9f095f0a-8040-4838-9f73-4b21aabd84a5,AmEx,c0c7eec4-74f6-4792-9682-f28aef525cc5
9cd037ce-202a-401f-beb3-09b6e515b2a0,VISA,df050415-f563-43be-8c75-961981342777
3912cb6c-a12a-4a13-ba89-89feafd12b7e,VISA,d3003abb-cc50-4465-9477-138078b83216
86369cc0-208d-4e31-9b04-ff2a9848ef44,VISA,1972b88d-f19d-4c5c-92b7-d0499fa67c02
5f848382-20dc-40d4-a02e-ac61a1cd2369,VISA,770dd760-d8dd-4df1-bf04-d51f14b47b9b
876a3ed2-d0b7-43ff-82fa-a9cb7dc61de1,Discover,69e8a5fe-ad4b-40ce-bdf2-8eb97c8bcb51
d43d0ec4-e2eb-467d-ab92-a6e367099a08,AmEx,c40fcc45-ae55-4786-9aa5-b1425e4a0818
9976a87f-ec10-4687-95cf-ad04c2cbbee5,VISA,0264517a-d67c-4187-a02d-c5ca43bec09f
24941561-e235-4d1d-a11d-5d4090f40399,Discover,fc44ed26-55c6-40a3-bb88-acafe3437ee7
6632da81-96da-4694-8450-045a0d648fdf,VISA,49796fd9-fb18-4d90-ab53-05748f0d7ddf
4ee63fa9-28ff-4ab2-bb74-ccef857968f4,PayPal,3a877f94-2d6f-43ab-8e09-436e3b5cbcb4
ee185474-376b-4dfb-b1f5-a8dfd37acadb,VISA,fe1821e8-d59c-4a17-81c0-899b36f0f036
1541e22d-20b6-47ac-b145-73b39aaab55f,AmEx,d5aa9da8-8d6d-4b78-8959-fe33d0b3fdbd
3ffcf0d4-15e0-4402-9024-b859247df877,AmEx,65f226c1-71fa-4a3b-b340-6617ad7a8b48
c47680bc-5bed-4c66-8c9a-71048feaa916,VISA,82c279b6-16ab-4840-bf8d-9e14c6ecd755
fbcd2337-afba-4ebe-a659-10887c137b5a,Discover,8dd93653-4e37-48f8-81d0-8ee9356ab8db
d7ab71f1-a297-40ff-811f-4b20b30cf781,VISA,e5667aee-be0e-43f2-9d8b-090837d9b175
4ef10694-c882-4411-9e88-67933b1e3933,MC,88ace5d0-c5ff-4aa7-9425-788109fe7312
7443bfe6-f3d6-43d4-bc95-2af62943b842,VISA,89717829-a21a-4847-9a56-cae49ad2fd7e
9d89a0bf-240a-46cc-95bc-13bc992a85ab,VISA,fd41b9e0-85ad-4ca7-a2c4-b4421766d30a
bc667ed2-b0c5-4bb3-bb40-093390c27522,MC,20ee6839-ab44-4a89-bdb9-a9bfbcdc5864
620593e2-3af9-4195-bab8-51be31034f51,AmEx,d9935624-30ee-458b-8f30-778ba1b5b105
ba256e66-ee3a-4481-b3ef-0add830168d9,MC,86030395-c0e2-48b3-b132-c102dd94e8a2
26170d63-6ff4-410e-b6ea-e016919abf77,AmEx,c25b58b1-be48-44dd-84c2-49dd2ad78404
4c04ddd1-0e28-4425-af18-9b18de6d7884,Discover,af0a53d0-a692-43ec-afd9-7abd8b1abd4f
ea8fe054-e558-40f0-b6a3-148351e88f05,AmEx,75e5d830-0b58-4211-9ab1-c716563f9da8
fad701bc-1f41-4ebb-b5f9-2ad5e17e7645,VISA,130d7f61-71ed-4551-81be-992c8000f475
95ad64af-2bb2-4fff-9f7f-0c2583eadc0a,MC,63920fb0-ac2b-4767-8b84-d20e60e2f9f1
bebfd706-7c97-4432-a00f-dd0d7b79c353,MC,91f46cd0-0dc4-4945-aed9-f4790446d069
9b7af444-ec80-4d24-a79f-3d0708385ff5,VISA,53d8b7ab-b748-43de-bb7a-73881b1ccfed
52ce1b3b-9957-4eed-8748-0e13ac6083f0,MC,ed832932-349c-44e4-a4b7-68e719fcb212
b1a85e90-0afd-4f04-9f0e-bd1c0c387902,VISA,2e3393b5-5307-44b5-b222-71054465b417
9853dc66-5951-4d21-ba9d-c71fe359ab85,VISA,54f38baf-dfe0-44c1-ad29-41feb610ca35
2f871904-2b60-4529-98d5-ee3d21832756,Discover,3e82a3f6-dc0e-43c8-b1f9-511c6ff8edbb
bd58ed7e-a50a-43dd-a569-7633b32317f5,VISA,e68801f7-0591-4061-b34f-cf42ef22f98e
20889610-12bc-47da-9674-15bd76532b47,Discover,d01ab4cc-2478-41b9-99d6-ab939889f12c
51553692-3851-4606-a522-72cdbb184a49,VISA,0e0c910c-e71f-4c0a-8a6e-316f2b42b3e2
bd02669e-f125-425a-a9dd-1e98dcc9a305,VISA,234d4883-a037-4042-8451-97d97d6c94fd
14c071b8-9f97-48dd-a0c4-921b6789867b,PayPal,5023a810-81bc-4b42-92f4-b110d9270274
ae8d659f-9bf0-49bc-9581-bc6a826e3333,VISA,5c8832a4-28a1-4aa9-8e40-dd65083c5445
35fab337-4e1e-4e15-a710-386059f80730,PayPal,bca86cbf-eb76-4974-8cf4-4c2963fe4a15
5f08bfee-560b-4fe0-8102-7786fb58f9d4,PayPal,7db46e12-7902-4a48-b17b-65eafbc0a268
f0963752-5aca-4566-9fea-e14c929bcfd2,VISA,855d2268-bd80-4834-9be4-0653559a26e7
4c764230-5381-46f6-9f4b-de1c4264fa32,VISA,d7d31147-12f0-4857-811e-33a4369fb54f
03dbe730-19d2-4cff-9a24-a1e7b6676c75,AmEx,35f21150-41f2-4054-baf5-cd1c2244de54
e0744e2b-cf42-4e8a-bb9b-78c2c48c375b,AmEx,36211027-6d3c-434a-a2e9-72c5edaedcd7
e9104252-940d-45a4-93e0-6214d922b22e,VISA,e6e40c14-136d-493e-8dd9-b79b019dd1e4
07ed4bb7-f2e5-43ec-bb5c-229e4c38e9a7,AmEx,0493b001-94a7-43e1-a196-3eeba7d1b8c5
1ac91832-923a-4b3e-9084-15018d6554b9,VISA,59c025e1-fef6-4946-ae83-a08830367415
01f2d6f7-cde9-4a9d-a3c9-f197bc6d9c86,MC,88ec9359-1c08-4122-b67a-d62d32b30ad4
870b35f6-3cf5-4829-b418-d087fc586060,AmEx,e8e46eff-2946-41b4-8315-e4c944fe4c29
28908064-cbde-496b-b5b5-f9466513e55a,VISA,3c9e6e36-ebd0-43f8-9edc-bced87949063
3f4618c3-ffc1-47e7-926e-ec7c45d40a0c,VISA,19ec92a6-bdb5-48fd-ae4b-e3fbeab1932a
af65f00e-1d83-4e52-a9e1-ddd2f3939987,VISA,8ea313ae-bec3-413f-b521-b65981e9fc07
8e060ab1-ac0c-43db-a4e4-7c946ad0912b,AmEx,9fce9206-0ada-421b-953f-badae70f2826
2eb04c66-84a6-47bc-844e-6feff0260728,PayPal,c3449b90-93ef-4b12-9e0b-e6b8fdac7b5c
f3626c1d-1f48-4fd2-a5f5-c5c0fb2bfa7e,PayPal,522f572f-e7f2-41e2-8ce3-ada4f70be673
9e72eae0-9887-422a-9e22-1b4fbb41f133,VISA,7f5b84d5-df07-4ad9-bbb6-834c5824dcfd
05341b24-0fd3-4b25-b358-71baeb1f84ab,AmEx,063fff49-1fba-46e7-8b54-3052851bdd46
1fa0a5e2-fe86-4d19-bb99-f3340f5c0011,MC,033dbbe0-2902-4763-8f86-10af019461c7
8127703c-d4ee-4896-8d25-aad3e742a167,AmEx,a782fbc7-0c9a-4337-b1b9-0edb6dc95b7d
cf997f62-6578-4f22-84c4-bda57c27e1b7,VISA,f1037d9b-bcad-4b91-a345-45304c6eea5a
bfe03abf-1e7c-4295-8ccf-1fc1e8d58203,VISA,478362fd-3be9-4f4f-aafb-15c7bc7ed095
2b4800a9-07d6-43b0-99d4-35a2df63a10d,VISA,fe66e905-7f79-4d88-a067-96a173e05f3f
bed14c59-1468-47af-be6b-5b29d1f9c679,MC,a1a3864a-602a-45d5-80d7-1a43f3333a7a
1e229ac1-5d4a-4180-a31f-b085824aee88,VISA,75ef2c3a-392a-45a1-a5d5-1ffa9f091ad8
3f52ba7f-3ad8-41bb-938c-72cf4690c558,VISA,0d6cc66f-ffb6-4900-9361-1fc56d582780
031d41ed-48a9-41f6-bb1c-9537a173aed8,PayPal,e4f4ddd3-f026-4ed8-9f5d-b042ae7fc7b8
2ce174c2-75d1-431b-9651-05f04d6c4414,Discover,28edd547-5156-4f00-ad97-c78f082baee2
3f5f98ac-7df3-4190-9c17-fbe4146aa44e,AmEx,abdadb22-c778-48b6-a9f6-83715df312a9
a765c881-cb54-4582-9fd3-3e840f0360f5,VISA,470eb4d3-f7f1-4f0c-9a97-76963b1ec08b
6fb3bf9e-4c80-4182-abe0-d3cfe3429c66,PayPal,490c9f36-125b-4407-8f73-9b8ebb5afe75
9de0c686-e701-435a-9f1d-432ae4b1a952,MC,5261b8d6-4c12-446c-b42a-c82290b12059
c44b2f8d-8b43-4283-a302-84dcd7a64581,VISA,15b9da91-5c62-40c7-8ee7-99796129564f
91caa2ce-a79d-4199-9422-0ff52dfa3ba4,PayPal,1892ff30-8bcc-47f8-8e03-1f536b603491
130c7baa-2f4d-4239-9c29-4f1b2d736dc4,VISA,bc61f97d-69af-4b2c-accc-9c23e84ce0f4
53c29e58-e348-4ef4-9205-92d0edc623b4,VISA,9e1a5dad-a27c-4703-a980-fcbc907dff91
d2c95b87-d8b8-4aab-9a95-bff4acc50ba7,VISA,042cf09b-c25f-4a88-92c5-6cf7ed2febd7
c555a34f-add7-487a-8eba-5ffe2d8040bf,VISA,b99bf435-d9be-489c-9076-ff54f1c6fb92
b6418b8d-f106-44e9-aff7-fb55f2174e82,MC,377e4fea-3843-4db2-bfae-5159eaf93625
d10c5335-935b-43d8-9bff-fe6f632f2bfb,AmEx,0cea7613-765c-4fd1-9278-2cff8ab672f0
2ff99000-4474-4f2d-bfbe-1bba6e634bed,VISA,e2e26c95-a0ca-43bd-a510-2753d86c9748
9feea196-49fc-4346-8e9d-28ffebbf76a7,Discover,df8542c6-7dfd-42f6-bf71-cc6a31503dbb
e28aef1c-7f54-4957-b7b9-e72509362bf1,VISA,990cab14-46e6-4857-b687-5828915b8952
21fe7d4f-2b60-4c22-8478-fc9463065b25,VISA,7c808276-f49b-48c5-85c7-ff307585ff55
8fa2a5df-876d-4915-b41a-b076180945a7,VISA,ae95effc-ada4-47ca-8436-f62c67a84774
21e80907-fb13-4723-a1b3-34b2af567794,Discover,00cb78e9-0b96-45f0-9b9b-4e117135dd4d
69936663-53dc-485b-beda-ef8054c09b05,MC,fec326da-7e93-4600-a16f-561034aae6b1
c628f714-4a2e-4362-8a2a-db007f761df2,MC,99982e60-b4b7-491d-96bc-1d077654a5ae
4d510b34-d4d0-4b5f-a7b7-31421273337c,MC,bc85393c-6960-4df5-a6ee-b7007ca25e21
38966322-4eab-4596-a549-233945826450,VISA,b7427f17-e8b2-4a6e-bcb0-5f3607716ff6
6a3c2c1d-1a3f-4718-8fef-530c84ed2741,VISA,76d2bcd0-f69b-41d9-ab67-bf007f3dda87
61496673-b5b7-45cc-a42d-4950526a0441,VISA,83510cca-d157-416c-910a-eb862820484a
922b62cc-0662-4fcb-b55e-e8fcfcb2c680,VISA,98b3a885-1dca-4055-baf8-8f3889d1188b
064ecc1e-16f6-4bb0-adbc-373e3c1690a9,MC,dec4d70f-8a5a-4f7b-a16d-5a6f0b81bcfa
70652816-d6f5-4af8-864d-ad1ee0f016f5,VISA,ccc5b9ff-fe6d-4ff9-8e85-6d7650cf624a
d80dac37-f4b0-4820-b223-10dcdf7cee26,VISA,aaa4b844-797d-4b93-8813-322c005fccc9
111377eb-a6df-49a1-9b1a-c4610c7e8e8c,MC,4523c390-0311-4d41-a9b1-73c2cfee374f
f166c77f-8879-45ae-a8a0-405b8f51a64c,AmEx,0d8f61e3-e474-4fc3-8858-74c3780a661d
816155a6-fc5b-4166-a37b-b1143f2bb3eb,VISA,fc673636-e2dd-4af4-b46f-63b9f3fef4d7
14156dac-3115-4ce6-a197-abe3b3912b82,PayPal,d3a867f1-e529-44c3-914f-ed7da2dca120
8b828f93-6175-4d79-873d-c0512be022f1,PayPal,95392faa-07ac-4086-908a-655d95bd214d
ba59d8a1-ab32-4661-84a6-ec198e41020e,VISA,66764165-a754-4d1b-a16d-cf3911872d9c
5ad14340-95c0-4f5c-be70-9ac8e6e107ea,PayPal,148c42a8-526b-410a-ab96-bcc19e083151
2afaecf7-2d1d-4395-9d42-c5b91009aa97,VISA,ec647a9a-2f0e-473b-a2b2-39943c80a1be
e3a6c20c-f62c-4da7-95c7-a36b935468d2,PayPal,06e1d3d8-094e-4e44-9beb-e16eb2d4042a
09a2e0eb-31fe-4542-834e-232036ce2289,PayPal,a5c08e8b-631a-43e5-85dd-774cd24508d9
b2e4219f-46d6-4f4a-a6cf-ab4a72b5920c,MC,1f3454a4-4616-4aad-84ec-54cf0ea061e3
955ad21b-052a-45b0-8b7f-602b384ed583,MC,4b1ffec0-37ff-478e-b86e-ccfb07164a61
0d9a3ad3-4fc2-400b-b163-166dd28eebf4,VISA,aee8f2e1-86f5-482e-a52e-23c4bb628dfe
c7ffac08-02a6-45ad-85c0-84a2e1f2a95e,VISA,b6e68b0b-4546-4382-aebe-250c178da589
aa1910ef-1712-44fe-b204-cb0d92a37d80,Discover,0bcf2811-037b-4c91-8fd5-60e1e851d2b6
0bcc9b4f-a66b-4579-8492-51290fcc1f60,MC,02db05b7-69f8-4098-b174-5fe235448ea1
ebb76784-062f-4be9-a261-c0511e8eb230,MC,cefca81b-751c-4e48-94e4-2cf35d5c7fe2
5033219b-a709-4ee1-9c62-d891e15971dd,VISA,4a5a79f0-9f78-4da2-bce6-b3f3529f0ed5
1c28051d-5074-4e4a-ad21-6ebf828a6018,PayPal,3080e5fb-8179-47df-ace9-1c310049efb9
f372b897-ab0e-4697-9742-15a0ecdce68d,Discover,53645626-f1c2-43ac-8f77-b394ae61bbe0
360ce254-20af-4d29-9f42-201a1a7bc73a,MC,c0a30c37-851d-4d0e-81f0-ecc0fd119896
bd00a5aa-0605-457e-8ad7-4cdaf19a18b0,VISA,c22a93e3-8289-4e38-a59f-66b675e2eabe
25e58b33-72aa-421d-bc9d-78032843b920,MC,2ac1bcde-bc33-42a8-937e-fcf0bf79323e
fd08d91b-d6ae-428c-a333-e88fb3ac2b29,Discover,79722e20-b573-43c3-82ec-fa4cb2027ff0
99531137-6b46-4500-8226-efbe4fa61bd4,PayPal,b46360e4-4de3-4764-b1da-696eb5b0e3ef
75aef4d1-574e-4db5-886f-f5becf81e331,AmEx,597eb03e-2b47-4f91-95dc-6b5b61a76f07
a20ee6aa-53fa-4289-b59e-c150eece8095,MC,60021f02-3f1b-4ed6-88b1-340ca140790a
97e3c97f-323c-4002-813c-32246a7204c5,Discover,20d672a5-fc21-4b0f-bb5b-280050beb45e
37cf53cc-6e8c-4c7c-ba5c-8ab9da713624,MC,4c2a242c-a851-45a9-a737-5d09841371d3
d306601d-a9b7-465a-bf0b-dd2e9d36a84a,Discover,36a168e6-9484-4158-9ed7-e5b274d238b9
b31ec3c0-1691-413c-84d6-9a43d49c8471,MC,263722c7-3423-4239-a9a8-823db61f29e1
36926be5-882e-4e68-a09c-a730e50a060f,VISA,10d1e2fd-2384-456f-a343-cec2437ce812
b887170d-c7a2-4a5b-b4dc-7af7a3ede89d,VISA,73d29b65-2bf2-4f9f-bd19-2a72aa20a030
6e6e439e-faab-4fb9-be4c-6a7d8b2754aa,Discover,fc0b7e28-a197-41dd-8ba5-56bca16d1ab4
b4421e59-7659-4bb7-b51d-55e0c4cf9e7e,PayPal,79c272fe-3d28-4961-84db-9a2a0d61717c
80059634-7819-404a-a533-69e12cc7e7b2,VISA,2cb4524a-3f80-4ffe-b8a8-205a61dc0360
410e8091-8e8d-4d55-b272-1f26f3381de7,VISA,7d5c0b8c-6d65-455a-a51d-9dab4cc85503
27d56e62-87fd-4db8-b364-7650aba4d485,VISA,67633617-864b-4fcd-97a7-304d0479b65d
31e94594-0ad3-4827-85e7-c5d19e8a6aa4,VISA,8ec41b9e-9bcb-4d66-bd65-5d5c3eb05029
e88f3b08-442b-4045-9344-308bed81abec,VISA,6e316ee0-f510-44db-815d-4e8ff51bf2cf
64746066-63fb-4cdc-8e1a-c7915af87869,VISA,95809f2e-636f-4ad1-8fec-6659d8af3f01
7b1f61af-8b5b-4dcf-8e2f-49d0c9e0c782,AmEx,92332bc0-3db6-427c-a1ff-09ec149abcf1
89304efa-d99a-47fd-aecd-e7a41b7535b7,Discover,578be6cf-38e0-43af-af6a-0d2ebd5a9ac1
71137c6c-51f0-4915-a0fa-cfb5ee71f1fd,MC,de963c8a-a129-4c81-9fe5-e63d6465ed3b
85409b2e-ef52-4b4d-afdb-1bcf228d5106,VISA,424c4f9d-b7d9-4b52-9785-51e21241136d
35f27778-f4d5-4d02-9f98-50e70d4890ad,AmEx,9e87e3f6-30d6-4b9f-bac3-db82af3a58a2
495cc624-b594-4fab-997f-f74ce5c8b005,Discover,d59e81cf-2cda-4319-8a00-0de2995aff08
695ff261-3752-48de-b8c1-aa071f8f8fe8,VISA,05509332-0e5e-4ca8-aa95-5312ce1d7e92
85386d38-872e-4f42-93a4-b541480e5adc,Discover,87617acf-1fd8-4b26-b979-dfff81f55635
46882991-4c10-4deb-bcc2-d63e41d67bfb,MC,11fc96f7-5153-43dd-b832-8993d97d1b0a
bccc0030-ba97-4125-af9c-921be54be6de,VISA,c3c8631c-4eca-4012-a697-dde3ccc2b70d
8932d739-8747-49fa-ae34-b72b0bfc7e76,PayPal,ff57c9c0-59db-41ae-86c1-0215b94dcab4
247901c7-04e8-4163-94ab-5199a669e3fb,MC,b2f6006b-f640-438b-9181-9cf5d0429f9d
3f8a75c1-28a3-4c60-8d5f-d3abca793aa8,VISA,0abd295c-c720-4be2-bd2d-98db37942f58
368a5be4-eb7c-47d9-a58e-9ff2e22a54f9,PayPal,2d1013b2-eed4-4106-8df3-cbe581d8eb7c
0a15f992-ce71-4fc5-874a-1121001af11e,VISA,7a8fecde-1e69-4fc8-af94-05e51cab3973
70af42db-347d-4a55-b109-018fb71bc85f,MC,0d89424b-7111-4ee0-9b6b-5cf764141736
55ea4a34-6a15-468f-86ad-1faffefc7add,AmEx,d7421e9a-37e1-4663-baa5-c2df80b4f0ef
a7edc122-6fb9-49be-85e7-32455e3b2161,VISA,ac2bc1af-ad3e-42d0-ac72-a97dc45acae4
4fd98215-2b4e-40a8-b7ad-7eb2205daed0,VISA,06a98db9-ced5-4912-9992-0e670b6c1a67
73130e81-a025-417d-9d5a-e6df7edc3f59,VISA,549d8c5d-f3f6-4453-a9ae-251b40cf66a2
cde18356-6d69-4432-a11a-409f9d6c8e14,MC,c556fc51-d932-4e15-a2b4-0c185fe122a8
136f895f-85a0-4973-851d-73d6fe59b457,MC,9e34d9ca-2d8f-46d6-976f-1d29ebabaa99
82ece233-2bdb-47ab-b31f-2945cb10451f,VISA,c7d10684-36f3-4aec-a50f-e08dc464ebdc
a2966281-9c27-4ea5-b9fe-245ced5afe3e,VISA,cbcc6200-bd6a-4b71-93f4-7fea3b521360
5517b195-c25b-48f6-a0c3-ea6d18198ded,MC,043f163a-57f0-4b96-ad61-31271334b417
b68007ab-b138-428c-9ce4-d7eab83e616e,MC,96da7595-e009-4b0c-ba68-15008da79494
aa295908-579d-4844-abac-edc6a6e47bf1,VISA,bcc257bd-b4be-47af-92f4-efe86b2ea333
773d538c-e4e4-4650-bea9-f910ab60d862,VISA,71a412f2-37fd-42f7-a9e7-25b17883574c
33e3a83c-01b6-420d-8356-5c97bdb19cc5,VISA,3c5371fe-889e-4a4a-a8ee-1ec11880d48a
026365c6-18a6-4475-ab9e-82da97d5c707,AmEx,5e4a1767-4064-4e9e-9ee7-e0349313d3db
f468bd18-6c8c-4e3d-b1fd-10f319734ad6,Discover,1610c921-4730-4a30-ab40-bc2ce63aee4a
d67ad0c0-17f0-4d4a-b5e0-ccb6ede8b6ff,Discover,37163e97-ce08-4285-aefd-c3bc448f4c9d
88d62609-cdc1-4571-9359-e1d33919fc99,AmEx,87cd08ff-841b-401f-b31b-9dff0922965a
788dc346-c896-4ced-baa8-30fec55955b0,AmEx,6e56d946-a53a-4e21-91e3-9932a67f5370
813f6114-6c80-496f-8f64-6ef03f20ab61,MC,035e5a05-9cdc-4a3e-93e2-d9d7c8d83728
b91a8058-6600-48cc-893b-3d0ee9d7dd56,AmEx,ff9e8edb-b904-44ec-92cf-a3f613977094
392cd458-7069-479c-9975-ccc887a641ae,MC,7ab554be-84c7-4eaf-b3cd-0185829d51e3
05fa2dcf-21b1-4f74-abd2-bf73d0f98445,Discover,8b0bc383-aeba-4d3f-9d54-4859afeb8f5e
7d30ba2d-b642-46b2-95be-bca42f185089,MC,89505215-ee23-4164-aa8f-9ea89aedfb62
1660951c-3322-47f3-be9f-bcd80a8802b6,MC,83c5ef9a-78aa-4d03-8456-d43b0a246624
72560c0a-9131-40ac-9c5a-b7008925f6d2,MC,6e5224c3-c84c-46ac-95fb-24572409871f
e186191b-dbbf-435b-afa8-88dfb649b9d0,MC,27b8adee-74d5-40b7-a72d-1b15b8600a79
fe15adbc-e8bd-4d19-a808-13d6405f7661,AmEx,b4543092-9691-4c38-b364-8326d305d731
51157cc1-47ff-47fb-9cd6-0bf503e74a0d,PayPal,21cc271a-ef77-45eb-bef9-ff6b65192a71
86139548-475f-4ca4-b80f-0f9504e60896,VISA,f1bf3450-7994-4b64-a74f-6900f9bac458
bd887d2c-d955-4231-ab6a-4ffb48da62cd,AmEx,4bcb0023-333f-48fb-891d-1b1a27415f7f
14402208-be90-4397-9d05-93895255149f,PayPal,75e6c74d-94ff-4189-862e-f154449745d4
9acae715-1409-4ff8-a03b-491ddfbe715d,MC,7dded1e4-444e-4501-94a8-7aa8ec8eea7d
b5395717-5aa9-467b-b7ef-ea7723209939,VISA,9b625310-aa9c-44b7-9fa5-4c09477291c6
b80792d3-711c-4663-8ef2-a2376541dd15,MC,619ae05a-9639-497b-ab40-a971069096b3
8c6cef23-5849-4df9-b6e2-9badbc1cab23,VISA,54cc4a83-1956-4437-a74a-40e7558affb3
d9d45e9c-9a29-487f-96ec-c32989bc7943,PayPal,12eda1a8-fa3e-4751-a142-e9062599eee5
816f9d78-84ed-42a4-b4fa-80420d232d87,MC,1da2f854-ec3a-4793-b936-6c2c806706f7
5da37d86-bb17-453f-95a2-1e509d627469,MC,b414182f-9ed8-4bc3-adc4-5e9504b6951c
be3a9b6a-63cf-4b24-a333-79eddac69992,AmEx,9dfc9006-3ab7-4c97-8f7d-d82fc669e8f0
72be21ac-73fa-4c99-a185-d000f0ac627d,AmEx,ac4c3e72-485f-4787-8748-f15edb18f386
57fe2f7b-a29d-413e-af32-259a72763bec,VISA,beb21eb9-a927-4378-b9d8-8b2b31c80c19
7f0a4fe3-28a2-43fb-aab5-b30cca4b6aee,VISA,9fd4bceb-7765-45f3-9d7a-c0981396d719
7e90a186-81a8-4206-859c-c720608b6b3c,VISA,b6e4821e-f065-48e9-b0ce-aed197f0db19
8f498a3f-4104-4a9b-bdac-be27969512cf,VISA,320e1b16-6f3f-47f9-be65-e9c76c818070
eb9c90a7-25f4-45bb-8947-c3b4e8133337,VISA,49de0dd4-4be5-40f1-9a78-16dfe652b7b0
21983822-3608-49d1-b2d1-956af98a6a8d,MC,828adc7a-55de-4aca-96ed-63e079c1bb7a
6ef68235-5d8d-436f-aa78-2541123d9e59,Discover,d3bd499e-ec57-47f4-b575-4146da000167
fd26780d-9f65-4bd5-b67f-b62a26b36f14,VISA,5dda9f8d-53ab-4bc6-8c78-6ff4ccedc58a
10d98871-3a09-4192-965f-9380c1752d83,MC,aee4f294-a68f-48d0-9e58-bb1747073851
2b94c54d-1c01-4965-b1c3-00f921e9442f,AmEx,f26b2576-9d3b-4cd3-986b-477fc03dccdf
e15503f4-baf5-4db1-a64a-af4cdebeecf8,Discover,b8f5cfdf-1d38-4fa2-94c1-7959ca62bc7e
73839ebb-3691-4738-8047-4e5f9f99c8ac,VISA,3189c28f-c03f-415a-b2c0-ff5cbdd107ce
ac52139c-e138-403e-821b-b1f24d168b35,AmEx,f1a9e0cf-60a8-4277-bd39-e0fd7db0d459
5edb8a53-c843-4315-837e-8d2b09da95f9,VISA,0e0203ac-2b4d-426c-aab2-ed8f010ba037
8608380f-015d-4996-b8de-1dd2d90d181f,VISA,5f7103a2-a1f9-4f23-8511-e9e6898ca25a
091cbbe9-9c9a-4bc2-9d87-1b48efbbaa44,VISA,39e1ec93-6ce9-420d-a141-337bbdb873e5
311faad3-dfa4-4442-ad60-660288496dfe,VISA,c4b9cbb7-fb74-48ea-b99b-65154a269ab4
4196ccc0-e644-43b3-8fb8-487dede9c63a,VISA,491f188c-b17f-4062-a730-3054e790ff46
d5b8ed0f-d678-47ba-bef6-a4d3f07feeee,VISA,5c8f84db-8166-4345-942f-f304f5a09ef8
a8f6506e-80f9-46dc-8b6a-9001eb4a5522,Discover,bc8cf1a4-d417-4b6d-ba69-c087bff6a16a
c1ff91c2-2953-4099-8ebd-f4b4d4db8462,Discover,07a20dba-dcff-45ec-99f4-039fdd24c243
3641013c-e1f4-4e12-aaa7-48f4eb6bccdf,VISA,d0c0141c-9e6c-4a26-8932-955458a28f42
9402dd94-b3a8-4afe-a5e3-3f211957f043,VISA,1d0fbde2-68e9-49f8-ba96-1bdd3f690fae
839052c3-0ff5-4d4f-934c-5bc8ebedcec6,AmEx,34a8fec6-688c-4ad6-80a5-d87558ca277a
014895d3-b863-4e5c-b1c1-9de6bfa4b5dc,VISA,30727392-16b1-4a7b-9798-43e661000f54
eaa3028f-2222-4a6b-a3c5-ea37b4cc9889,VISA,755027e0-3f4b-446d-b749-9c482695d141
e76b4bc5-eb45-40b9-b645-f0ebb7837253,MC,0c4d2b62-b80b-4510-904d-e7020eed8022
b5635641-b649-4f23-b32a-b82967fb8ecf,Discover,58a47d0c-6695-4f8f-bdbf-e14da6bad66d
bd82eea8-45a2-46f1-a23c-3033aa81fe96,AmEx,5d3f6fd8-8d7f-4677-be37-c6e3549391c4
d2cc511e-d106-48b2-b7b7-1cd55e726cc5,PayPal,73e232f8-136d-4a81-aedb-bfb8b25c5186
6277f3eb-040f-4cd2-9d9b-7b1151d9ebe1,VISA,c87a4473-8222-4496-8eb7-056d920e5993
d6a63bc7-07d3-47b7-ac20-a62292500eaa,MC,c1d9a9b0-4285-4ed0-8852-bac6b38fd8f0
5d232fe7-b20d-435d-bbfb-dca45b2d2095,MC,6a23c7c1-4553-49c3-ba94-6b999b37be90
c4bd82b6-05c0-4e88-8462-89a040075c49,PayPal,b0e01d42-b86a-45a6-bcc7-b9a565a273ec
3f46171d-6031-4b83-a19e-694a6cb42c84,AmEx,1e131ead-9af5-4e8d-a24d-41ccd5bd0609
20c805e8-eeb2-4907-86f6-3510b482ddd7,AmEx,322b04ea-1646-4450-9a8f-e5bcef10544c
ae7221de-548e-41cb-aea6-93835a76aa42,VISA,950fa1d2-9988-4a5d-a25e-55c7112ffe39
b9b2411f-082f-4bbc-8825-e14c8095c7d7,VISA,a1570ccd-3f50-49b3-be9e-85f5f134b618
b61b5543-d19b-4ddf-bc44-d39748d19a51,AmEx,6eb32565-e6ea-4a32-b267-ebb372a56dfb
d1d4caa6-09c1-43d4-b9b0-d54a39f4fa11,VISA,171cb7fe-393d-4e4b-bc18-bf732ee1a4b2
2c845e3b-c5ad-4b18-8a22-e9d9ef79e33e,VISA,cd643931-35bd-4a84-8ab6-a1effc4d9c4c
6464743d-7967-4074-ace1-67ef7ea6b090,VISA,fc889d59-28e9-4315-9633-748b912dd235
eaf14a7a-9510-46ea-9034-d5301cf1043d,MC,4a1ca483-a9af-4197-980a-120b0d222328
bd5d121d-f12e-4396-af22-411e521a31ed,VISA,ef1f1dbc-d15a-445a-9db6-5845e6a22d43
f72e63de-e8b6-48a3-bbe8-570142393633,VISA,f65b2569-9217-4190-b3b1-6f07c3c4e48f
28151706-9a7e-4045-b9f4-1c707cc6f27f,VISA,9f889592-7c7b-47af-bb66-4226b8fbc4a6
90d3dfd7-eccf-4d1a-be4e-3f6ea704a045,MC,f8417980-0166-470e-9338-4bd029c8d24a
3c7ea09a-1baf-46fb-8911-5fa32e953c11,PayPal,5be9d2b8-23f2-4b64-a959-62afac29bbed
e4c144f2-1b38-46a9-b948-1cfc828ecb39,VISA,0919fe32-e5de-4003-8478-a87f941fdb4d
515adb99-d921-466c-b28e-a56154532fd3,VISA,6016e6aa-c3e1-44ed-ab31-641b9b4d6616
bf828ece-318d-4299-89ef-3c0420082a99,PayPal,341d1458-c9df-4b90-9e90-a687a373621e
e1db4c04-c442-4344-ad94-c57b16785a77,VISA,6a470797-c556-4c23-ae7c-6b98525de18e
547e87ae-a245-4824-ac5b-1ce6b2bb9a52,VISA,2e2d1be5-714c-4c1d-a776-42e2dd15b36a
c43792f6-ce45-4aab-b349-5f832ae6f662,Discover,f4b6c125-9f85-4a7a-a6c6-512a9e26d775
24c5d85f-3709-4f43-889a-fea6dd3dd689,AmEx,edc580f4-2adf-4c29-a8e7-1a2ec20608c2
d0eebd7c-c722-4bfe-97f6-2929a92de732,PayPal,d5ccf68d-cf3a-4bf4-8110-10c540443e4c
dad1c88f-6fd8-40e4-8cca-9a95551df11a,VISA,e25239c0-8f66-45aa-9431-6ccae50164a7
25ee04df-7ecb-4adc-a46c-2588c6230598,AmEx,78ec7f91-83ce-41f3-a698-0b8fd52a33be
94b0dded-5964-4275-8a39-cb4d896308b6,VISA,224f1d18-c66a-40d2-923a-d94b2a4dccca
de8fd5c8-0d01-45b7-9c01-9f2a11892c4f,VISA,a11938d2-e379-44a4-942f-a6930ad45ae6
b8b8a9f1-f620-40a7-9aa4-9634184de509,MC,d2186694-e9bb-4eaa-b96d-181a9e7521a7
ec2fbcd0-ea9e-467b-8feb-86e7911a1de7,VISA,0fd0a980-fa93-4aaf-88ac-276e06d4c39a
1fca0132-e3d2-44a0-8da7-041dab20bebf,MC,a25b0b72-265c-4d23-84f8-684719ee687b
b355e845-7db7-462b-9e46-7d24e39875cb,MC,ef82411f-b672-4ad2-a4a6-c62fcba10e34
018660ec-b8c0-43b8-929e-8d26b99daedb,PayPal,91e15433-ccff-4fe2-a981-f8fbbb773c79
134d6a5c-5c3e-44f8-b436-24d261476fea,MC,4d9d51e8-fc97-4081-bff2-8ed811c64a29
2fbc3a3b-e230-4f69-a85e-879844ddd06f,VISA,a457ce88-7ee3-4206-b8d4-30445a5f38a2
1bd8f92d-95b5-4c0d-b19f-20e74ad59813,VISA,9202aca9-35ff-47ed-9530-7c71f60ddfcc
604e1a44-41d0-44a9-baa3-9d7781fe01fc,AmEx,4fb492ae-fd0a-4803-87c8-90dc9ae3401f
be5a3d87-d8ba-44d9-98b8-a608c7f22450,AmEx,be88998d-6d41-4b5a-998e-64b709088dfd
e737074c-b21f-43a7-8bd1-d5875db253d1,VISA,2843e5cc-1bb6-48ff-bdb6-f456cf75f3b1
99869df4-955b-4818-853e-f57a8389d0dc,VISA,c090b449-9a85-4303-a87a-23944bb170f4
78d505ef-dd8c-48eb-855b-7d8f40781723,AmEx,943a4e19-b1c9-49e5-9b16-4ed07a54c364
08487dd3-4637-4f6b-982b-30cba6aa1677,AmEx,8f20d901-35e3-446f-8cdf-67ca00175ba8
b05c3cf5-ac1e-4895-b8ad-c8ae12ad34cb,Discover,76e3583e-a5c7-48ee-9187-d87a66828256
71ce51dc-4907-4720-97f5-b51e8164fa0f,MC,3c03c039-b528-4a4e-933a-a21a9353a4ad
f75105e4-0e13-4ea2-8570-54c468c15713,MC,68cac92d-1baf-4aba-9a8b-001c6558c1df
f773051e-0e6b-48bc-9f68-ac869321157f,MC,5483b30c-c974-4ab8-baaa-486db75451ef
5c8e5ff7-6102-4876-a669-9ceb8fb54a83,MC,8e36bb80-4163-4707-a7f5-a2d93c1d8b59
5a020130-968c-4311-8a2a-73c85d9fc6d5,VISA,de83cfbc-475a-4fcd-b967-d4a0050edeee
a6f69d3b-7415-4cb8-bfaa-bd20381bcb19,VISA,61873257-7cda-4109-995a-e576329dc224
0f56f991-65ea-4849-9f3a-dea04ea0d30e,MC,e179af7f-1ef0-4233-a630-de17c81b885d
1fdf18c4-e9dd-4de3-a514-caee5e3823a1,AmEx,6d7334aa-efdc-4b0f-bfce-16c04a3132be
c2a9f7a1-253b-4f8b-96bd-d04a3247ed48,VISA,1a0542ae-2aea-4112-bf17-47742b45be54
8343d77d-c684-4f5f-ac03-1dc3b6485c44,AmEx,d36f533e-ee56-418c-ba3f-1b726e3416c3
2b81689e-99fa-4205-a717-5cf5703b7043,AmEx,5d98b389-402b-401a-8f74-19701beebb81
504e373e-9a47-4364-baaa-db0f728a5cbc,VISA,970895ac-7742-4b1c-9220-40fb980beddf
e8c94634-ed0c-47fb-8a32-e7c440977006,MC,696d00b4-3b0a-4184-9b75-15718093f7a1
b8e3a91b-53af-4e3c-a930-7dc9d6ef965d,MC,d19ef2d9-fdc7-4f2c-a320-d668197f4b07
a8d52f85-1ef2-4fe6-a8b8-60df8465df0f,MC,2a758b81-4494-43d8-a661-1a70aea7c9de
fc674be1-f7ec-477f-a92a-0a4c4cd2e38d,MC,19a6e381-0772-4812-8903-fadd3c67f0e2
a71ffad4-2465-4454-b990-98bfe5962a12,VISA,60d390da-a536-4d68-8470-045ab49d181b
3f8f45f5-7628-4f0a-b75c-5650d87ad2ae,Discover,a0d2e7b2-e721-42e7-8a1f-f3100f6ac2c8
91aaed03-10d5-4a1a-95f7-855a7379d3e1,MC,b2a859dd-3703-4e52-b8b4-1c06dbce7a3e
8677d6b7-7daf-444f-9886-39127514809c,VISA,66b8b1d1-5a07-418e-81a9-10b9f59a2257
d41061da-188d-419c-b273-e32fb050ebc5,MC,277212fc-908a-4c3b-a7f2-3076454ee20c
d3697c57-0901-488c-93c4-8e147afad517,MC,37ce69bb-3ae2-43fc-b4c0-bc983139a2f4
3248ce2a-6b20-4630-b6b4-19f27cbf36b7,VISA,c18b8dcb-43c3-46d6-8e63-8a6d0bffe550
18838dcb-c8ce-4aad-86a6-6bcd5642eff3,PayPal,3d8063a7-c53d-451c-9a2e-6a1321e92b5c
7021c73a-d695-46f0-b48d-0a3d04406a76,VISA,29e95a61-0d60-40a8-a4e0-f0bac5289616
47aec23d-895a-4182-8343-4aeb94dbacdd,MC,7ea0eb7c-3663-4db9-860a-02a8ab996c2f
b04d3573-65c7-45cb-b641-d44d65999d1e,AmEx,3989e449-467a-4777-83b2-9df947b85297
4591a34d-0705-4c23-b17a-65f7e21e9eeb,MC,83c403fe-8f3a-4d02-840b-3edae1f39429
c71482df-89b5-4715-8c79-aeeb16aa318a,PayPal,7dcf3649-e7fa-45ca-9394-3d138efead7a
49c74721-2132-4b78-a6c2-4f78def8b850,VISA,2de379fb-1d56-4acd-83dd-f9613ea16f28
4e8773c1-534a-4340-a4be-a0e6c0d7f4aa,AmEx,119399da-85b1-49b5-898e-95485da39e6c
488b4a3f-7db8-4d4a-b06e-4f6b3292b79f,VISA,982d2d33-e495-4151-bda6-2569b7a852d6
346b9f63-2672-4dd6-b205-adab0998d489,Discover,01aed9b7-6537-4b49-ad9e-1ae2cefa64ac
5523082e-6512-4c28-a951-cb0153875dc8,VISA,de816c39-7217-42b4-9d98-4eb4b00081d3
5462ddaa-8e1d-4160-9cf7-2e5fe9c74cc6,Discover,21eaecc4-3f34-4ec3-bdf1-f2e7340e04cc
94fa5834-6edf-4b6c-8798-03c2fc0fbaf4,PayPal,6ccc5d44-bb49-418d-b713-60f9be13228f
c86fb6d4-36cc-442a-be7e-acbc5b8d8559,MC,17931a38-4114-453e-b536-6d2ea409fc6a
481045c4-a2e3-4c42-9052-9d46d8a0ab3a,VISA,78dccaf6-5592-41c2-b13e-f743e0fc81b7
114691fc-e718-499b-a493-c8f2ebd70aeb,AmEx,a3b52975-2005-4afe-b2ee-6b8c787c4a5d
7dee66d9-a37e-4456-a95e-b3f75c355fb5,AmEx,69b6619f-0580-4ce6-8e2e-66f2547db51e
e6041aff-130e-4236-b333-46f913ae2043,MC,4950f511-dc08-40c8-be42-788c2b70e211
81d62ea3-b163-4de2-8109-3d6e62eeef32,VISA,7775b44d-12a9-411c-9cf3-b44039244896
67e86d61-2d4e-43e0-adf5-1edd17e317a1,VISA,92fdaadb-fbc7-484e-bb5b-1887fc0b874d
5ad5e0a2-4a91-407c-bfc0-998faa123d6c,VISA,179f33ad-63e5-44cf-bb51-26a72680077e
8535a2a9-18d4-42a2-841c-3d88095a9ea5,VISA,d24862c0-c476-4db2-87ba-44654330ffd0
fb0346af-665a-495c-86c8-7a112196114b,VISA,0e6a92f4-b0de-41aa-90a8-3b28c2ad0d46
998da868-a485-4f17-8f3f-965a9d94d8d4,VISA,d0e716e5-6b96-4338-bbac-507f15683588
54b7be5c-f84f-4858-8e0b-4735f24b6515,MC,56bed28d-b8bc-4c45-8fa1-b594c30f9053
b781f6fa-eb11-460f-9e04-0934078c2dae,VISA,aecc8e47-29f3-46d3-80b4-869677ee3510
c568accb-8c10-4bb9-a9d1-b092982ae8b0,AmEx,063ab062-ab66-48e5-af1c-b35ae1351bcd
eace15df-a37e-4d54-b4c1-947a12162c49,VISA,fae00a71-e9d9-4f0d-b9d4-e3ef471b0a45
f5fcafdf-f075-47f0-91ce-09a396db958f,VISA,56ae9809-72e0-4723-8ba8-131ebc2b8ac2
46de62f6-78a4-499d-8e00-30a2ba33465f,MC,77b04c1b-a2b9-4f0f-974c-0fe4a3d17b68
ac67500b-c76f-4509-a2a4-bdbbae2a7706,Discover,fe64d1ee-8ffd-4956-85f3-56ba9967e8aa
04c1079c-0c55-472a-9d8d-e0667c13918d,VISA,711311cb-f933-46fc-b637-416a673bbc7d
8618d68a-354d-4268-9fc6-f7d12116712d,PayPal,0ace7361-2ad4-4862-a63c-c0b2c2c77b76
f257f26e-2b7b-4f3a-a2ab-8c329b3b7055,MC,8e8ccc90-ce7f-4cd0-bf4e-5d5114168330
89c170d7-79a4-410f-aec4-864330437634,AmEx,715dbb6f-1cb8-4474-907e-cdcf74a9f7bb
9999f1a3-d762-4cb4-a3be-86028ee65157,PayPal,d9adb21b-30f9-4900-a09e-37a124770585
81f3e97a-fc50-4a96-9386-213f77803d25,Discover,54118cfb-37a8-4165-9af1-1c1b7b68ec6a
87cb89a7-be01-4211-9715-4472b6d82173,AmEx,1483cdae-6f12-47de-8fb8-74e8ce0bec3d
83b6c96f-8581-46fa-8d97-54cb87a1296d,Discover,30ff0b1e-79ef-40ae-83bd-5878b2030492
55769e96-a326-40ef-9383-163e9375c943,MC,d7b47f71-8710-4ffb-8da1-18cb7245dbcb
e151efc9-6b7c-48b3-8008-98df1e90ca47,VISA,d1ba0340-5970-486f-8caf-0691de92ec25
9aaaaf5a-0b9d-4133-ade9-3f95a39080be,AmEx,0c91519a-05d8-4548-99b7-b9b01b049ac5
33086838-e678-4add-9956-2a1d2b8f47d3,MC,788b27f7-1087-4428-b89e-14f9eab91091
2b4abddd-df66-4228-b2ab-dd89301db357,VISA,354cc7f1-a3f7-4a1a-92a5-770364e3a3ee
94cd53cf-6255-4fee-8080-0d84907be81f,MC,a91dc866-947e-491f-b3d1-b124915ae967
6b5c4435-d18e-48b7-a7d6-106073c53525,VISA,179e4bab-d8c4-4e86-ad70-46987c5ed2f0
0a7bf19a-6d60-43e6-81d0-62dc858b23e2,AmEx,b6d0f24e-3080-49f4-a1f4-3e74455c3504
32e143bb-532d-4a1f-9acf-af8a2330df92,Discover,fcf75c43-5e9f-486c-8511-424be1798cd7
fda1c7c2-3c8d-4425-ba08-3e1f3c7a2f45,MC,fbc8764f-de91-435a-91e9-e1299b5fcc77
0559d7ce-4342-457a-9cb7-7bf438262b99,Discover,bc753f14-d705-45fa-9c3a-579527376fd8
c237f76c-7ff7-40b7-8f58-07cbd3834ec4,AmEx,57b747e4-dd20-4cf8-a0b1-44b6b19ab618
89171960-2986-467a-ac4f-ba4a0d5cd2f7,MC,2c021f07-0aad-47b5-81af-078b4fd31c5b
747683e8-97cb-4adf-8a4d-217ca09c0c6a,VISA,592dbbb7-b14b-4607-b874-ed9f1a7010fb
6068e2b6-12b7-43e9-a9b6-95a97741ddc3,MC,4f74b6b1-38ef-4d37-baca-a8a4a62f5d3d
de096c10-f35a-4797-8e2a-37f74d9bec3a,MC,20f0f162-c329-4db7-aeda-917fea94d4a4
e23820a7-828a-4d3d-b7ac-16acdeb87b16,MC,b6f6660a-6f27-466d-8186-1f2fae3c1e16
c50cad73-63e6-4708-be26-22158645ea75,MC,64d1b080-b928-4584-9796-ba4eb02065d2
755c728f-c78f-46a8-a3a9-fbe64d6fe279,PayPal,1e67efcd-b2bc-4997-bdde-51ef991d32d1
ce8f1fd0-fb97-4e69-b058-ef6a5df4648f,PayPal,e1621dcd-ecf8-4e6f-b235-9fe54a1f9a60
37be6efc-43d8-4f87-96d6-9b6155b66bcd,VISA,a7500f70-2ec1-4339-882a-8b239985a3cb
a8374736-d80f-47e7-9f14-6d7896c03d5d,MC,7536fe1e-21be-4b64-8881-d822a089d634
2ba6718e-0069-4182-9067-6fbe76978d70,AmEx,a07fa5e2-0458-4afc-a0da-39a466a5aa94
51653756-26b9-4eff-88b0-6170954dc9ff,PayPal,c274c058-2994-4d64-aafb-97a675a639a1
3f2e5705-9656-48f5-af39-f0a5d8355892,MC,f6cfe314-67ea-4331-a9a7-cbf743bc8c0b
0e372867-61cb-4d7d-82f2-aeee28b3215f,PayPal,6cd3a1a2-c596-454c-abb2-931e0ebc047c
ef72cb97-0d2a-4bb8-a528-7da8db80a3a2,MC,ed42b622-a811-4d8b-8a12-79dc4707106c
a7b4edda-76fa-4305-8aa1-e87977a7097a,VISA,93a0fdb3-17e7-4764-8bf4-ede3469a23c8
26f92f02-faca-4273-86a2-92546d58dee3,MC,ff21c441-b23f-491a-bafa-bb48361e71c8
5cb52051-8c6d-4710-9a3d-522f13146345,PayPal,cc6e3956-82d5-49c7-9b5e-7903a3931ae9
b659d6a1-b797-49fa-b77e-5ed454d70875,MC,ba888812-3bc7-4d0a-8861-14d84e069878
6a93e78c-9126-4d19-b24c-c8191ca7e3a5,MC,6f125a37-4f2d-4bda-9f37-69d4caaff796
9bc93913-63ff-4154-a7e9-70d61883e6ca,VISA,d4f85ebf-7d98-48c3-a37c-51c96c8aa9c0
edf6d3c1-5cfb-407d-ab9d-4308808f860c,AmEx,418e7cfd-e579-4b99-8214-276538cf8644
9f2aeaf1-3005-4199-933b-e7d53d09c439,AmEx,4be74762-c02b-4003-9d5d-4a732d980ff4
ed1af4a6-fe29-473f-95cc-5c2590f67d00,VISA,8bf3e942-7e8f-43ab-98d4-8eb960dc9077
39def085-2df7-46bb-afc3-e27fb1a0e51a,VISA,3a8dc4bd-3f7a-4192-9c8e-67c69aa8539a
83c535bc-bd4c-4b16-a6a3-ed2817e9e43e,VISA,23aa0185-d2eb-44ee-a8bf-2c6042373833
44560889-71bd-425a-a522-212641db66e7,AmEx,07b6801d-fbaf-4447-8584-ad269b1ea135
8d4f6b92-b80a-4ec7-a6b5-46e49a37c59f,VISA,e7e8d1cf-5878-4872-9814-87133b83919b
4f22b61d-c28f-4555-a70d-6f218c378cf4,PayPal,611ae811-3f30-4381-8283-64e3f44f6dd8
e56b57c4-efbb-4125-a788-4a0070d0269e,MC,287a8187-1de7-4d55-af5a-aa46c0dfc6e6
3933e228-9cc8-4547-a54d-edb1b94d43a2,Discover,8a9e8de1-2ebd-484a-9c72-15ff2ca9dc67
e2ea1c4e-20ec-42de-bab5-2e5c43b9c227,VISA,509572c9-44db-443c-826b-9d9ae0dcdc82
1f28506f-ddd0-4de0-ba45-a1cb91ce4179,AmEx,ac252394-7a43-4184-8a97-7b1711ef7787
12c88e44-d792-40e6-ab07-c5eb7fab5717,MC,db95ef3b-9085-45d8-92b9-eaa45bf454bb
0f7d3a30-c5b7-4345-8463-586ed951ea12,MC,39dc1e84-7811-4e95-972c-b1b350cf2017
af842e0d-6900-4c5c-91d3-9bef99d1db16,VISA,91f16fd9-54af-4bbd-aec8-74427cb5fa16
9601c5bf-f980-401a-9cbc-06407cdad77c,MC,a448c621-251c-482a-bc44-17bfb15c8627
5f0e1330-b9e7-498c-ba30-27c7402403ce,MC,ba8c781a-c000-48e2-a82d-f589b856f1e3
0e109607-7c60-4e42-a5aa-d755ad96ecf7,PayPal,b9af1fd3-77cc-47d7-ad08-9c652cf8f722
35410b17-57d4-4a71-ae5b-150cb0612237,VISA,5d7103b7-cc39-41d4-a67f-e9b5b9cbe19d
9f6374fb-bc36-4bbd-8a21-58a0602d5da5,Discover,205c942f-43b5-4b49-93d4-c8f96d1e5bf5
9a92ad34-cb72-44b7-8b16-0a84cdf4a5b5,VISA,130d950c-2465-4835-a9f7-ce724cbb0513
9c7d9813-124f-45e6-bacd-1dbb614c80b3,PayPal,76dc3f4b-4185-4a55-ad6b-b879c29f0cf4
a3f78408-c07f-4a1f-bb62-7d12cc43a88a,PayPal,95e50ad6-6744-40ef-8c9b-a3bc69f2a4c8
4f436739-3cb5-490b-9178-ec59d2c75c20,Discover,074ff0e1-2790-4266-9194-695bddeb03e8
b9c73107-964d-4b2c-96b0-c6602d498cd9,Discover,316e9c09-bfe3-49e8-ad02-f5b9846dc9c0
58163406-a126-4614-8620-5ca8b5ca30ec,PayPal,8a2db6c8-dfcf-481a-a9a9-835a78c57d7b
bf3acd7d-aa6b-4fbe-aeef-383609ff0a57,VISA,ec7d2e44-3021-4028-9a28-f21ee3cbbed6
86a9f042-abe8-4efe-9876-bc304c7a2663,MC,a336b0c7-384d-44c9-88b5-09350d82efef
3ad04986-5928-4e37-9496-b61055a47970,VISA,db46dc15-5657-40f2-9523-fc37ecf5c13a
3b15a0aa-6380-44a2-bbb1-3cda741f9795,MC,5cbacc27-8588-4949-a3ab-23a66bcac55e
1ad2b7a5-d803-4fb2-8e97-fe053cef59b2,AmEx,6f65cda0-0642-4093-8e20-4efcfe4ad7b7
6b1795a2-3e93-4355-8cd0-544a9c26613c,MC,e74d4c76-2673-439c-8b0a-5f7ad115c2cb
e76c123b-2a11-46d7-bfab-07378ebe80fe,AmEx,9c477940-cc55-4a12-8429-06623451143a
0cfffc98-e831-4298-bc16-6a728e38180b,MC,65fe1c88-3dbc-451e-8c88-bd4911ee3498
5df6d5b5-d36f-44c0-9400-ccb98c4d5284,PayPal,103db504-f28f-4e9e-9097-4de3902b28ab
4ea31318-37b5-433a-985f-462f83c3cbbb,AmEx,d0a8e091-0858-4d18-a2a6-cfe5ad17b958
08c58e56-04a4-4cd2-826b-69a4acdce01e,AmEx,76ba7954-aff9-4bb2-84f9-ad3f3d017945
f8c423f4-4d20-44ac-bc50-366c74812a53,VISA,cd9b0062-74a8-407e-9a27-bec39ff241bd
a9aab0de-d5ae-433a-81e9-c52dfea177ce,Discover,a389244e-9cfe-4ecd-9e0a-af65344bdb8e
4aadbc08-1653-46b1-ad5c-c3b2c6b29740,AmEx,7fad68a0-3b86-4cec-9b73-1745260ca9b4
71a3a1e8-8ac6-49a7-8f6b-eb4cdb443adf,VISA,69f48d0c-df1e-42c9-83e4-243b1cbe5b07
71415c92-bd71-4787-9cf0-774a8ba058c4,VISA,da23b8d0-8474-4cc5-b22c-a1ee1e18a5b2
449d49cf-4118-44bb-8997-8a7038f97588,MC,63a06a36-b085-495b-b103-3d6eeb6e5dbb
2f4fa0c0-0bf0-4087-be07-9b3da46ab6d7,MC,205a88de-b5f1-4100-b329-daafb1891bbd
95b6fded-ab6c-4cb1-9927-03eb61b50502,AmEx,8cab7484-f050-4958-9163-b1c30aa69f99
3969e31a-e8a2-48c6-873f-ed3217c131ec,AmEx,513c7eda-68ab-4105-85b3-a3c79c32721c
315ddde3-b768-40a2-81cd-8bc97bd500ee,MC,0055ab3a-6414-47a1-b59e-f414656953c9
e87f8ed2-945b-4557-9fda-c85cff8612fb,MC,1f23feeb-1e14-429b-a85d-f838455daa76
d29d7f90-1fa9-458b-924b-c775ae7a794e,VISA,507fe5cc-072c-4ca2-bd8e-33ae9d3611d6
16ae9c13-f7c4-4507-803d-308deafe748f,MC,9aec4407-571f-4d82-b7f1-6f02b8a5ed2b
6310489c-075b-4691-a984-a9934064f1bf,Discover,ae4f50f6-1f1e-4d1e-89d9-3d30cd426ac1
637973f2-24a9-4d29-89f7-e1985d31a676,MC,68738a38-5b14-4b9d-8077-c39e75c3c30e
3eb5ffb4-4b56-42e2-b401-af5f45d9dbe3,MC,3510a562-c689-411e-a043-c99aad72954a
d2b67b0b-848e-4de2-a099-2072e58c1e45,VISA,570b2a6f-cd9d-4208-a431-1b8eb1bbbf98
c4c10717-a5b3-471e-886c-254acbbb3797,AmEx,2130e4f1-aede-4bea-b50a-1d911df10592
bac68013-16d9-45b0-a158-ae9b4f1652ff,MC,f5024cbb-578b-49d8-9ca9-feb7c8bde91f
90e72ac1-e711-4251-8863-074a52fb3057,AmEx,fa42d749-2654-457a-8f12-d6d835b5cdc4
3e3b78a2-aba6-4f5a-97bb-125dc1281b73,VISA,96188430-4b71-4862-97a6-9bb86c497a11
915830c4-1331-45a4-9ff1-b4422ff309ac,MC,c4e73f82-cde9-4108-b7b4-e338a40ccf5f
b490decb-df1f-4b4e-8265-c24af5127c39,Discover,b728fc3d-1298-40cf-804f-4ce079c2f4a9
1998642b-a959-4ab8-a8ea-0fb0bf5a0e8d,MC,ea8a7abf-63c6-4b09-a961-c2090e165e0b
1e8fe428-177e-46a2-b351-409884c176fc,AmEx,f1d655c7-6a1f-4e74-84e1-6d96dc7fa7e1
479636a2-0cc7-4b59-a23f-a80df1d2f710,VISA,e827761f-8f74-4226-a388-70deda020900
103d4856-431d-4100-afa7-f545dab40017,PayPal,c0502952-6008-4a7a-9553-3326bec81646
1315fc1d-d97d-4c7a-815e-0ec6ca30730a,VISA,ae7823ac-b13d-4ad1-9101-98c2b5285b80
38327514-8564-4eeb-bd2d-ca81ae750e2b,VISA,7a81def1-3c47-4643-9a53-023948f0b59c
91b3433e-072b-43f4-bed3-42c5d8f42621,VISA,d972750f-3140-4a2e-8783-7b497c1426e3
6cd41e00-10b5-4c52-868f-4348897f395c,PayPal,ac3e0cc7-9042-45b0-ba47-9004a416b399
e38bec86-4fdc-4d81-a772-6f383ff97aa1,VISA,cb357e82-25ac-46c1-8d43-39318249b0e6
39f16837-4a21-42eb-8f88-20c54859f87c,Discover,49d8911f-9833-4c24-a51f-77c9960fce1b
d7844e4f-6a82-403e-8f02-b8cd6560cb84,MC,0757a274-ca17-4659-879c-455cf8d1bab4
16b2ffa5-0fcf-4a56-a205-a10971be1620,MC,41b5641b-f1bd-40fd-98c3-94ca8419ff6a
35fa4c82-19b8-44f9-8d11-650b2e26f333,VISA,7e8df07e-878c-451f-a9bd-28029c09f476
fa415896-5dfc-4a5b-84d3-bbffab0457e4,AmEx,c4c24e1b-3912-4c34-bdd5-bffb6f235f92
f5fc59a7-dbfc-424e-aaef-b12ac6cf5d9d,VISA,8493b179-cb4c-4e52-af49-9bf1ea4ea628
13f413fe-f364-4d17-8f1a-97ee60289018,MC,fb814173-9b8f-4003-ae08-43b4b1c17d6a
11b03fb9-20b6-4e73-a27c-baed28e24bff,PayPal,411a8cb2-34f6-40a7-968c-48d1ee8ffdf8
1e85138d-e8dc-45c3-aef3-e3a8f4285dcc,Discover,d792e094-5b71-4759-be01-ca84a1589ae2
68b4eecf-cf4f-4d95-bb9e-540e6f6112d7,VISA,91d05b32-5330-4e73-8903-9735656d01b7
89b8be90-20b4-4ae1-a0cd-4e93ce397509,VISA,1842f1e5-065c-4aa0-98f0-d10483812cea
009a985f-dea4-4ae6-bcef-af3059f4b4b1,PayPal,eea3cb37-3997-4388-b94d-a363d13dce36
1dc32a25-8dbe-4ad5-a083-0885fe9ed821,VISA,94665a21-d09d-4ff0-90e9-70add64858cd
c831e6b3-3c93-4e36-8c18-4ad57d20d42c,MC,743de4e3-3061-4678-8df7-7cf7ded721f1
0ae82841-af38-4831-b2b7-d8dd82e4ac30,VISA,baa9eaf1-e9b3-464f-b388-92f6ebb8536a
d9a1461a-2bde-4d28-beb7-9969f4821ecc,MC,b250ea9e-d304-4afc-8eeb-cb16b2b9985c
6f7173b3-93d7-4c32-ba21-d85bc6096506,MC,31558602-d557-4632-977d-698e2c0330fb
223eec95-e12e-4849-ba7d-643bf66f7323,VISA,6e408a91-a964-425d-a9a4-bc28cff5451c
96e50bb5-99e5-4bce-b275-63782a20e4ec,AmEx,347985b7-49f0-4eff-8070-36b026b3ce55
5f18b6ed-d6dd-4f80-a13e-672690836d3b,VISA,fee868ee-c2de-4065-81b8-8aed1b4d079d
142ab73e-7dd4-4184-b24d-d6d691740ce4,MC,37ef14e9-8e02-4efc-bc1d-296a78748ade
598205fa-360a-4ddb-9716-0e04c80009f3,VISA,1b0fe396-6ab2-466b-90cb-d607724633ec
f3e656c1-3c59-43a3-8ecf-6672c63f14dd,VISA,10db7184-087e-41d8-840d-781d4e873f31
6bc3e236-8dd9-42e6-8b43-1425d535ad78,PayPal,b8b38649-db86-49b4-a3a8-f14385932eb8
c098fd36-40e6-4137-b21b-77883753e3d9,VISA,afa7a94f-6cf6-42cd-9c90-9f9a6e195551
c1759673-c97f-45f2-aa80-777acdb50d0a,AmEx,a7adbfad-f545-4a25-b2e1-73e773c09afb
b037ddd2-5bd1-4c6d-9709-6e0de4321a13,PayPal,be391748-ee59-4b0b-bec7-c1add6fae3be
63c98277-552c-4be3-89c5-64c35fbbdd63,VISA,48b9a8c1-73e4-4e86-aae3-d4a719e54c06
459024bd-a676-48f3-9f93-068ba2c84559,PayPal,f0fc7a9b-511b-4cbe-ae1c-f1ef6d3efcbb
41b1f5e2-510f-4750-81b0-e083992faedc,VISA,56128939-a24b-42e2-bb05-969a8507f2b7
a99989c5-4ffe-4d10-95f0-ce79bf240485,VISA,4fe04ed5-ccc2-4bff-bb0b-1964dcd52ac9
fa99da9d-71a9-4dcf-b673-513302a09d5f,PayPal,9ed3c3e9-e8ee-4e32-b364-3152fc5fc7c4
40828d20-8f36-4deb-8c0c-f0c291447c13,MC,5692e521-59cb-4a4e-821e-babe71118041
1ee491e2-0f42-4bc4-a8be-8e83243089f3,AmEx,eb2371ff-32fe-4ee1-8321-2c7efdabaac9
bafd14d4-9c6e-478e-8a3f-4540aca96b27,MC,85fc1c40-586e-48e5-9c5d-8cbf3aa13294
c275c2de-3e30-4502-9c3d-63e144860844,PayPal,c5cf4688-42fe-4d27-a140-737f48435057
db14deef-5c34-453f-8a57-e4ba98b0e392,MC,c6281241-9fba-47a8-baa3-2cc1abbc51d9
8be1302a-ae22-4cf7-975d-1487dee1106c,VISA,ca25e831-3d39-4d03-a265-74107a4b0547
d2337290-3295-4483-a72b-7f220bb140a9,VISA,050b00fd-c4e1-454b-ad89-4127f35e5380
8904edd7-3af8-4656-97cd-03889d484157,VISA,03cb1b65-8474-448f-b4f1-641333793ee3
ff1528eb-a188-4c0f-af6e-39f90681da93,Discover,fd726a10-7c3f-44c9-b900-fa177b703bb0
c25cf326-90e3-41fa-844e-0a7df63ada47,MC,773eb03f-fd69-4373-821d-98b5c6a6b368
e621958f-cffe-4de5-a35d-4d625936a523,VISA,4e012a24-f8da-4aa4-9500-67b021a3ccf7
4e02a691-dbf7-4283-bc8b-dc700cc6c6c0,MC,7dd3a334-0f0a-4844-8edd-5c801b6d1dfb
71f485bc-fd58-48d9-b19c-8adc53d03856,Discover,32184600-19e1-4c82-a6c8-51f99ac4e47e
a165375a-3936-47dd-9afd-5832ccf28488,AmEx,665acf62-0142-4587-91bf-81138ca5ca98
dea0a313-2a3a-494f-a095-05030c212a6b,Discover,2c424be2-1753-4345-a3ba-4ed1c3c43e4d
eb4dd0e9-54ca-4ad2-8d22-a89c8dfbbb2d,MC,3965cc05-850a-4754-930f-79084d0f2a6d
ee8316bb-8e5f-48fb-b948-83ec55a3c4b4,VISA,7f69a546-4ca7-448a-9582-7ebfc869b33f
da456c1b-f65a-410d-8466-769fe9031c47,AmEx,b94b6a44-e690-4064-856c-9faca0239dd8
5ecb2044-9eb2-470d-a242-fdd70c1d8152,VISA,4f1b18dc-9b23-4f9a-a318-7545ee1a0110
0c604c38-0def-4521-8f0f-cc546124d1b1,AmEx,9b23f186-a17b-4349-9e5a-b9a5a7844cc0
a29847bc-4eb1-46ff-ac8e-ea4e6fe1f61f,MC,67b03509-379f-4177-977c-1829e6b62949
b677622d-c0dc-4fa7-bde3-05d348b265fb,MC,eb65d41c-6031-46f7-8f9b-42784dbda2a5
2067346e-c5a9-4f57-9c64-ad39d4245048,MC,5c8c4cae-9a86-4292-b5a1-ab8d616d653e
b7d57b4a-f427-4835-bccf-5ab864806418,PayPal,759365b3-aaa9-4f42-8594-3ef5e272c72c
ff1a6fbf-fe04-43ba-91af-4c6f05be365d,VISA,a1920149-cade-415d-9b6d-fae333a4416b
c94c2464-88de-4ce2-9ce6-8ac488ce1937,VISA,9a93c491-8e05-4fe8-9e53-b3b1cb31912d
79f225fe-5f99-42ef-baf7-4f09dc02e434,MC,b826b268-9d9d-4b9b-a012-7b644869f5f7
e6d338bc-b2ea-4905-a45b-169d7184d5f5,PayPal,8df72a99-0352-437a-bffc-bcdbe6c7ed70
8f8bfd16-a851-4e2d-a87f-a8e6197a7eeb,VISA,1b1beacc-8f87-40ba-aec2-18a559df840f
ae1ed445-6fce-45f8-bf0c-24ac04c95b2b,VISA,8f6e14db-3c83-48d3-8148-8f341959f5d2
3a925657-514b-4cf2-b361-e926fba888aa,VISA,3274a259-0866-4de8-b976-623e452b74af
d8f13530-1acb-47ca-8a33-1223fb845669,PayPal,21373e0c-742c-41f5-b122-89291d0d0396
dc09c3e4-1f4a-43fe-a54f-c0f21f9dceac,MC,d56235d0-33a9-432d-8dac-a9dd6edf175d
58c963e6-5d06-4cd0-9280-fab12dd2d479,VISA,3671e413-92ad-4187-9375-065a108168a6
ead07b68-e4d7-41d2-a6ce-618406c37c84,VISA,ce3c777d-981e-4e87-bad0-ed895907b8d7
7ad59783-93f8-4d74-a744-18d01a879b2e,VISA,ffc9505c-938e-418a-9f7a-c486b3b80965
c3758281-df3d-4c04-94a8-8670a1bf0800,VISA,4ba3788e-9ff4-406b-888c-a869312b30f4
21af56fb-8726-411d-b08d-b109be8658b1,VISA,84cdd171-515a-422a-b79b-d1e6e6af5462
fb252275-e0a7-46db-a5a0-b4229b3b4547,VISA,2e01396c-a0c1-41d7-8853-6071a1571983
ca19541b-9361-4b39-bdf2-8f0fff01b548,MC,e3c9cd7d-9dc0-467b-91ca-8d06e851a4b0
cbf9d52e-ca99-4f83-80bf-0606ebe8e169,VISA,03b931fa-ce7e-472f-a52a-0be0d342e952
a33dd55a-b488-4b85-8289-e175a8bec1e0,MC,8deeb4fd-d9b7-47e1-80b2-00a56b24d3fa
c28b0f95-7a34-49e2-9d5b-f0601ef9dfd6,AmEx,bdda3f37-acd2-4685-874a-97d285a8593a
348a0749-bf2e-498e-8f3b-35c50842b58d,MC,309b13de-4aa4-464b-9105-a06ea08602f5
2cc6fde9-5196-4316-bace-5ec2ccd466ed,MC,0bc1d69a-80e2-49af-a4e4-a9eb2cbb8b96
5b8b3c74-39b8-476e-af60-4c40fa3b8070,MC,c5d80301-f74c-4a35-b8c0-775bac82f3cb
573506a2-33d7-432d-9f62-b1a9d5b144e8,Discover,22a0112e-29bf-49e2-a79f-d7cd716fd358
31943e6d-7c55-48c0-8530-5b13dcc1cd9d,Discover,40bb45da-85d4-4691-b37a-8d9291f031af
712a4c37-b99a-44a8-bb9b-8d7779a520db,VISA,bfc09ea7-7f10-4feb-b595-33f81794b9b3
47e3d1c9-56d3-40a3-9bb2-97b7fd3d77ac,MC,f6ad7918-d944-41dc-bac5-dcddfa96cc98
c5b779e1-d85b-4b4c-9cd3-4575d33e0651,AmEx,c5cba182-7eec-4df9-ae70-e20fc7533458
0979fd50-3a0f-48ae-8e47-1b55a0259147,Discover,ff57c3a2-d1bf-4e4a-a7ae-06b4f30fea2e
5c021a6b-f156-46d0-8d89-4a06c3933fcb,Discover,95401c21-293e-40da-96af-88db4b576503
9697634d-389b-4f0d-9a28-af2f5bd8d061,PayPal,aa992043-d35f-4a5b-8bd4-e90410eb1d82
ce7d0df2-21e7-4cfb-9b74-023e8cb9e64e,VISA,68c3d530-be81-4ad6-9004-d495f6404b1e
b61d7a27-2566-4501-8048-dda6f50eeefb,VISA,bd48a6a7-7680-4e40-8cfb-7e63b8a073aa
8d1aca0b-58b3-4ac9-864b-85ef50206d65,VISA,fbdb36a6-199e-4949-8856-1088baf50ada
6ae89f3f-2284-4392-a1fc-7b435edd1128,MC,2f88a600-e022-46dc-a4ff-0f20536d34cb
9e7fa33d-a5dd-48d5-9d6d-2fd116720b98,VISA,46585b41-aa24-4d69-822f-a3f0102e9fe4
23e9263a-84ab-4c75-b481-ba77bde410e9,AmEx,36598261-6c7a-4f0b-99a4-59e345ca9712
b2f2feb7-462b-485d-bff5-32481f561d9b,MC,3a8c30b9-7b2a-4687-b409-61e89c9d546e
207c0eaa-d6ab-4195-bc2a-0582a3757410,PayPal,8ea8f249-8c20-44fe-bedf-ba3ad7e5cde8
ea4bb0fc-5e32-490b-87c3-83cd0bec217a,AmEx,04e3d7da-4551-4da9-9f5d-9106d59962ed
c035a1c6-6b27-41da-9187-198694603215,VISA,2d8235b8-eb5a-4391-9605-7292da8829b7
cc9bc5eb-b4b8-47c7-821a-161be63257e3,MC,91ea58d9-16a6-4668-9833-ccdd1c031b74
bea33b81-247a-4d0d-b76c-a00404f651fb,MC,6d88f5a2-ead8-487b-bd9d-194665444c46
6f6e5bf4-5171-4c3c-b70d-c7a2566b7a40,MC,a1bff6ec-826b-451f-a59f-9337cf823d69
9c65b154-4b8a-430f-8d10-1fd9ecea1646,AmEx,f58d502e-c8cd-44ab-84f9-22e955c5b959
fa60ffc4-30e3-4fe0-88ed-481d71270fda,MC,227cc9c4-c828-4a39-ac18-466f2b92d1f1
db61505a-95ee-4a08-8c8b-7b01c43ceba2,MC,ca2b6623-40bf-4871-aa8e-e0cf8f35c72a
d33c59da-2d7c-4ff0-8788-a75b0899fa90,MC,5485d235-9bbe-46fd-b89f-66ebfe5d06a5
d8f20d45-c2e3-4f1c-9a26-edb84b86d79d,MC,dc024884-c8dd-403f-bcb1-5e1927f5bb9d
dca06776-0424-4f69-80fe-15a554e07704,PayPal,af43759f-dff4-411c-8eab-4d0bbf99bf99
8b31df01-eb70-4f70-aeb1-015e13d1bf20,MC,1e424d52-957d-4a5a-acd9-15aeca95180b
03562673-8603-4096-9e28-1724261652c6,VISA,06758e19-fdbb-4037-afa1-92479335271d
b7453637-d531-4dd8-b6e8-61d1b0fec0c2,AmEx,6df301c4-94e6-4db9-ae51-6caaace5b87e
719791fb-b472-4d93-ba56-ea4f7dc7e236,Discover,7a94b804-9be9-4ee1-a18d-30454a98be6e
2bd90dc6-490d-4050-9661-59e01d173689,AmEx,31b6e35a-bb36-4d08-a633-e7df0fa99054
ac841fea-127d-49aa-9774-08ab3054dfcd,VISA,8ddaeafe-19fd-42a4-a6cc-4604a0ccfc97
1e933868-700e-4710-af6c-e59745c4ebf0,Discover,04f4f3d3-3c6b-4dc9-a377-03120f8ace2f
87c800a5-6254-411d-a787-bd77e5a896df,VISA,8d9ec37b-6262-45a7-8e85-2caaa40f7b43
24f9392e-76dc-4585-a7f3-7cb4435957d0,AmEx,00e0f948-9353-4ac9-9c70-4cd193067367
a9baac88-4bf6-49b7-a82b-298af7aa576e,VISA,b3283617-0864-44da-b0f4-164726f73e59
af12b1c8-d19d-43d6-962d-04f44a38c0e7,Discover,39f35e1e-0b68-4746-9b63-6e66dfbc4a5b
1ee05c1f-ee49-4c91-99a7-071528b49591,VISA,535e8efa-21c8-4fe4-b24f-4c59e241c3b1
d14e85ff-c84a-44e0-9a58-0a346bbc590f,VISA,e4be77b9-2ad4-476a-948d-f9e9b1c0b6a5
49b1a548-7fe1-464f-9a7c-0efc9709a54b,VISA,bb7222ec-02db-4afd-979e-59a82081218f
5c53fd0c-baab-4671-a5e8-b825861cf71f,MC,e9a1a750-518e-49ac-8ee8-2ba2c663a578
642af6c7-996c-46d8-a841-acc0ede5ec43,VISA,9327a24f-18e3-43b5-9307-3d073206adb5
83cd144a-054d-49b5-be5f-381e193ed10e,VISA,55b8371c-d7f0-4cb1-8bb7-7a5d6910e3d3
b9abf1bc-3d34-41db-b3b0-73574961a7e4,VISA,49db2a77-d679-4136-a57e-be83a0896bdb
f798ffaf-b5a2-4ce0-bfbb-450713cfddd7,MC,37acf8e6-d45d-4bc6-a172-59f94a2b7415
6e613cb4-a266-416c-9411-f17d4840b812,PayPal,28f86c01-3cca-45b9-a274-f3c6b501b32f
11c86cca-cfd6-4157-9aab-a3acbcf82673,VISA,87497a79-d55a-4efd-a93d-6101f0467679
59c46fb9-99c4-4b28-b9d7-f2ceaa5d7549,MC,1e708447-f2ec-4cbc-a29c-d18880f0662f
4a003805-9d85-4c7a-968a-96e56964c24e,VISA,a414a9c4-9f9b-4449-bc62-52240af6d96f
ad8e18e4-6855-40f9-9a2d-d9e99e48b4f4,VISA,a2a4f055-42fa-4fd1-b516-2aa761a946e5
b3b781b3-bfcc-491f-85c6-6c9f7e042f23,MC,4e7b15ef-fb1e-440f-aa7e-418f0e0b005d
1176c397-cfef-4083-b947-ad85167cabe9,Discover,d34a81ec-a3da-4dcf-b5a5-3b51d1392b96
844e6f7c-2b40-421d-a308-4c28929802a2,AmEx,232ecd7a-85cc-436a-baf4-2181f4f12983
f73dba17-b763-4a3d-b958-338939c9a2e3,MC,495d7f17-356d-44b8-8636-f55a2f99b642
8cfebebe-ad0f-40cc-80da-2c39cc23605c,VISA,07fdf14f-118f-4225-b311-1b114d80ac5a
63c14253-9a23-4e24-9f9a-958b4f81a2ca,VISA,5c1b2d46-323c-4d1d-a485-1da989d6f5f9
ed555fcf-7d72-4ce7-b34a-485e06046288,PayPal,d3f22d5a-24c7-45e0-b2b3-8558b70c7403
4c52b727-b7a7-4f5e-a25b-c745c095f84c,VISA,28185352-292f-4fb8-9dc4-aad52f9a35a8
4659088d-1cc8-4352-a1e9-b478e6110d75,MC,768af4a5-5e42-46ea-8aca-214cc7ce7c85
4def7f77-1b83-45c3-8c24-456817fd0e9f,AmEx,b6ffa05a-1657-46e7-91df-aca85d599a5f
f69688f4-7141-4fcd-ad42-e66103533205,VISA,f0cc63c5-8088-49a2-89f7-3b14336d80fd
ef6a8bb7-b466-48b1-9cd7-3d2dcf9d8cc3,MC,5b5616ff-3d4c-41e7-8fa8-9360af693d5f
d34aca77-d9b2-4a90-a33b-6017d015eb3d,Discover,6e8f4b64-9704-4d9a-95ad-143cafe9b3ad
e031e48c-7cb0-4c52-827f-d12c9157a081,PayPal,11256550-4158-40c9-8f9c-fb588e1fdfbd
3eb8a1ea-3a78-4411-baba-ccaf99b48b7d,VISA,3d83cca0-d43d-40ef-a1ee-592c4f3a2b2f
68d21efb-7989-41d1-aaac-ad5531cbad92,Discover,675ed889-43d0-46a5-b06b-921056d1c50f
8bc92eb3-a5c0-4ee8-90f5-4722f1aa3216,VISA,45ed7739-94e0-4602-884a-383795940dde
03e9337a-40d4-4603-ba7a-43ac502cf3db,MC,2d0f2c17-2fb9-429f-ac07-26de9e747807
00e9d9d7-50fb-49cc-9f5e-96237464c425,AmEx,133e5b33-b9ee-4627-8cb6-d7af30d81afb
9aa85acf-31ef-475d-b28f-1e5124a806ae,VISA,bbc35c26-27a8-48bf-9de1-ca59fa04b352
1798e9d9-c3e9-4128-a901-a0e3af2e7dfd,VISA,d7c47a1a-7d62-48da-a0c8-ae1ca3656b7f
3d32bf20-a171-492d-90d3-085ec68cb2dd,AmEx,55cc45ad-8d42-4158-810c-81fcd6cc2c94
63700359-a15a-40de-8423-c930282a465c,VISA,246fc468-d980-4ec8-a740-279b9be92705
3a4ea22d-befe-432c-b3b5-bb8046faeef7,VISA,932f40dd-08b3-4caf-a9e2-f6ee395c3948
e8670663-a582-42eb-a2e8-148630b83282,AmEx,85c7b99a-3e44-40fe-9bc8-42a92937ed74
b19903e5-8176-4291-8e5a-be280a6a2e47,Discover,419a0dac-d09e-489d-994e-9d050a38e908
b5b526c8-b230-4b69-8ccd-686593da603d,AmEx,bd4d701c-aab2-4992-a249-ecee773a2812
fb436376-86dd-45d1-b8d9-53aa90fe272a,Discover,20191a4d-61d9-4be5-9c15-a4d4345a0bc9
131d22d3-593e-41ac-8a19-ab7e32afcf6c,VISA,ba9f0f15-614c-4371-bd6f-19ec66441a31
b9f7df71-06c6-4011-bd2d-caadfb944eff,MC,48ff1bd7-19e0-40f4-975e-8b8bcf9ba573
c5b4f245-d330-4dfb-90d1-67e5afb9690c,VISA,d11d700d-d601-4b6d-8a80-7f1f1541d366
06ae8a1f-7b8b-4814-ae81-5e1f5d9efb44,VISA,64ef6252-3c9d-4dd0-a6ec-edc87e374c9b
e6cd19fe-c005-4713-aa57-0092912f2868,VISA,7db1e46b-9a74-4701-ba37-4b347df86008
73fefe6a-34b6-4541-af2a-c6474fb9a459,VISA,3212d5a7-5da3-4ab2-9e39-5ee83c8732b0
ed99783f-ec58-4b53-abd2-757d258a05ce,VISA,fdbcbddb-77e6-4b93-8c44-6bfb36a6200a
2691b684-5775-4c87-8edc-5df6f24de592,AmEx,181ee3cf-6c17-41e8-8d3b-f060547c5d9f
1f4a209c-4b8f-4ef9-ab05-e095fb75395a,VISA,5c822354-50ee-4960-806b-168e743b3ab1
0b2ed669-884f-4319-8024-7d09c19dc01f,VISA,f7e58590-4899-421b-80c5-e4790de90787
90826026-6734-42c0-8c61-8b166e701b43,Discover,86c5adbf-df2d-4795-aabe-13442b801558
3bbb15bb-df1d-4165-8fda-20d583cc9a81,AmEx,a5b807ea-9c7c-4efd-b76c-ae833026e489
ff792d85-1c20-45a2-b5ed-9129285e567e,VISA,52ad046b-6a6d-41d3-b73c-5d0201e05b13
d9181001-5b98-41f0-9216-646de04fabdb,AmEx,422ed5dc-2179-4859-bc63-70c679e59994
c9f664a7-91ea-4e44-bfae-e39b67f94324,VISA,c2fbf80f-0da7-43e3-b737-e8846814e7a5
9433f2a2-5e45-4bd8-8af5-c2a8bd8e6d8d,MC,96194748-9c67-44bd-937f-559c5475b139
ca89af83-d4d5-41d3-8430-68d30d8883ad,VISA,5adb1ec3-f7ac-4549-9ecb-6579df70b049
e7f8b305-f24e-44c3-82c9-9722d2f63b6d,MC,41b88ee4-2215-4dee-9a9e-6bc918135a16
836e60cb-b9a7-4d08-84e2-e63e6dd8df96,PayPal,e68498cf-1c78-4257-9db2-12b65c49c715
82db2c91-5205-4223-b79e-73e602b9b250,VISA,1d03ad82-ad2c-4704-b5fb-28d17bcd1d60
f9daa43b-3bbf-4f73-a6be-97b2dfa55425,MC,c11bfc91-32ae-4dc0-b903-d000ab1be052
75338ca0-770a-4dd0-b3a8-5f1e103e5fb4,MC,1d5844bf-2343-4d19-9dd3-f353cc5c5b78
f2818c30-065d-430f-a88d-345090f2ba8c,PayPal,f58e5c4c-14b5-42e6-ad5c-4a829923f404
aedc3885-074d-436d-a5ed-bbd40455ac01,VISA,58bb0704-fa98-490a-b96d-92ec4094ee9f
74b01989-25f1-4b32-8605-87de57c06172,MC,3f48fb3d-8f47-4812-a91d-c4e4e3843578
4fcd96c6-863c-4cb4-b8de-c0177847b596,AmEx,7b17f489-f108-42ad-9b41-3999352d4f2c
9a4aa719-bbfa-4eca-ad5c-d4d58641726f,VISA,c66db6db-5c24-4378-aee9-94a671982d00
ee485e19-0186-4c75-91e7-227171d0d53b,VISA,8fa94a56-a29c-4e19-b9b4-a6cf028685d0
6f91f9b8-5e7d-47ff-811a-2ad3418b0065,VISA,97da64be-88e0-4666-90d8-6407beca46cd
80502d67-0013-4ace-aa0c-fdf638bd1169,VISA,f3c3d850-d15b-44e5-8997-e0719425a491
837ea0c2-a324-4d12-9794-19389b5f2464,PayPal,afd652fe-e02f-4de1-bf3e-ee6bd309cd1b
c5efeba2-523f-487d-9bb9-55acd8775922,MC,f9d79505-78dd-48b3-9918-51c93476a6a0
1e793ddf-34be-4085-a83c-b6fe42754d03,AmEx,2921e3b8-8448-4b59-8dc9-aecd72273ecb
9c5ea9a4-628d-431c-89d6-b22b5fd15c13,MC,42b53f46-b629-42d6-9ae8-e052ffcc5b65
f77ef89e-fbab-4e11-8f57-2d55adef3878,AmEx,4c201f64-7612-48e3-8851-b1615cb4e339
394a57c0-504c-40e6-815b-c9bc5fb2861d,VISA,3d1d0bee-1c05-4229-a3d3-b2ed44ffb1e7
b502e7e4-c690-4909-a719-cad27edb9136,MC,37011682-cccd-415b-b37b-de87fc816078
8878c9d9-968a-4251-989b-724e3c7f6ac1,MC,ce3d229d-1ceb-4c09-a1a7-280e95bc1684
d49d208b-c45e-473d-a810-80f7766fcdcb,PayPal,5be47ebf-a3c0-48b2-94cc-72bd91a49bf6
9ef06bc6-6a47-439e-810b-c3f753805842,AmEx,72380324-b8c5-4901-bff3-d4c0497cb3ac
7bfd7034-eb45-4ca1-bfca-f18433d849dd,Discover,98533245-2283-448e-8c3a-b22d07f702c2
5b530e96-d3ee-4e47-b723-b933ec15faa3,MC,4b505d5d-611c-413c-ba5b-62517fb25a6f
54d115d0-b1b2-484d-82be-7ffee3f02a17,Discover,2bb34f34-6afe-458f-8863-3d15a4e99132
432c3934-289c-45f6-8764-0f8815b9f75a,AmEx,a84cdbe8-92fa-4ac7-8818-d20efb2275ff
a4a8d700-a55a-4dcb-bc16-7f1a974775e9,VISA,e01b232f-260b-4536-a54d-d8934ecd0a33
e9c52a4b-eb1b-421c-85a5-21779ffd8f4c,AmEx,b8e8710b-2840-44d2-833e-e9938eb9b612
ae332957-f6f9-4ae4-acd8-c61dbd80c5b2,MC,09e93295-271d-485a-8fb3-089a923048c1
6f70840a-3a8d-4400-bec7-4ef0305ff06b,VISA,2c16f882-3aa4-4329-9e3f-47ef27aaf20b
9467b7f5-8be6-4e75-aeda-acf2e75eac6e,VISA,ed34aa4c-0ae6-48a4-84ea-f74c44068ab5
b7c12e37-9088-46d1-81a2-168ff708eced,Discover,c4c342d9-96c5-423a-805e-c4720e11e226
5544177a-c2a9-4e7d-a580-2fd8dece228a,PayPal,31f2f644-019b-471d-9682-05d477fc5bd3
3017ffa0-ad3b-41ce-95f2-f0a490500aac,VISA,f8a2c3df-bb9a-4903-bcd8-0fe69c3938cf
1d56f9a8-bbb3-4fc4-aa59-6b4a2b15ab38,VISA,67d44760-04b6-45cb-b7b6-38f5922aed77
00bb3596-c586-4a72-86c9-2afb37f188ef,AmEx,ef49d823-6dae-4da7-bb26-3bf4634ff1e8
838a8442-ef1b-4de7-98e7-8737cae0c5a2,MC,351bec0d-d8c5-4ba8-9d8d-7f40a61c995e
1c57e424-af2a-425f-b17e-a82bab41dcdf,VISA,336763c2-3a80-4181-86f0-879fe5c9b027
c4724c7d-9a26-49f6-8bd5-0502dc688d39,MC,aa8d89da-c413-4908-be88-9f3f886e542c
044ffc82-f688-49a2-a5de-87c0668adf64,AmEx,4e7a3d0d-55c4-41b4-89ec-5b975207ba8c
e7b61320-6477-4464-bcdb-03bd43241726,VISA,7b3677ba-aa14-4749-ae0c-f61fe6bb940b
0644a085-bbe1-4300-ab44-36c60c60e63e,MC,199caed2-f510-4e21-b145-db013b6696c4
0c8d7ed2-5b50-419c-93a3-df7a70063045,AmEx,e0646ae2-c250-4972-ad5f-89cdba5f0e82
5a0b3880-f35b-4785-8f3a-5bbcf4dc4139,PayPal,d0d8a3af-16a0-4d0a-b447-2ef821c5bd2a
18af26a9-d819-46e6-b49f-625c59a73a6e,VISA,4715f89e-b9cf-4f33-93ea-6ad951400ae2
b76830a5-06ff-4197-b7eb-e893862737be,AmEx,b4bd04cd-18bf-45d9-b9cf-ef84c9335f3b
62a01682-018e-4ff0-b0f5-8687a6f8c83a,AmEx,d7ce01d5-fae1-4be7-9fda-5535cecfa6a5
6d63501f-58f0-4d94-a3c3-760f5841d359,AmEx,dd3a1739-df88-4c21-bd15-443d159976be
9837c2cc-27cc-4795-a872-4e43c5da2e44,AmEx,d5c0729f-17ac-4850-af8d-d47627da454b
ee96fb15-f833-420f-8ad2-434bfaffe68a,MC,8549c833-9658-4e95-9a99-6746e39ab5f7
7eb2c092-e0e7-498d-a892-2db4ad71a86c,VISA,c4797ac8-2e01-4194-834f-94dd1dbc5040
08aa6cb2-ffac-493c-bb12-afe809be4e2c,AmEx,fd1ddece-c368-4f54-bb43-4e6b5f0441bc
e54841b3-b6b9-4f57-a274-d74ff12be57b,Discover,c540033e-ee3d-4d61-aeb2-fad3d7d066c4
08546a27-418f-4ca9-8fa4-962118c757e7,PayPal,803bf2ba-fdf6-484c-8eb5-bec863c40d15
e3fc7785-e20a-43ab-9b01-8709845e7785,VISA,44006278-8d4c-4846-b61d-0fa0aa1450ba
3ed71f96-a2f1-4e7a-ad8a-1807faca0a6e,VISA,99802d4a-f870-48fe-934e-e916480cd53a
d759140b-3283-47ed-b478-82a4ccfa6127,AmEx,d0b3ab5c-c06b-4352-a762-21d85e602eb5
ae6693bf-e9bb-4e4b-8124-38bf3eb232b3,VISA,48838181-1b04-406c-ab94-6b5732b35e39
63bd297e-2b90-4dc3-94da-1e0c5c2dd92f,MC,0d652a3e-d6bb-4d51-83c0-653d96d78b6c
239a8c1a-4903-4577-9c1c-9f5b06dc48d7,VISA,54242c10-a4c8-40e4-9a8b-adda38be6fd1
29d4e215-6fc4-47ad-bcb0-d550c86c9916,MC,c7eed3f6-142d-403a-946f-6516689e5e44
48eb57ff-baa1-4a20-9eaf-ce930122164c,PayPal,3cac32ff-cd02-43b4-944d-3c642276e5ef
55ae39ca-d387-4f47-a562-cb98fea3e77d,MC,d08a297c-574d-4af4-894d-b966862803bf
3e706faa-9fa3-498d-92d1-debfbb3a74c0,AmEx,763f25f2-b39b-494a-8b2d-b76988bd9e41
fdd71082-8e3b-492c-98a7-7a055af2ae47,VISA,368eef77-be74-4801-84a8-44e5b34d81f0
2b72d152-6012-466d-a1bb-77e9eec42fb5,MC,874e894c-5735-471e-84b1-c90c744947a3
c848177d-7ae5-4f33-b07e-600174090529,VISA,2638e00a-9294-4222-83a1-f089a6992737
524ed4ed-f1e0-4bf6-87f1-285cf6ef7663,VISA,8a61bbe0-3e99-4bf8-ab44-5f1d77bff534
60b62fc1-1439-4104-ae82-828d15e933ea,AmEx,7d94fe0f-a98d-4885-95db-e3aa01a373c5
ea388e3f-3fa8-4fb8-a0dd-2b03477c868d,PayPal,3a443e15-4580-48e2-b966-63c36baa14f3
60ecb1d2-f51b-42da-96d2-5c37568df8b0,MC,c8a2030c-1a2b-4631-acc1-8f6af4cb6455
61193075-6919-491a-862b-f4dda478a5b1,VISA,9f60f016-fc90-42f1-be06-4a67d9967ec2
35c866e0-283c-4e3c-93d0-da0d59a0f1e0,AmEx,31e484d2-d653-436f-a2af-4a09125fdc33
1f7ae058-0396-426b-bbc8-bc05c3952fd7,Discover,740b9142-d6dd-42cb-8d8e-4671aa0ba302
2b33b843-1525-4aa2-9fd6-d7dba044bce0,VISA,b9d0b53c-b03e-4362-a8d8-cd23092a1100
17ba30f6-2b29-4d14-bc19-3e2ebee3fe9d,PayPal,f30551f8-cfe2-4d58-b673-dcf8ecce0f2b
b999b43a-7212-4762-ab13-e928a697ff91,VISA,e3023f4e-3f89-47e3-8a0b-c18f157d53a2
02916e28-5d68-4ff3-a0f7-5b31b3d1f2b7,Discover,c4c56dd5-194a-4e66-b16c-e3d37dbdf867
370b959d-4e96-41f4-89c8-bf88d2e07a4c,MC,de846206-ffb5-4323-bd96-c46f5fda773a
0230a80a-bf8a-4a0f-acc1-9dd87accf55a,Discover,c5e05bee-af50-4c5a-8a95-73620ba2ff33
54096566-b473-4655-86b2-0c219a00dfef,VISA,c63a0ceb-60e9-4181-86a1-bfb3e1006a1f
fb09f8ed-60ca-4338-89db-ab95714051c6,AmEx,0f5c4726-a5e9-458e-abf3-ebe7b3b18c08
97cd7724-da30-4a4e-87ee-aad64f139c70,PayPal,a75bcb6f-fa7f-4edc-a981-bc06d686f889
4441773e-6d7f-4ae7-a555-a1fe5712e205,PayPal,771006e1-85cc-44be-9a8b-56cddfd4ab91
2881ac3e-b010-466d-8c6a-3af007458d41,VISA,990ed44e-7b64-4b69-8565-36406368aa76
1049c5a1-0d07-4161-ab5f-3c9aa4d4de6c,MC,9abf5c98-c0e9-4b97-9161-1b83b779594d
e7055326-6c81-4bb4-a8b6-8308930001f6,Discover,b71720e6-e6f4-43e2-8ec9-279f842dc15b
97578bfd-edd3-4eb2-a40c-f03411d27350,MC,960ececc-b8f1-47c8-a8ee-4e9ce72ccf4a
1365fa8d-fa90-4179-b3ea-50eb8591362a,MC,4bd02bed-b66b-4cae-abdc-4413a000d673
aad300dc-de37-4d99-95da-7adb09a81d21,VISA,4f9000b1-327f-4e7d-9c9e-f2a93ab34d13
4252b5d6-d039-4eed-b7ca-9023f7ca8497,MC,493c89db-4f45-4bd7-ad84-46ff50c4dd0e
1ff5e853-72f9-47af-b30b-5bcf5e745c4b,VISA,48f20924-8fb9-43ef-8ebb-fa232293c408
e7f04d19-097e-404c-a9c1-01cf7f18812a,PayPal,77530962-8816-4ddd-944c-e32ce176a862
30c0d27a-8ae9-49a0-9736-da6c5a50ad6d,VISA,57d7d437-81db-4e1a-ae1f-bb81224eabc6
d2096f42-19d9-4a39-a361-3263bc7f748a,VISA,13b3c9b5-7237-4850-9d45-a5edf962738f
4519b768-3b40-4407-b205-6a054938f3eb,Discover,90f40f53-a19f-41cb-ab10-f26e681df9c3
2c688cc1-3dc8-4d86-9ba0-c6badc60a127,PayPal,504eaf74-1957-4b48-bac1-0533eec35e3c
ee38d59e-97ab-40c8-897d-fa7469cd5c63,PayPal,b570a95a-cb83-4b4d-9174-df30c6518c9d
e261655d-c03e-469d-a74d-69a4ced8098a,VISA,b1ce0587-652b-49aa-a380-2aad03c02071
761ac068-5233-4e6f-a7bb-85c8d4f7a837,AmEx,aaa8ca8a-d278-41aa-ae16-0ff1ad2ba60e
89053578-04a1-4456-b00a-02ae0984ab21,AmEx,94e7ee7d-e713-498b-91db-5a6363a7d523
a5897272-6513-4be2-93a1-5d3614028bfb,VISA,c7c7c07a-0905-4061-a0e6-19bc9bc45ad1
2c071656-3da8-4530-ba81-4c5d2ed90849,MC,9500efc4-d9fa-4367-bd79-5e0e8cb6bfde
20835e18-e53c-48ff-ada5-54802f0794a4,MC,1f7d434d-0bc4-4347-a640-97a47a1d44fb
c65b7f27-c7ad-4837-a7bd-a7d3fa00e399,Discover,0509e6ac-4a4e-4d4f-a892-e4e6f2e97119
aab214e8-2385-4df2-abe0-7a14dbb365b3,MC,3d04ccaa-570c-47cd-80f3-56f6f41adade
b651b742-7b60-4459-9271-05ec9585c153,VISA,6370ff7c-4112-4f69-ac8a-08f4f5418621
092eff9c-59da-4040-8f95-3c99761308a4,VISA,560c6670-49d9-407f-82c3-41f7940c5d9f
9344667b-9ee2-4a2f-b53b-fd16c16ee865,AmEx,e96d89e4-496e-4bdb-8090-838d91aa7342
aba16ad0-feec-4964-b022-7db6e39ce705,VISA,127d2403-044e-4dc6-8e60-e033b70f7544
6e04d4d8-3163-4e36-9923-389541816844,AmEx,ccf82a02-098f-49b5-898f-cab50f0e4e11
dd03c75f-de5c-47b4-ba4c-f6c8875431a3,MC,272bf8cf-5e1b-4e21-8093-0ff93309ad26
6bff4c87-14c2-45d8-be19-baccba34ebb1,MC,d6be360e-37a1-4dd5-b3cd-747a30db605f
697b9e78-a6d1-47d5-beeb-9f308e9460e8,MC,1de2c34d-b23d-4e00-8480-ea5e00548194
dabbf859-3674-4dba-97c9-e258b6b95ae5,MC,4733f341-6cd7-4f18-97e5-481515e39e61
c9cc96d3-5d2b-4606-8ad5-a2f88d5072de,MC,8df0ecf2-cf4a-4807-afcb-f3a1fe5b27d2
7d4367df-946d-46e9-aa5e-fecef12307d1,VISA,27e247f0-8340-4d6e-84ff-4c5c3fca2250
58e5dc61-5686-4102-8f16-a565067c7338,VISA,01b0774b-10bb-4721-bc27-f02e0f2ecba5
591e26c5-ff76-4ea7-85ef-fab7e2c1d4a4,PayPal,760c97e0-af7d-47ee-92fc-7d88b30b84f2
96eac0b0-54b4-4265-b7db-92494eb90cfe,MC,9b679379-5622-43b6-a35f-62b47f11e8e5
2b8292e4-06d9-437d-adf7-18b3b589e486,PayPal,c0292de8-fb2e-4909-9588-856952b2e7e7
0e8c7ef7-efe2-4924-a5ca-cc16d88ff55f,VISA,9ba2f76b-44ef-4424-866c-5fab150cea73
35b3ac26-ee95-457f-8fa9-cb6272f308a3,VISA,7b4baada-6786-47d8-8ff6-b03235e141a6
93beb62d-1f7e-4e0e-84ce-5924e31263b5,VISA,d2f11269-9542-4891-96e0-d19683ad2653
9e8e8b7e-7769-460f-87ed-beaf17c35fdc,VISA,8fd9777a-e810-462d-9ea8-cf7571df80f5
b4594df5-8e0c-4361-a48d-6096e71c86d8,VISA,b7b3cb71-afd8-4f90-a302-92b9969736e0
b044c4f8-a0c5-42a5-9489-3cb99344593b,MC,a55875e8-432d-496c-b7ee-50eee2d1c2f8
85c2e29c-d626-4c11-a51d-5069b5c8ec39,VISA,70bf6a60-bf58-429d-b6fc-af7da6e64e3c
0b319327-25ee-437c-a3c8-537301561b9c,VISA,2d809c81-9132-4c28-8972-8e901584c882
68dac96d-9583-4234-9fe1-2584933a10cd,VISA,d246cb51-cb73-4487-91f7-ce495aa2d103
4204bf3e-7911-4668-bb5c-b38852af0929,VISA,476b904d-4f34-48a0-9c09-9e18b53dcea1
1c39b5fa-c903-4400-acb9-eed61b3fbb41,MC,8efd1542-add7-498d-b63f-691ebf20de13
c8d71be3-4297-4a71-8d0d-3c9ded949cc6,Discover,504daf0d-0610-4f13-9dfb-bad7fcac49e0
eeac5524-14b5-497c-8dcd-a4c135c8c64d,MC,5fbdfc5f-9deb-4a61-bfd1-102d4796f7d7
f72e4d73-dce5-406f-9fae-f69934a4b550,VISA,f0333aeb-420a-433d-a5c1-8be9ffd3d8b9
903ed209-bc29-4655-90b5-5defdff62b1a,PayPal,a1bd4b74-652b-4ad2-9672-1dd761bd7a8e
e1a52eae-7f5c-41d3-895e-3045512522dc,MC,4b5644c7-b196-4c03-b0c0-cf2ebde27754
71209b7c-4e3d-45de-8bd4-a34447518580,MC,7911fdde-a90d-4417-862a-07e7779fa2ce
5029a207-86a7-4f98-8442-4d6a53ecff8a,VISA,e3f4fe59-70ee-496a-b975-0136c33c7c06
fee3e4b5-056d-493b-a7b8-6ffd5514ef84,MC,8bb711b8-da88-4915-8d6e-6479eb2d3eb7
8b36306f-3c89-4c32-8747-b0521c5d3940,VISA,93aa4c9e-bdea-4871-a3d3-23e4ca34ea39
af6e706c-d702-4a39-8cbf-bc1a27a1b3de,MC,bbd6c2fb-7a6f-4cb9-9c6f-4bf997056005
f3bd0843-d8f7-4728-ac5f-b05ec0a7f366,AmEx,c1e1cfd2-fd66-466c-b74f-ca5b04775757
2e0bdc5b-5e7e-4656-8fe1-a7ad2291ec13,AmEx,84b799b2-44b5-4d1b-92c3-db90173bc331
ba2348ab-a5c7-47bc-b2fc-76cb991a190d,VISA,b03255e5-4dd7-42f2-a4ea-cdcbd9935c87
4555ffba-0e26-4835-9885-fcc66af93ae3,VISA,e2b41067-7f47-4407-bfa3-1dac7601db2c
f458324d-f4c1-4329-8bf8-3985a37d390f,VISA,033e3788-87f0-446e-af66-5f5ecded48b1
f5f59dfe-87d6-4a67-8815-fe1421cc5ca9,MC,f1ffe84b-8db4-4ddc-a385-697feca5cec4
e09c25cc-a920-4143-b6fc-2d5136db83de,MC,de9a4fb6-c51d-4e1e-9050-645f03e828a0
ac342d95-75be-4dcf-ada7-dd25e120b094,MC,3e386c67-e17a-4c36-b9a0-bc432e159917
66034985-65e9-4ee6-8410-3f559a20bb94,AmEx,6024db99-8889-4933-9a5c-d90d6edef383
1d2200ff-5db9-479e-bdc1-c1d15e1a3c98,MC,7af4f202-12a5-42b9-a995-7656f813946a
0309fdac-3ef7-4498-8f02-ef3231565d22,VISA,977e5361-eaa0-4ffb-ab84-eefc4a6196d9
5ae8bd4a-d353-4671-a785-c720153365b6,MC,c12483f0-e932-4622-beae-71fa3adfcf83
afcbf3e4-f32c-476f-b6e4-9e7bff089a9b,MC,c5a25912-1130-477a-bb61-23650c57cded
dcfa753c-059f-4410-b234-b5d42917a025,AmEx,43463142-d6cd-4dfb-9552-cd5bceb2b2b0
075204c2-6c68-4356-96ba-f7ba32b9e408,VISA,1a7c195a-4dda-4853-a81e-b13e9ca2a565
e57b9800-3216-44a6-a2b5-44f3d014312f,MC,3ff8289d-913d-4463-9a97-5c0e7063bf05
f0ad3c4a-c943-4796-be89-d23e1373fb33,MC,eef905d8-e6b1-4772-a9b2-6f5e680635f5
3b006b90-b94d-4837-b323-788f86219d5a,AmEx,ea363521-bd14-491e-8ef0-2bdafd7b9753
4ff370d0-8502-46c0-9ee6-848f043399bb,VISA,be85a83b-680c-4459-8703-b57401e4ee37
8a521554-97c5-4cdd-a992-cb2ab842905b,AmEx,2f0995b9-9023-414d-8c20-e6ab9f24bff1
cc783884-5847-4637-8770-a0f599927c3e,PayPal,49974098-be36-432d-bc15-a4229e2e1d30
4e4b5d0d-e1ad-4189-8f6b-69344693ff23,AmEx,a0d64f7b-4942-410e-a27c-2d3ce37ad4b8
e3a9ac60-9697-47f6-b662-29ced194f901,MC,9efdb6c1-40f5-41cd-ab85-e695c9d1e1c2
d46c40d7-5d1a-4534-8ae6-22a16a3f87c9,VISA,04162ffb-c5c2-4356-ba13-3e19ff72f684
bcd5358f-b2e3-4635-a866-8355fa32c03c,VISA,1582e630-f271-4f55-82ce-265409aa9ed8
d65c9747-0802-466c-ba00-ebdf9dc0425e,VISA,392bdc38-dbbc-4f41-8b98-1de585ec2938
27467bf7-027c-4e92-bb2b-0cdd8848ee57,AmEx,b7f9ab6a-e9ff-4d99-b6cf-590d6e9a768f
99dd50d1-4eb8-4a6f-8ef2-f43ace1c34c7,MC,bf8b61e8-174d-4995-ac72-e8857704bbac
9fe54f5d-07c9-4c95-9dac-715bbafff89a,VISA,7df88233-a298-4e81-b7fc-47bd1c264b31
cc71058b-8d64-45e0-a308-4363c458b419,VISA,32e2a966-52f7-41ce-87c8-cb1cea8cb48d
770f12d9-0c74-4938-b1c4-ba00778ca21c,PayPal,76cb80a6-7434-48cd-86d6-8239d9e73d4e
4dd0a59a-5834-4643-a7ed-7943c3bf6d48,VISA,1e1a51f2-edad-4053-9d0b-717857258e13
67d96545-a291-4c5b-8f24-c63a350b2a52,PayPal,5559c573-3588-4477-8fb8-c72cbe973536
26cb191a-a2af-47c7-872e-7c5d0e3050a1,VISA,099840f9-6c8f-4ac5-a95f-9ac0102e234f
48a11a2d-427d-4cea-983b-4a14378adc41,VISA,2640c89c-4bf1-4f9e-af6b-1229ab7abe5a
6b95c801-e4cf-455f-be79-875ee12f7007,Discover,9499b03c-b751-492d-9433-33cbc9840409
46818cbe-dbbd-4844-a1eb-f9555b6e8ae5,VISA,d32937f0-ba73-4c6d-99c0-0ebf8b957fbe
f5ac35d1-3399-4d51-a564-a649c2c679b9,MC,5bc320c0-5334-466a-896e-276501be28bb
041cab0e-b716-4b4b-9853-14c318a6fe4d,VISA,4ee017c6-2214-4e0b-be57-e7c2da6caf2f
05fb22b2-040d-4a15-a7ad-abdc3cd9317c,MC,7cd0285b-963e-4f6d-9de2-3b4d57273e4e
7a3dadcf-aa6f-4789-8fa5-7eb03fc95d3d,MC,46739943-4b5e-4963-b087-f60fa92ef05a
fc118b5c-40a7-4bf3-b300-c3ebabd7f4d0,VISA,ce7c9778-d074-42ce-ad29-03a8bb91831f
5543466a-5c19-4cdf-9663-38380872493a,MC,49b6e7d3-19c0-4454-8d76-b659effb758e
3a457f36-8816-48f3-9fbe-d3991c96346a,PayPal,aa3d5a6b-48a2-4dfc-a289-80c3840fc930
a86586c0-f01f-4791-b020-0cf19a66612b,PayPal,347d58df-b515-453e-9db5-2cc761c8854e
87dc27f3-9749-4415-8b7e-66a14410549d,VISA,5c87dab9-8011-40bb-a54b-cbd83a9e8841
a0bc1e46-bcb1-4d1c-abc1-7c6e70651183,AmEx,095df7c1-4d07-4869-b867-ba7bbf0f9ed2
d7dce2b6-d0c1-47c7-a0f9-37eb4a6db4e4,MC,c62cb512-8e7c-405d-af38-c90233797cf1
1b19245f-11db-45d6-a721-fedb33c51db2,VISA,3d6eb980-e6ef-48d9-a326-e3f69cea806c
42954d55-03c0-48e1-867c-550704e6aa26,MC,be43d01e-ad35-46cb-92cb-1b4d26266009
17d1de58-1e29-4fa3-bef6-a653d409f375,VISA,e99c5fc9-4074-4f7a-98a0-993024dba0e0
f2f7fd41-5144-491b-bf22-08aa51f4df4d,Discover,f3d530d7-e26e-417d-a823-06016a06a19a
8ae55aba-39d3-428c-bbfb-0f562573a137,VISA,a26e39b5-420f-47dc-835f-ac1cee88b807
d32fe647-166a-47f0-b8c5-d8503a1423da,PayPal,cb7dd63c-b143-47a5-9309-dd555ceca3f8
0494ef56-d815-4c34-b951-0f7274f32568,PayPal,6c7abc4f-713c-455e-8b60-d0bcb93a297b
417f17a4-c9d3-47a3-84ff-562138129608,VISA,337d0213-0947-405d-a598-a0cecc6f6f9e
6b2e6de8-f746-4132-aedf-50feb4b96453,VISA,3c16b8d6-b21e-4bec-b111-2ecf5da963af
cbd84391-78ef-4356-926e-1b5f516758fa,PayPal,f997c9a4-3488-43b8-ad5a-706148b9a110
8072a9af-28bc-46c6-a800-c229ef4f836f,AmEx,30cdd1a7-75fc-458b-8dd5-7d191e1c02ab
ac263381-dc57-48f8-b935-f52f24d03900,AmEx,788b9c6b-0b4b-4655-a5c9-126248b179d9
ab3fa2c1-bbc0-4530-bab2-4af1b2530eba,VISA,12fc5162-321d-4e9e-90d4-9b5aa1c15034
9d3c4d3c-04f2-48e0-bf51-38e513f4b129,AmEx,0c8fa0c4-9f53-414a-b47a-aea73fb1e115
7abede28-a3a0-45a0-a967-c740a0f44734,VISA,d3487087-0be4-4162-ac3d-42de7e8ba077
dc771fe5-6f7e-416d-980a-19aab956ad3c,MC,d6ec4a04-a756-4dbb-86db-be64dfed925c
782b2e88-8b5e-4089-b18f-e0bd27b49f42,VISA,237dfcbc-cb75-4855-9a80-87ef044cdb1b
05dae447-0a74-4f1f-b5b8-7619f2266a17,AmEx,044cac4f-db22-4072-875a-1f22925f760c
4c38f917-f61c-40dc-a7fe-fd67b8263d04,VISA,c03b09ba-5f7d-4874-8b89-1a8e91d42e99
7ab3a237-30ad-4405-ab05-474e1a5ae0f7,Discover,697597e6-1ea4-49be-ae76-d7109eda6b57
b3e08ab4-a275-4cea-a13b-05d82ed9fcbe,VISA,350e1f48-3615-4a06-a359-ea8719e26659
ee5151a1-7d05-44ee-9389-5ec479f13b0f,PayPal,11804aac-bca8-44a2-a3d0-415d6046771b
d433c32e-e4d6-4e14-a0f2-251f8c94130a,AmEx,f14b926f-6309-47a9-9b51-67e40420a349
10d403f3-2e28-4119-b509-72f5004a3362,PayPal,206b70ab-9b32-4f89-b6d0-3d6050973e89
fd110539-c3d5-4cf9-b8cd-55ebfad7ec9e,AmEx,79646fba-935b-43d6-bb34-470a5d5751ef
4da55f15-5b08-489a-aca6-fb012d7b5627,MC,c2b3fe47-c8da-46ad-8219-277434c23e21
df4873e6-a992-4927-bfaf-eee7ac924e03,Discover,553b5e1f-11b4-43c1-aeb0-52dd915ea635
c6d58d7c-dcca-4c76-b846-d1fa0ff5570a,VISA,1aab94dc-9e5d-4732-8874-5d19c344cd94
518e1f59-a46f-478c-b673-8f2889794b44,VISA,e5153768-b644-44a2-b4e3-eb9372ce0322
cd93740f-9cf1-4ec7-81fe-b6ea65427fb0,VISA,56f88750-90b6-4eb8-9d98-84b8546a8119
6f240ce3-dd50-4b67-9b4d-b3f69c1ef63b,VISA,b195275d-ab09-4b99-b1ce-88eca2c54acf
af5ba48b-90cb-433f-a25e-6e8d5b7cf1a5,PayPal,9d1cfdda-0b2e-4fb4-ad38-fe12a43c62a0
7ebdc702-1011-40c8-944a-f8831762c12b,PayPal,ca866759-63b5-494b-9b66-1ec10c218bd8
ab482bcd-4fbf-4501-a791-c28a6388ccf1,VISA,96e107dc-3099-4ca9-8aa8-7447421eb1a9
f6eb5b26-3ca6-45d6-b8f2-334b688f2834,AmEx,ad8e51dc-10a0-4cd6-a8d0-f6cb7181436a
02307725-9230-4daf-9380-f0cd71146551,Discover,b3336505-8bd2-4381-9e99-d68810576b50
c87c8695-f43f-4a81-a6e6-11b842538f9c,MC,f3dc6580-9032-465f-a6d4-78f3d46166d1
f167d8e8-c7f9-4eab-8ea4-ee656ad8e0a1,VISA,c5d78338-c27f-46a3-96ca-27510fad58ed
d3988a0e-f0e9-4e3f-85df-651472c1c633,AmEx,d6f15327-676e-412a-a6c0-c8efc9457115
29d78e66-a4e7-45a2-a830-9c9d2b155acb,Discover,f3c9cb92-152e-4644-98a3-18db1d8ead2b
54fc778d-82af-4e09-9beb-f19ead7799b9,Discover,2dda2fcb-5546-46e7-a373-9aa390a857d0
6760ec41-c5ec-4dc9-9ddf-341e55570170,VISA,db276b4b-3174-4b69-a73b-c953c1dcd09e
a97b13cc-8d68-48a4-8f64-4b348f3d6527,VISA,ff5e7beb-2452-42b7-8d32-1a69b962f07b
950902c3-c499-4acb-87ae-6f14c0f125f8,VISA,e19b9c7e-7ba1-401d-b217-bbfc3ea61efe
376a94a5-b80f-4286-92b6-3609931e7581,Discover,3ffb18a6-a70f-42de-bdf2-fe9e1fcce10c
932a908c-a4bc-4805-a6c9-8306f2597d14,Discover,6d2e9c50-261f-4b8f-a71b-66d5d2b58e68
cade2f63-f4b0-4bb0-a453-1361b35d6b72,VISA,72062df0-6aa1-4c94-babc-06f58fc6273c
3a5336bf-a199-4743-9994-8d1e12c6081a,VISA,93d5f9c4-cd5a-45df-9ccd-ec06de626ffd
cf1afb45-e531-43df-91e0-263b2ab32ccc,AmEx,0e6d6cb0-51df-4ec2-ae56-97a1fea35164
94c42de2-692e-4fb8-ba81-2617e2081bcb,VISA,86819284-4c67-4017-9374-4992e9308a05
0e9d487c-9274-4892-8a4f-c4d6e2a89db8,MC,0aa84ecf-5146-4d30-9581-39b581690ba8
42a44495-8eb5-4ad1-af89-298b6b11d1dc,VISA,31662907-1f44-410e-972a-cb6e6973dd22
2c0ec20f-74ac-48bd-a2cf-98eaba01fc8e,MC,0562721c-9bb5-4590-accb-fd8f01715896
39625211-bcb4-4d8f-b9bb-616074fd2261,MC,1f8a72d0-c200-4efe-a145-633ba302a2c6
d3095367-f8b9-43e4-ae52-8b3ac7d79d86,MC,21d1354b-0179-49a4-b177-38885f33eca7
af0af837-b7ed-41e7-9aa5-68f23ba04e19,AmEx,34dd5b7c-fed5-4239-b53b-692902f5491e
6c693f7d-6ef8-4b64-8c07-043738fb36b0,Discover,1edf4fd3-3301-407d-824a-f916f74011b5
34500f44-85bf-42a3-9c69-76e974f583d1,MC,733344d7-d8ff-41aa-a94a-208b0d41fcfb
01cf9baa-8356-448d-89a4-054973bfd1b8,MC,9a4ea75e-0082-461e-81f8-2d52dd4b598f
ca18c84a-7f34-465a-91aa-b6894ff99b12,AmEx,cd6178fd-57b9-4c63-a715-e6d75763325a
13819b40-61d9-4ed3-ad65-a7feb01852eb,VISA,fab42076-56b2-416a-b6c2-df76b3b76e60
a658389e-4652-4045-83ee-4a505b50e0a4,AmEx,aa98ca6f-7575-45e5-957c-4102e3a98854
2a4af28e-504e-4902-8eb0-4d23a1819a9f,MC,e474a4b0-7de8-445c-8333-77156e0bf51a
9274205a-383c-4209-8e02-59d14904658c,PayPal,39575faf-eb93-4443-8b7a-c1901cbdbf75
3e115a51-033f-478a-a7fe-e236fe185250,Discover,c302f07c-670a-46d9-806c-912a1d6a6e09
af7cb831-c96b-4032-badd-72d9750ceb9a,VISA,91ad25b3-0280-4f42-ad34-415b8a497b7e
3910bfd2-6185-45be-80d5-1f741f2efb32,VISA,26bda658-9e67-48dd-8c5a-28663591f010
fb7de4f4-376b-4992-aec2-8a65c99e53a1,VISA,e5086317-c46c-4d02-bf5b-69dc89bc56f9
ec1202aa-098a-4277-afc6-73fe1d7a6c3b,AmEx,5da798cb-6821-4c8c-a0d5-cc7ff6f1f66e
a15d2d3a-c82b-4f00-9cbc-6080fb909c7d,Discover,35aa7dfc-bc47-47f7-8114-1d60f23f2be8
86bae42c-3e0f-47a3-b11b-44403a33ac2c,MC,e7d54c8a-2e06-4049-ad8b-0bd8f20c349b
62454fc0-97bc-4d9e-9f3e-8f722130f2a2,MC,308f9d58-96df-44bc-8a35-91f6556892cd
fae9e818-aba2-4128-be11-8ecba1a4c524,VISA,97f08bad-3760-437e-8f4d-9e6f9cb06c04
b7a437dd-518f-40b3-b262-d9fb56aeca0b,VISA,04cce43d-d95a-430b-a7e1-1ced0202e8cc
e9b792b0-64df-4025-bef1-fb7f97d05285,MC,ab0b44fa-aaeb-4742-b4b7-1de6b5aa933a
d22f17e4-847b-4999-9d89-da15763a5848,PayPal,c0f3f14c-1776-4353-b834-da73e34ac57a
6d0ef94c-3271-4e63-b464-170cd35723e7,VISA,7c773356-66f9-4481-9fa4-06c0eb62bf43
a854d042-45a1-449d-86f8-7e2630f04a72,Discover,61fa4e5c-6860-4df9-9c79-9b2f1b6a846f
5cd08c39-91b1-416b-9f88-c97bbc2003df,MC,b11e387f-a426-4b52-9b74-870a98d09584
33c160d3-04e2-40d1-8c65-f14f11a54cac,VISA,5f1f15c5-09fb-4475-8db0-0bd99e064bd1
091c2832-c4f7-4d8c-a3d9-5471039bdb9e,Discover,b20519e1-3426-405c-aa4c-607e8f622450
52b4c521-e5c9-4be4-bd81-e38f4f56290c,MC,a62906c6-9192-4b6f-89ca-54e22e1ca038
fafc4089-5bfe-42c7-9b40-d1d229deb383,AmEx,0d02fe70-990e-41b4-ad3e-796fcf8871f8
f1b6bcdc-bd75-4a7f-b883-db2637806274,PayPal,1152a3ca-f8d9-4289-889a-1c0dfddde80f
c0f7fbd3-357e-45c7-a2a4-a7de0cc85e72,VISA,8b412a7a-9437-4041-a626-f7b87f1d9ff1
637237ad-141e-4f87-a63a-3de59f2e656f,AmEx,466bfd5f-1b35-4947-8137-2c99d79c2cab
672b2d9f-1cb2-43e4-afae-0b7841d1a628,Discover,ad748d57-a65e-47c0-a756-1d8e83618cfe
c143be9d-45df-4cec-b59d-9e5d445de7fb,MC,41fe2c80-8964-4029-9bda-b92f512bd0ba
3a18ce44-5e9d-4bd6-b132-178bd045fab2,VISA,b766c8b4-fab9-4e8c-a1b8-a62c063cac1c
f1afc348-ad78-4949-a0e3-ff3143da4c6c,MC,2a112b39-ab89-4aad-9735-274c2eb953fd
bd98506b-ea1b-4ca9-905f-526c63f82e8b,MC,fba3a56a-7f86-4df6-a981-44c0383c8f07
6067940a-3eab-4c02-aa71-256f505d1420,MC,3f6b8075-7f19-4852-9218-764647d8a8f8
2aac3603-3955-49ca-a558-352198c4edda,VISA,6297f4b8-45ec-4096-ac33-d7e892ad7a97
caeca942-22b8-4901-8a23-897463a77179,AmEx,2c2e44fc-801a-42fb-8aba-8fc437b0de00
6178c8d7-bbb9-4e31-8824-91a33ff1fc5f,MC,53082f5a-99a2-4c15-819d-04f646b85836
3e127218-512e-40a1-b8c6-a913d9ea9260,VISA,4fc8e0e0-e0d4-4d69-8e9a-5c25f33f513f
6f5ea116-1ce7-4456-925b-2d7b88f85c3f,PayPal,eb54636e-014f-4335-8935-91c1267515f7
3c201465-8037-4dea-9a8c-450e62f96005,MC,b29e1879-e1d3-4093-b1d8-d5e9687025b6
6fa91cca-7846-40d7-a023-65eab81bb790,MC,63050bff-1863-4729-b846-4ab44823657a
1e37a09e-3a57-4c68-9425-e228cb44f282,MC,d33ef638-e1cc-4c02-8501-0460390e5f76
f1737c33-ba7d-4165-b35c-80f736f3f42a,VISA,14fce59d-38cb-4efe-8625-18d1943fe04d
ee1c0d85-7a63-4ce3-b01e-1260e91e3120,Discover,1944e4ad-aa78-4caf-8713-f693160225fa
374313db-6f15-48b9-ac5b-18dce380c183,AmEx,e3c2f0bb-6071-4c04-b86d-80f3f8e2c4c8
b80a1b11-982b-4c41-956f-e4c358118357,AmEx,bf0d11fa-84e5-4155-a20b-ac837b91305d
5769f6e2-ecfc-41c4-972b-116a942f3006,PayPal,b8425b2a-d61c-4127-bc2f-b023c9dc9949
6c98a293-ce4a-4456-9831-dd3900226ab2,AmEx,c2af1895-e57c-42bd-a6de-cb1c423dbf91
949d0c41-64de-4776-88be-336fa7aa48cd,Discover,4f930902-a769-4791-885d-2052b4ee01a8
15713ea3-4597-4ffc-a444-e496329ce2e8,MC,049b5c24-789e-402e-a92f-ee8ce618cde9
8319e0f6-8729-4767-bb1b-966985deae99,VISA,28fd49fa-12c8-40e4-a068-e757d4ce0439
2fdfa226-226e-46a8-a619-2be2b1472443,Discover,7d55e3fa-6316-4349-b9bb-8d5433f81666
191e0ff2-dea6-49fc-a300-df716e62e50b,AmEx,3769f9e3-f2c8-478d-ad80-9cc5bbd25a7e
bc99bdc8-c103-4814-a4a3-1778d45dd9c0,MC,21423a6e-7413-48e3-a7ed-003a2b0d74d1
48019a5f-4d0a-421f-93da-d0717e6d0179,VISA,78ab19f8-a236-44e4-b3e7-c0d142944833
eb40f50c-5741-46ca-9096-70237fd39f8d,VISA,0a5dd3d4-a2dd-4e2b-b9f6-45b1426be3db
189dd453-5536-462e-a891-c2224433e7b7,VISA,c1a85b06-538b-4bba-a29e-dde87dee935f
95007fa0-cd52-4d14-98ed-885c4dd6991b,PayPal,9c4cc9e6-e718-4b2c-83ee-fb2ef3e32c66
bdd6acd7-1ab9-4042-8955-0ba669ba4590,VISA,6e69d2c7-49a0-4055-a604-d74b1bf5e931
66e84293-656f-4100-aea5-64cd6a69e285,Discover,4b769c24-1d1a-4568-bc28-4bb3da687439
7d81e63f-851b-409b-9c75-832751ba6ee5,VISA,7082691d-0f57-45d4-bc28-f0291d201450
adebebd4-85ec-4a0a-94da-c14a3e157043,MC,e6509a59-0238-4805-886b-f59f5f4b9441
6bf1fb87-a8e5-44dc-9ab2-95f429753388,PayPal,95833bd2-6d7c-4034-9bf7-6d3cd3e0f186
ad8084db-9029-453e-b431-fc560dcf4712,MC,b23fd291-b473-46ad-bbf7-9507f2e03be3
292f64df-9f20-419b-9516-46f229d54ae3,Discover,c88325fe-a16e-4095-a675-d86520988998
cb288093-55ca-4509-a865-a927b77dd4d7,VISA,8ed06233-a844-4007-86a6-1e957e79ad97
5718dc96-1ca1-4ee6-a435-85ac3252d9cd,MC,cd86eb89-a5f8-4de0-b33d-951e3ebaccd8
87b40eb0-5c82-46a1-a3d6-13f38587fd21,MC,29e61255-e379-4555-9a00-cf8ef460e2bc
f874054c-2014-4f5f-8eca-efdd4928ee20,MC,1a7f5615-a55a-4475-af05-eda1329bb6cf
c0a39084-7f23-4a22-9e8e-7ae8f27a3387,Discover,6da4f78d-818b-44cc-a17c-dddfea5d77ed
92258701-ef3f-4d76-9907-df5368f5dabf,Discover,c14d583c-fbbb-493e-a310-338592e9c043
97009b1f-4c51-4d50-acf1-76f592b3f9ec,MC,4547d0e5-d40e-461f-9126-6355418bf7db
33b2f15f-06af-491d-9f04-678e59e1fb12,MC,2bd492d7-138e-40e7-a6c2-81a2294b1fc8
1beac66a-c093-4cfc-88cb-78c2deb3e817,Discover,98d86b47-dd6f-4c3a-af71-13385dc558f1
c824804b-e953-4723-b863-d72bde313d2e,VISA,d1838bdd-2a52-4ec8-9ad7-f02c127d7f2d
1eded8c4-6067-4af2-b2a1-5ac2acb84b38,MC,0819e382-ee4a-4f09-baea-74d0046417db
7f94c5c2-a605-44a3-a13a-bd8a2d7ae038,Discover,155d5d69-998d-4565-ad77-a900dc12b4e1
6f16041d-027c-4c93-b912-1e5a32ec6462,PayPal,3c4bfdef-c336-4e71-8c09-781afabfaa61
d20d92ca-b72d-4ef8-84f5-6a4f627e439c,AmEx,4d9ed7ce-120a-4a6b-a981-3b2fa1467f74
a8047d91-f5bd-4f96-bfe5-9c201be771cf,AmEx,b85ce93b-8546-441a-ba42-154a2cb40f99
d6fa01c7-4099-494f-be58-53703a802e8d,VISA,6fb13de7-b567-4ff3-a6d4-b0b6548abbe0
a89fc462-76f4-44fd-9a91-82afc8c4537f,VISA,d18f0c12-37f3-4db2-9d08-3b9c23f702b5
e2d4875b-23c9-4c65-a971-484a91978597,VISA,3217f51c-9481-4e5c-8567-1c6c80f6ff4d
0da6e41d-e42a-4d94-b5ef-2fe15d9334de,VISA,6b523cde-0dea-499d-b144-b9cf64b67130
eb034ac7-a9a7-4687-8f5a-17fd113b2d69,MC,3b306111-ace7-4070-957c-14806d7999ae
5900f4ec-f061-4263-bb3e-cbe6faf5ae66,MC,c09738fe-29b4-462e-928f-c1fcf72886d1
8c6df783-72b9-4dfd-96ad-f877ffa4d7f2,AmEx,e8fc8e52-8d21-4da3-9574-fd731c2c0a5b
d78628fe-5e65-44c4-a41d-1cbfb82b40dd,Discover,4c3aec24-523a-4298-aacf-af5990a746ca
f8d3d3d6-c467-4623-8c9a-c7ffe1ec3ad3,MC,cccd1b0e-fb8b-42ab-8603-1283d1f33740
d98de8df-83cd-497d-9f8e-d1936a591d57,VISA,a3d926c1-f0b7-4bcb-955a-6629f32e493d
20b77d87-9740-4193-ba55-7a1d6d85630b,VISA,c4d10e32-caa8-46de-b352-59d2a239d44b
6072ebb2-ef1b-40f9-99d3-5a903e2bec5f,Discover,940af471-1a15-4487-a677-11d5cfe17d52
92b15336-7ded-45f7-a1af-7cd0d9e5e95f,MC,b7605218-291e-4637-a2ef-40f17b8ad099
ee6509ec-7242-411f-96cc-863a874c3c03,MC,1ba45002-471c-4cec-917d-1f8b804fb1e6
49613b05-8845-4e5b-bb64-f200118c3965,Discover,ddf0c431-6373-4d67-a915-1d2d8a827372
ba2a2341-7d22-4f5e-8cd8-8fa79fbd9b2c,VISA,b3fe42eb-9e0a-4b47-a064-20bb1cbddac8
ce8247ee-31b8-4637-a523-3028d5dd511a,MC,f48456d7-2784-413f-abcb-7f8311969cd6
7178fab2-a950-46bc-8e40-1e612c032ba5,AmEx,cc0a7d41-afb1-4513-a635-cdf6a7d5b490
eaeb5155-e893-4f50-90a2-1ffa77ac3e99,VISA,4a9cde1e-74bd-4ef9-92dc-3c18a0b5ade4
cfdd6d86-a12e-4588-881a-abea0f5ae582,MC,99aef22b-1eec-419e-a62e-857174f5aec8
855e6540-1cda-4b07-869d-77f59aad70b7,VISA,883ee279-571e-4658-939d-22d90b5f231a
77876e86-ec0c-4a96-820b-d8a6af1955d0,VISA,2be9cc7d-b6be-49d1-b7b0-2951179225fa
45191376-d8b3-4837-b673-7738460239c2,MC,db5c1b91-9bce-428d-bf13-0d35ffead26e
51c2b9bc-8172-4082-acf8-8ff4468da42d,PayPal,d50e0ecd-0086-4328-b67e-0000631fdc86
29bd90d2-c334-479d-afaf-8e10c3149cd1,MC,d0a03bea-4f23-446d-9699-c16e4a0f45df
f0c286ea-a7c6-4dd4-bee7-0473e5184283,MC,18be57ef-1edb-4392-9b9f-4f000c84b9a1
d69259cd-9fa5-43ef-90a9-574a53095767,MC,fde920f0-859a-44c9-be7d-5cc761d02a11
60436650-4918-4844-8b80-c91bd646cc37,Discover,d2c16ff2-6dc6-438d-aba0-38580d8ec39c
98a60f4b-4873-4c5f-b494-555346ac5573,VISA,6fec0353-d305-4035-a7c4-f0d3390fe50d
fc6b0ab4-d709-4a19-8f5a-a13a36f39ece,Discover,bca490ee-efad-4f19-b1c1-3be53df515b5
db1a0680-9f65-4169-8b9a-d4744be1a6d4,AmEx,ebea88dd-cf23-4bbb-bfaa-da03b41623f8
01e0827b-7f5c-485b-b5ea-95ee7c2bf3a2,AmEx,ca16125e-3662-4939-927f-efb1c5fe2daa
1fd05c8b-9862-4c86-88be-2d0d2492e3d7,VISA,36d86d64-2960-4036-a6f7-73a88bb48011
819e58ee-40c4-42a1-b160-3fe79d671533,VISA,566d0be3-a8ff-49ff-b2a4-c4d9507a6b52
dd80e67f-7616-4e1e-813d-3a26ee8d05e7,VISA,da291bb7-141f-4514-a086-17bb5c34dd89
f5a49364-c6ad-42f4-85ed-cc18f9b842db,MC,90107ea1-0a4d-4a26-b7de-3569c3516c1d
21c881a8-97b0-4a4b-b1c5-677bb24af8a0,VISA,57bf55b9-ed1a-4bb5-9128-2a98d146e12e
36ee5098-c879-4d50-bb92-72458c955f93,MC,547ac97f-75d5-4e98-97ff-9035fe477f7b
56409ab3-75e5-49c8-8c64-786d25a04452,VISA,4bae582d-ff52-44d8-8be5-e0b1a03b32a7
9b3aab44-d100-45bf-8aff-009c986743ab,Discover,6e1cc9f0-765f-44b0-a071-c7264fb40d45
75714f70-846a-4abd-b4fc-c23b186e1f75,AmEx,fce252a3-4437-41d8-811d-b443ac60b145
e73b61e6-b6a1-42d0-a692-a8aba91929d7,Discover,cc668e44-a232-4102-a95d-6ddc7a5ca033
04c9a79f-43d4-4a8b-b9af-68198881aa7e,AmEx,61493e38-87b4-4353-acaa-b686b7ee3fe9
b659b14f-26bc-4dce-b223-75575398e792,MC,fba375d5-b184-41f1-99a5-f13f01b020e0
197ce9af-f002-48b9-91cf-fcc7abfb8918,Discover,2faf7dc2-9f38-43c7-a3c3-5e90c2cff794
7d5c1a3d-2e40-4a07-951e-142a9369f691,VISA,a2341b8d-9783-4605-bcdf-b355571f2c74
2a794e77-501c-4926-8a8b-0b2265a2dfb1,VISA,09e24b77-43fb-4522-a883-933ea06306f0
5c4cc75d-655f-40e2-b3f5-272d6e7ef629,VISA,ed3ff8fc-1bd0-4e8e-ae03-cbba12861c2a
6a2a9479-b184-4a1d-bdcd-268c0338d8a5,VISA,a63ac221-8c71-4474-9a53-b140a0520953
4ef7f8fb-637c-4489-a9b9-da3f73b4ecd4,VISA,18f5f6e6-2a08-43c0-8353-0c7a256e2b4a
d05d8256-0831-4c09-89b7-b0c094d39b2b,VISA,1d7e434a-ecb4-4400-87d3-d0636a4de6fc
9e8c1c29-c03a-4eab-87ad-c70fcf7bf752,Discover,3599eb4e-326f-451e-a6e6-6aff20e3787b
164a5ade-fc9a-4ede-8f33-a0e150fafa76,VISA,e9a0371f-0f48-4c38-9cb5-654afc188eb5
9574cf60-06df-470c-a929-714a49783eac,AmEx,e3b0205e-8a85-4ea3-9b38-e97aef92854e
22c588f7-5c9f-4cc9-86fe-3fbe39307d25,PayPal,d98c437c-9b85-417a-a371-4e2da7010daa
3bcdd789-a5b6-486c-984a-79d4e6b93e8d,VISA,1d0c8450-c20f-4ff6-b3f8-f8555eaa9a48
af3216a9-65e0-4bcf-a409-fb41945d2567,MC,f536cd5f-c967-4882-8ca9-f5bb60a64ee6
af5898e7-dba6-4d38-b229-bcba3acbdfa9,Discover,26700935-0816-4a35-8d3b-dcce21898020
ee27bd22-a409-451e-8ffb-3d67e8715f5b,AmEx,5414fc31-40ba-45b5-a4ef-fbd87d92c9b7
815c4dd3-4f99-4572-816d-f7b3102f3961,MC,4f11621a-4a0c-4762-9dbd-78003c85b6e1
5bf53b41-6197-4f6e-8712-cdc043521e00,VISA,15860cf6-7d3b-4449-827d-c73c1bba8692
c38cee31-8817-46c6-bd3e-c01fe526feec,PayPal,04678ddc-b201-4fac-9336-c9054a966287
420cd55a-2e22-46c3-8cc3-71b2a4c97fb3,VISA,6d78ed60-959a-4c89-8886-954782ec7b5a
9c8f2ab0-29b0-40f0-b417-792e8e5d5189,MC,731080d4-9290-4707-b2c6-c8624517ff9d
5e39e4a0-49f1-434a-bbdc-dbeabfcbe101,PayPal,e633d64a-b801-47e1-b432-111a142910bc
416e01e0-03aa-4cdf-ad3e-2eb91c4b3c26,Discover,ba380a96-dca6-4778-9d7c-69779091b04a
1781d62e-f711-4c46-8c7d-d45d3b2f7f31,Discover,ee7628ba-d197-445c-9d8d-fcb6ef9c8a8a
0ef1688a-395c-48a6-96bc-e567deaf9686,VISA,829ba753-823f-4353-bb3b-b20f2a36c6b0
ac7b650c-3b17-4899-8c81-d959300e556b,PayPal,dc7cc51a-18db-4910-8103-6dca6c144ab3
63d141c9-01b3-4e89-a99c-97e37367919c,VISA,4d9635c4-abbf-4e2c-a880-6b7fa2d5c572
37536db0-4969-4fe2-9e6f-3e6eb4f42920,Discover,2454b1b7-b3a3-43dc-9d4e-09f3dc07fe54
f7e879e3-c97e-4d82-a05c-e280ea604a67,PayPal,b7625b3f-0e54-482d-9152-a21bd3b88373
3073c08c-a944-439b-85c1-7c23b3d1800f,PayPal,1d044188-785a-4ee1-9d5c-cc83a207d1a2
a4bb760a-c707-417d-8b01-ef1ef7e24f53,Discover,71b901f8-ce55-4038-823b-897d5fe590fb
4f24d7fd-ed52-4b43-bac9-bf5d0fea5eb4,MC,cce10816-f75e-4a1d-8fff-116b98fe13b0
36635b18-b669-406c-b2f0-c85ed4e903fa,VISA,42273c59-29c2-4ac0-bda2-637a59ea4818
32139dc6-ab38-40f6-8373-7c4cbb61e877,VISA,b051f45a-ee0e-48ee-b8df-ab84f58003aa
03e0d2d5-e304-4e82-a6f6-ed3e9ac1bb92,AmEx,aadaad69-1378-4a73-903b-80d5fe7a661a
93d069cb-78ca-42fd-8b47-0c4c82b3e884,MC,ce39b067-5b9c-4540-9b12-b91b90abb20b
c5a0be32-9014-4d02-9379-ed355f9a51ab,Discover,667bc2b4-8cbb-44f1-8706-b72dc17ba7c7
0d326a9c-0df9-4994-9fff-141256fa9e49,AmEx,7e1f7e21-8c28-4ea3-ace6-99af623394ab
8f04134b-3672-4352-a5c4-0afeb7f26366,Discover,8a50db4f-16c7-4097-a233-855588b00869
9bf6c4b0-412d-4a0b-bcfa-c0732f320cec,VISA,51559712-4ac6-4871-9f71-31e2ce6c3b1b
af1b8f1e-3a21-4df9-9a1a-7c0e10e41bd1,VISA,78d8509e-9a6f-4b92-b276-e459e3862d24
9e3fbedd-1e95-4806-97fc-60aca67a4d12,AmEx,2c73f5b6-2e57-41a3-8475-dc1414914b0f
ad063b75-a09f-424d-a96f-9674d56197b7,Discover,057d703a-861c-465d-a465-487586092db9
e57221df-a870-4b11-9263-3b5265db640c,MC,bdacaf54-aed0-4133-9262-1de832b1a17d
f3c67999-0048-4fc0-861d-ce5ebb1995e2,VISA,8e055b11-2bfd-4332-a921-8e84a0ab552a
7c7de783-51ba-4303-96a0-5087927ae185,AmEx,98b2f93c-6ec6-472a-b6fb-c4396474f103
74a06cab-e1ca-4036-962d-cdeb64c3563d,AmEx,e7710a18-2a17-4321-bd9b-9ae60e2a62da
acbcab79-2c93-453a-9312-ec46e86830fa,PayPal,60cd95c0-0e14-4c3e-a933-d739bf15ed92
77b9d363-0f2b-4bea-a48a-ead6201cf863,AmEx,aa403de3-989b-46b7-a521-4654acf44699
18129332-2a4b-400d-9a36-a2f5ed1a195d,VISA,28b0cb65-d904-460c-b5ff-6a288dad1ade
353b550c-eb58-4b99-b9d8-8850021311c5,VISA,7c5641ea-bb15-4349-af7a-d0b66f4a1136
73acf9c9-a171-4cab-a0f4-98aad1d4c979,VISA,cf10581f-2ce9-4fed-9868-c0dfbed29948
322a0c61-da67-4ec0-85b3-00df76ba4f59,VISA,dfb16c67-48af-4e56-9d1b-1b481b5b186f
4471bf6f-7b4a-4748-bde9-5ab0d4163527,AmEx,15928731-5b11-427a-9ae5-fbddf2de6517
8db3f32b-4a1c-4601-8320-834212750483,VISA,f012ccba-6f4e-4481-a3c7-ad023a9478f4
3401b51c-e151-4ab7-9def-9f6ff923b435,PayPal,13070edd-f82b-4dab-bf5a-2684e563e1e1
340815e6-3e11-49b1-95ce-1751c8bbd6d0,VISA,8d79f3e9-a5ce-4037-85bf-adbbcba1f84c
adf313db-7015-4ceb-9442-806c855a06be,VISA,02397b96-6f42-405d-9c46-2107772209e7
e726f824-5148-43e7-bed2-e334f59e162b,Discover,e1563fb5-6d1d-49b2-8d29-d34583d99012
de0e2976-c82f-4375-b7fb-0f0af0a9716e,VISA,156fac94-f57c-47e2-b51b-73ac0855b990
99488b6c-dd05-430f-bc26-c81a0fbff0d8,Discover,ed95b6c5-2171-4388-9729-29d5ebe516c8
e6d38e57-c914-44c4-b137-a09b478a9cb6,MC,034e64d2-cf8e-4c3d-9c30-9f7c0511ac39
72e5ddbc-718b-4763-9f4d-181f58ce947d,VISA,058875bf-ad1d-49b5-8b89-e258813e2c67
76501d20-5a8b-432f-b6ee-80477a201e7b,MC,8b34076e-1fda-4938-9213-f76e4f947daf
81af6d30-f0ea-41ce-82d9-5e0109730ce1,AmEx,50932a41-a616-4c48-bebb-d56043b12e58
621f305d-b755-441d-b5f5-b4bcebc60f8b,Discover,e3a3c1e2-a4ba-4318-9bc6-1fec858a98e1
e8fdc2de-1b12-4772-86dc-aadbcc53b80b,AmEx,12013b02-ed5d-4ef1-b785-3c05d86bb88d
0d3eaa60-6153-4b3a-85fb-d600fd9afbe7,PayPal,336db358-b415-47a4-94df-ecde6433abe1
84716548-ca2b-46cf-86f6-5f03ae590488,Discover,42105f51-3d3a-4884-b7c6-587f679b5094
8e080bff-6622-4394-b552-ff8c13fbde30,VISA,30f653bf-4917-44fa-90b3-b2c8db75164d
5236bf31-462f-4018-8815-1aee1fa49871,PayPal,b9a4eba3-c749-4a9c-ae3b-303d0a6f803a
b0dce90d-97a4-4378-893b-637404ac15de,PayPal,d5c6c9c7-9198-4c76-956e-66c6a660fe06
e9f4fe06-6d83-48d1-9ebb-40dcdb4fca8c,AmEx,099282c1-af2c-4b51-ad3a-e003e0959831
5af41e50-1e60-4269-a0e7-9916cb441bb4,MC,44a38bde-ded5-4452-a476-22d0d920402a
a2978afd-48dd-4900-beb5-12c43e30e9b2,PayPal,ffd809f5-273c-4bd7-b418-6263f047cceb
577c5f84-1077-49ed-a104-e35165cfd05e,VISA,e9d084e4-285b-461e-97d3-0856d6276a20
0b13cdb6-fcfb-4289-94d4-5360e1c9d539,PayPal,dc37d258-ed82-4402-8bc2-f377ef0b32fc
791b5904-8c77-46ad-ac81-590b9d7a5912,VISA,a20a72c1-cc25-442d-9391-29fc71f3dcc9
94a38477-dafc-453f-b7ea-842a44e94cfd,AmEx,b81639f4-a400-4aea-9dd6-fa49bf840e07
1a977334-b451-4efa-b183-da1bb342f090,AmEx,d60c1a0c-eaa0-4cb8-974b-b997883116f1
e71b7024-8e3c-4d58-89eb-de29f094daa5,AmEx,c879da27-8f09-43b0-9431-3fcac3e46d8c
1382fcd2-f90c-4676-be39-856e5f1a4d54,Discover,49c34409-5afc-4695-9c82-07bbf6c8c15f
ad32833a-b922-4072-a67e-4e5846b80541,MC,49e3b383-a956-4c8c-8e2a-9550b4e3ff7d
741ebbda-a239-4186-a425-f5f9c79fa20e,AmEx,c95c171f-a719-4fcd-a84e-cf3659ead26f
b5add437-b9da-4abc-992f-0af2932caa99,AmEx,0c2539b9-d275-4909-b428-9409cbb57e64
e9b030ca-2dfd-4a2e-bb93-2ef5d6e98c17,MC,1a81eea7-27c3-485f-8e1f-44ee0da1136c
3890e491-ccbe-4ae9-8904-5bb9145736f1,PayPal,d625b99f-8e00-444f-80ea-a34aba57dd13
57c2fbac-27a2-43bc-82ce-fc7897a47ee8,Discover,9cb19a30-741a-41e8-8441-7646903b37a0
a68e38fa-f5a6-454f-8c4e-6a29c083407f,VISA,947e0f1b-d2ad-4d79-b732-88d9e4b32e3d
f1d8cede-a678-422a-9ac0-29e25de50028,VISA,47ea5a07-1ed0-4e1b-a762-6b1cd790b5f8
0cd95abd-51ca-49a9-ba7a-8d56912b1066,VISA,384e9a4c-86e7-4ad5-bdf7-f032d9255eb4
91db6457-1227-4363-9d58-d9aeb565e3f9,MC,90f7ccb3-6446-44b9-92de-e3e4afbdde58
47de3e1a-2800-4fb7-8360-e8b9b61db0f4,AmEx,099412d0-7636-4c1b-b82c-6196253a3810
ee8a6a6e-f7b0-44fe-9018-c9166cb69dcb,VISA,4ac967d1-5283-453a-8a3c-b8bad13b024a
712f5655-1221-4149-b5a8-9854365ee982,VISA,67a1bdba-3005-4788-8542-7002d9a9bb56
ce2cec19-b7f1-4ead-84ae-ca97f1303623,VISA,893d0e8c-ac1a-4b3d-9b10-7efcead6667d
5cd66f0d-afbc-48aa-9050-8225f290a2d0,MC,c0758d14-4828-41e3-ada9-0ee6df23462e
fab25d68-003d-482b-8d7b-0b8a3be06097,MC,79e47e8e-d72a-4153-9d16-b78d1f818465
155eae04-a9c1-4a3d-90e9-d241c89aa53e,Discover,555d7a4c-3b9b-4496-9ba3-35a4f9b8bc8f
4c055ef8-6f5e-4eda-ab76-66f9e842f145,MC,a171a043-f980-4aff-ae99-5c3c7539c4b1
08ffbb1e-78e8-436f-8201-d83db6ba410b,VISA,12ec038a-6182-467a-9663-63243708da3d
c87e4dd9-f5e3-4d85-a6c0-1bd14ab9dfe4,Discover,7b428bed-d0a8-458d-a38a-dd424533db80
e2d9e9be-9e0a-44f2-87e1-e120d4109e2f,MC,93728006-aaf9-48f2-ab6a-1e54d1b10193
048bad5c-b7c8-410e-8ec6-d725857f6973,AmEx,d91be350-adcc-43fc-aa4a-e258f60962ee
b1115a52-1c01-469b-a31f-f737c98ef2c8,VISA,dc171f69-2ef4-4d02-b159-ba6b03aa6a47
6ebaf800-160e-46c7-a3c2-71a26fa25951,AmEx,34ac053e-1223-4015-a324-a9934d61f7ca
5a77b0a8-7343-4958-8919-234c41e1fb07,VISA,4d93678e-a275-46c9-b9e4-24668f392680
272a5fee-92f1-4b04-8b03-74cf34434117,VISA,8e499f05-1d7d-4c8b-a9a7-6b13287d1d8f
481dc58f-4665-44b7-8f76-5daaa5335135,VISA,989b3664-05fe-47ea-8bf4-7c0469951b8e
ca2c9adb-47bc-498a-8401-38e0a440459a,MC,d6800d54-04f0-4083-91eb-b1915d214dbd
b7285748-2391-4ac9-8cc5-b5a1cff642ec,Discover,c87ba403-0e00-4cc2-9cf1-dc8de8b23661
efc17156-d975-4c54-8bb6-3b8f17f228c9,AmEx,5bac73ff-56ed-4e67-95b5-e6c6b03a72d8
41bcd178-5966-44ff-8151-cb40d48f4459,VISA,697dc2b1-e635-42b5-ae2f-ab872416b313
d068c50b-2251-4f5e-90fd-97445fc9b31d,Discover,7489b089-7ea3-4962-87a8-7bb297498828
bf077331-d7c2-4f67-b2ff-2a7633b65224,AmEx,40602d33-730e-4b82-93b3-cff915983200
71167ec1-26ec-4687-9162-8e5419b33700,VISA,b4d2d3ca-a253-4d5f-85c9-56883f84afa4
bb90b5bd-591b-4189-99b8-caee011424ac,MC,bdc20d7b-8ef6-4728-b56b-b0830c8f110f
b67ce911-b25b-4b01-9392-eea2b7478d98,VISA,34cc43ae-1ff3-4a41-8de0-d93e0fee340c
acd756bc-fc07-4426-ae9a-e34bbfdcdd3e,VISA,1cb29567-4ad1-49b9-8ad5-998015758f28
c11ce1e8-6e55-4f62-b7a8-46dc18477bf8,VISA,62dae63d-5c89-414d-bdad-35d03c98d7b3
2267fd43-b6b6-4517-a849-e3f44d6e3bc7,MC,47fafdc9-ae25-4319-bb4c-3f1068be5b1c
6bc3329c-418c-4f3c-842b-d0724d95fc56,AmEx,c23d0b68-fdfa-4464-a64f-218fb9792970
77dc2bf8-466a-46c4-a2ed-eada158f654a,VISA,ff25c2ec-aa6f-4ebc-bea9-8af8bcb53994
7b65880b-3175-4646-a3e6-823ad68b19c2,AmEx,0bfc5b34-71a0-42fb-96a7-24d5a9a31fbe
9e4c828c-85cf-40fd-9594-67be254174fb,MC,2b77190d-64df-4039-8a58-ae8e6cd603cd
60013126-7999-4113-bf4d-d841c562950b,VISA,277683b5-5335-4eff-99cb-82e182be65bf
ff6847bc-8afc-4609-9e1b-7d90f4fb37c1,MC,bed91667-7d18-44ac-8117-0b6a8774ecea
42686f04-6e32-492a-bd01-f29e79338abb,MC,22494ac0-1eb1-4c62-a07d-7179798698cc
6fda6aa4-7e4a-4cfc-b25b-4ebae2ce295c,VISA,df019be6-1ce9-4cf5-9cb8-d3ae6e17607d
d3d9d344-1135-4f62-bbca-dfe85b1ec0b0,PayPal,ffb3e7cb-ae55-4782-b3d7-7e484f3a0396
5a65497b-cc8c-4638-8813-650d6fc43440,VISA,b04b0049-9aee-4ea7-bafd-85917b471b06
b4c17b56-81e5-4937-b80f-cbf55279ac6e,AmEx,3a9aa5c5-3200-4b7f-a263-c4477d369376
4e7e8c4e-7bfb-4269-b003-e6ce830b5d3e,VISA,d185d98f-d715-4e44-b0b3-fb35f85aee75
3c417bd8-567c-417c-a36f-3b6d95aa77f5,AmEx,4ac9efc6-a9de-4893-bc76-2b883f5182fc
f9101bc1-6af2-4a9c-bd46-875d8f87fa61,AmEx,e5cc2aa2-89d4-4eb9-a23b-8edccdd38ec4
17795de0-37de-4046-929f-95f01ed03b92,Discover,0d2744fd-7b39-4409-9daf-1cc57decb4d8
098b5a1d-8ceb-4a08-8efe-dcdc215cb56c,MC,05811efc-a670-40af-966e-5c559e72db20
1f5fda5a-5e93-4cd9-9887-8d7d13e4cf74,VISA,44d30c7d-a9ca-494f-ab88-5d233e1df8ee
448d655f-713a-448b-a1d1-b2dd364fdd1d,AmEx,709d0ab7-c35d-4e25-bef5-f93a5cd0644f
d2a6d719-5518-4c75-b7dd-512a7ea18925,Discover,b419fd3d-dad7-4149-82f0-15833971a0e1
c91cc2aa-ed6c-42d2-8f1a-21c969e790be,VISA,ae8e3871-c6f2-4009-ae5c-02437fa73ed8
811a6d4d-b9c5-44f0-97f4-cae40342d35f,MC,1857cbdf-a748-48bc-b874-408f323e9321
463a4f7f-157f-409c-9749-a9f334fd3259,Discover,6643a923-6b9b-4eab-8952-f44e4425a78d
78d97ef9-fdb9-4b4b-8415-82a4054c8cfc,PayPal,3624becc-24c5-4105-adc7-1f30881c028b
aa12f7eb-3b52-4682-925f-0f657cdf1de8,VISA,d1840478-ccd2-49df-abfa-aee7f4f47b6a
4c39e989-4532-42de-b731-d79bf7b9df79,Discover,d85611b6-1e03-40c5-b745-dc56c9e1e4f6
3677d807-e109-44e9-94ac-30cf15450985,VISA,f20fcd63-34b6-4e19-8b06-da0671bc877e
aa6345cf-531c-4bfb-afea-7d9a03e0b49e,VISA,6fc2ca4d-d033-46d8-bdf3-d6990566a572
e272d7f2-8031-4bb9-b70f-63b40b375a9d,VISA,1a24b889-04b2-4e19-aedd-6d7a6f194123
39d72016-0d1f-4acb-9b90-d4ced4a1475a,PayPal,8f49c126-d463-4caa-8194-17b6dc32df6d
6dd00197-f1c8-4985-ab36-204ddd867568,VISA,49c24a9b-3ba7-4912-b86c-4656e2bce5cb
8a336adb-32c5-4772-af9e-68b94799f87e,Discover,44050359-8723-4d3b-8f19-1a93d17c945e
b79e8833-0d92-4131-9249-e3bbff74425a,AmEx,910faa1a-ebf1-42a4-8090-1c7295929a18
5aa9d60c-b1ee-40a8-ba23-25c9af040a5d,AmEx,425160e9-8f7e-4611-aa53-e0fad8f2f1ea
677b1ddb-510d-4249-a8b5-c907185c34d3,MC,726521c2-bdec-4bf7-82aa-1ac50685b0a6
44226f35-1994-48e8-8098-a31500451950,MC,b38c5769-0073-4ee8-a9b5-8197271a0d59
624f76a7-0be5-42b6-af3f-f21c1bf0c18f,AmEx,ee8b5550-6e9f-4c9d-ad25-0c15b9cc49e2
4c542c4e-7ee4-4a78-a3df-a148a7fa9c44,Discover,45e43f18-cb6b-4c67-ae5c-9e8b25a3b803
886c44bb-fb64-4563-b66b-cb1394966483,PayPal,ab03f58a-b234-4da4-848c-872786ae3382
ce521fcb-5e87-4c81-9fcb-e5f9e470a2dd,PayPal,928b6fb2-760f-41f6-8ef9-3fb7c75b36f2
58249c33-99ef-4226-a32a-4d54475aaf76,VISA,4554b631-f8e7-4f40-afa2-c352530cdcf2
27a87129-ed8d-4365-91ca-a5184ef007ea,VISA,0a143609-4fc9-4bca-8630-b854ef11b8d2
57dfebdc-06c1-4986-a617-d3f4376239dd,VISA,9725e9b7-b218-434c-bebb-72437cfe37c3
3163bc53-ef54-4949-a8d0-1dd12ae1ebbe,VISA,5add6a71-6971-411b-a278-8057dbab6ea5
2f849107-e857-43cc-9930-268b3f3f03f8,Discover,a20ff003-0d33-434e-9f05-db0a453f118d
ac68ec9f-eab3-4ee5-a080-9c440d559869,MC,fc7c585e-03e0-49ec-a42e-d6ab652f60bf
a755ed00-5ec8-4a10-a5ce-c8eecf37186d,AmEx,717e972c-3f39-4a98-b6f6-43be7d3cc7f1
2875bf9f-7096-4640-ba90-fadf79e6ee34,Discover,1cfb7c90-5a7b-4cb5-8146-ff6004b9a31d
6f36a4ed-262e-4a40-9df0-83287f85c0c3,VISA,9f44849b-6626-48e1-91c9-601adb952d0a
b943abd2-363b-409e-b258-85a9192891d9,AmEx,0ced1849-6ebd-4ca6-8610-85203b51dc88
558213f6-8b24-44e4-a281-071bfa64c360,Discover,c1964eae-e284-4992-9aeb-b00669a6401e
89d56fd7-1701-436e-97b8-4250280bc13f,MC,9e9cf2d1-294c-4606-8c8e-447f03f06f84
bffaa051-5fd8-4e61-b055-8ea3abd75130,AmEx,0849b33a-0d86-4e2c-866f-9486108a16ee
a9ec20ec-2191-4437-b57e-9b1f71bf9786,MC,ea601cea-eff9-4946-a7dc-1a38f293542c
397c2885-44dd-4261-aa10-1fd494555fc5,VISA,841b2d87-c7bf-411c-9a3f-0478413c0ae3
805624f9-b83a-4d3c-ae75-e93300090d4a,VISA,a3f6e4da-0781-4794-80c4-305c950d483c
4448dba5-1bb2-4be2-a5ab-39cb58e4e57d,VISA,285a4037-e983-4525-a4c4-4260aec0c19d
f8092155-ae3f-469b-870b-6b5f5ebaaf3b,Discover,9e533762-b22a-41b9-a1d2-4536c830ecfa
defbe81f-2dfd-4985-aaa0-dc06cc0f1c25,MC,9463b5b6-fd31-473a-8f37-67d9e8d426e9
77ecf9e6-418a-4c2d-ba44-18751d6bbd1a,VISA,65edc3f1-32f8-4f73-9856-dc8b33bd6528
7dcb849b-be8a-4159-a421-e64913c012d6,VISA,44a2c40d-2f38-468e-996a-03cb29780dd4
eb2ee5cd-fd98-4f88-9005-d32a5053d06f,VISA,46ca5682-3466-4937-bbc3-6c80f27aeffb
cabede91-ac8b-47c0-947b-ecc0ddd272cf,VISA,4c1033f3-4bd1-4ab3-99d4-453c24921994
264098ac-3b4c-431d-a1af-186a043c5515,MC,707af7d4-3c1b-47f6-8dfc-6a73a70c236b
633fbfd4-ab0a-4c40-9f23-260629dc0be9,VISA,b6cfcc02-4932-4fe4-9148-4cb9f0dc9abb
2ee7efc4-32a6-4d8e-8abd-a132e82f647d,VISA,6b22d9a4-da2a-42b1-aa88-2f8a6c1d69b9
04e2c693-8abe-41f8-9c2f-3c8a5b9b0710,Discover,dd6ba00a-5471-4e90-b2cb-80d6b85f1687
1808c857-095b-4d82-b53a-38f0c8176046,VISA,d4706f30-7314-4b14-a8fb-dc9a7cd189df
8cde242e-64ee-4b97-ad57-628208115b3a,VISA,92f0dbe7-6558-44c0-9191-0494cbf364d1
c5e28090-08b8-4796-936a-cac181b0d311,VISA,35be38f8-a0dd-487d-96f4-6979294aedbf
35fb2cc8-ceeb-4ecf-9053-39cb32492b76,Discover,7b87fa0e-9c4d-43f8-acea-f2b6112e8d7c
617bf2d7-27e7-4b99-801b-88ab26fbc37e,PayPal,c0bead5c-45ff-4bf6-bc19-caa7bea10c72
d7fe13e0-b34b-47c9-8848-d19f1d8bb154,VISA,519ae8ff-6d0a-4462-b67d-b841d6ebb043
59c9705a-601a-4a2e-8a48-f8296bd0fe41,VISA,e8ccd0dc-47f2-4613-8bf9-f003e87d301c
0d80fe36-c042-42dd-af6c-6970c5d0d5b7,Discover,d7c5395d-2064-4b3e-9cd0-0228525f2f4f
28c02f7a-8c11-4c06-a2de-bc7b3f8e92d7,VISA,5196da04-ca3f-4fc0-9269-b087c7dd741f
0fb61e8d-0cce-43b0-a41e-d5604e81767c,Discover,1b5077f1-3c6a-45de-984c-c240c8c07c1d
e9248b1c-3c82-4511-a641-e0e07ebe4448,VISA,2d9c132c-ddc0-4c4c-925d-a34f130cf919
afb51eef-f777-41ff-863e-f112f770d8fd,PayPal,37c3d18d-a2b7-4c77-b994-de0a5815e8bd
d31d0c13-3073-4aac-bb20-8eb83c1ec961,VISA,c195a6d9-539b-4eb3-b330-70fe0f4c9f18
c9d49229-ca43-42b4-8b95-0728ca0301d9,AmEx,b9ba67e5-16a5-435b-844a-71fcc05d96f3
1d048095-1b4d-43c7-bbc0-b905a838ec23,AmEx,cf5b9e56-7e9d-4c0b-9d0b-2d137a58061d
dea1d642-a32d-4952-bc23-f6a96e3dd9f6,Discover,94ffb117-2af4-4b18-917b-e1abdc488423
6d57ebee-3af0-42fa-aa12-6cd1a6f3dc5e,VISA,882d4339-f998-4c61-8e54-378f78ddf123
72f81957-fde4-42c2-a02b-04eab2ac4e8b,MC,cd08249b-4cc0-42af-8c35-fcd666341426
3615cbae-92fd-4c37-b19b-d957630da82f,VISA,19d46c14-95ef-4d2a-b80e-69f81badacc3
3c4d084a-5607-4ea8-ab80-48f516a66535,Discover,6fd8d14b-3f57-4cb8-9b89-fa57859c1b61
0d52e361-a06c-408a-b014-0ebda0bc70a2,VISA,a2ac92aa-f741-4ea4-a9c7-ba89abf96050
84ce9214-cc49-462c-841b-5f758f9f8277,MC,d5661189-0eed-4f91-9575-a1059d96f1c2
7c1263f4-aa6f-440e-b07e-430f4eda729b,VISA,4a306a52-b94f-4320-8026-364222410512
2a89052e-ad34-493a-afba-fe963eafe444,AmEx,fb0b07d5-b97d-46eb-ad74-d4ad8f9a5ac7
76051066-1063-445b-b17a-ba0a84753a80,MC,a90331cf-95bb-4867-a8d5-82d56fb8d1fe
87ba3c1b-e7f5-46f9-94f5-2ab1f982c4ac,MC,37293234-a8cc-474a-abe5-525b1fd35559
b896887c-cebe-440b-a6e6-9020c28692d4,AmEx,d6b0be62-07f0-42a0-8afd-6005b871e59a
ba5370bc-aae5-4b8f-b023-bfd7bf871c9b,MC,e18b56cd-9556-4061-b118-7fc887b48069
a67fa6ae-c6e2-4c7e-854b-0f98b8344127,MC,e5ba0d02-e3c2-465d-919c-3f52d29db967
f68b3d72-f6f5-469b-b53c-e0fe4d8917a8,VISA,a10b3758-90ca-4782-81b1-374852fd64ad
041cec56-91a3-4b3c-98ab-e7a5bf781c8e,MC,a21b44e6-8c90-4b89-8830-eb65db70979c
5661b4f7-e4ce-46cd-a0d9-c0416172d78a,VISA,66432790-a16c-4cd5-ad19-419ce0e16ac2
0ac17861-d805-429d-8640-510c0d956b2a,AmEx,161ed6e0-fba5-4a8c-a8ca-f5ab6e317435
031c18a8-3432-409a-9d58-d8421bb68140,MC,3bbb1232-f1b2-4529-9e79-948a45dabca5
0dc3919f-fb1c-4ef9-bd9f-504328a30d8c,MC,34c8fb5b-7a2c-44c3-9515-56b21fc5e9a7
26b8953a-e8e0-46b0-bada-31da2731d978,Discover,e56370b0-418e-49eb-8624-d21c5129b1c4
3e4377d7-0f73-4d7b-80db-caeb4b657c92,Discover,223f0fa7-6930-4f0e-b484-76986a8cfe90
7717addb-18e0-40e5-b3f5-d688eda28906,MC,8edac555-f081-439f-a9f3-6d578a776d1c
54a064d9-bd2d-4efb-bc5e-9e24b1fc8945,MC,8f6b2aef-71cb-4c52-bc47-93b6eca9f919
b7275101-6ed2-4da4-887f-d005e0a10e63,VISA,ce47cede-3d0a-4658-bad6-84d9f6af965b
c8aa025c-c791-4758-8173-78262b9054e7,VISA,a37e1cb6-c014-4512-80a4-d8be5adf85f5
155a850a-f4e4-47e6-aae8-631b9c3a1a54,MC,3b19097b-c171-4b2f-a1e7-a0a2b52c5502
19291726-395b-4404-bccb-652abdf527ec,PayPal,df20ef94-6895-4f27-8053-309a3886db67
02e065f2-cb13-40f4-8dbf-e3fbc0e66f06,AmEx,eb0bf9c3-fdfe-4a96-9bad-7ac14cb095f6
151213cf-5466-456b-be1a-a3b78db18270,Discover,a28a8f4f-bed3-4122-a190-b0a105eee89e
f6b5e004-effd-412e-b128-9f96399fcfbc,VISA,e007f404-e56a-4964-9930-720eacebc33b
f998e242-3bb7-4614-81e4-ade1f04e37cb,AmEx,9a6a358e-d79a-4518-90f6-36450b3dcf6a
dc02c38d-1a3d-45f2-a09e-cc7cdb9ddb9f,Discover,298ca81a-3c25-4cc0-91c2-3f2467faad3e
d3613c56-0194-41ab-b9f8-cbb67a40bde9,Discover,210f36d3-80eb-4dba-936a-4d2e7f24f057
74d43648-f9d6-4118-a6b1-b51af4468e09,Discover,8565b24c-28d5-49f9-ac8b-a827a56cee5f
fe520e60-4fda-4426-8d7b-3c34e8f36093,MC,e3ee7ca2-fb8c-459c-aac6-c89e4fe873fa
c3c8ae3f-44ea-4edd-bacd-0f2c55b4bfa4,VISA,6c1d4bb2-70bd-45a2-b8f8-c255c754743a
ff7a5b0c-60c4-4a07-8954-87a60ddbd9a7,MC,e22db745-0cdb-4e34-b6a0-445d16cc4f39
e2a1a010-bd31-444f-8d2d-8537e52052b7,VISA,e982628e-33db-4e1a-953d-3eeb58458b3f
a5b876ad-564b-47be-b9ec-15c992dcaadb,MC,7265a3c3-000e-40c4-be79-b29897c01827
8b79dfb4-8683-4b7e-9bb5-e58800534266,AmEx,867a6269-b9e2-4e7d-8f89-3c638a1ffa13
e4f50131-54c3-482e-beee-24257a1776cf,MC,c39ba1be-680b-44a9-b5d4-1f719c733a15
787ffb83-9276-473a-a042-7f730992f5c4,AmEx,826d6560-b941-4f14-a8bb-395d4f9dab6f
aade5d54-7f30-4043-909c-6f8476dd52d1,VISA,7cc3b5c6-cc67-4fda-926b-acbec95c4ada
7dfd2ebb-8bd0-4a37-b525-95f55140b29b,VISA,9f336562-fdbb-45ae-a64c-d4042ce48e2c
dcf796c0-3267-49ab-b3cd-d792806f9f86,VISA,e60c9273-0584-48f4-a348-6030225f718f
70a9f45a-e11d-4805-9a0d-3f927f56bac2,AmEx,18808941-e9e4-468e-8594-c4a89fa5596b
8231868e-4fe9-4aac-89ca-bdf330019730,MC,f44dcb22-f0f9-450a-b871-312f6b043378
ea8e2604-67f4-42de-870b-51271bc961be,MC,976989a1-3656-44b2-904e-f03c48f21c99
28249b33-db45-4753-8c3e-ded4675bf6b8,VISA,29315fca-8c5e-46e9-a9c1-d312a6042b46
126ddf79-d599-42b9-a7d4-c40aae4cfbd3,MC,5ca77987-3e14-4e28-a622-079ecca05342
13e29e78-1ec5-4997-b3a8-cb1e5257c4b6,VISA,a6c4032e-bc0f-48ca-a1e4-231f78a2888e
da068302-9369-44bd-9ed7-4aaf87636e2d,MC,66c7d825-6fc0-43e2-86aa-ba01efd844ec
51410044-f186-4236-ba7f-034f1e9ee1a4,PayPal,6422c3e7-5401-4f08-b972-41af1c2e6b9c
c1cedbe7-83a5-4f12-a2fa-a01e28d729cf,AmEx,49860320-70e4-4331-b2fe-252ad71c594d
3abcafc8-e84f-4099-8d4e-ee7b4f7b1b30,VISA,517461ed-1580-4b47-8413-bfbaf11b7ba4
9bab95ee-c49d-4679-82c4-495abe2a4de1,MC,12396b65-2a33-4a13-9473-d9a13c4bc106
4a2e0fed-89ff-4096-b232-324853c4c574,VISA,e125b819-dd67-42df-a01c-84efec4d8a45
e16c03c3-5c02-4b42-ae0e-d2f6cbf4ca00,VISA,d9eed323-f2c2-43f5-87ee-84102d2fbd4b
cbe6d39f-abe8-4caa-8eee-379a663b5b55,MC,cf8dcc41-685b-4fc0-9048-8760cfad5cd6
412f5d48-f36a-4e35-840d-0de48dfe72e7,VISA,50009311-fd71-4587-ad39-a27506d53ac6
b3d411ed-c6d1-485b-b28c-d6c6084104cc,VISA,cae7bc4c-6e7b-48d7-91c1-b9a3e849f8ff
4b851ab4-c79e-4c16-bcf0-9c1722e4a026,MC,aa1f9e51-a535-482f-ab83-b51be028b56f
407cd142-1cf6-40d2-b0e4-24b73003e05d,Discover,b28a89dc-4a1c-4396-9923-15c7d151794c
df51b3c8-682d-4fad-ac5c-bf8088ee7712,Discover,f4d5584c-9a7e-49e8-8171-5bc171347a93
fbd4bb86-ce1f-4fde-9d36-439a3d8e7e10,VISA,87577542-b5d3-4fa0-92a6-593d9717eb4c
c0976354-1432-4f63-92b2-e0b0a6e7a4ef,PayPal,8d03d82a-00b5-46e2-bf03-e65d983971d4
9896fa4f-9116-4d00-ad55-70ec302d829c,VISA,1bc4338b-52f6-42a1-8acf-56bea2dee9f4
f4a8ce93-344a-4f10-b6e2-5e7ac87bbe1a,VISA,62ad0dc4-81ba-4d7d-ac4d-cd068a11a422
895e5925-a9b2-444e-9532-1b2e7414cc06,AmEx,43535c73-5ca3-487e-846a-950d3f5fe02c
09d0d4ea-70c5-4fa2-8b0b-72d7576cddee,PayPal,07da6f64-34d3-4874-b987-8e2839d844dc
5126831e-b8b6-49b0-97c5-16312264aaa8,VISA,317aee20-6032-4606-a8cb-e225fb2d6b46
20505aa1-801d-45f6-8406-d787cafeed12,VISA,8dad1fb1-8adc-4ef1-9177-ec526345ad3d
8210561f-dcf1-43b1-bfdb-2ed96cfad64f,VISA,12cc2613-fda3-4477-93c8-c03be15a5564
23e3dc4f-1a3a-4307-becf-e77f5968c885,MC,ab392cac-2566-4752-9616-16f41ff49aaf
3ba01273-7b41-45ed-9710-cba0e1196ba4,MC,cb954a34-8e2d-4273-9d1b-a7260e6227fe
8dedc3c6-4630-4395-b267-c31668bf683d,MC,eb0fcc81-8486-40e7-9e97-9f050f1b507f
ea6cfdaf-b423-40b2-979a-0e8f4c64c0fe,MC,9c497fcb-fc83-48a3-bd9f-ab2f4eef3c4f
bdf69042-94ea-4c18-8a34-98cb148a41af,VISA,b40dbe3c-6d87-42cd-971d-a284b9dbac04
325b49f5-ac30-4a32-99fc-777033e121cf,MC,197534b8-d2bc-4fd5-91a1-aa1bcbb24196
e817d57e-e0d5-4067-b980-3181794c2665,VISA,3315685f-da89-422e-916c-31e7cfc8e9f3
de7bed79-72ea-45e6-b3bd-c195082fa03c,MC,8632989e-a412-40d2-8c5a-f05dd16d1bd9
15645705-2efb-47e4-94b2-ac3515c0e9c6,AmEx,95ce8f62-7d4a-4cec-a8d0-49a83ed58ce5
e9aa9468-cec4-4c16-a0c4-c23830039cad,AmEx,75dd448d-51a2-41d5-b73e-ca960d01a9f6
6ac58b11-e73d-4b72-b2f3-e7551c6bd23c,VISA,e5bb23fa-e0b4-460c-8b75-5cb793812f82
d238321d-9287-46cf-b401-398744510c43,Discover,6baedcf1-6183-4183-bf95-dc77af6a29f2
f2b60086-56b1-4736-b6dc-503a6ad0bac2,AmEx,1298a514-96f5-47a7-80b6-664e9f7c0030
d7b237d2-ba84-4c45-812d-86e34ef465ba,PayPal,90ac9dcd-dd57-47ab-9002-4296c33c5766
a0a85243-415f-4e6f-8425-0a868ff74d54,MC,1c1464c5-b641-44fd-90e9-aa395d5ad7f0
85126e49-a9ef-4cba-82fb-5050d55fd4b1,VISA,a70385cf-a273-46a0-b176-dd9e73e03337
fab6204c-fac6-408e-8d27-2dc6947b1ac5,VISA,a479df97-860e-45c8-9686-6d0536a673c9
85bbfbe1-0bfd-4c01-8266-408f5a40650f,VISA,fc71c6e1-3575-464f-8907-fa00017d0c58
0859b2bc-614d-4de0-b22f-2c497b5ef031,MC,2abaa79f-0cfe-4cc2-a687-5938de4f4763
39822459-fbeb-49b7-bece-b5d3839baa13,AmEx,73d9998e-1419-4d15-8b13-28afc2828c0d
4125b1f1-727c-4556-bb5c-d4f5c58b0706,AmEx,24cc8d03-4cd5-4182-9003-a7f7ec1ec803
2eb7291c-7a78-490d-bbaf-24d203f6dd3a,MC,624ab2b1-3b61-4268-9c47-710b650255b5
850915df-742f-44bc-9e3d-ab347f884f9f,AmEx,21519b8f-f554-486c-8f0c-ba02d2ef7160
22e0507c-5b51-469b-bb53-5825ee1a37a1,MC,56f99869-ce90-4032-8514-2c80eb37eb6a
4438ee50-60c1-41bb-adb4-ae065ae5b7b8,VISA,4bbd154c-5a8b-43c5-ae20-b5893de0a3d8
e160a4da-fb2e-478c-98f5-e6de32012468,MC,afd49626-29e1-4548-b89b-35a8a39c8064
e1441150-9338-429b-a5a7-85df25063ff1,Discover,0dbace7f-41c0-4bdf-81af-cd7789a72ac0
865cc4b7-8ab2-4cee-9bf5-c4dbcc39b85a,MC,31cf2642-d9a6-4588-a721-a4753561dbf9
5ee49356-55dc-405c-8d2d-d2c3a4a705fc,VISA,e7fddfd8-23f0-4073-aa23-e61d93dc5e66
83f0f4f1-122a-4734-b2b5-0104ea8d0f3a,VISA,cab22187-46b8-46a9-9ddc-a9aaed4a7ce6
949296f0-1ad4-486c-bb89-b8e97b2f9576,AmEx,52949a5e-1c55-4dab-a05f-3f80ab754123
62424bff-a619-4eaa-b729-ec9f6da955d7,VISA,cc0ebf7c-fe7c-481c-8539-e418ea0e2a95
8d5292f2-9cfb-4264-a885-549c807f4824,VISA,f687e117-522b-4e2c-9f74-82b6085a27a4
224399af-be34-4535-88a8-37efa23773d7,Discover,6cb8cb07-aeb7-4de0-a0a4-902c12a22e4e
d4b6f73d-9adb-46fb-9203-2e7a27832b4a,AmEx,7db10a22-af81-4e9b-a3d5-3cef93940579
eae33c1e-2039-41da-8537-0aeb3823a4c8,VISA,e2b85afc-90df-43c8-9e01-068ee0a7ff90
1f4f5f03-b5ec-4431-b101-a964f8134ccf,VISA,ea620cd2-df2e-40aa-8a57-cc126bae34ef
11c13a8b-8615-4bd9-bb9c-9dfcf0ee2304,VISA,0bf05e98-fe3f-46e6-a5d7-57c3c78cf87d
80225291-26de-42f9-8cc7-b6233a94461a,VISA,01f09d84-318e-4d6e-ba66-daff67c99903
84f72d8b-1994-4519-ab36-09269f4f9426,VISA,d0e468eb-7563-4dd9-ba61-029a4a88e86a
6291c591-53ab-4c60-8219-7a783be825a5,AmEx,f1b2ee0d-0836-4cdd-bb4c-5e5546363fe4
ff4e90c1-057e-4818-a22a-31bcec8fff00,VISA,110e8117-1ced-49a2-9d9e-7e7d845d3f2f
595be90e-6cd2-44dd-a31a-f73fcbbabf89,VISA,1e33acb9-3399-44dc-aa68-2ed79f687a08
38034ca1-5327-4075-8b61-7c08cde59fa0,MC,a2887214-cbf4-4dca-a532-0b2110e45dcf
05d12336-7c38-4eb9-bc15-abb0863bc46d,VISA,bcdf6484-1b47-4aeb-80bf-c3b051675d68
38af38a9-1c53-4866-931b-6baeaf2cfcf9,MC,1cf6cbbc-648e-4cc2-9f04-a2cc2e35f634
a1c3ef41-93c5-4e89-8694-ea106763ebba,VISA,1293f16e-e903-4cb4-af0c-53195cdbc8cb
24e0b5e4-f819-4e12-bda5-0d2fa3f19065,MC,9d1fdccc-8446-4e61-8f6d-df081119d69d
619b5dc0-a886-42b0-a2c9-268c5b7ebb57,MC,71bc5744-f6dc-4d4c-b39d-b9d643c09495
c3513c4c-acd8-4ade-99e5-908709846b57,VISA,50a1fed4-8bb4-44f9-b871-c7973bbce508
8d4cd468-0a63-4b13-998f-92b671afd09e,MC,21c22978-3d87-464a-9d35-e051625cc06d
5b0a0a59-aea5-4788-843c-c2c9ca240a59,Discover,4b397266-6a17-4ca9-8806-792edae65a5e
3f8cae9d-af29-42e1-80f6-26efb319e9a0,MC,bc6e147f-8cb0-4037-8c01-ffbd0f4043b9
4bbe17d9-be8e-495a-9b87-3100063b2caa,Discover,dddc7383-b049-4e31-989d-c28b26916caf
ea8adc1e-236b-4526-b5e9-1a0c497e9221,VISA,de517be3-f8e0-4d8a-874d-57458fb31802
90c6bb76-6ba3-41d8-ada3-3d31f6774e63,VISA,d56deccb-2179-4607-af43-40b9265f6f6e
52d24225-87fd-469a-af55-6660e9ad650d,AmEx,6593d39b-4a8e-4c75-a7f5-2ae3603348fa
1e7c8d12-db2d-4d0f-989b-cccb73a4601b,MC,91376499-a543-4f1a-8d38-828a893938a9
14307921-9dfa-4ed1-aef8-516ad6cdc152,VISA,ed4077e5-8adf-4117-aedd-c999520a53d1
f711f9ef-5bcc-440c-94ff-45af38e77302,VISA,e00417fa-5d22-471f-b40a-20b8898c4695
3f3bad99-f92c-4442-9a61-b1f71f52d203,PayPal,53ca0b6e-0645-4fac-aab6-c698004cba67
9cdbc0a4-bf5f-4197-9fd0-72eed2b00cdd,VISA,3b6e531f-ed7e-4ce6-ae0c-8b054bbcacad
4d0b8dc5-3c60-4f42-960c-de6c4596385b,AmEx,44401695-8a3f-4e27-adb8-444112cf13fa
d2b24de2-e597-4d54-9fb9-e7368140b0fc,AmEx,4b61a68f-9dc7-446c-a6a8-bc7fcaedb557
b7c7bc08-0bbd-46c2-9968-b23dc4f61d1c,MC,2b556447-7f85-4765-a2b9-f3402d3dd109
9c91d92c-700d-4fc0-9deb-b56665dbdfdf,MC,6268c891-3cb4-4e1b-b825-c1e293f0f014
db3aef17-f2f2-4ef0-8e36-b6af42784eec,PayPal,4c3bc0c3-5934-4a99-9a86-94c21d825581
ea60f2d7-f17d-4988-83a2-700ccdbedea1,MC,6066c409-4782-4c15-a781-39f012bedfc1
6f04eb64-fe50-4909-ac36-d614c8143e43,AmEx,19296383-eca9-4a15-b4a8-9f7fad6438ca
a8cd05cc-d7cf-42ef-99c6-02fc9dae3d7d,MC,7dcbd9ec-0a57-4ed8-a1f5-bece66c1c59b
4ed9412c-976b-4d0c-90da-074bdeab5852,MC,42caa9ec-3f8e-45ca-8741-03f0a716aff9
d3063738-c1a6-435c-8439-6fa15c1d3596,AmEx,5911da03-b6f0-425c-971c-f469cd4c678c
9cde2af7-b24a-4300-aab8-ec59006b73ac,MC,668dc4d0-b492-4a7b-8360-fee852c3d78d
95e9a2f7-f666-4c65-8349-ee1f62e454ac,MC,d35d10c7-c9d1-41c6-9f4d-b33f53f9d7a1
601c8f17-5f77-41e3-ae50-247ed8ebf86e,Discover,652ac617-5d56-4e0e-a486-4e861b5bf0de
0dd07e17-4592-424a-9855-fb91fd210c28,VISA,ffee05e6-9190-4b50-b9c6-d4c47aa9d842
a0c81371-e767-40de-bc13-2faa6a4373c8,MC,6233635d-2eab-4ed1-ade3-5022e7ef1307
c2c61490-a83d-43be-ab2b-d3f34c64c674,AmEx,aeec9d0c-d52c-4f4f-94af-0921220d8315
fe2f7e47-e9ce-4ff7-b666-53898f9efd8b,VISA,eeb3ad4a-35a2-48b7-b47a-bc7f3bb12746
6ff5cfa1-a3f1-4ff9-85f6-957ad6c8bb58,MC,6c959aee-d5f0-44b3-89b3-7a5518d172c9
d85900e7-11de-4bae-95c8-c98b6780677c,PayPal,de5f7d86-6edb-430f-b5ee-c887731b6a28
e861a272-76c6-4c49-8c19-b676d086c519,Discover,673a7e92-ab5c-4e55-b8ad-12159cffd881
67776aaa-17eb-40ee-8034-9e7006ad859c,AmEx,81eefc36-6441-4936-90ee-6274ec56cdea
7fbd93ec-ac79-4784-9744-8bcdeaa3f701,MC,3a7fe319-9e64-4b5c-a627-3a6c4e09637f
abe35807-730f-489f-9a16-93ecc9c3c460,MC,1a72c3b2-1a1e-44b9-bfa1-55941e379aa8
5f6b0ef6-e4e9-46f1-bef5-e3b0376b48f9,VISA,f0d3af52-dc1d-44b1-8610-692e80aa71d8
63a1afb9-a1b5-4c5b-808c-6edae7c05557,AmEx,c17b8220-0bd7-4582-9d21-ca42fd12e170
83a2595b-b986-4aa9-a78c-cf7c72fe19c8,PayPal,9f787b42-53d3-42c2-9eac-7c04c0f4093f
e2b7d67e-7da3-4be0-a871-9f1adb9c8e12,PayPal,1a51ae55-252e-47a6-84ad-dd4955462592
9f9a85ec-b659-4025-a5b6-6cfc7b8eacbc,VISA,2c48970b-66ea-42df-a4fd-8068fadc3b29
63c5461d-72f3-4c4e-969d-cd75c5e32162,VISA,abb68fa9-0ace-43ab-a781-9c932efd7ca9
c6510bc5-94a0-44dc-8ebb-d4add07023dd,PayPal,f52d15a0-5b8f-4c22-b9f2-19358746660a
b1d646c8-4806-4478-b84a-093a9c0194c0,MC,c9aeaa3e-7556-4896-bb52-a1118b8a6b8d
95d17016-a5f7-4cf8-b3ab-06d9b028ca43,AmEx,7ef4b07a-e3a8-41f6-a386-0a1992651f52
25dcc05d-4376-4791-bf29-90b39b3ce130,VISA,9011b7ce-2c00-4909-a555-300a75a13867
9b1a1c48-3d14-4e81-96b6-dc21b20064cb,VISA,ebb17759-8ce1-4b11-b88c-2db2ce40681c
b1eadf3f-64e9-4ae9-97a6-db565290f936,VISA,8bb2b8c3-5435-4cc7-93fb-828fd65897e9
66a0f1d1-9e8e-4878-bcfc-51b48ca15607,VISA,97e7f954-e19b-48c1-aca2-814e2261b819
7c3fbb1a-7514-40d7-999c-ebe4fc876fe8,Discover,665a1e56-2c27-4b7d-8d21-9a0c2f065cc9
035cb172-6c61-4491-8bc7-2f2650ac1d3b,VISA,b3a452a3-9fca-4bf9-8b8b-b037db8bcdf4
278a9bca-be14-49b1-b3e0-9345c9ef70e1,VISA,9476c050-93ca-4f65-9c1e-a3a06008543c
50fd395d-80e0-410b-a4ff-bca3f4e04b0c,VISA,149e2181-2a3e-4aaf-ae59-efd594c086ba
90dd7bcd-17c0-46ea-9820-f3a80deebd1c,PayPal,143fbf23-ec68-4d91-817b-abf589ad6c04
ffc5cd7f-74e6-4488-aa1f-01a1c43ae113,VISA,8cab91d2-0f09-4aa7-b339-71a66debdc05
ea4ddffe-f2f1-4542-9a89-83134d3bea93,AmEx,62b73d0d-7bef-4b61-bbb2-7c61e8dcd686
a2d493d5-f0b0-46ee-a780-2d3f8ab9262d,MC,d0ac680e-7982-4d35-bc66-9c67b993d409
8f7cb722-fdb0-45de-9eaa-7a95a302fb42,MC,a9a51f6b-9049-40ce-9a63-70a46d15348a
69812696-6464-4a56-b449-3efb072ddd1c,MC,0498f61a-a3d4-4f7a-a1e7-24ccc051afcc
32a561f9-bb2d-4ddf-a16e-54de7ed9c2f4,AmEx,4e3a05da-849e-4917-8029-8258f3b40498
9dcb8def-9b56-49b0-b890-611c5f95b8d1,AmEx,821cfde5-4e94-4461-856b-71c68ea1c4b8
eb70876f-a6aa-4667-9960-d4a263b8ab1b,PayPal,7bf5cd47-fd51-402b-8344-a8ce1f01c0b2
254e5550-50a1-4275-aee3-405c8a81cfbb,MC,f6ded8ef-6636-4e7e-ad5e-6335a5777c82
feb30eef-4c42-4021-8971-f7641f103ae3,VISA,9510d5d1-f0c6-45bf-9aee-918874981dcd
15cfb665-506e-4011-99c5-b45e50109a9e,Discover,924b464c-8783-48dd-b7a6-03e41d2e634b
af502d77-e0f5-482c-9608-a2b5d1b9c035,VISA,d4566bcf-8a46-4eef-8e93-903c4be38cf9
4db859a1-3149-451b-b651-38b8404f2df9,MC,3f435e58-cc88-4183-8030-d5c045b8d0e1
e285bc47-6c67-46d9-946e-7ceb1ca025b8,VISA,a180cd60-a8e0-492d-ac74-b4eb739f0dcd
449a1ab8-d443-4bf0-9887-38bda84b07c7,PayPal,ba92db16-fa25-4292-8db4-56a17b956780
cb7cebac-5255-4a7c-95c3-56f5e95d49e3,VISA,da5f514d-00a4-4792-9a92-3736385604b9
26f9b7bf-ee2d-478b-9a76-937c47778fbe,VISA,3dbfa7e0-5f31-431b-b911-f9e4ea7fa39b
fdae0075-627e-4635-b6a4-89ef9adc31d9,Discover,2f7d2d6b-4438-4e6c-ab76-8e1388e696e4
084a8149-8a65-49e4-9a22-ed3e2adce6d0,VISA,e2dae711-3abc-40b6-8389-bd9b2ad2f502
2b93cb30-5ae0-4031-8b5a-c72e229019f5,AmEx,97d13cbe-705e-4d98-9cf0-553facdc9573
5db16b86-891e-4cd2-90b6-044618d20427,VISA,03ae5006-1840-4dd6-b613-53cc578951ad
582fb23c-2703-41a3-8362-d8e7c7de02cb,MC,e2eda75d-e6b6-4978-80cc-95920afa9a9f
b4c5a0df-a2ac-42a2-a846-46319a088faa,Discover,a18744b6-59b0-4f8d-8502-847f2f96532f
7a3cd130-3fae-4892-86a2-ce0c5e778878,VISA,2f269e1b-397b-476e-9a9f-fc5d03740ffa
48f348b3-5fe2-49d5-a09e-8dfaff0f4f93,VISA,5acd416e-268e-4a05-aae9-246e4a14e324
1dce69af-de18-442b-a30c-e28dcc78702e,VISA,82f476ec-87e3-4a06-a93d-4b48d1aedd2c
db181c39-1e21-45d8-913f-4efeb7379c7d,VISA,712276d9-7dee-49e9-9460-95d855b6e5b4
a74d6758-82eb-43c0-b119-2818d87bc910,PayPal,eb16a1e5-582f-47a4-921e-388c8f393e86
f2bdbfc5-2f60-410b-9ca0-2930052bde79,Discover,2c164d51-dbe0-4b10-93dd-3cfad567c2f1
24f6a253-eb1b-469a-bdea-b8da4bf37ead,VISA,88130061-346b-4eaf-8a02-02b67f485261
15d2fdb8-e503-476b-b13c-128ca060635f,AmEx,c082d697-4947-42e0-9752-68185a387d7d
5da7386d-1953-4d7c-a264-130e42950c12,VISA,f137a09f-fe04-45e9-a61a-293b63200e18
dad9f718-6e39-47e1-841a-31b3be6f6dd1,VISA,601ff3dc-024f-4840-aa30-4384b87b6d1b
3e5eef1e-ed95-4fe7-9008-5ee0afb23ae4,VISA,2623cf2d-a828-4665-b562-0b521ec14f2e
90cc1451-0cb3-434b-b241-7f163e0b2b88,MC,52c800b9-1c05-4d92-9288-ace5cafd58e7
764b7da5-729b-471f-9cb4-3f29d02d62b8,AmEx,0642c120-3d6f-4ed3-8418-7a0ff9f4fa78
39f4aa13-43c6-4880-94cb-3a9dcd27af17,PayPal,6ae0bfcc-1b36-46dd-988b-4625b1c05f8a
80fefa38-5bbb-4b37-90ff-12306ad2586c,AmEx,e0e35c52-5e33-4698-b7a5-bd6c06f96635
4f167a6c-6432-4b9e-bd57-cfb689e59c86,VISA,3b1e6332-67a1-4560-8439-a02dc84c5b67
254965fe-0ee0-4294-b3c6-ac54f0aa0b93,PayPal,07a16a3f-d43b-424e-ab29-233c3c8740fd
b03c1649-ea1f-491c-9df2-4cd588a095c5,VISA,3748eea1-fc7e-4e30-9973-34b0223189e2
089b2ce7-ab9a-48bc-b3f3-1770a840d5c9,VISA,bfd48634-6901-4020-b730-30b5e1af6d02
add57422-ea3b-47a4-b5c8-646a904bc308,VISA,d50ed144-4228-4afc-9e3d-de748bf1c64d
c27992a9-8d40-408d-b717-1b7e448d1002,AmEx,47dbd2f9-4071-49ce-8154-a125495630f4
80dde3a1-0079-4f99-ab32-64ed2baac98d,MC,80d7c2de-9ed2-40be-930a-ada04b0e08eb
50ebc3b7-0a7e-4a50-84ec-002424dc8422,VISA,7d4cb419-6e28-4aac-8e84-56e94ec0f2cf
38823b29-e49b-45fb-aa5f-6f08c93b970e,AmEx,5bbf3bd9-1b1b-4a54-978f-e51a3ff8d238
8e4c4dbd-bd2e-4f35-ba1e-6def93745160,PayPal,4c7e84ea-c765-499b-81de-bab0cbe085ed
9f187877-095a-411b-b907-7774a1558b9a,PayPal,43b7c9f8-146a-4e97-adaf-5d5a9ec160a6
110929c3-21c4-44dc-8d74-ffc2920bdde2,AmEx,58c10a70-7828-4ff5-9cb7-14edc7460067
3d344460-c581-4f86-bca1-18364fb3fd20,VISA,91ccb3a6-dc6b-4ee7-8928-59bc2cc92e91
d98e110d-883c-4b60-bd45-2ff2b98a9e3f,VISA,07f9253a-7b00-40ec-bb6e-e6bbeb64b65d
93838f4e-e22f-4c77-a85c-75bc5f556602,VISA,cdd4a9c1-b55f-4318-8907-3534fb71fb71
f0350b54-2afe-4f0b-9daf-2e216b22d892,VISA,f38abb15-adb7-4d9b-9920-85e25f22bb29
c219d146-e0da-4bc1-b2d3-3b0488089f27,VISA,ef47350d-1ea2-4ccc-be16-9ddebe4a81d3
6e6bc6e1-e948-48bd-9251-9013ed078194,VISA,27259993-a39f-4ebd-9e3e-e80f1b53ac0b
51abc1bb-cee0-48db-ae31-ac14dc96ab84,AmEx,c93792f5-2530-459c-8a4b-02b8f2462a09
92057434-182f-481c-bbf0-ace31e293ac8,VISA,161d348f-1389-4bdd-a289-a4c4798bf07c
d8c2fce9-b852-4e16-a467-438a44a30d5a,VISA,97784ee8-0957-406f-bc11-79f78e82e89d
430f650a-f0ce-4ec3-afac-4247304e3dc4,VISA,36f8b186-23e7-4372-b877-2b1c351414ad
181f7cf2-7668-4f90-9a76-490036b212fa,MC,96452b04-2959-4f86-8c9b-e3f1c47aeaba
f1b67894-3803-4812-87c0-7db2056f79d8,AmEx,69cc10a5-a60b-47bb-a156-436ef3f57107
a1f3a920-0f42-4973-9ee7-e624e63a5316,MC,105b342d-5d78-4607-9b4d-bd869af976b6
d70d13cc-d97b-4758-81f5-9a9c9cf9f14a,Discover,1ab368d3-b6d4-4f74-af61-b4b18d3a9feb
8bebb526-2a38-42e7-8591-97665fe00c1b,VISA,4d6abd35-d8a6-49c5-9f7d-bfdf5f86c36f
cda9d699-a082-44db-8e7b-f7ab113d9b4f,PayPal,b1ca9b43-a372-4d04-8e32-79f398b18a72
6a450fed-953b-4cb5-ad39-caa91547b7c0,Discover,8aabb402-2d58-4675-8063-70cecde6e86d
0c549e28-d3f2-441f-857e-0191b90a97a9,AmEx,300d070d-38d5-4ffa-be2e-a2914d7fab46
ae46cb2e-bfec-47a7-98dd-955846f363d1,AmEx,2bf6ce6c-154b-4e0f-a2bd-f38eafd261c9
5a66cb88-bcdb-4aa6-9dd8-9f4b67144f97,VISA,fcc93ccd-47ff-47eb-a24d-2b986eaf5e57
799bff31-009b-49b9-a278-0fa8a1a08f9c,MC,5d7dea1b-2bd4-48d9-8b4a-df9474cadc71
c09d3bdc-f16a-4eb6-bc0d-8d8c2bffa6ff,MC,2180ce87-5bfd-4030-a4a9-5e44bce00162
248be5f9-91de-4eae-86b2-911ee81d95ad,AmEx,4a460b39-c633-4fc3-bc2d-c8ab88e10d72
d33dec80-c355-4cd3-a077-ff928a38e65f,VISA,7e47457b-4677-4d35-b1ca-dc63500abad7
cea52de5-b2f7-43fb-b4d1-dec4abb59551,Discover,18c0d151-26df-4131-ad54-560fa71e5519
36dacb59-37b0-4c4a-842a-6501581b041f,AmEx,0b746444-60c4-4b9c-b71b-b4f8bac12e45
90b79978-996d-4e54-8a2f-af1ce9f544d2,Discover,7503566a-7a61-4051-83da-1a484ae91227
9973f215-9503-4ee6-84fc-8b60585fd2fb,PayPal,71215450-5506-47f2-86b6-9421fbf2cabd
c2645017-2813-4c2b-acb3-4fd6b77be09d,MC,6ad577ed-dc74-4c63-a5e6-a5d05713bfbb
d79fca75-755b-42d8-9d47-3bbe4f7d51ec,MC,8f212d83-0d35-46ae-b778-31aedea5174d
387b3117-4185-41f8-9686-1f0c65175d24,VISA,920ac9ba-160f-4f16-bf43-4807b13b4f50
d37c5e9c-3ed4-426e-a797-511b64314e05,AmEx,00d79b8b-7b95-4837-9fec-87fbaf974df5
953bb50f-e556-43df-ad5c-1a4e1507f0c2,Discover,f02cbf01-813e-4e66-8438-1df5ab227665
600e49cd-cbbf-4d7e-995f-6840bf236a2b,VISA,71f45376-9b42-4739-9ace-d854022fc393
36dd82aa-aa22-4245-a618-751304fc908e,AmEx,bde96170-77a1-46af-8168-bb8a900fb4ea
e117c344-d18e-4cda-af45-b50174a9eca5,MC,c23ca5c0-2329-485d-9177-1de8a46cdb36
864f6ca6-e621-441e-9099-10a4f68c2fd9,MC,689c5578-9917-4bac-86fb-e811ba64d67d
ee6596e4-f120-4b58-8227-f3aeffb0fb44,AmEx,61227510-fb68-4546-9182-5fad481f09e7
878af8bb-4d36-4354-8460-6accdb1c5773,VISA,3f05a8d3-e949-43ee-9018-f38bc571db1c
c5efbb58-7fc6-4895-8679-d7bfb1a5ddbe,MC,af11e2c4-2c7d-4bf4-a809-2f713cc0533d
119c53cc-4578-4550-80fd-97f8a57e1560,AmEx,5978b019-0153-4066-9396-a4ffe9919610
b1be3ed4-84ce-49c8-bc51-2f3e43ec8116,VISA,170803bd-5500-4dbe-85b9-03ce2f7932b7
592bf534-23c9-4d71-92ff-18691c18d0d4,PayPal,256f0c16-ab39-48a4-8307-2189d0ec6f51
dd4cb89a-a6db-4a34-a9cf-e7d948ebb587,MC,fabe9c51-988d-4b83-a15c-a4709a7aaba8
cbd14a3d-3e47-4fca-ac2e-0b10ab332ee8,Discover,dd21d0d8-faf3-442f-a09c-b3151040b222
3d9d540b-500c-4884-b552-06161f85f73e,MC,6cbb54ba-fbb6-4b35-bb9b-66b59fe91932
